candidate_row,protein_accession,source,structure_id,auth_chain,metadata_status,mapping_records,mapped_options,mapping_status,structural_eligibility,protocol_version
1,A0A087WRH0,AlphaFold_DB,AF-A0A087WRH0-F1,A,candidate,35,35,mapped_options_quality_pending,not_assessed,0.1.0
2,A0A087WRT7,AlphaFold_DB,AF-A0A087WRT7-F1,A,candidate,6,6,mapped_options_quality_pending,not_assessed,0.1.0
3,A0A0G2JDS2,AlphaFold_DB,AF-A0A0G2JDS2-F1,A,candidate,6,6,mapped_options_quality_pending,not_assessed,0.1.0
4,A0A0R4J086,AlphaFold_DB,AF-A0A0R4J086-F1,A,candidate,7,7,mapped_options_quality_pending,not_assessed,0.1.0
5,A0A0R4J0H9,AlphaFold_DB,AF-A0A0R4J0H9-F1,A,candidate,9,9,mapped_options_quality_pending,not_assessed,0.1.0
6,A0A0R4J0Y2,AlphaFold_DB,AF-A0A0R4J0Y2-F1,A,candidate,13,13,mapped_options_quality_pending,not_assessed,0.1.0
7,A0A0R4J1Z0,AlphaFold_DB,AF-A0A0R4J1Z0-F1,A,candidate,14,14,mapped_options_quality_pending,not_assessed,0.1.0
8,A0A140T8U8,AlphaFold_DB,AF-A0A140T8U8-F1,A,candidate,13,13,mapped_options_quality_pending,not_assessed,0.1.0
9,A0A1B0GQY9,AlphaFold_DB,AF-A0A1B0GQY9-F1,A,candidate,25,25,mapped_options_quality_pending,not_assessed,0.1.0
10,A0A1B0GST9,AlphaFold_DB,AF-A0A1B0GST9-F1,A,candidate,3,3,mapped_options_quality_pending,not_assessed,0.1.0
11,A0A1B0GSZ0,AlphaFold_DB,AF-A0A1B0GSZ0-F1,A,candidate,2,2,mapped_options_quality_pending,not_assessed,0.1.0
12,A0A1D5RLX6,AlphaFold_DB,AF-A0A1D5RLX6-F1,A,candidate,24,24,mapped_options_quality_pending,not_assessed,0.1.0
13,A0A1W2P7H6,AlphaFold_DB,AF-A0A1W2P7H6-F1,A,candidate,8,8,mapped_options_quality_pending,not_assessed,0.1.0
14,A2A6T1,AlphaFold_DB,AF-A2A6T1-F1,A,candidate,7,7,mapped_options_quality_pending,not_assessed,0.1.0
15,A2A716,AlphaFold_DB,AF-A2A716-F1,A,candidate,17,17,mapped_options_quality_pending,not_assessed,0.1.0
16,A2A7F4,AlphaFold_DB,AF-A2A7F4-F1,A,candidate,89,89,mapped_options_quality_pending,not_assessed,0.1.0
17,A2A863,AlphaFold_DB,AF-A2A863-2-F1,A,held,0,0,metadata_held,not_assessed,0.1.0
18,A2A863,AlphaFold_DB,AF-A2A863-3-F1,A,held,0,0,metadata_held,not_assessed,0.1.0
19,A2A863,AlphaFold_DB,AF-A2A863-F1,A,candidate,67,67,mapped_options_quality_pending,not_assessed,0.1.0
20,A2AAY5,AlphaFold_DB,AF-A2AAY5-F1,A,candidate,7,7,mapped_options_quality_pending,not_assessed,0.1.0
21,A2AHD1,AlphaFold_DB,AF-A2AHD1-F1,A,candidate,29,29,mapped_options_quality_pending,not_assessed,0.1.0
22,A2AIG8,AlphaFold_DB,AF-A2AIG8-2-F1,A,held,0,0,metadata_held,not_assessed,0.1.0
23,A2AIG8,AlphaFold_DB,AF-A2AIG8-F1,A,candidate,12,12,mapped_options_quality_pending,not_assessed,0.1.0
24,A2AJ88,AlphaFold_DB,AF-A2AJ88-2-F1,A,held,0,0,metadata_held,not_assessed,0.1.0
25,A2AJ88,AlphaFold_DB,AF-A2AJ88-3-F1,A,held,0,0,metadata_held,not_assessed,0.1.0
26,A2AJ88,AlphaFold_DB,AF-A2AJ88-F1,A,candidate,24,24,mapped_options_quality_pending,not_assessed,0.1.0
27,A2AJT4,AlphaFold_DB,AF-A2AJT4-F1,A,candidate,2,2,mapped_options_quality_pending,not_assessed,0.1.0
28,A2AM80,AlphaFold_DB,AF-A2AM80-F1,A,candidate,7,7,mapped_options_quality_pending,not_assessed,0.1.0
29,A2AS55,AlphaFold_DB,AF-A2AS55-2-F1,A,held,0,0,metadata_held,not_assessed,0.1.0
30,A2AS55,AlphaFold_DB,AF-A2AS55-F1,A,candidate,15,15,mapped_options_quality_pending,not_assessed,0.1.0
31,A2AVA0,AlphaFold_DB,AF-A2AVA0-2-F1,A,held,0,0,metadata_held,not_assessed,0.1.0
32,A2AW67,AlphaFold_DB,AF-A2AW67-F1,A,candidate,32,32,mapped_options_quality_pending,not_assessed,0.1.0
33,A2BDX4,AlphaFold_DB,AF-A2BDX4-F1,A,candidate,16,16,mapped_options_quality_pending,not_assessed,0.1.0
34,A2BI40,AlphaFold_DB,AF-A2BI40-F1,A,candidate,4,4,mapped_options_quality_pending,not_assessed,0.1.0
35,A2CI98,AlphaFold_DB,AF-A2CI98-F1,A,candidate,17,17,mapped_options_quality_pending,not_assessed,0.1.0
36,A2RSY1,AlphaFold_DB,AF-A2RSY1-2-F1,A,held,0,0,metadata_held,not_assessed,0.1.0
37,A2RSY1,AlphaFold_DB,AF-A2RSY1-3-F1,A,held,0,0,metadata_held,not_assessed,0.1.0
38,A2RSY1,AlphaFold_DB,AF-A2RSY1-F1,A,candidate,11,11,mapped_options_quality_pending,not_assessed,0.1.0
39,B1ARV3,AlphaFold_DB,AF-B1ARV3-F1,A,candidate,8,8,mapped_options_quality_pending,not_assessed,0.1.0
40,B1AT66,AlphaFold_DB,AF-B1AT66-2-F1,A,held,0,0,metadata_held,not_assessed,0.1.0
41,B1AT66,AlphaFold_DB,AF-B1AT66-F1,A,candidate,15,15,mapped_options_quality_pending,not_assessed,0.1.0
42,B1AUH1,AlphaFold_DB,AF-B1AUH1-2-F1,A,held,0,0,metadata_held,not_assessed,0.1.0
43,B1AUH1,AlphaFold_DB,AF-B1AUH1-F1,A,candidate,34,34,mapped_options_quality_pending,not_assessed,0.1.0
44,B1AX39,AlphaFold_DB,AF-B1AX39-3-F1,A,held,0,0,metadata_held,not_assessed,0.1.0
45,B1AX39,AlphaFold_DB,AF-B1AX39-F1,A,candidate,22,22,mapped_options_quality_pending,not_assessed,0.1.0
46,B1AXH1,AlphaFold_DB,AF-B1AXH1-F1,A,candidate,13,13,mapped_options_quality_pending,not_assessed,0.1.0
47,B2RUR8,AlphaFold_DB,AF-B2RUR8-F1,A,candidate,12,12,mapped_options_quality_pending,not_assessed,0.1.0
48,D2J0Y4,AlphaFold_DB,AF-D2J0Y4-F1,A,candidate,16,16,mapped_options_quality_pending,not_assessed,0.1.0
49,D3YVV3,AlphaFold_DB,AF-D3YVV3-F1,A,candidate,4,4,mapped_options_quality_pending,not_assessed,0.1.0
50,D3YWE6,AlphaFold_DB,AF-D3YWE6-F1,A,candidate,12,12,mapped_options_quality_pending,not_assessed,0.1.0
51,D3YX43,AlphaFold_DB,AF-D3YX43-F1,A,candidate,14,14,mapped_options_quality_pending,not_assessed,0.1.0
52,D3YZF7,AlphaFold_DB,AF-D3YZF7-F1,A,candidate,14,14,mapped_options_quality_pending,not_assessed,0.1.0
53,D3Z5W0,AlphaFold_DB,AF-D3Z5W0-F1,A,candidate,7,7,mapped_options_quality_pending,not_assessed,0.1.0
54,D3Z7A9,AlphaFold_DB,AF-D3Z7A9-F1,A,candidate,5,5,mapped_options_quality_pending,not_assessed,0.1.0
55,E9PX79,AlphaFold_DB,AF-E9PX79-F1,A,candidate,13,13,mapped_options_quality_pending,not_assessed,0.1.0
56,E9Q079,AlphaFold_DB,AF-E9Q079-F1,A,candidate,2,2,mapped_options_quality_pending,not_assessed,0.1.0
57,E9Q1P8,AlphaFold_DB,AF-E9Q1P8-F1,A,candidate,13,13,mapped_options_quality_pending,not_assessed,0.1.0
58,E9Q238,AlphaFold_DB,AF-E9Q238-F1,A,candidate,34,34,mapped_options_quality_pending,not_assessed,0.1.0
59,E9Q238,PDBe_SIFTS,5yay,A,candidate,34,7,mapped_options_quality_pending,not_assessed,0.1.0
60,E9Q238,PDBe_SIFTS,5yaz,A,candidate,34,7,mapped_options_quality_pending,not_assessed,0.1.0
61,E9Q238,PDBe_SIFTS,7ddx,A,candidate,34,7,mapped_options_quality_pending,not_assessed,0.1.0
62,E9Q2T4,AlphaFold_DB,AF-E9Q2T4-F1,A,candidate,6,6,mapped_options_quality_pending,not_assessed,0.1.0
63,E9Q4M0,AlphaFold_DB,AF-E9Q4M0-F1,A,candidate,16,16,mapped_options_quality_pending,not_assessed,0.1.0
64,E9Q5N9,AlphaFold_DB,AF-E9Q5N9-F1,A,candidate,12,12,mapped_options_quality_pending,not_assessed,0.1.0
65,E9Q8I7,AlphaFold_DB,AF-E9Q8I7-F1,A,candidate,112,112,mapped_options_quality_pending,not_assessed,0.1.0
66,E9QNZ9,AlphaFold_DB,AF-E9QNZ9-F1,A,candidate,17,17,mapped_options_quality_pending,not_assessed,0.1.0
67,F8VPX2,AlphaFold_DB,AF-F8VPX2-F1,A,candidate,13,13,mapped_options_quality_pending,not_assessed,0.1.0
68,G3X924,AlphaFold_DB,AF-G3X924-F1,A,candidate,10,10,mapped_options_quality_pending,not_assessed,0.1.0
69,G3X9M9,AlphaFold_DB,AF-G3X9M9-F1,A,candidate,12,12,mapped_options_quality_pending,not_assessed,0.1.0
70,G3XA59,AlphaFold_DB,AF-G3XA59-F1,A,candidate,14,14,mapped_options_quality_pending,not_assessed,0.1.0
71,G3XA59,PDBe_SIFTS,8rex,E,candidate,14,8,mapped_options_quality_pending,not_assessed,0.1.0
72,J3QNP2,AlphaFold_DB,AF-J3QNP2-F1,A,candidate,5,5,mapped_options_quality_pending,not_assessed,0.1.0
73,O08575,AlphaFold_DB,AF-O08575-2-F1,A,held,0,0,metadata_held,not_assessed,0.1.0
74,O08575,AlphaFold_DB,AF-O08575-F1,A,candidate,6,6,mapped_options_quality_pending,not_assessed,0.1.0
75,O08691,AlphaFold_DB,AF-O08691-F1,A,candidate,6,6,mapped_options_quality_pending,not_assessed,0.1.0
76,O08707,AlphaFold_DB,AF-O08707-F1,A,candidate,10,10,mapped_options_quality_pending,not_assessed,0.1.0
77,O08746,AlphaFold_DB,AF-O08746-2-F1,A,held,0,0,metadata_held,not_assessed,0.1.0
78,O08746,AlphaFold_DB,AF-O08746-F1,A,candidate,68,68,mapped_options_quality_pending,not_assessed,0.1.0
79,O08969,AlphaFold_DB,AF-O08969-F1,A,candidate,5,5,mapped_options_quality_pending,not_assessed,0.1.0
80,O09133,AlphaFold_DB,AF-O09133-F1,A,candidate,4,4,mapped_options_quality_pending,not_assessed,0.1.0
81,O09174,AlphaFold_DB,AF-O09174-F1,A,candidate,6,6,mapped_options_quality_pending,not_assessed,0.1.0
82,O35074,AlphaFold_DB,AF-O35074-F1,A,candidate,2,2,mapped_options_quality_pending,not_assessed,0.1.0
83,O35082,AlphaFold_DB,AF-O35082-2-F1,A,held,0,0,metadata_held,not_assessed,0.1.0
84,O35082,AlphaFold_DB,AF-O35082-F1,A,candidate,12,12,mapped_options_quality_pending,not_assessed,0.1.0
85,O35103,AlphaFold_DB,AF-O35103-F1,A,candidate,10,10,mapped_options_quality_pending,not_assessed,0.1.0
86,O35177,AlphaFold_DB,AF-O35177-F1,A,candidate,14,14,mapped_options_quality_pending,not_assessed,0.1.0
87,O35182,AlphaFold_DB,AF-O35182-F1,A,candidate,15,15,mapped_options_quality_pending,not_assessed,0.1.0
88,O35228,AlphaFold_DB,AF-O35228-F1,A,candidate,5,5,mapped_options_quality_pending,not_assessed,0.1.0
89,O35228,PDBe_SIFTS,7z0l,B,candidate,5,5,mapped_options_quality_pending,not_assessed,0.1.0
90,O35228,PDBe_SIFTS,7zg0,C,candidate,5,5,mapped_options_quality_pending,not_assessed,0.1.0
91,O35228,PDBe_SIFTS,7zg0,D,candidate,5,5,mapped_options_quality_pending,not_assessed,0.1.0
92,O35316,AlphaFold_DB,AF-O35316-F1,A,candidate,19,19,mapped_options_quality_pending,not_assessed,0.1.0
93,O35316,PDBe_SIFTS,9kmi,A,candidate,19,18,mapped_options_quality_pending,not_assessed,0.1.0
94,O35316,PDBe_SIFTS,9kyo,A,candidate,19,18,mapped_options_quality_pending,not_assessed,0.1.0
95,O35425,AlphaFold_DB,AF-O35425-2-F1,A,held,0,0,metadata_held,not_assessed,0.1.0
96,O35425,AlphaFold_DB,AF-O35425-F1,A,candidate,5,5,mapped_options_quality_pending,not_assessed,0.1.0
97,O35600,AlphaFold_DB,AF-O35600-F1,A,candidate,40,40,mapped_options_quality_pending,not_assessed,0.1.0
98,O35604,AlphaFold_DB,AF-O35604-F1,A,candidate,47,47,mapped_options_quality_pending,not_assessed,0.1.0
99,O35608,AlphaFold_DB,AF-O35608-F1,A,candidate,8,8,mapped_options_quality_pending,not_assessed,0.1.0
100,O35639,AlphaFold_DB,AF-O35639-F1,A,candidate,3,3,mapped_options_quality_pending,not_assessed,0.1.0
101,O35640,AlphaFold_DB,AF-O35640-F1,A,candidate,4,4,mapped_options_quality_pending,not_assessed,0.1.0
102,O35655,AlphaFold_DB,AF-O35655-F1,A,candidate,7,7,mapped_options_quality_pending,not_assessed,0.1.0
103,O35682,AlphaFold_DB,AF-O35682-F1,A,candidate,13,13,mapped_options_quality_pending,not_assessed,0.1.0
104,O35709,AlphaFold_DB,AF-O35709-F1,A,candidate,21,21,mapped_options_quality_pending,not_assessed,0.1.0
105,O35969,AlphaFold_DB,AF-0000000007636823,A,held,0,0,metadata_held,not_assessed,0.1.0
106,O35969,AlphaFold_DB,AF-O35969-2-F1,A,held,0,0,metadata_held,not_assessed,0.1.0
107,O35969,AlphaFold_DB,AF-O35969-F1,A,candidate,5,5,mapped_options_quality_pending,not_assessed,0.1.0
108,O54786,AlphaFold_DB,AF-O54786-2-F1,A,held,0,0,metadata_held,not_assessed,0.1.0
109,O54786,AlphaFold_DB,AF-O54786-F1,A,candidate,8,8,mapped_options_quality_pending,not_assessed,0.1.0
110,O54786,PDBe_SIFTS,1f2r,I,candidate,8,0,no_mapped_options,not_assessed,0.1.0
111,O54824,AlphaFold_DB,AF-O54824-2-F1,A,held,0,0,metadata_held,not_assessed,0.1.0
112,O54824,AlphaFold_DB,AF-O54824-F1,A,candidate,29,29,mapped_options_quality_pending,not_assessed,0.1.0
113,O54890,AlphaFold_DB,AF-O54890-F1,A,candidate,56,56,mapped_options_quality_pending,not_assessed,0.1.0
114,O54890,PDBe_SIFTS,5xq1,A,candidate,56,0,no_mapped_options,not_assessed,0.1.0
115,O54890,PDBe_SIFTS,5xq1,B,candidate,56,0,no_mapped_options,not_assessed,0.1.0
116,O54890,PDBe_SIFTS,6vgu,A,candidate,56,0,no_mapped_options,not_assessed,0.1.0
117,O54983,AlphaFold_DB,AF-O54983-F1,A,candidate,3,3,mapped_options_quality_pending,not_assessed,0.1.0
118,O54983,PDBe_SIFTS,4bv8,A,candidate,3,3,mapped_options_quality_pending,not_assessed,0.1.0
119,O54983,PDBe_SIFTS,4bv8,B,candidate,3,3,mapped_options_quality_pending,not_assessed,0.1.0
120,O54983,PDBe_SIFTS,4bv9,A,candidate,3,3,mapped_options_quality_pending,not_assessed,0.1.0
121,O54983,PDBe_SIFTS,4bv9,B,candidate,3,3,mapped_options_quality_pending,not_assessed,0.1.0
122,O54983,PDBe_SIFTS,4bva,A,candidate,3,3,mapped_options_quality_pending,not_assessed,0.1.0
123,O54983,PDBe_SIFTS,4bva,B,candidate,3,3,mapped_options_quality_pending,not_assessed,0.1.0
124,O55137,AlphaFold_DB,AF-O55137-F1,A,candidate,4,4,mapped_options_quality_pending,not_assessed,0.1.0
125,O55240,AlphaFold_DB,AF-O55240-F1,A,candidate,6,6,mapped_options_quality_pending,not_assessed,0.1.0
126,O55242,AlphaFold_DB,AF-O55242-2-F1,A,held,0,0,metadata_held,not_assessed,0.1.0
127,O55242,AlphaFold_DB,AF-O55242-F1,A,candidate,1,1,mapped_options_quality_pending,not_assessed,0.1.0
128,O70126,AlphaFold_DB,AF-O70126-F1,A,candidate,4,4,mapped_options_quality_pending,not_assessed,0.1.0
129,O70299,AlphaFold_DB,AF-O70299-F1,A,candidate,13,13,mapped_options_quality_pending,not_assessed,0.1.0
130,O70370,AlphaFold_DB,AF-0000000010760958,A,held,0,0,metadata_held,not_assessed,0.1.0
131,O70370,AlphaFold_DB,AF-O70370-F1,A,candidate,12,12,mapped_options_quality_pending,not_assessed,0.1.0
132,O70370,PDBe_SIFTS,4bpv,A,candidate,12,10,mapped_options_quality_pending,not_assessed,0.1.0
133,O70370,PDBe_SIFTS,4bpv,B,candidate,12,10,mapped_options_quality_pending,not_assessed,0.1.0
134,O70370,PDBe_SIFTS,4bpv,C,candidate,12,10,mapped_options_quality_pending,not_assessed,0.1.0
135,O70370,PDBe_SIFTS,4bpv,D,candidate,12,10,mapped_options_quality_pending,not_assessed,0.1.0
136,O70370,PDBe_SIFTS,4bpv,E,candidate,12,10,mapped_options_quality_pending,not_assessed,0.1.0
137,O70370,PDBe_SIFTS,4bpv,K,candidate,12,2,mapped_options_quality_pending,not_assessed,0.1.0
138,O70370,PDBe_SIFTS,4bqv,A,candidate,12,10,mapped_options_quality_pending,not_assessed,0.1.0
139,O70370,PDBe_SIFTS,4bqv,B,candidate,12,10,mapped_options_quality_pending,not_assessed,0.1.0
140,O70370,PDBe_SIFTS,4bqv,C,candidate,12,10,mapped_options_quality_pending,not_assessed,0.1.0
141,O70370,PDBe_SIFTS,4bqv,D,candidate,12,10,mapped_options_quality_pending,not_assessed,0.1.0
142,O70370,PDBe_SIFTS,4bqv,E,candidate,12,10,mapped_options_quality_pending,not_assessed,0.1.0
143,O70370,PDBe_SIFTS,4bqv,F,candidate,12,10,mapped_options_quality_pending,not_assessed,0.1.0
144,O70370,PDBe_SIFTS,4bqv,G,candidate,12,10,mapped_options_quality_pending,not_assessed,0.1.0
145,O70370,PDBe_SIFTS,4bqv,H,candidate,12,10,mapped_options_quality_pending,not_assessed,0.1.0
146,O70370,PDBe_SIFTS,4bs5,A,candidate,12,10,mapped_options_quality_pending,not_assessed,0.1.0
147,O70370,PDBe_SIFTS,4bs6,A,candidate,12,10,mapped_options_quality_pending,not_assessed,0.1.0
148,O70370,PDBe_SIFTS,4bs6,B,candidate,12,10,mapped_options_quality_pending,not_assessed,0.1.0
149,O70370,PDBe_SIFTS,4bsq,A,candidate,12,10,mapped_options_quality_pending,not_assessed,0.1.0
150,O70370,PDBe_SIFTS,4mzo,A,candidate,12,10,mapped_options_quality_pending,not_assessed,0.1.0
151,O70370,PDBe_SIFTS,4mzo,B,candidate,12,10,mapped_options_quality_pending,not_assessed,0.1.0
152,O70370,PDBe_SIFTS,4mzo,C,candidate,12,10,mapped_options_quality_pending,not_assessed,0.1.0
153,O70370,PDBe_SIFTS,4mzo,D,candidate,12,10,mapped_options_quality_pending,not_assessed,0.1.0
154,O70370,PDBe_SIFTS,4mzo,E,candidate,12,10,mapped_options_quality_pending,not_assessed,0.1.0
155,O70370,PDBe_SIFTS,4mzo,F,candidate,12,10,mapped_options_quality_pending,not_assessed,0.1.0
156,O70370,PDBe_SIFTS,4mzo,G,candidate,12,10,mapped_options_quality_pending,not_assessed,0.1.0
157,O70370,PDBe_SIFTS,4mzo,H,candidate,12,10,mapped_options_quality_pending,not_assessed,0.1.0
158,O70370,PDBe_SIFTS,4mzs,A,candidate,12,10,mapped_options_quality_pending,not_assessed,0.1.0
159,O70370,PDBe_SIFTS,4mzs,B,candidate,12,10,mapped_options_quality_pending,not_assessed,0.1.0
160,O70422,AlphaFold_DB,AF-O70422-F1,A,candidate,3,3,mapped_options_quality_pending,not_assessed,0.1.0
161,O70503,AlphaFold_DB,AF-O70503-2-F1,A,held,0,0,metadata_held,not_assessed,0.1.0
162,O70503,AlphaFold_DB,AF-O70503-F1,A,candidate,4,4,mapped_options_quality_pending,not_assessed,0.1.0
163,O70514,AlphaFold_DB,AF-O70514-F1,A,candidate,10,10,mapped_options_quality_pending,not_assessed,0.1.0
164,O70571,AlphaFold_DB,AF-O70571-F1,A,candidate,6,6,mapped_options_quality_pending,not_assessed,0.1.0
165,O88188,AlphaFold_DB,AF-O88188-F1,A,candidate,6,6,mapped_options_quality_pending,not_assessed,0.1.0
166,O88188,PDBe_SIFTS,3m7o,A,candidate,6,6,mapped_options_quality_pending,not_assessed,0.1.0
167,O88188,PDBe_SIFTS,3m7o,B,candidate,6,6,mapped_options_quality_pending,not_assessed,0.1.0
168,O88188,PDBe_SIFTS,3m7o,C,candidate,6,6,mapped_options_quality_pending,not_assessed,0.1.0
169,O88188,PDBe_SIFTS,3m7o,D,candidate,6,6,mapped_options_quality_pending,not_assessed,0.1.0
170,O88188,PDBe_SIFTS,3t6q,C,candidate,6,6,mapped_options_quality_pending,not_assessed,0.1.0
171,O88188,PDBe_SIFTS,3t6q,D,candidate,6,6,mapped_options_quality_pending,not_assessed,0.1.0
172,O88428,AlphaFold_DB,AF-O88428-F1,A,candidate,11,11,mapped_options_quality_pending,not_assessed,0.1.0
173,O88492,AlphaFold_DB,AF-O88492-2-F1,A,held,0,0,metadata_held,not_assessed,0.1.0
174,O88492,AlphaFold_DB,AF-O88492-F1,A,candidate,17,17,mapped_options_quality_pending,not_assessed,0.1.0
175,O88507,AlphaFold_DB,AF-O88507-F1,A,candidate,9,9,mapped_options_quality_pending,not_assessed,0.1.0
176,O88551,AlphaFold_DB,AF-O88551-F1,A,candidate,7,7,mapped_options_quality_pending,not_assessed,0.1.0
177,O88593,AlphaFold_DB,AF-O88593-F1,A,candidate,7,7,mapped_options_quality_pending,not_assessed,0.1.0
178,O88736,AlphaFold_DB,AF-O88736-F1,A,candidate,6,6,mapped_options_quality_pending,not_assessed,0.1.0
179,O88745,AlphaFold_DB,AF-O88745-F1,A,candidate,8,8,mapped_options_quality_pending,not_assessed,0.1.0
180,O88822,AlphaFold_DB,AF-O88822-F1,A,candidate,2,2,mapped_options_quality_pending,not_assessed,0.1.0
181,O88844,AlphaFold_DB,AF-O88844-F1,A,candidate,7,7,mapped_options_quality_pending,not_assessed,0.1.0
182,O88844,PDBe_SIFTS,5yzh,A,candidate,7,7,mapped_options_quality_pending,not_assessed,0.1.0
183,O88844,PDBe_SIFTS,5yzh,B,candidate,7,7,mapped_options_quality_pending,not_assessed,0.1.0
184,O88844,PDBe_SIFTS,5yzi,A,candidate,7,7,mapped_options_quality_pending,not_assessed,0.1.0
185,O88844,PDBe_SIFTS,5yzi,B,candidate,7,7,mapped_options_quality_pending,not_assessed,0.1.0
186,O88844,PDBe_SIFTS,8kib,A,candidate,7,7,mapped_options_quality_pending,not_assessed,0.1.0
187,O88844,PDBe_SIFTS,8kib,B,candidate,7,7,mapped_options_quality_pending,not_assessed,0.1.0
188,O88844,PDBe_SIFTS,8kib,C,candidate,7,7,mapped_options_quality_pending,not_assessed,0.1.0
189,O88844,PDBe_SIFTS,8kib,D,candidate,7,7,mapped_options_quality_pending,not_assessed,0.1.0
190,O88844,PDBe_SIFTS,8w49,A,candidate,7,7,mapped_options_quality_pending,not_assessed,0.1.0
191,O88844,PDBe_SIFTS,8w49,B,candidate,7,7,mapped_options_quality_pending,not_assessed,0.1.0
192,O88844,PDBe_SIFTS,8w49,C,candidate,7,7,mapped_options_quality_pending,not_assessed,0.1.0
193,O88844,PDBe_SIFTS,8w49,D,candidate,7,7,mapped_options_quality_pending,not_assessed,0.1.0
194,O89091,AlphaFold_DB,AF-O89091-F1,A,candidate,14,14,mapped_options_quality_pending,not_assessed,0.1.0
195,P00329,AlphaFold_DB,AF-P00329-F1,A,candidate,15,15,mapped_options_quality_pending,not_assessed,0.1.0
196,P00687,AlphaFold_DB,AF-P00687-F1,A,candidate,12,12,mapped_options_quality_pending,not_assessed,0.1.0
197,P01101,AlphaFold_DB,AF-0000000005750746,A,held,0,0,metadata_held,not_assessed,0.1.0
198,P01101,AlphaFold_DB,AF-P01101-F1,A,candidate,8,8,mapped_options_quality_pending,not_assessed,0.1.0
199,P01101,PDBe_SIFTS,2wt7,A,candidate,8,1,mapped_options_quality_pending,not_assessed,0.1.0
200,P02798,AlphaFold_DB,AF-P02798-F1,A,candidate,20,20,mapped_options_quality_pending,not_assessed,0.1.0
201,P04441,AlphaFold_DB,AF-P04441-2-F1,A,held,0,0,metadata_held,not_assessed,0.1.0
202,P04441,AlphaFold_DB,AF-P04441-F1,A,candidate,7,7,mapped_options_quality_pending,not_assessed,0.1.0
203,P05063,AlphaFold_DB,AF-0000000012546974,A,held,0,0,metadata_held,not_assessed,0.1.0
204,P05063,AlphaFold_DB,AF-P05063-F1,A,candidate,7,7,mapped_options_quality_pending,not_assessed,0.1.0
205,P05532,AlphaFold_DB,AF-P05532-2-F1,A,held,0,0,metadata_held,not_assessed,0.1.0
206,P05532,AlphaFold_DB,AF-P05532-3-F1,A,held,0,0,metadata_held,not_assessed,0.1.0
207,P05532,AlphaFold_DB,AF-P05532-F1,A,candidate,22,22,mapped_options_quality_pending,not_assessed,0.1.0
208,P05532,PDBe_SIFTS,2o26,U,candidate,22,0,no_mapped_options,not_assessed,0.1.0
209,P05532,PDBe_SIFTS,2o26,W,candidate,22,0,no_mapped_options,not_assessed,0.1.0
210,P05532,PDBe_SIFTS,2o26,X,candidate,22,0,no_mapped_options,not_assessed,0.1.0
211,P05532,PDBe_SIFTS,2o26,Y,candidate,22,0,no_mapped_options,not_assessed,0.1.0
212,P06801,AlphaFold_DB,AF-P06801-F1,A,candidate,11,11,mapped_options_quality_pending,not_assessed,0.1.0
213,P06909,AlphaFold_DB,AF-P06909-F1,A,candidate,82,82,mapped_options_quality_pending,not_assessed,0.1.0
214,P06909,PDBe_SIFTS,2yby,A,candidate,82,8,mapped_options_quality_pending,not_assessed,0.1.0
215,P07901,AlphaFold_DB,AF-P07901-F1,A,candidate,7,7,mapped_options_quality_pending,not_assessed,0.1.0
216,P07901,PDBe_SIFTS,5h22,A,candidate,7,0,no_mapped_options,not_assessed,0.1.0
217,P07901,PDBe_SIFTS,7d1v,A,candidate,7,0,no_mapped_options,not_assessed,0.1.0
218,P07901,PDBe_SIFTS,7d22,A,candidate,7,0,no_mapped_options,not_assessed,0.1.0
219,P07901,PDBe_SIFTS,7d24,A,candidate,7,0,no_mapped_options,not_assessed,0.1.0
220,P07901,PDBe_SIFTS,7d25,A,candidate,7,0,no_mapped_options,not_assessed,0.1.0
221,P07901,PDBe_SIFTS,7d26,A,candidate,7,0,no_mapped_options,not_assessed,0.1.0
222,P08103,AlphaFold_DB,AF-P08103-2-F1,A,held,0,0,metadata_held,not_assessed,0.1.0
223,P08103,AlphaFold_DB,AF-P08103-F1,A,candidate,8,8,mapped_options_quality_pending,not_assessed,0.1.0
224,P08122,AlphaFold_DB,AF-P08122-F1,A,candidate,21,21,mapped_options_quality_pending,not_assessed,0.1.0
225,P08551,AlphaFold_DB,AF-P08551-F1,A,candidate,1,1,mapped_options_quality_pending,not_assessed,0.1.0
226,P09470,AlphaFold_DB,AF-P09470-2-F1,A,held,0,0,metadata_held,not_assessed,0.1.0
227,P09470,AlphaFold_DB,AF-P09470-F1,A,candidate,15,15,mapped_options_quality_pending,not_assessed,0.1.0
228,P0DP59,AlphaFold_DB,AF-P0DP59-F1,A,candidate,10,10,mapped_options_quality_pending,not_assessed,0.1.0
229,P10148,AlphaFold_DB,AF-P10148-F1,A,candidate,4,4,mapped_options_quality_pending,not_assessed,0.1.0
230,P10639,AlphaFold_DB,AF-P10639-F1,A,candidate,6,6,mapped_options_quality_pending,not_assessed,0.1.0
231,P10649,AlphaFold_DB,AF-0000000013465377,A,held,0,0,metadata_held,not_assessed,0.1.0
232,P10649,AlphaFold_DB,AF-P10649-F1,A,candidate,2,2,mapped_options_quality_pending,not_assessed,0.1.0
233,P10761,AlphaFold_DB,AF-P10761-F1,A,candidate,16,16,mapped_options_quality_pending,not_assessed,0.1.0
234,P10761,PDBe_SIFTS,3d4c,A,candidate,16,4,mapped_options_quality_pending,not_assessed,0.1.0
235,P10761,PDBe_SIFTS,3d4c,A,excluded,0,0,metadata_excluded,not_assessed,0.1.0
236,P10761,PDBe_SIFTS,3d4g,A,candidate,16,4,mapped_options_quality_pending,not_assessed,0.1.0
237,P10761,PDBe_SIFTS,3d4g,A,excluded,0,0,metadata_excluded,not_assessed,0.1.0
238,P10761,PDBe_SIFTS,3d4g,B,candidate,16,4,mapped_options_quality_pending,not_assessed,0.1.0
239,P10761,PDBe_SIFTS,3d4g,B,excluded,0,0,metadata_excluded,not_assessed,0.1.0
240,P10761,PDBe_SIFTS,3d4g,C,candidate,16,4,mapped_options_quality_pending,not_assessed,0.1.0
241,P10761,PDBe_SIFTS,3d4g,C,excluded,0,0,metadata_excluded,not_assessed,0.1.0
242,P10761,PDBe_SIFTS,3d4g,D,candidate,16,4,mapped_options_quality_pending,not_assessed,0.1.0
243,P10761,PDBe_SIFTS,3d4g,D,excluded,0,0,metadata_excluded,not_assessed,0.1.0
244,P10761,PDBe_SIFTS,3d4g,E,candidate,16,4,mapped_options_quality_pending,not_assessed,0.1.0
245,P10761,PDBe_SIFTS,3d4g,E,excluded,0,0,metadata_excluded,not_assessed,0.1.0
246,P10761,PDBe_SIFTS,3d4g,F,candidate,16,4,mapped_options_quality_pending,not_assessed,0.1.0
247,P10761,PDBe_SIFTS,3d4g,F,excluded,0,0,metadata_excluded,not_assessed,0.1.0
248,P10761,PDBe_SIFTS,3d4g,G,candidate,16,4,mapped_options_quality_pending,not_assessed,0.1.0
249,P10761,PDBe_SIFTS,3d4g,G,excluded,0,0,metadata_excluded,not_assessed,0.1.0
250,P10761,PDBe_SIFTS,3d4g,H,candidate,16,4,mapped_options_quality_pending,not_assessed,0.1.0
251,P10761,PDBe_SIFTS,3d4g,H,excluded,0,0,metadata_excluded,not_assessed,0.1.0
252,P10761,PDBe_SIFTS,3ef7,A,candidate,16,4,mapped_options_quality_pending,not_assessed,0.1.0
253,P10761,PDBe_SIFTS,3ef7,A,excluded,0,0,metadata_excluded,not_assessed,0.1.0
254,P10761,PDBe_SIFTS,3ef7,B,candidate,16,4,mapped_options_quality_pending,not_assessed,0.1.0
255,P10761,PDBe_SIFTS,3ef7,B,excluded,0,0,metadata_excluded,not_assessed,0.1.0
256,P10761,PDBe_SIFTS,5osq,A,candidate,16,4,mapped_options_quality_pending,not_assessed,0.1.0
257,P10761,PDBe_SIFTS,5osq,A,excluded,0,0,metadata_excluded,not_assessed,0.1.0
258,P10761,PDBe_SIFTS,5osq,B,candidate,16,4,mapped_options_quality_pending,not_assessed,0.1.0
259,P10761,PDBe_SIFTS,5osq,B,excluded,0,0,metadata_excluded,not_assessed,0.1.0
260,P11214,AlphaFold_DB,AF-P11214-F1,A,candidate,36,36,mapped_options_quality_pending,not_assessed,0.1.0
261,P11276,AlphaFold_DB,AF-P11276-F1,A,candidate,64,64,mapped_options_quality_pending,not_assessed,0.1.0
262,P11276,PDBe_SIFTS,1mfn,A,candidate,1280,0,no_mapped_options,not_assessed,0.1.0
263,P11276,PDBe_SIFTS,2mfn,A,candidate,640,0,no_mapped_options,not_assessed,0.1.0
264,P11680,AlphaFold_DB,AF-P11680-F1,A,candidate,44,44,mapped_options_quality_pending,not_assessed,0.1.0
265,P11688,AlphaFold_DB,AF-P11688-F1,A,candidate,20,20,mapped_options_quality_pending,not_assessed,0.1.0
266,P12815,AlphaFold_DB,AF-P12815-2-F1,A,held,0,0,metadata_held,not_assessed,0.1.0
267,P12815,AlphaFold_DB,AF-P12815-F1,A,candidate,1,1,mapped_options_quality_pending,not_assessed,0.1.0
268,P12815,PDBe_SIFTS,1hqv,A,candidate,1,1,mapped_options_quality_pending,not_assessed,0.1.0
269,P12815,PDBe_SIFTS,5jjg,A,candidate,1,1,mapped_options_quality_pending,not_assessed,0.1.0
270,P13020,AlphaFold_DB,AF-0000000005750740,A,held,0,0,metadata_held,not_assessed,0.1.0
271,P13020,AlphaFold_DB,AF-P13020-2-F1,A,held,0,0,metadata_held,not_assessed,0.1.0
272,P13020,AlphaFold_DB,AF-P13020-F1,A,candidate,7,7,mapped_options_quality_pending,not_assessed,0.1.0
273,P13020,PDBe_SIFTS,1nph,A,candidate,7,0,no_mapped_options,not_assessed,0.1.0
274,P13020,PDBe_SIFTS,4cbu,G,candidate,7,0,no_mapped_options,not_assessed,0.1.0
275,P13020,PDBe_SIFTS,4cbw,G,candidate,7,1,mapped_options_quality_pending,not_assessed,0.1.0
276,P13020,PDBe_SIFTS,4cbx,G,candidate,7,1,mapped_options_quality_pending,not_assessed,0.1.0
277,P13020,PDBe_SIFTS,5mvv,G,candidate,7,1,mapped_options_quality_pending,not_assessed,0.1.0
278,P13020,PDBe_SIFTS,6i4d,G,candidate,7,1,mapped_options_quality_pending,not_assessed,0.1.0
279,P13020,PDBe_SIFTS,6i4e,G,candidate,7,1,mapped_options_quality_pending,not_assessed,0.1.0
280,P13020,PDBe_SIFTS,6i4f,G,candidate,7,0,no_mapped_options,not_assessed,0.1.0
281,P13020,PDBe_SIFTS,6i4g,G,candidate,7,0,no_mapped_options,not_assessed,0.1.0
282,P13020,PDBe_SIFTS,6i4g,H,candidate,7,0,no_mapped_options,not_assessed,0.1.0
283,P13020,PDBe_SIFTS,6i4h,G,candidate,7,0,no_mapped_options,not_assessed,0.1.0
284,P13020,PDBe_SIFTS,6i4i,G,candidate,7,0,no_mapped_options,not_assessed,0.1.0
285,P13020,PDBe_SIFTS,6i4j,G,candidate,7,0,no_mapped_options,not_assessed,0.1.0
286,P13020,PDBe_SIFTS,6i4k,G,candidate,7,0,no_mapped_options,not_assessed,0.1.0
287,P13020,PDBe_SIFTS,6i4l,G,candidate,7,0,no_mapped_options,not_assessed,0.1.0
288,P13020,PDBe_SIFTS,6i4m,G,candidate,7,0,no_mapped_options,not_assessed,0.1.0
289,P13516,AlphaFold_DB,AF-P13516-F1,A,candidate,5,5,mapped_options_quality_pending,not_assessed,0.1.0
290,P13516,PDBe_SIFTS,4ymk,A,candidate,5,5,mapped_options_quality_pending,not_assessed,0.1.0
291,P13516,PDBe_SIFTS,4ymk,D,candidate,5,5,mapped_options_quality_pending,not_assessed,0.1.0
292,P13516,PDBe_SIFTS,6wf2,A,candidate,5,5,mapped_options_quality_pending,not_assessed,0.1.0
293,P13516,PDBe_SIFTS,6wf2,B,candidate,5,5,mapped_options_quality_pending,not_assessed,0.1.0
294,P14901,AlphaFold_DB,AF-P14901-F1,A,candidate,1,1,mapped_options_quality_pending,not_assessed,0.1.0
295,P15105,AlphaFold_DB,AF-0000000001641583,A,held,0,0,metadata_held,not_assessed,0.1.0
296,P15105,AlphaFold_DB,AF-P15105-F1,A,candidate,13,13,mapped_options_quality_pending,not_assessed,0.1.0
297,P15530,AlphaFold_DB,AF-P15530-F1,A,candidate,6,6,mapped_options_quality_pending,not_assessed,0.1.0
298,P15530,PDBe_SIFTS,3kho,A,candidate,6,3,mapped_options_quality_pending,not_assessed,0.1.0
299,P15530,PDBe_SIFTS,3kho,B,candidate,6,5,mapped_options_quality_pending,not_assessed,0.1.0
300,P15530,PDBe_SIFTS,3khq,A,candidate,6,5,mapped_options_quality_pending,not_assessed,0.1.0
301,P15530,PDBe_SIFTS,8e4c,D,candidate,6,5,mapped_options_quality_pending,not_assessed,0.1.0
302,P15530,PDBe_SIFTS,8ema,D,candidate,6,5,mapped_options_quality_pending,not_assessed,0.1.0
303,P15532,AlphaFold_DB,AF-P15532-F1,A,candidate,2,2,mapped_options_quality_pending,not_assessed,0.1.0
304,P15532,PDBe_SIFTS,7zl8,A,candidate,2,2,mapped_options_quality_pending,not_assessed,0.1.0
305,P15532,PDBe_SIFTS,7zl8,B,candidate,2,2,mapped_options_quality_pending,not_assessed,0.1.0
306,P15532,PDBe_SIFTS,7zl8,C,candidate,2,2,mapped_options_quality_pending,not_assessed,0.1.0
307,P15532,PDBe_SIFTS,7zl8,D,candidate,2,2,mapped_options_quality_pending,not_assessed,0.1.0
308,P15532,PDBe_SIFTS,7zl8,E,candidate,2,2,mapped_options_quality_pending,not_assessed,0.1.0
309,P15532,PDBe_SIFTS,7zl8,F,candidate,2,2,mapped_options_quality_pending,not_assessed,0.1.0
310,P15532,PDBe_SIFTS,7zl8,G,candidate,2,2,mapped_options_quality_pending,not_assessed,0.1.0
311,P15532,PDBe_SIFTS,7zl8,H,candidate,2,2,mapped_options_quality_pending,not_assessed,0.1.0
312,P15532,PDBe_SIFTS,7zl8,I,candidate,2,2,mapped_options_quality_pending,not_assessed,0.1.0
313,P15532,PDBe_SIFTS,7zl8,J,candidate,2,2,mapped_options_quality_pending,not_assessed,0.1.0
314,P15532,PDBe_SIFTS,7zl8,K,candidate,2,2,mapped_options_quality_pending,not_assessed,0.1.0
315,P15532,PDBe_SIFTS,7zl8,L,candidate,2,2,mapped_options_quality_pending,not_assessed,0.1.0
316,P15532,PDBe_SIFTS,7zlw,A,candidate,2,2,mapped_options_quality_pending,not_assessed,0.1.0
317,P15532,PDBe_SIFTS,7zlw,B,candidate,2,2,mapped_options_quality_pending,not_assessed,0.1.0
318,P15532,PDBe_SIFTS,7zlw,C,candidate,2,2,mapped_options_quality_pending,not_assessed,0.1.0
319,P15532,PDBe_SIFTS,7zlw,D,candidate,2,2,mapped_options_quality_pending,not_assessed,0.1.0
320,P15532,PDBe_SIFTS,7zlw,E,candidate,2,2,mapped_options_quality_pending,not_assessed,0.1.0
321,P15532,PDBe_SIFTS,7zlw,F,candidate,2,2,mapped_options_quality_pending,not_assessed,0.1.0
322,P15532,PDBe_SIFTS,7ztk,A,candidate,2,2,mapped_options_quality_pending,not_assessed,0.1.0
323,P15532,PDBe_SIFTS,7ztk,B,candidate,2,2,mapped_options_quality_pending,not_assessed,0.1.0
324,P15532,PDBe_SIFTS,7ztk,C,candidate,2,2,mapped_options_quality_pending,not_assessed,0.1.0
325,P15532,PDBe_SIFTS,7ztk,D,candidate,2,2,mapped_options_quality_pending,not_assessed,0.1.0
326,P15532,PDBe_SIFTS,7ztk,E,candidate,2,2,mapped_options_quality_pending,not_assessed,0.1.0
327,P15532,PDBe_SIFTS,7ztk,F,candidate,2,2,mapped_options_quality_pending,not_assessed,0.1.0
328,P15535,AlphaFold_DB,AF-P15535-2-F1,A,held,0,0,metadata_held,not_assessed,0.1.0
329,P15535,AlphaFold_DB,AF-P15535-F1,A,candidate,7,7,mapped_options_quality_pending,not_assessed,0.1.0
330,P16045,AlphaFold_DB,AF-P16045-F1,A,candidate,6,6,mapped_options_quality_pending,not_assessed,0.1.0
331,P16045,PDBe_SIFTS,4lbq,A,candidate,6,5,mapped_options_quality_pending,not_assessed,0.1.0
332,P16045,PDBe_SIFTS,4lbq,B,candidate,6,6,mapped_options_quality_pending,not_assessed,0.1.0
333,P16045,PDBe_SIFTS,4lbq,C,candidate,6,6,mapped_options_quality_pending,not_assessed,0.1.0
334,P16045,PDBe_SIFTS,4lbq,D,candidate,6,4,mapped_options_quality_pending,not_assessed,0.1.0
335,P16330,AlphaFold_DB,AF-P16330-2-F1,A,held,0,0,metadata_held,not_assessed,0.1.0
336,P16330,AlphaFold_DB,AF-P16330-F1,A,candidate,7,7,mapped_options_quality_pending,not_assessed,0.1.0
337,P16330,PDBe_SIFTS,2xmi,A,candidate,7,0,no_mapped_options,not_assessed,0.1.0
338,P16330,PDBe_SIFTS,2y1p,A,candidate,7,0,no_mapped_options,not_assessed,0.1.0
339,P16330,PDBe_SIFTS,2y3x,A,candidate,7,0,no_mapped_options,not_assessed,0.1.0
340,P16330,PDBe_SIFTS,2y3x,B,candidate,7,0,no_mapped_options,not_assessed,0.1.0
341,P16330,PDBe_SIFTS,2y3x,E,candidate,7,0,no_mapped_options,not_assessed,0.1.0
342,P16330,PDBe_SIFTS,2ydb,A,candidate,7,0,no_mapped_options,not_assessed,0.1.0
343,P16330,PDBe_SIFTS,2ydc,A,candidate,7,0,no_mapped_options,not_assessed,0.1.0
344,P16330,PDBe_SIFTS,2ydd,A,candidate,7,0,no_mapped_options,not_assessed,0.1.0
345,P16330,PDBe_SIFTS,2yoz,A,candidate,7,0,no_mapped_options,not_assessed,0.1.0
346,P16330,PDBe_SIFTS,2yp0,A,candidate,7,0,no_mapped_options,not_assessed,0.1.0
347,P16330,PDBe_SIFTS,2ypc,A,candidate,7,0,no_mapped_options,not_assessed,0.1.0
348,P16330,PDBe_SIFTS,2ype,A,candidate,7,0,no_mapped_options,not_assessed,0.1.0
349,P16330,PDBe_SIFTS,2yph,A,candidate,7,0,no_mapped_options,not_assessed,0.1.0
350,P16330,PDBe_SIFTS,2yq9,A,candidate,7,0,no_mapped_options,not_assessed,0.1.0
351,P16330,PDBe_SIFTS,3zbr,A,candidate,7,0,no_mapped_options,not_assessed,0.1.0
352,P16330,PDBe_SIFTS,3zbr,B,candidate,7,0,no_mapped_options,not_assessed,0.1.0
353,P16330,PDBe_SIFTS,3zbs,A,candidate,7,0,no_mapped_options,not_assessed,0.1.0
354,P16330,PDBe_SIFTS,3zbz,A,candidate,7,0,no_mapped_options,not_assessed,0.1.0
355,P16330,PDBe_SIFTS,4wbi,A,candidate,7,2,mapped_options_quality_pending,not_assessed,0.1.0
356,P16330,PDBe_SIFTS,4wbl,A,candidate,7,3,mapped_options_quality_pending,not_assessed,0.1.0
357,P16330,PDBe_SIFTS,4wc9,A,candidate,7,3,mapped_options_quality_pending,not_assessed,0.1.0
358,P16330,PDBe_SIFTS,4wca,A,candidate,7,2,mapped_options_quality_pending,not_assessed,0.1.0
359,P16330,PDBe_SIFTS,4wcb,A,candidate,7,3,mapped_options_quality_pending,not_assessed,0.1.0
360,P16330,PDBe_SIFTS,4wcc,A,candidate,7,3,mapped_options_quality_pending,not_assessed,0.1.0
361,P16330,PDBe_SIFTS,4wda,A,candidate,7,3,mapped_options_quality_pending,not_assessed,0.1.0
362,P16330,PDBe_SIFTS,4wdb,A,candidate,7,3,mapped_options_quality_pending,not_assessed,0.1.0
363,P16330,PDBe_SIFTS,4wdd,A,candidate,7,3,mapped_options_quality_pending,not_assessed,0.1.0
364,P16330,PDBe_SIFTS,4wde,A,candidate,7,3,mapped_options_quality_pending,not_assessed,0.1.0
365,P16330,PDBe_SIFTS,4wde,B,candidate,7,3,mapped_options_quality_pending,not_assessed,0.1.0
366,P16330,PDBe_SIFTS,4wdf,A,candidate,7,3,mapped_options_quality_pending,not_assessed,0.1.0
367,P16330,PDBe_SIFTS,4wdg,A,candidate,7,3,mapped_options_quality_pending,not_assessed,0.1.0
368,P16330,PDBe_SIFTS,4wdh,A,candidate,7,3,mapped_options_quality_pending,not_assessed,0.1.0
369,P16330,PDBe_SIFTS,4wex,A,candidate,7,3,mapped_options_quality_pending,not_assessed,0.1.0
370,P16330,PDBe_SIFTS,4wfr,A,candidate,7,3,mapped_options_quality_pending,not_assessed,0.1.0
371,P16330,PDBe_SIFTS,5ae0,A,candidate,7,3,mapped_options_quality_pending,not_assessed,0.1.0
372,P16330,PDBe_SIFTS,7qzk,A,candidate,7,3,mapped_options_quality_pending,not_assessed,0.1.0
373,P16330,PDBe_SIFTS,7qzs,A,candidate,7,3,mapped_options_quality_pending,not_assessed,0.1.0
374,P16330,PDBe_SIFTS,9ert,A,candidate,7,3,mapped_options_quality_pending,not_assessed,0.1.0
375,P16330,PDBe_SIFTS,9eru,A,candidate,7,3,mapped_options_quality_pending,not_assessed,0.1.0
376,P16330,PDBe_SIFTS,9eru,B,candidate,7,3,mapped_options_quality_pending,not_assessed,0.1.0
377,P16330,PDBe_SIFTS,9eru,D,candidate,7,3,mapped_options_quality_pending,not_assessed,0.1.0
378,P16330,PDBe_SIFTS,9eru,F,candidate,7,3,mapped_options_quality_pending,not_assessed,0.1.0
379,P16330,PDBe_SIFTS,9erw,B,candidate,7,3,mapped_options_quality_pending,not_assessed,0.1.0
380,P16330,PDBe_SIFTS,9etj,A,candidate,7,3,mapped_options_quality_pending,not_assessed,0.1.0
381,P16330,PDBe_SIFTS,9etj,B,candidate,7,3,mapped_options_quality_pending,not_assessed,0.1.0
382,P16330,PDBe_SIFTS,9etj,E,candidate,7,3,mapped_options_quality_pending,not_assessed,0.1.0
383,P16330,PDBe_SIFTS,9etj,G,candidate,7,3,mapped_options_quality_pending,not_assessed,0.1.0
384,P16330,PDBe_SIFTS,9etl,A,candidate,7,3,mapped_options_quality_pending,not_assessed,0.1.0
385,P16330,PDBe_SIFTS,9etl,B,candidate,7,3,mapped_options_quality_pending,not_assessed,0.1.0
386,P16460,AlphaFold_DB,AF-P16460-F1,A,candidate,5,5,mapped_options_quality_pending,not_assessed,0.1.0
387,P17156,AlphaFold_DB,AF-P17156-F1,A,candidate,5,5,mapped_options_quality_pending,not_assessed,0.1.0
388,P17563,AlphaFold_DB,AF-P17563-F1,A,candidate,10,10,mapped_options_quality_pending,not_assessed,0.1.0
389,P18581,AlphaFold_DB,AF-P18581-2-F1,A,held,0,0,metadata_held,not_assessed,0.1.0
390,P18581,AlphaFold_DB,AF-P18581-F1,A,candidate,15,15,mapped_options_quality_pending,not_assessed,0.1.0
391,P19246,AlphaFold_DB,AF-P19246-F1,A,candidate,5,5,mapped_options_quality_pending,not_assessed,0.1.0
392,P19788,AlphaFold_DB,AF-P19788-F1,A,candidate,3,3,mapped_options_quality_pending,not_assessed,0.1.0
393,P21237,AlphaFold_DB,AF-P21237-2-F1,A,held,0,0,metadata_held,not_assessed,0.1.0
394,P21237,AlphaFold_DB,AF-P21237-F1,A,candidate,7,7,mapped_options_quality_pending,not_assessed,0.1.0
395,P21275,AlphaFold_DB,AF-P21275-F1,A,candidate,8,8,mapped_options_quality_pending,not_assessed,0.1.0
396,P21460,AlphaFold_DB,AF-P21460-F1,A,candidate,4,4,mapped_options_quality_pending,not_assessed,0.1.0
397,P21460,PDBe_SIFTS,8v57,C,candidate,4,4,mapped_options_quality_pending,not_assessed,0.1.0
398,P21460,PDBe_SIFTS,8v57,D,candidate,4,4,mapped_options_quality_pending,not_assessed,0.1.0
399,P21855,AlphaFold_DB,AF-P21855-F1,A,candidate,15,15,mapped_options_quality_pending,not_assessed,0.1.0
400,P21855,PDBe_SIFTS,5b1r,A,candidate,15,6,mapped_options_quality_pending,not_assessed,0.1.0
401,P21956,AlphaFold_DB,AF-P21956-2-F1,A,held,0,0,metadata_held,not_assessed,0.1.0
402,P21956,AlphaFold_DB,AF-P21956-F1,A,candidate,20,20,mapped_options_quality_pending,not_assessed,0.1.0
403,P21956,PDBe_SIFTS,2l9l,A,candidate,400,40,mapped_options_quality_pending,not_assessed,0.1.0
404,P21995,AlphaFold_DB,AF-P21995-F1,A,candidate,9,9,mapped_options_quality_pending,not_assessed,0.1.0
405,P22272,AlphaFold_DB,AF-P22272-F1,A,candidate,12,12,mapped_options_quality_pending,not_assessed,0.1.0
406,P23440,AlphaFold_DB,AF-P23440-2-F1,A,held,0,0,metadata_held,not_assessed,0.1.0
407,P23440,AlphaFold_DB,AF-P23440-F1,A,candidate,21,21,mapped_options_quality_pending,not_assessed,0.1.0
408,P23611,AlphaFold_DB,AF-P23611-F1,A,candidate,15,15,mapped_options_quality_pending,not_assessed,0.1.0
409,P24288,AlphaFold_DB,AF-P24288-F1,A,candidate,10,10,mapped_options_quality_pending,not_assessed,0.1.0
410,P24549,AlphaFold_DB,AF-P24549-F1,A,candidate,11,11,mapped_options_quality_pending,not_assessed,0.1.0
411,P24549,PDBe_SIFTS,7yob,A,candidate,11,11,mapped_options_quality_pending,not_assessed,0.1.0
412,P24549,PDBe_SIFTS,7yob,B,candidate,11,11,mapped_options_quality_pending,not_assessed,0.1.0
413,P24549,PDBe_SIFTS,7yob,C,candidate,11,11,mapped_options_quality_pending,not_assessed,0.1.0
414,P24549,PDBe_SIFTS,7yob,D,candidate,11,11,mapped_options_quality_pending,not_assessed,0.1.0
415,P24549,PDBe_SIFTS,7yob,E,candidate,11,11,mapped_options_quality_pending,not_assessed,0.1.0
416,P24549,PDBe_SIFTS,7yob,F,candidate,11,11,mapped_options_quality_pending,not_assessed,0.1.0
417,P24549,PDBe_SIFTS,7yob,G,candidate,11,11,mapped_options_quality_pending,not_assessed,0.1.0
418,P24549,PDBe_SIFTS,7yob,H,candidate,11,11,mapped_options_quality_pending,not_assessed,0.1.0
419,P24860,AlphaFold_DB,AF-P24860-F1,A,candidate,8,8,mapped_options_quality_pending,not_assessed,0.1.0
420,P26049,AlphaFold_DB,AF-P26049-F1,A,candidate,4,4,mapped_options_quality_pending,not_assessed,0.1.0
421,P26049,PDBe_SIFTS,8g4x,C,candidate,4,4,mapped_options_quality_pending,not_assessed,0.1.0
422,P26049,PDBe_SIFTS,8g5f,A,candidate,4,4,mapped_options_quality_pending,not_assessed,0.1.0
423,P26049,PDBe_SIFTS,8g5g,C,candidate,4,4,mapped_options_quality_pending,not_assessed,0.1.0
424,P26049,PDBe_SIFTS,8g5h,A,candidate,4,4,mapped_options_quality_pending,not_assessed,0.1.0
425,P26450,AlphaFold_DB,AF-P26450-F1,A,candidate,8,8,mapped_options_quality_pending,not_assessed,0.1.0
426,P26618,AlphaFold_DB,AF-P26618-2-F1,A,held,0,0,metadata_held,not_assessed,0.1.0
427,P26618,AlphaFold_DB,AF-P26618-F1,A,candidate,17,17,mapped_options_quality_pending,not_assessed,0.1.0
428,P27671,AlphaFold_DB,AF-P27671-F1,A,candidate,21,21,mapped_options_quality_pending,not_assessed,0.1.0
429,P27671,PDBe_SIFTS,2ije,S,candidate,21,4,mapped_options_quality_pending,not_assessed,0.1.0
430,P27784,AlphaFold_DB,AF-P27784-F1,A,candidate,6,6,mapped_options_quality_pending,not_assessed,0.1.0
431,P28301,AlphaFold_DB,AF-P28301-F1,A,candidate,12,12,mapped_options_quality_pending,not_assessed,0.1.0
432,P28652,AlphaFold_DB,AF-P28652-F1,A,candidate,13,13,mapped_options_quality_pending,not_assessed,0.1.0
433,P28654,AlphaFold_DB,AF-P28654-F1,A,candidate,6,6,mapped_options_quality_pending,not_assessed,0.1.0
434,P28843,AlphaFold_DB,AF-P28843-F1,A,candidate,12,12,mapped_options_quality_pending,not_assessed,0.1.0
435,P29268,AlphaFold_DB,AF-P29268-F1,A,candidate,39,39,mapped_options_quality_pending,not_assessed,0.1.0
436,P29352,AlphaFold_DB,AF-P29352-F1,A,candidate,21,21,mapped_options_quality_pending,not_assessed,0.1.0
437,P29352,PDBe_SIFTS,1jeg,B,candidate,525,0,no_mapped_options,not_assessed,0.1.0
438,P29452,AlphaFold_DB,AF-P29452-F1,A,candidate,11,11,mapped_options_quality_pending,not_assessed,0.1.0
439,P29754,AlphaFold_DB,AF-P29754-F1,A,candidate,10,10,mapped_options_quality_pending,not_assessed,0.1.0
440,P30276,AlphaFold_DB,AF-P30276-F1,A,candidate,6,6,mapped_options_quality_pending,not_assessed,0.1.0
441,P30545,AlphaFold_DB,AF-P30545-F1,A,candidate,13,13,mapped_options_quality_pending,not_assessed,0.1.0
442,P30658,AlphaFold_DB,AF-P30658-F1,A,candidate,5,5,mapped_options_quality_pending,not_assessed,0.1.0
443,P30681,AlphaFold_DB,AF-P30681-F1,A,candidate,3,3,mapped_options_quality_pending,not_assessed,0.1.0
444,P30731,AlphaFold_DB,AF-P30731-2-F1,A,held,0,0,metadata_held,not_assessed,0.1.0
445,P30731,AlphaFold_DB,AF-P30731-3-F1,A,held,0,0,metadata_held,not_assessed,0.1.0
446,P30731,AlphaFold_DB,AF-P30731-4-F1,A,held,0,0,metadata_held,not_assessed,0.1.0
447,P30731,AlphaFold_DB,AF-P30731-F1,A,candidate,11,11,mapped_options_quality_pending,not_assessed,0.1.0
448,P31310,AlphaFold_DB,AF-P31310-2-F1,A,held,0,0,metadata_held,not_assessed,0.1.0
449,P31310,AlphaFold_DB,AF-P31310-F1,A,candidate,9,9,mapped_options_quality_pending,not_assessed,0.1.0
450,P31428,AlphaFold_DB,AF-P31428-F1,A,candidate,8,8,mapped_options_quality_pending,not_assessed,0.1.0
451,P31648,AlphaFold_DB,AF-P31648-F1,A,candidate,14,14,mapped_options_quality_pending,not_assessed,0.1.0
452,P31750,AlphaFold_DB,AF-P31750-F1,A,candidate,7,7,mapped_options_quality_pending,not_assessed,0.1.0
453,P35413,AlphaFold_DB,AF-P35413-F1,A,candidate,13,13,mapped_options_quality_pending,not_assessed,0.1.0
454,P37804,AlphaFold_DB,AF-0000000012472050,A,held,0,0,metadata_held,not_assessed,0.1.0
455,P37804,AlphaFold_DB,AF-P37804-F1,A,candidate,1,1,mapped_options_quality_pending,not_assessed,0.1.0
456,P37804,PDBe_SIFTS,1ujo,A,candidate,1,0,no_mapped_options,not_assessed,0.1.0
457,P38060,AlphaFold_DB,AF-P38060-F1,A,candidate,8,8,mapped_options_quality_pending,not_assessed,0.1.0
458,P38585,AlphaFold_DB,AF-P38585-F1,A,candidate,7,7,mapped_options_quality_pending,not_assessed,0.1.0
459,P39689,AlphaFold_DB,AF-P39689-F1,A,candidate,6,6,mapped_options_quality_pending,not_assessed,0.1.0
460,P40224,AlphaFold_DB,AF-P40224-1-F1,A,held,0,0,metadata_held,not_assessed,0.1.0
461,P40224,AlphaFold_DB,AF-P40224-F1,A,candidate,5,5,mapped_options_quality_pending,not_assessed,0.1.0
462,P40749,AlphaFold_DB,AF-P40749-F1,A,candidate,7,7,mapped_options_quality_pending,not_assessed,0.1.0
463,P40936,AlphaFold_DB,AF-P40936-F1,A,candidate,11,11,mapped_options_quality_pending,not_assessed,0.1.0
464,P41588,AlphaFold_DB,AF-P41588-F1,A,candidate,21,21,mapped_options_quality_pending,not_assessed,0.1.0
465,P43252,AlphaFold_DB,AF-P43252-F1,A,candidate,19,19,mapped_options_quality_pending,not_assessed,0.1.0
466,P43252,PDBe_SIFTS,4f8k,A,candidate,19,2,mapped_options_quality_pending,not_assessed,0.1.0
467,P43252,PDBe_SIFTS,4f8k,B,candidate,19,2,mapped_options_quality_pending,not_assessed,0.1.0
468,P43883,AlphaFold_DB,AF-0000000008948178,A,held,0,0,metadata_held,not_assessed,0.1.0
469,P43883,AlphaFold_DB,AF-P43883-F1,A,candidate,5,5,mapped_options_quality_pending,not_assessed,0.1.0
470,P47242,AlphaFold_DB,AF-P47242-F1,A,candidate,4,4,mapped_options_quality_pending,not_assessed,0.1.0
471,P47801,AlphaFold_DB,AF-P47801-F1,A,candidate,7,7,mapped_options_quality_pending,not_assessed,0.1.0
472,P47880,AlphaFold_DB,AF-0000000014020244,A,held,0,0,metadata_held,not_assessed,0.1.0
473,P47880,AlphaFold_DB,AF-P47880-F1,A,candidate,16,16,mapped_options_quality_pending,not_assessed,0.1.0
474,P48168,AlphaFold_DB,AF-P48168-F1,A,candidate,13,13,mapped_options_quality_pending,not_assessed,0.1.0
475,P48193,AlphaFold_DB,AF-P48193-2-F1,A,held,0,0,metadata_held,not_assessed,0.1.0
476,P48193,AlphaFold_DB,AF-P48193-F1,A,candidate,8,8,mapped_options_quality_pending,not_assessed,0.1.0
477,P48302,AlphaFold_DB,AF-P48302-F1,A,candidate,20,20,mapped_options_quality_pending,not_assessed,0.1.0
478,P48316,AlphaFold_DB,AF-P48316-F1,A,candidate,6,6,mapped_options_quality_pending,not_assessed,0.1.0
479,P48744,AlphaFold_DB,AF-P48744-F1,A,candidate,11,11,mapped_options_quality_pending,not_assessed,0.1.0
480,P49710,AlphaFold_DB,AF-P49710-F1,A,candidate,1,1,mapped_options_quality_pending,not_assessed,0.1.0
481,P49817,AlphaFold_DB,AF-P49817-2-F1,A,held,0,0,metadata_held,not_assessed,0.1.0
482,P49817,AlphaFold_DB,AF-P49817-F1,A,candidate,3,3,mapped_options_quality_pending,not_assessed,0.1.0
483,P49919,AlphaFold_DB,AF-P49919-2-F1,A,held,0,0,metadata_held,not_assessed,0.1.0
484,P49919,AlphaFold_DB,AF-P49919-F1,A,candidate,3,3,mapped_options_quality_pending,not_assessed,0.1.0
485,P50114,AlphaFold_DB,AF-P50114-F1,A,candidate,2,2,mapped_options_quality_pending,not_assessed,0.1.0
486,P50540,AlphaFold_DB,AF-P50540-2-F1,A,held,0,0,metadata_held,not_assessed,0.1.0
487,P50540,AlphaFold_DB,AF-P50540-F1,A,candidate,3,3,mapped_options_quality_pending,not_assessed,0.1.0
488,P50544,AlphaFold_DB,AF-P50544-F1,A,candidate,7,7,mapped_options_quality_pending,not_assessed,0.1.0
489,P50544,PDBe_SIFTS,8ca1,A,candidate,7,7,mapped_options_quality_pending,not_assessed,0.1.0
490,P50544,PDBe_SIFTS,8ca1,B,candidate,7,7,mapped_options_quality_pending,not_assessed,0.1.0
491,P50571,AlphaFold_DB,AF-P50571-F1,A,candidate,5,5,mapped_options_quality_pending,not_assessed,0.1.0
492,P51163,AlphaFold_DB,AF-P51163-F1,A,candidate,7,7,mapped_options_quality_pending,not_assessed,0.1.0
493,P51569,AlphaFold_DB,AF-P51569-F1,A,candidate,16,16,mapped_options_quality_pending,not_assessed,0.1.0
494,P51642,AlphaFold_DB,AF-P51642-F1,A,candidate,1,1,mapped_options_quality_pending,not_assessed,0.1.0
495,P51670,AlphaFold_DB,AF-P51670-F1,A,candidate,6,6,mapped_options_quality_pending,not_assessed,0.1.0
496,P51860,AlphaFold_DB,AF-P51860-F1,A,candidate,9,9,mapped_options_quality_pending,not_assessed,0.1.0
497,P51880,AlphaFold_DB,AF-P51880-F1,A,candidate,5,5,mapped_options_quality_pending,not_assessed,0.1.0
498,P51910,AlphaFold_DB,AF-P51910-F1,A,candidate,4,4,mapped_options_quality_pending,not_assessed,0.1.0
499,P51945,AlphaFold_DB,AF-P51945-F1,A,candidate,11,11,mapped_options_quality_pending,not_assessed,0.1.0
500,P52019,AlphaFold_DB,AF-P52019-F1,A,candidate,8,8,mapped_options_quality_pending,not_assessed,0.1.0
501,P52293,AlphaFold_DB,AF-P52293-F1,A,candidate,6,6,mapped_options_quality_pending,not_assessed,0.1.0
502,P52293,PDBe_SIFTS,1ejl,I,candidate,6,6,mapped_options_quality_pending,not_assessed,0.1.0
503,P52293,PDBe_SIFTS,1ejy,I,candidate,6,6,mapped_options_quality_pending,not_assessed,0.1.0
504,P52293,PDBe_SIFTS,1ial,A,candidate,6,6,mapped_options_quality_pending,not_assessed,0.1.0
505,P52293,PDBe_SIFTS,1iq1,A,candidate,6,0,no_mapped_options,not_assessed,0.1.0
506,P52293,PDBe_SIFTS,1iq1,B,candidate,6,0,no_mapped_options,not_assessed,0.1.0
507,P52293,PDBe_SIFTS,1iq1,C,candidate,6,6,mapped_options_quality_pending,not_assessed,0.1.0
508,P52293,PDBe_SIFTS,1pjm,B,candidate,6,6,mapped_options_quality_pending,not_assessed,0.1.0
509,P52293,PDBe_SIFTS,1pjn,B,candidate,6,0,no_mapped_options,not_assessed,0.1.0
510,P52293,PDBe_SIFTS,1q1s,C,candidate,6,0,no_mapped_options,not_assessed,0.1.0
511,P52293,PDBe_SIFTS,1q1t,C,candidate,6,0,no_mapped_options,not_assessed,0.1.0
512,P52293,PDBe_SIFTS,1y2a,C,candidate,6,6,mapped_options_quality_pending,not_assessed,0.1.0
513,P52293,PDBe_SIFTS,23qh,E,candidate,6,6,mapped_options_quality_pending,not_assessed,0.1.0
514,P52293,PDBe_SIFTS,2c1m,A,candidate,6,6,mapped_options_quality_pending,not_assessed,0.1.0
515,P52293,PDBe_SIFTS,2ynr,A,candidate,6,0,no_mapped_options,not_assessed,0.1.0
516,P52293,PDBe_SIFTS,3btr,C,candidate,6,6,mapped_options_quality_pending,not_assessed,0.1.0
517,P52293,PDBe_SIFTS,3knd,A,candidate,6,6,mapped_options_quality_pending,not_assessed,0.1.0
518,P52293,PDBe_SIFTS,3l3q,A,candidate,6,6,mapped_options_quality_pending,not_assessed,0.1.0
519,P52293,PDBe_SIFTS,3oqs,A,candidate,6,6,mapped_options_quality_pending,not_assessed,0.1.0
520,P52293,PDBe_SIFTS,3q5u,A,candidate,6,6,mapped_options_quality_pending,not_assessed,0.1.0
521,P52293,PDBe_SIFTS,3rz9,A,candidate,6,6,mapped_options_quality_pending,not_assessed,0.1.0
522,P52293,PDBe_SIFTS,3rzx,A,candidate,6,6,mapped_options_quality_pending,not_assessed,0.1.0
523,P52293,PDBe_SIFTS,3tpm,A,candidate,6,6,mapped_options_quality_pending,not_assessed,0.1.0
524,P52293,PDBe_SIFTS,3tpo,A,candidate,6,6,mapped_options_quality_pending,not_assessed,0.1.0
525,P52293,PDBe_SIFTS,3ukw,B,candidate,6,6,mapped_options_quality_pending,not_assessed,0.1.0
526,P52293,PDBe_SIFTS,3ukx,B,candidate,6,6,mapped_options_quality_pending,not_assessed,0.1.0
527,P52293,PDBe_SIFTS,3uky,B,candidate,6,6,mapped_options_quality_pending,not_assessed,0.1.0
528,P52293,PDBe_SIFTS,3ukz,B,candidate,6,6,mapped_options_quality_pending,not_assessed,0.1.0
529,P52293,PDBe_SIFTS,3ul0,B,candidate,6,6,mapped_options_quality_pending,not_assessed,0.1.0
530,P52293,PDBe_SIFTS,3ul1,B,candidate,6,6,mapped_options_quality_pending,not_assessed,0.1.0
531,P52293,PDBe_SIFTS,3uvu,A,candidate,6,6,mapped_options_quality_pending,not_assessed,0.1.0
532,P52293,PDBe_SIFTS,3ve6,A,candidate,6,6,mapped_options_quality_pending,not_assessed,0.1.0
533,P52293,PDBe_SIFTS,3zin,A,candidate,6,6,mapped_options_quality_pending,not_assessed,0.1.0
534,P52293,PDBe_SIFTS,3zio,A,candidate,6,6,mapped_options_quality_pending,not_assessed,0.1.0
535,P52293,PDBe_SIFTS,3zip,A,candidate,6,6,mapped_options_quality_pending,not_assessed,0.1.0
536,P52293,PDBe_SIFTS,3ziq,A,candidate,6,6,mapped_options_quality_pending,not_assessed,0.1.0
537,P52293,PDBe_SIFTS,3zir,A,candidate,6,6,mapped_options_quality_pending,not_assessed,0.1.0
538,P52293,PDBe_SIFTS,4ba3,A,candidate,6,6,mapped_options_quality_pending,not_assessed,0.1.0
539,P52293,PDBe_SIFTS,4htv,A,candidate,6,6,mapped_options_quality_pending,not_assessed,0.1.0
540,P52293,PDBe_SIFTS,4mz5,E,candidate,6,6,mapped_options_quality_pending,not_assessed,0.1.0
541,P52293,PDBe_SIFTS,4mz6,E,candidate,6,6,mapped_options_quality_pending,not_assessed,0.1.0
542,P52293,PDBe_SIFTS,4oih,A,candidate,6,6,mapped_options_quality_pending,not_assessed,0.1.0
543,P52293,PDBe_SIFTS,4u54,A,candidate,6,6,mapped_options_quality_pending,not_assessed,0.1.0
544,P52293,PDBe_SIFTS,4u58,A,candidate,6,6,mapped_options_quality_pending,not_assessed,0.1.0
545,P52293,PDBe_SIFTS,4u5l,A,candidate,6,6,mapped_options_quality_pending,not_assessed,0.1.0
546,P52293,PDBe_SIFTS,4u5n,A,candidate,6,6,mapped_options_quality_pending,not_assessed,0.1.0
547,P52293,PDBe_SIFTS,4u5o,A,candidate,6,6,mapped_options_quality_pending,not_assessed,0.1.0
548,P52293,PDBe_SIFTS,4u5s,A,candidate,6,6,mapped_options_quality_pending,not_assessed,0.1.0
549,P52293,PDBe_SIFTS,4u5u,A,candidate,6,6,mapped_options_quality_pending,not_assessed,0.1.0
550,P52293,PDBe_SIFTS,4u5v,A,candidate,6,6,mapped_options_quality_pending,not_assessed,0.1.0
551,P52293,PDBe_SIFTS,4uaf,B,candidate,6,6,mapped_options_quality_pending,not_assessed,0.1.0
552,P52293,PDBe_SIFTS,4yi0,C,candidate,6,6,mapped_options_quality_pending,not_assessed,0.1.0
553,P52293,PDBe_SIFTS,4zdu,A,candidate,6,6,mapped_options_quality_pending,not_assessed,0.1.0
554,P52293,PDBe_SIFTS,5b56,A,candidate,6,6,mapped_options_quality_pending,not_assessed,0.1.0
555,P52293,PDBe_SIFTS,5b56,B,candidate,6,6,mapped_options_quality_pending,not_assessed,0.1.0
556,P52293,PDBe_SIFTS,5ctt,A,candidate,6,6,mapped_options_quality_pending,not_assessed,0.1.0
557,P52293,PDBe_SIFTS,5d5k,C,candidate,6,6,mapped_options_quality_pending,not_assessed,0.1.0
558,P52293,PDBe_SIFTS,5e6q,B,candidate,6,6,mapped_options_quality_pending,not_assessed,0.1.0
559,P52293,PDBe_SIFTS,5ekf,A,candidate,6,6,mapped_options_quality_pending,not_assessed,0.1.0
560,P52293,PDBe_SIFTS,5ekg,A,candidate,6,6,mapped_options_quality_pending,not_assessed,0.1.0
561,P52293,PDBe_SIFTS,5fc8,E,candidate,6,6,mapped_options_quality_pending,not_assessed,0.1.0
562,P52293,PDBe_SIFTS,5gxw,A,candidate,6,6,mapped_options_quality_pending,not_assessed,0.1.0
563,P52293,PDBe_SIFTS,5hhg,E,candidate,6,6,mapped_options_quality_pending,not_assessed,0.1.0
564,P52293,PDBe_SIFTS,5huw,C,candidate,6,6,mapped_options_quality_pending,not_assessed,0.1.0
565,P52293,PDBe_SIFTS,5huy,C,candidate,6,6,mapped_options_quality_pending,not_assessed,0.1.0
566,P52293,PDBe_SIFTS,5k9s,A,candidate,6,6,mapped_options_quality_pending,not_assessed,0.1.0
567,P52293,PDBe_SIFTS,5klr,B,candidate,6,6,mapped_options_quality_pending,not_assessed,0.1.0
568,P52293,PDBe_SIFTS,5klt,B,candidate,6,6,mapped_options_quality_pending,not_assessed,0.1.0
569,P52293,PDBe_SIFTS,5svz,A,candidate,6,6,mapped_options_quality_pending,not_assessed,0.1.0
570,P52293,PDBe_SIFTS,5u5p,A,candidate,6,6,mapped_options_quality_pending,not_assessed,0.1.0
571,P52293,PDBe_SIFTS,5u5r,A,candidate,6,6,mapped_options_quality_pending,not_assessed,0.1.0
572,P52293,PDBe_SIFTS,5umz,B,candidate,6,6,mapped_options_quality_pending,not_assessed,0.1.0
573,P52293,PDBe_SIFTS,5v5o,C,candidate,6,6,mapped_options_quality_pending,not_assessed,0.1.0
574,P52293,PDBe_SIFTS,5v5p,C,candidate,6,6,mapped_options_quality_pending,not_assessed,0.1.0
575,P52293,PDBe_SIFTS,5w41,A,candidate,6,6,mapped_options_quality_pending,not_assessed,0.1.0
576,P52293,PDBe_SIFTS,5w4e,B,candidate,6,6,mapped_options_quality_pending,not_assessed,0.1.0
577,P52293,PDBe_SIFTS,5w4e,B,excluded,0,0,metadata_excluded,not_assessed,0.1.0
578,P52293,PDBe_SIFTS,5w4f,B,candidate,6,6,mapped_options_quality_pending,not_assessed,0.1.0
579,P52293,PDBe_SIFTS,5w4g,B,candidate,6,6,mapped_options_quality_pending,not_assessed,0.1.0
580,P52293,PDBe_SIFTS,5wum,A,candidate,6,6,mapped_options_quality_pending,not_assessed,0.1.0
581,P52293,PDBe_SIFTS,5wun,A,candidate,6,6,mapped_options_quality_pending,not_assessed,0.1.0
582,P52293,PDBe_SIFTS,5x8n,A,candidate,6,6,mapped_options_quality_pending,not_assessed,0.1.0
583,P52293,PDBe_SIFTS,6bvt,E,candidate,6,6,mapped_options_quality_pending,not_assessed,0.1.0
584,P52293,PDBe_SIFTS,6bw0,E,candidate,6,6,mapped_options_quality_pending,not_assessed,0.1.0
585,P52293,PDBe_SIFTS,6bw1,E,candidate,6,6,mapped_options_quality_pending,not_assessed,0.1.0
586,P52293,PDBe_SIFTS,6d7m,B,candidate,6,6,mapped_options_quality_pending,not_assessed,0.1.0
587,P52293,PDBe_SIFTS,6d7n,B,candidate,6,6,mapped_options_quality_pending,not_assessed,0.1.0
588,P52293,PDBe_SIFTS,6d7n,B,excluded,0,0,metadata_excluded,not_assessed,0.1.0
589,P52293,PDBe_SIFTS,6iu7,A,candidate,6,6,mapped_options_quality_pending,not_assessed,0.1.0
590,P52293,PDBe_SIFTS,6iua,A,candidate,6,6,mapped_options_quality_pending,not_assessed,0.1.0
591,P52293,PDBe_SIFTS,6iw8,C,candidate,6,6,mapped_options_quality_pending,not_assessed,0.1.0
592,P52293,PDBe_SIFTS,6iwa,C,candidate,6,6,mapped_options_quality_pending,not_assessed,0.1.0
593,P52293,PDBe_SIFTS,6k06,C,candidate,6,6,mapped_options_quality_pending,not_assessed,0.1.0
594,P52293,PDBe_SIFTS,6mjl,B,candidate,6,6,mapped_options_quality_pending,not_assessed,0.1.0
595,P52293,PDBe_SIFTS,6p6a,B,candidate,6,6,mapped_options_quality_pending,not_assessed,0.1.0
596,P52293,PDBe_SIFTS,6p6e,A,candidate,6,6,mapped_options_quality_pending,not_assessed,0.1.0
597,P52293,PDBe_SIFTS,6wba,A,candidate,6,6,mapped_options_quality_pending,not_assessed,0.1.0
598,P52293,PDBe_SIFTS,6wbb,I,candidate,6,6,mapped_options_quality_pending,not_assessed,0.1.0
599,P52293,PDBe_SIFTS,6wbc,A,candidate,6,6,mapped_options_quality_pending,not_assessed,0.1.0
600,P52293,PDBe_SIFTS,6wx7,A,candidate,6,6,mapped_options_quality_pending,not_assessed,0.1.0
601,P52293,PDBe_SIFTS,7jjm,B,candidate,6,6,mapped_options_quality_pending,not_assessed,0.1.0
602,P52293,PDBe_SIFTS,7jk7,B,candidate,6,6,mapped_options_quality_pending,not_assessed,0.1.0
603,P52293,PDBe_SIFTS,7jvo,A,candidate,6,6,mapped_options_quality_pending,not_assessed,0.1.0
604,P52293,PDBe_SIFTS,7l04,E,candidate,6,6,mapped_options_quality_pending,not_assessed,0.1.0
605,P52293,PDBe_SIFTS,7leq,E,candidate,6,6,mapped_options_quality_pending,not_assessed,0.1.0
606,P52293,PDBe_SIFTS,7let,E,candidate,6,6,mapped_options_quality_pending,not_assessed,0.1.0
607,P52293,PDBe_SIFTS,7leu,E,candidate,6,6,mapped_options_quality_pending,not_assessed,0.1.0
608,P52293,PDBe_SIFTS,7m60,A,candidate,6,6,mapped_options_quality_pending,not_assessed,0.1.0
609,P52293,PDBe_SIFTS,7rfx,A,candidate,6,6,mapped_options_quality_pending,not_assessed,0.1.0
610,P52293,PDBe_SIFTS,7rfz,A,candidate,6,6,mapped_options_quality_pending,not_assessed,0.1.0
611,P52293,PDBe_SIFTS,7rg0,A,candidate,6,6,mapped_options_quality_pending,not_assessed,0.1.0
612,P52293,PDBe_SIFTS,7rg1,A,candidate,6,6,mapped_options_quality_pending,not_assessed,0.1.0
613,P52293,PDBe_SIFTS,7rg2,A,candidate,6,6,mapped_options_quality_pending,not_assessed,0.1.0
614,P52293,PDBe_SIFTS,7rg3,A,candidate,6,6,mapped_options_quality_pending,not_assessed,0.1.0
615,P52293,PDBe_SIFTS,7rg4,E,candidate,6,6,mapped_options_quality_pending,not_assessed,0.1.0
616,P52293,PDBe_SIFTS,7rg6,A,candidate,6,6,mapped_options_quality_pending,not_assessed,0.1.0
617,P52293,PDBe_SIFTS,7tmx,I,candidate,6,6,mapped_options_quality_pending,not_assessed,0.1.0
618,P52293,PDBe_SIFTS,7tmy,I,candidate,6,6,mapped_options_quality_pending,not_assessed,0.1.0
619,P52293,PDBe_SIFTS,7umi,E,candidate,6,6,mapped_options_quality_pending,not_assessed,0.1.0
620,P52293,PDBe_SIFTS,8ech,E,candidate,6,6,mapped_options_quality_pending,not_assessed,0.1.0
621,P52293,PDBe_SIFTS,8f2q,A,candidate,6,6,mapped_options_quality_pending,not_assessed,0.1.0
622,P52293,PDBe_SIFTS,8fk3,A,candidate,6,6,mapped_options_quality_pending,not_assessed,0.1.0
623,P52293,PDBe_SIFTS,8fua,A,candidate,6,6,mapped_options_quality_pending,not_assessed,0.1.0
624,P52293,PDBe_SIFTS,8fuc,B,candidate,6,6,mapped_options_quality_pending,not_assessed,0.1.0
625,P52293,PDBe_SIFTS,8g8q,A,candidate,6,6,mapped_options_quality_pending,not_assessed,0.1.0
626,P52293,PDBe_SIFTS,8g8r,A,candidate,6,6,mapped_options_quality_pending,not_assessed,0.1.0
627,P52293,PDBe_SIFTS,8g8s,A,candidate,6,6,mapped_options_quality_pending,not_assessed,0.1.0
628,P52293,PDBe_SIFTS,8he0,A,candidate,6,6,mapped_options_quality_pending,not_assessed,0.1.0
629,P52293,PDBe_SIFTS,8he3,A,candidate,6,6,mapped_options_quality_pending,not_assessed,0.1.0
630,P52293,PDBe_SIFTS,8q8k,A,candidate,6,6,mapped_options_quality_pending,not_assessed,0.1.0
631,P52293,PDBe_SIFTS,8q8k,B,candidate,6,6,mapped_options_quality_pending,not_assessed,0.1.0
632,P52293,PDBe_SIFTS,8qxw,A,candidate,6,6,mapped_options_quality_pending,not_assessed,0.1.0
633,P52293,PDBe_SIFTS,8qxx,A,candidate,6,6,mapped_options_quality_pending,not_assessed,0.1.0
634,P52293,PDBe_SIFTS,8sg7,B,candidate,6,6,mapped_options_quality_pending,not_assessed,0.1.0
635,P52293,PDBe_SIFTS,8sud,A,candidate,6,6,mapped_options_quality_pending,not_assessed,0.1.0
636,P52293,PDBe_SIFTS,8sv0,B,candidate,6,6,mapped_options_quality_pending,not_assessed,0.1.0
637,P52293,PDBe_SIFTS,8tuq,A,candidate,6,6,mapped_options_quality_pending,not_assessed,0.1.0
638,P52293,PDBe_SIFTS,8tur,A,candidate,6,6,mapped_options_quality_pending,not_assessed,0.1.0
639,P52293,PDBe_SIFTS,8tus,A,candidate,6,6,mapped_options_quality_pending,not_assessed,0.1.0
640,P52293,PDBe_SIFTS,8tut,A,candidate,6,6,mapped_options_quality_pending,not_assessed,0.1.0
641,P52293,PDBe_SIFTS,8tuu,A,candidate,6,6,mapped_options_quality_pending,not_assessed,0.1.0
642,P52293,PDBe_SIFTS,8tuv,A,candidate,6,6,mapped_options_quality_pending,not_assessed,0.1.0
643,P52293,PDBe_SIFTS,8u36,A,candidate,6,6,mapped_options_quality_pending,not_assessed,0.1.0
644,P52293,PDBe_SIFTS,8vpr,A,candidate,6,6,mapped_options_quality_pending,not_assessed,0.1.0
645,P52293,PDBe_SIFTS,8vpu,A,candidate,6,6,mapped_options_quality_pending,not_assessed,0.1.0
646,P52293,PDBe_SIFTS,9cft,A,candidate,6,6,mapped_options_quality_pending,not_assessed,0.1.0
647,P52293,PDBe_SIFTS,9cl8,A,candidate,6,6,mapped_options_quality_pending,not_assessed,0.1.0
648,P52293,PDBe_SIFTS,9cle,A,candidate,6,6,mapped_options_quality_pending,not_assessed,0.1.0
649,P52293,PDBe_SIFTS,9clf,A,candidate,6,6,mapped_options_quality_pending,not_assessed,0.1.0
650,P52293,PDBe_SIFTS,9clg,A,candidate,6,6,mapped_options_quality_pending,not_assessed,0.1.0
651,P52293,PDBe_SIFTS,9mik,E,candidate,6,6,mapped_options_quality_pending,not_assessed,0.1.0
652,P52293,PDBe_SIFTS,9mka,E,candidate,6,6,mapped_options_quality_pending,not_assessed,0.1.0
653,P52293,PDBe_SIFTS,9n54,E,candidate,6,6,mapped_options_quality_pending,not_assessed,0.1.0
654,P52293,PDBe_SIFTS,9nib,A,candidate,6,6,mapped_options_quality_pending,not_assessed,0.1.0
655,P52293,PDBe_SIFTS,9nz1,A,candidate,6,6,mapped_options_quality_pending,not_assessed,0.1.0
656,P52293,PDBe_SIFTS,9ovz,A,candidate,6,6,mapped_options_quality_pending,not_assessed,0.1.0
657,P52293,PDBe_SIFTS,9pyr,E,candidate,6,6,mapped_options_quality_pending,not_assessed,0.1.0
658,P52293,PDBe_SIFTS,9y0r,A,candidate,6,6,mapped_options_quality_pending,not_assessed,0.1.0
659,P52293,PDBe_SIFTS,9y7k,A,candidate,6,6,mapped_options_quality_pending,not_assessed,0.1.0
660,P52293,PDBe_SIFTS,9ytz,E,candidate,6,6,mapped_options_quality_pending,not_assessed,0.1.0
661,P52293,PDBe_SIFTS,9yy4,A,candidate,6,6,mapped_options_quality_pending,not_assessed,0.1.0
662,P52825,AlphaFold_DB,AF-P52825-F1,A,candidate,10,10,mapped_options_quality_pending,not_assessed,0.1.0
663,P54130,AlphaFold_DB,AF-P54130-F1,A,candidate,2,2,mapped_options_quality_pending,not_assessed,0.1.0
664,P54320,AlphaFold_DB,AF-P54320-F1,A,candidate,2,2,mapped_options_quality_pending,not_assessed,0.1.0
665,P54369,AlphaFold_DB,AF-P54369-F1,A,candidate,7,7,mapped_options_quality_pending,not_assessed,0.1.0
666,P55271,AlphaFold_DB,AF-P55271-F1,A,candidate,2,2,mapped_options_quality_pending,not_assessed,0.1.0
667,P55271,PDBe_SIFTS,1d9s,A,candidate,2,0,no_mapped_options,not_assessed,0.1.0
668,P55284,AlphaFold_DB,AF-P55284-F1,A,candidate,5,5,mapped_options_quality_pending,not_assessed,0.1.0
669,P55284,PDBe_SIFTS,2koh,B,candidate,100,0,no_mapped_options,not_assessed,0.1.0
670,P56375,AlphaFold_DB,AF-P56375-F1,A,candidate,1,1,mapped_options_quality_pending,not_assessed,0.1.0
671,P56389,AlphaFold_DB,AF-P56389-F1,A,candidate,7,7,mapped_options_quality_pending,not_assessed,0.1.0
672,P56389,PDBe_SIFTS,1zab,A,candidate,7,6,mapped_options_quality_pending,not_assessed,0.1.0
673,P56389,PDBe_SIFTS,1zab,B,candidate,7,6,mapped_options_quality_pending,not_assessed,0.1.0
674,P56389,PDBe_SIFTS,1zab,C,candidate,7,6,mapped_options_quality_pending,not_assessed,0.1.0
675,P56389,PDBe_SIFTS,1zab,D,candidate,7,6,mapped_options_quality_pending,not_assessed,0.1.0
676,P56389,PDBe_SIFTS,2fr5,A,candidate,7,6,mapped_options_quality_pending,not_assessed,0.1.0
677,P56389,PDBe_SIFTS,2fr5,B,candidate,7,6,mapped_options_quality_pending,not_assessed,0.1.0
678,P56389,PDBe_SIFTS,2fr5,C,candidate,7,6,mapped_options_quality_pending,not_assessed,0.1.0
679,P56389,PDBe_SIFTS,2fr5,D,candidate,7,6,mapped_options_quality_pending,not_assessed,0.1.0
680,P56389,PDBe_SIFTS,2fr6,A,candidate,7,6,mapped_options_quality_pending,not_assessed,0.1.0
681,P56389,PDBe_SIFTS,2fr6,B,candidate,7,6,mapped_options_quality_pending,not_assessed,0.1.0
682,P56389,PDBe_SIFTS,2fr6,C,candidate,7,6,mapped_options_quality_pending,not_assessed,0.1.0
683,P56389,PDBe_SIFTS,2fr6,D,candidate,7,6,mapped_options_quality_pending,not_assessed,0.1.0
684,P56392,AlphaFold_DB,AF-P56392-F1,A,candidate,2,2,mapped_options_quality_pending,not_assessed,0.1.0
685,P56476,AlphaFold_DB,AF-P56476-2-F1,A,held,0,0,metadata_held,not_assessed,0.1.0
686,P56476,AlphaFold_DB,AF-P56476-F1,A,candidate,5,5,mapped_options_quality_pending,not_assessed,0.1.0
687,P56481,AlphaFold_DB,AF-P56481-F1,A,candidate,15,15,mapped_options_quality_pending,not_assessed,0.1.0
688,P56485,AlphaFold_DB,AF-P56485-F1,A,candidate,13,13,mapped_options_quality_pending,not_assessed,0.1.0
689,P57787,AlphaFold_DB,AF-P57787-F1,A,candidate,11,11,mapped_options_quality_pending,not_assessed,0.1.0
690,P58006,AlphaFold_DB,AF-P58006-F1,A,candidate,11,11,mapped_options_quality_pending,not_assessed,0.1.0
691,P58044,AlphaFold_DB,AF-0000000011341358,A,held,0,0,metadata_held,not_assessed,0.1.0
692,P58044,AlphaFold_DB,AF-P58044-F1,A,candidate,6,6,mapped_options_quality_pending,not_assessed,0.1.0
693,P58459,AlphaFold_DB,AF-P58459-2-F1,A,held,0,0,metadata_held,not_assessed,0.1.0
694,P58459,AlphaFold_DB,AF-P58459-3-F1,A,held,0,0,metadata_held,not_assessed,0.1.0
695,P58459,AlphaFold_DB,AF-P58459-F1,A,candidate,66,66,mapped_options_quality_pending,not_assessed,0.1.0
696,P58462,AlphaFold_DB,AF-P58462-2-F1,A,held,0,0,metadata_held,not_assessed,0.1.0
697,P58462,AlphaFold_DB,AF-P58462-3-F1,A,held,0,0,metadata_held,not_assessed,0.1.0
698,P58462,AlphaFold_DB,AF-P58462-4-F1,A,held,0,0,metadata_held,not_assessed,0.1.0
699,P58462,AlphaFold_DB,AF-P58462-5-F1,A,held,0,0,metadata_held,not_assessed,0.1.0
700,P58462,AlphaFold_DB,AF-P58462-F1,A,candidate,8,8,mapped_options_quality_pending,not_assessed,0.1.0
701,P58686,AlphaFold_DB,AF-P58686-F1,A,candidate,1,1,mapped_options_quality_pending,not_assessed,0.1.0
702,P58742,AlphaFold_DB,AF-P58742-F1,A,candidate,16,16,mapped_options_quality_pending,not_assessed,0.1.0
703,P61014,AlphaFold_DB,AF-P61014-F1,A,candidate,3,3,mapped_options_quality_pending,not_assessed,0.1.0
704,P61014,PDBe_SIFTS,3o7l,I,candidate,3,0,no_mapped_options,not_assessed,0.1.0
705,P61027,AlphaFold_DB,AF-P61027-F1,A,candidate,4,4,mapped_options_quality_pending,not_assessed,0.1.0
706,P61079,AlphaFold_DB,AF-P61079-F1,A,candidate,4,4,mapped_options_quality_pending,not_assessed,0.1.0
707,P61079,PDBe_SIFTS,12dl,CA,candidate,4,4,mapped_options_quality_pending,not_assessed,0.1.0
708,P61079,PDBe_SIFTS,12dl,CB,candidate,4,4,mapped_options_quality_pending,not_assessed,0.1.0
709,P61079,PDBe_SIFTS,24mc,a,candidate,4,4,mapped_options_quality_pending,not_assessed,0.1.0
710,P61079,PDBe_SIFTS,24mc,c,candidate,4,4,mapped_options_quality_pending,not_assessed,0.1.0
711,P61079,PDBe_SIFTS,9sfp,c,candidate,4,4,mapped_options_quality_pending,not_assessed,0.1.0
712,P61079,PDBe_SIFTS,9t63,b,candidate,4,0,no_mapped_options,not_assessed,0.1.0
713,P61079,PDBe_SIFTS,9t64,AI,candidate,4,0,no_mapped_options,not_assessed,0.1.0
714,P61079,PDBe_SIFTS,9t64,b,candidate,4,0,no_mapped_options,not_assessed,0.1.0
715,P61079,PDBe_SIFTS,9t64,p,candidate,4,0,no_mapped_options,not_assessed,0.1.0
716,P61079,PDBe_SIFTS,9t67,AI,candidate,4,0,no_mapped_options,not_assessed,0.1.0
717,P61079,PDBe_SIFTS,9t67,b,candidate,4,0,no_mapped_options,not_assessed,0.1.0
718,P61079,PDBe_SIFTS,9t67,p,candidate,4,0,no_mapped_options,not_assessed,0.1.0
719,P61079,PDBe_SIFTS,9t68,AI,candidate,4,0,no_mapped_options,not_assessed,0.1.0
720,P61079,PDBe_SIFTS,9t68,b,candidate,4,0,no_mapped_options,not_assessed,0.1.0
721,P61079,PDBe_SIFTS,9t68,p,candidate,4,0,no_mapped_options,not_assessed,0.1.0
722,P61079,PDBe_SIFTS,9w2m,O,candidate,4,4,mapped_options_quality_pending,not_assessed,0.1.0
723,P61079,PDBe_SIFTS,9w2m,o,candidate,4,4,mapped_options_quality_pending,not_assessed,0.1.0
724,P61079,PDBe_SIFTS,9xrl,AD,candidate,4,4,mapped_options_quality_pending,not_assessed,0.1.0
725,P61079,PDBe_SIFTS,9xrl,AM,candidate,4,3,mapped_options_quality_pending,not_assessed,0.1.0
726,P61079,PDBe_SIFTS,9xrl,AS,candidate,4,4,mapped_options_quality_pending,not_assessed,0.1.0
727,P61213,AlphaFold_DB,AF-P61213-F1,A,candidate,3,3,mapped_options_quality_pending,not_assessed,0.1.0
728,P61216,AlphaFold_DB,AF-P61216-F1,A,candidate,1,1,mapped_options_quality_pending,not_assessed,0.1.0
729,P61971,AlphaFold_DB,AF-P61971-F1,A,candidate,3,3,mapped_options_quality_pending,not_assessed,0.1.0
730,P62073,AlphaFold_DB,AF-P62073-F1,A,candidate,4,4,mapped_options_quality_pending,not_assessed,0.1.0
731,P62080,AlphaFold_DB,AF-P62080-F1,A,candidate,12,12,mapped_options_quality_pending,not_assessed,0.1.0
732,P62334,AlphaFold_DB,AF-P62334-F1,A,candidate,5,5,mapped_options_quality_pending,not_assessed,0.1.0
733,P62700,AlphaFold_DB,AF-P62700-F1,A,candidate,4,4,mapped_options_quality_pending,not_assessed,0.1.0
734,P62827,AlphaFold_DB,AF-P62827-F1,A,candidate,3,3,mapped_options_quality_pending,not_assessed,0.1.0
735,P63037,AlphaFold_DB,AF-P63037-F1,A,candidate,13,13,mapped_options_quality_pending,not_assessed,0.1.0
736,P63038,AlphaFold_DB,AF-P63038-2-F1,A,held,0,0,metadata_held,not_assessed,0.1.0
737,P63038,AlphaFold_DB,AF-P63038-F1,A,candidate,3,3,mapped_options_quality_pending,not_assessed,0.1.0
738,P63078,AlphaFold_DB,AF-P63078-F1,A,candidate,2,2,mapped_options_quality_pending,not_assessed,0.1.0
739,P63087,AlphaFold_DB,AF-P63087-2-F1,A,held,0,0,metadata_held,not_assessed,0.1.0
740,P63087,AlphaFold_DB,AF-P63087-F1,A,candidate,13,13,mapped_options_quality_pending,not_assessed,0.1.0
741,P63087,PDBe_SIFTS,4v0u,D,candidate,13,13,mapped_options_quality_pending,not_assessed,0.1.0
742,P63087,PDBe_SIFTS,4v0u,F,candidate,13,13,mapped_options_quality_pending,not_assessed,0.1.0
743,P63087,PDBe_SIFTS,4v0u,H,candidate,13,13,mapped_options_quality_pending,not_assessed,0.1.0
744,P63087,PDBe_SIFTS,4v0u,J,candidate,13,13,mapped_options_quality_pending,not_assessed,0.1.0
745,P63087,PDBe_SIFTS,4v0u,N,candidate,13,13,mapped_options_quality_pending,not_assessed,0.1.0
746,P63087,PDBe_SIFTS,4v0v,A,candidate,13,13,mapped_options_quality_pending,not_assessed,0.1.0
747,P63087,PDBe_SIFTS,4v0v,C,candidate,13,13,mapped_options_quality_pending,not_assessed,0.1.0
748,P63087,PDBe_SIFTS,4v0w,A,candidate,13,13,mapped_options_quality_pending,not_assessed,0.1.0
749,P63087,PDBe_SIFTS,4v0w,C,candidate,13,13,mapped_options_quality_pending,not_assessed,0.1.0
750,P63087,PDBe_SIFTS,4v0x,A,candidate,13,13,mapped_options_quality_pending,not_assessed,0.1.0
751,P63087,PDBe_SIFTS,9ijj,4a,candidate,13,13,mapped_options_quality_pending,not_assessed,0.1.0
752,P63168,AlphaFold_DB,AF-P63168-F1,A,candidate,3,3,mapped_options_quality_pending,not_assessed,0.1.0
753,P63239,AlphaFold_DB,AF-P63239-F1,A,candidate,11,11,mapped_options_quality_pending,not_assessed,0.1.0
754,P63239,PDBe_SIFTS,1kn6,A,candidate,220,0,no_mapped_options,not_assessed,0.1.0
755,P63239,PDBe_SIFTS,2kdt,A,candidate,220,0,no_mapped_options,not_assessed,0.1.0
756,P63239,PDBe_SIFTS,2ke3,A,candidate,220,0,no_mapped_options,not_assessed,0.1.0
757,P63254,AlphaFold_DB,AF-P63254-F1,A,candidate,7,7,mapped_options_quality_pending,not_assessed,0.1.0
758,P63268,AlphaFold_DB,AF-P63268-F1,A,candidate,7,7,mapped_options_quality_pending,not_assessed,0.1.0
759,P68368,AlphaFold_DB,AF-P68368-F1,A,candidate,13,13,mapped_options_quality_pending,not_assessed,0.1.0
760,P68368,PDBe_SIFTS,8ixf,A,candidate,13,0,no_mapped_options,not_assessed,0.1.0
761,P68368,PDBe_SIFTS,8ixf,B,candidate,13,0,no_mapped_options,not_assessed,0.1.0
762,P68368,PDBe_SIFTS,8ixf,C,candidate,13,0,no_mapped_options,not_assessed,0.1.0
763,P68368,PDBe_SIFTS,8ixf,D,candidate,13,0,no_mapped_options,not_assessed,0.1.0
764,P68368,PDBe_SIFTS,8ixf,E,candidate,13,0,no_mapped_options,not_assessed,0.1.0
765,P68368,PDBe_SIFTS,8ixf,F,candidate,13,0,no_mapped_options,not_assessed,0.1.0
766,P68368,PDBe_SIFTS,8ixf,G,candidate,13,0,no_mapped_options,not_assessed,0.1.0
767,P68368,PDBe_SIFTS,8ixf,H,candidate,13,0,no_mapped_options,not_assessed,0.1.0
768,P68368,PDBe_SIFTS,8ixf,I,candidate,13,0,no_mapped_options,not_assessed,0.1.0
769,P68368,PDBe_SIFTS,8ixg,B,candidate,13,0,no_mapped_options,not_assessed,0.1.0
770,P68368,PDBe_SIFTS,8ixg,H,candidate,13,0,no_mapped_options,not_assessed,0.1.0
771,P68368,PDBe_SIFTS,8ixg,J,candidate,13,0,no_mapped_options,not_assessed,0.1.0
772,P68368,PDBe_SIFTS,8ixg,K,candidate,13,0,no_mapped_options,not_assessed,0.1.0
773,P70120,AlphaFold_DB,AF-P70120-F1,A,candidate,2,2,mapped_options_quality_pending,not_assessed,0.1.0
774,P70170,AlphaFold_DB,AF-P70170-2-F1,A,held,0,0,metadata_held,not_assessed,0.1.0
775,P70170,AlphaFold_DB,AF-P70170-3-F1,A,held,0,0,metadata_held,not_assessed,0.1.0
776,P70170,AlphaFold_DB,AF-P70170-F1,A,candidate,24,24,mapped_options_quality_pending,not_assessed,0.1.0
777,P70210,AlphaFold_DB,AF-P70210-F1,A,candidate,3,3,mapped_options_quality_pending,not_assessed,0.1.0
778,P70245,AlphaFold_DB,AF-P70245-F1,A,candidate,4,4,mapped_options_quality_pending,not_assessed,0.1.0
779,P70378,AlphaFold_DB,AF-P70378-F1,A,candidate,6,6,mapped_options_quality_pending,not_assessed,0.1.0
780,P70423,AlphaFold_DB,AF-P70423-F1,A,candidate,14,14,mapped_options_quality_pending,not_assessed,0.1.0
781,P84075,AlphaFold_DB,AF-P84075-F1,A,candidate,2,2,mapped_options_quality_pending,not_assessed,0.1.0
782,P86046,AlphaFold_DB,AF-P86046-F1,A,candidate,5,5,mapped_options_quality_pending,not_assessed,0.1.0
783,P97297,AlphaFold_DB,AF-P97297-F1,A,candidate,2,2,mapped_options_quality_pending,not_assessed,0.1.0
784,P97315,AlphaFold_DB,AF-P97315-F1,A,candidate,15,15,mapped_options_quality_pending,not_assessed,0.1.0
785,P97430,AlphaFold_DB,AF-P97430-F1,A,candidate,17,17,mapped_options_quality_pending,not_assessed,0.1.0
786,P97769,AlphaFold_DB,AF-P97769-F1,A,candidate,1,1,mapped_options_quality_pending,not_assessed,0.1.0
787,P97794,AlphaFold_DB,AF-P97794-F1,A,candidate,9,9,mapped_options_quality_pending,not_assessed,0.1.0
788,P98083,AlphaFold_DB,AF-P98083-2-F1,A,held,0,0,metadata_held,not_assessed,0.1.0
789,P98083,AlphaFold_DB,AF-P98083-3-F1,A,held,0,0,metadata_held,not_assessed,0.1.0
790,P98083,AlphaFold_DB,AF-P98083-F1,A,candidate,9,9,mapped_options_quality_pending,not_assessed,0.1.0
791,Q00519,AlphaFold_DB,AF-Q00519-F1,A,candidate,37,37,mapped_options_quality_pending,not_assessed,0.1.0
792,Q01320,AlphaFold_DB,AF-Q01320-F1,A,candidate,14,14,mapped_options_quality_pending,not_assessed,0.1.0
793,Q01721,AlphaFold_DB,AF-Q01721-F1,A,candidate,23,23,mapped_options_quality_pending,not_assessed,0.1.0
794,Q02788,AlphaFold_DB,AF-Q02788-F1,A,candidate,20,20,mapped_options_quality_pending,not_assessed,0.1.0
795,Q03160,AlphaFold_DB,AF-Q03160-F1,A,candidate,16,16,mapped_options_quality_pending,not_assessed,0.1.0
796,Q03526,AlphaFold_DB,AF-Q03526-F1,A,candidate,18,18,mapped_options_quality_pending,not_assessed,0.1.0
797,Q03526,PDBe_SIFTS,1awj,A,candidate,18,1,mapped_options_quality_pending,not_assessed,0.1.0
798,Q03526,PDBe_SIFTS,1lui,A,candidate,360,40,mapped_options_quality_pending,not_assessed,0.1.0
799,Q03526,PDBe_SIFTS,1luk,A,candidate,18,2,mapped_options_quality_pending,not_assessed,0.1.0
800,Q03526,PDBe_SIFTS,1lum,A,candidate,360,40,mapped_options_quality_pending,not_assessed,0.1.0
801,Q03526,PDBe_SIFTS,1lun,A,candidate,18,2,mapped_options_quality_pending,not_assessed,0.1.0
802,Q03526,PDBe_SIFTS,2etz,A,candidate,18,2,mapped_options_quality_pending,not_assessed,0.1.0
803,Q03526,PDBe_SIFTS,2eu0,A,candidate,360,40,mapped_options_quality_pending,not_assessed,0.1.0
804,Q03526,PDBe_SIFTS,2k79,A,candidate,18,1,mapped_options_quality_pending,not_assessed,0.1.0
805,Q03526,PDBe_SIFTS,2k79,B,candidate,18,2,mapped_options_quality_pending,not_assessed,0.1.0
806,Q03526,PDBe_SIFTS,2k7a,A,candidate,360,20,mapped_options_quality_pending,not_assessed,0.1.0
807,Q03526,PDBe_SIFTS,2k7a,B,candidate,360,40,mapped_options_quality_pending,not_assessed,0.1.0
808,Q03526,PDBe_SIFTS,2rn8,A,candidate,360,20,mapped_options_quality_pending,not_assessed,0.1.0
809,Q03526,PDBe_SIFTS,2rna,A,candidate,18,1,mapped_options_quality_pending,not_assessed,0.1.0
810,Q03526,PDBe_SIFTS,3s9k,A,candidate,18,2,mapped_options_quality_pending,not_assessed,0.1.0
811,Q03719,AlphaFold_DB,AF-Q03719-F1,A,candidate,18,18,mapped_options_quality_pending,not_assessed,0.1.0
812,Q04857,AlphaFold_DB,AF-Q04857-F1,A,candidate,20,20,mapped_options_quality_pending,not_assessed,0.1.0
813,Q05685,AlphaFold_DB,AF-Q05685-F1,A,candidate,16,16,mapped_options_quality_pending,not_assessed,0.1.0
814,Q05910,AlphaFold_DB,AF-Q05910-F1,A,candidate,43,43,mapped_options_quality_pending,not_assessed,0.1.0
815,Q05AA6,AlphaFold_DB,AF-Q05AA6-F1,A,candidate,22,22,mapped_options_quality_pending,not_assessed,0.1.0
816,Q07646,AlphaFold_DB,AF-Q07646-2-F1,A,held,0,0,metadata_held,not_assessed,0.1.0
817,Q07646,AlphaFold_DB,AF-Q07646-F1,A,candidate,1,1,mapped_options_quality_pending,not_assessed,0.1.0
818,Q08091,AlphaFold_DB,AF-Q08091-2-F1,A,held,0,0,metadata_held,not_assessed,0.1.0
819,Q08091,AlphaFold_DB,AF-Q08091-F1,A,candidate,3,3,mapped_options_quality_pending,not_assessed,0.1.0
820,Q08481,AlphaFold_DB,AF-Q08481-2-F1,A,held,0,0,metadata_held,not_assessed,0.1.0
821,Q08481,AlphaFold_DB,AF-Q08481-3-F1,A,held,0,0,metadata_held,not_assessed,0.1.0
822,Q08481,AlphaFold_DB,AF-Q08481-4-F1,A,held,0,0,metadata_held,not_assessed,0.1.0
823,Q08481,AlphaFold_DB,AF-Q08481-F1,A,candidate,15,15,mapped_options_quality_pending,not_assessed,0.1.0
824,Q0VAW7,AlphaFold_DB,AF-Q0VAW7-2-F1,A,held,0,0,metadata_held,not_assessed,0.1.0
825,Q0VAW7,AlphaFold_DB,AF-Q0VAW7-F1,A,candidate,53,53,mapped_options_quality_pending,not_assessed,0.1.0
826,Q0VBD0,AlphaFold_DB,AF-Q0VBD0-F1,A,candidate,54,54,mapped_options_quality_pending,not_assessed,0.1.0
827,Q0VBL6,AlphaFold_DB,AF-Q0VBL6-2-F1,A,held,0,0,metadata_held,not_assessed,0.1.0
828,Q0VBL6,AlphaFold_DB,AF-Q0VBL6-3-F1,A,held,0,0,metadata_held,not_assessed,0.1.0
829,Q0VBL6,AlphaFold_DB,AF-Q0VBL6-F1,A,candidate,12,12,mapped_options_quality_pending,not_assessed,0.1.0
830,Q0VBL6,PDBe_SIFTS,7v7l,B,candidate,12,9,mapped_options_quality_pending,not_assessed,0.1.0
831,Q0VBL6,PDBe_SIFTS,7v7w,B,candidate,12,9,mapped_options_quality_pending,not_assessed,0.1.0
832,Q0VG18,AlphaFold_DB,AF-Q0VG18-F1,A,candidate,1,1,mapped_options_quality_pending,not_assessed,0.1.0
833,Q0VGT2,AlphaFold_DB,AF-Q0VGT2-F1,A,candidate,27,27,mapped_options_quality_pending,not_assessed,0.1.0
834,Q0VGT4,AlphaFold_DB,AF-Q0VGT4-2-F1,A,held,0,0,metadata_held,not_assessed,0.1.0
835,Q0VGT4,AlphaFold_DB,AF-Q0VGT4-F1,A,candidate,52,52,mapped_options_quality_pending,not_assessed,0.1.0
836,Q0VGU4,AlphaFold_DB,AF-Q0VGU4-F1,A,candidate,1,1,mapped_options_quality_pending,not_assessed,0.1.0
837,Q0VGU4,PDBe_SIFTS,9kv6,D,candidate,1,0,no_mapped_options,not_assessed,0.1.0
838,Q14AT5,AlphaFold_DB,AF-Q14AT5-2-F1,A,held,0,0,metadata_held,not_assessed,0.1.0
839,Q14AT5,AlphaFold_DB,AF-Q14AT5-F1,A,candidate,19,19,mapped_options_quality_pending,not_assessed,0.1.0
840,Q14C51,AlphaFold_DB,AF-Q14C51-F1,A,candidate,10,10,mapped_options_quality_pending,not_assessed,0.1.0
841,Q14C51,PDBe_SIFTS,7pnt,4,candidate,10,7,mapped_options_quality_pending,not_assessed,0.1.0
842,Q14C51,PDBe_SIFTS,7pnu,4,candidate,10,7,mapped_options_quality_pending,not_assessed,0.1.0
843,Q14C51,PDBe_SIFTS,7pnv,4,candidate,10,7,mapped_options_quality_pending,not_assessed,0.1.0
844,Q14C51,PDBe_SIFTS,7pnw,4,candidate,10,7,mapped_options_quality_pending,not_assessed,0.1.0
845,Q14DH7,AlphaFold_DB,AF-Q14DH7-2-F1,A,held,0,0,metadata_held,not_assessed,0.1.0
846,Q14DH7,AlphaFold_DB,AF-Q14DH7-F1,A,candidate,11,11,mapped_options_quality_pending,not_assessed,0.1.0
847,Q1JRP2,AlphaFold_DB,AF-Q1JRP2-F1,A,candidate,13,13,mapped_options_quality_pending,not_assessed,0.1.0
848,Q3MI99,AlphaFold_DB,AF-Q3MI99-F1,A,candidate,21,21,mapped_options_quality_pending,not_assessed,0.1.0
849,Q3T9X0,AlphaFold_DB,AF-Q3T9X0-2-F1,A,held,0,0,metadata_held,not_assessed,0.1.0
850,Q3T9X0,AlphaFold_DB,AF-Q3T9X0-3-F1,A,held,0,0,metadata_held,not_assessed,0.1.0
851,Q3T9X0,AlphaFold_DB,AF-Q3T9X0-4-F1,A,held,0,0,metadata_held,not_assessed,0.1.0
852,Q3T9X0,AlphaFold_DB,AF-Q3T9X0-F1,A,candidate,8,8,mapped_options_quality_pending,not_assessed,0.1.0
853,Q3TB82,AlphaFold_DB,AF-Q3TB82-F1,A,candidate,12,12,mapped_options_quality_pending,not_assessed,0.1.0
854,Q3TBT3,AlphaFold_DB,AF-Q3TBT3-2-F1,A,held,0,0,metadata_held,not_assessed,0.1.0
855,Q3TBT3,AlphaFold_DB,AF-Q3TBT3-3-F1,A,held,0,0,metadata_held,not_assessed,0.1.0
856,Q3TBT3,AlphaFold_DB,AF-Q3TBT3-F1,A,candidate,11,11,mapped_options_quality_pending,not_assessed,0.1.0
857,Q3TBT3,PDBe_SIFTS,11gl,A,candidate,11,4,mapped_options_quality_pending,not_assessed,0.1.0
858,Q3TBT3,PDBe_SIFTS,11gl,B,candidate,11,4,mapped_options_quality_pending,not_assessed,0.1.0
859,Q3TBT3,PDBe_SIFTS,11gm,A,candidate,11,4,mapped_options_quality_pending,not_assessed,0.1.0
860,Q3TBT3,PDBe_SIFTS,11gm,B,candidate,11,4,mapped_options_quality_pending,not_assessed,0.1.0
861,Q3TBT3,PDBe_SIFTS,11gm,C,candidate,11,4,mapped_options_quality_pending,not_assessed,0.1.0
862,Q3TBT3,PDBe_SIFTS,11gm,D,candidate,11,4,mapped_options_quality_pending,not_assessed,0.1.0
863,Q3TBT3,PDBe_SIFTS,11gn,A,candidate,11,4,mapped_options_quality_pending,not_assessed,0.1.0
864,Q3TBT3,PDBe_SIFTS,11gn,B,candidate,11,4,mapped_options_quality_pending,not_assessed,0.1.0
865,Q3TBT3,PDBe_SIFTS,11gn,D,candidate,11,4,mapped_options_quality_pending,not_assessed,0.1.0
866,Q3TBT3,PDBe_SIFTS,11gn,E,candidate,11,4,mapped_options_quality_pending,not_assessed,0.1.0
867,Q3TBT3,PDBe_SIFTS,4jc5,A,candidate,11,4,mapped_options_quality_pending,not_assessed,0.1.0
868,Q3TBT3,PDBe_SIFTS,4jc5,B,candidate,11,4,mapped_options_quality_pending,not_assessed,0.1.0
869,Q3TBT3,PDBe_SIFTS,4kby,A,candidate,11,4,mapped_options_quality_pending,not_assessed,0.1.0
870,Q3TBT3,PDBe_SIFTS,4kby,B,candidate,11,4,mapped_options_quality_pending,not_assessed,0.1.0
871,Q3TBT3,PDBe_SIFTS,4kc0,A,candidate,11,4,mapped_options_quality_pending,not_assessed,0.1.0
872,Q3TBT3,PDBe_SIFTS,4kc0,B,candidate,11,4,mapped_options_quality_pending,not_assessed,0.1.0
873,Q3TBT3,PDBe_SIFTS,4loj,A,candidate,11,4,mapped_options_quality_pending,not_assessed,0.1.0
874,Q3TBT3,PDBe_SIFTS,4loj,B,candidate,11,4,mapped_options_quality_pending,not_assessed,0.1.0
875,Q3TBT3,PDBe_SIFTS,4lok,A,candidate,11,4,mapped_options_quality_pending,not_assessed,0.1.0
876,Q3TBT3,PDBe_SIFTS,4lok,B,candidate,11,4,mapped_options_quality_pending,not_assessed,0.1.0
877,Q3TBT3,PDBe_SIFTS,4lol,A,candidate,11,3,mapped_options_quality_pending,not_assessed,0.1.0
878,Q3TBT3,PDBe_SIFTS,4lol,B,candidate,11,3,mapped_options_quality_pending,not_assessed,0.1.0
879,Q3TBT3,PDBe_SIFTS,4yp1,A,candidate,11,4,mapped_options_quality_pending,not_assessed,0.1.0
880,Q3TBT3,PDBe_SIFTS,4yp1,B,candidate,11,4,mapped_options_quality_pending,not_assessed,0.1.0
881,Q3TBT3,PDBe_SIFTS,6xnn,A,candidate,11,4,mapped_options_quality_pending,not_assessed,0.1.0
882,Q3TBT3,PDBe_SIFTS,6xnn,B,candidate,11,4,mapped_options_quality_pending,not_assessed,0.1.0
883,Q3TBT3,PDBe_SIFTS,9ltf,A,candidate,11,4,mapped_options_quality_pending,not_assessed,0.1.0
884,Q3TCX3,AlphaFold_DB,AF-Q3TCX3-2-F1,A,held,0,0,metadata_held,not_assessed,0.1.0
885,Q3TCX3,AlphaFold_DB,AF-Q3TCX3-3-F1,A,held,0,0,metadata_held,not_assessed,0.1.0
886,Q3TCX3,AlphaFold_DB,AF-Q3TCX3-4-F1,A,held,0,0,metadata_held,not_assessed,0.1.0
887,Q3TCX3,AlphaFold_DB,AF-Q3TCX3-F1,A,candidate,4,4,mapped_options_quality_pending,not_assessed,0.1.0
888,Q3TYX2,AlphaFold_DB,AF-Q3TYX2-F1,A,candidate,11,11,mapped_options_quality_pending,not_assessed,0.1.0
889,Q3TZA2,AlphaFold_DB,AF-Q3TZA2-F1,A,candidate,8,8,mapped_options_quality_pending,not_assessed,0.1.0
890,Q3U4H6,AlphaFold_DB,AF-Q3U4H6-2-F1,A,held,0,0,metadata_held,not_assessed,0.1.0
891,Q3U4H6,AlphaFold_DB,AF-Q3U4H6-F1,A,candidate,5,5,mapped_options_quality_pending,not_assessed,0.1.0
892,Q3U5C8,AlphaFold_DB,AF-Q3U5C8-F1,A,candidate,6,6,mapped_options_quality_pending,not_assessed,0.1.0
893,Q3U5C8,PDBe_SIFTS,7cso,A,candidate,6,6,mapped_options_quality_pending,not_assessed,0.1.0
894,Q3U5C8,PDBe_SIFTS,7cso,B,candidate,6,6,mapped_options_quality_pending,not_assessed,0.1.0
895,Q3U5C8,PDBe_SIFTS,7cso,C,candidate,6,6,mapped_options_quality_pending,not_assessed,0.1.0
896,Q3U5C8,PDBe_SIFTS,7cso,D,candidate,6,6,mapped_options_quality_pending,not_assessed,0.1.0
897,Q3U5C8,PDBe_SIFTS,7csp,A,candidate,6,0,no_mapped_options,not_assessed,0.1.0
898,Q3U5C8,PDBe_SIFTS,7csp,B,candidate,6,0,no_mapped_options,not_assessed,0.1.0
899,Q3U5C8,PDBe_SIFTS,7csr,A,candidate,6,6,mapped_options_quality_pending,not_assessed,0.1.0
900,Q3U5C8,PDBe_SIFTS,7csr,B,candidate,6,6,mapped_options_quality_pending,not_assessed,0.1.0
901,Q3U5C8,PDBe_SIFTS,7csr,C,candidate,6,6,mapped_options_quality_pending,not_assessed,0.1.0
902,Q3U5C8,PDBe_SIFTS,7ykf,B,candidate,6,0,no_mapped_options,not_assessed,0.1.0
903,Q3U5C8,PDBe_SIFTS,7ykf,D,candidate,6,0,no_mapped_options,not_assessed,0.1.0
904,Q3UA16,AlphaFold_DB,AF-Q3UA16-2-F1,A,held,0,0,metadata_held,not_assessed,0.1.0
905,Q3UA16,AlphaFold_DB,AF-Q3UA16-3-F1,A,held,0,0,metadata_held,not_assessed,0.1.0
906,Q3UA16,AlphaFold_DB,AF-Q3UA16-F1,A,candidate,2,2,mapped_options_quality_pending,not_assessed,0.1.0
907,Q3UCQ1,AlphaFold_DB,AF-Q3UCQ1-2-F1,A,held,0,0,metadata_held,not_assessed,0.1.0
908,Q3UCQ1,AlphaFold_DB,AF-Q3UCQ1-F1,A,candidate,4,4,mapped_options_quality_pending,not_assessed,0.1.0
909,Q3UDF0,AlphaFold_DB,AF-Q3UDF0-2-F1,A,held,0,0,metadata_held,not_assessed,0.1.0
910,Q3UDF0,AlphaFold_DB,AF-Q3UDF0-F1,A,candidate,5,5,mapped_options_quality_pending,not_assessed,0.1.0
911,Q3UG20,AlphaFold_DB,AF-Q3UG20-2-F1,A,held,0,0,metadata_held,not_assessed,0.1.0
912,Q3UG20,AlphaFold_DB,AF-Q3UG20-F1,A,candidate,35,35,mapped_options_quality_pending,not_assessed,0.1.0
913,Q3UH68,AlphaFold_DB,AF-Q3UH68-2-F1,A,held,0,0,metadata_held,not_assessed,0.1.0
914,Q3UH68,AlphaFold_DB,AF-Q3UH68-3-F1,A,held,0,0,metadata_held,not_assessed,0.1.0
915,Q3UH68,AlphaFold_DB,AF-Q3UH68-F1,A,candidate,16,16,mapped_options_quality_pending,not_assessed,0.1.0
916,Q3UHG7,AlphaFold_DB,AF-Q3UHG7-2-F1,A,held,0,0,metadata_held,not_assessed,0.1.0
917,Q3UHG7,AlphaFold_DB,AF-Q3UHG7-F1,A,candidate,12,12,mapped_options_quality_pending,not_assessed,0.1.0
918,Q3UIJ9,AlphaFold_DB,AF-Q3UIJ9-F1,A,candidate,3,3,mapped_options_quality_pending,not_assessed,0.1.0
919,Q3UN90,AlphaFold_DB,AF-Q3UN90-F1,A,candidate,2,2,mapped_options_quality_pending,not_assessed,0.1.0
920,Q3UQ44,AlphaFold_DB,AF-Q3UQ44-F1,A,candidate,12,12,mapped_options_quality_pending,not_assessed,0.1.0
921,Q3UR32,AlphaFold_DB,AF-Q3UR32-F1,A,candidate,12,12,mapped_options_quality_pending,not_assessed,0.1.0
922,Q3USL1,AlphaFold_DB,AF-Q3USL1-F1,A,candidate,12,12,mapped_options_quality_pending,not_assessed,0.1.0
923,Q3USW5,AlphaFold_DB,AF-Q3USW5-F1,A,candidate,7,7,mapped_options_quality_pending,not_assessed,0.1.0
924,Q3UTY6,AlphaFold_DB,AF-Q3UTY6-2-F1,A,held,0,0,metadata_held,not_assessed,0.1.0
925,Q3UTY6,AlphaFold_DB,AF-Q3UTY6-F1,A,candidate,60,60,mapped_options_quality_pending,not_assessed,0.1.0
926,Q3UZ01,AlphaFold_DB,AF-Q3UZ01-2-F1,A,held,0,0,metadata_held,not_assessed,0.1.0
927,Q3UZ01,AlphaFold_DB,AF-Q3UZ01-F1,A,candidate,3,3,mapped_options_quality_pending,not_assessed,0.1.0
928,Q3V0G7,AlphaFold_DB,AF-Q3V0G7-2-F1,A,held,0,0,metadata_held,not_assessed,0.1.0
929,Q3V0G7,AlphaFold_DB,AF-Q3V0G7-F1,A,candidate,18,18,mapped_options_quality_pending,not_assessed,0.1.0
930,Q3V1H1,AlphaFold_DB,AF-Q3V1H1-F1,A,candidate,8,8,mapped_options_quality_pending,not_assessed,0.1.0
931,Q3V3G7,AlphaFold_DB,AF-Q3V3G7-2-F1,A,held,0,0,metadata_held,not_assessed,0.1.0
932,Q3V3G7,AlphaFold_DB,AF-Q3V3G7-F1,A,candidate,13,13,mapped_options_quality_pending,not_assessed,0.1.0
933,Q499E6,AlphaFold_DB,AF-Q499E6-2-F1,A,held,0,0,metadata_held,not_assessed,0.1.0
934,Q499E6,AlphaFold_DB,AF-Q499E6-3-F1,A,held,0,0,metadata_held,not_assessed,0.1.0
935,Q499E6,AlphaFold_DB,AF-Q499E6-F1,A,candidate,4,4,mapped_options_quality_pending,not_assessed,0.1.0
936,Q4FZC9,AlphaFold_DB,AF-Q4FZC9-2-F1,A,held,0,0,metadata_held,not_assessed,0.1.0
937,Q4FZC9,AlphaFold_DB,AF-Q4FZC9-F1,A,candidate,12,12,mapped_options_quality_pending,not_assessed,0.1.0
938,Q4G0K9,AlphaFold_DB,AF-Q4G0K9-F1,A,candidate,3,3,mapped_options_quality_pending,not_assessed,0.1.0
939,Q4JK59,AlphaFold_DB,AF-Q4JK59-2-F1,A,held,0,0,metadata_held,not_assessed,0.1.0
940,Q4JK59,AlphaFold_DB,AF-Q4JK59-3-F1,A,held,0,0,metadata_held,not_assessed,0.1.0
941,Q4JK59,AlphaFold_DB,AF-Q4JK59-F1,A,candidate,40,40,mapped_options_quality_pending,not_assessed,0.1.0
942,Q4LDD4,AlphaFold_DB,AF-Q4LDD4-2-F1,A,held,0,0,metadata_held,not_assessed,0.1.0
943,Q4LDD4,AlphaFold_DB,AF-Q4LDD4-3-F1,A,held,0,0,metadata_held,not_assessed,0.1.0
944,Q4LDD4,AlphaFold_DB,AF-Q4LDD4-F1,A,candidate,29,29,mapped_options_quality_pending,not_assessed,0.1.0
945,Q4LDD4,PDBe_SIFTS,5xhz,C,candidate,29,0,no_mapped_options,not_assessed,0.1.0
946,Q4LDD4,PDBe_SIFTS,5xhz,D,candidate,29,0,no_mapped_options,not_assessed,0.1.0
947,Q4V9Z5,AlphaFold_DB,AF-Q4V9Z5-2-F1,A,held,0,0,metadata_held,not_assessed,0.1.0
948,Q4V9Z5,AlphaFold_DB,AF-Q4V9Z5-3-F1,A,held,0,0,metadata_held,not_assessed,0.1.0
949,Q4V9Z5,AlphaFold_DB,AF-Q4V9Z5-F1,A,candidate,27,27,mapped_options_quality_pending,not_assessed,0.1.0
950,Q4VBE4,AlphaFold_DB,AF-Q4VBE4-2-F1,A,held,0,0,metadata_held,not_assessed,0.1.0
951,Q4VBE4,AlphaFold_DB,AF-Q4VBE4-F1,A,candidate,31,31,mapped_options_quality_pending,not_assessed,0.1.0
952,Q562E2,AlphaFold_DB,AF-Q562E2-2-F1,A,held,0,0,metadata_held,not_assessed,0.1.0
953,Q562E2,AlphaFold_DB,AF-Q562E2-F1,A,candidate,21,21,mapped_options_quality_pending,not_assessed,0.1.0
954,Q571E4,AlphaFold_DB,AF-Q571E4-F1,A,candidate,9,9,mapped_options_quality_pending,not_assessed,0.1.0
955,Q5BKP2,AlphaFold_DB,AF-Q5BKP2-F1,A,candidate,13,13,mapped_options_quality_pending,not_assessed,0.1.0
956,Q5DTX6,AlphaFold_DB,AF-Q5DTX6-F1,A,candidate,21,21,mapped_options_quality_pending,not_assessed,0.1.0
957,Q5FW85,AlphaFold_DB,AF-Q5FW85-F1,A,candidate,17,17,mapped_options_quality_pending,not_assessed,0.1.0
958,Q5SSZ5,AlphaFold_DB,AF-Q5SSZ5-2-F1,A,held,0,0,metadata_held,not_assessed,0.1.0
959,Q5SSZ5,AlphaFold_DB,AF-Q5SSZ5-F1,A,candidate,27,27,mapped_options_quality_pending,not_assessed,0.1.0
960,Q5SUC9,AlphaFold_DB,AF-Q5SUC9-F1,A,candidate,5,5,mapped_options_quality_pending,not_assessed,0.1.0
961,Q5SUF2,AlphaFold_DB,AF-Q5SUF2-2-F1,A,held,0,0,metadata_held,not_assessed,0.1.0
962,Q5SUF2,AlphaFold_DB,AF-Q5SUF2-3-F1,A,held,0,0,metadata_held,not_assessed,0.1.0
963,Q5SUF2,AlphaFold_DB,AF-Q5SUF2-F1,A,candidate,7,7,mapped_options_quality_pending,not_assessed,0.1.0
964,Q5SV41,AlphaFold_DB,AF-Q5SV41-F1,A,candidate,5,5,mapped_options_quality_pending,not_assessed,0.1.0
965,Q60765,AlphaFold_DB,AF-Q60765-F1,A,candidate,5,5,mapped_options_quality_pending,not_assessed,0.1.0
966,Q60773,AlphaFold_DB,AF-Q60773-F1,A,candidate,1,1,mapped_options_quality_pending,not_assessed,0.1.0
967,Q60773,PDBe_SIFTS,1ap7,A,candidate,20,20,mapped_options_quality_pending,not_assessed,0.1.0
968,Q60773,PDBe_SIFTS,1blx,B,candidate,1,1,mapped_options_quality_pending,not_assessed,0.1.0
969,Q60787,AlphaFold_DB,AF-Q60787-F1,A,candidate,3,3,mapped_options_quality_pending,not_assessed,0.1.0
970,Q60787,PDBe_SIFTS,1oeb,C,candidate,3,0,no_mapped_options,not_assessed,0.1.0
971,Q60787,PDBe_SIFTS,1oeb,D,candidate,3,0,no_mapped_options,not_assessed,0.1.0
972,Q60787,PDBe_SIFTS,2etz,B,candidate,3,0,no_mapped_options,not_assessed,0.1.0
973,Q60787,PDBe_SIFTS,2eu0,B,candidate,60,0,no_mapped_options,not_assessed,0.1.0
974,Q60803,AlphaFold_DB,AF-Q60803-F1,A,candidate,28,28,mapped_options_quality_pending,not_assessed,0.1.0
975,Q60803,PDBe_SIFTS,4ghu,A,candidate,28,2,mapped_options_quality_pending,not_assessed,0.1.0
976,Q60805,AlphaFold_DB,AF-Q60805-F1,A,candidate,19,19,mapped_options_quality_pending,not_assessed,0.1.0
977,Q60848,AlphaFold_DB,AF-Q60848-2-F1,A,held,0,0,metadata_held,not_assessed,0.1.0
978,Q60848,AlphaFold_DB,AF-Q60848-F1,A,candidate,13,13,mapped_options_quality_pending,not_assessed,0.1.0
979,Q60857,AlphaFold_DB,AF-Q60857-F1,A,candidate,18,18,mapped_options_quality_pending,not_assessed,0.1.0
980,Q61024,AlphaFold_DB,AF-0000000005931769,A,held,0,0,metadata_held,not_assessed,0.1.0
981,Q61024,AlphaFold_DB,AF-Q61024-F1,A,candidate,11,11,mapped_options_quality_pending,not_assessed,0.1.0
982,Q61033,AlphaFold_DB,AF-Q61033-2-F1,A,held,0,0,metadata_held,not_assessed,0.1.0
983,Q61033,AlphaFold_DB,AF-Q61033-F1,A,candidate,12,12,mapped_options_quality_pending,not_assessed,0.1.0
984,Q61033,PDBe_SIFTS,2v0x,A,candidate,12,0,no_mapped_options,not_assessed,0.1.0
985,Q61033,PDBe_SIFTS,2v0x,B,candidate,12,0,no_mapped_options,not_assessed,0.1.0
986,Q61093,AlphaFold_DB,AF-Q61093-F1,A,candidate,16,16,mapped_options_quality_pending,not_assessed,0.1.0
987,Q61147,AlphaFold_DB,AF-Q61147-F1,A,candidate,14,14,mapped_options_quality_pending,not_assessed,0.1.0
988,Q61207,AlphaFold_DB,AF-Q61207-F1,A,candidate,33,33,mapped_options_quality_pending,not_assessed,0.1.0
989,Q61207,PDBe_SIFTS,5nxb,C,candidate,33,6,mapped_options_quality_pending,not_assessed,0.1.0
990,Q61207,PDBe_SIFTS,5nxb,D,candidate,33,6,mapped_options_quality_pending,not_assessed,0.1.0
991,Q61207,PDBe_SIFTS,5u85,A,candidate,33,6,mapped_options_quality_pending,not_assessed,0.1.0
992,Q61207,PDBe_SIFTS,5u85,B,candidate,33,6,mapped_options_quality_pending,not_assessed,0.1.0
993,Q61207,PDBe_SIFTS,7p4t,A,candidate,33,6,mapped_options_quality_pending,not_assessed,0.1.0
994,Q61207,PDBe_SIFTS,7p4t,B,candidate,33,6,mapped_options_quality_pending,not_assessed,0.1.0
995,Q61207,PDBe_SIFTS,7p4t,C,candidate,33,6,mapped_options_quality_pending,not_assessed,0.1.0
996,Q61207,PDBe_SIFTS,7p4t,D,candidate,33,6,mapped_options_quality_pending,not_assessed,0.1.0
997,Q61234,AlphaFold_DB,AF-Q61234-F1,A,candidate,8,8,mapped_options_quality_pending,not_assessed,0.1.0
998,Q61234,PDBe_SIFTS,1qav,A,candidate,8,0,no_mapped_options,not_assessed,0.1.0
999,Q61234,PDBe_SIFTS,1z86,A,candidate,160,0,no_mapped_options,not_assessed,0.1.0
1000,Q61234,PDBe_SIFTS,1z87,A,candidate,120,45,mapped_options_quality_pending,not_assessed,0.1.0
1001,Q61234,PDBe_SIFTS,2adz,A,candidate,160,60,mapped_options_quality_pending,not_assessed,0.1.0
1002,Q61234,PDBe_SIFTS,2pdz,A,candidate,120,0,no_mapped_options,not_assessed,0.1.0
1003,Q61234,PDBe_SIFTS,4hop,A,candidate,8,0,no_mapped_options,not_assessed,0.1.0
1004,Q61234,PDBe_SIFTS,4hop,C,candidate,8,0,no_mapped_options,not_assessed,0.1.0
1005,Q61234,PDBe_SIFTS,4hop,E,candidate,8,0,no_mapped_options,not_assessed,0.1.0
1006,Q61292,AlphaFold_DB,AF-Q61292-F1,A,candidate,125,125,mapped_options_quality_pending,not_assessed,0.1.0
1007,Q61467,AlphaFold_DB,AF-Q61467-F1,A,candidate,15,15,mapped_options_quality_pending,not_assessed,0.1.0
1008,Q61468,AlphaFold_DB,AF-Q61468-F1,A,candidate,14,14,mapped_options_quality_pending,not_assessed,0.1.0
1009,Q61477,AlphaFold_DB,AF-Q61477-F1,A,candidate,10,10,mapped_options_quality_pending,not_assessed,0.1.0
1010,Q61481,AlphaFold_DB,AF-Q61481-2-F1,A,held,0,0,metadata_held,not_assessed,0.1.0
1011,Q61481,AlphaFold_DB,AF-Q61481-5-F1,A,held,0,0,metadata_held,not_assessed,0.1.0
1012,Q61481,AlphaFold_DB,AF-Q61481-6-F1,A,held,0,0,metadata_held,not_assessed,0.1.0
1013,Q61481,AlphaFold_DB,AF-Q61481-F1,A,candidate,4,4,mapped_options_quality_pending,not_assessed,0.1.0
1014,Q61508,AlphaFold_DB,AF-Q61508-2-F1,A,held,0,0,metadata_held,not_assessed,0.1.0
1015,Q61508,AlphaFold_DB,AF-Q61508-F1,A,candidate,29,29,mapped_options_quality_pending,not_assessed,0.1.0
1016,Q61592,AlphaFold_DB,AF-Q61592-F1,A,candidate,34,34,mapped_options_quality_pending,not_assessed,0.1.0
1017,Q61660,AlphaFold_DB,AF-Q61660-F1,A,candidate,8,8,mapped_options_quality_pending,not_assessed,0.1.0
1018,Q61711,AlphaFold_DB,AF-Q61711-F1,A,candidate,1,1,mapped_options_quality_pending,not_assessed,0.1.0
1019,Q61805,AlphaFold_DB,AF-Q61805-F1,A,candidate,4,4,mapped_options_quality_pending,not_assessed,0.1.0
1020,Q61805,PDBe_SIFTS,4m4d,A,candidate,4,4,mapped_options_quality_pending,not_assessed,0.1.0
1021,Q61805,PDBe_SIFTS,4m4d,B,candidate,4,4,mapped_options_quality_pending,not_assessed,0.1.0
1022,Q62000,AlphaFold_DB,AF-Q62000-F1,A,candidate,6,6,mapped_options_quality_pending,not_assessed,0.1.0
1023,Q62273,AlphaFold_DB,AF-Q62273-F1,A,candidate,20,20,mapped_options_quality_pending,not_assessed,0.1.0
1024,Q62312,AlphaFold_DB,AF-Q62312-1-F1,A,held,0,0,metadata_held,not_assessed,0.1.0
1025,Q62312,AlphaFold_DB,AF-Q62312-F1,A,candidate,25,25,mapped_options_quality_pending,not_assessed,0.1.0
1026,Q62312,PDBe_SIFTS,9yj4,B,candidate,25,12,mapped_options_quality_pending,not_assessed,0.1.0
1027,Q62312,PDBe_SIFTS,9yj4,D,candidate,25,12,mapped_options_quality_pending,not_assessed,0.1.0
1028,Q62351,AlphaFold_DB,AF-Q62351-F1,A,candidate,7,7,mapped_options_quality_pending,not_assessed,0.1.0
1029,Q62392,AlphaFold_DB,AF-Q62392-F1,A,candidate,8,8,mapped_options_quality_pending,not_assessed,0.1.0
1030,Q62443,AlphaFold_DB,AF-Q62443-F1,A,candidate,9,9,mapped_options_quality_pending,not_assessed,0.1.0
1031,Q63918,AlphaFold_DB,AF-Q63918-F1,A,candidate,1,1,mapped_options_quality_pending,not_assessed,0.1.0
1032,Q64281,AlphaFold_DB,AF-Q64281-2-F1,A,held,0,0,metadata_held,not_assessed,0.1.0
1033,Q64281,AlphaFold_DB,AF-Q64281-F1,A,candidate,6,6,mapped_options_quality_pending,not_assessed,0.1.0
1034,Q64378,AlphaFold_DB,AF-Q64378-F1,A,candidate,10,10,mapped_options_quality_pending,not_assessed,0.1.0
1035,Q64389,AlphaFold_DB,AF-0000000004750946,A,held,0,0,metadata_held,not_assessed,0.1.0
1036,Q64389,AlphaFold_DB,AF-Q64389-F1,A,candidate,2,2,mapped_options_quality_pending,not_assessed,0.1.0
1037,Q64689,AlphaFold_DB,AF-Q64689-F1,A,candidate,6,6,mapped_options_quality_pending,not_assessed,0.1.0
1038,Q64700,AlphaFold_DB,AF-Q64700-F1,A,candidate,26,26,mapped_options_quality_pending,not_assessed,0.1.0
1039,Q64GA5,AlphaFold_DB,AF-Q64GA5-2-F1,A,held,0,0,metadata_held,not_assessed,0.1.0
1040,Q64GA5,AlphaFold_DB,AF-Q64GA5-F1,A,candidate,10,10,mapped_options_quality_pending,not_assessed,0.1.0
1041,Q66JX5,AlphaFold_DB,AF-Q66JX5-2-F1,A,held,0,0,metadata_held,not_assessed,0.1.0
1042,Q66JX5,AlphaFold_DB,AF-Q66JX5-F1,A,candidate,2,2,mapped_options_quality_pending,not_assessed,0.1.0
1043,Q673U1,AlphaFold_DB,AF-Q673U1-2-F1,A,held,0,0,metadata_held,not_assessed,0.1.0
1044,Q673U1,AlphaFold_DB,AF-Q673U1-F1,A,candidate,9,9,mapped_options_quality_pending,not_assessed,0.1.0
1045,Q69ZK0,AlphaFold_DB,AF-Q69ZK0-2-F1,A,held,0,0,metadata_held,not_assessed,0.1.0
1046,Q69ZK0,AlphaFold_DB,AF-Q69ZK0-F1,A,candidate,43,43,mapped_options_quality_pending,not_assessed,0.1.0
1047,Q69ZK9,AlphaFold_DB,AF-Q69ZK9-F1,A,candidate,10,10,mapped_options_quality_pending,not_assessed,0.1.0
1048,Q69ZK9,PDBe_SIFTS,3bl8,A,candidate,10,7,mapped_options_quality_pending,not_assessed,0.1.0
1049,Q69ZK9,PDBe_SIFTS,3bl8,B,candidate,10,7,mapped_options_quality_pending,not_assessed,0.1.0
1050,Q69ZK9,PDBe_SIFTS,3bl8,C,candidate,10,7,mapped_options_quality_pending,not_assessed,0.1.0
1051,Q69ZK9,PDBe_SIFTS,3bl8,D,candidate,10,7,mapped_options_quality_pending,not_assessed,0.1.0
1052,Q69ZK9,PDBe_SIFTS,8g7d,A,candidate,10,0,no_mapped_options,not_assessed,0.1.0
1053,Q69ZK9,PDBe_SIFTS,8g7d,B,candidate,10,0,no_mapped_options,not_assessed,0.1.0
1054,Q69ZK9,PDBe_SIFTS,8g7y,A,candidate,10,0,no_mapped_options,not_assessed,0.1.0
1055,Q69ZK9,PDBe_SIFTS,8g7y,B,candidate,10,0,no_mapped_options,not_assessed,0.1.0
1056,Q69ZK9,PDBe_SIFTS,8g7z,A,candidate,10,0,no_mapped_options,not_assessed,0.1.0
1057,Q69ZK9,PDBe_SIFTS,8g7z,B,candidate,10,0,no_mapped_options,not_assessed,0.1.0
1058,Q69ZK9,PDBe_SIFTS,8g80,A,candidate,10,0,no_mapped_options,not_assessed,0.1.0
1059,Q69ZK9,PDBe_SIFTS,8g80,B,candidate,10,0,no_mapped_options,not_assessed,0.1.0
1060,Q69ZK9,PDBe_SIFTS,8g81,A,candidate,10,0,no_mapped_options,not_assessed,0.1.0
1061,Q69ZK9,PDBe_SIFTS,8g81,B,candidate,10,0,no_mapped_options,not_assessed,0.1.0
1062,Q6DFW4,AlphaFold_DB,AF-Q6DFW4-F1,A,candidate,9,9,mapped_options_quality_pending,not_assessed,0.1.0
1063,Q6DTY7,AlphaFold_DB,AF-Q6DTY7-2-F1,A,held,0,0,metadata_held,not_assessed,0.1.0
1064,Q6DTY7,AlphaFold_DB,AF-Q6DTY7-3-F1,A,held,0,0,metadata_held,not_assessed,0.1.0
1065,Q6DTY7,AlphaFold_DB,AF-Q6DTY7-4-F1,A,held,0,0,metadata_held,not_assessed,0.1.0
1066,Q6DTY7,AlphaFold_DB,AF-Q6DTY7-5-F1,A,held,0,0,metadata_held,not_assessed,0.1.0
1067,Q6DTY7,AlphaFold_DB,AF-Q6DTY7-6-F1,A,held,0,0,metadata_held,not_assessed,0.1.0
1068,Q6DTY7,AlphaFold_DB,AF-Q6DTY7-F1,A,candidate,11,11,mapped_options_quality_pending,not_assessed,0.1.0
1069,Q6NXJ0,AlphaFold_DB,AF-Q6NXJ0-F1,A,candidate,17,17,mapped_options_quality_pending,not_assessed,0.1.0
1070,Q6NXK8,AlphaFold_DB,AF-Q6NXK8-2-F1,A,held,0,0,metadata_held,not_assessed,0.1.0
1071,Q6NXK8,AlphaFold_DB,AF-Q6NXK8-F1,A,candidate,23,23,mapped_options_quality_pending,not_assessed,0.1.0
1072,Q6NZK8,AlphaFold_DB,AF-Q6NZK8-2-F1,A,held,0,0,metadata_held,not_assessed,0.1.0
1073,Q6NZK8,AlphaFold_DB,AF-Q6NZK8-3-F1,A,held,0,0,metadata_held,not_assessed,0.1.0
1074,Q6NZK8,AlphaFold_DB,AF-Q6NZK8-F1,A,candidate,24,24,mapped_options_quality_pending,not_assessed,0.1.0
1075,Q6NZQ6,AlphaFold_DB,AF-Q6NZQ6-2-F1,A,held,0,0,metadata_held,not_assessed,0.1.0
1076,Q6NZQ6,AlphaFold_DB,AF-Q6NZQ6-3-F1,A,held,0,0,metadata_held,not_assessed,0.1.0
1077,Q6NZQ6,AlphaFold_DB,AF-Q6NZQ6-F1,A,candidate,11,11,mapped_options_quality_pending,not_assessed,0.1.0
1078,Q6P1C6,AlphaFold_DB,AF-Q6P1C6-F1,A,candidate,33,33,mapped_options_quality_pending,not_assessed,0.1.0
1079,Q6P1C6,PDBe_SIFTS,3so5,A,candidate,33,2,mapped_options_quality_pending,not_assessed,0.1.0
1080,Q6P1C6,PDBe_SIFTS,3so5,B,candidate,33,3,mapped_options_quality_pending,not_assessed,0.1.0
1081,Q6P566,AlphaFold_DB,AF-Q6P566-F1,A,candidate,5,5,mapped_options_quality_pending,not_assessed,0.1.0
1082,Q6PAQ9,AlphaFold_DB,AF-Q6PAQ9-F1,A,candidate,3,3,mapped_options_quality_pending,not_assessed,0.1.0
1083,Q6PCM1,AlphaFold_DB,AF-Q6PCM1-2-F1,A,held,0,0,metadata_held,not_assessed,0.1.0
1084,Q6PCM1,AlphaFold_DB,AF-Q6PCM1-F1,A,candidate,39,39,mapped_options_quality_pending,not_assessed,0.1.0
1085,Q6PD10,AlphaFold_DB,AF-Q6PD10-F1,A,candidate,11,11,mapped_options_quality_pending,not_assessed,0.1.0
1086,Q6PGB8,AlphaFold_DB,AF-Q6PGB8-2-F1,A,held,0,0,metadata_held,not_assessed,0.1.0
1087,Q6PGB8,AlphaFold_DB,AF-Q6PGB8-F1,A,candidate,12,12,mapped_options_quality_pending,not_assessed,0.1.0
1088,Q6PGK7,AlphaFold_DB,AF-Q6PGK7-2-F1,A,held,0,0,metadata_held,not_assessed,0.1.0
1089,Q6PGK7,AlphaFold_DB,AF-Q6PGK7-F1,A,candidate,6,6,mapped_options_quality_pending,not_assessed,0.1.0
1090,Q6QWF9,AlphaFold_DB,AF-Q6QWF9-F1,A,candidate,1,1,mapped_options_quality_pending,not_assessed,0.1.0
1091,Q6U7H8,AlphaFold_DB,AF-Q6U7H8-2-F1,A,held,0,0,metadata_held,not_assessed,0.1.0
1092,Q6U7H8,AlphaFold_DB,AF-Q6U7H8-3-F1,A,held,0,0,metadata_held,not_assessed,0.1.0
1093,Q6U7H8,AlphaFold_DB,AF-Q6U7H8-4-F1,A,held,0,0,metadata_held,not_assessed,0.1.0
1094,Q6U7H8,AlphaFold_DB,AF-Q6U7H8-F1,A,candidate,4,4,mapped_options_quality_pending,not_assessed,0.1.0
1095,Q6ZQ73,AlphaFold_DB,AF-Q6ZQ73-F1,A,candidate,27,27,mapped_options_quality_pending,not_assessed,0.1.0
1096,Q6ZWR4,AlphaFold_DB,AF-Q6ZWR4-2-F1,A,held,0,0,metadata_held,not_assessed,0.1.0
1097,Q6ZWR4,AlphaFold_DB,AF-Q6ZWR4-3-F1,A,held,0,0,metadata_held,not_assessed,0.1.0
1098,Q6ZWR4,AlphaFold_DB,AF-Q6ZWR4-F1,A,candidate,7,7,mapped_options_quality_pending,not_assessed,0.1.0
1099,Q71KT5,AlphaFold_DB,AF-Q71KT5-F1,A,candidate,5,5,mapped_options_quality_pending,not_assessed,0.1.0
1100,Q78TU8,AlphaFold_DB,AF-Q78TU8-F1,A,candidate,1,1,mapped_options_quality_pending,not_assessed,0.1.0
1101,Q7M760,AlphaFold_DB,AF-Q7M760-F1,A,candidate,25,25,mapped_options_quality_pending,not_assessed,0.1.0
1102,Q7TMJ8,AlphaFold_DB,AF-Q7TMJ8-2-F1,A,held,0,0,metadata_held,not_assessed,0.1.0
1103,Q7TMJ8,AlphaFold_DB,AF-Q7TMJ8-F1,A,candidate,8,8,mapped_options_quality_pending,not_assessed,0.1.0
1104,Q7TML3,AlphaFold_DB,AF-Q7TML3-F1,A,candidate,9,9,mapped_options_quality_pending,not_assessed,0.1.0
1105,Q7TMM9,AlphaFold_DB,AF-Q7TMM9-F1,A,candidate,7,7,mapped_options_quality_pending,not_assessed,0.1.0
1106,Q7TMM9,PDBe_SIFTS,24mc,W,candidate,7,7,mapped_options_quality_pending,not_assessed,0.1.0
1107,Q7TMM9,PDBe_SIFTS,24mc,Z,candidate,7,7,mapped_options_quality_pending,not_assessed,0.1.0
1108,Q7TMM9,PDBe_SIFTS,8ixa,J,candidate,7,7,mapped_options_quality_pending,not_assessed,0.1.0
1109,Q7TMM9,PDBe_SIFTS,8ixa,K,candidate,7,7,mapped_options_quality_pending,not_assessed,0.1.0
1110,Q7TMM9,PDBe_SIFTS,8ixa,L,candidate,7,7,mapped_options_quality_pending,not_assessed,0.1.0
1111,Q7TMM9,PDBe_SIFTS,8ixa,M,candidate,7,7,mapped_options_quality_pending,not_assessed,0.1.0
1112,Q7TMM9,PDBe_SIFTS,8ixa,N,candidate,7,7,mapped_options_quality_pending,not_assessed,0.1.0
1113,Q7TMM9,PDBe_SIFTS,8ixa,O,candidate,7,7,mapped_options_quality_pending,not_assessed,0.1.0
1114,Q7TMM9,PDBe_SIFTS,8ixa,P,candidate,7,7,mapped_options_quality_pending,not_assessed,0.1.0
1115,Q7TMM9,PDBe_SIFTS,8ixa,Q,candidate,7,7,mapped_options_quality_pending,not_assessed,0.1.0
1116,Q7TMM9,PDBe_SIFTS,8ixa,R,candidate,7,7,mapped_options_quality_pending,not_assessed,0.1.0
1117,Q7TMM9,PDBe_SIFTS,8ixb,Q,candidate,7,7,mapped_options_quality_pending,not_assessed,0.1.0
1118,Q7TMM9,PDBe_SIFTS,8ixb,U,candidate,7,7,mapped_options_quality_pending,not_assessed,0.1.0
1119,Q7TMM9,PDBe_SIFTS,8ixb,V,candidate,7,7,mapped_options_quality_pending,not_assessed,0.1.0
1120,Q7TMM9,PDBe_SIFTS,8ixb,W,candidate,7,7,mapped_options_quality_pending,not_assessed,0.1.0
1121,Q7TMM9,PDBe_SIFTS,8ixd,J,candidate,7,7,mapped_options_quality_pending,not_assessed,0.1.0
1122,Q7TMM9,PDBe_SIFTS,8ixd,K,candidate,7,7,mapped_options_quality_pending,not_assessed,0.1.0
1123,Q7TMM9,PDBe_SIFTS,8ixd,L,candidate,7,7,mapped_options_quality_pending,not_assessed,0.1.0
1124,Q7TMM9,PDBe_SIFTS,8ixd,M,candidate,7,7,mapped_options_quality_pending,not_assessed,0.1.0
1125,Q7TMM9,PDBe_SIFTS,8ixd,N,candidate,7,7,mapped_options_quality_pending,not_assessed,0.1.0
1126,Q7TMM9,PDBe_SIFTS,8ixd,O,candidate,7,7,mapped_options_quality_pending,not_assessed,0.1.0
1127,Q7TMM9,PDBe_SIFTS,8ixd,P,candidate,7,7,mapped_options_quality_pending,not_assessed,0.1.0
1128,Q7TMM9,PDBe_SIFTS,8ixd,Q,candidate,7,7,mapped_options_quality_pending,not_assessed,0.1.0
1129,Q7TMM9,PDBe_SIFTS,8ixd,R,candidate,7,7,mapped_options_quality_pending,not_assessed,0.1.0
1130,Q7TMM9,PDBe_SIFTS,8ixe,R,candidate,7,7,mapped_options_quality_pending,not_assessed,0.1.0
1131,Q7TMM9,PDBe_SIFTS,8ixe,W,candidate,7,7,mapped_options_quality_pending,not_assessed,0.1.0
1132,Q7TMM9,PDBe_SIFTS,8ixe,Z,candidate,7,7,mapped_options_quality_pending,not_assessed,0.1.0
1133,Q7TMM9,PDBe_SIFTS,8ixe,a,candidate,7,7,mapped_options_quality_pending,not_assessed,0.1.0
1134,Q7TMM9,PDBe_SIFTS,8ixf,J,candidate,7,7,mapped_options_quality_pending,not_assessed,0.1.0
1135,Q7TMM9,PDBe_SIFTS,8ixf,K,candidate,7,7,mapped_options_quality_pending,not_assessed,0.1.0
1136,Q7TMM9,PDBe_SIFTS,8ixf,L,candidate,7,7,mapped_options_quality_pending,not_assessed,0.1.0
1137,Q7TMM9,PDBe_SIFTS,8ixf,M,candidate,7,7,mapped_options_quality_pending,not_assessed,0.1.0
1138,Q7TMM9,PDBe_SIFTS,8ixf,N,candidate,7,7,mapped_options_quality_pending,not_assessed,0.1.0
1139,Q7TMM9,PDBe_SIFTS,8ixf,O,candidate,7,7,mapped_options_quality_pending,not_assessed,0.1.0
1140,Q7TMM9,PDBe_SIFTS,8ixf,P,candidate,7,7,mapped_options_quality_pending,not_assessed,0.1.0
1141,Q7TMM9,PDBe_SIFTS,8ixf,Q,candidate,7,7,mapped_options_quality_pending,not_assessed,0.1.0
1142,Q7TMM9,PDBe_SIFTS,8ixf,R,candidate,7,7,mapped_options_quality_pending,not_assessed,0.1.0
1143,Q7TMM9,PDBe_SIFTS,8ixg,R,candidate,7,7,mapped_options_quality_pending,not_assessed,0.1.0
1144,Q7TMM9,PDBe_SIFTS,8ixg,W,candidate,7,7,mapped_options_quality_pending,not_assessed,0.1.0
1145,Q7TMM9,PDBe_SIFTS,8ixg,Z,candidate,7,7,mapped_options_quality_pending,not_assessed,0.1.0
1146,Q7TMM9,PDBe_SIFTS,8ixg,a,candidate,7,7,mapped_options_quality_pending,not_assessed,0.1.0
1147,Q7TMM9,PDBe_SIFTS,9w2m,L,candidate,7,7,mapped_options_quality_pending,not_assessed,0.1.0
1148,Q7TMM9,PDBe_SIFTS,9w2m,l,candidate,7,7,mapped_options_quality_pending,not_assessed,0.1.0
1149,Q7TNV1,AlphaFold_DB,AF-Q7TNV1-2-F1,A,held,0,0,metadata_held,not_assessed,0.1.0
1150,Q7TNV1,AlphaFold_DB,AF-Q7TNV1-3-F1,A,held,0,0,metadata_held,not_assessed,0.1.0
1151,Q7TNV1,AlphaFold_DB,AF-Q7TNV1-F1,A,candidate,10,10,mapped_options_quality_pending,not_assessed,0.1.0
1152,Q7TPM6,AlphaFold_DB,AF-Q7TPM6-2-F1,A,held,0,0,metadata_held,not_assessed,0.1.0
1153,Q7TPM6,AlphaFold_DB,AF-Q7TPM6-F1,A,candidate,8,8,mapped_options_quality_pending,not_assessed,0.1.0
1154,Q7TPQ9,AlphaFold_DB,AF-Q7TPQ9-F1,A,candidate,9,9,mapped_options_quality_pending,not_assessed,0.1.0
1155,Q7TSJ2,AlphaFold_DB,AF-Q7TSJ2-2-F1,A,held,0,0,metadata_held,not_assessed,0.1.0
1156,Q7TSJ2,AlphaFold_DB,AF-Q7TSJ2-3-F1,A,held,0,0,metadata_held,not_assessed,0.1.0
1157,Q7TSJ2,AlphaFold_DB,AF-Q7TSJ2-F1,A,candidate,5,5,mapped_options_quality_pending,not_assessed,0.1.0
1158,Q7TSK2,AlphaFold_DB,AF-Q7TSK2-2-F1,A,held,0,0,metadata_held,not_assessed,0.1.0
1159,Q7TSK2,AlphaFold_DB,AF-Q7TSK2-3-F1,A,held,0,0,metadata_held,not_assessed,0.1.0
1160,Q7TSK2,AlphaFold_DB,AF-Q7TSK2-F1,A,candidate,26,26,mapped_options_quality_pending,not_assessed,0.1.0
1161,Q7TSQ1,AlphaFold_DB,AF-Q7TSQ1-2-F1,A,held,0,0,metadata_held,not_assessed,0.1.0
1162,Q7TSQ1,AlphaFold_DB,AF-Q7TSQ1-3-F1,A,held,0,0,metadata_held,not_assessed,0.1.0
1163,Q7TSQ1,AlphaFold_DB,AF-Q7TSQ1-4-F1,A,held,0,0,metadata_held,not_assessed,0.1.0
1164,Q7TSQ1,AlphaFold_DB,AF-Q7TSQ1-5-F1,A,held,0,0,metadata_held,not_assessed,0.1.0
1165,Q7TSQ1,AlphaFold_DB,AF-Q7TSQ1-F1,A,candidate,31,31,mapped_options_quality_pending,not_assessed,0.1.0
1166,Q80TS8,AlphaFold_DB,AF-Q80TS8-2-F1,A,held,0,0,metadata_held,not_assessed,0.1.0
1167,Q80TS8,AlphaFold_DB,AF-Q80TS8-3-F1,A,held,0,0,metadata_held,not_assessed,0.1.0
1168,Q80TS8,AlphaFold_DB,AF-Q80TS8-F1,A,candidate,18,18,mapped_options_quality_pending,not_assessed,0.1.0
1169,Q80UP8,AlphaFold_DB,AF-Q80UP8-F1,A,candidate,10,10,mapped_options_quality_pending,not_assessed,0.1.0
1170,Q80WV3,AlphaFold_DB,AF-Q80WV3-F1,A,candidate,10,10,mapped_options_quality_pending,not_assessed,0.1.0
1171,Q80X95,AlphaFold_DB,AF-Q80X95-F1,A,candidate,7,7,mapped_options_quality_pending,not_assessed,0.1.0
1172,Q80XM3,AlphaFold_DB,AF-Q80XM3-F1,A,candidate,15,15,mapped_options_quality_pending,not_assessed,0.1.0
1173,Q80XM9,AlphaFold_DB,AF-Q80XM9-2-F1,A,held,0,0,metadata_held,not_assessed,0.1.0
1174,Q80XM9,AlphaFold_DB,AF-Q80XM9-3-F1,A,held,0,0,metadata_held,not_assessed,0.1.0
1175,Q80XM9,AlphaFold_DB,AF-Q80XM9-4-F1,A,held,0,0,metadata_held,not_assessed,0.1.0
1176,Q80XM9,AlphaFold_DB,AF-Q80XM9-F1,A,candidate,5,5,mapped_options_quality_pending,not_assessed,0.1.0
1177,Q80ZM3,AlphaFold_DB,AF-Q80ZM3-F1,A,candidate,5,5,mapped_options_quality_pending,not_assessed,0.1.0
1178,Q80ZN9,AlphaFold_DB,AF-Q80ZN9-F1,A,candidate,4,4,mapped_options_quality_pending,not_assessed,0.1.0
1179,Q810P3,AlphaFold_DB,AF-Q810P3-F1,A,candidate,9,9,mapped_options_quality_pending,not_assessed,0.1.0
1180,Q811W2,AlphaFold_DB,AF-Q811W2-F1,A,candidate,7,7,mapped_options_quality_pending,not_assessed,0.1.0
1181,Q8BFR5,AlphaFold_DB,AF-Q8BFR5-2-F1,A,held,0,0,metadata_held,not_assessed,0.1.0
1182,Q8BFR5,AlphaFold_DB,AF-Q8BFR5-F1,A,candidate,7,7,mapped_options_quality_pending,not_assessed,0.1.0
1183,Q8BFY7,AlphaFold_DB,AF-Q8BFY7-2-F1,A,held,0,0,metadata_held,not_assessed,0.1.0
1184,Q8BFY7,AlphaFold_DB,AF-Q8BFY7-F1,A,candidate,5,5,mapped_options_quality_pending,not_assessed,0.1.0
1185,Q8BG26,AlphaFold_DB,AF-Q8BG26-2-F1,A,held,0,0,metadata_held,not_assessed,0.1.0
1186,Q8BG26,AlphaFold_DB,AF-Q8BG26-3-F1,A,held,0,0,metadata_held,not_assessed,0.1.0
1187,Q8BG26,AlphaFold_DB,AF-Q8BG26-F1,A,candidate,21,21,mapped_options_quality_pending,not_assessed,0.1.0
1188,Q8BG60,AlphaFold_DB,AF-0000000010887121,A,held,0,0,metadata_held,not_assessed,0.1.0
1189,Q8BG60,AlphaFold_DB,AF-Q8BG60-2-F1,A,held,0,0,metadata_held,not_assessed,0.1.0
1190,Q8BG60,AlphaFold_DB,AF-Q8BG60-F1,A,candidate,11,11,mapped_options_quality_pending,not_assessed,0.1.0
1191,Q8BGQ7,AlphaFold_DB,AF-Q8BGQ7-F1,A,candidate,15,15,mapped_options_quality_pending,not_assessed,0.1.0
1192,Q8BGT8,AlphaFold_DB,AF-Q8BGT8-2-F1,A,held,0,0,metadata_held,not_assessed,0.1.0
1193,Q8BGT8,AlphaFold_DB,AF-Q8BGT8-F1,A,candidate,10,10,mapped_options_quality_pending,not_assessed,0.1.0
1194,Q8BH15,AlphaFold_DB,AF-Q8BH15-2-F1,A,held,0,0,metadata_held,not_assessed,0.1.0
1195,Q8BH15,AlphaFold_DB,AF-Q8BH15-3-F1,A,held,0,0,metadata_held,not_assessed,0.1.0
1196,Q8BH15,AlphaFold_DB,AF-Q8BH15-4-F1,A,held,0,0,metadata_held,not_assessed,0.1.0
1197,Q8BH15,AlphaFold_DB,AF-Q8BH15-5-F1,A,held,0,0,metadata_held,not_assessed,0.1.0
1198,Q8BH15,AlphaFold_DB,AF-Q8BH15-6-F1,A,held,0,0,metadata_held,not_assessed,0.1.0
1199,Q8BH15,AlphaFold_DB,AF-Q8BH15-F1,A,candidate,20,20,mapped_options_quality_pending,not_assessed,0.1.0
1200,Q8BH61,AlphaFold_DB,AF-Q8BH61-F1,A,candidate,9,9,mapped_options_quality_pending,not_assessed,0.1.0
1201,Q8BHC0,AlphaFold_DB,AF-Q8BHC0-F1,A,candidate,9,9,mapped_options_quality_pending,not_assessed,0.1.0
1202,Q8BHC0,PDBe_SIFTS,8orx,A,candidate,9,6,mapped_options_quality_pending,not_assessed,0.1.0
1203,Q8BHC0,PDBe_SIFTS,8ox3,A,candidate,9,6,mapped_options_quality_pending,not_assessed,0.1.0
1204,Q8BHI4,AlphaFold_DB,AF-Q8BHI4-F1,A,candidate,23,23,mapped_options_quality_pending,not_assessed,0.1.0
1205,Q8BHK2,AlphaFold_DB,AF-Q8BHK2-F1,A,candidate,6,6,mapped_options_quality_pending,not_assessed,0.1.0
1206,Q8BIP0,AlphaFold_DB,AF-Q8BIP0-F1,A,candidate,12,12,mapped_options_quality_pending,not_assessed,0.1.0
1207,Q8BIZ0,AlphaFold_DB,AF-Q8BIZ0-F1,A,candidate,11,11,mapped_options_quality_pending,not_assessed,0.1.0
1208,Q8BJ71,AlphaFold_DB,AF-Q8BJ71-2-F1,A,held,0,0,metadata_held,not_assessed,0.1.0
1209,Q8BJ71,AlphaFold_DB,AF-Q8BJ71-F1,A,candidate,9,9,mapped_options_quality_pending,not_assessed,0.1.0
1210,Q8BJK1,AlphaFold_DB,AF-Q8BJK1-F1,A,candidate,7,7,mapped_options_quality_pending,not_assessed,0.1.0
1211,Q8BJK1,PDBe_SIFTS,8i79,A,candidate,7,3,mapped_options_quality_pending,not_assessed,0.1.0
1212,Q8BJK1,PDBe_SIFTS,8i79,D,candidate,7,3,mapped_options_quality_pending,not_assessed,0.1.0
1213,Q8BJK1,PDBe_SIFTS,8i79,F,candidate,7,3,mapped_options_quality_pending,not_assessed,0.1.0
1214,Q8BJK1,PDBe_SIFTS,8i79,G,candidate,7,3,mapped_options_quality_pending,not_assessed,0.1.0
1215,Q8BJK1,PDBe_SIFTS,8i79,I,candidate,7,3,mapped_options_quality_pending,not_assessed,0.1.0
1216,Q8BJS4,AlphaFold_DB,AF-Q8BJS4-2-F1,A,held,0,0,metadata_held,not_assessed,0.1.0
1217,Q8BJS4,AlphaFold_DB,AF-Q8BJS4-3-F1,A,held,0,0,metadata_held,not_assessed,0.1.0
1218,Q8BJS4,AlphaFold_DB,AF-Q8BJS4-F1,A,candidate,3,3,mapped_options_quality_pending,not_assessed,0.1.0
1219,Q8BJS4,PDBe_SIFTS,5ed8,A,candidate,3,0,no_mapped_options,not_assessed,0.1.0
1220,Q8BJS4,PDBe_SIFTS,5ed9,A,candidate,3,0,no_mapped_options,not_assessed,0.1.0
1221,Q8BJS4,PDBe_SIFTS,5ed9,B,candidate,3,0,no_mapped_options,not_assessed,0.1.0
1222,Q8BJS4,PDBe_SIFTS,5ed9,C,candidate,3,0,no_mapped_options,not_assessed,0.1.0
1223,Q8BK06,AlphaFold_DB,AF-Q8BK06-2-F1,A,held,0,0,metadata_held,not_assessed,0.1.0
1224,Q8BK06,AlphaFold_DB,AF-Q8BK06-3-F1,A,held,0,0,metadata_held,not_assessed,0.1.0
1225,Q8BK06,AlphaFold_DB,AF-Q8BK06-F1,A,candidate,9,9,mapped_options_quality_pending,not_assessed,0.1.0
1226,Q8BK48,AlphaFold_DB,AF-Q8BK48-F1,A,candidate,7,7,mapped_options_quality_pending,not_assessed,0.1.0
1227,Q8BK64,AlphaFold_DB,AF-Q8BK64-F1,A,candidate,4,4,mapped_options_quality_pending,not_assessed,0.1.0
1228,Q8BKT6,AlphaFold_DB,AF-Q8BKT6-2-F1,A,held,0,0,metadata_held,not_assessed,0.1.0
1229,Q8BKT6,AlphaFold_DB,AF-Q8BKT6-F1,A,candidate,14,14,mapped_options_quality_pending,not_assessed,0.1.0
1230,Q8BKX1,AlphaFold_DB,AF-Q8BKX1-2-F1,A,held,0,0,metadata_held,not_assessed,0.1.0
1231,Q8BKX1,AlphaFold_DB,AF-Q8BKX1-3-F1,A,held,0,0,metadata_held,not_assessed,0.1.0
1232,Q8BKX1,AlphaFold_DB,AF-Q8BKX1-4-F1,A,held,0,0,metadata_held,not_assessed,0.1.0
1233,Q8BKX1,AlphaFold_DB,AF-Q8BKX1-F1,A,candidate,4,4,mapped_options_quality_pending,not_assessed,0.1.0
1234,Q8BL06,AlphaFold_DB,AF-Q8BL06-2-F1,A,held,0,0,metadata_held,not_assessed,0.1.0
1235,Q8BL06,AlphaFold_DB,AF-Q8BL06-3-F1,A,held,0,0,metadata_held,not_assessed,0.1.0
1236,Q8BL06,AlphaFold_DB,AF-Q8BL06-F1,A,candidate,38,38,mapped_options_quality_pending,not_assessed,0.1.0
1237,Q8BL48,AlphaFold_DB,AF-Q8BL48-2-F1,A,held,0,0,metadata_held,not_assessed,0.1.0
1238,Q8BL48,AlphaFold_DB,AF-Q8BL48-F1,A,candidate,31,31,mapped_options_quality_pending,not_assessed,0.1.0
1239,Q8BL48,PDBe_SIFTS,5elh,A,candidate,31,9,mapped_options_quality_pending,not_assessed,0.1.0
1240,Q8BL48,PDBe_SIFTS,5elh,B,candidate,31,9,mapped_options_quality_pending,not_assessed,0.1.0
1241,Q8BL48,PDBe_SIFTS,5elk,A,candidate,31,10,mapped_options_quality_pending,not_assessed,0.1.0
1242,Q8BLC3,AlphaFold_DB,AF-Q8BLC3-F1,A,candidate,15,15,mapped_options_quality_pending,not_assessed,0.1.0
1243,Q8BLF2,AlphaFold_DB,AF-Q8BLF2-2-F1,A,held,0,0,metadata_held,not_assessed,0.1.0
1244,Q8BLF2,AlphaFold_DB,AF-Q8BLF2-4-F1,A,held,0,0,metadata_held,not_assessed,0.1.0
1245,Q8BLF2,AlphaFold_DB,AF-Q8BLF2-5-F1,A,held,0,0,metadata_held,not_assessed,0.1.0
1246,Q8BLF2,AlphaFold_DB,AF-Q8BLF2-6-F1,A,held,0,0,metadata_held,not_assessed,0.1.0
1247,Q8BLF2,AlphaFold_DB,AF-Q8BLF2-7-F1,A,held,0,0,metadata_held,not_assessed,0.1.0
1248,Q8BLF2,AlphaFold_DB,AF-Q8BLF2-8-F1,A,held,0,0,metadata_held,not_assessed,0.1.0
1249,Q8BLF2,AlphaFold_DB,AF-Q8BLF2-F1,A,candidate,8,8,mapped_options_quality_pending,not_assessed,0.1.0
1250,Q8BM75,AlphaFold_DB,AF-Q8BM75-2-F1,A,held,0,0,metadata_held,not_assessed,0.1.0
1251,Q8BM75,AlphaFold_DB,AF-Q8BM75-3-F1,A,held,0,0,metadata_held,not_assessed,0.1.0
1252,Q8BM75,AlphaFold_DB,AF-Q8BM75-F1,A,candidate,20,20,mapped_options_quality_pending,not_assessed,0.1.0
1253,Q8BMB3,AlphaFold_DB,AF-Q8BMB3-F1,A,candidate,2,2,mapped_options_quality_pending,not_assessed,0.1.0
1254,Q8BQN5,AlphaFold_DB,AF-Q8BQN5-F1,A,candidate,5,5,mapped_options_quality_pending,not_assessed,0.1.0
1255,Q8BRH3,AlphaFold_DB,AF-Q8BRH3-2-F1,A,held,0,0,metadata_held,not_assessed,0.1.0
1256,Q8BRH3,AlphaFold_DB,AF-Q8BRH3-F1,A,candidate,6,6,mapped_options_quality_pending,not_assessed,0.1.0
1257,Q8BS95,AlphaFold_DB,AF-Q8BS95-F1,A,candidate,5,5,mapped_options_quality_pending,not_assessed,0.1.0
1258,Q8BSM7,AlphaFold_DB,AF-Q8BSM7-F1,A,candidate,14,14,mapped_options_quality_pending,not_assessed,0.1.0
1259,Q8BT51,AlphaFold_DB,AF-Q8BT51-F1,A,candidate,4,4,mapped_options_quality_pending,not_assessed,0.1.0
1260,Q8BTM8,AlphaFold_DB,AF-Q8BTM8-2-F1,A,held,0,0,metadata_held,not_assessed,0.1.0
1261,Q8BTM8,AlphaFold_DB,AF-Q8BTM8-F1,A,candidate,50,50,mapped_options_quality_pending,not_assessed,0.1.0
1262,Q8BTZ7,AlphaFold_DB,AF-Q8BTZ7-F1,A,candidate,9,9,mapped_options_quality_pending,not_assessed,0.1.0
1263,Q8BU25,AlphaFold_DB,AF-Q8BU25-F1,A,candidate,42,42,mapped_options_quality_pending,not_assessed,0.1.0
1264,Q8BVZ5,AlphaFold_DB,AF-Q8BVZ5-F1,A,candidate,7,7,mapped_options_quality_pending,not_assessed,0.1.0
1265,Q8BVZ5,PDBe_SIFTS,5vi4,A,candidate,7,0,no_mapped_options,not_assessed,0.1.0
1266,Q8BVZ5,PDBe_SIFTS,5vi4,D,candidate,7,0,no_mapped_options,not_assessed,0.1.0
1267,Q8BVZ5,PDBe_SIFTS,8q5r,A,candidate,7,4,mapped_options_quality_pending,not_assessed,0.1.0
1268,Q8BWG8,AlphaFold_DB,AF-Q8BWG8-2-F1,A,held,0,0,metadata_held,not_assessed,0.1.0
1269,Q8BWG8,AlphaFold_DB,AF-Q8BWG8-F1,A,candidate,8,8,mapped_options_quality_pending,not_assessed,0.1.0
1270,Q8BWU8,AlphaFold_DB,AF-Q8BWU8-F1,A,candidate,10,10,mapped_options_quality_pending,not_assessed,0.1.0
1271,Q8BWY2,AlphaFold_DB,AF-Q8BWY2-F1,A,candidate,11,11,mapped_options_quality_pending,not_assessed,0.1.0
1272,Q8BX05,AlphaFold_DB,AF-Q8BX05-2-F1,A,held,0,0,metadata_held,not_assessed,0.1.0
1273,Q8BX05,AlphaFold_DB,AF-Q8BX05-3-F1,A,held,0,0,metadata_held,not_assessed,0.1.0
1274,Q8BX05,AlphaFold_DB,AF-Q8BX05-F1,A,candidate,10,10,mapped_options_quality_pending,not_assessed,0.1.0
1275,Q8BX32,AlphaFold_DB,AF-Q8BX32-2-F1,A,held,0,0,metadata_held,not_assessed,0.1.0
1276,Q8BX32,AlphaFold_DB,AF-Q8BX32-F1,A,candidate,11,11,mapped_options_quality_pending,not_assessed,0.1.0
1277,Q8BX35,AlphaFold_DB,AF-Q8BX35-F1,A,candidate,22,22,mapped_options_quality_pending,not_assessed,0.1.0
1278,Q8BYI9,AlphaFold_DB,AF-Q8BYI9-2-F1,A,held,0,0,metadata_held,not_assessed,0.1.0
1279,Q8BYI9,AlphaFold_DB,AF-Q8BYI9-F1,A,candidate,41,41,mapped_options_quality_pending,not_assessed,0.1.0
1280,Q8BZJ7,AlphaFold_DB,AF-Q8BZJ7-2-F1,A,held,0,0,metadata_held,not_assessed,0.1.0
1281,Q8BZJ7,AlphaFold_DB,AF-Q8BZJ7-4-F1,A,held,0,0,metadata_held,not_assessed,0.1.0
1282,Q8BZJ7,AlphaFold_DB,AF-Q8BZJ7-F1,A,candidate,5,5,mapped_options_quality_pending,not_assessed,0.1.0
1283,Q8BZT7,AlphaFold_DB,AF-Q8BZT7-F1,A,candidate,22,22,mapped_options_quality_pending,not_assessed,0.1.0
1284,Q8C033,AlphaFold_DB,AF-Q8C033-2-F1,A,held,0,0,metadata_held,not_assessed,0.1.0
1285,Q8C033,AlphaFold_DB,AF-Q8C033-F1,A,candidate,26,26,mapped_options_quality_pending,not_assessed,0.1.0
1286,Q8C080,AlphaFold_DB,AF-Q8C080-F1,A,candidate,4,4,mapped_options_quality_pending,not_assessed,0.1.0
1287,Q8C0Q2,AlphaFold_DB,AF-Q8C0Q2-F1,A,candidate,16,16,mapped_options_quality_pending,not_assessed,0.1.0
1288,Q8C156,AlphaFold_DB,AF-Q8C156-F1,A,candidate,12,12,mapped_options_quality_pending,not_assessed,0.1.0
1289,Q8C255,AlphaFold_DB,AF-Q8C255-2-F1,A,held,0,0,metadata_held,not_assessed,0.1.0
1290,Q8C255,AlphaFold_DB,AF-Q8C255-3-F1,A,held,0,0,metadata_held,not_assessed,0.1.0
1291,Q8C255,AlphaFold_DB,AF-Q8C255-F1,A,candidate,7,7,mapped_options_quality_pending,not_assessed,0.1.0
1292,Q8C267,AlphaFold_DB,AF-Q8C267-2-F1,A,held,0,0,metadata_held,not_assessed,0.1.0
1293,Q8C267,AlphaFold_DB,AF-Q8C267-F1,A,candidate,34,34,mapped_options_quality_pending,not_assessed,0.1.0
1294,Q8C351,AlphaFold_DB,AF-Q8C351-2-F1,A,held,0,0,metadata_held,not_assessed,0.1.0
1295,Q8C351,AlphaFold_DB,AF-Q8C351-F1,A,candidate,12,12,mapped_options_quality_pending,not_assessed,0.1.0
1296,Q8C351,PDBe_SIFTS,2k00,B,candidate,240,0,no_mapped_options,not_assessed,0.1.0
1297,Q8C398,AlphaFold_DB,AF-Q8C398-F1,A,candidate,13,13,mapped_options_quality_pending,not_assessed,0.1.0
1298,Q8C581,AlphaFold_DB,AF-Q8C581-F1,A,candidate,5,5,mapped_options_quality_pending,not_assessed,0.1.0
1299,Q8C5L6,AlphaFold_DB,AF-Q8C5L6-F1,A,candidate,3,3,mapped_options_quality_pending,not_assessed,0.1.0
1300,Q8C6I2,AlphaFold_DB,AF-Q8C6I2-2-F1,A,held,0,0,metadata_held,not_assessed,0.1.0
1301,Q8C6I2,AlphaFold_DB,AF-Q8C6I2-3-F1,A,held,0,0,metadata_held,not_assessed,0.1.0
1302,Q8C6I2,AlphaFold_DB,AF-Q8C6I2-F1,A,candidate,1,1,mapped_options_quality_pending,not_assessed,0.1.0
1303,Q8C8T7,AlphaFold_DB,AF-Q8C8T7-F1,A,candidate,18,18,mapped_options_quality_pending,not_assessed,0.1.0
1304,Q8C9W3,AlphaFold_DB,AF-Q8C9W3-F1,A,candidate,57,57,mapped_options_quality_pending,not_assessed,0.1.0
1305,Q8CA71,AlphaFold_DB,AF-Q8CA71-F1,A,candidate,13,13,mapped_options_quality_pending,not_assessed,0.1.0
1306,Q8CAA5,AlphaFold_DB,AF-Q8CAA5-F1,A,candidate,11,11,mapped_options_quality_pending,not_assessed,0.1.0
1307,Q8CAL5,AlphaFold_DB,AF-Q8CAL5-F1,A,candidate,20,20,mapped_options_quality_pending,not_assessed,0.1.0
1308,Q8CAM5,AlphaFold_DB,AF-Q8CAM5-F1,A,candidate,8,8,mapped_options_quality_pending,not_assessed,0.1.0
1309,Q8CAY6,AlphaFold_DB,AF-Q8CAY6-F1,A,candidate,8,8,mapped_options_quality_pending,not_assessed,0.1.0
1310,Q8CDJ8,AlphaFold_DB,AF-Q8CDJ8-F1,A,candidate,22,22,mapped_options_quality_pending,not_assessed,0.1.0
1311,Q8CE50,AlphaFold_DB,AF-Q8CE50-F1,A,candidate,6,6,mapped_options_quality_pending,not_assessed,0.1.0
1312,Q8CEE6,AlphaFold_DB,AF-Q8CEE6-F1,A,candidate,43,43,mapped_options_quality_pending,not_assessed,0.1.0
1313,Q8CF60,AlphaFold_DB,AF-Q8CF60-F1,A,candidate,28,28,mapped_options_quality_pending,not_assessed,0.1.0
1314,Q8CF66,AlphaFold_DB,AF-Q8CF66-F1,A,candidate,1,1,mapped_options_quality_pending,not_assessed,0.1.0
1315,Q8CFD5,AlphaFold_DB,AF-Q8CFD5-F1,A,candidate,13,13,mapped_options_quality_pending,not_assessed,0.1.0
1316,Q8CFG0,AlphaFold_DB,AF-Q8CFG0-F1,A,candidate,22,22,mapped_options_quality_pending,not_assessed,0.1.0
1317,Q8CFV4,AlphaFold_DB,AF-Q8CFV4-F1,A,candidate,6,6,mapped_options_quality_pending,not_assessed,0.1.0
1318,Q8CGB6,AlphaFold_DB,AF-Q8CGB6-2-F1,A,held,0,0,metadata_held,not_assessed,0.1.0
1319,Q8CGB6,AlphaFold_DB,AF-Q8CGB6-3-F1,A,held,0,0,metadata_held,not_assessed,0.1.0
1320,Q8CGB6,AlphaFold_DB,AF-Q8CGB6-4-F1,A,held,0,0,metadata_held,not_assessed,0.1.0
1321,Q8CGB6,AlphaFold_DB,AF-Q8CGB6-F1,A,candidate,34,34,mapped_options_quality_pending,not_assessed,0.1.0
1322,Q8CGE9,AlphaFold_DB,AF-Q8CGE9-F1,A,candidate,30,30,mapped_options_quality_pending,not_assessed,0.1.0
1323,Q8CGF1,AlphaFold_DB,AF-Q8CGF1-2-F1,A,held,0,0,metadata_held,not_assessed,0.1.0
1324,Q8CGF1,AlphaFold_DB,AF-Q8CGF1-F1,A,candidate,25,25,mapped_options_quality_pending,not_assessed,0.1.0
1325,Q8CI19,AlphaFold_DB,AF-Q8CI19-F1,A,candidate,15,15,mapped_options_quality_pending,not_assessed,0.1.0
1326,Q8CID3,AlphaFold_DB,AF-Q8CID3-F1,A,candidate,12,12,mapped_options_quality_pending,not_assessed,0.1.0
1327,Q8K007,AlphaFold_DB,AF-Q8K007-F1,A,candidate,23,23,mapped_options_quality_pending,not_assessed,0.1.0
1328,Q8K0C4,AlphaFold_DB,AF-Q8K0C4-F1,A,candidate,7,7,mapped_options_quality_pending,not_assessed,0.1.0
1329,Q8K0E7,AlphaFold_DB,AF-Q8K0E7-F1,A,candidate,23,23,mapped_options_quality_pending,not_assessed,0.1.0
1330,Q8K1A5,AlphaFold_DB,AF-Q8K1A5-2-F1,A,held,0,0,metadata_held,not_assessed,0.1.0
1331,Q8K1A5,AlphaFold_DB,AF-Q8K1A5-3-F1,A,held,0,0,metadata_held,not_assessed,0.1.0
1332,Q8K1A5,AlphaFold_DB,AF-Q8K1A5-F1,A,candidate,5,5,mapped_options_quality_pending,not_assessed,0.1.0
1333,Q8K1G2,AlphaFold_DB,AF-Q8K1G2-F1,A,candidate,12,12,mapped_options_quality_pending,not_assessed,0.1.0
1334,Q8K1S6,AlphaFold_DB,AF-Q8K1S6-2-F1,A,held,0,0,metadata_held,not_assessed,0.1.0
1335,Q8K1S6,AlphaFold_DB,AF-Q8K1S6-F1,A,candidate,23,23,mapped_options_quality_pending,not_assessed,0.1.0
1336,Q8K1X4,AlphaFold_DB,AF-Q8K1X4-F1,A,candidate,27,27,mapped_options_quality_pending,not_assessed,0.1.0
1337,Q8K299,AlphaFold_DB,AF-Q8K299-2-F1,A,held,0,0,metadata_held,not_assessed,0.1.0
1338,Q8K299,AlphaFold_DB,AF-Q8K299-3-F1,A,held,0,0,metadata_held,not_assessed,0.1.0
1339,Q8K299,AlphaFold_DB,AF-Q8K299-F1,A,candidate,10,10,mapped_options_quality_pending,not_assessed,0.1.0
1340,Q8K299,PDBe_SIFTS,7bzz,A,candidate,10,6,mapped_options_quality_pending,not_assessed,0.1.0
1341,Q8K299,PDBe_SIFTS,7bzz,D,candidate,10,6,mapped_options_quality_pending,not_assessed,0.1.0
1342,Q8K2D3,AlphaFold_DB,AF-Q8K2D3-F1,A,candidate,12,12,mapped_options_quality_pending,not_assessed,0.1.0
1343,Q8K2I3,AlphaFold_DB,AF-Q8K2I3-F1,A,candidate,8,8,mapped_options_quality_pending,not_assessed,0.1.0
1344,Q8K2K6,AlphaFold_DB,AF-Q8K2K6-1-F1,A,held,0,0,metadata_held,not_assessed,0.1.0
1345,Q8K2K6,AlphaFold_DB,AF-Q8K2K6-2-F1,A,held,0,0,metadata_held,not_assessed,0.1.0
1346,Q8K2K6,AlphaFold_DB,AF-Q8K2K6-3-F1,A,held,0,0,metadata_held,not_assessed,0.1.0
1347,Q8K2K6,AlphaFold_DB,AF-Q8K2K6-F1,A,candidate,5,5,mapped_options_quality_pending,not_assessed,0.1.0
1348,Q8K353,AlphaFold_DB,AF-Q8K353-F1,A,candidate,6,6,mapped_options_quality_pending,not_assessed,0.1.0
1349,Q8K370,AlphaFold_DB,AF-Q8K370-F1,A,candidate,16,16,mapped_options_quality_pending,not_assessed,0.1.0
1350,Q8K371,AlphaFold_DB,AF-Q8K371-F1,A,candidate,4,4,mapped_options_quality_pending,not_assessed,0.1.0
1351,Q8K3V7,AlphaFold_DB,AF-Q8K3V7-2-F1,A,held,0,0,metadata_held,not_assessed,0.1.0
1352,Q8K3V7,AlphaFold_DB,AF-Q8K3V7-F1,A,candidate,27,27,mapped_options_quality_pending,not_assessed,0.1.0
1353,Q8K406,AlphaFold_DB,AF-Q8K406-F1,A,candidate,13,13,mapped_options_quality_pending,not_assessed,0.1.0
1354,Q8K419,AlphaFold_DB,AF-Q8K419-F1,A,candidate,1,1,mapped_options_quality_pending,not_assessed,0.1.0
1355,Q8K419,PDBe_SIFTS,2dyc,A,candidate,1,0,no_mapped_options,not_assessed,0.1.0
1356,Q8K419,PDBe_SIFTS,3i8t,A,candidate,1,0,no_mapped_options,not_assessed,0.1.0
1357,Q8K482,AlphaFold_DB,AF-Q8K482-F1,A,candidate,22,22,mapped_options_quality_pending,not_assessed,0.1.0
1358,Q8K485,AlphaFold_DB,AF-Q8K485-F1,A,candidate,2,2,mapped_options_quality_pending,not_assessed,0.1.0
1359,Q8K4G1,AlphaFold_DB,AF-Q8K4G1-2-F1,A,held,0,0,metadata_held,not_assessed,0.1.0
1360,Q8K4G1,AlphaFold_DB,AF-Q8K4G1-3-F1,A,held,0,0,metadata_held,not_assessed,0.1.0
1361,Q8K4G1,AlphaFold_DB,AF-Q8K4G1-F1,A,candidate,161,161,mapped_options_quality_pending,not_assessed,0.1.0
1362,Q8K4S1,AlphaFold_DB,AF-Q8K4S1-F1,A,candidate,59,59,mapped_options_quality_pending,not_assessed,0.1.0
1363,Q8R000,AlphaFold_DB,AF-Q8R000-F1,A,candidate,15,15,mapped_options_quality_pending,not_assessed,0.1.0
1364,Q8R007,AlphaFold_DB,AF-Q8R007-2-F1,A,held,0,0,metadata_held,not_assessed,0.1.0
1365,Q8R007,AlphaFold_DB,AF-Q8R007-F1,A,candidate,8,8,mapped_options_quality_pending,not_assessed,0.1.0
1366,Q8R080,AlphaFold_DB,AF-Q8R080-F1,A,candidate,8,8,mapped_options_quality_pending,not_assessed,0.1.0
1367,Q8R0Z6,AlphaFold_DB,AF-Q8R0Z6-F1,A,candidate,7,7,mapped_options_quality_pending,not_assessed,0.1.0
1368,Q8R2G6,AlphaFold_DB,AF-Q8R2G6-F1,A,candidate,7,7,mapped_options_quality_pending,not_assessed,0.1.0
1369,Q8R2Y0,AlphaFold_DB,AF-Q8R2Y0-2-F1,A,held,0,0,metadata_held,not_assessed,0.1.0
1370,Q8R2Y0,AlphaFold_DB,AF-Q8R2Y0-F1,A,candidate,7,7,mapped_options_quality_pending,not_assessed,0.1.0
1371,Q8R3A2,AlphaFold_DB,AF-Q8R3A2-F1,A,candidate,8,8,mapped_options_quality_pending,not_assessed,0.1.0
1372,Q8R4U7,AlphaFold_DB,AF-Q8R4U7-F1,A,candidate,10,10,mapped_options_quality_pending,not_assessed,0.1.0
1373,Q8R4V5,AlphaFold_DB,AF-Q8R4V5-2-F1,A,held,0,0,metadata_held,not_assessed,0.1.0
1374,Q8R4V5,AlphaFold_DB,AF-Q8R4V5-F1,A,candidate,39,39,mapped_options_quality_pending,not_assessed,0.1.0
1375,Q8R4W6,AlphaFold_DB,AF-Q8R4W6-F1,A,candidate,16,16,mapped_options_quality_pending,not_assessed,0.1.0
1376,Q8R527,AlphaFold_DB,AF-Q8R527-F1,A,candidate,10,10,mapped_options_quality_pending,not_assessed,0.1.0
1377,Q8VBV4,AlphaFold_DB,AF-Q8VBV4-1-F1,A,held,0,0,metadata_held,not_assessed,0.1.0
1378,Q8VBV4,AlphaFold_DB,AF-Q8VBV4-F1,A,candidate,18,18,mapped_options_quality_pending,not_assessed,0.1.0
1379,Q8VC26,AlphaFold_DB,AF-Q8VC26-2-F1,A,held,0,0,metadata_held,not_assessed,0.1.0
1380,Q8VC26,AlphaFold_DB,AF-Q8VC26-F1,A,candidate,5,5,mapped_options_quality_pending,not_assessed,0.1.0
1381,Q8VCC1,AlphaFold_DB,AF-Q8VCC1-F1,A,candidate,4,4,mapped_options_quality_pending,not_assessed,0.1.0
1382,Q8VCC8,AlphaFold_DB,AF-Q8VCC8-2-F1,A,held,0,0,metadata_held,not_assessed,0.1.0
1383,Q8VCC8,AlphaFold_DB,AF-Q8VCC8-F1,A,candidate,15,15,mapped_options_quality_pending,not_assessed,0.1.0
1384,Q8VCI0,AlphaFold_DB,AF-Q8VCI0-F1,A,held,0,0,metadata_held,not_assessed,0.1.0
1385,Q8VCP9,AlphaFold_DB,AF-Q8VCP9-F1,A,candidate,23,23,mapped_options_quality_pending,not_assessed,0.1.0
1386,Q8VCQ6,AlphaFold_DB,AF-Q8VCQ6-2-F1,A,held,0,0,metadata_held,not_assessed,0.1.0
1387,Q8VCQ6,AlphaFold_DB,AF-Q8VCQ6-3-F1,A,held,0,0,metadata_held,not_assessed,0.1.0
1388,Q8VCQ6,AlphaFold_DB,AF-Q8VCQ6-F1,A,candidate,9,9,mapped_options_quality_pending,not_assessed,0.1.0
1389,Q8VCQ6,PDBe_SIFTS,2d8c,A,candidate,180,20,mapped_options_quality_pending,not_assessed,0.1.0
1390,Q8VCT9,AlphaFold_DB,AF-Q8VCT9-F1,A,candidate,11,11,mapped_options_quality_pending,not_assessed,0.1.0
1391,Q8VCZ6,AlphaFold_DB,AF-Q8VCZ6-F1,A,candidate,18,18,mapped_options_quality_pending,not_assessed,0.1.0
1392,Q8VCZ6,PDBe_SIFTS,2yuo,A,candidate,360,20,mapped_options_quality_pending,not_assessed,0.1.0
1393,Q8VD53,AlphaFold_DB,AF-Q8VD53-2-F1,A,held,0,0,metadata_held,not_assessed,0.1.0
1394,Q8VD53,AlphaFold_DB,AF-Q8VD53-F1,A,candidate,16,16,mapped_options_quality_pending,not_assessed,0.1.0
1395,Q8VDG5,AlphaFold_DB,AF-Q8VDG5-2-F1,A,held,0,0,metadata_held,not_assessed,0.1.0
1396,Q8VDG5,AlphaFold_DB,AF-Q8VDG5-F1,A,candidate,1,1,mapped_options_quality_pending,not_assessed,0.1.0
1397,Q8VDP3,AlphaFold_DB,AF-Q8VDP3-2-F1,A,held,0,0,metadata_held,not_assessed,0.1.0
1398,Q8VDP3,AlphaFold_DB,AF-Q8VDP3-3-F1,A,held,0,0,metadata_held,not_assessed,0.1.0
1399,Q8VDP3,AlphaFold_DB,AF-Q8VDP3-F1,A,candidate,20,20,mapped_options_quality_pending,not_assessed,0.1.0
1400,Q8VDP3,PDBe_SIFTS,2bra,A,candidate,20,7,mapped_options_quality_pending,not_assessed,0.1.0
1401,Q8VDP3,PDBe_SIFTS,2bra,B,candidate,20,7,mapped_options_quality_pending,not_assessed,0.1.0
1402,Q8VDP3,PDBe_SIFTS,2bry,A,candidate,20,8,mapped_options_quality_pending,not_assessed,0.1.0
1403,Q8VDP3,PDBe_SIFTS,2bry,B,candidate,20,8,mapped_options_quality_pending,not_assessed,0.1.0
1404,Q8VDP3,PDBe_SIFTS,2c4c,A,candidate,20,8,mapped_options_quality_pending,not_assessed,0.1.0
1405,Q8VDP3,PDBe_SIFTS,2c4c,B,candidate,20,8,mapped_options_quality_pending,not_assessed,0.1.0
1406,Q8VDP3,PDBe_SIFTS,4txi,A,candidate,20,10,mapped_options_quality_pending,not_assessed,0.1.0
1407,Q8VDP3,PDBe_SIFTS,4txk,A,candidate,20,10,mapped_options_quality_pending,not_assessed,0.1.0
1408,Q8VDV0,AlphaFold_DB,AF-Q8VDV0-2-F1,A,held,0,0,metadata_held,not_assessed,0.1.0
1409,Q8VDV0,AlphaFold_DB,AF-Q8VDV0-F1,A,candidate,80,80,mapped_options_quality_pending,not_assessed,0.1.0
1410,Q8VE92,AlphaFold_DB,AF-Q8VE92-F1,A,candidate,6,6,mapped_options_quality_pending,not_assessed,0.1.0
1411,Q8VHZ5,AlphaFold_DB,AF-Q8VHZ5-F1,A,candidate,9,9,mapped_options_quality_pending,not_assessed,0.1.0
1412,Q8VI64,AlphaFold_DB,AF-Q8VI64-F1,A,candidate,2,2,mapped_options_quality_pending,not_assessed,0.1.0
1413,Q8VIK5,AlphaFold_DB,AF-Q8VIK5-2-F1,A,held,0,0,metadata_held,not_assessed,0.1.0
1414,Q8VIK5,AlphaFold_DB,AF-Q8VIK5-3-F1,A,held,0,0,metadata_held,not_assessed,0.1.0
1415,Q8VIK5,AlphaFold_DB,AF-Q8VIK5-4-F1,A,held,0,0,metadata_held,not_assessed,0.1.0
1416,Q8VIK5,AlphaFold_DB,AF-Q8VIK5-F1,A,candidate,126,126,mapped_options_quality_pending,not_assessed,0.1.0
1417,Q91VE2,AlphaFold_DB,AF-Q91VE2-F1,A,candidate,12,12,mapped_options_quality_pending,not_assessed,0.1.0
1418,Q91VK1,AlphaFold_DB,AF-Q91VK1-F1,A,candidate,4,4,mapped_options_quality_pending,not_assessed,0.1.0
1419,Q91VN1,AlphaFold_DB,AF-Q91VN1-F1,A,candidate,11,11,mapped_options_quality_pending,not_assessed,0.1.0
1420,Q91VW3,AlphaFold_DB,AF-0000000008339647,A,held,0,0,metadata_held,not_assessed,0.1.0
1421,Q91VW3,AlphaFold_DB,AF-Q91VW3-F1,A,candidate,1,1,mapped_options_quality_pending,not_assessed,0.1.0
1422,Q91VW3,PDBe_SIFTS,1j0f,A,candidate,20,20,mapped_options_quality_pending,not_assessed,0.1.0
1423,Q91VW3,PDBe_SIFTS,1t1v,A,candidate,1,1,mapped_options_quality_pending,not_assessed,0.1.0
1424,Q91VW3,PDBe_SIFTS,1t1v,B,candidate,1,1,mapped_options_quality_pending,not_assessed,0.1.0
1425,Q91W29,AlphaFold_DB,AF-Q91W29-F1,A,candidate,3,3,mapped_options_quality_pending,not_assessed,0.1.0
1426,Q91W86,AlphaFold_DB,AF-Q91W86-F1,A,candidate,23,23,mapped_options_quality_pending,not_assessed,0.1.0
1427,Q91WE9,AlphaFold_DB,AF-Q91WE9-2-F1,A,held,0,0,metadata_held,not_assessed,0.1.0
1428,Q91WE9,AlphaFold_DB,AF-Q91WE9-F1,A,candidate,9,9,mapped_options_quality_pending,not_assessed,0.1.0
1429,Q91WK5,AlphaFold_DB,AF-Q91WK5-F1,A,candidate,4,4,mapped_options_quality_pending,not_assessed,0.1.0
1430,Q91WK5,PDBe_SIFTS,2edg,A,candidate,4,0,no_mapped_options,not_assessed,0.1.0
1431,Q91WT9,AlphaFold_DB,AF-Q91WT9-2-F1,A,held,0,0,metadata_held,not_assessed,0.1.0
1432,Q91WT9,AlphaFold_DB,AF-Q91WT9-F1,A,candidate,13,13,mapped_options_quality_pending,not_assessed,0.1.0
1433,Q91X52,AlphaFold_DB,AF-Q91X52-F1,A,candidate,4,4,mapped_options_quality_pending,not_assessed,0.1.0
1434,Q91XD2,AlphaFold_DB,AF-Q91XD2-F1,A,candidate,34,34,mapped_options_quality_pending,not_assessed,0.1.0
1435,Q91XE0,AlphaFold_DB,AF-Q91XE0-2-F1,A,held,0,0,metadata_held,not_assessed,0.1.0
1436,Q91XE0,AlphaFold_DB,AF-Q91XE0-F1,A,candidate,5,5,mapped_options_quality_pending,not_assessed,0.1.0
1437,Q91XT6,AlphaFold_DB,AF-Q91XT6-F1,A,candidate,13,13,mapped_options_quality_pending,not_assessed,0.1.0
1438,Q91Y86,AlphaFold_DB,AF-Q91Y86-F1,A,candidate,8,8,mapped_options_quality_pending,not_assessed,0.1.0
1439,Q91ZC0,AlphaFold_DB,AF-Q91ZC0-F1,A,candidate,11,11,mapped_options_quality_pending,not_assessed,0.1.0
1440,Q91ZP9,AlphaFold_DB,AF-Q91ZP9-2-F1,A,held,0,0,metadata_held,not_assessed,0.1.0
1441,Q91ZP9,AlphaFold_DB,AF-Q91ZP9-F1,A,candidate,8,8,mapped_options_quality_pending,not_assessed,0.1.0
1442,Q91ZV8,AlphaFold_DB,AF-Q91ZV8-F1,A,candidate,39,39,mapped_options_quality_pending,not_assessed,0.1.0
1443,Q91ZX1,AlphaFold_DB,AF-Q91ZX1-2-F1,A,held,0,0,metadata_held,not_assessed,0.1.0
1444,Q91ZX1,AlphaFold_DB,AF-Q91ZX1-F1,A,candidate,10,10,mapped_options_quality_pending,not_assessed,0.1.0
1445,Q920C1,AlphaFold_DB,AF-Q920C1-2-F1,A,held,0,0,metadata_held,not_assessed,0.1.0
1446,Q920C1,AlphaFold_DB,AF-Q920C1-F1,A,candidate,34,34,mapped_options_quality_pending,not_assessed,0.1.0
1447,Q920C4,AlphaFold_DB,AF-Q920C4-F1,A,candidate,5,5,mapped_options_quality_pending,not_assessed,0.1.0
1448,Q920E5,AlphaFold_DB,AF-Q920E5-F1,A,candidate,6,6,mapped_options_quality_pending,not_assessed,0.1.0
1449,Q920L5,AlphaFold_DB,AF-Q920L5-F1,A,candidate,4,4,mapped_options_quality_pending,not_assessed,0.1.0
1450,Q923B1,AlphaFold_DB,AF-Q923B1-F1,A,candidate,12,12,mapped_options_quality_pending,not_assessed,0.1.0
1451,Q923W9,AlphaFold_DB,AF-Q923W9-2-F1,A,held,0,0,metadata_held,not_assessed,0.1.0
1452,Q923W9,AlphaFold_DB,AF-Q923W9-F1,A,candidate,50,50,mapped_options_quality_pending,not_assessed,0.1.0
1453,Q923X1,AlphaFold_DB,AF-Q923X1-F1,A,candidate,40,40,mapped_options_quality_pending,not_assessed,0.1.0
1454,Q924X6,AlphaFold_DB,AF-Q924X6-2-F1,A,held,0,0,metadata_held,not_assessed,0.1.0
1455,Q924X6,AlphaFold_DB,AF-Q924X6-F1,A,candidate,71,71,mapped_options_quality_pending,not_assessed,0.1.0
1456,Q925N0,AlphaFold_DB,AF-Q925N0-F1,A,candidate,3,3,mapped_options_quality_pending,not_assessed,0.1.0
1457,Q925N2,AlphaFold_DB,AF-Q925N2-F1,A,candidate,7,7,mapped_options_quality_pending,not_assessed,0.1.0
1458,Q93092,AlphaFold_DB,AF-Q93092-2-F1,A,held,0,0,metadata_held,not_assessed,0.1.0
1459,Q93092,AlphaFold_DB,AF-Q93092-F1,A,candidate,3,3,mapped_options_quality_pending,not_assessed,0.1.0
1460,Q93092,PDBe_SIFTS,2cwn,A,candidate,3,3,mapped_options_quality_pending,not_assessed,0.1.0
1461,Q93092,PDBe_SIFTS,2cwn,B,candidate,3,3,mapped_options_quality_pending,not_assessed,0.1.0
1462,Q93092,PDBe_SIFTS,2e1d,A,candidate,3,3,mapped_options_quality_pending,not_assessed,0.1.0
1463,Q93092,PDBe_SIFTS,2e1d,B,candidate,3,3,mapped_options_quality_pending,not_assessed,0.1.0
1464,Q99J79,AlphaFold_DB,AF-Q99J79-F1,A,candidate,11,11,mapped_options_quality_pending,not_assessed,0.1.0
1465,Q99JF5,AlphaFold_DB,AF-Q99JF5-F1,A,candidate,6,6,mapped_options_quality_pending,not_assessed,0.1.0
1466,Q99JF5,PDBe_SIFTS,3f0n,A,candidate,6,6,mapped_options_quality_pending,not_assessed,0.1.0
1467,Q99JF5,PDBe_SIFTS,3f0n,B,candidate,6,6,mapped_options_quality_pending,not_assessed,0.1.0
1468,Q99LF1,AlphaFold_DB,AF-Q99LF1-F1,A,candidate,4,4,mapped_options_quality_pending,not_assessed,0.1.0
1469,Q99MQ4,AlphaFold_DB,AF-Q99MQ4-F1,A,candidate,7,7,mapped_options_quality_pending,not_assessed,0.1.0
1470,Q99MR1,AlphaFold_DB,AF-Q99MR1-F1,A,candidate,8,8,mapped_options_quality_pending,not_assessed,0.1.0
1471,Q99N05,AlphaFold_DB,AF-Q99N05-F1,A,candidate,5,5,mapped_options_quality_pending,not_assessed,0.1.0
1472,Q99N09,AlphaFold_DB,AF-Q99N09-F1,A,candidate,5,5,mapped_options_quality_pending,not_assessed,0.1.0
1473,Q99N48,AlphaFold_DB,AF-Q99N48-2-F1,A,held,0,0,metadata_held,not_assessed,0.1.0
1474,Q99N48,AlphaFold_DB,AF-Q99N48-3-F1,A,held,0,0,metadata_held,not_assessed,0.1.0
1475,Q99N48,AlphaFold_DB,AF-Q99N48-4-F1,A,held,0,0,metadata_held,not_assessed,0.1.0
1476,Q99N48,AlphaFold_DB,AF-Q99N48-5-F1,A,held,0,0,metadata_held,not_assessed,0.1.0
1477,Q99N48,AlphaFold_DB,AF-Q99N48-F1,A,candidate,21,21,mapped_options_quality_pending,not_assessed,0.1.0
1478,Q99N90,AlphaFold_DB,AF-Q99N90-F1,A,candidate,5,5,mapped_options_quality_pending,not_assessed,0.1.0
1479,Q99N90,PDBe_SIFTS,9e9c,4,candidate,5,3,mapped_options_quality_pending,not_assessed,0.1.0
1480,Q99N90,PDBe_SIFTS,9hcf,4,candidate,5,3,mapped_options_quality_pending,not_assessed,0.1.0
1481,Q99N90,PDBe_SIFTS,9hcg,4,candidate,5,3,mapped_options_quality_pending,not_assessed,0.1.0
1482,Q99N90,PDBe_SIFTS,9hch,4,candidate,5,3,mapped_options_quality_pending,not_assessed,0.1.0
1483,Q99N91,AlphaFold_DB,AF-Q99N91-F1,A,candidate,3,3,mapped_options_quality_pending,not_assessed,0.1.0
1484,Q99N91,PDBe_SIFTS,9e9c,2,candidate,3,0,no_mapped_options,not_assessed,0.1.0
1485,Q99N91,PDBe_SIFTS,9hcf,2,candidate,3,0,no_mapped_options,not_assessed,0.1.0
1486,Q99N91,PDBe_SIFTS,9hcg,2,candidate,3,0,no_mapped_options,not_assessed,0.1.0
1487,Q99N91,PDBe_SIFTS,9hch,2,candidate,3,0,no_mapped_options,not_assessed,0.1.0
1488,Q99P47,AlphaFold_DB,AF-Q99P47-F1,A,candidate,35,35,mapped_options_quality_pending,not_assessed,0.1.0
1489,Q99PI4,AlphaFold_DB,AF-Q99PI4-F1,A,candidate,13,13,mapped_options_quality_pending,not_assessed,0.1.0
1490,Q99PL8,AlphaFold_DB,AF-Q99PL8-F1,A,candidate,10,10,mapped_options_quality_pending,not_assessed,0.1.0
1491,Q99PU5,AlphaFold_DB,AF-Q99PU5-F1,A,candidate,15,15,mapped_options_quality_pending,not_assessed,0.1.0
1492,Q9CPU0,AlphaFold_DB,AF-Q9CPU0-F1,A,candidate,3,3,mapped_options_quality_pending,not_assessed,0.1.0
1493,Q9CPU0,PDBe_SIFTS,2za0,A,candidate,3,0,no_mapped_options,not_assessed,0.1.0
1494,Q9CPU0,PDBe_SIFTS,2za0,B,candidate,3,0,no_mapped_options,not_assessed,0.1.0
1495,Q9CPU0,PDBe_SIFTS,4kyh,A,candidate,3,3,mapped_options_quality_pending,not_assessed,0.1.0
1496,Q9CPU0,PDBe_SIFTS,4kyh,B,candidate,3,3,mapped_options_quality_pending,not_assessed,0.1.0
1497,Q9CPU0,PDBe_SIFTS,4kyk,A,candidate,3,3,mapped_options_quality_pending,not_assessed,0.1.0
1498,Q9CPU0,PDBe_SIFTS,4kyk,B,candidate,3,3,mapped_options_quality_pending,not_assessed,0.1.0
1499,Q9CPU0,PDBe_SIFTS,4opn,A,candidate,3,3,mapped_options_quality_pending,not_assessed,0.1.0
1500,Q9CPU0,PDBe_SIFTS,4opn,B,candidate,3,3,mapped_options_quality_pending,not_assessed,0.1.0
1501,Q9CPU0,PDBe_SIFTS,4pv5,A,candidate,3,3,mapped_options_quality_pending,not_assessed,0.1.0
1502,Q9CPU0,PDBe_SIFTS,4pv5,B,candidate,3,3,mapped_options_quality_pending,not_assessed,0.1.0
1503,Q9CPU0,PDBe_SIFTS,4x2a,A,candidate,3,3,mapped_options_quality_pending,not_assessed,0.1.0
1504,Q9CPU0,PDBe_SIFTS,4x2a,B,candidate,3,3,mapped_options_quality_pending,not_assessed,0.1.0
1505,Q9CPU0,PDBe_SIFTS,6l0u,A,candidate,3,3,mapped_options_quality_pending,not_assessed,0.1.0
1506,Q9CPU0,PDBe_SIFTS,6l0u,B,candidate,3,3,mapped_options_quality_pending,not_assessed,0.1.0
1507,Q9CPV9,AlphaFold_DB,AF-Q9CPV9-F1,A,candidate,10,10,mapped_options_quality_pending,not_assessed,0.1.0
1508,Q9CQ00,AlphaFold_DB,AF-Q9CQ00-F1,A,candidate,3,3,mapped_options_quality_pending,not_assessed,0.1.0
1509,Q9CQ02,AlphaFold_DB,AF-Q9CQ02-F1,A,candidate,6,6,mapped_options_quality_pending,not_assessed,0.1.0
1510,Q9CQ19,AlphaFold_DB,AF-Q9CQ19-F1,A,candidate,1,1,mapped_options_quality_pending,not_assessed,0.1.0
1511,Q9CQ86,AlphaFold_DB,AF-Q9CQ86-F1,A,candidate,3,3,mapped_options_quality_pending,not_assessed,0.1.0
1512,Q9CQG2,AlphaFold_DB,AF-Q9CQG2-2-F1,A,held,0,0,metadata_held,not_assessed,0.1.0
1513,Q9CQG2,AlphaFold_DB,AF-Q9CQG2-F1,A,candidate,15,15,mapped_options_quality_pending,not_assessed,0.1.0
1514,Q9CQJ5,AlphaFold_DB,AF-Q9CQJ5-F1,A,candidate,6,6,mapped_options_quality_pending,not_assessed,0.1.0
1515,Q9CQM5,AlphaFold_DB,AF-Q9CQM5-F1,A,candidate,6,6,mapped_options_quality_pending,not_assessed,0.1.0
1516,Q9CQM5,PDBe_SIFTS,1v9w,A,candidate,6,0,no_mapped_options,not_assessed,0.1.0
1517,Q9CQP8,AlphaFold_DB,AF-Q9CQP8-F1,A,candidate,2,2,mapped_options_quality_pending,not_assessed,0.1.0
1518,Q9CQP8,PDBe_SIFTS,7eeb,K,candidate,2,0,no_mapped_options,not_assessed,0.1.0
1519,Q9CQP8,PDBe_SIFTS,9lwo,C,candidate,2,0,no_mapped_options,not_assessed,0.1.0
1520,Q9CQP8,PDBe_SIFTS,9ubw,K,candidate,2,0,no_mapped_options,not_assessed,0.1.0
1521,Q9CQP8,PDBe_SIFTS,9ubw,k,candidate,2,0,no_mapped_options,not_assessed,0.1.0
1522,Q9CQP8,PDBe_SIFTS,9ubx,K,candidate,2,0,no_mapped_options,not_assessed,0.1.0
1523,Q9CQP8,PDBe_SIFTS,9ubx,k,candidate,2,0,no_mapped_options,not_assessed,0.1.0
1524,Q9CQP8,PDBe_SIFTS,9ubx,x,candidate,2,0,no_mapped_options,not_assessed,0.1.0
1525,Q9CQS2,AlphaFold_DB,AF-Q9CQS2-F1,A,candidate,1,1,mapped_options_quality_pending,not_assessed,0.1.0
1526,Q9CR10,AlphaFold_DB,AF-Q9CR10-F1,A,candidate,10,10,mapped_options_quality_pending,not_assessed,0.1.0
1527,Q9CR50,AlphaFold_DB,AF-Q9CR50-F1,A,candidate,29,29,mapped_options_quality_pending,not_assessed,0.1.0
1528,Q9CR50,PDBe_SIFTS,2dkt,A,candidate,580,380,mapped_options_quality_pending,not_assessed,0.1.0
1529,Q9CR50,PDBe_SIFTS,2ecm,A,candidate,580,120,mapped_options_quality_pending,not_assessed,0.1.0
1530,Q9CR75,AlphaFold_DB,AF-Q9CR75-F1,A,candidate,8,8,mapped_options_quality_pending,not_assessed,0.1.0
1531,Q9CR84,AlphaFold_DB,AF-0000000010026370,A,held,0,0,metadata_held,not_assessed,0.1.0
1532,Q9CR84,AlphaFold_DB,AF-Q9CR84-F1,A,candidate,3,3,mapped_options_quality_pending,not_assessed,0.1.0
1533,Q9CR96,AlphaFold_DB,AF-Q9CR96-2-F1,A,held,0,0,metadata_held,not_assessed,0.1.0
1534,Q9CR96,AlphaFold_DB,AF-Q9CR96-F1,A,candidate,2,2,mapped_options_quality_pending,not_assessed,0.1.0
1535,Q9CR98,AlphaFold_DB,AF-Q9CR98-F1,A,candidate,9,9,mapped_options_quality_pending,not_assessed,0.1.0
1536,Q9CRA4,AlphaFold_DB,AF-Q9CRA4-F1,A,candidate,5,5,mapped_options_quality_pending,not_assessed,0.1.0
1537,Q9CW03,AlphaFold_DB,AF-Q9CW03-F1,A,candidate,7,7,mapped_options_quality_pending,not_assessed,0.1.0
1538,Q9CW03,PDBe_SIFTS,2wd5,B,candidate,7,4,mapped_options_quality_pending,not_assessed,0.1.0
1539,Q9CW03,PDBe_SIFTS,7dg5,B,candidate,7,4,mapped_options_quality_pending,not_assessed,0.1.0
1540,Q9CW03,PDBe_SIFTS,7dg5,D,candidate,7,4,mapped_options_quality_pending,not_assessed,0.1.0
1541,Q9CWF2,AlphaFold_DB,AF-Q9CWF2-F1,A,candidate,8,8,mapped_options_quality_pending,not_assessed,0.1.0
1542,Q9CWF2,PDBe_SIFTS,9w2m,M,candidate,8,8,mapped_options_quality_pending,not_assessed,0.1.0
1543,Q9CWF2,PDBe_SIFTS,9w2m,m,candidate,8,8,mapped_options_quality_pending,not_assessed,0.1.0
1544,Q9CX84,AlphaFold_DB,AF-Q9CX84-F1,A,candidate,11,11,mapped_options_quality_pending,not_assessed,0.1.0
1545,Q9CXC9,AlphaFold_DB,AF-Q9CXC9-F1,A,candidate,11,11,mapped_options_quality_pending,not_assessed,0.1.0
1546,Q9CY45,AlphaFold_DB,AF-Q9CY45-F1,A,candidate,7,7,mapped_options_quality_pending,not_assessed,0.1.0
1547,Q9CY64,AlphaFold_DB,AF-Q9CY64-F1,A,candidate,3,3,mapped_options_quality_pending,not_assessed,0.1.0
1548,Q9CYQ7,AlphaFold_DB,AF-Q9CYQ7-F1,A,candidate,16,16,mapped_options_quality_pending,not_assessed,0.1.0
1549,Q9CZH3,AlphaFold_DB,AF-Q9CZH3-F1,A,candidate,3,3,mapped_options_quality_pending,not_assessed,0.1.0
1550,Q9CZI9,AlphaFold_DB,AF-Q9CZI9-2-F1,A,held,0,0,metadata_held,not_assessed,0.1.0
1551,Q9CZI9,AlphaFold_DB,AF-Q9CZI9-F1,A,candidate,6,6,mapped_options_quality_pending,not_assessed,0.1.0
1552,Q9CZP5,AlphaFold_DB,AF-Q9CZP5-F1,A,candidate,3,3,mapped_options_quality_pending,not_assessed,0.1.0
1553,Q9CZP5,PDBe_SIFTS,6u1y,A,candidate,3,3,mapped_options_quality_pending,not_assessed,0.1.0
1554,Q9CZP5,PDBe_SIFTS,6u1y,B,candidate,3,3,mapped_options_quality_pending,not_assessed,0.1.0
1555,Q9CZP5,PDBe_SIFTS,6u1y,C,candidate,3,3,mapped_options_quality_pending,not_assessed,0.1.0
1556,Q9CZP5,PDBe_SIFTS,6u1y,D,candidate,3,3,mapped_options_quality_pending,not_assessed,0.1.0
1557,Q9CZP5,PDBe_SIFTS,6u1y,E,candidate,3,3,mapped_options_quality_pending,not_assessed,0.1.0
1558,Q9CZP5,PDBe_SIFTS,6u1y,F,candidate,3,3,mapped_options_quality_pending,not_assessed,0.1.0
1559,Q9CZP5,PDBe_SIFTS,6u1y,G,candidate,3,3,mapped_options_quality_pending,not_assessed,0.1.0
1560,Q9CZP5,PDBe_SIFTS,6uko,A,candidate,3,3,mapped_options_quality_pending,not_assessed,0.1.0
1561,Q9CZP5,PDBe_SIFTS,6uko,B,candidate,3,3,mapped_options_quality_pending,not_assessed,0.1.0
1562,Q9CZP5,PDBe_SIFTS,6uko,C,candidate,3,3,mapped_options_quality_pending,not_assessed,0.1.0
1563,Q9CZP5,PDBe_SIFTS,6uko,D,candidate,3,3,mapped_options_quality_pending,not_assessed,0.1.0
1564,Q9CZP5,PDBe_SIFTS,6uko,E,candidate,3,3,mapped_options_quality_pending,not_assessed,0.1.0
1565,Q9CZP5,PDBe_SIFTS,6uko,F,candidate,3,3,mapped_options_quality_pending,not_assessed,0.1.0
1566,Q9CZP5,PDBe_SIFTS,6uko,G,candidate,3,3,mapped_options_quality_pending,not_assessed,0.1.0
1567,Q9CZP5,PDBe_SIFTS,6ukp,A,candidate,3,3,mapped_options_quality_pending,not_assessed,0.1.0
1568,Q9CZP5,PDBe_SIFTS,6ukp,B,candidate,3,3,mapped_options_quality_pending,not_assessed,0.1.0
1569,Q9CZP5,PDBe_SIFTS,6ukp,C,candidate,3,3,mapped_options_quality_pending,not_assessed,0.1.0
1570,Q9CZP5,PDBe_SIFTS,6ukp,D,candidate,3,3,mapped_options_quality_pending,not_assessed,0.1.0
1571,Q9CZP5,PDBe_SIFTS,6ukp,E,candidate,3,3,mapped_options_quality_pending,not_assessed,0.1.0
1572,Q9CZP5,PDBe_SIFTS,6ukp,F,candidate,3,3,mapped_options_quality_pending,not_assessed,0.1.0
1573,Q9CZP5,PDBe_SIFTS,6ukp,G,candidate,3,3,mapped_options_quality_pending,not_assessed,0.1.0
1574,Q9CZP5,PDBe_SIFTS,6uks,A,candidate,3,3,mapped_options_quality_pending,not_assessed,0.1.0
1575,Q9CZP5,PDBe_SIFTS,6uks,B,candidate,3,3,mapped_options_quality_pending,not_assessed,0.1.0
1576,Q9CZP5,PDBe_SIFTS,6uks,C,candidate,3,3,mapped_options_quality_pending,not_assessed,0.1.0
1577,Q9CZP5,PDBe_SIFTS,6uks,D,candidate,3,3,mapped_options_quality_pending,not_assessed,0.1.0
1578,Q9CZP5,PDBe_SIFTS,6uks,E,candidate,3,3,mapped_options_quality_pending,not_assessed,0.1.0
1579,Q9CZP5,PDBe_SIFTS,6uks,F,candidate,3,3,mapped_options_quality_pending,not_assessed,0.1.0
1580,Q9CZP5,PDBe_SIFTS,6uks,G,candidate,3,3,mapped_options_quality_pending,not_assessed,0.1.0
1581,Q9CZP5,PDBe_SIFTS,8t14,A,candidate,3,3,mapped_options_quality_pending,not_assessed,0.1.0
1582,Q9CZP5,PDBe_SIFTS,8t14,B,candidate,3,3,mapped_options_quality_pending,not_assessed,0.1.0
1583,Q9CZP5,PDBe_SIFTS,8t14,C,candidate,3,3,mapped_options_quality_pending,not_assessed,0.1.0
1584,Q9CZP5,PDBe_SIFTS,8t14,D,candidate,3,3,mapped_options_quality_pending,not_assessed,0.1.0
1585,Q9CZP5,PDBe_SIFTS,8t14,E,candidate,3,3,mapped_options_quality_pending,not_assessed,0.1.0
1586,Q9CZP5,PDBe_SIFTS,8t14,F,candidate,3,3,mapped_options_quality_pending,not_assessed,0.1.0
1587,Q9CZP5,PDBe_SIFTS,8t14,G,candidate,3,3,mapped_options_quality_pending,not_assessed,0.1.0
1588,Q9CZP5,PDBe_SIFTS,8t5u,A,candidate,3,3,mapped_options_quality_pending,not_assessed,0.1.0
1589,Q9CZP5,PDBe_SIFTS,8t5u,B,candidate,3,3,mapped_options_quality_pending,not_assessed,0.1.0
1590,Q9CZP5,PDBe_SIFTS,8t5u,C,candidate,3,3,mapped_options_quality_pending,not_assessed,0.1.0
1591,Q9CZP5,PDBe_SIFTS,8t5u,D,candidate,3,3,mapped_options_quality_pending,not_assessed,0.1.0
1592,Q9CZP5,PDBe_SIFTS,8t5u,E,candidate,3,3,mapped_options_quality_pending,not_assessed,0.1.0
1593,Q9CZP5,PDBe_SIFTS,8t5u,F,candidate,3,3,mapped_options_quality_pending,not_assessed,0.1.0
1594,Q9CZP5,PDBe_SIFTS,8t5u,G,candidate,3,3,mapped_options_quality_pending,not_assessed,0.1.0
1595,Q9CZP5,PDBe_SIFTS,8t7u,A,candidate,3,3,mapped_options_quality_pending,not_assessed,0.1.0
1596,Q9CZP5,PDBe_SIFTS,8t7u,B,candidate,3,3,mapped_options_quality_pending,not_assessed,0.1.0
1597,Q9CZP5,PDBe_SIFTS,8t7u,C,candidate,3,3,mapped_options_quality_pending,not_assessed,0.1.0
1598,Q9CZP5,PDBe_SIFTS,8t7u,D,candidate,3,3,mapped_options_quality_pending,not_assessed,0.1.0
1599,Q9CZP5,PDBe_SIFTS,8t7u,E,candidate,3,3,mapped_options_quality_pending,not_assessed,0.1.0
1600,Q9CZP5,PDBe_SIFTS,8t7u,F,candidate,3,3,mapped_options_quality_pending,not_assessed,0.1.0
1601,Q9CZP5,PDBe_SIFTS,8t7u,G,candidate,3,3,mapped_options_quality_pending,not_assessed,0.1.0
1602,Q9CZP5,PDBe_SIFTS,8tby,A,candidate,3,3,mapped_options_quality_pending,not_assessed,0.1.0
1603,Q9CZP5,PDBe_SIFTS,8tby,B,candidate,3,3,mapped_options_quality_pending,not_assessed,0.1.0
1604,Q9CZP5,PDBe_SIFTS,8tby,C,candidate,3,3,mapped_options_quality_pending,not_assessed,0.1.0
1605,Q9CZP5,PDBe_SIFTS,8tby,D,candidate,3,3,mapped_options_quality_pending,not_assessed,0.1.0
1606,Q9CZP5,PDBe_SIFTS,8tby,E,candidate,3,3,mapped_options_quality_pending,not_assessed,0.1.0
1607,Q9CZP5,PDBe_SIFTS,8tby,F,candidate,3,3,mapped_options_quality_pending,not_assessed,0.1.0
1608,Q9CZP5,PDBe_SIFTS,8tby,G,candidate,3,3,mapped_options_quality_pending,not_assessed,0.1.0
1609,Q9CZP5,PDBe_SIFTS,8ti0,A,candidate,3,3,mapped_options_quality_pending,not_assessed,0.1.0
1610,Q9CZP5,PDBe_SIFTS,8ti0,B,candidate,3,3,mapped_options_quality_pending,not_assessed,0.1.0
1611,Q9CZP5,PDBe_SIFTS,8ti0,C,candidate,3,3,mapped_options_quality_pending,not_assessed,0.1.0
1612,Q9CZP5,PDBe_SIFTS,8ti0,D,candidate,3,3,mapped_options_quality_pending,not_assessed,0.1.0
1613,Q9CZP5,PDBe_SIFTS,8ti0,E,candidate,3,3,mapped_options_quality_pending,not_assessed,0.1.0
1614,Q9CZP5,PDBe_SIFTS,8ti0,F,candidate,3,3,mapped_options_quality_pending,not_assessed,0.1.0
1615,Q9CZP5,PDBe_SIFTS,8ti0,G,candidate,3,3,mapped_options_quality_pending,not_assessed,0.1.0
1616,Q9CZP5,PDBe_SIFTS,8tp1,A,candidate,3,3,mapped_options_quality_pending,not_assessed,0.1.0
1617,Q9CZP5,PDBe_SIFTS,8tp1,B,candidate,3,3,mapped_options_quality_pending,not_assessed,0.1.0
1618,Q9CZP5,PDBe_SIFTS,8tp1,C,candidate,3,3,mapped_options_quality_pending,not_assessed,0.1.0
1619,Q9CZP5,PDBe_SIFTS,8tp1,D,candidate,3,3,mapped_options_quality_pending,not_assessed,0.1.0
1620,Q9CZP5,PDBe_SIFTS,8tp1,E,candidate,3,3,mapped_options_quality_pending,not_assessed,0.1.0
1621,Q9CZP5,PDBe_SIFTS,8tp1,F,candidate,3,3,mapped_options_quality_pending,not_assessed,0.1.0
1622,Q9CZP5,PDBe_SIFTS,8tp1,G,candidate,3,3,mapped_options_quality_pending,not_assessed,0.1.0
1623,Q9CZP5,PDBe_SIFTS,8tpl,A,candidate,3,3,mapped_options_quality_pending,not_assessed,0.1.0
1624,Q9CZP5,PDBe_SIFTS,8tpl,B,candidate,3,3,mapped_options_quality_pending,not_assessed,0.1.0
1625,Q9CZP5,PDBe_SIFTS,8tpl,C,candidate,3,3,mapped_options_quality_pending,not_assessed,0.1.0
1626,Q9CZP5,PDBe_SIFTS,8tpl,D,candidate,3,3,mapped_options_quality_pending,not_assessed,0.1.0
1627,Q9CZP5,PDBe_SIFTS,8tpl,E,candidate,3,3,mapped_options_quality_pending,not_assessed,0.1.0
1628,Q9CZP5,PDBe_SIFTS,8tpl,F,candidate,3,3,mapped_options_quality_pending,not_assessed,0.1.0
1629,Q9CZP5,PDBe_SIFTS,8tpl,G,candidate,3,3,mapped_options_quality_pending,not_assessed,0.1.0
1630,Q9D0P7,AlphaFold_DB,AF-Q9D0P7-F1,A,candidate,3,3,mapped_options_quality_pending,not_assessed,0.1.0
1631,Q9D0T7,AlphaFold_DB,AF-Q9D0T7-F1,A,candidate,4,4,mapped_options_quality_pending,not_assessed,0.1.0
1632,Q9D154,AlphaFold_DB,AF-0000000010887173,A,held,0,0,metadata_held,not_assessed,0.1.0
1633,Q9D154,AlphaFold_DB,AF-Q9D154-F1,A,candidate,3,3,mapped_options_quality_pending,not_assessed,0.1.0
1634,Q9D164,AlphaFold_DB,AF-Q9D164-2-F1,A,held,0,0,metadata_held,not_assessed,0.1.0
1635,Q9D164,AlphaFold_DB,AF-Q9D164-F1,A,candidate,3,3,mapped_options_quality_pending,not_assessed,0.1.0
1636,Q9D1D1,AlphaFold_DB,AF-Q9D1D1-F1,A,candidate,13,13,mapped_options_quality_pending,not_assessed,0.1.0
1637,Q9D1G2,AlphaFold_DB,AF-Q9D1G2-2-F1,A,held,0,0,metadata_held,not_assessed,0.1.0
1638,Q9D1G2,AlphaFold_DB,AF-Q9D1G2-3-F1,A,held,0,0,metadata_held,not_assessed,0.1.0
1639,Q9D1G2,AlphaFold_DB,AF-Q9D1G2-F1,A,candidate,5,5,mapped_options_quality_pending,not_assessed,0.1.0
1640,Q9D236,AlphaFold_DB,AF-Q9D236-1-F1,A,held,0,0,metadata_held,not_assessed,0.1.0
1641,Q9D236,AlphaFold_DB,AF-Q9D236-4-F1,A,held,0,0,metadata_held,not_assessed,0.1.0
1642,Q9D236,AlphaFold_DB,AF-Q9D236-F1,A,candidate,16,16,mapped_options_quality_pending,not_assessed,0.1.0
1643,Q9D2N8,AlphaFold_DB,AF-Q9D2N8-F1,A,candidate,17,17,mapped_options_quality_pending,not_assessed,0.1.0
1644,Q9D300,AlphaFold_DB,AF-Q9D300-2-F1,A,held,0,0,metadata_held,not_assessed,0.1.0
1645,Q9D300,AlphaFold_DB,AF-Q9D300-F1,A,candidate,10,10,mapped_options_quality_pending,not_assessed,0.1.0
1646,Q9D3R9,AlphaFold_DB,AF-Q9D3R9-2-F1,A,held,0,0,metadata_held,not_assessed,0.1.0
1647,Q9D3R9,AlphaFold_DB,AF-Q9D3R9-F1,A,candidate,7,7,mapped_options_quality_pending,not_assessed,0.1.0
1648,Q9D479,AlphaFold_DB,AF-Q9D479-F1,A,candidate,15,15,mapped_options_quality_pending,not_assessed,0.1.0
1649,Q9D5Z5,AlphaFold_DB,AF-Q9D5Z5-F1,A,candidate,10,10,mapped_options_quality_pending,not_assessed,0.1.0
1650,Q9D668,AlphaFold_DB,AF-Q9D668-F1,A,candidate,9,9,mapped_options_quality_pending,not_assessed,0.1.0
1651,Q9D684,AlphaFold_DB,AF-Q9D684-2-F1,A,held,0,0,metadata_held,not_assessed,0.1.0
1652,Q9D684,AlphaFold_DB,AF-Q9D684-F1,A,candidate,18,18,mapped_options_quality_pending,not_assessed,0.1.0
1653,Q9D6A1,AlphaFold_DB,AF-Q9D6A1-2-F1,A,held,0,0,metadata_held,not_assessed,0.1.0
1654,Q9D6A1,AlphaFold_DB,AF-Q9D6A1-F1,A,candidate,23,23,mapped_options_quality_pending,not_assessed,0.1.0
1655,Q9D6B9,AlphaFold_DB,AF-Q9D6B9-F1,A,candidate,2,2,mapped_options_quality_pending,not_assessed,0.1.0
1656,Q9D6D8,AlphaFold_DB,AF-Q9D6D8-F1,A,candidate,9,9,mapped_options_quality_pending,not_assessed,0.1.0
1657,Q9D6W7,AlphaFold_DB,AF-Q9D6W7-F1,A,candidate,13,13,mapped_options_quality_pending,not_assessed,0.1.0
1658,Q9D6X5,AlphaFold_DB,AF-Q9D6X5-2-F1,A,held,0,0,metadata_held,not_assessed,0.1.0
1659,Q9D6X5,AlphaFold_DB,AF-Q9D6X5-F1,A,candidate,15,15,mapped_options_quality_pending,not_assessed,0.1.0
1660,Q9D6X6,AlphaFold_DB,AF-Q9D6X6-F1,A,candidate,9,9,mapped_options_quality_pending,not_assessed,0.1.0
1661,Q9D708,AlphaFold_DB,AF-Q9D708-F1,A,candidate,4,4,mapped_options_quality_pending,not_assessed,0.1.0
1662,Q9D7C9,AlphaFold_DB,AF-Q9D7C9-F1,A,candidate,3,3,mapped_options_quality_pending,not_assessed,0.1.0
1663,Q9D7I5,AlphaFold_DB,AF-Q9D7I5-2-F1,A,held,0,0,metadata_held,not_assessed,0.1.0
1664,Q9D7I5,AlphaFold_DB,AF-Q9D7I5-F1,A,candidate,6,6,mapped_options_quality_pending,not_assessed,0.1.0
1665,Q9D7Q1,AlphaFold_DB,AF-Q9D7Q1-2-F1,A,held,0,0,metadata_held,not_assessed,0.1.0
1666,Q9D7Q1,AlphaFold_DB,AF-Q9D7Q1-F1,A,candidate,10,10,mapped_options_quality_pending,not_assessed,0.1.0
1667,Q9D7U6,AlphaFold_DB,AF-Q9D7U6-F1,A,candidate,10,10,mapped_options_quality_pending,not_assessed,0.1.0
1668,Q9D819,AlphaFold_DB,AF-Q9D819-F1,A,candidate,8,8,mapped_options_quality_pending,not_assessed,0.1.0
1669,Q9D975,AlphaFold_DB,AF-Q9D975-F1,A,candidate,2,2,mapped_options_quality_pending,not_assessed,0.1.0
1670,Q9DAU7,AlphaFold_DB,AF-Q9DAU7-F1,A,candidate,18,18,mapped_options_quality_pending,not_assessed,0.1.0
1671,Q9DB28,AlphaFold_DB,AF-Q9DB28-F1,A,candidate,8,8,mapped_options_quality_pending,not_assessed,0.1.0
1672,Q9DB91,AlphaFold_DB,AF-Q9DB91-F1,A,candidate,7,7,mapped_options_quality_pending,not_assessed,0.1.0
1673,Q9DB91,PDBe_SIFTS,6w1s,X,candidate,7,1,mapped_options_quality_pending,not_assessed,0.1.0
1674,Q9DB91,PDBe_SIFTS,8t1i,X,candidate,7,1,mapped_options_quality_pending,not_assessed,0.1.0
1675,Q9DB91,PDBe_SIFTS,8t1l,X,candidate,7,1,mapped_options_quality_pending,not_assessed,0.1.0
1676,Q9DBF1,AlphaFold_DB,AF-Q9DBF1-2-F1,A,held,0,0,metadata_held,not_assessed,0.1.0
1677,Q9DBF1,AlphaFold_DB,AF-Q9DBF1-F1,A,candidate,9,9,mapped_options_quality_pending,not_assessed,0.1.0
1678,Q9DBG1,AlphaFold_DB,AF-Q9DBG1-F1,A,candidate,4,4,mapped_options_quality_pending,not_assessed,0.1.0
1679,Q9DCC4,AlphaFold_DB,AF-Q9DCC4-F1,A,candidate,8,8,mapped_options_quality_pending,not_assessed,0.1.0
1680,Q9DCE5,AlphaFold_DB,AF-Q9DCE5-F1,A,candidate,9,9,mapped_options_quality_pending,not_assessed,0.1.0
1681,Q9DCU2,AlphaFold_DB,AF-Q9DCU2-F1,A,candidate,2,2,mapped_options_quality_pending,not_assessed,0.1.0
1682,Q9EP53,AlphaFold_DB,AF-Q9EP53-2-F1,A,held,0,0,metadata_held,not_assessed,0.1.0
1683,Q9EP53,AlphaFold_DB,AF-Q9EP53-3-F1,A,held,0,0,metadata_held,not_assessed,0.1.0
1684,Q9EP53,AlphaFold_DB,AF-Q9EP53-4-F1,A,held,0,0,metadata_held,not_assessed,0.1.0
1685,Q9EP53,AlphaFold_DB,AF-Q9EP53-F1,A,candidate,18,18,mapped_options_quality_pending,not_assessed,0.1.0
1686,Q9EP69,AlphaFold_DB,AF-Q9EP69-F1,A,candidate,10,10,mapped_options_quality_pending,not_assessed,0.1.0
1687,Q9EP75,AlphaFold_DB,AF-Q9EP75-F1,A,candidate,10,10,mapped_options_quality_pending,not_assessed,0.1.0
1688,Q9EPC5,AlphaFold_DB,AF-Q9EPC5-F1,A,candidate,5,5,mapped_options_quality_pending,not_assessed,0.1.0
1689,Q9EPW2,AlphaFold_DB,AF-Q9EPW2-F1,A,candidate,14,14,mapped_options_quality_pending,not_assessed,0.1.0
1690,Q9EPX5,AlphaFold_DB,AF-Q9EPX5-F1,A,candidate,11,11,mapped_options_quality_pending,not_assessed,0.1.0
1691,Q9EQ32,AlphaFold_DB,AF-Q9EQ32-2-F1,A,held,0,0,metadata_held,not_assessed,0.1.0
1692,Q9EQ32,AlphaFold_DB,AF-Q9EQ32-3-F1,A,held,0,0,metadata_held,not_assessed,0.1.0
1693,Q9EQ32,AlphaFold_DB,AF-Q9EQ32-F1,A,candidate,16,16,mapped_options_quality_pending,not_assessed,0.1.0
1694,Q9EQC7,AlphaFold_DB,AF-Q9EQC7-F1,A,candidate,26,26,mapped_options_quality_pending,not_assessed,0.1.0
1695,Q9EQH4,AlphaFold_DB,AF-Q9EQH4-2-F1,A,held,0,0,metadata_held,not_assessed,0.1.0
1696,Q9EQH4,AlphaFold_DB,AF-Q9EQH4-3-F1,A,held,0,0,metadata_held,not_assessed,0.1.0
1697,Q9EQH4,AlphaFold_DB,AF-Q9EQH4-4-F1,A,held,0,0,metadata_held,not_assessed,0.1.0
1698,Q9EQH4,AlphaFold_DB,AF-Q9EQH4-5-F1,A,held,0,0,metadata_held,not_assessed,0.1.0
1699,Q9EQH4,AlphaFold_DB,AF-Q9EQH4-F1,A,candidate,1,1,mapped_options_quality_pending,not_assessed,0.1.0
1700,Q9EQQ9,AlphaFold_DB,AF-Q9EQQ9-2-F1,A,held,0,0,metadata_held,not_assessed,0.1.0
1701,Q9EQQ9,AlphaFold_DB,AF-Q9EQQ9-3-F1,A,held,0,0,metadata_held,not_assessed,0.1.0
1702,Q9EQQ9,AlphaFold_DB,AF-Q9EQQ9-F1,A,candidate,19,19,mapped_options_quality_pending,not_assessed,0.1.0
1703,Q9ER71,AlphaFold_DB,AF-Q9ER71-2-F1,A,held,0,0,metadata_held,not_assessed,0.1.0
1704,Q9ER71,AlphaFold_DB,AF-Q9ER71-F1,A,candidate,13,13,mapped_options_quality_pending,not_assessed,0.1.0
1705,Q9ERV7,AlphaFold_DB,AF-Q9ERV7-F1,A,candidate,16,16,mapped_options_quality_pending,not_assessed,0.1.0
1706,Q9ERY9,AlphaFold_DB,AF-Q9ERY9-F1,A,candidate,2,2,mapped_options_quality_pending,not_assessed,0.1.0
1707,Q9ESC7,AlphaFold_DB,AF-Q9ESC7-F1,A,candidate,6,6,mapped_options_quality_pending,not_assessed,0.1.0
1708,Q9ESH5,AlphaFold_DB,AF-Q9ESH5-F1,A,candidate,13,13,mapped_options_quality_pending,not_assessed,0.1.0
1709,Q9ESL4,AlphaFold_DB,AF-Q9ESL4-2-F1,A,held,0,0,metadata_held,not_assessed,0.1.0
1710,Q9ESL4,AlphaFold_DB,AF-Q9ESL4-3-F1,A,held,0,0,metadata_held,not_assessed,0.1.0
1711,Q9ESL4,AlphaFold_DB,AF-Q9ESL4-F1,A,candidate,10,10,mapped_options_quality_pending,not_assessed,0.1.0
1712,Q9ET66,AlphaFold_DB,AF-Q9ET66-2-F1,A,held,0,0,metadata_held,not_assessed,0.1.0
1713,Q9ET66,AlphaFold_DB,AF-Q9ET66-F1,A,candidate,11,11,mapped_options_quality_pending,not_assessed,0.1.0
1714,Q9JHB3,AlphaFold_DB,AF-Q9JHB3-F1,A,candidate,12,12,mapped_options_quality_pending,not_assessed,0.1.0
1715,Q9JHB4,AlphaFold_DB,AF-Q9JHB4-2-F1,A,held,0,0,metadata_held,not_assessed,0.1.0
1716,Q9JHB4,AlphaFold_DB,AF-Q9JHB4-F1,A,candidate,14,14,mapped_options_quality_pending,not_assessed,0.1.0
1717,Q9JHF7,AlphaFold_DB,AF-Q9JHF7-F1,A,candidate,2,2,mapped_options_quality_pending,not_assessed,0.1.0
1718,Q9JHG6,AlphaFold_DB,AF-Q9JHG6-2-F1,A,held,0,0,metadata_held,not_assessed,0.1.0
1719,Q9JHG6,AlphaFold_DB,AF-Q9JHG6-3-F1,A,held,0,0,metadata_held,not_assessed,0.1.0
1720,Q9JHG6,AlphaFold_DB,AF-Q9JHG6-4-F1,A,held,0,0,metadata_held,not_assessed,0.1.0
1721,Q9JHG6,AlphaFold_DB,AF-Q9JHG6-F1,A,candidate,4,4,mapped_options_quality_pending,not_assessed,0.1.0
1722,Q9JHG6,PDBe_SIFTS,1wey,A,candidate,4,0,no_mapped_options,not_assessed,0.1.0
1723,Q9JHI8,AlphaFold_DB,AF-Q9JHI8-2-F1,A,held,0,0,metadata_held,not_assessed,0.1.0
1724,Q9JHI8,AlphaFold_DB,AF-Q9JHI8-3-F1,A,held,0,0,metadata_held,not_assessed,0.1.0
1725,Q9JHI8,AlphaFold_DB,AF-Q9JHI8-4-F1,A,held,0,0,metadata_held,not_assessed,0.1.0
1726,Q9JHI8,AlphaFold_DB,AF-Q9JHI8-F1,A,candidate,20,20,mapped_options_quality_pending,not_assessed,0.1.0
1727,Q9JI75,AlphaFold_DB,AF-Q9JI75-F1,A,candidate,4,4,mapped_options_quality_pending,not_assessed,0.1.0
1728,Q9JIG8,AlphaFold_DB,AF-Q9JIG8-F1,A,candidate,4,4,mapped_options_quality_pending,not_assessed,0.1.0
1729,Q9JIT0,AlphaFold_DB,AF-Q9JIT0-2-F1,A,held,0,0,metadata_held,not_assessed,0.1.0
1730,Q9JIT0,AlphaFold_DB,AF-Q9JIT0-3-F1,A,held,0,0,metadata_held,not_assessed,0.1.0
1731,Q9JIT0,AlphaFold_DB,AF-Q9JIT0-F1,A,candidate,9,9,mapped_options_quality_pending,not_assessed,0.1.0
1732,Q9JIZ9,AlphaFold_DB,AF-Q9JIZ9-F1,A,candidate,13,13,mapped_options_quality_pending,not_assessed,0.1.0
1733,Q9JJ61,AlphaFold_DB,AF-Q9JJ61-F1,A,candidate,13,13,mapped_options_quality_pending,not_assessed,0.1.0
1734,Q9JJ66,AlphaFold_DB,AF-Q9JJ66-F1,A,candidate,7,7,mapped_options_quality_pending,not_assessed,0.1.0
1735,Q9JK53,AlphaFold_DB,AF-Q9JK53-F1,A,candidate,6,6,mapped_options_quality_pending,not_assessed,0.1.0
1736,Q9JK95,AlphaFold_DB,AF-Q9JK95-F1,A,candidate,12,12,mapped_options_quality_pending,not_assessed,0.1.0
1737,Q9JKB1,AlphaFold_DB,AF-Q9JKB1-F1,A,candidate,3,3,mapped_options_quality_pending,not_assessed,0.1.0
1738,Q9JKC6,AlphaFold_DB,AF-Q9JKC6-F1,A,candidate,1,1,mapped_options_quality_pending,not_assessed,0.1.0
1739,Q9JKF4,AlphaFold_DB,AF-Q9JKF4-2-F1,A,held,0,0,metadata_held,not_assessed,0.1.0
1740,Q9JKF4,AlphaFold_DB,AF-Q9JKF4-3-F1,A,held,0,0,metadata_held,not_assessed,0.1.0
1741,Q9JKF4,AlphaFold_DB,AF-Q9JKF4-F1,A,candidate,11,11,mapped_options_quality_pending,not_assessed,0.1.0
1742,Q9JLC6,AlphaFold_DB,AF-Q9JLC6-2-F1,A,held,0,0,metadata_held,not_assessed,0.1.0
1743,Q9JLC6,AlphaFold_DB,AF-Q9JLC6-3-F1,A,held,0,0,metadata_held,not_assessed,0.1.0
1744,Q9JLC6,AlphaFold_DB,AF-Q9JLC6-F1,A,candidate,2,2,mapped_options_quality_pending,not_assessed,0.1.0
1745,Q9JLL0,AlphaFold_DB,AF-Q9JLL0-F1,A,candidate,130,130,mapped_options_quality_pending,not_assessed,0.1.0
1746,Q9JLM8,AlphaFold_DB,AF-Q9JLM8-2-F1,A,held,0,0,metadata_held,not_assessed,0.1.0
1747,Q9JLM8,AlphaFold_DB,AF-Q9JLM8-F1,A,candidate,10,10,mapped_options_quality_pending,not_assessed,0.1.0
1748,Q9JLV1,AlphaFold_DB,AF-Q9JLV1-F1,A,candidate,4,4,mapped_options_quality_pending,not_assessed,0.1.0
1749,Q9JLV1,PDBe_SIFTS,1uk5,A,candidate,80,0,no_mapped_options,not_assessed,0.1.0
1750,Q9JMG2,AlphaFold_DB,AF-Q9JMG2-F1,A,candidate,7,7,mapped_options_quality_pending,not_assessed,0.1.0
1751,Q9QUG2,AlphaFold_DB,AF-Q9QUG2-2-F1,A,held,0,0,metadata_held,not_assessed,0.1.0
1752,Q9QUG2,AlphaFold_DB,AF-Q9QUG2-F1,A,candidate,19,19,mapped_options_quality_pending,not_assessed,0.1.0
1753,Q9QUG2,PDBe_SIFTS,2lsj,B,candidate,380,0,no_mapped_options,not_assessed,0.1.0
1754,Q9QUG2,PDBe_SIFTS,4fjo,B,candidate,19,0,no_mapped_options,not_assessed,0.1.0
1755,Q9QUG2,PDBe_SIFTS,6c59,A,candidate,19,0,no_mapped_options,not_assessed,0.1.0
1756,Q9QUG2,PDBe_SIFTS,6c8c,A,candidate,19,0,no_mapped_options,not_assessed,0.1.0
1757,Q9QUG2,PDBe_SIFTS,6c8c,B,candidate,19,0,no_mapped_options,not_assessed,0.1.0
1758,Q9QUH0,AlphaFold_DB,AF-Q9QUH0-F1,A,candidate,5,5,mapped_options_quality_pending,not_assessed,0.1.0
1759,Q9QUN3,AlphaFold_DB,AF-Q9QUN3-F1,A,candidate,2,2,mapped_options_quality_pending,not_assessed,0.1.0
1760,Q9QUN3,PDBe_SIFTS,2eo6,A,candidate,40,20,mapped_options_quality_pending,not_assessed,0.1.0
1761,Q9QXE4,AlphaFold_DB,AF-Q9QXE4-2-F1,A,held,0,0,metadata_held,not_assessed,0.1.0
1762,Q9QXE4,AlphaFold_DB,AF-Q9QXE4-F1,A,candidate,12,12,mapped_options_quality_pending,not_assessed,0.1.0
1763,Q9QXY6,AlphaFold_DB,AF-Q9QXY6-F1,A,candidate,1,1,mapped_options_quality_pending,not_assessed,0.1.0
1764,Q9QYF1,AlphaFold_DB,AF-Q9QYF1-F1,A,candidate,7,7,mapped_options_quality_pending,not_assessed,0.1.0
1765,Q9QYH6,AlphaFold_DB,AF-0000000011341349,A,held,0,0,metadata_held,not_assessed,0.1.0
1766,Q9QYH6,AlphaFold_DB,AF-Q9QYH6-F1,A,candidate,1,1,mapped_options_quality_pending,not_assessed,0.1.0
1767,Q9QZ09,AlphaFold_DB,AF-Q9QZ09-F1,A,candidate,12,12,mapped_options_quality_pending,not_assessed,0.1.0
1768,Q9QZZ6,AlphaFold_DB,AF-Q9QZZ6-F1,A,candidate,10,10,mapped_options_quality_pending,not_assessed,0.1.0
1769,Q9R008,AlphaFold_DB,AF-Q9R008-F1,A,candidate,8,8,mapped_options_quality_pending,not_assessed,0.1.0
1770,Q9R087,AlphaFold_DB,AF-Q9R087-F1,A,candidate,17,17,mapped_options_quality_pending,not_assessed,0.1.0
1771,Q9R0A1,AlphaFold_DB,AF-Q9R0A1-F1,A,candidate,16,16,mapped_options_quality_pending,not_assessed,0.1.0
1772,Q9R1J0,AlphaFold_DB,AF-Q9R1J0-F1,A,candidate,5,5,mapped_options_quality_pending,not_assessed,0.1.0
1773,Q9R1Z8,AlphaFold_DB,AF-Q9R1Z8-F1,A,candidate,5,5,mapped_options_quality_pending,not_assessed,0.1.0
1774,Q9WTJ5,AlphaFold_DB,AF-Q9WTJ5-F1,A,candidate,8,8,mapped_options_quality_pending,not_assessed,0.1.0
1775,Q9WTP2,AlphaFold_DB,AF-Q9WTP2-F1,A,candidate,25,25,mapped_options_quality_pending,not_assessed,0.1.0
1776,Q9WTR1,AlphaFold_DB,AF-Q9WTR1-F1,A,candidate,14,14,mapped_options_quality_pending,not_assessed,0.1.0
1777,Q9WTR1,PDBe_SIFTS,7xem,A,candidate,14,14,mapped_options_quality_pending,not_assessed,0.1.0
1778,Q9WTR1,PDBe_SIFTS,7xem,B,candidate,14,14,mapped_options_quality_pending,not_assessed,0.1.0
1779,Q9WTR1,PDBe_SIFTS,7xem,C,candidate,14,14,mapped_options_quality_pending,not_assessed,0.1.0
1780,Q9WTR1,PDBe_SIFTS,7xem,D,candidate,14,14,mapped_options_quality_pending,not_assessed,0.1.0
1781,Q9WTR1,PDBe_SIFTS,7xeo,A,candidate,14,14,mapped_options_quality_pending,not_assessed,0.1.0
1782,Q9WTR1,PDBe_SIFTS,7xeo,B,candidate,14,14,mapped_options_quality_pending,not_assessed,0.1.0
1783,Q9WTR1,PDBe_SIFTS,7xeo,C,candidate,14,14,mapped_options_quality_pending,not_assessed,0.1.0
1784,Q9WTR1,PDBe_SIFTS,7xeo,D,candidate,14,14,mapped_options_quality_pending,not_assessed,0.1.0
1785,Q9WTR1,PDBe_SIFTS,7xer,A,candidate,14,14,mapped_options_quality_pending,not_assessed,0.1.0
1786,Q9WTR1,PDBe_SIFTS,7xer,B,candidate,14,14,mapped_options_quality_pending,not_assessed,0.1.0
1787,Q9WTR1,PDBe_SIFTS,7xer,C,candidate,14,14,mapped_options_quality_pending,not_assessed,0.1.0
1788,Q9WTR1,PDBe_SIFTS,7xer,D,candidate,14,14,mapped_options_quality_pending,not_assessed,0.1.0
1789,Q9WTR1,PDBe_SIFTS,7xeu,A,candidate,14,14,mapped_options_quality_pending,not_assessed,0.1.0
1790,Q9WTR1,PDBe_SIFTS,7xeu,B,candidate,14,14,mapped_options_quality_pending,not_assessed,0.1.0
1791,Q9WTR1,PDBe_SIFTS,7xeu,C,candidate,14,14,mapped_options_quality_pending,not_assessed,0.1.0
1792,Q9WTR1,PDBe_SIFTS,7xeu,D,candidate,14,14,mapped_options_quality_pending,not_assessed,0.1.0
1793,Q9WTR1,PDBe_SIFTS,7xev,A,candidate,14,14,mapped_options_quality_pending,not_assessed,0.1.0
1794,Q9WTR1,PDBe_SIFTS,7xev,B,candidate,14,14,mapped_options_quality_pending,not_assessed,0.1.0
1795,Q9WTR1,PDBe_SIFTS,7xev,C,candidate,14,14,mapped_options_quality_pending,not_assessed,0.1.0
1796,Q9WTR1,PDBe_SIFTS,7xev,D,candidate,14,14,mapped_options_quality_pending,not_assessed,0.1.0
1797,Q9WTR1,PDBe_SIFTS,7xew,A,candidate,14,14,mapped_options_quality_pending,not_assessed,0.1.0
1798,Q9WTR1,PDBe_SIFTS,7xew,B,candidate,14,14,mapped_options_quality_pending,not_assessed,0.1.0
1799,Q9WTR1,PDBe_SIFTS,7xew,C,candidate,14,14,mapped_options_quality_pending,not_assessed,0.1.0
1800,Q9WTR1,PDBe_SIFTS,7xew,D,candidate,14,14,mapped_options_quality_pending,not_assessed,0.1.0
1801,Q9WTR1,PDBe_SIFTS,7yep,A,candidate,14,14,mapped_options_quality_pending,not_assessed,0.1.0
1802,Q9WTR1,PDBe_SIFTS,7yep,B,candidate,14,14,mapped_options_quality_pending,not_assessed,0.1.0
1803,Q9WTR1,PDBe_SIFTS,7yep,C,candidate,14,14,mapped_options_quality_pending,not_assessed,0.1.0
1804,Q9WTR1,PDBe_SIFTS,7yep,D,candidate,14,14,mapped_options_quality_pending,not_assessed,0.1.0
1805,Q9WU79,AlphaFold_DB,AF-Q9WU79-F1,A,candidate,11,11,mapped_options_quality_pending,not_assessed,0.1.0
1806,Q9WUP0,AlphaFold_DB,AF-Q9WUP0-F1,A,candidate,7,7,mapped_options_quality_pending,not_assessed,0.1.0
1807,Q9WUR9,AlphaFold_DB,AF-Q9WUR9-F1,A,candidate,2,2,mapped_options_quality_pending,not_assessed,0.1.0
1808,Q9WUZ7,AlphaFold_DB,AF-Q9WUZ7-F1,A,candidate,1,1,mapped_options_quality_pending,not_assessed,0.1.0
1809,Q9WUZ9,AlphaFold_DB,AF-Q9WUZ9-F1,A,candidate,6,6,mapped_options_quality_pending,not_assessed,0.1.0
1810,Q9WV32,AlphaFold_DB,AF-0000000008781986,A,held,0,0,metadata_held,not_assessed,0.1.0
1811,Q9WV32,AlphaFold_DB,AF-Q9WV32-F1,A,candidate,14,14,mapped_options_quality_pending,not_assessed,0.1.0
1812,Q9WV32,PDBe_SIFTS,7aqk,c,candidate,14,0,no_mapped_options,not_assessed,0.1.0
1813,Q9WV66,AlphaFold_DB,AF-Q9WV66-F1,A,candidate,13,13,mapped_options_quality_pending,not_assessed,0.1.0
1814,Q9WV71,AlphaFold_DB,AF-Q9WV71-F1,A,candidate,18,18,mapped_options_quality_pending,not_assessed,0.1.0
1815,Q9WV95,AlphaFold_DB,AF-Q9WV95-F1,A,candidate,3,3,mapped_options_quality_pending,not_assessed,0.1.0
1816,Q9WVC5,AlphaFold_DB,AF-Q9WVC5-F1,A,candidate,13,13,mapped_options_quality_pending,not_assessed,0.1.0
1817,Q9WVC6,AlphaFold_DB,AF-Q9WVC6-2-F1,A,held,0,0,metadata_held,not_assessed,0.1.0
1818,Q9WVC6,AlphaFold_DB,AF-Q9WVC6-3-F1,A,held,0,0,metadata_held,not_assessed,0.1.0
1819,Q9WVC6,AlphaFold_DB,AF-Q9WVC6-F1,A,candidate,5,5,mapped_options_quality_pending,not_assessed,0.1.0
1820,Q9WVF7,AlphaFold_DB,AF-Q9WVF7-F1,A,candidate,48,48,mapped_options_quality_pending,not_assessed,0.1.0
1821,Q9WVG7,AlphaFold_DB,AF-Q9WVG7-F1,A,candidate,8,8,mapped_options_quality_pending,not_assessed,0.1.0
1822,Q9WVL3,AlphaFold_DB,AF-Q9WVL3-2-F1,A,held,0,0,metadata_held,not_assessed,0.1.0
1823,Q9WVL3,AlphaFold_DB,AF-Q9WVL3-F1,A,candidate,23,23,mapped_options_quality_pending,not_assessed,0.1.0
1824,Q9WVL3,PDBe_SIFTS,6ukn,A,candidate,23,20,mapped_options_quality_pending,not_assessed,0.1.0
1825,Q9Z0D9,AlphaFold_DB,AF-Q9Z0D9-F1,A,candidate,10,10,mapped_options_quality_pending,not_assessed,0.1.0
1826,Q9Z0H4,AlphaFold_DB,AF-Q9Z0H4-11-F1,A,held,0,0,metadata_held,not_assessed,0.1.0
1827,Q9Z0H4,AlphaFold_DB,AF-Q9Z0H4-2-F1,A,held,0,0,metadata_held,not_assessed,0.1.0
1828,Q9Z0H4,AlphaFold_DB,AF-Q9Z0H4-3-F1,A,held,0,0,metadata_held,not_assessed,0.1.0
1829,Q9Z0H4,AlphaFold_DB,AF-Q9Z0H4-4-F1,A,held,0,0,metadata_held,not_assessed,0.1.0
1830,Q9Z0H4,AlphaFold_DB,AF-Q9Z0H4-5-F1,A,held,0,0,metadata_held,not_assessed,0.1.0
1831,Q9Z0H4,AlphaFold_DB,AF-Q9Z0H4-6-F1,A,held,0,0,metadata_held,not_assessed,0.1.0
1832,Q9Z0H4,AlphaFold_DB,AF-Q9Z0H4-7-F1,A,held,0,0,metadata_held,not_assessed,0.1.0
1833,Q9Z0H4,AlphaFold_DB,AF-Q9Z0H4-8-F1,A,held,0,0,metadata_held,not_assessed,0.1.0
1834,Q9Z0H4,AlphaFold_DB,AF-Q9Z0H4-9-F1,A,held,0,0,metadata_held,not_assessed,0.1.0
1835,Q9Z0H4,AlphaFold_DB,AF-Q9Z0H4-F1,A,candidate,8,8,mapped_options_quality_pending,not_assessed,0.1.0
1836,Q9Z0M5,AlphaFold_DB,AF-Q9Z0M5-F1,A,candidate,5,5,mapped_options_quality_pending,not_assessed,0.1.0
1837,Q9Z0U1,AlphaFold_DB,AF-Q9Z0U1-F1,A,candidate,4,4,mapped_options_quality_pending,not_assessed,0.1.0
1838,Q9Z0U1,PDBe_SIFTS,2csj,A,candidate,80,0,no_mapped_options,not_assessed,0.1.0
1839,Q9Z126,AlphaFold_DB,AF-Q9Z126-F1,A,candidate,4,4,mapped_options_quality_pending,not_assessed,0.1.0
1840,Q9Z139,AlphaFold_DB,AF-Q9Z139-F1,A,candidate,28,28,mapped_options_quality_pending,not_assessed,0.1.0
1841,Q9Z180,AlphaFold_DB,AF-Q9Z180-F1,A,candidate,14,14,mapped_options_quality_pending,not_assessed,0.1.0
1842,Q9Z1E4,AlphaFold_DB,AF-Q9Z1E4-F1,A,candidate,14,14,mapped_options_quality_pending,not_assessed,0.1.0
1843,Q9Z1F6,AlphaFold_DB,AF-Q9Z1F6-F1,A,candidate,11,11,mapped_options_quality_pending,not_assessed,0.1.0
1844,Q9Z1P5,AlphaFold_DB,AF-Q9Z1P5-2-F1,A,held,0,0,metadata_held,not_assessed,0.1.0
1845,Q9Z1P5,AlphaFold_DB,AF-Q9Z1P5-F1,A,candidate,18,18,mapped_options_quality_pending,not_assessed,0.1.0
1846,Q9Z1S0,AlphaFold_DB,AF-Q9Z1S0-F1,A,candidate,17,17,mapped_options_quality_pending,not_assessed,0.1.0
1847,Q9Z1T2,AlphaFold_DB,AF-Q9Z1T2-F1,A,candidate,47,47,mapped_options_quality_pending,not_assessed,0.1.0
1848,Q9Z1W4,AlphaFold_DB,AF-Q9Z1W4-F1,A,candidate,13,13,mapped_options_quality_pending,not_assessed,0.1.0
1849,Q9Z275,AlphaFold_DB,AF-Q9Z275-F1,A,candidate,5,5,mapped_options_quality_pending,not_assessed,0.1.0
1850,Q9Z2A9,AlphaFold_DB,AF-Q9Z2A9-2-F1,A,held,0,0,metadata_held,not_assessed,0.1.0
1851,Q9Z2A9,AlphaFold_DB,AF-Q9Z2A9-F1,A,candidate,7,7,mapped_options_quality_pending,not_assessed,0.1.0
1852,Q9Z2F6,AlphaFold_DB,AF-Q9Z2F6-F1,A,candidate,8,8,mapped_options_quality_pending,not_assessed,0.1.0
1853,Q9Z2U1,AlphaFold_DB,AF-Q9Z2U1-F1,A,candidate,3,3,mapped_options_quality_pending,not_assessed,0.1.0
1854,Q9Z2U1,PDBe_SIFTS,3unb,D,candidate,3,3,mapped_options_quality_pending,not_assessed,0.1.0
1855,Q9Z2U1,PDBe_SIFTS,3unb,R,candidate,3,3,mapped_options_quality_pending,not_assessed,0.1.0
1856,Q9Z2U1,PDBe_SIFTS,3unb,f,candidate,3,3,mapped_options_quality_pending,not_assessed,0.1.0
1857,Q9Z2U1,PDBe_SIFTS,3unb,t,candidate,3,3,mapped_options_quality_pending,not_assessed,0.1.0
1858,Q9Z2U1,PDBe_SIFTS,3une,D,candidate,3,3,mapped_options_quality_pending,not_assessed,0.1.0
1859,Q9Z2U1,PDBe_SIFTS,3une,R,candidate,3,3,mapped_options_quality_pending,not_assessed,0.1.0
1860,Q9Z2U1,PDBe_SIFTS,3une,f,candidate,3,3,mapped_options_quality_pending,not_assessed,0.1.0
1861,Q9Z2U1,PDBe_SIFTS,3une,t,candidate,3,3,mapped_options_quality_pending,not_assessed,0.1.0
1862,Q9Z2U1,PDBe_SIFTS,3unf,D,candidate,3,3,mapped_options_quality_pending,not_assessed,0.1.0
1863,Q9Z2U1,PDBe_SIFTS,3unf,R,candidate,3,3,mapped_options_quality_pending,not_assessed,0.1.0
1864,Q9Z2U1,PDBe_SIFTS,3unh,D,candidate,3,3,mapped_options_quality_pending,not_assessed,0.1.0
1865,Q9Z2U1,PDBe_SIFTS,3unh,R,candidate,3,3,mapped_options_quality_pending,not_assessed,0.1.0
1866,Q9Z2U1,PDBe_SIFTS,8ypk,H,candidate,3,3,mapped_options_quality_pending,not_assessed,0.1.0
1867,Q9Z2U1,PDBe_SIFTS,8ypk,M,candidate,3,3,mapped_options_quality_pending,not_assessed,0.1.0
1868,Q9Z2U1,PDBe_SIFTS,8yvp,H,candidate,3,3,mapped_options_quality_pending,not_assessed,0.1.0
1869,Q9Z2U1,PDBe_SIFTS,8yvp,M,candidate,3,3,mapped_options_quality_pending,not_assessed,0.1.0
1870,Q9Z2U2,AlphaFold_DB,AF-Q9Z2U2-2-F1,A,held,0,0,metadata_held,not_assessed,0.1.0
1871,Q9Z2U2,AlphaFold_DB,AF-Q9Z2U2-F1,A,candidate,82,82,mapped_options_quality_pending,not_assessed,0.1.0
1872,T1NXB5,AlphaFold_DB,AF-T1NXB5-F1,A,candidate,6,6,mapped_options_quality_pending,not_assessed,0.1.0
