"stable_gene_id","symbol","biotype","annotation_reference","prefilter_status","baseMean","log2FC","lfcSE","statistic","pvalue","padj","maxCooks","na_reason","valid_p_for_BH","significant","passes_to_step03","direction","protocol_version"
"ENSMUSG00000073421","H2-Ab1","protein_coding","deposited_Ensembl_release_76","pass",1335.05972227544,-2.09157244264068,0.1573348250678,-13.2937666008741,2.5158765319074e-40,4.65512634698826e-36,0.234835076619844,"",TRUE,TRUE,TRUE,"down","0.1.0"
"ENSMUSG00000021423","Ly86","protein_coding","deposited_Ensembl_release_76","pass",6110.28490362612,-1.37471263949332,0.120151728739902,-11.4414719947078,2.59445833323705e-30,1.60017541799617e-26,0.310200236714507,"",TRUE,TRUE,TRUE,"down","0.1.0"
"ENSMUSG00000060586","H2-Eb1","protein_coding","deposited_Ensembl_release_76","pass",1260.53120716155,-1.8138959626597,0.15838949059227,-11.4521232177523,2.29455415568824e-30,1.60017541799617e-26,0.180814455915524,"",TRUE,TRUE,TRUE,"down","0.1.0"
"ENSMUSG00000066687","Zbtb16","protein_coding","deposited_Ensembl_release_76","pass",566.469632363407,2.01324733786894,0.180232609564756,11.1702723648664,5.70058120943271e-29,2.63694635295334e-25,0.0511171080102563,"",TRUE,TRUE,TRUE,"up","0.1.0"
"ENSMUSG00000039450","Dcxr","protein_coding","deposited_Ensembl_release_76","pass",692.907344931307,1.07033974298613,0.111821030109083,9.57190022254308,1.0495855191091e-21,3.88409617201513e-18,0.236918091644665,"",TRUE,TRUE,TRUE,"up","0.1.0"
"ENSMUSG00000024610","Cd74","protein_coding","deposited_Ensembl_release_76","pass",5255.31355758451,-2.10300811536982,0.241780933456799,-8.69798989234852,3.37814620708053e-18,1.04176398782685e-14,0.421198452849095,"",TRUE,TRUE,TRUE,"down","0.1.0"
"ENSMUSG00000022385","Gtse1","protein_coding","deposited_Ensembl_release_76","pass",164.364451281971,1.77831400899396,0.213580206212368,8.32621168660983,8.34704868948144e-17,2.20636345573536e-13,0.547677579184151,"",TRUE,TRUE,TRUE,"up","0.1.0"
"ENSMUSG00000021750","Fam107a","protein_coding","deposited_Ensembl_release_76","pass",1330.06091738663,1.46041074727526,0.177289486692477,8.23743570203043,1.7594081960666e-16,4.06929123147753e-13,0.114774166922844,"",TRUE,TRUE,TRUE,"up","0.1.0"
"ENSMUSG00000017723","Wfdc2","protein_coding","deposited_Ensembl_release_76","pass",1162.11703413775,0.792811113373442,0.0968592077987039,8.18519097349103,2.71872169041703e-16,5.5893897153096e-13,0.086347546552139,"",TRUE,TRUE,TRUE,"up","0.1.0"
"ENSMUSG00000021388","Aspn","protein_coding","deposited_Ensembl_release_76","pass",317.883925786143,1.29276162634331,0.168710876762454,7.66258614234767,1.82225825649648e-14,3.37172445199544e-11,0.345992100916877,"",TRUE,TRUE,TRUE,"up","0.1.0"
"ENSMUSG00000036594","H2-Aa","protein_coding","deposited_Ensembl_release_76","pass",1278.17460668496,-2.18317197974428,0.290090725334708,-7.52582481644432,5.23885428434936e-14,8.81222916575601e-11,0.320875122121349,"",TRUE,TRUE,TRUE,"down","0.1.0"
"ENSMUSG00000030790","Adm","protein_coding","deposited_Ensembl_release_76","pass",221.535207305047,1.6582169194959,0.22309255125326,7.43286546404438,1.06269975271697e-13,1.63859446037684e-10,0.0490953037300654,"",TRUE,TRUE,TRUE,"up","0.1.0"
"ENSMUSG00000014361","Mertk","protein_coding","deposited_Ensembl_release_76","pass",833.579328670877,0.874784723902245,0.126629316544296,6.90823221490137,4.90730244344418e-12,6.98460131623443e-09,0.168589661252672,"",TRUE,TRUE,TRUE,"up","0.1.0"
"ENSMUSG00000025154","Arhgap19","protein_coding","deposited_Ensembl_release_76","pass",1894.44477063145,0.5493863059834,0.0797738544628989,6.88679655361153,5.70627364353956e-12,7.5416558018866e-09,0.070202018226097,"",TRUE,TRUE,TRUE,"up","0.1.0"
"ENSMUSG00000037071","Scd1","protein_coding","deposited_Ensembl_release_76","pass",21099.4481271952,-0.494887910037768,0.0737139134711551,-6.71362958136013,1.89841872224845e-11,2.34176277451754e-08,0.0623328004394803,"",TRUE,TRUE,TRUE,"down","0.1.0"
"ENSMUSG00000038332","Sesn1","protein_coding","deposited_Ensembl_release_76","pass",4303.8751764227,0.638754696823298,0.0955734958019472,6.68338739169865,2.33481285773331e-11,2.70006514416497e-08,0.190374356615808,"",TRUE,TRUE,TRUE,"up","0.1.0"
"ENSMUSG00000009876","Cox4i2","protein_coding","deposited_Ensembl_release_76","pass",281.079034652128,1.23348841037053,0.185938804743667,6.63384069866967,3.27062805430373e-11,3.55979005228129e-08,0.422942436082893,"",TRUE,TRUE,TRUE,"up","0.1.0"
"ENSMUSG00000019874","Fabp7","protein_coding","deposited_Ensembl_release_76","pass",10940.84137702,-0.983314808182639,0.149443185283643,-6.57985712976012,4.70900533052032e-11,4.84059586836764e-08,0.542404880292183,"",TRUE,TRUE,TRUE,"down","0.1.0"
"ENSMUSG00000027204","Fbn1","protein_coding","deposited_Ensembl_release_76","pass",540.997316498835,0.840615689730768,0.127935575547941,6.57061717298301,5.01071352761796e-11,4.87964381060605e-08,0.183742313331315,"",TRUE,TRUE,TRUE,"up","0.1.0"
"ENSMUSG00000032289","Thsd4","protein_coding","deposited_Ensembl_release_76","pass",311.3788469395,1.0308944682195,0.158448298681547,6.50618830746433,7.7081592832442e-11,7.13120356089337e-08,0.161521092459403,"",TRUE,TRUE,TRUE,"up","0.1.0"
"ENSMUSG00000021702","Thbs4","protein_coding","deposited_Ensembl_release_76","pass",933.713396099282,1.08800388393717,0.167493886056127,6.49578267933065,8.26028261874108e-11,7.27809568069362e-08,0.112045551182489,"",TRUE,TRUE,TRUE,"up","0.1.0"
"ENSMUSG00000019232","Etnppl","protein_coding","deposited_Ensembl_release_76","pass",554.478111928492,2.34127642195534,0.364133919631836,6.42971251984032,1.27845501664091e-10,1.07523878058667e-07,0.679465783063572,"",TRUE,TRUE,TRUE,"up","0.1.0"
"ENSMUSG00000023067","Cdkn1a","protein_coding","deposited_Ensembl_release_76","pass",9570.348401843,0.869340427111457,0.13566722108995,6.40788850930372,1.47548737554328e-10,1.13753928790322e-07,0.809798455963509,"",TRUE,TRUE,TRUE,"up","0.1.0"
"ENSMUSG00000031886","Ces2e","protein_coding","deposited_Ensembl_release_76","pass",47.160265000889,2.3397980959373,0.364786237918239,6.41416219342609,1.41599393435472e-10,1.13753928790322e-07,0.272370907925742,"",TRUE,TRUE,TRUE,"up","0.1.0"
"ENSMUSG00000024222","Fkbp5","protein_coding","deposited_Ensembl_release_76","pass",1454.88168288916,0.943532008885215,0.147429497679739,6.39988620821898,1.55492791518982e-10,1.15083324859029e-07,0.125490511202801,"",TRUE,TRUE,TRUE,"up","0.1.0"
"ENSMUSG00000039167","Adgrl4","protein_coding","deposited_Ensembl_release_76","pass",405.295176308631,0.772919223237944,0.123745239227183,6.24605219614912,4.20956552949341e-10,2.99575349970063e-07,0.259180307881145,"",TRUE,TRUE,TRUE,"up","0.1.0"
"ENSMUSG00000022055","Nefl","protein_coding","deposited_Ensembl_release_76","pass",203136.104199135,-0.517874246598203,0.0840177856887108,-6.16386450027317,7.09906963467924e-10,4.86496612779518e-07,0.159271319439949,"",TRUE,TRUE,TRUE,"down","0.1.0"
"ENSMUSG00000019577","Pdk4","protein_coding","deposited_Ensembl_release_76","pass",425.170553478752,1.43632135533335,0.234304920310652,6.13013740142122,8.78032102521682e-10,5.41540933098623e-07,0.157972219361735,"",TRUE,TRUE,TRUE,"up","0.1.0"
"ENSMUSG00000037003","Tns2","protein_coding","deposited_Ensembl_release_76","pass",1578.70280798337,0.799527862603865,0.130369138828185,6.13280006135171,8.63456391864541e-10,5.41540933098623e-07,0.134123144669091,"",TRUE,TRUE,TRUE,"up","0.1.0"
"ENSMUSG00000028211","Trp53inp1","protein_coding","deposited_Ensembl_release_76","pass",517.881747933038,0.842902187499177,0.137637519494057,6.12407278624035,9.12131958419898e-10,5.44425084730431e-07,0.166948869349301,"",TRUE,TRUE,TRUE,"up","0.1.0"
"ENSMUSG00000022054","Nefm","protein_coding","deposited_Ensembl_release_76","pass",179792.29065452,-0.585806711574859,0.0963119911990995,-6.08238604852286,1.18407047249821e-09,6.84651748519823e-07,0.16306562201382,"",TRUE,TRUE,TRUE,"down","0.1.0"
"ENSMUSG00000003526","Prodh","protein_coding","deposited_Ensembl_release_76","pass",1379.89421088822,1.02141611340388,0.168399822226583,6.06542275341331,1.31607013192848e-09,7.32910769823154e-07,0.0857590235682605,"",TRUE,TRUE,TRUE,"up","0.1.0"
"ENSMUSG00000046768","Rhoj","protein_coding","deposited_Ensembl_release_76","pass",669.493257936051,0.592832724195761,0.0977994578571747,6.06171789890214,1.34675275220166e-09,7.32910769823154e-07,0.0900495877593476,"",TRUE,TRUE,TRUE,"up","0.1.0"
"ENSMUSG00000063683","Glyat","protein_coding","deposited_Ensembl_release_76","pass",108.94626802092,-1.81866376763153,0.300474675600656,-6.05263576371612,1.4249481563829e-09,7.53309021072936e-07,0.141490277878245,"",TRUE,TRUE,TRUE,"down","0.1.0"
"ENSMUSG00000024529","Lox","protein_coding","deposited_Ensembl_release_76","pass",379.828651858858,1.19660928184342,0.199110732906359,6.0097678531784,1.85789170227219e-09,9.54904726865067e-07,0.164854612163899,"",TRUE,TRUE,TRUE,"up","0.1.0"
"ENSMUSG00000020326","Ccng1","protein_coding","deposited_Ensembl_release_76","pass",3634.35016182473,0.585974602678467,0.0985302576228281,5.94715386740961,2.72844913737439e-09,1.36444579429293e-06,0.203190816040886,"",TRUE,TRUE,TRUE,"up","0.1.0"
"ENSMUSG00000027188","Pamr1","protein_coding","deposited_Ensembl_release_76","pass",251.274951763172,1.09349042673231,0.185920692659681,5.881488558855,4.06593057804744e-09,1.97978719698978e-06,0.279633458690249,"",TRUE,TRUE,TRUE,"up","0.1.0"
"ENSMUSG00000024395","Lims2","protein_coding","deposited_Ensembl_release_76","pass",2024.52321436954,0.629218098560437,0.107635520990803,5.84582201831126,5.04072782202639e-09,2.39150222797319e-06,0.0965274604763072,"",TRUE,TRUE,TRUE,"up","0.1.0"
"ENSMUSG00000035385","Ccl2","protein_coding","deposited_Ensembl_release_76","pass",487.736125142808,-1.28923934478066,0.221581719816059,-5.81834704528374,5.94324084680418e-09,2.74919463471044e-06,0.252836906645579,"",TRUE,TRUE,TRUE,"down","0.1.0"
"ENSMUSG00000001930","Vwf","protein_coding","deposited_Ensembl_release_76","pass",1028.48906966877,1.10039782764672,0.189959896393416,5.79279020750642,6.92265609515589e-09,3.12414404216267e-06,0.141710222800117,"",TRUE,TRUE,TRUE,"up","0.1.0"
"ENSMUSG00000020717","Pecam1","protein_coding","deposited_Ensembl_release_76","pass",932.850030118679,0.977263770468323,0.169380259529681,5.76964383678415,7.94392483656698e-09,3.32494298860427e-06,0.166309152737603,"",TRUE,TRUE,TRUE,"up","0.1.0"
"ENSMUSG00000021130","Galnt16","protein_coding","deposited_Ensembl_release_76","pass",826.708725883888,0.794387918528243,0.137755585233399,5.76664762580997,8.08638785533115e-09,3.32494298860427e-06,0.256884803959555,"",TRUE,TRUE,TRUE,"up","0.1.0"
"ENSMUSG00000021903","Galnt15","protein_coding","deposited_Ensembl_release_76","pass",224.927578173966,1.73939874080691,0.301407090212411,5.77092841306784,7.88359633549007e-09,3.32494298860427e-06,0.0556883516486277,"",TRUE,TRUE,TRUE,"up","0.1.0"
"ENSMUSG00000029669","Tspan12","protein_coding","deposited_Ensembl_release_76","pass",6052.57062729779,-0.42721635838267,0.0740646464773289,-5.76815496599232,8.01440951006301e-09,3.32494298860427e-06,0.0387223110219497,"",TRUE,TRUE,TRUE,"down","0.1.0"
"ENSMUSG00000002831","Plin4","protein_coding","deposited_Ensembl_release_76","pass",336.283869295575,3.38152877946631,0.588169401669498,5.74924293896955,8.96439337182927e-09,3.60582979475994e-06,0.07519267116159,"",TRUE,TRUE,TRUE,"up","0.1.0"
"ENSMUSG00000003283","Hck","protein_coding","deposited_Ensembl_release_76","pass",54.0675423315438,-1.97198806201683,0.344597159739759,-5.72258942443428,1.04912590616582e-08,4.13020779612473e-06,0.318649597328674,"",TRUE,TRUE,TRUE,"down","0.1.0"
"ENSMUSG00000019997","Ccn2","protein_coding","deposited_Ensembl_release_76","pass",214.006847195807,1.60550993319834,0.281889765743198,5.69552402502246,1.22993563673118e-08,4.71329219375959e-06,0.18635004665294,"",TRUE,TRUE,TRUE,"up","0.1.0"
"ENSMUSG00000027656","Ccn5","protein_coding","deposited_Ensembl_release_76","pass",154.472253427325,1.60935158996941,0.282688998365848,5.69301104490324,1.2481830918998e-08,4.71329219375959e-06,0.688824216423236,"",TRUE,TRUE,TRUE,"up","0.1.0"
"ENSMUSG00000021974","Fgf9","protein_coding","deposited_Ensembl_release_76","pass",1090.98900523909,-0.708187917503185,0.126380006186043,-5.60363888937201,2.0989777637879e-08,7.61517363987599e-06,0.1817816118358,"",TRUE,TRUE,TRUE,"down","0.1.0"
"ENSMUSG00000030247","Kcnj8","protein_coding","deposited_Ensembl_release_76","pass",220.891407020138,1.22442205105569,0.219353225042536,5.58196511958399,2.37816079704224e-08,8.46213638993702e-06,0.123103840894299,"",TRUE,TRUE,TRUE,"up","0.1.0"
"ENSMUSG00000030666","Calcb","protein_coding","deposited_Ensembl_release_76","pass",47692.9124530938,-0.49965154511658,0.0900158184401448,-5.55070823967255,2.84514578904547e-08,9.89732066002044e-06,0.190592124036696,"",TRUE,TRUE,TRUE,"down","0.1.0"
"ENSMUSG00000038546","Ranbp9","protein_coding","deposited_Ensembl_release_76","pass",846.512489578952,0.729743001734727,0.131607216183558,5.54485553981269,2.94196960655636e-08,9.89732066002044e-06,0.302873359970416,"",TRUE,TRUE,TRUE,"up","0.1.0"
"ENSMUSG00000052336","Cx3cr1","protein_coding","deposited_Ensembl_release_76","pass",122.676383108844,-1.74018622604106,0.313672776720464,-5.54777575610863,2.89326619791671e-08,9.89732066002044e-06,0.120903922116043,"",TRUE,TRUE,TRUE,"down","0.1.0"
"ENSMUSG00000034579","Pla2g3","protein_coding","deposited_Ensembl_release_76","pass",2320.55804422255,-0.464519662467446,0.084075585382152,-5.52502442125199,3.29439784003995e-08,1.08850434346891e-05,0.0873535992891241,"",TRUE,TRUE,TRUE,"down","0.1.0"
"ENSMUSG00000033361","Prrg3","protein_coding","deposited_Ensembl_release_76","pass",1155.7585078335,0.558517094112383,0.101528011330723,5.50111330648484,3.77400567836109e-08,1.22509521169676e-05,0.111739694483283,"",TRUE,TRUE,TRUE,"up","0.1.0"
"ENSMUSG00000017969","Ptgis","protein_coding","deposited_Ensembl_release_76","pass",318.425964168974,0.965574427950969,0.175864630592234,5.4904412825896,4.00930764764963e-08,1.25735965092307e-05,0.353448812769813,"",TRUE,TRUE,TRUE,"up","0.1.0"
"ENSMUSG00000061740","Cyp2d22","protein_coding","deposited_Ensembl_release_76","pass",2031.91247361847,0.889005275018326,0.161906505213782,5.49085581116385,3.99990806304585e-08,1.25735965092307e-05,0.172908744730926,"",TRUE,TRUE,TRUE,"up","0.1.0"
"ENSMUSG00000034845","Plvap","protein_coding","deposited_Ensembl_release_76","pass",172.84797137255,0.87744435853189,0.159914194964642,5.48696980106049,4.08887001510183e-08,1.26093936482382e-05,0.185874022344395,"",TRUE,TRUE,TRUE,"up","0.1.0"
"ENSMUSG00000068744","Psrc1","protein_coding","deposited_Ensembl_release_76","pass",62.7033033225206,1.65486006479499,0.302425055556589,5.47196746562335,4.45066553729784e-08,1.35001089240364e-05,0.594079762700213,"",TRUE,TRUE,TRUE,"up","0.1.0"
"ENSMUSG00000031351","Zfp185","protein_coding","deposited_Ensembl_release_76","pass",58.7436236993492,1.57389351993454,0.288047405932285,5.46400865802116,4.6550081644496e-08,1.367168508997e-05,0.56895173172527,"",TRUE,TRUE,TRUE,"up","0.1.0"
"ENSMUSG00000040666","Sh3bgr","protein_coding","deposited_Ensembl_release_76","pass",1313.7671700389,-0.510603992505887,0.0934091898452554,-5.46631432465874,4.59489249257831e-08,1.367168508997e-05,0.0966716998489573,"",TRUE,TRUE,TRUE,"down","0.1.0"
"ENSMUSG00000025507","Pidd1","protein_coding","deposited_Ensembl_release_76","pass",600.181261825111,0.639319151311034,0.117166707029091,5.45649158811214,4.85634271410694e-08,1.40401420686126e-05,0.103129720199214,"",TRUE,TRUE,TRUE,"up","0.1.0"
"ENSMUSG00000048368","Omd","protein_coding","deposited_Ensembl_release_76","pass",136.374209586607,1.14525405068474,0.210385009953228,5.4436105069432,5.22113177339391e-08,1.48625540312473e-05,0.397237993585955,"",TRUE,TRUE,TRUE,"up","0.1.0"
"ENSMUSG00000004044","Cavin1","protein_coding","deposited_Ensembl_release_76","pass",20019.4915606165,0.632655721688545,0.116314839485711,5.43916601257286,5.35305576707303e-08,1.50072107360837e-05,0.185097482838508,"",TRUE,TRUE,TRUE,"up","0.1.0"
"ENSMUSG00000101860","Mindy4b-ps","protein_coding","deposited_Ensembl_release_76","pass",1362.10455662838,0.403773906653481,0.0743934323722126,5.4275477522435,5.71335839794958e-08,1.57782493189942e-05,0.0345331687004161,"",TRUE,TRUE,TRUE,"up","0.1.0"
"ENSMUSG00000033855","Ston1","protein_coding","deposited_Ensembl_release_76","pass",206.613398475255,0.82681970614247,0.15287759345003,5.40837730031854,6.35983350392045e-08,1.73052940180941e-05,0.131882734513769,"",TRUE,TRUE,TRUE,"up","0.1.0"
"ENSMUSG00000039194","Rlbp1","protein_coding","deposited_Ensembl_release_76","pass",503.139566566918,-1.00843406232878,0.186595915539437,-5.40437372068657,6.50352218651637e-08,1.74398073937844e-05,0.650823087356341,"",TRUE,TRUE,TRUE,"down","0.1.0"
"ENSMUSG00000066952","Myo1h","protein_coding","deposited_Ensembl_release_76","pass",43.9987536424201,2.25489661230956,0.417848637233861,5.39644361948115,6.79747583136816e-08,1.79676707582579e-05,0.0850674003501643,"",TRUE,TRUE,TRUE,"up","0.1.0"
"ENSMUSG00000026365","Cfh","protein_coding","deposited_Ensembl_release_76","pass",1300.40666969999,0.822154023168402,0.153066779437754,5.37121135094334,7.82094791698661e-08,2.03818308884511e-05,0.389920027759441,"",TRUE,TRUE,TRUE,"up","0.1.0"
"ENSMUSG00000021676","Iqgap2","protein_coding","deposited_Ensembl_release_76","pass",393.271144217259,0.762821369268067,0.142258768980253,5.36220982886445,8.22099636358093e-08,2.11268188493525e-05,0.229798118274528,"",TRUE,TRUE,TRUE,"up","0.1.0"
"ENSMUSG00000039195","1110008P14Rik","protein_coding","deposited_Ensembl_release_76","pass",9659.30788518424,-0.603828505775728,0.113131392934907,-5.33740891993752,9.42842377957565e-08,2.3897825368971e-05,0.286362893230544,"",TRUE,TRUE,TRUE,"down","0.1.0"
"ENSMUSG00000040170","Fmo2","protein_coding","deposited_Ensembl_release_76","pass",853.765055803827,0.973089816029864,0.18306487193566,5.31554637293751,1.06337763141986e-07,2.62342350855489e-05,0.0923591169522903,"",TRUE,TRUE,TRUE,"up","0.1.0"
"ENSMUSG00000045930","Clec14a","protein_coding","deposited_Ensembl_release_76","pass",293.656417245453,1.0613391613691,0.19964355201953,5.31617049803479,1.05973857350561e-07,2.62342350855489e-05,0.359356741518126,"",TRUE,TRUE,TRUE,"up","0.1.0"
"ENSMUSG00000045954","Cavin2","protein_coding","deposited_Ensembl_release_76","pass",1054.99366879447,0.793628924105754,0.149425957834583,5.31118512209449,1.08914623932946e-07,2.65164116662013e-05,0.380098476946099,"",TRUE,TRUE,TRUE,"up","0.1.0"
"ENSMUSG00000029281","Smr2","protein_coding","deposited_Ensembl_release_76","pass",502.387231064188,-0.743023004608208,0.140044909674926,-5.30560522573025,1.12299763060625e-07,2.698548721962e-05,0.303396472666425,"",TRUE,TRUE,TRUE,"down","0.1.0"
"ENSMUSG00000027695","Pld1","protein_coding","deposited_Ensembl_release_76","pass",499.214512965595,0.58585009576569,0.110541969234216,5.29979789417713,1.15930939107403e-07,2.74149342457963e-05,0.0947550810792861,"",TRUE,TRUE,TRUE,"up","0.1.0"
"ENSMUSG00000028527","Ak4","protein_coding","deposited_Ensembl_release_76","pass",194.132065313839,1.1107757710855,0.209657736451953,5.29804332472158,1.17050197558121e-07,2.74149342457963e-05,0.203957532249989,"",TRUE,TRUE,TRUE,"up","0.1.0"
"ENSMUSG00000034906","Ncaph","protein_coding","deposited_Ensembl_release_76","pass",94.9471773750425,1.42091826158217,0.268493782256158,5.29218311739723,1.20864778695343e-07,2.79545125024991e-05,0.28698236355454,"",TRUE,TRUE,TRUE,"up","0.1.0"
"ENSMUSG00000020389","Cdkl3","protein_coding","deposited_Ensembl_release_76","pass",452.486920293593,0.637364095786908,0.120709917779408,5.28013031167546,1.2909204134419e-07,2.94887659381671e-05,0.0816195586942744,"",TRUE,TRUE,TRUE,"up","0.1.0"
"ENSMUSG00000041544","Disp3","protein_coding","deposited_Ensembl_release_76","pass",881.08694118712,-0.69542660037236,0.131949024102265,-5.2704186719364,1.36112926435082e-07,3.07133838759553e-05,0.276398615286091,"",TRUE,TRUE,TRUE,"down","0.1.0"
"ENSMUSG00000051469","Zfp24","protein_coding","deposited_Ensembl_release_76","pass",2143.81072970698,0.319059352957809,0.0606510746339306,5.26057213138503,1.43607853759312e-07,3.20141700976934e-05,0.0164386878595986,"",TRUE,TRUE,TRUE,"up","0.1.0"
"ENSMUSG00000031465","Angpt2","protein_coding","deposited_Ensembl_release_76","pass",2290.59153718216,0.780895865273477,0.148580035309794,5.2557253984042,1.47442150109006e-07,3.24776440888921e-05,0.322999540096173,"",TRUE,TRUE,TRUE,"up","0.1.0"
"ENSMUSG00000051855","Mest","protein_coding","deposited_Ensembl_release_76","pass",2334.59726226814,-0.344871615190297,0.0658156404452631,-5.23996443485369,1.60607547400459e-07,3.49614288182434e-05,0.0342640108242315,"",TRUE,TRUE,TRUE,"down","0.1.0"
"ENSMUSG00000069792","Wfdc17","protein_coding","deposited_Ensembl_release_76","pass",122.582357909635,1.73587304217527,0.331651114459098,5.23403349633356,1.65850376835179e-07,3.52727531331186e-05,0.51122283739959,"",TRUE,TRUE,TRUE,"up","0.1.0"
"ENSMUSG00000074794","Arrdc3","protein_coding","deposited_Ensembl_release_76","pass",1013.56689862557,0.413823342738312,0.079037791443202,5.23576551396547,1.6430243982788e-07,3.52727531331186e-05,0.0304636807827536,"",TRUE,TRUE,TRUE,"up","0.1.0"
"ENSMUSG00000096719","Mrgpra2b","protein_coding","deposited_Ensembl_release_76","pass",1364.12279661765,-0.933348703454751,0.178961670028035,-5.21535535128018,1.83465180297507e-07,3.85756389891451e-05,0.178605924486586,"",TRUE,TRUE,TRUE,"down","0.1.0"
"ENSMUSG00000030351","Tspan11","protein_coding","deposited_Ensembl_release_76","pass",259.813262080825,1.09521286089985,0.210941031670081,5.19203330062782,2.0800978629711e-07,4.32450008523082e-05,0.302023840237727,"",TRUE,TRUE,TRUE,"up","0.1.0"
"ENSMUSG00000038495","Otud7b","protein_coding","deposited_Ensembl_release_76","pass",3526.37444398385,0.467785314419908,0.0902387630302554,5.18386221964355,2.17337514841741e-07,4.46821781901859e-05,0.0895972651658927,"",TRUE,TRUE,TRUE,"up","0.1.0"
"ENSMUSG00000030847","Bag3","protein_coding","deposited_Ensembl_release_76","pass",13101.5631528224,-0.414640274882774,0.0801252589494568,-5.17490090290167,2.28031977659964e-07,4.58616922026339e-05,0.0757788376331947,"",TRUE,TRUE,TRUE,"down","0.1.0"
"ENSMUSG00000039221","Rpl22l1","protein_coding","deposited_Ensembl_release_76","pass",2777.31900472741,-0.533853309602831,0.103136275046022,-5.17619343305361,2.26458672802285e-07,4.58616922026339e-05,0.0826435006580779,"",TRUE,TRUE,TRUE,"down","0.1.0"
"ENSMUSG00000039958","Etfbkmt","protein_coding","deposited_Ensembl_release_76","pass",351.548596248608,0.916448851933225,0.177449776002209,5.16455344481142,2.41013608433073e-07,4.79513419014747e-05,0.266157807345917,"",TRUE,TRUE,TRUE,"up","0.1.0"
"ENSMUSG00000050248","Evc2","protein_coding","deposited_Ensembl_release_76","pass",788.533484837312,0.91422291834537,0.177170567202034,5.1601286420382,2.46780212239032e-07,4.83224584821583e-05,0.287542615586503,"",TRUE,TRUE,TRUE,"up","0.1.0"
"ENSMUSG00000101389","Ms4a4a","protein_coding","deposited_Ensembl_release_76","pass",131.259276679611,1.80342915797193,0.349560820645257,5.15912840186999,2.48102121591366e-07,4.83224584821583e-05,0.366264803152271,"",TRUE,TRUE,TRUE,"up","0.1.0"
"ENSMUSG00000020396","Nefh","protein_coding","deposited_Ensembl_release_76","pass",23267.701960711,-0.638917028004327,0.123993896796648,-5.1528102955919,2.56611520607404e-07,4.89493089257608e-05,0.179068463516405,"",TRUE,TRUE,TRUE,"down","0.1.0"
"ENSMUSG00000042485","Mustn1","protein_coding","deposited_Ensembl_release_76","pass",1055.8233052977,0.858142880642864,0.166523119791944,5.15329572082867,2.55947862520736e-07,4.89493089257608e-05,0.172900708170679,"",TRUE,TRUE,TRUE,"up","0.1.0"
"ENSMUSG00000031494","Cd209a","protein_coding","deposited_Ensembl_release_76","pass",40.1135923504443,-2.12290079277696,0.412168623949906,-5.15056379700307,2.597045706898e-07,4.9033812974218e-05,0.0980524384169565,"",TRUE,TRUE,TRUE,"down","0.1.0"
"ENSMUSG00000037736","Limch1","protein_coding","deposited_Ensembl_release_76","pass",8109.52172932353,0.459083410249325,0.0892573925048789,5.14336569068194,2.69859601002141e-07,5.04364868418447e-05,0.0813232181546841,"",TRUE,TRUE,TRUE,"up","0.1.0"
"ENSMUSG00000004085","Map3k20","protein_coding","deposited_Ensembl_release_76","pass",989.20428347431,0.498864116314884,0.0972176343038417,5.13141591941793,2.87570678280885e-07,5.32092026023121e-05,0.108189657634779,"",TRUE,TRUE,TRUE,"up","0.1.0"
"ENSMUSG00000021576","Pdcd6","protein_coding","deposited_Ensembl_release_76","pass",4911.49876628473,-0.330596560152232,0.0645736812400982,-5.11967962493893,3.06055138420068e-07,5.60686953087773e-05,0.0247041649557585,"",TRUE,TRUE,TRUE,"down","0.1.0"
"ENSMUSG00000023905","Tnfrsf12a","protein_coding","deposited_Ensembl_release_76","pass",1005.09427276539,-0.807601205439514,0.158460248690612,-5.09655394405146,3.45892032178635e-07,6.27454928568752e-05,0.868986961404911,"",TRUE,TRUE,TRUE,"down","0.1.0"
"ENSMUSG00000046854","Pip5kl1","protein_coding","deposited_Ensembl_release_76","pass",801.831636527574,-0.633955211510703,0.124490364331332,-5.09240385724493,3.53552007251593e-07,6.3512357186177e-05,0.183915254916006,"",TRUE,TRUE,TRUE,"down","0.1.0"
"ENSMUSG00000076441","Ass1","protein_coding","deposited_Ensembl_release_76","pass",12176.9315653323,0.295392007368045,0.0583259171211337,5.0645068598675,4.09458894241804e-07,7.28482492322702e-05,0.0311897506055888,"",TRUE,TRUE,TRUE,"up","0.1.0"
"ENSMUSG00000018927","Ccl6","protein_coding","deposited_Ensembl_release_76","pass",212.726489138654,1.46095997811024,0.289517401414345,5.04619056047472,4.50705898761111e-07,7.94229642359699e-05,0.319716996525237,"",TRUE,TRUE,TRUE,"up","0.1.0"
"ENSMUSG00000053687","Dpep2","protein_coding","deposited_Ensembl_release_76","pass",51.1096937341123,1.77357718815501,0.352178095490493,5.03602356553402,4.75302070769937e-07,8.29671152401522e-05,0.344408165484933,"",TRUE,TRUE,TRUE,"up","0.1.0"
"ENSMUSG00000032939","Nup93","protein_coding","deposited_Ensembl_release_76","pass",7629.46299942331,-0.368578395988441,0.0735548116906844,-5.01093521302728,5.41661496362672e-07,9.36669408149394e-05,0.0729443270496159,"",TRUE,TRUE,TRUE,"down","0.1.0"
"ENSMUSG00000027075","Slc43a1","protein_coding","deposited_Ensembl_release_76","pass",269.209199813851,1.90740254374112,0.381442321331202,5.00050056607364,5.71816602177031e-07,9.7965949908163e-05,0.141906900696257,"",TRUE,TRUE,TRUE,"up","0.1.0"
"ENSMUSG00000020681","Ace","protein_coding","deposited_Ensembl_release_76","pass",214.872417847683,0.705804708109579,0.141297115486285,4.9951812935494,5.8780521939081e-07,9.97217902817507e-05,0.122856295840497,"",TRUE,TRUE,TRUE,"up","0.1.0"
"ENSMUSG00000031538","Plat","protein_coding","deposited_Ensembl_release_76","pass",1990.71290988294,0.480296605247982,0.0961837108699544,4.99353373771749,5.9284423774483e-07,9.97217902817507e-05,0.187400790293437,"",TRUE,TRUE,TRUE,"up","0.1.0"
"ENSMUSG00000037664","Cdkn1c","protein_coding","deposited_Ensembl_release_76","pass",195.460753118545,0.948626276290808,0.190077257159053,4.99074055712522,6.01482412247239e-07,0.000100263324989285,0.166457274193352,"",TRUE,TRUE,TRUE,"up","0.1.0"
"ENSMUSG00000029101","Rgs12","protein_coding","deposited_Ensembl_release_76","pass",700.420164061531,0.472531450440548,0.094741995532526,4.98756066709955,6.11464217582047e-07,0.00010101716444572,0.0955183783328693,"",TRUE,TRUE,TRUE,"up","0.1.0"
"ENSMUSG00000030683","Sez6l2","protein_coding","deposited_Ensembl_release_76","pass",2801.38004264619,-0.307340260995778,0.0617516476811057,-4.97703741579378,6.45648449258224e-07,0.00010569316574169,0.0180432803652292,"",TRUE,TRUE,TRUE,"down","0.1.0"
"ENSMUSG00000061654","Spry3","protein_coding","deposited_Ensembl_release_76","pass",1203.67121345172,-0.497247810649639,0.0999416460889636,-4.97538143615337,6.51192827895623e-07,0.00010569316574169,0.0903711327285272,"",TRUE,TRUE,TRUE,"down","0.1.0"
"ENSMUSG00000021187","Tc2n","protein_coding","deposited_Ensembl_release_76","pass",79.6120069411916,1.24808297624652,0.251206799631851,4.9683486994604,6.75254564295663e-07,0.000107956657774181,0.63599312765928,"",TRUE,TRUE,TRUE,"up","0.1.0"
"ENSMUSG00000071350","Setdb2","protein_coding","deposited_Ensembl_release_76","pass",283.411950649263,0.726312123648793,0.146200944263444,4.96790309602945,6.76807669124193e-07,0.000107956657774181,0.239622873198701,"",TRUE,TRUE,TRUE,"up","0.1.0"
"ENSMUSG00000021950","Anxa8","protein_coding","deposited_Ensembl_release_76","pass",84.238590178035,1.72582591612093,0.347813387013006,4.96193068053588,6.97959066059252e-07,0.000110378945293114,0.0982880906215772,"",TRUE,TRUE,TRUE,"up","0.1.0"
"ENSMUSG00000031772","Cntnap4","protein_coding","deposited_Ensembl_release_76","pass",1682.60080524833,0.644947829001528,0.130150393316808,4.95540437923701,7.21800133040516e-07,0.000113181931030921,0.0933951676246513,"",TRUE,TRUE,TRUE,"up","0.1.0"
"ENSMUSG00000039109","F13a1","protein_coding","deposited_Ensembl_release_76","pass",468.843502298487,0.950805767000638,0.192072514212305,4.95024377069212,7.41205829692656e-07,0.00011428776222336,0.146757947861852,"",TRUE,TRUE,TRUE,"up","0.1.0"
"ENSMUSG00000046949","Nqo2","protein_coding","deposited_Ensembl_release_76","pass",3005.34893151337,-0.42006436988125,0.0848407607506624,-4.95120937347289,7.37537007825026e-07,0.00011428776222336,0.0577624419152248,"",TRUE,TRUE,TRUE,"down","0.1.0"
"ENSMUSG00000022032","Scara5","protein_coding","deposited_Ensembl_release_76","pass",528.562618222669,0.873440558955452,0.176765887910617,4.94122802357156,7.76320521256466e-07,0.000118712881031474,0.414047288273127,"",TRUE,TRUE,TRUE,"up","0.1.0"
"ENSMUSG00000059430","Actg2","protein_coding","deposited_Ensembl_release_76","pass",152.66633581101,1.57264291716447,0.319049996923032,4.92914255549688,8.25912949421196e-07,0.00012526120740279,0.215866909125771,"",TRUE,TRUE,TRUE,"up","0.1.0"
"ENSMUSG00000031451","Gas6","protein_coding","deposited_Ensembl_release_76","pass",2510.75532561525,0.370840544229892,0.0753766517425217,4.91983307373008,8.66180521066402e-07,0.000130300310417005,0.0830558595229352,"",TRUE,TRUE,TRUE,"up","0.1.0"
"ENSMUSG00000054150","Syne3","protein_coding","deposited_Ensembl_release_76","pass",170.196803398902,0.874873371472196,0.178030080086069,4.91418849583866,8.91509467361597e-07,0.000133029029633803,0.185853649732284,"",TRUE,TRUE,TRUE,"up","0.1.0"
"ENSMUSG00000003865","Gys1","protein_coding","deposited_Ensembl_release_76","pass",4535.97903940314,-0.407394983445673,0.0832476778422988,-4.8937699405553,9.89224707487902e-07,0.000143690291436479,0.143477199703202,"",TRUE,TRUE,TRUE,"down","0.1.0"
"ENSMUSG00000019851","Perp","protein_coding","deposited_Ensembl_release_76","pass",686.678553646298,0.633434360664874,0.129449588947649,4.89328985757571,9.91641897402812e-07,0.000143690291436479,0.109796275866139,"",TRUE,TRUE,TRUE,"up","0.1.0"
"ENSMUSG00000050505","Pcdh20","protein_coding","deposited_Ensembl_release_76","pass",45.6576476395924,2.13774570655679,0.436914974816356,4.89281857975988,9.94020283406434e-07,0.000143690291436479,0.0474149033719718,"",TRUE,TRUE,TRUE,"up","0.1.0"
"ENSMUSG00000061353","Cxcl12","protein_coding","deposited_Ensembl_release_76","pass",1198.58170344209,0.588583175037697,0.120209764112895,4.89630089020831,9.76575000345412e-07,0.000143690291436479,0.350160390922908,"",TRUE,TRUE,TRUE,"up","0.1.0"
"ENSMUSG00000017390","Aldoc","protein_coding","deposited_Ensembl_release_76","pass",27710.2133760938,0.563858109476523,0.115730849994061,4.8721504206135,1.1039006864033e-06,0.000158337010856746,0.294221223310906,"",TRUE,TRUE,TRUE,"up","0.1.0"
"ENSMUSG00000021835","Bmp4","protein_coding","deposited_Ensembl_release_76","pass",150.68215019559,1.10129522877096,0.226143998019736,4.86988484511911,1.11663304258158e-06,0.000158931239899131,0.691290798911454,"",TRUE,TRUE,TRUE,"up","0.1.0"
"ENSMUSG00000024481","Lvrn","protein_coding","deposited_Ensembl_release_76","pass",30.4440541232625,2.62807773981677,0.539888608487171,4.86781476494002,1.12839019048539e-06,0.000159378654156879,0.158997293257416,"",TRUE,TRUE,TRUE,"up","0.1.0"
"ENSMUSG00000039405","Prss23","protein_coding","deposited_Ensembl_release_76","pass",656.974714975807,0.781466746731918,0.160732954650648,4.86189498868126,1.16267301445923e-06,0.000162976808988932,0.0826442330378283,"",TRUE,TRUE,TRUE,"up","0.1.0"
"ENSMUSG00000025582","Nptx1","protein_coding","deposited_Ensembl_release_76","pass",2699.62788425212,-0.378757483477519,0.0779696082484053,-4.857757939104,1.18722423517156e-06,0.000165166992656988,0.0682220121878921,"",TRUE,TRUE,TRUE,"down","0.1.0"
"ENSMUSG00000030711","Sult1a1","protein_coding","deposited_Ensembl_release_76","pass",2537.00820635592,0.66823200556216,0.13770562088876,4.85261241516035,1.21845675189017e-06,0.00016700077985351,0.346969981458006,"",TRUE,TRUE,TRUE,"up","0.1.0"
"ENSMUSG00000063415","Cyp26b1","protein_coding","deposited_Ensembl_release_76","pass",195.222240059448,1.36023215766118,0.280254473818842,4.85356090529508,1.21264076146308e-06,0.00016700077985351,0.0770995564571195,"",TRUE,TRUE,TRUE,"up","0.1.0"
"ENSMUSG00000026879","Gsn","protein_coding","deposited_Ensembl_release_76","pass",50634.9610155737,0.533864947797675,0.11006842329142,4.85030067510098,1.23274460055597e-06,0.000167716715765347,0.142218778817401,"",TRUE,TRUE,TRUE,"up","0.1.0"
"ENSMUSG00000026421","Csrp1","protein_coding","deposited_Ensembl_release_76","pass",7599.30675965939,0.497891110913323,0.10274097670252,4.84608115372442,1.25924023636439e-06,0.000170070964185769,0.128354859412903,"",TRUE,TRUE,TRUE,"up","0.1.0"
"ENSMUSG00000031168","Ebp","protein_coding","deposited_Ensembl_release_76","pass",3771.07732882993,-0.410865843932516,0.0852218300186379,-4.82113378511891,1.4274458001458e-06,0.000191391519131143,0.0636684393523912,"",TRUE,TRUE,TRUE,"down","0.1.0"
"ENSMUSG00000006782","Cnp","protein_coding","deposited_Ensembl_release_76","pass",27584.5121047706,0.456897861630131,0.0949533566513307,4.81181369193574,1.49566748930525e-06,0.000199095939241835,0.125728911260957,"",TRUE,TRUE,TRUE,"up","0.1.0"
"ENSMUSG00000000223","Drp2","protein_coding","deposited_Ensembl_release_76","pass",7758.58157847296,0.464325032935884,0.0966090374889207,4.80622770917403,1.53804713976747e-06,0.000203274901622268,0.123140464915297,"",TRUE,TRUE,TRUE,"up","0.1.0"
"ENSMUSG00000038179","Slamf7","protein_coding","deposited_Ensembl_release_76","pass",16.0092934573108,-3.03794969769898,0.635040787757228,-4.78386547174096,1.71955794719543e-06,0.00022565234536849,0.520147567982352,"",TRUE,TRUE,TRUE,"down","0.1.0"
"ENSMUSG00000026278","Bok","protein_coding","deposited_Ensembl_release_76","pass",829.541207935957,0.74046504838512,0.154986130916163,4.77762135236258,1.77381001162138e-06,0.000231132441162186,0.567852680322254,"",TRUE,TRUE,TRUE,"up","0.1.0"
"ENSMUSG00000025036","Sfxn2","protein_coding","deposited_Ensembl_release_76","pass",506.321043811472,0.672553359344154,0.141069118236599,4.76754492940233,1.86484416531753e-06,0.000241295185950142,0.195648682007743,"",TRUE,TRUE,TRUE,"up","0.1.0"
"ENSMUSG00000037725","Ckap2","protein_coding","deposited_Ensembl_release_76","pass",150.012695733602,0.88988187083165,0.187530940475796,4.7452536022796,2.08245265872494e-06,0.000267580705169358,0.421805632810433,"",TRUE,TRUE,TRUE,"up","0.1.0"
"ENSMUSG00000058258","Idi1","protein_coding","deposited_Ensembl_release_76","pass",3195.61093428742,-0.340848949835222,0.0719327851707228,-4.73843670902306,2.15373273827406e-06,0.000274831150733,0.0354429808804711,"",TRUE,TRUE,TRUE,"down","0.1.0"
"ENSMUSG00000009731","Kcnd1","protein_coding","deposited_Ensembl_release_76","pass",16373.3192222756,-0.417620407578658,0.0881888994675457,-4.73552125154193,2.18492807488972e-06,0.000276902220340305,0.0991939897616432,"",TRUE,TRUE,TRUE,"down","0.1.0"
"ENSMUSG00000053964","Lgals4","protein_coding","deposited_Ensembl_release_76","pass",909.129849670076,0.620508233794448,0.131257062891366,4.72742738657811,2.27382337989798e-06,0.000286207850328247,0.187310110623817,"",TRUE,TRUE,TRUE,"up","0.1.0"
"ENSMUSG00000022797","Tfrc","protein_coding","deposited_Ensembl_release_76","pass",1909.55036551817,-0.471576326508709,0.100057563832423,-4.71305025273758,2.44035983541346e-06,0.000301137000375752,0.106622078117764,"",TRUE,TRUE,TRUE,"down","0.1.0"
"ENSMUSG00000028369","Svep1","protein_coding","deposited_Ensembl_release_76","pass",191.72449130808,0.795624633580248,0.168815779340621,4.71297550908977,2.44125547513175e-06,0.000301137000375752,0.240210505985693,"",TRUE,TRUE,TRUE,"up","0.1.0"
"ENSMUSG00000074457","S100a16","protein_coding","deposited_Ensembl_release_76","pass",7514.1298562737,-0.500528091247358,0.106187734941044,-4.71361491536903,2.43360377038242e-06,0.000301137000375752,0.396718429302682,"",TRUE,TRUE,TRUE,"down","0.1.0"
"ENSMUSG00000024998","Plce1","protein_coding","deposited_Ensembl_release_76","pass",1081.60516551597,0.434705184086152,0.0923818129696622,4.70552774525985,2.53210063666708e-06,0.000310274556822854,0.0802866907472648,"",TRUE,TRUE,TRUE,"up","0.1.0"
"ENSMUSG00000028459","Cd72","protein_coding","deposited_Ensembl_release_76","pass",74.2640945798239,-1.71656703564099,0.365231508999426,-4.69994234709823,2.60234948516404e-06,0.000314714199503204,2.1985531289766,"",TRUE,TRUE,TRUE,"down","0.1.0"
"ENSMUSG00000090958","Lrrc32","protein_coding","deposited_Ensembl_release_76","pass",175.300997636175,0.865923413356346,0.184218434143519,4.70052531595036,2.5949308214571e-06,0.000314714199503204,0.55272385559035,"",TRUE,TRUE,TRUE,"up","0.1.0"
"ENSMUSG00000003617","Cp","protein_coding","deposited_Ensembl_release_76","pass",3041.90789906428,0.548987848986293,0.117288663927972,4.6806556627112,2.85958889115436e-06,0.000343577748396293,0.349904100583022,"",TRUE,TRUE,TRUE,"up","0.1.0"
"ENSMUSG00000031431","Tsc22d3","protein_coding","deposited_Ensembl_release_76","pass",33576.2702819594,0.581056077683452,0.1241946001603,4.67859373059274,2.88849123580407e-06,0.000344811311845695,0.317810891980984,"",TRUE,TRUE,TRUE,"up","0.1.0"
"ENSMUSG00000023046","Igfbp6","protein_coding","deposited_Ensembl_release_76","pass",5289.80345125375,0.65725938702016,0.140561236843916,4.67596473805936,2.9257488154755e-06,0.000347020066235533,0.65952589369016,"",TRUE,TRUE,TRUE,"up","0.1.0"
"ENSMUSG00000045094","Arhgef37","protein_coding","deposited_Ensembl_release_76","pass",223.194801253186,0.779176885204665,0.16689309704963,4.66871847295731,3.03084362786573e-06,0.000357195539149041,0.258549767913925,"",TRUE,TRUE,TRUE,"up","0.1.0"
"ENSMUSG00000048402","Gli2","protein_coding","deposited_Ensembl_release_76","pass",58.5620937166636,1.39163246892935,0.298452447982879,4.66282812667425,3.11893228510222e-06,0.000365250658678775,0.164656248500051,"",TRUE,TRUE,TRUE,"up","0.1.0"
"ENSMUSG00000002910","Arrdc2","protein_coding","deposited_Ensembl_release_76","pass",350.815109047617,0.954626255335871,0.205078885886124,4.65492218377837,3.24103089712498e-06,0.000376993312329482,0.198744935815368,"",TRUE,TRUE,TRUE,"up","0.1.0"
"ENSMUSG00000047786","Lix1","protein_coding","deposited_Ensembl_release_76","pass",19613.9581601159,-0.290806071871771,0.0624889149208568,-4.653722540071,3.25995406002903e-06,0.000376993312329482,0.0164838973552779,"",TRUE,TRUE,TRUE,"down","0.1.0"
"ENSMUSG00000025893","Kbtbd3","protein_coding","deposited_Ensembl_release_76","pass",1601.65417507539,-0.346282732666267,0.0747851066289362,-4.63037024717274,3.65012457879323e-06,0.000419492267586404,0.0334191780535957,"",TRUE,TRUE,TRUE,"down","0.1.0"
"ENSMUSG00000090302","Gm7714","protein_coding","deposited_Ensembl_release_76","pass",56.4166104679929,-1.54602248691558,0.334448479242817,-4.62260283083284,3.78954852197197e-06,0.000430171879153665,0.299361108929105,"",TRUE,TRUE,TRUE,"down","0.1.0"
"ENSMUSG00000041515","Irf8","protein_coding","deposited_Ensembl_release_76","pass",97.0268515457514,-1.16506856246451,0.25250205199957,-4.61409542313934,3.9481101690439e-06,0.00044543830766963,0.330982972023265,"",TRUE,TRUE,TRUE,"down","0.1.0"
"ENSMUSG00000002458","Rgs19","protein_coding","deposited_Ensembl_release_76","pass",1527.45387127837,-0.472001148675319,0.102363409539812,-4.61103387233057,4.00671237832863e-06,0.00044931029779524,0.183579809409017,"",TRUE,TRUE,TRUE,"down","0.1.0"
"ENSMUSG00000033966","Cdkl4","protein_coding","deposited_Ensembl_release_76","pass",271.739240296231,0.91809917747042,0.199338595800524,4.60572712365825,4.11027090099135e-06,0.000458146641452066,0.107408420323035,"",TRUE,TRUE,TRUE,"up","0.1.0"
"ENSMUSG00000001089","Luzp1","protein_coding","deposited_Ensembl_release_76","pass",3041.68063913311,-0.326010110547421,0.0708098592100346,-4.60402144820564,4.14409756109845e-06,0.000459151120796435,0.0315795811610964,"",TRUE,TRUE,TRUE,"down","0.1.0"
"ENSMUSG00000020422","Tns3","protein_coding","deposited_Ensembl_release_76","pass",1606.88091197625,0.37512591596535,0.0815291256885609,4.60112766814551,4.20209759486169e-06,0.000461372262158352,0.0714101267474873,"",TRUE,TRUE,TRUE,"up","0.1.0"
"ENSMUSG00000031349","Nsdhl","protein_coding","deposited_Ensembl_release_76","pass",9397.82642834403,-0.32451373849321,0.0705382174631042,-4.60053783841292,4.21401460869921e-06,0.000461372262158352,0.0450004492569922,"",TRUE,TRUE,TRUE,"down","0.1.0"
"ENSMUSG00000021846","Peli2","protein_coding","deposited_Ensembl_release_76","pass",873.223264713685,0.382293689975289,0.0832030404328957,4.59470817395927,4.33355311065999e-06,0.000471669018862011,0.0307228425536686,"",TRUE,TRUE,TRUE,"up","0.1.0"
"ENSMUSG00000030310","Slc6a1","protein_coding","deposited_Ensembl_release_76","pass",333.634872421858,0.765434041722532,0.166686944996076,4.59204553626291,4.38922564484558e-06,0.000474934749161274,0.457106586932897,"",TRUE,TRUE,TRUE,"up","0.1.0"
"ENSMUSG00000037656","Slc20a2","protein_coding","deposited_Ensembl_release_76","pass",871.273347260031,0.58542610707069,0.12760619760068,4.58775606575689,4.48035711659073e-06,0.000481977021676036,0.145931163252421,"",TRUE,TRUE,TRUE,"up","0.1.0"
"ENSMUSG00000017897","Eya2","protein_coding","deposited_Ensembl_release_76","pass",232.611886056985,0.868072466385623,0.18951387423055,4.58052197977644,4.63816866271724e-06,0.000496069565122873,0.58909031279144,"",TRUE,TRUE,TRUE,"up","0.1.0"
"ENSMUSG00000032725","Folr2","protein_coding","deposited_Ensembl_release_76","pass",49.5529423274483,1.4397769202665,0.314553478233328,4.5772087097969,4.7122127008422e-06,0.000501092365538409,0.248302605810406,"",TRUE,TRUE,TRUE,"up","0.1.0"
"ENSMUSG00000024799","Tm7sf2","protein_coding","deposited_Ensembl_release_76","pass",4211.17610809147,-0.461240203772096,0.100821076974946,-4.57483908733404,4.76586139638083e-06,0.000503901333812769,0.226998333217105,"",TRUE,TRUE,TRUE,"down","0.1.0"
"ENSMUSG00000045136","Tubb2b","protein_coding","deposited_Ensembl_release_76","pass",23131.8878603095,-0.332384361009003,0.0727905843570701,-4.56630983175668,4.96384933966761e-06,0.000521852865521987,0.0470427404107198,"",TRUE,TRUE,TRUE,"down","0.1.0"
"ENSMUSG00000066441","Rdh11","protein_coding","deposited_Ensembl_release_76","pass",2571.44494539421,-0.25428133709399,0.0557016046377426,-4.5650630488604,4.99344242427235e-06,0.000521998108340742,0.00484809678235851,"",TRUE,TRUE,TRUE,"down","0.1.0"
"ENSMUSG00000036067","Slc2a6","protein_coding","deposited_Ensembl_release_76","pass",6893.23422012902,-0.304506641503382,0.0667530242851036,-4.56169057154366,5.07433905916168e-06,0.000527474694447576,0.0278235705821933,"",TRUE,TRUE,TRUE,"down","0.1.0"
"ENSMUSG00000022529","Zfp263","protein_coding","deposited_Ensembl_release_76","pass",1429.04707291064,0.482713133879278,0.105934418319541,4.55671670772023,5.19594279052072e-06,0.000537097929905055,0.155853515043795,"",TRUE,TRUE,TRUE,"up","0.1.0"
"ENSMUSG00000053063","Clec12a","protein_coding","deposited_Ensembl_release_76","pass",46.1258669720745,-1.66793169254305,0.36662133306727,-4.5494670988963,5.37819417809603e-06,0.000552848482651727,0.137834046268782,"",TRUE,TRUE,TRUE,"down","0.1.0"
"ENSMUSG00000046321","Hs3st2","protein_coding","deposited_Ensembl_release_76","pass",488.914019715218,-0.594380324528965,0.130749525643932,-4.54594631683505,5.46889753448437e-06,0.000559066359561129,0.150850096232826,"",TRUE,TRUE,TRUE,"down","0.1.0"
"ENSMUSG00000019278","Dpep1","protein_coding","deposited_Ensembl_release_76","pass",644.838328470517,1.63857856321242,0.360719374541034,4.542529952258,5.55830960108419e-06,0.000565084629389345,0.136794960105078,"",TRUE,TRUE,TRUE,"up","0.1.0"
"ENSMUSG00000032085","Tagln","protein_coding","deposited_Ensembl_release_76","pass",2191.45550356397,0.750895509320762,0.165554969989144,4.5356265013971,5.74327411101438e-06,0.000580698365443164,0.320316351253766,"",TRUE,TRUE,TRUE,"up","0.1.0"
"ENSMUSG00000038007","Acer2","protein_coding","deposited_Ensembl_release_76","pass",446.491810521008,1.57755009505917,0.348351518539573,4.52861552512497,5.93714176783652e-06,0.000597037685490647,0.334173213700161,"",TRUE,TRUE,TRUE,"up","0.1.0"
"ENSMUSG00000037355","Uvssa","protein_coding","deposited_Ensembl_release_76","pass",1035.00058725453,0.442032663113838,0.0976503457357115,4.5266881523409,5.99152546698284e-06,0.000599249706570722,0.0867841600811671,"",TRUE,TRUE,TRUE,"up","0.1.0"
"ENSMUSG00000074629","4930518I15Rik","protein_coding","deposited_Ensembl_release_76","pass",170.633779339738,0.707471551504775,0.156529410176718,4.51973562480083,6.19169021577259e-06,0.000615940021841077,0.131739625882203,"",TRUE,TRUE,TRUE,"up","0.1.0"
"ENSMUSG00000032702","Kank1","protein_coding","deposited_Ensembl_release_76","pass",874.391627528163,0.398609827480033,0.0882558060925676,4.51652809178299,6.28617812620596e-06,0.000621995475236304,0.0504978496716393,"",TRUE,TRUE,TRUE,"up","0.1.0"
"ENSMUSG00000031613","Hpgd","protein_coding","deposited_Ensembl_release_76","pass",192.624730823532,-0.859259389485238,0.190295806226266,-4.51538794535261,6.32009587853653e-06,0.000622025181066816,0.742970724403015,"",TRUE,TRUE,TRUE,"down","0.1.0"
"ENSMUSG00000034842","Art3","protein_coding","deposited_Ensembl_release_76","pass",8033.51295564982,0.443926576351735,0.0983852173182519,4.51212680575519,6.41807963081041e-06,0.000628326600047011,0.114878704791831,"",TRUE,TRUE,TRUE,"up","0.1.0"
"ENSMUSG00000045246","Kcng4","protein_coding","deposited_Ensembl_release_76","pass",418.082681163727,-0.671125736719465,0.148866462947203,-4.50823995836784,6.53676223040808e-06,0.00063657742920653,0.336599852485295,"",TRUE,TRUE,TRUE,"down","0.1.0"
"ENSMUSG00000021390","Ogn","protein_coding","deposited_Ensembl_release_76","pass",5416.67399379016,0.466488157723855,0.103530793221942,4.50579139989616,6.61260241837871e-06,0.000640591531661054,0.148272226174742,"",TRUE,TRUE,TRUE,"up","0.1.0"
"ENSMUSG00000058620","Adra2b","protein_coding","deposited_Ensembl_release_76","pass",315.844548389241,1.59475102439481,0.354273843337553,4.50146420455695,6.74869319843034e-06,0.000650370157554982,0.260610283745503,"",TRUE,TRUE,TRUE,"up","0.1.0"
"ENSMUSG00000024397","Aif1","protein_coding","deposited_Ensembl_release_76","pass",156.189408491,-1.40446910062741,0.312557728634799,-4.49347103577282,7.00715558254774e-06,0.000671779273284356,0.838520998014824,"",TRUE,TRUE,TRUE,"down","0.1.0"
"ENSMUSG00000023832","Acat2","protein_coding","deposited_Ensembl_release_76","pass",25437.9661065649,-0.273538656973969,0.0610608828154443,-4.47976911504433,7.47238237652992e-06,0.000709033287758632,0.0211123317292798,"",TRUE,TRUE,TRUE,"down","0.1.0"
"ENSMUSG00000030249","Abcc9","protein_coding","deposited_Ensembl_release_76","pass",130.890361611764,0.976524063362562,0.217939123009069,4.48071943155395,7.43918518210986e-06,0.000709033287758632,0.149782350853815,"",TRUE,TRUE,TRUE,"up","0.1.0"
"ENSMUSG00000015340","Cybb","protein_coding","deposited_Ensembl_release_76","pass",162.847560084989,-0.826943873761896,0.185032635559677,-4.46917848443655,7.85205900339563e-06,0.000741258406835864,0.17508812362488,"",TRUE,TRUE,TRUE,"down","0.1.0"
"ENSMUSG00000036867","Smad6","protein_coding","deposited_Ensembl_release_76","pass",25.3582841499965,1.63154314875404,0.366051533771563,4.45714058876809,8.30601331619852e-06,0.000780132814160514,0.195729576102219,"",TRUE,TRUE,TRUE,"up","0.1.0"
"ENSMUSG00000031604","Msmo1","protein_coding","deposited_Ensembl_release_76","pass",16650.9255964346,-0.299693303613953,0.0672665972156384,-4.45530643765461,8.3773449295967e-06,0.000782711226876383,0.0664777124483608,"",TRUE,TRUE,TRUE,"down","0.1.0"
"ENSMUSG00000070576","Mn1","protein_coding","deposited_Ensembl_release_76","pass",296.473918793718,0.873053249599539,0.196003843098212,4.45426597662208,8.41806918599148e-06,0.000782711226876383,0.333651272820041,"",TRUE,TRUE,TRUE,"up","0.1.0"
"ENSMUSG00000005950","P2rx5","protein_coding","deposited_Ensembl_release_76","pass",455.586983961077,-0.589479392648513,0.13241591012513,-4.45172632270148,8.51826883954475e-06,0.000788067641690482,0.263406610855243,"",TRUE,TRUE,TRUE,"down","0.1.0"
"ENSMUSG00000033985","Tesk2","protein_coding","deposited_Ensembl_release_76","pass",501.291559774316,0.579262794851201,0.130432256657223,4.44110076523102,8.94998700667395e-06,0.000823888604897951,0.170777139047227,"",TRUE,TRUE,TRUE,"up","0.1.0"
"ENSMUSG00000020374","Rasgef1c","protein_coding","deposited_Ensembl_release_76","pass",621.336176719337,0.466144545600914,0.105037401079156,4.43789108271659,9.08445648331811e-06,0.000832127219360569,0.0723402110573992,"",TRUE,TRUE,TRUE,"up","0.1.0"
"ENSMUSG00000029675","Eln","protein_coding","deposited_Ensembl_release_76","pass",116.410973697907,1.45967745718924,0.328999884639282,4.43671115201041,9.13437317251102e-06,0.000832577866063898,0.396745197357433,"",TRUE,TRUE,TRUE,"up","0.1.0"
"ENSMUSG00000025912","Mybl1","protein_coding","deposited_Ensembl_release_76","pass",106.471493732675,1.05437601946898,0.237899630045597,4.43202042502923,9.33541719867369e-06,0.000844526496605601,0.370852031480778,"",TRUE,TRUE,TRUE,"up","0.1.0"
"ENSMUSG00000036545","Adamts2","protein_coding","deposited_Ensembl_release_76","pass",381.123015409635,0.676349770412777,0.152622235860328,4.43152838510201,9.35674927331504e-06,0.000844526496605601,0.279819098271753,"",TRUE,TRUE,TRUE,"up","0.1.0"
"ENSMUSG00000001467","Cyp51","protein_coding","deposited_Ensembl_release_76","pass",6956.18099661398,-0.326772098878088,0.0739733478865287,-4.41743017200384,9.98813227532612e-06,0.000897137919856112,0.0759697030722442,"",TRUE,TRUE,TRUE,"down","0.1.0"
"ENSMUSG00000022351","Sqle","protein_coding","deposited_Ensembl_release_76","pass",20371.855044227,-0.346249280881457,0.0784506013824962,-4.41359626031766,1.01667481703926e-05,0.000908769765201809,0.0874268493098175,"",TRUE,TRUE,TRUE,"down","0.1.0"
"ENSMUSG00000020897","Aurkb","protein_coding","deposited_Ensembl_release_76","pass",39.6987292512408,1.97427151051092,0.447723411931053,4.40957845379538,1.03572032246732e-05,0.000921342938779465,0.0903109194884325,"",TRUE,TRUE,TRUE,"up","0.1.0"
"ENSMUSG00000030905","Crym","protein_coding","deposited_Ensembl_release_76","pass",855.50940236718,-0.561420824366813,0.127430070430673,-4.40571697456802,1.05434554485542e-05,0.000933423713706216,0.250143938881722,"",TRUE,TRUE,TRUE,"down","0.1.0"
"ENSMUSG00000034457","Eda2r","protein_coding","deposited_Ensembl_release_76","pass",21.0594528742561,1.92449967883251,0.437306615333724,4.40080166032671,1.07851674873063e-05,0.000949927148438085,0.525247856382391,"",TRUE,TRUE,TRUE,"up","0.1.0"
"ENSMUSG00000043873","Chil5","protein_coding","deposited_Ensembl_release_76","pass",35.9063884832228,1.57816318016342,0.358685636439891,4.39985050928543,1.08325476041959e-05,0.000949927148438085,0.101941673216737,"",TRUE,TRUE,TRUE,"up","0.1.0"
"ENSMUSG00000000056","Narf","protein_coding","deposited_Ensembl_release_76","pass",2925.52424475723,0.356243028895054,0.0810703975432853,4.39424302446337,1.11159408151722e-05,0.000968632302269567,0.077576083706673,"",TRUE,TRUE,TRUE,"up","0.1.0"
"ENSMUSG00000011257","Pabpc4","protein_coding","deposited_Ensembl_release_76","pass",342.744947077754,-0.599030866857634,0.136342701542591,-4.39356753298971,1.11505529040381e-05,0.000968632302269567,0.223665267192443,"",TRUE,TRUE,TRUE,"down","0.1.0"
"ENSMUSG00000016024","Lbp","protein_coding","deposited_Ensembl_release_76","pass",1118.02593276243,0.807661576254019,0.183898691718691,4.39188320866086,1.12373061441294e-05,0.000971606895256194,0.287468376443957,"",TRUE,TRUE,TRUE,"up","0.1.0"
"ENSMUSG00000037537","H2-M11","protein_coding","deposited_Ensembl_release_76","pass",213.95227942954,-0.939757714383521,0.214296693702846,-4.38531130903324,1.15820018590385e-05,0.000996752466966465,0.132550465358799,"",TRUE,TRUE,TRUE,"down","0.1.0"
"ENSMUSG00000029231","Pdgfra","protein_coding","deposited_Ensembl_release_76","pass",426.293926611492,0.612536123614752,0.139815149443872,4.38104258409174,1.18112782296801e-05,0.0010117781531656,0.27205475200791,"",TRUE,TRUE,TRUE,"up","0.1.0"
"ENSMUSG00000053279","Aldh1a1","protein_coding","deposited_Ensembl_release_76","pass",1240.58398054679,0.499915718397067,0.114279443462296,4.37450256363915,1.21709692968684e-05,0.0010330249766053,0.169967665334362,"",TRUE,TRUE,TRUE,"up","0.1.0"
"ENSMUSG00000038042","Ptpdc1","protein_coding","deposited_Ensembl_release_76","pass",1624.45564860192,0.316097392729694,0.0722768280927808,4.37342646420404,1.2231145691816e-05,0.00103339218600763,0.0257633472037119,"",TRUE,TRUE,TRUE,"up","0.1.0"
"ENSMUSG00000023267","Gabrr2","protein_coding","deposited_Ensembl_release_76","pass",39.057029172495,1.8310174205921,0.418879971482131,4.37122217639907,1.23552990248029e-05,0.00103913680843603,0.726341952799591,"",TRUE,TRUE,TRUE,"up","0.1.0"
"ENSMUSG00000035649","Zcchc7","protein_coding","deposited_Ensembl_release_76","pass",1701.78486224969,0.427826097604226,0.098113526867901,4.36052103376373,1.29753107983959e-05,0.00108145124190414,0.124925895260121,"",TRUE,TRUE,TRUE,"up","0.1.0"
"ENSMUSG00000030946","Lhpp","protein_coding","deposited_Ensembl_release_76","pass",424.05537363245,-0.654037194388948,0.150588061768403,-4.34322074876578,1.40408920990261e-05,0.00116501626236897,0.437213382690517,"",TRUE,TRUE,TRUE,"down","0.1.0"
"ENSMUSG00000040084","Bub1b","protein_coding","deposited_Ensembl_release_76","pass",162.115470809364,1.06265356740769,0.24516033715723,4.33452482456887,1.46075304511638e-05,0.00120662114257984,0.376421797839432,"",TRUE,TRUE,TRUE,"up","0.1.0"
"ENSMUSG00000025025","Mxi1","protein_coding","deposited_Ensembl_release_76","pass",938.199785453436,0.465484521956093,0.107542229193456,4.32838825684691,1.50204508249857e-05,0.00123521511828761,0.137448265554299,"",TRUE,TRUE,TRUE,"up","0.1.0"
"ENSMUSG00000025161","Slc16a3","protein_coding","deposited_Ensembl_release_76","pass",147.061845565253,1.16283550851243,0.269361753415171,4.31700304059182,1.58161980516961e-05,0.00129489872809971,0.202073452924262,"",TRUE,TRUE,TRUE,"up","0.1.0"
"ENSMUSG00000000632","Sez6","protein_coding","deposited_Ensembl_release_76","pass",516.583625562603,-0.634960540296404,0.147215003871989,-4.31315099409661,1.6094411837112e-05,0.00131187181595632,0.240738665486485,"",TRUE,TRUE,TRUE,"down","0.1.0"
"ENSMUSG00000005233","Spc25","protein_coding","deposited_Ensembl_release_76","pass",70.7505729342716,1.02766618317448,0.238454467566128,4.30969565663302,1.63479368621403e-05,0.00132669243754466,0.214152403445342,"",TRUE,TRUE,TRUE,"up","0.1.0"
"ENSMUSG00000028152","Tspan5","protein_coding","deposited_Ensembl_release_76","pass",2805.71153351567,0.324268598169471,0.0753370266805532,4.30423939538318,1.67560400861499e-05,0.00134955478485506,0.0370628720913634,"",TRUE,TRUE,TRUE,"up","0.1.0"
"ENSMUSG00000050623","Catsperz","protein_coding","deposited_Ensembl_release_76","pass",1144.75927299644,0.566379174069869,0.131612015859153,4.3034001901163,1.6819663870578e-05,0.00134955478485506,0.384050880587476,"",TRUE,TRUE,TRUE,"up","0.1.0"
"ENSMUSG00000061702","Tmem91","protein_coding","deposited_Ensembl_release_76","pass",386.78887348975,0.62072066148064,0.144252286898254,4.30302128879561,1.68484654002875e-05,0.00134955478485506,0.287824557881363,"",TRUE,TRUE,TRUE,"up","0.1.0"
"ENSMUSG00000020553","Pctp","protein_coding","deposited_Ensembl_release_76","pass",1880.74645408201,-0.478274606590467,0.111197638325839,-4.30112198236614,1.69935475947878e-05,0.00135530866873431,0.203055074763784,"",TRUE,TRUE,TRUE,"down","0.1.0"
"ENSMUSG00000022209","Dhrs2","protein_coding","deposited_Ensembl_release_76","pass",308.64907084367,-0.931652901845725,0.216893478440846,-4.29543990231046,1.74347265365496e-05,0.00138452680302909,0.557882132681199,"",TRUE,TRUE,TRUE,"down","0.1.0"
"ENSMUSG00000028248","Pnisr","protein_coding","deposited_Ensembl_release_76","pass",4961.68576659548,0.298346778246117,0.0694943792565272,4.29310659995707,1.76190360287029e-05,0.00138725541974081,0.0341361905284886,"",TRUE,TRUE,TRUE,"up","0.1.0"
"ENSMUSG00000070873","Lilra5","protein_coding","deposited_Ensembl_release_76","pass",34.679644288098,-1.75536400088673,0.408817889416401,-4.29375535251788,1.75676050422564e-05,0.00138725541974081,0.531483832221473,"",TRUE,TRUE,TRUE,"down","0.1.0"
"ENSMUSG00000034227","Foxj1","protein_coding","deposited_Ensembl_release_76","pass",117.311722962257,-0.766641054421749,0.179800788143113,-4.26383589493245,2.00947050811618e-05,0.00157547596659634,0.125490151422842,"",TRUE,TRUE,TRUE,"down","0.1.0"
"ENSMUSG00000022537","Tmem44","protein_coding","deposited_Ensembl_release_76","pass",238.986557045694,0.808002355274455,0.189576729962618,4.26213889982057,2.02479518662906e-05,0.00158079263030369,0.363690327115185,"",TRUE,TRUE,TRUE,"up","0.1.0"
"ENSMUSG00000033960","Jcad","protein_coding","deposited_Ensembl_release_76","pass",789.596319455205,0.487232263706137,0.114893462933293,4.24073094558062,2.2279306847456e-05,0.00173207569159024,0.120412794639539,"",TRUE,TRUE,TRUE,"up","0.1.0"
"ENSMUSG00000021587","Pcsk1","protein_coding","deposited_Ensembl_release_76","pass",2748.27524442629,-0.482705070239063,0.113995522330866,-4.23442132084835,2.29140991063759e-05,0.00177397312035679,0.236487209361328,"",TRUE,TRUE,TRUE,"down","0.1.0"
"ENSMUSG00000032356","Rasgrf1","protein_coding","deposited_Ensembl_release_76","pass",884.118343193298,0.592619584278597,0.140024377221526,4.23226009669045,2.31354635747295e-05,0.00178364784384675,0.448387625520897,"",TRUE,TRUE,TRUE,"up","0.1.0"
"ENSMUSG00000034107","Ano7","protein_coding","deposited_Ensembl_release_76","pass",81.4498104530948,-1.26125730713427,0.298193490776329,-4.2296607610403,2.34043977858137e-05,0.0017968944905847,2.11206323936312,"",TRUE,TRUE,TRUE,"down","0.1.0"
"ENSMUSG00000000682","Cd52","protein_coding","deposited_Ensembl_release_76","pass",128.533398217629,-1.45884928167757,0.345156034552198,-4.22663704422919,2.37209825015827e-05,0.00181367495548258,0.614625573892632,"",TRUE,TRUE,TRUE,"down","0.1.0"
"ENSMUSG00000001349","Cnn1","protein_coding","deposited_Ensembl_release_76","pass",138.369132776971,1.49314711711471,0.353737893954138,4.22105503152088,2.43161559097578e-05,0.00185153017612448,0.133590302856283,"",TRUE,TRUE,TRUE,"up","0.1.0"
"ENSMUSG00000032531","Amotl2","protein_coding","deposited_Ensembl_release_76","pass",428.42987034752,0.645601074394013,0.15301156127856,4.21929603880512,2.45066310946908e-05,0.00185838604567649,0.409722407433975,"",TRUE,TRUE,TRUE,"up","0.1.0"
"ENSMUSG00000025950","Idh1","protein_coding","deposited_Ensembl_release_76","pass",14047.8338907146,-0.242956047966504,0.0576948693312828,-4.2110511867434,2.54185138441704e-05,0.00189842532044079,0.0321369921768141,"",TRUE,TRUE,TRUE,"down","0.1.0"
"ENSMUSG00000048988","Elfn1","protein_coding","deposited_Ensembl_release_76","pass",528.253993839171,-0.554941816499787,0.131789625878202,-4.21081562984826,2.5445034830531e-05,0.00189842532044079,0.182499791895835,"",TRUE,TRUE,TRUE,"down","0.1.0"
"ENSMUSG00000078439","Smim24","protein_coding","deposited_Ensembl_release_76","pass",91.7136291348462,1.10563148266495,0.262419746186272,4.21321755977975,2.517583502255e-05,0.00189842532044079,0.507113547270842,"",TRUE,TRUE,TRUE,"up","0.1.0"
"ENSMUSG00000033863","Klf9","protein_coding","deposited_Ensembl_release_76","pass",3621.43728309758,0.480568133295057,0.114160210498215,4.20959396621445,2.55830028049581e-05,0.00190105341726964,0.22180845863398,"",TRUE,TRUE,TRUE,"up","0.1.0"
"ENSMUSG00000030609","Aen","protein_coding","deposited_Ensembl_release_76","pass",2927.69872397895,0.410077527698212,0.0976191309150797,4.20079060174121,2.65984516245742e-05,0.00196076155541632,0.175912921505265,"",TRUE,TRUE,TRUE,"up","0.1.0"
"ENSMUSG00000074264","Amy1","protein_coding","deposited_Ensembl_release_76","pass",478.49776300648,0.577766251205678,0.137508001514173,4.20169186406309,2.64927577540484e-05,0.00196076155541632,0.201955049748578,"",TRUE,TRUE,TRUE,"up","0.1.0"
"ENSMUSG00000031610","Scrg1","protein_coding","deposited_Ensembl_release_76","pass",35.4419666229807,2.21320857871577,0.526981590653194,4.19978348005002,2.67170343411713e-05,0.00196168764450275,0.0690147793219289,"",TRUE,TRUE,TRUE,"up","0.1.0"
"ENSMUSG00000001240","Ramp2","protein_coding","deposited_Ensembl_release_76","pass",1047.52866606068,0.555145211385393,0.132428408742531,4.19204018727367,2.76457008102301e-05,0.00202185139166675,0.211370527158509,"",TRUE,TRUE,TRUE,"up","0.1.0"
"ENSMUSG00000021951","Eef1akmt1","protein_coding","deposited_Ensembl_release_76","pass",2690.11200648066,-0.416667447271676,0.099582415546464,-4.18414681934748,2.86239079544296e-05,0.00208515027118429,0.103047439672413,"",TRUE,TRUE,TRUE,"down","0.1.0"
"ENSMUSG00000022548","Apod","protein_coding","deposited_Ensembl_release_76","pass",82221.4184436686,0.630391084087766,0.150827850006542,4.17954034391145,2.92098898706807e-05,0.00211549061731934,0.214032035720382,"",TRUE,TRUE,TRUE,"up","0.1.0"
"ENSMUSG00000054641","Mmrn1","protein_coding","deposited_Ensembl_release_76","pass",42.6375953332989,1.56476867235778,0.374613444043939,4.17702220044789,2.95350208999857e-05,0.00212640658253866,0.606075843432836,"",TRUE,TRUE,TRUE,"up","0.1.0"
"ENSMUSG00000033595","Lgi3","protein_coding","deposited_Ensembl_release_76","pass",3282.7865747132,-0.309908773672393,0.0742244901042461,-4.17529003213272,2.97606641679585e-05,0.00213434716705324,0.0425920420625691,"",TRUE,TRUE,TRUE,"down","0.1.0"
"ENSMUSG00000006398","Cdc20","protein_coding","deposited_Ensembl_release_76","pass",59.8714635678136,1.29748955927374,0.310837255958658,4.1741764682362,2.99065882920479e-05,0.00213653128636202,0.0698573432733465,"",TRUE,TRUE,TRUE,"up","0.1.0"
"ENSMUSG00000043631","Ecm2","protein_coding","deposited_Ensembl_release_76","pass",546.310654903825,0.663310708508961,0.158993542425628,4.17193489992989,3.02023936099742e-05,0.00214936495755905,0.125690657101981,"",TRUE,TRUE,TRUE,"up","0.1.0"
"ENSMUSG00000015354","Pcolce2","protein_coding","deposited_Ensembl_release_76","pass",1948.10918281048,-0.447359140386308,0.107457266295424,-4.1631353170331,3.13907208265267e-05,0.00219584593370952,0.203633917157049,"",TRUE,TRUE,TRUE,"down","0.1.0"
"ENSMUSG00000024039","Cbs","protein_coding","deposited_Ensembl_release_76","pass",80.3785014452638,1.72150777005701,0.413403275304776,4.16423350489386,3.12400273960616e-05,0.00219584593370952,0.259128698190007,"",TRUE,TRUE,TRUE,"up","0.1.0"
"ENSMUSG00000026202","Tuba4a","protein_coding","deposited_Ensembl_release_76","pass",29786.5101183065,-0.375726128006228,0.0902586189961603,-4.16277284302579,3.14406109694816e-05,0.00219584593370952,0.189905601056014,"",TRUE,TRUE,TRUE,"down","0.1.0"
"ENSMUSG00000030317","Timp4","protein_coding","deposited_Ensembl_release_76","pass",217.331794628413,1.9962248716593,0.479549049327158,4.16271260355983,3.14489094975421e-05,0.00219584593370952,3.69434417588307,"",TRUE,TRUE,TRUE,"up","0.1.0"
"ENSMUSG00000039114","Nrn1","protein_coding","deposited_Ensembl_release_76","pass",38618.9799225606,-0.209778155484446,0.0503880901983314,-4.16324878872653,3.13751182929601e-05,0.00219584593370952,0.0183151788583682,"",TRUE,TRUE,TRUE,"down","0.1.0"
"ENSMUSG00000042524","Sun2","protein_coding","deposited_Ensembl_release_76","pass",209.262166280482,0.631602823824072,0.152008391940674,4.15505233468015,3.2521309531576e-05,0.00226218718143891,0.108546454489897,"",TRUE,TRUE,TRUE,"up","0.1.0"
"ENSMUSG00000004127","Trmt10a","protein_coding","deposited_Ensembl_release_76","pass",1230.39277440329,-0.335151238412363,0.0806792052564444,-4.15412171385503,3.26539337573661e-05,0.00226290537944774,0.0398596257093747,"",TRUE,TRUE,TRUE,"down","0.1.0"
"ENSMUSG00000020914","Top2a","protein_coding","deposited_Ensembl_release_76","pass",65.1045218542517,1.6372910784663,0.394546739092198,4.14980258671888,3.32762138547853e-05,0.00229742457072796,0.633587297791417,"",TRUE,TRUE,TRUE,"up","0.1.0"
"ENSMUSG00000094500","Smim18","protein_coding","deposited_Ensembl_release_76","pass",326.37048943608,-0.564898657408931,0.136210428403437,-4.14724969321568,3.36493026556296e-05,0.00231454664326065,0.152391179802605,"",TRUE,TRUE,TRUE,"down","0.1.0"
"ENSMUSG00000032299","Commd4","protein_coding","deposited_Ensembl_release_76","pass",6030.84761852563,-0.29060576404344,0.0701404295937957,-4.14319908968944,3.42494369953374e-05,0.00232130891107959,0.0572742895996401,"",TRUE,TRUE,TRUE,"down","0.1.0"
"ENSMUSG00000055407","Map6","protein_coding","deposited_Ensembl_release_76","pass",2920.20232006965,-0.376904503918345,0.0909540885002333,-4.14389842318499,3.41451033555016e-05,0.00232130891107959,0.0845526196530065,"",TRUE,TRUE,TRUE,"down","0.1.0"
"ENSMUSG00000061132","Blnk","protein_coding","deposited_Ensembl_release_76","pass",40.732637712141,-1.34161314271181,0.323675935476315,-4.14492705717377,3.39921897433397e-05,0.00232130891107959,0.204669364279614,"",TRUE,TRUE,TRUE,"down","0.1.0"
"ENSMUSG00000079436","Kcnj13","protein_coding","deposited_Ensembl_release_76","pass",169.65199041641,0.978270630391309,0.23605869828098,4.14418378782583,3.41026165553426e-05,0.00232130891107959,0.430270247620262,"",TRUE,TRUE,TRUE,"up","0.1.0"
"ENSMUSG00000001156","Mxd1","protein_coding","deposited_Ensembl_release_76","pass",391.081130668382,0.578728982700133,0.13990608969239,4.13655319773842,3.52561648219412e-05,0.00238082050255613,0.139959834073198,"",TRUE,TRUE,TRUE,"up","0.1.0"
"ENSMUSG00000019961","Tmpo","protein_coding","deposited_Ensembl_release_76","pass",328.794105082425,0.614222490237733,0.148660531402099,4.1317119241043,3.60071506174467e-05,0.002413914158966,0.154393422349056,"",TRUE,TRUE,TRUE,"up","0.1.0"
"ENSMUSG00000038393","Txnip","protein_coding","deposited_Ensembl_release_76","pass",3511.80079694124,1.13321145417406,0.274271564997979,4.13171323167392,3.60069457496352e-05,0.002413914158966,0.189764459656841,"",TRUE,TRUE,TRUE,"up","0.1.0"
"ENSMUSG00000020838","Slc6a4","protein_coding","deposited_Ensembl_release_76","pass",20.9224586874189,-3.30756633866617,0.801524292595661,-4.12659525010144,3.68173550967997e-05,0.00244169004070281,3.2536852225476,"",TRUE,TRUE,TRUE,"down","0.1.0"
"ENSMUSG00000026473","Glul","protein_coding","deposited_Ensembl_release_76","pass",7190.8718569685,0.376614663695993,0.0912481945183179,4.12736565018159,3.66942682141027e-05,0.00244169004070281,0.109828791856044,"",TRUE,TRUE,TRUE,"up","0.1.0"
"ENSMUSG00000028865","Cd164l2","protein_coding","deposited_Ensembl_release_76","pass",356.426157500065,-0.603019335003168,0.146122042042645,-4.12681979100168,3.67814397621168e-05,0.00244169004070281,0.185885426161319,"",TRUE,TRUE,TRUE,"down","0.1.0"
"ENSMUSG00000013089","Etv5","protein_coding","deposited_Ensembl_release_76","pass",6332.3221742256,-0.494686798445437,0.119924357152748,-4.12499020374444,3.70750537139212e-05,0.00244999899595959,0.325105969790793,"",TRUE,TRUE,TRUE,"down","0.1.0"
"ENSMUSG00000041220","Elovl6","protein_coding","deposited_Ensembl_release_76","pass",5772.27295508953,-0.402547582191685,0.0976104697215698,-4.12402054144332,3.72315668803613e-05,0.00245158605689439,0.312429635996071,"",TRUE,TRUE,TRUE,"down","0.1.0"
"ENSMUSG00000038642","Ctss","protein_coding","deposited_Ensembl_release_76","pass",453.114482317638,-0.737405488984598,0.179052494464644,-4.11837596113584,3.81551850585228e-05,0.00250349428772286,0.0631162009771447,"",TRUE,TRUE,TRUE,"down","0.1.0"
"ENSMUSG00000052957","Gas1","protein_coding","deposited_Ensembl_release_76","pass",135.831499629634,0.881083195057679,0.214329091973612,4.11088941283883,3.94137950163788e-05,0.00257693798299667,0.330821922962004,"",TRUE,TRUE,TRUE,"up","0.1.0"
"ENSMUSG00000026172","Bcs1l","protein_coding","deposited_Ensembl_release_76","pass",1447.76697768704,-0.335284440634296,0.0815994023286527,-4.10890804425126,3.975343148548e-05,0.00257814012812537,0.0708923329582934,"",TRUE,TRUE,TRUE,"down","0.1.0"
"ENSMUSG00000031960","Aars","protein_coding","deposited_Ensembl_release_76","pass",8745.38272103246,-0.224560054168048,0.0546594727390084,-4.10834651187163,3.98501905984898e-05,0.00257814012812537,0.0157070517360559,"",TRUE,TRUE,TRUE,"down","0.1.0"
"ENSMUSG00000035305","Ror1","protein_coding","deposited_Ensembl_release_76","pass",49.7593806993367,1.17876441931588,0.286867492630281,4.10909025804149,3.97220816943189e-05,0.00257814012812537,0.153417463071168,"",TRUE,TRUE,TRUE,"up","0.1.0"
"ENSMUSG00000041120","Nbl1","protein_coding","deposited_Ensembl_release_76","pass",3117.62632431002,0.398952507623141,0.0972048244336761,4.10424595638615,4.0563573557518e-05,0.00261514913426744,0.146139949241383,"",TRUE,TRUE,TRUE,"up","0.1.0"
"ENSMUSG00000017756","Slc12a7","protein_coding","deposited_Ensembl_release_76","pass",1080.72108143301,0.443073400174262,0.108006110161121,4.1022993931852,4.09064478001474e-05,0.00262809723488238,0.137531877197537,"",TRUE,TRUE,TRUE,"up","0.1.0"
"ENSMUSG00000025980","Hspd1","protein_coding","deposited_Ensembl_release_76","pass",18727.3133762167,-0.315337667909258,0.0769989859051945,-4.09534832442495,4.21534128627598e-05,0.00269883944013718,0.0537647497190486,"",TRUE,TRUE,TRUE,"down","0.1.0"
"ENSMUSG00000033082","Clec1a","protein_coding","deposited_Ensembl_release_76","pass",299.282165887308,0.776537500063477,0.189821583971724,4.09088094101644,4.29737713933155e-05,0.00274187480031212,0.528189127777346,"",TRUE,TRUE,TRUE,"up","0.1.0"
"ENSMUSG00000058135","Gstm1","protein_coding","deposited_Ensembl_release_76","pass",7565.92330275802,0.446090768096459,0.109070031946932,4.08994808320497,4.31469756974113e-05,0.00274346560594227,0.103450456267087,"",TRUE,TRUE,TRUE,"up","0.1.0"
"ENSMUSG00000024349","Tmem173","protein_coding","deposited_Ensembl_release_76","pass",492.560474980491,-0.914657028425907,0.223766388154688,-4.08755325573566,4.35946621627362e-05,0.00274364637413983,0.409890777075831,"",TRUE,TRUE,TRUE,"down","0.1.0"
"ENSMUSG00000034006","Pqlc1","protein_coding","deposited_Ensembl_release_76","pass",21561.6878419486,-0.356419514824111,0.0871707489724429,-4.08875131882583,4.33701495820568e-05,0.00274364637413983,0.104662122951144,"",TRUE,TRUE,TRUE,"down","0.1.0"
"ENSMUSG00000079511","Gm42688","protein_coding","deposited_Ensembl_release_76","pass",27.4603328483763,1.52976508185537,0.374403975704098,4.08586762194102,4.3912411108125e-05,0.00275427573808013,0.175529252016097,"",TRUE,TRUE,TRUE,"up","0.1.0"
"ENSMUSG00000044734","Serpinb1a","protein_coding","deposited_Ensembl_release_76","pass",12148.1184051878,-0.526028476258081,0.128842268353162,-4.08273218860301,4.45093054769378e-05,0.00278228270013439,0.567142632089222,"",TRUE,TRUE,TRUE,"down","0.1.0"
"ENSMUSG00000025151","Maged1","protein_coding","deposited_Ensembl_release_76","pass",52257.491262456,-0.208413548156868,0.0510874096938563,-4.07954815884767,4.51233214072714e-05,0.0028111677306355,0.0142630533277836,"",TRUE,TRUE,TRUE,"down","0.1.0"
"ENSMUSG00000001151","Pcnt","protein_coding","deposited_Ensembl_release_76","pass",455.348963325265,0.520960511579896,0.127982648991182,4.07055577991506,4.69011089960592e-05,0.00291211818709424,0.111751433687336,"",TRUE,TRUE,TRUE,"up","0.1.0"
"ENSMUSG00000027488","Snta1","protein_coding","deposited_Ensembl_release_76","pass",738.677967983342,0.74044914909959,0.181983877882071,4.06876234157081,4.72635252759662e-05,0.00292480604742877,0.284699818983262,"",TRUE,TRUE,TRUE,"up","0.1.0"
"ENSMUSG00000041920","Slc16a6","protein_coding","deposited_Ensembl_release_76","pass",489.359416046083,-0.495801888797898,0.121987686076453,-4.06436013949119,4.81644092528434e-05,0.00297062021468454,0.158585387566145,"",TRUE,TRUE,TRUE,"down","0.1.0"
"ENSMUSG00000093973","Mrgpra2a","protein_coding","deposited_Ensembl_release_76","pass",510.475578775158,-0.725250285203971,0.178655678290258,-4.05948633787991,4.91807852117496e-05,0.00302322946436213,1.04660480243686,"",TRUE,TRUE,TRUE,"down","0.1.0"
"ENSMUSG00000056812","St8sia3","protein_coding","deposited_Ensembl_release_76","pass",4470.53281303986,-0.295112675757201,0.0727964762611362,-4.05394176908467,5.03617575595671e-05,0.0030855748348499,0.02887117123517,"",TRUE,TRUE,TRUE,"down","0.1.0"
"ENSMUSG00000018076","Med13l","protein_coding","deposited_Ensembl_release_76","pass",1504.18116390925,0.408521892046964,0.100965256360316,4.04616307404862,5.20639703422921e-05,0.00317933875657898,0.0881267084381601,"",TRUE,TRUE,TRUE,"up","0.1.0"
"ENSMUSG00000026274","Pask","protein_coding","deposited_Ensembl_release_76","pass",113.111228635605,0.843827311144276,0.208695360165578,4.04334485670781,5.2694028106635e-05,0.00320722895413509,0.561919775949335,"",TRUE,TRUE,TRUE,"up","0.1.0"
"ENSMUSG00000060923","Acyp2","protein_coding","deposited_Ensembl_release_76","pass",4005.52198495316,-0.383750238222322,0.0949948114147221,-4.03969682667162,5.3520337818352e-05,0.00324684200214088,0.144297893289883,"",TRUE,TRUE,TRUE,"down","0.1.0"
"ENSMUSG00000040459","Arglu1","protein_coding","deposited_Ensembl_release_76","pass",9302.01370878075,0.314433969944662,0.0779446467946789,4.03406754504823,5.48195487023971e-05,0.00331479120797534,0.0919051813488316,"",TRUE,TRUE,TRUE,"up","0.1.0"
"ENSMUSG00000037313","Tacc3","protein_coding","deposited_Ensembl_release_76","pass",466.809639357112,0.501536912170128,0.124402469165749,4.0315671829785,5.540615317721e-05,0.00333934870435803,0.142993142309783,"",TRUE,TRUE,TRUE,"up","0.1.0"
"ENSMUSG00000024299","Adamts10","protein_coding","deposited_Ensembl_release_76","pass",653.738229974134,0.3934358743922,0.0976356325266702,4.02963410192205,5.58637396790689e-05,0.00335599602364225,0.0801797815849842,"",TRUE,TRUE,TRUE,"up","0.1.0"
"ENSMUSG00000018574","Acadvl","protein_coding","deposited_Ensembl_release_76","pass",8203.57990305704,-0.229420713695382,0.0569636819715284,-4.02749095134074,5.63752363541385e-05,0.00337576374841626,0.0169817263427302,"",TRUE,TRUE,TRUE,"down","0.1.0"
"ENSMUSG00000051790","Nlgn2","protein_coding","deposited_Ensembl_release_76","pass",1967.37867139942,-0.340276393935555,0.0845410486352021,-4.02498430559883,5.69791154277621e-05,0.00338998254906715,0.0820192889036118,"",TRUE,TRUE,TRUE,"down","0.1.0"
"ENSMUSG00000067818","Myl9","protein_coding","deposited_Ensembl_release_76","pass",3098.88630061528,0.42451663537069,0.105469035231817,4.02503573146014,5.69666650335286e-05,0.00338998254906715,0.151525114787435,"",TRUE,TRUE,TRUE,"up","0.1.0"
"ENSMUSG00000019929","Dcn","protein_coding","deposited_Ensembl_release_76","pass",37412.0637472852,0.466742243382784,0.116112424942843,4.01974417132828,5.8261371883698e-05,0.0034551607819361,0.237957921351362,"",TRUE,TRUE,TRUE,"up","0.1.0"
"ENSMUSG00000026450","Chit1","protein_coding","deposited_Ensembl_release_76","pass",193.071697665648,0.705129272113395,0.176099060625837,4.00416259807088,6.2237548321843e-05,0.00367917366325579,0.325208858896844,"",TRUE,TRUE,TRUE,"up","0.1.0"
"ENSMUSG00000063594","Gng8","protein_coding","deposited_Ensembl_release_76","pass",1136.65564471709,-0.719200793855628,0.179710756868021,-4.00199079003271,6.28117442445535e-05,0.00370129205018144,0.112324128857848,"",TRUE,TRUE,TRUE,"down","0.1.0"
"ENSMUSG00000066894","Vsig10","protein_coding","deposited_Ensembl_release_76","pass",330.063131399305,0.516333334202606,0.129097592100898,3.99955820863845,6.34608382829988e-05,0.00372766949444548,0.130220291919268,"",TRUE,TRUE,TRUE,"up","0.1.0"
"ENSMUSG00000018102","Hist1h2bc","protein_coding","deposited_Ensembl_release_76","pass",5879.6340792757,-0.556849909621247,0.139293126792306,-3.997684038291,6.39652546412413e-05,0.00374540856527496,0.473862087516964,"",TRUE,TRUE,TRUE,"down","0.1.0"
"ENSMUSG00000071176","Arhgef10","protein_coding","deposited_Ensembl_release_76","pass",2127.99736858393,0.415719737079748,0.10406287477947,3.99488999281194,6.47242985735942e-05,0.00377789809623726,0.136633184516332,"",TRUE,TRUE,TRUE,"up","0.1.0"
"ENSMUSG00000024810","Il33","protein_coding","deposited_Ensembl_release_76","pass",611.916165487709,0.577136877716356,0.144616563303301,3.99080758478502,6.58486884930978e-05,0.00383144114209996,0.439523124687158,"",TRUE,TRUE,TRUE,"up","0.1.0"
"ENSMUSG00000029189","Sel1l3","protein_coding","deposited_Ensembl_release_76","pass",633.730120539145,-0.428592955246809,0.107515895426528,-3.98632177638974,6.71054913034982e-05,0.0038923288576446,0.0960865436325024,"",TRUE,TRUE,TRUE,"down","0.1.0"
"ENSMUSG00000004328","Hif3a","protein_coding","deposited_Ensembl_release_76","pass",172.919026127245,2.11628803728249,0.531305766499201,3.98318288774995,6.79983858993463e-05,0.00392391988526972,0.192525190791263,"",TRUE,TRUE,TRUE,"up","0.1.0"
"ENSMUSG00000038252","Ncapd2","protein_coding","deposited_Ensembl_release_76","pass",632.898164505909,0.429180028984091,0.1077751748871,3.98217891489092,6.82863429204372e-05,0.00392391988526972,0.131039161938162,"",TRUE,TRUE,TRUE,"up","0.1.0"
"ENSMUSG00000021365","Nedd9","protein_coding","deposited_Ensembl_release_76","pass",1134.8928015912,0.314388209560346,0.0790339820985649,3.97788648898225,6.95305484760549e-05,0.00397075227917421,0.0257363349062015,"",TRUE,TRUE,TRUE,"up","0.1.0"
"ENSMUSG00000027318","Adam33","protein_coding","deposited_Ensembl_release_76","pass",368.020332648707,0.605023426362005,0.15206918118729,3.97860645818072,6.93203714460798e-05,0.00397075227917421,0.271132717673478,"",TRUE,TRUE,TRUE,"up","0.1.0"
"ENSMUSG00000029714","Gigyf1","protein_coding","deposited_Ensembl_release_76","pass",3496.06461167349,0.239782795359209,0.0603650686091379,3.9722110963179,7.12085727793403e-05,0.00405406837580349,0.0223248764633849,"",TRUE,TRUE,TRUE,"up","0.1.0"
"ENSMUSG00000052949","Rnf157","protein_coding","deposited_Ensembl_release_76","pass",6393.752644678,-0.301206099834757,0.0758797407855047,-3.96951935677008,7.20177565075445e-05,0.00408755996521195,0.0663308594007205,"",TRUE,TRUE,TRUE,"down","0.1.0"
"ENSMUSG00000031266","Gla","protein_coding","deposited_Ensembl_release_76","pass",1553.52274259724,-0.308060556133414,0.0777608594902057,-3.96164031818881,7.44366160884152e-05,0.00421192876906406,0.0332803994751245,"",TRUE,TRUE,TRUE,"down","0.1.0"
"ENSMUSG00000031762","Mt2","protein_coding","deposited_Ensembl_release_76","pass",3501.2373098791,1.6455012682981,0.415453104690978,3.96073888898255,7.47182010999225e-05,0.0042149721797313,0.279548758743684,"",TRUE,TRUE,TRUE,"up","0.1.0"
"ENSMUSG00000022843","Clcn2","protein_coding","deposited_Ensembl_release_76","pass",756.280840653326,0.41322073417701,0.104466956219504,3.95551616636325,7.63695833646308e-05,0.00429503465348256,0.168041795003492,"",TRUE,TRUE,TRUE,"up","0.1.0"
"ENSMUSG00000029373","Pf4","protein_coding","deposited_Ensembl_release_76","pass",468.092715917381,0.682579930981165,0.172637542676607,3.95383252332203,7.69092525165118e-05,0.00430043305448771,0.564637895254599,"",TRUE,TRUE,TRUE,"up","0.1.0"
"ENSMUSG00000069833","Ahnak","protein_coding","deposited_Ensembl_release_76","pass",14971.6045603624,0.244650646935298,0.0618778654304564,3.95376675057185,7.69304080978993e-05,0.00430043305448771,0.0327797946935469,"",TRUE,TRUE,TRUE,"up","0.1.0"
"ENSMUSG00000030967","Zranb1","protein_coding","deposited_Ensembl_release_76","pass",1479.87664593781,0.344510857784316,0.0871624810365782,3.95251321081303,7.73346581655887e-05,0.00431000957842737,0.0574032997557489,"",TRUE,TRUE,TRUE,"up","0.1.0"
"ENSMUSG00000032812","Arap1","protein_coding","deposited_Ensembl_release_76","pass",3510.63927624057,-0.336782170554489,0.0852875186275472,-3.94878612924858,7.85484891714169e-05,0.00435144519502613,0.0854907107695688,"",TRUE,TRUE,TRUE,"down","0.1.0"
"ENSMUSG00000057497","Fam136a","protein_coding","deposited_Ensembl_release_76","pass",3013.32241352383,-0.219021736044881,0.0554637146335874,-3.94891935190087,7.85047927259382e-05,0.00435144519502613,0.00948469077811051,"",TRUE,TRUE,TRUE,"down","0.1.0"
"ENSMUSG00000031596","Slc7a2","protein_coding","deposited_Ensembl_release_76","pass",1378.43119187312,0.395832350880584,0.100274187220739,3.94749996835394,7.89715285102643e-05,0.0043618214687326,0.0808554736215397,"",TRUE,TRUE,TRUE,"up","0.1.0"
"ENSMUSG00000047246","Hist1h2be","protein_coding","deposited_Ensembl_release_76","pass",394.520559998014,-0.613605470459453,0.155654720728146,-3.94209354903618,8.07734578330109e-05,0.00444806931632203,0.479714150578934,"",TRUE,TRUE,TRUE,"down","0.1.0"
"ENSMUSG00000001366","Fbxo9","protein_coding","deposited_Ensembl_release_76","pass",2589.66738897204,0.645457424528167,0.163789689935951,3.94076956114008,8.1220622643749e-05,0.00445942190141628,0.617127029750038,"",TRUE,TRUE,TRUE,"up","0.1.0"
"ENSMUSG00000024812","Tjp2","protein_coding","deposited_Ensembl_release_76","pass",556.82572571772,0.392688118309641,0.0997471005679157,3.93683742258019,8.25625008027937e-05,0.0045010271289228,0.0412490245418311,"",TRUE,TRUE,TRUE,"up","0.1.0"
"ENSMUSG00000024903","Lao1","protein_coding","deposited_Ensembl_release_76","pass",31.6648686045907,1.70611220805835,0.433440370746921,3.93620973772773,8.27786336882527e-05,0.0045010271289228,1.58861390782425,"",TRUE,TRUE,TRUE,"up","0.1.0"
"ENSMUSG00000026574","Dpt","protein_coding","deposited_Ensembl_release_76","pass",169.430024765212,1.04005115202198,0.26424450821376,3.93594235525467,8.28708647311156e-05,0.0045010271289228,0.551532681854941,"",TRUE,TRUE,TRUE,"up","0.1.0"
"ENSMUSG00000071001","Hrct1","protein_coding","deposited_Ensembl_release_76","pass",157.020691720854,0.976044126673445,0.248062349788239,3.93467258335114,8.3310187781525e-05,0.00450727603661274,0.420388818580194,"",TRUE,TRUE,TRUE,"up","0.1.0"
"ENSMUSG00000001119","Col6a1","protein_coding","deposited_Ensembl_release_76","pass",1111.0185807128,0.613982446009491,0.156229637945657,3.92999980082561,8.49459319424586e-05,0.00458237486510586,0.109534933130799,"",TRUE,TRUE,TRUE,"up","0.1.0"
"ENSMUSG00000037172","E330009J07Rik","protein_coding","deposited_Ensembl_release_76","pass",211.014295550551,-0.511282698438877,0.130129994544056,-3.92901498405719,8.52945252512048e-05,0.00458780407186931,0.0424752938956686,"",TRUE,TRUE,TRUE,"down","0.1.0"
"ENSMUSG00000032440","Tgfbr2","protein_coding","deposited_Ensembl_release_76","pass",872.589433187061,0.433870304425458,0.110447463880415,3.92829576327097,8.55499597723613e-05,0.00458820552367537,0.24203234453732,"",TRUE,TRUE,TRUE,"up","0.1.0"
"ENSMUSG00000044349","Snhg11","protein_coding","deposited_Ensembl_release_76","pass",97523.6379449804,0.455136541837341,0.115994914354914,3.9237629026109,8.71765343818137e-05,0.00466192894701358,0.188391720701592,"",TRUE,TRUE,TRUE,"up","0.1.0"
"ENSMUSG00000032028","Nxpe2","protein_coding","deposited_Ensembl_release_76","pass",614.024633829231,0.477464758822603,0.121771425907895,3.92099177013616,8.81852749765697e-05,0.00470228283254026,0.246631100766173,"",TRUE,TRUE,TRUE,"up","0.1.0"
"ENSMUSG00000027071","P2rx3","protein_coding","deposited_Ensembl_release_76","pass",9195.04562102313,-0.311940169795321,0.0797723802139296,-3.9103781153173,9.21517518991123e-05,0.00485778879028284,0.0779745263966302,"",TRUE,TRUE,TRUE,"down","0.1.0"
"ENSMUSG00000060594","Layn","protein_coding","deposited_Ensembl_release_76","pass",222.383126754733,0.820753196147741,0.209867233113689,3.91082106515943,9.19828993225743e-05,0.00485778879028284,0.571103289062056,"",TRUE,TRUE,TRUE,"up","0.1.0"
"ENSMUSG00000028475","Spaar","protein_coding","deposited_Ensembl_release_76","pass",210.812568262374,0.847518762192908,0.21721198784118,3.90180473286121,9.54781658263106e-05,0.00500462465236325,0.55606030415803,"",TRUE,TRUE,TRUE,"up","0.1.0"
"ENSMUSG00000027981","Rnpc3","protein_coding","deposited_Ensembl_release_76","pass",737.310067887731,0.490857353390092,0.125867276183266,3.89980118959109,9.6271708216295e-05,0.00503196445515849,0.240730183534541,"",TRUE,TRUE,TRUE,"up","0.1.0"
"ENSMUSG00000038217","Tlcd2","protein_coding","deposited_Ensembl_release_76","pass",162.159825803585,-0.847454876449396,0.217417270788406,-3.89782685329609,9.7059771513918e-05,0.00505886465442824,0.695744956361067,"",TRUE,TRUE,TRUE,"down","0.1.0"
"ENSMUSG00000020758","Itgb4","protein_coding","deposited_Ensembl_release_76","pass",2271.69713180013,0.295929225464976,0.0760358000862096,3.89197227002873,9.94326118344315e-05,0.00515701396618456,0.0359948590095984,"",TRUE,TRUE,TRUE,"up","0.1.0"
"ENSMUSG00000078713","Tomm5","protein_coding","deposited_Ensembl_release_76","pass",5557.2414262926,-0.313868279610074,0.0807084842727841,-3.88891307324321,0.000100694172705533,0.00520431362449855,0.064187340280917,"",TRUE,TRUE,TRUE,"down","0.1.0"
"ENSMUSG00000032092","Mpzl2","protein_coding","deposited_Ensembl_release_76","pass",309.504881911258,0.905824632710506,0.233360208438551,3.88165848313008,0.000103746506370638,0.0053322822427109,0.122392041025041,"",TRUE,TRUE,TRUE,"up","0.1.0"
"ENSMUSG00000024899","Papss2","protein_coding","deposited_Ensembl_release_76","pass",93.8417791254403,0.857027630050961,0.221025114766872,3.87751243090595,0.000105529937199921,0.00540892085321369,0.418804909904639,"",TRUE,TRUE,TRUE,"up","0.1.0"
"ENSMUSG00000034522","Zfp395","protein_coding","deposited_Ensembl_release_76","pass",207.993423617949,0.595813526167361,0.15394354767009,3.87033776462152,0.000108684665539125,0.0055552275316863,0.16668445952072,"",TRUE,TRUE,TRUE,"up","0.1.0"
"ENSMUSG00000075605","Slurp2","protein_coding","deposited_Ensembl_release_76","pass",162.364374869048,-0.912470147008236,0.235910683353388,-3.86786276076095,0.000109793424156117,0.00559644001972629,1.49568519601903,"",TRUE,TRUE,TRUE,"down","0.1.0"
"ENSMUSG00000027447","Cst3","protein_coding","deposited_Ensembl_release_76","pass",49786.1545609664,0.467678691019668,0.120977454764242,3.86583344748879,0.000110710474081894,0.00562768104927828,0.125734748514702,"",TRUE,TRUE,TRUE,"up","0.1.0"
"ENSMUSG00000058145","Adamts17","protein_coding","deposited_Ensembl_release_76","pass",93.649938792717,-0.878623537870188,0.227432705597882,-3.86322422520735,0.000111900206610664,0.00565116130775115,0.201063470778477,"",TRUE,TRUE,TRUE,"down","0.1.0"
"ENSMUSG00000078235","Fam43b","protein_coding","deposited_Ensembl_release_76","pass",258.752138173119,-0.63858853533817,0.165289961587505,-3.86344415114464,0.000111799462950681,0.00565116130775115,0.360435480079475,"",TRUE,TRUE,TRUE,"down","0.1.0"
"ENSMUSG00000051278","Zgrf1","protein_coding","deposited_Ensembl_release_76","pass",156.44733779869,0.759172493447771,0.196662774555483,3.86027551560649,0.00011325924935477,0.00569466274676987,0.490121493846932,"",TRUE,TRUE,TRUE,"up","0.1.0"
"ENSMUSG00000027463","Slc52a3","protein_coding","deposited_Ensembl_release_76","pass",619.531436747094,0.559710679861868,0.145089069993614,3.85770395996407,0.000114457158765801,0.00573929758440006,0.410433950408197,"",TRUE,TRUE,TRUE,"up","0.1.0"
"ENSMUSG00000025240","Sacm1l","protein_coding","deposited_Ensembl_release_76","pass",5531.55784471103,-0.26126440194984,0.067741088197906,-3.85680845850238,0.00011487710870508,0.00574478687127054,0.0274058720988194,"",TRUE,TRUE,TRUE,"down","0.1.0"
"ENSMUSG00000025001","Hells","protein_coding","deposited_Ensembl_release_76","pass",241.874267975851,-0.546634567235074,0.14208484875405,-3.84724037804554,0.00011945575441402,0.0059576545119208,0.176978243453937,"",TRUE,TRUE,TRUE,"down","0.1.0"
"ENSMUSG00000020770","Unk","protein_coding","deposited_Ensembl_release_76","pass",518.276023997697,0.508413912773098,0.132198722574112,3.84583075292636,0.000120144675145242,0.00595988451531477,0.178755492623142,"",TRUE,TRUE,TRUE,"up","0.1.0"
"ENSMUSG00000026170","Cyp27a1","protein_coding","deposited_Ensembl_release_76","pass",339.157948848627,0.619802656510107,0.161152646433322,3.84605943636523,0.00012003265756728,0.00595988451531477,0.463889130994527,"",TRUE,TRUE,TRUE,"up","0.1.0"
"ENSMUSG00000058756","Thra","protein_coding","deposited_Ensembl_release_76","pass",2553.83331985446,0.372846384027784,0.0970818363811606,3.84053699359293,0.000122765469618089,0.00607360824690775,0.112443625260028,"",TRUE,TRUE,TRUE,"up","0.1.0"
"ENSMUSG00000031871","Cdh5","protein_coding","deposited_Ensembl_release_76","pass",377.258223107804,0.684182580651557,0.17819897175952,3.8394305752497,0.000123319993710402,0.0060847729163295,0.306626032757521,"",TRUE,TRUE,TRUE,"up","0.1.0"
"ENSMUSG00000053175","Bcl3","protein_coding","deposited_Ensembl_release_76","pass",105.465833018391,-1.13006496855476,0.294783469804374,-3.83354252972426,0.000126310950470855,0.00621577531000592,0.316718877383379,"",TRUE,TRUE,TRUE,"down","0.1.0"
"ENSMUSG00000008167","Fbxw9","protein_coding","deposited_Ensembl_release_76","pass",2036.09010160695,0.361516305671029,0.0944773584021827,3.82648617388393,0.000129985446784055,0.00637963056192403,0.104584463565006,"",TRUE,TRUE,TRUE,"up","0.1.0"
"ENSMUSG00000026193","Fn1","protein_coding","deposited_Ensembl_release_76","pass",1733.97326160707,1.01448914151969,0.265405087916676,3.82241783487657,0.000132149518642222,0.00646868397734663,0.192949204535959,"",TRUE,TRUE,TRUE,"up","0.1.0"
"ENSMUSG00000043924","Ncmap","protein_coding","deposited_Ensembl_release_76","pass",11681.6529273805,0.516016872108941,0.13507773458474,3.82014751502382,0.000133371882940233,0.00651129274417714,0.133625130587859,"",TRUE,TRUE,TRUE,"up","0.1.0"
"ENSMUSG00000021607","Mrpl36","protein_coding","deposited_Ensembl_release_76","pass",5135.56577331612,-0.274069404653338,0.0717600705265019,-3.81924658995591,0.000133859896742225,0.00651792018268788,0.0257557756468455,"",TRUE,TRUE,TRUE,"down","0.1.0"
"ENSMUSG00000046317","BC107364","protein_coding","deposited_Ensembl_release_76","pass",25.311553810932,1.52897280633182,0.400579842083873,3.81689901912659,0.000135139446389108,0.00654577271344939,0.404604763707947,"",TRUE,TRUE,TRUE,"up","0.1.0"
"ENSMUSG00000025648","Pfkfb4","protein_coding","deposited_Ensembl_release_76","pass",1274.34487247389,-0.364288083147346,0.0954585677711897,-3.81619053850178,0.000135527863541727,0.00654744662953674,0.113351087378194,"",TRUE,TRUE,TRUE,"down","0.1.0"
"ENSMUSG00000039670","Oxld1","protein_coding","deposited_Ensembl_release_76","pass",341.116357578968,0.415984797448909,0.109039025044973,3.81500840893743,0.000136178296252551,0.00656173701968996,0.0563585570900748,"",TRUE,TRUE,TRUE,"up","0.1.0"
"ENSMUSG00000048001","Hes5","protein_coding","deposited_Ensembl_release_76","pass",21.216658042785,-2.35028411293615,0.616175131060525,-3.81431186437365,0.000136562925545446,0.00656317873082439,0.507941066435023,"",TRUE,TRUE,TRUE,"down","0.1.0"
"ENSMUSG00000065954","Tacc1","protein_coding","deposited_Ensembl_release_76","pass",9502.39435053389,0.28108585354428,0.073725462609225,3.81260209968637,0.000137511394947177,0.00659164077903526,0.0380538195433559,"",TRUE,TRUE,TRUE,"up","0.1.0"
"ENSMUSG00000023980","Taf8","protein_coding","deposited_Ensembl_release_76","pass",2268.50371611901,0.313801441258023,0.0825022198071311,3.80355149220965,0.000142636327912708,0.00678457577215638,0.0447750051624939,"",TRUE,TRUE,TRUE,"up","0.1.0"
"ENSMUSG00000029397","Rchy1","protein_coding","deposited_Ensembl_release_76","pass",2373.76040431107,0.301910440520812,0.0793546002097488,3.80457389644465,0.000142048502346547,0.00678457577215638,0.0817710798632959,"",TRUE,TRUE,TRUE,"up","0.1.0"
"ENSMUSG00000030218","Mgp","protein_coding","deposited_Ensembl_release_76","pass",3015.08623979486,0.996820491610227,0.262043116547032,3.80403234683448,0.000142359578468939,0.00678457577215638,0.0839286225463116,"",TRUE,TRUE,TRUE,"up","0.1.0"
"ENSMUSG00000044337","Ackr3","protein_coding","deposited_Ensembl_release_76","pass",760.137312686155,0.515010568036002,0.136036404991748,3.78582900707529,0.000153196994632168,0.0072682153632795,0.183291644254264,"",TRUE,TRUE,TRUE,"up","0.1.0"
"ENSMUSG00000068874","Selenbp1","protein_coding","deposited_Ensembl_release_76","pass",740.052537401623,0.601416430627253,0.158962562168787,3.78338410265852,0.000154710381179095,0.00732124343467209,0.120090538105135,"",TRUE,TRUE,TRUE,"up","0.1.0"
"ENSMUSG00000030087","Klf15","protein_coding","deposited_Ensembl_release_76","pass",360.414612060425,1.28411518922384,0.339525347367225,3.78208931728139,0.00015551753687064,0.00734066577734045,0.141379002639202,"",TRUE,TRUE,TRUE,"up","0.1.0"
"ENSMUSG00000030693","Klk10","protein_coding","deposited_Ensembl_release_76","pass",112.685276461254,1.09686320922199,0.290387307732335,3.77724225548116,0.000158574472270066,0.00746591211301026,0.362830990018997,"",TRUE,TRUE,TRUE,"up","0.1.0"
"ENSMUSG00000021541","Trpc7","protein_coding","deposited_Ensembl_release_76","pass",157.788221285907,-0.655528061109811,0.173724467632629,-3.77337786693374,0.000161052077871778,0.00752904909781039,0.216408840857165,"",TRUE,TRUE,TRUE,"down","0.1.0"
"ENSMUSG00000025277","Abhd6","protein_coding","deposited_Ensembl_release_76","pass",4119.58121152813,-0.334341231029963,0.0885981907734623,-3.77368011819613,0.000160856987652603,0.00752904909781039,0.107711672371021,"",TRUE,TRUE,TRUE,"down","0.1.0"
"ENSMUSG00000051811","Cox6b2","protein_coding","deposited_Ensembl_release_76","pass",294.0882519219,0.656090819370936,0.173879608810957,3.77324761573534,0.00016113621805831,0.00752904909781039,0.385137599003566,"",TRUE,TRUE,TRUE,"up","0.1.0"
"ENSMUSG00000073676","Hspe1","protein_coding","deposited_Ensembl_release_76","pass",6864.40573680981,-0.402160527327967,0.106613268773393,-3.77214329843652,0.000161851253197138,0.0075434099191603,0.127739601515739,"",TRUE,TRUE,TRUE,"down","0.1.0"
"ENSMUSG00000031932","Gpr83","protein_coding","deposited_Ensembl_release_76","pass",277.167774305785,-0.66288484608103,0.175873478402557,-3.76910067454146,0.00016383679973225,0.00761676458654727,0.332889570032631,"",TRUE,TRUE,TRUE,"down","0.1.0"
"ENSMUSG00000006127","Inpp5k","protein_coding","deposited_Ensembl_release_76","pass",8511.19228166844,0.39791107462957,0.105613347249361,3.76762109139549,0.000164810602637575,0.00764283353534597,0.166236141681207,"",TRUE,TRUE,TRUE,"up","0.1.0"
"ENSMUSG00000051159","Cited1","protein_coding","deposited_Ensembl_release_76","pass",243.929940324568,-0.653723404683698,0.173687410261562,-3.76379268767512,0.00016735564099046,0.00774145356311621,0.404341031497543,"",TRUE,TRUE,TRUE,"down","0.1.0"
"ENSMUSG00000058672","Tubb2a","protein_coding","deposited_Ensembl_release_76","pass",72071.3774316978,-0.218014119999253,0.0579387745244433,-3.76283623167205,0.000167997219369098,0.00775175199497863,0.0277130453154464,"",TRUE,TRUE,TRUE,"down","0.1.0"
"ENSMUSG00000002020","Ltbp2","protein_coding","deposited_Ensembl_release_76","pass",137.021293122119,0.92114109612543,0.245124703637584,3.75784685287099,0.000171381714383338,0.00788814322322937,1.03919477145402,"",TRUE,TRUE,TRUE,"up","0.1.0"
"ENSMUSG00000028785","Hpca","protein_coding","deposited_Ensembl_release_76","pass",3277.37555878528,0.328265943930587,0.0873691769633034,3.75722829652457,0.000171805746039098,0.00788814322322937,0.0825723460026866,"",TRUE,TRUE,TRUE,"up","0.1.0"
"ENSMUSG00000022571","Pycrl","protein_coding","deposited_Ensembl_release_76","pass",1950.95095381988,-0.416158460895259,0.110828346523743,-3.75498213181504,0.000173353844967301,0.00793952028076723,0.201945497231597,"",TRUE,TRUE,TRUE,"down","0.1.0"
"ENSMUSG00000034424","Gcsh","protein_coding","deposited_Ensembl_release_76","pass",8731.70901779299,-0.315162971663583,0.0841035596287352,-3.74732024488418,0.000178733835252362,0.0081657090214184,0.0877279106463576,"",TRUE,TRUE,TRUE,"down","0.1.0"
"ENSMUSG00000010453","Kansl3","protein_coding","deposited_Ensembl_release_76","pass",5261.0442525119,0.337504780613811,0.0901763238725126,3.74272055147158,0.000182038635952935,0.00822090951147541,0.0980072967293476,"",TRUE,TRUE,TRUE,"up","0.1.0"
"ENSMUSG00000020325","Fstl3","protein_coding","deposited_Ensembl_release_76","pass",362.03633045463,0.6540465091264,0.174692567668324,3.7439858939402,0.000181123826120588,0.00822090951147541,0.861055544753356,"",TRUE,TRUE,TRUE,"up","0.1.0"
"ENSMUSG00000028494","Plin2","protein_coding","deposited_Ensembl_release_76","pass",4446.14639170125,-0.509447513506754,0.13608782073288,-3.74352025598766,0.000181459966512933,0.00822090951147541,0.551512399301991,"",TRUE,TRUE,TRUE,"down","0.1.0"
"ENSMUSG00000028996","Rbp7","protein_coding","deposited_Ensembl_release_76","pass",123.4278581729,1.21795154067077,0.325433763621385,3.74254818282392,0.000182163589672211,0.00822090951147541,0.481558951261933,"",TRUE,TRUE,TRUE,"up","0.1.0"
"ENSMUSG00000046897","Zfp740","protein_coding","deposited_Ensembl_release_76","pass",1133.11293024447,0.378852809569575,0.101170114812189,3.74471068133977,0.000180601772381187,0.00822090951147541,0.0796765436788033,"",TRUE,TRUE,TRUE,"up","0.1.0"
"ENSMUSG00000022831","Hcls1","protein_coding","deposited_Ensembl_release_76","pass",132.286007359788,-1.07809119809234,0.288171836904565,-3.74114004224979,0.000183187405251013,0.00824699892788198,0.0758323784276184,"",TRUE,TRUE,TRUE,"down","0.1.0"
"ENSMUSG00000060240","Cend1","protein_coding","deposited_Ensembl_release_76","pass",48916.2790175327,-0.232466117407782,0.0622673963779293,-3.73335213820148,0.000188948135770929,0.00846515098346124,0.0331819808524659,"",TRUE,TRUE,TRUE,"down","0.1.0"
"ENSMUSG00000011171","Vipr2","protein_coding","deposited_Ensembl_release_76","pass",40.7289548058699,1.2989348285627,0.348511414036096,3.72709408142416,0.000193700168615182,0.00861980386085479,1.0136161442243,"",TRUE,TRUE,TRUE,"up","0.1.0"
"ENSMUSG00000030268","Bcat1","protein_coding","deposited_Ensembl_release_76","pass",5541.82877158335,-0.389406727166392,0.104500516099563,-3.72636176069583,0.000194263536182049,0.00861980386085479,0.201713555639389,"",TRUE,TRUE,TRUE,"down","0.1.0"
"ENSMUSG00000030787","Lyve1","protein_coding","deposited_Ensembl_release_76","pass",416.057427178163,0.638248725436076,0.171244729379494,3.72711456725572,0.000193684431151236,0.00861980386085479,0.128890061654853,"",TRUE,TRUE,TRUE,"up","0.1.0"
"ENSMUSG00000040936","Ulk4","protein_coding","deposited_Ensembl_release_76","pass",192.402914865049,0.645006533004553,0.173083210935861,3.72656902721531,0.000194103931937101,0.00861980386085479,0.33790612550627,"",TRUE,TRUE,TRUE,"up","0.1.0"
"ENSMUSG00000024668","Sdhaf2","protein_coding","deposited_Ensembl_release_76","pass",4643.66939277514,-0.263933108279281,0.0708422763930743,-3.72564408877583,0.000194817128115945,0.00862368737207973,0.0477699430531064,"",TRUE,TRUE,TRUE,"down","0.1.0"
"ENSMUSG00000023048","Prr13","protein_coding","deposited_Ensembl_release_76","pass",56120.6455900494,-0.270874574744165,0.0727754891237904,-3.72205776979953,0.000197605796699463,0.0087262531177331,0.0504807779005028,"",TRUE,TRUE,TRUE,"down","0.1.0"
"ENSMUSG00000006411","Nectin4","protein_coding","deposited_Ensembl_release_76","pass",2536.29308207695,-0.390719769489576,0.10500014541991,-3.72113550821319,0.000198328972617641,0.00873733566748622,0.133171917681897,"",TRUE,TRUE,TRUE,"down","0.1.0"
"ENSMUSG00000020671","Rab10","protein_coding","deposited_Ensembl_release_76","pass",2856.73628360595,-0.260730202889726,0.0701688188352721,-3.7157559043685,0.000202597098786962,0.00890416655310015,0.0324096008555809,"",TRUE,TRUE,TRUE,"down","0.1.0"
"ENSMUSG00000024026","Glo1","protein_coding","deposited_Ensembl_release_76","pass",15456.375373346,-0.235999324317814,0.0635340541154082,-3.71453274316678,0.00020357951001512,0.00892614140713213,0.0402592373300364,"",TRUE,TRUE,TRUE,"down","0.1.0"
"ENSMUSG00000022469","Rapgef3","protein_coding","deposited_Ensembl_release_76","pass",648.355506357648,0.461542972774851,0.124577321868622,3.70487152759305,0.000211497901324653,0.00924244269035229,0.159409801213482,"",TRUE,TRUE,TRUE,"up","0.1.0"
"ENSMUSG00000078627","10-Mar","protein_coding","deposited_Ensembl_release_76","pass",12.0114297865122,2.29315015485171,0.619014321455875,3.70451874111473,0.000211792449911332,0.00924244269035229,0.229695619538713,"",TRUE,TRUE,TRUE,"up","0.1.0"
"ENSMUSG00000024548","Setbp1","protein_coding","deposited_Ensembl_release_76","pass",148.906754176691,0.693888204363128,0.187534430766633,3.7000576455563,0.000215550498787161,0.00936227905882357,0.403003364292686,"",TRUE,TRUE,TRUE,"up","0.1.0"
"ENSMUSG00000029622","Arpc1b","protein_coding","deposited_Ensembl_release_76","pass",52899.4804527255,-0.415628259347117,0.112313143717654,-3.70061994161583,0.000215073392634982,0.00936227905882357,0.267690287891638,"",TRUE,TRUE,TRUE,"down","0.1.0"
"ENSMUSG00000002580","Mien1","protein_coding","deposited_Ensembl_release_76","pass",2902.09589069038,-0.348306106547148,0.0941695173100574,-3.69871394158616,0.000216694654748341,0.0093899325452191,0.1438810886757,"",TRUE,TRUE,TRUE,"down","0.1.0"
"ENSMUSG00000046314","Stxbp6","protein_coding","deposited_Ensembl_release_76","pass",801.763380935895,0.375173080682107,0.101539915463925,3.6948334944734,0.000220030927676936,0.00949005187600547,0.0873768156127115,"",TRUE,TRUE,TRUE,"up","0.1.0"
"ENSMUSG00000070550","Mrgprb4","protein_coding","deposited_Ensembl_release_76","pass",410.295333089176,0.88400530015775,0.239299580729991,3.69413643542987,0.000220635320721557,0.00949398916118831,0.958544506771405,"",TRUE,TRUE,TRUE,"up","0.1.0"
"ENSMUSG00000030067","Foxp1","protein_coding","deposited_Ensembl_release_76","pass",1726.75264458131,0.392600389446403,0.106542682979603,3.6849117974771,0.000228781854101348,0.00977632943749941,0.144404502123428,"",TRUE,TRUE,TRUE,"up","0.1.0"
"ENSMUSG00000007655","Cav1","protein_coding","deposited_Ensembl_release_76","pass",5630.67954133062,0.364614657687519,0.0989912751481047,3.68330094891702,0.000230233076880832,0.00981567424314753,0.113323291173034,"",TRUE,TRUE,TRUE,"up","0.1.0"
"ENSMUSG00000041801","Phlda3","protein_coding","deposited_Ensembl_release_76","pass",1076.60847182301,0.91902717531381,0.249676345170169,3.68087403188892,0.000232435822528343,0.00988680465342975,0.40810654025591,"",TRUE,TRUE,TRUE,"up","0.1.0"
"ENSMUSG00000018362","Kpna2","protein_coding","deposited_Ensembl_release_76","pass",5378.56512107097,-0.270813290946962,0.0735901399489754,-3.68002141502563,0.000233214367585581,0.00989716844824771,0.0949959482483523,"",TRUE,TRUE,TRUE,"down","0.1.0"
"ENSMUSG00000028073","Pear1","protein_coding","deposited_Ensembl_release_76","pass",1047.50716787529,0.439338771225172,0.119622117828135,3.67272189459464,0.000239980611312457,0.0101495489080468,0.10987110589698,"",TRUE,TRUE,TRUE,"up","0.1.0"
"ENSMUSG00000038957","Edc3","protein_coding","deposited_Ensembl_release_76","pass",2311.13404393825,0.247354397813203,0.0673544895426634,3.67242628505892,0.000240258467368778,0.0101495489080468,0.0246594507328218,"",TRUE,TRUE,TRUE,"up","0.1.0"
"ENSMUSG00000060568","Fam78b","protein_coding","deposited_Ensembl_release_76","pass",568.522625764311,-0.433553814246217,0.118110853330508,-3.67073644818236,0.000241852620346858,0.010193619668059,0.112464827263243,"",TRUE,TRUE,TRUE,"down","0.1.0"
"ENSMUSG00000038370","Pcp4l1","protein_coding","deposited_Ensembl_release_76","pass",20849.1908006325,-0.236969832853577,0.0645829072087081,-3.66923452497699,0.000243277824097231,0.0102303854074342,0.02821565838151,"",TRUE,TRUE,TRUE,"down","0.1.0"
"ENSMUSG00000069135","Fgfr1op","protein_coding","deposited_Ensembl_release_76","pass",1365.02487935881,-0.294602227912338,0.0803045508148215,-3.66856205436821,0.000243918494567163,0.0102340678117375,0.04963056665135,"",TRUE,TRUE,TRUE,"down","0.1.0"
"ENSMUSG00000031297","Slc7a3","protein_coding","deposited_Ensembl_release_76","pass",655.242947704823,0.436728899455643,0.119137045712145,3.66576908840642,0.000246596361101566,0.0103083334977729,0.200697648820159,"",TRUE,TRUE,TRUE,"up","0.1.0"
"ENSMUSG00000031837","Necab2","protein_coding","deposited_Ensembl_release_76","pass",452.2211816401,0.561249211866834,0.153114388977826,3.66555498548287,0.000246802774658888,0.0103083334977729,0.350373526114166,"",TRUE,TRUE,TRUE,"up","0.1.0"
"ENSMUSG00000030979","Uros","protein_coding","deposited_Ensembl_release_76","pass",4365.84626802861,-0.284002509685295,0.0775134459384056,-3.66391283792197,0.000248391342489359,0.0103513175902716,0.0568639280925666,"",TRUE,TRUE,TRUE,"down","0.1.0"
"ENSMUSG00000027848","Olfml3","protein_coding","deposited_Ensembl_release_76","pass",4638.0630611601,0.351104331866795,0.0958671888846144,3.66240353922742,0.000249859849506458,0.0103658224112511,0.14994399577515,"",TRUE,TRUE,TRUE,"up","0.1.0"
"ENSMUSG00000028367","Txn1","protein_coding","deposited_Ensembl_release_76","pass",23604.5115180862,-0.229321833190458,0.0626096516324908,-3.66272335352611,0.000249548000539405,0.0103658224112511,0.0238237473038234,"",TRUE,TRUE,TRUE,"down","0.1.0"
"ENSMUSG00000037628","Cdkn3","protein_coding","deposited_Ensembl_release_76","pass",411.263509760634,-0.553488600188762,0.15120081812401,-3.66061908299206,0.000251606581780639,0.0104149364265932,0.279783974227958,"",TRUE,TRUE,TRUE,"down","0.1.0"
"ENSMUSG00000034235","Usp54","protein_coding","deposited_Ensembl_release_76","pass",404.753541685877,0.557724289170927,0.152512127912769,3.65691762880604,0.000255266364656116,0.0105428427348931,0.207858360265485,"",TRUE,TRUE,TRUE,"up","0.1.0"
"ENSMUSG00000041431","Ccnb1","protein_coding","deposited_Ensembl_release_76","pass",37.8924035949047,1.49726042345478,0.409756735658563,3.65402272411306,0.000258163404079015,0.0106387471395858,0.0924170822353543,"",TRUE,TRUE,TRUE,"up","0.1.0"
"ENSMUSG00000030605","Mfge8","protein_coding","deposited_Ensembl_release_76","pass",2540.8000462235,0.398735078104402,0.10935262342728,3.64632384306321,0.000266018691501285,0.0108417265393134,0.117441308777847,"",TRUE,TRUE,TRUE,"up","0.1.0"
"ENSMUSG00000039621","Prex1","protein_coding","deposited_Ensembl_release_76","pass",552.416749019025,-0.456053210897687,0.125053358919561,-3.64686894328874,0.000265455228806246,0.0108417265393134,0.118471117911783,"",TRUE,TRUE,TRUE,"down","0.1.0"
"ENSMUSG00000046805","Mpeg1","protein_coding","deposited_Ensembl_release_76","pass",33.1984985367587,-1.17622480374637,0.322491658267052,-3.64730303433878,0.000265007315266195,0.0108417265393134,0.325121912986627,"",TRUE,TRUE,TRUE,"down","0.1.0"
"ENSMUSG00000047446","Arl4a","protein_coding","deposited_Ensembl_release_76","pass",1274.78932153509,0.427181979301822,0.117142365599588,3.64669073494726,0.000265639317131077,0.0108417265393134,0.139596594952719,"",TRUE,TRUE,TRUE,"up","0.1.0"
"ENSMUSG00000001999","Blvra","protein_coding","deposited_Ensembl_release_76","pass",3582.23222069773,-0.250107076501577,0.0687093078346701,-3.64007562270007,0.000272557980375599,0.0110438223868065,0.0299600513290542,"",TRUE,TRUE,TRUE,"down","0.1.0"
"ENSMUSG00000020994","Pnn","protein_coding","deposited_Ensembl_release_76","pass",3461.01560363563,0.256314414081102,0.0704184222784972,3.63987726205234,0.000272768028469469,0.0110438223868065,0.0486924980794016,"",TRUE,TRUE,TRUE,"up","0.1.0"
"ENSMUSG00000094910","D430019H16Rik","protein_coding","deposited_Ensembl_release_76","pass",790.536398067455,0.310899374778841,0.0854466574377847,3.63852003228111,0.00027420930205741,0.0110779360610661,0.0318287876639586,"",TRUE,TRUE,TRUE,"up","0.1.0"
"ENSMUSG00000028862","Map3k6","protein_coding","deposited_Ensembl_release_76","pass",383.886304838154,0.529633276247445,0.145655252321635,3.63621131270921,0.000276677393601699,0.0111532937120092,0.281168014664753,"",TRUE,TRUE,TRUE,"up","0.1.0"
"ENSMUSG00000005413","Hmox1","protein_coding","deposited_Ensembl_release_76","pass",3890.35881939164,-0.311953142729582,0.0858764456352641,-3.63258097633098,0.000280600478362793,0.0112868492416234,0.104557660777945,"",TRUE,TRUE,TRUE,"down","0.1.0"
"ENSMUSG00000029456","Acad10","protein_coding","deposited_Ensembl_release_76","pass",895.339932608533,0.412237207864932,0.113576956573422,3.6295849114291,0.000283877341287167,0.0113692260732391,0.167866988043224,"",TRUE,TRUE,TRUE,"up","0.1.0"
"ENSMUSG00000037428","Vgf","protein_coding","deposited_Ensembl_release_76","pass",496.701728699144,-0.729423843157149,0.201250037572084,-3.6244656247375,0.000289559528112329,0.0115468102341862,0.773553519731077,"",TRUE,TRUE,TRUE,"down","0.1.0"
"ENSMUSG00000044881","Coa4","protein_coding","deposited_Ensembl_release_76","pass",600.414656616945,-0.386699119288799,0.106682921793588,-3.6247518608179,0.00028923902671861,0.0115468102341862,0.0646276053214419,"",TRUE,TRUE,TRUE,"down","0.1.0"
"ENSMUSG00000030898","Cckbr","protein_coding","deposited_Ensembl_release_76","pass",98.6890298767934,-2.86997868965633,0.79206389965533,-3.62341812435236,0.000290735263562102,0.0115687625412679,4.81853714509245,"",TRUE,TRUE,TRUE,"down","0.1.0"
"ENSMUSG00000069085","Dytn","protein_coding","deposited_Ensembl_release_76","pass",105.284167216482,0.88599352055589,0.245235923150254,3.61282111190965,0.000302883667880255,0.0120263015167132,0.218054862860282,"",TRUE,TRUE,TRUE,"up","0.1.0"
"ENSMUSG00000021668","Polk","protein_coding","deposited_Ensembl_release_76","pass",616.78412102443,0.468225756112683,0.129698135068877,3.61011941971276,0.000306056063964024,0.0121003319477059,0.220772922682042,"",TRUE,TRUE,TRUE,"up","0.1.0"
"ENSMUSG00000036678","Aaas","protein_coding","deposited_Ensembl_release_76","pass",2317.27823877269,0.291050859154835,0.0806126340076533,3.61048690118726,0.000305622737047466,0.0121003319477059,0.0490108823183227,"",TRUE,TRUE,TRUE,"up","0.1.0"
"ENSMUSG00000031283","Chrdl1","protein_coding","deposited_Ensembl_release_76","pass",651.360963260875,0.460773543137404,0.127741282853848,3.60708404396242,0.000309657384286919,0.012216611047891,0.105218844996602,"",TRUE,TRUE,TRUE,"up","0.1.0"
"ENSMUSG00000079845","Xlr4a","protein_coding","deposited_Ensembl_release_76","pass",34.3576175589203,-2.19981013023632,0.61016194044157,-3.60528899695765,0.00031180574724222,0.0122751951940911,0.0549014633746873,"",TRUE,TRUE,TRUE,"down","0.1.0"
"ENSMUSG00000025784","Clec3b","protein_coding","deposited_Ensembl_release_76","pass",83.3053815641174,1.11363434667369,0.309046100063384,3.60345704555173,0.000314012660681991,0.0122836707412238,0.266975448730997,"",TRUE,TRUE,TRUE,"up","0.1.0"
"ENSMUSG00000028809","Srrm1","protein_coding","deposited_Ensembl_release_76","pass",5231.97804356273,0.268211767033732,0.074410881522364,3.60446968973378,0.000312790948414391,0.0122836707412238,0.0479542341591221,"",TRUE,TRUE,TRUE,"up","0.1.0"
"ENSMUSG00000038742","Angptl6","protein_coding","deposited_Ensembl_release_76","pass",902.585045260784,-0.355599889561553,0.0986738680419027,-3.60378990525176,0.000313610587552843,0.0122836707412238,0.13252049495387,"",TRUE,TRUE,TRUE,"down","0.1.0"
"ENSMUSG00000042312","S100a13","protein_coding","deposited_Ensembl_release_76","pass",6156.86399466006,-0.413999610614215,0.114913409147961,-3.60270932421083,0.000314917620331516,0.0122930817067385,0.113688923343243,"",TRUE,TRUE,TRUE,"down","0.1.0"
"ENSMUSG00000027947","Il6ra","protein_coding","deposited_Ensembl_release_76","pass",113.992643601358,0.845367604963252,0.234847456618731,3.59964556199424,0.000318651219758885,0.0123784995075355,0.110302540096667,"",TRUE,TRUE,TRUE,"up","0.1.0"
"ENSMUSG00000041939","Mvk","protein_coding","deposited_Ensembl_release_76","pass",7091.4290800402,-0.385413062254722,0.107080923647571,-3.59926912400578,0.000319112806847238,0.0123784995075355,0.202861692882839,"",TRUE,TRUE,TRUE,"down","0.1.0"
"ENSMUSG00000058966","Fam57b","protein_coding","deposited_Ensembl_release_76","pass",7655.8393341588,-0.323369972609127,0.0898331369237927,-3.59967361357367,0.000318616848033472,0.0123784995075355,0.120577683699525,"",TRUE,TRUE,TRUE,"down","0.1.0"
"ENSMUSG00000054863","Fam19a5","protein_coding","deposited_Ensembl_release_76","pass",512.062675018489,-0.494920335489316,0.137555335494965,-3.59797265375745,0.000320707328824214,0.0124143257431683,0.0915925061860321,"",TRUE,TRUE,TRUE,"down","0.1.0"
"ENSMUSG00000037601","Nme1","protein_coding","deposited_Ensembl_release_76","pass",7220.52071464505,-0.278356007515409,0.0774144526556957,-3.5956594404072,0.000323570876688809,0.0124990228212381,0.0436970535342437,"",TRUE,TRUE,TRUE,"down","0.1.0"
"ENSMUSG00000073802","Cdkn2b","protein_coding","deposited_Ensembl_release_76","pass",214.076602615692,-0.682491620773741,0.190151523353156,-3.58919880702819,0.000331695817851194,0.0127861827452097,0.436397499851009,"",TRUE,TRUE,TRUE,"down","0.1.0"
"ENSMUSG00000022112","Gpc5","protein_coding","deposited_Ensembl_release_76","pass",819.788289316001,0.48535129090218,0.135273813931509,3.58791754883115,0.000333329656756103,0.0127958477986684,0.304696745464089,"",TRUE,TRUE,TRUE,"up","0.1.0"
"ENSMUSG00000036863","Syde2","protein_coding","deposited_Ensembl_release_76","pass",49.6336405126345,1.03224474738909,0.287690974678615,3.58803312666389,0.000333181965409468,0.0127958477986684,0.173009632799705,"",TRUE,TRUE,TRUE,"up","0.1.0"
"ENSMUSG00000051495","Irf2bp2","protein_coding","deposited_Ensembl_release_76","pass",781.828136968108,0.341228974995036,0.0951310307902337,3.58693658799361,0.000334585648099085,0.0128174704902223,0.0659616887980505,"",TRUE,TRUE,TRUE,"up","0.1.0"
"ENSMUSG00000020395","Itk","protein_coding","deposited_Ensembl_release_76","pass",169.079605713949,-0.69976215804326,0.195294152102419,-3.58311885179379,0.000339516032107302,0.0129564830534266,0.182564359638945,"",TRUE,TRUE,TRUE,"down","0.1.0"
"ENSMUSG00000024427","Spry4","protein_coding","deposited_Ensembl_release_76","pass",1411.4039505786,-0.487721714358369,0.136119420461489,-3.58304283624507,0.000339614888445761,0.0129564830534266,0.258527849316906,"",TRUE,TRUE,TRUE,"down","0.1.0"
"ENSMUSG00000030994","D7Ertd443e","protein_coding","deposited_Ensembl_release_76","pass",59.926322321626,-1.07616552740256,0.300676033301761,-3.57915300260235,0.000344709618170069,0.0131237902572032,0.997725063970424,"",TRUE,TRUE,TRUE,"down","0.1.0"
"ENSMUSG00000001741","Il16","protein_coding","deposited_Ensembl_release_76","pass",892.717448100896,0.51919073043037,0.145112445032987,3.57785116440116,0.000346430614605179,0.0131622292855023,0.423361352959422,"",TRUE,TRUE,TRUE,"up","0.1.0"
"ENSMUSG00000024066","Xdh","protein_coding","deposited_Ensembl_release_76","pass",385.831661276236,0.740049003019361,0.206917905644496,3.57653437828059,0.000348179545576114,0.0132015699422025,0.902986042485692,"",TRUE,TRUE,TRUE,"up","0.1.0"
"ENSMUSG00000036972","Zic4","protein_coding","deposited_Ensembl_release_76","pass",123.057813217042,0.940302094675342,0.263495657811847,3.56856770424193,0.000358938104943479,0.0135816600322478,0.165701318657834,"",TRUE,TRUE,TRUE,"up","0.1.0"
"ENSMUSG00000022013","Dnajc15","protein_coding","deposited_Ensembl_release_76","pass",2732.57879510267,-0.324624805894628,0.0911255157516386,-3.56239197349938,0.000367491142700784,0.0138205053117736,0.104535052358571,"",TRUE,TRUE,TRUE,"down","0.1.0"
"ENSMUSG00000030147","Clec4b1","protein_coding","deposited_Ensembl_release_76","pass",17.7951374593587,-2.51732289768724,0.706616681478599,-3.56250137262501,0.000367337987210683,0.0138205053117736,0.153292701711655,"",TRUE,TRUE,TRUE,"down","0.1.0"
"ENSMUSG00000041889","Shisa4","protein_coding","deposited_Ensembl_release_76","pass",2396.32037497547,-0.270378204135951,0.0758863145549364,-3.56293760899689,0.000366727862629514,0.0138205053117736,0.0537379414032002,"",TRUE,TRUE,TRUE,"down","0.1.0"
"ENSMUSG00000030562","Nox4","protein_coding","deposited_Ensembl_release_76","pass",70.8320833288673,1.04469028001046,0.293392347507724,3.56072777250252,0.00036982834832184,0.013880190525353,0.20933883211693,"",TRUE,TRUE,TRUE,"up","0.1.0"
"ENSMUSG00000026977","7-Mar","protein_coding","deposited_Ensembl_release_76","pass",1724.70081559499,0.344558184931856,0.0968250188427391,3.55856563778706,0.000372885610782365,0.0139383888006184,0.138837090648618,"",TRUE,TRUE,TRUE,"up","0.1.0"
"ENSMUSG00000020547","Bzw2","protein_coding","deposited_Ensembl_release_76","pass",2109.67656552082,-0.26298717873887,0.0739267377481707,-3.55740273072414,0.000374539718656187,0.0139719927707569,0.0268593343663208,"",TRUE,TRUE,TRUE,"down","0.1.0"
"ENSMUSG00000032218","Ccnb2","protein_coding","deposited_Ensembl_release_76","pass",51.6183759999285,1.39294649535078,0.391658631791367,3.55653209781111,0.000375782585715946,0.0139901512746522,0.499404985254157,"",TRUE,TRUE,TRUE,"up","0.1.0"
"ENSMUSG00000038496","Slc19a3","protein_coding","deposited_Ensembl_release_76","pass",93.587969100949,0.886874190486517,0.249439116329835,3.55547359025197,0.000377298845007969,0.0140183946369125,0.468523475411219,"",TRUE,TRUE,TRUE,"up","0.1.0"
"ENSMUSG00000078578","Ube2d3","protein_coding","deposited_Ensembl_release_76","pass",10700.0935191935,-0.206745752750738,0.0582386825482926,-3.54997303689521,0.000385270609050827,0.0142858959504358,0.0244678905118399,"",TRUE,TRUE,TRUE,"down","0.1.0"
"ENSMUSG00000004455","Ppp1cc","protein_coding","deposited_Ensembl_release_76","pass",427.558687348955,-0.391258346822074,0.110388661641033,-3.54437078052803,0.000393551364790684,0.0144498450449973,0.0745311773432825,"",TRUE,TRUE,TRUE,"down","0.1.0"
"ENSMUSG00000021236","Entpd5","protein_coding","deposited_Ensembl_release_76","pass",2214.70009761949,-0.266152215472716,0.0750780669578969,-3.54500623493639,0.000392603799200368,0.0144498450449973,0.0464830082169275,"",TRUE,TRUE,TRUE,"down","0.1.0"
"ENSMUSG00000070934","Rraga","protein_coding","deposited_Ensembl_release_76","pass",8839.36905700673,-0.24934096944705,0.0703505464153376,-3.54426485865489,0.000393709519117006,0.0144498450449973,0.0442418870949456,"",TRUE,TRUE,TRUE,"down","0.1.0"
"ENSMUSG00000074259","Gramd2","protein_coding","deposited_Ensembl_release_76","pass",529.726199105892,-0.462115541551058,0.130341311475966,-3.54542651380539,0.00039197826693888,0.0144498450449973,0.236750401869655,"",TRUE,TRUE,TRUE,"down","0.1.0"
"ENSMUSG00000091712","Sec14l5","protein_coding","deposited_Ensembl_release_76","pass",174.65025275392,0.729449936695914,0.205837316793351,3.54381774918024,0.000394377762942422,0.0144498450449973,0.561117998605907,"",TRUE,TRUE,TRUE,"up","0.1.0"
"ENSMUSG00000028128","F3","protein_coding","deposited_Ensembl_release_76","pass",2584.00406473624,1.05418465203552,0.297649618501644,3.54169663425825,0.000397562417070307,0.0144599079022967,0.197337933702442,"",TRUE,TRUE,TRUE,"up","0.1.0"
"ENSMUSG00000032127","Vps11","protein_coding","deposited_Ensembl_release_76","pass",6941.94582076897,0.233904488427368,0.0660226550862393,3.5427913058304,0.000395915882670315,0.0144599079022967,0.0360976493288772,"",TRUE,TRUE,TRUE,"up","0.1.0"
"ENSMUSG00000043017","Ptgir","protein_coding","deposited_Ensembl_release_76","pass",7307.35112018218,-0.454177719287525,0.128228015353145,-3.54195390170161,0.000397174877863251,0.0144599079022967,0.16502153139593,"",TRUE,TRUE,TRUE,"down","0.1.0"
"ENSMUSG00000045259","Klhdc9","protein_coding","deposited_Ensembl_release_76","pass",281.117652988651,0.569484514886858,0.160800771335013,3.54155337787772,0.000397778366873967,0.0144599079022967,0.338408876937877,"",TRUE,TRUE,TRUE,"up","0.1.0"
"ENSMUSG00000038064","Cldn22","protein_coding","deposited_Ensembl_release_76","pass",93.0830556818835,1.21796416216983,0.34418582079018,3.5386819810695,0.000402129994317304,0.0145894338918688,0.951431389350776,"",TRUE,TRUE,TRUE,"up","0.1.0"
"ENSMUSG00000029484","Anxa3","protein_coding","deposited_Ensembl_release_76","pass",971.174378399509,0.578737286390987,0.16366840598779,3.53603545472401,0.000406180176663274,0.0147075377863025,0.16169612261262,"",TRUE,TRUE,TRUE,"up","0.1.0"
"ENSMUSG00000022244","Amacr","protein_coding","deposited_Ensembl_release_76","pass",1715.66332385845,-0.264164438959449,0.0748240403881462,-3.53047546736461,0.000414813482339396,0.0148471595746403,0.0238491381460852,"",TRUE,TRUE,TRUE,"down","0.1.0"
"ENSMUSG00000024411","Aqp4","protein_coding","deposited_Ensembl_release_76","pass",572.332813021751,0.402092332551064,0.113820848220462,3.53267735074548,0.000411374198189827,0.0148471595746403,0.117636436815775,"",TRUE,TRUE,TRUE,"up","0.1.0"
"ENSMUSG00000027412","Lpin3","protein_coding","deposited_Ensembl_release_76","pass",63.7381860519719,0.897774368549039,0.254188867873071,3.53191851421811,0.000412556461849052,0.0148471595746403,0.744277049504527,"",TRUE,TRUE,TRUE,"up","0.1.0"
"ENSMUSG00000029306","Ibsp","protein_coding","deposited_Ensembl_release_76","pass",372.602102479118,-0.595412509525886,0.168674940056972,-3.52994054318193,0.000415653064890218,0.0148471595746403,0.457468455979834,"",TRUE,TRUE,TRUE,"down","0.1.0"
"ENSMUSG00000032018","Sc5d","protein_coding","deposited_Ensembl_release_76","pass",12408.4633969217,-0.235728118493485,0.0667690690652698,-3.53049880421502,0.000414776890403254,0.0148471595746403,0.0633551591522545,"",TRUE,TRUE,TRUE,"down","0.1.0"
"ENSMUSG00000040592","Cd79b","protein_coding","deposited_Ensembl_release_76","pass",15.516127225749,-2.20240519856609,0.623471844291527,-3.53248541811661,0.000411672928963213,0.0148471595746403,0.488406865403918,"",TRUE,TRUE,TRUE,"down","0.1.0"
"ENSMUSG00000056313","Tcim","protein_coding","deposited_Ensembl_release_76","pass",380.986349581769,0.556492467115935,0.157638580768075,3.53017937870598,0.00041527800811286,0.0148471595746403,0.243483135493818,"",TRUE,TRUE,TRUE,"up","0.1.0"
"ENSMUSG00000003206","Ebi3","protein_coding","deposited_Ensembl_release_76","pass",26.2970505104298,-1.35046321012868,0.383161028609531,-3.5245317485169,0.000424231973716933,0.0150953157878546,0.365377103759071,"",TRUE,TRUE,TRUE,"down","0.1.0"
"ENSMUSG00000009013","Dynll1","protein_coding","deposited_Ensembl_release_76","pass",36839.9907107359,-0.33927244280167,0.0962506609463581,-3.5248842913479,0.000423667805313911,0.0150953157878546,0.131415360130558,"",TRUE,TRUE,TRUE,"down","0.1.0"
"ENSMUSG00000028613","Lrp8","protein_coding","deposited_Ensembl_release_76","pass",808.131973835096,-0.354010663570831,0.100494145573691,-3.52269937268374,0.000427175609882842,0.0151708835118277,0.0876357726217311,"",TRUE,TRUE,TRUE,"down","0.1.0"
"ENSMUSG00000006344","Ggt5","protein_coding","deposited_Ensembl_release_76","pass",253.51073974907,-0.712553980993067,0.202348196874094,-3.52142491013367,0.000429234214523947,0.015171762353766,1.10288948174828,"",TRUE,TRUE,TRUE,"down","0.1.0"
"ENSMUSG00000040272","Accs","protein_coding","deposited_Ensembl_release_76","pass",848.54618481445,0.456120740267021,0.129536998503895,3.52116187294015,0.000429660242845668,0.015171762353766,0.113031446936413,"",TRUE,TRUE,TRUE,"up","0.1.0"
"ENSMUSG00000052911","Lamb2","protein_coding","deposited_Ensembl_release_76","pass",1180.97222545978,0.516286172540374,0.146602930317051,3.52166338983694,0.000428848301677217,0.015171762353766,0.369513871542828,"",TRUE,TRUE,TRUE,"up","0.1.0"
"ENSMUSG00000048970","C1galt1c1","protein_coding","deposited_Ensembl_release_76","pass",1930.82570825079,-0.330926787872413,0.0940798586587748,-3.51750940732889,0.000435616909453607,0.0153527993821335,0.186188584154795,"",TRUE,TRUE,TRUE,"down","0.1.0"
"ENSMUSG00000035242","Oaz1","protein_coding","deposited_Ensembl_release_76","pass",61034.2957934129,-0.237355925817326,0.0675758188919726,-3.51243876447529,0.000444014310711454,0.0156190053062624,0.0573923074696969,"",TRUE,TRUE,TRUE,"down","0.1.0"
"ENSMUSG00000003477","Inmt","protein_coding","deposited_Ensembl_release_76","pass",311.778311182732,1.46280113472442,0.417014818675147,3.5077917359669,0.000451842627854684,0.0157956881463289,0.118595132404116,"",TRUE,TRUE,TRUE,"up","0.1.0"
"ENSMUSG00000009596","Taf7l","protein_coding","deposited_Ensembl_release_76","pass",28.378718766881,1.53970071148123,0.438910002765492,3.50801007445686,0.000451471952682209,0.0157956881463289,0.149785876570828,"",TRUE,TRUE,TRUE,"up","0.1.0"
"ENSMUSG00000030208","Emp1","protein_coding","deposited_Ensembl_release_76","pass",342.966652770365,0.560461411502432,0.159771178446686,3.50790059228017,0.000451657786047672,0.0157956881463289,0.216067580172318,"",TRUE,TRUE,TRUE,"up","0.1.0"
"ENSMUSG00000030319","Cand2","protein_coding","deposited_Ensembl_release_76","pass",129.842218173666,-0.558836772182457,0.159329265317441,-3.50743330843242,0.000452451749313858,0.0157956881463289,0.0477796481124359,"",TRUE,TRUE,TRUE,"down","0.1.0"
"ENSMUSG00000007777","0610009B22Rik","protein_coding","deposited_Ensembl_release_76","pass",3124.5226553941,-0.259690184911209,0.0740943631442164,-3.50485750725397,0.000456851728721314,0.0159053122231612,0.0475450199353348,"",TRUE,TRUE,TRUE,"down","0.1.0"
"ENSMUSG00000028086","Fbxw7","protein_coding","deposited_Ensembl_release_76","pass",7112.81024633193,-0.231463979612602,0.0660459518299724,-3.50458995894978,0.000457311036195305,0.0159053122231612,0.0361432261480699,"",TRUE,TRUE,TRUE,"down","0.1.0"
"ENSMUSG00000074218","Cox7a1","protein_coding","deposited_Ensembl_release_76","pass",297.785650157844,-0.550370760006569,0.157071947008541,-3.50394052208852,0.000458427735212874,0.0159142371194068,0.336704451117596,"",TRUE,TRUE,TRUE,"down","0.1.0"
"ENSMUSG00000018507","Trpv2","protein_coding","deposited_Ensembl_release_76","pass",8809.19759247767,-0.276784591570008,0.0790199221297593,-3.50271911323194,0.0004605348291441,0.0159276185862678,0.067685896175026,"",TRUE,TRUE,TRUE,"down","0.1.0"
"ENSMUSG00000046447","Camk2n1","protein_coding","deposited_Ensembl_release_76","pass",973.475411509911,0.359158475301142,0.102535343474616,3.50277731687764,0.000460434215347398,0.0159276185862678,0.135092793826428,"",TRUE,TRUE,TRUE,"up","0.1.0"
"ENSMUSG00000019461","Plscr3","protein_coding","deposited_Ensembl_release_76","pass",8089.11740152575,-0.259928818202486,0.0742688706046321,-3.49983534267282,0.000465545628096466,0.0160708782773674,0.0561418342381017,"",TRUE,TRUE,TRUE,"down","0.1.0"
"ENSMUSG00000001497","Pax9","protein_coding","deposited_Ensembl_release_76","pass",68.7587792966714,0.811810284448407,0.232276169932919,3.49502182975918,0.000474022983725809,0.0163330489159751,0.223712270222876,"",TRUE,TRUE,TRUE,"up","0.1.0"
"ENSMUSG00000000938","Hoxa10","protein_coding","deposited_Ensembl_release_76","pass",463.392397988968,-1.2083009567389,0.345902551236869,-3.4931831303883,0.000477299064731449,0.0163849064837217,0.142313081833215,"",TRUE,TRUE,TRUE,"down","0.1.0"
"ENSMUSG00000039307","Hexdc","protein_coding","deposited_Ensembl_release_76","pass",711.602086638863,0.338086194441977,0.0967728893307716,3.49360442557824,0.000476546567199421,0.0163849064837217,0.0899544526342985,"",TRUE,TRUE,TRUE,"up","0.1.0"
"ENSMUSG00000028398","Dmac1","protein_coding","deposited_Ensembl_release_76","pass",1517.55925458464,-0.357182547580555,0.102292349861956,-3.49178162455524,0.000479810352101037,0.0164406128609731,0.0917496700911747,"",TRUE,TRUE,TRUE,"down","0.1.0"
"ENSMUSG00000030214","Plbd1","protein_coding","deposited_Ensembl_release_76","pass",68.0797659488687,-1.31088399631345,0.375855074076368,-3.48773792540871,0.000487125299196777,0.0166604055656894,0.17466482230209,"",TRUE,TRUE,TRUE,"down","0.1.0"
"ENSMUSG00000016552","Foxred2","protein_coding","deposited_Ensembl_release_76","pass",295.838667545718,0.58092188784362,0.166645618344814,3.48597157017119,0.000490353114709267,0.0166783155909294,0.347643426144736,"",TRUE,TRUE,TRUE,"up","0.1.0"
"ENSMUSG00000048387","Osr1","protein_coding","deposited_Ensembl_release_76","pass",101.088896479181,1.1813115350587,0.338874547376787,3.48598484071224,0.00049032879010105,0.0166783155909294,0.453598089208724,"",TRUE,TRUE,TRUE,"up","0.1.0"
"ENSMUSG00000050910","Cdr2l","protein_coding","deposited_Ensembl_release_76","pass",5130.7231059376,-0.273911678554415,0.0785596964377642,-3.4866692588535,0.000489075791243032,0.0166783155909294,0.0441412775763689,"",TRUE,TRUE,TRUE,"down","0.1.0"
"ENSMUSG00000031149","Praf2","protein_coding","deposited_Ensembl_release_76","pass",17773.1103173622,-0.278252708793819,0.0798379334243294,-3.48521932945005,0.000491733796558785,0.0166945879591325,0.0775954908249427,"",TRUE,TRUE,TRUE,"down","0.1.0"
"ENSMUSG00000002249","Tead3","protein_coding","deposited_Ensembl_release_76","pass",102.329770603287,0.863689672053125,0.248287868567627,3.47858184548343,0.000504074480800982,0.0170509874191235,0.149230923269277,"",TRUE,TRUE,TRUE,"up","0.1.0"
"ENSMUSG00000005312","Ubqln1","protein_coding","deposited_Ensembl_release_76","pass",2906.68025770428,-0.273050831758427,0.0785266288415401,-3.47717501421613,0.000506726935471846,0.0170823704950412,0.0389909998792387,"",TRUE,TRUE,TRUE,"down","0.1.0"
"ENSMUSG00000023075","Akirin1","protein_coding","deposited_Ensembl_release_76","pass",856.992452833679,-0.285046403503648,0.0819779513359045,-3.47711059935703,0.00050684869490232,0.0170823704950412,0.0492144958510898,"",TRUE,TRUE,TRUE,"down","0.1.0"
"ENSMUSG00000039831","Arhgap29","protein_coding","deposited_Ensembl_release_76","pass",494.473701177115,0.488343684101941,0.140574557652259,3.47391229435673,0.00051292866465994,0.0172304730673861,0.131591778138635,"",TRUE,TRUE,TRUE,"up","0.1.0"
"ENSMUSG00000072889","Nfxl1","protein_coding","deposited_Ensembl_release_76","pass",107.734420134786,0.676817871068244,0.194833902573792,3.47381981332486,0.000513105478037603,0.0172304730673861,0.271844946904699,"",TRUE,TRUE,TRUE,"up","0.1.0"
"ENSMUSG00000035699","Slc51a","protein_coding","deposited_Ensembl_release_76","pass",694.518825423727,0.693786303878434,0.199870561689373,3.47117803649682,0.000518180315421917,0.0173693666236445,0.148435544948411,"",TRUE,TRUE,TRUE,"up","0.1.0"
"ENSMUSG00000040488","Ltbp4","protein_coding","deposited_Ensembl_release_76","pass",1288.39787926553,0.336363565281623,0.0969240224280099,3.47038388271036,0.000519715001469824,0.0173893068213312,0.122380693987734,"",TRUE,TRUE,TRUE,"up","0.1.0"
"ENSMUSG00000005107","Slc2a9","protein_coding","deposited_Ensembl_release_76","pass",153.95429382255,0.617137219088243,0.177905549042,3.46890370992615,0.000522586717366126,0.0174223820386044,0.239690082542978,"",TRUE,TRUE,TRUE,"up","0.1.0"
"ENSMUSG00000022665","Ccdc80","protein_coding","deposited_Ensembl_release_76","pass",1357.03633409902,0.469685675520813,0.135386625172638,3.46921769356385,0.000521976317799016,0.0174223820386044,0.348753499850869,"",TRUE,TRUE,TRUE,"up","0.1.0"
"ENSMUSG00000006057","Atp5g1","protein_coding","deposited_Ensembl_release_76","pass",28394.3167778921,-0.278496064126004,0.0803768373868367,-3.46487959940077,0.000530468912124709,0.0176533566205818,0.0659555542468714,"",TRUE,TRUE,TRUE,"down","0.1.0"
"ENSMUSG00000020863","Luc7l3","protein_coding","deposited_Ensembl_release_76","pass",5501.3072698994,0.24342904272024,0.0703823153193692,3.45866772946653,0.000542854147919948,0.0179069698576636,0.0406638695921863,"",TRUE,TRUE,TRUE,"up","0.1.0"
"ENSMUSG00000023336","Wfdc1","protein_coding","deposited_Ensembl_release_76","pass",677.856192215629,0.660453489369599,0.190958081688968,3.45863072946734,0.000542928719134695,0.0179069698576636,0.606375477986111,"",TRUE,TRUE,TRUE,"up","0.1.0"
"ENSMUSG00000029004","Kmt2e","protein_coding","deposited_Ensembl_release_76","pass",3475.780663984,0.243079566308726,0.0702796517550218,3.45874745020143,0.000542693508127072,0.0179069698576636,0.0464979792140722,"",TRUE,TRUE,TRUE,"up","0.1.0"
"ENSMUSG00000053644","Aldh7a1","protein_coding","deposited_Ensembl_release_76","pass",4341.49141956526,-0.264011846095171,0.0763176792671417,-3.45937990555277,0.00054142065912893,0.0179069698576636,0.0343560617094599,"",TRUE,TRUE,TRUE,"down","0.1.0"
"ENSMUSG00000079415","Cntf","protein_coding","deposited_Ensembl_release_76","pass",37.2516597611538,1.05929013871561,0.306114496973145,3.46043767671853,0.00053929805427972,0.0179069698576636,0.190457689074589,"",TRUE,TRUE,TRUE,"up","0.1.0"
"ENSMUSG00000048482","Bdnf","protein_coding","deposited_Ensembl_release_76","pass",3002.40844315867,-1.12216207856547,0.324546618089974,-3.45762986275942,0.00054494952857433,0.0179416390163894,0.546411518886562,"",TRUE,TRUE,TRUE,"down","0.1.0"
"ENSMUSG00000026628","Atf3","protein_coding","deposited_Ensembl_release_76","pass",1872.47289971364,-2.3385452705059,0.67662996266106,-3.45616570290331,0.000547918380630067,0.0180073424454674,4.69176601283828,"",TRUE,TRUE,TRUE,"down","0.1.0"
"ENSMUSG00000022512","Cldn1","protein_coding","deposited_Ensembl_release_76","pass",1083.21207471335,0.641348865573028,0.185620893344242,3.45515450345139,0.000549977561402779,0.018042969536588,0.373300978946669,"",TRUE,TRUE,TRUE,"up","0.1.0"
"ENSMUSG00000026080","Chst10","protein_coding","deposited_Ensembl_release_76","pass",276.219444571703,-0.461303334580338,0.133735624918332,-3.44936762259152,0.000561901158331278,0.0183690055346354,0.0918720478413034,"",TRUE,TRUE,TRUE,"down","0.1.0"
"ENSMUSG00000042626","Shc1","protein_coding","deposited_Ensembl_release_76","pass",4852.29912080266,-0.457397026724026,0.13259267207864,-3.44964031234505,0.000561333931167931,0.0183690055346354,0.420899498071111,"",TRUE,TRUE,TRUE,"down","0.1.0"
"ENSMUSG00000027952","Pmvk","protein_coding","deposited_Ensembl_release_76","pass",9051.66000293648,-0.254497379084742,0.0738449748516441,-3.44637369835973,0.000568164080811522,0.0184758172008007,0.0640637298682291,"",TRUE,TRUE,TRUE,"down","0.1.0"
"ENSMUSG00000030413","Pglyrp1","protein_coding","deposited_Ensembl_release_76","pass",195.505602341205,1.00665267044496,0.292082235432082,3.44647002908546,0.000567961560653023,0.0184758172008007,0.197874837392062,"",TRUE,TRUE,TRUE,"up","0.1.0"
"ENSMUSG00000052675","Zfp112","protein_coding","deposited_Ensembl_release_76","pass",581.368950137232,0.465156676021309,0.134961136062238,3.44659721748933,0.000567694270065954,0.0184758172008007,0.325322456505093,"",TRUE,TRUE,TRUE,"up","0.1.0"
"ENSMUSG00000074207","Adh1","protein_coding","deposited_Ensembl_release_76","pass",288.464449932085,0.826854555041174,0.239998103937014,3.44525453108654,0.00057052188778832,0.018519941210083,1.11824550659718,"",TRUE,TRUE,TRUE,"up","0.1.0"
"ENSMUSG00000038095","Sbno1","protein_coding","deposited_Ensembl_release_76","pass",5470.08422394485,-0.211264816877934,0.0613617076712441,-3.44294226636947,0.000575422141086362,0.0186275890682627,0.0159591414887744,"",TRUE,TRUE,TRUE,"down","0.1.0"
"ENSMUSG00000042607","Asb4","protein_coding","deposited_Ensembl_release_76","pass",8.95082513415277,2.52821495503993,0.734461958262883,3.44226808018696,0.000576858268178918,0.0186275890682627,0.366779754119591,"",TRUE,TRUE,TRUE,"up","0.1.0"
"ENSMUSG00000060981","Hist1h4h","protein_coding","deposited_Ensembl_release_76","pass",313.800581615434,-0.63006585693251,0.183020363982134,-3.44259973712004,0.000576151367998134,0.0186275890682627,0.816132056238936,"",TRUE,TRUE,TRUE,"down","0.1.0"
"ENSMUSG00000010760","Phlda2","protein_coding","deposited_Ensembl_release_76","pass",92.4838900959351,-0.791543462007412,0.230288095626162,-3.43718792695374,0.000587787626909348,0.0188857381556895,0.122099467345928,"",TRUE,TRUE,TRUE,"down","0.1.0"
"ENSMUSG00000041361","Myzap","protein_coding","deposited_Ensembl_release_76","pass",68.4813991408489,1.16703356681096,0.339537280505398,3.43712939290156,0.000587914672089777,0.0188857381556895,0.499612304427919,"",TRUE,TRUE,TRUE,"up","0.1.0"
"ENSMUSG00000078851","Hist3h2a","protein_coding","deposited_Ensembl_release_76","pass",357.096165508185,-0.516265213373368,0.150172508842139,-3.43781439994496,0.000586429498798335,0.0188857381556895,0.248348797173944,"",TRUE,TRUE,TRUE,"down","0.1.0"
"ENSMUSG00000057897","Camk2b","protein_coding","deposited_Ensembl_release_76","pass",1628.29655196881,0.350288541790204,0.101995782693159,3.43434338696141,0.000593991204205142,0.0190478669868419,0.21490324116355,"",TRUE,TRUE,TRUE,"up","0.1.0"
"ENSMUSG00000021936","Mapk8","protein_coding","deposited_Ensembl_release_76","pass",1499.86697986799,0.332164269637055,0.0968025217197662,3.43135967675137,0.000600563746218206,0.0192253131423451,0.128063289669184,"",TRUE,TRUE,TRUE,"up","0.1.0"
"ENSMUSG00000033419","Snap91","protein_coding","deposited_Ensembl_release_76","pass",5139.26433743264,-0.258628381146963,0.0754283023183217,-3.42879758920601,0.00060626148579212,0.0193741904518335,0.0492289328551529,"",TRUE,TRUE,TRUE,"down","0.1.0"
"ENSMUSG00000025220","Mgea5","protein_coding","deposited_Ensembl_release_76","pass",2113.35289026304,0.334595717982306,0.0976219014260049,3.42746569258253,0.000609243280608303,0.0194359110708542,0.130202973002207,"",TRUE,TRUE,TRUE,"up","0.1.0"
"ENSMUSG00000044534","Ackr2","protein_coding","deposited_Ensembl_release_76","pass",26.3699122141581,1.61594389566533,0.471673439446462,3.42598026626588,0.000612584886636165,0.019508878067864,0.576364577998289,"",TRUE,TRUE,TRUE,"up","0.1.0"
"ENSMUSG00000046731","Kctd11","protein_coding","deposited_Ensembl_release_76","pass",1091.75211061052,-0.454360475847015,0.132701121771733,-3.42393847000471,0.000617205938679498,0.0196222705900116,0.294574490512657,"",TRUE,TRUE,TRUE,"down","0.1.0"
"ENSMUSG00000049649","Gpr3","protein_coding","deposited_Ensembl_release_76","pass",253.560583784262,-0.719659017977314,0.210228405387617,-3.42322445271091,0.000618829563262418,0.019640143068687,0.257038918566502,"",TRUE,TRUE,TRUE,"down","0.1.0"
"ENSMUSG00000061474","Mrps36","protein_coding","deposited_Ensembl_release_76","pass",3280.07185022778,-0.351468541175995,0.102755380953253,-3.42043927933944,0.000625200909906131,0.0198083774588924,0.142681957783635,"",TRUE,TRUE,TRUE,"down","0.1.0"
"ENSMUSG00000029551","Psmg3","protein_coding","deposited_Ensembl_release_76","pass",1670.10087739971,-0.220604893574779,0.0646194749015781,-3.41390724562188,0.000640383732436635,0.020220170991937,0.0119704675314887,"",TRUE,TRUE,TRUE,"down","0.1.0"
"ENSMUSG00000046056","Sbsn","protein_coding","deposited_Ensembl_release_76","pass",262.950291836968,0.461338723959521,0.1351304140961,3.41402582864456,0.000640105072129527,0.020220170991937,0.180813661911388,"",TRUE,TRUE,TRUE,"up","0.1.0"
"ENSMUSG00000027534","Snx16","protein_coding","deposited_Ensembl_release_76","pass",2133.98596648083,-0.320576054951963,0.0939756784456733,-3.41126619412794,0.000646619303039304,0.0203822776220379,0.0928128045434427,"",TRUE,TRUE,TRUE,"down","0.1.0"
"ENSMUSG00000000555","Itga5","protein_coding","deposited_Ensembl_release_76","pass",220.207235007459,0.653836240987649,0.192115787806474,3.40334466236729,0.000665662522739649,0.0209112965335343,0.340340100010628,"",TRUE,TRUE,TRUE,"up","0.1.0"
"ENSMUSG00000022146","Osmr","protein_coding","deposited_Ensembl_release_76","pass",2402.41442060159,0.434694035982411,0.127786966356763,3.40170870610394,0.00066965974102811,0.0210012104885476,0.268640054073668,"",TRUE,TRUE,TRUE,"up","0.1.0"
"ENSMUSG00000007080","Pole","protein_coding","deposited_Ensembl_release_76","pass",132.711776122035,0.787548251536582,0.231620977326662,3.40015943558462,0.000673465718666171,0.0210848328129952,0.316617890614111,"",TRUE,TRUE,TRUE,"up","0.1.0"
"ENSMUSG00000050552","Lamtor4","protein_coding","deposited_Ensembl_release_76","pass",6440.44388961885,-0.339863615290681,0.100018792291552,-3.39799759129251,0.000678810177582203,0.0212162579658843,0.179947261313787,"",TRUE,TRUE,TRUE,"down","0.1.0"
"ENSMUSG00000042195","Slc35f2","protein_coding","deposited_Ensembl_release_76","pass",545.63382015868,0.451250980814171,0.132824159641902,3.39735618904541,0.000680403404541702,0.0212301925703796,0.351876393666057,"",TRUE,TRUE,TRUE,"up","0.1.0"
"ENSMUSG00000015484","Fam163a","protein_coding","deposited_Ensembl_release_76","pass",86.4518141183767,-0.774111772263669,0.22797779558237,-3.39555775722016,0.000684889220628106,0.0213341839213499,0.407006405280821,"",TRUE,TRUE,TRUE,"down","0.1.0"
"ENSMUSG00000022091","Sorbs3","protein_coding","deposited_Ensembl_release_76","pass",3091.89577494283,0.35236201514182,0.103884280351399,3.39187039607841,0.000694172671437222,0.0215870200665595,0.146070170488016,"",TRUE,TRUE,TRUE,"up","0.1.0"
"ENSMUSG00000035697","Arhgap45","protein_coding","deposited_Ensembl_release_76","pass",127.462070427617,-0.694467823741948,0.204884499957746,-3.38955764777311,0.000700054878465424,0.0217334151279291,0.176481549706055,"",TRUE,TRUE,TRUE,"down","0.1.0"
"ENSMUSG00000016918","Sulf1","protein_coding","deposited_Ensembl_release_76","pass",1321.73168878188,0.293879419811188,0.0867244826927286,3.3886557830783,0.000702361194223807,0.0217428568634671,0.05885919427806,"",TRUE,TRUE,TRUE,"up","0.1.0"
"ENSMUSG00000030048","Gkn3","protein_coding","deposited_Ensembl_release_76","pass",86.3398697142059,-1.07488780593192,0.317250830031006,-3.38813236777621,0.000703702946981562,0.0217428568634671,0.138974811770805,"",TRUE,TRUE,TRUE,"down","0.1.0"
"ENSMUSG00000053470","Kdm3a","protein_coding","deposited_Ensembl_release_76","pass",609.902173985249,0.424450760853478,0.125278344791512,3.38806169222501,0.000703884303151747,0.0217428568634671,0.19563088714507,"",TRUE,TRUE,TRUE,"up","0.1.0"
"ENSMUSG00000058388","Phtf1","protein_coding","deposited_Ensembl_release_76","pass",818.666963725217,-0.291376293301638,0.086114847315681,-3.38357788911251,0.000715479100112095,0.0220641829822902,0.0808373117442059,"",TRUE,TRUE,TRUE,"down","0.1.0"
"ENSMUSG00000036390","Gadd45a","protein_coding","deposited_Ensembl_release_76","pass",592.334059571096,-0.646095502473345,0.191126805012524,-3.38045467997546,0.00072366008165982,0.022279338587274,0.518755095028338,"",TRUE,TRUE,TRUE,"down","0.1.0"
"ENSMUSG00000020205","Phlda1","protein_coding","deposited_Ensembl_release_76","pass",259.940317986565,-0.683320263028193,0.202175161091433,-3.37984280234684,0.000725272989018113,0.0222919038468474,0.259025560307838,"",TRUE,TRUE,TRUE,"down","0.1.0"
"ENSMUSG00000022122","Ednrb","protein_coding","deposited_Ensembl_release_76","pass",6814.00150857826,-0.500926658927093,0.148249631874627,-3.37894032243344,0.000727658019174238,0.0223281199482271,0.417905990052548,"",TRUE,TRUE,TRUE,"down","0.1.0"
"ENSMUSG00000026344","Lypd1","protein_coding","deposited_Ensembl_release_76","pass",213.941873168632,-0.669835194781375,0.198350761767975,-3.37702355569942,0.000732747746729064,0.0224470721154435,0.177899265933537,"",TRUE,TRUE,TRUE,"down","0.1.0"
"ENSMUSG00000014856","Tmem208","protein_coding","deposited_Ensembl_release_76","pass",5231.25545555288,-0.326885349216336,0.0969105847017339,-3.37306136602525,0.000743373830774498,0.0226551008807201,0.0905390062511015,"",TRUE,TRUE,TRUE,"down","0.1.0"
"ENSMUSG00000038860","Garnl3","protein_coding","deposited_Ensembl_release_76","pass",5513.34329423205,0.353453607227189,0.104799402055618,3.37266816693866,0.000744436109575628,0.0226551008807201,0.137014553595183,"",TRUE,TRUE,TRUE,"up","0.1.0"
"ENSMUSG00000046318","Ccbe1","protein_coding","deposited_Ensembl_release_76","pass",27.0008293240564,1.49626916910929,0.443597914549462,3.37303021505178,0.00074345793783103,0.0226551008807201,0.417962926280055,"",TRUE,TRUE,TRUE,"up","0.1.0"
"ENSMUSG00000074575","Kcng1","protein_coding","deposited_Ensembl_release_76","pass",70.266983304634,-1.0737133502186,0.318459980010403,-3.37158015956517,0.000747382856066283,0.02268312228359,0.188242967006069,"",TRUE,TRUE,TRUE,"down","0.1.0"
"ENSMUSG00000082229","Nap1l2","protein_coding","deposited_Ensembl_release_76","pass",4932.0237910442,-0.264235630242867,0.0783750987010649,-3.37142325333081,0.000747808711721879,0.02268312228359,0.0835330737342645,"",TRUE,TRUE,TRUE,"down","0.1.0"
"ENSMUSG00000021728","Emb","protein_coding","deposited_Ensembl_release_76","pass",14232.8813795988,-0.210636286311278,0.0624933144399189,-3.37054112426352,0.000750207075881663,0.0227186277005539,0.0203668051833324,"",TRUE,TRUE,TRUE,"down","0.1.0"
"ENSMUSG00000019947","Arid5b","protein_coding","deposited_Ensembl_release_76","pass",950.60282341967,0.506093401382129,0.15021010125853,3.36923680326319,0.000753766402751589,0.0227891172387462,0.345972793825334,"",TRUE,TRUE,TRUE,"up","0.1.0"
"ENSMUSG00000025350","Rdh5","protein_coding","deposited_Ensembl_release_76","pass",1076.28909113757,-0.486907274506094,0.144692686744558,-3.36511323039904,0.000765122529969445,0.0230947180620304,0.286058998434261,"",TRUE,TRUE,TRUE,"down","0.1.0"
"ENSMUSG00000020803","Txndc17","protein_coding","deposited_Ensembl_release_76","pass",9474.92965709032,-0.295864483767262,0.0879428771632824,-3.36428023861369,0.000767435750375299,0.0231196474830713,0.0983865611020558,"",TRUE,TRUE,TRUE,"down","0.1.0"
"ENSMUSG00000041440","Gk5","protein_coding","deposited_Ensembl_release_76","pass",157.785488606804,0.568861520322053,0.169106900777088,3.36391665690753,0.000768447451877473,0.0231196474830713,0.241571112812538,"",TRUE,TRUE,TRUE,"up","0.1.0"
"ENSMUSG00000079481","Nhsl2","protein_coding","deposited_Ensembl_release_76","pass",277.658122384406,0.519987366140472,0.154637027044632,3.36263168064134,0.000772032953249036,0.023189814503193,0.173405077636232,"",TRUE,TRUE,TRUE,"up","0.1.0"
"ENSMUSG00000036078","Sigmar1","protein_coding","deposited_Ensembl_release_76","pass",13678.4195071013,-0.257026065251698,0.0764655335701318,-3.36133226633358,0.000775674530456692,0.0232614357164346,0.0742770373662895,"",TRUE,TRUE,TRUE,"down","0.1.0"
"ENSMUSG00000056167","Cnot10","protein_coding","deposited_Ensembl_release_76","pass",1585.31720394522,0.272721619802061,0.0811533279098628,3.36057222576225,0.000777811910307825,0.0232877892822422,0.0483470856510033,"",TRUE,TRUE,TRUE,"up","0.1.0"
"ENSMUSG00000046727","Cystm1","protein_coding","deposited_Ensembl_release_76","pass",30829.1920557108,-0.222224250980002,0.0661885991088633,-3.35744001190447,0.000786678117753692,0.023515194204841,0.0291021585557228,"",TRUE,TRUE,TRUE,"down","0.1.0"
"ENSMUSG00000002109","Ddb2","protein_coding","deposited_Ensembl_release_76","pass",262.547520650749,0.396719447904625,0.118235754022408,3.35532556276877,0.000792716326807489,0.0235700284080583,0.0256763809918123,"",TRUE,TRUE,TRUE,"up","0.1.0"
"ENSMUSG00000024378","Stard4","protein_coding","deposited_Ensembl_release_76","pass",2803.17887806849,-0.256484370849096,0.0764480638364064,-3.35501460701418,0.000793607939156912,0.0235700284080583,0.0728658163256001,"",TRUE,TRUE,TRUE,"down","0.1.0"
"ENSMUSG00000028607","Cpt2","protein_coding","deposited_Ensembl_release_76","pass",3071.81739506987,-0.221753483580905,0.0660889771955206,-3.35537774967918,0.000792566780923204,0.0235700284080583,0.0319439487594353,"",TRUE,TRUE,TRUE,"down","0.1.0"
"ENSMUSG00000074111","Mrgpra9","protein_coding","deposited_Ensembl_release_76","pass",56.0980072951847,-1.02659410327531,0.305878428675404,-3.35621608794364,0.000790168039618025,0.0235700284080583,0.276984224776162,"",TRUE,TRUE,TRUE,"down","0.1.0"
"ENSMUSG00000025372","Baiap2","protein_coding","deposited_Ensembl_release_76","pass",1971.4460333684,0.258673891037205,0.0771380747131209,3.35338796047506,0.000798287257696616,0.0236710082198085,0.0515180850768657,"",TRUE,TRUE,TRUE,"up","0.1.0"
"ENSMUSG00000022324","Matn2","protein_coding","deposited_Ensembl_release_76","pass",7930.8663299776,0.294368534076282,0.0878070535955402,3.35244746318687,0.000801004423081634,0.0237135757444472,0.0811417409182131,"",TRUE,TRUE,TRUE,"up","0.1.0"
"ENSMUSG00000034353","Ramp1","protein_coding","deposited_Ensembl_release_76","pass",171.756457393376,0.984022864789163,0.293851467236611,3.34870835950879,0.000811892078728495,0.0239975066017785,0.735416183903594,"",TRUE,TRUE,TRUE,"up","0.1.0"
"ENSMUSG00000026675","Hsd17b7","protein_coding","deposited_Ensembl_release_76","pass",3864.65379926221,-0.264347871411587,0.0790175286854329,-3.34543329574316,0.000821541175025005,0.0242439814377794,0.0720488852042134,"",TRUE,TRUE,TRUE,"down","0.1.0"
"ENSMUSG00000004939","Nmrk2","protein_coding","deposited_Ensembl_release_76","pass",28.4454455252095,-3.98017858069031,1.19384501831449,-3.33391564200658,0.000856326243699461,0.025230261922247,1.64123643669846,"",TRUE,TRUE,TRUE,"down","0.1.0"
"ENSMUSG00000028020","Glrb","protein_coding","deposited_Ensembl_release_76","pass",2924.6014821112,-0.290424308251044,0.0871711273064927,-3.33165713493546,0.000863305466234767,0.0253954547563464,0.0447039955861895,"",TRUE,TRUE,TRUE,"down","0.1.0"
"ENSMUSG00000028262","Clca3a2","protein_coding","deposited_Ensembl_release_76","pass",20.5808140161626,-1.85260616851495,0.556481647580122,-3.32914153875706,0.000871141215802149,0.0255852792317257,0.0738153506896585,"",TRUE,TRUE,TRUE,"down","0.1.0"
"ENSMUSG00000049281","Scn3b","protein_coding","deposited_Ensembl_release_76","pass",4189.19901825672,0.360946723731369,0.108462042108358,3.32786214158468,0.000875151617344895,0.025662330230955,0.117484289414779,"",TRUE,TRUE,TRUE,"up","0.1.0"
"ENSMUSG00000017002","Slpi","protein_coding","deposited_Ensembl_release_76","pass",78.4881160582645,-0.835880554993083,0.251218026196714,-3.32731121109341,0.000876883832249851,0.0256724391584161,0.175000977885157,"",TRUE,TRUE,TRUE,"down","0.1.0"
"ENSMUSG00000027394","Ttl","protein_coding","deposited_Ensembl_release_76","pass",7125.24296414836,-0.174164214053262,0.052362458186606,-3.32612753649928,0.00088061625398112,0.0257409834872238,0.00900002045812124,"",TRUE,TRUE,TRUE,"down","0.1.0"
"ENSMUSG00000033760","Rbm4b","protein_coding","deposited_Ensembl_release_76","pass",2067.12284906156,0.190975803032547,0.0574367230203758,3.32497734880867,0.000884257187444264,0.0258066415446076,0.00790596339073701,"",TRUE,TRUE,TRUE,"up","0.1.0"
"ENSMUSG00000004207","Psap","protein_coding","deposited_Ensembl_release_76","pass",99550.0704545801,0.273917334089959,0.0824283780163111,3.32309503937777,0.000890245780747653,0.0259405002853131,0.0757813908458955,"",TRUE,TRUE,TRUE,"up","0.1.0"
"ENSMUSG00000022389","Tef","protein_coding","deposited_Ensembl_release_76","pass",2500.92234989844,0.29301961852947,0.0882339201154914,3.32094072377074,0.000897145892128747,0.0261004566699028,0.0501417420028874,"",TRUE,TRUE,TRUE,"up","0.1.0"
"ENSMUSG00000027797","Dclk1","protein_coding","deposited_Ensembl_release_76","pass",4817.57464796708,-0.267056522255854,0.0804793881013516,-3.31832197729358,0.000905600286897964,0.0263050582550597,0.114880908519224,"",TRUE,TRUE,TRUE,"down","0.1.0"
"ENSMUSG00000041577","Prelp","protein_coding","deposited_Ensembl_release_76","pass",1514.68223541967,0.508126334926469,0.153202324763542,3.31670120352761,0.000910869742805097,0.0264166502368694,0.237532282325277,"",TRUE,TRUE,TRUE,"up","0.1.0"
"ENSMUSG00000062168","Ppef1","protein_coding","deposited_Ensembl_release_76","pass",4813.40299269141,-0.21018602284307,0.063419921220403,-3.31419558394926,0.00091907195218893,0.0266128142900654,0.0252678240492244,"",TRUE,TRUE,TRUE,"down","0.1.0"
"ENSMUSG00000035948","Acss3","protein_coding","deposited_Ensembl_release_76","pass",58.4041658089667,0.904271868402783,0.272892462854102,3.31365644527251,0.000920845760416214,0.0266225142265331,0.168412228371116,"",TRUE,TRUE,TRUE,"up","0.1.0"
"ENSMUSG00000021250","Fos","protein_coding","deposited_Ensembl_release_76","pass",1065.75603459695,-1.33556328264306,0.403345797591564,-3.31121159714046,0.000928929380843348,0.0267331254950198,0.37173652433537,"",TRUE,TRUE,TRUE,"down","0.1.0"
"ENSMUSG00000028636","Ppcs","protein_coding","deposited_Ensembl_release_76","pass",2348.11782664335,-0.232106960832723,0.0700977795269818,-3.31118849126143,0.00092900609054195,0.0267331254950198,0.0297436947801003,"",TRUE,TRUE,TRUE,"down","0.1.0"
"ENSMUSG00000031099","Smarca1","protein_coding","deposited_Ensembl_release_76","pass",1488.13382786855,0.340677415772473,0.102863828396964,3.31192627264227,0.000926559610496822,0.0267331254950198,0.109319367023854,"",TRUE,TRUE,TRUE,"up","0.1.0"
"ENSMUSG00000021037","Ahsa1","protein_coding","deposited_Ensembl_release_76","pass",12020.2619850959,-0.277326359134294,0.0838136798932395,-3.30884360986831,0.000936821504262967,0.0267955972505065,0.0877914033432992,"",TRUE,TRUE,TRUE,"down","0.1.0"
"ENSMUSG00000024413","Npc1","protein_coding","deposited_Ensembl_release_76","pass",1628.54234275998,0.285554577814322,0.0862864900863611,3.30937760393916,0.000935036381840622,0.0267955972505065,0.133594424392249,"",TRUE,TRUE,TRUE,"up","0.1.0"
"ENSMUSG00000056999","Ide","protein_coding","deposited_Ensembl_release_76","pass",2495.2108043337,-0.315243750805294,0.0952743644442919,-3.30879930445111,0.000936969757394894,0.0267955972505065,0.0749719621054108,"",TRUE,TRUE,TRUE,"down","0.1.0"
"ENSMUSG00000073838","Tufm","protein_coding","deposited_Ensembl_release_76","pass",4912.68247392687,-0.290520136866359,0.0878008075536992,-3.30885495203078,0.000936783555036586,0.0267955972505065,0.0591356537292133,"",TRUE,TRUE,TRUE,"down","0.1.0"
"ENSMUSG00000001768","Rin2","protein_coding","deposited_Ensembl_release_76","pass",990.600573290028,0.305434648010258,0.0923852838899924,3.30609632995179,0.000946055571006311,0.0270136824542126,0.0718475138026657,"",TRUE,TRUE,TRUE,"up","0.1.0"
"ENSMUSG00000040943","Tet2","protein_coding","deposited_Ensembl_release_76","pass",720.913363157761,0.42699456834106,0.129183936927416,3.30532246111198,0.000948671852396447,0.0270466491292627,0.32993962916984,"",TRUE,TRUE,TRUE,"up","0.1.0"
"ENSMUSG00000008450","Nutf2","protein_coding","deposited_Ensembl_release_76","pass",7552.88746376212,-0.248114131788847,0.0751070368787272,-3.30347384346247,0.000954948775492792,0.027183718758374,0.0644029603847762,"",TRUE,TRUE,TRUE,"down","0.1.0"
"ENSMUSG00000034320","Slc26a2","protein_coding","deposited_Ensembl_release_76","pass",343.561403008361,0.555117424558592,0.168120008189733,3.30191171494657,0.000960282898366128,0.027251709307467,0.365720824275625,"",TRUE,TRUE,TRUE,"up","0.1.0"
"ENSMUSG00000045140","Pigw","protein_coding","deposited_Ensembl_release_76","pass",80.3126738221329,-0.784491096518807,0.237565362958897,-3.30221159662294,0.000959256771818478,0.027251709307467,0.351096328591089,"",TRUE,TRUE,TRUE,"down","0.1.0"
"ENSMUSG00000032594","Ip6k1","protein_coding","deposited_Ensembl_release_76","pass",6813.5672007357,0.269498919146115,0.0817458095126178,3.29679185701277,0.000977959473266436,0.027710848597012,0.0622564876731373,"",TRUE,TRUE,TRUE,"up","0.1.0"
"ENSMUSG00000031486","Adgra2","protein_coding","deposited_Ensembl_release_76","pass",187.969114067517,0.467561148470387,0.141841885764832,3.29635457079007,0.000979483108683832,0.027711584036662,0.0794880996872956,"",TRUE,TRUE,TRUE,"up","0.1.0"
"ENSMUSG00000068749","Psma5","protein_coding","deposited_Ensembl_release_76","pass",15502.2902740966,-0.270498299139914,0.0820948574206393,-3.29494815678807,0.000984398389994377,0.0277657369055884,0.103215982949202,"",TRUE,TRUE,TRUE,"down","0.1.0"
"ENSMUSG00000072949","Acot1","protein_coding","deposited_Ensembl_release_76","pass",67.4774749684558,0.832792780129725,0.252724951890829,3.29525349158825,0.000983329337384491,0.0277657369055884,0.33851162517377,"",TRUE,TRUE,TRUE,"up","0.1.0"
"ENSMUSG00000024292","Cyp4f14","protein_coding","deposited_Ensembl_release_76","pass",199.790715643981,-0.787040572760252,0.238960003346414,-3.29360797513591,0.000989103437368127,0.0278559831074923,1.63643079451178,"",TRUE,TRUE,TRUE,"down","0.1.0"
"ENSMUSG00000019970","Sgk1","protein_coding","deposited_Ensembl_release_76","pass",4940.48015067166,0.857880146477332,0.260530886553331,3.29281551921378,0.000991895341882365,0.0278921573113213,0.420396569284699,"",TRUE,TRUE,TRUE,"up","0.1.0"
"ENSMUSG00000022111","Uchl3","protein_coding","deposited_Ensembl_release_76","pass",2011.91110436988,-0.325141332072376,0.0988300761817994,-3.28990267572266,0.00100222041062952,0.0280970973604211,0.175618708792183,"",TRUE,TRUE,TRUE,"down","0.1.0"
"ENSMUSG00000040138","Ndp","protein_coding","deposited_Ensembl_release_76","pass",2029.71700137104,-0.237234003734881,0.072109366434861,-3.28991940248404,0.00100216083679147,0.0280970973604211,0.0290089574307147,"",TRUE,TRUE,TRUE,"down","0.1.0"
"ENSMUSG00000024261","Syt4","protein_coding","deposited_Ensembl_release_76","pass",23305.7995030952,-0.194941132464164,0.0593442171117961,-3.28492213650612,0.00102010558389282,0.0285552399678802,0.0241659635438576,"",TRUE,TRUE,TRUE,"down","0.1.0"
"ENSMUSG00000021125","Arg2","protein_coding","deposited_Ensembl_release_76","pass",340.473661374606,-0.453337683388362,0.138028993574452,-3.28436563687495,0.00102212222346989,0.0285684705451109,0.311111592745983,"",TRUE,TRUE,TRUE,"down","0.1.0"
"ENSMUSG00000003444","Med29","protein_coding","deposited_Ensembl_release_76","pass",2013.16528156197,-0.29861511199458,0.0909532661493843,-3.28317084846768,0.00102646436070381,0.0285875702594671,0.064551720817427,"",TRUE,TRUE,TRUE,"down","0.1.0"
"ENSMUSG00000004110","Cacna1e","protein_coding","deposited_Ensembl_release_76","pass",333.141186083208,0.416052192192325,0.126717317888358,3.28330964642796,0.00102595906185931,0.0285875702594671,0.137411110919786,"",TRUE,TRUE,TRUE,"up","0.1.0"
"ENSMUSG00000021277","Traf3","protein_coding","deposited_Ensembl_release_76","pass",575.821370859595,-0.366139825585448,0.111529290231234,-3.28290285741377,0.00102744064327653,0.0285875702594671,0.0836165187940171,"",TRUE,TRUE,TRUE,"down","0.1.0"
"ENSMUSG00000044783","Hjurp","protein_coding","deposited_Ensembl_release_76","pass",3583.37834835112,0.305248316159885,0.093045701106674,3.2806278262112,0.00103576318681328,0.0287758652336427,0.115166522504588,"",TRUE,TRUE,TRUE,"up","0.1.0"
"ENSMUSG00000056900","Usp13","protein_coding","deposited_Ensembl_release_76","pass",2238.94821068498,-0.313744392647317,0.0956588647315486,-3.27982559199077,0.00103871277595947,0.0288145464671334,0.118646217689827,"",TRUE,TRUE,TRUE,"down","0.1.0"
"ENSMUSG00000049115","Agtr1a","protein_coding","deposited_Ensembl_release_76","pass",1953.39337228399,0.526326698195237,0.160542652279768,3.27842284104063,0.00104388898107835,0.0289147871510369,0.222961052016382,"",TRUE,TRUE,TRUE,"up","0.1.0"
"ENSMUSG00000002107","Celf2","protein_coding","deposited_Ensembl_release_76","pass",3716.36114810266,0.229549975797481,0.0700350862641246,3.27764250809623,0.00104677876134593,0.028951490913578,0.0352660087358232,"",TRUE,TRUE,TRUE,"up","0.1.0"
"ENSMUSG00000024053","Emilin2","protein_coding","deposited_Ensembl_release_76","pass",53.2704887521856,0.970230677991983,0.296127766248501,3.27639211372633,0.00105142474134913,0.0290365850584819,0.282136198971879,"",TRUE,TRUE,TRUE,"up","0.1.0"
"ENSMUSG00000031666","Rbl2","protein_coding","deposited_Ensembl_release_76","pass",854.391491061619,0.276264091655883,0.0843401192607895,3.2755952217905,0.0010543956288505,0.029075234456961,0.0556602444708015,"",TRUE,TRUE,TRUE,"up","0.1.0"
"ENSMUSG00000059743","Fdps","protein_coding","deposited_Ensembl_release_76","pass",32166.2160798388,-0.266271327053833,0.081310159545402,-3.27476084836793,0.00105751457259106,0.029117845441447,0.0610840260506124,"",TRUE,TRUE,TRUE,"down","0.1.0"
"ENSMUSG00000020614","Fam20a","protein_coding","deposited_Ensembl_release_76","pass",393.66565095979,0.406421576898644,0.124173453971488,3.27301499555586,0.00106406832158617,0.029254763973713,0.0905372478564476,"",TRUE,TRUE,TRUE,"up","0.1.0"
"ENSMUSG00000041417","Pik3r1","protein_coding","deposited_Ensembl_release_76","pass",7222.7245555176,0.242623143196182,0.0741783974075047,3.27080594453009,0.00107241471785344,0.029440488908668,0.0597087438116438,"",TRUE,TRUE,TRUE,"up","0.1.0"
"ENSMUSG00000070604","Vsig10l","protein_coding","deposited_Ensembl_release_76","pass",342.932099203458,0.494721525696085,0.151419885421239,3.26721635219712,0.00108610643171895,0.0297721886016233,0.253459780001253,"",TRUE,TRUE,TRUE,"up","0.1.0"
"ENSMUSG00000030096","Slc6a6","protein_coding","deposited_Ensembl_release_76","pass",1568.25850335604,0.409953608383227,0.12566143559364,3.26236610656686,0.00110486352252623,0.0300614465107574,0.143813794038316,"",TRUE,TRUE,TRUE,"up","0.1.0"
"ENSMUSG00000032281","Acsbg1","protein_coding","deposited_Ensembl_release_76","pass",8659.04052637475,-0.257334568653153,0.0788993629318027,-3.26155445482598,0.00110803148248049,0.0300614465107574,0.0453129745092233,"",TRUE,TRUE,TRUE,"down","0.1.0"
"ENSMUSG00000036353","P2ry12","protein_coding","deposited_Ensembl_release_76","pass",289.842967165302,-0.41106877354285,0.126010352322566,-3.2621825585455,0.00110557919552676,0.0300614465107574,0.103117390050343,"",TRUE,TRUE,TRUE,"down","0.1.0"
"ENSMUSG00000038534","Osbpl7","protein_coding","deposited_Ensembl_release_76","pass",1595.49901894212,0.280997240034467,0.0861234820669184,3.26272502331165,0.00110346530620172,0.0300614465107574,0.050122717695859,"",TRUE,TRUE,TRUE,"up","0.1.0"
"ENSMUSG00000048355","Arxes1","protein_coding","deposited_Ensembl_release_76","pass",854.02719122325,-0.48483611825086,0.148639066656436,-3.26183505559483,0.00110693532019468,0.0300614465107574,0.659971198689181,"",TRUE,TRUE,TRUE,"down","0.1.0"
"ENSMUSG00000066705","Fxyd6","protein_coding","deposited_Ensembl_release_76","pass",15525.382923192,0.287456793369071,0.0881167768059653,3.2622254670306,0.00110541185245775,0.0300614465107574,0.147320163359402,"",TRUE,TRUE,TRUE,"up","0.1.0"
"ENSMUSG00000029752","Asns","protein_coding","deposited_Ensembl_release_76","pass",22687.6701346098,-0.175871000694527,0.0539513057098537,-3.25980990414485,0.00111486909102945,0.0301585128528039,0.0111847987448745,"",TRUE,TRUE,TRUE,"down","0.1.0"
"ENSMUSG00000059772","Slx1b","protein_coding","deposited_Ensembl_release_76","pass",1327.69185611845,0.344786730418568,0.105756080973789,3.26020714122358,0.00111330873471048,0.0301585128528039,0.104075307971112,"",TRUE,TRUE,TRUE,"up","0.1.0"
"ENSMUSG00000095362","Gm14325","protein_coding","deposited_Ensembl_release_76","pass",838.266499496589,-0.385804037787634,0.118435920191516,-3.25749179103581,0.00112401509396722,0.0303615347206942,0.111106117358449,"",TRUE,TRUE,TRUE,"down","0.1.0"
"ENSMUSG00000026020","Nop58","protein_coding","deposited_Ensembl_release_76","pass",2130.17079477489,-0.252291253729805,0.0774816039641266,-3.25614392090559,0.00112936489326277,0.0304172323435823,0.0401204249902488,"",TRUE,TRUE,TRUE,"down","0.1.0"
"ENSMUSG00000027133","Nop10","protein_coding","deposited_Ensembl_release_76","pass",9981.21422455729,-0.285319275248856,0.0876232039567133,-3.25620683066789,0.00112911467683756,0.0304172323435823,0.109190067743567,"",TRUE,TRUE,TRUE,"down","0.1.0"
"ENSMUSG00000063011","Msln","protein_coding","deposited_Ensembl_release_76","pass",295.068187746482,1.47874097356762,0.454250251455219,3.25534431479209,0.00113254970529573,0.0304586732515798,0.166415146369565,"",TRUE,TRUE,TRUE,"up","0.1.0"
"ENSMUSG00000022773","Ypel1","protein_coding","deposited_Ensembl_release_76","pass",218.207122973036,0.471167629814547,0.144800823860801,3.25390158185485,0.00113831708975841,0.0305250450895651,0.107991748923935,"",TRUE,TRUE,TRUE,"up","0.1.0"
"ENSMUSG00000028060","Khdc4","protein_coding","deposited_Ensembl_release_76","pass",801.460330313002,0.343598928638704,0.105595176822413,3.25392635325153,0.00113821783642548,0.0305250450895651,0.138566790532878,"",TRUE,TRUE,TRUE,"up","0.1.0"
"ENSMUSG00000090667","Gm765","protein_coding","deposited_Ensembl_release_76","pass",5903.17962706783,-0.310998319629722,0.0956127333137146,-3.25268726090391,0.00114319241711145,0.0306114172124649,0.103931164062401,"",TRUE,TRUE,TRUE,"down","0.1.0"
"ENSMUSG00000033633","Clec18a","protein_coding","deposited_Ensembl_release_76","pass",360.728032020279,-0.505419102165794,0.155453959032969,-3.25124625522471,0.00114900289090326,0.0307225440612471,0.293885486022787,"",TRUE,TRUE,TRUE,"down","0.1.0"
"ENSMUSG00000001128","Cfp","protein_coding","deposited_Ensembl_release_76","pass",279.854260211344,0.748114121110493,0.230282146875756,3.24868484708944,0.00115939852228657,0.0309111683830956,0.3390453275581,"",TRUE,TRUE,TRUE,"up","0.1.0"
"ENSMUSG00000038583","Pln","protein_coding","deposited_Ensembl_release_76","pass",316.303115569469,0.421284349236209,0.129669256422406,3.24891466843805,0.00115846224069563,0.0309111683830956,0.167624234892035,"",TRUE,TRUE,TRUE,"up","0.1.0"
"ENSMUSG00000029919","Hpgds","protein_coding","deposited_Ensembl_release_76","pass",65.661374225067,-1.10584775318229,0.340677174725906,-3.24602830838903,0.00117027201967925,0.0311561772375902,0.353537335268323,"",TRUE,TRUE,TRUE,"down","0.1.0"
"ENSMUSG00000006800","Sulf2","protein_coding","deposited_Ensembl_release_76","pass",1701.5711855581,0.246228711275124,0.0759083535807427,3.24376303344815,0.00117961839072505,0.0313598837407839,0.0206288929289483,"",TRUE,TRUE,TRUE,"up","0.1.0"
"ENSMUSG00000028755","Cda","protein_coding","deposited_Ensembl_release_76","pass",5796.41363979057,-0.31150111555986,0.0960585012710358,-3.24282714635467,0.00118349989321064,0.031414604341188,0.183526807524341,"",TRUE,TRUE,TRUE,"down","0.1.0"
"ENSMUSG00000075705","Msrb1","protein_coding","deposited_Ensembl_release_76","pass",2690.62064403238,-0.272339601886785,0.0839919511191402,-3.24244880917791,0.00118507235746361,0.031414604341188,0.104599502527727,"",TRUE,TRUE,TRUE,"down","0.1.0"
"ENSMUSG00000028974","Dffa","protein_coding","deposited_Ensembl_release_76","pass",14221.8861146297,-0.213837644862263,0.0659602054455086,-3.24191902402305,0.00118727752181132,0.0314280343148423,0.0520990875189693,"",TRUE,TRUE,TRUE,"down","0.1.0"
"ENSMUSG00000027843","Ptpn22","protein_coding","deposited_Ensembl_release_76","pass",49.8592012677373,-1.03279014189782,0.318831016163015,-3.23930260715214,0.00119822373077203,0.0316724767006783,0.19575744619396,"",TRUE,TRUE,TRUE,"down","0.1.0"
"ENSMUSG00000035877","Zhx3","protein_coding","deposited_Ensembl_release_76","pass",2441.76306558374,0.31742838352301,0.0980579337189809,3.23715146224385,0.00120729315523516,0.0318666836680686,0.16328011033213,"",TRUE,TRUE,TRUE,"up","0.1.0"
"ENSMUSG00000002699","Lcp2","protein_coding","deposited_Ensembl_release_76","pass",243.738625518639,-0.665690062030203,0.205830713524559,-3.23416292268149,0.00121999838300434,0.0319615045352902,0.261667511748081,"",TRUE,TRUE,TRUE,"down","0.1.0"
"ENSMUSG00000020105","Lrig3","protein_coding","deposited_Ensembl_release_76","pass",73.0287181753666,0.83649713616596,0.258715408792773,3.23327141614508,0.00122381230617848,0.0319615045352902,0.388673380966014,"",TRUE,TRUE,TRUE,"up","0.1.0"
"ENSMUSG00000025352","Gdf11","protein_coding","deposited_Ensembl_release_76","pass",1369.77332189536,-0.253275369620469,0.0783276961123329,-3.23353529072574,0.00122268228771857,0.0319615045352902,0.0402073699327008,"",TRUE,TRUE,TRUE,"down","0.1.0"
"ENSMUSG00000028108","Ecm1","protein_coding","deposited_Ensembl_release_76","pass",2101.80219214825,0.436640495389369,0.134956070054595,3.23542687048259,0.00121460994502536,0.0319615045352902,0.170345170752944,"",TRUE,TRUE,TRUE,"up","0.1.0"
"ENSMUSG00000031563","Wwc2","protein_coding","deposited_Ensembl_release_76","pass",528.342973650835,0.387737010632131,0.119928681061246,3.23306324393011,0.00122470446497977,0.0319615045352902,0.262717885284315,"",TRUE,TRUE,TRUE,"up","0.1.0"
"ENSMUSG00000041653","Pnpla3","protein_coding","deposited_Ensembl_release_76","pass",2560.82030317947,0.403463769216704,0.124718758836952,3.23498864949547,0.00121647566573494,0.0319615045352902,0.198398508738346,"",TRUE,TRUE,TRUE,"up","0.1.0"
"ENSMUSG00000046818","Ddit4l","protein_coding","deposited_Ensembl_release_76","pass",326.473712039606,0.431032720911214,0.133213038405046,3.23566466219786,0.00121359865617058,0.0319615045352902,0.198530088914089,"",TRUE,TRUE,TRUE,"up","0.1.0"
"ENSMUSG00000060152","Pop5","protein_coding","deposited_Ensembl_release_76","pass",4749.34785590876,-0.305237680071651,0.094389089319758,-3.23382376365143,0.00122144803182357,0.0319615045352902,0.0885149244982795,"",TRUE,TRUE,TRUE,"down","0.1.0"
"ENSMUSG00000051648","Kctd19","protein_coding","deposited_Ensembl_release_76","pass",171.257147216573,0.676554352612408,0.20928733370897,3.23265789965678,0.00122644336325468,0.0319618050004244,0.180717359545829,"",TRUE,TRUE,TRUE,"up","0.1.0"
"ENSMUSG00000022332","Khdrbs3","protein_coding","deposited_Ensembl_release_76","pass",744.125592345571,-0.310268593307512,0.096000689214565,-3.23194131048424,0.00122952306013387,0.0319969974425556,0.113654868542905,"",TRUE,TRUE,TRUE,"down","0.1.0"
"ENSMUSG00000025017","Pik3ap1","protein_coding","deposited_Ensembl_release_76","pass",48.7214255588221,-1.57500909582372,0.487511054425882,-3.23071463000677,0.00123481156734277,0.032049926170303,1.36892530636001,"",TRUE,TRUE,TRUE,"down","0.1.0"
"ENSMUSG00000059173","Pde1a","protein_coding","deposited_Ensembl_release_76","pass",662.478348273175,0.484200619700636,0.149876404461895,3.23066610410808,0.00123502120517895,0.032049926170303,0.425236559619758,"",TRUE,TRUE,TRUE,"up","0.1.0"
"ENSMUSG00000025321","Itgb8","protein_coding","deposited_Ensembl_release_76","pass",1155.02315741215,-0.459556647889173,0.142287466600213,-3.22977602222967,0.00123887230338913,0.0321048378565954,0.33009700682631,"",TRUE,TRUE,TRUE,"down","0.1.0"
"ENSMUSG00000024300","Myo1f","protein_coding","deposited_Ensembl_release_76","pass",99.8290482570545,-0.975201932379963,0.302340525531342,-3.22550849134801,0.00125749105484975,0.0325417580250138,1.07942789773065,"",TRUE,TRUE,TRUE,"down","0.1.0"
"ENSMUSG00000023017","Asic1","protein_coding","deposited_Ensembl_release_76","pass",2747.47696679815,-0.355750386080487,0.110331124842215,-3.2243882819943,0.00126242103006293,0.0326237099430927,0.137327072083269,"",TRUE,TRUE,TRUE,"down","0.1.0"
"ENSMUSG00000006360","Crip1","protein_coding","deposited_Ensembl_release_76","pass",4384.80689486907,0.330539801992943,0.102577075776431,3.22235547748858,0.00127141288153379,0.0327645578649299,0.131811662682464,"",TRUE,TRUE,TRUE,"up","0.1.0"
"ENSMUSG00000042961","Egflam","protein_coding","deposited_Ensembl_release_76","pass",533.481606385569,-0.438642819568436,0.136111483168872,-3.22267313055592,0.00127000389697903,0.0327645578649299,0.145184621371073,"",TRUE,TRUE,TRUE,"down","0.1.0"
"ENSMUSG00000018909","Arrb1","protein_coding","deposited_Ensembl_release_76","pass",6379.23048956042,-0.277639130886399,0.0861850422482451,-3.22143058289274,0.00127552357365351,0.0327791842823763,0.121478515712041,"",TRUE,TRUE,TRUE,"down","0.1.0"
"ENSMUSG00000038555","Reep2","protein_coding","deposited_Ensembl_release_76","pass",21209.2734011397,-0.256335251842103,0.079565031823037,-3.22170740045986,0.00127429197384694,0.0327791842823763,0.0885796273355723,"",TRUE,TRUE,TRUE,"down","0.1.0"
"ENSMUSG00000024677","Ms4a6b","protein_coding","deposited_Ensembl_release_76","pass",104.429865421545,0.644100939787233,0.200100443337017,3.21888811961508,0.00128688684942152,0.0330020618756434,0.16172525837552,"",TRUE,TRUE,TRUE,"up","0.1.0"
"ENSMUSG00000069844","Sco1","protein_coding","deposited_Ensembl_release_76","pass",620.029569669589,-0.323640819832476,0.100550390187572,-3.21869282882682,0.00128776353424928,0.0330020618756434,0.111198675047041,"",TRUE,TRUE,TRUE,"down","0.1.0"
"ENSMUSG00000039313","Minar1","protein_coding","deposited_Ensembl_release_76","pass",832.426175422852,0.440915427531755,0.137036073639075,3.21751357743244,0.00129306906694582,0.033092194945641,0.28431440244308,"",TRUE,TRUE,TRUE,"up","0.1.0"
"ENSMUSG00000034880","Mrpl34","protein_coding","deposited_Ensembl_release_76","pass",2466.16277870194,-0.277590435895011,0.0862881975240374,-3.21701511748095,0.00129531773272118,0.0331039558129005,0.0777575829716851,"",TRUE,TRUE,TRUE,"down","0.1.0"
"ENSMUSG00000041773","Enc1","protein_coding","deposited_Ensembl_release_76","pass",588.52959491244,0.431947457270913,0.13428723966362,3.21659346303426,0.00129722272875691,0.0331069133106056,0.322567557825813,"",TRUE,TRUE,TRUE,"up","0.1.0"
"ENSMUSG00000059970","Hspa2","protein_coding","deposited_Ensembl_release_76","pass",3742.21824406678,0.214540429028018,0.0667313612888882,3.21498655031547,0.00130450634168181,0.0332469433059761,0.0264963786542033,"",TRUE,TRUE,TRUE,"up","0.1.0"
"ENSMUSG00000078451","Ppil6","protein_coding","deposited_Ensembl_release_76","pass",70.2508993067974,0.81793607418177,0.254475599919188,3.21420236141113,0.00130807450172697,0.0332920254545449,0.84648563293527,"",TRUE,TRUE,TRUE,"up","0.1.0"
"ENSMUSG00000020150","Gamt","protein_coding","deposited_Ensembl_release_76","pass",2781.66058622357,-0.375165678359046,0.116748164266826,-3.21346104853188,0.00131145584998344,0.0333322357036313,0.18800943426877,"",TRUE,TRUE,TRUE,"down","0.1.0"
"ENSMUSG00000021253","Tgfb3","protein_coding","deposited_Ensembl_release_76","pass",1605.97239295424,-0.245706864695702,0.0764730991804118,-3.2129842693578,0.00131363484167712,0.0333418182106334,0.0387445326680813,"",TRUE,TRUE,TRUE,"down","0.1.0"
"ENSMUSG00000054717","Hmgb2","protein_coding","deposited_Ensembl_release_76","pass",693.922485675699,0.530767802723338,0.165272765260049,3.21146561496809,0.00132059773402416,0.033472629962533,0.191091004565359,"",TRUE,TRUE,TRUE,"up","0.1.0"
"ENSMUSG00000024974","Smc3","protein_coding","deposited_Ensembl_release_76","pass",2255.44506160719,0.202058466844551,0.0629390026944964,3.21038558277345,0.00132557028820921,0.0335527045728249,0.0150919290969076,"",TRUE,TRUE,TRUE,"up","0.1.0"
"ENSMUSG00000039967","Zfp292","protein_coding","deposited_Ensembl_release_76","pass",700.298382041323,0.364784573331423,0.113730120484306,3.20745789926216,0.00133913659635159,0.0337575537360945,0.154816486248042,"",TRUE,TRUE,TRUE,"up","0.1.0"
"ENSMUSG00000066892","Fbxl12","protein_coding","deposited_Ensembl_release_76","pass",420.935516223838,0.405468722669668,0.126407172087609,3.20764016766904,0.00133828827552123,0.0337575537360945,0.145558978531835,"",TRUE,TRUE,TRUE,"up","0.1.0"
"ENSMUSG00000074170","Plekhf1","protein_coding","deposited_Ensembl_release_76","pass",520.363096492068,0.591608662056515,0.184407979304235,3.20815110218459,0.00133591290608258,0.0337575537360945,0.538467038447573,"",TRUE,TRUE,TRUE,"up","0.1.0"
"ENSMUSG00000027195","Hsd17b12","protein_coding","deposited_Ensembl_release_76","pass",9999.96814689141,-0.191247604690129,0.0596703653049466,-3.20506844080398,0.00135030368713474,0.0339927471061959,0.0272313747151489,"",TRUE,TRUE,TRUE,"down","0.1.0"
"ENSMUSG00000028444","Cntfr","protein_coding","deposited_Ensembl_release_76","pass",673.040253844886,-0.42951679632835,0.134122032614934,-3.20243279910242,0.00136272090780193,0.0341709882683907,0.352279271336702,"",TRUE,TRUE,TRUE,"down","0.1.0"
"ENSMUSG00000032023","Jhy","protein_coding","deposited_Ensembl_release_76","pass",1701.10025555269,0.41021425706028,0.128067498038718,3.20310979243354,0.00135952139592443,0.0341709882683907,0.315520887274137,"",TRUE,TRUE,TRUE,"up","0.1.0"
"ENSMUSG00000041679","Lrrc29","protein_coding","deposited_Ensembl_release_76","pass",401.470078849232,0.745721101987104,0.232870404824044,3.20230087868215,0.001363345179765,0.0341709882683907,0.1496447063528,"",TRUE,TRUE,TRUE,"up","0.1.0"
"ENSMUSG00000078958","Atp6ap1l","protein_coding","deposited_Ensembl_release_76","pass",388.624782258016,-0.492447726414419,0.153793805096555,-3.20199975613615,0.00136477113605041,0.0341709882683907,0.345107352130838,"",TRUE,TRUE,TRUE,"down","0.1.0"
"ENSMUSG00000024065","Ehd3","protein_coding","deposited_Ensembl_release_76","pass",16882.3528094256,-0.193501917324472,0.0604789939868341,-3.1994896834196,0.00137671114307312,0.0344233598382189,0.0291587565779956,"",TRUE,TRUE,TRUE,"down","0.1.0"
"ENSMUSG00000072774","Zfp951","protein_coding","deposited_Ensembl_release_76","pass",147.825617146186,0.630335342339241,0.197148816376358,3.19725653912082,0.00138741475402318,0.0346441770495153,0.262811298094386,"",TRUE,TRUE,TRUE,"up","0.1.0"
"ENSMUSG00000042817","Flt3","protein_coding","deposited_Ensembl_release_76","pass",842.185679186601,-0.316084759129673,0.0988774304089906,-3.19673314549376,0.00138993449108548,0.0346603206045211,0.162783042583852,"",TRUE,TRUE,TRUE,"down","0.1.0"
"ENSMUSG00000028125","Abca4","protein_coding","deposited_Ensembl_release_76","pass",41.2818372286335,0.948338492122808,0.296866053486269,3.1944996101303,0.00140073474364465,0.0347912561268868,0.165485256754296,"",TRUE,TRUE,TRUE,"up","0.1.0"
"ENSMUSG00000028413","B4galt1","protein_coding","deposited_Ensembl_release_76","pass",2365.56892365034,0.288929783439438,0.0904453376190443,3.19452379796967,0.00140061737011459,0.0347912561268868,0.100737577895218,"",TRUE,TRUE,TRUE,"up","0.1.0"
"ENSMUSG00000038506","Dcun1d2","protein_coding","deposited_Ensembl_release_76","pass",3319.21630070991,-0.276082545631964,0.0864248573315088,-3.19448077967853,0.00140082612627848,0.0347912561268868,0.11499671491229,"",TRUE,TRUE,TRUE,"down","0.1.0"
"ENSMUSG00000024681","Ms4a3","protein_coding","deposited_Ensembl_release_76","pass",792.929896470287,-0.571779137534821,0.179127070314039,-3.19203086687232,0.00141276234400585,0.0350406724546117,1.19450705224528,"",TRUE,TRUE,TRUE,"down","0.1.0"
"ENSMUSG00000031328","Flna","protein_coding","deposited_Ensembl_release_76","pass",2433.63334109891,0.300401584216318,0.0941260461611391,3.19148202296786,0.00141544919059662,0.0350603164305345,0.0753256604901257,"",TRUE,TRUE,TRUE,"up","0.1.0"
"ENSMUSG00000028385","Snx30","protein_coding","deposited_Ensembl_release_76","pass",185.752967771972,0.531137536682584,0.16646843889782,3.19062003704257,0.00141967852460635,0.035109442057419,0.265570286888922,"",TRUE,TRUE,TRUE,"up","0.1.0"
"ENSMUSG00000028391","Wdr31","protein_coding","deposited_Ensembl_release_76","pass",362.970441923933,0.448790504612617,0.140690235111536,3.18991935905733,0.00142312498206044,0.035109442057419,0.181060990251726,"",TRUE,TRUE,TRUE,"up","0.1.0"
"ENSMUSG00000037161","Mgarp","protein_coding","deposited_Ensembl_release_76","pass",110.152496085417,0.936763454068766,0.293645547755817,3.19011631958315,0.00142215540460303,0.035109442057419,0.829209658616571,"",TRUE,TRUE,TRUE,"up","0.1.0"
"ENSMUSG00000031775","Pllp","protein_coding","deposited_Ensembl_release_76","pass",6537.80809490844,0.389184591157216,0.122048784185828,3.1887625407612,0.00142883196201338,0.035203299325078,0.209139520897077,"",TRUE,TRUE,TRUE,"up","0.1.0"
"ENSMUSG00000025870","Arl10","protein_coding","deposited_Ensembl_release_76","pass",255.085544902964,0.473142305853943,0.148762716465624,3.18051671208409,0.00147012659370786,0.036076594646388,0.211975441660786,"",TRUE,TRUE,TRUE,"up","0.1.0"
"ENSMUSG00000048100","Taf13","protein_coding","deposited_Ensembl_release_76","pass",3575.53961609415,-0.280537318425318,0.0881977034001643,-3.18077804307992,0.00146880116283961,0.036076594646388,0.0750585590498085,"",TRUE,TRUE,TRUE,"down","0.1.0"
"ENSMUSG00000020689","Itgb3","protein_coding","deposited_Ensembl_release_76","pass",434.075639794059,-0.672154084479258,0.211462732892692,-3.17859357667692,0.00147991439408516,0.0362686834884208,0.276944091199013,"",TRUE,TRUE,TRUE,"down","0.1.0"
"ENSMUSG00000006517","Mvd","protein_coding","deposited_Ensembl_release_76","pass",5658.73446915853,-0.415027809229515,0.130691465134716,-3.17563054941427,0.0014951123082443,0.0365443369081167,0.349720805699229,"",TRUE,TRUE,TRUE,"down","0.1.0"
"ENSMUSG00000032469","Dbr1","protein_coding","deposited_Ensembl_release_76","pass",488.042154154514,0.345144886032418,0.108673211899135,3.17598863602894,0.00149326800730895,0.0365443369081167,0.102907725412591,"",TRUE,TRUE,TRUE,"up","0.1.0"
"ENSMUSG00000021815","Mss51","protein_coding","deposited_Ensembl_release_76","pass",60.4408315610969,-1.47680156215086,0.465365197926997,-3.1734250191664,0.00150651808995913,0.0367643051536525,0.436518939112088,"",TRUE,TRUE,TRUE,"down","0.1.0"
"ENSMUSG00000035000","Dpp4","protein_coding","deposited_Ensembl_release_76","pass",128.429307045621,1.68475725710785,0.530946072803608,3.17312311627367,0.0015080855867493,0.0367643051536525,0.0929996577911668,"",TRUE,TRUE,TRUE,"up","0.1.0"
"ENSMUSG00000025888","Casp1","protein_coding","deposited_Ensembl_release_76","pass",511.454602201448,-0.38154364536642,0.120274066462273,-3.17228523645287,0.00151244378050568,0.036811955130608,0.0912610185813323,"",TRUE,TRUE,TRUE,"down","0.1.0"
"ENSMUSG00000037465","Klf10","protein_coding","deposited_Ensembl_release_76","pass",2820.56837511362,-0.243367025182897,0.0767239399110982,-3.17198289692751,0.00151401923225383,0.036811955130608,0.0668397145374854,"",TRUE,TRUE,TRUE,"down","0.1.0"
"ENSMUSG00000022951","Rcan1","protein_coding","deposited_Ensembl_release_76","pass",1759.93176066666,-0.387298049010333,0.122255613807346,-3.16793672657558,0.00153524929723242,0.0371815677312715,0.14384802023619,"",TRUE,TRUE,TRUE,"down","0.1.0"
"ENSMUSG00000034110","Kctd7","protein_coding","deposited_Ensembl_release_76","pass",1250.20702125146,-0.231358671326469,0.0730218648904352,-3.16834788694603,0.00153307950979594,0.0371815677312715,0.0223028237927546,"",TRUE,TRUE,TRUE,"down","0.1.0"
"ENSMUSG00000058488","Kl","protein_coding","deposited_Ensembl_release_76","pass",34.774715785805,1.04743762226299,0.33063680985884,3.16794014166232,0.00153523126339482,0.0371815677312715,0.224951397973874,"",TRUE,TRUE,TRUE,"up","0.1.0"
"ENSMUSG00000032802","Srxn1","protein_coding","deposited_Ensembl_release_76","pass",9046.59558792505,-0.412108162365361,0.13012361924036,-3.16705118387562,0.00153993211793063,0.0371976031045306,0.62616163765544,"",TRUE,TRUE,TRUE,"down","0.1.0"
"ENSMUSG00000072640","Lyrm9","protein_coding","deposited_Ensembl_release_76","pass",4619.07858781113,0.236527291100225,0.0746758645251591,3.16738604372684,0.00153815980770902,0.0371976031045306,0.0507914147787499,"",TRUE,TRUE,TRUE,"up","0.1.0"
"ENSMUSG00000022488","Nckap1l","protein_coding","deposited_Ensembl_release_76","pass",75.852352704038,-0.939242189027701,0.296683174856078,-3.165808743564,0.00154652441982223,0.0372595590364203,0.318533699418231,"",TRUE,TRUE,TRUE,"down","0.1.0"
"ENSMUSG00000033350","Chst2","protein_coding","deposited_Ensembl_release_76","pass",3625.53950589774,-0.418416002021455,0.13218471349028,-3.16538872743573,0.00154875886766596,0.0372648703880666,0.14205939023776,"",TRUE,TRUE,TRUE,"down","0.1.0"
"ENSMUSG00000032925","Itgbl1","protein_coding","deposited_Ensembl_release_76","pass",376.54560447768,0.60411696242017,0.191103702345014,3.16119967853638,0.00157120748715091,0.0376580986201467,0.285333515557153,"",TRUE,TRUE,TRUE,"up","0.1.0"
"ENSMUSG00000035105","Egln3","protein_coding","deposited_Ensembl_release_76","pass",75.8580790623228,0.79561705840163,0.251677972728897,3.16125026665982,0.00157093461343809,0.0376580986201467,0.145148272832904,"",TRUE,TRUE,TRUE,"up","0.1.0"
"ENSMUSG00000049878","Rlf","protein_coding","deposited_Ensembl_release_76","pass",524.434691207932,0.455455122415609,0.144052763018797,3.16172430761482,0.00156837974298488,0.0376580986201467,0.200378770559369,"",TRUE,TRUE,TRUE,"up","0.1.0"
"ENSMUSG00000090394","4930523C07Rik","protein_coding","deposited_Ensembl_release_76","pass",163.592016643854,0.52288462132012,0.165573716061968,3.1580170679048,0.00158846257408695,0.0379732855404792,0.196171509357476,"",TRUE,TRUE,TRUE,"up","0.1.0"
"ENSMUSG00000001729","Akt1","protein_coding","deposited_Ensembl_release_76","pass",3932.65778826644,-0.189625120626152,0.0600695479388033,-3.15675957507346,0.00159532824616202,0.0380083148576237,0.0128611086182884,"",TRUE,TRUE,TRUE,"down","0.1.0"
"ENSMUSG00000020089","Ppa1","protein_coding","deposited_Ensembl_release_76","pass",8493.42665258144,-0.206053593306009,0.0652766485753919,-3.15662028922985,0.00159609039855016,0.0380083148576237,0.0208309329966188,"",TRUE,TRUE,TRUE,"down","0.1.0"
"ENSMUSG00000026254","Eif4e2","protein_coding","deposited_Ensembl_release_76","pass",5071.88190993785,-0.197220959999803,0.0624663116851837,-3.15723715198287,0.00159271755600938,0.0380083148576237,0.0193253569135448,"",TRUE,TRUE,TRUE,"down","0.1.0"
"ENSMUSG00000010554","Mettl16","protein_coding","deposited_Ensembl_release_76","pass",1504.08907119918,-0.475002975530239,0.150504441075288,-3.15607281842682,0.00159908933019787,0.0380307839031507,0.421769157930736,"",TRUE,TRUE,TRUE,"down","0.1.0"
"ENSMUSG00000019122","Ccl9","protein_coding","deposited_Ensembl_release_76","pass",96.5331353195764,1.08055737504548,0.342620346059465,3.15380387496875,0.001611573509007,0.0382784911901881,2.56561840077989,"",TRUE,TRUE,TRUE,"up","0.1.0"
"ENSMUSG00000091405","Hist2h4","protein_coding","deposited_Ensembl_release_76","pass",109.086595668106,-0.722185517283209,0.22924934048818,-3.15021851642119,0.00163148386315937,0.0387017255385101,0.360578467405817,"",TRUE,TRUE,TRUE,"down","0.1.0"
"ENSMUSG00000028096","Gpr89","protein_coding","deposited_Ensembl_release_76","pass",2201.42745016307,-0.273235545013263,0.0867630847408106,-3.1492142750515,0.00163710110077078,0.0387852518150597,0.0687805395098171,"",TRUE,TRUE,TRUE,"down","0.1.0"
"ENSMUSG00000021252","Erg28","protein_coding","deposited_Ensembl_release_76","pass",3409.11228994654,-0.270891367597516,0.0860534675237308,-3.14794249892153,0.00164424033877468,0.0388548901511466,0.0757322966966631,"",TRUE,TRUE,TRUE,"down","0.1.0"
"ENSMUSG00000036850","Mrpl41","protein_coding","deposited_Ensembl_release_76","pass",6865.24039491175,-0.282674332679442,0.0897863972262614,-3.14829797621909,0.0016422419533522,0.0388548901511466,0.104713478305768,"",TRUE,TRUE,TRUE,"down","0.1.0"
"ENSMUSG00000040451","Sgms1","protein_coding","deposited_Ensembl_release_76","pass",1732.12671470163,0.287855962944358,0.091473415324696,3.14688111209774,0.00165022045608575,0.0389464656874421,0.0721161315665828,"",TRUE,TRUE,TRUE,"up","0.1.0"
"ENSMUSG00000002308","Cd320","protein_coding","deposited_Ensembl_release_76","pass",1120.56643975671,-0.293345027109241,0.0932570507048253,-3.14555333770665,0.0016577296439344,0.0390241368978602,0.0712462606467552,"",TRUE,TRUE,TRUE,"down","0.1.0"
"ENSMUSG00000097789","Gm2115","protein_coding","deposited_Ensembl_release_76","pass",506.266543577696,-0.411708057054151,0.130913748166793,-3.14488021937624,0.00166154844174069,0.0390643339485742,0.278100686007705,"",TRUE,TRUE,TRUE,"down","0.1.0"
"ENSMUSG00000010154","Spire2","protein_coding","deposited_Ensembl_release_76","pass",1098.6289071209,-0.235295057675656,0.0748408662609746,-3.14393819086978,0.001666906437004,0.0390928560443749,0.0172554811126548,"",TRUE,TRUE,TRUE,"down","0.1.0"
"ENSMUSG00000024500","Ppp2r2b","protein_coding","deposited_Ensembl_release_76","pass",12137.1694011481,-0.162768857299411,0.0517729908253789,-3.14389519910876,0.00166715134101151,0.0390928560443749,0.0137341151783449,"",TRUE,TRUE,TRUE,"down","0.1.0"
"ENSMUSG00000028410","Dnaja1","protein_coding","deposited_Ensembl_release_76","pass",38828.8515489762,-0.239436298710992,0.0761759187438983,-3.14320198114014,0.00167110485355283,0.0390928560443749,0.081901223516655,"",TRUE,TRUE,TRUE,"down","0.1.0"
"ENSMUSG00000036833","Pnpla7","protein_coding","deposited_Ensembl_release_76","pass",542.883669263292,0.512148361998529,0.16293939863049,3.14318308710569,0.00167121272934662,0.0390928560443749,0.315427350317042,"",TRUE,TRUE,TRUE,"up","0.1.0"
"ENSMUSG00000019986","Ahi1","protein_coding","deposited_Ensembl_release_76","pass",2149.94344117511,0.233225765161462,0.0742361462921912,3.14167392584595,0.00167985003206563,0.0391464296515245,0.034802273072866,"",TRUE,TRUE,TRUE,"up","0.1.0"
"ENSMUSG00000020175","Rab36","protein_coding","deposited_Ensembl_release_76","pass",2254.32375700539,0.271600118682698,0.0864371861002748,3.14216751997939,0.00167702056207921,0.0391464296515245,0.0662531378757088,"",TRUE,TRUE,TRUE,"up","0.1.0"
"ENSMUSG00000026812","Tsc1","protein_coding","deposited_Ensembl_release_76","pass",1014.58944136979,0.386724742119879,0.123084586998797,3.14194288293512,0.00167830772329382,0.0391464296515245,0.236436644240757,"",TRUE,TRUE,TRUE,"up","0.1.0"
"ENSMUSG00000021270","Hsp90aa1","protein_coding","deposited_Ensembl_release_76","pass",52825.748199919,-0.29480062776486,0.0938792226173996,-3.1402116415717,0.00168825820091528,0.0392928823792899,0.0905609100993535,"",TRUE,TRUE,TRUE,"down","0.1.0"
"ENSMUSG00000025503","Taldo1","protein_coding","deposited_Ensembl_release_76","pass",21395.4506957618,-0.249695017749663,0.0795554433934232,-3.13862894981119,0.00169740232958167,0.0394560745028263,0.115124522727924,"",TRUE,TRUE,TRUE,"down","0.1.0"
"ENSMUSG00000070284","Gmppb","protein_coding","deposited_Ensembl_release_76","pass",1206.30365956031,-0.32981846680277,0.105107045945056,-3.13792918293204,0.00170145979431431,0.0395007660905868,0.210476457452988,"",TRUE,TRUE,TRUE,"down","0.1.0"
"ENSMUSG00000005672","Kit","protein_coding","deposited_Ensembl_release_76","pass",4005.53690167369,0.298608549316313,0.0952008741188069,3.13661562543703,0.00170910030614577,0.0395553458840453,0.0865735653763266,"",TRUE,TRUE,TRUE,"up","0.1.0"
"ENSMUSG00000019312","Grb7","protein_coding","deposited_Ensembl_release_76","pass",24.6428473365266,1.5048524905419,0.479798977900955,3.13642287677516,0.00171022410999493,0.0395553458840453,0.128440309078812,"",TRUE,TRUE,TRUE,"up","0.1.0"
"ENSMUSG00000015027","Galns","protein_coding","deposited_Ensembl_release_76","pass",327.769303265702,0.364843978089042,0.116343951198219,3.13590843642094,0.00171322683692031,0.039575326046862,0.0640079706277177,"",TRUE,TRUE,TRUE,"up","0.1.0"
"ENSMUSG00000047554","Tmem41b","protein_coding","deposited_Ensembl_release_76","pass",3261.31554298823,-0.223519708165769,0.0712995876966854,-3.13493689636245,0.00171891082917633,0.0396571160501867,0.0386503797808891,"",TRUE,TRUE,TRUE,"down","0.1.0"
"ENSMUSG00000024678","Ms4a4d","protein_coding","deposited_Ensembl_release_76","pass",20.4600308951868,1.50548930841571,0.480436205124162,3.1335883773094,0.00172682908097644,0.0397901849132092,0.646019902368273,"",TRUE,TRUE,TRUE,"up","0.1.0"
"ENSMUSG00000015829","Tnr","protein_coding","deposited_Ensembl_release_76","pass",201.165126415945,0.654000298861949,0.209033189673035,3.12869118959013,0.00175586738124846,0.0404089728299009,0.322905820336058,"",TRUE,TRUE,TRUE,"up","0.1.0"
"ENSMUSG00000050666","Vstm4","protein_coding","deposited_Ensembl_release_76","pass",385.909738751269,0.538931984737561,0.172314138022965,3.12761327028043,0.00176231898525235,0.0405070660672351,0.612876831946277,"",TRUE,TRUE,TRUE,"up","0.1.0"
"ENSMUSG00000029430","Ran","protein_coding","deposited_Ensembl_release_76","pass",19647.5622525174,-0.253447986895009,0.0810502935835292,-3.12704588335401,0.00176572367937935,0.0405349692798463,0.107421682810532,"",TRUE,TRUE,TRUE,"down","0.1.0"
"ENSMUSG00000020808","Pimreg","protein_coding","deposited_Ensembl_release_76","pass",40.7022447336972,1.4287737366781,0.457311837179331,3.12428767532168,0.00178236105160424,0.0407335679474819,0.113787553759481,"",TRUE,TRUE,TRUE,"up","0.1.0"
"ENSMUSG00000025473","Adam8","protein_coding","deposited_Ensembl_release_76","pass",841.30914454757,-0.593548815695655,0.189990962169035,-3.12408974047711,0.00178356050869382,0.0407335679474819,0.68054674254281,"",TRUE,TRUE,TRUE,"down","0.1.0"
"ENSMUSG00000032181","Scg3","protein_coding","deposited_Ensembl_release_76","pass",41465.2893890123,-0.268486005342345,0.0859443875763756,-3.12395041623575,0.00178440523873359,0.0407335679474819,0.0904112602526688,"",TRUE,TRUE,TRUE,"down","0.1.0"
"ENSMUSG00000032418","Me1","protein_coding","deposited_Ensembl_release_76","pass",3087.94657806437,-0.235042151532961,0.0752426371969245,-3.12378938709724,0.00178538202482883,0.0407335679474819,0.0319317707159211,"",TRUE,TRUE,TRUE,"down","0.1.0"
"ENSMUSG00000048373","Fgfbp1","protein_coding","deposited_Ensembl_release_76","pass",113.104204769058,2.03528130454628,0.651373304256032,3.12460042689481,0.00178046733274126,0.0407335679474819,0.366428796841689,"",TRUE,TRUE,TRUE,"up","0.1.0"
"ENSMUSG00000023232","Serinc2","protein_coding","deposited_Ensembl_release_76","pass",4129.21650713403,-0.287658633089921,0.0922445443400584,-3.1184351892885,0.00181814123995045,0.0414298859147822,0.124899998048249,"",TRUE,TRUE,TRUE,"down","0.1.0"
"ENSMUSG00000041831","Sytl3","protein_coding","deposited_Ensembl_release_76","pass",2771.6741067981,-0.239455588987572,0.0768650399913943,-3.11527306841161,0.00183774694686386,0.0417381246988557,0.032967961890151,"",TRUE,TRUE,TRUE,"down","0.1.0"
"ENSMUSG00000042826","Fgf11","protein_coding","deposited_Ensembl_release_76","pass",278.335779822629,-0.661853732672333,0.212425289748065,-3.11570121174032,0.00183508106029501,0.0417381246988557,0.0907819838975229,"",TRUE,TRUE,TRUE,"down","0.1.0"
"ENSMUSG00000058571","Gpc6","protein_coding","deposited_Ensembl_release_76","pass",804.845583599543,0.327924458129689,0.105267204976583,3.11516258271165,0.0018384354769263,0.0417381246988557,0.11829315738216,"",TRUE,TRUE,TRUE,"up","0.1.0"
"ENSMUSG00000024143","Rhoq","protein_coding","deposited_Ensembl_release_76","pass",1368.24383397231,-0.27163505093946,0.087229443305879,-3.11402939930435,0.00184551099838191,0.0418423652796932,0.119546917015842,"",TRUE,TRUE,TRUE,"down","0.1.0"
"ENSMUSG00000096472","Cdkn2d","protein_coding","deposited_Ensembl_release_76","pass",11855.1986182327,-0.192429368086495,0.061800797724255,-3.11370362798686,0.00184754971807325,0.0418423652796932,0.0312599333245265,"",TRUE,TRUE,TRUE,"down","0.1.0"
"ENSMUSG00000023349","Clec4n","protein_coding","deposited_Ensembl_release_76","pass",22.0951897475612,1.4687460362316,0.471843760303065,3.11278045785372,0.00185333828348496,0.0419221494612742,1.44208361147542,"",TRUE,TRUE,TRUE,"up","0.1.0"
"ENSMUSG00000042254","Cilp","protein_coding","deposited_Ensembl_release_76","pass",167.904324026521,0.798593408130667,0.256644190106825,3.11167538138409,0.00186028936730216,0.0420280026412599,0.393374929772396,"",TRUE,TRUE,TRUE,"up","0.1.0"
"ENSMUSG00000040711","Sh3pxd2b","protein_coding","deposited_Ensembl_release_76","pass",1097.25614481553,-0.376268249137726,0.120954768737857,-3.11081781284046,0.00186570008815997,0.0420988399161267,0.24237533622797,"",TRUE,TRUE,TRUE,"down","0.1.0"
"ENSMUSG00000021886","Gpr65","protein_coding","deposited_Ensembl_release_76","pass",74.0207856284471,-0.882820300575484,0.283911572870885,-3.10949036578007,0.00187410396331677,0.0422363196345883,0.191303836450962,"",TRUE,TRUE,TRUE,"down","0.1.0"
"ENSMUSG00000029096","Htra3","protein_coding","deposited_Ensembl_release_76","pass",420.82610929958,0.466155696268214,0.149930981218866,3.10913523328263,0.00187635814406483,0.0422363196345883,0.237933981105407,"",TRUE,TRUE,TRUE,"up","0.1.0"
"ENSMUSG00000038683","Pak1ip1","protein_coding","deposited_Ensembl_release_76","pass",11373.2577534945,-0.268478134033524,0.0863766949392072,-3.108224205875,0.00188215222651512,0.0423152644559042,0.107942198236753,"",TRUE,TRUE,TRUE,"down","0.1.0"
"ENSMUSG00000031343","Gabra3","protein_coding","deposited_Ensembl_release_76","pass",445.970486336791,0.436898304984825,0.140594892973852,3.10749768888177,0.00188678460698781,0.0423679315328828,0.295736118914178,"",TRUE,TRUE,TRUE,"up","0.1.0"
"ENSMUSG00000021591","Glrx","protein_coding","deposited_Ensembl_release_76","pass",2126.39141709839,-0.285637503335766,0.0919457144503431,-3.10658854567963,0.0018925961905917,0.0424469179569918,0.0844557011699586,"",TRUE,TRUE,TRUE,"down","0.1.0"
"ENSMUSG00000064284","Cdpf1","protein_coding","deposited_Ensembl_release_76","pass",2230.14651647783,-0.281950599005372,0.0908427887719293,-3.10372020516939,0.00191103962934979,0.042808675861815,0.0922096976886993,"",TRUE,TRUE,TRUE,"down","0.1.0"
"ENSMUSG00000021832","Psmc6","protein_coding","deposited_Ensembl_release_76","pass",12463.7916499745,-0.19531845173489,0.0629407714792238,-3.10321032209404,0.00191433540603007,0.042830650565628,0.0271449691908331,"",TRUE,TRUE,TRUE,"down","0.1.0"
"ENSMUSG00000033486","Catsper2","protein_coding","deposited_Ensembl_release_76","pass",298.255061181945,0.351219830356657,0.113204249576175,3.1025322076829,0.00191872668179159,0.0428770528903259,0.0526568458377867,"",TRUE,TRUE,TRUE,"up","0.1.0"
"ENSMUSG00000028672","Hmgcl","protein_coding","deposited_Ensembl_release_76","pass",2470.44406641963,-0.242463896437559,0.0781814432044719,-3.10129727080416,0.00192674755109445,0.0430043545692408,0.0720091939399316,"",TRUE,TRUE,TRUE,"down","0.1.0"
"ENSMUSG00000079442","St6galnac4","protein_coding","deposited_Ensembl_release_76","pass",804.882660064841,-0.393518742997486,0.126964267280669,-3.09944483929142,0.00193883676842435,0.0431871071412698,0.257713168604432,"",TRUE,TRUE,TRUE,"down","0.1.0"
"ENSMUSG00000090622","A930033H14Rik","protein_coding","deposited_Ensembl_release_76","pass",90.1383241863267,0.802278296200107,0.258855589442272,3.09932769050376,0.00193960363370238,0.0431871071412698,0.512434105559372,"",TRUE,TRUE,TRUE,"up","0.1.0"
"ENSMUSG00000006307","Kmt2b","protein_coding","deposited_Ensembl_release_76","pass",554.99034384342,0.278488649841039,0.0899241091694289,3.09692976014174,0.00195536199661957,0.0434856526724181,0.0439228020381184,"",TRUE,TRUE,TRUE,"up","0.1.0"
"ENSMUSG00000063884","Ptcd3","protein_coding","deposited_Ensembl_release_76","pass",2735.08656233536,-0.244608117851827,0.0790059243455,-3.09607310943081,0.00196102004263594,0.0435591282699794,0.0645444631176656,"",TRUE,TRUE,TRUE,"down","0.1.0"
"ENSMUSG00000024074","Crim1","protein_coding","deposited_Ensembl_release_76","pass",544.216134895099,0.430301448927508,0.139128042624382,3.09284484141874,0.0019824775644058,0.0439302782924557,0.219769441718209,"",TRUE,TRUE,TRUE,"up","0.1.0"
"ENSMUSG00000024781","Lipa","protein_coding","deposited_Ensembl_release_76","pass",7101.18473689976,-0.255594842326259,0.0826364685612392,-3.09300296559559,0.0019814215517461,0.0439302782924557,0.0529156939977028,"",TRUE,TRUE,TRUE,"down","0.1.0"
"ENSMUSG00000033847","Pla2g4c","protein_coding","deposited_Ensembl_release_76","pass",43.5068028146528,0.868086497314811,0.28082861335729,3.09116114250926,0.0019937540179139,0.0440745885226533,0.217694490482259,"",TRUE,TRUE,TRUE,"up","0.1.0"
"ENSMUSG00000040950","Mgl2","protein_coding","deposited_Ensembl_release_76","pass",253.617833923938,-0.763324313685998,0.247015049312345,-3.09019355626706,0.00200026096443701,0.0441443857889698,0.135713146040403,"",TRUE,TRUE,TRUE,"down","0.1.0"
"ENSMUSG00000062329","Cytl1","protein_coding","deposited_Ensembl_release_76","pass",239.108937437196,1.63037277154135,0.527631718472935,3.08998249055222,0.00200168295286957,0.0441443857889698,2.32988287608851,"",TRUE,TRUE,TRUE,"up","0.1.0"
"ENSMUSG00000029452","Tmem116","protein_coding","deposited_Ensembl_release_76","pass",135.594798567835,0.649974682262734,0.210452373378051,3.08846449118032,0.00201193735534897,0.0443177105785977,0.198594047207304,"",TRUE,TRUE,TRUE,"up","0.1.0"
"ENSMUSG00000047909","Ankrd16","protein_coding","deposited_Ensembl_release_76","pass",839.679305119096,0.34773432051742,0.112610283280006,3.08794463870389,0.00201546013410735,0.0443425194546829,0.130681377358069,"",TRUE,TRUE,TRUE,"up","0.1.0"
"ENSMUSG00000039770","Ypel5","protein_coding","deposited_Ensembl_release_76","pass",15051.5804837378,-0.185331703907711,0.0600683663138163,-3.08534616938772,0.00203315366253804,0.0446786724678639,0.0191410896697098,"",TRUE,TRUE,TRUE,"down","0.1.0"
"ENSMUSG00000001524","Gtf2h4","protein_coding","deposited_Ensembl_release_76","pass",1788.95546512755,-0.242909281575626,0.0788515907334127,-3.08058822043136,0.00206592142793272,0.0450806649774927,0.0465388105919979,"",TRUE,TRUE,TRUE,"down","0.1.0"
"ENSMUSG00000004948","Zp3","protein_coding","deposited_Ensembl_release_76","pass",39.3048644847998,-0.929187709927517,0.301557457589459,-3.08129574163115,0.00206101829353962,0.0450806649774927,0.343389126175797,"",TRUE,TRUE,TRUE,"down","0.1.0"
"ENSMUSG00000026709","Dars2","protein_coding","deposited_Ensembl_release_76","pass",1495.48217463547,-0.248940290746261,0.0807784998508188,-3.08176422198979,0.00205777759343703,0.0450806649774927,0.06094900642695,"",TRUE,TRUE,TRUE,"down","0.1.0"
"ENSMUSG00000029491","Pde6b","protein_coding","deposited_Ensembl_release_76","pass",42.9185505735921,-1.18157979213186,0.383601098977832,-3.08023046670192,0.00206840473874242,0.0450806649774927,0.205134032215601,"",TRUE,TRUE,TRUE,"down","0.1.0"
"ENSMUSG00000033720","Sfxn5","protein_coding","deposited_Ensembl_release_76","pass",4987.75513306796,-0.233274260215232,0.0757269151441356,-3.08046696172988,0.00206676282619334,0.0450806649774927,0.0509748024313567,"",TRUE,TRUE,TRUE,"down","0.1.0"
"ENSMUSG00000039457","Ppl","protein_coding","deposited_Ensembl_release_76","pass",93.789238870491,0.697056032502766,0.226225961687388,3.08123801222249,0.00206141795900875,0.0450806649774927,0.577945336999997,"",TRUE,TRUE,TRUE,"up","0.1.0"
"ENSMUSG00000068566","Myadm","protein_coding","deposited_Ensembl_release_76","pass",8474.07199380192,-0.240145066451339,0.0779636965527414,-3.08021652473704,0.00206850157087452,0.0450806649774927,0.0736153142775205,"",TRUE,TRUE,TRUE,"down","0.1.0"
"ENSMUSG00000009654","Oit3","protein_coding","deposited_Ensembl_release_76","pass",17.8164672466593,-1.67332940836994,0.543749073730187,-3.07739265998321,0.00208820030372541,0.045385623436093,0.324091587082288,"",TRUE,TRUE,TRUE,"down","0.1.0"
"ENSMUSG00000019823","Mical1","protein_coding","deposited_Ensembl_release_76","pass",7449.30166389963,0.319219329075879,0.103738400448222,3.07715684545578,0.00208985305991197,0.045385623436093,0.115295800801767,"",TRUE,TRUE,TRUE,"up","0.1.0"
"ENSMUSG00000022754","Tmem45a","protein_coding","deposited_Ensembl_release_76","pass",75.2019514503315,0.864757235636865,0.280972120765919,3.07773324015056,0.00208581539138181,0.045385623436093,0.770901788546155,"",TRUE,TRUE,TRUE,"up","0.1.0"
"ENSMUSG00000029212","Gabrb1","protein_coding","deposited_Ensembl_release_76","pass",236.413440266919,0.496759275003726,0.161478989604039,3.07630903699499,0.00209580502149875,0.0454615243995209,0.196177475033118,"",TRUE,TRUE,TRUE,"up","0.1.0"
"ENSMUSG00000062593","Gm49339","protein_coding","deposited_Ensembl_release_76","pass",88.2759447018152,0.75206601269591,0.244542870301192,3.07539537656374,0.00210223669343522,0.045547641145939,0.304961635490839,"",TRUE,TRUE,TRUE,"up","0.1.0"
"ENSMUSG00000000739","Sult5a1","protein_coding","deposited_Ensembl_release_76","pass",209.008589538641,0.754309027008118,0.245457326962817,3.07307602645891,0.00211864504202274,0.0458494610673062,1.19630530576548,"",TRUE,TRUE,TRUE,"up","0.1.0"
"ENSMUSG00000020241","Col6a2","protein_coding","deposited_Ensembl_release_76","pass",629.980695814777,0.524935279844363,0.170919096800886,3.0712500222014,0.00213164573144308,0.0460582770836129,0.315432833715626,"",TRUE,TRUE,TRUE,"up","0.1.0"
"ENSMUSG00000028843","Sh3bgrl3","protein_coding","deposited_Ensembl_release_76","pass",44657.2797476235,-0.244670870944286,0.0796798583058531,-3.07067402159666,0.00213576186227854,0.0460582770836129,0.0652057603846903,"",TRUE,TRUE,TRUE,"down","0.1.0"
"ENSMUSG00000042303","Sgsm3","protein_coding","deposited_Ensembl_release_76","pass",4988.91655734536,-0.191762039692239,0.0624437685163104,-3.07095558529832,0.00213374888348413,0.0460582770836129,0.0126483873614783,"",TRUE,TRUE,TRUE,"down","0.1.0"
"ENSMUSG00000033208","S100b","protein_coding","deposited_Ensembl_release_76","pass",43953.1481789425,-0.314362578867199,0.102460838702225,-3.06812420090381,0.0021540706984779,0.0463990339161077,0.162806235517567,"",TRUE,TRUE,TRUE,"down","0.1.0"
"ENSMUSG00000051504","Siglech","protein_coding","deposited_Ensembl_release_76","pass",20.5510610963913,-2.07011334892415,0.675157815958539,-3.0661177283198,0.00216857910262517,0.0466572315533413,0.578385771839581,"",TRUE,TRUE,TRUE,"down","0.1.0"
"ENSMUSG00000010721","Lmbr1","protein_coding","deposited_Ensembl_release_76","pass",1626.30849066676,-0.200944823829038,0.0655719740923138,-3.06449251544789,0.00218039630041846,0.0468152696735331,0.0257509021316532,"",TRUE,TRUE,TRUE,"down","0.1.0"
"ENSMUSG00000066829","Zfp810","protein_coding","deposited_Ensembl_release_76","pass",641.014773183802,0.412438750211418,0.134589859030066,3.06441178543238,0.00218098483805791,0.0468152696735331,0.27713133917449,"",TRUE,TRUE,TRUE,"up","0.1.0"
"ENSMUSG00000011589","Fsd1","protein_coding","deposited_Ensembl_release_76","pass",10154.5307137252,-0.188401152115451,0.0615232676567949,-3.06227479929122,0.00219661692956879,0.0468800151304216,0.0369097154516803,"",TRUE,TRUE,TRUE,"down","0.1.0"
"ENSMUSG00000025577","Cbx2","protein_coding","deposited_Ensembl_release_76","pass",142.138382941126,0.576099135219841,0.188070462964992,3.06320900229334,0.00218977062698124,0.0468800151304216,0.403953907934984,"",TRUE,TRUE,TRUE,"up","0.1.0"
"ENSMUSG00000027076","Timm10","protein_coding","deposited_Ensembl_release_76","pass",3012.72596837041,-0.25250749972912,0.0824302749974391,-3.0632859072345,0.00218920790168947,0.0468800151304216,0.0733988464223042,"",TRUE,TRUE,TRUE,"down","0.1.0"
"ENSMUSG00000037747","Phyhipl","protein_coding","deposited_Ensembl_release_76","pass",1091.22227755635,-0.412510402031203,0.134707494059723,-3.06226765563848,0.0021966693572975,0.0468800151304216,0.492855299426576,"",TRUE,TRUE,TRUE,"down","0.1.0"
"ENSMUSG00000028909","Ptpru","protein_coding","deposited_Ensembl_release_76","pass",197.060367761156,0.541897592960767,0.176985832300831,3.06181340006741,0.00220000552446627,0.0468971223723495,0.374075358664822,"",TRUE,TRUE,TRUE,"up","0.1.0"
"ENSMUSG00000028019","Pdgfc","protein_coding","deposited_Ensembl_release_76","pass",136.414109356929,0.63950754852605,0.209043927697618,3.0592017456307,0.00221927643835389,0.0471991631481173,0.242999075158358,"",TRUE,TRUE,TRUE,"up","0.1.0"
"ENSMUSG00000056947","Mab21l1","protein_coding","deposited_Ensembl_release_76","pass",881.72775449224,-0.388296305271785,0.126924810481677,-3.05926243890543,0.0022188268437362,0.0471991631481173,0.172801852257292,"",TRUE,TRUE,TRUE,"down","0.1.0"
"ENSMUSG00000024011","Pi16","protein_coding","deposited_Ensembl_release_76","pass",993.207271016371,1.11449530173377,0.364499685221081,3.05760291962337,0.00223115009259579,0.0473972102908151,0.190723761084231,"",TRUE,TRUE,TRUE,"up","0.1.0"
"ENSMUSG00000061184","Tmprss11c","protein_coding","deposited_Ensembl_release_76","pass",192.119176185302,0.553833653206463,0.181181128765875,3.05679546749119,0.00223716871979824,0.0474705651633335,0.243958969858364,"",TRUE,TRUE,TRUE,"up","0.1.0"
"ENSMUSG00000027663","Zmat3","protein_coding","deposited_Ensembl_release_76","pass",2458.97674293162,0.295849537234222,0.0968861136792294,3.05358039454158,0.00226128123278288,0.0476543128134187,0.0748741415291943,"",TRUE,TRUE,TRUE,"up","0.1.0"
"ENSMUSG00000034120","Srsf2","protein_coding","deposited_Ensembl_release_76","pass",4188.92480840236,0.294057493501408,0.0962783202867634,3.05424411877526,0.00225628399399734,0.0476543128134187,0.135835239108206,"",TRUE,TRUE,TRUE,"up","0.1.0"
"ENSMUSG00000057766","Ankrd29","protein_coding","deposited_Ensembl_release_76","pass",2789.50857177456,-0.34426437458104,0.112715491353026,-3.05427737082563,0.00225603390270802,0.0476543128134187,0.106732275348192,"",TRUE,TRUE,TRUE,"down","0.1.0"
"ENSMUSG00000068220","Lgals1","protein_coding","deposited_Ensembl_release_76","pass",17466.8505375355,-0.391415769217629,0.12816477136786,-3.0540043495586,0.00225808806920818,0.0476543128134187,0.460816668442329,"",TRUE,TRUE,TRUE,"down","0.1.0"
"ENSMUSG00000071656","Lrrn4cl","protein_coding","deposited_Ensembl_release_76","pass",436.761857512088,0.515779881794701,0.168833311482994,3.05496514440312,0.00225086679559609,0.0476543128134187,0.111154418617035,"",TRUE,TRUE,TRUE,"up","0.1.0"
"ENSMUSG00000039275","Foxk2","protein_coding","deposited_Ensembl_release_76","pass",748.29564863352,-0.316571553163347,0.103694375861767,-3.05292886458338,0.00226619652033557,0.0477035656607157,0.0772340876671867,"",TRUE,TRUE,TRUE,"down","0.1.0"
"ENSMUSG00000044730","9930104L06Rik","protein_coding","deposited_Ensembl_release_76","pass",803.746037264993,0.31816546416863,0.104297283934646,3.050563276106,0.00228412545096449,0.0480263332036317,0.166859325161684,"",TRUE,TRUE,TRUE,"up","0.1.0"
"ENSMUSG00000026159","Agfg1","protein_coding","deposited_Ensembl_release_76","pass",1419.43316790848,-0.251143505166008,0.0823844875331474,-3.04843196439087,0.00230038995795007,0.0482764464228967,0.038142136225132,"",TRUE,TRUE,TRUE,"down","0.1.0"
"ENSMUSG00000041263","Rusc1","protein_coding","deposited_Ensembl_release_76","pass",5106.65544264618,-0.215298657914345,0.0706286024947834,-3.04832108111224,0.00230123902853564,0.0482764464228967,0.0332261212857063,"",TRUE,TRUE,TRUE,"down","0.1.0"
"ENSMUSG00000021694","Ercc8","protein_coding","deposited_Ensembl_release_76","pass",412.259056533738,0.444709730025455,0.145921585468507,3.04759387446098,0.00230681461287482,0.0482779509422527,0.238523878351131,"",TRUE,TRUE,TRUE,"up","0.1.0"
"ENSMUSG00000023083","H2-M10.2","protein_coding","deposited_Ensembl_release_76","pass",85.3415606141128,0.71770420669651,0.235479471240988,3.04784193252251,0.00230491133176478,0.0482779509422527,0.214483652433816,"",TRUE,TRUE,TRUE,"up","0.1.0"
"ENSMUSG00000025558","Dock9","protein_coding","deposited_Ensembl_release_76","pass",1774.47104930902,0.367874679867475,0.120932777905868,3.04197659425158,0.0023503016908858,0.0490831063052596,0.2277102117536,"",TRUE,TRUE,TRUE,"up","0.1.0"
"ENSMUSG00000019996","Map7","protein_coding","deposited_Ensembl_release_76","pass",1349.67271866372,0.279757607178294,0.0920374935894573,3.03960479873759,0.00236888769998005,0.0493598300819042,0.0881452884027125,"",TRUE,TRUE,TRUE,"up","0.1.0"
"ENSMUSG00000029032","Arhgef16","protein_coding","deposited_Ensembl_release_76","pass",209.951760655901,-0.6001179736774,0.197432492967556,-3.03961098123811,0.00236883907785531,0.0493598300819042,0.69446660659722,"",TRUE,TRUE,TRUE,"down","0.1.0"
"ENSMUSG00000031503","Col4a2","protein_coding","deposited_Ensembl_release_76","pass",806.857992475672,0.345077900568803,0.113553156533088,3.03891068381046,0.00237435236351029,0.0494180447491911,0.177761827744015,"",TRUE,TRUE,TRUE,"up","0.1.0"
"ENSMUSG00000022025","Cnmd","protein_coding","deposited_Ensembl_release_76","pass",2700.58594081626,-0.453963061643413,0.149434228945667,-3.03787870320172,0.00238249833094696,0.0495318726039456,0.694974628268926,"",TRUE,TRUE,TRUE,"down","0.1.0"
"ENSMUSG00000034614","Pik3ip1","protein_coding","deposited_Ensembl_release_76","pass",5835.23119910177,0.372769228989842,0.122721022616412,3.03753359483486,0.0023852281568594,0.0495329703550724,0.200060485119052,"",TRUE,TRUE,TRUE,"up","0.1.0"
"ENSMUSG00000028906","Epb41","protein_coding","deposited_Ensembl_release_76","pass",748.916275630257,0.375672428913104,0.123692697351142,3.03714315362237,0.00238832002014304,0.0495415754850971,0.184651528845597,"",TRUE,TRUE,TRUE,"up","0.1.0"
"ENSMUSG00000037872","Ackr1","protein_coding","deposited_Ensembl_release_76","pass",3334.7949291489,-0.264165215188082,0.08701441234878,-3.03587886256391,0.00239835700202466,0.049694064511156,0.0557232189243005,"",TRUE,TRUE,TRUE,"down","0.1.0"
