candidate_row,protein_accession,structure_id,evaluated_sites,local_gate_status_counts,reason_counts,structural_eligibility,protocol_version
1,A0A087WRH0,AF-A0A087WRH0-F1,35,"{""excluded"": 14, ""pass"": 21}","{""LOCAL_CONFIDENCE_PASS_CONTEXT_PENDING"": 21, ""TARGET_PLDDT_BELOW_90"": 14}",held,0.1.0
2,A0A087WRT7,AF-A0A087WRT7-F1,6,"{""excluded"": 4, ""pass"": 2}","{""LOCAL_CONFIDENCE_PASS_CONTEXT_PENDING"": 2, ""TARGET_PLDDT_BELOW_90"": 4}",held,0.1.0
3,A0A0G2JDS2,AF-A0A0G2JDS2-F1,6,"{""excluded"": 2, ""pass"": 4}","{""LOCAL_CONFIDENCE_PASS_CONTEXT_PENDING"": 4, ""NEIGHBOR_PLDDT_BELOW_70"": 1, ""TARGET_PLDDT_BELOW_90"": 1}",held,0.1.0
4,A0A0R4J086,AF-A0A0R4J086-F1,7,"{""excluded"": 2, ""pass"": 5}","{""LOCAL_CONFIDENCE_PASS_CONTEXT_PENDING"": 5, ""TARGET_PLDDT_BELOW_90"": 2}",held,0.1.0
5,A0A0R4J0H9,AF-A0A0R4J0H9-F1,9,"{""excluded"": 1, ""pass"": 8}","{""LOCAL_CONFIDENCE_PASS_CONTEXT_PENDING"": 8, ""TARGET_PLDDT_BELOW_90"": 1}",held,0.1.0
6,A0A0R4J0Y2,AF-A0A0R4J0Y2-F1,13,"{""excluded"": 8, ""pass"": 5}","{""LOCAL_CONFIDENCE_PASS_CONTEXT_PENDING"": 5, ""NEIGHBOR_PLDDT_BELOW_70"": 1, ""TARGET_PLDDT_BELOW_90"": 7}",held,0.1.0
7,A0A0R4J1Z0,AF-A0A0R4J1Z0-F1,14,"{""excluded"": 5, ""pass"": 9}","{""LOCAL_CONFIDENCE_PASS_CONTEXT_PENDING"": 9, ""TARGET_PLDDT_BELOW_90"": 5}",held,0.1.0
8,A0A140T8U8,AF-A0A140T8U8-F1,13,"{""excluded"": 5, ""pass"": 8}","{""LOCAL_CONFIDENCE_PASS_CONTEXT_PENDING"": 8, ""NEIGHBOR_PLDDT_BELOW_70"": 1, ""TARGET_PLDDT_BELOW_90"": 4}",held,0.1.0
9,A0A1B0GQY9,AF-A0A1B0GQY9-F1,25,"{""excluded"": 5, ""pass"": 20}","{""LOCAL_CONFIDENCE_PASS_CONTEXT_PENDING"": 20, ""TARGET_PLDDT_BELOW_90"": 5}",held,0.1.0
10,A0A1B0GST9,AF-A0A1B0GST9-F1,3,"{""pass"": 3}","{""LOCAL_CONFIDENCE_PASS_CONTEXT_PENDING"": 3}",held,0.1.0
11,A0A1B0GSZ0,AF-A0A1B0GSZ0-F1,2,"{""pass"": 2}","{""LOCAL_CONFIDENCE_PASS_CONTEXT_PENDING"": 2}",held,0.1.0
12,A0A1D5RLX6,AF-A0A1D5RLX6-F1,24,"{""excluded"": 17, ""pass"": 7}","{""LOCAL_CONFIDENCE_PASS_CONTEXT_PENDING"": 7, ""TARGET_PLDDT_BELOW_90"": 17}",held,0.1.0
13,A0A1W2P7H6,AF-A0A1W2P7H6-F1,8,"{""excluded"": 3, ""pass"": 5}","{""LOCAL_CONFIDENCE_PASS_CONTEXT_PENDING"": 5, ""NEIGHBOR_PLDDT_BELOW_70"": 1, ""TARGET_PLDDT_BELOW_90"": 2}",held,0.1.0
14,A2A6T1,AF-A2A6T1-F1,7,"{""excluded"": 5, ""pass"": 2}","{""LOCAL_CONFIDENCE_PASS_CONTEXT_PENDING"": 2, ""TARGET_PLDDT_BELOW_90"": 5}",held,0.1.0
15,A2A716,AF-A2A716-F1,17,"{""excluded"": 9, ""pass"": 8}","{""LOCAL_CONFIDENCE_PASS_CONTEXT_PENDING"": 8, ""TARGET_PLDDT_BELOW_90"": 9}",held,0.1.0
16,A2A7F4,AF-A2A7F4-F1,89,"{""excluded"": 75, ""pass"": 14}","{""LOCAL_CONFIDENCE_PASS_CONTEXT_PENDING"": 14, ""TARGET_PLDDT_BELOW_90"": 75}",held,0.1.0
19,A2A863,AF-A2A863-F1,67,"{""excluded"": 58, ""pass"": 9}","{""LOCAL_CONFIDENCE_PASS_CONTEXT_PENDING"": 9, ""TARGET_PLDDT_BELOW_90"": 58}",held,0.1.0
20,A2AAY5,AF-A2AAY5-F1,7,"{""excluded"": 4, ""pass"": 3}","{""LOCAL_CONFIDENCE_PASS_CONTEXT_PENDING"": 3, ""TARGET_PLDDT_BELOW_90"": 4}",held,0.1.0
21,A2AHD1,AF-A2AHD1-F1,29,"{""excluded"": 11, ""pass"": 18}","{""LOCAL_CONFIDENCE_PASS_CONTEXT_PENDING"": 18, ""TARGET_PLDDT_BELOW_90"": 11}",held,0.1.0
23,A2AIG8,AF-A2AIG8-F1,12,"{""excluded"": 6, ""pass"": 6}","{""LOCAL_CONFIDENCE_PASS_CONTEXT_PENDING"": 6, ""NEIGHBOR_PLDDT_BELOW_70"": 1, ""TARGET_PLDDT_BELOW_90"": 5}",held,0.1.0
26,A2AJ88,AF-A2AJ88-F1,24,"{""excluded"": 19, ""pass"": 5}","{""LOCAL_CONFIDENCE_PASS_CONTEXT_PENDING"": 5, ""TARGET_PLDDT_BELOW_90"": 19}",held,0.1.0
27,A2AJT4,AF-A2AJT4-F1,2,"{""excluded"": 2}","{""TARGET_PLDDT_BELOW_90"": 2}",held,0.1.0
28,A2AM80,AF-A2AM80-F1,7,"{""excluded"": 4, ""pass"": 3}","{""LOCAL_CONFIDENCE_PASS_CONTEXT_PENDING"": 3, ""TARGET_PLDDT_BELOW_90"": 4}",held,0.1.0
30,A2AS55,AF-A2AS55-F1,15,"{""excluded"": 2, ""pass"": 13}","{""LOCAL_CONFIDENCE_PASS_CONTEXT_PENDING"": 13, ""TARGET_PLDDT_BELOW_90"": 2}",held,0.1.0
32,A2AW67,AF-A2AW67-F1,32,"{""excluded"": 10, ""pass"": 22}","{""LOCAL_CONFIDENCE_PASS_CONTEXT_PENDING"": 22, ""TARGET_PLDDT_BELOW_90"": 10}",held,0.1.0
33,A2BDX4,AF-A2BDX4-F1,16,"{""excluded"": 10, ""pass"": 6}","{""LOCAL_CONFIDENCE_PASS_CONTEXT_PENDING"": 6, ""TARGET_PLDDT_BELOW_90"": 10}",held,0.1.0
34,A2BI40,AF-A2BI40-F1,4,"{""excluded"": 1, ""pass"": 3}","{""LOCAL_CONFIDENCE_PASS_CONTEXT_PENDING"": 3, ""TARGET_PLDDT_BELOW_90"": 1}",held,0.1.0
35,A2CI98,AF-A2CI98-F1,17,"{""excluded"": 10, ""pass"": 7}","{""LOCAL_CONFIDENCE_PASS_CONTEXT_PENDING"": 7, ""TARGET_PLDDT_BELOW_90"": 10}",held,0.1.0
38,A2RSY1,AF-A2RSY1-F1,11,"{""excluded"": 6, ""pass"": 5}","{""LOCAL_CONFIDENCE_PASS_CONTEXT_PENDING"": 5, ""TARGET_PLDDT_BELOW_90"": 6}",held,0.1.0
39,B1ARV3,AF-B1ARV3-F1,8,"{""excluded"": 4, ""pass"": 4}","{""LOCAL_CONFIDENCE_PASS_CONTEXT_PENDING"": 4, ""TARGET_PLDDT_BELOW_90"": 4}",held,0.1.0
41,B1AT66,AF-B1AT66-F1,15,"{""excluded"": 7, ""pass"": 8}","{""LOCAL_CONFIDENCE_PASS_CONTEXT_PENDING"": 8, ""TARGET_PLDDT_BELOW_90"": 7}",held,0.1.0
43,B1AUH1,AF-B1AUH1-F1,34,"{""excluded"": 14, ""pass"": 20}","{""LOCAL_CONFIDENCE_PASS_CONTEXT_PENDING"": 20, ""NEIGHBOR_PLDDT_BELOW_70"": 1, ""TARGET_PLDDT_BELOW_90"": 13}",held,0.1.0
45,B1AX39,AF-B1AX39-F1,22,"{""excluded"": 22}","{""TARGET_PLDDT_BELOW_90"": 22}",held,0.1.0
46,B1AXH1,AF-B1AXH1-F1,13,"{""excluded"": 12, ""pass"": 1}","{""LOCAL_CONFIDENCE_PASS_CONTEXT_PENDING"": 1, ""TARGET_PLDDT_BELOW_90"": 12}",held,0.1.0
47,B2RUR8,AF-B2RUR8-F1,12,"{""excluded"": 6, ""pass"": 6}","{""LOCAL_CONFIDENCE_PASS_CONTEXT_PENDING"": 6, ""TARGET_PLDDT_BELOW_90"": 6}",held,0.1.0
48,D2J0Y4,AF-D2J0Y4-F1,16,"{""excluded"": 16}","{""TARGET_PLDDT_BELOW_90"": 16}",held,0.1.0
49,D3YVV3,AF-D3YVV3-F1,4,"{""excluded"": 1, ""pass"": 3}","{""LOCAL_CONFIDENCE_PASS_CONTEXT_PENDING"": 3, ""TARGET_PLDDT_BELOW_90"": 1}",held,0.1.0
50,D3YWE6,AF-D3YWE6-F1,12,"{""excluded"": 12}","{""TARGET_PLDDT_BELOW_90"": 12}",held,0.1.0
51,D3YX43,AF-D3YX43-F1,14,"{""excluded"": 3, ""pass"": 11}","{""LOCAL_CONFIDENCE_PASS_CONTEXT_PENDING"": 11, ""TARGET_PLDDT_BELOW_90"": 3}",held,0.1.0
52,D3YZF7,AF-D3YZF7-F1,14,"{""excluded"": 5, ""pass"": 9}","{""LOCAL_CONFIDENCE_PASS_CONTEXT_PENDING"": 9, ""TARGET_PLDDT_BELOW_90"": 5}",held,0.1.0
53,D3Z5W0,AF-D3Z5W0-F1,7,"{""excluded"": 4, ""pass"": 3}","{""LOCAL_CONFIDENCE_PASS_CONTEXT_PENDING"": 3, ""TARGET_PLDDT_BELOW_90"": 4}",held,0.1.0
54,D3Z7A9,AF-D3Z7A9-F1,5,"{""excluded"": 1, ""pass"": 4}","{""LOCAL_CONFIDENCE_PASS_CONTEXT_PENDING"": 4, ""TARGET_PLDDT_BELOW_90"": 1}",held,0.1.0
55,E9PX79,AF-E9PX79-F1,13,"{""excluded"": 9, ""pass"": 4}","{""LOCAL_CONFIDENCE_PASS_CONTEXT_PENDING"": 4, ""TARGET_PLDDT_BELOW_90"": 9}",held,0.1.0
56,E9Q079,AF-E9Q079-F1,2,"{""excluded"": 2}","{""TARGET_PLDDT_BELOW_90"": 2}",held,0.1.0
57,E9Q1P8,AF-E9Q1P8-F1,13,"{""excluded"": 1, ""pass"": 12}","{""LOCAL_CONFIDENCE_PASS_CONTEXT_PENDING"": 12, ""TARGET_PLDDT_BELOW_90"": 1}",held,0.1.0
58,E9Q238,AF-E9Q238-F1,34,"{""excluded"": 27, ""pass"": 7}","{""LOCAL_CONFIDENCE_PASS_CONTEXT_PENDING"": 7, ""TARGET_PLDDT_BELOW_90"": 27}",held,0.1.0
62,E9Q2T4,AF-E9Q2T4-F1,6,"{""excluded"": 6}","{""TARGET_PLDDT_BELOW_90"": 6}",held,0.1.0
63,E9Q4M0,AF-E9Q4M0-F1,16,"{""excluded"": 10, ""pass"": 6}","{""LOCAL_CONFIDENCE_PASS_CONTEXT_PENDING"": 6, ""TARGET_PLDDT_BELOW_90"": 10}",held,0.1.0
64,E9Q5N9,AF-E9Q5N9-F1,12,"{""excluded"": 5, ""pass"": 7}","{""LOCAL_CONFIDENCE_PASS_CONTEXT_PENDING"": 7, ""TARGET_PLDDT_BELOW_90"": 5}",held,0.1.0
65,E9Q8I7,AF-E9Q8I7-F1,112,"{""excluded"": 98, ""pass"": 14}","{""LOCAL_CONFIDENCE_PASS_CONTEXT_PENDING"": 14, ""TARGET_PLDDT_BELOW_90"": 98}",held,0.1.0
66,E9QNZ9,AF-E9QNZ9-F1,17,"{""excluded"": 9, ""pass"": 8}","{""LOCAL_CONFIDENCE_PASS_CONTEXT_PENDING"": 8, ""TARGET_PLDDT_BELOW_90"": 9}",held,0.1.0
67,F8VPX2,AF-F8VPX2-F1,13,"{""excluded"": 3, ""pass"": 10}","{""LOCAL_CONFIDENCE_PASS_CONTEXT_PENDING"": 10, ""TARGET_PLDDT_BELOW_90"": 3}",held,0.1.0
68,G3X924,AF-G3X924-F1,10,"{""excluded"": 8, ""pass"": 2}","{""LOCAL_CONFIDENCE_PASS_CONTEXT_PENDING"": 2, ""TARGET_PLDDT_BELOW_90"": 8}",held,0.1.0
69,G3X9M9,AF-G3X9M9-F1,12,"{""excluded"": 8, ""pass"": 4}","{""LOCAL_CONFIDENCE_PASS_CONTEXT_PENDING"": 4, ""TARGET_PLDDT_BELOW_90"": 8}",held,0.1.0
70,G3XA59,AF-G3XA59-F1,14,"{""excluded"": 7, ""pass"": 7}","{""LOCAL_CONFIDENCE_PASS_CONTEXT_PENDING"": 7, ""TARGET_PLDDT_BELOW_90"": 7}",held,0.1.0
72,J3QNP2,AF-J3QNP2-F1,5,"{""excluded"": 5}","{""TARGET_PLDDT_BELOW_90"": 5}",held,0.1.0
74,O08575,AF-O08575-F1,6,"{""excluded"": 2, ""pass"": 4}","{""LOCAL_CONFIDENCE_PASS_CONTEXT_PENDING"": 4, ""TARGET_PLDDT_BELOW_90"": 2}",held,0.1.0
75,O08691,AF-O08691-F1,6,"{""excluded"": 2, ""pass"": 4}","{""LOCAL_CONFIDENCE_PASS_CONTEXT_PENDING"": 4, ""TARGET_PLDDT_BELOW_90"": 2}",held,0.1.0
76,O08707,AF-O08707-F1,10,"{""excluded"": 3, ""pass"": 7}","{""LOCAL_CONFIDENCE_PASS_CONTEXT_PENDING"": 7, ""TARGET_PLDDT_BELOW_90"": 3}",held,0.1.0
78,O08746,AF-O08746-F1,68,"{""excluded"": 68}","{""TARGET_PLDDT_BELOW_90"": 68}",held,0.1.0
79,O08969,AF-O08969-F1,5,"{""pass"": 5}","{""LOCAL_CONFIDENCE_PASS_CONTEXT_PENDING"": 5}",held,0.1.0
80,O09133,AF-O09133-F1,4,"{""excluded"": 4}","{""TARGET_PLDDT_BELOW_90"": 4}",held,0.1.0
81,O09174,AF-O09174-F1,6,"{""pass"": 6}","{""LOCAL_CONFIDENCE_PASS_CONTEXT_PENDING"": 6}",held,0.1.0
82,O35074,AF-O35074-F1,2,"{""pass"": 2}","{""LOCAL_CONFIDENCE_PASS_CONTEXT_PENDING"": 2}",held,0.1.0
84,O35082,AF-O35082-F1,12,"{""excluded"": 5, ""pass"": 7}","{""LOCAL_CONFIDENCE_PASS_CONTEXT_PENDING"": 7, ""NEIGHBOR_PLDDT_BELOW_70"": 1, ""TARGET_PLDDT_BELOW_90"": 4}",held,0.1.0
85,O35103,AF-O35103-F1,10,"{""excluded"": 2, ""pass"": 8}","{""LOCAL_CONFIDENCE_PASS_CONTEXT_PENDING"": 8, ""TARGET_PLDDT_BELOW_90"": 2}",held,0.1.0
86,O35177,AF-O35177-F1,14,"{""excluded"": 11, ""pass"": 3}","{""LOCAL_CONFIDENCE_PASS_CONTEXT_PENDING"": 3, ""NEIGHBOR_PLDDT_BELOW_70"": 2, ""TARGET_PLDDT_BELOW_90"": 9}",held,0.1.0
87,O35182,AF-O35182-F1,15,"{""excluded"": 5, ""pass"": 10}","{""LOCAL_CONFIDENCE_PASS_CONTEXT_PENDING"": 10, ""TARGET_PLDDT_BELOW_90"": 5}",held,0.1.0
88,O35228,AF-O35228-F1,5,"{""pass"": 5}","{""LOCAL_CONFIDENCE_PASS_CONTEXT_PENDING"": 5}",held,0.1.0
92,O35316,AF-O35316-F1,19,"{""excluded"": 2, ""pass"": 17}","{""LOCAL_CONFIDENCE_PASS_CONTEXT_PENDING"": 17, ""TARGET_PLDDT_BELOW_90"": 2}",held,0.1.0
96,O35425,AF-O35425-F1,5,"{""excluded"": 3, ""pass"": 2}","{""LOCAL_CONFIDENCE_PASS_CONTEXT_PENDING"": 2, ""NEIGHBOR_PLDDT_BELOW_70"": 1, ""TARGET_PLDDT_BELOW_90"": 2}",held,0.1.0
97,O35600,AF-O35600-F1,40,"{""excluded"": 39, ""pass"": 1}","{""LOCAL_CONFIDENCE_PASS_CONTEXT_PENDING"": 1, ""TARGET_PLDDT_BELOW_90"": 39}",held,0.1.0
98,O35604,AF-O35604-F1,47,"{""excluded"": 21, ""pass"": 26}","{""LOCAL_CONFIDENCE_PASS_CONTEXT_PENDING"": 26, ""TARGET_PLDDT_BELOW_90"": 21}",held,0.1.0
99,O35608,AF-O35608-F1,8,"{""excluded"": 3, ""pass"": 5}","{""LOCAL_CONFIDENCE_PASS_CONTEXT_PENDING"": 5, ""TARGET_PLDDT_BELOW_90"": 3}",held,0.1.0
100,O35639,AF-O35639-F1,3,"{""pass"": 3}","{""LOCAL_CONFIDENCE_PASS_CONTEXT_PENDING"": 3}",held,0.1.0
101,O35640,AF-O35640-F1,4,"{""pass"": 4}","{""LOCAL_CONFIDENCE_PASS_CONTEXT_PENDING"": 4}",held,0.1.0
102,O35655,AF-O35655-F1,7,"{""excluded"": 2, ""pass"": 5}","{""LOCAL_CONFIDENCE_PASS_CONTEXT_PENDING"": 5, ""TARGET_PLDDT_BELOW_90"": 2}",held,0.1.0
103,O35682,AF-O35682-F1,13,"{""excluded"": 3, ""pass"": 10}","{""LOCAL_CONFIDENCE_PASS_CONTEXT_PENDING"": 10, ""TARGET_PLDDT_BELOW_90"": 3}",held,0.1.0
104,O35709,AF-O35709-F1,21,"{""excluded"": 9, ""pass"": 12}","{""LOCAL_CONFIDENCE_PASS_CONTEXT_PENDING"": 12, ""TARGET_PLDDT_BELOW_90"": 9}",held,0.1.0
107,O35969,AF-O35969-F1,5,"{""pass"": 5}","{""LOCAL_CONFIDENCE_PASS_CONTEXT_PENDING"": 5}",held,0.1.0
109,O54786,AF-O54786-F1,8,"{""excluded"": 8}","{""TARGET_PLDDT_BELOW_90"": 8}",held,0.1.0
112,O54824,AF-O54824-F1,29,"{""excluded"": 29}","{""TARGET_PLDDT_BELOW_90"": 29}",held,0.1.0
113,O54890,AF-O54890-F1,56,"{""excluded"": 25, ""pass"": 31}","{""LOCAL_CONFIDENCE_PASS_CONTEXT_PENDING"": 31, ""TARGET_PLDDT_BELOW_90"": 25}",held,0.1.0
117,O54983,AF-O54983-F1,3,"{""pass"": 3}","{""LOCAL_CONFIDENCE_PASS_CONTEXT_PENDING"": 3}",held,0.1.0
124,O55137,AF-O55137-F1,4,"{""excluded"": 1, ""pass"": 3}","{""LOCAL_CONFIDENCE_PASS_CONTEXT_PENDING"": 3, ""TARGET_PLDDT_BELOW_90"": 1}",held,0.1.0
125,O55240,AF-O55240-F1,6,"{""pass"": 6}","{""LOCAL_CONFIDENCE_PASS_CONTEXT_PENDING"": 6}",held,0.1.0
127,O55242,AF-O55242-F1,1,"{""pass"": 1}","{""LOCAL_CONFIDENCE_PASS_CONTEXT_PENDING"": 1}",held,0.1.0
128,O70126,AF-O70126-F1,4,"{""excluded"": 1, ""pass"": 3}","{""LOCAL_CONFIDENCE_PASS_CONTEXT_PENDING"": 3, ""TARGET_PLDDT_BELOW_90"": 1}",held,0.1.0
129,O70299,AF-O70299-F1,13,"{""excluded"": 2, ""pass"": 11}","{""LOCAL_CONFIDENCE_PASS_CONTEXT_PENDING"": 11, ""NEIGHBOR_PLDDT_BELOW_70"": 1, ""TARGET_PLDDT_BELOW_90"": 1}",held,0.1.0
131,O70370,AF-O70370-F1,12,"{""excluded"": 2, ""pass"": 10}","{""LOCAL_CONFIDENCE_PASS_CONTEXT_PENDING"": 10, ""TARGET_PLDDT_BELOW_90"": 2}",held,0.1.0
160,O70422,AF-O70422-F1,3,"{""excluded"": 2, ""pass"": 1}","{""LOCAL_CONFIDENCE_PASS_CONTEXT_PENDING"": 1, ""TARGET_PLDDT_BELOW_90"": 2}",held,0.1.0
162,O70503,AF-O70503-F1,4,"{""excluded"": 2, ""pass"": 2}","{""LOCAL_CONFIDENCE_PASS_CONTEXT_PENDING"": 2, ""TARGET_PLDDT_BELOW_90"": 2}",held,0.1.0
163,O70514,AF-O70514-F1,10,"{""excluded"": 3, ""pass"": 7}","{""LOCAL_CONFIDENCE_PASS_CONTEXT_PENDING"": 7, ""TARGET_PLDDT_BELOW_90"": 3}",held,0.1.0
164,O70571,AF-O70571-F1,6,"{""excluded"": 3, ""pass"": 3}","{""LOCAL_CONFIDENCE_PASS_CONTEXT_PENDING"": 3, ""NEIGHBOR_PLDDT_BELOW_70"": 1, ""TARGET_PLDDT_BELOW_90"": 2}",held,0.1.0
165,O88188,AF-O88188-F1,6,"{""pass"": 6}","{""LOCAL_CONFIDENCE_PASS_CONTEXT_PENDING"": 6}",held,0.1.0
172,O88428,AF-O88428-F1,11,"{""pass"": 11}","{""LOCAL_CONFIDENCE_PASS_CONTEXT_PENDING"": 11}",held,0.1.0
174,O88492,AF-O88492-F1,17,"{""excluded"": 17}","{""TARGET_PLDDT_BELOW_90"": 17}",held,0.1.0
175,O88507,AF-O88507-F1,9,"{""excluded"": 3, ""pass"": 6}","{""LOCAL_CONFIDENCE_PASS_CONTEXT_PENDING"": 6, ""TARGET_PLDDT_BELOW_90"": 3}",held,0.1.0
176,O88551,AF-O88551-F1,7,"{""excluded"": 4, ""pass"": 3}","{""LOCAL_CONFIDENCE_PASS_CONTEXT_PENDING"": 3, ""TARGET_PLDDT_BELOW_90"": 4}",held,0.1.0
177,O88593,AF-O88593-F1,7,"{""excluded"": 3, ""pass"": 4}","{""LOCAL_CONFIDENCE_PASS_CONTEXT_PENDING"": 4, ""NEIGHBOR_PLDDT_BELOW_70"": 1, ""TARGET_PLDDT_BELOW_90"": 2}",held,0.1.0
178,O88736,AF-O88736-F1,6,"{""excluded"": 1, ""pass"": 5}","{""LOCAL_CONFIDENCE_PASS_CONTEXT_PENDING"": 5, ""TARGET_PLDDT_BELOW_90"": 1}",held,0.1.0
179,O88745,AF-O88745-F1,8,"{""excluded"": 2, ""pass"": 6}","{""LOCAL_CONFIDENCE_PASS_CONTEXT_PENDING"": 6, ""TARGET_PLDDT_BELOW_90"": 2}",held,0.1.0
180,O88822,AF-O88822-F1,2,"{""excluded"": 1, ""pass"": 1}","{""LOCAL_CONFIDENCE_PASS_CONTEXT_PENDING"": 1, ""TARGET_PLDDT_BELOW_90"": 1}",held,0.1.0
181,O88844,AF-O88844-F1,7,"{""pass"": 7}","{""LOCAL_CONFIDENCE_PASS_CONTEXT_PENDING"": 7}",held,0.1.0
194,O89091,AF-O89091-F1,14,"{""excluded"": 14}","{""TARGET_PLDDT_BELOW_90"": 14}",held,0.1.0
195,P00329,AF-P00329-F1,15,"{""pass"": 15}","{""LOCAL_CONFIDENCE_PASS_CONTEXT_PENDING"": 15}",held,0.1.0
196,P00687,AF-P00687-F1,12,"{""excluded"": 1, ""pass"": 11}","{""LOCAL_CONFIDENCE_PASS_CONTEXT_PENDING"": 11, ""TARGET_PLDDT_BELOW_90"": 1}",held,0.1.0
198,P01101,AF-P01101-F1,8,"{""excluded"": 6, ""pass"": 2}","{""LOCAL_CONFIDENCE_PASS_CONTEXT_PENDING"": 2, ""TARGET_PLDDT_BELOW_90"": 6}",held,0.1.0
200,P02798,AF-P02798-F1,20,"{""excluded"": 19, ""pass"": 1}","{""LOCAL_CONFIDENCE_PASS_CONTEXT_PENDING"": 1, ""NEIGHBOR_PLDDT_BELOW_70"": 1, ""TARGET_PLDDT_BELOW_90"": 18}",held,0.1.0
202,P04441,AF-P04441-F1,7,"{""excluded"": 2, ""pass"": 5}","{""LOCAL_CONFIDENCE_PASS_CONTEXT_PENDING"": 5, ""TARGET_PLDDT_BELOW_90"": 2}",held,0.1.0
204,P05063,AF-P05063-F1,7,"{""pass"": 7}","{""LOCAL_CONFIDENCE_PASS_CONTEXT_PENDING"": 7}",held,0.1.0
207,P05532,AF-P05532-F1,22,"{""excluded"": 11, ""pass"": 11}","{""LOCAL_CONFIDENCE_PASS_CONTEXT_PENDING"": 11, ""NEIGHBOR_PLDDT_BELOW_70"": 1, ""TARGET_PLDDT_BELOW_90"": 10}",held,0.1.0
212,P06801,AF-P06801-F1,11,"{""pass"": 11}","{""LOCAL_CONFIDENCE_PASS_CONTEXT_PENDING"": 11}",held,0.1.0
213,P06909,AF-P06909-F1,82,"{""excluded"": 78, ""pass"": 4}","{""LOCAL_CONFIDENCE_PASS_CONTEXT_PENDING"": 4, ""TARGET_PLDDT_BELOW_90"": 78}",held,0.1.0
215,P07901,AF-P07901-F1,7,"{""excluded"": 1, ""pass"": 6}","{""LOCAL_CONFIDENCE_PASS_CONTEXT_PENDING"": 6, ""TARGET_PLDDT_BELOW_90"": 1}",held,0.1.0
223,P08103,AF-P08103-F1,8,"{""excluded"": 3, ""pass"": 5}","{""LOCAL_CONFIDENCE_PASS_CONTEXT_PENDING"": 5, ""TARGET_PLDDT_BELOW_90"": 3}",held,0.1.0
224,P08122,AF-P08122-F1,21,"{""excluded"": 9, ""pass"": 12}","{""LOCAL_CONFIDENCE_PASS_CONTEXT_PENDING"": 12, ""TARGET_PLDDT_BELOW_90"": 9}",held,0.1.0
225,P08551,AF-P08551-F1,1,"{""excluded"": 1}","{""TARGET_PLDDT_BELOW_90"": 1}",held,0.1.0
227,P09470,AF-P09470-F1,15,"{""excluded"": 3, ""pass"": 12}","{""LOCAL_CONFIDENCE_PASS_CONTEXT_PENDING"": 12, ""TARGET_PLDDT_BELOW_90"": 3}",held,0.1.0
228,P0DP59,AF-P0DP59-F1,10,"{""pass"": 10}","{""LOCAL_CONFIDENCE_PASS_CONTEXT_PENDING"": 10}",held,0.1.0
229,P10148,AF-P10148-F1,4,"{""pass"": 4}","{""LOCAL_CONFIDENCE_PASS_CONTEXT_PENDING"": 4}",held,0.1.0
230,P10639,AF-P10639-F1,6,"{""pass"": 6}","{""LOCAL_CONFIDENCE_PASS_CONTEXT_PENDING"": 6}",held,0.1.0
232,P10649,AF-P10649-F1,2,"{""pass"": 2}","{""LOCAL_CONFIDENCE_PASS_CONTEXT_PENDING"": 2}",held,0.1.0
233,P10761,AF-P10761-F1,16,"{""excluded"": 5, ""pass"": 11}","{""LOCAL_CONFIDENCE_PASS_CONTEXT_PENDING"": 11, ""NEIGHBOR_PLDDT_BELOW_70"": 1, ""TARGET_PLDDT_BELOW_90"": 4}",held,0.1.0
260,P11214,AF-P11214-F1,36,"{""excluded"": 22, ""pass"": 14}","{""LOCAL_CONFIDENCE_PASS_CONTEXT_PENDING"": 14, ""NEIGHBOR_PLDDT_BELOW_70"": 3, ""TARGET_PLDDT_BELOW_90"": 19}",held,0.1.0
261,P11276,AF-P11276-F1,64,"{""excluded"": 64}","{""TARGET_PLDDT_BELOW_90"": 64}",held,0.1.0
264,P11680,AF-P11680-F1,44,"{""excluded"": 26, ""pass"": 18}","{""LOCAL_CONFIDENCE_PASS_CONTEXT_PENDING"": 18, ""TARGET_PLDDT_BELOW_90"": 26}",held,0.1.0
265,P11688,AF-P11688-F1,20,"{""excluded"": 4, ""pass"": 16}","{""LOCAL_CONFIDENCE_PASS_CONTEXT_PENDING"": 16, ""TARGET_PLDDT_BELOW_90"": 4}",held,0.1.0
267,P12815,AF-P12815-F1,1,"{""pass"": 1}","{""LOCAL_CONFIDENCE_PASS_CONTEXT_PENDING"": 1}",held,0.1.0
272,P13020,AF-P13020-F1,7,"{""excluded"": 3, ""pass"": 4}","{""LOCAL_CONFIDENCE_PASS_CONTEXT_PENDING"": 4, ""TARGET_PLDDT_BELOW_90"": 3}",held,0.1.0
289,P13516,AF-P13516-F1,5,"{""pass"": 5}","{""LOCAL_CONFIDENCE_PASS_CONTEXT_PENDING"": 5}",held,0.1.0
294,P14901,AF-P14901-F1,1,"{""pass"": 1}","{""LOCAL_CONFIDENCE_PASS_CONTEXT_PENDING"": 1}",held,0.1.0
296,P15105,AF-P15105-F1,13,"{""pass"": 13}","{""LOCAL_CONFIDENCE_PASS_CONTEXT_PENDING"": 13}",held,0.1.0
297,P15530,AF-P15530-F1,6,"{""excluded"": 4, ""pass"": 2}","{""LOCAL_CONFIDENCE_PASS_CONTEXT_PENDING"": 2, ""TARGET_PLDDT_BELOW_90"": 4}",held,0.1.0
303,P15532,AF-P15532-F1,2,"{""pass"": 2}","{""LOCAL_CONFIDENCE_PASS_CONTEXT_PENDING"": 2}",held,0.1.0
329,P15535,AF-P15535-F1,7,"{""excluded"": 1, ""pass"": 6}","{""LOCAL_CONFIDENCE_PASS_CONTEXT_PENDING"": 6, ""TARGET_PLDDT_BELOW_90"": 1}",held,0.1.0
330,P16045,AF-P16045-F1,6,"{""excluded"": 1, ""pass"": 5}","{""LOCAL_CONFIDENCE_PASS_CONTEXT_PENDING"": 5, ""TARGET_PLDDT_BELOW_90"": 1}",held,0.1.0
336,P16330,AF-P16330-F1,7,"{""excluded"": 1, ""pass"": 6}","{""LOCAL_CONFIDENCE_PASS_CONTEXT_PENDING"": 6, ""TARGET_PLDDT_BELOW_90"": 1}",held,0.1.0
386,P16460,AF-P16460-F1,5,"{""pass"": 5}","{""LOCAL_CONFIDENCE_PASS_CONTEXT_PENDING"": 5}",held,0.1.0
387,P17156,AF-P17156-F1,5,"{""excluded"": 2, ""pass"": 3}","{""LOCAL_CONFIDENCE_PASS_CONTEXT_PENDING"": 3, ""TARGET_PLDDT_BELOW_90"": 2}",held,0.1.0
388,P17563,AF-P17563-F1,10,"{""excluded"": 2, ""pass"": 8}","{""LOCAL_CONFIDENCE_PASS_CONTEXT_PENDING"": 8, ""TARGET_PLDDT_BELOW_90"": 2}",held,0.1.0
390,P18581,AF-P18581-F1,15,"{""excluded"": 9, ""pass"": 6}","{""LOCAL_CONFIDENCE_PASS_CONTEXT_PENDING"": 6, ""TARGET_PLDDT_BELOW_90"": 9}",held,0.1.0
391,P19246,AF-P19246-F1,5,"{""excluded"": 4, ""pass"": 1}","{""LOCAL_CONFIDENCE_PASS_CONTEXT_PENDING"": 1, ""TARGET_PLDDT_BELOW_90"": 4}",held,0.1.0
392,P19788,AF-P19788-F1,3,"{""excluded"": 1, ""pass"": 2}","{""LOCAL_CONFIDENCE_PASS_CONTEXT_PENDING"": 2, ""TARGET_PLDDT_BELOW_90"": 1}",held,0.1.0
394,P21237,AF-P21237-F1,7,"{""excluded"": 1, ""pass"": 6}","{""LOCAL_CONFIDENCE_PASS_CONTEXT_PENDING"": 6, ""TARGET_PLDDT_BELOW_90"": 1}",held,0.1.0
395,P21275,AF-P21275-F1,8,"{""excluded"": 1, ""pass"": 7}","{""LOCAL_CONFIDENCE_PASS_CONTEXT_PENDING"": 7, ""TARGET_PLDDT_BELOW_90"": 1}",held,0.1.0
396,P21460,AF-P21460-F1,4,"{""pass"": 4}","{""LOCAL_CONFIDENCE_PASS_CONTEXT_PENDING"": 4}",held,0.1.0
399,P21855,AF-P21855-F1,15,"{""excluded"": 8, ""pass"": 7}","{""LOCAL_CONFIDENCE_PASS_CONTEXT_PENDING"": 7, ""NEIGHBOR_PLDDT_BELOW_70"": 2, ""TARGET_PLDDT_BELOW_90"": 6}",held,0.1.0
402,P21956,AF-P21956-F1,20,"{""excluded"": 18, ""pass"": 2}","{""LOCAL_CONFIDENCE_PASS_CONTEXT_PENDING"": 2, ""TARGET_PLDDT_BELOW_90"": 18}",held,0.1.0
404,P21995,AF-P21995-F1,9,"{""excluded"": 1, ""pass"": 8}","{""LOCAL_CONFIDENCE_PASS_CONTEXT_PENDING"": 8, ""TARGET_PLDDT_BELOW_90"": 1}",held,0.1.0
405,P22272,AF-P22272-F1,12,"{""excluded"": 3, ""pass"": 9}","{""LOCAL_CONFIDENCE_PASS_CONTEXT_PENDING"": 9, ""NEIGHBOR_PLDDT_BELOW_70"": 1, ""TARGET_PLDDT_BELOW_90"": 2}",held,0.1.0
407,P23440,AF-P23440-F1,21,"{""excluded"": 6, ""pass"": 15}","{""LOCAL_CONFIDENCE_PASS_CONTEXT_PENDING"": 15, ""TARGET_PLDDT_BELOW_90"": 6}",held,0.1.0
408,P23611,AF-P23611-F1,15,"{""excluded"": 10, ""pass"": 5}","{""LOCAL_CONFIDENCE_PASS_CONTEXT_PENDING"": 5, ""NEIGHBOR_PLDDT_BELOW_70"": 2, ""TARGET_PLDDT_BELOW_90"": 8}",held,0.1.0
409,P24288,AF-P24288-F1,10,"{""excluded"": 4, ""pass"": 6}","{""LOCAL_CONFIDENCE_PASS_CONTEXT_PENDING"": 6, ""NEIGHBOR_PLDDT_BELOW_70"": 1, ""TARGET_PLDDT_BELOW_90"": 3}",held,0.1.0
410,P24549,AF-P24549-F1,11,"{""pass"": 11}","{""LOCAL_CONFIDENCE_PASS_CONTEXT_PENDING"": 11}",held,0.1.0
419,P24860,AF-P24860-F1,8,"{""excluded"": 4, ""pass"": 4}","{""LOCAL_CONFIDENCE_PASS_CONTEXT_PENDING"": 4, ""TARGET_PLDDT_BELOW_90"": 4}",held,0.1.0
420,P26049,AF-P26049-F1,4,"{""pass"": 4}","{""LOCAL_CONFIDENCE_PASS_CONTEXT_PENDING"": 4}",held,0.1.0
425,P26450,AF-P26450-F1,8,"{""excluded"": 3, ""pass"": 5}","{""LOCAL_CONFIDENCE_PASS_CONTEXT_PENDING"": 5, ""TARGET_PLDDT_BELOW_90"": 3}",held,0.1.0
427,P26618,AF-P26618-F1,17,"{""excluded"": 9, ""pass"": 8}","{""LOCAL_CONFIDENCE_PASS_CONTEXT_PENDING"": 8, ""TARGET_PLDDT_BELOW_90"": 9}",held,0.1.0
428,P27671,AF-P27671-F1,21,"{""excluded"": 15, ""pass"": 6}","{""LOCAL_CONFIDENCE_PASS_CONTEXT_PENDING"": 6, ""TARGET_PLDDT_BELOW_90"": 15}",held,0.1.0
430,P27784,AF-P27784-F1,6,"{""excluded"": 2, ""pass"": 4}","{""LOCAL_CONFIDENCE_PASS_CONTEXT_PENDING"": 4, ""NEIGHBOR_PLDDT_BELOW_70"": 2}",held,0.1.0
431,P28301,AF-P28301-F1,12,"{""excluded"": 8, ""pass"": 4}","{""LOCAL_CONFIDENCE_PASS_CONTEXT_PENDING"": 4, ""NEIGHBOR_PLDDT_BELOW_70"": 3, ""TARGET_PLDDT_BELOW_90"": 5}",held,0.1.0
432,P28652,AF-P28652-F1,13,"{""excluded"": 4, ""pass"": 9}","{""LOCAL_CONFIDENCE_PASS_CONTEXT_PENDING"": 9, ""NEIGHBOR_PLDDT_BELOW_70"": 1, ""TARGET_PLDDT_BELOW_90"": 3}",held,0.1.0
433,P28654,AF-P28654-F1,6,"{""excluded"": 1, ""pass"": 5}","{""LOCAL_CONFIDENCE_PASS_CONTEXT_PENDING"": 5, ""TARGET_PLDDT_BELOW_90"": 1}",held,0.1.0
434,P28843,AF-P28843-F1,12,"{""pass"": 12}","{""LOCAL_CONFIDENCE_PASS_CONTEXT_PENDING"": 12}",held,0.1.0
435,P29268,AF-P29268-F1,39,"{""excluded"": 20, ""pass"": 19}","{""LOCAL_CONFIDENCE_PASS_CONTEXT_PENDING"": 19, ""NEIGHBOR_PLDDT_BELOW_70"": 1, ""TARGET_PLDDT_BELOW_90"": 19}",held,0.1.0
436,P29352,AF-P29352-F1,21,"{""excluded"": 14, ""pass"": 7}","{""LOCAL_CONFIDENCE_PASS_CONTEXT_PENDING"": 7, ""NEIGHBOR_PLDDT_BELOW_70"": 2, ""TARGET_PLDDT_BELOW_90"": 12}",held,0.1.0
438,P29452,AF-P29452-F1,11,"{""excluded"": 5, ""pass"": 6}","{""LOCAL_CONFIDENCE_PASS_CONTEXT_PENDING"": 6, ""NEIGHBOR_PLDDT_BELOW_70"": 2, ""TARGET_PLDDT_BELOW_90"": 3}",held,0.1.0
439,P29754,AF-P29754-F1,10,"{""excluded"": 2, ""pass"": 8}","{""LOCAL_CONFIDENCE_PASS_CONTEXT_PENDING"": 8, ""TARGET_PLDDT_BELOW_90"": 2}",held,0.1.0
440,P30276,AF-P30276-F1,6,"{""excluded"": 3, ""pass"": 3}","{""LOCAL_CONFIDENCE_PASS_CONTEXT_PENDING"": 3, ""TARGET_PLDDT_BELOW_90"": 3}",held,0.1.0
441,P30545,AF-P30545-F1,13,"{""excluded"": 5, ""pass"": 8}","{""LOCAL_CONFIDENCE_PASS_CONTEXT_PENDING"": 8, ""TARGET_PLDDT_BELOW_90"": 5}",held,0.1.0
442,P30658,AF-P30658-F1,5,"{""excluded"": 4, ""pass"": 1}","{""LOCAL_CONFIDENCE_PASS_CONTEXT_PENDING"": 1, ""TARGET_PLDDT_BELOW_90"": 4}",held,0.1.0
443,P30681,AF-P30681-F1,3,"{""excluded"": 1, ""pass"": 2}","{""LOCAL_CONFIDENCE_PASS_CONTEXT_PENDING"": 2, ""TARGET_PLDDT_BELOW_90"": 1}",held,0.1.0
447,P30731,AF-P30731-F1,11,"{""excluded"": 3, ""pass"": 8}","{""LOCAL_CONFIDENCE_PASS_CONTEXT_PENDING"": 8, ""TARGET_PLDDT_BELOW_90"": 3}",held,0.1.0
449,P31310,AF-P31310-F1,9,"{""excluded"": 8, ""pass"": 1}","{""LOCAL_CONFIDENCE_PASS_CONTEXT_PENDING"": 1, ""TARGET_PLDDT_BELOW_90"": 8}",held,0.1.0
450,P31428,AF-P31428-F1,8,"{""excluded"": 1, ""pass"": 7}","{""LOCAL_CONFIDENCE_PASS_CONTEXT_PENDING"": 7, ""TARGET_PLDDT_BELOW_90"": 1}",held,0.1.0
451,P31648,AF-P31648-F1,14,"{""pass"": 14}","{""LOCAL_CONFIDENCE_PASS_CONTEXT_PENDING"": 14}",held,0.1.0
452,P31750,AF-P31750-F1,7,"{""excluded"": 5, ""pass"": 2}","{""LOCAL_CONFIDENCE_PASS_CONTEXT_PENDING"": 2, ""TARGET_PLDDT_BELOW_90"": 5}",held,0.1.0
453,P35413,AF-P35413-F1,13,"{""excluded"": 6, ""pass"": 7}","{""LOCAL_CONFIDENCE_PASS_CONTEXT_PENDING"": 7, ""TARGET_PLDDT_BELOW_90"": 6}",held,0.1.0
455,P37804,AF-P37804-F1,1,"{""pass"": 1}","{""LOCAL_CONFIDENCE_PASS_CONTEXT_PENDING"": 1}",held,0.1.0
457,P38060,AF-P38060-F1,8,"{""excluded"": 2, ""pass"": 6}","{""LOCAL_CONFIDENCE_PASS_CONTEXT_PENDING"": 6, ""TARGET_PLDDT_BELOW_90"": 2}",held,0.1.0
458,P38585,AF-P38585-F1,7,"{""excluded"": 2, ""pass"": 5}","{""LOCAL_CONFIDENCE_PASS_CONTEXT_PENDING"": 5, ""TARGET_PLDDT_BELOW_90"": 2}",held,0.1.0
459,P39689,AF-P39689-F1,6,"{""excluded"": 3, ""pass"": 3}","{""LOCAL_CONFIDENCE_PASS_CONTEXT_PENDING"": 3, ""TARGET_PLDDT_BELOW_90"": 3}",held,0.1.0
461,P40224,AF-P40224-F1,5,"{""excluded"": 4, ""pass"": 1}","{""LOCAL_CONFIDENCE_PASS_CONTEXT_PENDING"": 1, ""TARGET_PLDDT_BELOW_90"": 4}",held,0.1.0
462,P40749,AF-P40749-F1,7,"{""excluded"": 5, ""pass"": 2}","{""LOCAL_CONFIDENCE_PASS_CONTEXT_PENDING"": 2, ""TARGET_PLDDT_BELOW_90"": 5}",held,0.1.0
463,P40936,AF-P40936-F1,11,"{""pass"": 11}","{""LOCAL_CONFIDENCE_PASS_CONTEXT_PENDING"": 11}",held,0.1.0
464,P41588,AF-P41588-F1,21,"{""excluded"": 16, ""pass"": 5}","{""LOCAL_CONFIDENCE_PASS_CONTEXT_PENDING"": 5, ""NEIGHBOR_PLDDT_BELOW_70"": 1, ""TARGET_PLDDT_BELOW_90"": 15}",held,0.1.0
465,P43252,AF-P43252-F1,19,"{""excluded"": 12, ""pass"": 7}","{""LOCAL_CONFIDENCE_PASS_CONTEXT_PENDING"": 7, ""TARGET_PLDDT_BELOW_90"": 12}",held,0.1.0
469,P43883,AF-P43883-F1,5,"{""excluded"": 4, ""pass"": 1}","{""LOCAL_CONFIDENCE_PASS_CONTEXT_PENDING"": 1, ""TARGET_PLDDT_BELOW_90"": 4}",held,0.1.0
470,P47242,AF-P47242-F1,4,"{""excluded"": 1, ""pass"": 3}","{""LOCAL_CONFIDENCE_PASS_CONTEXT_PENDING"": 3, ""TARGET_PLDDT_BELOW_90"": 1}",held,0.1.0
471,P47801,AF-P47801-F1,7,"{""excluded"": 2, ""pass"": 5}","{""LOCAL_CONFIDENCE_PASS_CONTEXT_PENDING"": 5, ""TARGET_PLDDT_BELOW_90"": 2}",held,0.1.0
473,P47880,AF-P47880-F1,16,"{""excluded"": 8, ""pass"": 8}","{""LOCAL_CONFIDENCE_PASS_CONTEXT_PENDING"": 8, ""NEIGHBOR_PLDDT_BELOW_70"": 1, ""TARGET_PLDDT_BELOW_90"": 7}",held,0.1.0
474,P48168,AF-P48168-F1,13,"{""excluded"": 6, ""pass"": 7}","{""LOCAL_CONFIDENCE_PASS_CONTEXT_PENDING"": 7, ""NEIGHBOR_PLDDT_BELOW_70"": 1, ""TARGET_PLDDT_BELOW_90"": 5}",held,0.1.0
476,P48193,AF-P48193-F1,8,"{""excluded"": 1, ""pass"": 7}","{""LOCAL_CONFIDENCE_PASS_CONTEXT_PENDING"": 7, ""TARGET_PLDDT_BELOW_90"": 1}",held,0.1.0
477,P48302,AF-P48302-F1,20,"{""excluded"": 14, ""pass"": 6}","{""LOCAL_CONFIDENCE_PASS_CONTEXT_PENDING"": 6, ""NEIGHBOR_PLDDT_BELOW_70"": 1, ""TARGET_PLDDT_BELOW_90"": 13}",held,0.1.0
478,P48316,AF-P48316-F1,6,"{""pass"": 6}","{""LOCAL_CONFIDENCE_PASS_CONTEXT_PENDING"": 6}",held,0.1.0
479,P48744,AF-P48744-F1,11,"{""pass"": 11}","{""LOCAL_CONFIDENCE_PASS_CONTEXT_PENDING"": 11}",held,0.1.0
480,P49710,AF-P49710-F1,1,"{""pass"": 1}","{""LOCAL_CONFIDENCE_PASS_CONTEXT_PENDING"": 1}",held,0.1.0
482,P49817,AF-P49817-F1,3,"{""excluded"": 2, ""pass"": 1}","{""LOCAL_CONFIDENCE_PASS_CONTEXT_PENDING"": 1, ""TARGET_PLDDT_BELOW_90"": 2}",held,0.1.0
484,P49919,AF-P49919-F1,3,"{""excluded"": 3}","{""TARGET_PLDDT_BELOW_90"": 3}",held,0.1.0
485,P50114,AF-P50114-F1,2,"{""excluded"": 1, ""pass"": 1}","{""LOCAL_CONFIDENCE_PASS_CONTEXT_PENDING"": 1, ""TARGET_PLDDT_BELOW_90"": 1}",held,0.1.0
487,P50540,AF-P50540-F1,3,"{""excluded"": 2, ""pass"": 1}","{""LOCAL_CONFIDENCE_PASS_CONTEXT_PENDING"": 1, ""TARGET_PLDDT_BELOW_90"": 2}",held,0.1.0
488,P50544,AF-P50544-F1,7,"{""pass"": 7}","{""LOCAL_CONFIDENCE_PASS_CONTEXT_PENDING"": 7}",held,0.1.0
491,P50571,AF-P50571-F1,5,"{""excluded"": 2, ""pass"": 3}","{""LOCAL_CONFIDENCE_PASS_CONTEXT_PENDING"": 3, ""TARGET_PLDDT_BELOW_90"": 2}",held,0.1.0
492,P51163,AF-P51163-F1,7,"{""excluded"": 2, ""pass"": 5}","{""LOCAL_CONFIDENCE_PASS_CONTEXT_PENDING"": 5, ""TARGET_PLDDT_BELOW_90"": 2}",held,0.1.0
493,P51569,AF-P51569-F1,16,"{""excluded"": 2, ""pass"": 14}","{""LOCAL_CONFIDENCE_PASS_CONTEXT_PENDING"": 14, ""TARGET_PLDDT_BELOW_90"": 2}",held,0.1.0
494,P51642,AF-P51642-F1,1,"{""pass"": 1}","{""LOCAL_CONFIDENCE_PASS_CONTEXT_PENDING"": 1}",held,0.1.0
495,P51670,AF-P51670-F1,6,"{""excluded"": 2, ""pass"": 4}","{""LOCAL_CONFIDENCE_PASS_CONTEXT_PENDING"": 4, ""NEIGHBOR_PLDDT_BELOW_70"": 2}",held,0.1.0
496,P51860,AF-P51860-F1,9,"{""excluded"": 8, ""pass"": 1}","{""LOCAL_CONFIDENCE_PASS_CONTEXT_PENDING"": 1, ""TARGET_PLDDT_BELOW_90"": 8}",held,0.1.0
497,P51880,AF-P51880-F1,5,"{""excluded"": 1, ""pass"": 4}","{""LOCAL_CONFIDENCE_PASS_CONTEXT_PENDING"": 4, ""TARGET_PLDDT_BELOW_90"": 1}",held,0.1.0
498,P51910,AF-P51910-F1,4,"{""excluded"": 2, ""pass"": 2}","{""LOCAL_CONFIDENCE_PASS_CONTEXT_PENDING"": 2, ""NEIGHBOR_PLDDT_BELOW_70"": 2}",held,0.1.0
499,P51945,AF-P51945-F1,11,"{""excluded"": 4, ""pass"": 7}","{""LOCAL_CONFIDENCE_PASS_CONTEXT_PENDING"": 7, ""TARGET_PLDDT_BELOW_90"": 4}",held,0.1.0
500,P52019,AF-P52019-F1,8,"{""excluded"": 6, ""pass"": 2}","{""LOCAL_CONFIDENCE_PASS_CONTEXT_PENDING"": 2, ""NEIGHBOR_PLDDT_BELOW_70"": 2, ""TARGET_PLDDT_BELOW_90"": 4}",held,0.1.0
501,P52293,AF-P52293-F1,6,"{""pass"": 6}","{""LOCAL_CONFIDENCE_PASS_CONTEXT_PENDING"": 6}",held,0.1.0
662,P52825,AF-P52825-F1,10,"{""excluded"": 2, ""pass"": 8}","{""LOCAL_CONFIDENCE_PASS_CONTEXT_PENDING"": 8, ""NEIGHBOR_PLDDT_BELOW_70"": 1, ""TARGET_PLDDT_BELOW_90"": 1}",held,0.1.0
663,P54130,AF-P54130-F1,2,"{""pass"": 2}","{""LOCAL_CONFIDENCE_PASS_CONTEXT_PENDING"": 2}",held,0.1.0
664,P54320,AF-P54320-F1,2,"{""excluded"": 2}","{""TARGET_PLDDT_BELOW_90"": 2}",held,0.1.0
665,P54369,AF-P54369-F1,7,"{""excluded"": 5, ""pass"": 2}","{""LOCAL_CONFIDENCE_PASS_CONTEXT_PENDING"": 2, ""TARGET_PLDDT_BELOW_90"": 5}",held,0.1.0
666,P55271,AF-P55271-F1,2,"{""pass"": 2}","{""LOCAL_CONFIDENCE_PASS_CONTEXT_PENDING"": 2}",held,0.1.0
668,P55284,AF-P55284-F1,5,"{""excluded"": 5}","{""TARGET_PLDDT_BELOW_90"": 5}",held,0.1.0
670,P56375,AF-P56375-F1,1,"{""pass"": 1}","{""LOCAL_CONFIDENCE_PASS_CONTEXT_PENDING"": 1}",held,0.1.0
671,P56389,AF-P56389-F1,7,"{""excluded"": 1, ""pass"": 6}","{""LOCAL_CONFIDENCE_PASS_CONTEXT_PENDING"": 6, ""TARGET_PLDDT_BELOW_90"": 1}",held,0.1.0
684,P56392,AF-P56392-F1,2,"{""pass"": 2}","{""LOCAL_CONFIDENCE_PASS_CONTEXT_PENDING"": 2}",held,0.1.0
686,P56476,AF-P56476-F1,5,"{""excluded"": 3, ""pass"": 2}","{""LOCAL_CONFIDENCE_PASS_CONTEXT_PENDING"": 2, ""TARGET_PLDDT_BELOW_90"": 3}",held,0.1.0
687,P56481,AF-P56481-F1,15,"{""excluded"": 10, ""pass"": 5}","{""LOCAL_CONFIDENCE_PASS_CONTEXT_PENDING"": 5, ""NEIGHBOR_PLDDT_BELOW_70"": 1, ""TARGET_PLDDT_BELOW_90"": 9}",held,0.1.0
688,P56485,AF-P56485-F1,13,"{""excluded"": 5, ""pass"": 8}","{""LOCAL_CONFIDENCE_PASS_CONTEXT_PENDING"": 8, ""TARGET_PLDDT_BELOW_90"": 5}",held,0.1.0
689,P57787,AF-P57787-F1,11,"{""excluded"": 4, ""pass"": 7}","{""LOCAL_CONFIDENCE_PASS_CONTEXT_PENDING"": 7, ""TARGET_PLDDT_BELOW_90"": 4}",held,0.1.0
690,P58006,AF-P58006-F1,11,"{""excluded"": 6, ""pass"": 5}","{""LOCAL_CONFIDENCE_PASS_CONTEXT_PENDING"": 5, ""TARGET_PLDDT_BELOW_90"": 6}",held,0.1.0
692,P58044,AF-P58044-F1,6,"{""pass"": 6}","{""LOCAL_CONFIDENCE_PASS_CONTEXT_PENDING"": 6}",held,0.1.0
695,P58459,AF-P58459-F1,66,"{""excluded"": 53, ""pass"": 13}","{""LOCAL_CONFIDENCE_PASS_CONTEXT_PENDING"": 13, ""TARGET_PLDDT_BELOW_90"": 53}",held,0.1.0
700,P58462,AF-P58462-F1,8,"{""excluded"": 7, ""pass"": 1}","{""LOCAL_CONFIDENCE_PASS_CONTEXT_PENDING"": 1, ""NEIGHBOR_PLDDT_BELOW_70"": 1, ""TARGET_PLDDT_BELOW_90"": 6}",held,0.1.0
701,P58686,AF-P58686-F1,1,"{""pass"": 1}","{""LOCAL_CONFIDENCE_PASS_CONTEXT_PENDING"": 1}",held,0.1.0
702,P58742,AF-P58742-F1,16,"{""excluded"": 10, ""pass"": 6}","{""LOCAL_CONFIDENCE_PASS_CONTEXT_PENDING"": 6, ""TARGET_PLDDT_BELOW_90"": 10}",held,0.1.0
703,P61014,AF-P61014-F1,3,"{""pass"": 3}","{""LOCAL_CONFIDENCE_PASS_CONTEXT_PENDING"": 3}",held,0.1.0
705,P61027,AF-P61027-F1,4,"{""excluded"": 2, ""pass"": 2}","{""LOCAL_CONFIDENCE_PASS_CONTEXT_PENDING"": 2, ""TARGET_PLDDT_BELOW_90"": 2}",held,0.1.0
706,P61079,AF-P61079-F1,4,"{""pass"": 4}","{""LOCAL_CONFIDENCE_PASS_CONTEXT_PENDING"": 4}",held,0.1.0
727,P61213,AF-P61213-F1,3,"{""pass"": 3}","{""LOCAL_CONFIDENCE_PASS_CONTEXT_PENDING"": 3}",held,0.1.0
728,P61216,AF-P61216-F1,1,"{""excluded"": 1}","{""NEIGHBOR_PLDDT_BELOW_70"": 1}",held,0.1.0
729,P61971,AF-P61971-F1,3,"{""pass"": 3}","{""LOCAL_CONFIDENCE_PASS_CONTEXT_PENDING"": 3}",held,0.1.0
730,P62073,AF-P62073-F1,4,"{""pass"": 4}","{""LOCAL_CONFIDENCE_PASS_CONTEXT_PENDING"": 4}",held,0.1.0
731,P62080,AF-P62080-F1,12,"{""excluded"": 2, ""pass"": 10}","{""LOCAL_CONFIDENCE_PASS_CONTEXT_PENDING"": 10, ""TARGET_PLDDT_BELOW_90"": 2}",held,0.1.0
732,P62334,AF-P62334-F1,5,"{""excluded"": 3, ""pass"": 2}","{""LOCAL_CONFIDENCE_PASS_CONTEXT_PENDING"": 2, ""TARGET_PLDDT_BELOW_90"": 3}",held,0.1.0
733,P62700,AF-P62700-F1,4,"{""pass"": 4}","{""LOCAL_CONFIDENCE_PASS_CONTEXT_PENDING"": 4}",held,0.1.0
734,P62827,AF-P62827-F1,3,"{""pass"": 3}","{""LOCAL_CONFIDENCE_PASS_CONTEXT_PENDING"": 3}",held,0.1.0
735,P63037,AF-P63037-F1,13,"{""excluded"": 9, ""pass"": 4}","{""LOCAL_CONFIDENCE_PASS_CONTEXT_PENDING"": 4, ""TARGET_PLDDT_BELOW_90"": 9}",held,0.1.0
737,P63038,AF-P63038-F1,3,"{""pass"": 3}","{""LOCAL_CONFIDENCE_PASS_CONTEXT_PENDING"": 3}",held,0.1.0
738,P63078,AF-P63078-F1,2,"{""excluded"": 1, ""pass"": 1}","{""LOCAL_CONFIDENCE_PASS_CONTEXT_PENDING"": 1, ""TARGET_PLDDT_BELOW_90"": 1}",held,0.1.0
740,P63087,AF-P63087-F1,13,"{""excluded"": 1, ""pass"": 12}","{""LOCAL_CONFIDENCE_PASS_CONTEXT_PENDING"": 12, ""TARGET_PLDDT_BELOW_90"": 1}",held,0.1.0
752,P63168,AF-P63168-F1,3,"{""excluded"": 1, ""pass"": 2}","{""LOCAL_CONFIDENCE_PASS_CONTEXT_PENDING"": 2, ""TARGET_PLDDT_BELOW_90"": 1}",held,0.1.0
753,P63239,AF-P63239-F1,11,"{""excluded"": 3, ""pass"": 8}","{""LOCAL_CONFIDENCE_PASS_CONTEXT_PENDING"": 8, ""TARGET_PLDDT_BELOW_90"": 3}",held,0.1.0
757,P63254,AF-P63254-F1,7,"{""pass"": 7}","{""LOCAL_CONFIDENCE_PASS_CONTEXT_PENDING"": 7}",held,0.1.0
758,P63268,AF-P63268-F1,7,"{""excluded"": 1, ""pass"": 6}","{""LOCAL_CONFIDENCE_PASS_CONTEXT_PENDING"": 6, ""TARGET_PLDDT_BELOW_90"": 1}",held,0.1.0
759,P68368,AF-P68368-F1,13,"{""excluded"": 1, ""pass"": 12}","{""LOCAL_CONFIDENCE_PASS_CONTEXT_PENDING"": 12, ""TARGET_PLDDT_BELOW_90"": 1}",held,0.1.0
773,P70120,AF-P70120-F1,2,"{""excluded"": 1, ""pass"": 1}","{""LOCAL_CONFIDENCE_PASS_CONTEXT_PENDING"": 1, ""TARGET_PLDDT_BELOW_90"": 1}",held,0.1.0
776,P70170,AF-P70170-F1,24,"{""excluded"": 12, ""pass"": 12}","{""LOCAL_CONFIDENCE_PASS_CONTEXT_PENDING"": 12, ""TARGET_PLDDT_BELOW_90"": 12}",held,0.1.0
777,P70210,AF-P70210-F1,3,"{""excluded"": 2, ""pass"": 1}","{""LOCAL_CONFIDENCE_PASS_CONTEXT_PENDING"": 1, ""TARGET_PLDDT_BELOW_90"": 2}",held,0.1.0
778,P70245,AF-P70245-F1,4,"{""pass"": 4}","{""LOCAL_CONFIDENCE_PASS_CONTEXT_PENDING"": 4}",held,0.1.0
779,P70378,AF-P70378-F1,6,"{""excluded"": 3, ""pass"": 3}","{""LOCAL_CONFIDENCE_PASS_CONTEXT_PENDING"": 3, ""TARGET_PLDDT_BELOW_90"": 3}",held,0.1.0
780,P70423,AF-P70423-F1,14,"{""excluded"": 9, ""pass"": 5}","{""LOCAL_CONFIDENCE_PASS_CONTEXT_PENDING"": 5, ""TARGET_PLDDT_BELOW_90"": 9}",held,0.1.0
781,P84075,AF-P84075-F1,2,"{""excluded"": 2}","{""TARGET_PLDDT_BELOW_90"": 2}",held,0.1.0
782,P86046,AF-P86046-F1,5,"{""excluded"": 1, ""pass"": 4}","{""LOCAL_CONFIDENCE_PASS_CONTEXT_PENDING"": 4, ""TARGET_PLDDT_BELOW_90"": 1}",held,0.1.0
783,P97297,AF-P97297-F1,2,"{""excluded"": 2}","{""TARGET_PLDDT_BELOW_90"": 2}",held,0.1.0
784,P97315,AF-P97315-F1,15,"{""excluded"": 14, ""pass"": 1}","{""LOCAL_CONFIDENCE_PASS_CONTEXT_PENDING"": 1, ""TARGET_PLDDT_BELOW_90"": 14}",held,0.1.0
785,P97430,AF-P97430-F1,17,"{""excluded"": 2, ""pass"": 15}","{""LOCAL_CONFIDENCE_PASS_CONTEXT_PENDING"": 15, ""TARGET_PLDDT_BELOW_90"": 2}",held,0.1.0
786,P97769,AF-P97769-F1,1,"{""excluded"": 1}","{""TARGET_PLDDT_BELOW_90"": 1}",held,0.1.0
787,P97794,AF-P97794-F1,9,"{""excluded"": 3, ""pass"": 6}","{""LOCAL_CONFIDENCE_PASS_CONTEXT_PENDING"": 6, ""TARGET_PLDDT_BELOW_90"": 3}",held,0.1.0
790,P98083,AF-P98083-F1,9,"{""excluded"": 6, ""pass"": 3}","{""LOCAL_CONFIDENCE_PASS_CONTEXT_PENDING"": 3, ""TARGET_PLDDT_BELOW_90"": 6}",held,0.1.0
791,Q00519,AF-Q00519-F1,37,"{""excluded"": 6, ""pass"": 31}","{""LOCAL_CONFIDENCE_PASS_CONTEXT_PENDING"": 31, ""TARGET_PLDDT_BELOW_90"": 6}",held,0.1.0
792,Q01320,AF-Q01320-F1,14,"{""excluded"": 5, ""pass"": 9}","{""LOCAL_CONFIDENCE_PASS_CONTEXT_PENDING"": 9, ""TARGET_PLDDT_BELOW_90"": 5}",held,0.1.0
793,Q01721,AF-Q01721-F1,23,"{""excluded"": 6, ""pass"": 17}","{""LOCAL_CONFIDENCE_PASS_CONTEXT_PENDING"": 17, ""TARGET_PLDDT_BELOW_90"": 6}",held,0.1.0
794,Q02788,AF-Q02788-F1,20,"{""excluded"": 19, ""pass"": 1}","{""LOCAL_CONFIDENCE_PASS_CONTEXT_PENDING"": 1, ""TARGET_PLDDT_BELOW_90"": 19}",held,0.1.0
795,Q03160,AF-Q03160-F1,16,"{""excluded"": 5, ""pass"": 11}","{""LOCAL_CONFIDENCE_PASS_CONTEXT_PENDING"": 11, ""TARGET_PLDDT_BELOW_90"": 5}",held,0.1.0
796,Q03526,AF-Q03526-F1,18,"{""excluded"": 12, ""pass"": 6}","{""LOCAL_CONFIDENCE_PASS_CONTEXT_PENDING"": 6, ""TARGET_PLDDT_BELOW_90"": 12}",held,0.1.0
811,Q03719,AF-Q03719-F1,18,"{""excluded"": 12, ""pass"": 6}","{""LOCAL_CONFIDENCE_PASS_CONTEXT_PENDING"": 6, ""TARGET_PLDDT_BELOW_90"": 12}",held,0.1.0
812,Q04857,AF-Q04857-F1,20,"{""excluded"": 18, ""pass"": 2}","{""LOCAL_CONFIDENCE_PASS_CONTEXT_PENDING"": 2, ""TARGET_PLDDT_BELOW_90"": 18}",held,0.1.0
813,Q05685,AF-Q05685-F1,16,"{""pass"": 16}","{""LOCAL_CONFIDENCE_PASS_CONTEXT_PENDING"": 16}",held,0.1.0
814,Q05910,AF-Q05910-F1,43,"{""excluded"": 18, ""pass"": 25}","{""LOCAL_CONFIDENCE_PASS_CONTEXT_PENDING"": 25, ""NEIGHBOR_PLDDT_BELOW_70"": 1, ""TARGET_PLDDT_BELOW_90"": 17}",held,0.1.0
815,Q05AA6,AF-Q05AA6-F1,22,"{""excluded"": 9, ""pass"": 13}","{""LOCAL_CONFIDENCE_PASS_CONTEXT_PENDING"": 13, ""TARGET_PLDDT_BELOW_90"": 9}",held,0.1.0
817,Q07646,AF-Q07646-F1,1,"{""pass"": 1}","{""LOCAL_CONFIDENCE_PASS_CONTEXT_PENDING"": 1}",held,0.1.0
819,Q08091,AF-Q08091-F1,3,"{""excluded"": 2, ""pass"": 1}","{""LOCAL_CONFIDENCE_PASS_CONTEXT_PENDING"": 1, ""TARGET_PLDDT_BELOW_90"": 2}",held,0.1.0
823,Q08481,AF-Q08481-F1,15,"{""excluded"": 1, ""pass"": 14}","{""LOCAL_CONFIDENCE_PASS_CONTEXT_PENDING"": 14, ""TARGET_PLDDT_BELOW_90"": 1}",held,0.1.0
825,Q0VAW7,AF-Q0VAW7-F1,53,"{""excluded"": 53}","{""TARGET_PLDDT_BELOW_90"": 53}",held,0.1.0
826,Q0VBD0,AF-Q0VBD0-F1,54,"{""excluded"": 47, ""pass"": 7}","{""LOCAL_CONFIDENCE_PASS_CONTEXT_PENDING"": 7, ""TARGET_PLDDT_BELOW_90"": 47}",held,0.1.0
829,Q0VBL6,AF-Q0VBL6-F1,12,"{""excluded"": 6, ""pass"": 6}","{""LOCAL_CONFIDENCE_PASS_CONTEXT_PENDING"": 6, ""NEIGHBOR_PLDDT_BELOW_70"": 1, ""TARGET_PLDDT_BELOW_90"": 5}",held,0.1.0
832,Q0VG18,AF-Q0VG18-F1,1,"{""excluded"": 1}","{""TARGET_PLDDT_BELOW_90"": 1}",held,0.1.0
833,Q0VGT2,AF-Q0VGT2-F1,27,"{""excluded"": 22, ""pass"": 5}","{""LOCAL_CONFIDENCE_PASS_CONTEXT_PENDING"": 5, ""TARGET_PLDDT_BELOW_90"": 22}",held,0.1.0
835,Q0VGT4,AF-Q0VGT4-F1,52,"{""excluded"": 40, ""pass"": 12}","{""LOCAL_CONFIDENCE_PASS_CONTEXT_PENDING"": 12, ""NEIGHBOR_PLDDT_BELOW_70"": 1, ""TARGET_PLDDT_BELOW_90"": 39}",held,0.1.0
836,Q0VGU4,AF-Q0VGU4-F1,1,"{""excluded"": 1}","{""TARGET_PLDDT_BELOW_90"": 1}",held,0.1.0
839,Q14AT5,AF-Q14AT5-F1,19,"{""excluded"": 13, ""pass"": 6}","{""LOCAL_CONFIDENCE_PASS_CONTEXT_PENDING"": 6, ""TARGET_PLDDT_BELOW_90"": 13}",held,0.1.0
840,Q14C51,AF-Q14C51-F1,10,"{""excluded"": 4, ""pass"": 6}","{""LOCAL_CONFIDENCE_PASS_CONTEXT_PENDING"": 6, ""TARGET_PLDDT_BELOW_90"": 4}",held,0.1.0
846,Q14DH7,AF-Q14DH7-F1,11,"{""excluded"": 3, ""pass"": 8}","{""LOCAL_CONFIDENCE_PASS_CONTEXT_PENDING"": 8, ""TARGET_PLDDT_BELOW_90"": 3}",held,0.1.0
847,Q1JRP2,AF-Q1JRP2-F1,13,"{""excluded"": 7, ""pass"": 6}","{""LOCAL_CONFIDENCE_PASS_CONTEXT_PENDING"": 6, ""TARGET_PLDDT_BELOW_90"": 7}",held,0.1.0
848,Q3MI99,AF-Q3MI99-F1,21,"{""excluded"": 8, ""pass"": 13}","{""LOCAL_CONFIDENCE_PASS_CONTEXT_PENDING"": 13, ""NEIGHBOR_PLDDT_BELOW_70"": 1, ""TARGET_PLDDT_BELOW_90"": 7}",held,0.1.0
852,Q3T9X0,AF-Q3T9X0-F1,8,"{""excluded"": 2, ""pass"": 6}","{""LOCAL_CONFIDENCE_PASS_CONTEXT_PENDING"": 6, ""TARGET_PLDDT_BELOW_90"": 2}",held,0.1.0
853,Q3TB82,AF-Q3TB82-F1,12,"{""excluded"": 1, ""pass"": 11}","{""LOCAL_CONFIDENCE_PASS_CONTEXT_PENDING"": 11, ""TARGET_PLDDT_BELOW_90"": 1}",held,0.1.0
856,Q3TBT3,AF-Q3TBT3-F1,11,"{""excluded"": 2, ""pass"": 9}","{""LOCAL_CONFIDENCE_PASS_CONTEXT_PENDING"": 9, ""TARGET_PLDDT_BELOW_90"": 2}",held,0.1.0
887,Q3TCX3,AF-Q3TCX3-F1,4,"{""excluded"": 2, ""pass"": 2}","{""LOCAL_CONFIDENCE_PASS_CONTEXT_PENDING"": 2, ""NEIGHBOR_PLDDT_BELOW_70"": 1, ""TARGET_PLDDT_BELOW_90"": 1}",held,0.1.0
888,Q3TYX2,AF-Q3TYX2-F1,11,"{""excluded"": 1, ""pass"": 10}","{""LOCAL_CONFIDENCE_PASS_CONTEXT_PENDING"": 10, ""TARGET_PLDDT_BELOW_90"": 1}",held,0.1.0
889,Q3TZA2,AF-Q3TZA2-F1,8,"{""excluded"": 2, ""pass"": 6}","{""LOCAL_CONFIDENCE_PASS_CONTEXT_PENDING"": 6, ""NEIGHBOR_PLDDT_BELOW_70"": 2}",held,0.1.0
891,Q3U4H6,AF-Q3U4H6-F1,5,"{""pass"": 5}","{""LOCAL_CONFIDENCE_PASS_CONTEXT_PENDING"": 5}",held,0.1.0
892,Q3U5C8,AF-Q3U5C8-F1,6,"{""excluded"": 4, ""pass"": 2}","{""LOCAL_CONFIDENCE_PASS_CONTEXT_PENDING"": 2, ""TARGET_PLDDT_BELOW_90"": 4}",held,0.1.0
906,Q3UA16,AF-Q3UA16-F1,2,"{""pass"": 2}","{""LOCAL_CONFIDENCE_PASS_CONTEXT_PENDING"": 2}",held,0.1.0
908,Q3UCQ1,AF-Q3UCQ1-F1,4,"{""excluded"": 2, ""pass"": 2}","{""LOCAL_CONFIDENCE_PASS_CONTEXT_PENDING"": 2, ""TARGET_PLDDT_BELOW_90"": 2}",held,0.1.0
910,Q3UDF0,AF-Q3UDF0-F1,5,"{""excluded"": 1, ""pass"": 4}","{""LOCAL_CONFIDENCE_PASS_CONTEXT_PENDING"": 4, ""TARGET_PLDDT_BELOW_90"": 1}",held,0.1.0
912,Q3UG20,AF-Q3UG20-F1,35,"{""excluded"": 25, ""pass"": 10}","{""LOCAL_CONFIDENCE_PASS_CONTEXT_PENDING"": 10, ""NEIGHBOR_PLDDT_BELOW_70"": 1, ""TARGET_PLDDT_BELOW_90"": 24}",held,0.1.0
915,Q3UH68,AF-Q3UH68-F1,16,"{""excluded"": 11, ""pass"": 5}","{""LOCAL_CONFIDENCE_PASS_CONTEXT_PENDING"": 5, ""TARGET_PLDDT_BELOW_90"": 11}",held,0.1.0
917,Q3UHG7,AF-Q3UHG7-F1,12,"{""excluded"": 6, ""pass"": 6}","{""LOCAL_CONFIDENCE_PASS_CONTEXT_PENDING"": 6, ""NEIGHBOR_PLDDT_BELOW_70"": 1, ""TARGET_PLDDT_BELOW_90"": 5}",held,0.1.0
918,Q3UIJ9,AF-Q3UIJ9-F1,3,"{""excluded"": 2, ""pass"": 1}","{""LOCAL_CONFIDENCE_PASS_CONTEXT_PENDING"": 1, ""TARGET_PLDDT_BELOW_90"": 2}",held,0.1.0
919,Q3UN90,AF-Q3UN90-F1,2,"{""excluded"": 1, ""pass"": 1}","{""LOCAL_CONFIDENCE_PASS_CONTEXT_PENDING"": 1, ""NEIGHBOR_PLDDT_BELOW_70"": 1}",held,0.1.0
920,Q3UQ44,AF-Q3UQ44-F1,12,"{""excluded"": 10, ""pass"": 2}","{""LOCAL_CONFIDENCE_PASS_CONTEXT_PENDING"": 2, ""TARGET_PLDDT_BELOW_90"": 10}",held,0.1.0
921,Q3UR32,AF-Q3UR32-F1,12,"{""excluded"": 2, ""pass"": 10}","{""LOCAL_CONFIDENCE_PASS_CONTEXT_PENDING"": 10, ""TARGET_PLDDT_BELOW_90"": 2}",held,0.1.0
922,Q3USL1,AF-Q3USL1-F1,12,"{""excluded"": 1, ""pass"": 11}","{""LOCAL_CONFIDENCE_PASS_CONTEXT_PENDING"": 11, ""TARGET_PLDDT_BELOW_90"": 1}",held,0.1.0
923,Q3USW5,AF-Q3USW5-F1,7,"{""excluded"": 3, ""pass"": 4}","{""LOCAL_CONFIDENCE_PASS_CONTEXT_PENDING"": 4, ""TARGET_PLDDT_BELOW_90"": 3}",held,0.1.0
925,Q3UTY6,AF-Q3UTY6-F1,60,"{""excluded"": 50, ""pass"": 10}","{""LOCAL_CONFIDENCE_PASS_CONTEXT_PENDING"": 10, ""TARGET_PLDDT_BELOW_90"": 50}",held,0.1.0
927,Q3UZ01,AF-Q3UZ01-F1,3,"{""excluded"": 3}","{""NEIGHBOR_PLDDT_BELOW_70"": 1, ""TARGET_PLDDT_BELOW_90"": 2}",held,0.1.0
929,Q3V0G7,AF-Q3V0G7-F1,18,"{""excluded"": 9, ""pass"": 9}","{""LOCAL_CONFIDENCE_PASS_CONTEXT_PENDING"": 9, ""TARGET_PLDDT_BELOW_90"": 9}",held,0.1.0
930,Q3V1H1,AF-Q3V1H1-F1,8,"{""excluded"": 6, ""pass"": 2}","{""LOCAL_CONFIDENCE_PASS_CONTEXT_PENDING"": 2, ""TARGET_PLDDT_BELOW_90"": 6}",held,0.1.0
932,Q3V3G7,AF-Q3V3G7-F1,13,"{""excluded"": 8, ""pass"": 5}","{""LOCAL_CONFIDENCE_PASS_CONTEXT_PENDING"": 5, ""TARGET_PLDDT_BELOW_90"": 8}",held,0.1.0
935,Q499E6,AF-Q499E6-F1,4,"{""excluded"": 2, ""pass"": 2}","{""LOCAL_CONFIDENCE_PASS_CONTEXT_PENDING"": 2, ""TARGET_PLDDT_BELOW_90"": 2}",held,0.1.0
937,Q4FZC9,AF-Q4FZC9-F1,12,"{""excluded"": 10, ""pass"": 2}","{""LOCAL_CONFIDENCE_PASS_CONTEXT_PENDING"": 2, ""TARGET_PLDDT_BELOW_90"": 10}",held,0.1.0
938,Q4G0K9,AF-Q4G0K9-F1,3,"{""excluded"": 3}","{""TARGET_PLDDT_BELOW_90"": 3}",held,0.1.0
941,Q4JK59,AF-Q4JK59-F1,40,"{""excluded"": 27, ""pass"": 13}","{""LOCAL_CONFIDENCE_PASS_CONTEXT_PENDING"": 13, ""NEIGHBOR_PLDDT_BELOW_70"": 4, ""TARGET_PLDDT_BELOW_90"": 23}",held,0.1.0
944,Q4LDD4,AF-Q4LDD4-F1,29,"{""excluded"": 12, ""pass"": 17}","{""LOCAL_CONFIDENCE_PASS_CONTEXT_PENDING"": 17, ""TARGET_PLDDT_BELOW_90"": 12}",held,0.1.0
949,Q4V9Z5,AF-Q4V9Z5-F1,27,"{""excluded"": 16, ""pass"": 11}","{""LOCAL_CONFIDENCE_PASS_CONTEXT_PENDING"": 11, ""TARGET_PLDDT_BELOW_90"": 16}",held,0.1.0
951,Q4VBE4,AF-Q4VBE4-F1,31,"{""excluded"": 17, ""pass"": 14}","{""LOCAL_CONFIDENCE_PASS_CONTEXT_PENDING"": 14, ""NEIGHBOR_PLDDT_BELOW_70"": 1, ""TARGET_PLDDT_BELOW_90"": 16}",held,0.1.0
953,Q562E2,AF-Q562E2-F1,21,"{""excluded"": 15, ""pass"": 6}","{""LOCAL_CONFIDENCE_PASS_CONTEXT_PENDING"": 6, ""TARGET_PLDDT_BELOW_90"": 15}",held,0.1.0
954,Q571E4,AF-Q571E4-F1,9,"{""excluded"": 1, ""pass"": 8}","{""LOCAL_CONFIDENCE_PASS_CONTEXT_PENDING"": 8, ""TARGET_PLDDT_BELOW_90"": 1}",held,0.1.0
955,Q5BKP2,AF-Q5BKP2-F1,13,"{""excluded"": 4, ""pass"": 9}","{""LOCAL_CONFIDENCE_PASS_CONTEXT_PENDING"": 9, ""NEIGHBOR_PLDDT_BELOW_70"": 1, ""TARGET_PLDDT_BELOW_90"": 3}",held,0.1.0
956,Q5DTX6,AF-Q5DTX6-F1,21,"{""excluded"": 21}","{""TARGET_PLDDT_BELOW_90"": 21}",held,0.1.0
957,Q5FW85,AF-Q5FW85-F1,17,"{""excluded"": 15, ""pass"": 2}","{""LOCAL_CONFIDENCE_PASS_CONTEXT_PENDING"": 2, ""TARGET_PLDDT_BELOW_90"": 15}",held,0.1.0
959,Q5SSZ5,AF-Q5SSZ5-F1,27,"{""excluded"": 16, ""pass"": 11}","{""LOCAL_CONFIDENCE_PASS_CONTEXT_PENDING"": 11, ""NEIGHBOR_PLDDT_BELOW_70"": 1, ""TARGET_PLDDT_BELOW_90"": 15}",held,0.1.0
960,Q5SUC9,AF-Q5SUC9-F1,5,"{""excluded"": 4, ""pass"": 1}","{""LOCAL_CONFIDENCE_PASS_CONTEXT_PENDING"": 1, ""TARGET_PLDDT_BELOW_90"": 4}",held,0.1.0
963,Q5SUF2,AF-Q5SUF2-F1,7,"{""excluded"": 4, ""pass"": 3}","{""LOCAL_CONFIDENCE_PASS_CONTEXT_PENDING"": 3, ""TARGET_PLDDT_BELOW_90"": 4}",held,0.1.0
964,Q5SV41,AF-Q5SV41-F1,5,"{""excluded"": 2, ""pass"": 3}","{""LOCAL_CONFIDENCE_PASS_CONTEXT_PENDING"": 3, ""TARGET_PLDDT_BELOW_90"": 2}",held,0.1.0
965,Q60765,AF-Q60765-F1,5,"{""excluded"": 3, ""pass"": 2}","{""LOCAL_CONFIDENCE_PASS_CONTEXT_PENDING"": 2, ""TARGET_PLDDT_BELOW_90"": 3}",held,0.1.0
966,Q60773,AF-Q60773-F1,1,"{""excluded"": 1}","{""TARGET_PLDDT_BELOW_90"": 1}",held,0.1.0
969,Q60787,AF-Q60787-F1,3,"{""excluded"": 2, ""pass"": 1}","{""LOCAL_CONFIDENCE_PASS_CONTEXT_PENDING"": 1, ""TARGET_PLDDT_BELOW_90"": 2}",held,0.1.0
974,Q60803,AF-Q60803-F1,28,"{""excluded"": 5, ""pass"": 23}","{""LOCAL_CONFIDENCE_PASS_CONTEXT_PENDING"": 23, ""TARGET_PLDDT_BELOW_90"": 5}",held,0.1.0
976,Q60805,AF-Q60805-F1,19,"{""excluded"": 10, ""pass"": 9}","{""LOCAL_CONFIDENCE_PASS_CONTEXT_PENDING"": 9, ""TARGET_PLDDT_BELOW_90"": 10}",held,0.1.0
978,Q60848,AF-Q60848-F1,13,"{""excluded"": 11, ""pass"": 2}","{""LOCAL_CONFIDENCE_PASS_CONTEXT_PENDING"": 2, ""TARGET_PLDDT_BELOW_90"": 11}",held,0.1.0
979,Q60857,AF-Q60857-F1,18,"{""excluded"": 3, ""pass"": 15}","{""LOCAL_CONFIDENCE_PASS_CONTEXT_PENDING"": 15, ""TARGET_PLDDT_BELOW_90"": 3}",held,0.1.0
981,Q61024,AF-Q61024-F1,11,"{""excluded"": 2, ""pass"": 9}","{""LOCAL_CONFIDENCE_PASS_CONTEXT_PENDING"": 9, ""TARGET_PLDDT_BELOW_90"": 2}",held,0.1.0
983,Q61033,AF-Q61033-F1,12,"{""excluded"": 10, ""pass"": 2}","{""LOCAL_CONFIDENCE_PASS_CONTEXT_PENDING"": 2, ""NEIGHBOR_PLDDT_BELOW_70"": 1, ""TARGET_PLDDT_BELOW_90"": 9}",held,0.1.0
986,Q61093,AF-Q61093-F1,16,"{""excluded"": 7, ""pass"": 9}","{""LOCAL_CONFIDENCE_PASS_CONTEXT_PENDING"": 9, ""NEIGHBOR_PLDDT_BELOW_70"": 1, ""TARGET_PLDDT_BELOW_90"": 6}",held,0.1.0
987,Q61147,AF-Q61147-F1,14,"{""excluded"": 1, ""pass"": 13}","{""LOCAL_CONFIDENCE_PASS_CONTEXT_PENDING"": 13, ""TARGET_PLDDT_BELOW_90"": 1}",held,0.1.0
988,Q61207,AF-Q61207-F1,33,"{""excluded"": 23, ""pass"": 10}","{""LOCAL_CONFIDENCE_PASS_CONTEXT_PENDING"": 10, ""NEIGHBOR_PLDDT_BELOW_70"": 2, ""TARGET_PLDDT_BELOW_90"": 21}",held,0.1.0
997,Q61234,AF-Q61234-F1,8,"{""excluded"": 5, ""pass"": 3}","{""LOCAL_CONFIDENCE_PASS_CONTEXT_PENDING"": 3, ""NEIGHBOR_PLDDT_BELOW_70"": 1, ""TARGET_PLDDT_BELOW_90"": 4}",held,0.1.0
1006,Q61292,AF-Q61292-F1,125,"{""excluded"": 86, ""pass"": 39}","{""LOCAL_CONFIDENCE_PASS_CONTEXT_PENDING"": 39, ""TARGET_PLDDT_BELOW_90"": 86}",held,0.1.0
1007,Q61467,AF-Q61467-F1,15,"{""excluded"": 14, ""pass"": 1}","{""LOCAL_CONFIDENCE_PASS_CONTEXT_PENDING"": 1, ""TARGET_PLDDT_BELOW_90"": 14}",held,0.1.0
1008,Q61468,AF-Q61468-F1,14,"{""excluded"": 8, ""pass"": 6}","{""LOCAL_CONFIDENCE_PASS_CONTEXT_PENDING"": 6, ""TARGET_PLDDT_BELOW_90"": 8}",held,0.1.0
1009,Q61477,AF-Q61477-F1,10,"{""pass"": 10}","{""LOCAL_CONFIDENCE_PASS_CONTEXT_PENDING"": 10}",held,0.1.0
1013,Q61481,AF-Q61481-F1,4,"{""excluded"": 3, ""pass"": 1}","{""LOCAL_CONFIDENCE_PASS_CONTEXT_PENDING"": 1, ""NEIGHBOR_PLDDT_BELOW_70"": 1, ""TARGET_PLDDT_BELOW_90"": 2}",held,0.1.0
1015,Q61508,AF-Q61508-F1,29,"{""excluded"": 7, ""pass"": 22}","{""LOCAL_CONFIDENCE_PASS_CONTEXT_PENDING"": 22, ""TARGET_PLDDT_BELOW_90"": 7}",held,0.1.0
1016,Q61592,AF-Q61592-F1,34,"{""excluded"": 14, ""pass"": 20}","{""LOCAL_CONFIDENCE_PASS_CONTEXT_PENDING"": 20, ""TARGET_PLDDT_BELOW_90"": 14}",held,0.1.0
1017,Q61660,AF-Q61660-F1,8,"{""excluded"": 6, ""pass"": 2}","{""LOCAL_CONFIDENCE_PASS_CONTEXT_PENDING"": 2, ""NEIGHBOR_PLDDT_BELOW_70"": 1, ""TARGET_PLDDT_BELOW_90"": 5}",held,0.1.0
1018,Q61711,AF-Q61711-F1,1,"{""excluded"": 1}","{""TARGET_PLDDT_BELOW_90"": 1}",held,0.1.0
1019,Q61805,AF-Q61805-F1,4,"{""excluded"": 1, ""pass"": 3}","{""LOCAL_CONFIDENCE_PASS_CONTEXT_PENDING"": 3, ""TARGET_PLDDT_BELOW_90"": 1}",held,0.1.0
1022,Q62000,AF-Q62000-F1,6,"{""pass"": 6}","{""LOCAL_CONFIDENCE_PASS_CONTEXT_PENDING"": 6}",held,0.1.0
1023,Q62273,AF-Q62273-F1,20,"{""excluded"": 8, ""pass"": 12}","{""LOCAL_CONFIDENCE_PASS_CONTEXT_PENDING"": 12, ""TARGET_PLDDT_BELOW_90"": 8}",held,0.1.0
1025,Q62312,AF-Q62312-F1,25,"{""excluded"": 6, ""pass"": 19}","{""LOCAL_CONFIDENCE_PASS_CONTEXT_PENDING"": 19, ""TARGET_PLDDT_BELOW_90"": 6}",held,0.1.0
1028,Q62351,AF-Q62351-F1,7,"{""excluded"": 5, ""pass"": 2}","{""LOCAL_CONFIDENCE_PASS_CONTEXT_PENDING"": 2, ""TARGET_PLDDT_BELOW_90"": 5}",held,0.1.0
1029,Q62392,AF-Q62392-F1,8,"{""excluded"": 5, ""pass"": 3}","{""LOCAL_CONFIDENCE_PASS_CONTEXT_PENDING"": 3, ""NEIGHBOR_PLDDT_BELOW_70"": 1, ""TARGET_PLDDT_BELOW_90"": 4}",held,0.1.0
1030,Q62443,AF-Q62443-F1,9,"{""excluded"": 6, ""pass"": 3}","{""LOCAL_CONFIDENCE_PASS_CONTEXT_PENDING"": 3, ""TARGET_PLDDT_BELOW_90"": 6}",held,0.1.0
1031,Q63918,AF-Q63918-F1,1,"{""pass"": 1}","{""LOCAL_CONFIDENCE_PASS_CONTEXT_PENDING"": 1}",held,0.1.0
1033,Q64281,AF-Q64281-F1,6,"{""excluded"": 2, ""pass"": 4}","{""LOCAL_CONFIDENCE_PASS_CONTEXT_PENDING"": 4, ""TARGET_PLDDT_BELOW_90"": 2}",held,0.1.0
1034,Q64378,AF-Q64378-F1,10,"{""pass"": 10}","{""LOCAL_CONFIDENCE_PASS_CONTEXT_PENDING"": 10}",held,0.1.0
1036,Q64389,AF-Q64389-F1,2,"{""excluded"": 2}","{""TARGET_PLDDT_BELOW_90"": 2}",held,0.1.0
1037,Q64689,AF-Q64689-F1,6,"{""excluded"": 1, ""pass"": 5}","{""LOCAL_CONFIDENCE_PASS_CONTEXT_PENDING"": 5, ""TARGET_PLDDT_BELOW_90"": 1}",held,0.1.0
1038,Q64700,AF-Q64700-F1,26,"{""excluded"": 14, ""pass"": 12}","{""LOCAL_CONFIDENCE_PASS_CONTEXT_PENDING"": 12, ""TARGET_PLDDT_BELOW_90"": 14}",held,0.1.0
1040,Q64GA5,AF-Q64GA5-F1,10,"{""excluded"": 3, ""pass"": 7}","{""LOCAL_CONFIDENCE_PASS_CONTEXT_PENDING"": 7, ""TARGET_PLDDT_BELOW_90"": 3}",held,0.1.0
1042,Q66JX5,AF-Q66JX5-F1,2,"{""excluded"": 2}","{""TARGET_PLDDT_BELOW_90"": 2}",held,0.1.0
1044,Q673U1,AF-Q673U1-F1,9,"{""excluded"": 8, ""pass"": 1}","{""LOCAL_CONFIDENCE_PASS_CONTEXT_PENDING"": 1, ""TARGET_PLDDT_BELOW_90"": 8}",held,0.1.0
1046,Q69ZK0,AF-Q69ZK0-F1,43,"{""excluded"": 21, ""pass"": 22}","{""LOCAL_CONFIDENCE_PASS_CONTEXT_PENDING"": 22, ""NEIGHBOR_PLDDT_BELOW_70"": 2, ""TARGET_PLDDT_BELOW_90"": 19}",held,0.1.0
1047,Q69ZK9,AF-Q69ZK9-F1,10,"{""excluded"": 4, ""pass"": 6}","{""LOCAL_CONFIDENCE_PASS_CONTEXT_PENDING"": 6, ""TARGET_PLDDT_BELOW_90"": 4}",held,0.1.0
1062,Q6DFW4,AF-Q6DFW4-F1,9,"{""excluded"": 4, ""pass"": 5}","{""LOCAL_CONFIDENCE_PASS_CONTEXT_PENDING"": 5, ""TARGET_PLDDT_BELOW_90"": 4}",held,0.1.0
1068,Q6DTY7,AF-Q6DTY7-F1,11,"{""excluded"": 2, ""pass"": 9}","{""LOCAL_CONFIDENCE_PASS_CONTEXT_PENDING"": 9, ""TARGET_PLDDT_BELOW_90"": 2}",held,0.1.0
1069,Q6NXJ0,AF-Q6NXJ0-F1,17,"{""excluded"": 16, ""pass"": 1}","{""LOCAL_CONFIDENCE_PASS_CONTEXT_PENDING"": 1, ""TARGET_PLDDT_BELOW_90"": 16}",held,0.1.0
1071,Q6NXK8,AF-Q6NXK8-F1,23,"{""excluded"": 7, ""pass"": 16}","{""LOCAL_CONFIDENCE_PASS_CONTEXT_PENDING"": 16, ""NEIGHBOR_PLDDT_BELOW_70"": 1, ""TARGET_PLDDT_BELOW_90"": 6}",held,0.1.0
1074,Q6NZK8,AF-Q6NZK8-F1,24,"{""excluded"": 16, ""pass"": 8}","{""LOCAL_CONFIDENCE_PASS_CONTEXT_PENDING"": 8, ""NEIGHBOR_PLDDT_BELOW_70"": 3, ""TARGET_PLDDT_BELOW_90"": 13}",held,0.1.0
1077,Q6NZQ6,AF-Q6NZQ6-F1,11,"{""excluded"": 9, ""pass"": 2}","{""LOCAL_CONFIDENCE_PASS_CONTEXT_PENDING"": 2, ""TARGET_PLDDT_BELOW_90"": 9}",held,0.1.0
1078,Q6P1C6,AF-Q6P1C6-F1,33,"{""excluded"": 21, ""pass"": 12}","{""LOCAL_CONFIDENCE_PASS_CONTEXT_PENDING"": 12, ""NEIGHBOR_PLDDT_BELOW_70"": 1, ""TARGET_PLDDT_BELOW_90"": 20}",held,0.1.0
1081,Q6P566,AF-Q6P566-F1,5,"{""excluded"": 1, ""pass"": 4}","{""LOCAL_CONFIDENCE_PASS_CONTEXT_PENDING"": 4, ""TARGET_PLDDT_BELOW_90"": 1}",held,0.1.0
1082,Q6PAQ9,AF-Q6PAQ9-F1,3,"{""excluded"": 3}","{""TARGET_PLDDT_BELOW_90"": 3}",held,0.1.0
1084,Q6PCM1,AF-Q6PCM1-F1,39,"{""excluded"": 26, ""pass"": 13}","{""LOCAL_CONFIDENCE_PASS_CONTEXT_PENDING"": 13, ""NEIGHBOR_PLDDT_BELOW_70"": 1, ""TARGET_PLDDT_BELOW_90"": 25}",held,0.1.0
1085,Q6PD10,AF-Q6PD10-F1,11,"{""excluded"": 7, ""pass"": 4}","{""LOCAL_CONFIDENCE_PASS_CONTEXT_PENDING"": 4, ""TARGET_PLDDT_BELOW_90"": 7}",held,0.1.0
1087,Q6PGB8,AF-Q6PGB8-F1,12,"{""excluded"": 5, ""pass"": 7}","{""LOCAL_CONFIDENCE_PASS_CONTEXT_PENDING"": 7, ""TARGET_PLDDT_BELOW_90"": 5}",held,0.1.0
1089,Q6PGK7,AF-Q6PGK7-F1,6,"{""excluded"": 1, ""pass"": 5}","{""LOCAL_CONFIDENCE_PASS_CONTEXT_PENDING"": 5, ""TARGET_PLDDT_BELOW_90"": 1}",held,0.1.0
1090,Q6QWF9,AF-Q6QWF9-F1,1,"{""excluded"": 1}","{""TARGET_PLDDT_BELOW_90"": 1}",held,0.1.0
1094,Q6U7H8,AF-Q6U7H8-F1,4,"{""excluded"": 1, ""pass"": 3}","{""LOCAL_CONFIDENCE_PASS_CONTEXT_PENDING"": 3, ""TARGET_PLDDT_BELOW_90"": 1}",held,0.1.0
1095,Q6ZQ73,AF-Q6ZQ73-F1,27,"{""excluded"": 9, ""pass"": 18}","{""LOCAL_CONFIDENCE_PASS_CONTEXT_PENDING"": 18, ""TARGET_PLDDT_BELOW_90"": 9}",held,0.1.0
1098,Q6ZWR4,AF-Q6ZWR4-F1,7,"{""excluded"": 2, ""pass"": 5}","{""LOCAL_CONFIDENCE_PASS_CONTEXT_PENDING"": 5, ""TARGET_PLDDT_BELOW_90"": 2}",held,0.1.0
1099,Q71KT5,AF-Q71KT5-F1,5,"{""pass"": 5}","{""LOCAL_CONFIDENCE_PASS_CONTEXT_PENDING"": 5}",held,0.1.0
1100,Q78TU8,AF-Q78TU8-F1,1,"{""excluded"": 1}","{""TARGET_PLDDT_BELOW_90"": 1}",held,0.1.0
1101,Q7M760,AF-Q7M760-F1,25,"{""excluded"": 14, ""pass"": 11}","{""LOCAL_CONFIDENCE_PASS_CONTEXT_PENDING"": 11, ""TARGET_PLDDT_BELOW_90"": 14}",held,0.1.0
1103,Q7TMJ8,AF-Q7TMJ8-F1,8,"{""excluded"": 8}","{""TARGET_PLDDT_BELOW_90"": 8}",held,0.1.0
1104,Q7TML3,AF-Q7TML3-F1,9,"{""excluded"": 1, ""pass"": 8}","{""LOCAL_CONFIDENCE_PASS_CONTEXT_PENDING"": 8, ""TARGET_PLDDT_BELOW_90"": 1}",held,0.1.0
1105,Q7TMM9,AF-Q7TMM9-F1,7,"{""excluded"": 3, ""pass"": 4}","{""LOCAL_CONFIDENCE_PASS_CONTEXT_PENDING"": 4, ""NEIGHBOR_PLDDT_BELOW_70"": 1, ""TARGET_PLDDT_BELOW_90"": 2}",held,0.1.0
1151,Q7TNV1,AF-Q7TNV1-F1,10,"{""excluded"": 2, ""pass"": 8}","{""LOCAL_CONFIDENCE_PASS_CONTEXT_PENDING"": 8, ""TARGET_PLDDT_BELOW_90"": 2}",held,0.1.0
1153,Q7TPM6,AF-Q7TPM6-F1,8,"{""excluded"": 1, ""pass"": 7}","{""LOCAL_CONFIDENCE_PASS_CONTEXT_PENDING"": 7, ""TARGET_PLDDT_BELOW_90"": 1}",held,0.1.0
1154,Q7TPQ9,AF-Q7TPQ9-F1,9,"{""excluded"": 7, ""pass"": 2}","{""LOCAL_CONFIDENCE_PASS_CONTEXT_PENDING"": 2, ""TARGET_PLDDT_BELOW_90"": 7}",held,0.1.0
1157,Q7TSJ2,AF-Q7TSJ2-F1,5,"{""excluded"": 5}","{""TARGET_PLDDT_BELOW_90"": 5}",held,0.1.0
1160,Q7TSK2,AF-Q7TSK2-F1,26,"{""excluded"": 11, ""pass"": 15}","{""LOCAL_CONFIDENCE_PASS_CONTEXT_PENDING"": 15, ""TARGET_PLDDT_BELOW_90"": 11}",held,0.1.0
1165,Q7TSQ1,AF-Q7TSQ1-F1,31,"{""excluded"": 24, ""pass"": 7}","{""LOCAL_CONFIDENCE_PASS_CONTEXT_PENDING"": 7, ""NEIGHBOR_PLDDT_BELOW_70"": 1, ""TARGET_PLDDT_BELOW_90"": 23}",held,0.1.0
1168,Q80TS8,AF-Q80TS8-F1,18,"{""excluded"": 8, ""pass"": 10}","{""LOCAL_CONFIDENCE_PASS_CONTEXT_PENDING"": 10, ""TARGET_PLDDT_BELOW_90"": 8}",held,0.1.0
1169,Q80UP8,AF-Q80UP8-F1,10,"{""excluded"": 4, ""pass"": 6}","{""LOCAL_CONFIDENCE_PASS_CONTEXT_PENDING"": 6, ""TARGET_PLDDT_BELOW_90"": 4}",held,0.1.0
1170,Q80WV3,AF-Q80WV3-F1,10,"{""excluded"": 2, ""pass"": 8}","{""LOCAL_CONFIDENCE_PASS_CONTEXT_PENDING"": 8, ""TARGET_PLDDT_BELOW_90"": 2}",held,0.1.0
1171,Q80X95,AF-Q80X95-F1,7,"{""excluded"": 1, ""pass"": 6}","{""LOCAL_CONFIDENCE_PASS_CONTEXT_PENDING"": 6, ""TARGET_PLDDT_BELOW_90"": 1}",held,0.1.0
1172,Q80XM3,AF-Q80XM3-F1,15,"{""excluded"": 9, ""pass"": 6}","{""LOCAL_CONFIDENCE_PASS_CONTEXT_PENDING"": 6, ""TARGET_PLDDT_BELOW_90"": 9}",held,0.1.0
1176,Q80XM9,AF-Q80XM9-F1,5,"{""pass"": 5}","{""LOCAL_CONFIDENCE_PASS_CONTEXT_PENDING"": 5}",held,0.1.0
1177,Q80ZM3,AF-Q80ZM3-F1,5,"{""excluded"": 2, ""pass"": 3}","{""LOCAL_CONFIDENCE_PASS_CONTEXT_PENDING"": 3, ""TARGET_PLDDT_BELOW_90"": 2}",held,0.1.0
1178,Q80ZN9,AF-Q80ZN9-F1,4,"{""pass"": 4}","{""LOCAL_CONFIDENCE_PASS_CONTEXT_PENDING"": 4}",held,0.1.0
1179,Q810P3,AF-Q810P3-F1,9,"{""pass"": 9}","{""LOCAL_CONFIDENCE_PASS_CONTEXT_PENDING"": 9}",held,0.1.0
1180,Q811W2,AF-Q811W2-F1,7,"{""excluded"": 3, ""pass"": 4}","{""LOCAL_CONFIDENCE_PASS_CONTEXT_PENDING"": 4, ""TARGET_PLDDT_BELOW_90"": 3}",held,0.1.0
1182,Q8BFR5,AF-Q8BFR5-F1,7,"{""excluded"": 3, ""pass"": 4}","{""LOCAL_CONFIDENCE_PASS_CONTEXT_PENDING"": 4, ""TARGET_PLDDT_BELOW_90"": 3}",held,0.1.0
1184,Q8BFY7,AF-Q8BFY7-F1,5,"{""excluded"": 5}","{""TARGET_PLDDT_BELOW_90"": 5}",held,0.1.0
1187,Q8BG26,AF-Q8BG26-F1,21,"{""excluded"": 19, ""pass"": 2}","{""LOCAL_CONFIDENCE_PASS_CONTEXT_PENDING"": 2, ""TARGET_PLDDT_BELOW_90"": 19}",held,0.1.0
1190,Q8BG60,AF-Q8BG60-F1,11,"{""excluded"": 7, ""pass"": 4}","{""LOCAL_CONFIDENCE_PASS_CONTEXT_PENDING"": 4, ""TARGET_PLDDT_BELOW_90"": 7}",held,0.1.0
1191,Q8BGQ7,AF-Q8BGQ7-F1,15,"{""excluded"": 3, ""pass"": 12}","{""LOCAL_CONFIDENCE_PASS_CONTEXT_PENDING"": 12, ""TARGET_PLDDT_BELOW_90"": 3}",held,0.1.0
1193,Q8BGT8,AF-Q8BGT8-F1,10,"{""excluded"": 4, ""pass"": 6}","{""LOCAL_CONFIDENCE_PASS_CONTEXT_PENDING"": 6, ""TARGET_PLDDT_BELOW_90"": 4}",held,0.1.0
1199,Q8BH15,AF-Q8BH15-F1,20,"{""excluded"": 2, ""pass"": 18}","{""LOCAL_CONFIDENCE_PASS_CONTEXT_PENDING"": 18, ""TARGET_PLDDT_BELOW_90"": 2}",held,0.1.0
1200,Q8BH61,AF-Q8BH61-F1,9,"{""pass"": 9}","{""LOCAL_CONFIDENCE_PASS_CONTEXT_PENDING"": 9}",held,0.1.0
1201,Q8BHC0,AF-Q8BHC0-F1,9,"{""excluded"": 2, ""pass"": 7}","{""LOCAL_CONFIDENCE_PASS_CONTEXT_PENDING"": 7, ""TARGET_PLDDT_BELOW_90"": 2}",held,0.1.0
1204,Q8BHI4,AF-Q8BHI4-F1,23,"{""excluded"": 1, ""pass"": 22}","{""LOCAL_CONFIDENCE_PASS_CONTEXT_PENDING"": 22, ""TARGET_PLDDT_BELOW_90"": 1}",held,0.1.0
1205,Q8BHK2,AF-Q8BHK2-F1,6,"{""excluded"": 2, ""pass"": 4}","{""LOCAL_CONFIDENCE_PASS_CONTEXT_PENDING"": 4, ""TARGET_PLDDT_BELOW_90"": 2}",held,0.1.0
1206,Q8BIP0,AF-Q8BIP0-F1,12,"{""excluded"": 1, ""pass"": 11}","{""LOCAL_CONFIDENCE_PASS_CONTEXT_PENDING"": 11, ""TARGET_PLDDT_BELOW_90"": 1}",held,0.1.0
1207,Q8BIZ0,AF-Q8BIZ0-F1,11,"{""excluded"": 8, ""pass"": 3}","{""LOCAL_CONFIDENCE_PASS_CONTEXT_PENDING"": 3, ""TARGET_PLDDT_BELOW_90"": 8}",held,0.1.0
1209,Q8BJ71,AF-Q8BJ71-F1,9,"{""excluded"": 4, ""pass"": 5}","{""LOCAL_CONFIDENCE_PASS_CONTEXT_PENDING"": 5, ""TARGET_PLDDT_BELOW_90"": 4}",held,0.1.0
1210,Q8BJK1,AF-Q8BJK1-F1,7,"{""excluded"": 4, ""pass"": 3}","{""LOCAL_CONFIDENCE_PASS_CONTEXT_PENDING"": 3, ""TARGET_PLDDT_BELOW_90"": 4}",held,0.1.0
1218,Q8BJS4,AF-Q8BJS4-F1,3,"{""excluded"": 1, ""pass"": 2}","{""LOCAL_CONFIDENCE_PASS_CONTEXT_PENDING"": 2, ""TARGET_PLDDT_BELOW_90"": 1}",held,0.1.0
1225,Q8BK06,AF-Q8BK06-F1,9,"{""excluded"": 4, ""pass"": 5}","{""LOCAL_CONFIDENCE_PASS_CONTEXT_PENDING"": 5, ""TARGET_PLDDT_BELOW_90"": 4}",held,0.1.0
1226,Q8BK48,AF-Q8BK48-F1,7,"{""excluded"": 1, ""pass"": 6}","{""LOCAL_CONFIDENCE_PASS_CONTEXT_PENDING"": 6, ""TARGET_PLDDT_BELOW_90"": 1}",held,0.1.0
1227,Q8BK64,AF-Q8BK64-F1,4,"{""excluded"": 1, ""pass"": 3}","{""LOCAL_CONFIDENCE_PASS_CONTEXT_PENDING"": 3, ""TARGET_PLDDT_BELOW_90"": 1}",held,0.1.0
1229,Q8BKT6,AF-Q8BKT6-F1,14,"{""excluded"": 3, ""pass"": 11}","{""LOCAL_CONFIDENCE_PASS_CONTEXT_PENDING"": 11, ""TARGET_PLDDT_BELOW_90"": 3}",held,0.1.0
1233,Q8BKX1,AF-Q8BKX1-F1,4,"{""pass"": 4}","{""LOCAL_CONFIDENCE_PASS_CONTEXT_PENDING"": 4}",held,0.1.0
1236,Q8BL06,AF-Q8BL06-F1,38,"{""excluded"": 22, ""pass"": 16}","{""LOCAL_CONFIDENCE_PASS_CONTEXT_PENDING"": 16, ""TARGET_PLDDT_BELOW_90"": 22}",held,0.1.0
1238,Q8BL48,AF-Q8BL48-F1,31,"{""excluded"": 13, ""pass"": 18}","{""LOCAL_CONFIDENCE_PASS_CONTEXT_PENDING"": 18, ""TARGET_PLDDT_BELOW_90"": 13}",held,0.1.0
1242,Q8BLC3,AF-Q8BLC3-F1,15,"{""excluded"": 7, ""pass"": 8}","{""LOCAL_CONFIDENCE_PASS_CONTEXT_PENDING"": 8, ""TARGET_PLDDT_BELOW_90"": 7}",held,0.1.0
1249,Q8BLF2,AF-Q8BLF2-F1,8,"{""excluded"": 4, ""pass"": 4}","{""LOCAL_CONFIDENCE_PASS_CONTEXT_PENDING"": 4, ""TARGET_PLDDT_BELOW_90"": 4}",held,0.1.0
1252,Q8BM75,AF-Q8BM75-F1,20,"{""excluded"": 15, ""pass"": 5}","{""LOCAL_CONFIDENCE_PASS_CONTEXT_PENDING"": 5, ""NEIGHBOR_PLDDT_BELOW_70"": 1, ""TARGET_PLDDT_BELOW_90"": 14}",held,0.1.0
1253,Q8BMB3,AF-Q8BMB3-F1,2,"{""pass"": 2}","{""LOCAL_CONFIDENCE_PASS_CONTEXT_PENDING"": 2}",held,0.1.0
1254,Q8BQN5,AF-Q8BQN5-F1,5,"{""excluded"": 2, ""pass"": 3}","{""LOCAL_CONFIDENCE_PASS_CONTEXT_PENDING"": 3, ""TARGET_PLDDT_BELOW_90"": 2}",held,0.1.0
1256,Q8BRH3,AF-Q8BRH3-F1,6,"{""excluded"": 6}","{""TARGET_PLDDT_BELOW_90"": 6}",held,0.1.0
1257,Q8BS95,AF-Q8BS95-F1,5,"{""excluded"": 2, ""pass"": 3}","{""LOCAL_CONFIDENCE_PASS_CONTEXT_PENDING"": 3, ""TARGET_PLDDT_BELOW_90"": 2}",held,0.1.0
1258,Q8BSM7,AF-Q8BSM7-F1,14,"{""excluded"": 6, ""pass"": 8}","{""LOCAL_CONFIDENCE_PASS_CONTEXT_PENDING"": 8, ""TARGET_PLDDT_BELOW_90"": 6}",held,0.1.0
1259,Q8BT51,AF-Q8BT51-F1,4,"{""pass"": 4}","{""LOCAL_CONFIDENCE_PASS_CONTEXT_PENDING"": 4}",held,0.1.0
1261,Q8BTM8,AF-Q8BTM8-F1,50,"{""excluded"": 47, ""pass"": 3}","{""LOCAL_CONFIDENCE_PASS_CONTEXT_PENDING"": 3, ""TARGET_PLDDT_BELOW_90"": 47}",held,0.1.0
1262,Q8BTZ7,AF-Q8BTZ7-F1,9,"{""pass"": 9}","{""LOCAL_CONFIDENCE_PASS_CONTEXT_PENDING"": 9}",held,0.1.0
1263,Q8BU25,AF-Q8BU25-F1,42,"{""excluded"": 29, ""pass"": 13}","{""LOCAL_CONFIDENCE_PASS_CONTEXT_PENDING"": 13, ""TARGET_PLDDT_BELOW_90"": 29}",held,0.1.0
1264,Q8BVZ5,AF-Q8BVZ5-F1,7,"{""excluded"": 6, ""pass"": 1}","{""LOCAL_CONFIDENCE_PASS_CONTEXT_PENDING"": 1, ""TARGET_PLDDT_BELOW_90"": 6}",held,0.1.0
1269,Q8BWG8,AF-Q8BWG8-F1,8,"{""excluded"": 2, ""pass"": 6}","{""LOCAL_CONFIDENCE_PASS_CONTEXT_PENDING"": 6, ""TARGET_PLDDT_BELOW_90"": 2}",held,0.1.0
1270,Q8BWU8,AF-Q8BWU8-F1,10,"{""excluded"": 2, ""pass"": 8}","{""LOCAL_CONFIDENCE_PASS_CONTEXT_PENDING"": 8, ""TARGET_PLDDT_BELOW_90"": 2}",held,0.1.0
1271,Q8BWY2,AF-Q8BWY2-F1,11,"{""pass"": 11}","{""LOCAL_CONFIDENCE_PASS_CONTEXT_PENDING"": 11}",held,0.1.0
1274,Q8BX05,AF-Q8BX05-F1,10,"{""excluded"": 1, ""pass"": 9}","{""LOCAL_CONFIDENCE_PASS_CONTEXT_PENDING"": 9, ""TARGET_PLDDT_BELOW_90"": 1}",held,0.1.0
1276,Q8BX32,AF-Q8BX32-F1,11,"{""excluded"": 1, ""pass"": 10}","{""LOCAL_CONFIDENCE_PASS_CONTEXT_PENDING"": 10, ""TARGET_PLDDT_BELOW_90"": 1}",held,0.1.0
1277,Q8BX35,AF-Q8BX35-F1,22,"{""excluded"": 7, ""pass"": 15}","{""LOCAL_CONFIDENCE_PASS_CONTEXT_PENDING"": 15, ""TARGET_PLDDT_BELOW_90"": 7}",held,0.1.0
1279,Q8BYI9,AF-Q8BYI9-F1,41,"{""excluded"": 38, ""pass"": 3}","{""LOCAL_CONFIDENCE_PASS_CONTEXT_PENDING"": 3, ""TARGET_PLDDT_BELOW_90"": 38}",held,0.1.0
1282,Q8BZJ7,AF-Q8BZJ7-F1,5,"{""pass"": 5}","{""LOCAL_CONFIDENCE_PASS_CONTEXT_PENDING"": 5}",held,0.1.0
1283,Q8BZT7,AF-Q8BZT7-F1,22,"{""excluded"": 8, ""pass"": 14}","{""LOCAL_CONFIDENCE_PASS_CONTEXT_PENDING"": 14, ""NEIGHBOR_PLDDT_BELOW_70"": 1, ""TARGET_PLDDT_BELOW_90"": 7}",held,0.1.0
1285,Q8C033,AF-Q8C033-F1,26,"{""excluded"": 19, ""pass"": 7}","{""LOCAL_CONFIDENCE_PASS_CONTEXT_PENDING"": 7, ""NEIGHBOR_PLDDT_BELOW_70"": 2, ""TARGET_PLDDT_BELOW_90"": 17}",held,0.1.0
1286,Q8C080,AF-Q8C080-F1,4,"{""excluded"": 2, ""pass"": 2}","{""LOCAL_CONFIDENCE_PASS_CONTEXT_PENDING"": 2, ""TARGET_PLDDT_BELOW_90"": 2}",held,0.1.0
1287,Q8C0Q2,AF-Q8C0Q2-F1,16,"{""excluded"": 11, ""pass"": 5}","{""LOCAL_CONFIDENCE_PASS_CONTEXT_PENDING"": 5, ""TARGET_PLDDT_BELOW_90"": 11}",held,0.1.0
1288,Q8C156,AF-Q8C156-F1,12,"{""excluded"": 10, ""pass"": 2}","{""LOCAL_CONFIDENCE_PASS_CONTEXT_PENDING"": 2, ""TARGET_PLDDT_BELOW_90"": 10}",held,0.1.0
1291,Q8C255,AF-Q8C255-F1,7,"{""excluded"": 1, ""pass"": 6}","{""LOCAL_CONFIDENCE_PASS_CONTEXT_PENDING"": 6, ""TARGET_PLDDT_BELOW_90"": 1}",held,0.1.0
1293,Q8C267,AF-Q8C267-F1,34,"{""excluded"": 15, ""pass"": 19}","{""LOCAL_CONFIDENCE_PASS_CONTEXT_PENDING"": 19, ""NEIGHBOR_PLDDT_BELOW_70"": 3, ""TARGET_PLDDT_BELOW_90"": 12}",held,0.1.0
1295,Q8C351,AF-Q8C351-F1,12,"{""excluded"": 5, ""pass"": 7}","{""LOCAL_CONFIDENCE_PASS_CONTEXT_PENDING"": 7, ""TARGET_PLDDT_BELOW_90"": 5}",held,0.1.0
1297,Q8C398,AF-Q8C398-F1,13,"{""excluded"": 5, ""pass"": 8}","{""LOCAL_CONFIDENCE_PASS_CONTEXT_PENDING"": 8, ""NEIGHBOR_PLDDT_BELOW_70"": 1, ""TARGET_PLDDT_BELOW_90"": 4}",held,0.1.0
1298,Q8C581,AF-Q8C581-F1,5,"{""excluded"": 5}","{""TARGET_PLDDT_BELOW_90"": 5}",held,0.1.0
1299,Q8C5L6,AF-Q8C5L6-F1,3,"{""pass"": 3}","{""LOCAL_CONFIDENCE_PASS_CONTEXT_PENDING"": 3}",held,0.1.0
1302,Q8C6I2,AF-Q8C6I2-F1,1,"{""pass"": 1}","{""LOCAL_CONFIDENCE_PASS_CONTEXT_PENDING"": 1}",held,0.1.0
1303,Q8C8T7,AF-Q8C8T7-F1,18,"{""excluded"": 10, ""pass"": 8}","{""LOCAL_CONFIDENCE_PASS_CONTEXT_PENDING"": 8, ""NEIGHBOR_PLDDT_BELOW_70"": 2, ""TARGET_PLDDT_BELOW_90"": 8}",held,0.1.0
1304,Q8C9W3,AF-Q8C9W3-F1,57,"{""excluded"": 46, ""pass"": 11}","{""LOCAL_CONFIDENCE_PASS_CONTEXT_PENDING"": 11, ""TARGET_PLDDT_BELOW_90"": 46}",held,0.1.0
1305,Q8CA71,AF-Q8CA71-F1,13,"{""excluded"": 5, ""pass"": 8}","{""LOCAL_CONFIDENCE_PASS_CONTEXT_PENDING"": 8, ""TARGET_PLDDT_BELOW_90"": 5}",held,0.1.0
1306,Q8CAA5,AF-Q8CAA5-F1,11,"{""excluded"": 10, ""pass"": 1}","{""LOCAL_CONFIDENCE_PASS_CONTEXT_PENDING"": 1, ""TARGET_PLDDT_BELOW_90"": 10}",held,0.1.0
1307,Q8CAL5,AF-Q8CAL5-F1,20,"{""excluded"": 6, ""pass"": 14}","{""LOCAL_CONFIDENCE_PASS_CONTEXT_PENDING"": 14, ""NEIGHBOR_PLDDT_BELOW_70"": 1, ""TARGET_PLDDT_BELOW_90"": 5}",held,0.1.0
1308,Q8CAM5,AF-Q8CAM5-F1,8,"{""excluded"": 3, ""pass"": 5}","{""LOCAL_CONFIDENCE_PASS_CONTEXT_PENDING"": 5, ""TARGET_PLDDT_BELOW_90"": 3}",held,0.1.0
1309,Q8CAY6,AF-Q8CAY6-F1,8,"{""pass"": 8}","{""LOCAL_CONFIDENCE_PASS_CONTEXT_PENDING"": 8}",held,0.1.0
1310,Q8CDJ8,AF-Q8CDJ8-F1,22,"{""excluded"": 12, ""pass"": 10}","{""LOCAL_CONFIDENCE_PASS_CONTEXT_PENDING"": 10, ""NEIGHBOR_PLDDT_BELOW_70"": 1, ""TARGET_PLDDT_BELOW_90"": 11}",held,0.1.0
1311,Q8CE50,AF-Q8CE50-F1,6,"{""excluded"": 1, ""pass"": 5}","{""LOCAL_CONFIDENCE_PASS_CONTEXT_PENDING"": 5, ""TARGET_PLDDT_BELOW_90"": 1}",held,0.1.0
1312,Q8CEE6,AF-Q8CEE6-F1,43,"{""excluded"": 38, ""pass"": 5}","{""LOCAL_CONFIDENCE_PASS_CONTEXT_PENDING"": 5, ""NEIGHBOR_PLDDT_BELOW_70"": 1, ""TARGET_PLDDT_BELOW_90"": 37}",held,0.1.0
1313,Q8CF60,AF-Q8CF60-F1,28,"{""excluded"": 18, ""pass"": 10}","{""LOCAL_CONFIDENCE_PASS_CONTEXT_PENDING"": 10, ""TARGET_PLDDT_BELOW_90"": 18}",held,0.1.0
1314,Q8CF66,AF-Q8CF66-F1,1,"{""excluded"": 1}","{""TARGET_PLDDT_BELOW_90"": 1}",held,0.1.0
1315,Q8CFD5,AF-Q8CFD5-F1,13,"{""excluded"": 1, ""pass"": 12}","{""LOCAL_CONFIDENCE_PASS_CONTEXT_PENDING"": 12, ""TARGET_PLDDT_BELOW_90"": 1}",held,0.1.0
1316,Q8CFG0,AF-Q8CFG0-F1,22,"{""excluded"": 13, ""pass"": 9}","{""LOCAL_CONFIDENCE_PASS_CONTEXT_PENDING"": 9, ""TARGET_PLDDT_BELOW_90"": 13}",held,0.1.0
1317,Q8CFV4,AF-Q8CFV4-F1,6,"{""excluded"": 3, ""pass"": 3}","{""LOCAL_CONFIDENCE_PASS_CONTEXT_PENDING"": 3, ""TARGET_PLDDT_BELOW_90"": 3}",held,0.1.0
1321,Q8CGB6,AF-Q8CGB6-F1,34,"{""excluded"": 20, ""pass"": 14}","{""LOCAL_CONFIDENCE_PASS_CONTEXT_PENDING"": 14, ""NEIGHBOR_PLDDT_BELOW_70"": 1, ""TARGET_PLDDT_BELOW_90"": 19}",held,0.1.0
1322,Q8CGE9,AF-Q8CGE9-F1,30,"{""excluded"": 26, ""pass"": 4}","{""LOCAL_CONFIDENCE_PASS_CONTEXT_PENDING"": 4, ""TARGET_PLDDT_BELOW_90"": 26}",held,0.1.0
1324,Q8CGF1,AF-Q8CGF1-F1,25,"{""excluded"": 11, ""pass"": 14}","{""LOCAL_CONFIDENCE_PASS_CONTEXT_PENDING"": 14, ""NEIGHBOR_PLDDT_BELOW_70"": 1, ""TARGET_PLDDT_BELOW_90"": 10}",held,0.1.0
1325,Q8CI19,AF-Q8CI19-F1,15,"{""excluded"": 7, ""pass"": 8}","{""LOCAL_CONFIDENCE_PASS_CONTEXT_PENDING"": 8, ""TARGET_PLDDT_BELOW_90"": 7}",held,0.1.0
1326,Q8CID3,AF-Q8CID3-F1,12,"{""excluded"": 6, ""pass"": 6}","{""LOCAL_CONFIDENCE_PASS_CONTEXT_PENDING"": 6, ""TARGET_PLDDT_BELOW_90"": 6}",held,0.1.0
1327,Q8K007,AF-Q8K007-F1,23,"{""excluded"": 14, ""pass"": 9}","{""LOCAL_CONFIDENCE_PASS_CONTEXT_PENDING"": 9, ""NEIGHBOR_PLDDT_BELOW_70"": 1, ""TARGET_PLDDT_BELOW_90"": 13}",held,0.1.0
1328,Q8K0C4,AF-Q8K0C4-F1,7,"{""excluded"": 1, ""pass"": 6}","{""LOCAL_CONFIDENCE_PASS_CONTEXT_PENDING"": 6, ""TARGET_PLDDT_BELOW_90"": 1}",held,0.1.0
1329,Q8K0E7,AF-Q8K0E7-F1,23,"{""excluded"": 17, ""pass"": 6}","{""LOCAL_CONFIDENCE_PASS_CONTEXT_PENDING"": 6, ""TARGET_PLDDT_BELOW_90"": 17}",held,0.1.0
1332,Q8K1A5,AF-Q8K1A5-F1,5,"{""excluded"": 1, ""pass"": 4}","{""LOCAL_CONFIDENCE_PASS_CONTEXT_PENDING"": 4, ""TARGET_PLDDT_BELOW_90"": 1}",held,0.1.0
1333,Q8K1G2,AF-Q8K1G2-F1,12,"{""excluded"": 10, ""pass"": 2}","{""LOCAL_CONFIDENCE_PASS_CONTEXT_PENDING"": 2, ""NEIGHBOR_PLDDT_BELOW_70"": 1, ""TARGET_PLDDT_BELOW_90"": 9}",held,0.1.0
1335,Q8K1S6,AF-Q8K1S6-F1,23,"{""excluded"": 9, ""pass"": 14}","{""LOCAL_CONFIDENCE_PASS_CONTEXT_PENDING"": 14, ""TARGET_PLDDT_BELOW_90"": 9}",held,0.1.0
1336,Q8K1X4,AF-Q8K1X4-F1,27,"{""excluded"": 2, ""pass"": 25}","{""LOCAL_CONFIDENCE_PASS_CONTEXT_PENDING"": 25, ""TARGET_PLDDT_BELOW_90"": 2}",held,0.1.0
1339,Q8K299,AF-Q8K299-F1,10,"{""excluded"": 4, ""pass"": 6}","{""LOCAL_CONFIDENCE_PASS_CONTEXT_PENDING"": 6, ""TARGET_PLDDT_BELOW_90"": 4}",held,0.1.0
1342,Q8K2D3,AF-Q8K2D3-F1,12,"{""excluded"": 3, ""pass"": 9}","{""LOCAL_CONFIDENCE_PASS_CONTEXT_PENDING"": 9, ""TARGET_PLDDT_BELOW_90"": 3}",held,0.1.0
1343,Q8K2I3,AF-Q8K2I3-F1,8,"{""pass"": 8}","{""LOCAL_CONFIDENCE_PASS_CONTEXT_PENDING"": 8}",held,0.1.0
1347,Q8K2K6,AF-Q8K2K6-F1,5,"{""pass"": 5}","{""LOCAL_CONFIDENCE_PASS_CONTEXT_PENDING"": 5}",held,0.1.0
1348,Q8K353,AF-Q8K353-F1,6,"{""excluded"": 1, ""pass"": 5}","{""LOCAL_CONFIDENCE_PASS_CONTEXT_PENDING"": 5, ""TARGET_PLDDT_BELOW_90"": 1}",held,0.1.0
1349,Q8K370,AF-Q8K370-F1,16,"{""pass"": 16}","{""LOCAL_CONFIDENCE_PASS_CONTEXT_PENDING"": 16}",held,0.1.0
1350,Q8K371,AF-Q8K371-F1,4,"{""excluded"": 3, ""pass"": 1}","{""LOCAL_CONFIDENCE_PASS_CONTEXT_PENDING"": 1, ""TARGET_PLDDT_BELOW_90"": 3}",held,0.1.0
1352,Q8K3V7,AF-Q8K3V7-F1,27,"{""excluded"": 24, ""pass"": 3}","{""LOCAL_CONFIDENCE_PASS_CONTEXT_PENDING"": 3, ""TARGET_PLDDT_BELOW_90"": 24}",held,0.1.0
1353,Q8K406,AF-Q8K406-F1,13,"{""excluded"": 3, ""pass"": 10}","{""LOCAL_CONFIDENCE_PASS_CONTEXT_PENDING"": 10, ""TARGET_PLDDT_BELOW_90"": 3}",held,0.1.0
1354,Q8K419,AF-Q8K419-F1,1,"{""pass"": 1}","{""LOCAL_CONFIDENCE_PASS_CONTEXT_PENDING"": 1}",held,0.1.0
1357,Q8K482,AF-Q8K482-F1,22,"{""excluded"": 22}","{""TARGET_PLDDT_BELOW_90"": 22}",held,0.1.0
1358,Q8K485,AF-Q8K485-F1,2,"{""pass"": 2}","{""LOCAL_CONFIDENCE_PASS_CONTEXT_PENDING"": 2}",held,0.1.0
1361,Q8K4G1,AF-Q8K4G1-F1,161,"{""excluded"": 159, ""pass"": 2}","{""LOCAL_CONFIDENCE_PASS_CONTEXT_PENDING"": 2, ""TARGET_PLDDT_BELOW_90"": 159}",held,0.1.0
1362,Q8K4S1,AF-Q8K4S1-F1,59,"{""excluded"": 43, ""pass"": 16}","{""LOCAL_CONFIDENCE_PASS_CONTEXT_PENDING"": 16, ""TARGET_PLDDT_BELOW_90"": 43}",held,0.1.0
1363,Q8R000,AF-Q8R000-F1,15,"{""excluded"": 11, ""pass"": 4}","{""LOCAL_CONFIDENCE_PASS_CONTEXT_PENDING"": 4, ""TARGET_PLDDT_BELOW_90"": 11}",held,0.1.0
1365,Q8R007,AF-Q8R007-F1,8,"{""excluded"": 1, ""pass"": 7}","{""LOCAL_CONFIDENCE_PASS_CONTEXT_PENDING"": 7, ""TARGET_PLDDT_BELOW_90"": 1}",held,0.1.0
1366,Q8R080,AF-Q8R080-F1,8,"{""excluded"": 8}","{""TARGET_PLDDT_BELOW_90"": 8}",held,0.1.0
1367,Q8R0Z6,AF-Q8R0Z6-F1,7,"{""excluded"": 3, ""pass"": 4}","{""LOCAL_CONFIDENCE_PASS_CONTEXT_PENDING"": 4, ""TARGET_PLDDT_BELOW_90"": 3}",held,0.1.0
1368,Q8R2G6,AF-Q8R2G6-F1,7,"{""excluded"": 5, ""pass"": 2}","{""LOCAL_CONFIDENCE_PASS_CONTEXT_PENDING"": 2, ""TARGET_PLDDT_BELOW_90"": 5}",held,0.1.0
1370,Q8R2Y0,AF-Q8R2Y0-F1,7,"{""pass"": 7}","{""LOCAL_CONFIDENCE_PASS_CONTEXT_PENDING"": 7}",held,0.1.0
1371,Q8R3A2,AF-Q8R3A2-F1,8,"{""pass"": 8}","{""LOCAL_CONFIDENCE_PASS_CONTEXT_PENDING"": 8}",held,0.1.0
1372,Q8R4U7,AF-Q8R4U7-F1,10,"{""excluded"": 7, ""pass"": 3}","{""LOCAL_CONFIDENCE_PASS_CONTEXT_PENDING"": 3, ""TARGET_PLDDT_BELOW_90"": 7}",held,0.1.0
1374,Q8R4V5,AF-Q8R4V5-F1,39,"{""excluded"": 20, ""pass"": 19}","{""LOCAL_CONFIDENCE_PASS_CONTEXT_PENDING"": 19, ""TARGET_PLDDT_BELOW_90"": 20}",held,0.1.0
1375,Q8R4W6,AF-Q8R4W6-F1,16,"{""excluded"": 12, ""pass"": 4}","{""LOCAL_CONFIDENCE_PASS_CONTEXT_PENDING"": 4, ""TARGET_PLDDT_BELOW_90"": 12}",held,0.1.0
1376,Q8R527,AF-Q8R527-F1,10,"{""excluded"": 4, ""pass"": 6}","{""LOCAL_CONFIDENCE_PASS_CONTEXT_PENDING"": 6, ""NEIGHBOR_PLDDT_BELOW_70"": 1, ""TARGET_PLDDT_BELOW_90"": 3}",held,0.1.0
1378,Q8VBV4,AF-Q8VBV4-F1,18,"{""excluded"": 3, ""pass"": 15}","{""LOCAL_CONFIDENCE_PASS_CONTEXT_PENDING"": 15, ""TARGET_PLDDT_BELOW_90"": 3}",held,0.1.0
1380,Q8VC26,AF-Q8VC26-F1,5,"{""excluded"": 1, ""pass"": 4}","{""LOCAL_CONFIDENCE_PASS_CONTEXT_PENDING"": 4, ""TARGET_PLDDT_BELOW_90"": 1}",held,0.1.0
1381,Q8VCC1,AF-Q8VCC1-F1,4,"{""pass"": 4}","{""LOCAL_CONFIDENCE_PASS_CONTEXT_PENDING"": 4}",held,0.1.0
1383,Q8VCC8,AF-Q8VCC8-F1,15,"{""excluded"": 6, ""pass"": 9}","{""LOCAL_CONFIDENCE_PASS_CONTEXT_PENDING"": 9, ""TARGET_PLDDT_BELOW_90"": 6}",held,0.1.0
1385,Q8VCP9,AF-Q8VCP9-F1,23,"{""excluded"": 11, ""pass"": 12}","{""LOCAL_CONFIDENCE_PASS_CONTEXT_PENDING"": 12, ""TARGET_PLDDT_BELOW_90"": 11}",held,0.1.0
1388,Q8VCQ6,AF-Q8VCQ6-F1,9,"{""excluded"": 3, ""pass"": 6}","{""LOCAL_CONFIDENCE_PASS_CONTEXT_PENDING"": 6, ""TARGET_PLDDT_BELOW_90"": 3}",held,0.1.0
1390,Q8VCT9,AF-Q8VCT9-F1,11,"{""excluded"": 6, ""pass"": 5}","{""LOCAL_CONFIDENCE_PASS_CONTEXT_PENDING"": 5, ""TARGET_PLDDT_BELOW_90"": 6}",held,0.1.0
1391,Q8VCZ6,AF-Q8VCZ6-F1,18,"{""excluded"": 12, ""pass"": 6}","{""LOCAL_CONFIDENCE_PASS_CONTEXT_PENDING"": 6, ""NEIGHBOR_PLDDT_BELOW_70"": 2, ""TARGET_PLDDT_BELOW_90"": 10}",held,0.1.0
1394,Q8VD53,AF-Q8VD53-F1,16,"{""excluded"": 1, ""pass"": 15}","{""LOCAL_CONFIDENCE_PASS_CONTEXT_PENDING"": 15, ""TARGET_PLDDT_BELOW_90"": 1}",held,0.1.0
1396,Q8VDG5,AF-Q8VDG5-F1,1,"{""pass"": 1}","{""LOCAL_CONFIDENCE_PASS_CONTEXT_PENDING"": 1}",held,0.1.0
1399,Q8VDP3,AF-Q8VDP3-F1,20,"{""excluded"": 12, ""pass"": 8}","{""LOCAL_CONFIDENCE_PASS_CONTEXT_PENDING"": 8, ""NEIGHBOR_PLDDT_BELOW_70"": 1, ""TARGET_PLDDT_BELOW_90"": 11}",held,0.1.0
1409,Q8VDV0,AF-Q8VDV0-F1,80,"{""excluded"": 33, ""pass"": 47}","{""LOCAL_CONFIDENCE_PASS_CONTEXT_PENDING"": 47, ""TARGET_PLDDT_BELOW_90"": 33}",held,0.1.0
1410,Q8VE92,AF-Q8VE92-F1,6,"{""excluded"": 4, ""pass"": 2}","{""LOCAL_CONFIDENCE_PASS_CONTEXT_PENDING"": 2, ""TARGET_PLDDT_BELOW_90"": 4}",held,0.1.0
1411,Q8VHZ5,AF-Q8VHZ5-F1,9,"{""excluded"": 3, ""pass"": 6}","{""LOCAL_CONFIDENCE_PASS_CONTEXT_PENDING"": 6, ""TARGET_PLDDT_BELOW_90"": 3}",held,0.1.0
1412,Q8VI64,AF-Q8VI64-F1,2,"{""excluded"": 2}","{""TARGET_PLDDT_BELOW_90"": 2}",held,0.1.0
1416,Q8VIK5,AF-Q8VIK5-F1,126,"{""excluded"": 87, ""pass"": 39}","{""LOCAL_CONFIDENCE_PASS_CONTEXT_PENDING"": 39, ""TARGET_PLDDT_BELOW_90"": 87}",held,0.1.0
1417,Q91VE2,AF-Q91VE2-F1,12,"{""excluded"": 2, ""pass"": 10}","{""LOCAL_CONFIDENCE_PASS_CONTEXT_PENDING"": 10, ""TARGET_PLDDT_BELOW_90"": 2}",held,0.1.0
1418,Q91VK1,AF-Q91VK1-F1,4,"{""pass"": 4}","{""LOCAL_CONFIDENCE_PASS_CONTEXT_PENDING"": 4}",held,0.1.0
1419,Q91VN1,AF-Q91VN1-F1,11,"{""excluded"": 3, ""pass"": 8}","{""LOCAL_CONFIDENCE_PASS_CONTEXT_PENDING"": 8, ""TARGET_PLDDT_BELOW_90"": 3}",held,0.1.0
1421,Q91VW3,AF-Q91VW3-F1,1,"{""pass"": 1}","{""LOCAL_CONFIDENCE_PASS_CONTEXT_PENDING"": 1}",held,0.1.0
1425,Q91W29,AF-Q91W29-F1,3,"{""excluded"": 2, ""pass"": 1}","{""LOCAL_CONFIDENCE_PASS_CONTEXT_PENDING"": 1, ""TARGET_PLDDT_BELOW_90"": 2}",held,0.1.0
1426,Q91W86,AF-Q91W86-F1,23,"{""excluded"": 17, ""pass"": 6}","{""LOCAL_CONFIDENCE_PASS_CONTEXT_PENDING"": 6, ""TARGET_PLDDT_BELOW_90"": 17}",held,0.1.0
1428,Q91WE9,AF-Q91WE9-F1,9,"{""excluded"": 2, ""pass"": 7}","{""LOCAL_CONFIDENCE_PASS_CONTEXT_PENDING"": 7, ""TARGET_PLDDT_BELOW_90"": 2}",held,0.1.0
1429,Q91WK5,AF-Q91WK5-F1,4,"{""excluded"": 2, ""pass"": 2}","{""LOCAL_CONFIDENCE_PASS_CONTEXT_PENDING"": 2, ""TARGET_PLDDT_BELOW_90"": 2}",held,0.1.0
1432,Q91WT9,AF-Q91WT9-F1,13,"{""excluded"": 3, ""pass"": 10}","{""LOCAL_CONFIDENCE_PASS_CONTEXT_PENDING"": 10, ""TARGET_PLDDT_BELOW_90"": 3}",held,0.1.0
1433,Q91X52,AF-Q91X52-F1,4,"{""pass"": 4}","{""LOCAL_CONFIDENCE_PASS_CONTEXT_PENDING"": 4}",held,0.1.0
1434,Q91XD2,AF-Q91XD2-F1,34,"{""excluded"": 6, ""pass"": 28}","{""LOCAL_CONFIDENCE_PASS_CONTEXT_PENDING"": 28, ""TARGET_PLDDT_BELOW_90"": 6}",held,0.1.0
1436,Q91XE0,AF-Q91XE0-F1,5,"{""pass"": 5}","{""LOCAL_CONFIDENCE_PASS_CONTEXT_PENDING"": 5}",held,0.1.0
1437,Q91XT6,AF-Q91XT6-F1,13,"{""excluded"": 10, ""pass"": 3}","{""LOCAL_CONFIDENCE_PASS_CONTEXT_PENDING"": 3, ""TARGET_PLDDT_BELOW_90"": 10}",held,0.1.0
1438,Q91Y86,AF-Q91Y86-F1,8,"{""excluded"": 1, ""pass"": 7}","{""LOCAL_CONFIDENCE_PASS_CONTEXT_PENDING"": 7, ""TARGET_PLDDT_BELOW_90"": 1}",held,0.1.0
1439,Q91ZC0,AF-Q91ZC0-F1,11,"{""excluded"": 4, ""pass"": 7}","{""LOCAL_CONFIDENCE_PASS_CONTEXT_PENDING"": 7, ""TARGET_PLDDT_BELOW_90"": 4}",held,0.1.0
1441,Q91ZP9,AF-Q91ZP9-F1,8,"{""excluded"": 5, ""pass"": 3}","{""LOCAL_CONFIDENCE_PASS_CONTEXT_PENDING"": 3, ""TARGET_PLDDT_BELOW_90"": 5}",held,0.1.0
1442,Q91ZV8,AF-Q91ZV8-F1,39,"{""excluded"": 20, ""pass"": 19}","{""LOCAL_CONFIDENCE_PASS_CONTEXT_PENDING"": 19, ""NEIGHBOR_PLDDT_BELOW_70"": 1, ""TARGET_PLDDT_BELOW_90"": 19}",held,0.1.0
1444,Q91ZX1,AF-Q91ZX1-F1,10,"{""excluded"": 3, ""pass"": 7}","{""LOCAL_CONFIDENCE_PASS_CONTEXT_PENDING"": 7, ""TARGET_PLDDT_BELOW_90"": 3}",held,0.1.0
1446,Q920C1,AF-Q920C1-F1,34,"{""excluded"": 30, ""pass"": 4}","{""LOCAL_CONFIDENCE_PASS_CONTEXT_PENDING"": 4, ""TARGET_PLDDT_BELOW_90"": 30}",held,0.1.0
1447,Q920C4,AF-Q920C4-F1,5,"{""excluded"": 5}","{""TARGET_PLDDT_BELOW_90"": 5}",held,0.1.0
1448,Q920E5,AF-Q920E5-F1,6,"{""pass"": 6}","{""LOCAL_CONFIDENCE_PASS_CONTEXT_PENDING"": 6}",held,0.1.0
1449,Q920L5,AF-Q920L5-F1,4,"{""excluded"": 1, ""pass"": 3}","{""LOCAL_CONFIDENCE_PASS_CONTEXT_PENDING"": 3, ""TARGET_PLDDT_BELOW_90"": 1}",held,0.1.0
1450,Q923B1,AF-Q923B1-F1,12,"{""excluded"": 2, ""pass"": 10}","{""LOCAL_CONFIDENCE_PASS_CONTEXT_PENDING"": 10, ""TARGET_PLDDT_BELOW_90"": 2}",held,0.1.0
1452,Q923W9,AF-Q923W9-F1,50,"{""excluded"": 19, ""pass"": 31}","{""LOCAL_CONFIDENCE_PASS_CONTEXT_PENDING"": 31, ""TARGET_PLDDT_BELOW_90"": 19}",held,0.1.0
1453,Q923X1,AF-Q923X1-F1,40,"{""excluded"": 25, ""pass"": 15}","{""LOCAL_CONFIDENCE_PASS_CONTEXT_PENDING"": 15, ""TARGET_PLDDT_BELOW_90"": 25}",held,0.1.0
1455,Q924X6,AF-Q924X6-F1,71,"{""excluded"": 59, ""pass"": 12}","{""LOCAL_CONFIDENCE_PASS_CONTEXT_PENDING"": 12, ""TARGET_PLDDT_BELOW_90"": 59}",held,0.1.0
1456,Q925N0,AF-Q925N0-F1,3,"{""pass"": 3}","{""LOCAL_CONFIDENCE_PASS_CONTEXT_PENDING"": 3}",held,0.1.0
1457,Q925N2,AF-Q925N2-F1,7,"{""excluded"": 5, ""pass"": 2}","{""LOCAL_CONFIDENCE_PASS_CONTEXT_PENDING"": 2, ""TARGET_PLDDT_BELOW_90"": 5}",held,0.1.0
1459,Q93092,AF-Q93092-F1,3,"{""pass"": 3}","{""LOCAL_CONFIDENCE_PASS_CONTEXT_PENDING"": 3}",held,0.1.0
1464,Q99J79,AF-Q99J79-F1,11,"{""excluded"": 6, ""pass"": 5}","{""LOCAL_CONFIDENCE_PASS_CONTEXT_PENDING"": 5, ""TARGET_PLDDT_BELOW_90"": 6}",held,0.1.0
1465,Q99JF5,AF-Q99JF5-F1,6,"{""pass"": 6}","{""LOCAL_CONFIDENCE_PASS_CONTEXT_PENDING"": 6}",held,0.1.0
1468,Q99LF1,AF-Q99LF1-F1,4,"{""excluded"": 3, ""pass"": 1}","{""LOCAL_CONFIDENCE_PASS_CONTEXT_PENDING"": 1, ""TARGET_PLDDT_BELOW_90"": 3}",held,0.1.0
1469,Q99MQ4,AF-Q99MQ4-F1,7,"{""excluded"": 1, ""pass"": 6}","{""LOCAL_CONFIDENCE_PASS_CONTEXT_PENDING"": 6, ""TARGET_PLDDT_BELOW_90"": 1}",held,0.1.0
1470,Q99MR1,AF-Q99MR1-F1,8,"{""excluded"": 7, ""pass"": 1}","{""LOCAL_CONFIDENCE_PASS_CONTEXT_PENDING"": 1, ""TARGET_PLDDT_BELOW_90"": 7}",held,0.1.0
1471,Q99N05,AF-Q99N05-F1,5,"{""excluded"": 4, ""pass"": 1}","{""LOCAL_CONFIDENCE_PASS_CONTEXT_PENDING"": 1, ""TARGET_PLDDT_BELOW_90"": 4}",held,0.1.0
1472,Q99N09,AF-Q99N09-F1,5,"{""excluded"": 2, ""pass"": 3}","{""LOCAL_CONFIDENCE_PASS_CONTEXT_PENDING"": 3, ""TARGET_PLDDT_BELOW_90"": 2}",held,0.1.0
1477,Q99N48,AF-Q99N48-F1,21,"{""excluded"": 9, ""pass"": 12}","{""LOCAL_CONFIDENCE_PASS_CONTEXT_PENDING"": 12, ""TARGET_PLDDT_BELOW_90"": 9}",held,0.1.0
1478,Q99N90,AF-Q99N90-F1,5,"{""excluded"": 2, ""pass"": 3}","{""LOCAL_CONFIDENCE_PASS_CONTEXT_PENDING"": 3, ""TARGET_PLDDT_BELOW_90"": 2}",held,0.1.0
1483,Q99N91,AF-Q99N91-F1,3,"{""excluded"": 3}","{""TARGET_PLDDT_BELOW_90"": 3}",held,0.1.0
1488,Q99P47,AF-Q99P47-F1,35,"{""excluded"": 9, ""pass"": 26}","{""LOCAL_CONFIDENCE_PASS_CONTEXT_PENDING"": 26, ""NEIGHBOR_PLDDT_BELOW_70"": 3, ""TARGET_PLDDT_BELOW_90"": 6}",held,0.1.0
1489,Q99PI4,AF-Q99PI4-F1,13,"{""excluded"": 8, ""pass"": 5}","{""LOCAL_CONFIDENCE_PASS_CONTEXT_PENDING"": 5, ""TARGET_PLDDT_BELOW_90"": 8}",held,0.1.0
1490,Q99PL8,AF-Q99PL8-F1,10,"{""excluded"": 5, ""pass"": 5}","{""LOCAL_CONFIDENCE_PASS_CONTEXT_PENDING"": 5, ""TARGET_PLDDT_BELOW_90"": 5}",held,0.1.0
1491,Q99PU5,AF-Q99PU5-F1,15,"{""excluded"": 5, ""pass"": 10}","{""LOCAL_CONFIDENCE_PASS_CONTEXT_PENDING"": 10, ""TARGET_PLDDT_BELOW_90"": 5}",held,0.1.0
1492,Q9CPU0,AF-Q9CPU0-F1,3,"{""pass"": 3}","{""LOCAL_CONFIDENCE_PASS_CONTEXT_PENDING"": 3}",held,0.1.0
1507,Q9CPV9,AF-Q9CPV9-F1,10,"{""excluded"": 5, ""pass"": 5}","{""LOCAL_CONFIDENCE_PASS_CONTEXT_PENDING"": 5, ""TARGET_PLDDT_BELOW_90"": 5}",held,0.1.0
1508,Q9CQ00,AF-Q9CQ00-F1,3,"{""excluded"": 2, ""pass"": 1}","{""LOCAL_CONFIDENCE_PASS_CONTEXT_PENDING"": 1, ""TARGET_PLDDT_BELOW_90"": 2}",held,0.1.0
1509,Q9CQ02,AF-Q9CQ02-F1,6,"{""excluded"": 6}","{""TARGET_PLDDT_BELOW_90"": 6}",held,0.1.0
1510,Q9CQ19,AF-Q9CQ19-F1,1,"{""pass"": 1}","{""LOCAL_CONFIDENCE_PASS_CONTEXT_PENDING"": 1}",held,0.1.0
1511,Q9CQ86,AF-Q9CQ86-F1,3,"{""excluded"": 3}","{""TARGET_PLDDT_BELOW_90"": 3}",held,0.1.0
1513,Q9CQG2,AF-Q9CQG2-F1,15,"{""excluded"": 6, ""pass"": 9}","{""LOCAL_CONFIDENCE_PASS_CONTEXT_PENDING"": 9, ""TARGET_PLDDT_BELOW_90"": 6}",held,0.1.0
1514,Q9CQJ5,AF-Q9CQJ5-F1,6,"{""excluded"": 6}","{""TARGET_PLDDT_BELOW_90"": 6}",held,0.1.0
1515,Q9CQM5,AF-Q9CQM5-F1,6,"{""pass"": 6}","{""LOCAL_CONFIDENCE_PASS_CONTEXT_PENDING"": 6}",held,0.1.0
1517,Q9CQP8,AF-Q9CQP8-F1,2,"{""excluded"": 2}","{""TARGET_PLDDT_BELOW_90"": 2}",held,0.1.0
1525,Q9CQS2,AF-Q9CQS2-F1,1,"{""pass"": 1}","{""LOCAL_CONFIDENCE_PASS_CONTEXT_PENDING"": 1}",held,0.1.0
1526,Q9CR10,AF-Q9CR10-F1,10,"{""excluded"": 10}","{""TARGET_PLDDT_BELOW_90"": 10}",held,0.1.0
1527,Q9CR50,AF-Q9CR50-F1,29,"{""pass"": 29}","{""LOCAL_CONFIDENCE_PASS_CONTEXT_PENDING"": 29}",held,0.1.0
1530,Q9CR75,AF-Q9CR75-F1,8,"{""excluded"": 7, ""pass"": 1}","{""LOCAL_CONFIDENCE_PASS_CONTEXT_PENDING"": 1, ""TARGET_PLDDT_BELOW_90"": 7}",held,0.1.0
1532,Q9CR84,AF-Q9CR84-F1,3,"{""excluded"": 2, ""pass"": 1}","{""LOCAL_CONFIDENCE_PASS_CONTEXT_PENDING"": 1, ""TARGET_PLDDT_BELOW_90"": 2}",held,0.1.0
1534,Q9CR96,AF-Q9CR96-F1,2,"{""excluded"": 2}","{""TARGET_PLDDT_BELOW_90"": 2}",held,0.1.0
1535,Q9CR98,AF-Q9CR98-F1,9,"{""pass"": 9}","{""LOCAL_CONFIDENCE_PASS_CONTEXT_PENDING"": 9}",held,0.1.0
1536,Q9CRA4,AF-Q9CRA4-F1,5,"{""pass"": 5}","{""LOCAL_CONFIDENCE_PASS_CONTEXT_PENDING"": 5}",held,0.1.0
1537,Q9CW03,AF-Q9CW03-F1,7,"{""excluded"": 3, ""pass"": 4}","{""LOCAL_CONFIDENCE_PASS_CONTEXT_PENDING"": 4, ""TARGET_PLDDT_BELOW_90"": 3}",held,0.1.0
1541,Q9CWF2,AF-Q9CWF2-F1,8,"{""excluded"": 3, ""pass"": 5}","{""LOCAL_CONFIDENCE_PASS_CONTEXT_PENDING"": 5, ""NEIGHBOR_PLDDT_BELOW_70"": 1, ""TARGET_PLDDT_BELOW_90"": 2}",held,0.1.0
1544,Q9CX84,AF-Q9CX84-F1,11,"{""excluded"": 10, ""pass"": 1}","{""LOCAL_CONFIDENCE_PASS_CONTEXT_PENDING"": 1, ""TARGET_PLDDT_BELOW_90"": 10}",held,0.1.0
1545,Q9CXC9,AF-Q9CXC9-F1,11,"{""excluded"": 11}","{""TARGET_PLDDT_BELOW_90"": 11}",held,0.1.0
1546,Q9CY45,AF-Q9CY45-F1,7,"{""excluded"": 2, ""pass"": 5}","{""LOCAL_CONFIDENCE_PASS_CONTEXT_PENDING"": 5, ""TARGET_PLDDT_BELOW_90"": 2}",held,0.1.0
1547,Q9CY64,AF-Q9CY64-F1,3,"{""pass"": 3}","{""LOCAL_CONFIDENCE_PASS_CONTEXT_PENDING"": 3}",held,0.1.0
1548,Q9CYQ7,AF-Q9CYQ7-F1,16,"{""excluded"": 9, ""pass"": 7}","{""LOCAL_CONFIDENCE_PASS_CONTEXT_PENDING"": 7, ""NEIGHBOR_PLDDT_BELOW_70"": 1, ""TARGET_PLDDT_BELOW_90"": 8}",held,0.1.0
1549,Q9CZH3,AF-Q9CZH3-F1,3,"{""pass"": 3}","{""LOCAL_CONFIDENCE_PASS_CONTEXT_PENDING"": 3}",held,0.1.0
1551,Q9CZI9,AF-Q9CZI9-F1,6,"{""excluded"": 4, ""pass"": 2}","{""LOCAL_CONFIDENCE_PASS_CONTEXT_PENDING"": 2, ""NEIGHBOR_PLDDT_BELOW_70"": 1, ""TARGET_PLDDT_BELOW_90"": 3}",held,0.1.0
1552,Q9CZP5,AF-Q9CZP5-F1,3,"{""pass"": 3}","{""LOCAL_CONFIDENCE_PASS_CONTEXT_PENDING"": 3}",held,0.1.0
1630,Q9D0P7,AF-Q9D0P7-F1,3,"{""excluded"": 3}","{""TARGET_PLDDT_BELOW_90"": 3}",held,0.1.0
1631,Q9D0T7,AF-Q9D0T7-F1,4,"{""excluded"": 1, ""pass"": 3}","{""LOCAL_CONFIDENCE_PASS_CONTEXT_PENDING"": 3, ""TARGET_PLDDT_BELOW_90"": 1}",held,0.1.0
1633,Q9D154,AF-Q9D154-F1,3,"{""excluded"": 1, ""pass"": 2}","{""LOCAL_CONFIDENCE_PASS_CONTEXT_PENDING"": 2, ""TARGET_PLDDT_BELOW_90"": 1}",held,0.1.0
1635,Q9D164,AF-Q9D164-F1,3,"{""excluded"": 3}","{""TARGET_PLDDT_BELOW_90"": 3}",held,0.1.0
1636,Q9D1D1,AF-Q9D1D1-F1,13,"{""excluded"": 1, ""pass"": 12}","{""LOCAL_CONFIDENCE_PASS_CONTEXT_PENDING"": 12, ""TARGET_PLDDT_BELOW_90"": 1}",held,0.1.0
1639,Q9D1G2,AF-Q9D1G2-F1,5,"{""pass"": 5}","{""LOCAL_CONFIDENCE_PASS_CONTEXT_PENDING"": 5}",held,0.1.0
1642,Q9D236,AF-Q9D236-F1,16,"{""excluded"": 10, ""pass"": 6}","{""LOCAL_CONFIDENCE_PASS_CONTEXT_PENDING"": 6, ""TARGET_PLDDT_BELOW_90"": 10}",held,0.1.0
1643,Q9D2N8,AF-Q9D2N8-F1,17,"{""excluded"": 2, ""pass"": 15}","{""LOCAL_CONFIDENCE_PASS_CONTEXT_PENDING"": 15, ""TARGET_PLDDT_BELOW_90"": 2}",held,0.1.0
1645,Q9D300,AF-Q9D300-F1,10,"{""excluded"": 1, ""pass"": 9}","{""LOCAL_CONFIDENCE_PASS_CONTEXT_PENDING"": 9, ""TARGET_PLDDT_BELOW_90"": 1}",held,0.1.0
1647,Q9D3R9,AF-Q9D3R9-F1,7,"{""excluded"": 4, ""pass"": 3}","{""LOCAL_CONFIDENCE_PASS_CONTEXT_PENDING"": 3, ""TARGET_PLDDT_BELOW_90"": 4}",held,0.1.0
1648,Q9D479,AF-Q9D479-F1,15,"{""excluded"": 8, ""pass"": 7}","{""LOCAL_CONFIDENCE_PASS_CONTEXT_PENDING"": 7, ""TARGET_PLDDT_BELOW_90"": 8}",held,0.1.0
1649,Q9D5Z5,AF-Q9D5Z5-F1,10,"{""excluded"": 1, ""pass"": 9}","{""LOCAL_CONFIDENCE_PASS_CONTEXT_PENDING"": 9, ""TARGET_PLDDT_BELOW_90"": 1}",held,0.1.0
1650,Q9D668,AF-Q9D668-F1,9,"{""excluded"": 8, ""pass"": 1}","{""LOCAL_CONFIDENCE_PASS_CONTEXT_PENDING"": 1, ""TARGET_PLDDT_BELOW_90"": 8}",held,0.1.0
1652,Q9D684,AF-Q9D684-F1,18,"{""excluded"": 13, ""pass"": 5}","{""LOCAL_CONFIDENCE_PASS_CONTEXT_PENDING"": 5, ""TARGET_PLDDT_BELOW_90"": 13}",held,0.1.0
1654,Q9D6A1,AF-Q9D6A1-F1,23,"{""excluded"": 13, ""pass"": 10}","{""LOCAL_CONFIDENCE_PASS_CONTEXT_PENDING"": 10, ""TARGET_PLDDT_BELOW_90"": 13}",held,0.1.0
1655,Q9D6B9,AF-Q9D6B9-F1,2,"{""excluded"": 1, ""pass"": 1}","{""LOCAL_CONFIDENCE_PASS_CONTEXT_PENDING"": 1, ""TARGET_PLDDT_BELOW_90"": 1}",held,0.1.0
1656,Q9D6D8,AF-Q9D6D8-F1,9,"{""excluded"": 2, ""pass"": 7}","{""LOCAL_CONFIDENCE_PASS_CONTEXT_PENDING"": 7, ""TARGET_PLDDT_BELOW_90"": 2}",held,0.1.0
1657,Q9D6W7,AF-Q9D6W7-F1,13,"{""excluded"": 13}","{""TARGET_PLDDT_BELOW_90"": 13}",held,0.1.0
1659,Q9D6X5,AF-Q9D6X5-F1,15,"{""excluded"": 7, ""pass"": 8}","{""LOCAL_CONFIDENCE_PASS_CONTEXT_PENDING"": 8, ""NEIGHBOR_PLDDT_BELOW_70"": 1, ""TARGET_PLDDT_BELOW_90"": 6}",held,0.1.0
1660,Q9D6X6,AF-Q9D6X6-F1,9,"{""excluded"": 5, ""pass"": 4}","{""LOCAL_CONFIDENCE_PASS_CONTEXT_PENDING"": 4, ""TARGET_PLDDT_BELOW_90"": 5}",held,0.1.0
1661,Q9D708,AF-Q9D708-F1,4,"{""excluded"": 3, ""pass"": 1}","{""LOCAL_CONFIDENCE_PASS_CONTEXT_PENDING"": 1, ""TARGET_PLDDT_BELOW_90"": 3}",held,0.1.0
1662,Q9D7C9,AF-Q9D7C9-F1,3,"{""pass"": 3}","{""LOCAL_CONFIDENCE_PASS_CONTEXT_PENDING"": 3}",held,0.1.0
1664,Q9D7I5,AF-Q9D7I5-F1,6,"{""pass"": 6}","{""LOCAL_CONFIDENCE_PASS_CONTEXT_PENDING"": 6}",held,0.1.0
1666,Q9D7Q1,AF-Q9D7Q1-F1,10,"{""excluded"": 6, ""pass"": 4}","{""LOCAL_CONFIDENCE_PASS_CONTEXT_PENDING"": 4, ""TARGET_PLDDT_BELOW_90"": 6}",held,0.1.0
1667,Q9D7U6,AF-Q9D7U6-F1,10,"{""excluded"": 3, ""pass"": 7}","{""LOCAL_CONFIDENCE_PASS_CONTEXT_PENDING"": 7, ""NEIGHBOR_PLDDT_BELOW_70"": 1, ""TARGET_PLDDT_BELOW_90"": 2}",held,0.1.0
1668,Q9D819,AF-Q9D819-F1,8,"{""pass"": 8}","{""LOCAL_CONFIDENCE_PASS_CONTEXT_PENDING"": 8}",held,0.1.0
1669,Q9D975,AF-Q9D975-F1,2,"{""excluded"": 1, ""pass"": 1}","{""LOCAL_CONFIDENCE_PASS_CONTEXT_PENDING"": 1, ""TARGET_PLDDT_BELOW_90"": 1}",held,0.1.0
1670,Q9DAU7,AF-Q9DAU7-F1,18,"{""excluded"": 6, ""pass"": 12}","{""LOCAL_CONFIDENCE_PASS_CONTEXT_PENDING"": 12, ""TARGET_PLDDT_BELOW_90"": 6}",held,0.1.0
1671,Q9DB28,AF-Q9DB28-F1,8,"{""excluded"": 3, ""pass"": 5}","{""LOCAL_CONFIDENCE_PASS_CONTEXT_PENDING"": 5, ""TARGET_PLDDT_BELOW_90"": 3}",held,0.1.0
1672,Q9DB91,AF-Q9DB91-F1,7,"{""excluded"": 2, ""pass"": 5}","{""LOCAL_CONFIDENCE_PASS_CONTEXT_PENDING"": 5, ""TARGET_PLDDT_BELOW_90"": 2}",held,0.1.0
1677,Q9DBF1,AF-Q9DBF1-F1,9,"{""excluded"": 1, ""pass"": 8}","{""LOCAL_CONFIDENCE_PASS_CONTEXT_PENDING"": 8, ""TARGET_PLDDT_BELOW_90"": 1}",held,0.1.0
1678,Q9DBG1,AF-Q9DBG1-F1,4,"{""excluded"": 1, ""pass"": 3}","{""LOCAL_CONFIDENCE_PASS_CONTEXT_PENDING"": 3, ""TARGET_PLDDT_BELOW_90"": 1}",held,0.1.0
1679,Q9DCC4,AF-Q9DCC4-F1,8,"{""pass"": 8}","{""LOCAL_CONFIDENCE_PASS_CONTEXT_PENDING"": 8}",held,0.1.0
1680,Q9DCE5,AF-Q9DCE5-F1,9,"{""excluded"": 1, ""pass"": 8}","{""LOCAL_CONFIDENCE_PASS_CONTEXT_PENDING"": 8, ""TARGET_PLDDT_BELOW_90"": 1}",held,0.1.0
1681,Q9DCU2,AF-Q9DCU2-F1,2,"{""excluded"": 2}","{""TARGET_PLDDT_BELOW_90"": 2}",held,0.1.0
1685,Q9EP53,AF-Q9EP53-F1,18,"{""excluded"": 13, ""pass"": 5}","{""LOCAL_CONFIDENCE_PASS_CONTEXT_PENDING"": 5, ""TARGET_PLDDT_BELOW_90"": 13}",held,0.1.0
1686,Q9EP69,AF-Q9EP69-F1,10,"{""excluded"": 4, ""pass"": 6}","{""LOCAL_CONFIDENCE_PASS_CONTEXT_PENDING"": 6, ""TARGET_PLDDT_BELOW_90"": 4}",held,0.1.0
1687,Q9EP75,AF-Q9EP75-F1,10,"{""pass"": 10}","{""LOCAL_CONFIDENCE_PASS_CONTEXT_PENDING"": 10}",held,0.1.0
1688,Q9EPC5,AF-Q9EPC5-F1,5,"{""pass"": 5}","{""LOCAL_CONFIDENCE_PASS_CONTEXT_PENDING"": 5}",held,0.1.0
1689,Q9EPW2,AF-Q9EPW2-F1,14,"{""excluded"": 14}","{""TARGET_PLDDT_BELOW_90"": 14}",held,0.1.0
1690,Q9EPX5,AF-Q9EPX5-F1,11,"{""excluded"": 2, ""pass"": 9}","{""LOCAL_CONFIDENCE_PASS_CONTEXT_PENDING"": 9, ""NEIGHBOR_PLDDT_BELOW_70"": 1, ""TARGET_PLDDT_BELOW_90"": 1}",held,0.1.0
1693,Q9EQ32,AF-Q9EQ32-F1,16,"{""excluded"": 11, ""pass"": 5}","{""LOCAL_CONFIDENCE_PASS_CONTEXT_PENDING"": 5, ""TARGET_PLDDT_BELOW_90"": 11}",held,0.1.0
1694,Q9EQC7,AF-Q9EQC7-F1,26,"{""pass"": 26}","{""LOCAL_CONFIDENCE_PASS_CONTEXT_PENDING"": 26}",held,0.1.0
1699,Q9EQH4,AF-Q9EQH4-F1,1,"{""pass"": 1}","{""LOCAL_CONFIDENCE_PASS_CONTEXT_PENDING"": 1}",held,0.1.0
1702,Q9EQQ9,AF-Q9EQQ9-F1,19,"{""excluded"": 3, ""pass"": 16}","{""LOCAL_CONFIDENCE_PASS_CONTEXT_PENDING"": 16, ""TARGET_PLDDT_BELOW_90"": 3}",held,0.1.0
1704,Q9ER71,AF-Q9ER71-F1,13,"{""excluded"": 7, ""pass"": 6}","{""LOCAL_CONFIDENCE_PASS_CONTEXT_PENDING"": 6, ""TARGET_PLDDT_BELOW_90"": 7}",held,0.1.0
1705,Q9ERV7,AF-Q9ERV7-F1,16,"{""excluded"": 15, ""pass"": 1}","{""LOCAL_CONFIDENCE_PASS_CONTEXT_PENDING"": 1, ""TARGET_PLDDT_BELOW_90"": 15}",held,0.1.0
1706,Q9ERY9,AF-Q9ERY9-F1,2,"{""pass"": 2}","{""LOCAL_CONFIDENCE_PASS_CONTEXT_PENDING"": 2}",held,0.1.0
1707,Q9ESC7,AF-Q9ESC7-F1,6,"{""excluded"": 1, ""pass"": 5}","{""LOCAL_CONFIDENCE_PASS_CONTEXT_PENDING"": 5, ""TARGET_PLDDT_BELOW_90"": 1}",held,0.1.0
1708,Q9ESH5,AF-Q9ESH5-F1,13,"{""excluded"": 7, ""pass"": 6}","{""LOCAL_CONFIDENCE_PASS_CONTEXT_PENDING"": 6, ""NEIGHBOR_PLDDT_BELOW_70"": 3, ""TARGET_PLDDT_BELOW_90"": 4}",held,0.1.0
1711,Q9ESL4,AF-Q9ESL4-F1,10,"{""excluded"": 3, ""pass"": 7}","{""LOCAL_CONFIDENCE_PASS_CONTEXT_PENDING"": 7, ""TARGET_PLDDT_BELOW_90"": 3}",held,0.1.0
1713,Q9ET66,AF-Q9ET66-F1,11,"{""excluded"": 1, ""pass"": 10}","{""LOCAL_CONFIDENCE_PASS_CONTEXT_PENDING"": 10, ""TARGET_PLDDT_BELOW_90"": 1}",held,0.1.0
1714,Q9JHB3,AF-Q9JHB3-F1,12,"{""excluded"": 1, ""pass"": 11}","{""LOCAL_CONFIDENCE_PASS_CONTEXT_PENDING"": 11, ""TARGET_PLDDT_BELOW_90"": 1}",held,0.1.0
1716,Q9JHB4,AF-Q9JHB4-F1,14,"{""excluded"": 1, ""pass"": 13}","{""LOCAL_CONFIDENCE_PASS_CONTEXT_PENDING"": 13, ""TARGET_PLDDT_BELOW_90"": 1}",held,0.1.0
1717,Q9JHF7,AF-Q9JHF7-F1,2,"{""pass"": 2}","{""LOCAL_CONFIDENCE_PASS_CONTEXT_PENDING"": 2}",held,0.1.0
1721,Q9JHG6,AF-Q9JHG6-F1,4,"{""excluded"": 2, ""pass"": 2}","{""LOCAL_CONFIDENCE_PASS_CONTEXT_PENDING"": 2, ""TARGET_PLDDT_BELOW_90"": 2}",held,0.1.0
1726,Q9JHI8,AF-Q9JHI8-F1,20,"{""excluded"": 5, ""pass"": 15}","{""LOCAL_CONFIDENCE_PASS_CONTEXT_PENDING"": 15, ""NEIGHBOR_PLDDT_BELOW_70"": 1, ""TARGET_PLDDT_BELOW_90"": 4}",held,0.1.0
1727,Q9JI75,AF-Q9JI75-F1,4,"{""excluded"": 1, ""pass"": 3}","{""LOCAL_CONFIDENCE_PASS_CONTEXT_PENDING"": 3, ""NEIGHBOR_PLDDT_BELOW_70"": 1}",held,0.1.0
1728,Q9JIG8,AF-Q9JIG8-F1,4,"{""excluded"": 2, ""pass"": 2}","{""LOCAL_CONFIDENCE_PASS_CONTEXT_PENDING"": 2, ""TARGET_PLDDT_BELOW_90"": 2}",held,0.1.0
1731,Q9JIT0,AF-Q9JIT0-F1,9,"{""excluded"": 5, ""pass"": 4}","{""LOCAL_CONFIDENCE_PASS_CONTEXT_PENDING"": 4, ""TARGET_PLDDT_BELOW_90"": 5}",held,0.1.0
1732,Q9JIZ9,AF-Q9JIZ9-F1,13,"{""excluded"": 13}","{""TARGET_PLDDT_BELOW_90"": 13}",held,0.1.0
1733,Q9JJ61,AF-Q9JJ61-F1,13,"{""excluded"": 1, ""pass"": 12}","{""LOCAL_CONFIDENCE_PASS_CONTEXT_PENDING"": 12, ""TARGET_PLDDT_BELOW_90"": 1}",held,0.1.0
1734,Q9JJ66,AF-Q9JJ66-F1,7,"{""excluded"": 1, ""pass"": 6}","{""LOCAL_CONFIDENCE_PASS_CONTEXT_PENDING"": 6, ""TARGET_PLDDT_BELOW_90"": 1}",held,0.1.0
1735,Q9JK53,AF-Q9JK53-F1,6,"{""excluded"": 2, ""pass"": 4}","{""LOCAL_CONFIDENCE_PASS_CONTEXT_PENDING"": 4, ""TARGET_PLDDT_BELOW_90"": 2}",held,0.1.0
1736,Q9JK95,AF-Q9JK95-F1,12,"{""excluded"": 8, ""pass"": 4}","{""LOCAL_CONFIDENCE_PASS_CONTEXT_PENDING"": 4, ""TARGET_PLDDT_BELOW_90"": 8}",held,0.1.0
1737,Q9JKB1,AF-Q9JKB1-F1,3,"{""pass"": 3}","{""LOCAL_CONFIDENCE_PASS_CONTEXT_PENDING"": 3}",held,0.1.0
1738,Q9JKC6,AF-Q9JKC6-F1,1,"{""excluded"": 1}","{""TARGET_PLDDT_BELOW_90"": 1}",held,0.1.0
1741,Q9JKF4,AF-Q9JKF4-F1,11,"{""excluded"": 1, ""pass"": 10}","{""LOCAL_CONFIDENCE_PASS_CONTEXT_PENDING"": 10, ""TARGET_PLDDT_BELOW_90"": 1}",held,0.1.0
1744,Q9JLC6,AF-Q9JLC6-F1,2,"{""excluded"": 1, ""pass"": 1}","{""LOCAL_CONFIDENCE_PASS_CONTEXT_PENDING"": 1, ""TARGET_PLDDT_BELOW_90"": 1}",held,0.1.0
1745,Q9JLL0,AF-Q9JLL0-F1,130,"{""excluded"": 120, ""pass"": 10}","{""LOCAL_CONFIDENCE_PASS_CONTEXT_PENDING"": 10, ""TARGET_PLDDT_BELOW_90"": 120}",held,0.1.0
1747,Q9JLM8,AF-Q9JLM8-F1,10,"{""excluded"": 7, ""pass"": 3}","{""LOCAL_CONFIDENCE_PASS_CONTEXT_PENDING"": 3, ""TARGET_PLDDT_BELOW_90"": 7}",held,0.1.0
1748,Q9JLV1,AF-Q9JLV1-F1,4,"{""excluded"": 4}","{""TARGET_PLDDT_BELOW_90"": 4}",held,0.1.0
1750,Q9JMG2,AF-Q9JMG2-F1,7,"{""excluded"": 2, ""pass"": 5}","{""LOCAL_CONFIDENCE_PASS_CONTEXT_PENDING"": 5, ""TARGET_PLDDT_BELOW_90"": 2}",held,0.1.0
1752,Q9QUG2,AF-Q9QUG2-F1,19,"{""excluded"": 14, ""pass"": 5}","{""LOCAL_CONFIDENCE_PASS_CONTEXT_PENDING"": 5, ""TARGET_PLDDT_BELOW_90"": 14}",held,0.1.0
1758,Q9QUH0,AF-Q9QUH0-F1,5,"{""pass"": 5}","{""LOCAL_CONFIDENCE_PASS_CONTEXT_PENDING"": 5}",held,0.1.0
1759,Q9QUN3,AF-Q9QUN3-F1,2,"{""excluded"": 1, ""pass"": 1}","{""LOCAL_CONFIDENCE_PASS_CONTEXT_PENDING"": 1, ""TARGET_PLDDT_BELOW_90"": 1}",held,0.1.0
1762,Q9QXE4,AF-Q9QXE4-F1,12,"{""excluded"": 12}","{""TARGET_PLDDT_BELOW_90"": 12}",held,0.1.0
1763,Q9QXY6,AF-Q9QXY6-F1,1,"{""pass"": 1}","{""LOCAL_CONFIDENCE_PASS_CONTEXT_PENDING"": 1}",held,0.1.0
1764,Q9QYF1,AF-Q9QYF1-F1,7,"{""excluded"": 1, ""pass"": 6}","{""LOCAL_CONFIDENCE_PASS_CONTEXT_PENDING"": 6, ""TARGET_PLDDT_BELOW_90"": 1}",held,0.1.0
1766,Q9QYH6,AF-Q9QYH6-F1,1,"{""pass"": 1}","{""LOCAL_CONFIDENCE_PASS_CONTEXT_PENDING"": 1}",held,0.1.0
1767,Q9QZ09,AF-Q9QZ09-F1,12,"{""excluded"": 8, ""pass"": 4}","{""LOCAL_CONFIDENCE_PASS_CONTEXT_PENDING"": 4, ""TARGET_PLDDT_BELOW_90"": 8}",held,0.1.0
1768,Q9QZZ6,AF-Q9QZZ6-F1,10,"{""excluded"": 2, ""pass"": 8}","{""LOCAL_CONFIDENCE_PASS_CONTEXT_PENDING"": 8, ""NEIGHBOR_PLDDT_BELOW_70"": 1, ""TARGET_PLDDT_BELOW_90"": 1}",held,0.1.0
1769,Q9R008,AF-Q9R008-F1,8,"{""pass"": 8}","{""LOCAL_CONFIDENCE_PASS_CONTEXT_PENDING"": 8}",held,0.1.0
1770,Q9R087,AF-Q9R087-F1,17,"{""excluded"": 3, ""pass"": 14}","{""LOCAL_CONFIDENCE_PASS_CONTEXT_PENDING"": 14, ""TARGET_PLDDT_BELOW_90"": 3}",held,0.1.0
1771,Q9R0A1,AF-Q9R0A1-F1,16,"{""excluded"": 8, ""pass"": 8}","{""LOCAL_CONFIDENCE_PASS_CONTEXT_PENDING"": 8, ""TARGET_PLDDT_BELOW_90"": 8}",held,0.1.0
1772,Q9R1J0,AF-Q9R1J0-F1,5,"{""pass"": 5}","{""LOCAL_CONFIDENCE_PASS_CONTEXT_PENDING"": 5}",held,0.1.0
1773,Q9R1Z8,AF-Q9R1Z8-F1,5,"{""excluded"": 4, ""pass"": 1}","{""LOCAL_CONFIDENCE_PASS_CONTEXT_PENDING"": 1, ""TARGET_PLDDT_BELOW_90"": 4}",held,0.1.0
1774,Q9WTJ5,AF-Q9WTJ5-F1,8,"{""excluded"": 3, ""pass"": 5}","{""LOCAL_CONFIDENCE_PASS_CONTEXT_PENDING"": 5, ""TARGET_PLDDT_BELOW_90"": 3}",held,0.1.0
1775,Q9WTP2,AF-Q9WTP2-F1,25,"{""excluded"": 20, ""pass"": 5}","{""LOCAL_CONFIDENCE_PASS_CONTEXT_PENDING"": 5, ""TARGET_PLDDT_BELOW_90"": 20}",held,0.1.0
1776,Q9WTR1,AF-Q9WTR1-F1,14,"{""excluded"": 5, ""pass"": 9}","{""LOCAL_CONFIDENCE_PASS_CONTEXT_PENDING"": 9, ""TARGET_PLDDT_BELOW_90"": 5}",held,0.1.0
1805,Q9WU79,AF-Q9WU79-F1,11,"{""excluded"": 3, ""pass"": 8}","{""LOCAL_CONFIDENCE_PASS_CONTEXT_PENDING"": 8, ""TARGET_PLDDT_BELOW_90"": 3}",held,0.1.0
1806,Q9WUP0,AF-Q9WUP0-F1,7,"{""excluded"": 1, ""pass"": 6}","{""LOCAL_CONFIDENCE_PASS_CONTEXT_PENDING"": 6, ""TARGET_PLDDT_BELOW_90"": 1}",held,0.1.0
1807,Q9WUR9,AF-Q9WUR9-F1,2,"{""pass"": 2}","{""LOCAL_CONFIDENCE_PASS_CONTEXT_PENDING"": 2}",held,0.1.0
1808,Q9WUZ7,AF-Q9WUZ7-F1,1,"{""pass"": 1}","{""LOCAL_CONFIDENCE_PASS_CONTEXT_PENDING"": 1}",held,0.1.0
1809,Q9WUZ9,AF-Q9WUZ9-F1,6,"{""excluded"": 2, ""pass"": 4}","{""LOCAL_CONFIDENCE_PASS_CONTEXT_PENDING"": 4, ""TARGET_PLDDT_BELOW_90"": 2}",held,0.1.0
1811,Q9WV32,AF-Q9WV32-F1,14,"{""pass"": 14}","{""LOCAL_CONFIDENCE_PASS_CONTEXT_PENDING"": 14}",held,0.1.0
1813,Q9WV66,AF-Q9WV66-F1,13,"{""excluded"": 5, ""pass"": 8}","{""LOCAL_CONFIDENCE_PASS_CONTEXT_PENDING"": 8, ""TARGET_PLDDT_BELOW_90"": 5}",held,0.1.0
1814,Q9WV71,AF-Q9WV71-F1,18,"{""excluded"": 2, ""pass"": 16}","{""LOCAL_CONFIDENCE_PASS_CONTEXT_PENDING"": 16, ""TARGET_PLDDT_BELOW_90"": 2}",held,0.1.0
1815,Q9WV95,AF-Q9WV95-F1,3,"{""pass"": 3}","{""LOCAL_CONFIDENCE_PASS_CONTEXT_PENDING"": 3}",held,0.1.0
1816,Q9WVC5,AF-Q9WVC5-F1,13,"{""excluded"": 7, ""pass"": 6}","{""LOCAL_CONFIDENCE_PASS_CONTEXT_PENDING"": 6, ""TARGET_PLDDT_BELOW_90"": 7}",held,0.1.0
1819,Q9WVC6,AF-Q9WVC6-F1,5,"{""excluded"": 3, ""pass"": 2}","{""LOCAL_CONFIDENCE_PASS_CONTEXT_PENDING"": 2, ""TARGET_PLDDT_BELOW_90"": 3}",held,0.1.0
1820,Q9WVF7,AF-Q9WVF7-F1,48,"{""excluded"": 37, ""pass"": 11}","{""LOCAL_CONFIDENCE_PASS_CONTEXT_PENDING"": 11, ""TARGET_PLDDT_BELOW_90"": 37}",held,0.1.0
1821,Q9WVG7,AF-Q9WVG7-F1,8,"{""excluded"": 7, ""pass"": 1}","{""LOCAL_CONFIDENCE_PASS_CONTEXT_PENDING"": 1, ""TARGET_PLDDT_BELOW_90"": 7}",held,0.1.0
1823,Q9WVL3,AF-Q9WVL3-F1,23,"{""excluded"": 5, ""pass"": 18}","{""LOCAL_CONFIDENCE_PASS_CONTEXT_PENDING"": 18, ""TARGET_PLDDT_BELOW_90"": 5}",held,0.1.0
1825,Q9Z0D9,AF-Q9Z0D9-F1,10,"{""excluded"": 8, ""pass"": 2}","{""LOCAL_CONFIDENCE_PASS_CONTEXT_PENDING"": 2, ""TARGET_PLDDT_BELOW_90"": 8}",held,0.1.0
1835,Q9Z0H4,AF-Q9Z0H4-F1,8,"{""excluded"": 5, ""pass"": 3}","{""LOCAL_CONFIDENCE_PASS_CONTEXT_PENDING"": 3, ""TARGET_PLDDT_BELOW_90"": 5}",held,0.1.0
1836,Q9Z0M5,AF-Q9Z0M5-F1,5,"{""excluded"": 4, ""pass"": 1}","{""LOCAL_CONFIDENCE_PASS_CONTEXT_PENDING"": 1, ""TARGET_PLDDT_BELOW_90"": 4}",held,0.1.0
1837,Q9Z0U1,AF-Q9Z0U1-F1,4,"{""excluded"": 3, ""pass"": 1}","{""LOCAL_CONFIDENCE_PASS_CONTEXT_PENDING"": 1, ""TARGET_PLDDT_BELOW_90"": 3}",held,0.1.0
1839,Q9Z126,AF-Q9Z126-F1,4,"{""pass"": 4}","{""LOCAL_CONFIDENCE_PASS_CONTEXT_PENDING"": 4}",held,0.1.0
1840,Q9Z139,AF-Q9Z139-F1,28,"{""excluded"": 11, ""pass"": 17}","{""LOCAL_CONFIDENCE_PASS_CONTEXT_PENDING"": 17, ""TARGET_PLDDT_BELOW_90"": 11}",held,0.1.0
1841,Q9Z180,AF-Q9Z180-F1,14,"{""excluded"": 14}","{""TARGET_PLDDT_BELOW_90"": 14}",held,0.1.0
1842,Q9Z1E4,AF-Q9Z1E4-F1,14,"{""excluded"": 3, ""pass"": 11}","{""LOCAL_CONFIDENCE_PASS_CONTEXT_PENDING"": 11, ""NEIGHBOR_PLDDT_BELOW_70"": 1, ""TARGET_PLDDT_BELOW_90"": 2}",held,0.1.0
1843,Q9Z1F6,AF-Q9Z1F6-F1,11,"{""excluded"": 9, ""pass"": 2}","{""LOCAL_CONFIDENCE_PASS_CONTEXT_PENDING"": 2, ""TARGET_PLDDT_BELOW_90"": 9}",held,0.1.0
1845,Q9Z1P5,AF-Q9Z1P5-F1,18,"{""excluded"": 15, ""pass"": 3}","{""LOCAL_CONFIDENCE_PASS_CONTEXT_PENDING"": 3, ""TARGET_PLDDT_BELOW_90"": 15}",held,0.1.0
1846,Q9Z1S0,AF-Q9Z1S0-F1,17,"{""excluded"": 17}","{""TARGET_PLDDT_BELOW_90"": 17}",held,0.1.0
1847,Q9Z1T2,AF-Q9Z1T2-F1,47,"{""excluded"": 16, ""pass"": 31}","{""LOCAL_CONFIDENCE_PASS_CONTEXT_PENDING"": 31, ""TARGET_PLDDT_BELOW_90"": 16}",held,0.1.0
1848,Q9Z1W4,AF-Q9Z1W4-F1,13,"{""excluded"": 9, ""pass"": 4}","{""LOCAL_CONFIDENCE_PASS_CONTEXT_PENDING"": 4, ""TARGET_PLDDT_BELOW_90"": 9}",held,0.1.0
1849,Q9Z275,AF-Q9Z275-F1,5,"{""excluded"": 1, ""pass"": 4}","{""LOCAL_CONFIDENCE_PASS_CONTEXT_PENDING"": 4, ""TARGET_PLDDT_BELOW_90"": 1}",held,0.1.0
1851,Q9Z2A9,AF-Q9Z2A9-F1,7,"{""excluded"": 5, ""pass"": 2}","{""LOCAL_CONFIDENCE_PASS_CONTEXT_PENDING"": 2, ""NEIGHBOR_PLDDT_BELOW_70"": 1, ""TARGET_PLDDT_BELOW_90"": 4}",held,0.1.0
1852,Q9Z2F6,AF-Q9Z2F6-F1,8,"{""excluded"": 4, ""pass"": 4}","{""LOCAL_CONFIDENCE_PASS_CONTEXT_PENDING"": 4, ""TARGET_PLDDT_BELOW_90"": 4}",held,0.1.0
1853,Q9Z2U1,AF-Q9Z2U1-F1,3,"{""pass"": 3}","{""LOCAL_CONFIDENCE_PASS_CONTEXT_PENDING"": 3}",held,0.1.0
1871,Q9Z2U2,AF-Q9Z2U2-F1,82,"{""excluded"": 71, ""pass"": 11}","{""LOCAL_CONFIDENCE_PASS_CONTEXT_PENDING"": 11, ""TARGET_PLDDT_BELOW_90"": 71}",held,0.1.0
1872,T1NXB5,AF-T1NXB5-F1,6,"{""excluded"": 2, ""pass"": 4}","{""LOCAL_CONFIDENCE_PASS_CONTEXT_PENDING"": 4, ""TARGET_PLDDT_BELOW_90"": 2}",held,0.1.0
