step_id,object_level,object_id,status,reason_code,reason_text,input_source,input_checksum,protocol_version
03,gene,ENSMUSG00000073421,held,REPRESENTATIVE_LACKS_ORIGINAL_EXACT_GENE_LINK,REPRESENTATIVE_LACKS_ORIGINAL_EXACT_GENE_LINK,docs/audits/ubuntu_DE_2026-10-08/significant_protein_coding_degs.csv,c9bf672d38f877361b3132065884d3a02e3132bcbf9901656b9f2cb04fdf3130,0.1.0
03,gene,ENSMUSG00000021423,pass,PASS_CURRENT_EXACT_XREF_DISPLAYED_SEQUENCE,PASS_CURRENT_EXACT_XREF_DISPLAYED_SEQUENCE,docs/audits/ubuntu_DE_2026-10-08/significant_protein_coding_degs.csv,c9bf672d38f877361b3132065884d3a02e3132bcbf9901656b9f2cb04fdf3130,0.1.0
03,gene,ENSMUSG00000060586,held,REPRESENTATIVE_LACKS_ORIGINAL_EXACT_GENE_LINK,REPRESENTATIVE_LACKS_ORIGINAL_EXACT_GENE_LINK,docs/audits/ubuntu_DE_2026-10-08/significant_protein_coding_degs.csv,c9bf672d38f877361b3132065884d3a02e3132bcbf9901656b9f2cb04fdf3130,0.1.0
03,gene,ENSMUSG00000066687,pass,PASS_CURRENT_EXACT_XREF_DISPLAYED_SEQUENCE,PASS_CURRENT_EXACT_XREF_DISPLAYED_SEQUENCE,docs/audits/ubuntu_DE_2026-10-08/significant_protein_coding_degs.csv,c9bf672d38f877361b3132065884d3a02e3132bcbf9901656b9f2cb04fdf3130,0.1.0
03,gene,ENSMUSG00000039450,pass,RESOLVED_EXPLICIT_GENE_CENTRIC_REPRESENTATIVE,RESOLVED_EXPLICIT_GENE_CENTRIC_REPRESENTATIVE,docs/audits/ubuntu_DE_2026-10-08/significant_protein_coding_degs.csv,c9bf672d38f877361b3132065884d3a02e3132bcbf9901656b9f2cb04fdf3130,0.1.0
03,gene,ENSMUSG00000024610,pass,PASS_CURRENT_EXACT_XREF_DISPLAYED_SEQUENCE,PASS_CURRENT_EXACT_XREF_DISPLAYED_SEQUENCE,docs/audits/ubuntu_DE_2026-10-08/significant_protein_coding_degs.csv,c9bf672d38f877361b3132065884d3a02e3132bcbf9901656b9f2cb04fdf3130,0.1.0
03,gene,ENSMUSG00000022385,pass,PASS_CURRENT_EXACT_XREF_DISPLAYED_SEQUENCE,PASS_CURRENT_EXACT_XREF_DISPLAYED_SEQUENCE,docs/audits/ubuntu_DE_2026-10-08/significant_protein_coding_degs.csv,c9bf672d38f877361b3132065884d3a02e3132bcbf9901656b9f2cb04fdf3130,0.1.0
03,gene,ENSMUSG00000021750,pass,RESOLVED_EXPLICIT_GENE_CENTRIC_REPRESENTATIVE,RESOLVED_EXPLICIT_GENE_CENTRIC_REPRESENTATIVE,docs/audits/ubuntu_DE_2026-10-08/significant_protein_coding_degs.csv,c9bf672d38f877361b3132065884d3a02e3132bcbf9901656b9f2cb04fdf3130,0.1.0
03,gene,ENSMUSG00000017723,pass,RESOLVED_EXPLICIT_GENE_CENTRIC_REPRESENTATIVE,RESOLVED_EXPLICIT_GENE_CENTRIC_REPRESENTATIVE,docs/audits/ubuntu_DE_2026-10-08/significant_protein_coding_degs.csv,c9bf672d38f877361b3132065884d3a02e3132bcbf9901656b9f2cb04fdf3130,0.1.0
03,gene,ENSMUSG00000021388,pass,PASS_CURRENT_EXACT_XREF_DISPLAYED_SEQUENCE,PASS_CURRENT_EXACT_XREF_DISPLAYED_SEQUENCE,docs/audits/ubuntu_DE_2026-10-08/significant_protein_coding_degs.csv,c9bf672d38f877361b3132065884d3a02e3132bcbf9901656b9f2cb04fdf3130,0.1.0
03,gene,ENSMUSG00000036594,held,REPRESENTATIVE_LACKS_ORIGINAL_EXACT_GENE_LINK,REPRESENTATIVE_LACKS_ORIGINAL_EXACT_GENE_LINK,docs/audits/ubuntu_DE_2026-10-08/significant_protein_coding_degs.csv,c9bf672d38f877361b3132065884d3a02e3132bcbf9901656b9f2cb04fdf3130,0.1.0
03,gene,ENSMUSG00000030790,pass,PASS_CURRENT_EXACT_XREF_DISPLAYED_SEQUENCE,PASS_CURRENT_EXACT_XREF_DISPLAYED_SEQUENCE,docs/audits/ubuntu_DE_2026-10-08/significant_protein_coding_degs.csv,c9bf672d38f877361b3132065884d3a02e3132bcbf9901656b9f2cb04fdf3130,0.1.0
03,gene,ENSMUSG00000014361,pass,PASS_CURRENT_EXACT_XREF_DISPLAYED_SEQUENCE,PASS_CURRENT_EXACT_XREF_DISPLAYED_SEQUENCE,docs/audits/ubuntu_DE_2026-10-08/significant_protein_coding_degs.csv,c9bf672d38f877361b3132065884d3a02e3132bcbf9901656b9f2cb04fdf3130,0.1.0
03,gene,ENSMUSG00000025154,pass,RESOLVED_EXPLICIT_GENE_CENTRIC_REPRESENTATIVE,RESOLVED_EXPLICIT_GENE_CENTRIC_REPRESENTATIVE,docs/audits/ubuntu_DE_2026-10-08/significant_protein_coding_degs.csv,c9bf672d38f877361b3132065884d3a02e3132bcbf9901656b9f2cb04fdf3130,0.1.0
03,gene,ENSMUSG00000037071,pass,RESOLVED_EXPLICIT_GENE_CENTRIC_REPRESENTATIVE,RESOLVED_EXPLICIT_GENE_CENTRIC_REPRESENTATIVE,docs/audits/ubuntu_DE_2026-10-08/significant_protein_coding_degs.csv,c9bf672d38f877361b3132065884d3a02e3132bcbf9901656b9f2cb04fdf3130,0.1.0
03,gene,ENSMUSG00000038332,pass,RESOLVED_EXPLICIT_GENE_CENTRIC_REPRESENTATIVE,RESOLVED_EXPLICIT_GENE_CENTRIC_REPRESENTATIVE,docs/audits/ubuntu_DE_2026-10-08/significant_protein_coding_degs.csv,c9bf672d38f877361b3132065884d3a02e3132bcbf9901656b9f2cb04fdf3130,0.1.0
03,gene,ENSMUSG00000009876,pass,PASS_CURRENT_EXACT_XREF_DISPLAYED_SEQUENCE,PASS_CURRENT_EXACT_XREF_DISPLAYED_SEQUENCE,docs/audits/ubuntu_DE_2026-10-08/significant_protein_coding_degs.csv,c9bf672d38f877361b3132065884d3a02e3132bcbf9901656b9f2cb04fdf3130,0.1.0
03,gene,ENSMUSG00000019874,pass,RESOLVED_EXPLICIT_GENE_CENTRIC_REPRESENTATIVE,RESOLVED_EXPLICIT_GENE_CENTRIC_REPRESENTATIVE,docs/audits/ubuntu_DE_2026-10-08/significant_protein_coding_degs.csv,c9bf672d38f877361b3132065884d3a02e3132bcbf9901656b9f2cb04fdf3130,0.1.0
03,gene,ENSMUSG00000027204,pass,PASS_CURRENT_EXACT_XREF_DISPLAYED_SEQUENCE,PASS_CURRENT_EXACT_XREF_DISPLAYED_SEQUENCE,docs/audits/ubuntu_DE_2026-10-08/significant_protein_coding_degs.csv,c9bf672d38f877361b3132065884d3a02e3132bcbf9901656b9f2cb04fdf3130,0.1.0
03,gene,ENSMUSG00000032289,pass,RESOLVED_EXPLICIT_GENE_CENTRIC_REPRESENTATIVE,RESOLVED_EXPLICIT_GENE_CENTRIC_REPRESENTATIVE,docs/audits/ubuntu_DE_2026-10-08/significant_protein_coding_degs.csv,c9bf672d38f877361b3132065884d3a02e3132bcbf9901656b9f2cb04fdf3130,0.1.0
03,gene,ENSMUSG00000021702,pass,PASS_CURRENT_EXACT_XREF_DISPLAYED_SEQUENCE,PASS_CURRENT_EXACT_XREF_DISPLAYED_SEQUENCE,docs/audits/ubuntu_DE_2026-10-08/significant_protein_coding_degs.csv,c9bf672d38f877361b3132065884d3a02e3132bcbf9901656b9f2cb04fdf3130,0.1.0
03,gene,ENSMUSG00000019232,pass,RESOLVED_EXPLICIT_GENE_CENTRIC_REPRESENTATIVE,RESOLVED_EXPLICIT_GENE_CENTRIC_REPRESENTATIVE,docs/audits/ubuntu_DE_2026-10-08/significant_protein_coding_degs.csv,c9bf672d38f877361b3132065884d3a02e3132bcbf9901656b9f2cb04fdf3130,0.1.0
03,gene,ENSMUSG00000023067,pass,PASS_CURRENT_EXACT_XREF_DISPLAYED_SEQUENCE,PASS_CURRENT_EXACT_XREF_DISPLAYED_SEQUENCE,docs/audits/ubuntu_DE_2026-10-08/significant_protein_coding_degs.csv,c9bf672d38f877361b3132065884d3a02e3132bcbf9901656b9f2cb04fdf3130,0.1.0
03,gene,ENSMUSG00000031886,pass,PASS_CURRENT_EXACT_XREF_DISPLAYED_SEQUENCE,PASS_CURRENT_EXACT_XREF_DISPLAYED_SEQUENCE,docs/audits/ubuntu_DE_2026-10-08/significant_protein_coding_degs.csv,c9bf672d38f877361b3132065884d3a02e3132bcbf9901656b9f2cb04fdf3130,0.1.0
03,gene,ENSMUSG00000024222,pass,RESOLVED_EXPLICIT_GENE_CENTRIC_REPRESENTATIVE,RESOLVED_EXPLICIT_GENE_CENTRIC_REPRESENTATIVE,docs/audits/ubuntu_DE_2026-10-08/significant_protein_coding_degs.csv,c9bf672d38f877361b3132065884d3a02e3132bcbf9901656b9f2cb04fdf3130,0.1.0
03,gene,ENSMUSG00000039167,pass,RESOLVED_EXPLICIT_GENE_CENTRIC_REPRESENTATIVE,RESOLVED_EXPLICIT_GENE_CENTRIC_REPRESENTATIVE,docs/audits/ubuntu_DE_2026-10-08/significant_protein_coding_degs.csv,c9bf672d38f877361b3132065884d3a02e3132bcbf9901656b9f2cb04fdf3130,0.1.0
03,gene,ENSMUSG00000022055,pass,PASS_CURRENT_EXACT_XREF_DISPLAYED_SEQUENCE,PASS_CURRENT_EXACT_XREF_DISPLAYED_SEQUENCE,docs/audits/ubuntu_DE_2026-10-08/significant_protein_coding_degs.csv,c9bf672d38f877361b3132065884d3a02e3132bcbf9901656b9f2cb04fdf3130,0.1.0
03,gene,ENSMUSG00000019577,pass,RESOLVED_EXPLICIT_GENE_CENTRIC_REPRESENTATIVE,RESOLVED_EXPLICIT_GENE_CENTRIC_REPRESENTATIVE,docs/audits/ubuntu_DE_2026-10-08/significant_protein_coding_degs.csv,c9bf672d38f877361b3132065884d3a02e3132bcbf9901656b9f2cb04fdf3130,0.1.0
03,gene,ENSMUSG00000037003,pass,RESOLVED_EXPLICIT_GENE_CENTRIC_REPRESENTATIVE,RESOLVED_EXPLICIT_GENE_CENTRIC_REPRESENTATIVE,docs/audits/ubuntu_DE_2026-10-08/significant_protein_coding_degs.csv,c9bf672d38f877361b3132065884d3a02e3132bcbf9901656b9f2cb04fdf3130,0.1.0
03,gene,ENSMUSG00000028211,pass,PASS_CURRENT_EXACT_XREF_DISPLAYED_SEQUENCE,PASS_CURRENT_EXACT_XREF_DISPLAYED_SEQUENCE,docs/audits/ubuntu_DE_2026-10-08/significant_protein_coding_degs.csv,c9bf672d38f877361b3132065884d3a02e3132bcbf9901656b9f2cb04fdf3130,0.1.0
03,gene,ENSMUSG00000022054,held,REPRESENTATIVE_LACKS_ORIGINAL_EXACT_GENE_LINK,REPRESENTATIVE_LACKS_ORIGINAL_EXACT_GENE_LINK,docs/audits/ubuntu_DE_2026-10-08/significant_protein_coding_degs.csv,c9bf672d38f877361b3132065884d3a02e3132bcbf9901656b9f2cb04fdf3130,0.1.0
03,gene,ENSMUSG00000003526,pass,RESOLVED_EXPLICIT_GENE_CENTRIC_REPRESENTATIVE,RESOLVED_EXPLICIT_GENE_CENTRIC_REPRESENTATIVE,docs/audits/ubuntu_DE_2026-10-08/significant_protein_coding_degs.csv,c9bf672d38f877361b3132065884d3a02e3132bcbf9901656b9f2cb04fdf3130,0.1.0
03,gene,ENSMUSG00000046768,pass,RESOLVED_EXPLICIT_GENE_CENTRIC_REPRESENTATIVE,RESOLVED_EXPLICIT_GENE_CENTRIC_REPRESENTATIVE,docs/audits/ubuntu_DE_2026-10-08/significant_protein_coding_degs.csv,c9bf672d38f877361b3132065884d3a02e3132bcbf9901656b9f2cb04fdf3130,0.1.0
03,gene,ENSMUSG00000063683,pass,PASS_CURRENT_EXACT_XREF_DISPLAYED_SEQUENCE,PASS_CURRENT_EXACT_XREF_DISPLAYED_SEQUENCE,docs/audits/ubuntu_DE_2026-10-08/significant_protein_coding_degs.csv,c9bf672d38f877361b3132065884d3a02e3132bcbf9901656b9f2cb04fdf3130,0.1.0
03,gene,ENSMUSG00000024529,pass,PASS_CURRENT_EXACT_XREF_DISPLAYED_SEQUENCE,PASS_CURRENT_EXACT_XREF_DISPLAYED_SEQUENCE,docs/audits/ubuntu_DE_2026-10-08/significant_protein_coding_degs.csv,c9bf672d38f877361b3132065884d3a02e3132bcbf9901656b9f2cb04fdf3130,0.1.0
03,gene,ENSMUSG00000020326,pass,PASS_CURRENT_EXACT_XREF_DISPLAYED_SEQUENCE,PASS_CURRENT_EXACT_XREF_DISPLAYED_SEQUENCE,docs/audits/ubuntu_DE_2026-10-08/significant_protein_coding_degs.csv,c9bf672d38f877361b3132065884d3a02e3132bcbf9901656b9f2cb04fdf3130,0.1.0
03,gene,ENSMUSG00000027188,pass,PASS_CURRENT_EXACT_XREF_DISPLAYED_SEQUENCE,PASS_CURRENT_EXACT_XREF_DISPLAYED_SEQUENCE,docs/audits/ubuntu_DE_2026-10-08/significant_protein_coding_degs.csv,c9bf672d38f877361b3132065884d3a02e3132bcbf9901656b9f2cb04fdf3130,0.1.0
03,gene,ENSMUSG00000024395,pass,RESOLVED_EXPLICIT_GENE_CENTRIC_REPRESENTATIVE,RESOLVED_EXPLICIT_GENE_CENTRIC_REPRESENTATIVE,docs/audits/ubuntu_DE_2026-10-08/significant_protein_coding_degs.csv,c9bf672d38f877361b3132065884d3a02e3132bcbf9901656b9f2cb04fdf3130,0.1.0
03,gene,ENSMUSG00000035385,pass,PASS_CURRENT_EXACT_XREF_DISPLAYED_SEQUENCE,PASS_CURRENT_EXACT_XREF_DISPLAYED_SEQUENCE,docs/audits/ubuntu_DE_2026-10-08/significant_protein_coding_degs.csv,c9bf672d38f877361b3132065884d3a02e3132bcbf9901656b9f2cb04fdf3130,0.1.0
03,gene,ENSMUSG00000001930,held,REPRESENTATIVE_LACKS_ORIGINAL_EXACT_GENE_LINK,REPRESENTATIVE_LACKS_ORIGINAL_EXACT_GENE_LINK,docs/audits/ubuntu_DE_2026-10-08/significant_protein_coding_degs.csv,c9bf672d38f877361b3132065884d3a02e3132bcbf9901656b9f2cb04fdf3130,0.1.0
03,gene,ENSMUSG00000020717,pass,RESOLVED_EXPLICIT_GENE_CENTRIC_REPRESENTATIVE,RESOLVED_EXPLICIT_GENE_CENTRIC_REPRESENTATIVE,docs/audits/ubuntu_DE_2026-10-08/significant_protein_coding_degs.csv,c9bf672d38f877361b3132065884d3a02e3132bcbf9901656b9f2cb04fdf3130,0.1.0
03,gene,ENSMUSG00000021130,pass,RESOLVED_EXPLICIT_GENE_CENTRIC_REPRESENTATIVE,RESOLVED_EXPLICIT_GENE_CENTRIC_REPRESENTATIVE,docs/audits/ubuntu_DE_2026-10-08/significant_protein_coding_degs.csv,c9bf672d38f877361b3132065884d3a02e3132bcbf9901656b9f2cb04fdf3130,0.1.0
03,gene,ENSMUSG00000021903,pass,RESOLVED_EXPLICIT_GENE_CENTRIC_REPRESENTATIVE,RESOLVED_EXPLICIT_GENE_CENTRIC_REPRESENTATIVE,docs/audits/ubuntu_DE_2026-10-08/significant_protein_coding_degs.csv,c9bf672d38f877361b3132065884d3a02e3132bcbf9901656b9f2cb04fdf3130,0.1.0
03,gene,ENSMUSG00000029669,pass,RESOLVED_EXPLICIT_GENE_CENTRIC_REPRESENTATIVE,RESOLVED_EXPLICIT_GENE_CENTRIC_REPRESENTATIVE,docs/audits/ubuntu_DE_2026-10-08/significant_protein_coding_degs.csv,c9bf672d38f877361b3132065884d3a02e3132bcbf9901656b9f2cb04fdf3130,0.1.0
03,gene,ENSMUSG00000002831,pass,RESOLVED_EXPLICIT_GENE_CENTRIC_REPRESENTATIVE,RESOLVED_EXPLICIT_GENE_CENTRIC_REPRESENTATIVE,docs/audits/ubuntu_DE_2026-10-08/significant_protein_coding_degs.csv,c9bf672d38f877361b3132065884d3a02e3132bcbf9901656b9f2cb04fdf3130,0.1.0
03,gene,ENSMUSG00000003283,pass,RESOLVED_EXPLICIT_GENE_CENTRIC_REPRESENTATIVE,RESOLVED_EXPLICIT_GENE_CENTRIC_REPRESENTATIVE,docs/audits/ubuntu_DE_2026-10-08/significant_protein_coding_degs.csv,c9bf672d38f877361b3132065884d3a02e3132bcbf9901656b9f2cb04fdf3130,0.1.0
03,gene,ENSMUSG00000019997,pass,RESOLVED_EXPLICIT_GENE_CENTRIC_REPRESENTATIVE,RESOLVED_EXPLICIT_GENE_CENTRIC_REPRESENTATIVE,docs/audits/ubuntu_DE_2026-10-08/significant_protein_coding_degs.csv,c9bf672d38f877361b3132065884d3a02e3132bcbf9901656b9f2cb04fdf3130,0.1.0
03,gene,ENSMUSG00000027656,pass,PASS_CURRENT_EXACT_XREF_DISPLAYED_SEQUENCE,PASS_CURRENT_EXACT_XREF_DISPLAYED_SEQUENCE,docs/audits/ubuntu_DE_2026-10-08/significant_protein_coding_degs.csv,c9bf672d38f877361b3132065884d3a02e3132bcbf9901656b9f2cb04fdf3130,0.1.0
03,gene,ENSMUSG00000021974,pass,RESOLVED_EXPLICIT_GENE_CENTRIC_REPRESENTATIVE,RESOLVED_EXPLICIT_GENE_CENTRIC_REPRESENTATIVE,docs/audits/ubuntu_DE_2026-10-08/significant_protein_coding_degs.csv,c9bf672d38f877361b3132065884d3a02e3132bcbf9901656b9f2cb04fdf3130,0.1.0
03,gene,ENSMUSG00000030247,pass,RESOLVED_EXPLICIT_GENE_CENTRIC_REPRESENTATIVE,RESOLVED_EXPLICIT_GENE_CENTRIC_REPRESENTATIVE,docs/audits/ubuntu_DE_2026-10-08/significant_protein_coding_degs.csv,c9bf672d38f877361b3132065884d3a02e3132bcbf9901656b9f2cb04fdf3130,0.1.0
03,gene,ENSMUSG00000030666,held,REPRESENTATIVE_LACKS_ORIGINAL_EXACT_GENE_LINK,REPRESENTATIVE_LACKS_ORIGINAL_EXACT_GENE_LINK,docs/audits/ubuntu_DE_2026-10-08/significant_protein_coding_degs.csv,c9bf672d38f877361b3132065884d3a02e3132bcbf9901656b9f2cb04fdf3130,0.1.0
03,gene,ENSMUSG00000038546,held,REPRESENTATIVE_ONLY_NONCANONICAL_OR_UNRESOLVED_ISOFORM_XREF,REPRESENTATIVE_ONLY_NONCANONICAL_OR_UNRESOLVED_ISOFORM_XREF,docs/audits/ubuntu_DE_2026-10-08/significant_protein_coding_degs.csv,c9bf672d38f877361b3132065884d3a02e3132bcbf9901656b9f2cb04fdf3130,0.1.0
03,gene,ENSMUSG00000052336,pass,PASS_CURRENT_EXACT_XREF_DISPLAYED_SEQUENCE,PASS_CURRENT_EXACT_XREF_DISPLAYED_SEQUENCE,docs/audits/ubuntu_DE_2026-10-08/significant_protein_coding_degs.csv,c9bf672d38f877361b3132065884d3a02e3132bcbf9901656b9f2cb04fdf3130,0.1.0
03,gene,ENSMUSG00000034579,pass,RESOLVED_EXPLICIT_GENE_CENTRIC_REPRESENTATIVE,RESOLVED_EXPLICIT_GENE_CENTRIC_REPRESENTATIVE,docs/audits/ubuntu_DE_2026-10-08/significant_protein_coding_degs.csv,c9bf672d38f877361b3132065884d3a02e3132bcbf9901656b9f2cb04fdf3130,0.1.0
03,gene,ENSMUSG00000033361,pass,RESOLVED_EXPLICIT_GENE_CENTRIC_REPRESENTATIVE,RESOLVED_EXPLICIT_GENE_CENTRIC_REPRESENTATIVE,docs/audits/ubuntu_DE_2026-10-08/significant_protein_coding_degs.csv,c9bf672d38f877361b3132065884d3a02e3132bcbf9901656b9f2cb04fdf3130,0.1.0
03,gene,ENSMUSG00000017969,pass,RESOLVED_EXPLICIT_GENE_CENTRIC_REPRESENTATIVE,RESOLVED_EXPLICIT_GENE_CENTRIC_REPRESENTATIVE,docs/audits/ubuntu_DE_2026-10-08/significant_protein_coding_degs.csv,c9bf672d38f877361b3132065884d3a02e3132bcbf9901656b9f2cb04fdf3130,0.1.0
03,gene,ENSMUSG00000061740,pass,RESOLVED_EXPLICIT_GENE_CENTRIC_REPRESENTATIVE,RESOLVED_EXPLICIT_GENE_CENTRIC_REPRESENTATIVE,docs/audits/ubuntu_DE_2026-10-08/significant_protein_coding_degs.csv,c9bf672d38f877361b3132065884d3a02e3132bcbf9901656b9f2cb04fdf3130,0.1.0
03,gene,ENSMUSG00000034845,pass,PASS_CURRENT_EXACT_XREF_DISPLAYED_SEQUENCE,PASS_CURRENT_EXACT_XREF_DISPLAYED_SEQUENCE,docs/audits/ubuntu_DE_2026-10-08/significant_protein_coding_degs.csv,c9bf672d38f877361b3132065884d3a02e3132bcbf9901656b9f2cb04fdf3130,0.1.0
03,gene,ENSMUSG00000068744,pass,RESOLVED_EXPLICIT_GENE_CENTRIC_REPRESENTATIVE,RESOLVED_EXPLICIT_GENE_CENTRIC_REPRESENTATIVE,docs/audits/ubuntu_DE_2026-10-08/significant_protein_coding_degs.csv,c9bf672d38f877361b3132065884d3a02e3132bcbf9901656b9f2cb04fdf3130,0.1.0
03,gene,ENSMUSG00000031351,held,REPRESENTATIVE_LACKS_ORIGINAL_EXACT_GENE_LINK,REPRESENTATIVE_LACKS_ORIGINAL_EXACT_GENE_LINK,docs/audits/ubuntu_DE_2026-10-08/significant_protein_coding_degs.csv,c9bf672d38f877361b3132065884d3a02e3132bcbf9901656b9f2cb04fdf3130,0.1.0
03,gene,ENSMUSG00000040666,pass,RESOLVED_EXPLICIT_GENE_CENTRIC_REPRESENTATIVE,RESOLVED_EXPLICIT_GENE_CENTRIC_REPRESENTATIVE,docs/audits/ubuntu_DE_2026-10-08/significant_protein_coding_degs.csv,c9bf672d38f877361b3132065884d3a02e3132bcbf9901656b9f2cb04fdf3130,0.1.0
03,gene,ENSMUSG00000025507,pass,RESOLVED_EXPLICIT_GENE_CENTRIC_REPRESENTATIVE,RESOLVED_EXPLICIT_GENE_CENTRIC_REPRESENTATIVE,docs/audits/ubuntu_DE_2026-10-08/significant_protein_coding_degs.csv,c9bf672d38f877361b3132065884d3a02e3132bcbf9901656b9f2cb04fdf3130,0.1.0
03,gene,ENSMUSG00000048368,pass,PASS_CURRENT_EXACT_XREF_DISPLAYED_SEQUENCE,PASS_CURRENT_EXACT_XREF_DISPLAYED_SEQUENCE,docs/audits/ubuntu_DE_2026-10-08/significant_protein_coding_degs.csv,c9bf672d38f877361b3132065884d3a02e3132bcbf9901656b9f2cb04fdf3130,0.1.0
03,gene,ENSMUSG00000004044,pass,PASS_CURRENT_EXACT_XREF_DISPLAYED_SEQUENCE,PASS_CURRENT_EXACT_XREF_DISPLAYED_SEQUENCE,docs/audits/ubuntu_DE_2026-10-08/significant_protein_coding_degs.csv,c9bf672d38f877361b3132065884d3a02e3132bcbf9901656b9f2cb04fdf3130,0.1.0
03,gene,ENSMUSG00000101860,pass,RESOLVED_EXPLICIT_GENE_CENTRIC_REPRESENTATIVE,RESOLVED_EXPLICIT_GENE_CENTRIC_REPRESENTATIVE,docs/audits/ubuntu_DE_2026-10-08/significant_protein_coding_degs.csv,c9bf672d38f877361b3132065884d3a02e3132bcbf9901656b9f2cb04fdf3130,0.1.0
03,gene,ENSMUSG00000033855,pass,RESOLVED_EXPLICIT_GENE_CENTRIC_REPRESENTATIVE,RESOLVED_EXPLICIT_GENE_CENTRIC_REPRESENTATIVE,docs/audits/ubuntu_DE_2026-10-08/significant_protein_coding_degs.csv,c9bf672d38f877361b3132065884d3a02e3132bcbf9901656b9f2cb04fdf3130,0.1.0
03,gene,ENSMUSG00000039194,pass,RESOLVED_EXPLICIT_GENE_CENTRIC_REPRESENTATIVE,RESOLVED_EXPLICIT_GENE_CENTRIC_REPRESENTATIVE,docs/audits/ubuntu_DE_2026-10-08/significant_protein_coding_degs.csv,c9bf672d38f877361b3132065884d3a02e3132bcbf9901656b9f2cb04fdf3130,0.1.0
03,gene,ENSMUSG00000066952,pass,RESOLVED_EXPLICIT_GENE_CENTRIC_REPRESENTATIVE,RESOLVED_EXPLICIT_GENE_CENTRIC_REPRESENTATIVE,docs/audits/ubuntu_DE_2026-10-08/significant_protein_coding_degs.csv,c9bf672d38f877361b3132065884d3a02e3132bcbf9901656b9f2cb04fdf3130,0.1.0
03,gene,ENSMUSG00000026365,pass,RESOLVED_EXPLICIT_GENE_CENTRIC_REPRESENTATIVE,RESOLVED_EXPLICIT_GENE_CENTRIC_REPRESENTATIVE,docs/audits/ubuntu_DE_2026-10-08/significant_protein_coding_degs.csv,c9bf672d38f877361b3132065884d3a02e3132bcbf9901656b9f2cb04fdf3130,0.1.0
03,gene,ENSMUSG00000021676,pass,PASS_CURRENT_EXACT_XREF_DISPLAYED_SEQUENCE,PASS_CURRENT_EXACT_XREF_DISPLAYED_SEQUENCE,docs/audits/ubuntu_DE_2026-10-08/significant_protein_coding_degs.csv,c9bf672d38f877361b3132065884d3a02e3132bcbf9901656b9f2cb04fdf3130,0.1.0
03,gene,ENSMUSG00000039195,pass,RESOLVED_EXPLICIT_GENE_CENTRIC_REPRESENTATIVE,RESOLVED_EXPLICIT_GENE_CENTRIC_REPRESENTATIVE,docs/audits/ubuntu_DE_2026-10-08/significant_protein_coding_degs.csv,c9bf672d38f877361b3132065884d3a02e3132bcbf9901656b9f2cb04fdf3130,0.1.0
03,gene,ENSMUSG00000040170,pass,RESOLVED_EXPLICIT_GENE_CENTRIC_REPRESENTATIVE,RESOLVED_EXPLICIT_GENE_CENTRIC_REPRESENTATIVE,docs/audits/ubuntu_DE_2026-10-08/significant_protein_coding_degs.csv,c9bf672d38f877361b3132065884d3a02e3132bcbf9901656b9f2cb04fdf3130,0.1.0
03,gene,ENSMUSG00000045930,pass,PASS_CURRENT_EXACT_XREF_DISPLAYED_SEQUENCE,PASS_CURRENT_EXACT_XREF_DISPLAYED_SEQUENCE,docs/audits/ubuntu_DE_2026-10-08/significant_protein_coding_degs.csv,c9bf672d38f877361b3132065884d3a02e3132bcbf9901656b9f2cb04fdf3130,0.1.0
03,gene,ENSMUSG00000045954,pass,PASS_CURRENT_EXACT_XREF_DISPLAYED_SEQUENCE,PASS_CURRENT_EXACT_XREF_DISPLAYED_SEQUENCE,docs/audits/ubuntu_DE_2026-10-08/significant_protein_coding_degs.csv,c9bf672d38f877361b3132065884d3a02e3132bcbf9901656b9f2cb04fdf3130,0.1.0
03,gene,ENSMUSG00000029281,pass,RESOLVED_EXPLICIT_GENE_CENTRIC_REPRESENTATIVE,RESOLVED_EXPLICIT_GENE_CENTRIC_REPRESENTATIVE,docs/audits/ubuntu_DE_2026-10-08/significant_protein_coding_degs.csv,c9bf672d38f877361b3132065884d3a02e3132bcbf9901656b9f2cb04fdf3130,0.1.0
03,gene,ENSMUSG00000027695,held,REPRESENTATIVE_LACKS_ORIGINAL_EXACT_GENE_LINK,REPRESENTATIVE_LACKS_ORIGINAL_EXACT_GENE_LINK,docs/audits/ubuntu_DE_2026-10-08/significant_protein_coding_degs.csv,c9bf672d38f877361b3132065884d3a02e3132bcbf9901656b9f2cb04fdf3130,0.1.0
03,gene,ENSMUSG00000028527,pass,RESOLVED_EXPLICIT_GENE_CENTRIC_REPRESENTATIVE,RESOLVED_EXPLICIT_GENE_CENTRIC_REPRESENTATIVE,docs/audits/ubuntu_DE_2026-10-08/significant_protein_coding_degs.csv,c9bf672d38f877361b3132065884d3a02e3132bcbf9901656b9f2cb04fdf3130,0.1.0
03,gene,ENSMUSG00000034906,pass,RESOLVED_EXPLICIT_GENE_CENTRIC_REPRESENTATIVE,RESOLVED_EXPLICIT_GENE_CENTRIC_REPRESENTATIVE,docs/audits/ubuntu_DE_2026-10-08/significant_protein_coding_degs.csv,c9bf672d38f877361b3132065884d3a02e3132bcbf9901656b9f2cb04fdf3130,0.1.0
03,gene,ENSMUSG00000020389,pass,RESOLVED_EXPLICIT_GENE_CENTRIC_REPRESENTATIVE,RESOLVED_EXPLICIT_GENE_CENTRIC_REPRESENTATIVE,docs/audits/ubuntu_DE_2026-10-08/significant_protein_coding_degs.csv,c9bf672d38f877361b3132065884d3a02e3132bcbf9901656b9f2cb04fdf3130,0.1.0
03,gene,ENSMUSG00000041544,pass,PASS_CURRENT_EXACT_XREF_DISPLAYED_SEQUENCE,PASS_CURRENT_EXACT_XREF_DISPLAYED_SEQUENCE,docs/audits/ubuntu_DE_2026-10-08/significant_protein_coding_degs.csv,c9bf672d38f877361b3132065884d3a02e3132bcbf9901656b9f2cb04fdf3130,0.1.0
03,gene,ENSMUSG00000051469,pass,RESOLVED_EXPLICIT_GENE_CENTRIC_REPRESENTATIVE,RESOLVED_EXPLICIT_GENE_CENTRIC_REPRESENTATIVE,docs/audits/ubuntu_DE_2026-10-08/significant_protein_coding_degs.csv,c9bf672d38f877361b3132065884d3a02e3132bcbf9901656b9f2cb04fdf3130,0.1.0
03,gene,ENSMUSG00000031465,pass,PASS_CURRENT_EXACT_XREF_DISPLAYED_SEQUENCE,PASS_CURRENT_EXACT_XREF_DISPLAYED_SEQUENCE,docs/audits/ubuntu_DE_2026-10-08/significant_protein_coding_degs.csv,c9bf672d38f877361b3132065884d3a02e3132bcbf9901656b9f2cb04fdf3130,0.1.0
03,gene,ENSMUSG00000051855,pass,RESOLVED_EXPLICIT_GENE_CENTRIC_REPRESENTATIVE,RESOLVED_EXPLICIT_GENE_CENTRIC_REPRESENTATIVE,docs/audits/ubuntu_DE_2026-10-08/significant_protein_coding_degs.csv,c9bf672d38f877361b3132065884d3a02e3132bcbf9901656b9f2cb04fdf3130,0.1.0
03,gene,ENSMUSG00000069792,pass,PASS_CURRENT_EXACT_XREF_DISPLAYED_SEQUENCE,PASS_CURRENT_EXACT_XREF_DISPLAYED_SEQUENCE,docs/audits/ubuntu_DE_2026-10-08/significant_protein_coding_degs.csv,c9bf672d38f877361b3132065884d3a02e3132bcbf9901656b9f2cb04fdf3130,0.1.0
03,gene,ENSMUSG00000074794,pass,RESOLVED_EXPLICIT_GENE_CENTRIC_REPRESENTATIVE,RESOLVED_EXPLICIT_GENE_CENTRIC_REPRESENTATIVE,docs/audits/ubuntu_DE_2026-10-08/significant_protein_coding_degs.csv,c9bf672d38f877361b3132065884d3a02e3132bcbf9901656b9f2cb04fdf3130,0.1.0
03,gene,ENSMUSG00000096719,held,REPRESENTATIVE_LACKS_ORIGINAL_EXACT_GENE_LINK,REPRESENTATIVE_LACKS_ORIGINAL_EXACT_GENE_LINK,docs/audits/ubuntu_DE_2026-10-08/significant_protein_coding_degs.csv,c9bf672d38f877361b3132065884d3a02e3132bcbf9901656b9f2cb04fdf3130,0.1.0
03,gene,ENSMUSG00000030351,pass,PASS_CURRENT_EXACT_XREF_DISPLAYED_SEQUENCE,PASS_CURRENT_EXACT_XREF_DISPLAYED_SEQUENCE,docs/audits/ubuntu_DE_2026-10-08/significant_protein_coding_degs.csv,c9bf672d38f877361b3132065884d3a02e3132bcbf9901656b9f2cb04fdf3130,0.1.0
03,gene,ENSMUSG00000038495,pass,RESOLVED_EXPLICIT_GENE_CENTRIC_REPRESENTATIVE,RESOLVED_EXPLICIT_GENE_CENTRIC_REPRESENTATIVE,docs/audits/ubuntu_DE_2026-10-08/significant_protein_coding_degs.csv,c9bf672d38f877361b3132065884d3a02e3132bcbf9901656b9f2cb04fdf3130,0.1.0
03,gene,ENSMUSG00000030847,pass,PASS_CURRENT_EXACT_XREF_DISPLAYED_SEQUENCE,PASS_CURRENT_EXACT_XREF_DISPLAYED_SEQUENCE,docs/audits/ubuntu_DE_2026-10-08/significant_protein_coding_degs.csv,c9bf672d38f877361b3132065884d3a02e3132bcbf9901656b9f2cb04fdf3130,0.1.0
03,gene,ENSMUSG00000039221,pass,RESOLVED_EXPLICIT_GENE_CENTRIC_REPRESENTATIVE,RESOLVED_EXPLICIT_GENE_CENTRIC_REPRESENTATIVE,docs/audits/ubuntu_DE_2026-10-08/significant_protein_coding_degs.csv,c9bf672d38f877361b3132065884d3a02e3132bcbf9901656b9f2cb04fdf3130,0.1.0
03,gene,ENSMUSG00000039958,pass,RESOLVED_EXPLICIT_GENE_CENTRIC_REPRESENTATIVE,RESOLVED_EXPLICIT_GENE_CENTRIC_REPRESENTATIVE,docs/audits/ubuntu_DE_2026-10-08/significant_protein_coding_degs.csv,c9bf672d38f877361b3132065884d3a02e3132bcbf9901656b9f2cb04fdf3130,0.1.0
03,gene,ENSMUSG00000050248,pass,PASS_CURRENT_EXACT_XREF_DISPLAYED_SEQUENCE,PASS_CURRENT_EXACT_XREF_DISPLAYED_SEQUENCE,docs/audits/ubuntu_DE_2026-10-08/significant_protein_coding_degs.csv,c9bf672d38f877361b3132065884d3a02e3132bcbf9901656b9f2cb04fdf3130,0.1.0
03,gene,ENSMUSG00000101389,pass,PASS_CURRENT_EXACT_XREF_DISPLAYED_SEQUENCE,PASS_CURRENT_EXACT_XREF_DISPLAYED_SEQUENCE,docs/audits/ubuntu_DE_2026-10-08/significant_protein_coding_degs.csv,c9bf672d38f877361b3132065884d3a02e3132bcbf9901656b9f2cb04fdf3130,0.1.0
03,gene,ENSMUSG00000020396,pass,PASS_CURRENT_EXACT_XREF_DISPLAYED_SEQUENCE,PASS_CURRENT_EXACT_XREF_DISPLAYED_SEQUENCE,docs/audits/ubuntu_DE_2026-10-08/significant_protein_coding_degs.csv,c9bf672d38f877361b3132065884d3a02e3132bcbf9901656b9f2cb04fdf3130,0.1.0
03,gene,ENSMUSG00000042485,pass,PASS_CURRENT_EXACT_XREF_DISPLAYED_SEQUENCE,PASS_CURRENT_EXACT_XREF_DISPLAYED_SEQUENCE,docs/audits/ubuntu_DE_2026-10-08/significant_protein_coding_degs.csv,c9bf672d38f877361b3132065884d3a02e3132bcbf9901656b9f2cb04fdf3130,0.1.0
03,gene,ENSMUSG00000031494,pass,RESOLVED_EXPLICIT_GENE_CENTRIC_REPRESENTATIVE,RESOLVED_EXPLICIT_GENE_CENTRIC_REPRESENTATIVE,docs/audits/ubuntu_DE_2026-10-08/significant_protein_coding_degs.csv,c9bf672d38f877361b3132065884d3a02e3132bcbf9901656b9f2cb04fdf3130,0.1.0
03,gene,ENSMUSG00000037736,pass,RESOLVED_EXPLICIT_GENE_CENTRIC_REPRESENTATIVE,RESOLVED_EXPLICIT_GENE_CENTRIC_REPRESENTATIVE,docs/audits/ubuntu_DE_2026-10-08/significant_protein_coding_degs.csv,c9bf672d38f877361b3132065884d3a02e3132bcbf9901656b9f2cb04fdf3130,0.1.0
03,gene,ENSMUSG00000004085,pass,RESOLVED_EXPLICIT_GENE_CENTRIC_REPRESENTATIVE,RESOLVED_EXPLICIT_GENE_CENTRIC_REPRESENTATIVE,docs/audits/ubuntu_DE_2026-10-08/significant_protein_coding_degs.csv,c9bf672d38f877361b3132065884d3a02e3132bcbf9901656b9f2cb04fdf3130,0.1.0
03,gene,ENSMUSG00000021576,pass,PASS_CURRENT_EXACT_XREF_DISPLAYED_SEQUENCE,PASS_CURRENT_EXACT_XREF_DISPLAYED_SEQUENCE,docs/audits/ubuntu_DE_2026-10-08/significant_protein_coding_degs.csv,c9bf672d38f877361b3132065884d3a02e3132bcbf9901656b9f2cb04fdf3130,0.1.0
03,gene,ENSMUSG00000023905,pass,RESOLVED_EXPLICIT_GENE_CENTRIC_REPRESENTATIVE,RESOLVED_EXPLICIT_GENE_CENTRIC_REPRESENTATIVE,docs/audits/ubuntu_DE_2026-10-08/significant_protein_coding_degs.csv,c9bf672d38f877361b3132065884d3a02e3132bcbf9901656b9f2cb04fdf3130,0.1.0
03,gene,ENSMUSG00000046854,pass,PASS_CURRENT_EXACT_XREF_DISPLAYED_SEQUENCE,PASS_CURRENT_EXACT_XREF_DISPLAYED_SEQUENCE,docs/audits/ubuntu_DE_2026-10-08/significant_protein_coding_degs.csv,c9bf672d38f877361b3132065884d3a02e3132bcbf9901656b9f2cb04fdf3130,0.1.0
03,gene,ENSMUSG00000076441,pass,PASS_CURRENT_EXACT_XREF_DISPLAYED_SEQUENCE,PASS_CURRENT_EXACT_XREF_DISPLAYED_SEQUENCE,docs/audits/ubuntu_DE_2026-10-08/significant_protein_coding_degs.csv,c9bf672d38f877361b3132065884d3a02e3132bcbf9901656b9f2cb04fdf3130,0.1.0
03,gene,ENSMUSG00000018927,pass,PASS_CURRENT_EXACT_XREF_DISPLAYED_SEQUENCE,PASS_CURRENT_EXACT_XREF_DISPLAYED_SEQUENCE,docs/audits/ubuntu_DE_2026-10-08/significant_protein_coding_degs.csv,c9bf672d38f877361b3132065884d3a02e3132bcbf9901656b9f2cb04fdf3130,0.1.0
03,gene,ENSMUSG00000053687,pass,PASS_CURRENT_EXACT_XREF_DISPLAYED_SEQUENCE,PASS_CURRENT_EXACT_XREF_DISPLAYED_SEQUENCE,docs/audits/ubuntu_DE_2026-10-08/significant_protein_coding_degs.csv,c9bf672d38f877361b3132065884d3a02e3132bcbf9901656b9f2cb04fdf3130,0.1.0
03,gene,ENSMUSG00000032939,pass,RESOLVED_EXPLICIT_GENE_CENTRIC_REPRESENTATIVE,RESOLVED_EXPLICIT_GENE_CENTRIC_REPRESENTATIVE,docs/audits/ubuntu_DE_2026-10-08/significant_protein_coding_degs.csv,c9bf672d38f877361b3132065884d3a02e3132bcbf9901656b9f2cb04fdf3130,0.1.0
03,gene,ENSMUSG00000027075,pass,RESOLVED_EXPLICIT_GENE_CENTRIC_REPRESENTATIVE,RESOLVED_EXPLICIT_GENE_CENTRIC_REPRESENTATIVE,docs/audits/ubuntu_DE_2026-10-08/significant_protein_coding_degs.csv,c9bf672d38f877361b3132065884d3a02e3132bcbf9901656b9f2cb04fdf3130,0.1.0
03,gene,ENSMUSG00000020681,pass,RESOLVED_EXPLICIT_GENE_CENTRIC_REPRESENTATIVE,RESOLVED_EXPLICIT_GENE_CENTRIC_REPRESENTATIVE,docs/audits/ubuntu_DE_2026-10-08/significant_protein_coding_degs.csv,c9bf672d38f877361b3132065884d3a02e3132bcbf9901656b9f2cb04fdf3130,0.1.0
03,gene,ENSMUSG00000031538,pass,PASS_CURRENT_EXACT_XREF_DISPLAYED_SEQUENCE,PASS_CURRENT_EXACT_XREF_DISPLAYED_SEQUENCE,docs/audits/ubuntu_DE_2026-10-08/significant_protein_coding_degs.csv,c9bf672d38f877361b3132065884d3a02e3132bcbf9901656b9f2cb04fdf3130,0.1.0
03,gene,ENSMUSG00000037664,pass,RESOLVED_EXPLICIT_GENE_CENTRIC_REPRESENTATIVE,RESOLVED_EXPLICIT_GENE_CENTRIC_REPRESENTATIVE,docs/audits/ubuntu_DE_2026-10-08/significant_protein_coding_degs.csv,c9bf672d38f877361b3132065884d3a02e3132bcbf9901656b9f2cb04fdf3130,0.1.0
03,gene,ENSMUSG00000029101,pass,RESOLVED_EXPLICIT_GENE_CENTRIC_REPRESENTATIVE,RESOLVED_EXPLICIT_GENE_CENTRIC_REPRESENTATIVE,docs/audits/ubuntu_DE_2026-10-08/significant_protein_coding_degs.csv,c9bf672d38f877361b3132065884d3a02e3132bcbf9901656b9f2cb04fdf3130,0.1.0
03,gene,ENSMUSG00000030683,pass,RESOLVED_EXPLICIT_GENE_CENTRIC_REPRESENTATIVE,RESOLVED_EXPLICIT_GENE_CENTRIC_REPRESENTATIVE,docs/audits/ubuntu_DE_2026-10-08/significant_protein_coding_degs.csv,c9bf672d38f877361b3132065884d3a02e3132bcbf9901656b9f2cb04fdf3130,0.1.0
03,gene,ENSMUSG00000061654,held,NO_CURRENT_EXACT_ENSEMBL_XREF,NO_CURRENT_EXACT_ENSEMBL_XREF,docs/audits/ubuntu_DE_2026-10-08/significant_protein_coding_degs.csv,c9bf672d38f877361b3132065884d3a02e3132bcbf9901656b9f2cb04fdf3130,0.1.0
03,gene,ENSMUSG00000021187,pass,RESOLVED_EXPLICIT_GENE_CENTRIC_REPRESENTATIVE,RESOLVED_EXPLICIT_GENE_CENTRIC_REPRESENTATIVE,docs/audits/ubuntu_DE_2026-10-08/significant_protein_coding_degs.csv,c9bf672d38f877361b3132065884d3a02e3132bcbf9901656b9f2cb04fdf3130,0.1.0
03,gene,ENSMUSG00000071350,pass,RESOLVED_EXPLICIT_GENE_CENTRIC_REPRESENTATIVE,RESOLVED_EXPLICIT_GENE_CENTRIC_REPRESENTATIVE,docs/audits/ubuntu_DE_2026-10-08/significant_protein_coding_degs.csv,c9bf672d38f877361b3132065884d3a02e3132bcbf9901656b9f2cb04fdf3130,0.1.0
03,gene,ENSMUSG00000021950,pass,RESOLVED_EXPLICIT_GENE_CENTRIC_REPRESENTATIVE,RESOLVED_EXPLICIT_GENE_CENTRIC_REPRESENTATIVE,docs/audits/ubuntu_DE_2026-10-08/significant_protein_coding_degs.csv,c9bf672d38f877361b3132065884d3a02e3132bcbf9901656b9f2cb04fdf3130,0.1.0
03,gene,ENSMUSG00000031772,pass,RESOLVED_EXPLICIT_GENE_CENTRIC_REPRESENTATIVE,RESOLVED_EXPLICIT_GENE_CENTRIC_REPRESENTATIVE,docs/audits/ubuntu_DE_2026-10-08/significant_protein_coding_degs.csv,c9bf672d38f877361b3132065884d3a02e3132bcbf9901656b9f2cb04fdf3130,0.1.0
03,gene,ENSMUSG00000039109,pass,PASS_CURRENT_EXACT_XREF_DISPLAYED_SEQUENCE,PASS_CURRENT_EXACT_XREF_DISPLAYED_SEQUENCE,docs/audits/ubuntu_DE_2026-10-08/significant_protein_coding_degs.csv,c9bf672d38f877361b3132065884d3a02e3132bcbf9901656b9f2cb04fdf3130,0.1.0
03,gene,ENSMUSG00000046949,pass,RESOLVED_EXPLICIT_GENE_CENTRIC_REPRESENTATIVE,RESOLVED_EXPLICIT_GENE_CENTRIC_REPRESENTATIVE,docs/audits/ubuntu_DE_2026-10-08/significant_protein_coding_degs.csv,c9bf672d38f877361b3132065884d3a02e3132bcbf9901656b9f2cb04fdf3130,0.1.0
03,gene,ENSMUSG00000022032,pass,PASS_CURRENT_EXACT_XREF_DISPLAYED_SEQUENCE,PASS_CURRENT_EXACT_XREF_DISPLAYED_SEQUENCE,docs/audits/ubuntu_DE_2026-10-08/significant_protein_coding_degs.csv,c9bf672d38f877361b3132065884d3a02e3132bcbf9901656b9f2cb04fdf3130,0.1.0
03,gene,ENSMUSG00000059430,pass,RESOLVED_EXPLICIT_GENE_CENTRIC_REPRESENTATIVE,RESOLVED_EXPLICIT_GENE_CENTRIC_REPRESENTATIVE,docs/audits/ubuntu_DE_2026-10-08/significant_protein_coding_degs.csv,c9bf672d38f877361b3132065884d3a02e3132bcbf9901656b9f2cb04fdf3130,0.1.0
03,gene,ENSMUSG00000031451,pass,PASS_CURRENT_EXACT_XREF_DISPLAYED_SEQUENCE,PASS_CURRENT_EXACT_XREF_DISPLAYED_SEQUENCE,docs/audits/ubuntu_DE_2026-10-08/significant_protein_coding_degs.csv,c9bf672d38f877361b3132065884d3a02e3132bcbf9901656b9f2cb04fdf3130,0.1.0
03,gene,ENSMUSG00000054150,pass,PASS_CURRENT_EXACT_XREF_DISPLAYED_SEQUENCE,PASS_CURRENT_EXACT_XREF_DISPLAYED_SEQUENCE,docs/audits/ubuntu_DE_2026-10-08/significant_protein_coding_degs.csv,c9bf672d38f877361b3132065884d3a02e3132bcbf9901656b9f2cb04fdf3130,0.1.0
03,gene,ENSMUSG00000003865,pass,RESOLVED_EXPLICIT_GENE_CENTRIC_REPRESENTATIVE,RESOLVED_EXPLICIT_GENE_CENTRIC_REPRESENTATIVE,docs/audits/ubuntu_DE_2026-10-08/significant_protein_coding_degs.csv,c9bf672d38f877361b3132065884d3a02e3132bcbf9901656b9f2cb04fdf3130,0.1.0
03,gene,ENSMUSG00000019851,pass,PASS_CURRENT_EXACT_XREF_DISPLAYED_SEQUENCE,PASS_CURRENT_EXACT_XREF_DISPLAYED_SEQUENCE,docs/audits/ubuntu_DE_2026-10-08/significant_protein_coding_degs.csv,c9bf672d38f877361b3132065884d3a02e3132bcbf9901656b9f2cb04fdf3130,0.1.0
03,gene,ENSMUSG00000050505,pass,PASS_CURRENT_EXACT_XREF_DISPLAYED_SEQUENCE,PASS_CURRENT_EXACT_XREF_DISPLAYED_SEQUENCE,docs/audits/ubuntu_DE_2026-10-08/significant_protein_coding_degs.csv,c9bf672d38f877361b3132065884d3a02e3132bcbf9901656b9f2cb04fdf3130,0.1.0
03,gene,ENSMUSG00000061353,pass,RESOLVED_EXPLICIT_GENE_CENTRIC_REPRESENTATIVE,RESOLVED_EXPLICIT_GENE_CENTRIC_REPRESENTATIVE,docs/audits/ubuntu_DE_2026-10-08/significant_protein_coding_degs.csv,c9bf672d38f877361b3132065884d3a02e3132bcbf9901656b9f2cb04fdf3130,0.1.0
03,gene,ENSMUSG00000017390,pass,PASS_CURRENT_EXACT_XREF_DISPLAYED_SEQUENCE,PASS_CURRENT_EXACT_XREF_DISPLAYED_SEQUENCE,docs/audits/ubuntu_DE_2026-10-08/significant_protein_coding_degs.csv,c9bf672d38f877361b3132065884d3a02e3132bcbf9901656b9f2cb04fdf3130,0.1.0
03,gene,ENSMUSG00000021835,pass,PASS_CURRENT_EXACT_XREF_DISPLAYED_SEQUENCE,PASS_CURRENT_EXACT_XREF_DISPLAYED_SEQUENCE,docs/audits/ubuntu_DE_2026-10-08/significant_protein_coding_degs.csv,c9bf672d38f877361b3132065884d3a02e3132bcbf9901656b9f2cb04fdf3130,0.1.0
03,gene,ENSMUSG00000024481,held,REPRESENTATIVE_LACKS_ORIGINAL_EXACT_GENE_LINK,REPRESENTATIVE_LACKS_ORIGINAL_EXACT_GENE_LINK,docs/audits/ubuntu_DE_2026-10-08/significant_protein_coding_degs.csv,c9bf672d38f877361b3132065884d3a02e3132bcbf9901656b9f2cb04fdf3130,0.1.0
03,gene,ENSMUSG00000039405,pass,RESOLVED_EXPLICIT_GENE_CENTRIC_REPRESENTATIVE,RESOLVED_EXPLICIT_GENE_CENTRIC_REPRESENTATIVE,docs/audits/ubuntu_DE_2026-10-08/significant_protein_coding_degs.csv,c9bf672d38f877361b3132065884d3a02e3132bcbf9901656b9f2cb04fdf3130,0.1.0
03,gene,ENSMUSG00000025582,pass,PASS_CURRENT_EXACT_XREF_DISPLAYED_SEQUENCE,PASS_CURRENT_EXACT_XREF_DISPLAYED_SEQUENCE,docs/audits/ubuntu_DE_2026-10-08/significant_protein_coding_degs.csv,c9bf672d38f877361b3132065884d3a02e3132bcbf9901656b9f2cb04fdf3130,0.1.0
03,gene,ENSMUSG00000030711,held,REPRESENTATIVE_LACKS_ORIGINAL_EXACT_GENE_LINK,REPRESENTATIVE_LACKS_ORIGINAL_EXACT_GENE_LINK,docs/audits/ubuntu_DE_2026-10-08/significant_protein_coding_degs.csv,c9bf672d38f877361b3132065884d3a02e3132bcbf9901656b9f2cb04fdf3130,0.1.0
03,gene,ENSMUSG00000063415,pass,RESOLVED_EXPLICIT_GENE_CENTRIC_REPRESENTATIVE,RESOLVED_EXPLICIT_GENE_CENTRIC_REPRESENTATIVE,docs/audits/ubuntu_DE_2026-10-08/significant_protein_coding_degs.csv,c9bf672d38f877361b3132065884d3a02e3132bcbf9901656b9f2cb04fdf3130,0.1.0
03,gene,ENSMUSG00000026879,pass,RESOLVED_EXPLICIT_GENE_CENTRIC_REPRESENTATIVE,RESOLVED_EXPLICIT_GENE_CENTRIC_REPRESENTATIVE,docs/audits/ubuntu_DE_2026-10-08/significant_protein_coding_degs.csv,c9bf672d38f877361b3132065884d3a02e3132bcbf9901656b9f2cb04fdf3130,0.1.0
03,gene,ENSMUSG00000026421,pass,PASS_CURRENT_EXACT_XREF_DISPLAYED_SEQUENCE,PASS_CURRENT_EXACT_XREF_DISPLAYED_SEQUENCE,docs/audits/ubuntu_DE_2026-10-08/significant_protein_coding_degs.csv,c9bf672d38f877361b3132065884d3a02e3132bcbf9901656b9f2cb04fdf3130,0.1.0
03,gene,ENSMUSG00000031168,pass,RESOLVED_EXPLICIT_GENE_CENTRIC_REPRESENTATIVE,RESOLVED_EXPLICIT_GENE_CENTRIC_REPRESENTATIVE,docs/audits/ubuntu_DE_2026-10-08/significant_protein_coding_degs.csv,c9bf672d38f877361b3132065884d3a02e3132bcbf9901656b9f2cb04fdf3130,0.1.0
03,gene,ENSMUSG00000006782,pass,PASS_CURRENT_EXACT_XREF_DISPLAYED_SEQUENCE,PASS_CURRENT_EXACT_XREF_DISPLAYED_SEQUENCE,docs/audits/ubuntu_DE_2026-10-08/significant_protein_coding_degs.csv,c9bf672d38f877361b3132065884d3a02e3132bcbf9901656b9f2cb04fdf3130,0.1.0
03,gene,ENSMUSG00000000223,pass,RESOLVED_EXPLICIT_GENE_CENTRIC_REPRESENTATIVE,RESOLVED_EXPLICIT_GENE_CENTRIC_REPRESENTATIVE,docs/audits/ubuntu_DE_2026-10-08/significant_protein_coding_degs.csv,c9bf672d38f877361b3132065884d3a02e3132bcbf9901656b9f2cb04fdf3130,0.1.0
03,gene,ENSMUSG00000038179,held,REPRESENTATIVE_LACKS_ORIGINAL_EXACT_GENE_LINK,REPRESENTATIVE_LACKS_ORIGINAL_EXACT_GENE_LINK,docs/audits/ubuntu_DE_2026-10-08/significant_protein_coding_degs.csv,c9bf672d38f877361b3132065884d3a02e3132bcbf9901656b9f2cb04fdf3130,0.1.0
03,gene,ENSMUSG00000026278,pass,RESOLVED_EXPLICIT_GENE_CENTRIC_REPRESENTATIVE,RESOLVED_EXPLICIT_GENE_CENTRIC_REPRESENTATIVE,docs/audits/ubuntu_DE_2026-10-08/significant_protein_coding_degs.csv,c9bf672d38f877361b3132065884d3a02e3132bcbf9901656b9f2cb04fdf3130,0.1.0
03,gene,ENSMUSG00000025036,pass,RESOLVED_EXPLICIT_GENE_CENTRIC_REPRESENTATIVE,RESOLVED_EXPLICIT_GENE_CENTRIC_REPRESENTATIVE,docs/audits/ubuntu_DE_2026-10-08/significant_protein_coding_degs.csv,c9bf672d38f877361b3132065884d3a02e3132bcbf9901656b9f2cb04fdf3130,0.1.0
03,gene,ENSMUSG00000037725,pass,PASS_CURRENT_EXACT_XREF_DISPLAYED_SEQUENCE,PASS_CURRENT_EXACT_XREF_DISPLAYED_SEQUENCE,docs/audits/ubuntu_DE_2026-10-08/significant_protein_coding_degs.csv,c9bf672d38f877361b3132065884d3a02e3132bcbf9901656b9f2cb04fdf3130,0.1.0
03,gene,ENSMUSG00000058258,pass,RESOLVED_EXPLICIT_GENE_CENTRIC_REPRESENTATIVE,RESOLVED_EXPLICIT_GENE_CENTRIC_REPRESENTATIVE,docs/audits/ubuntu_DE_2026-10-08/significant_protein_coding_degs.csv,c9bf672d38f877361b3132065884d3a02e3132bcbf9901656b9f2cb04fdf3130,0.1.0
03,gene,ENSMUSG00000009731,pass,PASS_CURRENT_EXACT_XREF_DISPLAYED_SEQUENCE,PASS_CURRENT_EXACT_XREF_DISPLAYED_SEQUENCE,docs/audits/ubuntu_DE_2026-10-08/significant_protein_coding_degs.csv,c9bf672d38f877361b3132065884d3a02e3132bcbf9901656b9f2cb04fdf3130,0.1.0
03,gene,ENSMUSG00000053964,pass,RESOLVED_EXPLICIT_GENE_CENTRIC_REPRESENTATIVE,RESOLVED_EXPLICIT_GENE_CENTRIC_REPRESENTATIVE,docs/audits/ubuntu_DE_2026-10-08/significant_protein_coding_degs.csv,c9bf672d38f877361b3132065884d3a02e3132bcbf9901656b9f2cb04fdf3130,0.1.0
03,gene,ENSMUSG00000022797,pass,RESOLVED_EXPLICIT_GENE_CENTRIC_REPRESENTATIVE,RESOLVED_EXPLICIT_GENE_CENTRIC_REPRESENTATIVE,docs/audits/ubuntu_DE_2026-10-08/significant_protein_coding_degs.csv,c9bf672d38f877361b3132065884d3a02e3132bcbf9901656b9f2cb04fdf3130,0.1.0
03,gene,ENSMUSG00000028369,pass,PASS_CURRENT_EXACT_XREF_DISPLAYED_SEQUENCE,PASS_CURRENT_EXACT_XREF_DISPLAYED_SEQUENCE,docs/audits/ubuntu_DE_2026-10-08/significant_protein_coding_degs.csv,c9bf672d38f877361b3132065884d3a02e3132bcbf9901656b9f2cb04fdf3130,0.1.0
03,gene,ENSMUSG00000074457,pass,RESOLVED_EXPLICIT_GENE_CENTRIC_REPRESENTATIVE,RESOLVED_EXPLICIT_GENE_CENTRIC_REPRESENTATIVE,docs/audits/ubuntu_DE_2026-10-08/significant_protein_coding_degs.csv,c9bf672d38f877361b3132065884d3a02e3132bcbf9901656b9f2cb04fdf3130,0.1.0
03,gene,ENSMUSG00000024998,pass,RESOLVED_EXPLICIT_GENE_CENTRIC_REPRESENTATIVE,RESOLVED_EXPLICIT_GENE_CENTRIC_REPRESENTATIVE,docs/audits/ubuntu_DE_2026-10-08/significant_protein_coding_degs.csv,c9bf672d38f877361b3132065884d3a02e3132bcbf9901656b9f2cb04fdf3130,0.1.0
03,gene,ENSMUSG00000028459,pass,RESOLVED_EXPLICIT_GENE_CENTRIC_REPRESENTATIVE,RESOLVED_EXPLICIT_GENE_CENTRIC_REPRESENTATIVE,docs/audits/ubuntu_DE_2026-10-08/significant_protein_coding_degs.csv,c9bf672d38f877361b3132065884d3a02e3132bcbf9901656b9f2cb04fdf3130,0.1.0
03,gene,ENSMUSG00000090958,pass,RESOLVED_EXPLICIT_GENE_CENTRIC_REPRESENTATIVE,RESOLVED_EXPLICIT_GENE_CENTRIC_REPRESENTATIVE,docs/audits/ubuntu_DE_2026-10-08/significant_protein_coding_degs.csv,c9bf672d38f877361b3132065884d3a02e3132bcbf9901656b9f2cb04fdf3130,0.1.0
03,gene,ENSMUSG00000003617,pass,RESOLVED_EXPLICIT_GENE_CENTRIC_REPRESENTATIVE,RESOLVED_EXPLICIT_GENE_CENTRIC_REPRESENTATIVE,docs/audits/ubuntu_DE_2026-10-08/significant_protein_coding_degs.csv,c9bf672d38f877361b3132065884d3a02e3132bcbf9901656b9f2cb04fdf3130,0.1.0
03,gene,ENSMUSG00000031431,pass,RESOLVED_EXPLICIT_GENE_CENTRIC_REPRESENTATIVE,RESOLVED_EXPLICIT_GENE_CENTRIC_REPRESENTATIVE,docs/audits/ubuntu_DE_2026-10-08/significant_protein_coding_degs.csv,c9bf672d38f877361b3132065884d3a02e3132bcbf9901656b9f2cb04fdf3130,0.1.0
03,gene,ENSMUSG00000023046,pass,PASS_CURRENT_EXACT_XREF_DISPLAYED_SEQUENCE,PASS_CURRENT_EXACT_XREF_DISPLAYED_SEQUENCE,docs/audits/ubuntu_DE_2026-10-08/significant_protein_coding_degs.csv,c9bf672d38f877361b3132065884d3a02e3132bcbf9901656b9f2cb04fdf3130,0.1.0
03,gene,ENSMUSG00000045094,held,REPRESENTATIVE_ONLY_NONCANONICAL_OR_UNRESOLVED_ISOFORM_XREF,REPRESENTATIVE_ONLY_NONCANONICAL_OR_UNRESOLVED_ISOFORM_XREF,docs/audits/ubuntu_DE_2026-10-08/significant_protein_coding_degs.csv,c9bf672d38f877361b3132065884d3a02e3132bcbf9901656b9f2cb04fdf3130,0.1.0
03,gene,ENSMUSG00000048402,pass,RESOLVED_EXPLICIT_GENE_CENTRIC_REPRESENTATIVE,RESOLVED_EXPLICIT_GENE_CENTRIC_REPRESENTATIVE,docs/audits/ubuntu_DE_2026-10-08/significant_protein_coding_degs.csv,c9bf672d38f877361b3132065884d3a02e3132bcbf9901656b9f2cb04fdf3130,0.1.0
03,gene,ENSMUSG00000002910,pass,RESOLVED_EXPLICIT_GENE_CENTRIC_REPRESENTATIVE,RESOLVED_EXPLICIT_GENE_CENTRIC_REPRESENTATIVE,docs/audits/ubuntu_DE_2026-10-08/significant_protein_coding_degs.csv,c9bf672d38f877361b3132065884d3a02e3132bcbf9901656b9f2cb04fdf3130,0.1.0
03,gene,ENSMUSG00000047786,pass,RESOLVED_EXPLICIT_GENE_CENTRIC_REPRESENTATIVE,RESOLVED_EXPLICIT_GENE_CENTRIC_REPRESENTATIVE,docs/audits/ubuntu_DE_2026-10-08/significant_protein_coding_degs.csv,c9bf672d38f877361b3132065884d3a02e3132bcbf9901656b9f2cb04fdf3130,0.1.0
03,gene,ENSMUSG00000025893,pass,PASS_CURRENT_EXACT_XREF_DISPLAYED_SEQUENCE,PASS_CURRENT_EXACT_XREF_DISPLAYED_SEQUENCE,docs/audits/ubuntu_DE_2026-10-08/significant_protein_coding_degs.csv,c9bf672d38f877361b3132065884d3a02e3132bcbf9901656b9f2cb04fdf3130,0.1.0
03,gene,ENSMUSG00000090302,pass,PASS_CURRENT_EXACT_XREF_DISPLAYED_SEQUENCE,PASS_CURRENT_EXACT_XREF_DISPLAYED_SEQUENCE,docs/audits/ubuntu_DE_2026-10-08/significant_protein_coding_degs.csv,c9bf672d38f877361b3132065884d3a02e3132bcbf9901656b9f2cb04fdf3130,0.1.0
03,gene,ENSMUSG00000041515,pass,RESOLVED_EXPLICIT_GENE_CENTRIC_REPRESENTATIVE,RESOLVED_EXPLICIT_GENE_CENTRIC_REPRESENTATIVE,docs/audits/ubuntu_DE_2026-10-08/significant_protein_coding_degs.csv,c9bf672d38f877361b3132065884d3a02e3132bcbf9901656b9f2cb04fdf3130,0.1.0
03,gene,ENSMUSG00000002458,pass,RESOLVED_EXPLICIT_GENE_CENTRIC_REPRESENTATIVE,RESOLVED_EXPLICIT_GENE_CENTRIC_REPRESENTATIVE,docs/audits/ubuntu_DE_2026-10-08/significant_protein_coding_degs.csv,c9bf672d38f877361b3132065884d3a02e3132bcbf9901656b9f2cb04fdf3130,0.1.0
03,gene,ENSMUSG00000033966,pass,PASS_CURRENT_EXACT_XREF_DISPLAYED_SEQUENCE,PASS_CURRENT_EXACT_XREF_DISPLAYED_SEQUENCE,docs/audits/ubuntu_DE_2026-10-08/significant_protein_coding_degs.csv,c9bf672d38f877361b3132065884d3a02e3132bcbf9901656b9f2cb04fdf3130,0.1.0
03,gene,ENSMUSG00000001089,pass,RESOLVED_EXPLICIT_GENE_CENTRIC_REPRESENTATIVE,RESOLVED_EXPLICIT_GENE_CENTRIC_REPRESENTATIVE,docs/audits/ubuntu_DE_2026-10-08/significant_protein_coding_degs.csv,c9bf672d38f877361b3132065884d3a02e3132bcbf9901656b9f2cb04fdf3130,0.1.0
03,gene,ENSMUSG00000020422,pass,RESOLVED_EXPLICIT_GENE_CENTRIC_REPRESENTATIVE,RESOLVED_EXPLICIT_GENE_CENTRIC_REPRESENTATIVE,docs/audits/ubuntu_DE_2026-10-08/significant_protein_coding_degs.csv,c9bf672d38f877361b3132065884d3a02e3132bcbf9901656b9f2cb04fdf3130,0.1.0
03,gene,ENSMUSG00000031349,pass,PASS_CURRENT_EXACT_XREF_DISPLAYED_SEQUENCE,PASS_CURRENT_EXACT_XREF_DISPLAYED_SEQUENCE,docs/audits/ubuntu_DE_2026-10-08/significant_protein_coding_degs.csv,c9bf672d38f877361b3132065884d3a02e3132bcbf9901656b9f2cb04fdf3130,0.1.0
03,gene,ENSMUSG00000021846,held,REPRESENTATIVE_LACKS_ORIGINAL_EXACT_GENE_LINK,REPRESENTATIVE_LACKS_ORIGINAL_EXACT_GENE_LINK,docs/audits/ubuntu_DE_2026-10-08/significant_protein_coding_degs.csv,c9bf672d38f877361b3132065884d3a02e3132bcbf9901656b9f2cb04fdf3130,0.1.0
03,gene,ENSMUSG00000030310,pass,RESOLVED_EXPLICIT_GENE_CENTRIC_REPRESENTATIVE,RESOLVED_EXPLICIT_GENE_CENTRIC_REPRESENTATIVE,docs/audits/ubuntu_DE_2026-10-08/significant_protein_coding_degs.csv,c9bf672d38f877361b3132065884d3a02e3132bcbf9901656b9f2cb04fdf3130,0.1.0
03,gene,ENSMUSG00000037656,pass,RESOLVED_EXPLICIT_GENE_CENTRIC_REPRESENTATIVE,RESOLVED_EXPLICIT_GENE_CENTRIC_REPRESENTATIVE,docs/audits/ubuntu_DE_2026-10-08/significant_protein_coding_degs.csv,c9bf672d38f877361b3132065884d3a02e3132bcbf9901656b9f2cb04fdf3130,0.1.0
03,gene,ENSMUSG00000017897,pass,PASS_CURRENT_EXACT_XREF_DISPLAYED_SEQUENCE,PASS_CURRENT_EXACT_XREF_DISPLAYED_SEQUENCE,docs/audits/ubuntu_DE_2026-10-08/significant_protein_coding_degs.csv,c9bf672d38f877361b3132065884d3a02e3132bcbf9901656b9f2cb04fdf3130,0.1.0
03,gene,ENSMUSG00000032725,pass,RESOLVED_EXPLICIT_GENE_CENTRIC_REPRESENTATIVE,RESOLVED_EXPLICIT_GENE_CENTRIC_REPRESENTATIVE,docs/audits/ubuntu_DE_2026-10-08/significant_protein_coding_degs.csv,c9bf672d38f877361b3132065884d3a02e3132bcbf9901656b9f2cb04fdf3130,0.1.0
03,gene,ENSMUSG00000024799,pass,RESOLVED_EXPLICIT_GENE_CENTRIC_REPRESENTATIVE,RESOLVED_EXPLICIT_GENE_CENTRIC_REPRESENTATIVE,docs/audits/ubuntu_DE_2026-10-08/significant_protein_coding_degs.csv,c9bf672d38f877361b3132065884d3a02e3132bcbf9901656b9f2cb04fdf3130,0.1.0
03,gene,ENSMUSG00000045136,pass,PASS_CURRENT_EXACT_XREF_DISPLAYED_SEQUENCE,PASS_CURRENT_EXACT_XREF_DISPLAYED_SEQUENCE,docs/audits/ubuntu_DE_2026-10-08/significant_protein_coding_degs.csv,c9bf672d38f877361b3132065884d3a02e3132bcbf9901656b9f2cb04fdf3130,0.1.0
03,gene,ENSMUSG00000066441,pass,RESOLVED_EXPLICIT_GENE_CENTRIC_REPRESENTATIVE,RESOLVED_EXPLICIT_GENE_CENTRIC_REPRESENTATIVE,docs/audits/ubuntu_DE_2026-10-08/significant_protein_coding_degs.csv,c9bf672d38f877361b3132065884d3a02e3132bcbf9901656b9f2cb04fdf3130,0.1.0
03,gene,ENSMUSG00000036067,pass,RESOLVED_EXPLICIT_GENE_CENTRIC_REPRESENTATIVE,RESOLVED_EXPLICIT_GENE_CENTRIC_REPRESENTATIVE,docs/audits/ubuntu_DE_2026-10-08/significant_protein_coding_degs.csv,c9bf672d38f877361b3132065884d3a02e3132bcbf9901656b9f2cb04fdf3130,0.1.0
03,gene,ENSMUSG00000022529,pass,RESOLVED_EXPLICIT_GENE_CENTRIC_REPRESENTATIVE,RESOLVED_EXPLICIT_GENE_CENTRIC_REPRESENTATIVE,docs/audits/ubuntu_DE_2026-10-08/significant_protein_coding_degs.csv,c9bf672d38f877361b3132065884d3a02e3132bcbf9901656b9f2cb04fdf3130,0.1.0
03,gene,ENSMUSG00000053063,held,REPRESENTATIVE_LACKS_ORIGINAL_EXACT_GENE_LINK,REPRESENTATIVE_LACKS_ORIGINAL_EXACT_GENE_LINK,docs/audits/ubuntu_DE_2026-10-08/significant_protein_coding_degs.csv,c9bf672d38f877361b3132065884d3a02e3132bcbf9901656b9f2cb04fdf3130,0.1.0
03,gene,ENSMUSG00000046321,pass,PASS_CURRENT_EXACT_XREF_DISPLAYED_SEQUENCE,PASS_CURRENT_EXACT_XREF_DISPLAYED_SEQUENCE,docs/audits/ubuntu_DE_2026-10-08/significant_protein_coding_degs.csv,c9bf672d38f877361b3132065884d3a02e3132bcbf9901656b9f2cb04fdf3130,0.1.0
03,gene,ENSMUSG00000019278,pass,RESOLVED_EXPLICIT_GENE_CENTRIC_REPRESENTATIVE,RESOLVED_EXPLICIT_GENE_CENTRIC_REPRESENTATIVE,docs/audits/ubuntu_DE_2026-10-08/significant_protein_coding_degs.csv,c9bf672d38f877361b3132065884d3a02e3132bcbf9901656b9f2cb04fdf3130,0.1.0
03,gene,ENSMUSG00000032085,pass,RESOLVED_EXPLICIT_GENE_CENTRIC_REPRESENTATIVE,RESOLVED_EXPLICIT_GENE_CENTRIC_REPRESENTATIVE,docs/audits/ubuntu_DE_2026-10-08/significant_protein_coding_degs.csv,c9bf672d38f877361b3132065884d3a02e3132bcbf9901656b9f2cb04fdf3130,0.1.0
03,gene,ENSMUSG00000038007,pass,PASS_CURRENT_EXACT_XREF_DISPLAYED_SEQUENCE,PASS_CURRENT_EXACT_XREF_DISPLAYED_SEQUENCE,docs/audits/ubuntu_DE_2026-10-08/significant_protein_coding_degs.csv,c9bf672d38f877361b3132065884d3a02e3132bcbf9901656b9f2cb04fdf3130,0.1.0
03,gene,ENSMUSG00000037355,pass,RESOLVED_EXPLICIT_GENE_CENTRIC_REPRESENTATIVE,RESOLVED_EXPLICIT_GENE_CENTRIC_REPRESENTATIVE,docs/audits/ubuntu_DE_2026-10-08/significant_protein_coding_degs.csv,c9bf672d38f877361b3132065884d3a02e3132bcbf9901656b9f2cb04fdf3130,0.1.0
03,gene,ENSMUSG00000074629,held,NO_CURRENT_EXACT_ENSEMBL_XREF,NO_CURRENT_EXACT_ENSEMBL_XREF,docs/audits/ubuntu_DE_2026-10-08/significant_protein_coding_degs.csv,c9bf672d38f877361b3132065884d3a02e3132bcbf9901656b9f2cb04fdf3130,0.1.0
03,gene,ENSMUSG00000032702,pass,RESOLVED_EXPLICIT_GENE_CENTRIC_REPRESENTATIVE,RESOLVED_EXPLICIT_GENE_CENTRIC_REPRESENTATIVE,docs/audits/ubuntu_DE_2026-10-08/significant_protein_coding_degs.csv,c9bf672d38f877361b3132065884d3a02e3132bcbf9901656b9f2cb04fdf3130,0.1.0
03,gene,ENSMUSG00000031613,pass,PASS_CURRENT_EXACT_XREF_DISPLAYED_SEQUENCE,PASS_CURRENT_EXACT_XREF_DISPLAYED_SEQUENCE,docs/audits/ubuntu_DE_2026-10-08/significant_protein_coding_degs.csv,c9bf672d38f877361b3132065884d3a02e3132bcbf9901656b9f2cb04fdf3130,0.1.0
03,gene,ENSMUSG00000034842,held,REPRESENTATIVE_ONLY_NONCANONICAL_OR_UNRESOLVED_ISOFORM_XREF,REPRESENTATIVE_ONLY_NONCANONICAL_OR_UNRESOLVED_ISOFORM_XREF,docs/audits/ubuntu_DE_2026-10-08/significant_protein_coding_degs.csv,c9bf672d38f877361b3132065884d3a02e3132bcbf9901656b9f2cb04fdf3130,0.1.0
03,gene,ENSMUSG00000045246,pass,PASS_CURRENT_EXACT_XREF_DISPLAYED_SEQUENCE,PASS_CURRENT_EXACT_XREF_DISPLAYED_SEQUENCE,docs/audits/ubuntu_DE_2026-10-08/significant_protein_coding_degs.csv,c9bf672d38f877361b3132065884d3a02e3132bcbf9901656b9f2cb04fdf3130,0.1.0
03,gene,ENSMUSG00000021390,pass,PASS_CURRENT_EXACT_XREF_DISPLAYED_SEQUENCE,PASS_CURRENT_EXACT_XREF_DISPLAYED_SEQUENCE,docs/audits/ubuntu_DE_2026-10-08/significant_protein_coding_degs.csv,c9bf672d38f877361b3132065884d3a02e3132bcbf9901656b9f2cb04fdf3130,0.1.0
03,gene,ENSMUSG00000058620,pass,RESOLVED_EXPLICIT_GENE_CENTRIC_REPRESENTATIVE,RESOLVED_EXPLICIT_GENE_CENTRIC_REPRESENTATIVE,docs/audits/ubuntu_DE_2026-10-08/significant_protein_coding_degs.csv,c9bf672d38f877361b3132065884d3a02e3132bcbf9901656b9f2cb04fdf3130,0.1.0
03,gene,ENSMUSG00000024397,pass,RESOLVED_EXPLICIT_GENE_CENTRIC_REPRESENTATIVE,RESOLVED_EXPLICIT_GENE_CENTRIC_REPRESENTATIVE,docs/audits/ubuntu_DE_2026-10-08/significant_protein_coding_degs.csv,c9bf672d38f877361b3132065884d3a02e3132bcbf9901656b9f2cb04fdf3130,0.1.0
03,gene,ENSMUSG00000023832,pass,RESOLVED_EXPLICIT_GENE_CENTRIC_REPRESENTATIVE,RESOLVED_EXPLICIT_GENE_CENTRIC_REPRESENTATIVE,docs/audits/ubuntu_DE_2026-10-08/significant_protein_coding_degs.csv,c9bf672d38f877361b3132065884d3a02e3132bcbf9901656b9f2cb04fdf3130,0.1.0
03,gene,ENSMUSG00000030249,pass,RESOLVED_EXPLICIT_GENE_CENTRIC_REPRESENTATIVE,RESOLVED_EXPLICIT_GENE_CENTRIC_REPRESENTATIVE,docs/audits/ubuntu_DE_2026-10-08/significant_protein_coding_degs.csv,c9bf672d38f877361b3132065884d3a02e3132bcbf9901656b9f2cb04fdf3130,0.1.0
03,gene,ENSMUSG00000015340,pass,RESOLVED_EXPLICIT_GENE_CENTRIC_REPRESENTATIVE,RESOLVED_EXPLICIT_GENE_CENTRIC_REPRESENTATIVE,docs/audits/ubuntu_DE_2026-10-08/significant_protein_coding_degs.csv,c9bf672d38f877361b3132065884d3a02e3132bcbf9901656b9f2cb04fdf3130,0.1.0
03,gene,ENSMUSG00000036867,pass,RESOLVED_EXPLICIT_GENE_CENTRIC_REPRESENTATIVE,RESOLVED_EXPLICIT_GENE_CENTRIC_REPRESENTATIVE,docs/audits/ubuntu_DE_2026-10-08/significant_protein_coding_degs.csv,c9bf672d38f877361b3132065884d3a02e3132bcbf9901656b9f2cb04fdf3130,0.1.0
03,gene,ENSMUSG00000031604,pass,RESOLVED_EXPLICIT_GENE_CENTRIC_REPRESENTATIVE,RESOLVED_EXPLICIT_GENE_CENTRIC_REPRESENTATIVE,docs/audits/ubuntu_DE_2026-10-08/significant_protein_coding_degs.csv,c9bf672d38f877361b3132065884d3a02e3132bcbf9901656b9f2cb04fdf3130,0.1.0
03,gene,ENSMUSG00000070576,pass,PASS_CURRENT_EXACT_XREF_DISPLAYED_SEQUENCE,PASS_CURRENT_EXACT_XREF_DISPLAYED_SEQUENCE,docs/audits/ubuntu_DE_2026-10-08/significant_protein_coding_degs.csv,c9bf672d38f877361b3132065884d3a02e3132bcbf9901656b9f2cb04fdf3130,0.1.0
03,gene,ENSMUSG00000005950,pass,RESOLVED_EXPLICIT_GENE_CENTRIC_REPRESENTATIVE,RESOLVED_EXPLICIT_GENE_CENTRIC_REPRESENTATIVE,docs/audits/ubuntu_DE_2026-10-08/significant_protein_coding_degs.csv,c9bf672d38f877361b3132065884d3a02e3132bcbf9901656b9f2cb04fdf3130,0.1.0
03,gene,ENSMUSG00000033985,pass,RESOLVED_EXPLICIT_GENE_CENTRIC_REPRESENTATIVE,RESOLVED_EXPLICIT_GENE_CENTRIC_REPRESENTATIVE,docs/audits/ubuntu_DE_2026-10-08/significant_protein_coding_degs.csv,c9bf672d38f877361b3132065884d3a02e3132bcbf9901656b9f2cb04fdf3130,0.1.0
03,gene,ENSMUSG00000020374,pass,RESOLVED_EXPLICIT_GENE_CENTRIC_REPRESENTATIVE,RESOLVED_EXPLICIT_GENE_CENTRIC_REPRESENTATIVE,docs/audits/ubuntu_DE_2026-10-08/significant_protein_coding_degs.csv,c9bf672d38f877361b3132065884d3a02e3132bcbf9901656b9f2cb04fdf3130,0.1.0
03,gene,ENSMUSG00000029675,pass,RESOLVED_EXPLICIT_GENE_CENTRIC_REPRESENTATIVE,RESOLVED_EXPLICIT_GENE_CENTRIC_REPRESENTATIVE,docs/audits/ubuntu_DE_2026-10-08/significant_protein_coding_degs.csv,c9bf672d38f877361b3132065884d3a02e3132bcbf9901656b9f2cb04fdf3130,0.1.0
03,gene,ENSMUSG00000025912,held,REPRESENTATIVE_LACKS_ORIGINAL_EXACT_GENE_LINK,REPRESENTATIVE_LACKS_ORIGINAL_EXACT_GENE_LINK,docs/audits/ubuntu_DE_2026-10-08/significant_protein_coding_degs.csv,c9bf672d38f877361b3132065884d3a02e3132bcbf9901656b9f2cb04fdf3130,0.1.0
03,gene,ENSMUSG00000036545,pass,RESOLVED_EXPLICIT_GENE_CENTRIC_REPRESENTATIVE,RESOLVED_EXPLICIT_GENE_CENTRIC_REPRESENTATIVE,docs/audits/ubuntu_DE_2026-10-08/significant_protein_coding_degs.csv,c9bf672d38f877361b3132065884d3a02e3132bcbf9901656b9f2cb04fdf3130,0.1.0
03,gene,ENSMUSG00000001467,pass,PASS_CURRENT_EXACT_XREF_DISPLAYED_SEQUENCE,PASS_CURRENT_EXACT_XREF_DISPLAYED_SEQUENCE,docs/audits/ubuntu_DE_2026-10-08/significant_protein_coding_degs.csv,c9bf672d38f877361b3132065884d3a02e3132bcbf9901656b9f2cb04fdf3130,0.1.0
03,gene,ENSMUSG00000022351,pass,RESOLVED_EXPLICIT_GENE_CENTRIC_REPRESENTATIVE,RESOLVED_EXPLICIT_GENE_CENTRIC_REPRESENTATIVE,docs/audits/ubuntu_DE_2026-10-08/significant_protein_coding_degs.csv,c9bf672d38f877361b3132065884d3a02e3132bcbf9901656b9f2cb04fdf3130,0.1.0
03,gene,ENSMUSG00000020897,pass,PASS_CURRENT_EXACT_XREF_DISPLAYED_SEQUENCE,PASS_CURRENT_EXACT_XREF_DISPLAYED_SEQUENCE,docs/audits/ubuntu_DE_2026-10-08/significant_protein_coding_degs.csv,c9bf672d38f877361b3132065884d3a02e3132bcbf9901656b9f2cb04fdf3130,0.1.0
03,gene,ENSMUSG00000030905,pass,PASS_CURRENT_EXACT_XREF_DISPLAYED_SEQUENCE,PASS_CURRENT_EXACT_XREF_DISPLAYED_SEQUENCE,docs/audits/ubuntu_DE_2026-10-08/significant_protein_coding_degs.csv,c9bf672d38f877361b3132065884d3a02e3132bcbf9901656b9f2cb04fdf3130,0.1.0
03,gene,ENSMUSG00000034457,pass,PASS_CURRENT_EXACT_XREF_DISPLAYED_SEQUENCE,PASS_CURRENT_EXACT_XREF_DISPLAYED_SEQUENCE,docs/audits/ubuntu_DE_2026-10-08/significant_protein_coding_degs.csv,c9bf672d38f877361b3132065884d3a02e3132bcbf9901656b9f2cb04fdf3130,0.1.0
03,gene,ENSMUSG00000043873,pass,RESOLVED_EXPLICIT_GENE_CENTRIC_REPRESENTATIVE,RESOLVED_EXPLICIT_GENE_CENTRIC_REPRESENTATIVE,docs/audits/ubuntu_DE_2026-10-08/significant_protein_coding_degs.csv,c9bf672d38f877361b3132065884d3a02e3132bcbf9901656b9f2cb04fdf3130,0.1.0
03,gene,ENSMUSG00000000056,pass,PASS_CURRENT_EXACT_XREF_DISPLAYED_SEQUENCE,PASS_CURRENT_EXACT_XREF_DISPLAYED_SEQUENCE,docs/audits/ubuntu_DE_2026-10-08/significant_protein_coding_degs.csv,c9bf672d38f877361b3132065884d3a02e3132bcbf9901656b9f2cb04fdf3130,0.1.0
03,gene,ENSMUSG00000011257,pass,RESOLVED_EXPLICIT_GENE_CENTRIC_REPRESENTATIVE,RESOLVED_EXPLICIT_GENE_CENTRIC_REPRESENTATIVE,docs/audits/ubuntu_DE_2026-10-08/significant_protein_coding_degs.csv,c9bf672d38f877361b3132065884d3a02e3132bcbf9901656b9f2cb04fdf3130,0.1.0
03,gene,ENSMUSG00000016024,pass,RESOLVED_EXPLICIT_GENE_CENTRIC_REPRESENTATIVE,RESOLVED_EXPLICIT_GENE_CENTRIC_REPRESENTATIVE,docs/audits/ubuntu_DE_2026-10-08/significant_protein_coding_degs.csv,c9bf672d38f877361b3132065884d3a02e3132bcbf9901656b9f2cb04fdf3130,0.1.0
03,gene,ENSMUSG00000037537,unassessable,FRAGMENT_SEQUENCE,FRAGMENT_SEQUENCE,docs/audits/ubuntu_DE_2026-10-08/significant_protein_coding_degs.csv,c9bf672d38f877361b3132065884d3a02e3132bcbf9901656b9f2cb04fdf3130,0.1.0
03,gene,ENSMUSG00000029231,pass,RESOLVED_EXPLICIT_GENE_CENTRIC_REPRESENTATIVE,RESOLVED_EXPLICIT_GENE_CENTRIC_REPRESENTATIVE,docs/audits/ubuntu_DE_2026-10-08/significant_protein_coding_degs.csv,c9bf672d38f877361b3132065884d3a02e3132bcbf9901656b9f2cb04fdf3130,0.1.0
03,gene,ENSMUSG00000053279,pass,RESOLVED_EXPLICIT_GENE_CENTRIC_REPRESENTATIVE,RESOLVED_EXPLICIT_GENE_CENTRIC_REPRESENTATIVE,docs/audits/ubuntu_DE_2026-10-08/significant_protein_coding_degs.csv,c9bf672d38f877361b3132065884d3a02e3132bcbf9901656b9f2cb04fdf3130,0.1.0
03,gene,ENSMUSG00000038042,pass,RESOLVED_EXPLICIT_GENE_CENTRIC_REPRESENTATIVE,RESOLVED_EXPLICIT_GENE_CENTRIC_REPRESENTATIVE,docs/audits/ubuntu_DE_2026-10-08/significant_protein_coding_degs.csv,c9bf672d38f877361b3132065884d3a02e3132bcbf9901656b9f2cb04fdf3130,0.1.0
03,gene,ENSMUSG00000023267,pass,RESOLVED_EXPLICIT_GENE_CENTRIC_REPRESENTATIVE,RESOLVED_EXPLICIT_GENE_CENTRIC_REPRESENTATIVE,docs/audits/ubuntu_DE_2026-10-08/significant_protein_coding_degs.csv,c9bf672d38f877361b3132065884d3a02e3132bcbf9901656b9f2cb04fdf3130,0.1.0
03,gene,ENSMUSG00000035649,pass,RESOLVED_EXPLICIT_GENE_CENTRIC_REPRESENTATIVE,RESOLVED_EXPLICIT_GENE_CENTRIC_REPRESENTATIVE,docs/audits/ubuntu_DE_2026-10-08/significant_protein_coding_degs.csv,c9bf672d38f877361b3132065884d3a02e3132bcbf9901656b9f2cb04fdf3130,0.1.0
03,gene,ENSMUSG00000030946,pass,RESOLVED_EXPLICIT_GENE_CENTRIC_REPRESENTATIVE,RESOLVED_EXPLICIT_GENE_CENTRIC_REPRESENTATIVE,docs/audits/ubuntu_DE_2026-10-08/significant_protein_coding_degs.csv,c9bf672d38f877361b3132065884d3a02e3132bcbf9901656b9f2cb04fdf3130,0.1.0
03,gene,ENSMUSG00000040084,pass,PASS_CURRENT_EXACT_XREF_DISPLAYED_SEQUENCE,PASS_CURRENT_EXACT_XREF_DISPLAYED_SEQUENCE,docs/audits/ubuntu_DE_2026-10-08/significant_protein_coding_degs.csv,c9bf672d38f877361b3132065884d3a02e3132bcbf9901656b9f2cb04fdf3130,0.1.0
03,gene,ENSMUSG00000025025,pass,RESOLVED_EXPLICIT_GENE_CENTRIC_REPRESENTATIVE,RESOLVED_EXPLICIT_GENE_CENTRIC_REPRESENTATIVE,docs/audits/ubuntu_DE_2026-10-08/significant_protein_coding_degs.csv,c9bf672d38f877361b3132065884d3a02e3132bcbf9901656b9f2cb04fdf3130,0.1.0
03,gene,ENSMUSG00000025161,pass,RESOLVED_EXPLICIT_GENE_CENTRIC_REPRESENTATIVE,RESOLVED_EXPLICIT_GENE_CENTRIC_REPRESENTATIVE,docs/audits/ubuntu_DE_2026-10-08/significant_protein_coding_degs.csv,c9bf672d38f877361b3132065884d3a02e3132bcbf9901656b9f2cb04fdf3130,0.1.0
03,gene,ENSMUSG00000000632,pass,RESOLVED_EXPLICIT_GENE_CENTRIC_REPRESENTATIVE,RESOLVED_EXPLICIT_GENE_CENTRIC_REPRESENTATIVE,docs/audits/ubuntu_DE_2026-10-08/significant_protein_coding_degs.csv,c9bf672d38f877361b3132065884d3a02e3132bcbf9901656b9f2cb04fdf3130,0.1.0
03,gene,ENSMUSG00000005233,pass,RESOLVED_EXPLICIT_GENE_CENTRIC_REPRESENTATIVE,RESOLVED_EXPLICIT_GENE_CENTRIC_REPRESENTATIVE,docs/audits/ubuntu_DE_2026-10-08/significant_protein_coding_degs.csv,c9bf672d38f877361b3132065884d3a02e3132bcbf9901656b9f2cb04fdf3130,0.1.0
03,gene,ENSMUSG00000028152,pass,RESOLVED_EXPLICIT_GENE_CENTRIC_REPRESENTATIVE,RESOLVED_EXPLICIT_GENE_CENTRIC_REPRESENTATIVE,docs/audits/ubuntu_DE_2026-10-08/significant_protein_coding_degs.csv,c9bf672d38f877361b3132065884d3a02e3132bcbf9901656b9f2cb04fdf3130,0.1.0
03,gene,ENSMUSG00000050623,pass,RESOLVED_EXPLICIT_GENE_CENTRIC_REPRESENTATIVE,RESOLVED_EXPLICIT_GENE_CENTRIC_REPRESENTATIVE,docs/audits/ubuntu_DE_2026-10-08/significant_protein_coding_degs.csv,c9bf672d38f877361b3132065884d3a02e3132bcbf9901656b9f2cb04fdf3130,0.1.0
03,gene,ENSMUSG00000061702,pass,RESOLVED_EXPLICIT_GENE_CENTRIC_REPRESENTATIVE,RESOLVED_EXPLICIT_GENE_CENTRIC_REPRESENTATIVE,docs/audits/ubuntu_DE_2026-10-08/significant_protein_coding_degs.csv,c9bf672d38f877361b3132065884d3a02e3132bcbf9901656b9f2cb04fdf3130,0.1.0
03,gene,ENSMUSG00000020553,pass,PASS_CURRENT_EXACT_XREF_DISPLAYED_SEQUENCE,PASS_CURRENT_EXACT_XREF_DISPLAYED_SEQUENCE,docs/audits/ubuntu_DE_2026-10-08/significant_protein_coding_degs.csv,c9bf672d38f877361b3132065884d3a02e3132bcbf9901656b9f2cb04fdf3130,0.1.0
03,gene,ENSMUSG00000022209,pass,PASS_CURRENT_EXACT_XREF_DISPLAYED_SEQUENCE,PASS_CURRENT_EXACT_XREF_DISPLAYED_SEQUENCE,docs/audits/ubuntu_DE_2026-10-08/significant_protein_coding_degs.csv,c9bf672d38f877361b3132065884d3a02e3132bcbf9901656b9f2cb04fdf3130,0.1.0
03,gene,ENSMUSG00000028248,pass,RESOLVED_EXPLICIT_GENE_CENTRIC_REPRESENTATIVE,RESOLVED_EXPLICIT_GENE_CENTRIC_REPRESENTATIVE,docs/audits/ubuntu_DE_2026-10-08/significant_protein_coding_degs.csv,c9bf672d38f877361b3132065884d3a02e3132bcbf9901656b9f2cb04fdf3130,0.1.0
03,gene,ENSMUSG00000070873,pass,PASS_CURRENT_EXACT_XREF_DISPLAYED_SEQUENCE,PASS_CURRENT_EXACT_XREF_DISPLAYED_SEQUENCE,docs/audits/ubuntu_DE_2026-10-08/significant_protein_coding_degs.csv,c9bf672d38f877361b3132065884d3a02e3132bcbf9901656b9f2cb04fdf3130,0.1.0
03,gene,ENSMUSG00000034227,pass,PASS_CURRENT_EXACT_XREF_DISPLAYED_SEQUENCE,PASS_CURRENT_EXACT_XREF_DISPLAYED_SEQUENCE,docs/audits/ubuntu_DE_2026-10-08/significant_protein_coding_degs.csv,c9bf672d38f877361b3132065884d3a02e3132bcbf9901656b9f2cb04fdf3130,0.1.0
03,gene,ENSMUSG00000022537,pass,RESOLVED_EXPLICIT_GENE_CENTRIC_REPRESENTATIVE,RESOLVED_EXPLICIT_GENE_CENTRIC_REPRESENTATIVE,docs/audits/ubuntu_DE_2026-10-08/significant_protein_coding_degs.csv,c9bf672d38f877361b3132065884d3a02e3132bcbf9901656b9f2cb04fdf3130,0.1.0
03,gene,ENSMUSG00000033960,pass,PASS_CURRENT_EXACT_XREF_DISPLAYED_SEQUENCE,PASS_CURRENT_EXACT_XREF_DISPLAYED_SEQUENCE,docs/audits/ubuntu_DE_2026-10-08/significant_protein_coding_degs.csv,c9bf672d38f877361b3132065884d3a02e3132bcbf9901656b9f2cb04fdf3130,0.1.0
03,gene,ENSMUSG00000021587,pass,RESOLVED_EXPLICIT_GENE_CENTRIC_REPRESENTATIVE,RESOLVED_EXPLICIT_GENE_CENTRIC_REPRESENTATIVE,docs/audits/ubuntu_DE_2026-10-08/significant_protein_coding_degs.csv,c9bf672d38f877361b3132065884d3a02e3132bcbf9901656b9f2cb04fdf3130,0.1.0
03,gene,ENSMUSG00000032356,pass,RESOLVED_EXPLICIT_GENE_CENTRIC_REPRESENTATIVE,RESOLVED_EXPLICIT_GENE_CENTRIC_REPRESENTATIVE,docs/audits/ubuntu_DE_2026-10-08/significant_protein_coding_degs.csv,c9bf672d38f877361b3132065884d3a02e3132bcbf9901656b9f2cb04fdf3130,0.1.0
03,gene,ENSMUSG00000034107,pass,RESOLVED_EXPLICIT_GENE_CENTRIC_REPRESENTATIVE,RESOLVED_EXPLICIT_GENE_CENTRIC_REPRESENTATIVE,docs/audits/ubuntu_DE_2026-10-08/significant_protein_coding_degs.csv,c9bf672d38f877361b3132065884d3a02e3132bcbf9901656b9f2cb04fdf3130,0.1.0
03,gene,ENSMUSG00000000682,pass,PASS_CURRENT_EXACT_XREF_DISPLAYED_SEQUENCE,PASS_CURRENT_EXACT_XREF_DISPLAYED_SEQUENCE,docs/audits/ubuntu_DE_2026-10-08/significant_protein_coding_degs.csv,c9bf672d38f877361b3132065884d3a02e3132bcbf9901656b9f2cb04fdf3130,0.1.0
03,gene,ENSMUSG00000001349,pass,RESOLVED_EXPLICIT_GENE_CENTRIC_REPRESENTATIVE,RESOLVED_EXPLICIT_GENE_CENTRIC_REPRESENTATIVE,docs/audits/ubuntu_DE_2026-10-08/significant_protein_coding_degs.csv,c9bf672d38f877361b3132065884d3a02e3132bcbf9901656b9f2cb04fdf3130,0.1.0
03,gene,ENSMUSG00000032531,pass,RESOLVED_EXPLICIT_GENE_CENTRIC_REPRESENTATIVE,RESOLVED_EXPLICIT_GENE_CENTRIC_REPRESENTATIVE,docs/audits/ubuntu_DE_2026-10-08/significant_protein_coding_degs.csv,c9bf672d38f877361b3132065884d3a02e3132bcbf9901656b9f2cb04fdf3130,0.1.0
03,gene,ENSMUSG00000025950,pass,RESOLVED_EXPLICIT_GENE_CENTRIC_REPRESENTATIVE,RESOLVED_EXPLICIT_GENE_CENTRIC_REPRESENTATIVE,docs/audits/ubuntu_DE_2026-10-08/significant_protein_coding_degs.csv,c9bf672d38f877361b3132065884d3a02e3132bcbf9901656b9f2cb04fdf3130,0.1.0
03,gene,ENSMUSG00000048988,pass,PASS_CURRENT_EXACT_XREF_DISPLAYED_SEQUENCE,PASS_CURRENT_EXACT_XREF_DISPLAYED_SEQUENCE,docs/audits/ubuntu_DE_2026-10-08/significant_protein_coding_degs.csv,c9bf672d38f877361b3132065884d3a02e3132bcbf9901656b9f2cb04fdf3130,0.1.0
03,gene,ENSMUSG00000078439,pass,RESOLVED_EXPLICIT_GENE_CENTRIC_REPRESENTATIVE,RESOLVED_EXPLICIT_GENE_CENTRIC_REPRESENTATIVE,docs/audits/ubuntu_DE_2026-10-08/significant_protein_coding_degs.csv,c9bf672d38f877361b3132065884d3a02e3132bcbf9901656b9f2cb04fdf3130,0.1.0
03,gene,ENSMUSG00000033863,pass,PASS_CURRENT_EXACT_XREF_DISPLAYED_SEQUENCE,PASS_CURRENT_EXACT_XREF_DISPLAYED_SEQUENCE,docs/audits/ubuntu_DE_2026-10-08/significant_protein_coding_degs.csv,c9bf672d38f877361b3132065884d3a02e3132bcbf9901656b9f2cb04fdf3130,0.1.0
03,gene,ENSMUSG00000030609,pass,RESOLVED_EXPLICIT_GENE_CENTRIC_REPRESENTATIVE,RESOLVED_EXPLICIT_GENE_CENTRIC_REPRESENTATIVE,docs/audits/ubuntu_DE_2026-10-08/significant_protein_coding_degs.csv,c9bf672d38f877361b3132065884d3a02e3132bcbf9901656b9f2cb04fdf3130,0.1.0
03,gene,ENSMUSG00000074264,pass,RESOLVED_EXPLICIT_GENE_CENTRIC_REPRESENTATIVE,RESOLVED_EXPLICIT_GENE_CENTRIC_REPRESENTATIVE,docs/audits/ubuntu_DE_2026-10-08/significant_protein_coding_degs.csv,c9bf672d38f877361b3132065884d3a02e3132bcbf9901656b9f2cb04fdf3130,0.1.0
03,gene,ENSMUSG00000031610,pass,PASS_CURRENT_EXACT_XREF_DISPLAYED_SEQUENCE,PASS_CURRENT_EXACT_XREF_DISPLAYED_SEQUENCE,docs/audits/ubuntu_DE_2026-10-08/significant_protein_coding_degs.csv,c9bf672d38f877361b3132065884d3a02e3132bcbf9901656b9f2cb04fdf3130,0.1.0
03,gene,ENSMUSG00000001240,pass,RESOLVED_EXPLICIT_GENE_CENTRIC_REPRESENTATIVE,RESOLVED_EXPLICIT_GENE_CENTRIC_REPRESENTATIVE,docs/audits/ubuntu_DE_2026-10-08/significant_protein_coding_degs.csv,c9bf672d38f877361b3132065884d3a02e3132bcbf9901656b9f2cb04fdf3130,0.1.0
03,gene,ENSMUSG00000021951,pass,RESOLVED_EXPLICIT_GENE_CENTRIC_REPRESENTATIVE,RESOLVED_EXPLICIT_GENE_CENTRIC_REPRESENTATIVE,docs/audits/ubuntu_DE_2026-10-08/significant_protein_coding_degs.csv,c9bf672d38f877361b3132065884d3a02e3132bcbf9901656b9f2cb04fdf3130,0.1.0
03,gene,ENSMUSG00000022548,pass,PASS_CURRENT_EXACT_XREF_DISPLAYED_SEQUENCE,PASS_CURRENT_EXACT_XREF_DISPLAYED_SEQUENCE,docs/audits/ubuntu_DE_2026-10-08/significant_protein_coding_degs.csv,c9bf672d38f877361b3132065884d3a02e3132bcbf9901656b9f2cb04fdf3130,0.1.0
03,gene,ENSMUSG00000054641,held,REPRESENTATIVE_LACKS_ORIGINAL_EXACT_GENE_LINK,REPRESENTATIVE_LACKS_ORIGINAL_EXACT_GENE_LINK,docs/audits/ubuntu_DE_2026-10-08/significant_protein_coding_degs.csv,c9bf672d38f877361b3132065884d3a02e3132bcbf9901656b9f2cb04fdf3130,0.1.0
03,gene,ENSMUSG00000033595,pass,RESOLVED_EXPLICIT_GENE_CENTRIC_REPRESENTATIVE,RESOLVED_EXPLICIT_GENE_CENTRIC_REPRESENTATIVE,docs/audits/ubuntu_DE_2026-10-08/significant_protein_coding_degs.csv,c9bf672d38f877361b3132065884d3a02e3132bcbf9901656b9f2cb04fdf3130,0.1.0
03,gene,ENSMUSG00000006398,pass,RESOLVED_EXPLICIT_GENE_CENTRIC_REPRESENTATIVE,RESOLVED_EXPLICIT_GENE_CENTRIC_REPRESENTATIVE,docs/audits/ubuntu_DE_2026-10-08/significant_protein_coding_degs.csv,c9bf672d38f877361b3132065884d3a02e3132bcbf9901656b9f2cb04fdf3130,0.1.0
03,gene,ENSMUSG00000043631,pass,PASS_CURRENT_EXACT_XREF_DISPLAYED_SEQUENCE,PASS_CURRENT_EXACT_XREF_DISPLAYED_SEQUENCE,docs/audits/ubuntu_DE_2026-10-08/significant_protein_coding_degs.csv,c9bf672d38f877361b3132065884d3a02e3132bcbf9901656b9f2cb04fdf3130,0.1.0
03,gene,ENSMUSG00000015354,pass,PASS_CURRENT_EXACT_XREF_DISPLAYED_SEQUENCE,PASS_CURRENT_EXACT_XREF_DISPLAYED_SEQUENCE,docs/audits/ubuntu_DE_2026-10-08/significant_protein_coding_degs.csv,c9bf672d38f877361b3132065884d3a02e3132bcbf9901656b9f2cb04fdf3130,0.1.0
03,gene,ENSMUSG00000024039,pass,RESOLVED_EXPLICIT_GENE_CENTRIC_REPRESENTATIVE,RESOLVED_EXPLICIT_GENE_CENTRIC_REPRESENTATIVE,docs/audits/ubuntu_DE_2026-10-08/significant_protein_coding_degs.csv,c9bf672d38f877361b3132065884d3a02e3132bcbf9901656b9f2cb04fdf3130,0.1.0
03,gene,ENSMUSG00000026202,pass,RESOLVED_EXPLICIT_GENE_CENTRIC_REPRESENTATIVE,RESOLVED_EXPLICIT_GENE_CENTRIC_REPRESENTATIVE,docs/audits/ubuntu_DE_2026-10-08/significant_protein_coding_degs.csv,c9bf672d38f877361b3132065884d3a02e3132bcbf9901656b9f2cb04fdf3130,0.1.0
03,gene,ENSMUSG00000030317,pass,RESOLVED_EXPLICIT_GENE_CENTRIC_REPRESENTATIVE,RESOLVED_EXPLICIT_GENE_CENTRIC_REPRESENTATIVE,docs/audits/ubuntu_DE_2026-10-08/significant_protein_coding_degs.csv,c9bf672d38f877361b3132065884d3a02e3132bcbf9901656b9f2cb04fdf3130,0.1.0
03,gene,ENSMUSG00000039114,pass,RESOLVED_EXPLICIT_GENE_CENTRIC_REPRESENTATIVE,RESOLVED_EXPLICIT_GENE_CENTRIC_REPRESENTATIVE,docs/audits/ubuntu_DE_2026-10-08/significant_protein_coding_degs.csv,c9bf672d38f877361b3132065884d3a02e3132bcbf9901656b9f2cb04fdf3130,0.1.0
03,gene,ENSMUSG00000042524,pass,RESOLVED_EXPLICIT_GENE_CENTRIC_REPRESENTATIVE,RESOLVED_EXPLICIT_GENE_CENTRIC_REPRESENTATIVE,docs/audits/ubuntu_DE_2026-10-08/significant_protein_coding_degs.csv,c9bf672d38f877361b3132065884d3a02e3132bcbf9901656b9f2cb04fdf3130,0.1.0
03,gene,ENSMUSG00000004127,held,REPRESENTATIVE_LACKS_ORIGINAL_EXACT_GENE_LINK,REPRESENTATIVE_LACKS_ORIGINAL_EXACT_GENE_LINK,docs/audits/ubuntu_DE_2026-10-08/significant_protein_coding_degs.csv,c9bf672d38f877361b3132065884d3a02e3132bcbf9901656b9f2cb04fdf3130,0.1.0
03,gene,ENSMUSG00000020914,pass,PASS_CURRENT_EXACT_XREF_DISPLAYED_SEQUENCE,PASS_CURRENT_EXACT_XREF_DISPLAYED_SEQUENCE,docs/audits/ubuntu_DE_2026-10-08/significant_protein_coding_degs.csv,c9bf672d38f877361b3132065884d3a02e3132bcbf9901656b9f2cb04fdf3130,0.1.0
03,gene,ENSMUSG00000094500,pass,PASS_CURRENT_EXACT_XREF_DISPLAYED_SEQUENCE,PASS_CURRENT_EXACT_XREF_DISPLAYED_SEQUENCE,docs/audits/ubuntu_DE_2026-10-08/significant_protein_coding_degs.csv,c9bf672d38f877361b3132065884d3a02e3132bcbf9901656b9f2cb04fdf3130,0.1.0
03,gene,ENSMUSG00000032299,pass,RESOLVED_EXPLICIT_GENE_CENTRIC_REPRESENTATIVE,RESOLVED_EXPLICIT_GENE_CENTRIC_REPRESENTATIVE,docs/audits/ubuntu_DE_2026-10-08/significant_protein_coding_degs.csv,c9bf672d38f877361b3132065884d3a02e3132bcbf9901656b9f2cb04fdf3130,0.1.0
03,gene,ENSMUSG00000055407,pass,RESOLVED_EXPLICIT_GENE_CENTRIC_REPRESENTATIVE,RESOLVED_EXPLICIT_GENE_CENTRIC_REPRESENTATIVE,docs/audits/ubuntu_DE_2026-10-08/significant_protein_coding_degs.csv,c9bf672d38f877361b3132065884d3a02e3132bcbf9901656b9f2cb04fdf3130,0.1.0
03,gene,ENSMUSG00000061132,pass,RESOLVED_EXPLICIT_GENE_CENTRIC_REPRESENTATIVE,RESOLVED_EXPLICIT_GENE_CENTRIC_REPRESENTATIVE,docs/audits/ubuntu_DE_2026-10-08/significant_protein_coding_degs.csv,c9bf672d38f877361b3132065884d3a02e3132bcbf9901656b9f2cb04fdf3130,0.1.0
03,gene,ENSMUSG00000079436,pass,RESOLVED_EXPLICIT_GENE_CENTRIC_REPRESENTATIVE,RESOLVED_EXPLICIT_GENE_CENTRIC_REPRESENTATIVE,docs/audits/ubuntu_DE_2026-10-08/significant_protein_coding_degs.csv,c9bf672d38f877361b3132065884d3a02e3132bcbf9901656b9f2cb04fdf3130,0.1.0
03,gene,ENSMUSG00000001156,held,REPRESENTATIVE_LACKS_ORIGINAL_EXACT_GENE_LINK,REPRESENTATIVE_LACKS_ORIGINAL_EXACT_GENE_LINK,docs/audits/ubuntu_DE_2026-10-08/significant_protein_coding_degs.csv,c9bf672d38f877361b3132065884d3a02e3132bcbf9901656b9f2cb04fdf3130,0.1.0
03,gene,ENSMUSG00000019961,pass,RESOLVED_EXPLICIT_GENE_CENTRIC_REPRESENTATIVE,RESOLVED_EXPLICIT_GENE_CENTRIC_REPRESENTATIVE,docs/audits/ubuntu_DE_2026-10-08/significant_protein_coding_degs.csv,c9bf672d38f877361b3132065884d3a02e3132bcbf9901656b9f2cb04fdf3130,0.1.0
03,gene,ENSMUSG00000038393,pass,PASS_CURRENT_EXACT_XREF_DISPLAYED_SEQUENCE,PASS_CURRENT_EXACT_XREF_DISPLAYED_SEQUENCE,docs/audits/ubuntu_DE_2026-10-08/significant_protein_coding_degs.csv,c9bf672d38f877361b3132065884d3a02e3132bcbf9901656b9f2cb04fdf3130,0.1.0
03,gene,ENSMUSG00000020838,pass,RESOLVED_EXPLICIT_GENE_CENTRIC_REPRESENTATIVE,RESOLVED_EXPLICIT_GENE_CENTRIC_REPRESENTATIVE,docs/audits/ubuntu_DE_2026-10-08/significant_protein_coding_degs.csv,c9bf672d38f877361b3132065884d3a02e3132bcbf9901656b9f2cb04fdf3130,0.1.0
03,gene,ENSMUSG00000026473,pass,RESOLVED_EXPLICIT_GENE_CENTRIC_REPRESENTATIVE,RESOLVED_EXPLICIT_GENE_CENTRIC_REPRESENTATIVE,docs/audits/ubuntu_DE_2026-10-08/significant_protein_coding_degs.csv,c9bf672d38f877361b3132065884d3a02e3132bcbf9901656b9f2cb04fdf3130,0.1.0
03,gene,ENSMUSG00000028865,pass,PASS_CURRENT_EXACT_XREF_DISPLAYED_SEQUENCE,PASS_CURRENT_EXACT_XREF_DISPLAYED_SEQUENCE,docs/audits/ubuntu_DE_2026-10-08/significant_protein_coding_degs.csv,c9bf672d38f877361b3132065884d3a02e3132bcbf9901656b9f2cb04fdf3130,0.1.0
03,gene,ENSMUSG00000013089,pass,RESOLVED_EXPLICIT_GENE_CENTRIC_REPRESENTATIVE,RESOLVED_EXPLICIT_GENE_CENTRIC_REPRESENTATIVE,docs/audits/ubuntu_DE_2026-10-08/significant_protein_coding_degs.csv,c9bf672d38f877361b3132065884d3a02e3132bcbf9901656b9f2cb04fdf3130,0.1.0
03,gene,ENSMUSG00000041220,pass,RESOLVED_EXPLICIT_GENE_CENTRIC_REPRESENTATIVE,RESOLVED_EXPLICIT_GENE_CENTRIC_REPRESENTATIVE,docs/audits/ubuntu_DE_2026-10-08/significant_protein_coding_degs.csv,c9bf672d38f877361b3132065884d3a02e3132bcbf9901656b9f2cb04fdf3130,0.1.0
03,gene,ENSMUSG00000038642,pass,RESOLVED_EXPLICIT_GENE_CENTRIC_REPRESENTATIVE,RESOLVED_EXPLICIT_GENE_CENTRIC_REPRESENTATIVE,docs/audits/ubuntu_DE_2026-10-08/significant_protein_coding_degs.csv,c9bf672d38f877361b3132065884d3a02e3132bcbf9901656b9f2cb04fdf3130,0.1.0
03,gene,ENSMUSG00000052957,pass,RESOLVED_EXPLICIT_GENE_CENTRIC_REPRESENTATIVE,RESOLVED_EXPLICIT_GENE_CENTRIC_REPRESENTATIVE,docs/audits/ubuntu_DE_2026-10-08/significant_protein_coding_degs.csv,c9bf672d38f877361b3132065884d3a02e3132bcbf9901656b9f2cb04fdf3130,0.1.0
03,gene,ENSMUSG00000026172,pass,PASS_CURRENT_EXACT_XREF_DISPLAYED_SEQUENCE,PASS_CURRENT_EXACT_XREF_DISPLAYED_SEQUENCE,docs/audits/ubuntu_DE_2026-10-08/significant_protein_coding_degs.csv,c9bf672d38f877361b3132065884d3a02e3132bcbf9901656b9f2cb04fdf3130,0.1.0
03,gene,ENSMUSG00000031960,pass,RESOLVED_EXPLICIT_GENE_CENTRIC_REPRESENTATIVE,RESOLVED_EXPLICIT_GENE_CENTRIC_REPRESENTATIVE,docs/audits/ubuntu_DE_2026-10-08/significant_protein_coding_degs.csv,c9bf672d38f877361b3132065884d3a02e3132bcbf9901656b9f2cb04fdf3130,0.1.0
03,gene,ENSMUSG00000035305,pass,PASS_CURRENT_EXACT_XREF_DISPLAYED_SEQUENCE,PASS_CURRENT_EXACT_XREF_DISPLAYED_SEQUENCE,docs/audits/ubuntu_DE_2026-10-08/significant_protein_coding_degs.csv,c9bf672d38f877361b3132065884d3a02e3132bcbf9901656b9f2cb04fdf3130,0.1.0
03,gene,ENSMUSG00000041120,pass,PASS_CURRENT_EXACT_XREF_DISPLAYED_SEQUENCE,PASS_CURRENT_EXACT_XREF_DISPLAYED_SEQUENCE,docs/audits/ubuntu_DE_2026-10-08/significant_protein_coding_degs.csv,c9bf672d38f877361b3132065884d3a02e3132bcbf9901656b9f2cb04fdf3130,0.1.0
03,gene,ENSMUSG00000017756,pass,RESOLVED_EXPLICIT_GENE_CENTRIC_REPRESENTATIVE,RESOLVED_EXPLICIT_GENE_CENTRIC_REPRESENTATIVE,docs/audits/ubuntu_DE_2026-10-08/significant_protein_coding_degs.csv,c9bf672d38f877361b3132065884d3a02e3132bcbf9901656b9f2cb04fdf3130,0.1.0
03,gene,ENSMUSG00000025980,pass,RESOLVED_EXPLICIT_GENE_CENTRIC_REPRESENTATIVE,RESOLVED_EXPLICIT_GENE_CENTRIC_REPRESENTATIVE,docs/audits/ubuntu_DE_2026-10-08/significant_protein_coding_degs.csv,c9bf672d38f877361b3132065884d3a02e3132bcbf9901656b9f2cb04fdf3130,0.1.0
03,gene,ENSMUSG00000033082,pass,RESOLVED_EXPLICIT_GENE_CENTRIC_REPRESENTATIVE,RESOLVED_EXPLICIT_GENE_CENTRIC_REPRESENTATIVE,docs/audits/ubuntu_DE_2026-10-08/significant_protein_coding_degs.csv,c9bf672d38f877361b3132065884d3a02e3132bcbf9901656b9f2cb04fdf3130,0.1.0
03,gene,ENSMUSG00000058135,pass,RESOLVED_EXPLICIT_GENE_CENTRIC_REPRESENTATIVE,RESOLVED_EXPLICIT_GENE_CENTRIC_REPRESENTATIVE,docs/audits/ubuntu_DE_2026-10-08/significant_protein_coding_degs.csv,c9bf672d38f877361b3132065884d3a02e3132bcbf9901656b9f2cb04fdf3130,0.1.0
03,gene,ENSMUSG00000024349,pass,RESOLVED_EXPLICIT_GENE_CENTRIC_REPRESENTATIVE,RESOLVED_EXPLICIT_GENE_CENTRIC_REPRESENTATIVE,docs/audits/ubuntu_DE_2026-10-08/significant_protein_coding_degs.csv,c9bf672d38f877361b3132065884d3a02e3132bcbf9901656b9f2cb04fdf3130,0.1.0
03,gene,ENSMUSG00000034006,pass,RESOLVED_EXPLICIT_GENE_CENTRIC_REPRESENTATIVE,RESOLVED_EXPLICIT_GENE_CENTRIC_REPRESENTATIVE,docs/audits/ubuntu_DE_2026-10-08/significant_protein_coding_degs.csv,c9bf672d38f877361b3132065884d3a02e3132bcbf9901656b9f2cb04fdf3130,0.1.0
03,gene,ENSMUSG00000079511,held,NO_CURRENT_EXACT_ENSEMBL_XREF,NO_CURRENT_EXACT_ENSEMBL_XREF,docs/audits/ubuntu_DE_2026-10-08/significant_protein_coding_degs.csv,c9bf672d38f877361b3132065884d3a02e3132bcbf9901656b9f2cb04fdf3130,0.1.0
03,gene,ENSMUSG00000044734,pass,RESOLVED_EXPLICIT_GENE_CENTRIC_REPRESENTATIVE,RESOLVED_EXPLICIT_GENE_CENTRIC_REPRESENTATIVE,docs/audits/ubuntu_DE_2026-10-08/significant_protein_coding_degs.csv,c9bf672d38f877361b3132065884d3a02e3132bcbf9901656b9f2cb04fdf3130,0.1.0
03,gene,ENSMUSG00000025151,pass,PASS_CURRENT_EXACT_XREF_DISPLAYED_SEQUENCE,PASS_CURRENT_EXACT_XREF_DISPLAYED_SEQUENCE,docs/audits/ubuntu_DE_2026-10-08/significant_protein_coding_degs.csv,c9bf672d38f877361b3132065884d3a02e3132bcbf9901656b9f2cb04fdf3130,0.1.0
03,gene,ENSMUSG00000001151,held,REPRESENTATIVE_LACKS_ORIGINAL_EXACT_GENE_LINK,REPRESENTATIVE_LACKS_ORIGINAL_EXACT_GENE_LINK,docs/audits/ubuntu_DE_2026-10-08/significant_protein_coding_degs.csv,c9bf672d38f877361b3132065884d3a02e3132bcbf9901656b9f2cb04fdf3130,0.1.0
03,gene,ENSMUSG00000027488,pass,RESOLVED_EXPLICIT_GENE_CENTRIC_REPRESENTATIVE,RESOLVED_EXPLICIT_GENE_CENTRIC_REPRESENTATIVE,docs/audits/ubuntu_DE_2026-10-08/significant_protein_coding_degs.csv,c9bf672d38f877361b3132065884d3a02e3132bcbf9901656b9f2cb04fdf3130,0.1.0
03,gene,ENSMUSG00000041920,pass,RESOLVED_EXPLICIT_GENE_CENTRIC_REPRESENTATIVE,RESOLVED_EXPLICIT_GENE_CENTRIC_REPRESENTATIVE,docs/audits/ubuntu_DE_2026-10-08/significant_protein_coding_degs.csv,c9bf672d38f877361b3132065884d3a02e3132bcbf9901656b9f2cb04fdf3130,0.1.0
03,gene,ENSMUSG00000093973,pass,PASS_CURRENT_EXACT_XREF_DISPLAYED_SEQUENCE,PASS_CURRENT_EXACT_XREF_DISPLAYED_SEQUENCE,docs/audits/ubuntu_DE_2026-10-08/significant_protein_coding_degs.csv,c9bf672d38f877361b3132065884d3a02e3132bcbf9901656b9f2cb04fdf3130,0.1.0
03,gene,ENSMUSG00000056812,pass,PASS_CURRENT_EXACT_XREF_DISPLAYED_SEQUENCE,PASS_CURRENT_EXACT_XREF_DISPLAYED_SEQUENCE,docs/audits/ubuntu_DE_2026-10-08/significant_protein_coding_degs.csv,c9bf672d38f877361b3132065884d3a02e3132bcbf9901656b9f2cb04fdf3130,0.1.0
03,gene,ENSMUSG00000018076,held,REPRESENTATIVE_LACKS_ORIGINAL_EXACT_GENE_LINK,REPRESENTATIVE_LACKS_ORIGINAL_EXACT_GENE_LINK,docs/audits/ubuntu_DE_2026-10-08/significant_protein_coding_degs.csv,c9bf672d38f877361b3132065884d3a02e3132bcbf9901656b9f2cb04fdf3130,0.1.0
03,gene,ENSMUSG00000026274,pass,RESOLVED_EXPLICIT_GENE_CENTRIC_REPRESENTATIVE,RESOLVED_EXPLICIT_GENE_CENTRIC_REPRESENTATIVE,docs/audits/ubuntu_DE_2026-10-08/significant_protein_coding_degs.csv,c9bf672d38f877361b3132065884d3a02e3132bcbf9901656b9f2cb04fdf3130,0.1.0
03,gene,ENSMUSG00000060923,pass,PASS_CURRENT_EXACT_XREF_DISPLAYED_SEQUENCE,PASS_CURRENT_EXACT_XREF_DISPLAYED_SEQUENCE,docs/audits/ubuntu_DE_2026-10-08/significant_protein_coding_degs.csv,c9bf672d38f877361b3132065884d3a02e3132bcbf9901656b9f2cb04fdf3130,0.1.0
03,gene,ENSMUSG00000040459,pass,RESOLVED_EXPLICIT_GENE_CENTRIC_REPRESENTATIVE,RESOLVED_EXPLICIT_GENE_CENTRIC_REPRESENTATIVE,docs/audits/ubuntu_DE_2026-10-08/significant_protein_coding_degs.csv,c9bf672d38f877361b3132065884d3a02e3132bcbf9901656b9f2cb04fdf3130,0.1.0
03,gene,ENSMUSG00000037313,held,REPRESENTATIVE_LACKS_ORIGINAL_EXACT_GENE_LINK,REPRESENTATIVE_LACKS_ORIGINAL_EXACT_GENE_LINK,docs/audits/ubuntu_DE_2026-10-08/significant_protein_coding_degs.csv,c9bf672d38f877361b3132065884d3a02e3132bcbf9901656b9f2cb04fdf3130,0.1.0
03,gene,ENSMUSG00000024299,pass,RESOLVED_EXPLICIT_GENE_CENTRIC_REPRESENTATIVE,RESOLVED_EXPLICIT_GENE_CENTRIC_REPRESENTATIVE,docs/audits/ubuntu_DE_2026-10-08/significant_protein_coding_degs.csv,c9bf672d38f877361b3132065884d3a02e3132bcbf9901656b9f2cb04fdf3130,0.1.0
03,gene,ENSMUSG00000018574,pass,RESOLVED_EXPLICIT_GENE_CENTRIC_REPRESENTATIVE,RESOLVED_EXPLICIT_GENE_CENTRIC_REPRESENTATIVE,docs/audits/ubuntu_DE_2026-10-08/significant_protein_coding_degs.csv,c9bf672d38f877361b3132065884d3a02e3132bcbf9901656b9f2cb04fdf3130,0.1.0
03,gene,ENSMUSG00000051790,pass,RESOLVED_EXPLICIT_GENE_CENTRIC_REPRESENTATIVE,RESOLVED_EXPLICIT_GENE_CENTRIC_REPRESENTATIVE,docs/audits/ubuntu_DE_2026-10-08/significant_protein_coding_degs.csv,c9bf672d38f877361b3132065884d3a02e3132bcbf9901656b9f2cb04fdf3130,0.1.0
03,gene,ENSMUSG00000067818,pass,PASS_CURRENT_EXACT_XREF_DISPLAYED_SEQUENCE,PASS_CURRENT_EXACT_XREF_DISPLAYED_SEQUENCE,docs/audits/ubuntu_DE_2026-10-08/significant_protein_coding_degs.csv,c9bf672d38f877361b3132065884d3a02e3132bcbf9901656b9f2cb04fdf3130,0.1.0
03,gene,ENSMUSG00000019929,pass,RESOLVED_EXPLICIT_GENE_CENTRIC_REPRESENTATIVE,RESOLVED_EXPLICIT_GENE_CENTRIC_REPRESENTATIVE,docs/audits/ubuntu_DE_2026-10-08/significant_protein_coding_degs.csv,c9bf672d38f877361b3132065884d3a02e3132bcbf9901656b9f2cb04fdf3130,0.1.0
03,gene,ENSMUSG00000026450,pass,PASS_CURRENT_EXACT_XREF_DISPLAYED_SEQUENCE,PASS_CURRENT_EXACT_XREF_DISPLAYED_SEQUENCE,docs/audits/ubuntu_DE_2026-10-08/significant_protein_coding_degs.csv,c9bf672d38f877361b3132065884d3a02e3132bcbf9901656b9f2cb04fdf3130,0.1.0
03,gene,ENSMUSG00000063594,pass,PASS_CURRENT_EXACT_XREF_DISPLAYED_SEQUENCE,PASS_CURRENT_EXACT_XREF_DISPLAYED_SEQUENCE,docs/audits/ubuntu_DE_2026-10-08/significant_protein_coding_degs.csv,c9bf672d38f877361b3132065884d3a02e3132bcbf9901656b9f2cb04fdf3130,0.1.0
03,gene,ENSMUSG00000066894,pass,RESOLVED_EXPLICIT_GENE_CENTRIC_REPRESENTATIVE,RESOLVED_EXPLICIT_GENE_CENTRIC_REPRESENTATIVE,docs/audits/ubuntu_DE_2026-10-08/significant_protein_coding_degs.csv,c9bf672d38f877361b3132065884d3a02e3132bcbf9901656b9f2cb04fdf3130,0.1.0
03,gene,ENSMUSG00000018102,pass,PASS_CURRENT_EXACT_XREF_DISPLAYED_SEQUENCE,PASS_CURRENT_EXACT_XREF_DISPLAYED_SEQUENCE,docs/audits/ubuntu_DE_2026-10-08/significant_protein_coding_degs.csv,c9bf672d38f877361b3132065884d3a02e3132bcbf9901656b9f2cb04fdf3130,0.1.0
03,gene,ENSMUSG00000071176,pass,RESOLVED_EXPLICIT_GENE_CENTRIC_REPRESENTATIVE,RESOLVED_EXPLICIT_GENE_CENTRIC_REPRESENTATIVE,docs/audits/ubuntu_DE_2026-10-08/significant_protein_coding_degs.csv,c9bf672d38f877361b3132065884d3a02e3132bcbf9901656b9f2cb04fdf3130,0.1.0
03,gene,ENSMUSG00000024810,pass,RESOLVED_EXPLICIT_GENE_CENTRIC_REPRESENTATIVE,RESOLVED_EXPLICIT_GENE_CENTRIC_REPRESENTATIVE,docs/audits/ubuntu_DE_2026-10-08/significant_protein_coding_degs.csv,c9bf672d38f877361b3132065884d3a02e3132bcbf9901656b9f2cb04fdf3130,0.1.0
03,gene,ENSMUSG00000029189,pass,PASS_CURRENT_EXACT_XREF_DISPLAYED_SEQUENCE,PASS_CURRENT_EXACT_XREF_DISPLAYED_SEQUENCE,docs/audits/ubuntu_DE_2026-10-08/significant_protein_coding_degs.csv,c9bf672d38f877361b3132065884d3a02e3132bcbf9901656b9f2cb04fdf3130,0.1.0
03,gene,ENSMUSG00000004328,pass,RESOLVED_EXPLICIT_GENE_CENTRIC_REPRESENTATIVE,RESOLVED_EXPLICIT_GENE_CENTRIC_REPRESENTATIVE,docs/audits/ubuntu_DE_2026-10-08/significant_protein_coding_degs.csv,c9bf672d38f877361b3132065884d3a02e3132bcbf9901656b9f2cb04fdf3130,0.1.0
03,gene,ENSMUSG00000038252,held,REPRESENTATIVE_LACKS_ORIGINAL_EXACT_GENE_LINK,REPRESENTATIVE_LACKS_ORIGINAL_EXACT_GENE_LINK,docs/audits/ubuntu_DE_2026-10-08/significant_protein_coding_degs.csv,c9bf672d38f877361b3132065884d3a02e3132bcbf9901656b9f2cb04fdf3130,0.1.0
03,gene,ENSMUSG00000021365,pass,RESOLVED_EXPLICIT_GENE_CENTRIC_REPRESENTATIVE,RESOLVED_EXPLICIT_GENE_CENTRIC_REPRESENTATIVE,docs/audits/ubuntu_DE_2026-10-08/significant_protein_coding_degs.csv,c9bf672d38f877361b3132065884d3a02e3132bcbf9901656b9f2cb04fdf3130,0.1.0
03,gene,ENSMUSG00000027318,pass,RESOLVED_EXPLICIT_GENE_CENTRIC_REPRESENTATIVE,RESOLVED_EXPLICIT_GENE_CENTRIC_REPRESENTATIVE,docs/audits/ubuntu_DE_2026-10-08/significant_protein_coding_degs.csv,c9bf672d38f877361b3132065884d3a02e3132bcbf9901656b9f2cb04fdf3130,0.1.0
03,gene,ENSMUSG00000029714,pass,RESOLVED_EXPLICIT_GENE_CENTRIC_REPRESENTATIVE,RESOLVED_EXPLICIT_GENE_CENTRIC_REPRESENTATIVE,docs/audits/ubuntu_DE_2026-10-08/significant_protein_coding_degs.csv,c9bf672d38f877361b3132065884d3a02e3132bcbf9901656b9f2cb04fdf3130,0.1.0
03,gene,ENSMUSG00000052949,held,REPRESENTATIVE_LACKS_ORIGINAL_EXACT_GENE_LINK,REPRESENTATIVE_LACKS_ORIGINAL_EXACT_GENE_LINK,docs/audits/ubuntu_DE_2026-10-08/significant_protein_coding_degs.csv,c9bf672d38f877361b3132065884d3a02e3132bcbf9901656b9f2cb04fdf3130,0.1.0
03,gene,ENSMUSG00000031266,pass,RESOLVED_EXPLICIT_GENE_CENTRIC_REPRESENTATIVE,RESOLVED_EXPLICIT_GENE_CENTRIC_REPRESENTATIVE,docs/audits/ubuntu_DE_2026-10-08/significant_protein_coding_degs.csv,c9bf672d38f877361b3132065884d3a02e3132bcbf9901656b9f2cb04fdf3130,0.1.0
03,gene,ENSMUSG00000031762,pass,RESOLVED_EXPLICIT_GENE_CENTRIC_REPRESENTATIVE,RESOLVED_EXPLICIT_GENE_CENTRIC_REPRESENTATIVE,docs/audits/ubuntu_DE_2026-10-08/significant_protein_coding_degs.csv,c9bf672d38f877361b3132065884d3a02e3132bcbf9901656b9f2cb04fdf3130,0.1.0
03,gene,ENSMUSG00000022843,pass,RESOLVED_EXPLICIT_GENE_CENTRIC_REPRESENTATIVE,RESOLVED_EXPLICIT_GENE_CENTRIC_REPRESENTATIVE,docs/audits/ubuntu_DE_2026-10-08/significant_protein_coding_degs.csv,c9bf672d38f877361b3132065884d3a02e3132bcbf9901656b9f2cb04fdf3130,0.1.0
03,gene,ENSMUSG00000029373,pass,RESOLVED_EXPLICIT_GENE_CENTRIC_REPRESENTATIVE,RESOLVED_EXPLICIT_GENE_CENTRIC_REPRESENTATIVE,docs/audits/ubuntu_DE_2026-10-08/significant_protein_coding_degs.csv,c9bf672d38f877361b3132065884d3a02e3132bcbf9901656b9f2cb04fdf3130,0.1.0
03,gene,ENSMUSG00000069833,pass,RESOLVED_EXPLICIT_GENE_CENTRIC_REPRESENTATIVE,RESOLVED_EXPLICIT_GENE_CENTRIC_REPRESENTATIVE,docs/audits/ubuntu_DE_2026-10-08/significant_protein_coding_degs.csv,c9bf672d38f877361b3132065884d3a02e3132bcbf9901656b9f2cb04fdf3130,0.1.0
03,gene,ENSMUSG00000030967,pass,RESOLVED_EXPLICIT_GENE_CENTRIC_REPRESENTATIVE,RESOLVED_EXPLICIT_GENE_CENTRIC_REPRESENTATIVE,docs/audits/ubuntu_DE_2026-10-08/significant_protein_coding_degs.csv,c9bf672d38f877361b3132065884d3a02e3132bcbf9901656b9f2cb04fdf3130,0.1.0
03,gene,ENSMUSG00000032812,pass,RESOLVED_EXPLICIT_GENE_CENTRIC_REPRESENTATIVE,RESOLVED_EXPLICIT_GENE_CENTRIC_REPRESENTATIVE,docs/audits/ubuntu_DE_2026-10-08/significant_protein_coding_degs.csv,c9bf672d38f877361b3132065884d3a02e3132bcbf9901656b9f2cb04fdf3130,0.1.0
03,gene,ENSMUSG00000057497,pass,RESOLVED_EXPLICIT_GENE_CENTRIC_REPRESENTATIVE,RESOLVED_EXPLICIT_GENE_CENTRIC_REPRESENTATIVE,docs/audits/ubuntu_DE_2026-10-08/significant_protein_coding_degs.csv,c9bf672d38f877361b3132065884d3a02e3132bcbf9901656b9f2cb04fdf3130,0.1.0
03,gene,ENSMUSG00000031596,pass,RESOLVED_EXPLICIT_GENE_CENTRIC_REPRESENTATIVE,RESOLVED_EXPLICIT_GENE_CENTRIC_REPRESENTATIVE,docs/audits/ubuntu_DE_2026-10-08/significant_protein_coding_degs.csv,c9bf672d38f877361b3132065884d3a02e3132bcbf9901656b9f2cb04fdf3130,0.1.0
03,gene,ENSMUSG00000047246,pass,PASS_CURRENT_EXACT_XREF_DISPLAYED_SEQUENCE,PASS_CURRENT_EXACT_XREF_DISPLAYED_SEQUENCE,docs/audits/ubuntu_DE_2026-10-08/significant_protein_coding_degs.csv,c9bf672d38f877361b3132065884d3a02e3132bcbf9901656b9f2cb04fdf3130,0.1.0
03,gene,ENSMUSG00000001366,pass,RESOLVED_EXPLICIT_GENE_CENTRIC_REPRESENTATIVE,RESOLVED_EXPLICIT_GENE_CENTRIC_REPRESENTATIVE,docs/audits/ubuntu_DE_2026-10-08/significant_protein_coding_degs.csv,c9bf672d38f877361b3132065884d3a02e3132bcbf9901656b9f2cb04fdf3130,0.1.0
03,gene,ENSMUSG00000024812,pass,RESOLVED_EXPLICIT_GENE_CENTRIC_REPRESENTATIVE,RESOLVED_EXPLICIT_GENE_CENTRIC_REPRESENTATIVE,docs/audits/ubuntu_DE_2026-10-08/significant_protein_coding_degs.csv,c9bf672d38f877361b3132065884d3a02e3132bcbf9901656b9f2cb04fdf3130,0.1.0
03,gene,ENSMUSG00000024903,pass,PASS_CURRENT_EXACT_XREF_DISPLAYED_SEQUENCE,PASS_CURRENT_EXACT_XREF_DISPLAYED_SEQUENCE,docs/audits/ubuntu_DE_2026-10-08/significant_protein_coding_degs.csv,c9bf672d38f877361b3132065884d3a02e3132bcbf9901656b9f2cb04fdf3130,0.1.0
03,gene,ENSMUSG00000026574,pass,PASS_CURRENT_EXACT_XREF_DISPLAYED_SEQUENCE,PASS_CURRENT_EXACT_XREF_DISPLAYED_SEQUENCE,docs/audits/ubuntu_DE_2026-10-08/significant_protein_coding_degs.csv,c9bf672d38f877361b3132065884d3a02e3132bcbf9901656b9f2cb04fdf3130,0.1.0
03,gene,ENSMUSG00000071001,pass,PASS_CURRENT_EXACT_XREF_DISPLAYED_SEQUENCE,PASS_CURRENT_EXACT_XREF_DISPLAYED_SEQUENCE,docs/audits/ubuntu_DE_2026-10-08/significant_protein_coding_degs.csv,c9bf672d38f877361b3132065884d3a02e3132bcbf9901656b9f2cb04fdf3130,0.1.0
03,gene,ENSMUSG00000001119,pass,PASS_CURRENT_EXACT_XREF_DISPLAYED_SEQUENCE,PASS_CURRENT_EXACT_XREF_DISPLAYED_SEQUENCE,docs/audits/ubuntu_DE_2026-10-08/significant_protein_coding_degs.csv,c9bf672d38f877361b3132065884d3a02e3132bcbf9901656b9f2cb04fdf3130,0.1.0
03,gene,ENSMUSG00000037172,pass,RESOLVED_EXPLICIT_GENE_CENTRIC_REPRESENTATIVE,RESOLVED_EXPLICIT_GENE_CENTRIC_REPRESENTATIVE,docs/audits/ubuntu_DE_2026-10-08/significant_protein_coding_degs.csv,c9bf672d38f877361b3132065884d3a02e3132bcbf9901656b9f2cb04fdf3130,0.1.0
03,gene,ENSMUSG00000032440,pass,PASS_CURRENT_EXACT_XREF_DISPLAYED_SEQUENCE,PASS_CURRENT_EXACT_XREF_DISPLAYED_SEQUENCE,docs/audits/ubuntu_DE_2026-10-08/significant_protein_coding_degs.csv,c9bf672d38f877361b3132065884d3a02e3132bcbf9901656b9f2cb04fdf3130,0.1.0
03,gene,ENSMUSG00000044349,pass,PASS_CURRENT_EXACT_XREF_DISPLAYED_SEQUENCE,PASS_CURRENT_EXACT_XREF_DISPLAYED_SEQUENCE,docs/audits/ubuntu_DE_2026-10-08/significant_protein_coding_degs.csv,c9bf672d38f877361b3132065884d3a02e3132bcbf9901656b9f2cb04fdf3130,0.1.0
03,gene,ENSMUSG00000032028,held,REPRESENTATIVE_LACKS_ORIGINAL_EXACT_GENE_LINK,REPRESENTATIVE_LACKS_ORIGINAL_EXACT_GENE_LINK,docs/audits/ubuntu_DE_2026-10-08/significant_protein_coding_degs.csv,c9bf672d38f877361b3132065884d3a02e3132bcbf9901656b9f2cb04fdf3130,0.1.0
03,gene,ENSMUSG00000027071,pass,RESOLVED_EXPLICIT_GENE_CENTRIC_REPRESENTATIVE,RESOLVED_EXPLICIT_GENE_CENTRIC_REPRESENTATIVE,docs/audits/ubuntu_DE_2026-10-08/significant_protein_coding_degs.csv,c9bf672d38f877361b3132065884d3a02e3132bcbf9901656b9f2cb04fdf3130,0.1.0
03,gene,ENSMUSG00000060594,pass,RESOLVED_EXPLICIT_GENE_CENTRIC_REPRESENTATIVE,RESOLVED_EXPLICIT_GENE_CENTRIC_REPRESENTATIVE,docs/audits/ubuntu_DE_2026-10-08/significant_protein_coding_degs.csv,c9bf672d38f877361b3132065884d3a02e3132bcbf9901656b9f2cb04fdf3130,0.1.0
03,gene,ENSMUSG00000028475,pass,PASS_CURRENT_EXACT_XREF_DISPLAYED_SEQUENCE,PASS_CURRENT_EXACT_XREF_DISPLAYED_SEQUENCE,docs/audits/ubuntu_DE_2026-10-08/significant_protein_coding_degs.csv,c9bf672d38f877361b3132065884d3a02e3132bcbf9901656b9f2cb04fdf3130,0.1.0
03,gene,ENSMUSG00000027981,pass,RESOLVED_EXPLICIT_GENE_CENTRIC_REPRESENTATIVE,RESOLVED_EXPLICIT_GENE_CENTRIC_REPRESENTATIVE,docs/audits/ubuntu_DE_2026-10-08/significant_protein_coding_degs.csv,c9bf672d38f877361b3132065884d3a02e3132bcbf9901656b9f2cb04fdf3130,0.1.0
03,gene,ENSMUSG00000038217,pass,PASS_CURRENT_EXACT_XREF_DISPLAYED_SEQUENCE,PASS_CURRENT_EXACT_XREF_DISPLAYED_SEQUENCE,docs/audits/ubuntu_DE_2026-10-08/significant_protein_coding_degs.csv,c9bf672d38f877361b3132065884d3a02e3132bcbf9901656b9f2cb04fdf3130,0.1.0
03,gene,ENSMUSG00000020758,pass,RESOLVED_EXPLICIT_GENE_CENTRIC_REPRESENTATIVE,RESOLVED_EXPLICIT_GENE_CENTRIC_REPRESENTATIVE,docs/audits/ubuntu_DE_2026-10-08/significant_protein_coding_degs.csv,c9bf672d38f877361b3132065884d3a02e3132bcbf9901656b9f2cb04fdf3130,0.1.0
03,gene,ENSMUSG00000078713,pass,PASS_CURRENT_EXACT_XREF_DISPLAYED_SEQUENCE,PASS_CURRENT_EXACT_XREF_DISPLAYED_SEQUENCE,docs/audits/ubuntu_DE_2026-10-08/significant_protein_coding_degs.csv,c9bf672d38f877361b3132065884d3a02e3132bcbf9901656b9f2cb04fdf3130,0.1.0
03,gene,ENSMUSG00000032092,held,REPRESENTATIVE_LACKS_ORIGINAL_EXACT_GENE_LINK,REPRESENTATIVE_LACKS_ORIGINAL_EXACT_GENE_LINK,docs/audits/ubuntu_DE_2026-10-08/significant_protein_coding_degs.csv,c9bf672d38f877361b3132065884d3a02e3132bcbf9901656b9f2cb04fdf3130,0.1.0
03,gene,ENSMUSG00000024899,pass,RESOLVED_EXPLICIT_GENE_CENTRIC_REPRESENTATIVE,RESOLVED_EXPLICIT_GENE_CENTRIC_REPRESENTATIVE,docs/audits/ubuntu_DE_2026-10-08/significant_protein_coding_degs.csv,c9bf672d38f877361b3132065884d3a02e3132bcbf9901656b9f2cb04fdf3130,0.1.0
03,gene,ENSMUSG00000034522,pass,RESOLVED_EXPLICIT_GENE_CENTRIC_REPRESENTATIVE,RESOLVED_EXPLICIT_GENE_CENTRIC_REPRESENTATIVE,docs/audits/ubuntu_DE_2026-10-08/significant_protein_coding_degs.csv,c9bf672d38f877361b3132065884d3a02e3132bcbf9901656b9f2cb04fdf3130,0.1.0
03,gene,ENSMUSG00000075605,pass,PASS_CURRENT_EXACT_XREF_DISPLAYED_SEQUENCE,PASS_CURRENT_EXACT_XREF_DISPLAYED_SEQUENCE,docs/audits/ubuntu_DE_2026-10-08/significant_protein_coding_degs.csv,c9bf672d38f877361b3132065884d3a02e3132bcbf9901656b9f2cb04fdf3130,0.1.0
03,gene,ENSMUSG00000027447,pass,RESOLVED_EXPLICIT_GENE_CENTRIC_REPRESENTATIVE,RESOLVED_EXPLICIT_GENE_CENTRIC_REPRESENTATIVE,docs/audits/ubuntu_DE_2026-10-08/significant_protein_coding_degs.csv,c9bf672d38f877361b3132065884d3a02e3132bcbf9901656b9f2cb04fdf3130,0.1.0
03,gene,ENSMUSG00000058145,held,REPRESENTATIVE_LACKS_ORIGINAL_EXACT_GENE_LINK,REPRESENTATIVE_LACKS_ORIGINAL_EXACT_GENE_LINK,docs/audits/ubuntu_DE_2026-10-08/significant_protein_coding_degs.csv,c9bf672d38f877361b3132065884d3a02e3132bcbf9901656b9f2cb04fdf3130,0.1.0
03,gene,ENSMUSG00000078235,pass,PASS_CURRENT_EXACT_XREF_DISPLAYED_SEQUENCE,PASS_CURRENT_EXACT_XREF_DISPLAYED_SEQUENCE,docs/audits/ubuntu_DE_2026-10-08/significant_protein_coding_degs.csv,c9bf672d38f877361b3132065884d3a02e3132bcbf9901656b9f2cb04fdf3130,0.1.0
03,gene,ENSMUSG00000051278,pass,RESOLVED_EXPLICIT_GENE_CENTRIC_REPRESENTATIVE,RESOLVED_EXPLICIT_GENE_CENTRIC_REPRESENTATIVE,docs/audits/ubuntu_DE_2026-10-08/significant_protein_coding_degs.csv,c9bf672d38f877361b3132065884d3a02e3132bcbf9901656b9f2cb04fdf3130,0.1.0
03,gene,ENSMUSG00000027463,pass,PASS_CURRENT_EXACT_XREF_DISPLAYED_SEQUENCE,PASS_CURRENT_EXACT_XREF_DISPLAYED_SEQUENCE,docs/audits/ubuntu_DE_2026-10-08/significant_protein_coding_degs.csv,c9bf672d38f877361b3132065884d3a02e3132bcbf9901656b9f2cb04fdf3130,0.1.0
03,gene,ENSMUSG00000025240,pass,RESOLVED_EXPLICIT_GENE_CENTRIC_REPRESENTATIVE,RESOLVED_EXPLICIT_GENE_CENTRIC_REPRESENTATIVE,docs/audits/ubuntu_DE_2026-10-08/significant_protein_coding_degs.csv,c9bf672d38f877361b3132065884d3a02e3132bcbf9901656b9f2cb04fdf3130,0.1.0
03,gene,ENSMUSG00000025001,pass,RESOLVED_EXPLICIT_GENE_CENTRIC_REPRESENTATIVE,RESOLVED_EXPLICIT_GENE_CENTRIC_REPRESENTATIVE,docs/audits/ubuntu_DE_2026-10-08/significant_protein_coding_degs.csv,c9bf672d38f877361b3132065884d3a02e3132bcbf9901656b9f2cb04fdf3130,0.1.0
03,gene,ENSMUSG00000020770,pass,PASS_CURRENT_EXACT_XREF_DISPLAYED_SEQUENCE,PASS_CURRENT_EXACT_XREF_DISPLAYED_SEQUENCE,docs/audits/ubuntu_DE_2026-10-08/significant_protein_coding_degs.csv,c9bf672d38f877361b3132065884d3a02e3132bcbf9901656b9f2cb04fdf3130,0.1.0
03,gene,ENSMUSG00000026170,pass,PASS_CURRENT_EXACT_XREF_DISPLAYED_SEQUENCE,PASS_CURRENT_EXACT_XREF_DISPLAYED_SEQUENCE,docs/audits/ubuntu_DE_2026-10-08/significant_protein_coding_degs.csv,c9bf672d38f877361b3132065884d3a02e3132bcbf9901656b9f2cb04fdf3130,0.1.0
03,gene,ENSMUSG00000058756,held,REPRESENTATIVE_MULTIPLE_DISPLAYED_ISOFORMS,REPRESENTATIVE_MULTIPLE_DISPLAYED_ISOFORMS,docs/audits/ubuntu_DE_2026-10-08/significant_protein_coding_degs.csv,c9bf672d38f877361b3132065884d3a02e3132bcbf9901656b9f2cb04fdf3130,0.1.0
03,gene,ENSMUSG00000031871,pass,RESOLVED_EXPLICIT_GENE_CENTRIC_REPRESENTATIVE,RESOLVED_EXPLICIT_GENE_CENTRIC_REPRESENTATIVE,docs/audits/ubuntu_DE_2026-10-08/significant_protein_coding_degs.csv,c9bf672d38f877361b3132065884d3a02e3132bcbf9901656b9f2cb04fdf3130,0.1.0
03,gene,ENSMUSG00000053175,pass,RESOLVED_EXPLICIT_GENE_CENTRIC_REPRESENTATIVE,RESOLVED_EXPLICIT_GENE_CENTRIC_REPRESENTATIVE,docs/audits/ubuntu_DE_2026-10-08/significant_protein_coding_degs.csv,c9bf672d38f877361b3132065884d3a02e3132bcbf9901656b9f2cb04fdf3130,0.1.0
03,gene,ENSMUSG00000008167,pass,PASS_CURRENT_EXACT_XREF_DISPLAYED_SEQUENCE,PASS_CURRENT_EXACT_XREF_DISPLAYED_SEQUENCE,docs/audits/ubuntu_DE_2026-10-08/significant_protein_coding_degs.csv,c9bf672d38f877361b3132065884d3a02e3132bcbf9901656b9f2cb04fdf3130,0.1.0
03,gene,ENSMUSG00000026193,pass,RESOLVED_EXPLICIT_GENE_CENTRIC_REPRESENTATIVE,RESOLVED_EXPLICIT_GENE_CENTRIC_REPRESENTATIVE,docs/audits/ubuntu_DE_2026-10-08/significant_protein_coding_degs.csv,c9bf672d38f877361b3132065884d3a02e3132bcbf9901656b9f2cb04fdf3130,0.1.0
03,gene,ENSMUSG00000043924,pass,RESOLVED_EXPLICIT_GENE_CENTRIC_REPRESENTATIVE,RESOLVED_EXPLICIT_GENE_CENTRIC_REPRESENTATIVE,docs/audits/ubuntu_DE_2026-10-08/significant_protein_coding_degs.csv,c9bf672d38f877361b3132065884d3a02e3132bcbf9901656b9f2cb04fdf3130,0.1.0
03,gene,ENSMUSG00000021607,pass,PASS_CURRENT_EXACT_XREF_DISPLAYED_SEQUENCE,PASS_CURRENT_EXACT_XREF_DISPLAYED_SEQUENCE,docs/audits/ubuntu_DE_2026-10-08/significant_protein_coding_degs.csv,c9bf672d38f877361b3132065884d3a02e3132bcbf9901656b9f2cb04fdf3130,0.1.0
03,gene,ENSMUSG00000046317,held,NO_CURRENT_EXACT_ENSEMBL_XREF,NO_CURRENT_EXACT_ENSEMBL_XREF,docs/audits/ubuntu_DE_2026-10-08/significant_protein_coding_degs.csv,c9bf672d38f877361b3132065884d3a02e3132bcbf9901656b9f2cb04fdf3130,0.1.0
03,gene,ENSMUSG00000025648,pass,RESOLVED_EXPLICIT_GENE_CENTRIC_REPRESENTATIVE,RESOLVED_EXPLICIT_GENE_CENTRIC_REPRESENTATIVE,docs/audits/ubuntu_DE_2026-10-08/significant_protein_coding_degs.csv,c9bf672d38f877361b3132065884d3a02e3132bcbf9901656b9f2cb04fdf3130,0.1.0
03,gene,ENSMUSG00000039670,pass,RESOLVED_EXPLICIT_GENE_CENTRIC_REPRESENTATIVE,RESOLVED_EXPLICIT_GENE_CENTRIC_REPRESENTATIVE,docs/audits/ubuntu_DE_2026-10-08/significant_protein_coding_degs.csv,c9bf672d38f877361b3132065884d3a02e3132bcbf9901656b9f2cb04fdf3130,0.1.0
03,gene,ENSMUSG00000048001,pass,PASS_CURRENT_EXACT_XREF_DISPLAYED_SEQUENCE,PASS_CURRENT_EXACT_XREF_DISPLAYED_SEQUENCE,docs/audits/ubuntu_DE_2026-10-08/significant_protein_coding_degs.csv,c9bf672d38f877361b3132065884d3a02e3132bcbf9901656b9f2cb04fdf3130,0.1.0
03,gene,ENSMUSG00000065954,held,REPRESENTATIVE_ONLY_NONCANONICAL_OR_UNRESOLVED_ISOFORM_XREF,REPRESENTATIVE_ONLY_NONCANONICAL_OR_UNRESOLVED_ISOFORM_XREF,docs/audits/ubuntu_DE_2026-10-08/significant_protein_coding_degs.csv,c9bf672d38f877361b3132065884d3a02e3132bcbf9901656b9f2cb04fdf3130,0.1.0
03,gene,ENSMUSG00000023980,pass,PASS_CURRENT_EXACT_XREF_DISPLAYED_SEQUENCE,PASS_CURRENT_EXACT_XREF_DISPLAYED_SEQUENCE,docs/audits/ubuntu_DE_2026-10-08/significant_protein_coding_degs.csv,c9bf672d38f877361b3132065884d3a02e3132bcbf9901656b9f2cb04fdf3130,0.1.0
03,gene,ENSMUSG00000029397,pass,RESOLVED_EXPLICIT_GENE_CENTRIC_REPRESENTATIVE,RESOLVED_EXPLICIT_GENE_CENTRIC_REPRESENTATIVE,docs/audits/ubuntu_DE_2026-10-08/significant_protein_coding_degs.csv,c9bf672d38f877361b3132065884d3a02e3132bcbf9901656b9f2cb04fdf3130,0.1.0
03,gene,ENSMUSG00000030218,pass,PASS_CURRENT_EXACT_XREF_DISPLAYED_SEQUENCE,PASS_CURRENT_EXACT_XREF_DISPLAYED_SEQUENCE,docs/audits/ubuntu_DE_2026-10-08/significant_protein_coding_degs.csv,c9bf672d38f877361b3132065884d3a02e3132bcbf9901656b9f2cb04fdf3130,0.1.0
03,gene,ENSMUSG00000044337,pass,PASS_CURRENT_EXACT_XREF_DISPLAYED_SEQUENCE,PASS_CURRENT_EXACT_XREF_DISPLAYED_SEQUENCE,docs/audits/ubuntu_DE_2026-10-08/significant_protein_coding_degs.csv,c9bf672d38f877361b3132065884d3a02e3132bcbf9901656b9f2cb04fdf3130,0.1.0
03,gene,ENSMUSG00000068874,pass,RESOLVED_EXPLICIT_GENE_CENTRIC_REPRESENTATIVE,RESOLVED_EXPLICIT_GENE_CENTRIC_REPRESENTATIVE,docs/audits/ubuntu_DE_2026-10-08/significant_protein_coding_degs.csv,c9bf672d38f877361b3132065884d3a02e3132bcbf9901656b9f2cb04fdf3130,0.1.0
03,gene,ENSMUSG00000030087,pass,RESOLVED_EXPLICIT_GENE_CENTRIC_REPRESENTATIVE,RESOLVED_EXPLICIT_GENE_CENTRIC_REPRESENTATIVE,docs/audits/ubuntu_DE_2026-10-08/significant_protein_coding_degs.csv,c9bf672d38f877361b3132065884d3a02e3132bcbf9901656b9f2cb04fdf3130,0.1.0
03,gene,ENSMUSG00000030693,pass,PASS_CURRENT_EXACT_XREF_DISPLAYED_SEQUENCE,PASS_CURRENT_EXACT_XREF_DISPLAYED_SEQUENCE,docs/audits/ubuntu_DE_2026-10-08/significant_protein_coding_degs.csv,c9bf672d38f877361b3132065884d3a02e3132bcbf9901656b9f2cb04fdf3130,0.1.0
03,gene,ENSMUSG00000021541,pass,RESOLVED_EXPLICIT_GENE_CENTRIC_REPRESENTATIVE,RESOLVED_EXPLICIT_GENE_CENTRIC_REPRESENTATIVE,docs/audits/ubuntu_DE_2026-10-08/significant_protein_coding_degs.csv,c9bf672d38f877361b3132065884d3a02e3132bcbf9901656b9f2cb04fdf3130,0.1.0
03,gene,ENSMUSG00000025277,pass,PASS_CURRENT_EXACT_XREF_DISPLAYED_SEQUENCE,PASS_CURRENT_EXACT_XREF_DISPLAYED_SEQUENCE,docs/audits/ubuntu_DE_2026-10-08/significant_protein_coding_degs.csv,c9bf672d38f877361b3132065884d3a02e3132bcbf9901656b9f2cb04fdf3130,0.1.0
03,gene,ENSMUSG00000051811,pass,RESOLVED_EXPLICIT_GENE_CENTRIC_REPRESENTATIVE,RESOLVED_EXPLICIT_GENE_CENTRIC_REPRESENTATIVE,docs/audits/ubuntu_DE_2026-10-08/significant_protein_coding_degs.csv,c9bf672d38f877361b3132065884d3a02e3132bcbf9901656b9f2cb04fdf3130,0.1.0
03,gene,ENSMUSG00000073676,pass,PASS_CURRENT_EXACT_XREF_DISPLAYED_SEQUENCE,PASS_CURRENT_EXACT_XREF_DISPLAYED_SEQUENCE,docs/audits/ubuntu_DE_2026-10-08/significant_protein_coding_degs.csv,c9bf672d38f877361b3132065884d3a02e3132bcbf9901656b9f2cb04fdf3130,0.1.0
03,gene,ENSMUSG00000031932,pass,PASS_CURRENT_EXACT_XREF_DISPLAYED_SEQUENCE,PASS_CURRENT_EXACT_XREF_DISPLAYED_SEQUENCE,docs/audits/ubuntu_DE_2026-10-08/significant_protein_coding_degs.csv,c9bf672d38f877361b3132065884d3a02e3132bcbf9901656b9f2cb04fdf3130,0.1.0
03,gene,ENSMUSG00000006127,pass,RESOLVED_EXPLICIT_GENE_CENTRIC_REPRESENTATIVE,RESOLVED_EXPLICIT_GENE_CENTRIC_REPRESENTATIVE,docs/audits/ubuntu_DE_2026-10-08/significant_protein_coding_degs.csv,c9bf672d38f877361b3132065884d3a02e3132bcbf9901656b9f2cb04fdf3130,0.1.0
03,gene,ENSMUSG00000051159,pass,RESOLVED_EXPLICIT_GENE_CENTRIC_REPRESENTATIVE,RESOLVED_EXPLICIT_GENE_CENTRIC_REPRESENTATIVE,docs/audits/ubuntu_DE_2026-10-08/significant_protein_coding_degs.csv,c9bf672d38f877361b3132065884d3a02e3132bcbf9901656b9f2cb04fdf3130,0.1.0
03,gene,ENSMUSG00000058672,pass,PASS_CURRENT_EXACT_XREF_DISPLAYED_SEQUENCE,PASS_CURRENT_EXACT_XREF_DISPLAYED_SEQUENCE,docs/audits/ubuntu_DE_2026-10-08/significant_protein_coding_degs.csv,c9bf672d38f877361b3132065884d3a02e3132bcbf9901656b9f2cb04fdf3130,0.1.0
03,gene,ENSMUSG00000002020,held,REPRESENTATIVE_LACKS_ORIGINAL_EXACT_GENE_LINK,REPRESENTATIVE_LACKS_ORIGINAL_EXACT_GENE_LINK,docs/audits/ubuntu_DE_2026-10-08/significant_protein_coding_degs.csv,c9bf672d38f877361b3132065884d3a02e3132bcbf9901656b9f2cb04fdf3130,0.1.0
03,gene,ENSMUSG00000028785,pass,RESOLVED_EXPLICIT_GENE_CENTRIC_REPRESENTATIVE,RESOLVED_EXPLICIT_GENE_CENTRIC_REPRESENTATIVE,docs/audits/ubuntu_DE_2026-10-08/significant_protein_coding_degs.csv,c9bf672d38f877361b3132065884d3a02e3132bcbf9901656b9f2cb04fdf3130,0.1.0
03,gene,ENSMUSG00000022571,pass,PASS_CURRENT_EXACT_XREF_DISPLAYED_SEQUENCE,PASS_CURRENT_EXACT_XREF_DISPLAYED_SEQUENCE,docs/audits/ubuntu_DE_2026-10-08/significant_protein_coding_degs.csv,c9bf672d38f877361b3132065884d3a02e3132bcbf9901656b9f2cb04fdf3130,0.1.0
03,gene,ENSMUSG00000034424,pass,PASS_CURRENT_EXACT_XREF_DISPLAYED_SEQUENCE,PASS_CURRENT_EXACT_XREF_DISPLAYED_SEQUENCE,docs/audits/ubuntu_DE_2026-10-08/significant_protein_coding_degs.csv,c9bf672d38f877361b3132065884d3a02e3132bcbf9901656b9f2cb04fdf3130,0.1.0
03,gene,ENSMUSG00000010453,pass,RESOLVED_EXPLICIT_GENE_CENTRIC_REPRESENTATIVE,RESOLVED_EXPLICIT_GENE_CENTRIC_REPRESENTATIVE,docs/audits/ubuntu_DE_2026-10-08/significant_protein_coding_degs.csv,c9bf672d38f877361b3132065884d3a02e3132bcbf9901656b9f2cb04fdf3130,0.1.0
03,gene,ENSMUSG00000020325,pass,PASS_CURRENT_EXACT_XREF_DISPLAYED_SEQUENCE,PASS_CURRENT_EXACT_XREF_DISPLAYED_SEQUENCE,docs/audits/ubuntu_DE_2026-10-08/significant_protein_coding_degs.csv,c9bf672d38f877361b3132065884d3a02e3132bcbf9901656b9f2cb04fdf3130,0.1.0
03,gene,ENSMUSG00000028494,pass,RESOLVED_EXPLICIT_GENE_CENTRIC_REPRESENTATIVE,RESOLVED_EXPLICIT_GENE_CENTRIC_REPRESENTATIVE,docs/audits/ubuntu_DE_2026-10-08/significant_protein_coding_degs.csv,c9bf672d38f877361b3132065884d3a02e3132bcbf9901656b9f2cb04fdf3130,0.1.0
03,gene,ENSMUSG00000028996,pass,RESOLVED_EXPLICIT_GENE_CENTRIC_REPRESENTATIVE,RESOLVED_EXPLICIT_GENE_CENTRIC_REPRESENTATIVE,docs/audits/ubuntu_DE_2026-10-08/significant_protein_coding_degs.csv,c9bf672d38f877361b3132065884d3a02e3132bcbf9901656b9f2cb04fdf3130,0.1.0
03,gene,ENSMUSG00000046897,pass,RESOLVED_EXPLICIT_GENE_CENTRIC_REPRESENTATIVE,RESOLVED_EXPLICIT_GENE_CENTRIC_REPRESENTATIVE,docs/audits/ubuntu_DE_2026-10-08/significant_protein_coding_degs.csv,c9bf672d38f877361b3132065884d3a02e3132bcbf9901656b9f2cb04fdf3130,0.1.0
03,gene,ENSMUSG00000022831,pass,RESOLVED_EXPLICIT_GENE_CENTRIC_REPRESENTATIVE,RESOLVED_EXPLICIT_GENE_CENTRIC_REPRESENTATIVE,docs/audits/ubuntu_DE_2026-10-08/significant_protein_coding_degs.csv,c9bf672d38f877361b3132065884d3a02e3132bcbf9901656b9f2cb04fdf3130,0.1.0
03,gene,ENSMUSG00000060240,pass,PASS_CURRENT_EXACT_XREF_DISPLAYED_SEQUENCE,PASS_CURRENT_EXACT_XREF_DISPLAYED_SEQUENCE,docs/audits/ubuntu_DE_2026-10-08/significant_protein_coding_degs.csv,c9bf672d38f877361b3132065884d3a02e3132bcbf9901656b9f2cb04fdf3130,0.1.0
03,gene,ENSMUSG00000011171,pass,RESOLVED_EXPLICIT_GENE_CENTRIC_REPRESENTATIVE,RESOLVED_EXPLICIT_GENE_CENTRIC_REPRESENTATIVE,docs/audits/ubuntu_DE_2026-10-08/significant_protein_coding_degs.csv,c9bf672d38f877361b3132065884d3a02e3132bcbf9901656b9f2cb04fdf3130,0.1.0
03,gene,ENSMUSG00000030268,pass,RESOLVED_EXPLICIT_GENE_CENTRIC_REPRESENTATIVE,RESOLVED_EXPLICIT_GENE_CENTRIC_REPRESENTATIVE,docs/audits/ubuntu_DE_2026-10-08/significant_protein_coding_degs.csv,c9bf672d38f877361b3132065884d3a02e3132bcbf9901656b9f2cb04fdf3130,0.1.0
03,gene,ENSMUSG00000030787,pass,PASS_CURRENT_EXACT_XREF_DISPLAYED_SEQUENCE,PASS_CURRENT_EXACT_XREF_DISPLAYED_SEQUENCE,docs/audits/ubuntu_DE_2026-10-08/significant_protein_coding_degs.csv,c9bf672d38f877361b3132065884d3a02e3132bcbf9901656b9f2cb04fdf3130,0.1.0
03,gene,ENSMUSG00000040936,held,REPRESENTATIVE_ONLY_NONCANONICAL_OR_UNRESOLVED_ISOFORM_XREF,REPRESENTATIVE_ONLY_NONCANONICAL_OR_UNRESOLVED_ISOFORM_XREF,docs/audits/ubuntu_DE_2026-10-08/significant_protein_coding_degs.csv,c9bf672d38f877361b3132065884d3a02e3132bcbf9901656b9f2cb04fdf3130,0.1.0
03,gene,ENSMUSG00000024668,pass,RESOLVED_EXPLICIT_GENE_CENTRIC_REPRESENTATIVE,RESOLVED_EXPLICIT_GENE_CENTRIC_REPRESENTATIVE,docs/audits/ubuntu_DE_2026-10-08/significant_protein_coding_degs.csv,c9bf672d38f877361b3132065884d3a02e3132bcbf9901656b9f2cb04fdf3130,0.1.0
03,gene,ENSMUSG00000023048,pass,RESOLVED_EXPLICIT_GENE_CENTRIC_REPRESENTATIVE,RESOLVED_EXPLICIT_GENE_CENTRIC_REPRESENTATIVE,docs/audits/ubuntu_DE_2026-10-08/significant_protein_coding_degs.csv,c9bf672d38f877361b3132065884d3a02e3132bcbf9901656b9f2cb04fdf3130,0.1.0
03,gene,ENSMUSG00000006411,pass,PASS_CURRENT_EXACT_XREF_DISPLAYED_SEQUENCE,PASS_CURRENT_EXACT_XREF_DISPLAYED_SEQUENCE,docs/audits/ubuntu_DE_2026-10-08/significant_protein_coding_degs.csv,c9bf672d38f877361b3132065884d3a02e3132bcbf9901656b9f2cb04fdf3130,0.1.0
03,gene,ENSMUSG00000020671,pass,PASS_CURRENT_EXACT_XREF_DISPLAYED_SEQUENCE,PASS_CURRENT_EXACT_XREF_DISPLAYED_SEQUENCE,docs/audits/ubuntu_DE_2026-10-08/significant_protein_coding_degs.csv,c9bf672d38f877361b3132065884d3a02e3132bcbf9901656b9f2cb04fdf3130,0.1.0
03,gene,ENSMUSG00000024026,pass,RESOLVED_EXPLICIT_GENE_CENTRIC_REPRESENTATIVE,RESOLVED_EXPLICIT_GENE_CENTRIC_REPRESENTATIVE,docs/audits/ubuntu_DE_2026-10-08/significant_protein_coding_degs.csv,c9bf672d38f877361b3132065884d3a02e3132bcbf9901656b9f2cb04fdf3130,0.1.0
03,gene,ENSMUSG00000022469,pass,RESOLVED_EXPLICIT_GENE_CENTRIC_REPRESENTATIVE,RESOLVED_EXPLICIT_GENE_CENTRIC_REPRESENTATIVE,docs/audits/ubuntu_DE_2026-10-08/significant_protein_coding_degs.csv,c9bf672d38f877361b3132065884d3a02e3132bcbf9901656b9f2cb04fdf3130,0.1.0
03,gene,ENSMUSG00000078627,pass,RESOLVED_EXPLICIT_GENE_CENTRIC_REPRESENTATIVE,RESOLVED_EXPLICIT_GENE_CENTRIC_REPRESENTATIVE,docs/audits/ubuntu_DE_2026-10-08/significant_protein_coding_degs.csv,c9bf672d38f877361b3132065884d3a02e3132bcbf9901656b9f2cb04fdf3130,0.1.0
03,gene,ENSMUSG00000024548,pass,PASS_CURRENT_EXACT_XREF_DISPLAYED_SEQUENCE,PASS_CURRENT_EXACT_XREF_DISPLAYED_SEQUENCE,docs/audits/ubuntu_DE_2026-10-08/significant_protein_coding_degs.csv,c9bf672d38f877361b3132065884d3a02e3132bcbf9901656b9f2cb04fdf3130,0.1.0
03,gene,ENSMUSG00000029622,pass,RESOLVED_EXPLICIT_GENE_CENTRIC_REPRESENTATIVE,RESOLVED_EXPLICIT_GENE_CENTRIC_REPRESENTATIVE,docs/audits/ubuntu_DE_2026-10-08/significant_protein_coding_degs.csv,c9bf672d38f877361b3132065884d3a02e3132bcbf9901656b9f2cb04fdf3130,0.1.0
03,gene,ENSMUSG00000002580,pass,PASS_CURRENT_EXACT_XREF_DISPLAYED_SEQUENCE,PASS_CURRENT_EXACT_XREF_DISPLAYED_SEQUENCE,docs/audits/ubuntu_DE_2026-10-08/significant_protein_coding_degs.csv,c9bf672d38f877361b3132065884d3a02e3132bcbf9901656b9f2cb04fdf3130,0.1.0
03,gene,ENSMUSG00000046314,held,REPRESENTATIVE_LACKS_ORIGINAL_EXACT_GENE_LINK,REPRESENTATIVE_LACKS_ORIGINAL_EXACT_GENE_LINK,docs/audits/ubuntu_DE_2026-10-08/significant_protein_coding_degs.csv,c9bf672d38f877361b3132065884d3a02e3132bcbf9901656b9f2cb04fdf3130,0.1.0
03,gene,ENSMUSG00000070550,pass,PASS_CURRENT_EXACT_XREF_DISPLAYED_SEQUENCE,PASS_CURRENT_EXACT_XREF_DISPLAYED_SEQUENCE,docs/audits/ubuntu_DE_2026-10-08/significant_protein_coding_degs.csv,c9bf672d38f877361b3132065884d3a02e3132bcbf9901656b9f2cb04fdf3130,0.1.0
03,gene,ENSMUSG00000030067,pass,RESOLVED_EXPLICIT_GENE_CENTRIC_REPRESENTATIVE,RESOLVED_EXPLICIT_GENE_CENTRIC_REPRESENTATIVE,docs/audits/ubuntu_DE_2026-10-08/significant_protein_coding_degs.csv,c9bf672d38f877361b3132065884d3a02e3132bcbf9901656b9f2cb04fdf3130,0.1.0
03,gene,ENSMUSG00000007655,pass,RESOLVED_EXPLICIT_GENE_CENTRIC_REPRESENTATIVE,RESOLVED_EXPLICIT_GENE_CENTRIC_REPRESENTATIVE,docs/audits/ubuntu_DE_2026-10-08/significant_protein_coding_degs.csv,c9bf672d38f877361b3132065884d3a02e3132bcbf9901656b9f2cb04fdf3130,0.1.0
03,gene,ENSMUSG00000041801,pass,PASS_CURRENT_EXACT_XREF_DISPLAYED_SEQUENCE,PASS_CURRENT_EXACT_XREF_DISPLAYED_SEQUENCE,docs/audits/ubuntu_DE_2026-10-08/significant_protein_coding_degs.csv,c9bf672d38f877361b3132065884d3a02e3132bcbf9901656b9f2cb04fdf3130,0.1.0
03,gene,ENSMUSG00000018362,pass,RESOLVED_EXPLICIT_GENE_CENTRIC_REPRESENTATIVE,RESOLVED_EXPLICIT_GENE_CENTRIC_REPRESENTATIVE,docs/audits/ubuntu_DE_2026-10-08/significant_protein_coding_degs.csv,c9bf672d38f877361b3132065884d3a02e3132bcbf9901656b9f2cb04fdf3130,0.1.0
03,gene,ENSMUSG00000028073,pass,RESOLVED_EXPLICIT_GENE_CENTRIC_REPRESENTATIVE,RESOLVED_EXPLICIT_GENE_CENTRIC_REPRESENTATIVE,docs/audits/ubuntu_DE_2026-10-08/significant_protein_coding_degs.csv,c9bf672d38f877361b3132065884d3a02e3132bcbf9901656b9f2cb04fdf3130,0.1.0
03,gene,ENSMUSG00000038957,pass,RESOLVED_EXPLICIT_GENE_CENTRIC_REPRESENTATIVE,RESOLVED_EXPLICIT_GENE_CENTRIC_REPRESENTATIVE,docs/audits/ubuntu_DE_2026-10-08/significant_protein_coding_degs.csv,c9bf672d38f877361b3132065884d3a02e3132bcbf9901656b9f2cb04fdf3130,0.1.0
03,gene,ENSMUSG00000060568,pass,RESOLVED_EXPLICIT_GENE_CENTRIC_REPRESENTATIVE,RESOLVED_EXPLICIT_GENE_CENTRIC_REPRESENTATIVE,docs/audits/ubuntu_DE_2026-10-08/significant_protein_coding_degs.csv,c9bf672d38f877361b3132065884d3a02e3132bcbf9901656b9f2cb04fdf3130,0.1.0
03,gene,ENSMUSG00000038370,pass,PASS_CURRENT_EXACT_XREF_DISPLAYED_SEQUENCE,PASS_CURRENT_EXACT_XREF_DISPLAYED_SEQUENCE,docs/audits/ubuntu_DE_2026-10-08/significant_protein_coding_degs.csv,c9bf672d38f877361b3132065884d3a02e3132bcbf9901656b9f2cb04fdf3130,0.1.0
03,gene,ENSMUSG00000069135,pass,RESOLVED_EXPLICIT_GENE_CENTRIC_REPRESENTATIVE,RESOLVED_EXPLICIT_GENE_CENTRIC_REPRESENTATIVE,docs/audits/ubuntu_DE_2026-10-08/significant_protein_coding_degs.csv,c9bf672d38f877361b3132065884d3a02e3132bcbf9901656b9f2cb04fdf3130,0.1.0
03,gene,ENSMUSG00000031297,pass,PASS_CURRENT_EXACT_XREF_DISPLAYED_SEQUENCE,PASS_CURRENT_EXACT_XREF_DISPLAYED_SEQUENCE,docs/audits/ubuntu_DE_2026-10-08/significant_protein_coding_degs.csv,c9bf672d38f877361b3132065884d3a02e3132bcbf9901656b9f2cb04fdf3130,0.1.0
03,gene,ENSMUSG00000031837,pass,PASS_CURRENT_EXACT_XREF_DISPLAYED_SEQUENCE,PASS_CURRENT_EXACT_XREF_DISPLAYED_SEQUENCE,docs/audits/ubuntu_DE_2026-10-08/significant_protein_coding_degs.csv,c9bf672d38f877361b3132065884d3a02e3132bcbf9901656b9f2cb04fdf3130,0.1.0
03,gene,ENSMUSG00000030979,pass,RESOLVED_EXPLICIT_GENE_CENTRIC_REPRESENTATIVE,RESOLVED_EXPLICIT_GENE_CENTRIC_REPRESENTATIVE,docs/audits/ubuntu_DE_2026-10-08/significant_protein_coding_degs.csv,c9bf672d38f877361b3132065884d3a02e3132bcbf9901656b9f2cb04fdf3130,0.1.0
03,gene,ENSMUSG00000027848,pass,PASS_CURRENT_EXACT_XREF_DISPLAYED_SEQUENCE,PASS_CURRENT_EXACT_XREF_DISPLAYED_SEQUENCE,docs/audits/ubuntu_DE_2026-10-08/significant_protein_coding_degs.csv,c9bf672d38f877361b3132065884d3a02e3132bcbf9901656b9f2cb04fdf3130,0.1.0
03,gene,ENSMUSG00000028367,pass,PASS_CURRENT_EXACT_XREF_DISPLAYED_SEQUENCE,PASS_CURRENT_EXACT_XREF_DISPLAYED_SEQUENCE,docs/audits/ubuntu_DE_2026-10-08/significant_protein_coding_degs.csv,c9bf672d38f877361b3132065884d3a02e3132bcbf9901656b9f2cb04fdf3130,0.1.0
03,gene,ENSMUSG00000037628,pass,RESOLVED_EXPLICIT_GENE_CENTRIC_REPRESENTATIVE,RESOLVED_EXPLICIT_GENE_CENTRIC_REPRESENTATIVE,docs/audits/ubuntu_DE_2026-10-08/significant_protein_coding_degs.csv,c9bf672d38f877361b3132065884d3a02e3132bcbf9901656b9f2cb04fdf3130,0.1.0
03,gene,ENSMUSG00000034235,pass,RESOLVED_EXPLICIT_GENE_CENTRIC_REPRESENTATIVE,RESOLVED_EXPLICIT_GENE_CENTRIC_REPRESENTATIVE,docs/audits/ubuntu_DE_2026-10-08/significant_protein_coding_degs.csv,c9bf672d38f877361b3132065884d3a02e3132bcbf9901656b9f2cb04fdf3130,0.1.0
03,gene,ENSMUSG00000041431,pass,RESOLVED_EXPLICIT_GENE_CENTRIC_REPRESENTATIVE,RESOLVED_EXPLICIT_GENE_CENTRIC_REPRESENTATIVE,docs/audits/ubuntu_DE_2026-10-08/significant_protein_coding_degs.csv,c9bf672d38f877361b3132065884d3a02e3132bcbf9901656b9f2cb04fdf3130,0.1.0
03,gene,ENSMUSG00000030605,pass,RESOLVED_EXPLICIT_GENE_CENTRIC_REPRESENTATIVE,RESOLVED_EXPLICIT_GENE_CENTRIC_REPRESENTATIVE,docs/audits/ubuntu_DE_2026-10-08/significant_protein_coding_degs.csv,c9bf672d38f877361b3132065884d3a02e3132bcbf9901656b9f2cb04fdf3130,0.1.0
03,gene,ENSMUSG00000039621,pass,RESOLVED_EXPLICIT_GENE_CENTRIC_REPRESENTATIVE,RESOLVED_EXPLICIT_GENE_CENTRIC_REPRESENTATIVE,docs/audits/ubuntu_DE_2026-10-08/significant_protein_coding_degs.csv,c9bf672d38f877361b3132065884d3a02e3132bcbf9901656b9f2cb04fdf3130,0.1.0
03,gene,ENSMUSG00000046805,held,REPRESENTATIVE_LACKS_ORIGINAL_EXACT_GENE_LINK,REPRESENTATIVE_LACKS_ORIGINAL_EXACT_GENE_LINK,docs/audits/ubuntu_DE_2026-10-08/significant_protein_coding_degs.csv,c9bf672d38f877361b3132065884d3a02e3132bcbf9901656b9f2cb04fdf3130,0.1.0
03,gene,ENSMUSG00000047446,pass,RESOLVED_EXPLICIT_GENE_CENTRIC_REPRESENTATIVE,RESOLVED_EXPLICIT_GENE_CENTRIC_REPRESENTATIVE,docs/audits/ubuntu_DE_2026-10-08/significant_protein_coding_degs.csv,c9bf672d38f877361b3132065884d3a02e3132bcbf9901656b9f2cb04fdf3130,0.1.0
03,gene,ENSMUSG00000001999,pass,RESOLVED_EXPLICIT_GENE_CENTRIC_REPRESENTATIVE,RESOLVED_EXPLICIT_GENE_CENTRIC_REPRESENTATIVE,docs/audits/ubuntu_DE_2026-10-08/significant_protein_coding_degs.csv,c9bf672d38f877361b3132065884d3a02e3132bcbf9901656b9f2cb04fdf3130,0.1.0
03,gene,ENSMUSG00000020994,held,REPRESENTATIVE_LACKS_ORIGINAL_EXACT_GENE_LINK,REPRESENTATIVE_LACKS_ORIGINAL_EXACT_GENE_LINK,docs/audits/ubuntu_DE_2026-10-08/significant_protein_coding_degs.csv,c9bf672d38f877361b3132065884d3a02e3132bcbf9901656b9f2cb04fdf3130,0.1.0
03,gene,ENSMUSG00000094910,pass,PASS_CURRENT_EXACT_XREF_DISPLAYED_SEQUENCE,PASS_CURRENT_EXACT_XREF_DISPLAYED_SEQUENCE,docs/audits/ubuntu_DE_2026-10-08/significant_protein_coding_degs.csv,c9bf672d38f877361b3132065884d3a02e3132bcbf9901656b9f2cb04fdf3130,0.1.0
03,gene,ENSMUSG00000028862,pass,PASS_CURRENT_EXACT_XREF_DISPLAYED_SEQUENCE,PASS_CURRENT_EXACT_XREF_DISPLAYED_SEQUENCE,docs/audits/ubuntu_DE_2026-10-08/significant_protein_coding_degs.csv,c9bf672d38f877361b3132065884d3a02e3132bcbf9901656b9f2cb04fdf3130,0.1.0
03,gene,ENSMUSG00000005413,pass,PASS_CURRENT_EXACT_XREF_DISPLAYED_SEQUENCE,PASS_CURRENT_EXACT_XREF_DISPLAYED_SEQUENCE,docs/audits/ubuntu_DE_2026-10-08/significant_protein_coding_degs.csv,c9bf672d38f877361b3132065884d3a02e3132bcbf9901656b9f2cb04fdf3130,0.1.0
03,gene,ENSMUSG00000029456,pass,PASS_CURRENT_EXACT_XREF_DISPLAYED_SEQUENCE,PASS_CURRENT_EXACT_XREF_DISPLAYED_SEQUENCE,docs/audits/ubuntu_DE_2026-10-08/significant_protein_coding_degs.csv,c9bf672d38f877361b3132065884d3a02e3132bcbf9901656b9f2cb04fdf3130,0.1.0
03,gene,ENSMUSG00000037428,pass,RESOLVED_EXPLICIT_GENE_CENTRIC_REPRESENTATIVE,RESOLVED_EXPLICIT_GENE_CENTRIC_REPRESENTATIVE,docs/audits/ubuntu_DE_2026-10-08/significant_protein_coding_degs.csv,c9bf672d38f877361b3132065884d3a02e3132bcbf9901656b9f2cb04fdf3130,0.1.0
03,gene,ENSMUSG00000044881,pass,PASS_CURRENT_EXACT_XREF_DISPLAYED_SEQUENCE,PASS_CURRENT_EXACT_XREF_DISPLAYED_SEQUENCE,docs/audits/ubuntu_DE_2026-10-08/significant_protein_coding_degs.csv,c9bf672d38f877361b3132065884d3a02e3132bcbf9901656b9f2cb04fdf3130,0.1.0
03,gene,ENSMUSG00000030898,pass,RESOLVED_EXPLICIT_GENE_CENTRIC_REPRESENTATIVE,RESOLVED_EXPLICIT_GENE_CENTRIC_REPRESENTATIVE,docs/audits/ubuntu_DE_2026-10-08/significant_protein_coding_degs.csv,c9bf672d38f877361b3132065884d3a02e3132bcbf9901656b9f2cb04fdf3130,0.1.0
03,gene,ENSMUSG00000069085,pass,PASS_CURRENT_EXACT_XREF_DISPLAYED_SEQUENCE,PASS_CURRENT_EXACT_XREF_DISPLAYED_SEQUENCE,docs/audits/ubuntu_DE_2026-10-08/significant_protein_coding_degs.csv,c9bf672d38f877361b3132065884d3a02e3132bcbf9901656b9f2cb04fdf3130,0.1.0
03,gene,ENSMUSG00000021668,pass,RESOLVED_EXPLICIT_GENE_CENTRIC_REPRESENTATIVE,RESOLVED_EXPLICIT_GENE_CENTRIC_REPRESENTATIVE,docs/audits/ubuntu_DE_2026-10-08/significant_protein_coding_degs.csv,c9bf672d38f877361b3132065884d3a02e3132bcbf9901656b9f2cb04fdf3130,0.1.0
03,gene,ENSMUSG00000036678,pass,RESOLVED_EXPLICIT_GENE_CENTRIC_REPRESENTATIVE,RESOLVED_EXPLICIT_GENE_CENTRIC_REPRESENTATIVE,docs/audits/ubuntu_DE_2026-10-08/significant_protein_coding_degs.csv,c9bf672d38f877361b3132065884d3a02e3132bcbf9901656b9f2cb04fdf3130,0.1.0
03,gene,ENSMUSG00000031283,pass,RESOLVED_EXPLICIT_GENE_CENTRIC_REPRESENTATIVE,RESOLVED_EXPLICIT_GENE_CENTRIC_REPRESENTATIVE,docs/audits/ubuntu_DE_2026-10-08/significant_protein_coding_degs.csv,c9bf672d38f877361b3132065884d3a02e3132bcbf9901656b9f2cb04fdf3130,0.1.0
03,gene,ENSMUSG00000079845,pass,RESOLVED_EXPLICIT_GENE_CENTRIC_REPRESENTATIVE,RESOLVED_EXPLICIT_GENE_CENTRIC_REPRESENTATIVE,docs/audits/ubuntu_DE_2026-10-08/significant_protein_coding_degs.csv,c9bf672d38f877361b3132065884d3a02e3132bcbf9901656b9f2cb04fdf3130,0.1.0
03,gene,ENSMUSG00000025784,pass,PASS_CURRENT_EXACT_XREF_DISPLAYED_SEQUENCE,PASS_CURRENT_EXACT_XREF_DISPLAYED_SEQUENCE,docs/audits/ubuntu_DE_2026-10-08/significant_protein_coding_degs.csv,c9bf672d38f877361b3132065884d3a02e3132bcbf9901656b9f2cb04fdf3130,0.1.0
03,gene,ENSMUSG00000028809,held,REPRESENTATIVE_LACKS_ORIGINAL_EXACT_GENE_LINK,REPRESENTATIVE_LACKS_ORIGINAL_EXACT_GENE_LINK,docs/audits/ubuntu_DE_2026-10-08/significant_protein_coding_degs.csv,c9bf672d38f877361b3132065884d3a02e3132bcbf9901656b9f2cb04fdf3130,0.1.0
03,gene,ENSMUSG00000038742,pass,PASS_CURRENT_EXACT_XREF_DISPLAYED_SEQUENCE,PASS_CURRENT_EXACT_XREF_DISPLAYED_SEQUENCE,docs/audits/ubuntu_DE_2026-10-08/significant_protein_coding_degs.csv,c9bf672d38f877361b3132065884d3a02e3132bcbf9901656b9f2cb04fdf3130,0.1.0
03,gene,ENSMUSG00000042312,pass,RESOLVED_EXPLICIT_GENE_CENTRIC_REPRESENTATIVE,RESOLVED_EXPLICIT_GENE_CENTRIC_REPRESENTATIVE,docs/audits/ubuntu_DE_2026-10-08/significant_protein_coding_degs.csv,c9bf672d38f877361b3132065884d3a02e3132bcbf9901656b9f2cb04fdf3130,0.1.0
03,gene,ENSMUSG00000027947,pass,RESOLVED_EXPLICIT_GENE_CENTRIC_REPRESENTATIVE,RESOLVED_EXPLICIT_GENE_CENTRIC_REPRESENTATIVE,docs/audits/ubuntu_DE_2026-10-08/significant_protein_coding_degs.csv,c9bf672d38f877361b3132065884d3a02e3132bcbf9901656b9f2cb04fdf3130,0.1.0
03,gene,ENSMUSG00000041939,pass,RESOLVED_EXPLICIT_GENE_CENTRIC_REPRESENTATIVE,RESOLVED_EXPLICIT_GENE_CENTRIC_REPRESENTATIVE,docs/audits/ubuntu_DE_2026-10-08/significant_protein_coding_degs.csv,c9bf672d38f877361b3132065884d3a02e3132bcbf9901656b9f2cb04fdf3130,0.1.0
03,gene,ENSMUSG00000058966,pass,RESOLVED_EXPLICIT_GENE_CENTRIC_REPRESENTATIVE,RESOLVED_EXPLICIT_GENE_CENTRIC_REPRESENTATIVE,docs/audits/ubuntu_DE_2026-10-08/significant_protein_coding_degs.csv,c9bf672d38f877361b3132065884d3a02e3132bcbf9901656b9f2cb04fdf3130,0.1.0
03,gene,ENSMUSG00000054863,pass,PASS_CURRENT_EXACT_XREF_DISPLAYED_SEQUENCE,PASS_CURRENT_EXACT_XREF_DISPLAYED_SEQUENCE,docs/audits/ubuntu_DE_2026-10-08/significant_protein_coding_degs.csv,c9bf672d38f877361b3132065884d3a02e3132bcbf9901656b9f2cb04fdf3130,0.1.0
03,gene,ENSMUSG00000037601,pass,RESOLVED_EXPLICIT_GENE_CENTRIC_REPRESENTATIVE,RESOLVED_EXPLICIT_GENE_CENTRIC_REPRESENTATIVE,docs/audits/ubuntu_DE_2026-10-08/significant_protein_coding_degs.csv,c9bf672d38f877361b3132065884d3a02e3132bcbf9901656b9f2cb04fdf3130,0.1.0
03,gene,ENSMUSG00000073802,pass,PASS_CURRENT_EXACT_XREF_DISPLAYED_SEQUENCE,PASS_CURRENT_EXACT_XREF_DISPLAYED_SEQUENCE,docs/audits/ubuntu_DE_2026-10-08/significant_protein_coding_degs.csv,c9bf672d38f877361b3132065884d3a02e3132bcbf9901656b9f2cb04fdf3130,0.1.0
03,gene,ENSMUSG00000022112,pass,RESOLVED_EXPLICIT_GENE_CENTRIC_REPRESENTATIVE,RESOLVED_EXPLICIT_GENE_CENTRIC_REPRESENTATIVE,docs/audits/ubuntu_DE_2026-10-08/significant_protein_coding_degs.csv,c9bf672d38f877361b3132065884d3a02e3132bcbf9901656b9f2cb04fdf3130,0.1.0
03,gene,ENSMUSG00000036863,pass,RESOLVED_EXPLICIT_GENE_CENTRIC_REPRESENTATIVE,RESOLVED_EXPLICIT_GENE_CENTRIC_REPRESENTATIVE,docs/audits/ubuntu_DE_2026-10-08/significant_protein_coding_degs.csv,c9bf672d38f877361b3132065884d3a02e3132bcbf9901656b9f2cb04fdf3130,0.1.0
03,gene,ENSMUSG00000051495,pass,PASS_CURRENT_EXACT_XREF_DISPLAYED_SEQUENCE,PASS_CURRENT_EXACT_XREF_DISPLAYED_SEQUENCE,docs/audits/ubuntu_DE_2026-10-08/significant_protein_coding_degs.csv,c9bf672d38f877361b3132065884d3a02e3132bcbf9901656b9f2cb04fdf3130,0.1.0
03,gene,ENSMUSG00000020395,pass,RESOLVED_EXPLICIT_GENE_CENTRIC_REPRESENTATIVE,RESOLVED_EXPLICIT_GENE_CENTRIC_REPRESENTATIVE,docs/audits/ubuntu_DE_2026-10-08/significant_protein_coding_degs.csv,c9bf672d38f877361b3132065884d3a02e3132bcbf9901656b9f2cb04fdf3130,0.1.0
03,gene,ENSMUSG00000024427,pass,PASS_CURRENT_EXACT_XREF_DISPLAYED_SEQUENCE,PASS_CURRENT_EXACT_XREF_DISPLAYED_SEQUENCE,docs/audits/ubuntu_DE_2026-10-08/significant_protein_coding_degs.csv,c9bf672d38f877361b3132065884d3a02e3132bcbf9901656b9f2cb04fdf3130,0.1.0
03,gene,ENSMUSG00000030994,pass,RESOLVED_EXPLICIT_GENE_CENTRIC_REPRESENTATIVE,RESOLVED_EXPLICIT_GENE_CENTRIC_REPRESENTATIVE,docs/audits/ubuntu_DE_2026-10-08/significant_protein_coding_degs.csv,c9bf672d38f877361b3132065884d3a02e3132bcbf9901656b9f2cb04fdf3130,0.1.0
03,gene,ENSMUSG00000001741,pass,RESOLVED_EXPLICIT_GENE_CENTRIC_REPRESENTATIVE,RESOLVED_EXPLICIT_GENE_CENTRIC_REPRESENTATIVE,docs/audits/ubuntu_DE_2026-10-08/significant_protein_coding_degs.csv,c9bf672d38f877361b3132065884d3a02e3132bcbf9901656b9f2cb04fdf3130,0.1.0
03,gene,ENSMUSG00000024066,pass,RESOLVED_EXPLICIT_GENE_CENTRIC_REPRESENTATIVE,RESOLVED_EXPLICIT_GENE_CENTRIC_REPRESENTATIVE,docs/audits/ubuntu_DE_2026-10-08/significant_protein_coding_degs.csv,c9bf672d38f877361b3132065884d3a02e3132bcbf9901656b9f2cb04fdf3130,0.1.0
03,gene,ENSMUSG00000036972,pass,RESOLVED_EXPLICIT_GENE_CENTRIC_REPRESENTATIVE,RESOLVED_EXPLICIT_GENE_CENTRIC_REPRESENTATIVE,docs/audits/ubuntu_DE_2026-10-08/significant_protein_coding_degs.csv,c9bf672d38f877361b3132065884d3a02e3132bcbf9901656b9f2cb04fdf3130,0.1.0
03,gene,ENSMUSG00000022013,pass,RESOLVED_EXPLICIT_GENE_CENTRIC_REPRESENTATIVE,RESOLVED_EXPLICIT_GENE_CENTRIC_REPRESENTATIVE,docs/audits/ubuntu_DE_2026-10-08/significant_protein_coding_degs.csv,c9bf672d38f877361b3132065884d3a02e3132bcbf9901656b9f2cb04fdf3130,0.1.0
03,gene,ENSMUSG00000030147,pass,RESOLVED_EXPLICIT_GENE_CENTRIC_REPRESENTATIVE,RESOLVED_EXPLICIT_GENE_CENTRIC_REPRESENTATIVE,docs/audits/ubuntu_DE_2026-10-08/significant_protein_coding_degs.csv,c9bf672d38f877361b3132065884d3a02e3132bcbf9901656b9f2cb04fdf3130,0.1.0
03,gene,ENSMUSG00000041889,pass,PASS_CURRENT_EXACT_XREF_DISPLAYED_SEQUENCE,PASS_CURRENT_EXACT_XREF_DISPLAYED_SEQUENCE,docs/audits/ubuntu_DE_2026-10-08/significant_protein_coding_degs.csv,c9bf672d38f877361b3132065884d3a02e3132bcbf9901656b9f2cb04fdf3130,0.1.0
03,gene,ENSMUSG00000030562,pass,RESOLVED_EXPLICIT_GENE_CENTRIC_REPRESENTATIVE,RESOLVED_EXPLICIT_GENE_CENTRIC_REPRESENTATIVE,docs/audits/ubuntu_DE_2026-10-08/significant_protein_coding_degs.csv,c9bf672d38f877361b3132065884d3a02e3132bcbf9901656b9f2cb04fdf3130,0.1.0
03,gene,ENSMUSG00000026977,pass,RESOLVED_EXPLICIT_GENE_CENTRIC_REPRESENTATIVE,RESOLVED_EXPLICIT_GENE_CENTRIC_REPRESENTATIVE,docs/audits/ubuntu_DE_2026-10-08/significant_protein_coding_degs.csv,c9bf672d38f877361b3132065884d3a02e3132bcbf9901656b9f2cb04fdf3130,0.1.0
03,gene,ENSMUSG00000020547,pass,RESOLVED_EXPLICIT_GENE_CENTRIC_REPRESENTATIVE,RESOLVED_EXPLICIT_GENE_CENTRIC_REPRESENTATIVE,docs/audits/ubuntu_DE_2026-10-08/significant_protein_coding_degs.csv,c9bf672d38f877361b3132065884d3a02e3132bcbf9901656b9f2cb04fdf3130,0.1.0
03,gene,ENSMUSG00000032218,pass,PASS_CURRENT_EXACT_XREF_DISPLAYED_SEQUENCE,PASS_CURRENT_EXACT_XREF_DISPLAYED_SEQUENCE,docs/audits/ubuntu_DE_2026-10-08/significant_protein_coding_degs.csv,c9bf672d38f877361b3132065884d3a02e3132bcbf9901656b9f2cb04fdf3130,0.1.0
03,gene,ENSMUSG00000038496,pass,PASS_CURRENT_EXACT_XREF_DISPLAYED_SEQUENCE,PASS_CURRENT_EXACT_XREF_DISPLAYED_SEQUENCE,docs/audits/ubuntu_DE_2026-10-08/significant_protein_coding_degs.csv,c9bf672d38f877361b3132065884d3a02e3132bcbf9901656b9f2cb04fdf3130,0.1.0
03,gene,ENSMUSG00000078578,pass,RESOLVED_EXPLICIT_GENE_CENTRIC_REPRESENTATIVE,RESOLVED_EXPLICIT_GENE_CENTRIC_REPRESENTATIVE,docs/audits/ubuntu_DE_2026-10-08/significant_protein_coding_degs.csv,c9bf672d38f877361b3132065884d3a02e3132bcbf9901656b9f2cb04fdf3130,0.1.0
03,gene,ENSMUSG00000004455,pass,RESOLVED_EXPLICIT_GENE_CENTRIC_REPRESENTATIVE,RESOLVED_EXPLICIT_GENE_CENTRIC_REPRESENTATIVE,docs/audits/ubuntu_DE_2026-10-08/significant_protein_coding_degs.csv,c9bf672d38f877361b3132065884d3a02e3132bcbf9901656b9f2cb04fdf3130,0.1.0
03,gene,ENSMUSG00000021236,pass,RESOLVED_EXPLICIT_GENE_CENTRIC_REPRESENTATIVE,RESOLVED_EXPLICIT_GENE_CENTRIC_REPRESENTATIVE,docs/audits/ubuntu_DE_2026-10-08/significant_protein_coding_degs.csv,c9bf672d38f877361b3132065884d3a02e3132bcbf9901656b9f2cb04fdf3130,0.1.0
03,gene,ENSMUSG00000070934,pass,PASS_CURRENT_EXACT_XREF_DISPLAYED_SEQUENCE,PASS_CURRENT_EXACT_XREF_DISPLAYED_SEQUENCE,docs/audits/ubuntu_DE_2026-10-08/significant_protein_coding_degs.csv,c9bf672d38f877361b3132065884d3a02e3132bcbf9901656b9f2cb04fdf3130,0.1.0
03,gene,ENSMUSG00000074259,pass,RESOLVED_EXPLICIT_GENE_CENTRIC_REPRESENTATIVE,RESOLVED_EXPLICIT_GENE_CENTRIC_REPRESENTATIVE,docs/audits/ubuntu_DE_2026-10-08/significant_protein_coding_degs.csv,c9bf672d38f877361b3132065884d3a02e3132bcbf9901656b9f2cb04fdf3130,0.1.0
03,gene,ENSMUSG00000091712,pass,PASS_CURRENT_EXACT_XREF_DISPLAYED_SEQUENCE,PASS_CURRENT_EXACT_XREF_DISPLAYED_SEQUENCE,docs/audits/ubuntu_DE_2026-10-08/significant_protein_coding_degs.csv,c9bf672d38f877361b3132065884d3a02e3132bcbf9901656b9f2cb04fdf3130,0.1.0
03,gene,ENSMUSG00000028128,held,REPRESENTATIVE_LACKS_ORIGINAL_EXACT_GENE_LINK,REPRESENTATIVE_LACKS_ORIGINAL_EXACT_GENE_LINK,docs/audits/ubuntu_DE_2026-10-08/significant_protein_coding_degs.csv,c9bf672d38f877361b3132065884d3a02e3132bcbf9901656b9f2cb04fdf3130,0.1.0
03,gene,ENSMUSG00000032127,pass,RESOLVED_EXPLICIT_GENE_CENTRIC_REPRESENTATIVE,RESOLVED_EXPLICIT_GENE_CENTRIC_REPRESENTATIVE,docs/audits/ubuntu_DE_2026-10-08/significant_protein_coding_degs.csv,c9bf672d38f877361b3132065884d3a02e3132bcbf9901656b9f2cb04fdf3130,0.1.0
03,gene,ENSMUSG00000043017,pass,RESOLVED_EXPLICIT_GENE_CENTRIC_REPRESENTATIVE,RESOLVED_EXPLICIT_GENE_CENTRIC_REPRESENTATIVE,docs/audits/ubuntu_DE_2026-10-08/significant_protein_coding_degs.csv,c9bf672d38f877361b3132065884d3a02e3132bcbf9901656b9f2cb04fdf3130,0.1.0
03,gene,ENSMUSG00000045259,pass,PASS_CURRENT_EXACT_XREF_DISPLAYED_SEQUENCE,PASS_CURRENT_EXACT_XREF_DISPLAYED_SEQUENCE,docs/audits/ubuntu_DE_2026-10-08/significant_protein_coding_degs.csv,c9bf672d38f877361b3132065884d3a02e3132bcbf9901656b9f2cb04fdf3130,0.1.0
03,gene,ENSMUSG00000038064,pass,PASS_CURRENT_EXACT_XREF_DISPLAYED_SEQUENCE,PASS_CURRENT_EXACT_XREF_DISPLAYED_SEQUENCE,docs/audits/ubuntu_DE_2026-10-08/significant_protein_coding_degs.csv,c9bf672d38f877361b3132065884d3a02e3132bcbf9901656b9f2cb04fdf3130,0.1.0
03,gene,ENSMUSG00000029484,pass,RESOLVED_EXPLICIT_GENE_CENTRIC_REPRESENTATIVE,RESOLVED_EXPLICIT_GENE_CENTRIC_REPRESENTATIVE,docs/audits/ubuntu_DE_2026-10-08/significant_protein_coding_degs.csv,c9bf672d38f877361b3132065884d3a02e3132bcbf9901656b9f2cb04fdf3130,0.1.0
03,gene,ENSMUSG00000022244,pass,PASS_CURRENT_EXACT_XREF_DISPLAYED_SEQUENCE,PASS_CURRENT_EXACT_XREF_DISPLAYED_SEQUENCE,docs/audits/ubuntu_DE_2026-10-08/significant_protein_coding_degs.csv,c9bf672d38f877361b3132065884d3a02e3132bcbf9901656b9f2cb04fdf3130,0.1.0
03,gene,ENSMUSG00000024411,held,REPRESENTATIVE_ONLY_NONCANONICAL_OR_UNRESOLVED_ISOFORM_XREF,REPRESENTATIVE_ONLY_NONCANONICAL_OR_UNRESOLVED_ISOFORM_XREF,docs/audits/ubuntu_DE_2026-10-08/significant_protein_coding_degs.csv,c9bf672d38f877361b3132065884d3a02e3132bcbf9901656b9f2cb04fdf3130,0.1.0
03,gene,ENSMUSG00000027412,pass,RESOLVED_EXPLICIT_GENE_CENTRIC_REPRESENTATIVE,RESOLVED_EXPLICIT_GENE_CENTRIC_REPRESENTATIVE,docs/audits/ubuntu_DE_2026-10-08/significant_protein_coding_degs.csv,c9bf672d38f877361b3132065884d3a02e3132bcbf9901656b9f2cb04fdf3130,0.1.0
03,gene,ENSMUSG00000029306,pass,PASS_CURRENT_EXACT_XREF_DISPLAYED_SEQUENCE,PASS_CURRENT_EXACT_XREF_DISPLAYED_SEQUENCE,docs/audits/ubuntu_DE_2026-10-08/significant_protein_coding_degs.csv,c9bf672d38f877361b3132065884d3a02e3132bcbf9901656b9f2cb04fdf3130,0.1.0
03,gene,ENSMUSG00000032018,pass,RESOLVED_EXPLICIT_GENE_CENTRIC_REPRESENTATIVE,RESOLVED_EXPLICIT_GENE_CENTRIC_REPRESENTATIVE,docs/audits/ubuntu_DE_2026-10-08/significant_protein_coding_degs.csv,c9bf672d38f877361b3132065884d3a02e3132bcbf9901656b9f2cb04fdf3130,0.1.0
03,gene,ENSMUSG00000040592,pass,RESOLVED_EXPLICIT_GENE_CENTRIC_REPRESENTATIVE,RESOLVED_EXPLICIT_GENE_CENTRIC_REPRESENTATIVE,docs/audits/ubuntu_DE_2026-10-08/significant_protein_coding_degs.csv,c9bf672d38f877361b3132065884d3a02e3132bcbf9901656b9f2cb04fdf3130,0.1.0
03,gene,ENSMUSG00000056313,pass,PASS_CURRENT_EXACT_XREF_DISPLAYED_SEQUENCE,PASS_CURRENT_EXACT_XREF_DISPLAYED_SEQUENCE,docs/audits/ubuntu_DE_2026-10-08/significant_protein_coding_degs.csv,c9bf672d38f877361b3132065884d3a02e3132bcbf9901656b9f2cb04fdf3130,0.1.0
03,gene,ENSMUSG00000003206,pass,PASS_CURRENT_EXACT_XREF_DISPLAYED_SEQUENCE,PASS_CURRENT_EXACT_XREF_DISPLAYED_SEQUENCE,docs/audits/ubuntu_DE_2026-10-08/significant_protein_coding_degs.csv,c9bf672d38f877361b3132065884d3a02e3132bcbf9901656b9f2cb04fdf3130,0.1.0
03,gene,ENSMUSG00000009013,pass,PASS_CURRENT_EXACT_XREF_DISPLAYED_SEQUENCE,PASS_CURRENT_EXACT_XREF_DISPLAYED_SEQUENCE,docs/audits/ubuntu_DE_2026-10-08/significant_protein_coding_degs.csv,c9bf672d38f877361b3132065884d3a02e3132bcbf9901656b9f2cb04fdf3130,0.1.0
03,gene,ENSMUSG00000028613,pass,RESOLVED_EXPLICIT_GENE_CENTRIC_REPRESENTATIVE,RESOLVED_EXPLICIT_GENE_CENTRIC_REPRESENTATIVE,docs/audits/ubuntu_DE_2026-10-08/significant_protein_coding_degs.csv,c9bf672d38f877361b3132065884d3a02e3132bcbf9901656b9f2cb04fdf3130,0.1.0
03,gene,ENSMUSG00000006344,pass,RESOLVED_EXPLICIT_GENE_CENTRIC_REPRESENTATIVE,RESOLVED_EXPLICIT_GENE_CENTRIC_REPRESENTATIVE,docs/audits/ubuntu_DE_2026-10-08/significant_protein_coding_degs.csv,c9bf672d38f877361b3132065884d3a02e3132bcbf9901656b9f2cb04fdf3130,0.1.0
03,gene,ENSMUSG00000040272,pass,RESOLVED_EXPLICIT_GENE_CENTRIC_REPRESENTATIVE,RESOLVED_EXPLICIT_GENE_CENTRIC_REPRESENTATIVE,docs/audits/ubuntu_DE_2026-10-08/significant_protein_coding_degs.csv,c9bf672d38f877361b3132065884d3a02e3132bcbf9901656b9f2cb04fdf3130,0.1.0
03,gene,ENSMUSG00000052911,pass,RESOLVED_EXPLICIT_GENE_CENTRIC_REPRESENTATIVE,RESOLVED_EXPLICIT_GENE_CENTRIC_REPRESENTATIVE,docs/audits/ubuntu_DE_2026-10-08/significant_protein_coding_degs.csv,c9bf672d38f877361b3132065884d3a02e3132bcbf9901656b9f2cb04fdf3130,0.1.0
03,gene,ENSMUSG00000048970,pass,PASS_CURRENT_EXACT_XREF_DISPLAYED_SEQUENCE,PASS_CURRENT_EXACT_XREF_DISPLAYED_SEQUENCE,docs/audits/ubuntu_DE_2026-10-08/significant_protein_coding_degs.csv,c9bf672d38f877361b3132065884d3a02e3132bcbf9901656b9f2cb04fdf3130,0.1.0
03,gene,ENSMUSG00000035242,pass,RESOLVED_EXPLICIT_GENE_CENTRIC_REPRESENTATIVE,RESOLVED_EXPLICIT_GENE_CENTRIC_REPRESENTATIVE,docs/audits/ubuntu_DE_2026-10-08/significant_protein_coding_degs.csv,c9bf672d38f877361b3132065884d3a02e3132bcbf9901656b9f2cb04fdf3130,0.1.0
03,gene,ENSMUSG00000003477,pass,PASS_CURRENT_EXACT_XREF_DISPLAYED_SEQUENCE,PASS_CURRENT_EXACT_XREF_DISPLAYED_SEQUENCE,docs/audits/ubuntu_DE_2026-10-08/significant_protein_coding_degs.csv,c9bf672d38f877361b3132065884d3a02e3132bcbf9901656b9f2cb04fdf3130,0.1.0
03,gene,ENSMUSG00000009596,pass,RESOLVED_EXPLICIT_GENE_CENTRIC_REPRESENTATIVE,RESOLVED_EXPLICIT_GENE_CENTRIC_REPRESENTATIVE,docs/audits/ubuntu_DE_2026-10-08/significant_protein_coding_degs.csv,c9bf672d38f877361b3132065884d3a02e3132bcbf9901656b9f2cb04fdf3130,0.1.0
03,gene,ENSMUSG00000030208,pass,RESOLVED_EXPLICIT_GENE_CENTRIC_REPRESENTATIVE,RESOLVED_EXPLICIT_GENE_CENTRIC_REPRESENTATIVE,docs/audits/ubuntu_DE_2026-10-08/significant_protein_coding_degs.csv,c9bf672d38f877361b3132065884d3a02e3132bcbf9901656b9f2cb04fdf3130,0.1.0
03,gene,ENSMUSG00000030319,pass,PASS_CURRENT_EXACT_XREF_DISPLAYED_SEQUENCE,PASS_CURRENT_EXACT_XREF_DISPLAYED_SEQUENCE,docs/audits/ubuntu_DE_2026-10-08/significant_protein_coding_degs.csv,c9bf672d38f877361b3132065884d3a02e3132bcbf9901656b9f2cb04fdf3130,0.1.0
03,gene,ENSMUSG00000007777,pass,PASS_CURRENT_EXACT_XREF_DISPLAYED_SEQUENCE,PASS_CURRENT_EXACT_XREF_DISPLAYED_SEQUENCE,docs/audits/ubuntu_DE_2026-10-08/significant_protein_coding_degs.csv,c9bf672d38f877361b3132065884d3a02e3132bcbf9901656b9f2cb04fdf3130,0.1.0
03,gene,ENSMUSG00000028086,pass,RESOLVED_EXPLICIT_GENE_CENTRIC_REPRESENTATIVE,RESOLVED_EXPLICIT_GENE_CENTRIC_REPRESENTATIVE,docs/audits/ubuntu_DE_2026-10-08/significant_protein_coding_degs.csv,c9bf672d38f877361b3132065884d3a02e3132bcbf9901656b9f2cb04fdf3130,0.1.0
03,gene,ENSMUSG00000074218,pass,RESOLVED_EXPLICIT_GENE_CENTRIC_REPRESENTATIVE,RESOLVED_EXPLICIT_GENE_CENTRIC_REPRESENTATIVE,docs/audits/ubuntu_DE_2026-10-08/significant_protein_coding_degs.csv,c9bf672d38f877361b3132065884d3a02e3132bcbf9901656b9f2cb04fdf3130,0.1.0
03,gene,ENSMUSG00000018507,pass,PASS_CURRENT_EXACT_XREF_DISPLAYED_SEQUENCE,PASS_CURRENT_EXACT_XREF_DISPLAYED_SEQUENCE,docs/audits/ubuntu_DE_2026-10-08/significant_protein_coding_degs.csv,c9bf672d38f877361b3132065884d3a02e3132bcbf9901656b9f2cb04fdf3130,0.1.0
03,gene,ENSMUSG00000046447,pass,PASS_CURRENT_EXACT_XREF_DISPLAYED_SEQUENCE,PASS_CURRENT_EXACT_XREF_DISPLAYED_SEQUENCE,docs/audits/ubuntu_DE_2026-10-08/significant_protein_coding_degs.csv,c9bf672d38f877361b3132065884d3a02e3132bcbf9901656b9f2cb04fdf3130,0.1.0
03,gene,ENSMUSG00000019461,pass,RESOLVED_EXPLICIT_GENE_CENTRIC_REPRESENTATIVE,RESOLVED_EXPLICIT_GENE_CENTRIC_REPRESENTATIVE,docs/audits/ubuntu_DE_2026-10-08/significant_protein_coding_degs.csv,c9bf672d38f877361b3132065884d3a02e3132bcbf9901656b9f2cb04fdf3130,0.1.0
03,gene,ENSMUSG00000001497,pass,PASS_CURRENT_EXACT_XREF_DISPLAYED_SEQUENCE,PASS_CURRENT_EXACT_XREF_DISPLAYED_SEQUENCE,docs/audits/ubuntu_DE_2026-10-08/significant_protein_coding_degs.csv,c9bf672d38f877361b3132065884d3a02e3132bcbf9901656b9f2cb04fdf3130,0.1.0
03,gene,ENSMUSG00000000938,pass,PASS_CURRENT_EXACT_XREF_DISPLAYED_SEQUENCE,PASS_CURRENT_EXACT_XREF_DISPLAYED_SEQUENCE,docs/audits/ubuntu_DE_2026-10-08/significant_protein_coding_degs.csv,c9bf672d38f877361b3132065884d3a02e3132bcbf9901656b9f2cb04fdf3130,0.1.0
03,gene,ENSMUSG00000039307,pass,RESOLVED_EXPLICIT_GENE_CENTRIC_REPRESENTATIVE,RESOLVED_EXPLICIT_GENE_CENTRIC_REPRESENTATIVE,docs/audits/ubuntu_DE_2026-10-08/significant_protein_coding_degs.csv,c9bf672d38f877361b3132065884d3a02e3132bcbf9901656b9f2cb04fdf3130,0.1.0
03,gene,ENSMUSG00000028398,pass,PASS_CURRENT_EXACT_XREF_DISPLAYED_SEQUENCE,PASS_CURRENT_EXACT_XREF_DISPLAYED_SEQUENCE,docs/audits/ubuntu_DE_2026-10-08/significant_protein_coding_degs.csv,c9bf672d38f877361b3132065884d3a02e3132bcbf9901656b9f2cb04fdf3130,0.1.0
03,gene,ENSMUSG00000030214,pass,PASS_CURRENT_EXACT_XREF_DISPLAYED_SEQUENCE,PASS_CURRENT_EXACT_XREF_DISPLAYED_SEQUENCE,docs/audits/ubuntu_DE_2026-10-08/significant_protein_coding_degs.csv,c9bf672d38f877361b3132065884d3a02e3132bcbf9901656b9f2cb04fdf3130,0.1.0
03,gene,ENSMUSG00000016552,pass,PASS_CURRENT_EXACT_XREF_DISPLAYED_SEQUENCE,PASS_CURRENT_EXACT_XREF_DISPLAYED_SEQUENCE,docs/audits/ubuntu_DE_2026-10-08/significant_protein_coding_degs.csv,c9bf672d38f877361b3132065884d3a02e3132bcbf9901656b9f2cb04fdf3130,0.1.0
03,gene,ENSMUSG00000048387,pass,RESOLVED_EXPLICIT_GENE_CENTRIC_REPRESENTATIVE,RESOLVED_EXPLICIT_GENE_CENTRIC_REPRESENTATIVE,docs/audits/ubuntu_DE_2026-10-08/significant_protein_coding_degs.csv,c9bf672d38f877361b3132065884d3a02e3132bcbf9901656b9f2cb04fdf3130,0.1.0
03,gene,ENSMUSG00000050910,pass,PASS_CURRENT_EXACT_XREF_DISPLAYED_SEQUENCE,PASS_CURRENT_EXACT_XREF_DISPLAYED_SEQUENCE,docs/audits/ubuntu_DE_2026-10-08/significant_protein_coding_degs.csv,c9bf672d38f877361b3132065884d3a02e3132bcbf9901656b9f2cb04fdf3130,0.1.0
03,gene,ENSMUSG00000031149,pass,PASS_CURRENT_EXACT_XREF_DISPLAYED_SEQUENCE,PASS_CURRENT_EXACT_XREF_DISPLAYED_SEQUENCE,docs/audits/ubuntu_DE_2026-10-08/significant_protein_coding_degs.csv,c9bf672d38f877361b3132065884d3a02e3132bcbf9901656b9f2cb04fdf3130,0.1.0
03,gene,ENSMUSG00000002249,pass,RESOLVED_EXPLICIT_GENE_CENTRIC_REPRESENTATIVE,RESOLVED_EXPLICIT_GENE_CENTRIC_REPRESENTATIVE,docs/audits/ubuntu_DE_2026-10-08/significant_protein_coding_degs.csv,c9bf672d38f877361b3132065884d3a02e3132bcbf9901656b9f2cb04fdf3130,0.1.0
03,gene,ENSMUSG00000005312,pass,RESOLVED_EXPLICIT_GENE_CENTRIC_REPRESENTATIVE,RESOLVED_EXPLICIT_GENE_CENTRIC_REPRESENTATIVE,docs/audits/ubuntu_DE_2026-10-08/significant_protein_coding_degs.csv,c9bf672d38f877361b3132065884d3a02e3132bcbf9901656b9f2cb04fdf3130,0.1.0
03,gene,ENSMUSG00000023075,pass,PASS_CURRENT_EXACT_XREF_DISPLAYED_SEQUENCE,PASS_CURRENT_EXACT_XREF_DISPLAYED_SEQUENCE,docs/audits/ubuntu_DE_2026-10-08/significant_protein_coding_degs.csv,c9bf672d38f877361b3132065884d3a02e3132bcbf9901656b9f2cb04fdf3130,0.1.0
03,gene,ENSMUSG00000039831,pass,RESOLVED_EXPLICIT_GENE_CENTRIC_REPRESENTATIVE,RESOLVED_EXPLICIT_GENE_CENTRIC_REPRESENTATIVE,docs/audits/ubuntu_DE_2026-10-08/significant_protein_coding_degs.csv,c9bf672d38f877361b3132065884d3a02e3132bcbf9901656b9f2cb04fdf3130,0.1.0
03,gene,ENSMUSG00000072889,pass,RESOLVED_EXPLICIT_GENE_CENTRIC_REPRESENTATIVE,RESOLVED_EXPLICIT_GENE_CENTRIC_REPRESENTATIVE,docs/audits/ubuntu_DE_2026-10-08/significant_protein_coding_degs.csv,c9bf672d38f877361b3132065884d3a02e3132bcbf9901656b9f2cb04fdf3130,0.1.0
03,gene,ENSMUSG00000035699,pass,RESOLVED_EXPLICIT_GENE_CENTRIC_REPRESENTATIVE,RESOLVED_EXPLICIT_GENE_CENTRIC_REPRESENTATIVE,docs/audits/ubuntu_DE_2026-10-08/significant_protein_coding_degs.csv,c9bf672d38f877361b3132065884d3a02e3132bcbf9901656b9f2cb04fdf3130,0.1.0
03,gene,ENSMUSG00000040488,pass,RESOLVED_EXPLICIT_GENE_CENTRIC_REPRESENTATIVE,RESOLVED_EXPLICIT_GENE_CENTRIC_REPRESENTATIVE,docs/audits/ubuntu_DE_2026-10-08/significant_protein_coding_degs.csv,c9bf672d38f877361b3132065884d3a02e3132bcbf9901656b9f2cb04fdf3130,0.1.0
03,gene,ENSMUSG00000005107,pass,RESOLVED_EXPLICIT_GENE_CENTRIC_REPRESENTATIVE,RESOLVED_EXPLICIT_GENE_CENTRIC_REPRESENTATIVE,docs/audits/ubuntu_DE_2026-10-08/significant_protein_coding_degs.csv,c9bf672d38f877361b3132065884d3a02e3132bcbf9901656b9f2cb04fdf3130,0.1.0
03,gene,ENSMUSG00000022665,pass,PASS_CURRENT_EXACT_XREF_DISPLAYED_SEQUENCE,PASS_CURRENT_EXACT_XREF_DISPLAYED_SEQUENCE,docs/audits/ubuntu_DE_2026-10-08/significant_protein_coding_degs.csv,c9bf672d38f877361b3132065884d3a02e3132bcbf9901656b9f2cb04fdf3130,0.1.0
03,gene,ENSMUSG00000006057,pass,PASS_CURRENT_EXACT_XREF_DISPLAYED_SEQUENCE,PASS_CURRENT_EXACT_XREF_DISPLAYED_SEQUENCE,docs/audits/ubuntu_DE_2026-10-08/significant_protein_coding_degs.csv,c9bf672d38f877361b3132065884d3a02e3132bcbf9901656b9f2cb04fdf3130,0.1.0
03,gene,ENSMUSG00000020863,pass,RESOLVED_EXPLICIT_GENE_CENTRIC_REPRESENTATIVE,RESOLVED_EXPLICIT_GENE_CENTRIC_REPRESENTATIVE,docs/audits/ubuntu_DE_2026-10-08/significant_protein_coding_degs.csv,c9bf672d38f877361b3132065884d3a02e3132bcbf9901656b9f2cb04fdf3130,0.1.0
03,gene,ENSMUSG00000023336,pass,RESOLVED_EXPLICIT_GENE_CENTRIC_REPRESENTATIVE,RESOLVED_EXPLICIT_GENE_CENTRIC_REPRESENTATIVE,docs/audits/ubuntu_DE_2026-10-08/significant_protein_coding_degs.csv,c9bf672d38f877361b3132065884d3a02e3132bcbf9901656b9f2cb04fdf3130,0.1.0
03,gene,ENSMUSG00000029004,pass,RESOLVED_EXPLICIT_GENE_CENTRIC_REPRESENTATIVE,RESOLVED_EXPLICIT_GENE_CENTRIC_REPRESENTATIVE,docs/audits/ubuntu_DE_2026-10-08/significant_protein_coding_degs.csv,c9bf672d38f877361b3132065884d3a02e3132bcbf9901656b9f2cb04fdf3130,0.1.0
03,gene,ENSMUSG00000053644,pass,RESOLVED_EXPLICIT_GENE_CENTRIC_REPRESENTATIVE,RESOLVED_EXPLICIT_GENE_CENTRIC_REPRESENTATIVE,docs/audits/ubuntu_DE_2026-10-08/significant_protein_coding_degs.csv,c9bf672d38f877361b3132065884d3a02e3132bcbf9901656b9f2cb04fdf3130,0.1.0
03,gene,ENSMUSG00000079415,pass,PASS_CURRENT_EXACT_XREF_DISPLAYED_SEQUENCE,PASS_CURRENT_EXACT_XREF_DISPLAYED_SEQUENCE,docs/audits/ubuntu_DE_2026-10-08/significant_protein_coding_degs.csv,c9bf672d38f877361b3132065884d3a02e3132bcbf9901656b9f2cb04fdf3130,0.1.0
03,gene,ENSMUSG00000048482,pass,RESOLVED_EXPLICIT_GENE_CENTRIC_REPRESENTATIVE,RESOLVED_EXPLICIT_GENE_CENTRIC_REPRESENTATIVE,docs/audits/ubuntu_DE_2026-10-08/significant_protein_coding_degs.csv,c9bf672d38f877361b3132065884d3a02e3132bcbf9901656b9f2cb04fdf3130,0.1.0
03,gene,ENSMUSG00000026628,pass,PASS_CURRENT_EXACT_XREF_DISPLAYED_SEQUENCE,PASS_CURRENT_EXACT_XREF_DISPLAYED_SEQUENCE,docs/audits/ubuntu_DE_2026-10-08/significant_protein_coding_degs.csv,c9bf672d38f877361b3132065884d3a02e3132bcbf9901656b9f2cb04fdf3130,0.1.0
03,gene,ENSMUSG00000022512,pass,PASS_CURRENT_EXACT_XREF_DISPLAYED_SEQUENCE,PASS_CURRENT_EXACT_XREF_DISPLAYED_SEQUENCE,docs/audits/ubuntu_DE_2026-10-08/significant_protein_coding_degs.csv,c9bf672d38f877361b3132065884d3a02e3132bcbf9901656b9f2cb04fdf3130,0.1.0
03,gene,ENSMUSG00000026080,pass,RESOLVED_EXPLICIT_GENE_CENTRIC_REPRESENTATIVE,RESOLVED_EXPLICIT_GENE_CENTRIC_REPRESENTATIVE,docs/audits/ubuntu_DE_2026-10-08/significant_protein_coding_degs.csv,c9bf672d38f877361b3132065884d3a02e3132bcbf9901656b9f2cb04fdf3130,0.1.0
03,gene,ENSMUSG00000042626,pass,RESOLVED_EXPLICIT_GENE_CENTRIC_REPRESENTATIVE,RESOLVED_EXPLICIT_GENE_CENTRIC_REPRESENTATIVE,docs/audits/ubuntu_DE_2026-10-08/significant_protein_coding_degs.csv,c9bf672d38f877361b3132065884d3a02e3132bcbf9901656b9f2cb04fdf3130,0.1.0
03,gene,ENSMUSG00000027952,pass,RESOLVED_EXPLICIT_GENE_CENTRIC_REPRESENTATIVE,RESOLVED_EXPLICIT_GENE_CENTRIC_REPRESENTATIVE,docs/audits/ubuntu_DE_2026-10-08/significant_protein_coding_degs.csv,c9bf672d38f877361b3132065884d3a02e3132bcbf9901656b9f2cb04fdf3130,0.1.0
03,gene,ENSMUSG00000030413,pass,PASS_CURRENT_EXACT_XREF_DISPLAYED_SEQUENCE,PASS_CURRENT_EXACT_XREF_DISPLAYED_SEQUENCE,docs/audits/ubuntu_DE_2026-10-08/significant_protein_coding_degs.csv,c9bf672d38f877361b3132065884d3a02e3132bcbf9901656b9f2cb04fdf3130,0.1.0
03,gene,ENSMUSG00000052675,pass,RESOLVED_EXPLICIT_GENE_CENTRIC_REPRESENTATIVE,RESOLVED_EXPLICIT_GENE_CENTRIC_REPRESENTATIVE,docs/audits/ubuntu_DE_2026-10-08/significant_protein_coding_degs.csv,c9bf672d38f877361b3132065884d3a02e3132bcbf9901656b9f2cb04fdf3130,0.1.0
03,gene,ENSMUSG00000074207,pass,RESOLVED_EXPLICIT_GENE_CENTRIC_REPRESENTATIVE,RESOLVED_EXPLICIT_GENE_CENTRIC_REPRESENTATIVE,docs/audits/ubuntu_DE_2026-10-08/significant_protein_coding_degs.csv,c9bf672d38f877361b3132065884d3a02e3132bcbf9901656b9f2cb04fdf3130,0.1.0
03,gene,ENSMUSG00000038095,held,REPRESENTATIVE_LACKS_ORIGINAL_EXACT_GENE_LINK,REPRESENTATIVE_LACKS_ORIGINAL_EXACT_GENE_LINK,docs/audits/ubuntu_DE_2026-10-08/significant_protein_coding_degs.csv,c9bf672d38f877361b3132065884d3a02e3132bcbf9901656b9f2cb04fdf3130,0.1.0
03,gene,ENSMUSG00000042607,pass,RESOLVED_EXPLICIT_GENE_CENTRIC_REPRESENTATIVE,RESOLVED_EXPLICIT_GENE_CENTRIC_REPRESENTATIVE,docs/audits/ubuntu_DE_2026-10-08/significant_protein_coding_degs.csv,c9bf672d38f877361b3132065884d3a02e3132bcbf9901656b9f2cb04fdf3130,0.1.0
03,gene,ENSMUSG00000060981,pass,PASS_CURRENT_EXACT_XREF_DISPLAYED_SEQUENCE,PASS_CURRENT_EXACT_XREF_DISPLAYED_SEQUENCE,docs/audits/ubuntu_DE_2026-10-08/significant_protein_coding_degs.csv,c9bf672d38f877361b3132065884d3a02e3132bcbf9901656b9f2cb04fdf3130,0.1.0
03,gene,ENSMUSG00000010760,pass,RESOLVED_EXPLICIT_GENE_CENTRIC_REPRESENTATIVE,RESOLVED_EXPLICIT_GENE_CENTRIC_REPRESENTATIVE,docs/audits/ubuntu_DE_2026-10-08/significant_protein_coding_degs.csv,c9bf672d38f877361b3132065884d3a02e3132bcbf9901656b9f2cb04fdf3130,0.1.0
03,gene,ENSMUSG00000041361,pass,RESOLVED_EXPLICIT_GENE_CENTRIC_REPRESENTATIVE,RESOLVED_EXPLICIT_GENE_CENTRIC_REPRESENTATIVE,docs/audits/ubuntu_DE_2026-10-08/significant_protein_coding_degs.csv,c9bf672d38f877361b3132065884d3a02e3132bcbf9901656b9f2cb04fdf3130,0.1.0
03,gene,ENSMUSG00000078851,pass,PASS_CURRENT_EXACT_XREF_DISPLAYED_SEQUENCE,PASS_CURRENT_EXACT_XREF_DISPLAYED_SEQUENCE,docs/audits/ubuntu_DE_2026-10-08/significant_protein_coding_degs.csv,c9bf672d38f877361b3132065884d3a02e3132bcbf9901656b9f2cb04fdf3130,0.1.0
03,gene,ENSMUSG00000057897,pass,RESOLVED_EXPLICIT_GENE_CENTRIC_REPRESENTATIVE,RESOLVED_EXPLICIT_GENE_CENTRIC_REPRESENTATIVE,docs/audits/ubuntu_DE_2026-10-08/significant_protein_coding_degs.csv,c9bf672d38f877361b3132065884d3a02e3132bcbf9901656b9f2cb04fdf3130,0.1.0
03,gene,ENSMUSG00000021936,pass,RESOLVED_EXPLICIT_GENE_CENTRIC_REPRESENTATIVE,RESOLVED_EXPLICIT_GENE_CENTRIC_REPRESENTATIVE,docs/audits/ubuntu_DE_2026-10-08/significant_protein_coding_degs.csv,c9bf672d38f877361b3132065884d3a02e3132bcbf9901656b9f2cb04fdf3130,0.1.0
03,gene,ENSMUSG00000033419,held,REPRESENTATIVE_LACKS_ORIGINAL_EXACT_GENE_LINK,REPRESENTATIVE_LACKS_ORIGINAL_EXACT_GENE_LINK,docs/audits/ubuntu_DE_2026-10-08/significant_protein_coding_degs.csv,c9bf672d38f877361b3132065884d3a02e3132bcbf9901656b9f2cb04fdf3130,0.1.0
03,gene,ENSMUSG00000025220,pass,RESOLVED_EXPLICIT_GENE_CENTRIC_REPRESENTATIVE,RESOLVED_EXPLICIT_GENE_CENTRIC_REPRESENTATIVE,docs/audits/ubuntu_DE_2026-10-08/significant_protein_coding_degs.csv,c9bf672d38f877361b3132065884d3a02e3132bcbf9901656b9f2cb04fdf3130,0.1.0
03,gene,ENSMUSG00000044534,pass,RESOLVED_EXPLICIT_GENE_CENTRIC_REPRESENTATIVE,RESOLVED_EXPLICIT_GENE_CENTRIC_REPRESENTATIVE,docs/audits/ubuntu_DE_2026-10-08/significant_protein_coding_degs.csv,c9bf672d38f877361b3132065884d3a02e3132bcbf9901656b9f2cb04fdf3130,0.1.0
03,gene,ENSMUSG00000046731,pass,RESOLVED_EXPLICIT_GENE_CENTRIC_REPRESENTATIVE,RESOLVED_EXPLICIT_GENE_CENTRIC_REPRESENTATIVE,docs/audits/ubuntu_DE_2026-10-08/significant_protein_coding_degs.csv,c9bf672d38f877361b3132065884d3a02e3132bcbf9901656b9f2cb04fdf3130,0.1.0
03,gene,ENSMUSG00000049649,pass,RESOLVED_EXPLICIT_GENE_CENTRIC_REPRESENTATIVE,RESOLVED_EXPLICIT_GENE_CENTRIC_REPRESENTATIVE,docs/audits/ubuntu_DE_2026-10-08/significant_protein_coding_degs.csv,c9bf672d38f877361b3132065884d3a02e3132bcbf9901656b9f2cb04fdf3130,0.1.0
03,gene,ENSMUSG00000061474,pass,RESOLVED_EXPLICIT_GENE_CENTRIC_REPRESENTATIVE,RESOLVED_EXPLICIT_GENE_CENTRIC_REPRESENTATIVE,docs/audits/ubuntu_DE_2026-10-08/significant_protein_coding_degs.csv,c9bf672d38f877361b3132065884d3a02e3132bcbf9901656b9f2cb04fdf3130,0.1.0
03,gene,ENSMUSG00000029551,pass,PASS_CURRENT_EXACT_XREF_DISPLAYED_SEQUENCE,PASS_CURRENT_EXACT_XREF_DISPLAYED_SEQUENCE,docs/audits/ubuntu_DE_2026-10-08/significant_protein_coding_degs.csv,c9bf672d38f877361b3132065884d3a02e3132bcbf9901656b9f2cb04fdf3130,0.1.0
03,gene,ENSMUSG00000046056,held,REPRESENTATIVE_LACKS_ORIGINAL_EXACT_GENE_LINK,REPRESENTATIVE_LACKS_ORIGINAL_EXACT_GENE_LINK,docs/audits/ubuntu_DE_2026-10-08/significant_protein_coding_degs.csv,c9bf672d38f877361b3132065884d3a02e3132bcbf9901656b9f2cb04fdf3130,0.1.0
03,gene,ENSMUSG00000027534,pass,RESOLVED_EXPLICIT_GENE_CENTRIC_REPRESENTATIVE,RESOLVED_EXPLICIT_GENE_CENTRIC_REPRESENTATIVE,docs/audits/ubuntu_DE_2026-10-08/significant_protein_coding_degs.csv,c9bf672d38f877361b3132065884d3a02e3132bcbf9901656b9f2cb04fdf3130,0.1.0
03,gene,ENSMUSG00000000555,pass,RESOLVED_EXPLICIT_GENE_CENTRIC_REPRESENTATIVE,RESOLVED_EXPLICIT_GENE_CENTRIC_REPRESENTATIVE,docs/audits/ubuntu_DE_2026-10-08/significant_protein_coding_degs.csv,c9bf672d38f877361b3132065884d3a02e3132bcbf9901656b9f2cb04fdf3130,0.1.0
03,gene,ENSMUSG00000022146,held,REPRESENTATIVE_LACKS_ORIGINAL_EXACT_GENE_LINK,REPRESENTATIVE_LACKS_ORIGINAL_EXACT_GENE_LINK,docs/audits/ubuntu_DE_2026-10-08/significant_protein_coding_degs.csv,c9bf672d38f877361b3132065884d3a02e3132bcbf9901656b9f2cb04fdf3130,0.1.0
03,gene,ENSMUSG00000007080,pass,RESOLVED_EXPLICIT_GENE_CENTRIC_REPRESENTATIVE,RESOLVED_EXPLICIT_GENE_CENTRIC_REPRESENTATIVE,docs/audits/ubuntu_DE_2026-10-08/significant_protein_coding_degs.csv,c9bf672d38f877361b3132065884d3a02e3132bcbf9901656b9f2cb04fdf3130,0.1.0
03,gene,ENSMUSG00000050552,pass,PASS_CURRENT_EXACT_XREF_DISPLAYED_SEQUENCE,PASS_CURRENT_EXACT_XREF_DISPLAYED_SEQUENCE,docs/audits/ubuntu_DE_2026-10-08/significant_protein_coding_degs.csv,c9bf672d38f877361b3132065884d3a02e3132bcbf9901656b9f2cb04fdf3130,0.1.0
03,gene,ENSMUSG00000042195,pass,PASS_CURRENT_EXACT_XREF_DISPLAYED_SEQUENCE,PASS_CURRENT_EXACT_XREF_DISPLAYED_SEQUENCE,docs/audits/ubuntu_DE_2026-10-08/significant_protein_coding_degs.csv,c9bf672d38f877361b3132065884d3a02e3132bcbf9901656b9f2cb04fdf3130,0.1.0
03,gene,ENSMUSG00000015484,pass,PASS_CURRENT_EXACT_XREF_DISPLAYED_SEQUENCE,PASS_CURRENT_EXACT_XREF_DISPLAYED_SEQUENCE,docs/audits/ubuntu_DE_2026-10-08/significant_protein_coding_degs.csv,c9bf672d38f877361b3132065884d3a02e3132bcbf9901656b9f2cb04fdf3130,0.1.0
03,gene,ENSMUSG00000022091,pass,RESOLVED_EXPLICIT_GENE_CENTRIC_REPRESENTATIVE,RESOLVED_EXPLICIT_GENE_CENTRIC_REPRESENTATIVE,docs/audits/ubuntu_DE_2026-10-08/significant_protein_coding_degs.csv,c9bf672d38f877361b3132065884d3a02e3132bcbf9901656b9f2cb04fdf3130,0.1.0
03,gene,ENSMUSG00000035697,held,REPRESENTATIVE_ONLY_NONCANONICAL_OR_UNRESOLVED_ISOFORM_XREF,REPRESENTATIVE_ONLY_NONCANONICAL_OR_UNRESOLVED_ISOFORM_XREF,docs/audits/ubuntu_DE_2026-10-08/significant_protein_coding_degs.csv,c9bf672d38f877361b3132065884d3a02e3132bcbf9901656b9f2cb04fdf3130,0.1.0
03,gene,ENSMUSG00000016918,pass,RESOLVED_EXPLICIT_GENE_CENTRIC_REPRESENTATIVE,RESOLVED_EXPLICIT_GENE_CENTRIC_REPRESENTATIVE,docs/audits/ubuntu_DE_2026-10-08/significant_protein_coding_degs.csv,c9bf672d38f877361b3132065884d3a02e3132bcbf9901656b9f2cb04fdf3130,0.1.0
03,gene,ENSMUSG00000030048,pass,PASS_CURRENT_EXACT_XREF_DISPLAYED_SEQUENCE,PASS_CURRENT_EXACT_XREF_DISPLAYED_SEQUENCE,docs/audits/ubuntu_DE_2026-10-08/significant_protein_coding_degs.csv,c9bf672d38f877361b3132065884d3a02e3132bcbf9901656b9f2cb04fdf3130,0.1.0
03,gene,ENSMUSG00000053470,pass,RESOLVED_EXPLICIT_GENE_CENTRIC_REPRESENTATIVE,RESOLVED_EXPLICIT_GENE_CENTRIC_REPRESENTATIVE,docs/audits/ubuntu_DE_2026-10-08/significant_protein_coding_degs.csv,c9bf672d38f877361b3132065884d3a02e3132bcbf9901656b9f2cb04fdf3130,0.1.0
03,gene,ENSMUSG00000058388,pass,RESOLVED_EXPLICIT_GENE_CENTRIC_REPRESENTATIVE,RESOLVED_EXPLICIT_GENE_CENTRIC_REPRESENTATIVE,docs/audits/ubuntu_DE_2026-10-08/significant_protein_coding_degs.csv,c9bf672d38f877361b3132065884d3a02e3132bcbf9901656b9f2cb04fdf3130,0.1.0
03,gene,ENSMUSG00000036390,pass,RESOLVED_EXPLICIT_GENE_CENTRIC_REPRESENTATIVE,RESOLVED_EXPLICIT_GENE_CENTRIC_REPRESENTATIVE,docs/audits/ubuntu_DE_2026-10-08/significant_protein_coding_degs.csv,c9bf672d38f877361b3132065884d3a02e3132bcbf9901656b9f2cb04fdf3130,0.1.0
03,gene,ENSMUSG00000020205,pass,PASS_CURRENT_EXACT_XREF_DISPLAYED_SEQUENCE,PASS_CURRENT_EXACT_XREF_DISPLAYED_SEQUENCE,docs/audits/ubuntu_DE_2026-10-08/significant_protein_coding_degs.csv,c9bf672d38f877361b3132065884d3a02e3132bcbf9901656b9f2cb04fdf3130,0.1.0
03,gene,ENSMUSG00000022122,pass,PASS_CURRENT_EXACT_XREF_DISPLAYED_SEQUENCE,PASS_CURRENT_EXACT_XREF_DISPLAYED_SEQUENCE,docs/audits/ubuntu_DE_2026-10-08/significant_protein_coding_degs.csv,c9bf672d38f877361b3132065884d3a02e3132bcbf9901656b9f2cb04fdf3130,0.1.0
03,gene,ENSMUSG00000026344,pass,RESOLVED_EXPLICIT_GENE_CENTRIC_REPRESENTATIVE,RESOLVED_EXPLICIT_GENE_CENTRIC_REPRESENTATIVE,docs/audits/ubuntu_DE_2026-10-08/significant_protein_coding_degs.csv,c9bf672d38f877361b3132065884d3a02e3132bcbf9901656b9f2cb04fdf3130,0.1.0
03,gene,ENSMUSG00000014856,pass,RESOLVED_EXPLICIT_GENE_CENTRIC_REPRESENTATIVE,RESOLVED_EXPLICIT_GENE_CENTRIC_REPRESENTATIVE,docs/audits/ubuntu_DE_2026-10-08/significant_protein_coding_degs.csv,c9bf672d38f877361b3132065884d3a02e3132bcbf9901656b9f2cb04fdf3130,0.1.0
03,gene,ENSMUSG00000038860,pass,RESOLVED_EXPLICIT_GENE_CENTRIC_REPRESENTATIVE,RESOLVED_EXPLICIT_GENE_CENTRIC_REPRESENTATIVE,docs/audits/ubuntu_DE_2026-10-08/significant_protein_coding_degs.csv,c9bf672d38f877361b3132065884d3a02e3132bcbf9901656b9f2cb04fdf3130,0.1.0
03,gene,ENSMUSG00000046318,pass,RESOLVED_EXPLICIT_GENE_CENTRIC_REPRESENTATIVE,RESOLVED_EXPLICIT_GENE_CENTRIC_REPRESENTATIVE,docs/audits/ubuntu_DE_2026-10-08/significant_protein_coding_degs.csv,c9bf672d38f877361b3132065884d3a02e3132bcbf9901656b9f2cb04fdf3130,0.1.0
03,gene,ENSMUSG00000074575,pass,RESOLVED_EXPLICIT_GENE_CENTRIC_REPRESENTATIVE,RESOLVED_EXPLICIT_GENE_CENTRIC_REPRESENTATIVE,docs/audits/ubuntu_DE_2026-10-08/significant_protein_coding_degs.csv,c9bf672d38f877361b3132065884d3a02e3132bcbf9901656b9f2cb04fdf3130,0.1.0
03,gene,ENSMUSG00000082229,pass,PASS_CURRENT_EXACT_XREF_DISPLAYED_SEQUENCE,PASS_CURRENT_EXACT_XREF_DISPLAYED_SEQUENCE,docs/audits/ubuntu_DE_2026-10-08/significant_protein_coding_degs.csv,c9bf672d38f877361b3132065884d3a02e3132bcbf9901656b9f2cb04fdf3130,0.1.0
03,gene,ENSMUSG00000021728,pass,RESOLVED_EXPLICIT_GENE_CENTRIC_REPRESENTATIVE,RESOLVED_EXPLICIT_GENE_CENTRIC_REPRESENTATIVE,docs/audits/ubuntu_DE_2026-10-08/significant_protein_coding_degs.csv,c9bf672d38f877361b3132065884d3a02e3132bcbf9901656b9f2cb04fdf3130,0.1.0
03,gene,ENSMUSG00000019947,pass,RESOLVED_EXPLICIT_GENE_CENTRIC_REPRESENTATIVE,RESOLVED_EXPLICIT_GENE_CENTRIC_REPRESENTATIVE,docs/audits/ubuntu_DE_2026-10-08/significant_protein_coding_degs.csv,c9bf672d38f877361b3132065884d3a02e3132bcbf9901656b9f2cb04fdf3130,0.1.0
03,gene,ENSMUSG00000025350,pass,RESOLVED_EXPLICIT_GENE_CENTRIC_REPRESENTATIVE,RESOLVED_EXPLICIT_GENE_CENTRIC_REPRESENTATIVE,docs/audits/ubuntu_DE_2026-10-08/significant_protein_coding_degs.csv,c9bf672d38f877361b3132065884d3a02e3132bcbf9901656b9f2cb04fdf3130,0.1.0
03,gene,ENSMUSG00000020803,pass,PASS_CURRENT_EXACT_XREF_DISPLAYED_SEQUENCE,PASS_CURRENT_EXACT_XREF_DISPLAYED_SEQUENCE,docs/audits/ubuntu_DE_2026-10-08/significant_protein_coding_degs.csv,c9bf672d38f877361b3132065884d3a02e3132bcbf9901656b9f2cb04fdf3130,0.1.0
03,gene,ENSMUSG00000041440,pass,RESOLVED_EXPLICIT_GENE_CENTRIC_REPRESENTATIVE,RESOLVED_EXPLICIT_GENE_CENTRIC_REPRESENTATIVE,docs/audits/ubuntu_DE_2026-10-08/significant_protein_coding_degs.csv,c9bf672d38f877361b3132065884d3a02e3132bcbf9901656b9f2cb04fdf3130,0.1.0
03,gene,ENSMUSG00000079481,pass,RESOLVED_EXPLICIT_GENE_CENTRIC_REPRESENTATIVE,RESOLVED_EXPLICIT_GENE_CENTRIC_REPRESENTATIVE,docs/audits/ubuntu_DE_2026-10-08/significant_protein_coding_degs.csv,c9bf672d38f877361b3132065884d3a02e3132bcbf9901656b9f2cb04fdf3130,0.1.0
03,gene,ENSMUSG00000036078,pass,PASS_CURRENT_EXACT_XREF_DISPLAYED_SEQUENCE,PASS_CURRENT_EXACT_XREF_DISPLAYED_SEQUENCE,docs/audits/ubuntu_DE_2026-10-08/significant_protein_coding_degs.csv,c9bf672d38f877361b3132065884d3a02e3132bcbf9901656b9f2cb04fdf3130,0.1.0
03,gene,ENSMUSG00000056167,pass,RESOLVED_EXPLICIT_GENE_CENTRIC_REPRESENTATIVE,RESOLVED_EXPLICIT_GENE_CENTRIC_REPRESENTATIVE,docs/audits/ubuntu_DE_2026-10-08/significant_protein_coding_degs.csv,c9bf672d38f877361b3132065884d3a02e3132bcbf9901656b9f2cb04fdf3130,0.1.0
03,gene,ENSMUSG00000046727,pass,RESOLVED_EXPLICIT_GENE_CENTRIC_REPRESENTATIVE,RESOLVED_EXPLICIT_GENE_CENTRIC_REPRESENTATIVE,docs/audits/ubuntu_DE_2026-10-08/significant_protein_coding_degs.csv,c9bf672d38f877361b3132065884d3a02e3132bcbf9901656b9f2cb04fdf3130,0.1.0
03,gene,ENSMUSG00000002109,pass,RESOLVED_EXPLICIT_GENE_CENTRIC_REPRESENTATIVE,RESOLVED_EXPLICIT_GENE_CENTRIC_REPRESENTATIVE,docs/audits/ubuntu_DE_2026-10-08/significant_protein_coding_degs.csv,c9bf672d38f877361b3132065884d3a02e3132bcbf9901656b9f2cb04fdf3130,0.1.0
03,gene,ENSMUSG00000024378,held,REPRESENTATIVE_LACKS_ORIGINAL_EXACT_GENE_LINK,REPRESENTATIVE_LACKS_ORIGINAL_EXACT_GENE_LINK,docs/audits/ubuntu_DE_2026-10-08/significant_protein_coding_degs.csv,c9bf672d38f877361b3132065884d3a02e3132bcbf9901656b9f2cb04fdf3130,0.1.0
03,gene,ENSMUSG00000028607,pass,RESOLVED_EXPLICIT_GENE_CENTRIC_REPRESENTATIVE,RESOLVED_EXPLICIT_GENE_CENTRIC_REPRESENTATIVE,docs/audits/ubuntu_DE_2026-10-08/significant_protein_coding_degs.csv,c9bf672d38f877361b3132065884d3a02e3132bcbf9901656b9f2cb04fdf3130,0.1.0
03,gene,ENSMUSG00000074111,pass,RESOLVED_EXPLICIT_GENE_CENTRIC_REPRESENTATIVE,RESOLVED_EXPLICIT_GENE_CENTRIC_REPRESENTATIVE,docs/audits/ubuntu_DE_2026-10-08/significant_protein_coding_degs.csv,c9bf672d38f877361b3132065884d3a02e3132bcbf9901656b9f2cb04fdf3130,0.1.0
03,gene,ENSMUSG00000025372,pass,RESOLVED_EXPLICIT_GENE_CENTRIC_REPRESENTATIVE,RESOLVED_EXPLICIT_GENE_CENTRIC_REPRESENTATIVE,docs/audits/ubuntu_DE_2026-10-08/significant_protein_coding_degs.csv,c9bf672d38f877361b3132065884d3a02e3132bcbf9901656b9f2cb04fdf3130,0.1.0
03,gene,ENSMUSG00000022324,pass,RESOLVED_EXPLICIT_GENE_CENTRIC_REPRESENTATIVE,RESOLVED_EXPLICIT_GENE_CENTRIC_REPRESENTATIVE,docs/audits/ubuntu_DE_2026-10-08/significant_protein_coding_degs.csv,c9bf672d38f877361b3132065884d3a02e3132bcbf9901656b9f2cb04fdf3130,0.1.0
03,gene,ENSMUSG00000034353,pass,RESOLVED_EXPLICIT_GENE_CENTRIC_REPRESENTATIVE,RESOLVED_EXPLICIT_GENE_CENTRIC_REPRESENTATIVE,docs/audits/ubuntu_DE_2026-10-08/significant_protein_coding_degs.csv,c9bf672d38f877361b3132065884d3a02e3132bcbf9901656b9f2cb04fdf3130,0.1.0
03,gene,ENSMUSG00000026675,pass,RESOLVED_EXPLICIT_GENE_CENTRIC_REPRESENTATIVE,RESOLVED_EXPLICIT_GENE_CENTRIC_REPRESENTATIVE,docs/audits/ubuntu_DE_2026-10-08/significant_protein_coding_degs.csv,c9bf672d38f877361b3132065884d3a02e3132bcbf9901656b9f2cb04fdf3130,0.1.0
03,gene,ENSMUSG00000004939,pass,PASS_CURRENT_EXACT_XREF_DISPLAYED_SEQUENCE,PASS_CURRENT_EXACT_XREF_DISPLAYED_SEQUENCE,docs/audits/ubuntu_DE_2026-10-08/significant_protein_coding_degs.csv,c9bf672d38f877361b3132065884d3a02e3132bcbf9901656b9f2cb04fdf3130,0.1.0
03,gene,ENSMUSG00000028020,pass,RESOLVED_EXPLICIT_GENE_CENTRIC_REPRESENTATIVE,RESOLVED_EXPLICIT_GENE_CENTRIC_REPRESENTATIVE,docs/audits/ubuntu_DE_2026-10-08/significant_protein_coding_degs.csv,c9bf672d38f877361b3132065884d3a02e3132bcbf9901656b9f2cb04fdf3130,0.1.0
03,gene,ENSMUSG00000028262,pass,RESOLVED_EXPLICIT_GENE_CENTRIC_REPRESENTATIVE,RESOLVED_EXPLICIT_GENE_CENTRIC_REPRESENTATIVE,docs/audits/ubuntu_DE_2026-10-08/significant_protein_coding_degs.csv,c9bf672d38f877361b3132065884d3a02e3132bcbf9901656b9f2cb04fdf3130,0.1.0
03,gene,ENSMUSG00000049281,pass,RESOLVED_EXPLICIT_GENE_CENTRIC_REPRESENTATIVE,RESOLVED_EXPLICIT_GENE_CENTRIC_REPRESENTATIVE,docs/audits/ubuntu_DE_2026-10-08/significant_protein_coding_degs.csv,c9bf672d38f877361b3132065884d3a02e3132bcbf9901656b9f2cb04fdf3130,0.1.0
03,gene,ENSMUSG00000017002,pass,RESOLVED_EXPLICIT_GENE_CENTRIC_REPRESENTATIVE,RESOLVED_EXPLICIT_GENE_CENTRIC_REPRESENTATIVE,docs/audits/ubuntu_DE_2026-10-08/significant_protein_coding_degs.csv,c9bf672d38f877361b3132065884d3a02e3132bcbf9901656b9f2cb04fdf3130,0.1.0
03,gene,ENSMUSG00000027394,pass,RESOLVED_EXPLICIT_GENE_CENTRIC_REPRESENTATIVE,RESOLVED_EXPLICIT_GENE_CENTRIC_REPRESENTATIVE,docs/audits/ubuntu_DE_2026-10-08/significant_protein_coding_degs.csv,c9bf672d38f877361b3132065884d3a02e3132bcbf9901656b9f2cb04fdf3130,0.1.0
03,gene,ENSMUSG00000033760,pass,RESOLVED_EXPLICIT_GENE_CENTRIC_REPRESENTATIVE,RESOLVED_EXPLICIT_GENE_CENTRIC_REPRESENTATIVE,docs/audits/ubuntu_DE_2026-10-08/significant_protein_coding_degs.csv,c9bf672d38f877361b3132065884d3a02e3132bcbf9901656b9f2cb04fdf3130,0.1.0
03,gene,ENSMUSG00000004207,pass,RESOLVED_EXPLICIT_GENE_CENTRIC_REPRESENTATIVE,RESOLVED_EXPLICIT_GENE_CENTRIC_REPRESENTATIVE,docs/audits/ubuntu_DE_2026-10-08/significant_protein_coding_degs.csv,c9bf672d38f877361b3132065884d3a02e3132bcbf9901656b9f2cb04fdf3130,0.1.0
03,gene,ENSMUSG00000022389,pass,RESOLVED_EXPLICIT_GENE_CENTRIC_REPRESENTATIVE,RESOLVED_EXPLICIT_GENE_CENTRIC_REPRESENTATIVE,docs/audits/ubuntu_DE_2026-10-08/significant_protein_coding_degs.csv,c9bf672d38f877361b3132065884d3a02e3132bcbf9901656b9f2cb04fdf3130,0.1.0
03,gene,ENSMUSG00000027797,pass,RESOLVED_EXPLICIT_GENE_CENTRIC_REPRESENTATIVE,RESOLVED_EXPLICIT_GENE_CENTRIC_REPRESENTATIVE,docs/audits/ubuntu_DE_2026-10-08/significant_protein_coding_degs.csv,c9bf672d38f877361b3132065884d3a02e3132bcbf9901656b9f2cb04fdf3130,0.1.0
03,gene,ENSMUSG00000041577,pass,PASS_CURRENT_EXACT_XREF_DISPLAYED_SEQUENCE,PASS_CURRENT_EXACT_XREF_DISPLAYED_SEQUENCE,docs/audits/ubuntu_DE_2026-10-08/significant_protein_coding_degs.csv,c9bf672d38f877361b3132065884d3a02e3132bcbf9901656b9f2cb04fdf3130,0.1.0
03,gene,ENSMUSG00000062168,pass,RESOLVED_EXPLICIT_GENE_CENTRIC_REPRESENTATIVE,RESOLVED_EXPLICIT_GENE_CENTRIC_REPRESENTATIVE,docs/audits/ubuntu_DE_2026-10-08/significant_protein_coding_degs.csv,c9bf672d38f877361b3132065884d3a02e3132bcbf9901656b9f2cb04fdf3130,0.1.0
03,gene,ENSMUSG00000035948,pass,PASS_CURRENT_EXACT_XREF_DISPLAYED_SEQUENCE,PASS_CURRENT_EXACT_XREF_DISPLAYED_SEQUENCE,docs/audits/ubuntu_DE_2026-10-08/significant_protein_coding_degs.csv,c9bf672d38f877361b3132065884d3a02e3132bcbf9901656b9f2cb04fdf3130,0.1.0
03,gene,ENSMUSG00000021250,pass,PASS_CURRENT_EXACT_XREF_DISPLAYED_SEQUENCE,PASS_CURRENT_EXACT_XREF_DISPLAYED_SEQUENCE,docs/audits/ubuntu_DE_2026-10-08/significant_protein_coding_degs.csv,c9bf672d38f877361b3132065884d3a02e3132bcbf9901656b9f2cb04fdf3130,0.1.0
03,gene,ENSMUSG00000028636,pass,PASS_CURRENT_EXACT_XREF_DISPLAYED_SEQUENCE,PASS_CURRENT_EXACT_XREF_DISPLAYED_SEQUENCE,docs/audits/ubuntu_DE_2026-10-08/significant_protein_coding_degs.csv,c9bf672d38f877361b3132065884d3a02e3132bcbf9901656b9f2cb04fdf3130,0.1.0
03,gene,ENSMUSG00000031099,pass,RESOLVED_EXPLICIT_GENE_CENTRIC_REPRESENTATIVE,RESOLVED_EXPLICIT_GENE_CENTRIC_REPRESENTATIVE,docs/audits/ubuntu_DE_2026-10-08/significant_protein_coding_degs.csv,c9bf672d38f877361b3132065884d3a02e3132bcbf9901656b9f2cb04fdf3130,0.1.0
03,gene,ENSMUSG00000021037,pass,RESOLVED_EXPLICIT_GENE_CENTRIC_REPRESENTATIVE,RESOLVED_EXPLICIT_GENE_CENTRIC_REPRESENTATIVE,docs/audits/ubuntu_DE_2026-10-08/significant_protein_coding_degs.csv,c9bf672d38f877361b3132065884d3a02e3132bcbf9901656b9f2cb04fdf3130,0.1.0
03,gene,ENSMUSG00000024413,pass,PASS_CURRENT_EXACT_XREF_DISPLAYED_SEQUENCE,PASS_CURRENT_EXACT_XREF_DISPLAYED_SEQUENCE,docs/audits/ubuntu_DE_2026-10-08/significant_protein_coding_degs.csv,c9bf672d38f877361b3132065884d3a02e3132bcbf9901656b9f2cb04fdf3130,0.1.0
03,gene,ENSMUSG00000056999,pass,PASS_CURRENT_EXACT_XREF_DISPLAYED_SEQUENCE,PASS_CURRENT_EXACT_XREF_DISPLAYED_SEQUENCE,docs/audits/ubuntu_DE_2026-10-08/significant_protein_coding_degs.csv,c9bf672d38f877361b3132065884d3a02e3132bcbf9901656b9f2cb04fdf3130,0.1.0
03,gene,ENSMUSG00000073838,pass,RESOLVED_EXPLICIT_GENE_CENTRIC_REPRESENTATIVE,RESOLVED_EXPLICIT_GENE_CENTRIC_REPRESENTATIVE,docs/audits/ubuntu_DE_2026-10-08/significant_protein_coding_degs.csv,c9bf672d38f877361b3132065884d3a02e3132bcbf9901656b9f2cb04fdf3130,0.1.0
03,gene,ENSMUSG00000001768,pass,RESOLVED_EXPLICIT_GENE_CENTRIC_REPRESENTATIVE,RESOLVED_EXPLICIT_GENE_CENTRIC_REPRESENTATIVE,docs/audits/ubuntu_DE_2026-10-08/significant_protein_coding_degs.csv,c9bf672d38f877361b3132065884d3a02e3132bcbf9901656b9f2cb04fdf3130,0.1.0
03,gene,ENSMUSG00000040943,pass,RESOLVED_EXPLICIT_GENE_CENTRIC_REPRESENTATIVE,RESOLVED_EXPLICIT_GENE_CENTRIC_REPRESENTATIVE,docs/audits/ubuntu_DE_2026-10-08/significant_protein_coding_degs.csv,c9bf672d38f877361b3132065884d3a02e3132bcbf9901656b9f2cb04fdf3130,0.1.0
03,gene,ENSMUSG00000008450,pass,RESOLVED_EXPLICIT_GENE_CENTRIC_REPRESENTATIVE,RESOLVED_EXPLICIT_GENE_CENTRIC_REPRESENTATIVE,docs/audits/ubuntu_DE_2026-10-08/significant_protein_coding_degs.csv,c9bf672d38f877361b3132065884d3a02e3132bcbf9901656b9f2cb04fdf3130,0.1.0
03,gene,ENSMUSG00000034320,pass,RESOLVED_EXPLICIT_GENE_CENTRIC_REPRESENTATIVE,RESOLVED_EXPLICIT_GENE_CENTRIC_REPRESENTATIVE,docs/audits/ubuntu_DE_2026-10-08/significant_protein_coding_degs.csv,c9bf672d38f877361b3132065884d3a02e3132bcbf9901656b9f2cb04fdf3130,0.1.0
03,gene,ENSMUSG00000045140,pass,PASS_CURRENT_EXACT_XREF_DISPLAYED_SEQUENCE,PASS_CURRENT_EXACT_XREF_DISPLAYED_SEQUENCE,docs/audits/ubuntu_DE_2026-10-08/significant_protein_coding_degs.csv,c9bf672d38f877361b3132065884d3a02e3132bcbf9901656b9f2cb04fdf3130,0.1.0
03,gene,ENSMUSG00000032594,pass,RESOLVED_EXPLICIT_GENE_CENTRIC_REPRESENTATIVE,RESOLVED_EXPLICIT_GENE_CENTRIC_REPRESENTATIVE,docs/audits/ubuntu_DE_2026-10-08/significant_protein_coding_degs.csv,c9bf672d38f877361b3132065884d3a02e3132bcbf9901656b9f2cb04fdf3130,0.1.0
03,gene,ENSMUSG00000031486,pass,RESOLVED_EXPLICIT_GENE_CENTRIC_REPRESENTATIVE,RESOLVED_EXPLICIT_GENE_CENTRIC_REPRESENTATIVE,docs/audits/ubuntu_DE_2026-10-08/significant_protein_coding_degs.csv,c9bf672d38f877361b3132065884d3a02e3132bcbf9901656b9f2cb04fdf3130,0.1.0
03,gene,ENSMUSG00000068749,pass,RESOLVED_EXPLICIT_GENE_CENTRIC_REPRESENTATIVE,RESOLVED_EXPLICIT_GENE_CENTRIC_REPRESENTATIVE,docs/audits/ubuntu_DE_2026-10-08/significant_protein_coding_degs.csv,c9bf672d38f877361b3132065884d3a02e3132bcbf9901656b9f2cb04fdf3130,0.1.0
03,gene,ENSMUSG00000072949,pass,RESOLVED_EXPLICIT_GENE_CENTRIC_REPRESENTATIVE,RESOLVED_EXPLICIT_GENE_CENTRIC_REPRESENTATIVE,docs/audits/ubuntu_DE_2026-10-08/significant_protein_coding_degs.csv,c9bf672d38f877361b3132065884d3a02e3132bcbf9901656b9f2cb04fdf3130,0.1.0
03,gene,ENSMUSG00000024292,pass,RESOLVED_EXPLICIT_GENE_CENTRIC_REPRESENTATIVE,RESOLVED_EXPLICIT_GENE_CENTRIC_REPRESENTATIVE,docs/audits/ubuntu_DE_2026-10-08/significant_protein_coding_degs.csv,c9bf672d38f877361b3132065884d3a02e3132bcbf9901656b9f2cb04fdf3130,0.1.0
03,gene,ENSMUSG00000019970,pass,RESOLVED_EXPLICIT_GENE_CENTRIC_REPRESENTATIVE,RESOLVED_EXPLICIT_GENE_CENTRIC_REPRESENTATIVE,docs/audits/ubuntu_DE_2026-10-08/significant_protein_coding_degs.csv,c9bf672d38f877361b3132065884d3a02e3132bcbf9901656b9f2cb04fdf3130,0.1.0
03,gene,ENSMUSG00000022111,pass,RESOLVED_EXPLICIT_GENE_CENTRIC_REPRESENTATIVE,RESOLVED_EXPLICIT_GENE_CENTRIC_REPRESENTATIVE,docs/audits/ubuntu_DE_2026-10-08/significant_protein_coding_degs.csv,c9bf672d38f877361b3132065884d3a02e3132bcbf9901656b9f2cb04fdf3130,0.1.0
03,gene,ENSMUSG00000040138,pass,PASS_CURRENT_EXACT_XREF_DISPLAYED_SEQUENCE,PASS_CURRENT_EXACT_XREF_DISPLAYED_SEQUENCE,docs/audits/ubuntu_DE_2026-10-08/significant_protein_coding_degs.csv,c9bf672d38f877361b3132065884d3a02e3132bcbf9901656b9f2cb04fdf3130,0.1.0
03,gene,ENSMUSG00000024261,pass,PASS_CURRENT_EXACT_XREF_DISPLAYED_SEQUENCE,PASS_CURRENT_EXACT_XREF_DISPLAYED_SEQUENCE,docs/audits/ubuntu_DE_2026-10-08/significant_protein_coding_degs.csv,c9bf672d38f877361b3132065884d3a02e3132bcbf9901656b9f2cb04fdf3130,0.1.0
03,gene,ENSMUSG00000021125,pass,PASS_CURRENT_EXACT_XREF_DISPLAYED_SEQUENCE,PASS_CURRENT_EXACT_XREF_DISPLAYED_SEQUENCE,docs/audits/ubuntu_DE_2026-10-08/significant_protein_coding_degs.csv,c9bf672d38f877361b3132065884d3a02e3132bcbf9901656b9f2cb04fdf3130,0.1.0
03,gene,ENSMUSG00000003444,pass,PASS_CURRENT_EXACT_XREF_DISPLAYED_SEQUENCE,PASS_CURRENT_EXACT_XREF_DISPLAYED_SEQUENCE,docs/audits/ubuntu_DE_2026-10-08/significant_protein_coding_degs.csv,c9bf672d38f877361b3132065884d3a02e3132bcbf9901656b9f2cb04fdf3130,0.1.0
03,gene,ENSMUSG00000004110,held,REPRESENTATIVE_LACKS_ORIGINAL_EXACT_GENE_LINK,REPRESENTATIVE_LACKS_ORIGINAL_EXACT_GENE_LINK,docs/audits/ubuntu_DE_2026-10-08/significant_protein_coding_degs.csv,c9bf672d38f877361b3132065884d3a02e3132bcbf9901656b9f2cb04fdf3130,0.1.0
03,gene,ENSMUSG00000021277,pass,RESOLVED_EXPLICIT_GENE_CENTRIC_REPRESENTATIVE,RESOLVED_EXPLICIT_GENE_CENTRIC_REPRESENTATIVE,docs/audits/ubuntu_DE_2026-10-08/significant_protein_coding_degs.csv,c9bf672d38f877361b3132065884d3a02e3132bcbf9901656b9f2cb04fdf3130,0.1.0
03,gene,ENSMUSG00000044783,held,REPRESENTATIVE_LACKS_ORIGINAL_EXACT_GENE_LINK,REPRESENTATIVE_LACKS_ORIGINAL_EXACT_GENE_LINK,docs/audits/ubuntu_DE_2026-10-08/significant_protein_coding_degs.csv,c9bf672d38f877361b3132065884d3a02e3132bcbf9901656b9f2cb04fdf3130,0.1.0
03,gene,ENSMUSG00000056900,pass,RESOLVED_EXPLICIT_GENE_CENTRIC_REPRESENTATIVE,RESOLVED_EXPLICIT_GENE_CENTRIC_REPRESENTATIVE,docs/audits/ubuntu_DE_2026-10-08/significant_protein_coding_degs.csv,c9bf672d38f877361b3132065884d3a02e3132bcbf9901656b9f2cb04fdf3130,0.1.0
03,gene,ENSMUSG00000049115,pass,RESOLVED_EXPLICIT_GENE_CENTRIC_REPRESENTATIVE,RESOLVED_EXPLICIT_GENE_CENTRIC_REPRESENTATIVE,docs/audits/ubuntu_DE_2026-10-08/significant_protein_coding_degs.csv,c9bf672d38f877361b3132065884d3a02e3132bcbf9901656b9f2cb04fdf3130,0.1.0
03,gene,ENSMUSG00000002107,pass,RESOLVED_EXPLICIT_GENE_CENTRIC_REPRESENTATIVE,RESOLVED_EXPLICIT_GENE_CENTRIC_REPRESENTATIVE,docs/audits/ubuntu_DE_2026-10-08/significant_protein_coding_degs.csv,c9bf672d38f877361b3132065884d3a02e3132bcbf9901656b9f2cb04fdf3130,0.1.0
03,gene,ENSMUSG00000024053,pass,RESOLVED_EXPLICIT_GENE_CENTRIC_REPRESENTATIVE,RESOLVED_EXPLICIT_GENE_CENTRIC_REPRESENTATIVE,docs/audits/ubuntu_DE_2026-10-08/significant_protein_coding_degs.csv,c9bf672d38f877361b3132065884d3a02e3132bcbf9901656b9f2cb04fdf3130,0.1.0
03,gene,ENSMUSG00000031666,pass,RESOLVED_EXPLICIT_GENE_CENTRIC_REPRESENTATIVE,RESOLVED_EXPLICIT_GENE_CENTRIC_REPRESENTATIVE,docs/audits/ubuntu_DE_2026-10-08/significant_protein_coding_degs.csv,c9bf672d38f877361b3132065884d3a02e3132bcbf9901656b9f2cb04fdf3130,0.1.0
03,gene,ENSMUSG00000059743,pass,RESOLVED_EXPLICIT_GENE_CENTRIC_REPRESENTATIVE,RESOLVED_EXPLICIT_GENE_CENTRIC_REPRESENTATIVE,docs/audits/ubuntu_DE_2026-10-08/significant_protein_coding_degs.csv,c9bf672d38f877361b3132065884d3a02e3132bcbf9901656b9f2cb04fdf3130,0.1.0
03,gene,ENSMUSG00000020614,pass,PASS_CURRENT_EXACT_XREF_DISPLAYED_SEQUENCE,PASS_CURRENT_EXACT_XREF_DISPLAYED_SEQUENCE,docs/audits/ubuntu_DE_2026-10-08/significant_protein_coding_degs.csv,c9bf672d38f877361b3132065884d3a02e3132bcbf9901656b9f2cb04fdf3130,0.1.0
03,gene,ENSMUSG00000041417,pass,RESOLVED_EXPLICIT_GENE_CENTRIC_REPRESENTATIVE,RESOLVED_EXPLICIT_GENE_CENTRIC_REPRESENTATIVE,docs/audits/ubuntu_DE_2026-10-08/significant_protein_coding_degs.csv,c9bf672d38f877361b3132065884d3a02e3132bcbf9901656b9f2cb04fdf3130,0.1.0
03,gene,ENSMUSG00000070604,pass,RESOLVED_EXPLICIT_GENE_CENTRIC_REPRESENTATIVE,RESOLVED_EXPLICIT_GENE_CENTRIC_REPRESENTATIVE,docs/audits/ubuntu_DE_2026-10-08/significant_protein_coding_degs.csv,c9bf672d38f877361b3132065884d3a02e3132bcbf9901656b9f2cb04fdf3130,0.1.0
03,gene,ENSMUSG00000030096,pass,RESOLVED_EXPLICIT_GENE_CENTRIC_REPRESENTATIVE,RESOLVED_EXPLICIT_GENE_CENTRIC_REPRESENTATIVE,docs/audits/ubuntu_DE_2026-10-08/significant_protein_coding_degs.csv,c9bf672d38f877361b3132065884d3a02e3132bcbf9901656b9f2cb04fdf3130,0.1.0
03,gene,ENSMUSG00000032281,pass,RESOLVED_EXPLICIT_GENE_CENTRIC_REPRESENTATIVE,RESOLVED_EXPLICIT_GENE_CENTRIC_REPRESENTATIVE,docs/audits/ubuntu_DE_2026-10-08/significant_protein_coding_degs.csv,c9bf672d38f877361b3132065884d3a02e3132bcbf9901656b9f2cb04fdf3130,0.1.0
03,gene,ENSMUSG00000036353,pass,RESOLVED_EXPLICIT_GENE_CENTRIC_REPRESENTATIVE,RESOLVED_EXPLICIT_GENE_CENTRIC_REPRESENTATIVE,docs/audits/ubuntu_DE_2026-10-08/significant_protein_coding_degs.csv,c9bf672d38f877361b3132065884d3a02e3132bcbf9901656b9f2cb04fdf3130,0.1.0
03,gene,ENSMUSG00000038534,pass,PASS_CURRENT_EXACT_XREF_DISPLAYED_SEQUENCE,PASS_CURRENT_EXACT_XREF_DISPLAYED_SEQUENCE,docs/audits/ubuntu_DE_2026-10-08/significant_protein_coding_degs.csv,c9bf672d38f877361b3132065884d3a02e3132bcbf9901656b9f2cb04fdf3130,0.1.0
03,gene,ENSMUSG00000048355,held,MULTIPLE_GENE_CENTRIC_REPRESENTATIVES,MULTIPLE_GENE_CENTRIC_REPRESENTATIVES,docs/audits/ubuntu_DE_2026-10-08/significant_protein_coding_degs.csv,c9bf672d38f877361b3132065884d3a02e3132bcbf9901656b9f2cb04fdf3130,0.1.0
03,gene,ENSMUSG00000066705,pass,PASS_CURRENT_EXACT_XREF_DISPLAYED_SEQUENCE,PASS_CURRENT_EXACT_XREF_DISPLAYED_SEQUENCE,docs/audits/ubuntu_DE_2026-10-08/significant_protein_coding_degs.csv,c9bf672d38f877361b3132065884d3a02e3132bcbf9901656b9f2cb04fdf3130,0.1.0
03,gene,ENSMUSG00000029752,pass,RESOLVED_EXPLICIT_GENE_CENTRIC_REPRESENTATIVE,RESOLVED_EXPLICIT_GENE_CENTRIC_REPRESENTATIVE,docs/audits/ubuntu_DE_2026-10-08/significant_protein_coding_degs.csv,c9bf672d38f877361b3132065884d3a02e3132bcbf9901656b9f2cb04fdf3130,0.1.0
03,gene,ENSMUSG00000059772,pass,RESOLVED_EXPLICIT_GENE_CENTRIC_REPRESENTATIVE,RESOLVED_EXPLICIT_GENE_CENTRIC_REPRESENTATIVE,docs/audits/ubuntu_DE_2026-10-08/significant_protein_coding_degs.csv,c9bf672d38f877361b3132065884d3a02e3132bcbf9901656b9f2cb04fdf3130,0.1.0
03,gene,ENSMUSG00000095362,pass,RESOLVED_EXPLICIT_GENE_CENTRIC_REPRESENTATIVE,RESOLVED_EXPLICIT_GENE_CENTRIC_REPRESENTATIVE,docs/audits/ubuntu_DE_2026-10-08/significant_protein_coding_degs.csv,c9bf672d38f877361b3132065884d3a02e3132bcbf9901656b9f2cb04fdf3130,0.1.0
03,gene,ENSMUSG00000026020,pass,RESOLVED_EXPLICIT_GENE_CENTRIC_REPRESENTATIVE,RESOLVED_EXPLICIT_GENE_CENTRIC_REPRESENTATIVE,docs/audits/ubuntu_DE_2026-10-08/significant_protein_coding_degs.csv,c9bf672d38f877361b3132065884d3a02e3132bcbf9901656b9f2cb04fdf3130,0.1.0
03,gene,ENSMUSG00000027133,pass,PASS_CURRENT_EXACT_XREF_DISPLAYED_SEQUENCE,PASS_CURRENT_EXACT_XREF_DISPLAYED_SEQUENCE,docs/audits/ubuntu_DE_2026-10-08/significant_protein_coding_degs.csv,c9bf672d38f877361b3132065884d3a02e3132bcbf9901656b9f2cb04fdf3130,0.1.0
03,gene,ENSMUSG00000063011,pass,RESOLVED_EXPLICIT_GENE_CENTRIC_REPRESENTATIVE,RESOLVED_EXPLICIT_GENE_CENTRIC_REPRESENTATIVE,docs/audits/ubuntu_DE_2026-10-08/significant_protein_coding_degs.csv,c9bf672d38f877361b3132065884d3a02e3132bcbf9901656b9f2cb04fdf3130,0.1.0
03,gene,ENSMUSG00000022773,pass,RESOLVED_EXPLICIT_GENE_CENTRIC_REPRESENTATIVE,RESOLVED_EXPLICIT_GENE_CENTRIC_REPRESENTATIVE,docs/audits/ubuntu_DE_2026-10-08/significant_protein_coding_degs.csv,c9bf672d38f877361b3132065884d3a02e3132bcbf9901656b9f2cb04fdf3130,0.1.0
03,gene,ENSMUSG00000028060,pass,RESOLVED_EXPLICIT_GENE_CENTRIC_REPRESENTATIVE,RESOLVED_EXPLICIT_GENE_CENTRIC_REPRESENTATIVE,docs/audits/ubuntu_DE_2026-10-08/significant_protein_coding_degs.csv,c9bf672d38f877361b3132065884d3a02e3132bcbf9901656b9f2cb04fdf3130,0.1.0
03,gene,ENSMUSG00000090667,pass,PASS_CURRENT_EXACT_XREF_DISPLAYED_SEQUENCE,PASS_CURRENT_EXACT_XREF_DISPLAYED_SEQUENCE,docs/audits/ubuntu_DE_2026-10-08/significant_protein_coding_degs.csv,c9bf672d38f877361b3132065884d3a02e3132bcbf9901656b9f2cb04fdf3130,0.1.0
03,gene,ENSMUSG00000033633,pass,RESOLVED_EXPLICIT_GENE_CENTRIC_REPRESENTATIVE,RESOLVED_EXPLICIT_GENE_CENTRIC_REPRESENTATIVE,docs/audits/ubuntu_DE_2026-10-08/significant_protein_coding_degs.csv,c9bf672d38f877361b3132065884d3a02e3132bcbf9901656b9f2cb04fdf3130,0.1.0
03,gene,ENSMUSG00000001128,pass,PASS_CURRENT_EXACT_XREF_DISPLAYED_SEQUENCE,PASS_CURRENT_EXACT_XREF_DISPLAYED_SEQUENCE,docs/audits/ubuntu_DE_2026-10-08/significant_protein_coding_degs.csv,c9bf672d38f877361b3132065884d3a02e3132bcbf9901656b9f2cb04fdf3130,0.1.0
03,gene,ENSMUSG00000038583,pass,PASS_CURRENT_EXACT_XREF_DISPLAYED_SEQUENCE,PASS_CURRENT_EXACT_XREF_DISPLAYED_SEQUENCE,docs/audits/ubuntu_DE_2026-10-08/significant_protein_coding_degs.csv,c9bf672d38f877361b3132065884d3a02e3132bcbf9901656b9f2cb04fdf3130,0.1.0
03,gene,ENSMUSG00000029919,pass,PASS_CURRENT_EXACT_XREF_DISPLAYED_SEQUENCE,PASS_CURRENT_EXACT_XREF_DISPLAYED_SEQUENCE,docs/audits/ubuntu_DE_2026-10-08/significant_protein_coding_degs.csv,c9bf672d38f877361b3132065884d3a02e3132bcbf9901656b9f2cb04fdf3130,0.1.0
03,gene,ENSMUSG00000006800,pass,RESOLVED_EXPLICIT_GENE_CENTRIC_REPRESENTATIVE,RESOLVED_EXPLICIT_GENE_CENTRIC_REPRESENTATIVE,docs/audits/ubuntu_DE_2026-10-08/significant_protein_coding_degs.csv,c9bf672d38f877361b3132065884d3a02e3132bcbf9901656b9f2cb04fdf3130,0.1.0
03,gene,ENSMUSG00000028755,pass,PASS_CURRENT_EXACT_XREF_DISPLAYED_SEQUENCE,PASS_CURRENT_EXACT_XREF_DISPLAYED_SEQUENCE,docs/audits/ubuntu_DE_2026-10-08/significant_protein_coding_degs.csv,c9bf672d38f877361b3132065884d3a02e3132bcbf9901656b9f2cb04fdf3130,0.1.0
03,gene,ENSMUSG00000075705,held,NO_CURRENT_EXACT_ENSEMBL_XREF,NO_CURRENT_EXACT_ENSEMBL_XREF,docs/audits/ubuntu_DE_2026-10-08/significant_protein_coding_degs.csv,c9bf672d38f877361b3132065884d3a02e3132bcbf9901656b9f2cb04fdf3130,0.1.0
03,gene,ENSMUSG00000028974,pass,PASS_CURRENT_EXACT_XREF_DISPLAYED_SEQUENCE,PASS_CURRENT_EXACT_XREF_DISPLAYED_SEQUENCE,docs/audits/ubuntu_DE_2026-10-08/significant_protein_coding_degs.csv,c9bf672d38f877361b3132065884d3a02e3132bcbf9901656b9f2cb04fdf3130,0.1.0
03,gene,ENSMUSG00000027843,pass,RESOLVED_EXPLICIT_GENE_CENTRIC_REPRESENTATIVE,RESOLVED_EXPLICIT_GENE_CENTRIC_REPRESENTATIVE,docs/audits/ubuntu_DE_2026-10-08/significant_protein_coding_degs.csv,c9bf672d38f877361b3132065884d3a02e3132bcbf9901656b9f2cb04fdf3130,0.1.0
03,gene,ENSMUSG00000035877,pass,RESOLVED_EXPLICIT_GENE_CENTRIC_REPRESENTATIVE,RESOLVED_EXPLICIT_GENE_CENTRIC_REPRESENTATIVE,docs/audits/ubuntu_DE_2026-10-08/significant_protein_coding_degs.csv,c9bf672d38f877361b3132065884d3a02e3132bcbf9901656b9f2cb04fdf3130,0.1.0
03,gene,ENSMUSG00000002699,pass,RESOLVED_EXPLICIT_GENE_CENTRIC_REPRESENTATIVE,RESOLVED_EXPLICIT_GENE_CENTRIC_REPRESENTATIVE,docs/audits/ubuntu_DE_2026-10-08/significant_protein_coding_degs.csv,c9bf672d38f877361b3132065884d3a02e3132bcbf9901656b9f2cb04fdf3130,0.1.0
03,gene,ENSMUSG00000020105,pass,PASS_CURRENT_EXACT_XREF_DISPLAYED_SEQUENCE,PASS_CURRENT_EXACT_XREF_DISPLAYED_SEQUENCE,docs/audits/ubuntu_DE_2026-10-08/significant_protein_coding_degs.csv,c9bf672d38f877361b3132065884d3a02e3132bcbf9901656b9f2cb04fdf3130,0.1.0
03,gene,ENSMUSG00000025352,pass,PASS_CURRENT_EXACT_XREF_DISPLAYED_SEQUENCE,PASS_CURRENT_EXACT_XREF_DISPLAYED_SEQUENCE,docs/audits/ubuntu_DE_2026-10-08/significant_protein_coding_degs.csv,c9bf672d38f877361b3132065884d3a02e3132bcbf9901656b9f2cb04fdf3130,0.1.0
03,gene,ENSMUSG00000028108,pass,RESOLVED_EXPLICIT_GENE_CENTRIC_REPRESENTATIVE,RESOLVED_EXPLICIT_GENE_CENTRIC_REPRESENTATIVE,docs/audits/ubuntu_DE_2026-10-08/significant_protein_coding_degs.csv,c9bf672d38f877361b3132065884d3a02e3132bcbf9901656b9f2cb04fdf3130,0.1.0
03,gene,ENSMUSG00000031563,pass,PASS_CURRENT_EXACT_XREF_DISPLAYED_SEQUENCE,PASS_CURRENT_EXACT_XREF_DISPLAYED_SEQUENCE,docs/audits/ubuntu_DE_2026-10-08/significant_protein_coding_degs.csv,c9bf672d38f877361b3132065884d3a02e3132bcbf9901656b9f2cb04fdf3130,0.1.0
03,gene,ENSMUSG00000041653,pass,PASS_CURRENT_EXACT_XREF_DISPLAYED_SEQUENCE,PASS_CURRENT_EXACT_XREF_DISPLAYED_SEQUENCE,docs/audits/ubuntu_DE_2026-10-08/significant_protein_coding_degs.csv,c9bf672d38f877361b3132065884d3a02e3132bcbf9901656b9f2cb04fdf3130,0.1.0
03,gene,ENSMUSG00000046818,pass,RESOLVED_EXPLICIT_GENE_CENTRIC_REPRESENTATIVE,RESOLVED_EXPLICIT_GENE_CENTRIC_REPRESENTATIVE,docs/audits/ubuntu_DE_2026-10-08/significant_protein_coding_degs.csv,c9bf672d38f877361b3132065884d3a02e3132bcbf9901656b9f2cb04fdf3130,0.1.0
03,gene,ENSMUSG00000060152,pass,PASS_CURRENT_EXACT_XREF_DISPLAYED_SEQUENCE,PASS_CURRENT_EXACT_XREF_DISPLAYED_SEQUENCE,docs/audits/ubuntu_DE_2026-10-08/significant_protein_coding_degs.csv,c9bf672d38f877361b3132065884d3a02e3132bcbf9901656b9f2cb04fdf3130,0.1.0
03,gene,ENSMUSG00000051648,pass,RESOLVED_EXPLICIT_GENE_CENTRIC_REPRESENTATIVE,RESOLVED_EXPLICIT_GENE_CENTRIC_REPRESENTATIVE,docs/audits/ubuntu_DE_2026-10-08/significant_protein_coding_degs.csv,c9bf672d38f877361b3132065884d3a02e3132bcbf9901656b9f2cb04fdf3130,0.1.0
03,gene,ENSMUSG00000022332,pass,RESOLVED_EXPLICIT_GENE_CENTRIC_REPRESENTATIVE,RESOLVED_EXPLICIT_GENE_CENTRIC_REPRESENTATIVE,docs/audits/ubuntu_DE_2026-10-08/significant_protein_coding_degs.csv,c9bf672d38f877361b3132065884d3a02e3132bcbf9901656b9f2cb04fdf3130,0.1.0
03,gene,ENSMUSG00000025017,pass,PASS_CURRENT_EXACT_XREF_DISPLAYED_SEQUENCE,PASS_CURRENT_EXACT_XREF_DISPLAYED_SEQUENCE,docs/audits/ubuntu_DE_2026-10-08/significant_protein_coding_degs.csv,c9bf672d38f877361b3132065884d3a02e3132bcbf9901656b9f2cb04fdf3130,0.1.0
03,gene,ENSMUSG00000059173,pass,RESOLVED_EXPLICIT_GENE_CENTRIC_REPRESENTATIVE,RESOLVED_EXPLICIT_GENE_CENTRIC_REPRESENTATIVE,docs/audits/ubuntu_DE_2026-10-08/significant_protein_coding_degs.csv,c9bf672d38f877361b3132065884d3a02e3132bcbf9901656b9f2cb04fdf3130,0.1.0
03,gene,ENSMUSG00000025321,pass,PASS_CURRENT_EXACT_XREF_DISPLAYED_SEQUENCE,PASS_CURRENT_EXACT_XREF_DISPLAYED_SEQUENCE,docs/audits/ubuntu_DE_2026-10-08/significant_protein_coding_degs.csv,c9bf672d38f877361b3132065884d3a02e3132bcbf9901656b9f2cb04fdf3130,0.1.0
03,gene,ENSMUSG00000024300,held,REPRESENTATIVE_LACKS_ORIGINAL_EXACT_GENE_LINK,REPRESENTATIVE_LACKS_ORIGINAL_EXACT_GENE_LINK,docs/audits/ubuntu_DE_2026-10-08/significant_protein_coding_degs.csv,c9bf672d38f877361b3132065884d3a02e3132bcbf9901656b9f2cb04fdf3130,0.1.0
03,gene,ENSMUSG00000023017,pass,PASS_CURRENT_EXACT_XREF_DISPLAYED_SEQUENCE,PASS_CURRENT_EXACT_XREF_DISPLAYED_SEQUENCE,docs/audits/ubuntu_DE_2026-10-08/significant_protein_coding_degs.csv,c9bf672d38f877361b3132065884d3a02e3132bcbf9901656b9f2cb04fdf3130,0.1.0
03,gene,ENSMUSG00000006360,pass,RESOLVED_EXPLICIT_GENE_CENTRIC_REPRESENTATIVE,RESOLVED_EXPLICIT_GENE_CENTRIC_REPRESENTATIVE,docs/audits/ubuntu_DE_2026-10-08/significant_protein_coding_degs.csv,c9bf672d38f877361b3132065884d3a02e3132bcbf9901656b9f2cb04fdf3130,0.1.0
03,gene,ENSMUSG00000042961,pass,RESOLVED_EXPLICIT_GENE_CENTRIC_REPRESENTATIVE,RESOLVED_EXPLICIT_GENE_CENTRIC_REPRESENTATIVE,docs/audits/ubuntu_DE_2026-10-08/significant_protein_coding_degs.csv,c9bf672d38f877361b3132065884d3a02e3132bcbf9901656b9f2cb04fdf3130,0.1.0
03,gene,ENSMUSG00000018909,pass,RESOLVED_EXPLICIT_GENE_CENTRIC_REPRESENTATIVE,RESOLVED_EXPLICIT_GENE_CENTRIC_REPRESENTATIVE,docs/audits/ubuntu_DE_2026-10-08/significant_protein_coding_degs.csv,c9bf672d38f877361b3132065884d3a02e3132bcbf9901656b9f2cb04fdf3130,0.1.0
03,gene,ENSMUSG00000038555,pass,PASS_CURRENT_EXACT_XREF_DISPLAYED_SEQUENCE,PASS_CURRENT_EXACT_XREF_DISPLAYED_SEQUENCE,docs/audits/ubuntu_DE_2026-10-08/significant_protein_coding_degs.csv,c9bf672d38f877361b3132065884d3a02e3132bcbf9901656b9f2cb04fdf3130,0.1.0
03,gene,ENSMUSG00000024677,pass,RESOLVED_EXPLICIT_GENE_CENTRIC_REPRESENTATIVE,RESOLVED_EXPLICIT_GENE_CENTRIC_REPRESENTATIVE,docs/audits/ubuntu_DE_2026-10-08/significant_protein_coding_degs.csv,c9bf672d38f877361b3132065884d3a02e3132bcbf9901656b9f2cb04fdf3130,0.1.0
03,gene,ENSMUSG00000069844,pass,RESOLVED_EXPLICIT_GENE_CENTRIC_REPRESENTATIVE,RESOLVED_EXPLICIT_GENE_CENTRIC_REPRESENTATIVE,docs/audits/ubuntu_DE_2026-10-08/significant_protein_coding_degs.csv,c9bf672d38f877361b3132065884d3a02e3132bcbf9901656b9f2cb04fdf3130,0.1.0
03,gene,ENSMUSG00000039313,pass,RESOLVED_EXPLICIT_GENE_CENTRIC_REPRESENTATIVE,RESOLVED_EXPLICIT_GENE_CENTRIC_REPRESENTATIVE,docs/audits/ubuntu_DE_2026-10-08/significant_protein_coding_degs.csv,c9bf672d38f877361b3132065884d3a02e3132bcbf9901656b9f2cb04fdf3130,0.1.0
03,gene,ENSMUSG00000034880,pass,PASS_CURRENT_EXACT_XREF_DISPLAYED_SEQUENCE,PASS_CURRENT_EXACT_XREF_DISPLAYED_SEQUENCE,docs/audits/ubuntu_DE_2026-10-08/significant_protein_coding_degs.csv,c9bf672d38f877361b3132065884d3a02e3132bcbf9901656b9f2cb04fdf3130,0.1.0
03,gene,ENSMUSG00000041773,pass,PASS_CURRENT_EXACT_XREF_DISPLAYED_SEQUENCE,PASS_CURRENT_EXACT_XREF_DISPLAYED_SEQUENCE,docs/audits/ubuntu_DE_2026-10-08/significant_protein_coding_degs.csv,c9bf672d38f877361b3132065884d3a02e3132bcbf9901656b9f2cb04fdf3130,0.1.0
03,gene,ENSMUSG00000059970,pass,PASS_CURRENT_EXACT_XREF_DISPLAYED_SEQUENCE,PASS_CURRENT_EXACT_XREF_DISPLAYED_SEQUENCE,docs/audits/ubuntu_DE_2026-10-08/significant_protein_coding_degs.csv,c9bf672d38f877361b3132065884d3a02e3132bcbf9901656b9f2cb04fdf3130,0.1.0
03,gene,ENSMUSG00000078451,pass,RESOLVED_EXPLICIT_GENE_CENTRIC_REPRESENTATIVE,RESOLVED_EXPLICIT_GENE_CENTRIC_REPRESENTATIVE,docs/audits/ubuntu_DE_2026-10-08/significant_protein_coding_degs.csv,c9bf672d38f877361b3132065884d3a02e3132bcbf9901656b9f2cb04fdf3130,0.1.0
03,gene,ENSMUSG00000020150,pass,PASS_CURRENT_EXACT_XREF_DISPLAYED_SEQUENCE,PASS_CURRENT_EXACT_XREF_DISPLAYED_SEQUENCE,docs/audits/ubuntu_DE_2026-10-08/significant_protein_coding_degs.csv,c9bf672d38f877361b3132065884d3a02e3132bcbf9901656b9f2cb04fdf3130,0.1.0
03,gene,ENSMUSG00000021253,pass,PASS_CURRENT_EXACT_XREF_DISPLAYED_SEQUENCE,PASS_CURRENT_EXACT_XREF_DISPLAYED_SEQUENCE,docs/audits/ubuntu_DE_2026-10-08/significant_protein_coding_degs.csv,c9bf672d38f877361b3132065884d3a02e3132bcbf9901656b9f2cb04fdf3130,0.1.0
03,gene,ENSMUSG00000054717,pass,RESOLVED_EXPLICIT_GENE_CENTRIC_REPRESENTATIVE,RESOLVED_EXPLICIT_GENE_CENTRIC_REPRESENTATIVE,docs/audits/ubuntu_DE_2026-10-08/significant_protein_coding_degs.csv,c9bf672d38f877361b3132065884d3a02e3132bcbf9901656b9f2cb04fdf3130,0.1.0
03,gene,ENSMUSG00000024974,pass,PASS_CURRENT_EXACT_XREF_DISPLAYED_SEQUENCE,PASS_CURRENT_EXACT_XREF_DISPLAYED_SEQUENCE,docs/audits/ubuntu_DE_2026-10-08/significant_protein_coding_degs.csv,c9bf672d38f877361b3132065884d3a02e3132bcbf9901656b9f2cb04fdf3130,0.1.0
03,gene,ENSMUSG00000039967,pass,PASS_CURRENT_EXACT_XREF_DISPLAYED_SEQUENCE,PASS_CURRENT_EXACT_XREF_DISPLAYED_SEQUENCE,docs/audits/ubuntu_DE_2026-10-08/significant_protein_coding_degs.csv,c9bf672d38f877361b3132065884d3a02e3132bcbf9901656b9f2cb04fdf3130,0.1.0
03,gene,ENSMUSG00000066892,pass,RESOLVED_EXPLICIT_GENE_CENTRIC_REPRESENTATIVE,RESOLVED_EXPLICIT_GENE_CENTRIC_REPRESENTATIVE,docs/audits/ubuntu_DE_2026-10-08/significant_protein_coding_degs.csv,c9bf672d38f877361b3132065884d3a02e3132bcbf9901656b9f2cb04fdf3130,0.1.0
03,gene,ENSMUSG00000074170,pass,PASS_CURRENT_EXACT_XREF_DISPLAYED_SEQUENCE,PASS_CURRENT_EXACT_XREF_DISPLAYED_SEQUENCE,docs/audits/ubuntu_DE_2026-10-08/significant_protein_coding_degs.csv,c9bf672d38f877361b3132065884d3a02e3132bcbf9901656b9f2cb04fdf3130,0.1.0
03,gene,ENSMUSG00000027195,pass,PASS_CURRENT_EXACT_XREF_DISPLAYED_SEQUENCE,PASS_CURRENT_EXACT_XREF_DISPLAYED_SEQUENCE,docs/audits/ubuntu_DE_2026-10-08/significant_protein_coding_degs.csv,c9bf672d38f877361b3132065884d3a02e3132bcbf9901656b9f2cb04fdf3130,0.1.0
03,gene,ENSMUSG00000028444,pass,RESOLVED_EXPLICIT_GENE_CENTRIC_REPRESENTATIVE,RESOLVED_EXPLICIT_GENE_CENTRIC_REPRESENTATIVE,docs/audits/ubuntu_DE_2026-10-08/significant_protein_coding_degs.csv,c9bf672d38f877361b3132065884d3a02e3132bcbf9901656b9f2cb04fdf3130,0.1.0
03,gene,ENSMUSG00000032023,pass,RESOLVED_EXPLICIT_GENE_CENTRIC_REPRESENTATIVE,RESOLVED_EXPLICIT_GENE_CENTRIC_REPRESENTATIVE,docs/audits/ubuntu_DE_2026-10-08/significant_protein_coding_degs.csv,c9bf672d38f877361b3132065884d3a02e3132bcbf9901656b9f2cb04fdf3130,0.1.0
03,gene,ENSMUSG00000041679,pass,RESOLVED_EXPLICIT_GENE_CENTRIC_REPRESENTATIVE,RESOLVED_EXPLICIT_GENE_CENTRIC_REPRESENTATIVE,docs/audits/ubuntu_DE_2026-10-08/significant_protein_coding_degs.csv,c9bf672d38f877361b3132065884d3a02e3132bcbf9901656b9f2cb04fdf3130,0.1.0
03,gene,ENSMUSG00000078958,pass,RESOLVED_EXPLICIT_GENE_CENTRIC_REPRESENTATIVE,RESOLVED_EXPLICIT_GENE_CENTRIC_REPRESENTATIVE,docs/audits/ubuntu_DE_2026-10-08/significant_protein_coding_degs.csv,c9bf672d38f877361b3132065884d3a02e3132bcbf9901656b9f2cb04fdf3130,0.1.0
03,gene,ENSMUSG00000024065,pass,PASS_CURRENT_EXACT_XREF_DISPLAYED_SEQUENCE,PASS_CURRENT_EXACT_XREF_DISPLAYED_SEQUENCE,docs/audits/ubuntu_DE_2026-10-08/significant_protein_coding_degs.csv,c9bf672d38f877361b3132065884d3a02e3132bcbf9901656b9f2cb04fdf3130,0.1.0
03,gene,ENSMUSG00000072774,pass,RESOLVED_EXPLICIT_GENE_CENTRIC_REPRESENTATIVE,RESOLVED_EXPLICIT_GENE_CENTRIC_REPRESENTATIVE,docs/audits/ubuntu_DE_2026-10-08/significant_protein_coding_degs.csv,c9bf672d38f877361b3132065884d3a02e3132bcbf9901656b9f2cb04fdf3130,0.1.0
03,gene,ENSMUSG00000042817,pass,PASS_CURRENT_EXACT_XREF_DISPLAYED_SEQUENCE,PASS_CURRENT_EXACT_XREF_DISPLAYED_SEQUENCE,docs/audits/ubuntu_DE_2026-10-08/significant_protein_coding_degs.csv,c9bf672d38f877361b3132065884d3a02e3132bcbf9901656b9f2cb04fdf3130,0.1.0
03,gene,ENSMUSG00000028125,pass,RESOLVED_EXPLICIT_GENE_CENTRIC_REPRESENTATIVE,RESOLVED_EXPLICIT_GENE_CENTRIC_REPRESENTATIVE,docs/audits/ubuntu_DE_2026-10-08/significant_protein_coding_degs.csv,c9bf672d38f877361b3132065884d3a02e3132bcbf9901656b9f2cb04fdf3130,0.1.0
03,gene,ENSMUSG00000028413,pass,RESOLVED_EXPLICIT_GENE_CENTRIC_REPRESENTATIVE,RESOLVED_EXPLICIT_GENE_CENTRIC_REPRESENTATIVE,docs/audits/ubuntu_DE_2026-10-08/significant_protein_coding_degs.csv,c9bf672d38f877361b3132065884d3a02e3132bcbf9901656b9f2cb04fdf3130,0.1.0
03,gene,ENSMUSG00000038506,pass,RESOLVED_EXPLICIT_GENE_CENTRIC_REPRESENTATIVE,RESOLVED_EXPLICIT_GENE_CENTRIC_REPRESENTATIVE,docs/audits/ubuntu_DE_2026-10-08/significant_protein_coding_degs.csv,c9bf672d38f877361b3132065884d3a02e3132bcbf9901656b9f2cb04fdf3130,0.1.0
03,gene,ENSMUSG00000024681,pass,PASS_CURRENT_EXACT_XREF_DISPLAYED_SEQUENCE,PASS_CURRENT_EXACT_XREF_DISPLAYED_SEQUENCE,docs/audits/ubuntu_DE_2026-10-08/significant_protein_coding_degs.csv,c9bf672d38f877361b3132065884d3a02e3132bcbf9901656b9f2cb04fdf3130,0.1.0
03,gene,ENSMUSG00000031328,pass,RESOLVED_EXPLICIT_GENE_CENTRIC_REPRESENTATIVE,RESOLVED_EXPLICIT_GENE_CENTRIC_REPRESENTATIVE,docs/audits/ubuntu_DE_2026-10-08/significant_protein_coding_degs.csv,c9bf672d38f877361b3132065884d3a02e3132bcbf9901656b9f2cb04fdf3130,0.1.0
03,gene,ENSMUSG00000028385,pass,PASS_CURRENT_EXACT_XREF_DISPLAYED_SEQUENCE,PASS_CURRENT_EXACT_XREF_DISPLAYED_SEQUENCE,docs/audits/ubuntu_DE_2026-10-08/significant_protein_coding_degs.csv,c9bf672d38f877361b3132065884d3a02e3132bcbf9901656b9f2cb04fdf3130,0.1.0
03,gene,ENSMUSG00000028391,pass,RESOLVED_EXPLICIT_GENE_CENTRIC_REPRESENTATIVE,RESOLVED_EXPLICIT_GENE_CENTRIC_REPRESENTATIVE,docs/audits/ubuntu_DE_2026-10-08/significant_protein_coding_degs.csv,c9bf672d38f877361b3132065884d3a02e3132bcbf9901656b9f2cb04fdf3130,0.1.0
03,gene,ENSMUSG00000037161,pass,RESOLVED_EXPLICIT_GENE_CENTRIC_REPRESENTATIVE,RESOLVED_EXPLICIT_GENE_CENTRIC_REPRESENTATIVE,docs/audits/ubuntu_DE_2026-10-08/significant_protein_coding_degs.csv,c9bf672d38f877361b3132065884d3a02e3132bcbf9901656b9f2cb04fdf3130,0.1.0
03,gene,ENSMUSG00000031775,pass,RESOLVED_EXPLICIT_GENE_CENTRIC_REPRESENTATIVE,RESOLVED_EXPLICIT_GENE_CENTRIC_REPRESENTATIVE,docs/audits/ubuntu_DE_2026-10-08/significant_protein_coding_degs.csv,c9bf672d38f877361b3132065884d3a02e3132bcbf9901656b9f2cb04fdf3130,0.1.0
03,gene,ENSMUSG00000025870,pass,RESOLVED_EXPLICIT_GENE_CENTRIC_REPRESENTATIVE,RESOLVED_EXPLICIT_GENE_CENTRIC_REPRESENTATIVE,docs/audits/ubuntu_DE_2026-10-08/significant_protein_coding_degs.csv,c9bf672d38f877361b3132065884d3a02e3132bcbf9901656b9f2cb04fdf3130,0.1.0
03,gene,ENSMUSG00000048100,pass,PASS_CURRENT_EXACT_XREF_DISPLAYED_SEQUENCE,PASS_CURRENT_EXACT_XREF_DISPLAYED_SEQUENCE,docs/audits/ubuntu_DE_2026-10-08/significant_protein_coding_degs.csv,c9bf672d38f877361b3132065884d3a02e3132bcbf9901656b9f2cb04fdf3130,0.1.0
03,gene,ENSMUSG00000020689,pass,PASS_CURRENT_EXACT_XREF_DISPLAYED_SEQUENCE,PASS_CURRENT_EXACT_XREF_DISPLAYED_SEQUENCE,docs/audits/ubuntu_DE_2026-10-08/significant_protein_coding_degs.csv,c9bf672d38f877361b3132065884d3a02e3132bcbf9901656b9f2cb04fdf3130,0.1.0
03,gene,ENSMUSG00000006517,pass,RESOLVED_EXPLICIT_GENE_CENTRIC_REPRESENTATIVE,RESOLVED_EXPLICIT_GENE_CENTRIC_REPRESENTATIVE,docs/audits/ubuntu_DE_2026-10-08/significant_protein_coding_degs.csv,c9bf672d38f877361b3132065884d3a02e3132bcbf9901656b9f2cb04fdf3130,0.1.0
03,gene,ENSMUSG00000032469,pass,RESOLVED_EXPLICIT_GENE_CENTRIC_REPRESENTATIVE,RESOLVED_EXPLICIT_GENE_CENTRIC_REPRESENTATIVE,docs/audits/ubuntu_DE_2026-10-08/significant_protein_coding_degs.csv,c9bf672d38f877361b3132065884d3a02e3132bcbf9901656b9f2cb04fdf3130,0.1.0
03,gene,ENSMUSG00000021815,pass,PASS_CURRENT_EXACT_XREF_DISPLAYED_SEQUENCE,PASS_CURRENT_EXACT_XREF_DISPLAYED_SEQUENCE,docs/audits/ubuntu_DE_2026-10-08/significant_protein_coding_degs.csv,c9bf672d38f877361b3132065884d3a02e3132bcbf9901656b9f2cb04fdf3130,0.1.0
03,gene,ENSMUSG00000035000,pass,PASS_CURRENT_EXACT_XREF_DISPLAYED_SEQUENCE,PASS_CURRENT_EXACT_XREF_DISPLAYED_SEQUENCE,docs/audits/ubuntu_DE_2026-10-08/significant_protein_coding_degs.csv,c9bf672d38f877361b3132065884d3a02e3132bcbf9901656b9f2cb04fdf3130,0.1.0
03,gene,ENSMUSG00000025888,pass,RESOLVED_EXPLICIT_GENE_CENTRIC_REPRESENTATIVE,RESOLVED_EXPLICIT_GENE_CENTRIC_REPRESENTATIVE,docs/audits/ubuntu_DE_2026-10-08/significant_protein_coding_degs.csv,c9bf672d38f877361b3132065884d3a02e3132bcbf9901656b9f2cb04fdf3130,0.1.0
03,gene,ENSMUSG00000037465,pass,RESOLVED_EXPLICIT_GENE_CENTRIC_REPRESENTATIVE,RESOLVED_EXPLICIT_GENE_CENTRIC_REPRESENTATIVE,docs/audits/ubuntu_DE_2026-10-08/significant_protein_coding_degs.csv,c9bf672d38f877361b3132065884d3a02e3132bcbf9901656b9f2cb04fdf3130,0.1.0
03,gene,ENSMUSG00000022951,pass,RESOLVED_EXPLICIT_GENE_CENTRIC_REPRESENTATIVE,RESOLVED_EXPLICIT_GENE_CENTRIC_REPRESENTATIVE,docs/audits/ubuntu_DE_2026-10-08/significant_protein_coding_degs.csv,c9bf672d38f877361b3132065884d3a02e3132bcbf9901656b9f2cb04fdf3130,0.1.0
03,gene,ENSMUSG00000034110,pass,RESOLVED_EXPLICIT_GENE_CENTRIC_REPRESENTATIVE,RESOLVED_EXPLICIT_GENE_CENTRIC_REPRESENTATIVE,docs/audits/ubuntu_DE_2026-10-08/significant_protein_coding_degs.csv,c9bf672d38f877361b3132065884d3a02e3132bcbf9901656b9f2cb04fdf3130,0.1.0
03,gene,ENSMUSG00000058488,pass,PASS_CURRENT_EXACT_XREF_DISPLAYED_SEQUENCE,PASS_CURRENT_EXACT_XREF_DISPLAYED_SEQUENCE,docs/audits/ubuntu_DE_2026-10-08/significant_protein_coding_degs.csv,c9bf672d38f877361b3132065884d3a02e3132bcbf9901656b9f2cb04fdf3130,0.1.0
03,gene,ENSMUSG00000032802,pass,RESOLVED_EXPLICIT_GENE_CENTRIC_REPRESENTATIVE,RESOLVED_EXPLICIT_GENE_CENTRIC_REPRESENTATIVE,docs/audits/ubuntu_DE_2026-10-08/significant_protein_coding_degs.csv,c9bf672d38f877361b3132065884d3a02e3132bcbf9901656b9f2cb04fdf3130,0.1.0
03,gene,ENSMUSG00000072640,pass,RESOLVED_EXPLICIT_GENE_CENTRIC_REPRESENTATIVE,RESOLVED_EXPLICIT_GENE_CENTRIC_REPRESENTATIVE,docs/audits/ubuntu_DE_2026-10-08/significant_protein_coding_degs.csv,c9bf672d38f877361b3132065884d3a02e3132bcbf9901656b9f2cb04fdf3130,0.1.0
03,gene,ENSMUSG00000022488,pass,RESOLVED_EXPLICIT_GENE_CENTRIC_REPRESENTATIVE,RESOLVED_EXPLICIT_GENE_CENTRIC_REPRESENTATIVE,docs/audits/ubuntu_DE_2026-10-08/significant_protein_coding_degs.csv,c9bf672d38f877361b3132065884d3a02e3132bcbf9901656b9f2cb04fdf3130,0.1.0
03,gene,ENSMUSG00000033350,pass,PASS_CURRENT_EXACT_XREF_DISPLAYED_SEQUENCE,PASS_CURRENT_EXACT_XREF_DISPLAYED_SEQUENCE,docs/audits/ubuntu_DE_2026-10-08/significant_protein_coding_degs.csv,c9bf672d38f877361b3132065884d3a02e3132bcbf9901656b9f2cb04fdf3130,0.1.0
03,gene,ENSMUSG00000032925,pass,RESOLVED_EXPLICIT_GENE_CENTRIC_REPRESENTATIVE,RESOLVED_EXPLICIT_GENE_CENTRIC_REPRESENTATIVE,docs/audits/ubuntu_DE_2026-10-08/significant_protein_coding_degs.csv,c9bf672d38f877361b3132065884d3a02e3132bcbf9901656b9f2cb04fdf3130,0.1.0
03,gene,ENSMUSG00000035105,pass,PASS_CURRENT_EXACT_XREF_DISPLAYED_SEQUENCE,PASS_CURRENT_EXACT_XREF_DISPLAYED_SEQUENCE,docs/audits/ubuntu_DE_2026-10-08/significant_protein_coding_degs.csv,c9bf672d38f877361b3132065884d3a02e3132bcbf9901656b9f2cb04fdf3130,0.1.0
03,gene,ENSMUSG00000049878,pass,RESOLVED_EXPLICIT_GENE_CENTRIC_REPRESENTATIVE,RESOLVED_EXPLICIT_GENE_CENTRIC_REPRESENTATIVE,docs/audits/ubuntu_DE_2026-10-08/significant_protein_coding_degs.csv,c9bf672d38f877361b3132065884d3a02e3132bcbf9901656b9f2cb04fdf3130,0.1.0
03,gene,ENSMUSG00000090394,pass,PASS_CURRENT_EXACT_XREF_DISPLAYED_SEQUENCE,PASS_CURRENT_EXACT_XREF_DISPLAYED_SEQUENCE,docs/audits/ubuntu_DE_2026-10-08/significant_protein_coding_degs.csv,c9bf672d38f877361b3132065884d3a02e3132bcbf9901656b9f2cb04fdf3130,0.1.0
03,gene,ENSMUSG00000001729,pass,RESOLVED_EXPLICIT_GENE_CENTRIC_REPRESENTATIVE,RESOLVED_EXPLICIT_GENE_CENTRIC_REPRESENTATIVE,docs/audits/ubuntu_DE_2026-10-08/significant_protein_coding_degs.csv,c9bf672d38f877361b3132065884d3a02e3132bcbf9901656b9f2cb04fdf3130,0.1.0
03,gene,ENSMUSG00000020089,pass,PASS_CURRENT_EXACT_XREF_DISPLAYED_SEQUENCE,PASS_CURRENT_EXACT_XREF_DISPLAYED_SEQUENCE,docs/audits/ubuntu_DE_2026-10-08/significant_protein_coding_degs.csv,c9bf672d38f877361b3132065884d3a02e3132bcbf9901656b9f2cb04fdf3130,0.1.0
03,gene,ENSMUSG00000026254,pass,RESOLVED_EXPLICIT_GENE_CENTRIC_REPRESENTATIVE,RESOLVED_EXPLICIT_GENE_CENTRIC_REPRESENTATIVE,docs/audits/ubuntu_DE_2026-10-08/significant_protein_coding_degs.csv,c9bf672d38f877361b3132065884d3a02e3132bcbf9901656b9f2cb04fdf3130,0.1.0
03,gene,ENSMUSG00000010554,pass,RESOLVED_EXPLICIT_GENE_CENTRIC_REPRESENTATIVE,RESOLVED_EXPLICIT_GENE_CENTRIC_REPRESENTATIVE,docs/audits/ubuntu_DE_2026-10-08/significant_protein_coding_degs.csv,c9bf672d38f877361b3132065884d3a02e3132bcbf9901656b9f2cb04fdf3130,0.1.0
03,gene,ENSMUSG00000019122,pass,PASS_CURRENT_EXACT_XREF_DISPLAYED_SEQUENCE,PASS_CURRENT_EXACT_XREF_DISPLAYED_SEQUENCE,docs/audits/ubuntu_DE_2026-10-08/significant_protein_coding_degs.csv,c9bf672d38f877361b3132065884d3a02e3132bcbf9901656b9f2cb04fdf3130,0.1.0
03,gene,ENSMUSG00000091405,pass,PASS_CURRENT_EXACT_XREF_DISPLAYED_SEQUENCE,PASS_CURRENT_EXACT_XREF_DISPLAYED_SEQUENCE,docs/audits/ubuntu_DE_2026-10-08/significant_protein_coding_degs.csv,c9bf672d38f877361b3132065884d3a02e3132bcbf9901656b9f2cb04fdf3130,0.1.0
03,gene,ENSMUSG00000028096,pass,RESOLVED_EXPLICIT_GENE_CENTRIC_REPRESENTATIVE,RESOLVED_EXPLICIT_GENE_CENTRIC_REPRESENTATIVE,docs/audits/ubuntu_DE_2026-10-08/significant_protein_coding_degs.csv,c9bf672d38f877361b3132065884d3a02e3132bcbf9901656b9f2cb04fdf3130,0.1.0
03,gene,ENSMUSG00000021252,pass,RESOLVED_EXPLICIT_GENE_CENTRIC_REPRESENTATIVE,RESOLVED_EXPLICIT_GENE_CENTRIC_REPRESENTATIVE,docs/audits/ubuntu_DE_2026-10-08/significant_protein_coding_degs.csv,c9bf672d38f877361b3132065884d3a02e3132bcbf9901656b9f2cb04fdf3130,0.1.0
03,gene,ENSMUSG00000036850,pass,RESOLVED_EXPLICIT_GENE_CENTRIC_REPRESENTATIVE,RESOLVED_EXPLICIT_GENE_CENTRIC_REPRESENTATIVE,docs/audits/ubuntu_DE_2026-10-08/significant_protein_coding_degs.csv,c9bf672d38f877361b3132065884d3a02e3132bcbf9901656b9f2cb04fdf3130,0.1.0
03,gene,ENSMUSG00000040451,pass,RESOLVED_EXPLICIT_GENE_CENTRIC_REPRESENTATIVE,RESOLVED_EXPLICIT_GENE_CENTRIC_REPRESENTATIVE,docs/audits/ubuntu_DE_2026-10-08/significant_protein_coding_degs.csv,c9bf672d38f877361b3132065884d3a02e3132bcbf9901656b9f2cb04fdf3130,0.1.0
03,gene,ENSMUSG00000002308,pass,PASS_CURRENT_EXACT_XREF_DISPLAYED_SEQUENCE,PASS_CURRENT_EXACT_XREF_DISPLAYED_SEQUENCE,docs/audits/ubuntu_DE_2026-10-08/significant_protein_coding_degs.csv,c9bf672d38f877361b3132065884d3a02e3132bcbf9901656b9f2cb04fdf3130,0.1.0
03,gene,ENSMUSG00000097789,pass,PASS_CURRENT_EXACT_XREF_DISPLAYED_SEQUENCE,PASS_CURRENT_EXACT_XREF_DISPLAYED_SEQUENCE,docs/audits/ubuntu_DE_2026-10-08/significant_protein_coding_degs.csv,c9bf672d38f877361b3132065884d3a02e3132bcbf9901656b9f2cb04fdf3130,0.1.0
03,gene,ENSMUSG00000010154,pass,PASS_CURRENT_EXACT_XREF_DISPLAYED_SEQUENCE,PASS_CURRENT_EXACT_XREF_DISPLAYED_SEQUENCE,docs/audits/ubuntu_DE_2026-10-08/significant_protein_coding_degs.csv,c9bf672d38f877361b3132065884d3a02e3132bcbf9901656b9f2cb04fdf3130,0.1.0
03,gene,ENSMUSG00000024500,pass,RESOLVED_EXPLICIT_GENE_CENTRIC_REPRESENTATIVE,RESOLVED_EXPLICIT_GENE_CENTRIC_REPRESENTATIVE,docs/audits/ubuntu_DE_2026-10-08/significant_protein_coding_degs.csv,c9bf672d38f877361b3132065884d3a02e3132bcbf9901656b9f2cb04fdf3130,0.1.0
03,gene,ENSMUSG00000028410,pass,RESOLVED_EXPLICIT_GENE_CENTRIC_REPRESENTATIVE,RESOLVED_EXPLICIT_GENE_CENTRIC_REPRESENTATIVE,docs/audits/ubuntu_DE_2026-10-08/significant_protein_coding_degs.csv,c9bf672d38f877361b3132065884d3a02e3132bcbf9901656b9f2cb04fdf3130,0.1.0
03,gene,ENSMUSG00000036833,pass,RESOLVED_EXPLICIT_GENE_CENTRIC_REPRESENTATIVE,RESOLVED_EXPLICIT_GENE_CENTRIC_REPRESENTATIVE,docs/audits/ubuntu_DE_2026-10-08/significant_protein_coding_degs.csv,c9bf672d38f877361b3132065884d3a02e3132bcbf9901656b9f2cb04fdf3130,0.1.0
03,gene,ENSMUSG00000019986,held,REPRESENTATIVE_LACKS_ORIGINAL_EXACT_GENE_LINK,REPRESENTATIVE_LACKS_ORIGINAL_EXACT_GENE_LINK,docs/audits/ubuntu_DE_2026-10-08/significant_protein_coding_degs.csv,c9bf672d38f877361b3132065884d3a02e3132bcbf9901656b9f2cb04fdf3130,0.1.0
03,gene,ENSMUSG00000020175,pass,RESOLVED_EXPLICIT_GENE_CENTRIC_REPRESENTATIVE,RESOLVED_EXPLICIT_GENE_CENTRIC_REPRESENTATIVE,docs/audits/ubuntu_DE_2026-10-08/significant_protein_coding_degs.csv,c9bf672d38f877361b3132065884d3a02e3132bcbf9901656b9f2cb04fdf3130,0.1.0
03,gene,ENSMUSG00000026812,pass,RESOLVED_EXPLICIT_GENE_CENTRIC_REPRESENTATIVE,RESOLVED_EXPLICIT_GENE_CENTRIC_REPRESENTATIVE,docs/audits/ubuntu_DE_2026-10-08/significant_protein_coding_degs.csv,c9bf672d38f877361b3132065884d3a02e3132bcbf9901656b9f2cb04fdf3130,0.1.0
03,gene,ENSMUSG00000021270,pass,RESOLVED_EXPLICIT_GENE_CENTRIC_REPRESENTATIVE,RESOLVED_EXPLICIT_GENE_CENTRIC_REPRESENTATIVE,docs/audits/ubuntu_DE_2026-10-08/significant_protein_coding_degs.csv,c9bf672d38f877361b3132065884d3a02e3132bcbf9901656b9f2cb04fdf3130,0.1.0
03,gene,ENSMUSG00000025503,pass,RESOLVED_EXPLICIT_GENE_CENTRIC_REPRESENTATIVE,RESOLVED_EXPLICIT_GENE_CENTRIC_REPRESENTATIVE,docs/audits/ubuntu_DE_2026-10-08/significant_protein_coding_degs.csv,c9bf672d38f877361b3132065884d3a02e3132bcbf9901656b9f2cb04fdf3130,0.1.0
03,gene,ENSMUSG00000070284,pass,PASS_CURRENT_EXACT_XREF_DISPLAYED_SEQUENCE,PASS_CURRENT_EXACT_XREF_DISPLAYED_SEQUENCE,docs/audits/ubuntu_DE_2026-10-08/significant_protein_coding_degs.csv,c9bf672d38f877361b3132065884d3a02e3132bcbf9901656b9f2cb04fdf3130,0.1.0
03,gene,ENSMUSG00000005672,pass,PASS_CURRENT_EXACT_XREF_DISPLAYED_SEQUENCE,PASS_CURRENT_EXACT_XREF_DISPLAYED_SEQUENCE,docs/audits/ubuntu_DE_2026-10-08/significant_protein_coding_degs.csv,c9bf672d38f877361b3132065884d3a02e3132bcbf9901656b9f2cb04fdf3130,0.1.0
03,gene,ENSMUSG00000019312,pass,RESOLVED_EXPLICIT_GENE_CENTRIC_REPRESENTATIVE,RESOLVED_EXPLICIT_GENE_CENTRIC_REPRESENTATIVE,docs/audits/ubuntu_DE_2026-10-08/significant_protein_coding_degs.csv,c9bf672d38f877361b3132065884d3a02e3132bcbf9901656b9f2cb04fdf3130,0.1.0
03,gene,ENSMUSG00000015027,pass,RESOLVED_EXPLICIT_GENE_CENTRIC_REPRESENTATIVE,RESOLVED_EXPLICIT_GENE_CENTRIC_REPRESENTATIVE,docs/audits/ubuntu_DE_2026-10-08/significant_protein_coding_degs.csv,c9bf672d38f877361b3132065884d3a02e3132bcbf9901656b9f2cb04fdf3130,0.1.0
03,gene,ENSMUSG00000047554,pass,RESOLVED_EXPLICIT_GENE_CENTRIC_REPRESENTATIVE,RESOLVED_EXPLICIT_GENE_CENTRIC_REPRESENTATIVE,docs/audits/ubuntu_DE_2026-10-08/significant_protein_coding_degs.csv,c9bf672d38f877361b3132065884d3a02e3132bcbf9901656b9f2cb04fdf3130,0.1.0
03,gene,ENSMUSG00000024678,pass,PASS_CURRENT_EXACT_XREF_DISPLAYED_SEQUENCE,PASS_CURRENT_EXACT_XREF_DISPLAYED_SEQUENCE,docs/audits/ubuntu_DE_2026-10-08/significant_protein_coding_degs.csv,c9bf672d38f877361b3132065884d3a02e3132bcbf9901656b9f2cb04fdf3130,0.1.0
03,gene,ENSMUSG00000015829,pass,RESOLVED_EXPLICIT_GENE_CENTRIC_REPRESENTATIVE,RESOLVED_EXPLICIT_GENE_CENTRIC_REPRESENTATIVE,docs/audits/ubuntu_DE_2026-10-08/significant_protein_coding_degs.csv,c9bf672d38f877361b3132065884d3a02e3132bcbf9901656b9f2cb04fdf3130,0.1.0
03,gene,ENSMUSG00000050666,pass,PASS_CURRENT_EXACT_XREF_DISPLAYED_SEQUENCE,PASS_CURRENT_EXACT_XREF_DISPLAYED_SEQUENCE,docs/audits/ubuntu_DE_2026-10-08/significant_protein_coding_degs.csv,c9bf672d38f877361b3132065884d3a02e3132bcbf9901656b9f2cb04fdf3130,0.1.0
03,gene,ENSMUSG00000029430,pass,PASS_CURRENT_EXACT_XREF_DISPLAYED_SEQUENCE,PASS_CURRENT_EXACT_XREF_DISPLAYED_SEQUENCE,docs/audits/ubuntu_DE_2026-10-08/significant_protein_coding_degs.csv,c9bf672d38f877361b3132065884d3a02e3132bcbf9901656b9f2cb04fdf3130,0.1.0
03,gene,ENSMUSG00000020808,pass,RESOLVED_EXPLICIT_GENE_CENTRIC_REPRESENTATIVE,RESOLVED_EXPLICIT_GENE_CENTRIC_REPRESENTATIVE,docs/audits/ubuntu_DE_2026-10-08/significant_protein_coding_degs.csv,c9bf672d38f877361b3132065884d3a02e3132bcbf9901656b9f2cb04fdf3130,0.1.0
03,gene,ENSMUSG00000025473,pass,RESOLVED_EXPLICIT_GENE_CENTRIC_REPRESENTATIVE,RESOLVED_EXPLICIT_GENE_CENTRIC_REPRESENTATIVE,docs/audits/ubuntu_DE_2026-10-08/significant_protein_coding_degs.csv,c9bf672d38f877361b3132065884d3a02e3132bcbf9901656b9f2cb04fdf3130,0.1.0
03,gene,ENSMUSG00000032181,pass,RESOLVED_EXPLICIT_GENE_CENTRIC_REPRESENTATIVE,RESOLVED_EXPLICIT_GENE_CENTRIC_REPRESENTATIVE,docs/audits/ubuntu_DE_2026-10-08/significant_protein_coding_degs.csv,c9bf672d38f877361b3132065884d3a02e3132bcbf9901656b9f2cb04fdf3130,0.1.0
03,gene,ENSMUSG00000032418,pass,RESOLVED_EXPLICIT_GENE_CENTRIC_REPRESENTATIVE,RESOLVED_EXPLICIT_GENE_CENTRIC_REPRESENTATIVE,docs/audits/ubuntu_DE_2026-10-08/significant_protein_coding_degs.csv,c9bf672d38f877361b3132065884d3a02e3132bcbf9901656b9f2cb04fdf3130,0.1.0
03,gene,ENSMUSG00000048373,pass,PASS_CURRENT_EXACT_XREF_DISPLAYED_SEQUENCE,PASS_CURRENT_EXACT_XREF_DISPLAYED_SEQUENCE,docs/audits/ubuntu_DE_2026-10-08/significant_protein_coding_degs.csv,c9bf672d38f877361b3132065884d3a02e3132bcbf9901656b9f2cb04fdf3130,0.1.0
03,gene,ENSMUSG00000023232,pass,RESOLVED_EXPLICIT_GENE_CENTRIC_REPRESENTATIVE,RESOLVED_EXPLICIT_GENE_CENTRIC_REPRESENTATIVE,docs/audits/ubuntu_DE_2026-10-08/significant_protein_coding_degs.csv,c9bf672d38f877361b3132065884d3a02e3132bcbf9901656b9f2cb04fdf3130,0.1.0
03,gene,ENSMUSG00000041831,pass,RESOLVED_EXPLICIT_GENE_CENTRIC_REPRESENTATIVE,RESOLVED_EXPLICIT_GENE_CENTRIC_REPRESENTATIVE,docs/audits/ubuntu_DE_2026-10-08/significant_protein_coding_degs.csv,c9bf672d38f877361b3132065884d3a02e3132bcbf9901656b9f2cb04fdf3130,0.1.0
03,gene,ENSMUSG00000042826,pass,RESOLVED_EXPLICIT_GENE_CENTRIC_REPRESENTATIVE,RESOLVED_EXPLICIT_GENE_CENTRIC_REPRESENTATIVE,docs/audits/ubuntu_DE_2026-10-08/significant_protein_coding_degs.csv,c9bf672d38f877361b3132065884d3a02e3132bcbf9901656b9f2cb04fdf3130,0.1.0
03,gene,ENSMUSG00000058571,pass,RESOLVED_EXPLICIT_GENE_CENTRIC_REPRESENTATIVE,RESOLVED_EXPLICIT_GENE_CENTRIC_REPRESENTATIVE,docs/audits/ubuntu_DE_2026-10-08/significant_protein_coding_degs.csv,c9bf672d38f877361b3132065884d3a02e3132bcbf9901656b9f2cb04fdf3130,0.1.0
03,gene,ENSMUSG00000024143,pass,RESOLVED_EXPLICIT_GENE_CENTRIC_REPRESENTATIVE,RESOLVED_EXPLICIT_GENE_CENTRIC_REPRESENTATIVE,docs/audits/ubuntu_DE_2026-10-08/significant_protein_coding_degs.csv,c9bf672d38f877361b3132065884d3a02e3132bcbf9901656b9f2cb04fdf3130,0.1.0
03,gene,ENSMUSG00000096472,pass,RESOLVED_EXPLICIT_GENE_CENTRIC_REPRESENTATIVE,RESOLVED_EXPLICIT_GENE_CENTRIC_REPRESENTATIVE,docs/audits/ubuntu_DE_2026-10-08/significant_protein_coding_degs.csv,c9bf672d38f877361b3132065884d3a02e3132bcbf9901656b9f2cb04fdf3130,0.1.0
03,gene,ENSMUSG00000023349,pass,RESOLVED_EXPLICIT_GENE_CENTRIC_REPRESENTATIVE,RESOLVED_EXPLICIT_GENE_CENTRIC_REPRESENTATIVE,docs/audits/ubuntu_DE_2026-10-08/significant_protein_coding_degs.csv,c9bf672d38f877361b3132065884d3a02e3132bcbf9901656b9f2cb04fdf3130,0.1.0
03,gene,ENSMUSG00000042254,held,REPRESENTATIVE_LACKS_ORIGINAL_EXACT_GENE_LINK,REPRESENTATIVE_LACKS_ORIGINAL_EXACT_GENE_LINK,docs/audits/ubuntu_DE_2026-10-08/significant_protein_coding_degs.csv,c9bf672d38f877361b3132065884d3a02e3132bcbf9901656b9f2cb04fdf3130,0.1.0
03,gene,ENSMUSG00000040711,pass,RESOLVED_EXPLICIT_GENE_CENTRIC_REPRESENTATIVE,RESOLVED_EXPLICIT_GENE_CENTRIC_REPRESENTATIVE,docs/audits/ubuntu_DE_2026-10-08/significant_protein_coding_degs.csv,c9bf672d38f877361b3132065884d3a02e3132bcbf9901656b9f2cb04fdf3130,0.1.0
03,gene,ENSMUSG00000021886,pass,PASS_CURRENT_EXACT_XREF_DISPLAYED_SEQUENCE,PASS_CURRENT_EXACT_XREF_DISPLAYED_SEQUENCE,docs/audits/ubuntu_DE_2026-10-08/significant_protein_coding_degs.csv,c9bf672d38f877361b3132065884d3a02e3132bcbf9901656b9f2cb04fdf3130,0.1.0
03,gene,ENSMUSG00000029096,pass,RESOLVED_EXPLICIT_GENE_CENTRIC_REPRESENTATIVE,RESOLVED_EXPLICIT_GENE_CENTRIC_REPRESENTATIVE,docs/audits/ubuntu_DE_2026-10-08/significant_protein_coding_degs.csv,c9bf672d38f877361b3132065884d3a02e3132bcbf9901656b9f2cb04fdf3130,0.1.0
03,gene,ENSMUSG00000038683,pass,PASS_CURRENT_EXACT_XREF_DISPLAYED_SEQUENCE,PASS_CURRENT_EXACT_XREF_DISPLAYED_SEQUENCE,docs/audits/ubuntu_DE_2026-10-08/significant_protein_coding_degs.csv,c9bf672d38f877361b3132065884d3a02e3132bcbf9901656b9f2cb04fdf3130,0.1.0
03,gene,ENSMUSG00000031343,pass,RESOLVED_EXPLICIT_GENE_CENTRIC_REPRESENTATIVE,RESOLVED_EXPLICIT_GENE_CENTRIC_REPRESENTATIVE,docs/audits/ubuntu_DE_2026-10-08/significant_protein_coding_degs.csv,c9bf672d38f877361b3132065884d3a02e3132bcbf9901656b9f2cb04fdf3130,0.1.0
03,gene,ENSMUSG00000021591,pass,RESOLVED_EXPLICIT_GENE_CENTRIC_REPRESENTATIVE,RESOLVED_EXPLICIT_GENE_CENTRIC_REPRESENTATIVE,docs/audits/ubuntu_DE_2026-10-08/significant_protein_coding_degs.csv,c9bf672d38f877361b3132065884d3a02e3132bcbf9901656b9f2cb04fdf3130,0.1.0
03,gene,ENSMUSG00000064284,pass,RESOLVED_EXPLICIT_GENE_CENTRIC_REPRESENTATIVE,RESOLVED_EXPLICIT_GENE_CENTRIC_REPRESENTATIVE,docs/audits/ubuntu_DE_2026-10-08/significant_protein_coding_degs.csv,c9bf672d38f877361b3132065884d3a02e3132bcbf9901656b9f2cb04fdf3130,0.1.0
03,gene,ENSMUSG00000021832,pass,RESOLVED_EXPLICIT_GENE_CENTRIC_REPRESENTATIVE,RESOLVED_EXPLICIT_GENE_CENTRIC_REPRESENTATIVE,docs/audits/ubuntu_DE_2026-10-08/significant_protein_coding_degs.csv,c9bf672d38f877361b3132065884d3a02e3132bcbf9901656b9f2cb04fdf3130,0.1.0
03,gene,ENSMUSG00000033486,held,REPRESENTATIVE_LACKS_ORIGINAL_EXACT_GENE_LINK,REPRESENTATIVE_LACKS_ORIGINAL_EXACT_GENE_LINK,docs/audits/ubuntu_DE_2026-10-08/significant_protein_coding_degs.csv,c9bf672d38f877361b3132065884d3a02e3132bcbf9901656b9f2cb04fdf3130,0.1.0
03,gene,ENSMUSG00000028672,pass,PASS_CURRENT_EXACT_XREF_DISPLAYED_SEQUENCE,PASS_CURRENT_EXACT_XREF_DISPLAYED_SEQUENCE,docs/audits/ubuntu_DE_2026-10-08/significant_protein_coding_degs.csv,c9bf672d38f877361b3132065884d3a02e3132bcbf9901656b9f2cb04fdf3130,0.1.0
03,gene,ENSMUSG00000079442,held,REPRESENTATIVE_LACKS_ORIGINAL_EXACT_GENE_LINK,REPRESENTATIVE_LACKS_ORIGINAL_EXACT_GENE_LINK,docs/audits/ubuntu_DE_2026-10-08/significant_protein_coding_degs.csv,c9bf672d38f877361b3132065884d3a02e3132bcbf9901656b9f2cb04fdf3130,0.1.0
03,gene,ENSMUSG00000090622,held,NO_CURRENT_EXACT_ENSEMBL_XREF,NO_CURRENT_EXACT_ENSEMBL_XREF,docs/audits/ubuntu_DE_2026-10-08/significant_protein_coding_degs.csv,c9bf672d38f877361b3132065884d3a02e3132bcbf9901656b9f2cb04fdf3130,0.1.0
03,gene,ENSMUSG00000006307,pass,RESOLVED_EXPLICIT_GENE_CENTRIC_REPRESENTATIVE,RESOLVED_EXPLICIT_GENE_CENTRIC_REPRESENTATIVE,docs/audits/ubuntu_DE_2026-10-08/significant_protein_coding_degs.csv,c9bf672d38f877361b3132065884d3a02e3132bcbf9901656b9f2cb04fdf3130,0.1.0
03,gene,ENSMUSG00000063884,pass,RESOLVED_EXPLICIT_GENE_CENTRIC_REPRESENTATIVE,RESOLVED_EXPLICIT_GENE_CENTRIC_REPRESENTATIVE,docs/audits/ubuntu_DE_2026-10-08/significant_protein_coding_degs.csv,c9bf672d38f877361b3132065884d3a02e3132bcbf9901656b9f2cb04fdf3130,0.1.0
03,gene,ENSMUSG00000024074,pass,RESOLVED_EXPLICIT_GENE_CENTRIC_REPRESENTATIVE,RESOLVED_EXPLICIT_GENE_CENTRIC_REPRESENTATIVE,docs/audits/ubuntu_DE_2026-10-08/significant_protein_coding_degs.csv,c9bf672d38f877361b3132065884d3a02e3132bcbf9901656b9f2cb04fdf3130,0.1.0
03,gene,ENSMUSG00000024781,pass,PASS_CURRENT_EXACT_XREF_DISPLAYED_SEQUENCE,PASS_CURRENT_EXACT_XREF_DISPLAYED_SEQUENCE,docs/audits/ubuntu_DE_2026-10-08/significant_protein_coding_degs.csv,c9bf672d38f877361b3132065884d3a02e3132bcbf9901656b9f2cb04fdf3130,0.1.0
03,gene,ENSMUSG00000033847,pass,PASS_CURRENT_EXACT_XREF_DISPLAYED_SEQUENCE,PASS_CURRENT_EXACT_XREF_DISPLAYED_SEQUENCE,docs/audits/ubuntu_DE_2026-10-08/significant_protein_coding_degs.csv,c9bf672d38f877361b3132065884d3a02e3132bcbf9901656b9f2cb04fdf3130,0.1.0
03,gene,ENSMUSG00000040950,pass,RESOLVED_EXPLICIT_GENE_CENTRIC_REPRESENTATIVE,RESOLVED_EXPLICIT_GENE_CENTRIC_REPRESENTATIVE,docs/audits/ubuntu_DE_2026-10-08/significant_protein_coding_degs.csv,c9bf672d38f877361b3132065884d3a02e3132bcbf9901656b9f2cb04fdf3130,0.1.0
03,gene,ENSMUSG00000062329,pass,PASS_CURRENT_EXACT_XREF_DISPLAYED_SEQUENCE,PASS_CURRENT_EXACT_XREF_DISPLAYED_SEQUENCE,docs/audits/ubuntu_DE_2026-10-08/significant_protein_coding_degs.csv,c9bf672d38f877361b3132065884d3a02e3132bcbf9901656b9f2cb04fdf3130,0.1.0
03,gene,ENSMUSG00000029452,pass,RESOLVED_EXPLICIT_GENE_CENTRIC_REPRESENTATIVE,RESOLVED_EXPLICIT_GENE_CENTRIC_REPRESENTATIVE,docs/audits/ubuntu_DE_2026-10-08/significant_protein_coding_degs.csv,c9bf672d38f877361b3132065884d3a02e3132bcbf9901656b9f2cb04fdf3130,0.1.0
03,gene,ENSMUSG00000047909,pass,RESOLVED_EXPLICIT_GENE_CENTRIC_REPRESENTATIVE,RESOLVED_EXPLICIT_GENE_CENTRIC_REPRESENTATIVE,docs/audits/ubuntu_DE_2026-10-08/significant_protein_coding_degs.csv,c9bf672d38f877361b3132065884d3a02e3132bcbf9901656b9f2cb04fdf3130,0.1.0
03,gene,ENSMUSG00000039770,pass,RESOLVED_EXPLICIT_GENE_CENTRIC_REPRESENTATIVE,RESOLVED_EXPLICIT_GENE_CENTRIC_REPRESENTATIVE,docs/audits/ubuntu_DE_2026-10-08/significant_protein_coding_degs.csv,c9bf672d38f877361b3132065884d3a02e3132bcbf9901656b9f2cb04fdf3130,0.1.0
03,gene,ENSMUSG00000001524,pass,RESOLVED_EXPLICIT_GENE_CENTRIC_REPRESENTATIVE,RESOLVED_EXPLICIT_GENE_CENTRIC_REPRESENTATIVE,docs/audits/ubuntu_DE_2026-10-08/significant_protein_coding_degs.csv,c9bf672d38f877361b3132065884d3a02e3132bcbf9901656b9f2cb04fdf3130,0.1.0
03,gene,ENSMUSG00000004948,pass,RESOLVED_EXPLICIT_GENE_CENTRIC_REPRESENTATIVE,RESOLVED_EXPLICIT_GENE_CENTRIC_REPRESENTATIVE,docs/audits/ubuntu_DE_2026-10-08/significant_protein_coding_degs.csv,c9bf672d38f877361b3132065884d3a02e3132bcbf9901656b9f2cb04fdf3130,0.1.0
03,gene,ENSMUSG00000026709,pass,PASS_CURRENT_EXACT_XREF_DISPLAYED_SEQUENCE,PASS_CURRENT_EXACT_XREF_DISPLAYED_SEQUENCE,docs/audits/ubuntu_DE_2026-10-08/significant_protein_coding_degs.csv,c9bf672d38f877361b3132065884d3a02e3132bcbf9901656b9f2cb04fdf3130,0.1.0
03,gene,ENSMUSG00000029491,pass,PASS_CURRENT_EXACT_XREF_DISPLAYED_SEQUENCE,PASS_CURRENT_EXACT_XREF_DISPLAYED_SEQUENCE,docs/audits/ubuntu_DE_2026-10-08/significant_protein_coding_degs.csv,c9bf672d38f877361b3132065884d3a02e3132bcbf9901656b9f2cb04fdf3130,0.1.0
03,gene,ENSMUSG00000033720,pass,RESOLVED_EXPLICIT_GENE_CENTRIC_REPRESENTATIVE,RESOLVED_EXPLICIT_GENE_CENTRIC_REPRESENTATIVE,docs/audits/ubuntu_DE_2026-10-08/significant_protein_coding_degs.csv,c9bf672d38f877361b3132065884d3a02e3132bcbf9901656b9f2cb04fdf3130,0.1.0
03,gene,ENSMUSG00000039457,pass,PASS_CURRENT_EXACT_XREF_DISPLAYED_SEQUENCE,PASS_CURRENT_EXACT_XREF_DISPLAYED_SEQUENCE,docs/audits/ubuntu_DE_2026-10-08/significant_protein_coding_degs.csv,c9bf672d38f877361b3132065884d3a02e3132bcbf9901656b9f2cb04fdf3130,0.1.0
03,gene,ENSMUSG00000068566,pass,RESOLVED_EXPLICIT_GENE_CENTRIC_REPRESENTATIVE,RESOLVED_EXPLICIT_GENE_CENTRIC_REPRESENTATIVE,docs/audits/ubuntu_DE_2026-10-08/significant_protein_coding_degs.csv,c9bf672d38f877361b3132065884d3a02e3132bcbf9901656b9f2cb04fdf3130,0.1.0
03,gene,ENSMUSG00000009654,pass,PASS_CURRENT_EXACT_XREF_DISPLAYED_SEQUENCE,PASS_CURRENT_EXACT_XREF_DISPLAYED_SEQUENCE,docs/audits/ubuntu_DE_2026-10-08/significant_protein_coding_degs.csv,c9bf672d38f877361b3132065884d3a02e3132bcbf9901656b9f2cb04fdf3130,0.1.0
03,gene,ENSMUSG00000019823,pass,RESOLVED_EXPLICIT_GENE_CENTRIC_REPRESENTATIVE,RESOLVED_EXPLICIT_GENE_CENTRIC_REPRESENTATIVE,docs/audits/ubuntu_DE_2026-10-08/significant_protein_coding_degs.csv,c9bf672d38f877361b3132065884d3a02e3132bcbf9901656b9f2cb04fdf3130,0.1.0
03,gene,ENSMUSG00000022754,held,REPRESENTATIVE_LACKS_ORIGINAL_EXACT_GENE_LINK,REPRESENTATIVE_LACKS_ORIGINAL_EXACT_GENE_LINK,docs/audits/ubuntu_DE_2026-10-08/significant_protein_coding_degs.csv,c9bf672d38f877361b3132065884d3a02e3132bcbf9901656b9f2cb04fdf3130,0.1.0
03,gene,ENSMUSG00000029212,pass,RESOLVED_EXPLICIT_GENE_CENTRIC_REPRESENTATIVE,RESOLVED_EXPLICIT_GENE_CENTRIC_REPRESENTATIVE,docs/audits/ubuntu_DE_2026-10-08/significant_protein_coding_degs.csv,c9bf672d38f877361b3132065884d3a02e3132bcbf9901656b9f2cb04fdf3130,0.1.0
03,gene,ENSMUSG00000062593,pass,RESOLVED_EXPLICIT_GENE_CENTRIC_REPRESENTATIVE,RESOLVED_EXPLICIT_GENE_CENTRIC_REPRESENTATIVE,docs/audits/ubuntu_DE_2026-10-08/significant_protein_coding_degs.csv,c9bf672d38f877361b3132065884d3a02e3132bcbf9901656b9f2cb04fdf3130,0.1.0
03,gene,ENSMUSG00000000739,pass,RESOLVED_EXPLICIT_GENE_CENTRIC_REPRESENTATIVE,RESOLVED_EXPLICIT_GENE_CENTRIC_REPRESENTATIVE,docs/audits/ubuntu_DE_2026-10-08/significant_protein_coding_degs.csv,c9bf672d38f877361b3132065884d3a02e3132bcbf9901656b9f2cb04fdf3130,0.1.0
03,gene,ENSMUSG00000020241,pass,RESOLVED_EXPLICIT_GENE_CENTRIC_REPRESENTATIVE,RESOLVED_EXPLICIT_GENE_CENTRIC_REPRESENTATIVE,docs/audits/ubuntu_DE_2026-10-08/significant_protein_coding_degs.csv,c9bf672d38f877361b3132065884d3a02e3132bcbf9901656b9f2cb04fdf3130,0.1.0
03,gene,ENSMUSG00000028843,pass,RESOLVED_EXPLICIT_GENE_CENTRIC_REPRESENTATIVE,RESOLVED_EXPLICIT_GENE_CENTRIC_REPRESENTATIVE,docs/audits/ubuntu_DE_2026-10-08/significant_protein_coding_degs.csv,c9bf672d38f877361b3132065884d3a02e3132bcbf9901656b9f2cb04fdf3130,0.1.0
03,gene,ENSMUSG00000042303,pass,RESOLVED_EXPLICIT_GENE_CENTRIC_REPRESENTATIVE,RESOLVED_EXPLICIT_GENE_CENTRIC_REPRESENTATIVE,docs/audits/ubuntu_DE_2026-10-08/significant_protein_coding_degs.csv,c9bf672d38f877361b3132065884d3a02e3132bcbf9901656b9f2cb04fdf3130,0.1.0
03,gene,ENSMUSG00000033208,pass,PASS_CURRENT_EXACT_XREF_DISPLAYED_SEQUENCE,PASS_CURRENT_EXACT_XREF_DISPLAYED_SEQUENCE,docs/audits/ubuntu_DE_2026-10-08/significant_protein_coding_degs.csv,c9bf672d38f877361b3132065884d3a02e3132bcbf9901656b9f2cb04fdf3130,0.1.0
03,gene,ENSMUSG00000051504,pass,RESOLVED_EXPLICIT_GENE_CENTRIC_REPRESENTATIVE,RESOLVED_EXPLICIT_GENE_CENTRIC_REPRESENTATIVE,docs/audits/ubuntu_DE_2026-10-08/significant_protein_coding_degs.csv,c9bf672d38f877361b3132065884d3a02e3132bcbf9901656b9f2cb04fdf3130,0.1.0
03,gene,ENSMUSG00000010721,pass,RESOLVED_EXPLICIT_GENE_CENTRIC_REPRESENTATIVE,RESOLVED_EXPLICIT_GENE_CENTRIC_REPRESENTATIVE,docs/audits/ubuntu_DE_2026-10-08/significant_protein_coding_degs.csv,c9bf672d38f877361b3132065884d3a02e3132bcbf9901656b9f2cb04fdf3130,0.1.0
03,gene,ENSMUSG00000066829,pass,RESOLVED_EXPLICIT_GENE_CENTRIC_REPRESENTATIVE,RESOLVED_EXPLICIT_GENE_CENTRIC_REPRESENTATIVE,docs/audits/ubuntu_DE_2026-10-08/significant_protein_coding_degs.csv,c9bf672d38f877361b3132065884d3a02e3132bcbf9901656b9f2cb04fdf3130,0.1.0
03,gene,ENSMUSG00000011589,pass,PASS_CURRENT_EXACT_XREF_DISPLAYED_SEQUENCE,PASS_CURRENT_EXACT_XREF_DISPLAYED_SEQUENCE,docs/audits/ubuntu_DE_2026-10-08/significant_protein_coding_degs.csv,c9bf672d38f877361b3132065884d3a02e3132bcbf9901656b9f2cb04fdf3130,0.1.0
03,gene,ENSMUSG00000025577,pass,PASS_CURRENT_EXACT_XREF_DISPLAYED_SEQUENCE,PASS_CURRENT_EXACT_XREF_DISPLAYED_SEQUENCE,docs/audits/ubuntu_DE_2026-10-08/significant_protein_coding_degs.csv,c9bf672d38f877361b3132065884d3a02e3132bcbf9901656b9f2cb04fdf3130,0.1.0
03,gene,ENSMUSG00000027076,pass,PASS_CURRENT_EXACT_XREF_DISPLAYED_SEQUENCE,PASS_CURRENT_EXACT_XREF_DISPLAYED_SEQUENCE,docs/audits/ubuntu_DE_2026-10-08/significant_protein_coding_degs.csv,c9bf672d38f877361b3132065884d3a02e3132bcbf9901656b9f2cb04fdf3130,0.1.0
03,gene,ENSMUSG00000037747,pass,RESOLVED_EXPLICIT_GENE_CENTRIC_REPRESENTATIVE,RESOLVED_EXPLICIT_GENE_CENTRIC_REPRESENTATIVE,docs/audits/ubuntu_DE_2026-10-08/significant_protein_coding_degs.csv,c9bf672d38f877361b3132065884d3a02e3132bcbf9901656b9f2cb04fdf3130,0.1.0
03,gene,ENSMUSG00000028909,pass,RESOLVED_EXPLICIT_GENE_CENTRIC_REPRESENTATIVE,RESOLVED_EXPLICIT_GENE_CENTRIC_REPRESENTATIVE,docs/audits/ubuntu_DE_2026-10-08/significant_protein_coding_degs.csv,c9bf672d38f877361b3132065884d3a02e3132bcbf9901656b9f2cb04fdf3130,0.1.0
03,gene,ENSMUSG00000028019,pass,RESOLVED_EXPLICIT_GENE_CENTRIC_REPRESENTATIVE,RESOLVED_EXPLICIT_GENE_CENTRIC_REPRESENTATIVE,docs/audits/ubuntu_DE_2026-10-08/significant_protein_coding_degs.csv,c9bf672d38f877361b3132065884d3a02e3132bcbf9901656b9f2cb04fdf3130,0.1.0
03,gene,ENSMUSG00000056947,pass,PASS_CURRENT_EXACT_XREF_DISPLAYED_SEQUENCE,PASS_CURRENT_EXACT_XREF_DISPLAYED_SEQUENCE,docs/audits/ubuntu_DE_2026-10-08/significant_protein_coding_degs.csv,c9bf672d38f877361b3132065884d3a02e3132bcbf9901656b9f2cb04fdf3130,0.1.0
03,gene,ENSMUSG00000024011,pass,RESOLVED_EXPLICIT_GENE_CENTRIC_REPRESENTATIVE,RESOLVED_EXPLICIT_GENE_CENTRIC_REPRESENTATIVE,docs/audits/ubuntu_DE_2026-10-08/significant_protein_coding_degs.csv,c9bf672d38f877361b3132065884d3a02e3132bcbf9901656b9f2cb04fdf3130,0.1.0
03,gene,ENSMUSG00000061184,pass,RESOLVED_EXPLICIT_GENE_CENTRIC_REPRESENTATIVE,RESOLVED_EXPLICIT_GENE_CENTRIC_REPRESENTATIVE,docs/audits/ubuntu_DE_2026-10-08/significant_protein_coding_degs.csv,c9bf672d38f877361b3132065884d3a02e3132bcbf9901656b9f2cb04fdf3130,0.1.0
03,gene,ENSMUSG00000027663,held,REPRESENTATIVE_LACKS_ORIGINAL_EXACT_GENE_LINK,REPRESENTATIVE_LACKS_ORIGINAL_EXACT_GENE_LINK,docs/audits/ubuntu_DE_2026-10-08/significant_protein_coding_degs.csv,c9bf672d38f877361b3132065884d3a02e3132bcbf9901656b9f2cb04fdf3130,0.1.0
03,gene,ENSMUSG00000034120,pass,RESOLVED_EXPLICIT_GENE_CENTRIC_REPRESENTATIVE,RESOLVED_EXPLICIT_GENE_CENTRIC_REPRESENTATIVE,docs/audits/ubuntu_DE_2026-10-08/significant_protein_coding_degs.csv,c9bf672d38f877361b3132065884d3a02e3132bcbf9901656b9f2cb04fdf3130,0.1.0
03,gene,ENSMUSG00000057766,pass,RESOLVED_EXPLICIT_GENE_CENTRIC_REPRESENTATIVE,RESOLVED_EXPLICIT_GENE_CENTRIC_REPRESENTATIVE,docs/audits/ubuntu_DE_2026-10-08/significant_protein_coding_degs.csv,c9bf672d38f877361b3132065884d3a02e3132bcbf9901656b9f2cb04fdf3130,0.1.0
03,gene,ENSMUSG00000068220,pass,RESOLVED_EXPLICIT_GENE_CENTRIC_REPRESENTATIVE,RESOLVED_EXPLICIT_GENE_CENTRIC_REPRESENTATIVE,docs/audits/ubuntu_DE_2026-10-08/significant_protein_coding_degs.csv,c9bf672d38f877361b3132065884d3a02e3132bcbf9901656b9f2cb04fdf3130,0.1.0
03,gene,ENSMUSG00000071656,pass,PASS_CURRENT_EXACT_XREF_DISPLAYED_SEQUENCE,PASS_CURRENT_EXACT_XREF_DISPLAYED_SEQUENCE,docs/audits/ubuntu_DE_2026-10-08/significant_protein_coding_degs.csv,c9bf672d38f877361b3132065884d3a02e3132bcbf9901656b9f2cb04fdf3130,0.1.0
03,gene,ENSMUSG00000039275,pass,PASS_CURRENT_EXACT_XREF_DISPLAYED_SEQUENCE,PASS_CURRENT_EXACT_XREF_DISPLAYED_SEQUENCE,docs/audits/ubuntu_DE_2026-10-08/significant_protein_coding_degs.csv,c9bf672d38f877361b3132065884d3a02e3132bcbf9901656b9f2cb04fdf3130,0.1.0
03,gene,ENSMUSG00000044730,pass,PASS_CURRENT_EXACT_XREF_DISPLAYED_SEQUENCE,PASS_CURRENT_EXACT_XREF_DISPLAYED_SEQUENCE,docs/audits/ubuntu_DE_2026-10-08/significant_protein_coding_degs.csv,c9bf672d38f877361b3132065884d3a02e3132bcbf9901656b9f2cb04fdf3130,0.1.0
03,gene,ENSMUSG00000026159,pass,RESOLVED_EXPLICIT_GENE_CENTRIC_REPRESENTATIVE,RESOLVED_EXPLICIT_GENE_CENTRIC_REPRESENTATIVE,docs/audits/ubuntu_DE_2026-10-08/significant_protein_coding_degs.csv,c9bf672d38f877361b3132065884d3a02e3132bcbf9901656b9f2cb04fdf3130,0.1.0
03,gene,ENSMUSG00000041263,pass,RESOLVED_EXPLICIT_GENE_CENTRIC_REPRESENTATIVE,RESOLVED_EXPLICIT_GENE_CENTRIC_REPRESENTATIVE,docs/audits/ubuntu_DE_2026-10-08/significant_protein_coding_degs.csv,c9bf672d38f877361b3132065884d3a02e3132bcbf9901656b9f2cb04fdf3130,0.1.0
03,gene,ENSMUSG00000021694,pass,RESOLVED_EXPLICIT_GENE_CENTRIC_REPRESENTATIVE,RESOLVED_EXPLICIT_GENE_CENTRIC_REPRESENTATIVE,docs/audits/ubuntu_DE_2026-10-08/significant_protein_coding_degs.csv,c9bf672d38f877361b3132065884d3a02e3132bcbf9901656b9f2cb04fdf3130,0.1.0
03,gene,ENSMUSG00000023083,pass,PASS_CURRENT_EXACT_XREF_DISPLAYED_SEQUENCE,PASS_CURRENT_EXACT_XREF_DISPLAYED_SEQUENCE,docs/audits/ubuntu_DE_2026-10-08/significant_protein_coding_degs.csv,c9bf672d38f877361b3132065884d3a02e3132bcbf9901656b9f2cb04fdf3130,0.1.0
03,gene,ENSMUSG00000025558,held,REPRESENTATIVE_LACKS_ORIGINAL_EXACT_GENE_LINK,REPRESENTATIVE_LACKS_ORIGINAL_EXACT_GENE_LINK,docs/audits/ubuntu_DE_2026-10-08/significant_protein_coding_degs.csv,c9bf672d38f877361b3132065884d3a02e3132bcbf9901656b9f2cb04fdf3130,0.1.0
03,gene,ENSMUSG00000019996,held,REPRESENTATIVE_LACKS_ORIGINAL_EXACT_GENE_LINK,REPRESENTATIVE_LACKS_ORIGINAL_EXACT_GENE_LINK,docs/audits/ubuntu_DE_2026-10-08/significant_protein_coding_degs.csv,c9bf672d38f877361b3132065884d3a02e3132bcbf9901656b9f2cb04fdf3130,0.1.0
03,gene,ENSMUSG00000029032,pass,RESOLVED_EXPLICIT_GENE_CENTRIC_REPRESENTATIVE,RESOLVED_EXPLICIT_GENE_CENTRIC_REPRESENTATIVE,docs/audits/ubuntu_DE_2026-10-08/significant_protein_coding_degs.csv,c9bf672d38f877361b3132065884d3a02e3132bcbf9901656b9f2cb04fdf3130,0.1.0
03,gene,ENSMUSG00000031503,pass,PASS_CURRENT_EXACT_XREF_DISPLAYED_SEQUENCE,PASS_CURRENT_EXACT_XREF_DISPLAYED_SEQUENCE,docs/audits/ubuntu_DE_2026-10-08/significant_protein_coding_degs.csv,c9bf672d38f877361b3132065884d3a02e3132bcbf9901656b9f2cb04fdf3130,0.1.0
03,gene,ENSMUSG00000022025,pass,RESOLVED_EXPLICIT_GENE_CENTRIC_REPRESENTATIVE,RESOLVED_EXPLICIT_GENE_CENTRIC_REPRESENTATIVE,docs/audits/ubuntu_DE_2026-10-08/significant_protein_coding_degs.csv,c9bf672d38f877361b3132065884d3a02e3132bcbf9901656b9f2cb04fdf3130,0.1.0
03,gene,ENSMUSG00000034614,pass,RESOLVED_EXPLICIT_GENE_CENTRIC_REPRESENTATIVE,RESOLVED_EXPLICIT_GENE_CENTRIC_REPRESENTATIVE,docs/audits/ubuntu_DE_2026-10-08/significant_protein_coding_degs.csv,c9bf672d38f877361b3132065884d3a02e3132bcbf9901656b9f2cb04fdf3130,0.1.0
03,gene,ENSMUSG00000028906,pass,RESOLVED_EXPLICIT_GENE_CENTRIC_REPRESENTATIVE,RESOLVED_EXPLICIT_GENE_CENTRIC_REPRESENTATIVE,docs/audits/ubuntu_DE_2026-10-08/significant_protein_coding_degs.csv,c9bf672d38f877361b3132065884d3a02e3132bcbf9901656b9f2cb04fdf3130,0.1.0
03,gene,ENSMUSG00000037872,held,REPRESENTATIVE_LACKS_ORIGINAL_EXACT_GENE_LINK,REPRESENTATIVE_LACKS_ORIGINAL_EXACT_GENE_LINK,docs/audits/ubuntu_DE_2026-10-08/significant_protein_coding_degs.csv,c9bf672d38f877361b3132065884d3a02e3132bcbf9901656b9f2cb04fdf3130,0.1.0
