step_id,object_level,object_id,status,reason_code,reason_text,input_source,input_checksum,protocol_version
03,gene,ENSMUSG00000073421,held,MULTIPLE_MOUSE_UNIPROT_ENTRIES,MULTIPLE_MOUSE_UNIPROT_ENTRIES,docs/audits/ubuntu_DE_2026-10-08/significant_protein_coding_degs.csv,c9bf672d38f877361b3132065884d3a02e3132bcbf9901656b9f2cb04fdf3130,0.1.0
03,gene,ENSMUSG00000021423,pass,PASS_CURRENT_EXACT_XREF_DISPLAYED_SEQUENCE,PASS_CURRENT_EXACT_XREF_DISPLAYED_SEQUENCE,docs/audits/ubuntu_DE_2026-10-08/significant_protein_coding_degs.csv,c9bf672d38f877361b3132065884d3a02e3132bcbf9901656b9f2cb04fdf3130,0.1.0
03,gene,ENSMUSG00000060586,held,MULTIPLE_MOUSE_UNIPROT_ENTRIES,MULTIPLE_MOUSE_UNIPROT_ENTRIES,docs/audits/ubuntu_DE_2026-10-08/significant_protein_coding_degs.csv,c9bf672d38f877361b3132065884d3a02e3132bcbf9901656b9f2cb04fdf3130,0.1.0
03,gene,ENSMUSG00000066687,pass,PASS_CURRENT_EXACT_XREF_DISPLAYED_SEQUENCE,PASS_CURRENT_EXACT_XREF_DISPLAYED_SEQUENCE,docs/audits/ubuntu_DE_2026-10-08/significant_protein_coding_degs.csv,c9bf672d38f877361b3132065884d3a02e3132bcbf9901656b9f2cb04fdf3130,0.1.0
03,gene,ENSMUSG00000039450,held,MULTIPLE_MOUSE_UNIPROT_ENTRIES,MULTIPLE_MOUSE_UNIPROT_ENTRIES,docs/audits/ubuntu_DE_2026-10-08/significant_protein_coding_degs.csv,c9bf672d38f877361b3132065884d3a02e3132bcbf9901656b9f2cb04fdf3130,0.1.0
03,gene,ENSMUSG00000024610,pass,PASS_CURRENT_EXACT_XREF_DISPLAYED_SEQUENCE,PASS_CURRENT_EXACT_XREF_DISPLAYED_SEQUENCE,docs/audits/ubuntu_DE_2026-10-08/significant_protein_coding_degs.csv,c9bf672d38f877361b3132065884d3a02e3132bcbf9901656b9f2cb04fdf3130,0.1.0
03,gene,ENSMUSG00000022385,pass,PASS_CURRENT_EXACT_XREF_DISPLAYED_SEQUENCE,PASS_CURRENT_EXACT_XREF_DISPLAYED_SEQUENCE,docs/audits/ubuntu_DE_2026-10-08/significant_protein_coding_degs.csv,c9bf672d38f877361b3132065884d3a02e3132bcbf9901656b9f2cb04fdf3130,0.1.0
03,gene,ENSMUSG00000021750,held,MULTIPLE_MOUSE_UNIPROT_ENTRIES,MULTIPLE_MOUSE_UNIPROT_ENTRIES,docs/audits/ubuntu_DE_2026-10-08/significant_protein_coding_degs.csv,c9bf672d38f877361b3132065884d3a02e3132bcbf9901656b9f2cb04fdf3130,0.1.0
03,gene,ENSMUSG00000017723,held,MULTIPLE_MOUSE_UNIPROT_ENTRIES,MULTIPLE_MOUSE_UNIPROT_ENTRIES,docs/audits/ubuntu_DE_2026-10-08/significant_protein_coding_degs.csv,c9bf672d38f877361b3132065884d3a02e3132bcbf9901656b9f2cb04fdf3130,0.1.0
03,gene,ENSMUSG00000021388,pass,PASS_CURRENT_EXACT_XREF_DISPLAYED_SEQUENCE,PASS_CURRENT_EXACT_XREF_DISPLAYED_SEQUENCE,docs/audits/ubuntu_DE_2026-10-08/significant_protein_coding_degs.csv,c9bf672d38f877361b3132065884d3a02e3132bcbf9901656b9f2cb04fdf3130,0.1.0
03,gene,ENSMUSG00000036594,held,MULTIPLE_MOUSE_UNIPROT_ENTRIES,MULTIPLE_MOUSE_UNIPROT_ENTRIES,docs/audits/ubuntu_DE_2026-10-08/significant_protein_coding_degs.csv,c9bf672d38f877361b3132065884d3a02e3132bcbf9901656b9f2cb04fdf3130,0.1.0
03,gene,ENSMUSG00000030790,pass,PASS_CURRENT_EXACT_XREF_DISPLAYED_SEQUENCE,PASS_CURRENT_EXACT_XREF_DISPLAYED_SEQUENCE,docs/audits/ubuntu_DE_2026-10-08/significant_protein_coding_degs.csv,c9bf672d38f877361b3132065884d3a02e3132bcbf9901656b9f2cb04fdf3130,0.1.0
03,gene,ENSMUSG00000014361,pass,PASS_CURRENT_EXACT_XREF_DISPLAYED_SEQUENCE,PASS_CURRENT_EXACT_XREF_DISPLAYED_SEQUENCE,docs/audits/ubuntu_DE_2026-10-08/significant_protein_coding_degs.csv,c9bf672d38f877361b3132065884d3a02e3132bcbf9901656b9f2cb04fdf3130,0.1.0
03,gene,ENSMUSG00000025154,held,MULTIPLE_MOUSE_UNIPROT_ENTRIES,MULTIPLE_MOUSE_UNIPROT_ENTRIES,docs/audits/ubuntu_DE_2026-10-08/significant_protein_coding_degs.csv,c9bf672d38f877361b3132065884d3a02e3132bcbf9901656b9f2cb04fdf3130,0.1.0
03,gene,ENSMUSG00000037071,held,MULTIPLE_MOUSE_UNIPROT_ENTRIES,MULTIPLE_MOUSE_UNIPROT_ENTRIES,docs/audits/ubuntu_DE_2026-10-08/significant_protein_coding_degs.csv,c9bf672d38f877361b3132065884d3a02e3132bcbf9901656b9f2cb04fdf3130,0.1.0
03,gene,ENSMUSG00000038332,held,MULTIPLE_MOUSE_UNIPROT_ENTRIES,MULTIPLE_MOUSE_UNIPROT_ENTRIES,docs/audits/ubuntu_DE_2026-10-08/significant_protein_coding_degs.csv,c9bf672d38f877361b3132065884d3a02e3132bcbf9901656b9f2cb04fdf3130,0.1.0
03,gene,ENSMUSG00000009876,pass,PASS_CURRENT_EXACT_XREF_DISPLAYED_SEQUENCE,PASS_CURRENT_EXACT_XREF_DISPLAYED_SEQUENCE,docs/audits/ubuntu_DE_2026-10-08/significant_protein_coding_degs.csv,c9bf672d38f877361b3132065884d3a02e3132bcbf9901656b9f2cb04fdf3130,0.1.0
03,gene,ENSMUSG00000019874,held,MULTIPLE_MOUSE_UNIPROT_ENTRIES,MULTIPLE_MOUSE_UNIPROT_ENTRIES,docs/audits/ubuntu_DE_2026-10-08/significant_protein_coding_degs.csv,c9bf672d38f877361b3132065884d3a02e3132bcbf9901656b9f2cb04fdf3130,0.1.0
03,gene,ENSMUSG00000027204,pass,PASS_CURRENT_EXACT_XREF_DISPLAYED_SEQUENCE,PASS_CURRENT_EXACT_XREF_DISPLAYED_SEQUENCE,docs/audits/ubuntu_DE_2026-10-08/significant_protein_coding_degs.csv,c9bf672d38f877361b3132065884d3a02e3132bcbf9901656b9f2cb04fdf3130,0.1.0
03,gene,ENSMUSG00000032289,held,MULTIPLE_MOUSE_UNIPROT_ENTRIES,MULTIPLE_MOUSE_UNIPROT_ENTRIES,docs/audits/ubuntu_DE_2026-10-08/significant_protein_coding_degs.csv,c9bf672d38f877361b3132065884d3a02e3132bcbf9901656b9f2cb04fdf3130,0.1.0
03,gene,ENSMUSG00000021702,pass,PASS_CURRENT_EXACT_XREF_DISPLAYED_SEQUENCE,PASS_CURRENT_EXACT_XREF_DISPLAYED_SEQUENCE,docs/audits/ubuntu_DE_2026-10-08/significant_protein_coding_degs.csv,c9bf672d38f877361b3132065884d3a02e3132bcbf9901656b9f2cb04fdf3130,0.1.0
03,gene,ENSMUSG00000019232,held,MULTIPLE_MOUSE_UNIPROT_ENTRIES,MULTIPLE_MOUSE_UNIPROT_ENTRIES,docs/audits/ubuntu_DE_2026-10-08/significant_protein_coding_degs.csv,c9bf672d38f877361b3132065884d3a02e3132bcbf9901656b9f2cb04fdf3130,0.1.0
03,gene,ENSMUSG00000023067,pass,PASS_CURRENT_EXACT_XREF_DISPLAYED_SEQUENCE,PASS_CURRENT_EXACT_XREF_DISPLAYED_SEQUENCE,docs/audits/ubuntu_DE_2026-10-08/significant_protein_coding_degs.csv,c9bf672d38f877361b3132065884d3a02e3132bcbf9901656b9f2cb04fdf3130,0.1.0
03,gene,ENSMUSG00000031886,pass,PASS_CURRENT_EXACT_XREF_DISPLAYED_SEQUENCE,PASS_CURRENT_EXACT_XREF_DISPLAYED_SEQUENCE,docs/audits/ubuntu_DE_2026-10-08/significant_protein_coding_degs.csv,c9bf672d38f877361b3132065884d3a02e3132bcbf9901656b9f2cb04fdf3130,0.1.0
03,gene,ENSMUSG00000024222,held,MULTIPLE_MOUSE_UNIPROT_ENTRIES,MULTIPLE_MOUSE_UNIPROT_ENTRIES,docs/audits/ubuntu_DE_2026-10-08/significant_protein_coding_degs.csv,c9bf672d38f877361b3132065884d3a02e3132bcbf9901656b9f2cb04fdf3130,0.1.0
03,gene,ENSMUSG00000039167,held,MULTIPLE_MOUSE_UNIPROT_ENTRIES,MULTIPLE_MOUSE_UNIPROT_ENTRIES,docs/audits/ubuntu_DE_2026-10-08/significant_protein_coding_degs.csv,c9bf672d38f877361b3132065884d3a02e3132bcbf9901656b9f2cb04fdf3130,0.1.0
03,gene,ENSMUSG00000022055,pass,PASS_CURRENT_EXACT_XREF_DISPLAYED_SEQUENCE,PASS_CURRENT_EXACT_XREF_DISPLAYED_SEQUENCE,docs/audits/ubuntu_DE_2026-10-08/significant_protein_coding_degs.csv,c9bf672d38f877361b3132065884d3a02e3132bcbf9901656b9f2cb04fdf3130,0.1.0
03,gene,ENSMUSG00000019577,held,MULTIPLE_MOUSE_UNIPROT_ENTRIES,MULTIPLE_MOUSE_UNIPROT_ENTRIES,docs/audits/ubuntu_DE_2026-10-08/significant_protein_coding_degs.csv,c9bf672d38f877361b3132065884d3a02e3132bcbf9901656b9f2cb04fdf3130,0.1.0
03,gene,ENSMUSG00000037003,held,MULTIPLE_MOUSE_UNIPROT_ENTRIES,MULTIPLE_MOUSE_UNIPROT_ENTRIES,docs/audits/ubuntu_DE_2026-10-08/significant_protein_coding_degs.csv,c9bf672d38f877361b3132065884d3a02e3132bcbf9901656b9f2cb04fdf3130,0.1.0
03,gene,ENSMUSG00000028211,pass,PASS_CURRENT_EXACT_XREF_DISPLAYED_SEQUENCE,PASS_CURRENT_EXACT_XREF_DISPLAYED_SEQUENCE,docs/audits/ubuntu_DE_2026-10-08/significant_protein_coding_degs.csv,c9bf672d38f877361b3132065884d3a02e3132bcbf9901656b9f2cb04fdf3130,0.1.0
03,gene,ENSMUSG00000022054,held,MULTIPLE_MOUSE_UNIPROT_ENTRIES,MULTIPLE_MOUSE_UNIPROT_ENTRIES,docs/audits/ubuntu_DE_2026-10-08/significant_protein_coding_degs.csv,c9bf672d38f877361b3132065884d3a02e3132bcbf9901656b9f2cb04fdf3130,0.1.0
03,gene,ENSMUSG00000003526,held,MULTIPLE_MOUSE_UNIPROT_ENTRIES,MULTIPLE_MOUSE_UNIPROT_ENTRIES,docs/audits/ubuntu_DE_2026-10-08/significant_protein_coding_degs.csv,c9bf672d38f877361b3132065884d3a02e3132bcbf9901656b9f2cb04fdf3130,0.1.0
03,gene,ENSMUSG00000046768,held,MULTIPLE_MOUSE_UNIPROT_ENTRIES,MULTIPLE_MOUSE_UNIPROT_ENTRIES,docs/audits/ubuntu_DE_2026-10-08/significant_protein_coding_degs.csv,c9bf672d38f877361b3132065884d3a02e3132bcbf9901656b9f2cb04fdf3130,0.1.0
03,gene,ENSMUSG00000063683,pass,PASS_CURRENT_EXACT_XREF_DISPLAYED_SEQUENCE,PASS_CURRENT_EXACT_XREF_DISPLAYED_SEQUENCE,docs/audits/ubuntu_DE_2026-10-08/significant_protein_coding_degs.csv,c9bf672d38f877361b3132065884d3a02e3132bcbf9901656b9f2cb04fdf3130,0.1.0
03,gene,ENSMUSG00000024529,pass,PASS_CURRENT_EXACT_XREF_DISPLAYED_SEQUENCE,PASS_CURRENT_EXACT_XREF_DISPLAYED_SEQUENCE,docs/audits/ubuntu_DE_2026-10-08/significant_protein_coding_degs.csv,c9bf672d38f877361b3132065884d3a02e3132bcbf9901656b9f2cb04fdf3130,0.1.0
03,gene,ENSMUSG00000020326,pass,PASS_CURRENT_EXACT_XREF_DISPLAYED_SEQUENCE,PASS_CURRENT_EXACT_XREF_DISPLAYED_SEQUENCE,docs/audits/ubuntu_DE_2026-10-08/significant_protein_coding_degs.csv,c9bf672d38f877361b3132065884d3a02e3132bcbf9901656b9f2cb04fdf3130,0.1.0
03,gene,ENSMUSG00000027188,pass,PASS_CURRENT_EXACT_XREF_DISPLAYED_SEQUENCE,PASS_CURRENT_EXACT_XREF_DISPLAYED_SEQUENCE,docs/audits/ubuntu_DE_2026-10-08/significant_protein_coding_degs.csv,c9bf672d38f877361b3132065884d3a02e3132bcbf9901656b9f2cb04fdf3130,0.1.0
03,gene,ENSMUSG00000024395,held,MULTIPLE_MOUSE_UNIPROT_ENTRIES,MULTIPLE_MOUSE_UNIPROT_ENTRIES,docs/audits/ubuntu_DE_2026-10-08/significant_protein_coding_degs.csv,c9bf672d38f877361b3132065884d3a02e3132bcbf9901656b9f2cb04fdf3130,0.1.0
03,gene,ENSMUSG00000035385,pass,PASS_CURRENT_EXACT_XREF_DISPLAYED_SEQUENCE,PASS_CURRENT_EXACT_XREF_DISPLAYED_SEQUENCE,docs/audits/ubuntu_DE_2026-10-08/significant_protein_coding_degs.csv,c9bf672d38f877361b3132065884d3a02e3132bcbf9901656b9f2cb04fdf3130,0.1.0
03,gene,ENSMUSG00000001930,held,MULTIPLE_MOUSE_UNIPROT_ENTRIES,MULTIPLE_MOUSE_UNIPROT_ENTRIES,docs/audits/ubuntu_DE_2026-10-08/significant_protein_coding_degs.csv,c9bf672d38f877361b3132065884d3a02e3132bcbf9901656b9f2cb04fdf3130,0.1.0
03,gene,ENSMUSG00000020717,held,MULTIPLE_MOUSE_UNIPROT_ENTRIES,MULTIPLE_MOUSE_UNIPROT_ENTRIES,docs/audits/ubuntu_DE_2026-10-08/significant_protein_coding_degs.csv,c9bf672d38f877361b3132065884d3a02e3132bcbf9901656b9f2cb04fdf3130,0.1.0
03,gene,ENSMUSG00000021130,held,MULTIPLE_MOUSE_UNIPROT_ENTRIES,MULTIPLE_MOUSE_UNIPROT_ENTRIES,docs/audits/ubuntu_DE_2026-10-08/significant_protein_coding_degs.csv,c9bf672d38f877361b3132065884d3a02e3132bcbf9901656b9f2cb04fdf3130,0.1.0
03,gene,ENSMUSG00000021903,held,MULTIPLE_MOUSE_UNIPROT_ENTRIES,MULTIPLE_MOUSE_UNIPROT_ENTRIES,docs/audits/ubuntu_DE_2026-10-08/significant_protein_coding_degs.csv,c9bf672d38f877361b3132065884d3a02e3132bcbf9901656b9f2cb04fdf3130,0.1.0
03,gene,ENSMUSG00000029669,held,MULTIPLE_MOUSE_UNIPROT_ENTRIES,MULTIPLE_MOUSE_UNIPROT_ENTRIES,docs/audits/ubuntu_DE_2026-10-08/significant_protein_coding_degs.csv,c9bf672d38f877361b3132065884d3a02e3132bcbf9901656b9f2cb04fdf3130,0.1.0
03,gene,ENSMUSG00000002831,held,MULTIPLE_MOUSE_UNIPROT_ENTRIES,MULTIPLE_MOUSE_UNIPROT_ENTRIES,docs/audits/ubuntu_DE_2026-10-08/significant_protein_coding_degs.csv,c9bf672d38f877361b3132065884d3a02e3132bcbf9901656b9f2cb04fdf3130,0.1.0
03,gene,ENSMUSG00000003283,held,MULTIPLE_MOUSE_UNIPROT_ENTRIES,MULTIPLE_MOUSE_UNIPROT_ENTRIES,docs/audits/ubuntu_DE_2026-10-08/significant_protein_coding_degs.csv,c9bf672d38f877361b3132065884d3a02e3132bcbf9901656b9f2cb04fdf3130,0.1.0
03,gene,ENSMUSG00000019997,held,MULTIPLE_MOUSE_UNIPROT_ENTRIES,MULTIPLE_MOUSE_UNIPROT_ENTRIES,docs/audits/ubuntu_DE_2026-10-08/significant_protein_coding_degs.csv,c9bf672d38f877361b3132065884d3a02e3132bcbf9901656b9f2cb04fdf3130,0.1.0
03,gene,ENSMUSG00000027656,pass,PASS_CURRENT_EXACT_XREF_DISPLAYED_SEQUENCE,PASS_CURRENT_EXACT_XREF_DISPLAYED_SEQUENCE,docs/audits/ubuntu_DE_2026-10-08/significant_protein_coding_degs.csv,c9bf672d38f877361b3132065884d3a02e3132bcbf9901656b9f2cb04fdf3130,0.1.0
03,gene,ENSMUSG00000021974,held,MULTIPLE_MOUSE_UNIPROT_ENTRIES,MULTIPLE_MOUSE_UNIPROT_ENTRIES,docs/audits/ubuntu_DE_2026-10-08/significant_protein_coding_degs.csv,c9bf672d38f877361b3132065884d3a02e3132bcbf9901656b9f2cb04fdf3130,0.1.0
03,gene,ENSMUSG00000030247,held,MULTIPLE_MOUSE_UNIPROT_ENTRIES,MULTIPLE_MOUSE_UNIPROT_ENTRIES,docs/audits/ubuntu_DE_2026-10-08/significant_protein_coding_degs.csv,c9bf672d38f877361b3132065884d3a02e3132bcbf9901656b9f2cb04fdf3130,0.1.0
03,gene,ENSMUSG00000030666,held,MULTIPLE_MOUSE_UNIPROT_ENTRIES,MULTIPLE_MOUSE_UNIPROT_ENTRIES,docs/audits/ubuntu_DE_2026-10-08/significant_protein_coding_degs.csv,c9bf672d38f877361b3132065884d3a02e3132bcbf9901656b9f2cb04fdf3130,0.1.0
03,gene,ENSMUSG00000038546,held,MULTIPLE_MOUSE_UNIPROT_ENTRIES,MULTIPLE_MOUSE_UNIPROT_ENTRIES,docs/audits/ubuntu_DE_2026-10-08/significant_protein_coding_degs.csv,c9bf672d38f877361b3132065884d3a02e3132bcbf9901656b9f2cb04fdf3130,0.1.0
03,gene,ENSMUSG00000052336,pass,PASS_CURRENT_EXACT_XREF_DISPLAYED_SEQUENCE,PASS_CURRENT_EXACT_XREF_DISPLAYED_SEQUENCE,docs/audits/ubuntu_DE_2026-10-08/significant_protein_coding_degs.csv,c9bf672d38f877361b3132065884d3a02e3132bcbf9901656b9f2cb04fdf3130,0.1.0
03,gene,ENSMUSG00000034579,held,MULTIPLE_MOUSE_UNIPROT_ENTRIES,MULTIPLE_MOUSE_UNIPROT_ENTRIES,docs/audits/ubuntu_DE_2026-10-08/significant_protein_coding_degs.csv,c9bf672d38f877361b3132065884d3a02e3132bcbf9901656b9f2cb04fdf3130,0.1.0
03,gene,ENSMUSG00000033361,held,MULTIPLE_MOUSE_UNIPROT_ENTRIES,MULTIPLE_MOUSE_UNIPROT_ENTRIES,docs/audits/ubuntu_DE_2026-10-08/significant_protein_coding_degs.csv,c9bf672d38f877361b3132065884d3a02e3132bcbf9901656b9f2cb04fdf3130,0.1.0
03,gene,ENSMUSG00000017969,held,MULTIPLE_MOUSE_UNIPROT_ENTRIES,MULTIPLE_MOUSE_UNIPROT_ENTRIES,docs/audits/ubuntu_DE_2026-10-08/significant_protein_coding_degs.csv,c9bf672d38f877361b3132065884d3a02e3132bcbf9901656b9f2cb04fdf3130,0.1.0
03,gene,ENSMUSG00000061740,held,MULTIPLE_MOUSE_UNIPROT_ENTRIES,MULTIPLE_MOUSE_UNIPROT_ENTRIES,docs/audits/ubuntu_DE_2026-10-08/significant_protein_coding_degs.csv,c9bf672d38f877361b3132065884d3a02e3132bcbf9901656b9f2cb04fdf3130,0.1.0
03,gene,ENSMUSG00000034845,pass,PASS_CURRENT_EXACT_XREF_DISPLAYED_SEQUENCE,PASS_CURRENT_EXACT_XREF_DISPLAYED_SEQUENCE,docs/audits/ubuntu_DE_2026-10-08/significant_protein_coding_degs.csv,c9bf672d38f877361b3132065884d3a02e3132bcbf9901656b9f2cb04fdf3130,0.1.0
03,gene,ENSMUSG00000068744,held,MULTIPLE_MOUSE_UNIPROT_ENTRIES,MULTIPLE_MOUSE_UNIPROT_ENTRIES,docs/audits/ubuntu_DE_2026-10-08/significant_protein_coding_degs.csv,c9bf672d38f877361b3132065884d3a02e3132bcbf9901656b9f2cb04fdf3130,0.1.0
03,gene,ENSMUSG00000031351,held,MULTIPLE_MOUSE_UNIPROT_ENTRIES,MULTIPLE_MOUSE_UNIPROT_ENTRIES,docs/audits/ubuntu_DE_2026-10-08/significant_protein_coding_degs.csv,c9bf672d38f877361b3132065884d3a02e3132bcbf9901656b9f2cb04fdf3130,0.1.0
03,gene,ENSMUSG00000040666,held,MULTIPLE_MOUSE_UNIPROT_ENTRIES,MULTIPLE_MOUSE_UNIPROT_ENTRIES,docs/audits/ubuntu_DE_2026-10-08/significant_protein_coding_degs.csv,c9bf672d38f877361b3132065884d3a02e3132bcbf9901656b9f2cb04fdf3130,0.1.0
03,gene,ENSMUSG00000025507,held,MULTIPLE_MOUSE_UNIPROT_ENTRIES,MULTIPLE_MOUSE_UNIPROT_ENTRIES,docs/audits/ubuntu_DE_2026-10-08/significant_protein_coding_degs.csv,c9bf672d38f877361b3132065884d3a02e3132bcbf9901656b9f2cb04fdf3130,0.1.0
03,gene,ENSMUSG00000048368,pass,PASS_CURRENT_EXACT_XREF_DISPLAYED_SEQUENCE,PASS_CURRENT_EXACT_XREF_DISPLAYED_SEQUENCE,docs/audits/ubuntu_DE_2026-10-08/significant_protein_coding_degs.csv,c9bf672d38f877361b3132065884d3a02e3132bcbf9901656b9f2cb04fdf3130,0.1.0
03,gene,ENSMUSG00000004044,pass,PASS_CURRENT_EXACT_XREF_DISPLAYED_SEQUENCE,PASS_CURRENT_EXACT_XREF_DISPLAYED_SEQUENCE,docs/audits/ubuntu_DE_2026-10-08/significant_protein_coding_degs.csv,c9bf672d38f877361b3132065884d3a02e3132bcbf9901656b9f2cb04fdf3130,0.1.0
03,gene,ENSMUSG00000101860,held,MULTIPLE_MOUSE_UNIPROT_ENTRIES,MULTIPLE_MOUSE_UNIPROT_ENTRIES,docs/audits/ubuntu_DE_2026-10-08/significant_protein_coding_degs.csv,c9bf672d38f877361b3132065884d3a02e3132bcbf9901656b9f2cb04fdf3130,0.1.0
03,gene,ENSMUSG00000033855,held,MULTIPLE_MOUSE_UNIPROT_ENTRIES,MULTIPLE_MOUSE_UNIPROT_ENTRIES,docs/audits/ubuntu_DE_2026-10-08/significant_protein_coding_degs.csv,c9bf672d38f877361b3132065884d3a02e3132bcbf9901656b9f2cb04fdf3130,0.1.0
03,gene,ENSMUSG00000039194,held,MULTIPLE_MOUSE_UNIPROT_ENTRIES,MULTIPLE_MOUSE_UNIPROT_ENTRIES,docs/audits/ubuntu_DE_2026-10-08/significant_protein_coding_degs.csv,c9bf672d38f877361b3132065884d3a02e3132bcbf9901656b9f2cb04fdf3130,0.1.0
03,gene,ENSMUSG00000066952,held,MULTIPLE_MOUSE_UNIPROT_ENTRIES,MULTIPLE_MOUSE_UNIPROT_ENTRIES,docs/audits/ubuntu_DE_2026-10-08/significant_protein_coding_degs.csv,c9bf672d38f877361b3132065884d3a02e3132bcbf9901656b9f2cb04fdf3130,0.1.0
03,gene,ENSMUSG00000026365,held,MULTIPLE_MOUSE_UNIPROT_ENTRIES,MULTIPLE_MOUSE_UNIPROT_ENTRIES,docs/audits/ubuntu_DE_2026-10-08/significant_protein_coding_degs.csv,c9bf672d38f877361b3132065884d3a02e3132bcbf9901656b9f2cb04fdf3130,0.1.0
03,gene,ENSMUSG00000021676,pass,PASS_CURRENT_EXACT_XREF_DISPLAYED_SEQUENCE,PASS_CURRENT_EXACT_XREF_DISPLAYED_SEQUENCE,docs/audits/ubuntu_DE_2026-10-08/significant_protein_coding_degs.csv,c9bf672d38f877361b3132065884d3a02e3132bcbf9901656b9f2cb04fdf3130,0.1.0
03,gene,ENSMUSG00000039195,held,MULTIPLE_MOUSE_UNIPROT_ENTRIES,MULTIPLE_MOUSE_UNIPROT_ENTRIES,docs/audits/ubuntu_DE_2026-10-08/significant_protein_coding_degs.csv,c9bf672d38f877361b3132065884d3a02e3132bcbf9901656b9f2cb04fdf3130,0.1.0
03,gene,ENSMUSG00000040170,held,MULTIPLE_MOUSE_UNIPROT_ENTRIES,MULTIPLE_MOUSE_UNIPROT_ENTRIES,docs/audits/ubuntu_DE_2026-10-08/significant_protein_coding_degs.csv,c9bf672d38f877361b3132065884d3a02e3132bcbf9901656b9f2cb04fdf3130,0.1.0
03,gene,ENSMUSG00000045930,pass,PASS_CURRENT_EXACT_XREF_DISPLAYED_SEQUENCE,PASS_CURRENT_EXACT_XREF_DISPLAYED_SEQUENCE,docs/audits/ubuntu_DE_2026-10-08/significant_protein_coding_degs.csv,c9bf672d38f877361b3132065884d3a02e3132bcbf9901656b9f2cb04fdf3130,0.1.0
03,gene,ENSMUSG00000045954,pass,PASS_CURRENT_EXACT_XREF_DISPLAYED_SEQUENCE,PASS_CURRENT_EXACT_XREF_DISPLAYED_SEQUENCE,docs/audits/ubuntu_DE_2026-10-08/significant_protein_coding_degs.csv,c9bf672d38f877361b3132065884d3a02e3132bcbf9901656b9f2cb04fdf3130,0.1.0
03,gene,ENSMUSG00000029281,held,MULTIPLE_MOUSE_UNIPROT_ENTRIES,MULTIPLE_MOUSE_UNIPROT_ENTRIES,docs/audits/ubuntu_DE_2026-10-08/significant_protein_coding_degs.csv,c9bf672d38f877361b3132065884d3a02e3132bcbf9901656b9f2cb04fdf3130,0.1.0
03,gene,ENSMUSG00000027695,held,MULTIPLE_MOUSE_UNIPROT_ENTRIES,MULTIPLE_MOUSE_UNIPROT_ENTRIES,docs/audits/ubuntu_DE_2026-10-08/significant_protein_coding_degs.csv,c9bf672d38f877361b3132065884d3a02e3132bcbf9901656b9f2cb04fdf3130,0.1.0
03,gene,ENSMUSG00000028527,held,MULTIPLE_MOUSE_UNIPROT_ENTRIES,MULTIPLE_MOUSE_UNIPROT_ENTRIES,docs/audits/ubuntu_DE_2026-10-08/significant_protein_coding_degs.csv,c9bf672d38f877361b3132065884d3a02e3132bcbf9901656b9f2cb04fdf3130,0.1.0
03,gene,ENSMUSG00000034906,held,MULTIPLE_MOUSE_UNIPROT_ENTRIES,MULTIPLE_MOUSE_UNIPROT_ENTRIES,docs/audits/ubuntu_DE_2026-10-08/significant_protein_coding_degs.csv,c9bf672d38f877361b3132065884d3a02e3132bcbf9901656b9f2cb04fdf3130,0.1.0
03,gene,ENSMUSG00000020389,held,MULTIPLE_MOUSE_UNIPROT_ENTRIES,MULTIPLE_MOUSE_UNIPROT_ENTRIES,docs/audits/ubuntu_DE_2026-10-08/significant_protein_coding_degs.csv,c9bf672d38f877361b3132065884d3a02e3132bcbf9901656b9f2cb04fdf3130,0.1.0
03,gene,ENSMUSG00000041544,pass,PASS_CURRENT_EXACT_XREF_DISPLAYED_SEQUENCE,PASS_CURRENT_EXACT_XREF_DISPLAYED_SEQUENCE,docs/audits/ubuntu_DE_2026-10-08/significant_protein_coding_degs.csv,c9bf672d38f877361b3132065884d3a02e3132bcbf9901656b9f2cb04fdf3130,0.1.0
03,gene,ENSMUSG00000051469,held,MULTIPLE_MOUSE_UNIPROT_ENTRIES,MULTIPLE_MOUSE_UNIPROT_ENTRIES,docs/audits/ubuntu_DE_2026-10-08/significant_protein_coding_degs.csv,c9bf672d38f877361b3132065884d3a02e3132bcbf9901656b9f2cb04fdf3130,0.1.0
03,gene,ENSMUSG00000031465,pass,PASS_CURRENT_EXACT_XREF_DISPLAYED_SEQUENCE,PASS_CURRENT_EXACT_XREF_DISPLAYED_SEQUENCE,docs/audits/ubuntu_DE_2026-10-08/significant_protein_coding_degs.csv,c9bf672d38f877361b3132065884d3a02e3132bcbf9901656b9f2cb04fdf3130,0.1.0
03,gene,ENSMUSG00000051855,held,MULTIPLE_MOUSE_UNIPROT_ENTRIES,MULTIPLE_MOUSE_UNIPROT_ENTRIES,docs/audits/ubuntu_DE_2026-10-08/significant_protein_coding_degs.csv,c9bf672d38f877361b3132065884d3a02e3132bcbf9901656b9f2cb04fdf3130,0.1.0
03,gene,ENSMUSG00000069792,pass,PASS_CURRENT_EXACT_XREF_DISPLAYED_SEQUENCE,PASS_CURRENT_EXACT_XREF_DISPLAYED_SEQUENCE,docs/audits/ubuntu_DE_2026-10-08/significant_protein_coding_degs.csv,c9bf672d38f877361b3132065884d3a02e3132bcbf9901656b9f2cb04fdf3130,0.1.0
03,gene,ENSMUSG00000074794,held,MULTIPLE_MOUSE_UNIPROT_ENTRIES,MULTIPLE_MOUSE_UNIPROT_ENTRIES,docs/audits/ubuntu_DE_2026-10-08/significant_protein_coding_degs.csv,c9bf672d38f877361b3132065884d3a02e3132bcbf9901656b9f2cb04fdf3130,0.1.0
03,gene,ENSMUSG00000096719,held,MULTIPLE_MOUSE_UNIPROT_ENTRIES,MULTIPLE_MOUSE_UNIPROT_ENTRIES,docs/audits/ubuntu_DE_2026-10-08/significant_protein_coding_degs.csv,c9bf672d38f877361b3132065884d3a02e3132bcbf9901656b9f2cb04fdf3130,0.1.0
03,gene,ENSMUSG00000030351,pass,PASS_CURRENT_EXACT_XREF_DISPLAYED_SEQUENCE,PASS_CURRENT_EXACT_XREF_DISPLAYED_SEQUENCE,docs/audits/ubuntu_DE_2026-10-08/significant_protein_coding_degs.csv,c9bf672d38f877361b3132065884d3a02e3132bcbf9901656b9f2cb04fdf3130,0.1.0
03,gene,ENSMUSG00000038495,held,MULTIPLE_MOUSE_UNIPROT_ENTRIES,MULTIPLE_MOUSE_UNIPROT_ENTRIES,docs/audits/ubuntu_DE_2026-10-08/significant_protein_coding_degs.csv,c9bf672d38f877361b3132065884d3a02e3132bcbf9901656b9f2cb04fdf3130,0.1.0
03,gene,ENSMUSG00000030847,pass,PASS_CURRENT_EXACT_XREF_DISPLAYED_SEQUENCE,PASS_CURRENT_EXACT_XREF_DISPLAYED_SEQUENCE,docs/audits/ubuntu_DE_2026-10-08/significant_protein_coding_degs.csv,c9bf672d38f877361b3132065884d3a02e3132bcbf9901656b9f2cb04fdf3130,0.1.0
03,gene,ENSMUSG00000039221,held,MULTIPLE_MOUSE_UNIPROT_ENTRIES,MULTIPLE_MOUSE_UNIPROT_ENTRIES,docs/audits/ubuntu_DE_2026-10-08/significant_protein_coding_degs.csv,c9bf672d38f877361b3132065884d3a02e3132bcbf9901656b9f2cb04fdf3130,0.1.0
03,gene,ENSMUSG00000039958,held,MULTIPLE_MOUSE_UNIPROT_ENTRIES,MULTIPLE_MOUSE_UNIPROT_ENTRIES,docs/audits/ubuntu_DE_2026-10-08/significant_protein_coding_degs.csv,c9bf672d38f877361b3132065884d3a02e3132bcbf9901656b9f2cb04fdf3130,0.1.0
03,gene,ENSMUSG00000050248,pass,PASS_CURRENT_EXACT_XREF_DISPLAYED_SEQUENCE,PASS_CURRENT_EXACT_XREF_DISPLAYED_SEQUENCE,docs/audits/ubuntu_DE_2026-10-08/significant_protein_coding_degs.csv,c9bf672d38f877361b3132065884d3a02e3132bcbf9901656b9f2cb04fdf3130,0.1.0
03,gene,ENSMUSG00000101389,pass,PASS_CURRENT_EXACT_XREF_DISPLAYED_SEQUENCE,PASS_CURRENT_EXACT_XREF_DISPLAYED_SEQUENCE,docs/audits/ubuntu_DE_2026-10-08/significant_protein_coding_degs.csv,c9bf672d38f877361b3132065884d3a02e3132bcbf9901656b9f2cb04fdf3130,0.1.0
03,gene,ENSMUSG00000020396,pass,PASS_CURRENT_EXACT_XREF_DISPLAYED_SEQUENCE,PASS_CURRENT_EXACT_XREF_DISPLAYED_SEQUENCE,docs/audits/ubuntu_DE_2026-10-08/significant_protein_coding_degs.csv,c9bf672d38f877361b3132065884d3a02e3132bcbf9901656b9f2cb04fdf3130,0.1.0
03,gene,ENSMUSG00000042485,pass,PASS_CURRENT_EXACT_XREF_DISPLAYED_SEQUENCE,PASS_CURRENT_EXACT_XREF_DISPLAYED_SEQUENCE,docs/audits/ubuntu_DE_2026-10-08/significant_protein_coding_degs.csv,c9bf672d38f877361b3132065884d3a02e3132bcbf9901656b9f2cb04fdf3130,0.1.0
03,gene,ENSMUSG00000031494,held,MULTIPLE_MOUSE_UNIPROT_ENTRIES,MULTIPLE_MOUSE_UNIPROT_ENTRIES,docs/audits/ubuntu_DE_2026-10-08/significant_protein_coding_degs.csv,c9bf672d38f877361b3132065884d3a02e3132bcbf9901656b9f2cb04fdf3130,0.1.0
03,gene,ENSMUSG00000037736,held,MULTIPLE_MOUSE_UNIPROT_ENTRIES,MULTIPLE_MOUSE_UNIPROT_ENTRIES,docs/audits/ubuntu_DE_2026-10-08/significant_protein_coding_degs.csv,c9bf672d38f877361b3132065884d3a02e3132bcbf9901656b9f2cb04fdf3130,0.1.0
03,gene,ENSMUSG00000004085,held,MULTIPLE_MOUSE_UNIPROT_ENTRIES,MULTIPLE_MOUSE_UNIPROT_ENTRIES,docs/audits/ubuntu_DE_2026-10-08/significant_protein_coding_degs.csv,c9bf672d38f877361b3132065884d3a02e3132bcbf9901656b9f2cb04fdf3130,0.1.0
03,gene,ENSMUSG00000021576,pass,PASS_CURRENT_EXACT_XREF_DISPLAYED_SEQUENCE,PASS_CURRENT_EXACT_XREF_DISPLAYED_SEQUENCE,docs/audits/ubuntu_DE_2026-10-08/significant_protein_coding_degs.csv,c9bf672d38f877361b3132065884d3a02e3132bcbf9901656b9f2cb04fdf3130,0.1.0
03,gene,ENSMUSG00000023905,held,MULTIPLE_MOUSE_UNIPROT_ENTRIES,MULTIPLE_MOUSE_UNIPROT_ENTRIES,docs/audits/ubuntu_DE_2026-10-08/significant_protein_coding_degs.csv,c9bf672d38f877361b3132065884d3a02e3132bcbf9901656b9f2cb04fdf3130,0.1.0
03,gene,ENSMUSG00000046854,pass,PASS_CURRENT_EXACT_XREF_DISPLAYED_SEQUENCE,PASS_CURRENT_EXACT_XREF_DISPLAYED_SEQUENCE,docs/audits/ubuntu_DE_2026-10-08/significant_protein_coding_degs.csv,c9bf672d38f877361b3132065884d3a02e3132bcbf9901656b9f2cb04fdf3130,0.1.0
03,gene,ENSMUSG00000076441,pass,PASS_CURRENT_EXACT_XREF_DISPLAYED_SEQUENCE,PASS_CURRENT_EXACT_XREF_DISPLAYED_SEQUENCE,docs/audits/ubuntu_DE_2026-10-08/significant_protein_coding_degs.csv,c9bf672d38f877361b3132065884d3a02e3132bcbf9901656b9f2cb04fdf3130,0.1.0
03,gene,ENSMUSG00000018927,pass,PASS_CURRENT_EXACT_XREF_DISPLAYED_SEQUENCE,PASS_CURRENT_EXACT_XREF_DISPLAYED_SEQUENCE,docs/audits/ubuntu_DE_2026-10-08/significant_protein_coding_degs.csv,c9bf672d38f877361b3132065884d3a02e3132bcbf9901656b9f2cb04fdf3130,0.1.0
03,gene,ENSMUSG00000053687,pass,PASS_CURRENT_EXACT_XREF_DISPLAYED_SEQUENCE,PASS_CURRENT_EXACT_XREF_DISPLAYED_SEQUENCE,docs/audits/ubuntu_DE_2026-10-08/significant_protein_coding_degs.csv,c9bf672d38f877361b3132065884d3a02e3132bcbf9901656b9f2cb04fdf3130,0.1.0
03,gene,ENSMUSG00000032939,held,MULTIPLE_MOUSE_UNIPROT_ENTRIES,MULTIPLE_MOUSE_UNIPROT_ENTRIES,docs/audits/ubuntu_DE_2026-10-08/significant_protein_coding_degs.csv,c9bf672d38f877361b3132065884d3a02e3132bcbf9901656b9f2cb04fdf3130,0.1.0
03,gene,ENSMUSG00000027075,held,MULTIPLE_MOUSE_UNIPROT_ENTRIES,MULTIPLE_MOUSE_UNIPROT_ENTRIES,docs/audits/ubuntu_DE_2026-10-08/significant_protein_coding_degs.csv,c9bf672d38f877361b3132065884d3a02e3132bcbf9901656b9f2cb04fdf3130,0.1.0
03,gene,ENSMUSG00000020681,held,MULTIPLE_MOUSE_UNIPROT_ENTRIES,MULTIPLE_MOUSE_UNIPROT_ENTRIES,docs/audits/ubuntu_DE_2026-10-08/significant_protein_coding_degs.csv,c9bf672d38f877361b3132065884d3a02e3132bcbf9901656b9f2cb04fdf3130,0.1.0
03,gene,ENSMUSG00000031538,pass,PASS_CURRENT_EXACT_XREF_DISPLAYED_SEQUENCE,PASS_CURRENT_EXACT_XREF_DISPLAYED_SEQUENCE,docs/audits/ubuntu_DE_2026-10-08/significant_protein_coding_degs.csv,c9bf672d38f877361b3132065884d3a02e3132bcbf9901656b9f2cb04fdf3130,0.1.0
03,gene,ENSMUSG00000037664,held,MULTIPLE_MOUSE_UNIPROT_ENTRIES,MULTIPLE_MOUSE_UNIPROT_ENTRIES,docs/audits/ubuntu_DE_2026-10-08/significant_protein_coding_degs.csv,c9bf672d38f877361b3132065884d3a02e3132bcbf9901656b9f2cb04fdf3130,0.1.0
03,gene,ENSMUSG00000029101,held,MULTIPLE_MOUSE_UNIPROT_ENTRIES,MULTIPLE_MOUSE_UNIPROT_ENTRIES,docs/audits/ubuntu_DE_2026-10-08/significant_protein_coding_degs.csv,c9bf672d38f877361b3132065884d3a02e3132bcbf9901656b9f2cb04fdf3130,0.1.0
03,gene,ENSMUSG00000030683,held,MULTIPLE_MOUSE_UNIPROT_ENTRIES,MULTIPLE_MOUSE_UNIPROT_ENTRIES,docs/audits/ubuntu_DE_2026-10-08/significant_protein_coding_degs.csv,c9bf672d38f877361b3132065884d3a02e3132bcbf9901656b9f2cb04fdf3130,0.1.0
03,gene,ENSMUSG00000061654,held,NO_CURRENT_EXACT_ENSEMBL_XREF,NO_CURRENT_EXACT_ENSEMBL_XREF,docs/audits/ubuntu_DE_2026-10-08/significant_protein_coding_degs.csv,c9bf672d38f877361b3132065884d3a02e3132bcbf9901656b9f2cb04fdf3130,0.1.0
03,gene,ENSMUSG00000021187,held,MULTIPLE_MOUSE_UNIPROT_ENTRIES,MULTIPLE_MOUSE_UNIPROT_ENTRIES,docs/audits/ubuntu_DE_2026-10-08/significant_protein_coding_degs.csv,c9bf672d38f877361b3132065884d3a02e3132bcbf9901656b9f2cb04fdf3130,0.1.0
03,gene,ENSMUSG00000071350,held,MULTIPLE_MOUSE_UNIPROT_ENTRIES,MULTIPLE_MOUSE_UNIPROT_ENTRIES,docs/audits/ubuntu_DE_2026-10-08/significant_protein_coding_degs.csv,c9bf672d38f877361b3132065884d3a02e3132bcbf9901656b9f2cb04fdf3130,0.1.0
03,gene,ENSMUSG00000021950,held,MULTIPLE_MOUSE_UNIPROT_ENTRIES,MULTIPLE_MOUSE_UNIPROT_ENTRIES,docs/audits/ubuntu_DE_2026-10-08/significant_protein_coding_degs.csv,c9bf672d38f877361b3132065884d3a02e3132bcbf9901656b9f2cb04fdf3130,0.1.0
03,gene,ENSMUSG00000031772,held,MULTIPLE_MOUSE_UNIPROT_ENTRIES,MULTIPLE_MOUSE_UNIPROT_ENTRIES,docs/audits/ubuntu_DE_2026-10-08/significant_protein_coding_degs.csv,c9bf672d38f877361b3132065884d3a02e3132bcbf9901656b9f2cb04fdf3130,0.1.0
03,gene,ENSMUSG00000039109,pass,PASS_CURRENT_EXACT_XREF_DISPLAYED_SEQUENCE,PASS_CURRENT_EXACT_XREF_DISPLAYED_SEQUENCE,docs/audits/ubuntu_DE_2026-10-08/significant_protein_coding_degs.csv,c9bf672d38f877361b3132065884d3a02e3132bcbf9901656b9f2cb04fdf3130,0.1.0
03,gene,ENSMUSG00000046949,held,MULTIPLE_MOUSE_UNIPROT_ENTRIES,MULTIPLE_MOUSE_UNIPROT_ENTRIES,docs/audits/ubuntu_DE_2026-10-08/significant_protein_coding_degs.csv,c9bf672d38f877361b3132065884d3a02e3132bcbf9901656b9f2cb04fdf3130,0.1.0
03,gene,ENSMUSG00000022032,pass,PASS_CURRENT_EXACT_XREF_DISPLAYED_SEQUENCE,PASS_CURRENT_EXACT_XREF_DISPLAYED_SEQUENCE,docs/audits/ubuntu_DE_2026-10-08/significant_protein_coding_degs.csv,c9bf672d38f877361b3132065884d3a02e3132bcbf9901656b9f2cb04fdf3130,0.1.0
03,gene,ENSMUSG00000059430,held,MULTIPLE_MOUSE_UNIPROT_ENTRIES,MULTIPLE_MOUSE_UNIPROT_ENTRIES,docs/audits/ubuntu_DE_2026-10-08/significant_protein_coding_degs.csv,c9bf672d38f877361b3132065884d3a02e3132bcbf9901656b9f2cb04fdf3130,0.1.0
03,gene,ENSMUSG00000031451,pass,PASS_CURRENT_EXACT_XREF_DISPLAYED_SEQUENCE,PASS_CURRENT_EXACT_XREF_DISPLAYED_SEQUENCE,docs/audits/ubuntu_DE_2026-10-08/significant_protein_coding_degs.csv,c9bf672d38f877361b3132065884d3a02e3132bcbf9901656b9f2cb04fdf3130,0.1.0
03,gene,ENSMUSG00000054150,pass,PASS_CURRENT_EXACT_XREF_DISPLAYED_SEQUENCE,PASS_CURRENT_EXACT_XREF_DISPLAYED_SEQUENCE,docs/audits/ubuntu_DE_2026-10-08/significant_protein_coding_degs.csv,c9bf672d38f877361b3132065884d3a02e3132bcbf9901656b9f2cb04fdf3130,0.1.0
03,gene,ENSMUSG00000003865,held,MULTIPLE_MOUSE_UNIPROT_ENTRIES,MULTIPLE_MOUSE_UNIPROT_ENTRIES,docs/audits/ubuntu_DE_2026-10-08/significant_protein_coding_degs.csv,c9bf672d38f877361b3132065884d3a02e3132bcbf9901656b9f2cb04fdf3130,0.1.0
03,gene,ENSMUSG00000019851,pass,PASS_CURRENT_EXACT_XREF_DISPLAYED_SEQUENCE,PASS_CURRENT_EXACT_XREF_DISPLAYED_SEQUENCE,docs/audits/ubuntu_DE_2026-10-08/significant_protein_coding_degs.csv,c9bf672d38f877361b3132065884d3a02e3132bcbf9901656b9f2cb04fdf3130,0.1.0
03,gene,ENSMUSG00000050505,pass,PASS_CURRENT_EXACT_XREF_DISPLAYED_SEQUENCE,PASS_CURRENT_EXACT_XREF_DISPLAYED_SEQUENCE,docs/audits/ubuntu_DE_2026-10-08/significant_protein_coding_degs.csv,c9bf672d38f877361b3132065884d3a02e3132bcbf9901656b9f2cb04fdf3130,0.1.0
03,gene,ENSMUSG00000061353,held,MULTIPLE_MOUSE_UNIPROT_ENTRIES,MULTIPLE_MOUSE_UNIPROT_ENTRIES,docs/audits/ubuntu_DE_2026-10-08/significant_protein_coding_degs.csv,c9bf672d38f877361b3132065884d3a02e3132bcbf9901656b9f2cb04fdf3130,0.1.0
03,gene,ENSMUSG00000017390,pass,PASS_CURRENT_EXACT_XREF_DISPLAYED_SEQUENCE,PASS_CURRENT_EXACT_XREF_DISPLAYED_SEQUENCE,docs/audits/ubuntu_DE_2026-10-08/significant_protein_coding_degs.csv,c9bf672d38f877361b3132065884d3a02e3132bcbf9901656b9f2cb04fdf3130,0.1.0
03,gene,ENSMUSG00000021835,pass,PASS_CURRENT_EXACT_XREF_DISPLAYED_SEQUENCE,PASS_CURRENT_EXACT_XREF_DISPLAYED_SEQUENCE,docs/audits/ubuntu_DE_2026-10-08/significant_protein_coding_degs.csv,c9bf672d38f877361b3132065884d3a02e3132bcbf9901656b9f2cb04fdf3130,0.1.0
03,gene,ENSMUSG00000024481,held,MULTIPLE_MOUSE_UNIPROT_ENTRIES,MULTIPLE_MOUSE_UNIPROT_ENTRIES,docs/audits/ubuntu_DE_2026-10-08/significant_protein_coding_degs.csv,c9bf672d38f877361b3132065884d3a02e3132bcbf9901656b9f2cb04fdf3130,0.1.0
03,gene,ENSMUSG00000039405,held,MULTIPLE_MOUSE_UNIPROT_ENTRIES,MULTIPLE_MOUSE_UNIPROT_ENTRIES,docs/audits/ubuntu_DE_2026-10-08/significant_protein_coding_degs.csv,c9bf672d38f877361b3132065884d3a02e3132bcbf9901656b9f2cb04fdf3130,0.1.0
03,gene,ENSMUSG00000025582,pass,PASS_CURRENT_EXACT_XREF_DISPLAYED_SEQUENCE,PASS_CURRENT_EXACT_XREF_DISPLAYED_SEQUENCE,docs/audits/ubuntu_DE_2026-10-08/significant_protein_coding_degs.csv,c9bf672d38f877361b3132065884d3a02e3132bcbf9901656b9f2cb04fdf3130,0.1.0
03,gene,ENSMUSG00000030711,held,MULTIPLE_MOUSE_UNIPROT_ENTRIES,MULTIPLE_MOUSE_UNIPROT_ENTRIES,docs/audits/ubuntu_DE_2026-10-08/significant_protein_coding_degs.csv,c9bf672d38f877361b3132065884d3a02e3132bcbf9901656b9f2cb04fdf3130,0.1.0
03,gene,ENSMUSG00000063415,held,MULTIPLE_MOUSE_UNIPROT_ENTRIES,MULTIPLE_MOUSE_UNIPROT_ENTRIES,docs/audits/ubuntu_DE_2026-10-08/significant_protein_coding_degs.csv,c9bf672d38f877361b3132065884d3a02e3132bcbf9901656b9f2cb04fdf3130,0.1.0
03,gene,ENSMUSG00000026879,held,MULTIPLE_MOUSE_UNIPROT_ENTRIES,MULTIPLE_MOUSE_UNIPROT_ENTRIES,docs/audits/ubuntu_DE_2026-10-08/significant_protein_coding_degs.csv,c9bf672d38f877361b3132065884d3a02e3132bcbf9901656b9f2cb04fdf3130,0.1.0
03,gene,ENSMUSG00000026421,pass,PASS_CURRENT_EXACT_XREF_DISPLAYED_SEQUENCE,PASS_CURRENT_EXACT_XREF_DISPLAYED_SEQUENCE,docs/audits/ubuntu_DE_2026-10-08/significant_protein_coding_degs.csv,c9bf672d38f877361b3132065884d3a02e3132bcbf9901656b9f2cb04fdf3130,0.1.0
03,gene,ENSMUSG00000031168,held,MULTIPLE_MOUSE_UNIPROT_ENTRIES,MULTIPLE_MOUSE_UNIPROT_ENTRIES,docs/audits/ubuntu_DE_2026-10-08/significant_protein_coding_degs.csv,c9bf672d38f877361b3132065884d3a02e3132bcbf9901656b9f2cb04fdf3130,0.1.0
03,gene,ENSMUSG00000006782,pass,PASS_CURRENT_EXACT_XREF_DISPLAYED_SEQUENCE,PASS_CURRENT_EXACT_XREF_DISPLAYED_SEQUENCE,docs/audits/ubuntu_DE_2026-10-08/significant_protein_coding_degs.csv,c9bf672d38f877361b3132065884d3a02e3132bcbf9901656b9f2cb04fdf3130,0.1.0
03,gene,ENSMUSG00000000223,held,MULTIPLE_MOUSE_UNIPROT_ENTRIES,MULTIPLE_MOUSE_UNIPROT_ENTRIES,docs/audits/ubuntu_DE_2026-10-08/significant_protein_coding_degs.csv,c9bf672d38f877361b3132065884d3a02e3132bcbf9901656b9f2cb04fdf3130,0.1.0
03,gene,ENSMUSG00000038179,held,MULTIPLE_MOUSE_UNIPROT_ENTRIES,MULTIPLE_MOUSE_UNIPROT_ENTRIES,docs/audits/ubuntu_DE_2026-10-08/significant_protein_coding_degs.csv,c9bf672d38f877361b3132065884d3a02e3132bcbf9901656b9f2cb04fdf3130,0.1.0
03,gene,ENSMUSG00000026278,held,MULTIPLE_MOUSE_UNIPROT_ENTRIES,MULTIPLE_MOUSE_UNIPROT_ENTRIES,docs/audits/ubuntu_DE_2026-10-08/significant_protein_coding_degs.csv,c9bf672d38f877361b3132065884d3a02e3132bcbf9901656b9f2cb04fdf3130,0.1.0
03,gene,ENSMUSG00000025036,held,MULTIPLE_MOUSE_UNIPROT_ENTRIES,MULTIPLE_MOUSE_UNIPROT_ENTRIES,docs/audits/ubuntu_DE_2026-10-08/significant_protein_coding_degs.csv,c9bf672d38f877361b3132065884d3a02e3132bcbf9901656b9f2cb04fdf3130,0.1.0
03,gene,ENSMUSG00000037725,pass,PASS_CURRENT_EXACT_XREF_DISPLAYED_SEQUENCE,PASS_CURRENT_EXACT_XREF_DISPLAYED_SEQUENCE,docs/audits/ubuntu_DE_2026-10-08/significant_protein_coding_degs.csv,c9bf672d38f877361b3132065884d3a02e3132bcbf9901656b9f2cb04fdf3130,0.1.0
03,gene,ENSMUSG00000058258,held,MULTIPLE_MOUSE_UNIPROT_ENTRIES,MULTIPLE_MOUSE_UNIPROT_ENTRIES,docs/audits/ubuntu_DE_2026-10-08/significant_protein_coding_degs.csv,c9bf672d38f877361b3132065884d3a02e3132bcbf9901656b9f2cb04fdf3130,0.1.0
03,gene,ENSMUSG00000009731,pass,PASS_CURRENT_EXACT_XREF_DISPLAYED_SEQUENCE,PASS_CURRENT_EXACT_XREF_DISPLAYED_SEQUENCE,docs/audits/ubuntu_DE_2026-10-08/significant_protein_coding_degs.csv,c9bf672d38f877361b3132065884d3a02e3132bcbf9901656b9f2cb04fdf3130,0.1.0
03,gene,ENSMUSG00000053964,held,MULTIPLE_MOUSE_UNIPROT_ENTRIES,MULTIPLE_MOUSE_UNIPROT_ENTRIES,docs/audits/ubuntu_DE_2026-10-08/significant_protein_coding_degs.csv,c9bf672d38f877361b3132065884d3a02e3132bcbf9901656b9f2cb04fdf3130,0.1.0
03,gene,ENSMUSG00000022797,held,MULTIPLE_MOUSE_UNIPROT_ENTRIES,MULTIPLE_MOUSE_UNIPROT_ENTRIES,docs/audits/ubuntu_DE_2026-10-08/significant_protein_coding_degs.csv,c9bf672d38f877361b3132065884d3a02e3132bcbf9901656b9f2cb04fdf3130,0.1.0
03,gene,ENSMUSG00000028369,pass,PASS_CURRENT_EXACT_XREF_DISPLAYED_SEQUENCE,PASS_CURRENT_EXACT_XREF_DISPLAYED_SEQUENCE,docs/audits/ubuntu_DE_2026-10-08/significant_protein_coding_degs.csv,c9bf672d38f877361b3132065884d3a02e3132bcbf9901656b9f2cb04fdf3130,0.1.0
03,gene,ENSMUSG00000074457,held,MULTIPLE_MOUSE_UNIPROT_ENTRIES,MULTIPLE_MOUSE_UNIPROT_ENTRIES,docs/audits/ubuntu_DE_2026-10-08/significant_protein_coding_degs.csv,c9bf672d38f877361b3132065884d3a02e3132bcbf9901656b9f2cb04fdf3130,0.1.0
03,gene,ENSMUSG00000024998,held,MULTIPLE_MOUSE_UNIPROT_ENTRIES,MULTIPLE_MOUSE_UNIPROT_ENTRIES,docs/audits/ubuntu_DE_2026-10-08/significant_protein_coding_degs.csv,c9bf672d38f877361b3132065884d3a02e3132bcbf9901656b9f2cb04fdf3130,0.1.0
03,gene,ENSMUSG00000028459,held,MULTIPLE_MOUSE_UNIPROT_ENTRIES,MULTIPLE_MOUSE_UNIPROT_ENTRIES,docs/audits/ubuntu_DE_2026-10-08/significant_protein_coding_degs.csv,c9bf672d38f877361b3132065884d3a02e3132bcbf9901656b9f2cb04fdf3130,0.1.0
03,gene,ENSMUSG00000090958,held,MULTIPLE_MOUSE_UNIPROT_ENTRIES,MULTIPLE_MOUSE_UNIPROT_ENTRIES,docs/audits/ubuntu_DE_2026-10-08/significant_protein_coding_degs.csv,c9bf672d38f877361b3132065884d3a02e3132bcbf9901656b9f2cb04fdf3130,0.1.0
03,gene,ENSMUSG00000003617,held,MULTIPLE_MOUSE_UNIPROT_ENTRIES,MULTIPLE_MOUSE_UNIPROT_ENTRIES,docs/audits/ubuntu_DE_2026-10-08/significant_protein_coding_degs.csv,c9bf672d38f877361b3132065884d3a02e3132bcbf9901656b9f2cb04fdf3130,0.1.0
03,gene,ENSMUSG00000031431,held,MULTIPLE_MOUSE_UNIPROT_ENTRIES,MULTIPLE_MOUSE_UNIPROT_ENTRIES,docs/audits/ubuntu_DE_2026-10-08/significant_protein_coding_degs.csv,c9bf672d38f877361b3132065884d3a02e3132bcbf9901656b9f2cb04fdf3130,0.1.0
03,gene,ENSMUSG00000023046,pass,PASS_CURRENT_EXACT_XREF_DISPLAYED_SEQUENCE,PASS_CURRENT_EXACT_XREF_DISPLAYED_SEQUENCE,docs/audits/ubuntu_DE_2026-10-08/significant_protein_coding_degs.csv,c9bf672d38f877361b3132065884d3a02e3132bcbf9901656b9f2cb04fdf3130,0.1.0
03,gene,ENSMUSG00000045094,held,MULTIPLE_MOUSE_UNIPROT_ENTRIES,MULTIPLE_MOUSE_UNIPROT_ENTRIES,docs/audits/ubuntu_DE_2026-10-08/significant_protein_coding_degs.csv,c9bf672d38f877361b3132065884d3a02e3132bcbf9901656b9f2cb04fdf3130,0.1.0
03,gene,ENSMUSG00000048402,held,MULTIPLE_MOUSE_UNIPROT_ENTRIES,MULTIPLE_MOUSE_UNIPROT_ENTRIES,docs/audits/ubuntu_DE_2026-10-08/significant_protein_coding_degs.csv,c9bf672d38f877361b3132065884d3a02e3132bcbf9901656b9f2cb04fdf3130,0.1.0
03,gene,ENSMUSG00000002910,held,MULTIPLE_MOUSE_UNIPROT_ENTRIES,MULTIPLE_MOUSE_UNIPROT_ENTRIES,docs/audits/ubuntu_DE_2026-10-08/significant_protein_coding_degs.csv,c9bf672d38f877361b3132065884d3a02e3132bcbf9901656b9f2cb04fdf3130,0.1.0
03,gene,ENSMUSG00000047786,held,MULTIPLE_MOUSE_UNIPROT_ENTRIES,MULTIPLE_MOUSE_UNIPROT_ENTRIES,docs/audits/ubuntu_DE_2026-10-08/significant_protein_coding_degs.csv,c9bf672d38f877361b3132065884d3a02e3132bcbf9901656b9f2cb04fdf3130,0.1.0
03,gene,ENSMUSG00000025893,pass,PASS_CURRENT_EXACT_XREF_DISPLAYED_SEQUENCE,PASS_CURRENT_EXACT_XREF_DISPLAYED_SEQUENCE,docs/audits/ubuntu_DE_2026-10-08/significant_protein_coding_degs.csv,c9bf672d38f877361b3132065884d3a02e3132bcbf9901656b9f2cb04fdf3130,0.1.0
03,gene,ENSMUSG00000090302,pass,PASS_CURRENT_EXACT_XREF_DISPLAYED_SEQUENCE,PASS_CURRENT_EXACT_XREF_DISPLAYED_SEQUENCE,docs/audits/ubuntu_DE_2026-10-08/significant_protein_coding_degs.csv,c9bf672d38f877361b3132065884d3a02e3132bcbf9901656b9f2cb04fdf3130,0.1.0
03,gene,ENSMUSG00000041515,held,MULTIPLE_MOUSE_UNIPROT_ENTRIES,MULTIPLE_MOUSE_UNIPROT_ENTRIES,docs/audits/ubuntu_DE_2026-10-08/significant_protein_coding_degs.csv,c9bf672d38f877361b3132065884d3a02e3132bcbf9901656b9f2cb04fdf3130,0.1.0
03,gene,ENSMUSG00000002458,held,MULTIPLE_MOUSE_UNIPROT_ENTRIES,MULTIPLE_MOUSE_UNIPROT_ENTRIES,docs/audits/ubuntu_DE_2026-10-08/significant_protein_coding_degs.csv,c9bf672d38f877361b3132065884d3a02e3132bcbf9901656b9f2cb04fdf3130,0.1.0
03,gene,ENSMUSG00000033966,pass,PASS_CURRENT_EXACT_XREF_DISPLAYED_SEQUENCE,PASS_CURRENT_EXACT_XREF_DISPLAYED_SEQUENCE,docs/audits/ubuntu_DE_2026-10-08/significant_protein_coding_degs.csv,c9bf672d38f877361b3132065884d3a02e3132bcbf9901656b9f2cb04fdf3130,0.1.0
03,gene,ENSMUSG00000001089,held,MULTIPLE_MOUSE_UNIPROT_ENTRIES,MULTIPLE_MOUSE_UNIPROT_ENTRIES,docs/audits/ubuntu_DE_2026-10-08/significant_protein_coding_degs.csv,c9bf672d38f877361b3132065884d3a02e3132bcbf9901656b9f2cb04fdf3130,0.1.0
03,gene,ENSMUSG00000020422,held,MULTIPLE_MOUSE_UNIPROT_ENTRIES,MULTIPLE_MOUSE_UNIPROT_ENTRIES,docs/audits/ubuntu_DE_2026-10-08/significant_protein_coding_degs.csv,c9bf672d38f877361b3132065884d3a02e3132bcbf9901656b9f2cb04fdf3130,0.1.0
03,gene,ENSMUSG00000031349,pass,PASS_CURRENT_EXACT_XREF_DISPLAYED_SEQUENCE,PASS_CURRENT_EXACT_XREF_DISPLAYED_SEQUENCE,docs/audits/ubuntu_DE_2026-10-08/significant_protein_coding_degs.csv,c9bf672d38f877361b3132065884d3a02e3132bcbf9901656b9f2cb04fdf3130,0.1.0
03,gene,ENSMUSG00000021846,held,MULTIPLE_MOUSE_UNIPROT_ENTRIES,MULTIPLE_MOUSE_UNIPROT_ENTRIES,docs/audits/ubuntu_DE_2026-10-08/significant_protein_coding_degs.csv,c9bf672d38f877361b3132065884d3a02e3132bcbf9901656b9f2cb04fdf3130,0.1.0
03,gene,ENSMUSG00000030310,held,MULTIPLE_MOUSE_UNIPROT_ENTRIES,MULTIPLE_MOUSE_UNIPROT_ENTRIES,docs/audits/ubuntu_DE_2026-10-08/significant_protein_coding_degs.csv,c9bf672d38f877361b3132065884d3a02e3132bcbf9901656b9f2cb04fdf3130,0.1.0
03,gene,ENSMUSG00000037656,held,MULTIPLE_MOUSE_UNIPROT_ENTRIES,MULTIPLE_MOUSE_UNIPROT_ENTRIES,docs/audits/ubuntu_DE_2026-10-08/significant_protein_coding_degs.csv,c9bf672d38f877361b3132065884d3a02e3132bcbf9901656b9f2cb04fdf3130,0.1.0
03,gene,ENSMUSG00000017897,pass,PASS_CURRENT_EXACT_XREF_DISPLAYED_SEQUENCE,PASS_CURRENT_EXACT_XREF_DISPLAYED_SEQUENCE,docs/audits/ubuntu_DE_2026-10-08/significant_protein_coding_degs.csv,c9bf672d38f877361b3132065884d3a02e3132bcbf9901656b9f2cb04fdf3130,0.1.0
03,gene,ENSMUSG00000032725,held,MULTIPLE_MOUSE_UNIPROT_ENTRIES,MULTIPLE_MOUSE_UNIPROT_ENTRIES,docs/audits/ubuntu_DE_2026-10-08/significant_protein_coding_degs.csv,c9bf672d38f877361b3132065884d3a02e3132bcbf9901656b9f2cb04fdf3130,0.1.0
03,gene,ENSMUSG00000024799,held,MULTIPLE_MOUSE_UNIPROT_ENTRIES,MULTIPLE_MOUSE_UNIPROT_ENTRIES,docs/audits/ubuntu_DE_2026-10-08/significant_protein_coding_degs.csv,c9bf672d38f877361b3132065884d3a02e3132bcbf9901656b9f2cb04fdf3130,0.1.0
03,gene,ENSMUSG00000045136,pass,PASS_CURRENT_EXACT_XREF_DISPLAYED_SEQUENCE,PASS_CURRENT_EXACT_XREF_DISPLAYED_SEQUENCE,docs/audits/ubuntu_DE_2026-10-08/significant_protein_coding_degs.csv,c9bf672d38f877361b3132065884d3a02e3132bcbf9901656b9f2cb04fdf3130,0.1.0
03,gene,ENSMUSG00000066441,held,MULTIPLE_MOUSE_UNIPROT_ENTRIES,MULTIPLE_MOUSE_UNIPROT_ENTRIES,docs/audits/ubuntu_DE_2026-10-08/significant_protein_coding_degs.csv,c9bf672d38f877361b3132065884d3a02e3132bcbf9901656b9f2cb04fdf3130,0.1.0
03,gene,ENSMUSG00000036067,held,MULTIPLE_MOUSE_UNIPROT_ENTRIES,MULTIPLE_MOUSE_UNIPROT_ENTRIES,docs/audits/ubuntu_DE_2026-10-08/significant_protein_coding_degs.csv,c9bf672d38f877361b3132065884d3a02e3132bcbf9901656b9f2cb04fdf3130,0.1.0
03,gene,ENSMUSG00000022529,held,MULTIPLE_MOUSE_UNIPROT_ENTRIES,MULTIPLE_MOUSE_UNIPROT_ENTRIES,docs/audits/ubuntu_DE_2026-10-08/significant_protein_coding_degs.csv,c9bf672d38f877361b3132065884d3a02e3132bcbf9901656b9f2cb04fdf3130,0.1.0
03,gene,ENSMUSG00000053063,held,MULTIPLE_MOUSE_UNIPROT_ENTRIES,MULTIPLE_MOUSE_UNIPROT_ENTRIES,docs/audits/ubuntu_DE_2026-10-08/significant_protein_coding_degs.csv,c9bf672d38f877361b3132065884d3a02e3132bcbf9901656b9f2cb04fdf3130,0.1.0
03,gene,ENSMUSG00000046321,pass,PASS_CURRENT_EXACT_XREF_DISPLAYED_SEQUENCE,PASS_CURRENT_EXACT_XREF_DISPLAYED_SEQUENCE,docs/audits/ubuntu_DE_2026-10-08/significant_protein_coding_degs.csv,c9bf672d38f877361b3132065884d3a02e3132bcbf9901656b9f2cb04fdf3130,0.1.0
03,gene,ENSMUSG00000019278,held,MULTIPLE_MOUSE_UNIPROT_ENTRIES,MULTIPLE_MOUSE_UNIPROT_ENTRIES,docs/audits/ubuntu_DE_2026-10-08/significant_protein_coding_degs.csv,c9bf672d38f877361b3132065884d3a02e3132bcbf9901656b9f2cb04fdf3130,0.1.0
03,gene,ENSMUSG00000032085,held,MULTIPLE_MOUSE_UNIPROT_ENTRIES,MULTIPLE_MOUSE_UNIPROT_ENTRIES,docs/audits/ubuntu_DE_2026-10-08/significant_protein_coding_degs.csv,c9bf672d38f877361b3132065884d3a02e3132bcbf9901656b9f2cb04fdf3130,0.1.0
03,gene,ENSMUSG00000038007,pass,PASS_CURRENT_EXACT_XREF_DISPLAYED_SEQUENCE,PASS_CURRENT_EXACT_XREF_DISPLAYED_SEQUENCE,docs/audits/ubuntu_DE_2026-10-08/significant_protein_coding_degs.csv,c9bf672d38f877361b3132065884d3a02e3132bcbf9901656b9f2cb04fdf3130,0.1.0
03,gene,ENSMUSG00000037355,held,MULTIPLE_MOUSE_UNIPROT_ENTRIES,MULTIPLE_MOUSE_UNIPROT_ENTRIES,docs/audits/ubuntu_DE_2026-10-08/significant_protein_coding_degs.csv,c9bf672d38f877361b3132065884d3a02e3132bcbf9901656b9f2cb04fdf3130,0.1.0
03,gene,ENSMUSG00000074629,held,NO_CURRENT_EXACT_ENSEMBL_XREF,NO_CURRENT_EXACT_ENSEMBL_XREF,docs/audits/ubuntu_DE_2026-10-08/significant_protein_coding_degs.csv,c9bf672d38f877361b3132065884d3a02e3132bcbf9901656b9f2cb04fdf3130,0.1.0
03,gene,ENSMUSG00000032702,held,MULTIPLE_MOUSE_UNIPROT_ENTRIES,MULTIPLE_MOUSE_UNIPROT_ENTRIES,docs/audits/ubuntu_DE_2026-10-08/significant_protein_coding_degs.csv,c9bf672d38f877361b3132065884d3a02e3132bcbf9901656b9f2cb04fdf3130,0.1.0
03,gene,ENSMUSG00000031613,pass,PASS_CURRENT_EXACT_XREF_DISPLAYED_SEQUENCE,PASS_CURRENT_EXACT_XREF_DISPLAYED_SEQUENCE,docs/audits/ubuntu_DE_2026-10-08/significant_protein_coding_degs.csv,c9bf672d38f877361b3132065884d3a02e3132bcbf9901656b9f2cb04fdf3130,0.1.0
03,gene,ENSMUSG00000034842,held,MULTIPLE_MOUSE_UNIPROT_ENTRIES,MULTIPLE_MOUSE_UNIPROT_ENTRIES,docs/audits/ubuntu_DE_2026-10-08/significant_protein_coding_degs.csv,c9bf672d38f877361b3132065884d3a02e3132bcbf9901656b9f2cb04fdf3130,0.1.0
03,gene,ENSMUSG00000045246,pass,PASS_CURRENT_EXACT_XREF_DISPLAYED_SEQUENCE,PASS_CURRENT_EXACT_XREF_DISPLAYED_SEQUENCE,docs/audits/ubuntu_DE_2026-10-08/significant_protein_coding_degs.csv,c9bf672d38f877361b3132065884d3a02e3132bcbf9901656b9f2cb04fdf3130,0.1.0
03,gene,ENSMUSG00000021390,pass,PASS_CURRENT_EXACT_XREF_DISPLAYED_SEQUENCE,PASS_CURRENT_EXACT_XREF_DISPLAYED_SEQUENCE,docs/audits/ubuntu_DE_2026-10-08/significant_protein_coding_degs.csv,c9bf672d38f877361b3132065884d3a02e3132bcbf9901656b9f2cb04fdf3130,0.1.0
03,gene,ENSMUSG00000058620,held,MULTIPLE_MOUSE_UNIPROT_ENTRIES,MULTIPLE_MOUSE_UNIPROT_ENTRIES,docs/audits/ubuntu_DE_2026-10-08/significant_protein_coding_degs.csv,c9bf672d38f877361b3132065884d3a02e3132bcbf9901656b9f2cb04fdf3130,0.1.0
03,gene,ENSMUSG00000024397,held,MULTIPLE_MOUSE_UNIPROT_ENTRIES,MULTIPLE_MOUSE_UNIPROT_ENTRIES,docs/audits/ubuntu_DE_2026-10-08/significant_protein_coding_degs.csv,c9bf672d38f877361b3132065884d3a02e3132bcbf9901656b9f2cb04fdf3130,0.1.0
03,gene,ENSMUSG00000023832,held,MULTIPLE_MOUSE_UNIPROT_ENTRIES,MULTIPLE_MOUSE_UNIPROT_ENTRIES,docs/audits/ubuntu_DE_2026-10-08/significant_protein_coding_degs.csv,c9bf672d38f877361b3132065884d3a02e3132bcbf9901656b9f2cb04fdf3130,0.1.0
03,gene,ENSMUSG00000030249,held,MULTIPLE_MOUSE_UNIPROT_ENTRIES,MULTIPLE_MOUSE_UNIPROT_ENTRIES,docs/audits/ubuntu_DE_2026-10-08/significant_protein_coding_degs.csv,c9bf672d38f877361b3132065884d3a02e3132bcbf9901656b9f2cb04fdf3130,0.1.0
03,gene,ENSMUSG00000015340,held,MULTIPLE_MOUSE_UNIPROT_ENTRIES,MULTIPLE_MOUSE_UNIPROT_ENTRIES,docs/audits/ubuntu_DE_2026-10-08/significant_protein_coding_degs.csv,c9bf672d38f877361b3132065884d3a02e3132bcbf9901656b9f2cb04fdf3130,0.1.0
03,gene,ENSMUSG00000036867,held,MULTIPLE_MOUSE_UNIPROT_ENTRIES,MULTIPLE_MOUSE_UNIPROT_ENTRIES,docs/audits/ubuntu_DE_2026-10-08/significant_protein_coding_degs.csv,c9bf672d38f877361b3132065884d3a02e3132bcbf9901656b9f2cb04fdf3130,0.1.0
03,gene,ENSMUSG00000031604,held,MULTIPLE_MOUSE_UNIPROT_ENTRIES,MULTIPLE_MOUSE_UNIPROT_ENTRIES,docs/audits/ubuntu_DE_2026-10-08/significant_protein_coding_degs.csv,c9bf672d38f877361b3132065884d3a02e3132bcbf9901656b9f2cb04fdf3130,0.1.0
03,gene,ENSMUSG00000070576,pass,PASS_CURRENT_EXACT_XREF_DISPLAYED_SEQUENCE,PASS_CURRENT_EXACT_XREF_DISPLAYED_SEQUENCE,docs/audits/ubuntu_DE_2026-10-08/significant_protein_coding_degs.csv,c9bf672d38f877361b3132065884d3a02e3132bcbf9901656b9f2cb04fdf3130,0.1.0
03,gene,ENSMUSG00000005950,held,MULTIPLE_MOUSE_UNIPROT_ENTRIES,MULTIPLE_MOUSE_UNIPROT_ENTRIES,docs/audits/ubuntu_DE_2026-10-08/significant_protein_coding_degs.csv,c9bf672d38f877361b3132065884d3a02e3132bcbf9901656b9f2cb04fdf3130,0.1.0
03,gene,ENSMUSG00000033985,held,MULTIPLE_MOUSE_UNIPROT_ENTRIES,MULTIPLE_MOUSE_UNIPROT_ENTRIES,docs/audits/ubuntu_DE_2026-10-08/significant_protein_coding_degs.csv,c9bf672d38f877361b3132065884d3a02e3132bcbf9901656b9f2cb04fdf3130,0.1.0
03,gene,ENSMUSG00000020374,held,MULTIPLE_MOUSE_UNIPROT_ENTRIES,MULTIPLE_MOUSE_UNIPROT_ENTRIES,docs/audits/ubuntu_DE_2026-10-08/significant_protein_coding_degs.csv,c9bf672d38f877361b3132065884d3a02e3132bcbf9901656b9f2cb04fdf3130,0.1.0
03,gene,ENSMUSG00000029675,held,MULTIPLE_MOUSE_UNIPROT_ENTRIES,MULTIPLE_MOUSE_UNIPROT_ENTRIES,docs/audits/ubuntu_DE_2026-10-08/significant_protein_coding_degs.csv,c9bf672d38f877361b3132065884d3a02e3132bcbf9901656b9f2cb04fdf3130,0.1.0
03,gene,ENSMUSG00000025912,held,MULTIPLE_MOUSE_UNIPROT_ENTRIES,MULTIPLE_MOUSE_UNIPROT_ENTRIES,docs/audits/ubuntu_DE_2026-10-08/significant_protein_coding_degs.csv,c9bf672d38f877361b3132065884d3a02e3132bcbf9901656b9f2cb04fdf3130,0.1.0
03,gene,ENSMUSG00000036545,held,MULTIPLE_MOUSE_UNIPROT_ENTRIES,MULTIPLE_MOUSE_UNIPROT_ENTRIES,docs/audits/ubuntu_DE_2026-10-08/significant_protein_coding_degs.csv,c9bf672d38f877361b3132065884d3a02e3132bcbf9901656b9f2cb04fdf3130,0.1.0
03,gene,ENSMUSG00000001467,pass,PASS_CURRENT_EXACT_XREF_DISPLAYED_SEQUENCE,PASS_CURRENT_EXACT_XREF_DISPLAYED_SEQUENCE,docs/audits/ubuntu_DE_2026-10-08/significant_protein_coding_degs.csv,c9bf672d38f877361b3132065884d3a02e3132bcbf9901656b9f2cb04fdf3130,0.1.0
03,gene,ENSMUSG00000022351,held,MULTIPLE_MOUSE_UNIPROT_ENTRIES,MULTIPLE_MOUSE_UNIPROT_ENTRIES,docs/audits/ubuntu_DE_2026-10-08/significant_protein_coding_degs.csv,c9bf672d38f877361b3132065884d3a02e3132bcbf9901656b9f2cb04fdf3130,0.1.0
03,gene,ENSMUSG00000020897,pass,PASS_CURRENT_EXACT_XREF_DISPLAYED_SEQUENCE,PASS_CURRENT_EXACT_XREF_DISPLAYED_SEQUENCE,docs/audits/ubuntu_DE_2026-10-08/significant_protein_coding_degs.csv,c9bf672d38f877361b3132065884d3a02e3132bcbf9901656b9f2cb04fdf3130,0.1.0
03,gene,ENSMUSG00000030905,pass,PASS_CURRENT_EXACT_XREF_DISPLAYED_SEQUENCE,PASS_CURRENT_EXACT_XREF_DISPLAYED_SEQUENCE,docs/audits/ubuntu_DE_2026-10-08/significant_protein_coding_degs.csv,c9bf672d38f877361b3132065884d3a02e3132bcbf9901656b9f2cb04fdf3130,0.1.0
03,gene,ENSMUSG00000034457,pass,PASS_CURRENT_EXACT_XREF_DISPLAYED_SEQUENCE,PASS_CURRENT_EXACT_XREF_DISPLAYED_SEQUENCE,docs/audits/ubuntu_DE_2026-10-08/significant_protein_coding_degs.csv,c9bf672d38f877361b3132065884d3a02e3132bcbf9901656b9f2cb04fdf3130,0.1.0
03,gene,ENSMUSG00000043873,held,MULTIPLE_MOUSE_UNIPROT_ENTRIES,MULTIPLE_MOUSE_UNIPROT_ENTRIES,docs/audits/ubuntu_DE_2026-10-08/significant_protein_coding_degs.csv,c9bf672d38f877361b3132065884d3a02e3132bcbf9901656b9f2cb04fdf3130,0.1.0
03,gene,ENSMUSG00000000056,pass,PASS_CURRENT_EXACT_XREF_DISPLAYED_SEQUENCE,PASS_CURRENT_EXACT_XREF_DISPLAYED_SEQUENCE,docs/audits/ubuntu_DE_2026-10-08/significant_protein_coding_degs.csv,c9bf672d38f877361b3132065884d3a02e3132bcbf9901656b9f2cb04fdf3130,0.1.0
03,gene,ENSMUSG00000011257,held,MULTIPLE_MOUSE_UNIPROT_ENTRIES,MULTIPLE_MOUSE_UNIPROT_ENTRIES,docs/audits/ubuntu_DE_2026-10-08/significant_protein_coding_degs.csv,c9bf672d38f877361b3132065884d3a02e3132bcbf9901656b9f2cb04fdf3130,0.1.0
03,gene,ENSMUSG00000016024,held,MULTIPLE_MOUSE_UNIPROT_ENTRIES,MULTIPLE_MOUSE_UNIPROT_ENTRIES,docs/audits/ubuntu_DE_2026-10-08/significant_protein_coding_degs.csv,c9bf672d38f877361b3132065884d3a02e3132bcbf9901656b9f2cb04fdf3130,0.1.0
03,gene,ENSMUSG00000037537,unassessable,FRAGMENT_SEQUENCE,FRAGMENT_SEQUENCE,docs/audits/ubuntu_DE_2026-10-08/significant_protein_coding_degs.csv,c9bf672d38f877361b3132065884d3a02e3132bcbf9901656b9f2cb04fdf3130,0.1.0
03,gene,ENSMUSG00000029231,held,MULTIPLE_MOUSE_UNIPROT_ENTRIES,MULTIPLE_MOUSE_UNIPROT_ENTRIES,docs/audits/ubuntu_DE_2026-10-08/significant_protein_coding_degs.csv,c9bf672d38f877361b3132065884d3a02e3132bcbf9901656b9f2cb04fdf3130,0.1.0
03,gene,ENSMUSG00000053279,held,MULTIPLE_MOUSE_UNIPROT_ENTRIES,MULTIPLE_MOUSE_UNIPROT_ENTRIES,docs/audits/ubuntu_DE_2026-10-08/significant_protein_coding_degs.csv,c9bf672d38f877361b3132065884d3a02e3132bcbf9901656b9f2cb04fdf3130,0.1.0
03,gene,ENSMUSG00000038042,held,MULTIPLE_MOUSE_UNIPROT_ENTRIES,MULTIPLE_MOUSE_UNIPROT_ENTRIES,docs/audits/ubuntu_DE_2026-10-08/significant_protein_coding_degs.csv,c9bf672d38f877361b3132065884d3a02e3132bcbf9901656b9f2cb04fdf3130,0.1.0
03,gene,ENSMUSG00000023267,held,MULTIPLE_MOUSE_UNIPROT_ENTRIES,MULTIPLE_MOUSE_UNIPROT_ENTRIES,docs/audits/ubuntu_DE_2026-10-08/significant_protein_coding_degs.csv,c9bf672d38f877361b3132065884d3a02e3132bcbf9901656b9f2cb04fdf3130,0.1.0
03,gene,ENSMUSG00000035649,held,MULTIPLE_MOUSE_UNIPROT_ENTRIES,MULTIPLE_MOUSE_UNIPROT_ENTRIES,docs/audits/ubuntu_DE_2026-10-08/significant_protein_coding_degs.csv,c9bf672d38f877361b3132065884d3a02e3132bcbf9901656b9f2cb04fdf3130,0.1.0
03,gene,ENSMUSG00000030946,held,MULTIPLE_MOUSE_UNIPROT_ENTRIES,MULTIPLE_MOUSE_UNIPROT_ENTRIES,docs/audits/ubuntu_DE_2026-10-08/significant_protein_coding_degs.csv,c9bf672d38f877361b3132065884d3a02e3132bcbf9901656b9f2cb04fdf3130,0.1.0
03,gene,ENSMUSG00000040084,pass,PASS_CURRENT_EXACT_XREF_DISPLAYED_SEQUENCE,PASS_CURRENT_EXACT_XREF_DISPLAYED_SEQUENCE,docs/audits/ubuntu_DE_2026-10-08/significant_protein_coding_degs.csv,c9bf672d38f877361b3132065884d3a02e3132bcbf9901656b9f2cb04fdf3130,0.1.0
03,gene,ENSMUSG00000025025,held,MULTIPLE_MOUSE_UNIPROT_ENTRIES,MULTIPLE_MOUSE_UNIPROT_ENTRIES,docs/audits/ubuntu_DE_2026-10-08/significant_protein_coding_degs.csv,c9bf672d38f877361b3132065884d3a02e3132bcbf9901656b9f2cb04fdf3130,0.1.0
03,gene,ENSMUSG00000025161,held,MULTIPLE_MOUSE_UNIPROT_ENTRIES,MULTIPLE_MOUSE_UNIPROT_ENTRIES,docs/audits/ubuntu_DE_2026-10-08/significant_protein_coding_degs.csv,c9bf672d38f877361b3132065884d3a02e3132bcbf9901656b9f2cb04fdf3130,0.1.0
03,gene,ENSMUSG00000000632,held,MULTIPLE_MOUSE_UNIPROT_ENTRIES,MULTIPLE_MOUSE_UNIPROT_ENTRIES,docs/audits/ubuntu_DE_2026-10-08/significant_protein_coding_degs.csv,c9bf672d38f877361b3132065884d3a02e3132bcbf9901656b9f2cb04fdf3130,0.1.0
03,gene,ENSMUSG00000005233,held,MULTIPLE_MOUSE_UNIPROT_ENTRIES,MULTIPLE_MOUSE_UNIPROT_ENTRIES,docs/audits/ubuntu_DE_2026-10-08/significant_protein_coding_degs.csv,c9bf672d38f877361b3132065884d3a02e3132bcbf9901656b9f2cb04fdf3130,0.1.0
03,gene,ENSMUSG00000028152,held,MULTIPLE_MOUSE_UNIPROT_ENTRIES,MULTIPLE_MOUSE_UNIPROT_ENTRIES,docs/audits/ubuntu_DE_2026-10-08/significant_protein_coding_degs.csv,c9bf672d38f877361b3132065884d3a02e3132bcbf9901656b9f2cb04fdf3130,0.1.0
03,gene,ENSMUSG00000050623,held,MULTIPLE_MOUSE_UNIPROT_ENTRIES,MULTIPLE_MOUSE_UNIPROT_ENTRIES,docs/audits/ubuntu_DE_2026-10-08/significant_protein_coding_degs.csv,c9bf672d38f877361b3132065884d3a02e3132bcbf9901656b9f2cb04fdf3130,0.1.0
03,gene,ENSMUSG00000061702,held,MULTIPLE_MOUSE_UNIPROT_ENTRIES,MULTIPLE_MOUSE_UNIPROT_ENTRIES,docs/audits/ubuntu_DE_2026-10-08/significant_protein_coding_degs.csv,c9bf672d38f877361b3132065884d3a02e3132bcbf9901656b9f2cb04fdf3130,0.1.0
03,gene,ENSMUSG00000020553,pass,PASS_CURRENT_EXACT_XREF_DISPLAYED_SEQUENCE,PASS_CURRENT_EXACT_XREF_DISPLAYED_SEQUENCE,docs/audits/ubuntu_DE_2026-10-08/significant_protein_coding_degs.csv,c9bf672d38f877361b3132065884d3a02e3132bcbf9901656b9f2cb04fdf3130,0.1.0
03,gene,ENSMUSG00000022209,pass,PASS_CURRENT_EXACT_XREF_DISPLAYED_SEQUENCE,PASS_CURRENT_EXACT_XREF_DISPLAYED_SEQUENCE,docs/audits/ubuntu_DE_2026-10-08/significant_protein_coding_degs.csv,c9bf672d38f877361b3132065884d3a02e3132bcbf9901656b9f2cb04fdf3130,0.1.0
03,gene,ENSMUSG00000028248,held,MULTIPLE_MOUSE_UNIPROT_ENTRIES,MULTIPLE_MOUSE_UNIPROT_ENTRIES,docs/audits/ubuntu_DE_2026-10-08/significant_protein_coding_degs.csv,c9bf672d38f877361b3132065884d3a02e3132bcbf9901656b9f2cb04fdf3130,0.1.0
03,gene,ENSMUSG00000070873,pass,PASS_CURRENT_EXACT_XREF_DISPLAYED_SEQUENCE,PASS_CURRENT_EXACT_XREF_DISPLAYED_SEQUENCE,docs/audits/ubuntu_DE_2026-10-08/significant_protein_coding_degs.csv,c9bf672d38f877361b3132065884d3a02e3132bcbf9901656b9f2cb04fdf3130,0.1.0
03,gene,ENSMUSG00000034227,pass,PASS_CURRENT_EXACT_XREF_DISPLAYED_SEQUENCE,PASS_CURRENT_EXACT_XREF_DISPLAYED_SEQUENCE,docs/audits/ubuntu_DE_2026-10-08/significant_protein_coding_degs.csv,c9bf672d38f877361b3132065884d3a02e3132bcbf9901656b9f2cb04fdf3130,0.1.0
03,gene,ENSMUSG00000022537,held,MULTIPLE_MOUSE_UNIPROT_ENTRIES,MULTIPLE_MOUSE_UNIPROT_ENTRIES,docs/audits/ubuntu_DE_2026-10-08/significant_protein_coding_degs.csv,c9bf672d38f877361b3132065884d3a02e3132bcbf9901656b9f2cb04fdf3130,0.1.0
03,gene,ENSMUSG00000033960,pass,PASS_CURRENT_EXACT_XREF_DISPLAYED_SEQUENCE,PASS_CURRENT_EXACT_XREF_DISPLAYED_SEQUENCE,docs/audits/ubuntu_DE_2026-10-08/significant_protein_coding_degs.csv,c9bf672d38f877361b3132065884d3a02e3132bcbf9901656b9f2cb04fdf3130,0.1.0
03,gene,ENSMUSG00000021587,held,MULTIPLE_MOUSE_UNIPROT_ENTRIES,MULTIPLE_MOUSE_UNIPROT_ENTRIES,docs/audits/ubuntu_DE_2026-10-08/significant_protein_coding_degs.csv,c9bf672d38f877361b3132065884d3a02e3132bcbf9901656b9f2cb04fdf3130,0.1.0
03,gene,ENSMUSG00000032356,held,MULTIPLE_MOUSE_UNIPROT_ENTRIES,MULTIPLE_MOUSE_UNIPROT_ENTRIES,docs/audits/ubuntu_DE_2026-10-08/significant_protein_coding_degs.csv,c9bf672d38f877361b3132065884d3a02e3132bcbf9901656b9f2cb04fdf3130,0.1.0
03,gene,ENSMUSG00000034107,held,MULTIPLE_MOUSE_UNIPROT_ENTRIES,MULTIPLE_MOUSE_UNIPROT_ENTRIES,docs/audits/ubuntu_DE_2026-10-08/significant_protein_coding_degs.csv,c9bf672d38f877361b3132065884d3a02e3132bcbf9901656b9f2cb04fdf3130,0.1.0
03,gene,ENSMUSG00000000682,pass,PASS_CURRENT_EXACT_XREF_DISPLAYED_SEQUENCE,PASS_CURRENT_EXACT_XREF_DISPLAYED_SEQUENCE,docs/audits/ubuntu_DE_2026-10-08/significant_protein_coding_degs.csv,c9bf672d38f877361b3132065884d3a02e3132bcbf9901656b9f2cb04fdf3130,0.1.0
03,gene,ENSMUSG00000001349,held,MULTIPLE_MOUSE_UNIPROT_ENTRIES,MULTIPLE_MOUSE_UNIPROT_ENTRIES,docs/audits/ubuntu_DE_2026-10-08/significant_protein_coding_degs.csv,c9bf672d38f877361b3132065884d3a02e3132bcbf9901656b9f2cb04fdf3130,0.1.0
03,gene,ENSMUSG00000032531,held,MULTIPLE_MOUSE_UNIPROT_ENTRIES,MULTIPLE_MOUSE_UNIPROT_ENTRIES,docs/audits/ubuntu_DE_2026-10-08/significant_protein_coding_degs.csv,c9bf672d38f877361b3132065884d3a02e3132bcbf9901656b9f2cb04fdf3130,0.1.0
03,gene,ENSMUSG00000025950,held,MULTIPLE_MOUSE_UNIPROT_ENTRIES,MULTIPLE_MOUSE_UNIPROT_ENTRIES,docs/audits/ubuntu_DE_2026-10-08/significant_protein_coding_degs.csv,c9bf672d38f877361b3132065884d3a02e3132bcbf9901656b9f2cb04fdf3130,0.1.0
03,gene,ENSMUSG00000048988,pass,PASS_CURRENT_EXACT_XREF_DISPLAYED_SEQUENCE,PASS_CURRENT_EXACT_XREF_DISPLAYED_SEQUENCE,docs/audits/ubuntu_DE_2026-10-08/significant_protein_coding_degs.csv,c9bf672d38f877361b3132065884d3a02e3132bcbf9901656b9f2cb04fdf3130,0.1.0
03,gene,ENSMUSG00000078439,held,MULTIPLE_MOUSE_UNIPROT_ENTRIES,MULTIPLE_MOUSE_UNIPROT_ENTRIES,docs/audits/ubuntu_DE_2026-10-08/significant_protein_coding_degs.csv,c9bf672d38f877361b3132065884d3a02e3132bcbf9901656b9f2cb04fdf3130,0.1.0
03,gene,ENSMUSG00000033863,pass,PASS_CURRENT_EXACT_XREF_DISPLAYED_SEQUENCE,PASS_CURRENT_EXACT_XREF_DISPLAYED_SEQUENCE,docs/audits/ubuntu_DE_2026-10-08/significant_protein_coding_degs.csv,c9bf672d38f877361b3132065884d3a02e3132bcbf9901656b9f2cb04fdf3130,0.1.0
03,gene,ENSMUSG00000030609,held,MULTIPLE_MOUSE_UNIPROT_ENTRIES,MULTIPLE_MOUSE_UNIPROT_ENTRIES,docs/audits/ubuntu_DE_2026-10-08/significant_protein_coding_degs.csv,c9bf672d38f877361b3132065884d3a02e3132bcbf9901656b9f2cb04fdf3130,0.1.0
03,gene,ENSMUSG00000074264,held,MULTIPLE_MOUSE_UNIPROT_ENTRIES,MULTIPLE_MOUSE_UNIPROT_ENTRIES,docs/audits/ubuntu_DE_2026-10-08/significant_protein_coding_degs.csv,c9bf672d38f877361b3132065884d3a02e3132bcbf9901656b9f2cb04fdf3130,0.1.0
03,gene,ENSMUSG00000031610,pass,PASS_CURRENT_EXACT_XREF_DISPLAYED_SEQUENCE,PASS_CURRENT_EXACT_XREF_DISPLAYED_SEQUENCE,docs/audits/ubuntu_DE_2026-10-08/significant_protein_coding_degs.csv,c9bf672d38f877361b3132065884d3a02e3132bcbf9901656b9f2cb04fdf3130,0.1.0
03,gene,ENSMUSG00000001240,held,MULTIPLE_MOUSE_UNIPROT_ENTRIES,MULTIPLE_MOUSE_UNIPROT_ENTRIES,docs/audits/ubuntu_DE_2026-10-08/significant_protein_coding_degs.csv,c9bf672d38f877361b3132065884d3a02e3132bcbf9901656b9f2cb04fdf3130,0.1.0
03,gene,ENSMUSG00000021951,held,MULTIPLE_MOUSE_UNIPROT_ENTRIES,MULTIPLE_MOUSE_UNIPROT_ENTRIES,docs/audits/ubuntu_DE_2026-10-08/significant_protein_coding_degs.csv,c9bf672d38f877361b3132065884d3a02e3132bcbf9901656b9f2cb04fdf3130,0.1.0
03,gene,ENSMUSG00000022548,pass,PASS_CURRENT_EXACT_XREF_DISPLAYED_SEQUENCE,PASS_CURRENT_EXACT_XREF_DISPLAYED_SEQUENCE,docs/audits/ubuntu_DE_2026-10-08/significant_protein_coding_degs.csv,c9bf672d38f877361b3132065884d3a02e3132bcbf9901656b9f2cb04fdf3130,0.1.0
03,gene,ENSMUSG00000054641,held,MULTIPLE_MOUSE_UNIPROT_ENTRIES,MULTIPLE_MOUSE_UNIPROT_ENTRIES,docs/audits/ubuntu_DE_2026-10-08/significant_protein_coding_degs.csv,c9bf672d38f877361b3132065884d3a02e3132bcbf9901656b9f2cb04fdf3130,0.1.0
03,gene,ENSMUSG00000033595,held,MULTIPLE_MOUSE_UNIPROT_ENTRIES,MULTIPLE_MOUSE_UNIPROT_ENTRIES,docs/audits/ubuntu_DE_2026-10-08/significant_protein_coding_degs.csv,c9bf672d38f877361b3132065884d3a02e3132bcbf9901656b9f2cb04fdf3130,0.1.0
03,gene,ENSMUSG00000006398,held,MULTIPLE_MOUSE_UNIPROT_ENTRIES,MULTIPLE_MOUSE_UNIPROT_ENTRIES,docs/audits/ubuntu_DE_2026-10-08/significant_protein_coding_degs.csv,c9bf672d38f877361b3132065884d3a02e3132bcbf9901656b9f2cb04fdf3130,0.1.0
03,gene,ENSMUSG00000043631,pass,PASS_CURRENT_EXACT_XREF_DISPLAYED_SEQUENCE,PASS_CURRENT_EXACT_XREF_DISPLAYED_SEQUENCE,docs/audits/ubuntu_DE_2026-10-08/significant_protein_coding_degs.csv,c9bf672d38f877361b3132065884d3a02e3132bcbf9901656b9f2cb04fdf3130,0.1.0
03,gene,ENSMUSG00000015354,pass,PASS_CURRENT_EXACT_XREF_DISPLAYED_SEQUENCE,PASS_CURRENT_EXACT_XREF_DISPLAYED_SEQUENCE,docs/audits/ubuntu_DE_2026-10-08/significant_protein_coding_degs.csv,c9bf672d38f877361b3132065884d3a02e3132bcbf9901656b9f2cb04fdf3130,0.1.0
03,gene,ENSMUSG00000024039,held,MULTIPLE_MOUSE_UNIPROT_ENTRIES,MULTIPLE_MOUSE_UNIPROT_ENTRIES,docs/audits/ubuntu_DE_2026-10-08/significant_protein_coding_degs.csv,c9bf672d38f877361b3132065884d3a02e3132bcbf9901656b9f2cb04fdf3130,0.1.0
03,gene,ENSMUSG00000026202,held,MULTIPLE_MOUSE_UNIPROT_ENTRIES,MULTIPLE_MOUSE_UNIPROT_ENTRIES,docs/audits/ubuntu_DE_2026-10-08/significant_protein_coding_degs.csv,c9bf672d38f877361b3132065884d3a02e3132bcbf9901656b9f2cb04fdf3130,0.1.0
03,gene,ENSMUSG00000030317,held,MULTIPLE_MOUSE_UNIPROT_ENTRIES,MULTIPLE_MOUSE_UNIPROT_ENTRIES,docs/audits/ubuntu_DE_2026-10-08/significant_protein_coding_degs.csv,c9bf672d38f877361b3132065884d3a02e3132bcbf9901656b9f2cb04fdf3130,0.1.0
03,gene,ENSMUSG00000039114,held,MULTIPLE_MOUSE_UNIPROT_ENTRIES,MULTIPLE_MOUSE_UNIPROT_ENTRIES,docs/audits/ubuntu_DE_2026-10-08/significant_protein_coding_degs.csv,c9bf672d38f877361b3132065884d3a02e3132bcbf9901656b9f2cb04fdf3130,0.1.0
03,gene,ENSMUSG00000042524,held,MULTIPLE_MOUSE_UNIPROT_ENTRIES,MULTIPLE_MOUSE_UNIPROT_ENTRIES,docs/audits/ubuntu_DE_2026-10-08/significant_protein_coding_degs.csv,c9bf672d38f877361b3132065884d3a02e3132bcbf9901656b9f2cb04fdf3130,0.1.0
03,gene,ENSMUSG00000004127,held,MULTIPLE_MOUSE_UNIPROT_ENTRIES,MULTIPLE_MOUSE_UNIPROT_ENTRIES,docs/audits/ubuntu_DE_2026-10-08/significant_protein_coding_degs.csv,c9bf672d38f877361b3132065884d3a02e3132bcbf9901656b9f2cb04fdf3130,0.1.0
03,gene,ENSMUSG00000020914,pass,PASS_CURRENT_EXACT_XREF_DISPLAYED_SEQUENCE,PASS_CURRENT_EXACT_XREF_DISPLAYED_SEQUENCE,docs/audits/ubuntu_DE_2026-10-08/significant_protein_coding_degs.csv,c9bf672d38f877361b3132065884d3a02e3132bcbf9901656b9f2cb04fdf3130,0.1.0
03,gene,ENSMUSG00000094500,pass,PASS_CURRENT_EXACT_XREF_DISPLAYED_SEQUENCE,PASS_CURRENT_EXACT_XREF_DISPLAYED_SEQUENCE,docs/audits/ubuntu_DE_2026-10-08/significant_protein_coding_degs.csv,c9bf672d38f877361b3132065884d3a02e3132bcbf9901656b9f2cb04fdf3130,0.1.0
03,gene,ENSMUSG00000032299,held,MULTIPLE_MOUSE_UNIPROT_ENTRIES,MULTIPLE_MOUSE_UNIPROT_ENTRIES,docs/audits/ubuntu_DE_2026-10-08/significant_protein_coding_degs.csv,c9bf672d38f877361b3132065884d3a02e3132bcbf9901656b9f2cb04fdf3130,0.1.0
03,gene,ENSMUSG00000055407,held,MULTIPLE_MOUSE_UNIPROT_ENTRIES,MULTIPLE_MOUSE_UNIPROT_ENTRIES,docs/audits/ubuntu_DE_2026-10-08/significant_protein_coding_degs.csv,c9bf672d38f877361b3132065884d3a02e3132bcbf9901656b9f2cb04fdf3130,0.1.0
03,gene,ENSMUSG00000061132,held,MULTIPLE_MOUSE_UNIPROT_ENTRIES,MULTIPLE_MOUSE_UNIPROT_ENTRIES,docs/audits/ubuntu_DE_2026-10-08/significant_protein_coding_degs.csv,c9bf672d38f877361b3132065884d3a02e3132bcbf9901656b9f2cb04fdf3130,0.1.0
03,gene,ENSMUSG00000079436,held,MULTIPLE_MOUSE_UNIPROT_ENTRIES,MULTIPLE_MOUSE_UNIPROT_ENTRIES,docs/audits/ubuntu_DE_2026-10-08/significant_protein_coding_degs.csv,c9bf672d38f877361b3132065884d3a02e3132bcbf9901656b9f2cb04fdf3130,0.1.0
03,gene,ENSMUSG00000001156,held,MULTIPLE_MOUSE_UNIPROT_ENTRIES,MULTIPLE_MOUSE_UNIPROT_ENTRIES,docs/audits/ubuntu_DE_2026-10-08/significant_protein_coding_degs.csv,c9bf672d38f877361b3132065884d3a02e3132bcbf9901656b9f2cb04fdf3130,0.1.0
03,gene,ENSMUSG00000019961,held,MULTIPLE_MOUSE_UNIPROT_ENTRIES,MULTIPLE_MOUSE_UNIPROT_ENTRIES,docs/audits/ubuntu_DE_2026-10-08/significant_protein_coding_degs.csv,c9bf672d38f877361b3132065884d3a02e3132bcbf9901656b9f2cb04fdf3130,0.1.0
03,gene,ENSMUSG00000038393,pass,PASS_CURRENT_EXACT_XREF_DISPLAYED_SEQUENCE,PASS_CURRENT_EXACT_XREF_DISPLAYED_SEQUENCE,docs/audits/ubuntu_DE_2026-10-08/significant_protein_coding_degs.csv,c9bf672d38f877361b3132065884d3a02e3132bcbf9901656b9f2cb04fdf3130,0.1.0
03,gene,ENSMUSG00000020838,held,MULTIPLE_MOUSE_UNIPROT_ENTRIES,MULTIPLE_MOUSE_UNIPROT_ENTRIES,docs/audits/ubuntu_DE_2026-10-08/significant_protein_coding_degs.csv,c9bf672d38f877361b3132065884d3a02e3132bcbf9901656b9f2cb04fdf3130,0.1.0
03,gene,ENSMUSG00000026473,held,MULTIPLE_MOUSE_UNIPROT_ENTRIES,MULTIPLE_MOUSE_UNIPROT_ENTRIES,docs/audits/ubuntu_DE_2026-10-08/significant_protein_coding_degs.csv,c9bf672d38f877361b3132065884d3a02e3132bcbf9901656b9f2cb04fdf3130,0.1.0
03,gene,ENSMUSG00000028865,pass,PASS_CURRENT_EXACT_XREF_DISPLAYED_SEQUENCE,PASS_CURRENT_EXACT_XREF_DISPLAYED_SEQUENCE,docs/audits/ubuntu_DE_2026-10-08/significant_protein_coding_degs.csv,c9bf672d38f877361b3132065884d3a02e3132bcbf9901656b9f2cb04fdf3130,0.1.0
03,gene,ENSMUSG00000013089,held,MULTIPLE_MOUSE_UNIPROT_ENTRIES,MULTIPLE_MOUSE_UNIPROT_ENTRIES,docs/audits/ubuntu_DE_2026-10-08/significant_protein_coding_degs.csv,c9bf672d38f877361b3132065884d3a02e3132bcbf9901656b9f2cb04fdf3130,0.1.0
03,gene,ENSMUSG00000041220,held,MULTIPLE_MOUSE_UNIPROT_ENTRIES,MULTIPLE_MOUSE_UNIPROT_ENTRIES,docs/audits/ubuntu_DE_2026-10-08/significant_protein_coding_degs.csv,c9bf672d38f877361b3132065884d3a02e3132bcbf9901656b9f2cb04fdf3130,0.1.0
03,gene,ENSMUSG00000038642,held,MULTIPLE_MOUSE_UNIPROT_ENTRIES,MULTIPLE_MOUSE_UNIPROT_ENTRIES,docs/audits/ubuntu_DE_2026-10-08/significant_protein_coding_degs.csv,c9bf672d38f877361b3132065884d3a02e3132bcbf9901656b9f2cb04fdf3130,0.1.0
03,gene,ENSMUSG00000052957,held,MULTIPLE_MOUSE_UNIPROT_ENTRIES,MULTIPLE_MOUSE_UNIPROT_ENTRIES,docs/audits/ubuntu_DE_2026-10-08/significant_protein_coding_degs.csv,c9bf672d38f877361b3132065884d3a02e3132bcbf9901656b9f2cb04fdf3130,0.1.0
03,gene,ENSMUSG00000026172,pass,PASS_CURRENT_EXACT_XREF_DISPLAYED_SEQUENCE,PASS_CURRENT_EXACT_XREF_DISPLAYED_SEQUENCE,docs/audits/ubuntu_DE_2026-10-08/significant_protein_coding_degs.csv,c9bf672d38f877361b3132065884d3a02e3132bcbf9901656b9f2cb04fdf3130,0.1.0
03,gene,ENSMUSG00000031960,held,MULTIPLE_MOUSE_UNIPROT_ENTRIES,MULTIPLE_MOUSE_UNIPROT_ENTRIES,docs/audits/ubuntu_DE_2026-10-08/significant_protein_coding_degs.csv,c9bf672d38f877361b3132065884d3a02e3132bcbf9901656b9f2cb04fdf3130,0.1.0
03,gene,ENSMUSG00000035305,pass,PASS_CURRENT_EXACT_XREF_DISPLAYED_SEQUENCE,PASS_CURRENT_EXACT_XREF_DISPLAYED_SEQUENCE,docs/audits/ubuntu_DE_2026-10-08/significant_protein_coding_degs.csv,c9bf672d38f877361b3132065884d3a02e3132bcbf9901656b9f2cb04fdf3130,0.1.0
03,gene,ENSMUSG00000041120,pass,PASS_CURRENT_EXACT_XREF_DISPLAYED_SEQUENCE,PASS_CURRENT_EXACT_XREF_DISPLAYED_SEQUENCE,docs/audits/ubuntu_DE_2026-10-08/significant_protein_coding_degs.csv,c9bf672d38f877361b3132065884d3a02e3132bcbf9901656b9f2cb04fdf3130,0.1.0
03,gene,ENSMUSG00000017756,held,MULTIPLE_MOUSE_UNIPROT_ENTRIES,MULTIPLE_MOUSE_UNIPROT_ENTRIES,docs/audits/ubuntu_DE_2026-10-08/significant_protein_coding_degs.csv,c9bf672d38f877361b3132065884d3a02e3132bcbf9901656b9f2cb04fdf3130,0.1.0
03,gene,ENSMUSG00000025980,held,MULTIPLE_MOUSE_UNIPROT_ENTRIES,MULTIPLE_MOUSE_UNIPROT_ENTRIES,docs/audits/ubuntu_DE_2026-10-08/significant_protein_coding_degs.csv,c9bf672d38f877361b3132065884d3a02e3132bcbf9901656b9f2cb04fdf3130,0.1.0
03,gene,ENSMUSG00000033082,held,MULTIPLE_MOUSE_UNIPROT_ENTRIES,MULTIPLE_MOUSE_UNIPROT_ENTRIES,docs/audits/ubuntu_DE_2026-10-08/significant_protein_coding_degs.csv,c9bf672d38f877361b3132065884d3a02e3132bcbf9901656b9f2cb04fdf3130,0.1.0
03,gene,ENSMUSG00000058135,held,MULTIPLE_MOUSE_UNIPROT_ENTRIES,MULTIPLE_MOUSE_UNIPROT_ENTRIES,docs/audits/ubuntu_DE_2026-10-08/significant_protein_coding_degs.csv,c9bf672d38f877361b3132065884d3a02e3132bcbf9901656b9f2cb04fdf3130,0.1.0
03,gene,ENSMUSG00000024349,held,MULTIPLE_MOUSE_UNIPROT_ENTRIES,MULTIPLE_MOUSE_UNIPROT_ENTRIES,docs/audits/ubuntu_DE_2026-10-08/significant_protein_coding_degs.csv,c9bf672d38f877361b3132065884d3a02e3132bcbf9901656b9f2cb04fdf3130,0.1.0
03,gene,ENSMUSG00000034006,held,MULTIPLE_MOUSE_UNIPROT_ENTRIES,MULTIPLE_MOUSE_UNIPROT_ENTRIES,docs/audits/ubuntu_DE_2026-10-08/significant_protein_coding_degs.csv,c9bf672d38f877361b3132065884d3a02e3132bcbf9901656b9f2cb04fdf3130,0.1.0
03,gene,ENSMUSG00000079511,held,NO_CURRENT_EXACT_ENSEMBL_XREF,NO_CURRENT_EXACT_ENSEMBL_XREF,docs/audits/ubuntu_DE_2026-10-08/significant_protein_coding_degs.csv,c9bf672d38f877361b3132065884d3a02e3132bcbf9901656b9f2cb04fdf3130,0.1.0
03,gene,ENSMUSG00000044734,held,MULTIPLE_MOUSE_UNIPROT_ENTRIES,MULTIPLE_MOUSE_UNIPROT_ENTRIES,docs/audits/ubuntu_DE_2026-10-08/significant_protein_coding_degs.csv,c9bf672d38f877361b3132065884d3a02e3132bcbf9901656b9f2cb04fdf3130,0.1.0
03,gene,ENSMUSG00000025151,pass,PASS_CURRENT_EXACT_XREF_DISPLAYED_SEQUENCE,PASS_CURRENT_EXACT_XREF_DISPLAYED_SEQUENCE,docs/audits/ubuntu_DE_2026-10-08/significant_protein_coding_degs.csv,c9bf672d38f877361b3132065884d3a02e3132bcbf9901656b9f2cb04fdf3130,0.1.0
03,gene,ENSMUSG00000001151,held,MULTIPLE_MOUSE_UNIPROT_ENTRIES,MULTIPLE_MOUSE_UNIPROT_ENTRIES,docs/audits/ubuntu_DE_2026-10-08/significant_protein_coding_degs.csv,c9bf672d38f877361b3132065884d3a02e3132bcbf9901656b9f2cb04fdf3130,0.1.0
03,gene,ENSMUSG00000027488,held,MULTIPLE_MOUSE_UNIPROT_ENTRIES,MULTIPLE_MOUSE_UNIPROT_ENTRIES,docs/audits/ubuntu_DE_2026-10-08/significant_protein_coding_degs.csv,c9bf672d38f877361b3132065884d3a02e3132bcbf9901656b9f2cb04fdf3130,0.1.0
03,gene,ENSMUSG00000041920,held,MULTIPLE_MOUSE_UNIPROT_ENTRIES,MULTIPLE_MOUSE_UNIPROT_ENTRIES,docs/audits/ubuntu_DE_2026-10-08/significant_protein_coding_degs.csv,c9bf672d38f877361b3132065884d3a02e3132bcbf9901656b9f2cb04fdf3130,0.1.0
03,gene,ENSMUSG00000093973,pass,PASS_CURRENT_EXACT_XREF_DISPLAYED_SEQUENCE,PASS_CURRENT_EXACT_XREF_DISPLAYED_SEQUENCE,docs/audits/ubuntu_DE_2026-10-08/significant_protein_coding_degs.csv,c9bf672d38f877361b3132065884d3a02e3132bcbf9901656b9f2cb04fdf3130,0.1.0
03,gene,ENSMUSG00000056812,pass,PASS_CURRENT_EXACT_XREF_DISPLAYED_SEQUENCE,PASS_CURRENT_EXACT_XREF_DISPLAYED_SEQUENCE,docs/audits/ubuntu_DE_2026-10-08/significant_protein_coding_degs.csv,c9bf672d38f877361b3132065884d3a02e3132bcbf9901656b9f2cb04fdf3130,0.1.0
03,gene,ENSMUSG00000018076,held,MULTIPLE_MOUSE_UNIPROT_ENTRIES,MULTIPLE_MOUSE_UNIPROT_ENTRIES,docs/audits/ubuntu_DE_2026-10-08/significant_protein_coding_degs.csv,c9bf672d38f877361b3132065884d3a02e3132bcbf9901656b9f2cb04fdf3130,0.1.0
03,gene,ENSMUSG00000026274,held,MULTIPLE_MOUSE_UNIPROT_ENTRIES,MULTIPLE_MOUSE_UNIPROT_ENTRIES,docs/audits/ubuntu_DE_2026-10-08/significant_protein_coding_degs.csv,c9bf672d38f877361b3132065884d3a02e3132bcbf9901656b9f2cb04fdf3130,0.1.0
03,gene,ENSMUSG00000060923,pass,PASS_CURRENT_EXACT_XREF_DISPLAYED_SEQUENCE,PASS_CURRENT_EXACT_XREF_DISPLAYED_SEQUENCE,docs/audits/ubuntu_DE_2026-10-08/significant_protein_coding_degs.csv,c9bf672d38f877361b3132065884d3a02e3132bcbf9901656b9f2cb04fdf3130,0.1.0
03,gene,ENSMUSG00000040459,held,MULTIPLE_MOUSE_UNIPROT_ENTRIES,MULTIPLE_MOUSE_UNIPROT_ENTRIES,docs/audits/ubuntu_DE_2026-10-08/significant_protein_coding_degs.csv,c9bf672d38f877361b3132065884d3a02e3132bcbf9901656b9f2cb04fdf3130,0.1.0
03,gene,ENSMUSG00000037313,held,MULTIPLE_MOUSE_UNIPROT_ENTRIES,MULTIPLE_MOUSE_UNIPROT_ENTRIES,docs/audits/ubuntu_DE_2026-10-08/significant_protein_coding_degs.csv,c9bf672d38f877361b3132065884d3a02e3132bcbf9901656b9f2cb04fdf3130,0.1.0
03,gene,ENSMUSG00000024299,held,MULTIPLE_MOUSE_UNIPROT_ENTRIES,MULTIPLE_MOUSE_UNIPROT_ENTRIES,docs/audits/ubuntu_DE_2026-10-08/significant_protein_coding_degs.csv,c9bf672d38f877361b3132065884d3a02e3132bcbf9901656b9f2cb04fdf3130,0.1.0
03,gene,ENSMUSG00000018574,held,MULTIPLE_MOUSE_UNIPROT_ENTRIES,MULTIPLE_MOUSE_UNIPROT_ENTRIES,docs/audits/ubuntu_DE_2026-10-08/significant_protein_coding_degs.csv,c9bf672d38f877361b3132065884d3a02e3132bcbf9901656b9f2cb04fdf3130,0.1.0
03,gene,ENSMUSG00000051790,held,MULTIPLE_MOUSE_UNIPROT_ENTRIES,MULTIPLE_MOUSE_UNIPROT_ENTRIES,docs/audits/ubuntu_DE_2026-10-08/significant_protein_coding_degs.csv,c9bf672d38f877361b3132065884d3a02e3132bcbf9901656b9f2cb04fdf3130,0.1.0
03,gene,ENSMUSG00000067818,pass,PASS_CURRENT_EXACT_XREF_DISPLAYED_SEQUENCE,PASS_CURRENT_EXACT_XREF_DISPLAYED_SEQUENCE,docs/audits/ubuntu_DE_2026-10-08/significant_protein_coding_degs.csv,c9bf672d38f877361b3132065884d3a02e3132bcbf9901656b9f2cb04fdf3130,0.1.0
03,gene,ENSMUSG00000019929,held,MULTIPLE_MOUSE_UNIPROT_ENTRIES,MULTIPLE_MOUSE_UNIPROT_ENTRIES,docs/audits/ubuntu_DE_2026-10-08/significant_protein_coding_degs.csv,c9bf672d38f877361b3132065884d3a02e3132bcbf9901656b9f2cb04fdf3130,0.1.0
03,gene,ENSMUSG00000026450,pass,PASS_CURRENT_EXACT_XREF_DISPLAYED_SEQUENCE,PASS_CURRENT_EXACT_XREF_DISPLAYED_SEQUENCE,docs/audits/ubuntu_DE_2026-10-08/significant_protein_coding_degs.csv,c9bf672d38f877361b3132065884d3a02e3132bcbf9901656b9f2cb04fdf3130,0.1.0
03,gene,ENSMUSG00000063594,pass,PASS_CURRENT_EXACT_XREF_DISPLAYED_SEQUENCE,PASS_CURRENT_EXACT_XREF_DISPLAYED_SEQUENCE,docs/audits/ubuntu_DE_2026-10-08/significant_protein_coding_degs.csv,c9bf672d38f877361b3132065884d3a02e3132bcbf9901656b9f2cb04fdf3130,0.1.0
03,gene,ENSMUSG00000066894,held,MULTIPLE_MOUSE_UNIPROT_ENTRIES,MULTIPLE_MOUSE_UNIPROT_ENTRIES,docs/audits/ubuntu_DE_2026-10-08/significant_protein_coding_degs.csv,c9bf672d38f877361b3132065884d3a02e3132bcbf9901656b9f2cb04fdf3130,0.1.0
03,gene,ENSMUSG00000018102,pass,PASS_CURRENT_EXACT_XREF_DISPLAYED_SEQUENCE,PASS_CURRENT_EXACT_XREF_DISPLAYED_SEQUENCE,docs/audits/ubuntu_DE_2026-10-08/significant_protein_coding_degs.csv,c9bf672d38f877361b3132065884d3a02e3132bcbf9901656b9f2cb04fdf3130,0.1.0
03,gene,ENSMUSG00000071176,held,MULTIPLE_MOUSE_UNIPROT_ENTRIES,MULTIPLE_MOUSE_UNIPROT_ENTRIES,docs/audits/ubuntu_DE_2026-10-08/significant_protein_coding_degs.csv,c9bf672d38f877361b3132065884d3a02e3132bcbf9901656b9f2cb04fdf3130,0.1.0
03,gene,ENSMUSG00000024810,held,MULTIPLE_MOUSE_UNIPROT_ENTRIES,MULTIPLE_MOUSE_UNIPROT_ENTRIES,docs/audits/ubuntu_DE_2026-10-08/significant_protein_coding_degs.csv,c9bf672d38f877361b3132065884d3a02e3132bcbf9901656b9f2cb04fdf3130,0.1.0
03,gene,ENSMUSG00000029189,pass,PASS_CURRENT_EXACT_XREF_DISPLAYED_SEQUENCE,PASS_CURRENT_EXACT_XREF_DISPLAYED_SEQUENCE,docs/audits/ubuntu_DE_2026-10-08/significant_protein_coding_degs.csv,c9bf672d38f877361b3132065884d3a02e3132bcbf9901656b9f2cb04fdf3130,0.1.0
03,gene,ENSMUSG00000004328,held,MULTIPLE_MOUSE_UNIPROT_ENTRIES,MULTIPLE_MOUSE_UNIPROT_ENTRIES,docs/audits/ubuntu_DE_2026-10-08/significant_protein_coding_degs.csv,c9bf672d38f877361b3132065884d3a02e3132bcbf9901656b9f2cb04fdf3130,0.1.0
03,gene,ENSMUSG00000038252,held,MULTIPLE_MOUSE_UNIPROT_ENTRIES,MULTIPLE_MOUSE_UNIPROT_ENTRIES,docs/audits/ubuntu_DE_2026-10-08/significant_protein_coding_degs.csv,c9bf672d38f877361b3132065884d3a02e3132bcbf9901656b9f2cb04fdf3130,0.1.0
03,gene,ENSMUSG00000021365,held,MULTIPLE_MOUSE_UNIPROT_ENTRIES,MULTIPLE_MOUSE_UNIPROT_ENTRIES,docs/audits/ubuntu_DE_2026-10-08/significant_protein_coding_degs.csv,c9bf672d38f877361b3132065884d3a02e3132bcbf9901656b9f2cb04fdf3130,0.1.0
03,gene,ENSMUSG00000027318,held,MULTIPLE_MOUSE_UNIPROT_ENTRIES,MULTIPLE_MOUSE_UNIPROT_ENTRIES,docs/audits/ubuntu_DE_2026-10-08/significant_protein_coding_degs.csv,c9bf672d38f877361b3132065884d3a02e3132bcbf9901656b9f2cb04fdf3130,0.1.0
03,gene,ENSMUSG00000029714,held,MULTIPLE_MOUSE_UNIPROT_ENTRIES,MULTIPLE_MOUSE_UNIPROT_ENTRIES,docs/audits/ubuntu_DE_2026-10-08/significant_protein_coding_degs.csv,c9bf672d38f877361b3132065884d3a02e3132bcbf9901656b9f2cb04fdf3130,0.1.0
03,gene,ENSMUSG00000052949,held,MULTIPLE_MOUSE_UNIPROT_ENTRIES,MULTIPLE_MOUSE_UNIPROT_ENTRIES,docs/audits/ubuntu_DE_2026-10-08/significant_protein_coding_degs.csv,c9bf672d38f877361b3132065884d3a02e3132bcbf9901656b9f2cb04fdf3130,0.1.0
03,gene,ENSMUSG00000031266,held,MULTIPLE_MOUSE_UNIPROT_ENTRIES,MULTIPLE_MOUSE_UNIPROT_ENTRIES,docs/audits/ubuntu_DE_2026-10-08/significant_protein_coding_degs.csv,c9bf672d38f877361b3132065884d3a02e3132bcbf9901656b9f2cb04fdf3130,0.1.0
03,gene,ENSMUSG00000031762,held,MULTIPLE_MOUSE_UNIPROT_ENTRIES,MULTIPLE_MOUSE_UNIPROT_ENTRIES,docs/audits/ubuntu_DE_2026-10-08/significant_protein_coding_degs.csv,c9bf672d38f877361b3132065884d3a02e3132bcbf9901656b9f2cb04fdf3130,0.1.0
03,gene,ENSMUSG00000022843,held,MULTIPLE_MOUSE_UNIPROT_ENTRIES,MULTIPLE_MOUSE_UNIPROT_ENTRIES,docs/audits/ubuntu_DE_2026-10-08/significant_protein_coding_degs.csv,c9bf672d38f877361b3132065884d3a02e3132bcbf9901656b9f2cb04fdf3130,0.1.0
03,gene,ENSMUSG00000029373,held,MULTIPLE_MOUSE_UNIPROT_ENTRIES,MULTIPLE_MOUSE_UNIPROT_ENTRIES,docs/audits/ubuntu_DE_2026-10-08/significant_protein_coding_degs.csv,c9bf672d38f877361b3132065884d3a02e3132bcbf9901656b9f2cb04fdf3130,0.1.0
03,gene,ENSMUSG00000069833,held,MULTIPLE_MOUSE_UNIPROT_ENTRIES,MULTIPLE_MOUSE_UNIPROT_ENTRIES,docs/audits/ubuntu_DE_2026-10-08/significant_protein_coding_degs.csv,c9bf672d38f877361b3132065884d3a02e3132bcbf9901656b9f2cb04fdf3130,0.1.0
03,gene,ENSMUSG00000030967,held,MULTIPLE_MOUSE_UNIPROT_ENTRIES,MULTIPLE_MOUSE_UNIPROT_ENTRIES,docs/audits/ubuntu_DE_2026-10-08/significant_protein_coding_degs.csv,c9bf672d38f877361b3132065884d3a02e3132bcbf9901656b9f2cb04fdf3130,0.1.0
03,gene,ENSMUSG00000032812,held,MULTIPLE_MOUSE_UNIPROT_ENTRIES,MULTIPLE_MOUSE_UNIPROT_ENTRIES,docs/audits/ubuntu_DE_2026-10-08/significant_protein_coding_degs.csv,c9bf672d38f877361b3132065884d3a02e3132bcbf9901656b9f2cb04fdf3130,0.1.0
03,gene,ENSMUSG00000057497,held,MULTIPLE_MOUSE_UNIPROT_ENTRIES,MULTIPLE_MOUSE_UNIPROT_ENTRIES,docs/audits/ubuntu_DE_2026-10-08/significant_protein_coding_degs.csv,c9bf672d38f877361b3132065884d3a02e3132bcbf9901656b9f2cb04fdf3130,0.1.0
03,gene,ENSMUSG00000031596,held,MULTIPLE_MOUSE_UNIPROT_ENTRIES,MULTIPLE_MOUSE_UNIPROT_ENTRIES,docs/audits/ubuntu_DE_2026-10-08/significant_protein_coding_degs.csv,c9bf672d38f877361b3132065884d3a02e3132bcbf9901656b9f2cb04fdf3130,0.1.0
03,gene,ENSMUSG00000047246,pass,PASS_CURRENT_EXACT_XREF_DISPLAYED_SEQUENCE,PASS_CURRENT_EXACT_XREF_DISPLAYED_SEQUENCE,docs/audits/ubuntu_DE_2026-10-08/significant_protein_coding_degs.csv,c9bf672d38f877361b3132065884d3a02e3132bcbf9901656b9f2cb04fdf3130,0.1.0
03,gene,ENSMUSG00000001366,held,MULTIPLE_MOUSE_UNIPROT_ENTRIES,MULTIPLE_MOUSE_UNIPROT_ENTRIES,docs/audits/ubuntu_DE_2026-10-08/significant_protein_coding_degs.csv,c9bf672d38f877361b3132065884d3a02e3132bcbf9901656b9f2cb04fdf3130,0.1.0
03,gene,ENSMUSG00000024812,held,MULTIPLE_MOUSE_UNIPROT_ENTRIES,MULTIPLE_MOUSE_UNIPROT_ENTRIES,docs/audits/ubuntu_DE_2026-10-08/significant_protein_coding_degs.csv,c9bf672d38f877361b3132065884d3a02e3132bcbf9901656b9f2cb04fdf3130,0.1.0
03,gene,ENSMUSG00000024903,pass,PASS_CURRENT_EXACT_XREF_DISPLAYED_SEQUENCE,PASS_CURRENT_EXACT_XREF_DISPLAYED_SEQUENCE,docs/audits/ubuntu_DE_2026-10-08/significant_protein_coding_degs.csv,c9bf672d38f877361b3132065884d3a02e3132bcbf9901656b9f2cb04fdf3130,0.1.0
03,gene,ENSMUSG00000026574,pass,PASS_CURRENT_EXACT_XREF_DISPLAYED_SEQUENCE,PASS_CURRENT_EXACT_XREF_DISPLAYED_SEQUENCE,docs/audits/ubuntu_DE_2026-10-08/significant_protein_coding_degs.csv,c9bf672d38f877361b3132065884d3a02e3132bcbf9901656b9f2cb04fdf3130,0.1.0
03,gene,ENSMUSG00000071001,pass,PASS_CURRENT_EXACT_XREF_DISPLAYED_SEQUENCE,PASS_CURRENT_EXACT_XREF_DISPLAYED_SEQUENCE,docs/audits/ubuntu_DE_2026-10-08/significant_protein_coding_degs.csv,c9bf672d38f877361b3132065884d3a02e3132bcbf9901656b9f2cb04fdf3130,0.1.0
03,gene,ENSMUSG00000001119,pass,PASS_CURRENT_EXACT_XREF_DISPLAYED_SEQUENCE,PASS_CURRENT_EXACT_XREF_DISPLAYED_SEQUENCE,docs/audits/ubuntu_DE_2026-10-08/significant_protein_coding_degs.csv,c9bf672d38f877361b3132065884d3a02e3132bcbf9901656b9f2cb04fdf3130,0.1.0
03,gene,ENSMUSG00000037172,held,MULTIPLE_MOUSE_UNIPROT_ENTRIES,MULTIPLE_MOUSE_UNIPROT_ENTRIES,docs/audits/ubuntu_DE_2026-10-08/significant_protein_coding_degs.csv,c9bf672d38f877361b3132065884d3a02e3132bcbf9901656b9f2cb04fdf3130,0.1.0
03,gene,ENSMUSG00000032440,pass,PASS_CURRENT_EXACT_XREF_DISPLAYED_SEQUENCE,PASS_CURRENT_EXACT_XREF_DISPLAYED_SEQUENCE,docs/audits/ubuntu_DE_2026-10-08/significant_protein_coding_degs.csv,c9bf672d38f877361b3132065884d3a02e3132bcbf9901656b9f2cb04fdf3130,0.1.0
03,gene,ENSMUSG00000044349,pass,PASS_CURRENT_EXACT_XREF_DISPLAYED_SEQUENCE,PASS_CURRENT_EXACT_XREF_DISPLAYED_SEQUENCE,docs/audits/ubuntu_DE_2026-10-08/significant_protein_coding_degs.csv,c9bf672d38f877361b3132065884d3a02e3132bcbf9901656b9f2cb04fdf3130,0.1.0
03,gene,ENSMUSG00000032028,held,MULTIPLE_MOUSE_UNIPROT_ENTRIES,MULTIPLE_MOUSE_UNIPROT_ENTRIES,docs/audits/ubuntu_DE_2026-10-08/significant_protein_coding_degs.csv,c9bf672d38f877361b3132065884d3a02e3132bcbf9901656b9f2cb04fdf3130,0.1.0
03,gene,ENSMUSG00000027071,held,MULTIPLE_MOUSE_UNIPROT_ENTRIES,MULTIPLE_MOUSE_UNIPROT_ENTRIES,docs/audits/ubuntu_DE_2026-10-08/significant_protein_coding_degs.csv,c9bf672d38f877361b3132065884d3a02e3132bcbf9901656b9f2cb04fdf3130,0.1.0
03,gene,ENSMUSG00000060594,held,MULTIPLE_MOUSE_UNIPROT_ENTRIES,MULTIPLE_MOUSE_UNIPROT_ENTRIES,docs/audits/ubuntu_DE_2026-10-08/significant_protein_coding_degs.csv,c9bf672d38f877361b3132065884d3a02e3132bcbf9901656b9f2cb04fdf3130,0.1.0
03,gene,ENSMUSG00000028475,pass,PASS_CURRENT_EXACT_XREF_DISPLAYED_SEQUENCE,PASS_CURRENT_EXACT_XREF_DISPLAYED_SEQUENCE,docs/audits/ubuntu_DE_2026-10-08/significant_protein_coding_degs.csv,c9bf672d38f877361b3132065884d3a02e3132bcbf9901656b9f2cb04fdf3130,0.1.0
03,gene,ENSMUSG00000027981,held,MULTIPLE_MOUSE_UNIPROT_ENTRIES,MULTIPLE_MOUSE_UNIPROT_ENTRIES,docs/audits/ubuntu_DE_2026-10-08/significant_protein_coding_degs.csv,c9bf672d38f877361b3132065884d3a02e3132bcbf9901656b9f2cb04fdf3130,0.1.0
03,gene,ENSMUSG00000038217,pass,PASS_CURRENT_EXACT_XREF_DISPLAYED_SEQUENCE,PASS_CURRENT_EXACT_XREF_DISPLAYED_SEQUENCE,docs/audits/ubuntu_DE_2026-10-08/significant_protein_coding_degs.csv,c9bf672d38f877361b3132065884d3a02e3132bcbf9901656b9f2cb04fdf3130,0.1.0
03,gene,ENSMUSG00000020758,held,MULTIPLE_MOUSE_UNIPROT_ENTRIES,MULTIPLE_MOUSE_UNIPROT_ENTRIES,docs/audits/ubuntu_DE_2026-10-08/significant_protein_coding_degs.csv,c9bf672d38f877361b3132065884d3a02e3132bcbf9901656b9f2cb04fdf3130,0.1.0
03,gene,ENSMUSG00000078713,pass,PASS_CURRENT_EXACT_XREF_DISPLAYED_SEQUENCE,PASS_CURRENT_EXACT_XREF_DISPLAYED_SEQUENCE,docs/audits/ubuntu_DE_2026-10-08/significant_protein_coding_degs.csv,c9bf672d38f877361b3132065884d3a02e3132bcbf9901656b9f2cb04fdf3130,0.1.0
03,gene,ENSMUSG00000032092,held,MULTIPLE_MOUSE_UNIPROT_ENTRIES,MULTIPLE_MOUSE_UNIPROT_ENTRIES,docs/audits/ubuntu_DE_2026-10-08/significant_protein_coding_degs.csv,c9bf672d38f877361b3132065884d3a02e3132bcbf9901656b9f2cb04fdf3130,0.1.0
03,gene,ENSMUSG00000024899,held,MULTIPLE_MOUSE_UNIPROT_ENTRIES,MULTIPLE_MOUSE_UNIPROT_ENTRIES,docs/audits/ubuntu_DE_2026-10-08/significant_protein_coding_degs.csv,c9bf672d38f877361b3132065884d3a02e3132bcbf9901656b9f2cb04fdf3130,0.1.0
03,gene,ENSMUSG00000034522,held,MULTIPLE_MOUSE_UNIPROT_ENTRIES,MULTIPLE_MOUSE_UNIPROT_ENTRIES,docs/audits/ubuntu_DE_2026-10-08/significant_protein_coding_degs.csv,c9bf672d38f877361b3132065884d3a02e3132bcbf9901656b9f2cb04fdf3130,0.1.0
03,gene,ENSMUSG00000075605,pass,PASS_CURRENT_EXACT_XREF_DISPLAYED_SEQUENCE,PASS_CURRENT_EXACT_XREF_DISPLAYED_SEQUENCE,docs/audits/ubuntu_DE_2026-10-08/significant_protein_coding_degs.csv,c9bf672d38f877361b3132065884d3a02e3132bcbf9901656b9f2cb04fdf3130,0.1.0
03,gene,ENSMUSG00000027447,held,MULTIPLE_MOUSE_UNIPROT_ENTRIES,MULTIPLE_MOUSE_UNIPROT_ENTRIES,docs/audits/ubuntu_DE_2026-10-08/significant_protein_coding_degs.csv,c9bf672d38f877361b3132065884d3a02e3132bcbf9901656b9f2cb04fdf3130,0.1.0
03,gene,ENSMUSG00000058145,held,MULTIPLE_MOUSE_UNIPROT_ENTRIES,MULTIPLE_MOUSE_UNIPROT_ENTRIES,docs/audits/ubuntu_DE_2026-10-08/significant_protein_coding_degs.csv,c9bf672d38f877361b3132065884d3a02e3132bcbf9901656b9f2cb04fdf3130,0.1.0
03,gene,ENSMUSG00000078235,pass,PASS_CURRENT_EXACT_XREF_DISPLAYED_SEQUENCE,PASS_CURRENT_EXACT_XREF_DISPLAYED_SEQUENCE,docs/audits/ubuntu_DE_2026-10-08/significant_protein_coding_degs.csv,c9bf672d38f877361b3132065884d3a02e3132bcbf9901656b9f2cb04fdf3130,0.1.0
03,gene,ENSMUSG00000051278,held,MULTIPLE_MOUSE_UNIPROT_ENTRIES,MULTIPLE_MOUSE_UNIPROT_ENTRIES,docs/audits/ubuntu_DE_2026-10-08/significant_protein_coding_degs.csv,c9bf672d38f877361b3132065884d3a02e3132bcbf9901656b9f2cb04fdf3130,0.1.0
03,gene,ENSMUSG00000027463,pass,PASS_CURRENT_EXACT_XREF_DISPLAYED_SEQUENCE,PASS_CURRENT_EXACT_XREF_DISPLAYED_SEQUENCE,docs/audits/ubuntu_DE_2026-10-08/significant_protein_coding_degs.csv,c9bf672d38f877361b3132065884d3a02e3132bcbf9901656b9f2cb04fdf3130,0.1.0
03,gene,ENSMUSG00000025240,held,MULTIPLE_MOUSE_UNIPROT_ENTRIES,MULTIPLE_MOUSE_UNIPROT_ENTRIES,docs/audits/ubuntu_DE_2026-10-08/significant_protein_coding_degs.csv,c9bf672d38f877361b3132065884d3a02e3132bcbf9901656b9f2cb04fdf3130,0.1.0
03,gene,ENSMUSG00000025001,held,MULTIPLE_MOUSE_UNIPROT_ENTRIES,MULTIPLE_MOUSE_UNIPROT_ENTRIES,docs/audits/ubuntu_DE_2026-10-08/significant_protein_coding_degs.csv,c9bf672d38f877361b3132065884d3a02e3132bcbf9901656b9f2cb04fdf3130,0.1.0
03,gene,ENSMUSG00000020770,pass,PASS_CURRENT_EXACT_XREF_DISPLAYED_SEQUENCE,PASS_CURRENT_EXACT_XREF_DISPLAYED_SEQUENCE,docs/audits/ubuntu_DE_2026-10-08/significant_protein_coding_degs.csv,c9bf672d38f877361b3132065884d3a02e3132bcbf9901656b9f2cb04fdf3130,0.1.0
03,gene,ENSMUSG00000026170,pass,PASS_CURRENT_EXACT_XREF_DISPLAYED_SEQUENCE,PASS_CURRENT_EXACT_XREF_DISPLAYED_SEQUENCE,docs/audits/ubuntu_DE_2026-10-08/significant_protein_coding_degs.csv,c9bf672d38f877361b3132065884d3a02e3132bcbf9901656b9f2cb04fdf3130,0.1.0
03,gene,ENSMUSG00000058756,held,MULTIPLE_MOUSE_UNIPROT_ENTRIES,MULTIPLE_MOUSE_UNIPROT_ENTRIES,docs/audits/ubuntu_DE_2026-10-08/significant_protein_coding_degs.csv,c9bf672d38f877361b3132065884d3a02e3132bcbf9901656b9f2cb04fdf3130,0.1.0
03,gene,ENSMUSG00000031871,held,MULTIPLE_MOUSE_UNIPROT_ENTRIES,MULTIPLE_MOUSE_UNIPROT_ENTRIES,docs/audits/ubuntu_DE_2026-10-08/significant_protein_coding_degs.csv,c9bf672d38f877361b3132065884d3a02e3132bcbf9901656b9f2cb04fdf3130,0.1.0
03,gene,ENSMUSG00000053175,held,MULTIPLE_MOUSE_UNIPROT_ENTRIES,MULTIPLE_MOUSE_UNIPROT_ENTRIES,docs/audits/ubuntu_DE_2026-10-08/significant_protein_coding_degs.csv,c9bf672d38f877361b3132065884d3a02e3132bcbf9901656b9f2cb04fdf3130,0.1.0
03,gene,ENSMUSG00000008167,pass,PASS_CURRENT_EXACT_XREF_DISPLAYED_SEQUENCE,PASS_CURRENT_EXACT_XREF_DISPLAYED_SEQUENCE,docs/audits/ubuntu_DE_2026-10-08/significant_protein_coding_degs.csv,c9bf672d38f877361b3132065884d3a02e3132bcbf9901656b9f2cb04fdf3130,0.1.0
03,gene,ENSMUSG00000026193,held,MULTIPLE_MOUSE_UNIPROT_ENTRIES,MULTIPLE_MOUSE_UNIPROT_ENTRIES,docs/audits/ubuntu_DE_2026-10-08/significant_protein_coding_degs.csv,c9bf672d38f877361b3132065884d3a02e3132bcbf9901656b9f2cb04fdf3130,0.1.0
03,gene,ENSMUSG00000043924,held,MULTIPLE_MOUSE_UNIPROT_ENTRIES,MULTIPLE_MOUSE_UNIPROT_ENTRIES,docs/audits/ubuntu_DE_2026-10-08/significant_protein_coding_degs.csv,c9bf672d38f877361b3132065884d3a02e3132bcbf9901656b9f2cb04fdf3130,0.1.0
03,gene,ENSMUSG00000021607,pass,PASS_CURRENT_EXACT_XREF_DISPLAYED_SEQUENCE,PASS_CURRENT_EXACT_XREF_DISPLAYED_SEQUENCE,docs/audits/ubuntu_DE_2026-10-08/significant_protein_coding_degs.csv,c9bf672d38f877361b3132065884d3a02e3132bcbf9901656b9f2cb04fdf3130,0.1.0
03,gene,ENSMUSG00000046317,held,NO_CURRENT_EXACT_ENSEMBL_XREF,NO_CURRENT_EXACT_ENSEMBL_XREF,docs/audits/ubuntu_DE_2026-10-08/significant_protein_coding_degs.csv,c9bf672d38f877361b3132065884d3a02e3132bcbf9901656b9f2cb04fdf3130,0.1.0
03,gene,ENSMUSG00000025648,held,MULTIPLE_MOUSE_UNIPROT_ENTRIES,MULTIPLE_MOUSE_UNIPROT_ENTRIES,docs/audits/ubuntu_DE_2026-10-08/significant_protein_coding_degs.csv,c9bf672d38f877361b3132065884d3a02e3132bcbf9901656b9f2cb04fdf3130,0.1.0
03,gene,ENSMUSG00000039670,held,MULTIPLE_MOUSE_UNIPROT_ENTRIES,MULTIPLE_MOUSE_UNIPROT_ENTRIES,docs/audits/ubuntu_DE_2026-10-08/significant_protein_coding_degs.csv,c9bf672d38f877361b3132065884d3a02e3132bcbf9901656b9f2cb04fdf3130,0.1.0
03,gene,ENSMUSG00000048001,pass,PASS_CURRENT_EXACT_XREF_DISPLAYED_SEQUENCE,PASS_CURRENT_EXACT_XREF_DISPLAYED_SEQUENCE,docs/audits/ubuntu_DE_2026-10-08/significant_protein_coding_degs.csv,c9bf672d38f877361b3132065884d3a02e3132bcbf9901656b9f2cb04fdf3130,0.1.0
03,gene,ENSMUSG00000065954,held,MULTIPLE_MOUSE_UNIPROT_ENTRIES,MULTIPLE_MOUSE_UNIPROT_ENTRIES,docs/audits/ubuntu_DE_2026-10-08/significant_protein_coding_degs.csv,c9bf672d38f877361b3132065884d3a02e3132bcbf9901656b9f2cb04fdf3130,0.1.0
03,gene,ENSMUSG00000023980,pass,PASS_CURRENT_EXACT_XREF_DISPLAYED_SEQUENCE,PASS_CURRENT_EXACT_XREF_DISPLAYED_SEQUENCE,docs/audits/ubuntu_DE_2026-10-08/significant_protein_coding_degs.csv,c9bf672d38f877361b3132065884d3a02e3132bcbf9901656b9f2cb04fdf3130,0.1.0
03,gene,ENSMUSG00000029397,held,MULTIPLE_MOUSE_UNIPROT_ENTRIES,MULTIPLE_MOUSE_UNIPROT_ENTRIES,docs/audits/ubuntu_DE_2026-10-08/significant_protein_coding_degs.csv,c9bf672d38f877361b3132065884d3a02e3132bcbf9901656b9f2cb04fdf3130,0.1.0
03,gene,ENSMUSG00000030218,pass,PASS_CURRENT_EXACT_XREF_DISPLAYED_SEQUENCE,PASS_CURRENT_EXACT_XREF_DISPLAYED_SEQUENCE,docs/audits/ubuntu_DE_2026-10-08/significant_protein_coding_degs.csv,c9bf672d38f877361b3132065884d3a02e3132bcbf9901656b9f2cb04fdf3130,0.1.0
03,gene,ENSMUSG00000044337,pass,PASS_CURRENT_EXACT_XREF_DISPLAYED_SEQUENCE,PASS_CURRENT_EXACT_XREF_DISPLAYED_SEQUENCE,docs/audits/ubuntu_DE_2026-10-08/significant_protein_coding_degs.csv,c9bf672d38f877361b3132065884d3a02e3132bcbf9901656b9f2cb04fdf3130,0.1.0
03,gene,ENSMUSG00000068874,held,MULTIPLE_MOUSE_UNIPROT_ENTRIES,MULTIPLE_MOUSE_UNIPROT_ENTRIES,docs/audits/ubuntu_DE_2026-10-08/significant_protein_coding_degs.csv,c9bf672d38f877361b3132065884d3a02e3132bcbf9901656b9f2cb04fdf3130,0.1.0
03,gene,ENSMUSG00000030087,held,MULTIPLE_MOUSE_UNIPROT_ENTRIES,MULTIPLE_MOUSE_UNIPROT_ENTRIES,docs/audits/ubuntu_DE_2026-10-08/significant_protein_coding_degs.csv,c9bf672d38f877361b3132065884d3a02e3132bcbf9901656b9f2cb04fdf3130,0.1.0
03,gene,ENSMUSG00000030693,pass,PASS_CURRENT_EXACT_XREF_DISPLAYED_SEQUENCE,PASS_CURRENT_EXACT_XREF_DISPLAYED_SEQUENCE,docs/audits/ubuntu_DE_2026-10-08/significant_protein_coding_degs.csv,c9bf672d38f877361b3132065884d3a02e3132bcbf9901656b9f2cb04fdf3130,0.1.0
03,gene,ENSMUSG00000021541,held,MULTIPLE_MOUSE_UNIPROT_ENTRIES,MULTIPLE_MOUSE_UNIPROT_ENTRIES,docs/audits/ubuntu_DE_2026-10-08/significant_protein_coding_degs.csv,c9bf672d38f877361b3132065884d3a02e3132bcbf9901656b9f2cb04fdf3130,0.1.0
03,gene,ENSMUSG00000025277,pass,PASS_CURRENT_EXACT_XREF_DISPLAYED_SEQUENCE,PASS_CURRENT_EXACT_XREF_DISPLAYED_SEQUENCE,docs/audits/ubuntu_DE_2026-10-08/significant_protein_coding_degs.csv,c9bf672d38f877361b3132065884d3a02e3132bcbf9901656b9f2cb04fdf3130,0.1.0
03,gene,ENSMUSG00000051811,held,MULTIPLE_MOUSE_UNIPROT_ENTRIES,MULTIPLE_MOUSE_UNIPROT_ENTRIES,docs/audits/ubuntu_DE_2026-10-08/significant_protein_coding_degs.csv,c9bf672d38f877361b3132065884d3a02e3132bcbf9901656b9f2cb04fdf3130,0.1.0
03,gene,ENSMUSG00000073676,pass,PASS_CURRENT_EXACT_XREF_DISPLAYED_SEQUENCE,PASS_CURRENT_EXACT_XREF_DISPLAYED_SEQUENCE,docs/audits/ubuntu_DE_2026-10-08/significant_protein_coding_degs.csv,c9bf672d38f877361b3132065884d3a02e3132bcbf9901656b9f2cb04fdf3130,0.1.0
03,gene,ENSMUSG00000031932,pass,PASS_CURRENT_EXACT_XREF_DISPLAYED_SEQUENCE,PASS_CURRENT_EXACT_XREF_DISPLAYED_SEQUENCE,docs/audits/ubuntu_DE_2026-10-08/significant_protein_coding_degs.csv,c9bf672d38f877361b3132065884d3a02e3132bcbf9901656b9f2cb04fdf3130,0.1.0
03,gene,ENSMUSG00000006127,held,MULTIPLE_MOUSE_UNIPROT_ENTRIES,MULTIPLE_MOUSE_UNIPROT_ENTRIES,docs/audits/ubuntu_DE_2026-10-08/significant_protein_coding_degs.csv,c9bf672d38f877361b3132065884d3a02e3132bcbf9901656b9f2cb04fdf3130,0.1.0
03,gene,ENSMUSG00000051159,held,MULTIPLE_MOUSE_UNIPROT_ENTRIES,MULTIPLE_MOUSE_UNIPROT_ENTRIES,docs/audits/ubuntu_DE_2026-10-08/significant_protein_coding_degs.csv,c9bf672d38f877361b3132065884d3a02e3132bcbf9901656b9f2cb04fdf3130,0.1.0
03,gene,ENSMUSG00000058672,pass,PASS_CURRENT_EXACT_XREF_DISPLAYED_SEQUENCE,PASS_CURRENT_EXACT_XREF_DISPLAYED_SEQUENCE,docs/audits/ubuntu_DE_2026-10-08/significant_protein_coding_degs.csv,c9bf672d38f877361b3132065884d3a02e3132bcbf9901656b9f2cb04fdf3130,0.1.0
03,gene,ENSMUSG00000002020,held,MULTIPLE_MOUSE_UNIPROT_ENTRIES,MULTIPLE_MOUSE_UNIPROT_ENTRIES,docs/audits/ubuntu_DE_2026-10-08/significant_protein_coding_degs.csv,c9bf672d38f877361b3132065884d3a02e3132bcbf9901656b9f2cb04fdf3130,0.1.0
03,gene,ENSMUSG00000028785,held,MULTIPLE_MOUSE_UNIPROT_ENTRIES,MULTIPLE_MOUSE_UNIPROT_ENTRIES,docs/audits/ubuntu_DE_2026-10-08/significant_protein_coding_degs.csv,c9bf672d38f877361b3132065884d3a02e3132bcbf9901656b9f2cb04fdf3130,0.1.0
03,gene,ENSMUSG00000022571,pass,PASS_CURRENT_EXACT_XREF_DISPLAYED_SEQUENCE,PASS_CURRENT_EXACT_XREF_DISPLAYED_SEQUENCE,docs/audits/ubuntu_DE_2026-10-08/significant_protein_coding_degs.csv,c9bf672d38f877361b3132065884d3a02e3132bcbf9901656b9f2cb04fdf3130,0.1.0
03,gene,ENSMUSG00000034424,pass,PASS_CURRENT_EXACT_XREF_DISPLAYED_SEQUENCE,PASS_CURRENT_EXACT_XREF_DISPLAYED_SEQUENCE,docs/audits/ubuntu_DE_2026-10-08/significant_protein_coding_degs.csv,c9bf672d38f877361b3132065884d3a02e3132bcbf9901656b9f2cb04fdf3130,0.1.0
03,gene,ENSMUSG00000010453,held,MULTIPLE_MOUSE_UNIPROT_ENTRIES,MULTIPLE_MOUSE_UNIPROT_ENTRIES,docs/audits/ubuntu_DE_2026-10-08/significant_protein_coding_degs.csv,c9bf672d38f877361b3132065884d3a02e3132bcbf9901656b9f2cb04fdf3130,0.1.0
03,gene,ENSMUSG00000020325,pass,PASS_CURRENT_EXACT_XREF_DISPLAYED_SEQUENCE,PASS_CURRENT_EXACT_XREF_DISPLAYED_SEQUENCE,docs/audits/ubuntu_DE_2026-10-08/significant_protein_coding_degs.csv,c9bf672d38f877361b3132065884d3a02e3132bcbf9901656b9f2cb04fdf3130,0.1.0
03,gene,ENSMUSG00000028494,held,MULTIPLE_MOUSE_UNIPROT_ENTRIES,MULTIPLE_MOUSE_UNIPROT_ENTRIES,docs/audits/ubuntu_DE_2026-10-08/significant_protein_coding_degs.csv,c9bf672d38f877361b3132065884d3a02e3132bcbf9901656b9f2cb04fdf3130,0.1.0
03,gene,ENSMUSG00000028996,held,MULTIPLE_MOUSE_UNIPROT_ENTRIES,MULTIPLE_MOUSE_UNIPROT_ENTRIES,docs/audits/ubuntu_DE_2026-10-08/significant_protein_coding_degs.csv,c9bf672d38f877361b3132065884d3a02e3132bcbf9901656b9f2cb04fdf3130,0.1.0
03,gene,ENSMUSG00000046897,held,MULTIPLE_MOUSE_UNIPROT_ENTRIES,MULTIPLE_MOUSE_UNIPROT_ENTRIES,docs/audits/ubuntu_DE_2026-10-08/significant_protein_coding_degs.csv,c9bf672d38f877361b3132065884d3a02e3132bcbf9901656b9f2cb04fdf3130,0.1.0
03,gene,ENSMUSG00000022831,held,MULTIPLE_MOUSE_UNIPROT_ENTRIES,MULTIPLE_MOUSE_UNIPROT_ENTRIES,docs/audits/ubuntu_DE_2026-10-08/significant_protein_coding_degs.csv,c9bf672d38f877361b3132065884d3a02e3132bcbf9901656b9f2cb04fdf3130,0.1.0
03,gene,ENSMUSG00000060240,pass,PASS_CURRENT_EXACT_XREF_DISPLAYED_SEQUENCE,PASS_CURRENT_EXACT_XREF_DISPLAYED_SEQUENCE,docs/audits/ubuntu_DE_2026-10-08/significant_protein_coding_degs.csv,c9bf672d38f877361b3132065884d3a02e3132bcbf9901656b9f2cb04fdf3130,0.1.0
03,gene,ENSMUSG00000011171,held,MULTIPLE_MOUSE_UNIPROT_ENTRIES,MULTIPLE_MOUSE_UNIPROT_ENTRIES,docs/audits/ubuntu_DE_2026-10-08/significant_protein_coding_degs.csv,c9bf672d38f877361b3132065884d3a02e3132bcbf9901656b9f2cb04fdf3130,0.1.0
03,gene,ENSMUSG00000030268,held,MULTIPLE_MOUSE_UNIPROT_ENTRIES,MULTIPLE_MOUSE_UNIPROT_ENTRIES,docs/audits/ubuntu_DE_2026-10-08/significant_protein_coding_degs.csv,c9bf672d38f877361b3132065884d3a02e3132bcbf9901656b9f2cb04fdf3130,0.1.0
03,gene,ENSMUSG00000030787,pass,PASS_CURRENT_EXACT_XREF_DISPLAYED_SEQUENCE,PASS_CURRENT_EXACT_XREF_DISPLAYED_SEQUENCE,docs/audits/ubuntu_DE_2026-10-08/significant_protein_coding_degs.csv,c9bf672d38f877361b3132065884d3a02e3132bcbf9901656b9f2cb04fdf3130,0.1.0
03,gene,ENSMUSG00000040936,held,MULTIPLE_MOUSE_UNIPROT_ENTRIES,MULTIPLE_MOUSE_UNIPROT_ENTRIES,docs/audits/ubuntu_DE_2026-10-08/significant_protein_coding_degs.csv,c9bf672d38f877361b3132065884d3a02e3132bcbf9901656b9f2cb04fdf3130,0.1.0
03,gene,ENSMUSG00000024668,held,MULTIPLE_MOUSE_UNIPROT_ENTRIES,MULTIPLE_MOUSE_UNIPROT_ENTRIES,docs/audits/ubuntu_DE_2026-10-08/significant_protein_coding_degs.csv,c9bf672d38f877361b3132065884d3a02e3132bcbf9901656b9f2cb04fdf3130,0.1.0
03,gene,ENSMUSG00000023048,held,MULTIPLE_MOUSE_UNIPROT_ENTRIES,MULTIPLE_MOUSE_UNIPROT_ENTRIES,docs/audits/ubuntu_DE_2026-10-08/significant_protein_coding_degs.csv,c9bf672d38f877361b3132065884d3a02e3132bcbf9901656b9f2cb04fdf3130,0.1.0
03,gene,ENSMUSG00000006411,pass,PASS_CURRENT_EXACT_XREF_DISPLAYED_SEQUENCE,PASS_CURRENT_EXACT_XREF_DISPLAYED_SEQUENCE,docs/audits/ubuntu_DE_2026-10-08/significant_protein_coding_degs.csv,c9bf672d38f877361b3132065884d3a02e3132bcbf9901656b9f2cb04fdf3130,0.1.0
03,gene,ENSMUSG00000020671,pass,PASS_CURRENT_EXACT_XREF_DISPLAYED_SEQUENCE,PASS_CURRENT_EXACT_XREF_DISPLAYED_SEQUENCE,docs/audits/ubuntu_DE_2026-10-08/significant_protein_coding_degs.csv,c9bf672d38f877361b3132065884d3a02e3132bcbf9901656b9f2cb04fdf3130,0.1.0
03,gene,ENSMUSG00000024026,held,MULTIPLE_MOUSE_UNIPROT_ENTRIES,MULTIPLE_MOUSE_UNIPROT_ENTRIES,docs/audits/ubuntu_DE_2026-10-08/significant_protein_coding_degs.csv,c9bf672d38f877361b3132065884d3a02e3132bcbf9901656b9f2cb04fdf3130,0.1.0
03,gene,ENSMUSG00000022469,held,MULTIPLE_MOUSE_UNIPROT_ENTRIES,MULTIPLE_MOUSE_UNIPROT_ENTRIES,docs/audits/ubuntu_DE_2026-10-08/significant_protein_coding_degs.csv,c9bf672d38f877361b3132065884d3a02e3132bcbf9901656b9f2cb04fdf3130,0.1.0
03,gene,ENSMUSG00000078627,held,MULTIPLE_MOUSE_UNIPROT_ENTRIES,MULTIPLE_MOUSE_UNIPROT_ENTRIES,docs/audits/ubuntu_DE_2026-10-08/significant_protein_coding_degs.csv,c9bf672d38f877361b3132065884d3a02e3132bcbf9901656b9f2cb04fdf3130,0.1.0
03,gene,ENSMUSG00000024548,pass,PASS_CURRENT_EXACT_XREF_DISPLAYED_SEQUENCE,PASS_CURRENT_EXACT_XREF_DISPLAYED_SEQUENCE,docs/audits/ubuntu_DE_2026-10-08/significant_protein_coding_degs.csv,c9bf672d38f877361b3132065884d3a02e3132bcbf9901656b9f2cb04fdf3130,0.1.0
03,gene,ENSMUSG00000029622,held,MULTIPLE_MOUSE_UNIPROT_ENTRIES,MULTIPLE_MOUSE_UNIPROT_ENTRIES,docs/audits/ubuntu_DE_2026-10-08/significant_protein_coding_degs.csv,c9bf672d38f877361b3132065884d3a02e3132bcbf9901656b9f2cb04fdf3130,0.1.0
03,gene,ENSMUSG00000002580,pass,PASS_CURRENT_EXACT_XREF_DISPLAYED_SEQUENCE,PASS_CURRENT_EXACT_XREF_DISPLAYED_SEQUENCE,docs/audits/ubuntu_DE_2026-10-08/significant_protein_coding_degs.csv,c9bf672d38f877361b3132065884d3a02e3132bcbf9901656b9f2cb04fdf3130,0.1.0
03,gene,ENSMUSG00000046314,held,MULTIPLE_MOUSE_UNIPROT_ENTRIES,MULTIPLE_MOUSE_UNIPROT_ENTRIES,docs/audits/ubuntu_DE_2026-10-08/significant_protein_coding_degs.csv,c9bf672d38f877361b3132065884d3a02e3132bcbf9901656b9f2cb04fdf3130,0.1.0
03,gene,ENSMUSG00000070550,pass,PASS_CURRENT_EXACT_XREF_DISPLAYED_SEQUENCE,PASS_CURRENT_EXACT_XREF_DISPLAYED_SEQUENCE,docs/audits/ubuntu_DE_2026-10-08/significant_protein_coding_degs.csv,c9bf672d38f877361b3132065884d3a02e3132bcbf9901656b9f2cb04fdf3130,0.1.0
03,gene,ENSMUSG00000030067,held,MULTIPLE_MOUSE_UNIPROT_ENTRIES,MULTIPLE_MOUSE_UNIPROT_ENTRIES,docs/audits/ubuntu_DE_2026-10-08/significant_protein_coding_degs.csv,c9bf672d38f877361b3132065884d3a02e3132bcbf9901656b9f2cb04fdf3130,0.1.0
03,gene,ENSMUSG00000007655,held,MULTIPLE_MOUSE_UNIPROT_ENTRIES,MULTIPLE_MOUSE_UNIPROT_ENTRIES,docs/audits/ubuntu_DE_2026-10-08/significant_protein_coding_degs.csv,c9bf672d38f877361b3132065884d3a02e3132bcbf9901656b9f2cb04fdf3130,0.1.0
03,gene,ENSMUSG00000041801,pass,PASS_CURRENT_EXACT_XREF_DISPLAYED_SEQUENCE,PASS_CURRENT_EXACT_XREF_DISPLAYED_SEQUENCE,docs/audits/ubuntu_DE_2026-10-08/significant_protein_coding_degs.csv,c9bf672d38f877361b3132065884d3a02e3132bcbf9901656b9f2cb04fdf3130,0.1.0
03,gene,ENSMUSG00000018362,held,MULTIPLE_MOUSE_UNIPROT_ENTRIES,MULTIPLE_MOUSE_UNIPROT_ENTRIES,docs/audits/ubuntu_DE_2026-10-08/significant_protein_coding_degs.csv,c9bf672d38f877361b3132065884d3a02e3132bcbf9901656b9f2cb04fdf3130,0.1.0
03,gene,ENSMUSG00000028073,held,MULTIPLE_MOUSE_UNIPROT_ENTRIES,MULTIPLE_MOUSE_UNIPROT_ENTRIES,docs/audits/ubuntu_DE_2026-10-08/significant_protein_coding_degs.csv,c9bf672d38f877361b3132065884d3a02e3132bcbf9901656b9f2cb04fdf3130,0.1.0
03,gene,ENSMUSG00000038957,held,MULTIPLE_MOUSE_UNIPROT_ENTRIES,MULTIPLE_MOUSE_UNIPROT_ENTRIES,docs/audits/ubuntu_DE_2026-10-08/significant_protein_coding_degs.csv,c9bf672d38f877361b3132065884d3a02e3132bcbf9901656b9f2cb04fdf3130,0.1.0
03,gene,ENSMUSG00000060568,held,MULTIPLE_MOUSE_UNIPROT_ENTRIES,MULTIPLE_MOUSE_UNIPROT_ENTRIES,docs/audits/ubuntu_DE_2026-10-08/significant_protein_coding_degs.csv,c9bf672d38f877361b3132065884d3a02e3132bcbf9901656b9f2cb04fdf3130,0.1.0
03,gene,ENSMUSG00000038370,pass,PASS_CURRENT_EXACT_XREF_DISPLAYED_SEQUENCE,PASS_CURRENT_EXACT_XREF_DISPLAYED_SEQUENCE,docs/audits/ubuntu_DE_2026-10-08/significant_protein_coding_degs.csv,c9bf672d38f877361b3132065884d3a02e3132bcbf9901656b9f2cb04fdf3130,0.1.0
03,gene,ENSMUSG00000069135,held,MULTIPLE_MOUSE_UNIPROT_ENTRIES,MULTIPLE_MOUSE_UNIPROT_ENTRIES,docs/audits/ubuntu_DE_2026-10-08/significant_protein_coding_degs.csv,c9bf672d38f877361b3132065884d3a02e3132bcbf9901656b9f2cb04fdf3130,0.1.0
03,gene,ENSMUSG00000031297,pass,PASS_CURRENT_EXACT_XREF_DISPLAYED_SEQUENCE,PASS_CURRENT_EXACT_XREF_DISPLAYED_SEQUENCE,docs/audits/ubuntu_DE_2026-10-08/significant_protein_coding_degs.csv,c9bf672d38f877361b3132065884d3a02e3132bcbf9901656b9f2cb04fdf3130,0.1.0
03,gene,ENSMUSG00000031837,pass,PASS_CURRENT_EXACT_XREF_DISPLAYED_SEQUENCE,PASS_CURRENT_EXACT_XREF_DISPLAYED_SEQUENCE,docs/audits/ubuntu_DE_2026-10-08/significant_protein_coding_degs.csv,c9bf672d38f877361b3132065884d3a02e3132bcbf9901656b9f2cb04fdf3130,0.1.0
03,gene,ENSMUSG00000030979,held,MULTIPLE_MOUSE_UNIPROT_ENTRIES,MULTIPLE_MOUSE_UNIPROT_ENTRIES,docs/audits/ubuntu_DE_2026-10-08/significant_protein_coding_degs.csv,c9bf672d38f877361b3132065884d3a02e3132bcbf9901656b9f2cb04fdf3130,0.1.0
03,gene,ENSMUSG00000027848,pass,PASS_CURRENT_EXACT_XREF_DISPLAYED_SEQUENCE,PASS_CURRENT_EXACT_XREF_DISPLAYED_SEQUENCE,docs/audits/ubuntu_DE_2026-10-08/significant_protein_coding_degs.csv,c9bf672d38f877361b3132065884d3a02e3132bcbf9901656b9f2cb04fdf3130,0.1.0
03,gene,ENSMUSG00000028367,pass,PASS_CURRENT_EXACT_XREF_DISPLAYED_SEQUENCE,PASS_CURRENT_EXACT_XREF_DISPLAYED_SEQUENCE,docs/audits/ubuntu_DE_2026-10-08/significant_protein_coding_degs.csv,c9bf672d38f877361b3132065884d3a02e3132bcbf9901656b9f2cb04fdf3130,0.1.0
03,gene,ENSMUSG00000037628,held,MULTIPLE_MOUSE_UNIPROT_ENTRIES,MULTIPLE_MOUSE_UNIPROT_ENTRIES,docs/audits/ubuntu_DE_2026-10-08/significant_protein_coding_degs.csv,c9bf672d38f877361b3132065884d3a02e3132bcbf9901656b9f2cb04fdf3130,0.1.0
03,gene,ENSMUSG00000034235,held,MULTIPLE_MOUSE_UNIPROT_ENTRIES,MULTIPLE_MOUSE_UNIPROT_ENTRIES,docs/audits/ubuntu_DE_2026-10-08/significant_protein_coding_degs.csv,c9bf672d38f877361b3132065884d3a02e3132bcbf9901656b9f2cb04fdf3130,0.1.0
03,gene,ENSMUSG00000041431,held,MULTIPLE_MOUSE_UNIPROT_ENTRIES,MULTIPLE_MOUSE_UNIPROT_ENTRIES,docs/audits/ubuntu_DE_2026-10-08/significant_protein_coding_degs.csv,c9bf672d38f877361b3132065884d3a02e3132bcbf9901656b9f2cb04fdf3130,0.1.0
03,gene,ENSMUSG00000030605,held,MULTIPLE_MOUSE_UNIPROT_ENTRIES,MULTIPLE_MOUSE_UNIPROT_ENTRIES,docs/audits/ubuntu_DE_2026-10-08/significant_protein_coding_degs.csv,c9bf672d38f877361b3132065884d3a02e3132bcbf9901656b9f2cb04fdf3130,0.1.0
03,gene,ENSMUSG00000039621,held,MULTIPLE_MOUSE_UNIPROT_ENTRIES,MULTIPLE_MOUSE_UNIPROT_ENTRIES,docs/audits/ubuntu_DE_2026-10-08/significant_protein_coding_degs.csv,c9bf672d38f877361b3132065884d3a02e3132bcbf9901656b9f2cb04fdf3130,0.1.0
03,gene,ENSMUSG00000046805,held,MULTIPLE_MOUSE_UNIPROT_ENTRIES,MULTIPLE_MOUSE_UNIPROT_ENTRIES,docs/audits/ubuntu_DE_2026-10-08/significant_protein_coding_degs.csv,c9bf672d38f877361b3132065884d3a02e3132bcbf9901656b9f2cb04fdf3130,0.1.0
03,gene,ENSMUSG00000047446,held,MULTIPLE_MOUSE_UNIPROT_ENTRIES,MULTIPLE_MOUSE_UNIPROT_ENTRIES,docs/audits/ubuntu_DE_2026-10-08/significant_protein_coding_degs.csv,c9bf672d38f877361b3132065884d3a02e3132bcbf9901656b9f2cb04fdf3130,0.1.0
03,gene,ENSMUSG00000001999,held,MULTIPLE_MOUSE_UNIPROT_ENTRIES,MULTIPLE_MOUSE_UNIPROT_ENTRIES,docs/audits/ubuntu_DE_2026-10-08/significant_protein_coding_degs.csv,c9bf672d38f877361b3132065884d3a02e3132bcbf9901656b9f2cb04fdf3130,0.1.0
03,gene,ENSMUSG00000020994,held,MULTIPLE_MOUSE_UNIPROT_ENTRIES,MULTIPLE_MOUSE_UNIPROT_ENTRIES,docs/audits/ubuntu_DE_2026-10-08/significant_protein_coding_degs.csv,c9bf672d38f877361b3132065884d3a02e3132bcbf9901656b9f2cb04fdf3130,0.1.0
03,gene,ENSMUSG00000094910,pass,PASS_CURRENT_EXACT_XREF_DISPLAYED_SEQUENCE,PASS_CURRENT_EXACT_XREF_DISPLAYED_SEQUENCE,docs/audits/ubuntu_DE_2026-10-08/significant_protein_coding_degs.csv,c9bf672d38f877361b3132065884d3a02e3132bcbf9901656b9f2cb04fdf3130,0.1.0
03,gene,ENSMUSG00000028862,pass,PASS_CURRENT_EXACT_XREF_DISPLAYED_SEQUENCE,PASS_CURRENT_EXACT_XREF_DISPLAYED_SEQUENCE,docs/audits/ubuntu_DE_2026-10-08/significant_protein_coding_degs.csv,c9bf672d38f877361b3132065884d3a02e3132bcbf9901656b9f2cb04fdf3130,0.1.0
03,gene,ENSMUSG00000005413,pass,PASS_CURRENT_EXACT_XREF_DISPLAYED_SEQUENCE,PASS_CURRENT_EXACT_XREF_DISPLAYED_SEQUENCE,docs/audits/ubuntu_DE_2026-10-08/significant_protein_coding_degs.csv,c9bf672d38f877361b3132065884d3a02e3132bcbf9901656b9f2cb04fdf3130,0.1.0
03,gene,ENSMUSG00000029456,pass,PASS_CURRENT_EXACT_XREF_DISPLAYED_SEQUENCE,PASS_CURRENT_EXACT_XREF_DISPLAYED_SEQUENCE,docs/audits/ubuntu_DE_2026-10-08/significant_protein_coding_degs.csv,c9bf672d38f877361b3132065884d3a02e3132bcbf9901656b9f2cb04fdf3130,0.1.0
03,gene,ENSMUSG00000037428,held,MULTIPLE_MOUSE_UNIPROT_ENTRIES,MULTIPLE_MOUSE_UNIPROT_ENTRIES,docs/audits/ubuntu_DE_2026-10-08/significant_protein_coding_degs.csv,c9bf672d38f877361b3132065884d3a02e3132bcbf9901656b9f2cb04fdf3130,0.1.0
03,gene,ENSMUSG00000044881,pass,PASS_CURRENT_EXACT_XREF_DISPLAYED_SEQUENCE,PASS_CURRENT_EXACT_XREF_DISPLAYED_SEQUENCE,docs/audits/ubuntu_DE_2026-10-08/significant_protein_coding_degs.csv,c9bf672d38f877361b3132065884d3a02e3132bcbf9901656b9f2cb04fdf3130,0.1.0
03,gene,ENSMUSG00000030898,held,MULTIPLE_MOUSE_UNIPROT_ENTRIES,MULTIPLE_MOUSE_UNIPROT_ENTRIES,docs/audits/ubuntu_DE_2026-10-08/significant_protein_coding_degs.csv,c9bf672d38f877361b3132065884d3a02e3132bcbf9901656b9f2cb04fdf3130,0.1.0
03,gene,ENSMUSG00000069085,pass,PASS_CURRENT_EXACT_XREF_DISPLAYED_SEQUENCE,PASS_CURRENT_EXACT_XREF_DISPLAYED_SEQUENCE,docs/audits/ubuntu_DE_2026-10-08/significant_protein_coding_degs.csv,c9bf672d38f877361b3132065884d3a02e3132bcbf9901656b9f2cb04fdf3130,0.1.0
03,gene,ENSMUSG00000021668,held,MULTIPLE_MOUSE_UNIPROT_ENTRIES,MULTIPLE_MOUSE_UNIPROT_ENTRIES,docs/audits/ubuntu_DE_2026-10-08/significant_protein_coding_degs.csv,c9bf672d38f877361b3132065884d3a02e3132bcbf9901656b9f2cb04fdf3130,0.1.0
03,gene,ENSMUSG00000036678,held,MULTIPLE_MOUSE_UNIPROT_ENTRIES,MULTIPLE_MOUSE_UNIPROT_ENTRIES,docs/audits/ubuntu_DE_2026-10-08/significant_protein_coding_degs.csv,c9bf672d38f877361b3132065884d3a02e3132bcbf9901656b9f2cb04fdf3130,0.1.0
03,gene,ENSMUSG00000031283,held,MULTIPLE_MOUSE_UNIPROT_ENTRIES,MULTIPLE_MOUSE_UNIPROT_ENTRIES,docs/audits/ubuntu_DE_2026-10-08/significant_protein_coding_degs.csv,c9bf672d38f877361b3132065884d3a02e3132bcbf9901656b9f2cb04fdf3130,0.1.0
03,gene,ENSMUSG00000079845,held,MULTIPLE_MOUSE_UNIPROT_ENTRIES,MULTIPLE_MOUSE_UNIPROT_ENTRIES,docs/audits/ubuntu_DE_2026-10-08/significant_protein_coding_degs.csv,c9bf672d38f877361b3132065884d3a02e3132bcbf9901656b9f2cb04fdf3130,0.1.0
03,gene,ENSMUSG00000025784,pass,PASS_CURRENT_EXACT_XREF_DISPLAYED_SEQUENCE,PASS_CURRENT_EXACT_XREF_DISPLAYED_SEQUENCE,docs/audits/ubuntu_DE_2026-10-08/significant_protein_coding_degs.csv,c9bf672d38f877361b3132065884d3a02e3132bcbf9901656b9f2cb04fdf3130,0.1.0
03,gene,ENSMUSG00000028809,held,MULTIPLE_MOUSE_UNIPROT_ENTRIES,MULTIPLE_MOUSE_UNIPROT_ENTRIES,docs/audits/ubuntu_DE_2026-10-08/significant_protein_coding_degs.csv,c9bf672d38f877361b3132065884d3a02e3132bcbf9901656b9f2cb04fdf3130,0.1.0
03,gene,ENSMUSG00000038742,pass,PASS_CURRENT_EXACT_XREF_DISPLAYED_SEQUENCE,PASS_CURRENT_EXACT_XREF_DISPLAYED_SEQUENCE,docs/audits/ubuntu_DE_2026-10-08/significant_protein_coding_degs.csv,c9bf672d38f877361b3132065884d3a02e3132bcbf9901656b9f2cb04fdf3130,0.1.0
03,gene,ENSMUSG00000042312,held,MULTIPLE_MOUSE_UNIPROT_ENTRIES,MULTIPLE_MOUSE_UNIPROT_ENTRIES,docs/audits/ubuntu_DE_2026-10-08/significant_protein_coding_degs.csv,c9bf672d38f877361b3132065884d3a02e3132bcbf9901656b9f2cb04fdf3130,0.1.0
03,gene,ENSMUSG00000027947,held,MULTIPLE_MOUSE_UNIPROT_ENTRIES,MULTIPLE_MOUSE_UNIPROT_ENTRIES,docs/audits/ubuntu_DE_2026-10-08/significant_protein_coding_degs.csv,c9bf672d38f877361b3132065884d3a02e3132bcbf9901656b9f2cb04fdf3130,0.1.0
03,gene,ENSMUSG00000041939,held,MULTIPLE_MOUSE_UNIPROT_ENTRIES,MULTIPLE_MOUSE_UNIPROT_ENTRIES,docs/audits/ubuntu_DE_2026-10-08/significant_protein_coding_degs.csv,c9bf672d38f877361b3132065884d3a02e3132bcbf9901656b9f2cb04fdf3130,0.1.0
03,gene,ENSMUSG00000058966,held,MULTIPLE_MOUSE_UNIPROT_ENTRIES,MULTIPLE_MOUSE_UNIPROT_ENTRIES,docs/audits/ubuntu_DE_2026-10-08/significant_protein_coding_degs.csv,c9bf672d38f877361b3132065884d3a02e3132bcbf9901656b9f2cb04fdf3130,0.1.0
03,gene,ENSMUSG00000054863,pass,PASS_CURRENT_EXACT_XREF_DISPLAYED_SEQUENCE,PASS_CURRENT_EXACT_XREF_DISPLAYED_SEQUENCE,docs/audits/ubuntu_DE_2026-10-08/significant_protein_coding_degs.csv,c9bf672d38f877361b3132065884d3a02e3132bcbf9901656b9f2cb04fdf3130,0.1.0
03,gene,ENSMUSG00000037601,held,MULTIPLE_MOUSE_UNIPROT_ENTRIES,MULTIPLE_MOUSE_UNIPROT_ENTRIES,docs/audits/ubuntu_DE_2026-10-08/significant_protein_coding_degs.csv,c9bf672d38f877361b3132065884d3a02e3132bcbf9901656b9f2cb04fdf3130,0.1.0
03,gene,ENSMUSG00000073802,pass,PASS_CURRENT_EXACT_XREF_DISPLAYED_SEQUENCE,PASS_CURRENT_EXACT_XREF_DISPLAYED_SEQUENCE,docs/audits/ubuntu_DE_2026-10-08/significant_protein_coding_degs.csv,c9bf672d38f877361b3132065884d3a02e3132bcbf9901656b9f2cb04fdf3130,0.1.0
03,gene,ENSMUSG00000022112,held,MULTIPLE_MOUSE_UNIPROT_ENTRIES,MULTIPLE_MOUSE_UNIPROT_ENTRIES,docs/audits/ubuntu_DE_2026-10-08/significant_protein_coding_degs.csv,c9bf672d38f877361b3132065884d3a02e3132bcbf9901656b9f2cb04fdf3130,0.1.0
03,gene,ENSMUSG00000036863,held,MULTIPLE_MOUSE_UNIPROT_ENTRIES,MULTIPLE_MOUSE_UNIPROT_ENTRIES,docs/audits/ubuntu_DE_2026-10-08/significant_protein_coding_degs.csv,c9bf672d38f877361b3132065884d3a02e3132bcbf9901656b9f2cb04fdf3130,0.1.0
03,gene,ENSMUSG00000051495,pass,PASS_CURRENT_EXACT_XREF_DISPLAYED_SEQUENCE,PASS_CURRENT_EXACT_XREF_DISPLAYED_SEQUENCE,docs/audits/ubuntu_DE_2026-10-08/significant_protein_coding_degs.csv,c9bf672d38f877361b3132065884d3a02e3132bcbf9901656b9f2cb04fdf3130,0.1.0
03,gene,ENSMUSG00000020395,held,MULTIPLE_MOUSE_UNIPROT_ENTRIES,MULTIPLE_MOUSE_UNIPROT_ENTRIES,docs/audits/ubuntu_DE_2026-10-08/significant_protein_coding_degs.csv,c9bf672d38f877361b3132065884d3a02e3132bcbf9901656b9f2cb04fdf3130,0.1.0
03,gene,ENSMUSG00000024427,pass,PASS_CURRENT_EXACT_XREF_DISPLAYED_SEQUENCE,PASS_CURRENT_EXACT_XREF_DISPLAYED_SEQUENCE,docs/audits/ubuntu_DE_2026-10-08/significant_protein_coding_degs.csv,c9bf672d38f877361b3132065884d3a02e3132bcbf9901656b9f2cb04fdf3130,0.1.0
03,gene,ENSMUSG00000030994,held,MULTIPLE_MOUSE_UNIPROT_ENTRIES,MULTIPLE_MOUSE_UNIPROT_ENTRIES,docs/audits/ubuntu_DE_2026-10-08/significant_protein_coding_degs.csv,c9bf672d38f877361b3132065884d3a02e3132bcbf9901656b9f2cb04fdf3130,0.1.0
03,gene,ENSMUSG00000001741,held,MULTIPLE_MOUSE_UNIPROT_ENTRIES,MULTIPLE_MOUSE_UNIPROT_ENTRIES,docs/audits/ubuntu_DE_2026-10-08/significant_protein_coding_degs.csv,c9bf672d38f877361b3132065884d3a02e3132bcbf9901656b9f2cb04fdf3130,0.1.0
03,gene,ENSMUSG00000024066,held,MULTIPLE_MOUSE_UNIPROT_ENTRIES,MULTIPLE_MOUSE_UNIPROT_ENTRIES,docs/audits/ubuntu_DE_2026-10-08/significant_protein_coding_degs.csv,c9bf672d38f877361b3132065884d3a02e3132bcbf9901656b9f2cb04fdf3130,0.1.0
03,gene,ENSMUSG00000036972,held,MULTIPLE_MOUSE_UNIPROT_ENTRIES,MULTIPLE_MOUSE_UNIPROT_ENTRIES,docs/audits/ubuntu_DE_2026-10-08/significant_protein_coding_degs.csv,c9bf672d38f877361b3132065884d3a02e3132bcbf9901656b9f2cb04fdf3130,0.1.0
03,gene,ENSMUSG00000022013,held,MULTIPLE_MOUSE_UNIPROT_ENTRIES,MULTIPLE_MOUSE_UNIPROT_ENTRIES,docs/audits/ubuntu_DE_2026-10-08/significant_protein_coding_degs.csv,c9bf672d38f877361b3132065884d3a02e3132bcbf9901656b9f2cb04fdf3130,0.1.0
03,gene,ENSMUSG00000030147,held,MULTIPLE_MOUSE_UNIPROT_ENTRIES,MULTIPLE_MOUSE_UNIPROT_ENTRIES,docs/audits/ubuntu_DE_2026-10-08/significant_protein_coding_degs.csv,c9bf672d38f877361b3132065884d3a02e3132bcbf9901656b9f2cb04fdf3130,0.1.0
03,gene,ENSMUSG00000041889,pass,PASS_CURRENT_EXACT_XREF_DISPLAYED_SEQUENCE,PASS_CURRENT_EXACT_XREF_DISPLAYED_SEQUENCE,docs/audits/ubuntu_DE_2026-10-08/significant_protein_coding_degs.csv,c9bf672d38f877361b3132065884d3a02e3132bcbf9901656b9f2cb04fdf3130,0.1.0
03,gene,ENSMUSG00000030562,held,MULTIPLE_MOUSE_UNIPROT_ENTRIES,MULTIPLE_MOUSE_UNIPROT_ENTRIES,docs/audits/ubuntu_DE_2026-10-08/significant_protein_coding_degs.csv,c9bf672d38f877361b3132065884d3a02e3132bcbf9901656b9f2cb04fdf3130,0.1.0
03,gene,ENSMUSG00000026977,held,MULTIPLE_MOUSE_UNIPROT_ENTRIES,MULTIPLE_MOUSE_UNIPROT_ENTRIES,docs/audits/ubuntu_DE_2026-10-08/significant_protein_coding_degs.csv,c9bf672d38f877361b3132065884d3a02e3132bcbf9901656b9f2cb04fdf3130,0.1.0
03,gene,ENSMUSG00000020547,held,MULTIPLE_MOUSE_UNIPROT_ENTRIES,MULTIPLE_MOUSE_UNIPROT_ENTRIES,docs/audits/ubuntu_DE_2026-10-08/significant_protein_coding_degs.csv,c9bf672d38f877361b3132065884d3a02e3132bcbf9901656b9f2cb04fdf3130,0.1.0
03,gene,ENSMUSG00000032218,pass,PASS_CURRENT_EXACT_XREF_DISPLAYED_SEQUENCE,PASS_CURRENT_EXACT_XREF_DISPLAYED_SEQUENCE,docs/audits/ubuntu_DE_2026-10-08/significant_protein_coding_degs.csv,c9bf672d38f877361b3132065884d3a02e3132bcbf9901656b9f2cb04fdf3130,0.1.0
03,gene,ENSMUSG00000038496,pass,PASS_CURRENT_EXACT_XREF_DISPLAYED_SEQUENCE,PASS_CURRENT_EXACT_XREF_DISPLAYED_SEQUENCE,docs/audits/ubuntu_DE_2026-10-08/significant_protein_coding_degs.csv,c9bf672d38f877361b3132065884d3a02e3132bcbf9901656b9f2cb04fdf3130,0.1.0
03,gene,ENSMUSG00000078578,held,MULTIPLE_MOUSE_UNIPROT_ENTRIES,MULTIPLE_MOUSE_UNIPROT_ENTRIES,docs/audits/ubuntu_DE_2026-10-08/significant_protein_coding_degs.csv,c9bf672d38f877361b3132065884d3a02e3132bcbf9901656b9f2cb04fdf3130,0.1.0
03,gene,ENSMUSG00000004455,held,MULTIPLE_MOUSE_UNIPROT_ENTRIES,MULTIPLE_MOUSE_UNIPROT_ENTRIES,docs/audits/ubuntu_DE_2026-10-08/significant_protein_coding_degs.csv,c9bf672d38f877361b3132065884d3a02e3132bcbf9901656b9f2cb04fdf3130,0.1.0
03,gene,ENSMUSG00000021236,held,MULTIPLE_MOUSE_UNIPROT_ENTRIES,MULTIPLE_MOUSE_UNIPROT_ENTRIES,docs/audits/ubuntu_DE_2026-10-08/significant_protein_coding_degs.csv,c9bf672d38f877361b3132065884d3a02e3132bcbf9901656b9f2cb04fdf3130,0.1.0
03,gene,ENSMUSG00000070934,pass,PASS_CURRENT_EXACT_XREF_DISPLAYED_SEQUENCE,PASS_CURRENT_EXACT_XREF_DISPLAYED_SEQUENCE,docs/audits/ubuntu_DE_2026-10-08/significant_protein_coding_degs.csv,c9bf672d38f877361b3132065884d3a02e3132bcbf9901656b9f2cb04fdf3130,0.1.0
03,gene,ENSMUSG00000074259,held,MULTIPLE_MOUSE_UNIPROT_ENTRIES,MULTIPLE_MOUSE_UNIPROT_ENTRIES,docs/audits/ubuntu_DE_2026-10-08/significant_protein_coding_degs.csv,c9bf672d38f877361b3132065884d3a02e3132bcbf9901656b9f2cb04fdf3130,0.1.0
03,gene,ENSMUSG00000091712,pass,PASS_CURRENT_EXACT_XREF_DISPLAYED_SEQUENCE,PASS_CURRENT_EXACT_XREF_DISPLAYED_SEQUENCE,docs/audits/ubuntu_DE_2026-10-08/significant_protein_coding_degs.csv,c9bf672d38f877361b3132065884d3a02e3132bcbf9901656b9f2cb04fdf3130,0.1.0
03,gene,ENSMUSG00000028128,held,MULTIPLE_MOUSE_UNIPROT_ENTRIES,MULTIPLE_MOUSE_UNIPROT_ENTRIES,docs/audits/ubuntu_DE_2026-10-08/significant_protein_coding_degs.csv,c9bf672d38f877361b3132065884d3a02e3132bcbf9901656b9f2cb04fdf3130,0.1.0
03,gene,ENSMUSG00000032127,held,MULTIPLE_MOUSE_UNIPROT_ENTRIES,MULTIPLE_MOUSE_UNIPROT_ENTRIES,docs/audits/ubuntu_DE_2026-10-08/significant_protein_coding_degs.csv,c9bf672d38f877361b3132065884d3a02e3132bcbf9901656b9f2cb04fdf3130,0.1.0
03,gene,ENSMUSG00000043017,held,MULTIPLE_MOUSE_UNIPROT_ENTRIES,MULTIPLE_MOUSE_UNIPROT_ENTRIES,docs/audits/ubuntu_DE_2026-10-08/significant_protein_coding_degs.csv,c9bf672d38f877361b3132065884d3a02e3132bcbf9901656b9f2cb04fdf3130,0.1.0
03,gene,ENSMUSG00000045259,pass,PASS_CURRENT_EXACT_XREF_DISPLAYED_SEQUENCE,PASS_CURRENT_EXACT_XREF_DISPLAYED_SEQUENCE,docs/audits/ubuntu_DE_2026-10-08/significant_protein_coding_degs.csv,c9bf672d38f877361b3132065884d3a02e3132bcbf9901656b9f2cb04fdf3130,0.1.0
03,gene,ENSMUSG00000038064,pass,PASS_CURRENT_EXACT_XREF_DISPLAYED_SEQUENCE,PASS_CURRENT_EXACT_XREF_DISPLAYED_SEQUENCE,docs/audits/ubuntu_DE_2026-10-08/significant_protein_coding_degs.csv,c9bf672d38f877361b3132065884d3a02e3132bcbf9901656b9f2cb04fdf3130,0.1.0
03,gene,ENSMUSG00000029484,held,MULTIPLE_MOUSE_UNIPROT_ENTRIES,MULTIPLE_MOUSE_UNIPROT_ENTRIES,docs/audits/ubuntu_DE_2026-10-08/significant_protein_coding_degs.csv,c9bf672d38f877361b3132065884d3a02e3132bcbf9901656b9f2cb04fdf3130,0.1.0
03,gene,ENSMUSG00000022244,pass,PASS_CURRENT_EXACT_XREF_DISPLAYED_SEQUENCE,PASS_CURRENT_EXACT_XREF_DISPLAYED_SEQUENCE,docs/audits/ubuntu_DE_2026-10-08/significant_protein_coding_degs.csv,c9bf672d38f877361b3132065884d3a02e3132bcbf9901656b9f2cb04fdf3130,0.1.0
03,gene,ENSMUSG00000024411,held,MULTIPLE_MOUSE_UNIPROT_ENTRIES,MULTIPLE_MOUSE_UNIPROT_ENTRIES,docs/audits/ubuntu_DE_2026-10-08/significant_protein_coding_degs.csv,c9bf672d38f877361b3132065884d3a02e3132bcbf9901656b9f2cb04fdf3130,0.1.0
03,gene,ENSMUSG00000027412,held,MULTIPLE_MOUSE_UNIPROT_ENTRIES,MULTIPLE_MOUSE_UNIPROT_ENTRIES,docs/audits/ubuntu_DE_2026-10-08/significant_protein_coding_degs.csv,c9bf672d38f877361b3132065884d3a02e3132bcbf9901656b9f2cb04fdf3130,0.1.0
03,gene,ENSMUSG00000029306,pass,PASS_CURRENT_EXACT_XREF_DISPLAYED_SEQUENCE,PASS_CURRENT_EXACT_XREF_DISPLAYED_SEQUENCE,docs/audits/ubuntu_DE_2026-10-08/significant_protein_coding_degs.csv,c9bf672d38f877361b3132065884d3a02e3132bcbf9901656b9f2cb04fdf3130,0.1.0
03,gene,ENSMUSG00000032018,held,MULTIPLE_MOUSE_UNIPROT_ENTRIES,MULTIPLE_MOUSE_UNIPROT_ENTRIES,docs/audits/ubuntu_DE_2026-10-08/significant_protein_coding_degs.csv,c9bf672d38f877361b3132065884d3a02e3132bcbf9901656b9f2cb04fdf3130,0.1.0
03,gene,ENSMUSG00000040592,held,MULTIPLE_MOUSE_UNIPROT_ENTRIES,MULTIPLE_MOUSE_UNIPROT_ENTRIES,docs/audits/ubuntu_DE_2026-10-08/significant_protein_coding_degs.csv,c9bf672d38f877361b3132065884d3a02e3132bcbf9901656b9f2cb04fdf3130,0.1.0
03,gene,ENSMUSG00000056313,pass,PASS_CURRENT_EXACT_XREF_DISPLAYED_SEQUENCE,PASS_CURRENT_EXACT_XREF_DISPLAYED_SEQUENCE,docs/audits/ubuntu_DE_2026-10-08/significant_protein_coding_degs.csv,c9bf672d38f877361b3132065884d3a02e3132bcbf9901656b9f2cb04fdf3130,0.1.0
03,gene,ENSMUSG00000003206,pass,PASS_CURRENT_EXACT_XREF_DISPLAYED_SEQUENCE,PASS_CURRENT_EXACT_XREF_DISPLAYED_SEQUENCE,docs/audits/ubuntu_DE_2026-10-08/significant_protein_coding_degs.csv,c9bf672d38f877361b3132065884d3a02e3132bcbf9901656b9f2cb04fdf3130,0.1.0
03,gene,ENSMUSG00000009013,pass,PASS_CURRENT_EXACT_XREF_DISPLAYED_SEQUENCE,PASS_CURRENT_EXACT_XREF_DISPLAYED_SEQUENCE,docs/audits/ubuntu_DE_2026-10-08/significant_protein_coding_degs.csv,c9bf672d38f877361b3132065884d3a02e3132bcbf9901656b9f2cb04fdf3130,0.1.0
03,gene,ENSMUSG00000028613,held,MULTIPLE_MOUSE_UNIPROT_ENTRIES,MULTIPLE_MOUSE_UNIPROT_ENTRIES,docs/audits/ubuntu_DE_2026-10-08/significant_protein_coding_degs.csv,c9bf672d38f877361b3132065884d3a02e3132bcbf9901656b9f2cb04fdf3130,0.1.0
03,gene,ENSMUSG00000006344,held,MULTIPLE_MOUSE_UNIPROT_ENTRIES,MULTIPLE_MOUSE_UNIPROT_ENTRIES,docs/audits/ubuntu_DE_2026-10-08/significant_protein_coding_degs.csv,c9bf672d38f877361b3132065884d3a02e3132bcbf9901656b9f2cb04fdf3130,0.1.0
03,gene,ENSMUSG00000040272,held,MULTIPLE_MOUSE_UNIPROT_ENTRIES,MULTIPLE_MOUSE_UNIPROT_ENTRIES,docs/audits/ubuntu_DE_2026-10-08/significant_protein_coding_degs.csv,c9bf672d38f877361b3132065884d3a02e3132bcbf9901656b9f2cb04fdf3130,0.1.0
03,gene,ENSMUSG00000052911,held,MULTIPLE_MOUSE_UNIPROT_ENTRIES,MULTIPLE_MOUSE_UNIPROT_ENTRIES,docs/audits/ubuntu_DE_2026-10-08/significant_protein_coding_degs.csv,c9bf672d38f877361b3132065884d3a02e3132bcbf9901656b9f2cb04fdf3130,0.1.0
03,gene,ENSMUSG00000048970,pass,PASS_CURRENT_EXACT_XREF_DISPLAYED_SEQUENCE,PASS_CURRENT_EXACT_XREF_DISPLAYED_SEQUENCE,docs/audits/ubuntu_DE_2026-10-08/significant_protein_coding_degs.csv,c9bf672d38f877361b3132065884d3a02e3132bcbf9901656b9f2cb04fdf3130,0.1.0
03,gene,ENSMUSG00000035242,held,MULTIPLE_MOUSE_UNIPROT_ENTRIES,MULTIPLE_MOUSE_UNIPROT_ENTRIES,docs/audits/ubuntu_DE_2026-10-08/significant_protein_coding_degs.csv,c9bf672d38f877361b3132065884d3a02e3132bcbf9901656b9f2cb04fdf3130,0.1.0
03,gene,ENSMUSG00000003477,pass,PASS_CURRENT_EXACT_XREF_DISPLAYED_SEQUENCE,PASS_CURRENT_EXACT_XREF_DISPLAYED_SEQUENCE,docs/audits/ubuntu_DE_2026-10-08/significant_protein_coding_degs.csv,c9bf672d38f877361b3132065884d3a02e3132bcbf9901656b9f2cb04fdf3130,0.1.0
03,gene,ENSMUSG00000009596,held,MULTIPLE_MOUSE_UNIPROT_ENTRIES,MULTIPLE_MOUSE_UNIPROT_ENTRIES,docs/audits/ubuntu_DE_2026-10-08/significant_protein_coding_degs.csv,c9bf672d38f877361b3132065884d3a02e3132bcbf9901656b9f2cb04fdf3130,0.1.0
03,gene,ENSMUSG00000030208,held,MULTIPLE_MOUSE_UNIPROT_ENTRIES,MULTIPLE_MOUSE_UNIPROT_ENTRIES,docs/audits/ubuntu_DE_2026-10-08/significant_protein_coding_degs.csv,c9bf672d38f877361b3132065884d3a02e3132bcbf9901656b9f2cb04fdf3130,0.1.0
03,gene,ENSMUSG00000030319,pass,PASS_CURRENT_EXACT_XREF_DISPLAYED_SEQUENCE,PASS_CURRENT_EXACT_XREF_DISPLAYED_SEQUENCE,docs/audits/ubuntu_DE_2026-10-08/significant_protein_coding_degs.csv,c9bf672d38f877361b3132065884d3a02e3132bcbf9901656b9f2cb04fdf3130,0.1.0
03,gene,ENSMUSG00000007777,pass,PASS_CURRENT_EXACT_XREF_DISPLAYED_SEQUENCE,PASS_CURRENT_EXACT_XREF_DISPLAYED_SEQUENCE,docs/audits/ubuntu_DE_2026-10-08/significant_protein_coding_degs.csv,c9bf672d38f877361b3132065884d3a02e3132bcbf9901656b9f2cb04fdf3130,0.1.0
03,gene,ENSMUSG00000028086,held,MULTIPLE_MOUSE_UNIPROT_ENTRIES,MULTIPLE_MOUSE_UNIPROT_ENTRIES,docs/audits/ubuntu_DE_2026-10-08/significant_protein_coding_degs.csv,c9bf672d38f877361b3132065884d3a02e3132bcbf9901656b9f2cb04fdf3130,0.1.0
03,gene,ENSMUSG00000074218,held,MULTIPLE_MOUSE_UNIPROT_ENTRIES,MULTIPLE_MOUSE_UNIPROT_ENTRIES,docs/audits/ubuntu_DE_2026-10-08/significant_protein_coding_degs.csv,c9bf672d38f877361b3132065884d3a02e3132bcbf9901656b9f2cb04fdf3130,0.1.0
03,gene,ENSMUSG00000018507,pass,PASS_CURRENT_EXACT_XREF_DISPLAYED_SEQUENCE,PASS_CURRENT_EXACT_XREF_DISPLAYED_SEQUENCE,docs/audits/ubuntu_DE_2026-10-08/significant_protein_coding_degs.csv,c9bf672d38f877361b3132065884d3a02e3132bcbf9901656b9f2cb04fdf3130,0.1.0
03,gene,ENSMUSG00000046447,pass,PASS_CURRENT_EXACT_XREF_DISPLAYED_SEQUENCE,PASS_CURRENT_EXACT_XREF_DISPLAYED_SEQUENCE,docs/audits/ubuntu_DE_2026-10-08/significant_protein_coding_degs.csv,c9bf672d38f877361b3132065884d3a02e3132bcbf9901656b9f2cb04fdf3130,0.1.0
03,gene,ENSMUSG00000019461,held,MULTIPLE_MOUSE_UNIPROT_ENTRIES,MULTIPLE_MOUSE_UNIPROT_ENTRIES,docs/audits/ubuntu_DE_2026-10-08/significant_protein_coding_degs.csv,c9bf672d38f877361b3132065884d3a02e3132bcbf9901656b9f2cb04fdf3130,0.1.0
03,gene,ENSMUSG00000001497,pass,PASS_CURRENT_EXACT_XREF_DISPLAYED_SEQUENCE,PASS_CURRENT_EXACT_XREF_DISPLAYED_SEQUENCE,docs/audits/ubuntu_DE_2026-10-08/significant_protein_coding_degs.csv,c9bf672d38f877361b3132065884d3a02e3132bcbf9901656b9f2cb04fdf3130,0.1.0
03,gene,ENSMUSG00000000938,pass,PASS_CURRENT_EXACT_XREF_DISPLAYED_SEQUENCE,PASS_CURRENT_EXACT_XREF_DISPLAYED_SEQUENCE,docs/audits/ubuntu_DE_2026-10-08/significant_protein_coding_degs.csv,c9bf672d38f877361b3132065884d3a02e3132bcbf9901656b9f2cb04fdf3130,0.1.0
03,gene,ENSMUSG00000039307,held,MULTIPLE_MOUSE_UNIPROT_ENTRIES,MULTIPLE_MOUSE_UNIPROT_ENTRIES,docs/audits/ubuntu_DE_2026-10-08/significant_protein_coding_degs.csv,c9bf672d38f877361b3132065884d3a02e3132bcbf9901656b9f2cb04fdf3130,0.1.0
03,gene,ENSMUSG00000028398,pass,PASS_CURRENT_EXACT_XREF_DISPLAYED_SEQUENCE,PASS_CURRENT_EXACT_XREF_DISPLAYED_SEQUENCE,docs/audits/ubuntu_DE_2026-10-08/significant_protein_coding_degs.csv,c9bf672d38f877361b3132065884d3a02e3132bcbf9901656b9f2cb04fdf3130,0.1.0
03,gene,ENSMUSG00000030214,pass,PASS_CURRENT_EXACT_XREF_DISPLAYED_SEQUENCE,PASS_CURRENT_EXACT_XREF_DISPLAYED_SEQUENCE,docs/audits/ubuntu_DE_2026-10-08/significant_protein_coding_degs.csv,c9bf672d38f877361b3132065884d3a02e3132bcbf9901656b9f2cb04fdf3130,0.1.0
03,gene,ENSMUSG00000016552,pass,PASS_CURRENT_EXACT_XREF_DISPLAYED_SEQUENCE,PASS_CURRENT_EXACT_XREF_DISPLAYED_SEQUENCE,docs/audits/ubuntu_DE_2026-10-08/significant_protein_coding_degs.csv,c9bf672d38f877361b3132065884d3a02e3132bcbf9901656b9f2cb04fdf3130,0.1.0
03,gene,ENSMUSG00000048387,held,MULTIPLE_MOUSE_UNIPROT_ENTRIES,MULTIPLE_MOUSE_UNIPROT_ENTRIES,docs/audits/ubuntu_DE_2026-10-08/significant_protein_coding_degs.csv,c9bf672d38f877361b3132065884d3a02e3132bcbf9901656b9f2cb04fdf3130,0.1.0
03,gene,ENSMUSG00000050910,pass,PASS_CURRENT_EXACT_XREF_DISPLAYED_SEQUENCE,PASS_CURRENT_EXACT_XREF_DISPLAYED_SEQUENCE,docs/audits/ubuntu_DE_2026-10-08/significant_protein_coding_degs.csv,c9bf672d38f877361b3132065884d3a02e3132bcbf9901656b9f2cb04fdf3130,0.1.0
03,gene,ENSMUSG00000031149,pass,PASS_CURRENT_EXACT_XREF_DISPLAYED_SEQUENCE,PASS_CURRENT_EXACT_XREF_DISPLAYED_SEQUENCE,docs/audits/ubuntu_DE_2026-10-08/significant_protein_coding_degs.csv,c9bf672d38f877361b3132065884d3a02e3132bcbf9901656b9f2cb04fdf3130,0.1.0
03,gene,ENSMUSG00000002249,held,MULTIPLE_MOUSE_UNIPROT_ENTRIES,MULTIPLE_MOUSE_UNIPROT_ENTRIES,docs/audits/ubuntu_DE_2026-10-08/significant_protein_coding_degs.csv,c9bf672d38f877361b3132065884d3a02e3132bcbf9901656b9f2cb04fdf3130,0.1.0
03,gene,ENSMUSG00000005312,held,MULTIPLE_MOUSE_UNIPROT_ENTRIES,MULTIPLE_MOUSE_UNIPROT_ENTRIES,docs/audits/ubuntu_DE_2026-10-08/significant_protein_coding_degs.csv,c9bf672d38f877361b3132065884d3a02e3132bcbf9901656b9f2cb04fdf3130,0.1.0
03,gene,ENSMUSG00000023075,pass,PASS_CURRENT_EXACT_XREF_DISPLAYED_SEQUENCE,PASS_CURRENT_EXACT_XREF_DISPLAYED_SEQUENCE,docs/audits/ubuntu_DE_2026-10-08/significant_protein_coding_degs.csv,c9bf672d38f877361b3132065884d3a02e3132bcbf9901656b9f2cb04fdf3130,0.1.0
03,gene,ENSMUSG00000039831,held,MULTIPLE_MOUSE_UNIPROT_ENTRIES,MULTIPLE_MOUSE_UNIPROT_ENTRIES,docs/audits/ubuntu_DE_2026-10-08/significant_protein_coding_degs.csv,c9bf672d38f877361b3132065884d3a02e3132bcbf9901656b9f2cb04fdf3130,0.1.0
03,gene,ENSMUSG00000072889,held,MULTIPLE_MOUSE_UNIPROT_ENTRIES,MULTIPLE_MOUSE_UNIPROT_ENTRIES,docs/audits/ubuntu_DE_2026-10-08/significant_protein_coding_degs.csv,c9bf672d38f877361b3132065884d3a02e3132bcbf9901656b9f2cb04fdf3130,0.1.0
03,gene,ENSMUSG00000035699,held,MULTIPLE_MOUSE_UNIPROT_ENTRIES,MULTIPLE_MOUSE_UNIPROT_ENTRIES,docs/audits/ubuntu_DE_2026-10-08/significant_protein_coding_degs.csv,c9bf672d38f877361b3132065884d3a02e3132bcbf9901656b9f2cb04fdf3130,0.1.0
03,gene,ENSMUSG00000040488,held,MULTIPLE_MOUSE_UNIPROT_ENTRIES,MULTIPLE_MOUSE_UNIPROT_ENTRIES,docs/audits/ubuntu_DE_2026-10-08/significant_protein_coding_degs.csv,c9bf672d38f877361b3132065884d3a02e3132bcbf9901656b9f2cb04fdf3130,0.1.0
03,gene,ENSMUSG00000005107,held,MULTIPLE_MOUSE_UNIPROT_ENTRIES,MULTIPLE_MOUSE_UNIPROT_ENTRIES,docs/audits/ubuntu_DE_2026-10-08/significant_protein_coding_degs.csv,c9bf672d38f877361b3132065884d3a02e3132bcbf9901656b9f2cb04fdf3130,0.1.0
03,gene,ENSMUSG00000022665,pass,PASS_CURRENT_EXACT_XREF_DISPLAYED_SEQUENCE,PASS_CURRENT_EXACT_XREF_DISPLAYED_SEQUENCE,docs/audits/ubuntu_DE_2026-10-08/significant_protein_coding_degs.csv,c9bf672d38f877361b3132065884d3a02e3132bcbf9901656b9f2cb04fdf3130,0.1.0
03,gene,ENSMUSG00000006057,pass,PASS_CURRENT_EXACT_XREF_DISPLAYED_SEQUENCE,PASS_CURRENT_EXACT_XREF_DISPLAYED_SEQUENCE,docs/audits/ubuntu_DE_2026-10-08/significant_protein_coding_degs.csv,c9bf672d38f877361b3132065884d3a02e3132bcbf9901656b9f2cb04fdf3130,0.1.0
03,gene,ENSMUSG00000020863,held,MULTIPLE_MOUSE_UNIPROT_ENTRIES,MULTIPLE_MOUSE_UNIPROT_ENTRIES,docs/audits/ubuntu_DE_2026-10-08/significant_protein_coding_degs.csv,c9bf672d38f877361b3132065884d3a02e3132bcbf9901656b9f2cb04fdf3130,0.1.0
03,gene,ENSMUSG00000023336,held,MULTIPLE_MOUSE_UNIPROT_ENTRIES,MULTIPLE_MOUSE_UNIPROT_ENTRIES,docs/audits/ubuntu_DE_2026-10-08/significant_protein_coding_degs.csv,c9bf672d38f877361b3132065884d3a02e3132bcbf9901656b9f2cb04fdf3130,0.1.0
03,gene,ENSMUSG00000029004,held,MULTIPLE_MOUSE_UNIPROT_ENTRIES,MULTIPLE_MOUSE_UNIPROT_ENTRIES,docs/audits/ubuntu_DE_2026-10-08/significant_protein_coding_degs.csv,c9bf672d38f877361b3132065884d3a02e3132bcbf9901656b9f2cb04fdf3130,0.1.0
03,gene,ENSMUSG00000053644,held,MULTIPLE_MOUSE_UNIPROT_ENTRIES,MULTIPLE_MOUSE_UNIPROT_ENTRIES,docs/audits/ubuntu_DE_2026-10-08/significant_protein_coding_degs.csv,c9bf672d38f877361b3132065884d3a02e3132bcbf9901656b9f2cb04fdf3130,0.1.0
03,gene,ENSMUSG00000079415,pass,PASS_CURRENT_EXACT_XREF_DISPLAYED_SEQUENCE,PASS_CURRENT_EXACT_XREF_DISPLAYED_SEQUENCE,docs/audits/ubuntu_DE_2026-10-08/significant_protein_coding_degs.csv,c9bf672d38f877361b3132065884d3a02e3132bcbf9901656b9f2cb04fdf3130,0.1.0
03,gene,ENSMUSG00000048482,held,MULTIPLE_MOUSE_UNIPROT_ENTRIES,MULTIPLE_MOUSE_UNIPROT_ENTRIES,docs/audits/ubuntu_DE_2026-10-08/significant_protein_coding_degs.csv,c9bf672d38f877361b3132065884d3a02e3132bcbf9901656b9f2cb04fdf3130,0.1.0
03,gene,ENSMUSG00000026628,pass,PASS_CURRENT_EXACT_XREF_DISPLAYED_SEQUENCE,PASS_CURRENT_EXACT_XREF_DISPLAYED_SEQUENCE,docs/audits/ubuntu_DE_2026-10-08/significant_protein_coding_degs.csv,c9bf672d38f877361b3132065884d3a02e3132bcbf9901656b9f2cb04fdf3130,0.1.0
03,gene,ENSMUSG00000022512,pass,PASS_CURRENT_EXACT_XREF_DISPLAYED_SEQUENCE,PASS_CURRENT_EXACT_XREF_DISPLAYED_SEQUENCE,docs/audits/ubuntu_DE_2026-10-08/significant_protein_coding_degs.csv,c9bf672d38f877361b3132065884d3a02e3132bcbf9901656b9f2cb04fdf3130,0.1.0
03,gene,ENSMUSG00000026080,held,MULTIPLE_MOUSE_UNIPROT_ENTRIES,MULTIPLE_MOUSE_UNIPROT_ENTRIES,docs/audits/ubuntu_DE_2026-10-08/significant_protein_coding_degs.csv,c9bf672d38f877361b3132065884d3a02e3132bcbf9901656b9f2cb04fdf3130,0.1.0
03,gene,ENSMUSG00000042626,held,MULTIPLE_MOUSE_UNIPROT_ENTRIES,MULTIPLE_MOUSE_UNIPROT_ENTRIES,docs/audits/ubuntu_DE_2026-10-08/significant_protein_coding_degs.csv,c9bf672d38f877361b3132065884d3a02e3132bcbf9901656b9f2cb04fdf3130,0.1.0
03,gene,ENSMUSG00000027952,held,MULTIPLE_MOUSE_UNIPROT_ENTRIES,MULTIPLE_MOUSE_UNIPROT_ENTRIES,docs/audits/ubuntu_DE_2026-10-08/significant_protein_coding_degs.csv,c9bf672d38f877361b3132065884d3a02e3132bcbf9901656b9f2cb04fdf3130,0.1.0
03,gene,ENSMUSG00000030413,pass,PASS_CURRENT_EXACT_XREF_DISPLAYED_SEQUENCE,PASS_CURRENT_EXACT_XREF_DISPLAYED_SEQUENCE,docs/audits/ubuntu_DE_2026-10-08/significant_protein_coding_degs.csv,c9bf672d38f877361b3132065884d3a02e3132bcbf9901656b9f2cb04fdf3130,0.1.0
03,gene,ENSMUSG00000052675,held,MULTIPLE_MOUSE_UNIPROT_ENTRIES,MULTIPLE_MOUSE_UNIPROT_ENTRIES,docs/audits/ubuntu_DE_2026-10-08/significant_protein_coding_degs.csv,c9bf672d38f877361b3132065884d3a02e3132bcbf9901656b9f2cb04fdf3130,0.1.0
03,gene,ENSMUSG00000074207,held,MULTIPLE_MOUSE_UNIPROT_ENTRIES,MULTIPLE_MOUSE_UNIPROT_ENTRIES,docs/audits/ubuntu_DE_2026-10-08/significant_protein_coding_degs.csv,c9bf672d38f877361b3132065884d3a02e3132bcbf9901656b9f2cb04fdf3130,0.1.0
03,gene,ENSMUSG00000038095,held,MULTIPLE_MOUSE_UNIPROT_ENTRIES,MULTIPLE_MOUSE_UNIPROT_ENTRIES,docs/audits/ubuntu_DE_2026-10-08/significant_protein_coding_degs.csv,c9bf672d38f877361b3132065884d3a02e3132bcbf9901656b9f2cb04fdf3130,0.1.0
03,gene,ENSMUSG00000042607,held,MULTIPLE_MOUSE_UNIPROT_ENTRIES,MULTIPLE_MOUSE_UNIPROT_ENTRIES,docs/audits/ubuntu_DE_2026-10-08/significant_protein_coding_degs.csv,c9bf672d38f877361b3132065884d3a02e3132bcbf9901656b9f2cb04fdf3130,0.1.0
03,gene,ENSMUSG00000060981,pass,PASS_CURRENT_EXACT_XREF_DISPLAYED_SEQUENCE,PASS_CURRENT_EXACT_XREF_DISPLAYED_SEQUENCE,docs/audits/ubuntu_DE_2026-10-08/significant_protein_coding_degs.csv,c9bf672d38f877361b3132065884d3a02e3132bcbf9901656b9f2cb04fdf3130,0.1.0
03,gene,ENSMUSG00000010760,held,MULTIPLE_MOUSE_UNIPROT_ENTRIES,MULTIPLE_MOUSE_UNIPROT_ENTRIES,docs/audits/ubuntu_DE_2026-10-08/significant_protein_coding_degs.csv,c9bf672d38f877361b3132065884d3a02e3132bcbf9901656b9f2cb04fdf3130,0.1.0
03,gene,ENSMUSG00000041361,held,MULTIPLE_MOUSE_UNIPROT_ENTRIES,MULTIPLE_MOUSE_UNIPROT_ENTRIES,docs/audits/ubuntu_DE_2026-10-08/significant_protein_coding_degs.csv,c9bf672d38f877361b3132065884d3a02e3132bcbf9901656b9f2cb04fdf3130,0.1.0
03,gene,ENSMUSG00000078851,pass,PASS_CURRENT_EXACT_XREF_DISPLAYED_SEQUENCE,PASS_CURRENT_EXACT_XREF_DISPLAYED_SEQUENCE,docs/audits/ubuntu_DE_2026-10-08/significant_protein_coding_degs.csv,c9bf672d38f877361b3132065884d3a02e3132bcbf9901656b9f2cb04fdf3130,0.1.0
03,gene,ENSMUSG00000057897,held,MULTIPLE_MOUSE_UNIPROT_ENTRIES,MULTIPLE_MOUSE_UNIPROT_ENTRIES,docs/audits/ubuntu_DE_2026-10-08/significant_protein_coding_degs.csv,c9bf672d38f877361b3132065884d3a02e3132bcbf9901656b9f2cb04fdf3130,0.1.0
03,gene,ENSMUSG00000021936,held,MULTIPLE_MOUSE_UNIPROT_ENTRIES,MULTIPLE_MOUSE_UNIPROT_ENTRIES,docs/audits/ubuntu_DE_2026-10-08/significant_protein_coding_degs.csv,c9bf672d38f877361b3132065884d3a02e3132bcbf9901656b9f2cb04fdf3130,0.1.0
03,gene,ENSMUSG00000033419,held,MULTIPLE_MOUSE_UNIPROT_ENTRIES,MULTIPLE_MOUSE_UNIPROT_ENTRIES,docs/audits/ubuntu_DE_2026-10-08/significant_protein_coding_degs.csv,c9bf672d38f877361b3132065884d3a02e3132bcbf9901656b9f2cb04fdf3130,0.1.0
03,gene,ENSMUSG00000025220,held,MULTIPLE_MOUSE_UNIPROT_ENTRIES,MULTIPLE_MOUSE_UNIPROT_ENTRIES,docs/audits/ubuntu_DE_2026-10-08/significant_protein_coding_degs.csv,c9bf672d38f877361b3132065884d3a02e3132bcbf9901656b9f2cb04fdf3130,0.1.0
03,gene,ENSMUSG00000044534,held,MULTIPLE_MOUSE_UNIPROT_ENTRIES,MULTIPLE_MOUSE_UNIPROT_ENTRIES,docs/audits/ubuntu_DE_2026-10-08/significant_protein_coding_degs.csv,c9bf672d38f877361b3132065884d3a02e3132bcbf9901656b9f2cb04fdf3130,0.1.0
03,gene,ENSMUSG00000046731,held,MULTIPLE_MOUSE_UNIPROT_ENTRIES,MULTIPLE_MOUSE_UNIPROT_ENTRIES,docs/audits/ubuntu_DE_2026-10-08/significant_protein_coding_degs.csv,c9bf672d38f877361b3132065884d3a02e3132bcbf9901656b9f2cb04fdf3130,0.1.0
03,gene,ENSMUSG00000049649,held,MULTIPLE_MOUSE_UNIPROT_ENTRIES,MULTIPLE_MOUSE_UNIPROT_ENTRIES,docs/audits/ubuntu_DE_2026-10-08/significant_protein_coding_degs.csv,c9bf672d38f877361b3132065884d3a02e3132bcbf9901656b9f2cb04fdf3130,0.1.0
03,gene,ENSMUSG00000061474,held,MULTIPLE_MOUSE_UNIPROT_ENTRIES,MULTIPLE_MOUSE_UNIPROT_ENTRIES,docs/audits/ubuntu_DE_2026-10-08/significant_protein_coding_degs.csv,c9bf672d38f877361b3132065884d3a02e3132bcbf9901656b9f2cb04fdf3130,0.1.0
03,gene,ENSMUSG00000029551,pass,PASS_CURRENT_EXACT_XREF_DISPLAYED_SEQUENCE,PASS_CURRENT_EXACT_XREF_DISPLAYED_SEQUENCE,docs/audits/ubuntu_DE_2026-10-08/significant_protein_coding_degs.csv,c9bf672d38f877361b3132065884d3a02e3132bcbf9901656b9f2cb04fdf3130,0.1.0
03,gene,ENSMUSG00000046056,held,MULTIPLE_MOUSE_UNIPROT_ENTRIES,MULTIPLE_MOUSE_UNIPROT_ENTRIES,docs/audits/ubuntu_DE_2026-10-08/significant_protein_coding_degs.csv,c9bf672d38f877361b3132065884d3a02e3132bcbf9901656b9f2cb04fdf3130,0.1.0
03,gene,ENSMUSG00000027534,held,MULTIPLE_MOUSE_UNIPROT_ENTRIES,MULTIPLE_MOUSE_UNIPROT_ENTRIES,docs/audits/ubuntu_DE_2026-10-08/significant_protein_coding_degs.csv,c9bf672d38f877361b3132065884d3a02e3132bcbf9901656b9f2cb04fdf3130,0.1.0
03,gene,ENSMUSG00000000555,held,MULTIPLE_MOUSE_UNIPROT_ENTRIES,MULTIPLE_MOUSE_UNIPROT_ENTRIES,docs/audits/ubuntu_DE_2026-10-08/significant_protein_coding_degs.csv,c9bf672d38f877361b3132065884d3a02e3132bcbf9901656b9f2cb04fdf3130,0.1.0
03,gene,ENSMUSG00000022146,held,MULTIPLE_MOUSE_UNIPROT_ENTRIES,MULTIPLE_MOUSE_UNIPROT_ENTRIES,docs/audits/ubuntu_DE_2026-10-08/significant_protein_coding_degs.csv,c9bf672d38f877361b3132065884d3a02e3132bcbf9901656b9f2cb04fdf3130,0.1.0
03,gene,ENSMUSG00000007080,held,MULTIPLE_MOUSE_UNIPROT_ENTRIES,MULTIPLE_MOUSE_UNIPROT_ENTRIES,docs/audits/ubuntu_DE_2026-10-08/significant_protein_coding_degs.csv,c9bf672d38f877361b3132065884d3a02e3132bcbf9901656b9f2cb04fdf3130,0.1.0
03,gene,ENSMUSG00000050552,pass,PASS_CURRENT_EXACT_XREF_DISPLAYED_SEQUENCE,PASS_CURRENT_EXACT_XREF_DISPLAYED_SEQUENCE,docs/audits/ubuntu_DE_2026-10-08/significant_protein_coding_degs.csv,c9bf672d38f877361b3132065884d3a02e3132bcbf9901656b9f2cb04fdf3130,0.1.0
03,gene,ENSMUSG00000042195,pass,PASS_CURRENT_EXACT_XREF_DISPLAYED_SEQUENCE,PASS_CURRENT_EXACT_XREF_DISPLAYED_SEQUENCE,docs/audits/ubuntu_DE_2026-10-08/significant_protein_coding_degs.csv,c9bf672d38f877361b3132065884d3a02e3132bcbf9901656b9f2cb04fdf3130,0.1.0
03,gene,ENSMUSG00000015484,pass,PASS_CURRENT_EXACT_XREF_DISPLAYED_SEQUENCE,PASS_CURRENT_EXACT_XREF_DISPLAYED_SEQUENCE,docs/audits/ubuntu_DE_2026-10-08/significant_protein_coding_degs.csv,c9bf672d38f877361b3132065884d3a02e3132bcbf9901656b9f2cb04fdf3130,0.1.0
03,gene,ENSMUSG00000022091,held,MULTIPLE_MOUSE_UNIPROT_ENTRIES,MULTIPLE_MOUSE_UNIPROT_ENTRIES,docs/audits/ubuntu_DE_2026-10-08/significant_protein_coding_degs.csv,c9bf672d38f877361b3132065884d3a02e3132bcbf9901656b9f2cb04fdf3130,0.1.0
03,gene,ENSMUSG00000035697,held,MULTIPLE_MOUSE_UNIPROT_ENTRIES,MULTIPLE_MOUSE_UNIPROT_ENTRIES,docs/audits/ubuntu_DE_2026-10-08/significant_protein_coding_degs.csv,c9bf672d38f877361b3132065884d3a02e3132bcbf9901656b9f2cb04fdf3130,0.1.0
03,gene,ENSMUSG00000016918,held,MULTIPLE_MOUSE_UNIPROT_ENTRIES,MULTIPLE_MOUSE_UNIPROT_ENTRIES,docs/audits/ubuntu_DE_2026-10-08/significant_protein_coding_degs.csv,c9bf672d38f877361b3132065884d3a02e3132bcbf9901656b9f2cb04fdf3130,0.1.0
03,gene,ENSMUSG00000030048,pass,PASS_CURRENT_EXACT_XREF_DISPLAYED_SEQUENCE,PASS_CURRENT_EXACT_XREF_DISPLAYED_SEQUENCE,docs/audits/ubuntu_DE_2026-10-08/significant_protein_coding_degs.csv,c9bf672d38f877361b3132065884d3a02e3132bcbf9901656b9f2cb04fdf3130,0.1.0
03,gene,ENSMUSG00000053470,held,MULTIPLE_MOUSE_UNIPROT_ENTRIES,MULTIPLE_MOUSE_UNIPROT_ENTRIES,docs/audits/ubuntu_DE_2026-10-08/significant_protein_coding_degs.csv,c9bf672d38f877361b3132065884d3a02e3132bcbf9901656b9f2cb04fdf3130,0.1.0
03,gene,ENSMUSG00000058388,held,MULTIPLE_MOUSE_UNIPROT_ENTRIES,MULTIPLE_MOUSE_UNIPROT_ENTRIES,docs/audits/ubuntu_DE_2026-10-08/significant_protein_coding_degs.csv,c9bf672d38f877361b3132065884d3a02e3132bcbf9901656b9f2cb04fdf3130,0.1.0
03,gene,ENSMUSG00000036390,held,MULTIPLE_MOUSE_UNIPROT_ENTRIES,MULTIPLE_MOUSE_UNIPROT_ENTRIES,docs/audits/ubuntu_DE_2026-10-08/significant_protein_coding_degs.csv,c9bf672d38f877361b3132065884d3a02e3132bcbf9901656b9f2cb04fdf3130,0.1.0
03,gene,ENSMUSG00000020205,pass,PASS_CURRENT_EXACT_XREF_DISPLAYED_SEQUENCE,PASS_CURRENT_EXACT_XREF_DISPLAYED_SEQUENCE,docs/audits/ubuntu_DE_2026-10-08/significant_protein_coding_degs.csv,c9bf672d38f877361b3132065884d3a02e3132bcbf9901656b9f2cb04fdf3130,0.1.0
03,gene,ENSMUSG00000022122,pass,PASS_CURRENT_EXACT_XREF_DISPLAYED_SEQUENCE,PASS_CURRENT_EXACT_XREF_DISPLAYED_SEQUENCE,docs/audits/ubuntu_DE_2026-10-08/significant_protein_coding_degs.csv,c9bf672d38f877361b3132065884d3a02e3132bcbf9901656b9f2cb04fdf3130,0.1.0
03,gene,ENSMUSG00000026344,held,MULTIPLE_MOUSE_UNIPROT_ENTRIES,MULTIPLE_MOUSE_UNIPROT_ENTRIES,docs/audits/ubuntu_DE_2026-10-08/significant_protein_coding_degs.csv,c9bf672d38f877361b3132065884d3a02e3132bcbf9901656b9f2cb04fdf3130,0.1.0
03,gene,ENSMUSG00000014856,held,MULTIPLE_MOUSE_UNIPROT_ENTRIES,MULTIPLE_MOUSE_UNIPROT_ENTRIES,docs/audits/ubuntu_DE_2026-10-08/significant_protein_coding_degs.csv,c9bf672d38f877361b3132065884d3a02e3132bcbf9901656b9f2cb04fdf3130,0.1.0
03,gene,ENSMUSG00000038860,held,MULTIPLE_MOUSE_UNIPROT_ENTRIES,MULTIPLE_MOUSE_UNIPROT_ENTRIES,docs/audits/ubuntu_DE_2026-10-08/significant_protein_coding_degs.csv,c9bf672d38f877361b3132065884d3a02e3132bcbf9901656b9f2cb04fdf3130,0.1.0
03,gene,ENSMUSG00000046318,held,MULTIPLE_MOUSE_UNIPROT_ENTRIES,MULTIPLE_MOUSE_UNIPROT_ENTRIES,docs/audits/ubuntu_DE_2026-10-08/significant_protein_coding_degs.csv,c9bf672d38f877361b3132065884d3a02e3132bcbf9901656b9f2cb04fdf3130,0.1.0
03,gene,ENSMUSG00000074575,held,MULTIPLE_MOUSE_UNIPROT_ENTRIES,MULTIPLE_MOUSE_UNIPROT_ENTRIES,docs/audits/ubuntu_DE_2026-10-08/significant_protein_coding_degs.csv,c9bf672d38f877361b3132065884d3a02e3132bcbf9901656b9f2cb04fdf3130,0.1.0
03,gene,ENSMUSG00000082229,pass,PASS_CURRENT_EXACT_XREF_DISPLAYED_SEQUENCE,PASS_CURRENT_EXACT_XREF_DISPLAYED_SEQUENCE,docs/audits/ubuntu_DE_2026-10-08/significant_protein_coding_degs.csv,c9bf672d38f877361b3132065884d3a02e3132bcbf9901656b9f2cb04fdf3130,0.1.0
03,gene,ENSMUSG00000021728,held,MULTIPLE_MOUSE_UNIPROT_ENTRIES,MULTIPLE_MOUSE_UNIPROT_ENTRIES,docs/audits/ubuntu_DE_2026-10-08/significant_protein_coding_degs.csv,c9bf672d38f877361b3132065884d3a02e3132bcbf9901656b9f2cb04fdf3130,0.1.0
03,gene,ENSMUSG00000019947,held,MULTIPLE_MOUSE_UNIPROT_ENTRIES,MULTIPLE_MOUSE_UNIPROT_ENTRIES,docs/audits/ubuntu_DE_2026-10-08/significant_protein_coding_degs.csv,c9bf672d38f877361b3132065884d3a02e3132bcbf9901656b9f2cb04fdf3130,0.1.0
03,gene,ENSMUSG00000025350,held,MULTIPLE_MOUSE_UNIPROT_ENTRIES,MULTIPLE_MOUSE_UNIPROT_ENTRIES,docs/audits/ubuntu_DE_2026-10-08/significant_protein_coding_degs.csv,c9bf672d38f877361b3132065884d3a02e3132bcbf9901656b9f2cb04fdf3130,0.1.0
03,gene,ENSMUSG00000020803,pass,PASS_CURRENT_EXACT_XREF_DISPLAYED_SEQUENCE,PASS_CURRENT_EXACT_XREF_DISPLAYED_SEQUENCE,docs/audits/ubuntu_DE_2026-10-08/significant_protein_coding_degs.csv,c9bf672d38f877361b3132065884d3a02e3132bcbf9901656b9f2cb04fdf3130,0.1.0
03,gene,ENSMUSG00000041440,held,MULTIPLE_MOUSE_UNIPROT_ENTRIES,MULTIPLE_MOUSE_UNIPROT_ENTRIES,docs/audits/ubuntu_DE_2026-10-08/significant_protein_coding_degs.csv,c9bf672d38f877361b3132065884d3a02e3132bcbf9901656b9f2cb04fdf3130,0.1.0
03,gene,ENSMUSG00000079481,held,MULTIPLE_MOUSE_UNIPROT_ENTRIES,MULTIPLE_MOUSE_UNIPROT_ENTRIES,docs/audits/ubuntu_DE_2026-10-08/significant_protein_coding_degs.csv,c9bf672d38f877361b3132065884d3a02e3132bcbf9901656b9f2cb04fdf3130,0.1.0
03,gene,ENSMUSG00000036078,pass,PASS_CURRENT_EXACT_XREF_DISPLAYED_SEQUENCE,PASS_CURRENT_EXACT_XREF_DISPLAYED_SEQUENCE,docs/audits/ubuntu_DE_2026-10-08/significant_protein_coding_degs.csv,c9bf672d38f877361b3132065884d3a02e3132bcbf9901656b9f2cb04fdf3130,0.1.0
03,gene,ENSMUSG00000056167,held,MULTIPLE_MOUSE_UNIPROT_ENTRIES,MULTIPLE_MOUSE_UNIPROT_ENTRIES,docs/audits/ubuntu_DE_2026-10-08/significant_protein_coding_degs.csv,c9bf672d38f877361b3132065884d3a02e3132bcbf9901656b9f2cb04fdf3130,0.1.0
03,gene,ENSMUSG00000046727,held,MULTIPLE_MOUSE_UNIPROT_ENTRIES,MULTIPLE_MOUSE_UNIPROT_ENTRIES,docs/audits/ubuntu_DE_2026-10-08/significant_protein_coding_degs.csv,c9bf672d38f877361b3132065884d3a02e3132bcbf9901656b9f2cb04fdf3130,0.1.0
03,gene,ENSMUSG00000002109,held,MULTIPLE_MOUSE_UNIPROT_ENTRIES,MULTIPLE_MOUSE_UNIPROT_ENTRIES,docs/audits/ubuntu_DE_2026-10-08/significant_protein_coding_degs.csv,c9bf672d38f877361b3132065884d3a02e3132bcbf9901656b9f2cb04fdf3130,0.1.0
03,gene,ENSMUSG00000024378,held,MULTIPLE_MOUSE_UNIPROT_ENTRIES,MULTIPLE_MOUSE_UNIPROT_ENTRIES,docs/audits/ubuntu_DE_2026-10-08/significant_protein_coding_degs.csv,c9bf672d38f877361b3132065884d3a02e3132bcbf9901656b9f2cb04fdf3130,0.1.0
03,gene,ENSMUSG00000028607,held,MULTIPLE_MOUSE_UNIPROT_ENTRIES,MULTIPLE_MOUSE_UNIPROT_ENTRIES,docs/audits/ubuntu_DE_2026-10-08/significant_protein_coding_degs.csv,c9bf672d38f877361b3132065884d3a02e3132bcbf9901656b9f2cb04fdf3130,0.1.0
03,gene,ENSMUSG00000074111,held,MULTIPLE_MOUSE_UNIPROT_ENTRIES,MULTIPLE_MOUSE_UNIPROT_ENTRIES,docs/audits/ubuntu_DE_2026-10-08/significant_protein_coding_degs.csv,c9bf672d38f877361b3132065884d3a02e3132bcbf9901656b9f2cb04fdf3130,0.1.0
03,gene,ENSMUSG00000025372,held,MULTIPLE_MOUSE_UNIPROT_ENTRIES,MULTIPLE_MOUSE_UNIPROT_ENTRIES,docs/audits/ubuntu_DE_2026-10-08/significant_protein_coding_degs.csv,c9bf672d38f877361b3132065884d3a02e3132bcbf9901656b9f2cb04fdf3130,0.1.0
03,gene,ENSMUSG00000022324,held,MULTIPLE_MOUSE_UNIPROT_ENTRIES,MULTIPLE_MOUSE_UNIPROT_ENTRIES,docs/audits/ubuntu_DE_2026-10-08/significant_protein_coding_degs.csv,c9bf672d38f877361b3132065884d3a02e3132bcbf9901656b9f2cb04fdf3130,0.1.0
03,gene,ENSMUSG00000034353,held,MULTIPLE_MOUSE_UNIPROT_ENTRIES,MULTIPLE_MOUSE_UNIPROT_ENTRIES,docs/audits/ubuntu_DE_2026-10-08/significant_protein_coding_degs.csv,c9bf672d38f877361b3132065884d3a02e3132bcbf9901656b9f2cb04fdf3130,0.1.0
03,gene,ENSMUSG00000026675,held,MULTIPLE_MOUSE_UNIPROT_ENTRIES,MULTIPLE_MOUSE_UNIPROT_ENTRIES,docs/audits/ubuntu_DE_2026-10-08/significant_protein_coding_degs.csv,c9bf672d38f877361b3132065884d3a02e3132bcbf9901656b9f2cb04fdf3130,0.1.0
03,gene,ENSMUSG00000004939,pass,PASS_CURRENT_EXACT_XREF_DISPLAYED_SEQUENCE,PASS_CURRENT_EXACT_XREF_DISPLAYED_SEQUENCE,docs/audits/ubuntu_DE_2026-10-08/significant_protein_coding_degs.csv,c9bf672d38f877361b3132065884d3a02e3132bcbf9901656b9f2cb04fdf3130,0.1.0
03,gene,ENSMUSG00000028020,held,MULTIPLE_MOUSE_UNIPROT_ENTRIES,MULTIPLE_MOUSE_UNIPROT_ENTRIES,docs/audits/ubuntu_DE_2026-10-08/significant_protein_coding_degs.csv,c9bf672d38f877361b3132065884d3a02e3132bcbf9901656b9f2cb04fdf3130,0.1.0
03,gene,ENSMUSG00000028262,held,MULTIPLE_MOUSE_UNIPROT_ENTRIES,MULTIPLE_MOUSE_UNIPROT_ENTRIES,docs/audits/ubuntu_DE_2026-10-08/significant_protein_coding_degs.csv,c9bf672d38f877361b3132065884d3a02e3132bcbf9901656b9f2cb04fdf3130,0.1.0
03,gene,ENSMUSG00000049281,held,MULTIPLE_MOUSE_UNIPROT_ENTRIES,MULTIPLE_MOUSE_UNIPROT_ENTRIES,docs/audits/ubuntu_DE_2026-10-08/significant_protein_coding_degs.csv,c9bf672d38f877361b3132065884d3a02e3132bcbf9901656b9f2cb04fdf3130,0.1.0
03,gene,ENSMUSG00000017002,held,MULTIPLE_MOUSE_UNIPROT_ENTRIES,MULTIPLE_MOUSE_UNIPROT_ENTRIES,docs/audits/ubuntu_DE_2026-10-08/significant_protein_coding_degs.csv,c9bf672d38f877361b3132065884d3a02e3132bcbf9901656b9f2cb04fdf3130,0.1.0
03,gene,ENSMUSG00000027394,held,MULTIPLE_MOUSE_UNIPROT_ENTRIES,MULTIPLE_MOUSE_UNIPROT_ENTRIES,docs/audits/ubuntu_DE_2026-10-08/significant_protein_coding_degs.csv,c9bf672d38f877361b3132065884d3a02e3132bcbf9901656b9f2cb04fdf3130,0.1.0
03,gene,ENSMUSG00000033760,held,MULTIPLE_MOUSE_UNIPROT_ENTRIES,MULTIPLE_MOUSE_UNIPROT_ENTRIES,docs/audits/ubuntu_DE_2026-10-08/significant_protein_coding_degs.csv,c9bf672d38f877361b3132065884d3a02e3132bcbf9901656b9f2cb04fdf3130,0.1.0
03,gene,ENSMUSG00000004207,held,MULTIPLE_MOUSE_UNIPROT_ENTRIES,MULTIPLE_MOUSE_UNIPROT_ENTRIES,docs/audits/ubuntu_DE_2026-10-08/significant_protein_coding_degs.csv,c9bf672d38f877361b3132065884d3a02e3132bcbf9901656b9f2cb04fdf3130,0.1.0
03,gene,ENSMUSG00000022389,held,MULTIPLE_MOUSE_UNIPROT_ENTRIES,MULTIPLE_MOUSE_UNIPROT_ENTRIES,docs/audits/ubuntu_DE_2026-10-08/significant_protein_coding_degs.csv,c9bf672d38f877361b3132065884d3a02e3132bcbf9901656b9f2cb04fdf3130,0.1.0
03,gene,ENSMUSG00000027797,held,MULTIPLE_MOUSE_UNIPROT_ENTRIES,MULTIPLE_MOUSE_UNIPROT_ENTRIES,docs/audits/ubuntu_DE_2026-10-08/significant_protein_coding_degs.csv,c9bf672d38f877361b3132065884d3a02e3132bcbf9901656b9f2cb04fdf3130,0.1.0
03,gene,ENSMUSG00000041577,pass,PASS_CURRENT_EXACT_XREF_DISPLAYED_SEQUENCE,PASS_CURRENT_EXACT_XREF_DISPLAYED_SEQUENCE,docs/audits/ubuntu_DE_2026-10-08/significant_protein_coding_degs.csv,c9bf672d38f877361b3132065884d3a02e3132bcbf9901656b9f2cb04fdf3130,0.1.0
03,gene,ENSMUSG00000062168,held,MULTIPLE_MOUSE_UNIPROT_ENTRIES,MULTIPLE_MOUSE_UNIPROT_ENTRIES,docs/audits/ubuntu_DE_2026-10-08/significant_protein_coding_degs.csv,c9bf672d38f877361b3132065884d3a02e3132bcbf9901656b9f2cb04fdf3130,0.1.0
03,gene,ENSMUSG00000035948,pass,PASS_CURRENT_EXACT_XREF_DISPLAYED_SEQUENCE,PASS_CURRENT_EXACT_XREF_DISPLAYED_SEQUENCE,docs/audits/ubuntu_DE_2026-10-08/significant_protein_coding_degs.csv,c9bf672d38f877361b3132065884d3a02e3132bcbf9901656b9f2cb04fdf3130,0.1.0
03,gene,ENSMUSG00000021250,pass,PASS_CURRENT_EXACT_XREF_DISPLAYED_SEQUENCE,PASS_CURRENT_EXACT_XREF_DISPLAYED_SEQUENCE,docs/audits/ubuntu_DE_2026-10-08/significant_protein_coding_degs.csv,c9bf672d38f877361b3132065884d3a02e3132bcbf9901656b9f2cb04fdf3130,0.1.0
03,gene,ENSMUSG00000028636,pass,PASS_CURRENT_EXACT_XREF_DISPLAYED_SEQUENCE,PASS_CURRENT_EXACT_XREF_DISPLAYED_SEQUENCE,docs/audits/ubuntu_DE_2026-10-08/significant_protein_coding_degs.csv,c9bf672d38f877361b3132065884d3a02e3132bcbf9901656b9f2cb04fdf3130,0.1.0
03,gene,ENSMUSG00000031099,held,MULTIPLE_MOUSE_UNIPROT_ENTRIES,MULTIPLE_MOUSE_UNIPROT_ENTRIES,docs/audits/ubuntu_DE_2026-10-08/significant_protein_coding_degs.csv,c9bf672d38f877361b3132065884d3a02e3132bcbf9901656b9f2cb04fdf3130,0.1.0
03,gene,ENSMUSG00000021037,held,MULTIPLE_MOUSE_UNIPROT_ENTRIES,MULTIPLE_MOUSE_UNIPROT_ENTRIES,docs/audits/ubuntu_DE_2026-10-08/significant_protein_coding_degs.csv,c9bf672d38f877361b3132065884d3a02e3132bcbf9901656b9f2cb04fdf3130,0.1.0
03,gene,ENSMUSG00000024413,pass,PASS_CURRENT_EXACT_XREF_DISPLAYED_SEQUENCE,PASS_CURRENT_EXACT_XREF_DISPLAYED_SEQUENCE,docs/audits/ubuntu_DE_2026-10-08/significant_protein_coding_degs.csv,c9bf672d38f877361b3132065884d3a02e3132bcbf9901656b9f2cb04fdf3130,0.1.0
03,gene,ENSMUSG00000056999,pass,PASS_CURRENT_EXACT_XREF_DISPLAYED_SEQUENCE,PASS_CURRENT_EXACT_XREF_DISPLAYED_SEQUENCE,docs/audits/ubuntu_DE_2026-10-08/significant_protein_coding_degs.csv,c9bf672d38f877361b3132065884d3a02e3132bcbf9901656b9f2cb04fdf3130,0.1.0
03,gene,ENSMUSG00000073838,held,MULTIPLE_MOUSE_UNIPROT_ENTRIES,MULTIPLE_MOUSE_UNIPROT_ENTRIES,docs/audits/ubuntu_DE_2026-10-08/significant_protein_coding_degs.csv,c9bf672d38f877361b3132065884d3a02e3132bcbf9901656b9f2cb04fdf3130,0.1.0
03,gene,ENSMUSG00000001768,held,MULTIPLE_MOUSE_UNIPROT_ENTRIES,MULTIPLE_MOUSE_UNIPROT_ENTRIES,docs/audits/ubuntu_DE_2026-10-08/significant_protein_coding_degs.csv,c9bf672d38f877361b3132065884d3a02e3132bcbf9901656b9f2cb04fdf3130,0.1.0
03,gene,ENSMUSG00000040943,held,MULTIPLE_MOUSE_UNIPROT_ENTRIES,MULTIPLE_MOUSE_UNIPROT_ENTRIES,docs/audits/ubuntu_DE_2026-10-08/significant_protein_coding_degs.csv,c9bf672d38f877361b3132065884d3a02e3132bcbf9901656b9f2cb04fdf3130,0.1.0
03,gene,ENSMUSG00000008450,held,MULTIPLE_MOUSE_UNIPROT_ENTRIES,MULTIPLE_MOUSE_UNIPROT_ENTRIES,docs/audits/ubuntu_DE_2026-10-08/significant_protein_coding_degs.csv,c9bf672d38f877361b3132065884d3a02e3132bcbf9901656b9f2cb04fdf3130,0.1.0
03,gene,ENSMUSG00000034320,held,MULTIPLE_MOUSE_UNIPROT_ENTRIES,MULTIPLE_MOUSE_UNIPROT_ENTRIES,docs/audits/ubuntu_DE_2026-10-08/significant_protein_coding_degs.csv,c9bf672d38f877361b3132065884d3a02e3132bcbf9901656b9f2cb04fdf3130,0.1.0
03,gene,ENSMUSG00000045140,pass,PASS_CURRENT_EXACT_XREF_DISPLAYED_SEQUENCE,PASS_CURRENT_EXACT_XREF_DISPLAYED_SEQUENCE,docs/audits/ubuntu_DE_2026-10-08/significant_protein_coding_degs.csv,c9bf672d38f877361b3132065884d3a02e3132bcbf9901656b9f2cb04fdf3130,0.1.0
03,gene,ENSMUSG00000032594,held,MULTIPLE_MOUSE_UNIPROT_ENTRIES,MULTIPLE_MOUSE_UNIPROT_ENTRIES,docs/audits/ubuntu_DE_2026-10-08/significant_protein_coding_degs.csv,c9bf672d38f877361b3132065884d3a02e3132bcbf9901656b9f2cb04fdf3130,0.1.0
03,gene,ENSMUSG00000031486,held,MULTIPLE_MOUSE_UNIPROT_ENTRIES,MULTIPLE_MOUSE_UNIPROT_ENTRIES,docs/audits/ubuntu_DE_2026-10-08/significant_protein_coding_degs.csv,c9bf672d38f877361b3132065884d3a02e3132bcbf9901656b9f2cb04fdf3130,0.1.0
03,gene,ENSMUSG00000068749,held,MULTIPLE_MOUSE_UNIPROT_ENTRIES,MULTIPLE_MOUSE_UNIPROT_ENTRIES,docs/audits/ubuntu_DE_2026-10-08/significant_protein_coding_degs.csv,c9bf672d38f877361b3132065884d3a02e3132bcbf9901656b9f2cb04fdf3130,0.1.0
03,gene,ENSMUSG00000072949,held,MULTIPLE_MOUSE_UNIPROT_ENTRIES,MULTIPLE_MOUSE_UNIPROT_ENTRIES,docs/audits/ubuntu_DE_2026-10-08/significant_protein_coding_degs.csv,c9bf672d38f877361b3132065884d3a02e3132bcbf9901656b9f2cb04fdf3130,0.1.0
03,gene,ENSMUSG00000024292,held,MULTIPLE_MOUSE_UNIPROT_ENTRIES,MULTIPLE_MOUSE_UNIPROT_ENTRIES,docs/audits/ubuntu_DE_2026-10-08/significant_protein_coding_degs.csv,c9bf672d38f877361b3132065884d3a02e3132bcbf9901656b9f2cb04fdf3130,0.1.0
03,gene,ENSMUSG00000019970,held,MULTIPLE_MOUSE_UNIPROT_ENTRIES,MULTIPLE_MOUSE_UNIPROT_ENTRIES,docs/audits/ubuntu_DE_2026-10-08/significant_protein_coding_degs.csv,c9bf672d38f877361b3132065884d3a02e3132bcbf9901656b9f2cb04fdf3130,0.1.0
03,gene,ENSMUSG00000022111,held,MULTIPLE_MOUSE_UNIPROT_ENTRIES,MULTIPLE_MOUSE_UNIPROT_ENTRIES,docs/audits/ubuntu_DE_2026-10-08/significant_protein_coding_degs.csv,c9bf672d38f877361b3132065884d3a02e3132bcbf9901656b9f2cb04fdf3130,0.1.0
03,gene,ENSMUSG00000040138,pass,PASS_CURRENT_EXACT_XREF_DISPLAYED_SEQUENCE,PASS_CURRENT_EXACT_XREF_DISPLAYED_SEQUENCE,docs/audits/ubuntu_DE_2026-10-08/significant_protein_coding_degs.csv,c9bf672d38f877361b3132065884d3a02e3132bcbf9901656b9f2cb04fdf3130,0.1.0
03,gene,ENSMUSG00000024261,pass,PASS_CURRENT_EXACT_XREF_DISPLAYED_SEQUENCE,PASS_CURRENT_EXACT_XREF_DISPLAYED_SEQUENCE,docs/audits/ubuntu_DE_2026-10-08/significant_protein_coding_degs.csv,c9bf672d38f877361b3132065884d3a02e3132bcbf9901656b9f2cb04fdf3130,0.1.0
03,gene,ENSMUSG00000021125,pass,PASS_CURRENT_EXACT_XREF_DISPLAYED_SEQUENCE,PASS_CURRENT_EXACT_XREF_DISPLAYED_SEQUENCE,docs/audits/ubuntu_DE_2026-10-08/significant_protein_coding_degs.csv,c9bf672d38f877361b3132065884d3a02e3132bcbf9901656b9f2cb04fdf3130,0.1.0
03,gene,ENSMUSG00000003444,pass,PASS_CURRENT_EXACT_XREF_DISPLAYED_SEQUENCE,PASS_CURRENT_EXACT_XREF_DISPLAYED_SEQUENCE,docs/audits/ubuntu_DE_2026-10-08/significant_protein_coding_degs.csv,c9bf672d38f877361b3132065884d3a02e3132bcbf9901656b9f2cb04fdf3130,0.1.0
03,gene,ENSMUSG00000004110,held,MULTIPLE_MOUSE_UNIPROT_ENTRIES,MULTIPLE_MOUSE_UNIPROT_ENTRIES,docs/audits/ubuntu_DE_2026-10-08/significant_protein_coding_degs.csv,c9bf672d38f877361b3132065884d3a02e3132bcbf9901656b9f2cb04fdf3130,0.1.0
03,gene,ENSMUSG00000021277,held,MULTIPLE_MOUSE_UNIPROT_ENTRIES,MULTIPLE_MOUSE_UNIPROT_ENTRIES,docs/audits/ubuntu_DE_2026-10-08/significant_protein_coding_degs.csv,c9bf672d38f877361b3132065884d3a02e3132bcbf9901656b9f2cb04fdf3130,0.1.0
03,gene,ENSMUSG00000044783,held,MULTIPLE_MOUSE_UNIPROT_ENTRIES,MULTIPLE_MOUSE_UNIPROT_ENTRIES,docs/audits/ubuntu_DE_2026-10-08/significant_protein_coding_degs.csv,c9bf672d38f877361b3132065884d3a02e3132bcbf9901656b9f2cb04fdf3130,0.1.0
03,gene,ENSMUSG00000056900,held,MULTIPLE_MOUSE_UNIPROT_ENTRIES,MULTIPLE_MOUSE_UNIPROT_ENTRIES,docs/audits/ubuntu_DE_2026-10-08/significant_protein_coding_degs.csv,c9bf672d38f877361b3132065884d3a02e3132bcbf9901656b9f2cb04fdf3130,0.1.0
03,gene,ENSMUSG00000049115,held,MULTIPLE_MOUSE_UNIPROT_ENTRIES,MULTIPLE_MOUSE_UNIPROT_ENTRIES,docs/audits/ubuntu_DE_2026-10-08/significant_protein_coding_degs.csv,c9bf672d38f877361b3132065884d3a02e3132bcbf9901656b9f2cb04fdf3130,0.1.0
03,gene,ENSMUSG00000002107,held,MULTIPLE_MOUSE_UNIPROT_ENTRIES,MULTIPLE_MOUSE_UNIPROT_ENTRIES,docs/audits/ubuntu_DE_2026-10-08/significant_protein_coding_degs.csv,c9bf672d38f877361b3132065884d3a02e3132bcbf9901656b9f2cb04fdf3130,0.1.0
03,gene,ENSMUSG00000024053,held,MULTIPLE_MOUSE_UNIPROT_ENTRIES,MULTIPLE_MOUSE_UNIPROT_ENTRIES,docs/audits/ubuntu_DE_2026-10-08/significant_protein_coding_degs.csv,c9bf672d38f877361b3132065884d3a02e3132bcbf9901656b9f2cb04fdf3130,0.1.0
03,gene,ENSMUSG00000031666,held,MULTIPLE_MOUSE_UNIPROT_ENTRIES,MULTIPLE_MOUSE_UNIPROT_ENTRIES,docs/audits/ubuntu_DE_2026-10-08/significant_protein_coding_degs.csv,c9bf672d38f877361b3132065884d3a02e3132bcbf9901656b9f2cb04fdf3130,0.1.0
03,gene,ENSMUSG00000059743,held,MULTIPLE_MOUSE_UNIPROT_ENTRIES,MULTIPLE_MOUSE_UNIPROT_ENTRIES,docs/audits/ubuntu_DE_2026-10-08/significant_protein_coding_degs.csv,c9bf672d38f877361b3132065884d3a02e3132bcbf9901656b9f2cb04fdf3130,0.1.0
03,gene,ENSMUSG00000020614,pass,PASS_CURRENT_EXACT_XREF_DISPLAYED_SEQUENCE,PASS_CURRENT_EXACT_XREF_DISPLAYED_SEQUENCE,docs/audits/ubuntu_DE_2026-10-08/significant_protein_coding_degs.csv,c9bf672d38f877361b3132065884d3a02e3132bcbf9901656b9f2cb04fdf3130,0.1.0
03,gene,ENSMUSG00000041417,held,MULTIPLE_MOUSE_UNIPROT_ENTRIES,MULTIPLE_MOUSE_UNIPROT_ENTRIES,docs/audits/ubuntu_DE_2026-10-08/significant_protein_coding_degs.csv,c9bf672d38f877361b3132065884d3a02e3132bcbf9901656b9f2cb04fdf3130,0.1.0
03,gene,ENSMUSG00000070604,held,MULTIPLE_MOUSE_UNIPROT_ENTRIES,MULTIPLE_MOUSE_UNIPROT_ENTRIES,docs/audits/ubuntu_DE_2026-10-08/significant_protein_coding_degs.csv,c9bf672d38f877361b3132065884d3a02e3132bcbf9901656b9f2cb04fdf3130,0.1.0
03,gene,ENSMUSG00000030096,held,MULTIPLE_MOUSE_UNIPROT_ENTRIES,MULTIPLE_MOUSE_UNIPROT_ENTRIES,docs/audits/ubuntu_DE_2026-10-08/significant_protein_coding_degs.csv,c9bf672d38f877361b3132065884d3a02e3132bcbf9901656b9f2cb04fdf3130,0.1.0
03,gene,ENSMUSG00000032281,held,MULTIPLE_MOUSE_UNIPROT_ENTRIES,MULTIPLE_MOUSE_UNIPROT_ENTRIES,docs/audits/ubuntu_DE_2026-10-08/significant_protein_coding_degs.csv,c9bf672d38f877361b3132065884d3a02e3132bcbf9901656b9f2cb04fdf3130,0.1.0
03,gene,ENSMUSG00000036353,held,MULTIPLE_MOUSE_UNIPROT_ENTRIES,MULTIPLE_MOUSE_UNIPROT_ENTRIES,docs/audits/ubuntu_DE_2026-10-08/significant_protein_coding_degs.csv,c9bf672d38f877361b3132065884d3a02e3132bcbf9901656b9f2cb04fdf3130,0.1.0
03,gene,ENSMUSG00000038534,pass,PASS_CURRENT_EXACT_XREF_DISPLAYED_SEQUENCE,PASS_CURRENT_EXACT_XREF_DISPLAYED_SEQUENCE,docs/audits/ubuntu_DE_2026-10-08/significant_protein_coding_degs.csv,c9bf672d38f877361b3132065884d3a02e3132bcbf9901656b9f2cb04fdf3130,0.1.0
03,gene,ENSMUSG00000048355,held,MULTIPLE_MOUSE_UNIPROT_ENTRIES,MULTIPLE_MOUSE_UNIPROT_ENTRIES,docs/audits/ubuntu_DE_2026-10-08/significant_protein_coding_degs.csv,c9bf672d38f877361b3132065884d3a02e3132bcbf9901656b9f2cb04fdf3130,0.1.0
03,gene,ENSMUSG00000066705,pass,PASS_CURRENT_EXACT_XREF_DISPLAYED_SEQUENCE,PASS_CURRENT_EXACT_XREF_DISPLAYED_SEQUENCE,docs/audits/ubuntu_DE_2026-10-08/significant_protein_coding_degs.csv,c9bf672d38f877361b3132065884d3a02e3132bcbf9901656b9f2cb04fdf3130,0.1.0
03,gene,ENSMUSG00000029752,held,MULTIPLE_MOUSE_UNIPROT_ENTRIES,MULTIPLE_MOUSE_UNIPROT_ENTRIES,docs/audits/ubuntu_DE_2026-10-08/significant_protein_coding_degs.csv,c9bf672d38f877361b3132065884d3a02e3132bcbf9901656b9f2cb04fdf3130,0.1.0
03,gene,ENSMUSG00000059772,held,MULTIPLE_MOUSE_UNIPROT_ENTRIES,MULTIPLE_MOUSE_UNIPROT_ENTRIES,docs/audits/ubuntu_DE_2026-10-08/significant_protein_coding_degs.csv,c9bf672d38f877361b3132065884d3a02e3132bcbf9901656b9f2cb04fdf3130,0.1.0
03,gene,ENSMUSG00000095362,held,MULTIPLE_MOUSE_UNIPROT_ENTRIES,MULTIPLE_MOUSE_UNIPROT_ENTRIES,docs/audits/ubuntu_DE_2026-10-08/significant_protein_coding_degs.csv,c9bf672d38f877361b3132065884d3a02e3132bcbf9901656b9f2cb04fdf3130,0.1.0
03,gene,ENSMUSG00000026020,held,MULTIPLE_MOUSE_UNIPROT_ENTRIES,MULTIPLE_MOUSE_UNIPROT_ENTRIES,docs/audits/ubuntu_DE_2026-10-08/significant_protein_coding_degs.csv,c9bf672d38f877361b3132065884d3a02e3132bcbf9901656b9f2cb04fdf3130,0.1.0
03,gene,ENSMUSG00000027133,pass,PASS_CURRENT_EXACT_XREF_DISPLAYED_SEQUENCE,PASS_CURRENT_EXACT_XREF_DISPLAYED_SEQUENCE,docs/audits/ubuntu_DE_2026-10-08/significant_protein_coding_degs.csv,c9bf672d38f877361b3132065884d3a02e3132bcbf9901656b9f2cb04fdf3130,0.1.0
03,gene,ENSMUSG00000063011,held,MULTIPLE_MOUSE_UNIPROT_ENTRIES,MULTIPLE_MOUSE_UNIPROT_ENTRIES,docs/audits/ubuntu_DE_2026-10-08/significant_protein_coding_degs.csv,c9bf672d38f877361b3132065884d3a02e3132bcbf9901656b9f2cb04fdf3130,0.1.0
03,gene,ENSMUSG00000022773,held,MULTIPLE_MOUSE_UNIPROT_ENTRIES,MULTIPLE_MOUSE_UNIPROT_ENTRIES,docs/audits/ubuntu_DE_2026-10-08/significant_protein_coding_degs.csv,c9bf672d38f877361b3132065884d3a02e3132bcbf9901656b9f2cb04fdf3130,0.1.0
03,gene,ENSMUSG00000028060,held,MULTIPLE_MOUSE_UNIPROT_ENTRIES,MULTIPLE_MOUSE_UNIPROT_ENTRIES,docs/audits/ubuntu_DE_2026-10-08/significant_protein_coding_degs.csv,c9bf672d38f877361b3132065884d3a02e3132bcbf9901656b9f2cb04fdf3130,0.1.0
03,gene,ENSMUSG00000090667,pass,PASS_CURRENT_EXACT_XREF_DISPLAYED_SEQUENCE,PASS_CURRENT_EXACT_XREF_DISPLAYED_SEQUENCE,docs/audits/ubuntu_DE_2026-10-08/significant_protein_coding_degs.csv,c9bf672d38f877361b3132065884d3a02e3132bcbf9901656b9f2cb04fdf3130,0.1.0
03,gene,ENSMUSG00000033633,held,MULTIPLE_MOUSE_UNIPROT_ENTRIES,MULTIPLE_MOUSE_UNIPROT_ENTRIES,docs/audits/ubuntu_DE_2026-10-08/significant_protein_coding_degs.csv,c9bf672d38f877361b3132065884d3a02e3132bcbf9901656b9f2cb04fdf3130,0.1.0
03,gene,ENSMUSG00000001128,pass,PASS_CURRENT_EXACT_XREF_DISPLAYED_SEQUENCE,PASS_CURRENT_EXACT_XREF_DISPLAYED_SEQUENCE,docs/audits/ubuntu_DE_2026-10-08/significant_protein_coding_degs.csv,c9bf672d38f877361b3132065884d3a02e3132bcbf9901656b9f2cb04fdf3130,0.1.0
03,gene,ENSMUSG00000038583,pass,PASS_CURRENT_EXACT_XREF_DISPLAYED_SEQUENCE,PASS_CURRENT_EXACT_XREF_DISPLAYED_SEQUENCE,docs/audits/ubuntu_DE_2026-10-08/significant_protein_coding_degs.csv,c9bf672d38f877361b3132065884d3a02e3132bcbf9901656b9f2cb04fdf3130,0.1.0
03,gene,ENSMUSG00000029919,pass,PASS_CURRENT_EXACT_XREF_DISPLAYED_SEQUENCE,PASS_CURRENT_EXACT_XREF_DISPLAYED_SEQUENCE,docs/audits/ubuntu_DE_2026-10-08/significant_protein_coding_degs.csv,c9bf672d38f877361b3132065884d3a02e3132bcbf9901656b9f2cb04fdf3130,0.1.0
03,gene,ENSMUSG00000006800,held,MULTIPLE_MOUSE_UNIPROT_ENTRIES,MULTIPLE_MOUSE_UNIPROT_ENTRIES,docs/audits/ubuntu_DE_2026-10-08/significant_protein_coding_degs.csv,c9bf672d38f877361b3132065884d3a02e3132bcbf9901656b9f2cb04fdf3130,0.1.0
03,gene,ENSMUSG00000028755,pass,PASS_CURRENT_EXACT_XREF_DISPLAYED_SEQUENCE,PASS_CURRENT_EXACT_XREF_DISPLAYED_SEQUENCE,docs/audits/ubuntu_DE_2026-10-08/significant_protein_coding_degs.csv,c9bf672d38f877361b3132065884d3a02e3132bcbf9901656b9f2cb04fdf3130,0.1.0
03,gene,ENSMUSG00000075705,held,NO_CURRENT_EXACT_ENSEMBL_XREF,NO_CURRENT_EXACT_ENSEMBL_XREF,docs/audits/ubuntu_DE_2026-10-08/significant_protein_coding_degs.csv,c9bf672d38f877361b3132065884d3a02e3132bcbf9901656b9f2cb04fdf3130,0.1.0
03,gene,ENSMUSG00000028974,pass,PASS_CURRENT_EXACT_XREF_DISPLAYED_SEQUENCE,PASS_CURRENT_EXACT_XREF_DISPLAYED_SEQUENCE,docs/audits/ubuntu_DE_2026-10-08/significant_protein_coding_degs.csv,c9bf672d38f877361b3132065884d3a02e3132bcbf9901656b9f2cb04fdf3130,0.1.0
03,gene,ENSMUSG00000027843,held,MULTIPLE_MOUSE_UNIPROT_ENTRIES,MULTIPLE_MOUSE_UNIPROT_ENTRIES,docs/audits/ubuntu_DE_2026-10-08/significant_protein_coding_degs.csv,c9bf672d38f877361b3132065884d3a02e3132bcbf9901656b9f2cb04fdf3130,0.1.0
03,gene,ENSMUSG00000035877,held,MULTIPLE_MOUSE_UNIPROT_ENTRIES,MULTIPLE_MOUSE_UNIPROT_ENTRIES,docs/audits/ubuntu_DE_2026-10-08/significant_protein_coding_degs.csv,c9bf672d38f877361b3132065884d3a02e3132bcbf9901656b9f2cb04fdf3130,0.1.0
03,gene,ENSMUSG00000002699,held,MULTIPLE_MOUSE_UNIPROT_ENTRIES,MULTIPLE_MOUSE_UNIPROT_ENTRIES,docs/audits/ubuntu_DE_2026-10-08/significant_protein_coding_degs.csv,c9bf672d38f877361b3132065884d3a02e3132bcbf9901656b9f2cb04fdf3130,0.1.0
03,gene,ENSMUSG00000020105,pass,PASS_CURRENT_EXACT_XREF_DISPLAYED_SEQUENCE,PASS_CURRENT_EXACT_XREF_DISPLAYED_SEQUENCE,docs/audits/ubuntu_DE_2026-10-08/significant_protein_coding_degs.csv,c9bf672d38f877361b3132065884d3a02e3132bcbf9901656b9f2cb04fdf3130,0.1.0
03,gene,ENSMUSG00000025352,pass,PASS_CURRENT_EXACT_XREF_DISPLAYED_SEQUENCE,PASS_CURRENT_EXACT_XREF_DISPLAYED_SEQUENCE,docs/audits/ubuntu_DE_2026-10-08/significant_protein_coding_degs.csv,c9bf672d38f877361b3132065884d3a02e3132bcbf9901656b9f2cb04fdf3130,0.1.0
03,gene,ENSMUSG00000028108,held,MULTIPLE_MOUSE_UNIPROT_ENTRIES,MULTIPLE_MOUSE_UNIPROT_ENTRIES,docs/audits/ubuntu_DE_2026-10-08/significant_protein_coding_degs.csv,c9bf672d38f877361b3132065884d3a02e3132bcbf9901656b9f2cb04fdf3130,0.1.0
03,gene,ENSMUSG00000031563,pass,PASS_CURRENT_EXACT_XREF_DISPLAYED_SEQUENCE,PASS_CURRENT_EXACT_XREF_DISPLAYED_SEQUENCE,docs/audits/ubuntu_DE_2026-10-08/significant_protein_coding_degs.csv,c9bf672d38f877361b3132065884d3a02e3132bcbf9901656b9f2cb04fdf3130,0.1.0
03,gene,ENSMUSG00000041653,pass,PASS_CURRENT_EXACT_XREF_DISPLAYED_SEQUENCE,PASS_CURRENT_EXACT_XREF_DISPLAYED_SEQUENCE,docs/audits/ubuntu_DE_2026-10-08/significant_protein_coding_degs.csv,c9bf672d38f877361b3132065884d3a02e3132bcbf9901656b9f2cb04fdf3130,0.1.0
03,gene,ENSMUSG00000046818,held,MULTIPLE_MOUSE_UNIPROT_ENTRIES,MULTIPLE_MOUSE_UNIPROT_ENTRIES,docs/audits/ubuntu_DE_2026-10-08/significant_protein_coding_degs.csv,c9bf672d38f877361b3132065884d3a02e3132bcbf9901656b9f2cb04fdf3130,0.1.0
03,gene,ENSMUSG00000060152,pass,PASS_CURRENT_EXACT_XREF_DISPLAYED_SEQUENCE,PASS_CURRENT_EXACT_XREF_DISPLAYED_SEQUENCE,docs/audits/ubuntu_DE_2026-10-08/significant_protein_coding_degs.csv,c9bf672d38f877361b3132065884d3a02e3132bcbf9901656b9f2cb04fdf3130,0.1.0
03,gene,ENSMUSG00000051648,held,MULTIPLE_MOUSE_UNIPROT_ENTRIES,MULTIPLE_MOUSE_UNIPROT_ENTRIES,docs/audits/ubuntu_DE_2026-10-08/significant_protein_coding_degs.csv,c9bf672d38f877361b3132065884d3a02e3132bcbf9901656b9f2cb04fdf3130,0.1.0
03,gene,ENSMUSG00000022332,held,MULTIPLE_MOUSE_UNIPROT_ENTRIES,MULTIPLE_MOUSE_UNIPROT_ENTRIES,docs/audits/ubuntu_DE_2026-10-08/significant_protein_coding_degs.csv,c9bf672d38f877361b3132065884d3a02e3132bcbf9901656b9f2cb04fdf3130,0.1.0
03,gene,ENSMUSG00000025017,pass,PASS_CURRENT_EXACT_XREF_DISPLAYED_SEQUENCE,PASS_CURRENT_EXACT_XREF_DISPLAYED_SEQUENCE,docs/audits/ubuntu_DE_2026-10-08/significant_protein_coding_degs.csv,c9bf672d38f877361b3132065884d3a02e3132bcbf9901656b9f2cb04fdf3130,0.1.0
03,gene,ENSMUSG00000059173,held,MULTIPLE_MOUSE_UNIPROT_ENTRIES,MULTIPLE_MOUSE_UNIPROT_ENTRIES,docs/audits/ubuntu_DE_2026-10-08/significant_protein_coding_degs.csv,c9bf672d38f877361b3132065884d3a02e3132bcbf9901656b9f2cb04fdf3130,0.1.0
03,gene,ENSMUSG00000025321,pass,PASS_CURRENT_EXACT_XREF_DISPLAYED_SEQUENCE,PASS_CURRENT_EXACT_XREF_DISPLAYED_SEQUENCE,docs/audits/ubuntu_DE_2026-10-08/significant_protein_coding_degs.csv,c9bf672d38f877361b3132065884d3a02e3132bcbf9901656b9f2cb04fdf3130,0.1.0
03,gene,ENSMUSG00000024300,held,MULTIPLE_MOUSE_UNIPROT_ENTRIES,MULTIPLE_MOUSE_UNIPROT_ENTRIES,docs/audits/ubuntu_DE_2026-10-08/significant_protein_coding_degs.csv,c9bf672d38f877361b3132065884d3a02e3132bcbf9901656b9f2cb04fdf3130,0.1.0
03,gene,ENSMUSG00000023017,pass,PASS_CURRENT_EXACT_XREF_DISPLAYED_SEQUENCE,PASS_CURRENT_EXACT_XREF_DISPLAYED_SEQUENCE,docs/audits/ubuntu_DE_2026-10-08/significant_protein_coding_degs.csv,c9bf672d38f877361b3132065884d3a02e3132bcbf9901656b9f2cb04fdf3130,0.1.0
03,gene,ENSMUSG00000006360,held,MULTIPLE_MOUSE_UNIPROT_ENTRIES,MULTIPLE_MOUSE_UNIPROT_ENTRIES,docs/audits/ubuntu_DE_2026-10-08/significant_protein_coding_degs.csv,c9bf672d38f877361b3132065884d3a02e3132bcbf9901656b9f2cb04fdf3130,0.1.0
03,gene,ENSMUSG00000042961,held,MULTIPLE_MOUSE_UNIPROT_ENTRIES,MULTIPLE_MOUSE_UNIPROT_ENTRIES,docs/audits/ubuntu_DE_2026-10-08/significant_protein_coding_degs.csv,c9bf672d38f877361b3132065884d3a02e3132bcbf9901656b9f2cb04fdf3130,0.1.0
03,gene,ENSMUSG00000018909,held,MULTIPLE_MOUSE_UNIPROT_ENTRIES,MULTIPLE_MOUSE_UNIPROT_ENTRIES,docs/audits/ubuntu_DE_2026-10-08/significant_protein_coding_degs.csv,c9bf672d38f877361b3132065884d3a02e3132bcbf9901656b9f2cb04fdf3130,0.1.0
03,gene,ENSMUSG00000038555,pass,PASS_CURRENT_EXACT_XREF_DISPLAYED_SEQUENCE,PASS_CURRENT_EXACT_XREF_DISPLAYED_SEQUENCE,docs/audits/ubuntu_DE_2026-10-08/significant_protein_coding_degs.csv,c9bf672d38f877361b3132065884d3a02e3132bcbf9901656b9f2cb04fdf3130,0.1.0
03,gene,ENSMUSG00000024677,held,MULTIPLE_MOUSE_UNIPROT_ENTRIES,MULTIPLE_MOUSE_UNIPROT_ENTRIES,docs/audits/ubuntu_DE_2026-10-08/significant_protein_coding_degs.csv,c9bf672d38f877361b3132065884d3a02e3132bcbf9901656b9f2cb04fdf3130,0.1.0
03,gene,ENSMUSG00000069844,held,MULTIPLE_MOUSE_UNIPROT_ENTRIES,MULTIPLE_MOUSE_UNIPROT_ENTRIES,docs/audits/ubuntu_DE_2026-10-08/significant_protein_coding_degs.csv,c9bf672d38f877361b3132065884d3a02e3132bcbf9901656b9f2cb04fdf3130,0.1.0
03,gene,ENSMUSG00000039313,held,MULTIPLE_MOUSE_UNIPROT_ENTRIES,MULTIPLE_MOUSE_UNIPROT_ENTRIES,docs/audits/ubuntu_DE_2026-10-08/significant_protein_coding_degs.csv,c9bf672d38f877361b3132065884d3a02e3132bcbf9901656b9f2cb04fdf3130,0.1.0
03,gene,ENSMUSG00000034880,pass,PASS_CURRENT_EXACT_XREF_DISPLAYED_SEQUENCE,PASS_CURRENT_EXACT_XREF_DISPLAYED_SEQUENCE,docs/audits/ubuntu_DE_2026-10-08/significant_protein_coding_degs.csv,c9bf672d38f877361b3132065884d3a02e3132bcbf9901656b9f2cb04fdf3130,0.1.0
03,gene,ENSMUSG00000041773,pass,PASS_CURRENT_EXACT_XREF_DISPLAYED_SEQUENCE,PASS_CURRENT_EXACT_XREF_DISPLAYED_SEQUENCE,docs/audits/ubuntu_DE_2026-10-08/significant_protein_coding_degs.csv,c9bf672d38f877361b3132065884d3a02e3132bcbf9901656b9f2cb04fdf3130,0.1.0
03,gene,ENSMUSG00000059970,pass,PASS_CURRENT_EXACT_XREF_DISPLAYED_SEQUENCE,PASS_CURRENT_EXACT_XREF_DISPLAYED_SEQUENCE,docs/audits/ubuntu_DE_2026-10-08/significant_protein_coding_degs.csv,c9bf672d38f877361b3132065884d3a02e3132bcbf9901656b9f2cb04fdf3130,0.1.0
03,gene,ENSMUSG00000078451,held,MULTIPLE_MOUSE_UNIPROT_ENTRIES,MULTIPLE_MOUSE_UNIPROT_ENTRIES,docs/audits/ubuntu_DE_2026-10-08/significant_protein_coding_degs.csv,c9bf672d38f877361b3132065884d3a02e3132bcbf9901656b9f2cb04fdf3130,0.1.0
03,gene,ENSMUSG00000020150,pass,PASS_CURRENT_EXACT_XREF_DISPLAYED_SEQUENCE,PASS_CURRENT_EXACT_XREF_DISPLAYED_SEQUENCE,docs/audits/ubuntu_DE_2026-10-08/significant_protein_coding_degs.csv,c9bf672d38f877361b3132065884d3a02e3132bcbf9901656b9f2cb04fdf3130,0.1.0
03,gene,ENSMUSG00000021253,pass,PASS_CURRENT_EXACT_XREF_DISPLAYED_SEQUENCE,PASS_CURRENT_EXACT_XREF_DISPLAYED_SEQUENCE,docs/audits/ubuntu_DE_2026-10-08/significant_protein_coding_degs.csv,c9bf672d38f877361b3132065884d3a02e3132bcbf9901656b9f2cb04fdf3130,0.1.0
03,gene,ENSMUSG00000054717,held,MULTIPLE_MOUSE_UNIPROT_ENTRIES,MULTIPLE_MOUSE_UNIPROT_ENTRIES,docs/audits/ubuntu_DE_2026-10-08/significant_protein_coding_degs.csv,c9bf672d38f877361b3132065884d3a02e3132bcbf9901656b9f2cb04fdf3130,0.1.0
03,gene,ENSMUSG00000024974,pass,PASS_CURRENT_EXACT_XREF_DISPLAYED_SEQUENCE,PASS_CURRENT_EXACT_XREF_DISPLAYED_SEQUENCE,docs/audits/ubuntu_DE_2026-10-08/significant_protein_coding_degs.csv,c9bf672d38f877361b3132065884d3a02e3132bcbf9901656b9f2cb04fdf3130,0.1.0
03,gene,ENSMUSG00000039967,pass,PASS_CURRENT_EXACT_XREF_DISPLAYED_SEQUENCE,PASS_CURRENT_EXACT_XREF_DISPLAYED_SEQUENCE,docs/audits/ubuntu_DE_2026-10-08/significant_protein_coding_degs.csv,c9bf672d38f877361b3132065884d3a02e3132bcbf9901656b9f2cb04fdf3130,0.1.0
03,gene,ENSMUSG00000066892,held,MULTIPLE_MOUSE_UNIPROT_ENTRIES,MULTIPLE_MOUSE_UNIPROT_ENTRIES,docs/audits/ubuntu_DE_2026-10-08/significant_protein_coding_degs.csv,c9bf672d38f877361b3132065884d3a02e3132bcbf9901656b9f2cb04fdf3130,0.1.0
03,gene,ENSMUSG00000074170,pass,PASS_CURRENT_EXACT_XREF_DISPLAYED_SEQUENCE,PASS_CURRENT_EXACT_XREF_DISPLAYED_SEQUENCE,docs/audits/ubuntu_DE_2026-10-08/significant_protein_coding_degs.csv,c9bf672d38f877361b3132065884d3a02e3132bcbf9901656b9f2cb04fdf3130,0.1.0
03,gene,ENSMUSG00000027195,pass,PASS_CURRENT_EXACT_XREF_DISPLAYED_SEQUENCE,PASS_CURRENT_EXACT_XREF_DISPLAYED_SEQUENCE,docs/audits/ubuntu_DE_2026-10-08/significant_protein_coding_degs.csv,c9bf672d38f877361b3132065884d3a02e3132bcbf9901656b9f2cb04fdf3130,0.1.0
03,gene,ENSMUSG00000028444,held,MULTIPLE_MOUSE_UNIPROT_ENTRIES,MULTIPLE_MOUSE_UNIPROT_ENTRIES,docs/audits/ubuntu_DE_2026-10-08/significant_protein_coding_degs.csv,c9bf672d38f877361b3132065884d3a02e3132bcbf9901656b9f2cb04fdf3130,0.1.0
03,gene,ENSMUSG00000032023,held,MULTIPLE_MOUSE_UNIPROT_ENTRIES,MULTIPLE_MOUSE_UNIPROT_ENTRIES,docs/audits/ubuntu_DE_2026-10-08/significant_protein_coding_degs.csv,c9bf672d38f877361b3132065884d3a02e3132bcbf9901656b9f2cb04fdf3130,0.1.0
03,gene,ENSMUSG00000041679,held,MULTIPLE_MOUSE_UNIPROT_ENTRIES,MULTIPLE_MOUSE_UNIPROT_ENTRIES,docs/audits/ubuntu_DE_2026-10-08/significant_protein_coding_degs.csv,c9bf672d38f877361b3132065884d3a02e3132bcbf9901656b9f2cb04fdf3130,0.1.0
03,gene,ENSMUSG00000078958,held,MULTIPLE_MOUSE_UNIPROT_ENTRIES,MULTIPLE_MOUSE_UNIPROT_ENTRIES,docs/audits/ubuntu_DE_2026-10-08/significant_protein_coding_degs.csv,c9bf672d38f877361b3132065884d3a02e3132bcbf9901656b9f2cb04fdf3130,0.1.0
03,gene,ENSMUSG00000024065,pass,PASS_CURRENT_EXACT_XREF_DISPLAYED_SEQUENCE,PASS_CURRENT_EXACT_XREF_DISPLAYED_SEQUENCE,docs/audits/ubuntu_DE_2026-10-08/significant_protein_coding_degs.csv,c9bf672d38f877361b3132065884d3a02e3132bcbf9901656b9f2cb04fdf3130,0.1.0
03,gene,ENSMUSG00000072774,held,MULTIPLE_MOUSE_UNIPROT_ENTRIES,MULTIPLE_MOUSE_UNIPROT_ENTRIES,docs/audits/ubuntu_DE_2026-10-08/significant_protein_coding_degs.csv,c9bf672d38f877361b3132065884d3a02e3132bcbf9901656b9f2cb04fdf3130,0.1.0
03,gene,ENSMUSG00000042817,pass,PASS_CURRENT_EXACT_XREF_DISPLAYED_SEQUENCE,PASS_CURRENT_EXACT_XREF_DISPLAYED_SEQUENCE,docs/audits/ubuntu_DE_2026-10-08/significant_protein_coding_degs.csv,c9bf672d38f877361b3132065884d3a02e3132bcbf9901656b9f2cb04fdf3130,0.1.0
03,gene,ENSMUSG00000028125,held,MULTIPLE_MOUSE_UNIPROT_ENTRIES,MULTIPLE_MOUSE_UNIPROT_ENTRIES,docs/audits/ubuntu_DE_2026-10-08/significant_protein_coding_degs.csv,c9bf672d38f877361b3132065884d3a02e3132bcbf9901656b9f2cb04fdf3130,0.1.0
03,gene,ENSMUSG00000028413,held,MULTIPLE_MOUSE_UNIPROT_ENTRIES,MULTIPLE_MOUSE_UNIPROT_ENTRIES,docs/audits/ubuntu_DE_2026-10-08/significant_protein_coding_degs.csv,c9bf672d38f877361b3132065884d3a02e3132bcbf9901656b9f2cb04fdf3130,0.1.0
03,gene,ENSMUSG00000038506,held,MULTIPLE_MOUSE_UNIPROT_ENTRIES,MULTIPLE_MOUSE_UNIPROT_ENTRIES,docs/audits/ubuntu_DE_2026-10-08/significant_protein_coding_degs.csv,c9bf672d38f877361b3132065884d3a02e3132bcbf9901656b9f2cb04fdf3130,0.1.0
03,gene,ENSMUSG00000024681,pass,PASS_CURRENT_EXACT_XREF_DISPLAYED_SEQUENCE,PASS_CURRENT_EXACT_XREF_DISPLAYED_SEQUENCE,docs/audits/ubuntu_DE_2026-10-08/significant_protein_coding_degs.csv,c9bf672d38f877361b3132065884d3a02e3132bcbf9901656b9f2cb04fdf3130,0.1.0
03,gene,ENSMUSG00000031328,held,MULTIPLE_MOUSE_UNIPROT_ENTRIES,MULTIPLE_MOUSE_UNIPROT_ENTRIES,docs/audits/ubuntu_DE_2026-10-08/significant_protein_coding_degs.csv,c9bf672d38f877361b3132065884d3a02e3132bcbf9901656b9f2cb04fdf3130,0.1.0
03,gene,ENSMUSG00000028385,pass,PASS_CURRENT_EXACT_XREF_DISPLAYED_SEQUENCE,PASS_CURRENT_EXACT_XREF_DISPLAYED_SEQUENCE,docs/audits/ubuntu_DE_2026-10-08/significant_protein_coding_degs.csv,c9bf672d38f877361b3132065884d3a02e3132bcbf9901656b9f2cb04fdf3130,0.1.0
03,gene,ENSMUSG00000028391,held,MULTIPLE_MOUSE_UNIPROT_ENTRIES,MULTIPLE_MOUSE_UNIPROT_ENTRIES,docs/audits/ubuntu_DE_2026-10-08/significant_protein_coding_degs.csv,c9bf672d38f877361b3132065884d3a02e3132bcbf9901656b9f2cb04fdf3130,0.1.0
03,gene,ENSMUSG00000037161,held,MULTIPLE_MOUSE_UNIPROT_ENTRIES,MULTIPLE_MOUSE_UNIPROT_ENTRIES,docs/audits/ubuntu_DE_2026-10-08/significant_protein_coding_degs.csv,c9bf672d38f877361b3132065884d3a02e3132bcbf9901656b9f2cb04fdf3130,0.1.0
03,gene,ENSMUSG00000031775,held,MULTIPLE_MOUSE_UNIPROT_ENTRIES,MULTIPLE_MOUSE_UNIPROT_ENTRIES,docs/audits/ubuntu_DE_2026-10-08/significant_protein_coding_degs.csv,c9bf672d38f877361b3132065884d3a02e3132bcbf9901656b9f2cb04fdf3130,0.1.0
03,gene,ENSMUSG00000025870,held,MULTIPLE_MOUSE_UNIPROT_ENTRIES,MULTIPLE_MOUSE_UNIPROT_ENTRIES,docs/audits/ubuntu_DE_2026-10-08/significant_protein_coding_degs.csv,c9bf672d38f877361b3132065884d3a02e3132bcbf9901656b9f2cb04fdf3130,0.1.0
03,gene,ENSMUSG00000048100,pass,PASS_CURRENT_EXACT_XREF_DISPLAYED_SEQUENCE,PASS_CURRENT_EXACT_XREF_DISPLAYED_SEQUENCE,docs/audits/ubuntu_DE_2026-10-08/significant_protein_coding_degs.csv,c9bf672d38f877361b3132065884d3a02e3132bcbf9901656b9f2cb04fdf3130,0.1.0
03,gene,ENSMUSG00000020689,pass,PASS_CURRENT_EXACT_XREF_DISPLAYED_SEQUENCE,PASS_CURRENT_EXACT_XREF_DISPLAYED_SEQUENCE,docs/audits/ubuntu_DE_2026-10-08/significant_protein_coding_degs.csv,c9bf672d38f877361b3132065884d3a02e3132bcbf9901656b9f2cb04fdf3130,0.1.0
03,gene,ENSMUSG00000006517,held,MULTIPLE_MOUSE_UNIPROT_ENTRIES,MULTIPLE_MOUSE_UNIPROT_ENTRIES,docs/audits/ubuntu_DE_2026-10-08/significant_protein_coding_degs.csv,c9bf672d38f877361b3132065884d3a02e3132bcbf9901656b9f2cb04fdf3130,0.1.0
03,gene,ENSMUSG00000032469,held,MULTIPLE_MOUSE_UNIPROT_ENTRIES,MULTIPLE_MOUSE_UNIPROT_ENTRIES,docs/audits/ubuntu_DE_2026-10-08/significant_protein_coding_degs.csv,c9bf672d38f877361b3132065884d3a02e3132bcbf9901656b9f2cb04fdf3130,0.1.0
03,gene,ENSMUSG00000021815,pass,PASS_CURRENT_EXACT_XREF_DISPLAYED_SEQUENCE,PASS_CURRENT_EXACT_XREF_DISPLAYED_SEQUENCE,docs/audits/ubuntu_DE_2026-10-08/significant_protein_coding_degs.csv,c9bf672d38f877361b3132065884d3a02e3132bcbf9901656b9f2cb04fdf3130,0.1.0
03,gene,ENSMUSG00000035000,pass,PASS_CURRENT_EXACT_XREF_DISPLAYED_SEQUENCE,PASS_CURRENT_EXACT_XREF_DISPLAYED_SEQUENCE,docs/audits/ubuntu_DE_2026-10-08/significant_protein_coding_degs.csv,c9bf672d38f877361b3132065884d3a02e3132bcbf9901656b9f2cb04fdf3130,0.1.0
03,gene,ENSMUSG00000025888,held,MULTIPLE_MOUSE_UNIPROT_ENTRIES,MULTIPLE_MOUSE_UNIPROT_ENTRIES,docs/audits/ubuntu_DE_2026-10-08/significant_protein_coding_degs.csv,c9bf672d38f877361b3132065884d3a02e3132bcbf9901656b9f2cb04fdf3130,0.1.0
03,gene,ENSMUSG00000037465,held,MULTIPLE_MOUSE_UNIPROT_ENTRIES,MULTIPLE_MOUSE_UNIPROT_ENTRIES,docs/audits/ubuntu_DE_2026-10-08/significant_protein_coding_degs.csv,c9bf672d38f877361b3132065884d3a02e3132bcbf9901656b9f2cb04fdf3130,0.1.0
03,gene,ENSMUSG00000022951,held,MULTIPLE_MOUSE_UNIPROT_ENTRIES,MULTIPLE_MOUSE_UNIPROT_ENTRIES,docs/audits/ubuntu_DE_2026-10-08/significant_protein_coding_degs.csv,c9bf672d38f877361b3132065884d3a02e3132bcbf9901656b9f2cb04fdf3130,0.1.0
03,gene,ENSMUSG00000034110,held,MULTIPLE_MOUSE_UNIPROT_ENTRIES,MULTIPLE_MOUSE_UNIPROT_ENTRIES,docs/audits/ubuntu_DE_2026-10-08/significant_protein_coding_degs.csv,c9bf672d38f877361b3132065884d3a02e3132bcbf9901656b9f2cb04fdf3130,0.1.0
03,gene,ENSMUSG00000058488,pass,PASS_CURRENT_EXACT_XREF_DISPLAYED_SEQUENCE,PASS_CURRENT_EXACT_XREF_DISPLAYED_SEQUENCE,docs/audits/ubuntu_DE_2026-10-08/significant_protein_coding_degs.csv,c9bf672d38f877361b3132065884d3a02e3132bcbf9901656b9f2cb04fdf3130,0.1.0
03,gene,ENSMUSG00000032802,held,MULTIPLE_MOUSE_UNIPROT_ENTRIES,MULTIPLE_MOUSE_UNIPROT_ENTRIES,docs/audits/ubuntu_DE_2026-10-08/significant_protein_coding_degs.csv,c9bf672d38f877361b3132065884d3a02e3132bcbf9901656b9f2cb04fdf3130,0.1.0
03,gene,ENSMUSG00000072640,held,MULTIPLE_MOUSE_UNIPROT_ENTRIES,MULTIPLE_MOUSE_UNIPROT_ENTRIES,docs/audits/ubuntu_DE_2026-10-08/significant_protein_coding_degs.csv,c9bf672d38f877361b3132065884d3a02e3132bcbf9901656b9f2cb04fdf3130,0.1.0
03,gene,ENSMUSG00000022488,held,MULTIPLE_MOUSE_UNIPROT_ENTRIES,MULTIPLE_MOUSE_UNIPROT_ENTRIES,docs/audits/ubuntu_DE_2026-10-08/significant_protein_coding_degs.csv,c9bf672d38f877361b3132065884d3a02e3132bcbf9901656b9f2cb04fdf3130,0.1.0
03,gene,ENSMUSG00000033350,pass,PASS_CURRENT_EXACT_XREF_DISPLAYED_SEQUENCE,PASS_CURRENT_EXACT_XREF_DISPLAYED_SEQUENCE,docs/audits/ubuntu_DE_2026-10-08/significant_protein_coding_degs.csv,c9bf672d38f877361b3132065884d3a02e3132bcbf9901656b9f2cb04fdf3130,0.1.0
03,gene,ENSMUSG00000032925,held,MULTIPLE_MOUSE_UNIPROT_ENTRIES,MULTIPLE_MOUSE_UNIPROT_ENTRIES,docs/audits/ubuntu_DE_2026-10-08/significant_protein_coding_degs.csv,c9bf672d38f877361b3132065884d3a02e3132bcbf9901656b9f2cb04fdf3130,0.1.0
03,gene,ENSMUSG00000035105,pass,PASS_CURRENT_EXACT_XREF_DISPLAYED_SEQUENCE,PASS_CURRENT_EXACT_XREF_DISPLAYED_SEQUENCE,docs/audits/ubuntu_DE_2026-10-08/significant_protein_coding_degs.csv,c9bf672d38f877361b3132065884d3a02e3132bcbf9901656b9f2cb04fdf3130,0.1.0
03,gene,ENSMUSG00000049878,held,MULTIPLE_MOUSE_UNIPROT_ENTRIES,MULTIPLE_MOUSE_UNIPROT_ENTRIES,docs/audits/ubuntu_DE_2026-10-08/significant_protein_coding_degs.csv,c9bf672d38f877361b3132065884d3a02e3132bcbf9901656b9f2cb04fdf3130,0.1.0
03,gene,ENSMUSG00000090394,pass,PASS_CURRENT_EXACT_XREF_DISPLAYED_SEQUENCE,PASS_CURRENT_EXACT_XREF_DISPLAYED_SEQUENCE,docs/audits/ubuntu_DE_2026-10-08/significant_protein_coding_degs.csv,c9bf672d38f877361b3132065884d3a02e3132bcbf9901656b9f2cb04fdf3130,0.1.0
03,gene,ENSMUSG00000001729,held,MULTIPLE_MOUSE_UNIPROT_ENTRIES,MULTIPLE_MOUSE_UNIPROT_ENTRIES,docs/audits/ubuntu_DE_2026-10-08/significant_protein_coding_degs.csv,c9bf672d38f877361b3132065884d3a02e3132bcbf9901656b9f2cb04fdf3130,0.1.0
03,gene,ENSMUSG00000020089,pass,PASS_CURRENT_EXACT_XREF_DISPLAYED_SEQUENCE,PASS_CURRENT_EXACT_XREF_DISPLAYED_SEQUENCE,docs/audits/ubuntu_DE_2026-10-08/significant_protein_coding_degs.csv,c9bf672d38f877361b3132065884d3a02e3132bcbf9901656b9f2cb04fdf3130,0.1.0
03,gene,ENSMUSG00000026254,held,MULTIPLE_MOUSE_UNIPROT_ENTRIES,MULTIPLE_MOUSE_UNIPROT_ENTRIES,docs/audits/ubuntu_DE_2026-10-08/significant_protein_coding_degs.csv,c9bf672d38f877361b3132065884d3a02e3132bcbf9901656b9f2cb04fdf3130,0.1.0
03,gene,ENSMUSG00000010554,held,MULTIPLE_MOUSE_UNIPROT_ENTRIES,MULTIPLE_MOUSE_UNIPROT_ENTRIES,docs/audits/ubuntu_DE_2026-10-08/significant_protein_coding_degs.csv,c9bf672d38f877361b3132065884d3a02e3132bcbf9901656b9f2cb04fdf3130,0.1.0
03,gene,ENSMUSG00000019122,pass,PASS_CURRENT_EXACT_XREF_DISPLAYED_SEQUENCE,PASS_CURRENT_EXACT_XREF_DISPLAYED_SEQUENCE,docs/audits/ubuntu_DE_2026-10-08/significant_protein_coding_degs.csv,c9bf672d38f877361b3132065884d3a02e3132bcbf9901656b9f2cb04fdf3130,0.1.0
03,gene,ENSMUSG00000091405,pass,PASS_CURRENT_EXACT_XREF_DISPLAYED_SEQUENCE,PASS_CURRENT_EXACT_XREF_DISPLAYED_SEQUENCE,docs/audits/ubuntu_DE_2026-10-08/significant_protein_coding_degs.csv,c9bf672d38f877361b3132065884d3a02e3132bcbf9901656b9f2cb04fdf3130,0.1.0
03,gene,ENSMUSG00000028096,held,MULTIPLE_MOUSE_UNIPROT_ENTRIES,MULTIPLE_MOUSE_UNIPROT_ENTRIES,docs/audits/ubuntu_DE_2026-10-08/significant_protein_coding_degs.csv,c9bf672d38f877361b3132065884d3a02e3132bcbf9901656b9f2cb04fdf3130,0.1.0
03,gene,ENSMUSG00000021252,held,MULTIPLE_MOUSE_UNIPROT_ENTRIES,MULTIPLE_MOUSE_UNIPROT_ENTRIES,docs/audits/ubuntu_DE_2026-10-08/significant_protein_coding_degs.csv,c9bf672d38f877361b3132065884d3a02e3132bcbf9901656b9f2cb04fdf3130,0.1.0
03,gene,ENSMUSG00000036850,held,MULTIPLE_MOUSE_UNIPROT_ENTRIES,MULTIPLE_MOUSE_UNIPROT_ENTRIES,docs/audits/ubuntu_DE_2026-10-08/significant_protein_coding_degs.csv,c9bf672d38f877361b3132065884d3a02e3132bcbf9901656b9f2cb04fdf3130,0.1.0
03,gene,ENSMUSG00000040451,held,MULTIPLE_MOUSE_UNIPROT_ENTRIES,MULTIPLE_MOUSE_UNIPROT_ENTRIES,docs/audits/ubuntu_DE_2026-10-08/significant_protein_coding_degs.csv,c9bf672d38f877361b3132065884d3a02e3132bcbf9901656b9f2cb04fdf3130,0.1.0
03,gene,ENSMUSG00000002308,pass,PASS_CURRENT_EXACT_XREF_DISPLAYED_SEQUENCE,PASS_CURRENT_EXACT_XREF_DISPLAYED_SEQUENCE,docs/audits/ubuntu_DE_2026-10-08/significant_protein_coding_degs.csv,c9bf672d38f877361b3132065884d3a02e3132bcbf9901656b9f2cb04fdf3130,0.1.0
03,gene,ENSMUSG00000097789,pass,PASS_CURRENT_EXACT_XREF_DISPLAYED_SEQUENCE,PASS_CURRENT_EXACT_XREF_DISPLAYED_SEQUENCE,docs/audits/ubuntu_DE_2026-10-08/significant_protein_coding_degs.csv,c9bf672d38f877361b3132065884d3a02e3132bcbf9901656b9f2cb04fdf3130,0.1.0
03,gene,ENSMUSG00000010154,pass,PASS_CURRENT_EXACT_XREF_DISPLAYED_SEQUENCE,PASS_CURRENT_EXACT_XREF_DISPLAYED_SEQUENCE,docs/audits/ubuntu_DE_2026-10-08/significant_protein_coding_degs.csv,c9bf672d38f877361b3132065884d3a02e3132bcbf9901656b9f2cb04fdf3130,0.1.0
03,gene,ENSMUSG00000024500,held,MULTIPLE_MOUSE_UNIPROT_ENTRIES,MULTIPLE_MOUSE_UNIPROT_ENTRIES,docs/audits/ubuntu_DE_2026-10-08/significant_protein_coding_degs.csv,c9bf672d38f877361b3132065884d3a02e3132bcbf9901656b9f2cb04fdf3130,0.1.0
03,gene,ENSMUSG00000028410,held,MULTIPLE_MOUSE_UNIPROT_ENTRIES,MULTIPLE_MOUSE_UNIPROT_ENTRIES,docs/audits/ubuntu_DE_2026-10-08/significant_protein_coding_degs.csv,c9bf672d38f877361b3132065884d3a02e3132bcbf9901656b9f2cb04fdf3130,0.1.0
03,gene,ENSMUSG00000036833,held,MULTIPLE_MOUSE_UNIPROT_ENTRIES,MULTIPLE_MOUSE_UNIPROT_ENTRIES,docs/audits/ubuntu_DE_2026-10-08/significant_protein_coding_degs.csv,c9bf672d38f877361b3132065884d3a02e3132bcbf9901656b9f2cb04fdf3130,0.1.0
03,gene,ENSMUSG00000019986,held,MULTIPLE_MOUSE_UNIPROT_ENTRIES,MULTIPLE_MOUSE_UNIPROT_ENTRIES,docs/audits/ubuntu_DE_2026-10-08/significant_protein_coding_degs.csv,c9bf672d38f877361b3132065884d3a02e3132bcbf9901656b9f2cb04fdf3130,0.1.0
03,gene,ENSMUSG00000020175,held,MULTIPLE_MOUSE_UNIPROT_ENTRIES,MULTIPLE_MOUSE_UNIPROT_ENTRIES,docs/audits/ubuntu_DE_2026-10-08/significant_protein_coding_degs.csv,c9bf672d38f877361b3132065884d3a02e3132bcbf9901656b9f2cb04fdf3130,0.1.0
03,gene,ENSMUSG00000026812,held,MULTIPLE_MOUSE_UNIPROT_ENTRIES,MULTIPLE_MOUSE_UNIPROT_ENTRIES,docs/audits/ubuntu_DE_2026-10-08/significant_protein_coding_degs.csv,c9bf672d38f877361b3132065884d3a02e3132bcbf9901656b9f2cb04fdf3130,0.1.0
03,gene,ENSMUSG00000021270,held,MULTIPLE_MOUSE_UNIPROT_ENTRIES,MULTIPLE_MOUSE_UNIPROT_ENTRIES,docs/audits/ubuntu_DE_2026-10-08/significant_protein_coding_degs.csv,c9bf672d38f877361b3132065884d3a02e3132bcbf9901656b9f2cb04fdf3130,0.1.0
03,gene,ENSMUSG00000025503,held,MULTIPLE_MOUSE_UNIPROT_ENTRIES,MULTIPLE_MOUSE_UNIPROT_ENTRIES,docs/audits/ubuntu_DE_2026-10-08/significant_protein_coding_degs.csv,c9bf672d38f877361b3132065884d3a02e3132bcbf9901656b9f2cb04fdf3130,0.1.0
03,gene,ENSMUSG00000070284,pass,PASS_CURRENT_EXACT_XREF_DISPLAYED_SEQUENCE,PASS_CURRENT_EXACT_XREF_DISPLAYED_SEQUENCE,docs/audits/ubuntu_DE_2026-10-08/significant_protein_coding_degs.csv,c9bf672d38f877361b3132065884d3a02e3132bcbf9901656b9f2cb04fdf3130,0.1.0
03,gene,ENSMUSG00000005672,pass,PASS_CURRENT_EXACT_XREF_DISPLAYED_SEQUENCE,PASS_CURRENT_EXACT_XREF_DISPLAYED_SEQUENCE,docs/audits/ubuntu_DE_2026-10-08/significant_protein_coding_degs.csv,c9bf672d38f877361b3132065884d3a02e3132bcbf9901656b9f2cb04fdf3130,0.1.0
03,gene,ENSMUSG00000019312,held,MULTIPLE_MOUSE_UNIPROT_ENTRIES,MULTIPLE_MOUSE_UNIPROT_ENTRIES,docs/audits/ubuntu_DE_2026-10-08/significant_protein_coding_degs.csv,c9bf672d38f877361b3132065884d3a02e3132bcbf9901656b9f2cb04fdf3130,0.1.0
03,gene,ENSMUSG00000015027,held,MULTIPLE_MOUSE_UNIPROT_ENTRIES,MULTIPLE_MOUSE_UNIPROT_ENTRIES,docs/audits/ubuntu_DE_2026-10-08/significant_protein_coding_degs.csv,c9bf672d38f877361b3132065884d3a02e3132bcbf9901656b9f2cb04fdf3130,0.1.0
03,gene,ENSMUSG00000047554,held,MULTIPLE_MOUSE_UNIPROT_ENTRIES,MULTIPLE_MOUSE_UNIPROT_ENTRIES,docs/audits/ubuntu_DE_2026-10-08/significant_protein_coding_degs.csv,c9bf672d38f877361b3132065884d3a02e3132bcbf9901656b9f2cb04fdf3130,0.1.0
03,gene,ENSMUSG00000024678,pass,PASS_CURRENT_EXACT_XREF_DISPLAYED_SEQUENCE,PASS_CURRENT_EXACT_XREF_DISPLAYED_SEQUENCE,docs/audits/ubuntu_DE_2026-10-08/significant_protein_coding_degs.csv,c9bf672d38f877361b3132065884d3a02e3132bcbf9901656b9f2cb04fdf3130,0.1.0
03,gene,ENSMUSG00000015829,held,MULTIPLE_MOUSE_UNIPROT_ENTRIES,MULTIPLE_MOUSE_UNIPROT_ENTRIES,docs/audits/ubuntu_DE_2026-10-08/significant_protein_coding_degs.csv,c9bf672d38f877361b3132065884d3a02e3132bcbf9901656b9f2cb04fdf3130,0.1.0
03,gene,ENSMUSG00000050666,pass,PASS_CURRENT_EXACT_XREF_DISPLAYED_SEQUENCE,PASS_CURRENT_EXACT_XREF_DISPLAYED_SEQUENCE,docs/audits/ubuntu_DE_2026-10-08/significant_protein_coding_degs.csv,c9bf672d38f877361b3132065884d3a02e3132bcbf9901656b9f2cb04fdf3130,0.1.0
03,gene,ENSMUSG00000029430,pass,PASS_CURRENT_EXACT_XREF_DISPLAYED_SEQUENCE,PASS_CURRENT_EXACT_XREF_DISPLAYED_SEQUENCE,docs/audits/ubuntu_DE_2026-10-08/significant_protein_coding_degs.csv,c9bf672d38f877361b3132065884d3a02e3132bcbf9901656b9f2cb04fdf3130,0.1.0
03,gene,ENSMUSG00000020808,held,MULTIPLE_MOUSE_UNIPROT_ENTRIES,MULTIPLE_MOUSE_UNIPROT_ENTRIES,docs/audits/ubuntu_DE_2026-10-08/significant_protein_coding_degs.csv,c9bf672d38f877361b3132065884d3a02e3132bcbf9901656b9f2cb04fdf3130,0.1.0
03,gene,ENSMUSG00000025473,held,MULTIPLE_MOUSE_UNIPROT_ENTRIES,MULTIPLE_MOUSE_UNIPROT_ENTRIES,docs/audits/ubuntu_DE_2026-10-08/significant_protein_coding_degs.csv,c9bf672d38f877361b3132065884d3a02e3132bcbf9901656b9f2cb04fdf3130,0.1.0
03,gene,ENSMUSG00000032181,held,MULTIPLE_MOUSE_UNIPROT_ENTRIES,MULTIPLE_MOUSE_UNIPROT_ENTRIES,docs/audits/ubuntu_DE_2026-10-08/significant_protein_coding_degs.csv,c9bf672d38f877361b3132065884d3a02e3132bcbf9901656b9f2cb04fdf3130,0.1.0
03,gene,ENSMUSG00000032418,held,MULTIPLE_MOUSE_UNIPROT_ENTRIES,MULTIPLE_MOUSE_UNIPROT_ENTRIES,docs/audits/ubuntu_DE_2026-10-08/significant_protein_coding_degs.csv,c9bf672d38f877361b3132065884d3a02e3132bcbf9901656b9f2cb04fdf3130,0.1.0
03,gene,ENSMUSG00000048373,pass,PASS_CURRENT_EXACT_XREF_DISPLAYED_SEQUENCE,PASS_CURRENT_EXACT_XREF_DISPLAYED_SEQUENCE,docs/audits/ubuntu_DE_2026-10-08/significant_protein_coding_degs.csv,c9bf672d38f877361b3132065884d3a02e3132bcbf9901656b9f2cb04fdf3130,0.1.0
03,gene,ENSMUSG00000023232,held,MULTIPLE_MOUSE_UNIPROT_ENTRIES,MULTIPLE_MOUSE_UNIPROT_ENTRIES,docs/audits/ubuntu_DE_2026-10-08/significant_protein_coding_degs.csv,c9bf672d38f877361b3132065884d3a02e3132bcbf9901656b9f2cb04fdf3130,0.1.0
03,gene,ENSMUSG00000041831,held,MULTIPLE_MOUSE_UNIPROT_ENTRIES,MULTIPLE_MOUSE_UNIPROT_ENTRIES,docs/audits/ubuntu_DE_2026-10-08/significant_protein_coding_degs.csv,c9bf672d38f877361b3132065884d3a02e3132bcbf9901656b9f2cb04fdf3130,0.1.0
03,gene,ENSMUSG00000042826,held,MULTIPLE_MOUSE_UNIPROT_ENTRIES,MULTIPLE_MOUSE_UNIPROT_ENTRIES,docs/audits/ubuntu_DE_2026-10-08/significant_protein_coding_degs.csv,c9bf672d38f877361b3132065884d3a02e3132bcbf9901656b9f2cb04fdf3130,0.1.0
03,gene,ENSMUSG00000058571,held,MULTIPLE_MOUSE_UNIPROT_ENTRIES,MULTIPLE_MOUSE_UNIPROT_ENTRIES,docs/audits/ubuntu_DE_2026-10-08/significant_protein_coding_degs.csv,c9bf672d38f877361b3132065884d3a02e3132bcbf9901656b9f2cb04fdf3130,0.1.0
03,gene,ENSMUSG00000024143,held,MULTIPLE_MOUSE_UNIPROT_ENTRIES,MULTIPLE_MOUSE_UNIPROT_ENTRIES,docs/audits/ubuntu_DE_2026-10-08/significant_protein_coding_degs.csv,c9bf672d38f877361b3132065884d3a02e3132bcbf9901656b9f2cb04fdf3130,0.1.0
03,gene,ENSMUSG00000096472,held,MULTIPLE_MOUSE_UNIPROT_ENTRIES,MULTIPLE_MOUSE_UNIPROT_ENTRIES,docs/audits/ubuntu_DE_2026-10-08/significant_protein_coding_degs.csv,c9bf672d38f877361b3132065884d3a02e3132bcbf9901656b9f2cb04fdf3130,0.1.0
03,gene,ENSMUSG00000023349,held,MULTIPLE_MOUSE_UNIPROT_ENTRIES,MULTIPLE_MOUSE_UNIPROT_ENTRIES,docs/audits/ubuntu_DE_2026-10-08/significant_protein_coding_degs.csv,c9bf672d38f877361b3132065884d3a02e3132bcbf9901656b9f2cb04fdf3130,0.1.0
03,gene,ENSMUSG00000042254,held,MULTIPLE_MOUSE_UNIPROT_ENTRIES,MULTIPLE_MOUSE_UNIPROT_ENTRIES,docs/audits/ubuntu_DE_2026-10-08/significant_protein_coding_degs.csv,c9bf672d38f877361b3132065884d3a02e3132bcbf9901656b9f2cb04fdf3130,0.1.0
03,gene,ENSMUSG00000040711,held,MULTIPLE_MOUSE_UNIPROT_ENTRIES,MULTIPLE_MOUSE_UNIPROT_ENTRIES,docs/audits/ubuntu_DE_2026-10-08/significant_protein_coding_degs.csv,c9bf672d38f877361b3132065884d3a02e3132bcbf9901656b9f2cb04fdf3130,0.1.0
03,gene,ENSMUSG00000021886,pass,PASS_CURRENT_EXACT_XREF_DISPLAYED_SEQUENCE,PASS_CURRENT_EXACT_XREF_DISPLAYED_SEQUENCE,docs/audits/ubuntu_DE_2026-10-08/significant_protein_coding_degs.csv,c9bf672d38f877361b3132065884d3a02e3132bcbf9901656b9f2cb04fdf3130,0.1.0
03,gene,ENSMUSG00000029096,held,MULTIPLE_MOUSE_UNIPROT_ENTRIES,MULTIPLE_MOUSE_UNIPROT_ENTRIES,docs/audits/ubuntu_DE_2026-10-08/significant_protein_coding_degs.csv,c9bf672d38f877361b3132065884d3a02e3132bcbf9901656b9f2cb04fdf3130,0.1.0
03,gene,ENSMUSG00000038683,pass,PASS_CURRENT_EXACT_XREF_DISPLAYED_SEQUENCE,PASS_CURRENT_EXACT_XREF_DISPLAYED_SEQUENCE,docs/audits/ubuntu_DE_2026-10-08/significant_protein_coding_degs.csv,c9bf672d38f877361b3132065884d3a02e3132bcbf9901656b9f2cb04fdf3130,0.1.0
03,gene,ENSMUSG00000031343,held,MULTIPLE_MOUSE_UNIPROT_ENTRIES,MULTIPLE_MOUSE_UNIPROT_ENTRIES,docs/audits/ubuntu_DE_2026-10-08/significant_protein_coding_degs.csv,c9bf672d38f877361b3132065884d3a02e3132bcbf9901656b9f2cb04fdf3130,0.1.0
03,gene,ENSMUSG00000021591,held,MULTIPLE_MOUSE_UNIPROT_ENTRIES,MULTIPLE_MOUSE_UNIPROT_ENTRIES,docs/audits/ubuntu_DE_2026-10-08/significant_protein_coding_degs.csv,c9bf672d38f877361b3132065884d3a02e3132bcbf9901656b9f2cb04fdf3130,0.1.0
03,gene,ENSMUSG00000064284,held,MULTIPLE_MOUSE_UNIPROT_ENTRIES,MULTIPLE_MOUSE_UNIPROT_ENTRIES,docs/audits/ubuntu_DE_2026-10-08/significant_protein_coding_degs.csv,c9bf672d38f877361b3132065884d3a02e3132bcbf9901656b9f2cb04fdf3130,0.1.0
03,gene,ENSMUSG00000021832,held,MULTIPLE_MOUSE_UNIPROT_ENTRIES,MULTIPLE_MOUSE_UNIPROT_ENTRIES,docs/audits/ubuntu_DE_2026-10-08/significant_protein_coding_degs.csv,c9bf672d38f877361b3132065884d3a02e3132bcbf9901656b9f2cb04fdf3130,0.1.0
03,gene,ENSMUSG00000033486,held,MULTIPLE_MOUSE_UNIPROT_ENTRIES,MULTIPLE_MOUSE_UNIPROT_ENTRIES,docs/audits/ubuntu_DE_2026-10-08/significant_protein_coding_degs.csv,c9bf672d38f877361b3132065884d3a02e3132bcbf9901656b9f2cb04fdf3130,0.1.0
03,gene,ENSMUSG00000028672,pass,PASS_CURRENT_EXACT_XREF_DISPLAYED_SEQUENCE,PASS_CURRENT_EXACT_XREF_DISPLAYED_SEQUENCE,docs/audits/ubuntu_DE_2026-10-08/significant_protein_coding_degs.csv,c9bf672d38f877361b3132065884d3a02e3132bcbf9901656b9f2cb04fdf3130,0.1.0
03,gene,ENSMUSG00000079442,held,MULTIPLE_MOUSE_UNIPROT_ENTRIES,MULTIPLE_MOUSE_UNIPROT_ENTRIES,docs/audits/ubuntu_DE_2026-10-08/significant_protein_coding_degs.csv,c9bf672d38f877361b3132065884d3a02e3132bcbf9901656b9f2cb04fdf3130,0.1.0
03,gene,ENSMUSG00000090622,held,NO_CURRENT_EXACT_ENSEMBL_XREF,NO_CURRENT_EXACT_ENSEMBL_XREF,docs/audits/ubuntu_DE_2026-10-08/significant_protein_coding_degs.csv,c9bf672d38f877361b3132065884d3a02e3132bcbf9901656b9f2cb04fdf3130,0.1.0
03,gene,ENSMUSG00000006307,held,MULTIPLE_MOUSE_UNIPROT_ENTRIES,MULTIPLE_MOUSE_UNIPROT_ENTRIES,docs/audits/ubuntu_DE_2026-10-08/significant_protein_coding_degs.csv,c9bf672d38f877361b3132065884d3a02e3132bcbf9901656b9f2cb04fdf3130,0.1.0
03,gene,ENSMUSG00000063884,held,MULTIPLE_MOUSE_UNIPROT_ENTRIES,MULTIPLE_MOUSE_UNIPROT_ENTRIES,docs/audits/ubuntu_DE_2026-10-08/significant_protein_coding_degs.csv,c9bf672d38f877361b3132065884d3a02e3132bcbf9901656b9f2cb04fdf3130,0.1.0
03,gene,ENSMUSG00000024074,held,MULTIPLE_MOUSE_UNIPROT_ENTRIES,MULTIPLE_MOUSE_UNIPROT_ENTRIES,docs/audits/ubuntu_DE_2026-10-08/significant_protein_coding_degs.csv,c9bf672d38f877361b3132065884d3a02e3132bcbf9901656b9f2cb04fdf3130,0.1.0
03,gene,ENSMUSG00000024781,pass,PASS_CURRENT_EXACT_XREF_DISPLAYED_SEQUENCE,PASS_CURRENT_EXACT_XREF_DISPLAYED_SEQUENCE,docs/audits/ubuntu_DE_2026-10-08/significant_protein_coding_degs.csv,c9bf672d38f877361b3132065884d3a02e3132bcbf9901656b9f2cb04fdf3130,0.1.0
03,gene,ENSMUSG00000033847,pass,PASS_CURRENT_EXACT_XREF_DISPLAYED_SEQUENCE,PASS_CURRENT_EXACT_XREF_DISPLAYED_SEQUENCE,docs/audits/ubuntu_DE_2026-10-08/significant_protein_coding_degs.csv,c9bf672d38f877361b3132065884d3a02e3132bcbf9901656b9f2cb04fdf3130,0.1.0
03,gene,ENSMUSG00000040950,held,MULTIPLE_MOUSE_UNIPROT_ENTRIES,MULTIPLE_MOUSE_UNIPROT_ENTRIES,docs/audits/ubuntu_DE_2026-10-08/significant_protein_coding_degs.csv,c9bf672d38f877361b3132065884d3a02e3132bcbf9901656b9f2cb04fdf3130,0.1.0
03,gene,ENSMUSG00000062329,pass,PASS_CURRENT_EXACT_XREF_DISPLAYED_SEQUENCE,PASS_CURRENT_EXACT_XREF_DISPLAYED_SEQUENCE,docs/audits/ubuntu_DE_2026-10-08/significant_protein_coding_degs.csv,c9bf672d38f877361b3132065884d3a02e3132bcbf9901656b9f2cb04fdf3130,0.1.0
03,gene,ENSMUSG00000029452,held,MULTIPLE_MOUSE_UNIPROT_ENTRIES,MULTIPLE_MOUSE_UNIPROT_ENTRIES,docs/audits/ubuntu_DE_2026-10-08/significant_protein_coding_degs.csv,c9bf672d38f877361b3132065884d3a02e3132bcbf9901656b9f2cb04fdf3130,0.1.0
03,gene,ENSMUSG00000047909,held,MULTIPLE_MOUSE_UNIPROT_ENTRIES,MULTIPLE_MOUSE_UNIPROT_ENTRIES,docs/audits/ubuntu_DE_2026-10-08/significant_protein_coding_degs.csv,c9bf672d38f877361b3132065884d3a02e3132bcbf9901656b9f2cb04fdf3130,0.1.0
03,gene,ENSMUSG00000039770,held,MULTIPLE_MOUSE_UNIPROT_ENTRIES,MULTIPLE_MOUSE_UNIPROT_ENTRIES,docs/audits/ubuntu_DE_2026-10-08/significant_protein_coding_degs.csv,c9bf672d38f877361b3132065884d3a02e3132bcbf9901656b9f2cb04fdf3130,0.1.0
03,gene,ENSMUSG00000001524,held,MULTIPLE_MOUSE_UNIPROT_ENTRIES,MULTIPLE_MOUSE_UNIPROT_ENTRIES,docs/audits/ubuntu_DE_2026-10-08/significant_protein_coding_degs.csv,c9bf672d38f877361b3132065884d3a02e3132bcbf9901656b9f2cb04fdf3130,0.1.0
03,gene,ENSMUSG00000004948,held,MULTIPLE_MOUSE_UNIPROT_ENTRIES,MULTIPLE_MOUSE_UNIPROT_ENTRIES,docs/audits/ubuntu_DE_2026-10-08/significant_protein_coding_degs.csv,c9bf672d38f877361b3132065884d3a02e3132bcbf9901656b9f2cb04fdf3130,0.1.0
03,gene,ENSMUSG00000026709,pass,PASS_CURRENT_EXACT_XREF_DISPLAYED_SEQUENCE,PASS_CURRENT_EXACT_XREF_DISPLAYED_SEQUENCE,docs/audits/ubuntu_DE_2026-10-08/significant_protein_coding_degs.csv,c9bf672d38f877361b3132065884d3a02e3132bcbf9901656b9f2cb04fdf3130,0.1.0
03,gene,ENSMUSG00000029491,pass,PASS_CURRENT_EXACT_XREF_DISPLAYED_SEQUENCE,PASS_CURRENT_EXACT_XREF_DISPLAYED_SEQUENCE,docs/audits/ubuntu_DE_2026-10-08/significant_protein_coding_degs.csv,c9bf672d38f877361b3132065884d3a02e3132bcbf9901656b9f2cb04fdf3130,0.1.0
03,gene,ENSMUSG00000033720,held,MULTIPLE_MOUSE_UNIPROT_ENTRIES,MULTIPLE_MOUSE_UNIPROT_ENTRIES,docs/audits/ubuntu_DE_2026-10-08/significant_protein_coding_degs.csv,c9bf672d38f877361b3132065884d3a02e3132bcbf9901656b9f2cb04fdf3130,0.1.0
03,gene,ENSMUSG00000039457,pass,PASS_CURRENT_EXACT_XREF_DISPLAYED_SEQUENCE,PASS_CURRENT_EXACT_XREF_DISPLAYED_SEQUENCE,docs/audits/ubuntu_DE_2026-10-08/significant_protein_coding_degs.csv,c9bf672d38f877361b3132065884d3a02e3132bcbf9901656b9f2cb04fdf3130,0.1.0
03,gene,ENSMUSG00000068566,held,MULTIPLE_MOUSE_UNIPROT_ENTRIES,MULTIPLE_MOUSE_UNIPROT_ENTRIES,docs/audits/ubuntu_DE_2026-10-08/significant_protein_coding_degs.csv,c9bf672d38f877361b3132065884d3a02e3132bcbf9901656b9f2cb04fdf3130,0.1.0
03,gene,ENSMUSG00000009654,pass,PASS_CURRENT_EXACT_XREF_DISPLAYED_SEQUENCE,PASS_CURRENT_EXACT_XREF_DISPLAYED_SEQUENCE,docs/audits/ubuntu_DE_2026-10-08/significant_protein_coding_degs.csv,c9bf672d38f877361b3132065884d3a02e3132bcbf9901656b9f2cb04fdf3130,0.1.0
03,gene,ENSMUSG00000019823,held,MULTIPLE_MOUSE_UNIPROT_ENTRIES,MULTIPLE_MOUSE_UNIPROT_ENTRIES,docs/audits/ubuntu_DE_2026-10-08/significant_protein_coding_degs.csv,c9bf672d38f877361b3132065884d3a02e3132bcbf9901656b9f2cb04fdf3130,0.1.0
03,gene,ENSMUSG00000022754,held,MULTIPLE_MOUSE_UNIPROT_ENTRIES,MULTIPLE_MOUSE_UNIPROT_ENTRIES,docs/audits/ubuntu_DE_2026-10-08/significant_protein_coding_degs.csv,c9bf672d38f877361b3132065884d3a02e3132bcbf9901656b9f2cb04fdf3130,0.1.0
03,gene,ENSMUSG00000029212,held,MULTIPLE_MOUSE_UNIPROT_ENTRIES,MULTIPLE_MOUSE_UNIPROT_ENTRIES,docs/audits/ubuntu_DE_2026-10-08/significant_protein_coding_degs.csv,c9bf672d38f877361b3132065884d3a02e3132bcbf9901656b9f2cb04fdf3130,0.1.0
03,gene,ENSMUSG00000062593,held,MULTIPLE_MOUSE_UNIPROT_ENTRIES,MULTIPLE_MOUSE_UNIPROT_ENTRIES,docs/audits/ubuntu_DE_2026-10-08/significant_protein_coding_degs.csv,c9bf672d38f877361b3132065884d3a02e3132bcbf9901656b9f2cb04fdf3130,0.1.0
03,gene,ENSMUSG00000000739,held,MULTIPLE_MOUSE_UNIPROT_ENTRIES,MULTIPLE_MOUSE_UNIPROT_ENTRIES,docs/audits/ubuntu_DE_2026-10-08/significant_protein_coding_degs.csv,c9bf672d38f877361b3132065884d3a02e3132bcbf9901656b9f2cb04fdf3130,0.1.0
03,gene,ENSMUSG00000020241,held,MULTIPLE_MOUSE_UNIPROT_ENTRIES,MULTIPLE_MOUSE_UNIPROT_ENTRIES,docs/audits/ubuntu_DE_2026-10-08/significant_protein_coding_degs.csv,c9bf672d38f877361b3132065884d3a02e3132bcbf9901656b9f2cb04fdf3130,0.1.0
03,gene,ENSMUSG00000028843,held,MULTIPLE_MOUSE_UNIPROT_ENTRIES,MULTIPLE_MOUSE_UNIPROT_ENTRIES,docs/audits/ubuntu_DE_2026-10-08/significant_protein_coding_degs.csv,c9bf672d38f877361b3132065884d3a02e3132bcbf9901656b9f2cb04fdf3130,0.1.0
03,gene,ENSMUSG00000042303,held,MULTIPLE_MOUSE_UNIPROT_ENTRIES,MULTIPLE_MOUSE_UNIPROT_ENTRIES,docs/audits/ubuntu_DE_2026-10-08/significant_protein_coding_degs.csv,c9bf672d38f877361b3132065884d3a02e3132bcbf9901656b9f2cb04fdf3130,0.1.0
03,gene,ENSMUSG00000033208,pass,PASS_CURRENT_EXACT_XREF_DISPLAYED_SEQUENCE,PASS_CURRENT_EXACT_XREF_DISPLAYED_SEQUENCE,docs/audits/ubuntu_DE_2026-10-08/significant_protein_coding_degs.csv,c9bf672d38f877361b3132065884d3a02e3132bcbf9901656b9f2cb04fdf3130,0.1.0
03,gene,ENSMUSG00000051504,held,MULTIPLE_MOUSE_UNIPROT_ENTRIES,MULTIPLE_MOUSE_UNIPROT_ENTRIES,docs/audits/ubuntu_DE_2026-10-08/significant_protein_coding_degs.csv,c9bf672d38f877361b3132065884d3a02e3132bcbf9901656b9f2cb04fdf3130,0.1.0
03,gene,ENSMUSG00000010721,held,MULTIPLE_MOUSE_UNIPROT_ENTRIES,MULTIPLE_MOUSE_UNIPROT_ENTRIES,docs/audits/ubuntu_DE_2026-10-08/significant_protein_coding_degs.csv,c9bf672d38f877361b3132065884d3a02e3132bcbf9901656b9f2cb04fdf3130,0.1.0
03,gene,ENSMUSG00000066829,held,MULTIPLE_MOUSE_UNIPROT_ENTRIES,MULTIPLE_MOUSE_UNIPROT_ENTRIES,docs/audits/ubuntu_DE_2026-10-08/significant_protein_coding_degs.csv,c9bf672d38f877361b3132065884d3a02e3132bcbf9901656b9f2cb04fdf3130,0.1.0
03,gene,ENSMUSG00000011589,pass,PASS_CURRENT_EXACT_XREF_DISPLAYED_SEQUENCE,PASS_CURRENT_EXACT_XREF_DISPLAYED_SEQUENCE,docs/audits/ubuntu_DE_2026-10-08/significant_protein_coding_degs.csv,c9bf672d38f877361b3132065884d3a02e3132bcbf9901656b9f2cb04fdf3130,0.1.0
03,gene,ENSMUSG00000025577,pass,PASS_CURRENT_EXACT_XREF_DISPLAYED_SEQUENCE,PASS_CURRENT_EXACT_XREF_DISPLAYED_SEQUENCE,docs/audits/ubuntu_DE_2026-10-08/significant_protein_coding_degs.csv,c9bf672d38f877361b3132065884d3a02e3132bcbf9901656b9f2cb04fdf3130,0.1.0
03,gene,ENSMUSG00000027076,pass,PASS_CURRENT_EXACT_XREF_DISPLAYED_SEQUENCE,PASS_CURRENT_EXACT_XREF_DISPLAYED_SEQUENCE,docs/audits/ubuntu_DE_2026-10-08/significant_protein_coding_degs.csv,c9bf672d38f877361b3132065884d3a02e3132bcbf9901656b9f2cb04fdf3130,0.1.0
03,gene,ENSMUSG00000037747,held,MULTIPLE_MOUSE_UNIPROT_ENTRIES,MULTIPLE_MOUSE_UNIPROT_ENTRIES,docs/audits/ubuntu_DE_2026-10-08/significant_protein_coding_degs.csv,c9bf672d38f877361b3132065884d3a02e3132bcbf9901656b9f2cb04fdf3130,0.1.0
03,gene,ENSMUSG00000028909,held,MULTIPLE_MOUSE_UNIPROT_ENTRIES,MULTIPLE_MOUSE_UNIPROT_ENTRIES,docs/audits/ubuntu_DE_2026-10-08/significant_protein_coding_degs.csv,c9bf672d38f877361b3132065884d3a02e3132bcbf9901656b9f2cb04fdf3130,0.1.0
03,gene,ENSMUSG00000028019,held,MULTIPLE_MOUSE_UNIPROT_ENTRIES,MULTIPLE_MOUSE_UNIPROT_ENTRIES,docs/audits/ubuntu_DE_2026-10-08/significant_protein_coding_degs.csv,c9bf672d38f877361b3132065884d3a02e3132bcbf9901656b9f2cb04fdf3130,0.1.0
03,gene,ENSMUSG00000056947,pass,PASS_CURRENT_EXACT_XREF_DISPLAYED_SEQUENCE,PASS_CURRENT_EXACT_XREF_DISPLAYED_SEQUENCE,docs/audits/ubuntu_DE_2026-10-08/significant_protein_coding_degs.csv,c9bf672d38f877361b3132065884d3a02e3132bcbf9901656b9f2cb04fdf3130,0.1.0
03,gene,ENSMUSG00000024011,held,MULTIPLE_MOUSE_UNIPROT_ENTRIES,MULTIPLE_MOUSE_UNIPROT_ENTRIES,docs/audits/ubuntu_DE_2026-10-08/significant_protein_coding_degs.csv,c9bf672d38f877361b3132065884d3a02e3132bcbf9901656b9f2cb04fdf3130,0.1.0
03,gene,ENSMUSG00000061184,held,MULTIPLE_MOUSE_UNIPROT_ENTRIES,MULTIPLE_MOUSE_UNIPROT_ENTRIES,docs/audits/ubuntu_DE_2026-10-08/significant_protein_coding_degs.csv,c9bf672d38f877361b3132065884d3a02e3132bcbf9901656b9f2cb04fdf3130,0.1.0
03,gene,ENSMUSG00000027663,held,MULTIPLE_MOUSE_UNIPROT_ENTRIES,MULTIPLE_MOUSE_UNIPROT_ENTRIES,docs/audits/ubuntu_DE_2026-10-08/significant_protein_coding_degs.csv,c9bf672d38f877361b3132065884d3a02e3132bcbf9901656b9f2cb04fdf3130,0.1.0
03,gene,ENSMUSG00000034120,held,MULTIPLE_MOUSE_UNIPROT_ENTRIES,MULTIPLE_MOUSE_UNIPROT_ENTRIES,docs/audits/ubuntu_DE_2026-10-08/significant_protein_coding_degs.csv,c9bf672d38f877361b3132065884d3a02e3132bcbf9901656b9f2cb04fdf3130,0.1.0
03,gene,ENSMUSG00000057766,held,MULTIPLE_MOUSE_UNIPROT_ENTRIES,MULTIPLE_MOUSE_UNIPROT_ENTRIES,docs/audits/ubuntu_DE_2026-10-08/significant_protein_coding_degs.csv,c9bf672d38f877361b3132065884d3a02e3132bcbf9901656b9f2cb04fdf3130,0.1.0
03,gene,ENSMUSG00000068220,held,MULTIPLE_MOUSE_UNIPROT_ENTRIES,MULTIPLE_MOUSE_UNIPROT_ENTRIES,docs/audits/ubuntu_DE_2026-10-08/significant_protein_coding_degs.csv,c9bf672d38f877361b3132065884d3a02e3132bcbf9901656b9f2cb04fdf3130,0.1.0
03,gene,ENSMUSG00000071656,pass,PASS_CURRENT_EXACT_XREF_DISPLAYED_SEQUENCE,PASS_CURRENT_EXACT_XREF_DISPLAYED_SEQUENCE,docs/audits/ubuntu_DE_2026-10-08/significant_protein_coding_degs.csv,c9bf672d38f877361b3132065884d3a02e3132bcbf9901656b9f2cb04fdf3130,0.1.0
03,gene,ENSMUSG00000039275,pass,PASS_CURRENT_EXACT_XREF_DISPLAYED_SEQUENCE,PASS_CURRENT_EXACT_XREF_DISPLAYED_SEQUENCE,docs/audits/ubuntu_DE_2026-10-08/significant_protein_coding_degs.csv,c9bf672d38f877361b3132065884d3a02e3132bcbf9901656b9f2cb04fdf3130,0.1.0
03,gene,ENSMUSG00000044730,pass,PASS_CURRENT_EXACT_XREF_DISPLAYED_SEQUENCE,PASS_CURRENT_EXACT_XREF_DISPLAYED_SEQUENCE,docs/audits/ubuntu_DE_2026-10-08/significant_protein_coding_degs.csv,c9bf672d38f877361b3132065884d3a02e3132bcbf9901656b9f2cb04fdf3130,0.1.0
03,gene,ENSMUSG00000026159,held,MULTIPLE_MOUSE_UNIPROT_ENTRIES,MULTIPLE_MOUSE_UNIPROT_ENTRIES,docs/audits/ubuntu_DE_2026-10-08/significant_protein_coding_degs.csv,c9bf672d38f877361b3132065884d3a02e3132bcbf9901656b9f2cb04fdf3130,0.1.0
03,gene,ENSMUSG00000041263,held,MULTIPLE_MOUSE_UNIPROT_ENTRIES,MULTIPLE_MOUSE_UNIPROT_ENTRIES,docs/audits/ubuntu_DE_2026-10-08/significant_protein_coding_degs.csv,c9bf672d38f877361b3132065884d3a02e3132bcbf9901656b9f2cb04fdf3130,0.1.0
03,gene,ENSMUSG00000021694,held,MULTIPLE_MOUSE_UNIPROT_ENTRIES,MULTIPLE_MOUSE_UNIPROT_ENTRIES,docs/audits/ubuntu_DE_2026-10-08/significant_protein_coding_degs.csv,c9bf672d38f877361b3132065884d3a02e3132bcbf9901656b9f2cb04fdf3130,0.1.0
03,gene,ENSMUSG00000023083,pass,PASS_CURRENT_EXACT_XREF_DISPLAYED_SEQUENCE,PASS_CURRENT_EXACT_XREF_DISPLAYED_SEQUENCE,docs/audits/ubuntu_DE_2026-10-08/significant_protein_coding_degs.csv,c9bf672d38f877361b3132065884d3a02e3132bcbf9901656b9f2cb04fdf3130,0.1.0
03,gene,ENSMUSG00000025558,held,MULTIPLE_MOUSE_UNIPROT_ENTRIES,MULTIPLE_MOUSE_UNIPROT_ENTRIES,docs/audits/ubuntu_DE_2026-10-08/significant_protein_coding_degs.csv,c9bf672d38f877361b3132065884d3a02e3132bcbf9901656b9f2cb04fdf3130,0.1.0
03,gene,ENSMUSG00000019996,held,MULTIPLE_MOUSE_UNIPROT_ENTRIES,MULTIPLE_MOUSE_UNIPROT_ENTRIES,docs/audits/ubuntu_DE_2026-10-08/significant_protein_coding_degs.csv,c9bf672d38f877361b3132065884d3a02e3132bcbf9901656b9f2cb04fdf3130,0.1.0
03,gene,ENSMUSG00000029032,held,MULTIPLE_MOUSE_UNIPROT_ENTRIES,MULTIPLE_MOUSE_UNIPROT_ENTRIES,docs/audits/ubuntu_DE_2026-10-08/significant_protein_coding_degs.csv,c9bf672d38f877361b3132065884d3a02e3132bcbf9901656b9f2cb04fdf3130,0.1.0
03,gene,ENSMUSG00000031503,pass,PASS_CURRENT_EXACT_XREF_DISPLAYED_SEQUENCE,PASS_CURRENT_EXACT_XREF_DISPLAYED_SEQUENCE,docs/audits/ubuntu_DE_2026-10-08/significant_protein_coding_degs.csv,c9bf672d38f877361b3132065884d3a02e3132bcbf9901656b9f2cb04fdf3130,0.1.0
03,gene,ENSMUSG00000022025,held,MULTIPLE_MOUSE_UNIPROT_ENTRIES,MULTIPLE_MOUSE_UNIPROT_ENTRIES,docs/audits/ubuntu_DE_2026-10-08/significant_protein_coding_degs.csv,c9bf672d38f877361b3132065884d3a02e3132bcbf9901656b9f2cb04fdf3130,0.1.0
03,gene,ENSMUSG00000034614,held,MULTIPLE_MOUSE_UNIPROT_ENTRIES,MULTIPLE_MOUSE_UNIPROT_ENTRIES,docs/audits/ubuntu_DE_2026-10-08/significant_protein_coding_degs.csv,c9bf672d38f877361b3132065884d3a02e3132bcbf9901656b9f2cb04fdf3130,0.1.0
03,gene,ENSMUSG00000028906,held,MULTIPLE_MOUSE_UNIPROT_ENTRIES,MULTIPLE_MOUSE_UNIPROT_ENTRIES,docs/audits/ubuntu_DE_2026-10-08/significant_protein_coding_degs.csv,c9bf672d38f877361b3132065884d3a02e3132bcbf9901656b9f2cb04fdf3130,0.1.0
03,gene,ENSMUSG00000037872,held,MULTIPLE_MOUSE_UNIPROT_ENTRIES,MULTIPLE_MOUSE_UNIPROT_ENTRIES,docs/audits/ubuntu_DE_2026-10-08/significant_protein_coding_degs.csv,c9bf672d38f877361b3132065884d3a02e3132bcbf9901656b9f2cb04fdf3130,0.1.0
