stable_gene_id,protein_accession,species_taxid,entry_type,displayed_isoform_id,canonical_gene_association,canonical_xref_issue,sequence_issue,ensembl_cross_references_json,reference_release,protocol_version
ENSMUSG00000073421,A0A494B9G5,10090,UniProtKB unreviewed (TrEMBL),,entry_level_cross_reference_isoform_unspecified,,FRAGMENT_SEQUENCE,"[{""gene_id_versioned"": ""ENSMUSG00000073421.7"", ""isoform_id"": """", ""protein_id"": ""ENSMUSP00000157600.2"", ""transcript_id"": ""ENSMUST00000237342.2""}]",2026_03,0.1.0
ENSMUSG00000073421,A0A494B9U2,10090,UniProtKB unreviewed (TrEMBL),,entry_level_cross_reference_isoform_unspecified,,,"[{""gene_id_versioned"": ""ENSMUSG00000073421.7"", ""isoform_id"": """", ""protein_id"": ""ENSMUSP00000157806.2"", ""transcript_id"": ""ENSMUST00000237866.2""}]",2026_03,0.1.0
ENSMUSG00000073421,P14483,10090,UniProtKB reviewed (Swiss-Prot),,entry_level_cross_reference_isoform_unspecified,,,"[{""gene_id_versioned"": ""ENSMUSG00000073421.7"", ""isoform_id"": """", ""protein_id"": ""ENSMUSP00000041008.6"", ""transcript_id"": ""ENSMUST00000040828.7""}]",2026_03,0.1.0
ENSMUSG00000021423,O88188,10090,UniProtKB reviewed (Swiss-Prot),,entry_level_cross_reference_isoform_unspecified,,,"[{""gene_id_versioned"": ""ENSMUSG00000021423.7"", ""isoform_id"": """", ""protein_id"": ""ENSMUSP00000021860.6"", ""transcript_id"": ""ENSMUST00000021860.7""}]",2026_03,0.1.0
ENSMUSG00000060586,A0A494B9C8,10090,UniProtKB unreviewed (TrEMBL),,entry_level_cross_reference_isoform_unspecified,,,"[{""gene_id_versioned"": ""ENSMUSG00000060586.12"", ""isoform_id"": """", ""protein_id"": ""ENSMUSP00000157594.2"", ""transcript_id"": ""ENSMUST00000236232.2""}]",2026_03,0.1.0
ENSMUSG00000060586,A0A498U6I0,10090,UniProtKB unreviewed (TrEMBL),,entry_level_cross_reference_isoform_unspecified,,FRAGMENT_SEQUENCE,"[{""gene_id_versioned"": ""ENSMUSG00000060586.12"", ""isoform_id"": """", ""protein_id"": ""ENSMUSP00000074143.10"", ""transcript_id"": ""ENSMUST00000074557.11""}]",2026_03,0.1.0
ENSMUSG00000060586,O78196,10090,UniProtKB unreviewed (TrEMBL),,entry_level_cross_reference_isoform_unspecified,,,"[{""gene_id_versioned"": ""ENSMUSG00000060586.12"", ""isoform_id"": """", ""protein_id"": ""ENSMUSP00000158533.2"", ""transcript_id"": ""ENSMUST00000235530.2""}]",2026_03,0.1.0
ENSMUSG00000066687,F7APZ6,10090,UniProtKB unreviewed (TrEMBL),,entry_level_cross_reference_isoform_unspecified,,,"[{""gene_id_versioned"": ""ENSMUSG00000066687.6"", ""isoform_id"": """", ""protein_id"": ""ENSMUSP00000091374.4"", ""transcript_id"": ""ENSMUST00000093852.5""}, {""gene_id_versioned"": ""ENSMUSG00000066687.6"", ""isoform_id"": """", ""protein_id"": ""ENSMUSP00000150887.2"", ""transcript_id"": ""ENSMUST00000216150.2""}]",2026_03,0.1.0
ENSMUSG00000039450,A2AC16,10090,UniProtKB unreviewed (TrEMBL),,entry_level_cross_reference_isoform_unspecified,,,"[{""gene_id_versioned"": ""ENSMUSG00000039450.12"", ""isoform_id"": """", ""protein_id"": ""ENSMUSP00000101754.4"", ""transcript_id"": ""ENSMUST00000106148.10""}]",2026_03,0.1.0
ENSMUSG00000039450,Q91X52,10090,UniProtKB reviewed (Swiss-Prot),,entry_level_cross_reference_isoform_unspecified,,,"[{""gene_id_versioned"": ""ENSMUSG00000039450.12"", ""isoform_id"": """", ""protein_id"": ""ENSMUSP00000026144.5"", ""transcript_id"": ""ENSMUST00000026144.5""}]",2026_03,0.1.0
ENSMUSG00000024610,P04441,10090,UniProtKB reviewed (Swiss-Prot),P04441-1,explicit_displayed_isoform_cross_reference,,,"[{""gene_id_versioned"": ""ENSMUSG00000024610.17"", ""isoform_id"": ""P04441-2"", ""protein_id"": ""ENSMUSP00000057836.9"", ""transcript_id"": ""ENSMUST00000050487.16""}, {""gene_id_versioned"": ""ENSMUSG00000024610.17"", ""isoform_id"": ""P04441-1"", ""protein_id"": ""ENSMUSP00000095171.3"", ""transcript_id"": ""ENSMUST00000097563.9""}]",2026_03,0.1.0
ENSMUSG00000022385,Q8R080,10090,UniProtKB reviewed (Swiss-Prot),,entry_level_cross_reference_isoform_unspecified,,,"[{""gene_id_versioned"": ""ENSMUSG00000022385.12"", ""isoform_id"": """", ""protein_id"": ""ENSMUSP00000128759.2"", ""transcript_id"": ""ENSMUST00000170629.3""}, {""gene_id_versioned"": ""ENSMUSG00000022385.12"", ""isoform_id"": """", ""protein_id"": ""ENSMUSP00000155552.2"", ""transcript_id"": ""ENSMUST00000231074.2""}]",2026_03,0.1.0
ENSMUSG00000021750,A0A5S8E879,10090,UniProtKB unreviewed (TrEMBL),,entry_level_cross_reference_isoform_unspecified,,,"[{""gene_id_versioned"": ""ENSMUSG00000021750.17"", ""isoform_id"": """", ""protein_id"": ""ENSMUSP00000112769.3"", ""transcript_id"": ""ENSMUST00000120411.9""}]",2026_03,0.1.0
ENSMUSG00000021750,A9C450,10090,UniProtKB unreviewed (TrEMBL),,entry_level_cross_reference_isoform_unspecified,,FRAGMENT_SEQUENCE,"[{""gene_id_versioned"": ""ENSMUSG00000021750.17"", ""isoform_id"": """", ""protein_id"": ""ENSMUSP00000120854.2"", ""transcript_id"": ""ENSMUST00000137133.2""}]",2026_03,0.1.0
ENSMUSG00000021750,Q78TU8,10090,UniProtKB reviewed (Swiss-Prot),,entry_level_cross_reference_isoform_unspecified,,,"[{""gene_id_versioned"": ""ENSMUSG00000021750.17"", ""isoform_id"": """", ""protein_id"": ""ENSMUSP00000045513.9"", ""transcript_id"": ""ENSMUST00000036070.15""}, {""gene_id_versioned"": ""ENSMUSG00000021750.17"", ""isoform_id"": """", ""protein_id"": ""ENSMUSP00000114015.2"", ""transcript_id"": ""ENSMUST00000121887.8""}]",2026_03,0.1.0
ENSMUSG00000017723,A2A5G4,10090,UniProtKB unreviewed (TrEMBL),,entry_level_cross_reference_isoform_unspecified,,,"[{""gene_id_versioned"": ""ENSMUSG00000017723.12"", ""isoform_id"": """", ""protein_id"": ""ENSMUSP00000104968.3"", ""transcript_id"": ""ENSMUST00000109344.9""}]",2026_03,0.1.0
ENSMUSG00000017723,A2A5G5,10090,UniProtKB unreviewed (TrEMBL),,entry_level_cross_reference_isoform_unspecified,,,"[{""gene_id_versioned"": ""ENSMUSG00000017723.12"", ""isoform_id"": """", ""protein_id"": ""ENSMUSP00000104969.3"", ""transcript_id"": ""ENSMUST00000109345.9""}]",2026_03,0.1.0
ENSMUSG00000017723,A2A5G6,10090,UniProtKB unreviewed (TrEMBL),,entry_level_cross_reference_isoform_unspecified,,FRAGMENT_SEQUENCE,"[{""gene_id_versioned"": ""ENSMUSG00000017723.12"", ""isoform_id"": """", ""protein_id"": ""ENSMUSP00000119391.2"", ""transcript_id"": ""ENSMUST00000125051.2""}]",2026_03,0.1.0
ENSMUSG00000017723,Q9DAU7,10090,UniProtKB reviewed (Swiss-Prot),,entry_level_cross_reference_isoform_unspecified,,,"[{""gene_id_versioned"": ""ENSMUSG00000017723.12"", ""isoform_id"": """", ""protein_id"": ""ENSMUSP00000017867.4"", ""transcript_id"": ""ENSMUST00000017867.10""}]",2026_03,0.1.0
ENSMUSG00000021388,Q99MQ4,10090,UniProtKB reviewed (Swiss-Prot),,entry_level_cross_reference_isoform_unspecified,,,"[{""gene_id_versioned"": ""ENSMUSG00000021388.15"", ""isoform_id"": """", ""protein_id"": ""ENSMUSP00000021820.7"", ""transcript_id"": ""ENSMUST00000021820.14""}, {""gene_id_versioned"": ""ENSMUSG00000021388.15"", ""isoform_id"": """", ""protein_id"": ""ENSMUSP00000136728.2"", ""transcript_id"": ""ENSMUST00000177948.2""}]",2026_03,0.1.0
ENSMUSG00000036594,G3UWR9,10090,UniProtKB unreviewed (TrEMBL),,entry_level_cross_reference_isoform_unspecified,,,"[{""gene_id_versioned"": ""ENSMUSG00000036594.16"", ""isoform_id"": """", ""protein_id"": ""ENSMUSP00000133399.2"", ""transcript_id"": ""ENSMUST00000174751.2""}]",2026_03,0.1.0
ENSMUSG00000036594,P14434,10090,UniProtKB reviewed (Swiss-Prot),,entry_level_cross_reference_isoform_unspecified,,,"[{""gene_id_versioned"": ""ENSMUSG00000036594.16"", ""isoform_id"": """", ""protein_id"": ""ENSMUSP00000046105.7"", ""transcript_id"": ""ENSMUST00000040655.14""}]",2026_03,0.1.0
ENSMUSG00000030790,P97297,10090,UniProtKB reviewed (Swiss-Prot),,entry_level_cross_reference_isoform_unspecified,,,"[{""gene_id_versioned"": ""ENSMUSG00000030790.16"", ""isoform_id"": """", ""protein_id"": ""ENSMUSP00000033054.9"", ""transcript_id"": ""ENSMUST00000033054.10""}]",2026_03,0.1.0
ENSMUSG00000014361,Q60805,10090,UniProtKB reviewed (Swiss-Prot),,entry_level_cross_reference_isoform_unspecified,,,"[{""gene_id_versioned"": ""ENSMUSG00000014361.6"", ""isoform_id"": """", ""protein_id"": ""ENSMUSP00000014505.5"", ""transcript_id"": ""ENSMUST00000014505.5""}]",2026_03,0.1.0
ENSMUSG00000025154,E9Q4T1,10090,UniProtKB unreviewed (TrEMBL),,entry_level_cross_reference_isoform_unspecified,,,"[{""gene_id_versioned"": ""ENSMUSG00000025154.16"", ""isoform_id"": """", ""protein_id"": ""ENSMUSP00000129586.2"", ""transcript_id"": ""ENSMUST00000163265.9""}]",2026_03,0.1.0
ENSMUSG00000025154,Q8BRH3,10090,UniProtKB reviewed (Swiss-Prot),Q8BRH3-1,explicit_displayed_isoform_cross_reference,,,"[{""gene_id_versioned"": ""ENSMUSG00000025154.16"", ""isoform_id"": ""Q8BRH3-1"", ""protein_id"": ""ENSMUSP00000026150.9"", ""transcript_id"": ""ENSMUST00000026150.15""}, {""gene_id_versioned"": ""ENSMUSG00000025154.16"", ""isoform_id"": ""Q8BRH3-2"", ""protein_id"": ""ENSMUSP00000135293.2"", ""transcript_id"": ""ENSMUST00000177495.2""}]",2026_03,0.1.0
ENSMUSG00000037071,A0A494B9N5,10090,UniProtKB unreviewed (TrEMBL),,entry_level_cross_reference_isoform_unspecified,,FRAGMENT_SEQUENCE,"[{""gene_id_versioned"": ""ENSMUSG00000037071.4"", ""isoform_id"": """", ""protein_id"": ""ENSMUSP00000157730.2"", ""transcript_id"": ""ENSMUST00000235741.2""}]",2026_03,0.1.0
ENSMUSG00000037071,P13516,10090,UniProtKB reviewed (Swiss-Prot),,entry_level_cross_reference_isoform_unspecified,,,"[{""gene_id_versioned"": ""ENSMUSG00000037071.4"", ""isoform_id"": """", ""protein_id"": ""ENSMUSP00000036936.3"", ""transcript_id"": ""ENSMUST00000041331.4""}]",2026_03,0.1.0
ENSMUSG00000038332,E9PXR3,10090,UniProtKB unreviewed (TrEMBL),,entry_level_cross_reference_isoform_unspecified,,,"[{""gene_id_versioned"": ""ENSMUSG00000038332.14"", ""isoform_id"": """", ""protein_id"": ""ENSMUSP00000097515.4"", ""transcript_id"": ""ENSMUST00000099931.11""}]",2026_03,0.1.0
ENSMUSG00000038332,P58006,10090,UniProtKB reviewed (Swiss-Prot),,entry_level_cross_reference_isoform_unspecified,,,"[{""gene_id_versioned"": ""ENSMUSG00000038332.14"", ""isoform_id"": """", ""protein_id"": ""ENSMUSP00000043034.7"", ""transcript_id"": ""ENSMUST00000041438.7""}]",2026_03,0.1.0
ENSMUSG00000009876,Q91W29,10090,UniProtKB reviewed (Swiss-Prot),,entry_level_cross_reference_isoform_unspecified,,,"[{""gene_id_versioned"": ""ENSMUSG00000009876.14"", ""isoform_id"": """", ""protein_id"": ""ENSMUSP00000010020.6"", ""transcript_id"": ""ENSMUST00000010020.12""}, {""gene_id_versioned"": ""ENSMUSG00000009876.14"", ""isoform_id"": """", ""protein_id"": ""ENSMUSP00000105446.2"", ""transcript_id"": ""ENSMUST00000109821.2""}]",2026_03,0.1.0
ENSMUSG00000019874,E9Q0H6,10090,UniProtKB unreviewed (TrEMBL),,entry_level_cross_reference_isoform_unspecified,,,"[{""gene_id_versioned"": ""ENSMUSG00000019874.12"", ""isoform_id"": """", ""protein_id"": ""ENSMUSP00000131415.2"", ""transcript_id"": ""ENSMUST00000165013.2""}]",2026_03,0.1.0
ENSMUSG00000019874,P51880,10090,UniProtKB reviewed (Swiss-Prot),,entry_level_cross_reference_isoform_unspecified,,,"[{""gene_id_versioned"": ""ENSMUSG00000019874.12"", ""isoform_id"": """", ""protein_id"": ""ENSMUSP00000020024.6"", ""transcript_id"": ""ENSMUST00000020024.12""}]",2026_03,0.1.0
ENSMUSG00000027204,Q61554,10090,UniProtKB reviewed (Swiss-Prot),,entry_level_cross_reference_isoform_unspecified,,,"[{""gene_id_versioned"": ""ENSMUSG00000027204.14"", ""isoform_id"": """", ""protein_id"": ""ENSMUSP00000028633.7"", ""transcript_id"": ""ENSMUST00000028633.13""}, {""gene_id_versioned"": ""ENSMUSG00000027204.14"", ""isoform_id"": """", ""protein_id"": ""ENSMUSP00000099524.2"", ""transcript_id"": ""ENSMUST00000103234.2""}]",2026_03,0.1.0
ENSMUSG00000032289,D3Z044,10090,UniProtKB unreviewed (TrEMBL),,entry_level_cross_reference_isoform_unspecified,,FRAGMENT_SEQUENCE,"[{""gene_id_versioned"": ""ENSMUSG00000032289.16"", ""isoform_id"": """", ""protein_id"": ""ENSMUSP00000123323.2"", ""transcript_id"": ""ENSMUST00000140824.2""}]",2026_03,0.1.0
ENSMUSG00000032289,Q3UTY6,10090,UniProtKB reviewed (Swiss-Prot),Q3UTY6-1,explicit_displayed_isoform_cross_reference,,,"[{""gene_id_versioned"": ""ENSMUSG00000032289.16"", ""isoform_id"": ""Q3UTY6-2"", ""protein_id"": ""ENSMUSP00000034829.6"", ""transcript_id"": ""ENSMUST00000034829.6""}, {""gene_id_versioned"": ""ENSMUSG00000032289.16"", ""isoform_id"": ""Q3UTY6-1"", ""protein_id"": ""ENSMUSP00000096257.4"", ""transcript_id"": ""ENSMUST00000098660.10""}, {""gene_id_versioned"": ""ENSMUSG00000032289.16"", ""isoform_id"": ""Q3UTY6-1"", ""protein_id"": ""ENSMUSP00000131418.2"", ""transcript_id"": ""ENSMUST00000171654.8""}]",2026_03,0.1.0
ENSMUSG00000021702,Q9Z1T2,10090,UniProtKB reviewed (Swiss-Prot),,entry_level_cross_reference_isoform_unspecified,,,"[{""gene_id_versioned"": ""ENSMUSG00000021702.8"", ""isoform_id"": """", ""protein_id"": ""ENSMUSP00000022213.8"", ""transcript_id"": ""ENSMUST00000022213.8""}]",2026_03,0.1.0
ENSMUSG00000019232,E9PYH3,10090,UniProtKB unreviewed (TrEMBL),,entry_level_cross_reference_isoform_unspecified,,,"[{""gene_id_versioned"": ""ENSMUSG00000019232.15"", ""isoform_id"": """", ""protein_id"": ""ENSMUSP00000129120.2"", ""transcript_id"": ""ENSMUST00000163620.8""}]",2026_03,0.1.0
ENSMUSG00000019232,F7AY26,10090,UniProtKB unreviewed (TrEMBL),,entry_level_cross_reference_isoform_unspecified,,AMBIGUOUS_OR_INVALID_SEQUENCE,"[{""gene_id_versioned"": ""ENSMUSG00000019232.15"", ""isoform_id"": """", ""protein_id"": ""ENSMUSP00000128425.2"", ""transcript_id"": ""ENSMUST00000170664.2""}]",2026_03,0.1.0
ENSMUSG00000019232,Q8BWU8,10090,UniProtKB reviewed (Swiss-Prot),,entry_level_cross_reference_isoform_unspecified,,,"[{""gene_id_versioned"": ""ENSMUSG00000019232.15"", ""isoform_id"": """", ""protein_id"": ""ENSMUSP00000072121.7"", ""transcript_id"": ""ENSMUST00000072271.13""}, {""gene_id_versioned"": ""ENSMUSG00000019232.15"", ""isoform_id"": """", ""protein_id"": ""ENSMUSP00000131294.2"", ""transcript_id"": ""ENSMUST00000166187.8""}]",2026_03,0.1.0
ENSMUSG00000023067,P39689,10090,UniProtKB reviewed (Swiss-Prot),,entry_level_cross_reference_isoform_unspecified,,,"[{""gene_id_versioned"": ""ENSMUSG00000023067.15"", ""isoform_id"": """", ""protein_id"": ""ENSMUSP00000023829.7"", ""transcript_id"": ""ENSMUST00000023829.8""}, {""gene_id_versioned"": ""ENSMUSG00000023067.15"", ""isoform_id"": """", ""protein_id"": ""ENSMUSP00000113150.2"", ""transcript_id"": ""ENSMUST00000119901.9""}, {""gene_id_versioned"": ""ENSMUSG00000023067.15"", ""isoform_id"": """", ""protein_id"": ""ENSMUSP00000112411.2"", ""transcript_id"": ""ENSMUST00000122348.3""}, {""gene_id_versioned"": ""ENSMUSG00000023067.15"", ""isoform_id"": """", ""protein_id"": ""ENSMUSP00000156559.2"", ""transcript_id"": ""ENSMUST00000233296.2""}]",2026_03,0.1.0
ENSMUSG00000031886,Q8BK48,10090,UniProtKB reviewed (Swiss-Prot),,entry_level_cross_reference_isoform_unspecified,,,"[{""gene_id_versioned"": ""ENSMUSG00000031886.15"", ""isoform_id"": """", ""protein_id"": ""ENSMUSP00000034355.5"", ""transcript_id"": ""ENSMUST00000034355.11""}, {""gene_id_versioned"": ""ENSMUSG00000031886.15"", ""isoform_id"": """", ""protein_id"": ""ENSMUSP00000105037.3"", ""transcript_id"": ""ENSMUST00000109410.4""}]",2026_03,0.1.0
ENSMUSG00000024222,A0A3B2WBD2,10090,UniProtKB unreviewed (TrEMBL),,entry_level_cross_reference_isoform_unspecified,,,"[{""gene_id_versioned"": ""ENSMUSG00000024222.19"", ""isoform_id"": """", ""protein_id"": ""ENSMUSP00000156811.2"", ""transcript_id"": ""ENSMUST00000233870.2""}]",2026_03,0.1.0
ENSMUSG00000024222,A0A3B2WCL4,10090,UniProtKB unreviewed (TrEMBL),,entry_level_cross_reference_isoform_unspecified,,,"[{""gene_id_versioned"": ""ENSMUSG00000024222.19"", ""isoform_id"": """", ""protein_id"": ""ENSMUSP00000156582.2"", ""transcript_id"": ""ENSMUST00000233291.2""}]",2026_03,0.1.0
ENSMUSG00000024222,B8JJC2,10090,UniProtKB unreviewed (TrEMBL),,entry_level_cross_reference_isoform_unspecified,,FRAGMENT_SEQUENCE,"[{""gene_id_versioned"": ""ENSMUSG00000024222.19"", ""isoform_id"": """", ""protein_id"": ""ENSMUSP00000116466.2"", ""transcript_id"": ""ENSMUST00000153744.2""}]",2026_03,0.1.0
ENSMUSG00000024222,Q64378,10090,UniProtKB reviewed (Swiss-Prot),,entry_level_cross_reference_isoform_unspecified,,,"[{""gene_id_versioned"": ""ENSMUSG00000024222.19"", ""isoform_id"": """", ""protein_id"": ""ENSMUSP00000078382.4"", ""transcript_id"": ""ENSMUST00000079413.11""}, {""gene_id_versioned"": ""ENSMUSG00000024222.19"", ""isoform_id"": """", ""protein_id"": ""ENSMUSP00000110440.2"", ""transcript_id"": ""ENSMUST00000114792.8""}, {""gene_id_versioned"": ""ENSMUSG00000024222.19"", ""isoform_id"": """", ""protein_id"": ""ENSMUSP00000156418.2"", ""transcript_id"": ""ENSMUST00000233102.2""}]",2026_03,0.1.0
ENSMUSG00000039167,A0A0G2JGY1,10090,UniProtKB unreviewed (TrEMBL),,entry_level_cross_reference_isoform_unspecified,,FRAGMENT_SEQUENCE,"[{""gene_id_versioned"": ""ENSMUSG00000039167.13"", ""isoform_id"": """", ""protein_id"": ""ENSMUSP00000143744.2"", ""transcript_id"": ""ENSMUST00000196970.3""}]",2026_03,0.1.0
ENSMUSG00000039167,A0A571BEP4,10090,UniProtKB unreviewed (TrEMBL),,entry_level_cross_reference_isoform_unspecified,,AMBIGUOUS_OR_INVALID_SEQUENCE,"[{""gene_id_versioned"": ""ENSMUSG00000039167.13"", ""isoform_id"": """", ""protein_id"": ""ENSMUSP00000158762.2"", ""transcript_id"": ""ENSMUST00000238268.2""}]",2026_03,0.1.0
ENSMUSG00000039167,A0A571BF07,10090,UniProtKB unreviewed (TrEMBL),,entry_level_cross_reference_isoform_unspecified,,AMBIGUOUS_OR_INVALID_SEQUENCE,"[{""gene_id_versioned"": ""ENSMUSG00000039167.13"", ""isoform_id"": """", ""protein_id"": ""ENSMUSP00000158710.2"", ""transcript_id"": ""ENSMUST00000129283.2""}]",2026_03,0.1.0
ENSMUSG00000039167,Q923X1,10090,UniProtKB reviewed (Swiss-Prot),,entry_level_cross_reference_isoform_unspecified,,,"[{""gene_id_versioned"": ""ENSMUSG00000039167.13"", ""isoform_id"": """", ""protein_id"": ""ENSMUSP00000041939.8"", ""transcript_id"": ""ENSMUST00000046977.12""}]",2026_03,0.1.0
ENSMUSG00000022055,P08551,10090,UniProtKB reviewed (Swiss-Prot),,entry_level_cross_reference_isoform_unspecified,,,"[{""gene_id_versioned"": ""ENSMUSG00000022055.8"", ""isoform_id"": """", ""protein_id"": ""ENSMUSP00000022639.8"", ""transcript_id"": ""ENSMUST00000022639.8""}]",2026_03,0.1.0
ENSMUSG00000019577,A0A0N4SW53,10090,UniProtKB unreviewed (TrEMBL),,entry_level_cross_reference_isoform_unspecified,,FRAGMENT_SEQUENCE,"[{""gene_id_versioned"": ""ENSMUSG00000019577.7"", ""isoform_id"": """", ""protein_id"": ""ENSMUSP00000145377.2"", ""transcript_id"": ""ENSMUST00000203347.3""}]",2026_03,0.1.0
ENSMUSG00000019577,O70571,10090,UniProtKB reviewed (Swiss-Prot),,entry_level_cross_reference_isoform_unspecified,,,"[{""gene_id_versioned"": ""ENSMUSG00000019577.7"", ""isoform_id"": """", ""protein_id"": ""ENSMUSP00000019721.5"", ""transcript_id"": ""ENSMUST00000019721.7""}]",2026_03,0.1.0
ENSMUSG00000037003,A0A2R8VHQ0,10090,UniProtKB unreviewed (TrEMBL),,entry_level_cross_reference_isoform_unspecified,,,"[{""gene_id_versioned"": ""ENSMUSG00000037003.17"", ""isoform_id"": """", ""protein_id"": ""ENSMUSP00000155309.2"", ""transcript_id"": ""ENSMUST00000230474.2""}]",2026_03,0.1.0
ENSMUSG00000037003,A0A2R8W6Z5,10090,UniProtKB unreviewed (TrEMBL),,entry_level_cross_reference_isoform_unspecified,,FRAGMENT_SEQUENCE,"[{""gene_id_versioned"": ""ENSMUSG00000037003.17"", ""isoform_id"": """", ""protein_id"": ""ENSMUSP00000155624.2"", ""transcript_id"": ""ENSMUST00000229592.2""}]",2026_03,0.1.0
ENSMUSG00000037003,Q8CGB6,10090,UniProtKB reviewed (Swiss-Prot),Q8CGB6-1,explicit_displayed_isoform_cross_reference,,,"[{""gene_id_versioned"": ""ENSMUSG00000037003.17"", ""isoform_id"": ""Q8CGB6-3"", ""protein_id"": ""ENSMUSP00000041087.10"", ""transcript_id"": ""ENSMUST00000046144.10""}, {""gene_id_versioned"": ""ENSMUSG00000037003.17"", ""isoform_id"": ""Q8CGB6-1"", ""protein_id"": ""ENSMUSP00000129146.2"", ""transcript_id"": ""ENSMUST00000169627.9""}, {""gene_id_versioned"": ""ENSMUSG00000037003.17"", ""isoform_id"": ""Q8CGB6-4"", ""protein_id"": ""ENSMUSP00000155830.2"", ""transcript_id"": ""ENSMUST00000228958.2""}]",2026_03,0.1.0
ENSMUSG00000028211,Q9QXE4,10090,UniProtKB reviewed (Swiss-Prot),Q9QXE4-1,explicit_displayed_isoform_cross_reference,,,"[{""gene_id_versioned"": ""ENSMUSG00000028211.12"", ""isoform_id"": ""Q9QXE4-1"", ""protein_id"": ""ENSMUSP00000029865.4"", ""transcript_id"": ""ENSMUST00000029865.4""}]",2026_03,0.1.0
ENSMUSG00000022054,A0A0R4J036,10090,UniProtKB unreviewed (TrEMBL),,entry_level_cross_reference_isoform_unspecified,,,"[{""gene_id_versioned"": ""ENSMUSG00000022054.12"", ""isoform_id"": """", ""protein_id"": ""ENSMUSP00000022638.6"", ""transcript_id"": ""ENSMUST00000022638.6""}]",2026_03,0.1.0
ENSMUSG00000022054,D3YZ35,10090,UniProtKB unreviewed (TrEMBL),,entry_level_cross_reference_isoform_unspecified,,,"[{""gene_id_versioned"": ""ENSMUSG00000022054.12"", ""isoform_id"": """", ""protein_id"": ""ENSMUSP00000106718.2"", ""transcript_id"": ""ENSMUST00000111089.8""}]",2026_03,0.1.0
ENSMUSG00000003526,A0A0R4J1T9,10090,UniProtKB unreviewed (TrEMBL),,entry_level_cross_reference_isoform_unspecified,,,"[{""gene_id_versioned"": ""ENSMUSG00000003526.13"", ""isoform_id"": """", ""protein_id"": ""ENSMUSP00000117597.2"", ""transcript_id"": ""ENSMUST00000136776.8""}]",2026_03,0.1.0
ENSMUSG00000003526,A0A338P738,10090,UniProtKB unreviewed (TrEMBL),,entry_level_cross_reference_isoform_unspecified,,FRAGMENT_SEQUENCE,"[{""gene_id_versioned"": ""ENSMUSG00000003526.13"", ""isoform_id"": """", ""protein_id"": ""ENSMUSP00000156221.2"", ""transcript_id"": ""ENSMUST00000232554.2""}]",2026_03,0.1.0
ENSMUSG00000003526,E9PUR5,10090,UniProtKB unreviewed (TrEMBL),,entry_level_cross_reference_isoform_unspecified,,,"[{""gene_id_versioned"": ""ENSMUSG00000003526.13"", ""isoform_id"": """", ""protein_id"": ""ENSMUSP00000123223.2"", ""transcript_id"": ""ENSMUST00000139861.2""}]",2026_03,0.1.0
ENSMUSG00000003526,F6PYI8,10090,UniProtKB unreviewed (TrEMBL),,entry_level_cross_reference_isoform_unspecified,,AMBIGUOUS_OR_INVALID_SEQUENCE,"[{""gene_id_versioned"": ""ENSMUSG00000003526.13"", ""isoform_id"": """", ""protein_id"": ""ENSMUSP00000121736.2"", ""transcript_id"": ""ENSMUST00000126087.2""}]",2026_03,0.1.0
ENSMUSG00000003526,F6XMC0,10090,UniProtKB unreviewed (TrEMBL),,entry_level_cross_reference_isoform_unspecified,,FRAGMENT_SEQUENCE,"[{""gene_id_versioned"": ""ENSMUSG00000003526.13"", ""isoform_id"": """", ""protein_id"": ""ENSMUSP00000118264.2"", ""transcript_id"": ""ENSMUST00000132241.2""}]",2026_03,0.1.0
ENSMUSG00000003526,F6YFQ5,10090,UniProtKB unreviewed (TrEMBL),,entry_level_cross_reference_isoform_unspecified,,AMBIGUOUS_OR_INVALID_SEQUENCE,"[{""gene_id_versioned"": ""ENSMUSG00000003526.13"", ""isoform_id"": """", ""protein_id"": ""ENSMUSP00000122889.2"", ""transcript_id"": ""ENSMUST00000141635.8""}]",2026_03,0.1.0
ENSMUSG00000003526,Q9WU79,10090,UniProtKB reviewed (Swiss-Prot),,entry_level_cross_reference_isoform_unspecified,,,"[{""gene_id_versioned"": ""ENSMUSG00000003526.13"", ""isoform_id"": """", ""protein_id"": ""ENSMUSP00000003620.6"", ""transcript_id"": ""ENSMUST00000003620.13""}]",2026_03,0.1.0
ENSMUSG00000046768,D3YX61,10090,UniProtKB unreviewed (TrEMBL),,entry_level_cross_reference_isoform_unspecified,,,"[{""gene_id_versioned"": ""ENSMUSG00000046768.14"", ""isoform_id"": """", ""protein_id"": ""ENSMUSP00000112379.2"", ""transcript_id"": ""ENSMUST00000118602.8""}]",2026_03,0.1.0
ENSMUSG00000046768,F2Z463,10090,UniProtKB unreviewed (TrEMBL),,entry_level_cross_reference_isoform_unspecified,,,"[{""gene_id_versioned"": ""ENSMUSG00000046768.14"", ""isoform_id"": """", ""protein_id"": ""ENSMUSP00000113165.2"", ""transcript_id"": ""ENSMUST00000118966.8""}]",2026_03,0.1.0
ENSMUSG00000046768,G3UZM2,10090,UniProtKB unreviewed (TrEMBL),,entry_level_cross_reference_isoform_unspecified,,FRAGMENT_SEQUENCE,"[{""gene_id_versioned"": ""ENSMUSG00000046768.14"", ""isoform_id"": """", ""protein_id"": ""ENSMUSP00000134552.2"", ""transcript_id"": ""ENSMUST00000172981.2""}]",2026_03,0.1.0
ENSMUSG00000046768,Q9ER71,10090,UniProtKB reviewed (Swiss-Prot),Q9ER71-1,explicit_displayed_isoform_cross_reference,,,"[{""gene_id_versioned"": ""ENSMUSG00000046768.14"", ""isoform_id"": ""Q9ER71-1"", ""protein_id"": ""ENSMUSP00000059498.6"", ""transcript_id"": ""ENSMUST00000055390.6""}]",2026_03,0.1.0
ENSMUSG00000063683,Q91XE0,10090,UniProtKB reviewed (Swiss-Prot),Q91XE0-1,explicit_displayed_isoform_cross_reference,,,"[{""gene_id_versioned"": ""ENSMUSG00000063683.13"", ""isoform_id"": ""Q91XE0-1"", ""protein_id"": ""ENSMUSP00000043308.6"", ""transcript_id"": ""ENSMUST00000044976.12""}, {""gene_id_versioned"": ""ENSMUSG00000063683.13"", ""isoform_id"": ""Q91XE0-2"", ""protein_id"": ""ENSMUSP00000114002.2"", ""transcript_id"": ""ENSMUST00000119960.2""}]",2026_03,0.1.0
ENSMUSG00000024529,P28301,10090,UniProtKB reviewed (Swiss-Prot),,entry_level_cross_reference_isoform_unspecified,,,"[{""gene_id_versioned"": ""ENSMUSG00000024529.15"", ""isoform_id"": """", ""protein_id"": ""ENSMUSP00000025409.8"", ""transcript_id"": ""ENSMUST00000025409.9""}, {""gene_id_versioned"": ""ENSMUSG00000024529.15"", ""isoform_id"": """", ""protein_id"": ""ENSMUSP00000129247.2"", ""transcript_id"": ""ENSMUST00000171470.8""}]",2026_03,0.1.0
ENSMUSG00000020326,P51945,10090,UniProtKB reviewed (Swiss-Prot),,entry_level_cross_reference_isoform_unspecified,,,"[{""gene_id_versioned"": ""ENSMUSG00000020326.8"", ""isoform_id"": """", ""protein_id"": ""ENSMUSP00000020576.8"", ""transcript_id"": ""ENSMUST00000020576.8""}]",2026_03,0.1.0
ENSMUSG00000027188,Q8BU25,10090,UniProtKB reviewed (Swiss-Prot),,entry_level_cross_reference_isoform_unspecified,,,"[{""gene_id_versioned"": ""ENSMUSG00000027188.9"", ""isoform_id"": """", ""protein_id"": ""ENSMUSP00000028612.8"", ""transcript_id"": ""ENSMUST00000028612.8""}]",2026_03,0.1.0
ENSMUSG00000024395,A0A286YCF2,10090,UniProtKB unreviewed (TrEMBL),,entry_level_cross_reference_isoform_unspecified,,FRAGMENT_SEQUENCE,"[{""gene_id_versioned"": ""ENSMUSG00000024395.10"", ""isoform_id"": """", ""protein_id"": ""ENSMUSP00000152960.2"", ""transcript_id"": ""ENSMUST00000224383.2""}]",2026_03,0.1.0
ENSMUSG00000024395,A0A286YCS7,10090,UniProtKB unreviewed (TrEMBL),,entry_level_cross_reference_isoform_unspecified,,FRAGMENT_SEQUENCE,"[{""gene_id_versioned"": ""ENSMUSG00000024395.10"", ""isoform_id"": """", ""protein_id"": ""ENSMUSP00000153122.2"", ""transcript_id"": ""ENSMUST00000223753.2""}]",2026_03,0.1.0
ENSMUSG00000024395,A0A286YD07,10090,UniProtKB unreviewed (TrEMBL),,entry_level_cross_reference_isoform_unspecified,,,"[{""gene_id_versioned"": ""ENSMUSG00000024395.10"", ""isoform_id"": """", ""protein_id"": ""ENSMUSP00000153218.2"", ""transcript_id"": ""ENSMUST00000225404.2""}]",2026_03,0.1.0
ENSMUSG00000024395,A0A286YDH9,10090,UniProtKB unreviewed (TrEMBL),,entry_level_cross_reference_isoform_unspecified,,FRAGMENT_SEQUENCE,"[{""gene_id_versioned"": ""ENSMUSG00000024395.10"", ""isoform_id"": """", ""protein_id"": ""ENSMUSP00000153433.2"", ""transcript_id"": ""ENSMUST00000224328.2""}]",2026_03,0.1.0
ENSMUSG00000024395,A0A3Q4EC95,10090,UniProtKB unreviewed (TrEMBL),,entry_level_cross_reference_isoform_unspecified,,FRAGMENT_SEQUENCE,"[{""gene_id_versioned"": ""ENSMUSG00000024395.10"", ""isoform_id"": """", ""protein_id"": ""ENSMUSP00000157357.2"", ""transcript_id"": ""ENSMUST00000233994.2""}]",2026_03,0.1.0
ENSMUSG00000024395,Q91XD2,10090,UniProtKB reviewed (Swiss-Prot),,entry_level_cross_reference_isoform_unspecified,,,"[{""gene_id_versioned"": ""ENSMUSG00000024395.10"", ""isoform_id"": """", ""protein_id"": ""ENSMUSP00000025254.8"", ""transcript_id"": ""ENSMUST00000025254.9""}]",2026_03,0.1.0
ENSMUSG00000035385,P10148,10090,UniProtKB reviewed (Swiss-Prot),,entry_level_cross_reference_isoform_unspecified,,,"[{""gene_id_versioned"": ""ENSMUSG00000035385.6"", ""isoform_id"": """", ""protein_id"": ""ENSMUSP00000000193.6"", ""transcript_id"": ""ENSMUST00000000193.6""}]",2026_03,0.1.0
ENSMUSG00000001930,E9QPU1,10090,UniProtKB unreviewed (TrEMBL),,entry_level_cross_reference_isoform_unspecified,,,"[{""gene_id_versioned"": ""ENSMUSG00000001930.18"", ""isoform_id"": """", ""protein_id"": ""ENSMUSP00000107873.3"", ""transcript_id"": ""ENSMUST00000112254.8""}]",2026_03,0.1.0
ENSMUSG00000001930,F6QC47,10090,UniProtKB unreviewed (TrEMBL),,entry_level_cross_reference_isoform_unspecified,,,"[{""gene_id_versioned"": ""ENSMUSG00000001930.18"", ""isoform_id"": """", ""protein_id"": ""ENSMUSP00000107872.2"", ""transcript_id"": ""ENSMUST00000112253.6""}]",2026_03,0.1.0
ENSMUSG00000001930,F6XNP4,10090,UniProtKB unreviewed (TrEMBL),,entry_level_cross_reference_isoform_unspecified,,,"[{""gene_id_versioned"": ""ENSMUSG00000001930.18"", ""isoform_id"": """", ""protein_id"": ""ENSMUSP00000098502.3"", ""transcript_id"": ""ENSMUST00000100941.9""}]",2026_03,0.1.0
ENSMUSG00000001930,S4R195,10090,UniProtKB unreviewed (TrEMBL),,entry_level_cross_reference_isoform_unspecified,,AMBIGUOUS_OR_INVALID_SEQUENCE,"[{""gene_id_versioned"": ""ENSMUSG00000001930.18"", ""isoform_id"": """", ""protein_id"": ""ENSMUSP00000138132.2"", ""transcript_id"": ""ENSMUST00000147101.2""}]",2026_03,0.1.0
ENSMUSG00000020717,B1ARA9,10090,UniProtKB unreviewed (TrEMBL),,entry_level_cross_reference_isoform_unspecified,,FRAGMENT_SEQUENCE,"[{""gene_id_versioned"": ""ENSMUSG00000020717.20"", ""isoform_id"": """", ""protein_id"": ""ENSMUSP00000122414.3"", ""transcript_id"": ""ENSMUST00000124958.3""}]",2026_03,0.1.0
ENSMUSG00000020717,B1ARB3,10090,UniProtKB unreviewed (TrEMBL),,entry_level_cross_reference_isoform_unspecified,,,"[{""gene_id_versioned"": ""ENSMUSG00000020717.20"", ""isoform_id"": """", ""protein_id"": ""ENSMUSP00000067111.3"", ""transcript_id"": ""ENSMUST00000068021.9""}]",2026_03,0.1.0
ENSMUSG00000020717,Q08481,10090,UniProtKB reviewed (Swiss-Prot),Q08481-1,explicit_displayed_isoform_cross_reference,,,"[{""gene_id_versioned"": ""ENSMUSG00000020717.20"", ""isoform_id"": ""Q08481-3"", ""protein_id"": ""ENSMUSP00000079664.5"", ""transcript_id"": ""ENSMUST00000080853.11""}, {""gene_id_versioned"": ""ENSMUSG00000020717.20"", ""isoform_id"": ""Q08481-2"", ""protein_id"": ""ENSMUSP00000099358.4"", ""transcript_id"": ""ENSMUST00000103069.10""}, {""gene_id_versioned"": ""ENSMUSG00000020717.20"", ""isoform_id"": ""Q08481-1"", ""protein_id"": ""ENSMUSP00000102408.3"", ""transcript_id"": ""ENSMUST00000106796.9""}, {""gene_id_versioned"": ""ENSMUSG00000020717.20"", ""isoform_id"": ""Q08481-4"", ""protein_id"": ""ENSMUSP00000138959.2"", ""transcript_id"": ""ENSMUST00000183610.8""}]",2026_03,0.1.0
ENSMUSG00000021130,A0A1W2P6P9,10090,UniProtKB unreviewed (TrEMBL),,entry_level_cross_reference_isoform_unspecified,,AMBIGUOUS_OR_INVALID_SEQUENCE,"[{""gene_id_versioned"": ""ENSMUSG00000021130.9"", ""isoform_id"": """", ""protein_id"": ""ENSMUSP00000151370.2"", ""transcript_id"": ""ENSMUST00000217926.2""}]",2026_03,0.1.0
ENSMUSG00000021130,A0A1W2P7U3,10090,UniProtKB unreviewed (TrEMBL),,entry_level_cross_reference_isoform_unspecified,,AMBIGUOUS_OR_INVALID_SEQUENCE,"[{""gene_id_versioned"": ""ENSMUSG00000021130.9"", ""isoform_id"": """", ""protein_id"": ""ENSMUSP00000151800.2"", ""transcript_id"": ""ENSMUST00000219267.2""}]",2026_03,0.1.0
ENSMUSG00000021130,Q9JJ61,10090,UniProtKB reviewed (Swiss-Prot),,entry_level_cross_reference_isoform_unspecified,,,"[{""gene_id_versioned"": ""ENSMUSG00000021130.9"", ""isoform_id"": """", ""protein_id"": ""ENSMUSP00000021558.7"", ""transcript_id"": ""ENSMUST00000021558.8""}, {""gene_id_versioned"": ""ENSMUSG00000021130.9"", ""isoform_id"": """", ""protein_id"": ""ENSMUSP00000151619.2"", ""transcript_id"": ""ENSMUST00000218943.2""}, {""gene_id_versioned"": ""ENSMUSG00000021130.9"", ""isoform_id"": """", ""protein_id"": ""ENSMUSP00000151829.2"", ""transcript_id"": ""ENSMUST00000219993.2""}]",2026_03,0.1.0
ENSMUSG00000021903,G3UWF7,10090,UniProtKB unreviewed (TrEMBL),,entry_level_cross_reference_isoform_unspecified,,,"[{""gene_id_versioned"": ""ENSMUSG00000021903.12"", ""isoform_id"": """", ""protein_id"": ""ENSMUSP00000131978.2"", ""transcript_id"": ""ENSMUST00000164208.2""}]",2026_03,0.1.0
ENSMUSG00000021903,Q9D2N8,10090,UniProtKB reviewed (Swiss-Prot),,entry_level_cross_reference_isoform_unspecified,,,"[{""gene_id_versioned"": ""ENSMUSG00000021903.12"", ""isoform_id"": """", ""protein_id"": ""ENSMUSP00000022460.5"", ""transcript_id"": ""ENSMUST00000022460.11""}]",2026_03,0.1.0
ENSMUSG00000029669,A0A0J9YVI2,10090,UniProtKB unreviewed (TrEMBL),,entry_level_cross_reference_isoform_unspecified,,FRAGMENT_SEQUENCE,"[{""gene_id_versioned"": ""ENSMUSG00000029669.15"", ""isoform_id"": """", ""protein_id"": ""ENSMUSP00000144671.2"", ""transcript_id"": ""ENSMUST00000202353.2""}]",2026_03,0.1.0
ENSMUSG00000029669,A0A0N4SUK4,10090,UniProtKB unreviewed (TrEMBL),,entry_level_cross_reference_isoform_unspecified,,FRAGMENT_SEQUENCE,"[{""gene_id_versioned"": ""ENSMUSG00000029669.15"", ""isoform_id"": """", ""protein_id"": ""ENSMUSP00000144717.2"", ""transcript_id"": ""ENSMUST00000143531.2""}]",2026_03,0.1.0
ENSMUSG00000029669,D3YW00,10090,UniProtKB unreviewed (TrEMBL),,entry_level_cross_reference_isoform_unspecified,,FRAGMENT_SEQUENCE,"[{""gene_id_versioned"": ""ENSMUSG00000029669.15"", ""isoform_id"": """", ""protein_id"": ""ENSMUSP00000117820.2"", ""transcript_id"": ""ENSMUST00000123116.8""}]",2026_03,0.1.0
ENSMUSG00000029669,D3YYV7,10090,UniProtKB unreviewed (TrEMBL),,entry_level_cross_reference_isoform_unspecified,,FRAGMENT_SEQUENCE,"[{""gene_id_versioned"": ""ENSMUSG00000029669.15"", ""isoform_id"": """", ""protein_id"": ""ENSMUSP00000123475.2"", ""transcript_id"": ""ENSMUST00000134635.2""}]",2026_03,0.1.0
ENSMUSG00000029669,Q8BKT6,10090,UniProtKB reviewed (Swiss-Prot),Q8BKT6-1,explicit_displayed_isoform_cross_reference,,,"[{""gene_id_versioned"": ""ENSMUSG00000029669.15"", ""isoform_id"": ""Q8BKT6-1"", ""protein_id"": ""ENSMUSP00000031678.4"", ""transcript_id"": ""ENSMUST00000031678.10""}, {""gene_id_versioned"": ""ENSMUSG00000029669.15"", ""isoform_id"": ""Q8BKT6-2"", ""protein_id"": ""ENSMUSP00000113384.2"", ""transcript_id"": ""ENSMUST00000120965.8""}]",2026_03,0.1.0
ENSMUSG00000002831,A0A571BEC9,10090,UniProtKB unreviewed (TrEMBL),,entry_level_cross_reference_isoform_unspecified,,,"[{""gene_id_versioned"": ""ENSMUSG00000002831.16"", ""isoform_id"": """", ""protein_id"": ""ENSMUSP00000158677.2"", ""transcript_id"": ""ENSMUST00000238734.2""}]",2026_03,0.1.0
ENSMUSG00000002831,O88492,10090,UniProtKB reviewed (Swiss-Prot),O88492-1,explicit_displayed_isoform_cross_reference,,,"[{""gene_id_versioned"": ""ENSMUSG00000002831.16"", ""isoform_id"": ""O88492-1"", ""protein_id"": ""ENSMUSP00000139859.2"", ""transcript_id"": ""ENSMUST00000190703.7""}]",2026_03,0.1.0
ENSMUSG00000003283,F6UND7,10090,UniProtKB unreviewed (TrEMBL),,entry_level_cross_reference_isoform_unspecified,,,"[{""gene_id_versioned"": ""ENSMUSG00000003283.16"", ""isoform_id"": """", ""protein_id"": ""ENSMUSP00000003370.8"", ""transcript_id"": ""ENSMUST00000003370.14""}]",2026_03,0.1.0
ENSMUSG00000003283,P08103,10090,UniProtKB reviewed (Swiss-Prot),P08103-1,explicit_displayed_isoform_cross_reference,,,"[{""gene_id_versioned"": ""ENSMUSG00000003283.16"", ""isoform_id"": ""P08103-1"", ""protein_id"": ""ENSMUSP00000003370.8"", ""transcript_id"": ""ENSMUST00000003370.14""}, {""gene_id_versioned"": ""ENSMUSG00000003283.16"", ""isoform_id"": ""P08103-2"", ""protein_id"": ""ENSMUSP00000105423.2"", ""transcript_id"": ""ENSMUST00000109799.8""}, {""gene_id_versioned"": ""ENSMUSG00000003283.16"", ""isoform_id"": ""P08103-2"", ""protein_id"": ""ENSMUSP00000141030.2"", ""transcript_id"": ""ENSMUST00000189688.2""}]",2026_03,0.1.0
ENSMUSG00000019997,H3BJW0,10090,UniProtKB unreviewed (TrEMBL),,entry_level_cross_reference_isoform_unspecified,,,"[{""gene_id_versioned"": ""ENSMUSG00000019997.12"", ""isoform_id"": """", ""protein_id"": ""ENSMUSP00000135147.2"", ""transcript_id"": ""ENSMUST00000176228.2""}]",2026_03,0.1.0
ENSMUSG00000019997,H3BK14,10090,UniProtKB unreviewed (TrEMBL),,entry_level_cross_reference_isoform_unspecified,,FRAGMENT_SEQUENCE,"[{""gene_id_versioned"": ""ENSMUSG00000019997.12"", ""isoform_id"": """", ""protein_id"": ""ENSMUSP00000135212.2"", ""transcript_id"": ""ENSMUST00000129142.2""}]",2026_03,0.1.0
ENSMUSG00000019997,P29268,10090,UniProtKB reviewed (Swiss-Prot),,entry_level_cross_reference_isoform_unspecified,,,"[{""gene_id_versioned"": ""ENSMUSG00000019997.12"", ""isoform_id"": """", ""protein_id"": ""ENSMUSP00000020171.6"", ""transcript_id"": ""ENSMUST00000020171.12""}]",2026_03,0.1.0
ENSMUSG00000027656,A2AHD1,10090,UniProtKB unreviewed (TrEMBL),,entry_level_cross_reference_isoform_unspecified,,,"[{""gene_id_versioned"": ""ENSMUSG00000027656.8"", ""isoform_id"": """", ""protein_id"": ""ENSMUSP00000029188.8"", ""transcript_id"": ""ENSMUST00000029188.8""}]",2026_03,0.1.0
ENSMUSG00000021974,E9Q2N2,10090,UniProtKB unreviewed (TrEMBL),,entry_level_cross_reference_isoform_unspecified,,,"[{""gene_id_versioned"": ""ENSMUSG00000021974.16"", ""isoform_id"": """", ""protein_id"": ""ENSMUSP00000088143.5"", ""transcript_id"": ""ENSMUST00000074654.12""}, {""gene_id_versioned"": ""ENSMUSG00000021974.16"", ""isoform_id"": """", ""protein_id"": ""ENSMUSP00000131358.2"", ""transcript_id"": ""ENSMUST00000165526.9""}]",2026_03,0.1.0
ENSMUSG00000021974,E9Q864,10090,UniProtKB unreviewed (TrEMBL),,entry_level_cross_reference_isoform_unspecified,,FRAGMENT_SEQUENCE,"[{""gene_id_versioned"": ""ENSMUSG00000021974.16"", ""isoform_id"": """", ""protein_id"": ""ENSMUSP00000130066.2"", ""transcript_id"": ""ENSMUST00000166770.2""}]",2026_03,0.1.0
ENSMUSG00000021974,P54130,10090,UniProtKB reviewed (Swiss-Prot),,entry_level_cross_reference_isoform_unspecified,,,"[{""gene_id_versioned"": ""ENSMUSG00000021974.16"", ""isoform_id"": """", ""protein_id"": ""ENSMUSP00000022545.8"", ""transcript_id"": ""ENSMUST00000022545.14""}]",2026_03,0.1.0
ENSMUSG00000030247,A0A0J9YMM3,10090,UniProtKB unreviewed (TrEMBL),,entry_level_cross_reference_isoform_unspecified,,,"[{""gene_id_versioned"": ""ENSMUSG00000030247.10"", ""isoform_id"": """", ""protein_id"": ""ENSMUSP00000032374.9"", ""transcript_id"": ""ENSMUST00000032374.9""}]",2026_03,0.1.0
ENSMUSG00000030247,P97794,10090,UniProtKB reviewed (Swiss-Prot),,entry_level_cross_reference_isoform_unspecified,,,"[{""gene_id_versioned"": ""ENSMUSG00000030247.10"", ""isoform_id"": """", ""protein_id"": ""ENSMUSP00000145440.2"", ""transcript_id"": ""ENSMUST00000203945.3""}]",2026_03,0.1.0
ENSMUSG00000030666,F6YMJ6,10090,UniProtKB unreviewed (TrEMBL),,entry_level_cross_reference_isoform_unspecified,,,"[{""gene_id_versioned"": ""ENSMUSG00000030666.12"", ""isoform_id"": """", ""protein_id"": ""ENSMUSP00000032902.5"", ""transcript_id"": ""ENSMUST00000032902.11""}]",2026_03,0.1.0
ENSMUSG00000030666,S4R2C5,10090,UniProtKB unreviewed (TrEMBL),,entry_level_cross_reference_isoform_unspecified,,FRAGMENT_SEQUENCE,"[{""gene_id_versioned"": ""ENSMUSG00000030666.12"", ""isoform_id"": """", ""protein_id"": ""ENSMUSP00000138590.2"", ""transcript_id"": ""ENSMUST00000182044.2""}]",2026_03,0.1.0
ENSMUSG00000030666,S4R2N3,10090,UniProtKB unreviewed (TrEMBL),,entry_level_cross_reference_isoform_unspecified,,,"[{""gene_id_versioned"": ""ENSMUSG00000030666.12"", ""isoform_id"": """", ""protein_id"": ""ENSMUSP00000138713.2"", ""transcript_id"": ""ENSMUST00000182816.2""}]",2026_03,0.1.0
ENSMUSG00000038546,A0A1Y7VIP5,10090,UniProtKB unreviewed (TrEMBL),,entry_level_cross_reference_isoform_unspecified,,FRAGMENT_SEQUENCE,"[{""gene_id_versioned"": ""ENSMUSG00000038546.10"", ""isoform_id"": """", ""protein_id"": ""ENSMUSP00000152077.2"", ""transcript_id"": ""ENSMUST00000222023.2""}]",2026_03,0.1.0
ENSMUSG00000038546,A0A1Y7VLC4,10090,UniProtKB unreviewed (TrEMBL),,entry_level_cross_reference_isoform_unspecified,,FRAGMENT_SEQUENCE,"[{""gene_id_versioned"": ""ENSMUSG00000038546.10"", ""isoform_id"": """", ""protein_id"": ""ENSMUSP00000152113.2"", ""transcript_id"": ""ENSMUST00000222239.2""}]",2026_03,0.1.0
ENSMUSG00000038546,A0A1Y7VLX7,10090,UniProtKB unreviewed (TrEMBL),,entry_level_cross_reference_isoform_unspecified,,AMBIGUOUS_OR_INVALID_SEQUENCE,"[{""gene_id_versioned"": ""ENSMUSG00000038546.10"", ""isoform_id"": """", ""protein_id"": ""ENSMUSP00000152415.2"", ""transcript_id"": ""ENSMUST00000220500.2""}]",2026_03,0.1.0
ENSMUSG00000038546,A0A1Y7VP77,10090,UniProtKB unreviewed (TrEMBL),,entry_level_cross_reference_isoform_unspecified,,AMBIGUOUS_OR_INVALID_SEQUENCE,"[{""gene_id_versioned"": ""ENSMUSG00000038546.10"", ""isoform_id"": """", ""protein_id"": ""ENSMUSP00000152869.2"", ""transcript_id"": ""ENSMUST00000221092.2""}]",2026_03,0.1.0
ENSMUSG00000038546,E9Q5D6,10090,UniProtKB unreviewed (TrEMBL),,entry_level_cross_reference_isoform_unspecified,,,"[{""gene_id_versioned"": ""ENSMUSG00000038546.10"", ""isoform_id"": """", ""protein_id"": ""ENSMUSP00000130636.2"", ""transcript_id"": ""ENSMUST00000144326.4""}]",2026_03,0.1.0
ENSMUSG00000038546,P69566,10090,UniProtKB reviewed (Swiss-Prot),,,ONLY_NONCANONICAL_OR_UNRESOLVED_ISOFORM_XREF,,"[{""gene_id_versioned"": ""ENSMUSG00000038546.10"", ""isoform_id"": ""P69566-2"", ""protein_id"": ""ENSMUSP00000152620.2"", ""transcript_id"": ""ENSMUST00000222651.2""}]",2026_03,0.1.0
ENSMUSG00000052336,Q9Z0D9,10090,UniProtKB reviewed (Swiss-Prot),,entry_level_cross_reference_isoform_unspecified,,,"[{""gene_id_versioned"": ""ENSMUSG00000052336.9"", ""isoform_id"": """", ""protein_id"": ""ENSMUSP00000063986.4"", ""transcript_id"": ""ENSMUST00000064165.5""}, {""gene_id_versioned"": ""ENSMUSG00000052336.9"", ""isoform_id"": """", ""protein_id"": ""ENSMUSP00000150463.2"", ""transcript_id"": ""ENSMUST00000215016.2""}]",2026_03,0.1.0
ENSMUSG00000034579,F6V2X4,10090,UniProtKB unreviewed (TrEMBL),,entry_level_cross_reference_isoform_unspecified,,,"[{""gene_id_versioned"": ""ENSMUSG00000034579.18"", ""isoform_id"": """", ""protein_id"": ""ENSMUSP00000041571.7"", ""transcript_id"": ""ENSMUST00000044682.7""}]",2026_03,0.1.0
ENSMUSG00000034579,Q8BZT7,10090,UniProtKB reviewed (Swiss-Prot),,entry_level_cross_reference_isoform_unspecified,,,"[{""gene_id_versioned"": ""ENSMUSG00000034579.18"", ""isoform_id"": """", ""protein_id"": ""ENSMUSP00000068699.7"", ""transcript_id"": ""ENSMUST00000064265.13""}]",2026_03,0.1.0
ENSMUSG00000033361,I7HPX7,10090,UniProtKB unreviewed (TrEMBL),,entry_level_cross_reference_isoform_unspecified,,FRAGMENT_SEQUENCE,"[{""gene_id_versioned"": ""ENSMUSG00000033361.14"", ""isoform_id"": """", ""protein_id"": ""ENSMUSP00000118155.2"", ""transcript_id"": ""ENSMUST00000126362.8""}]",2026_03,0.1.0
ENSMUSG00000033361,Q6PAQ9,10090,UniProtKB reviewed (Swiss-Prot),,entry_level_cross_reference_isoform_unspecified,,,"[{""gene_id_versioned"": ""ENSMUSG00000033361.14"", ""isoform_id"": """", ""protein_id"": ""ENSMUSP00000038947.7"", ""transcript_id"": ""ENSMUST00000048790.7""}, {""gene_id_versioned"": ""ENSMUSG00000033361.14"", ""isoform_id"": """", ""protein_id"": ""ENSMUSP00000128073.2"", ""transcript_id"": ""ENSMUST00000170096.8""}]",2026_03,0.1.0
ENSMUSG00000017969,F7BRR1,10090,UniProtKB unreviewed (TrEMBL),,entry_level_cross_reference_isoform_unspecified,,,"[{""gene_id_versioned"": ""ENSMUSG00000017969.14"", ""isoform_id"": """", ""protein_id"": ""ENSMUSP00000085357.5"", ""transcript_id"": ""ENSMUST00000088041.11""}]",2026_03,0.1.0
ENSMUSG00000017969,O35074,10090,UniProtKB reviewed (Swiss-Prot),,entry_level_cross_reference_isoform_unspecified,,,"[{""gene_id_versioned"": ""ENSMUSG00000017969.14"", ""isoform_id"": """", ""protein_id"": ""ENSMUSP00000018113.8"", ""transcript_id"": ""ENSMUST00000018113.8""}]",2026_03,0.1.0
ENSMUSG00000061740,A0A2R8VKC7,10090,UniProtKB unreviewed (TrEMBL),,entry_level_cross_reference_isoform_unspecified,,FRAGMENT_SEQUENCE,"[{""gene_id_versioned"": ""ENSMUSG00000061740.9"", ""isoform_id"": """", ""protein_id"": ""ENSMUSP00000155368.2"", ""transcript_id"": ""ENSMUST00000228986.2""}]",2026_03,0.1.0
ENSMUSG00000061740,F7BSI7,10090,UniProtKB unreviewed (TrEMBL),,entry_level_cross_reference_isoform_unspecified,,,"[{""gene_id_versioned"": ""ENSMUSG00000061740.9"", ""isoform_id"": """", ""protein_id"": ""ENSMUSP00000023083.8"", ""transcript_id"": ""ENSMUST00000023083.9""}]",2026_03,0.1.0
ENSMUSG00000034845,G3X924,10090,UniProtKB unreviewed (TrEMBL),,entry_level_cross_reference_isoform_unspecified,,,"[{""gene_id_versioned"": ""ENSMUSG00000034845.7"", ""isoform_id"": """", ""protein_id"": ""ENSMUSP00000035404.5"", ""transcript_id"": ""ENSMUST00000048452.6""}]",2026_03,0.1.0
ENSMUSG00000068744,A2AEF3,10090,UniProtKB unreviewed (TrEMBL),,entry_level_cross_reference_isoform_unspecified,,FRAGMENT_SEQUENCE,"[{""gene_id_versioned"": ""ENSMUSG00000068744.13"", ""isoform_id"": """", ""protein_id"": ""ENSMUSP00000115634.3"", ""transcript_id"": ""ENSMUST00000128089.2""}]",2026_03,0.1.0
ENSMUSG00000068744,Q9D0P7,10090,UniProtKB reviewed (Swiss-Prot),,entry_level_cross_reference_isoform_unspecified,,,"[{""gene_id_versioned"": ""ENSMUSG00000068744.13"", ""isoform_id"": """", ""protein_id"": ""ENSMUSP00000088049.4"", ""transcript_id"": ""ENSMUST00000090561.10""}, {""gene_id_versioned"": ""ENSMUSG00000068744.13"", ""isoform_id"": """", ""protein_id"": ""ENSMUSP00000099689.2"", ""transcript_id"": ""ENSMUST00000102629.8""}]",2026_03,0.1.0
ENSMUSG00000031351,A2BI37,10090,UniProtKB unreviewed (TrEMBL),,entry_level_cross_reference_isoform_unspecified,,,"[{""gene_id_versioned"": ""ENSMUSG00000031351.16"", ""isoform_id"": """", ""protein_id"": ""ENSMUSP00000110193.3"", ""transcript_id"": ""ENSMUST00000114546.9""}]",2026_03,0.1.0
ENSMUSG00000031351,B1AXE7,10090,UniProtKB unreviewed (TrEMBL),,entry_level_cross_reference_isoform_unspecified,,FRAGMENT_SEQUENCE,"[{""gene_id_versioned"": ""ENSMUSG00000031351.16"", ""isoform_id"": """", ""protein_id"": ""ENSMUSP00000115266.2"", ""transcript_id"": ""ENSMUST00000134588.3""}]",2026_03,0.1.0
ENSMUSG00000031351,G5E8W8,10090,UniProtKB unreviewed (TrEMBL),,entry_level_cross_reference_isoform_unspecified,,,"[{""gene_id_versioned"": ""ENSMUSG00000031351.16"", ""isoform_id"": """", ""protein_id"": ""ENSMUSP00000126066.2"", ""transcript_id"": ""ENSMUST00000164800.8""}]",2026_03,0.1.0
ENSMUSG00000040666,A0A3B2W7J5,10090,UniProtKB unreviewed (TrEMBL),,entry_level_cross_reference_isoform_unspecified,,FRAGMENT_SEQUENCE,"[{""gene_id_versioned"": ""ENSMUSG00000040666.21"", ""isoform_id"": """", ""protein_id"": ""ENSMUSP00000156558.2"", ""transcript_id"": ""ENSMUST00000233577.2""}]",2026_03,0.1.0
ENSMUSG00000040666,A0A3B2WB97,10090,UniProtKB unreviewed (TrEMBL),,entry_level_cross_reference_isoform_unspecified,,,"[{""gene_id_versioned"": ""ENSMUSG00000040666.21"", ""isoform_id"": """", ""protein_id"": ""ENSMUSP00000156748.2"", ""transcript_id"": ""ENSMUST00000233945.2""}]",2026_03,0.1.0
ENSMUSG00000040666,D3Z3Z9,10090,UniProtKB unreviewed (TrEMBL),,entry_level_cross_reference_isoform_unspecified,,FRAGMENT_SEQUENCE,"[{""gene_id_versioned"": ""ENSMUSG00000040666.21"", ""isoform_id"": """", ""protein_id"": ""ENSMUSP00000116740.2"", ""transcript_id"": ""ENSMUST00000129904.3""}]",2026_03,0.1.0
ENSMUSG00000040666,E9Q2Q9,10090,UniProtKB unreviewed (TrEMBL),,entry_level_cross_reference_isoform_unspecified,,FRAGMENT_SEQUENCE,"[{""gene_id_versioned"": ""ENSMUSG00000040666.21"", ""isoform_id"": """", ""protein_id"": ""ENSMUSP00000129010.2"", ""transcript_id"": ""ENSMUST00000166952.8""}]",2026_03,0.1.0
ENSMUSG00000040666,F6QLU8,10090,UniProtKB unreviewed (TrEMBL),,entry_level_cross_reference_isoform_unspecified,,FRAGMENT_SEQUENCE,"[{""gene_id_versioned"": ""ENSMUSG00000040666.21"", ""isoform_id"": """", ""protein_id"": ""ENSMUSP00000116241.2"", ""transcript_id"": ""ENSMUST00000145069.3""}]",2026_03,0.1.0
ENSMUSG00000040666,F6X737,10090,UniProtKB unreviewed (TrEMBL),,entry_level_cross_reference_isoform_unspecified,,AMBIGUOUS_OR_INVALID_SEQUENCE,"[{""gene_id_versioned"": ""ENSMUSG00000040666.21"", ""isoform_id"": """", ""protein_id"": ""ENSMUSP00000120614.3"", ""transcript_id"": ""ENSMUST00000132424.9""}]",2026_03,0.1.0
ENSMUSG00000040666,F7CKA6,10090,UniProtKB unreviewed (TrEMBL),,entry_level_cross_reference_isoform_unspecified,,AMBIGUOUS_OR_INVALID_SEQUENCE,"[{""gene_id_versioned"": ""ENSMUSG00000040666.21"", ""isoform_id"": """", ""protein_id"": ""ENSMUSP00000116607.2"", ""transcript_id"": ""ENSMUST00000157060.8""}]",2026_03,0.1.0
ENSMUSG00000040666,Q9WUZ7,10090,UniProtKB reviewed (Swiss-Prot),,entry_level_cross_reference_isoform_unspecified,,,"[{""gene_id_versioned"": ""ENSMUSG00000040666.21"", ""isoform_id"": """", ""protein_id"": ""ENSMUSP00000038110.9"", ""transcript_id"": ""ENSMUST00000048770.16""}, {""gene_id_versioned"": ""ENSMUSG00000040666.21"", ""isoform_id"": """", ""protein_id"": ""ENSMUSP00000126581.3"", ""transcript_id"": ""ENSMUST00000171181.9""}]",2026_03,0.1.0
ENSMUSG00000025507,A0A087WNT6,10090,UniProtKB unreviewed (TrEMBL),,entry_level_cross_reference_isoform_unspecified,,,"[{""gene_id_versioned"": ""ENSMUSG00000025507.14"", ""isoform_id"": """", ""protein_id"": ""ENSMUSP00000139487.2"", ""transcript_id"": ""ENSMUST00000128703.8""}]",2026_03,0.1.0
ENSMUSG00000025507,A0A087WPI0,10090,UniProtKB unreviewed (TrEMBL),,entry_level_cross_reference_isoform_unspecified,,,"[{""gene_id_versioned"": ""ENSMUSG00000025507.14"", ""isoform_id"": """", ""protein_id"": ""ENSMUSP00000139785.2"", ""transcript_id"": ""ENSMUST00000190882.7""}]",2026_03,0.1.0
ENSMUSG00000025507,A0A087WPX5,10090,UniProtKB unreviewed (TrEMBL),,entry_level_cross_reference_isoform_unspecified,,,"[{""gene_id_versioned"": ""ENSMUSG00000025507.14"", ""isoform_id"": """", ""protein_id"": ""ENSMUSP00000139957.2"", ""transcript_id"": ""ENSMUST00000190068.7""}]",2026_03,0.1.0
ENSMUSG00000025507,Q9ERV7,10090,UniProtKB reviewed (Swiss-Prot),,entry_level_cross_reference_isoform_unspecified,,,"[{""gene_id_versioned"": ""ENSMUSG00000025507.14"", ""isoform_id"": """", ""protein_id"": ""ENSMUSP00000026580.6"", ""transcript_id"": ""ENSMUST00000026580.12""}, {""gene_id_versioned"": ""ENSMUSG00000025507.14"", ""isoform_id"": """", ""protein_id"": ""ENSMUSP00000101627.3"", ""transcript_id"": ""ENSMUST00000106005.9""}]",2026_03,0.1.0
ENSMUSG00000048368,O35103,10090,UniProtKB reviewed (Swiss-Prot),,entry_level_cross_reference_isoform_unspecified,,,"[{""gene_id_versioned"": ""ENSMUSG00000048368.10"", ""isoform_id"": """", ""protein_id"": ""ENSMUSP00000065706.8"", ""transcript_id"": ""ENSMUST00000065494.8""}, {""gene_id_versioned"": ""ENSMUSG00000048368.10"", ""isoform_id"": """", ""protein_id"": ""ENSMUSP00000152066.2"", ""transcript_id"": ""ENSMUST00000221170.2""}]",2026_03,0.1.0
ENSMUSG00000004044,O54724,10090,UniProtKB reviewed (Swiss-Prot),,entry_level_cross_reference_isoform_unspecified,,,"[{""gene_id_versioned"": ""ENSMUSG00000004044.10"", ""isoform_id"": """", ""protein_id"": ""ENSMUSP00000058321.6"", ""transcript_id"": ""ENSMUST00000060792.6""}]",2026_03,0.1.0
ENSMUSG00000101860,A0A1W2P795,10090,UniProtKB unreviewed (TrEMBL),,entry_level_cross_reference_isoform_unspecified,,FRAGMENT_SEQUENCE,"[{""gene_id_versioned"": ""ENSMUSG00000101860.5"", ""isoform_id"": """", ""protein_id"": ""ENSMUSP00000151582.2"", ""transcript_id"": ""ENSMUST00000212169.2""}]",2026_03,0.1.0
ENSMUSG00000101860,A0A1W2P7H6,10090,UniProtKB unreviewed (TrEMBL),,entry_level_cross_reference_isoform_unspecified,,,"[{""gene_id_versioned"": ""ENSMUSG00000101860.5"", ""isoform_id"": """", ""protein_id"": ""ENSMUSP00000151654.3"", ""transcript_id"": ""ENSMUST00000191233.4""}]",2026_03,0.1.0
ENSMUSG00000033855,D3Z0U0,10090,UniProtKB unreviewed (TrEMBL),,entry_level_cross_reference_isoform_unspecified,,FRAGMENT_SEQUENCE,"[{""gene_id_versioned"": ""ENSMUSG00000033855.16"", ""isoform_id"": """", ""protein_id"": ""ENSMUSP00000118522.2"", ""transcript_id"": ""ENSMUST00000137138.2""}]",2026_03,0.1.0
ENSMUSG00000033855,Q8CDJ8,10090,UniProtKB reviewed (Swiss-Prot),,entry_level_cross_reference_isoform_unspecified,,,"[{""gene_id_versioned"": ""ENSMUSG00000033855.16"", ""isoform_id"": """", ""protein_id"": ""ENSMUSP00000067027.7"", ""transcript_id"": ""ENSMUST00000064035.13""}, {""gene_id_versioned"": ""ENSMUSG00000033855.16"", ""isoform_id"": """", ""protein_id"": ""ENSMUSP00000122928.2"", ""transcript_id"": ""ENSMUST00000150023.2""}, {""gene_id_versioned"": ""ENSMUSG00000033855.16"", ""isoform_id"": """", ""protein_id"": ""ENSMUSP00000131703.2"", ""transcript_id"": ""ENSMUST00000163588.8""}]",2026_03,0.1.0
ENSMUSG00000039194,A0A0U1RNL2,10090,UniProtKB unreviewed (TrEMBL),,entry_level_cross_reference_isoform_unspecified,,FRAGMENT_SEQUENCE,"[{""gene_id_versioned"": ""ENSMUSG00000039194.17"", ""isoform_id"": """", ""protein_id"": ""ENSMUSP00000145611.2"", ""transcript_id"": ""ENSMUST00000206320.3""}]",2026_03,0.1.0
ENSMUSG00000039194,A0A0U1RP66,10090,UniProtKB unreviewed (TrEMBL),,entry_level_cross_reference_isoform_unspecified,,FRAGMENT_SEQUENCE,"[{""gene_id_versioned"": ""ENSMUSG00000039194.17"", ""isoform_id"": """", ""protein_id"": ""ENSMUSP00000145850.2"", ""transcript_id"": ""ENSMUST00000205442.2""}]",2026_03,0.1.0
ENSMUSG00000039194,A0A0U1RPQ2,10090,UniProtKB unreviewed (TrEMBL),,entry_level_cross_reference_isoform_unspecified,,FRAGMENT_SEQUENCE,"[{""gene_id_versioned"": ""ENSMUSG00000039194.17"", ""isoform_id"": """", ""protein_id"": ""ENSMUSP00000146075.2"", ""transcript_id"": ""ENSMUST00000206695.2""}]",2026_03,0.1.0
ENSMUSG00000039194,A0A0U1RPV9,10090,UniProtKB unreviewed (TrEMBL),,entry_level_cross_reference_isoform_unspecified,,FRAGMENT_SEQUENCE,"[{""gene_id_versioned"": ""ENSMUSG00000039194.17"", ""isoform_id"": """", ""protein_id"": ""ENSMUSP00000146144.2"", ""transcript_id"": ""ENSMUST00000205638.2""}]",2026_03,0.1.0
ENSMUSG00000039194,A0A0U1RQ07,10090,UniProtKB unreviewed (TrEMBL),,entry_level_cross_reference_isoform_unspecified,,FRAGMENT_SEQUENCE,"[{""gene_id_versioned"": ""ENSMUSG00000039194.17"", ""isoform_id"": """", ""protein_id"": ""ENSMUSP00000146196.2"", ""transcript_id"": ""ENSMUST00000206162.2""}]",2026_03,0.1.0
ENSMUSG00000039194,Q9Z275,10090,UniProtKB reviewed (Swiss-Prot),,entry_level_cross_reference_isoform_unspecified,,,"[{""gene_id_versioned"": ""ENSMUSG00000039194.17"", ""isoform_id"": """", ""protein_id"": ""ENSMUSP00000054545.9"", ""transcript_id"": ""ENSMUST00000053718.15""}, {""gene_id_versioned"": ""ENSMUSG00000039194.17"", ""isoform_id"": """", ""protein_id"": ""ENSMUSP00000137143.2"", ""transcript_id"": ""ENSMUST00000179243.3""}]",2026_03,0.1.0
ENSMUSG00000066952,A0A0J9YUC4,10090,UniProtKB unreviewed (TrEMBL),,entry_level_cross_reference_isoform_unspecified,,,"[{""gene_id_versioned"": ""ENSMUSG00000066952.12"", ""isoform_id"": """", ""protein_id"": ""ENSMUSP00000144110.2"", ""transcript_id"": ""ENSMUST00000202006.4""}]",2026_03,0.1.0
ENSMUSG00000066952,A0A0J9YUE0,10090,UniProtKB unreviewed (TrEMBL),,entry_level_cross_reference_isoform_unspecified,,,"[{""gene_id_versioned"": ""ENSMUSG00000066952.12"", ""isoform_id"": """", ""protein_id"": ""ENSMUSP00000144133.2"", ""transcript_id"": ""ENSMUST00000196467.5""}]",2026_03,0.1.0
ENSMUSG00000066952,A0A0J9YV53,10090,UniProtKB unreviewed (TrEMBL),,entry_level_cross_reference_isoform_unspecified,,,"[{""gene_id_versioned"": ""ENSMUSG00000066952.12"", ""isoform_id"": """", ""protein_id"": ""ENSMUSP00000144492.2"", ""transcript_id"": ""ENSMUST00000199567.5""}]",2026_03,0.1.0
ENSMUSG00000066952,A0A0J9YVJ1,10090,UniProtKB unreviewed (TrEMBL),,entry_level_cross_reference_isoform_unspecified,,,"[{""gene_id_versioned"": ""ENSMUSG00000066952.12"", ""isoform_id"": """", ""protein_id"": ""ENSMUSP00000144682.2"", ""transcript_id"": ""ENSMUST00000196676.5""}]",2026_03,0.1.0
ENSMUSG00000066952,E9PWM9,10090,UniProtKB unreviewed (TrEMBL),,entry_level_cross_reference_isoform_unspecified,,,"[{""gene_id_versioned"": ""ENSMUSG00000066952.12"", ""isoform_id"": """", ""protein_id"": ""ENSMUSP00000132905.3"", ""transcript_id"": ""ENSMUST00000169347.6""}]",2026_03,0.1.0
ENSMUSG00000066952,Q9D6A1,10090,UniProtKB reviewed (Swiss-Prot),Q9D6A1-1,explicit_displayed_isoform_cross_reference,,,"[{""gene_id_versioned"": ""ENSMUSG00000066952.12"", ""isoform_id"": ""Q9D6A1-1"", ""protein_id"": ""ENSMUSP00000118824.3"", ""transcript_id"": ""ENSMUST00000124316.8""}]",2026_03,0.1.0
ENSMUSG00000026365,A0A0A6YVP8,10090,UniProtKB unreviewed (TrEMBL),,entry_level_cross_reference_isoform_unspecified,,,"[{""gene_id_versioned"": ""ENSMUSG00000026365.16"", ""isoform_id"": """", ""protein_id"": ""ENSMUSP00000141209.2"", ""transcript_id"": ""ENSMUST00000192880.6""}]",2026_03,0.1.0
ENSMUSG00000026365,A0A0A6YWP4,10090,UniProtKB unreviewed (TrEMBL),,entry_level_cross_reference_isoform_unspecified,,AMBIGUOUS_OR_INVALID_SEQUENCE,"[{""gene_id_versioned"": ""ENSMUSG00000026365.16"", ""isoform_id"": """", ""protein_id"": ""ENSMUSP00000141634.2"", ""transcript_id"": ""ENSMUST00000192919.6""}]",2026_03,0.1.0
ENSMUSG00000026365,D6RGQ0,10090,UniProtKB unreviewed (TrEMBL),,entry_level_cross_reference_isoform_unspecified,,,"[{""gene_id_versioned"": ""ENSMUSG00000026365.16"", ""isoform_id"": """", ""protein_id"": ""ENSMUSP00000115166.2"", ""transcript_id"": ""ENSMUST00000123238.2""}]",2026_03,0.1.0
ENSMUSG00000026365,E9Q8H9,10090,UniProtKB unreviewed (TrEMBL),,entry_level_cross_reference_isoform_unspecified,,,"[{""gene_id_versioned"": ""ENSMUSG00000026365.16"", ""isoform_id"": """", ""protein_id"": ""ENSMUSP00000107608.3"", ""transcript_id"": ""ENSMUST00000111977.8""}]",2026_03,0.1.0
ENSMUSG00000026365,E9Q8I0,10090,UniProtKB unreviewed (TrEMBL),,entry_level_cross_reference_isoform_unspecified,,,"[{""gene_id_versioned"": ""ENSMUSG00000026365.16"", ""isoform_id"": """", ""protein_id"": ""ENSMUSP00000107607.3"", ""transcript_id"": ""ENSMUST00000111976.9""}]",2026_03,0.1.0
ENSMUSG00000026365,P06909,10090,UniProtKB reviewed (Swiss-Prot),,entry_level_cross_reference_isoform_unspecified,,,"[{""gene_id_versioned"": ""ENSMUSG00000026365.16"", ""isoform_id"": """", ""protein_id"": ""ENSMUSP00000066677.7"", ""transcript_id"": ""ENSMUST00000066859.13""}]",2026_03,0.1.0
ENSMUSG00000021676,Q3UQ44,10090,UniProtKB reviewed (Swiss-Prot),,entry_level_cross_reference_isoform_unspecified,,,"[{""gene_id_versioned"": ""ENSMUSG00000021676.11"", ""isoform_id"": """", ""protein_id"": ""ENSMUSP00000067685.7"", ""transcript_id"": ""ENSMUST00000068603.8""}]",2026_03,0.1.0
ENSMUSG00000039195,A0A0A6YXJ8,10090,UniProtKB unreviewed (TrEMBL),,entry_level_cross_reference_isoform_unspecified,,,"[{""gene_id_versioned"": ""ENSMUSG00000039195.5"", ""isoform_id"": """", ""protein_id"": ""ENSMUSP00000142021.2"", ""transcript_id"": ""ENSMUST00000146423.2""}]",2026_03,0.1.0
ENSMUSG00000039195,P58686,10090,UniProtKB reviewed (Swiss-Prot),,entry_level_cross_reference_isoform_unspecified,,,"[{""gene_id_versioned"": ""ENSMUSG00000039195.5"", ""isoform_id"": """", ""protein_id"": ""ENSMUSP00000038970.5"", ""transcript_id"": ""ENSMUST00000048792.5""}]",2026_03,0.1.0
ENSMUSG00000040170,D3YVR1,10090,UniProtKB unreviewed (TrEMBL),,entry_level_cross_reference_isoform_unspecified,,FRAGMENT_SEQUENCE,"[{""gene_id_versioned"": ""ENSMUSG00000040170.14"", ""isoform_id"": """", ""protein_id"": ""ENSMUSP00000114226.2"", ""transcript_id"": ""ENSMUST00000143123.3""}]",2026_03,0.1.0
ENSMUSG00000040170,Q8K2I3,10090,UniProtKB reviewed (Swiss-Prot),,entry_level_cross_reference_isoform_unspecified,,,"[{""gene_id_versioned"": ""ENSMUSG00000040170.14"", ""isoform_id"": """", ""protein_id"": ""ENSMUSP00000044405.7"", ""transcript_id"": ""ENSMUST00000045902.13""}, {""gene_id_versioned"": ""ENSMUSG00000040170.14"", ""isoform_id"": """", ""protein_id"": ""ENSMUSP00000107135.2"", ""transcript_id"": ""ENSMUST00000111510.8""}]",2026_03,0.1.0
ENSMUSG00000045930,Q8VCP9,10090,UniProtKB reviewed (Swiss-Prot),,entry_level_cross_reference_isoform_unspecified,,,"[{""gene_id_versioned"": ""ENSMUSG00000045930.4"", ""isoform_id"": """", ""protein_id"": ""ENSMUSP00000054451.3"", ""transcript_id"": ""ENSMUST00000062254.4""}]",2026_03,0.1.0
ENSMUSG00000045954,Q63918,10090,UniProtKB reviewed (Swiss-Prot),,entry_level_cross_reference_isoform_unspecified,,,"[{""gene_id_versioned"": ""ENSMUSG00000045954.8"", ""isoform_id"": """", ""protein_id"": ""ENSMUSP00000055694.7"", ""transcript_id"": ""ENSMUST00000051572.8""}]",2026_03,0.1.0
ENSMUSG00000029281,O09133,10090,UniProtKB reviewed (Swiss-Prot),O09133-1,entry_level_cross_reference_isoform_unspecified,,,"[{""gene_id_versioned"": ""ENSMUSG00000029281.14"", ""isoform_id"": """", ""protein_id"": ""ENSMUSP00000142444.2"", ""transcript_id"": ""ENSMUST00000199635.5""}]",2026_03,0.1.0
ENSMUSG00000029281,O35979,10090,UniProtKB reviewed (Swiss-Prot),O35979-1,entry_level_cross_reference_isoform_unspecified,,,"[{""gene_id_versioned"": ""ENSMUSG00000029281.14"", ""isoform_id"": """", ""protein_id"": ""ENSMUSP00000143443.2"", ""transcript_id"": ""ENSMUST00000196070.2""}, {""gene_id_versioned"": ""ENSMUSG00000029281.14"", ""isoform_id"": """", ""protein_id"": ""ENSMUSP00000142688.2"", ""transcript_id"": ""ENSMUST00000196477.5""}]",2026_03,0.1.0
ENSMUSG00000029281,O35985,10090,UniProtKB reviewed (Swiss-Prot),O35985-1,entry_level_cross_reference_isoform_unspecified,,,"[{""gene_id_versioned"": ""ENSMUSG00000029281.14"", ""isoform_id"": """", ""protein_id"": ""ENSMUSP00000084271.4"", ""transcript_id"": ""ENSMUST00000087043.8""}]",2026_03,0.1.0
ENSMUSG00000027695,D3Z2V2,10090,UniProtKB unreviewed (TrEMBL),,entry_level_cross_reference_isoform_unspecified,,FRAGMENT_SEQUENCE,"[{""gene_id_versioned"": ""ENSMUSG00000027695.17"", ""isoform_id"": """", ""protein_id"": ""ENSMUSP00000121318.2"", ""transcript_id"": ""ENSMUST00000125338.8""}]",2026_03,0.1.0
ENSMUSG00000027695,D6RH77,10090,UniProtKB unreviewed (TrEMBL),,entry_level_cross_reference_isoform_unspecified,,,"[{""gene_id_versioned"": ""ENSMUSG00000027695.17"", ""isoform_id"": """", ""protein_id"": ""ENSMUSP00000118727.3"", ""transcript_id"": ""ENSMUST00000123539.8""}]",2026_03,0.1.0
ENSMUSG00000027695,F6QJR6,10090,UniProtKB unreviewed (TrEMBL),,entry_level_cross_reference_isoform_unspecified,,AMBIGUOUS_OR_INVALID_SEQUENCE,"[{""gene_id_versioned"": ""ENSMUSG00000027695.17"", ""isoform_id"": """", ""protein_id"": ""ENSMUSP00000121569.2"", ""transcript_id"": ""ENSMUST00000126594.3""}]",2026_03,0.1.0
ENSMUSG00000027695,F6WKY8,10090,UniProtKB unreviewed (TrEMBL),,entry_level_cross_reference_isoform_unspecified,,AMBIGUOUS_OR_INVALID_SEQUENCE,"[{""gene_id_versioned"": ""ENSMUSG00000027695.17"", ""isoform_id"": """", ""protein_id"": ""ENSMUSP00000120273.2"", ""transcript_id"": ""ENSMUST00000148827.8""}]",2026_03,0.1.0
ENSMUSG00000027695,F7D3F8,10090,UniProtKB unreviewed (TrEMBL),,entry_level_cross_reference_isoform_unspecified,,,"[{""gene_id_versioned"": ""ENSMUSG00000027695.17"", ""isoform_id"": """", ""protein_id"": ""ENSMUSP00000064694.5"", ""transcript_id"": ""ENSMUST00000067757.11""}, {""gene_id_versioned"": ""ENSMUSG00000027695.17"", ""isoform_id"": """", ""protein_id"": ""ENSMUSP00000113810.2"", ""transcript_id"": ""ENSMUST00000120834.8""}]",2026_03,0.1.0
ENSMUSG00000028527,A2ARF5,10090,UniProtKB unreviewed (TrEMBL),,entry_level_cross_reference_isoform_unspecified,,FRAGMENT_SEQUENCE,"[{""gene_id_versioned"": ""ENSMUSG00000028527.19"", ""isoform_id"": """", ""protein_id"": ""ENSMUSP00000115454.2"", ""transcript_id"": ""ENSMUST00000133055.8""}]",2026_03,0.1.0
ENSMUSG00000028527,A2ARF6,10090,UniProtKB unreviewed (TrEMBL),,entry_level_cross_reference_isoform_unspecified,,FRAGMENT_SEQUENCE,"[{""gene_id_versioned"": ""ENSMUSG00000028527.19"", ""isoform_id"": """", ""protein_id"": ""ENSMUSP00000115456.2"", ""transcript_id"": ""ENSMUST00000131397.2""}]",2026_03,0.1.0
ENSMUSG00000028527,F6TEU8,10090,UniProtKB unreviewed (TrEMBL),,entry_level_cross_reference_isoform_unspecified,,AMBIGUOUS_OR_INVALID_SEQUENCE,"[{""gene_id_versioned"": ""ENSMUSG00000028527.19"", ""isoform_id"": """", ""protein_id"": ""ENSMUSP00000121112.2"", ""transcript_id"": ""ENSMUST00000155749.2""}]",2026_03,0.1.0
ENSMUSG00000028527,Q9WUR9,10090,UniProtKB reviewed (Swiss-Prot),,entry_level_cross_reference_isoform_unspecified,,,"[{""gene_id_versioned"": ""ENSMUSG00000028527.19"", ""isoform_id"": """", ""protein_id"": ""ENSMUSP00000099841.2"", ""transcript_id"": ""ENSMUST00000102780.8""}, {""gene_id_versioned"": ""ENSMUSG00000028527.19"", ""isoform_id"": """", ""protein_id"": ""ENSMUSP00000102558.2"", ""transcript_id"": ""ENSMUST00000106945.8""}, {""gene_id_versioned"": ""ENSMUSG00000028527.19"", ""isoform_id"": """", ""protein_id"": ""ENSMUSP00000102559.2"", ""transcript_id"": ""ENSMUST00000106946.8""}]",2026_03,0.1.0
ENSMUSG00000034906,H3BL21,10090,UniProtKB unreviewed (TrEMBL),,entry_level_cross_reference_isoform_unspecified,,AMBIGUOUS_OR_INVALID_SEQUENCE,"[{""gene_id_versioned"": ""ENSMUSG00000034906.16"", ""isoform_id"": """", ""protein_id"": ""ENSMUSP00000135620.2"", ""transcript_id"": ""ENSMUST00000175885.8""}]",2026_03,0.1.0
ENSMUSG00000034906,Q8C156,10090,UniProtKB reviewed (Swiss-Prot),,entry_level_cross_reference_isoform_unspecified,,,"[{""gene_id_versioned"": ""ENSMUSG00000034906.16"", ""isoform_id"": """", ""protein_id"": ""ENSMUSP00000106017.4"", ""transcript_id"": ""ENSMUST00000110387.4""}]",2026_03,0.1.0
ENSMUSG00000020389,A0A140LJ75,10090,UniProtKB unreviewed (TrEMBL),,entry_level_cross_reference_isoform_unspecified,,AMBIGUOUS_OR_INVALID_SEQUENCE,"[{""gene_id_versioned"": ""ENSMUSG00000020389.20"", ""isoform_id"": """", ""protein_id"": ""ENSMUSP00000147107.2"", ""transcript_id"": ""ENSMUST00000207272.2""}]",2026_03,0.1.0
ENSMUSG00000020389,B1AU42,10090,UniProtKB unreviewed (TrEMBL),,entry_level_cross_reference_isoform_unspecified,,FRAGMENT_SEQUENCE,"[{""gene_id_versioned"": ""ENSMUSG00000020389.20"", ""isoform_id"": """", ""protein_id"": ""ENSMUSP00000117983.2"", ""transcript_id"": ""ENSMUST00000135076.8""}]",2026_03,0.1.0
ENSMUSG00000020389,B1AU43,10090,UniProtKB unreviewed (TrEMBL),,entry_level_cross_reference_isoform_unspecified,,,"[{""gene_id_versioned"": ""ENSMUSG00000020389.20"", ""isoform_id"": """", ""protein_id"": ""ENSMUSP00000104708.3"", ""transcript_id"": ""ENSMUST00000109080.9""}, {""gene_id_versioned"": ""ENSMUSG00000020389.20"", ""isoform_id"": """", ""protein_id"": ""ENSMUSP00000113303.2"", ""transcript_id"": ""ENSMUST00000120374.8""}]",2026_03,0.1.0
ENSMUSG00000020389,F2Z3Z6,10090,UniProtKB unreviewed (TrEMBL),,entry_level_cross_reference_isoform_unspecified,,,"[{""gene_id_versioned"": ""ENSMUSG00000020389.20"", ""isoform_id"": """", ""protein_id"": ""ENSMUSP00000123279.2"", ""transcript_id"": ""ENSMUST00000143228.8""}]",2026_03,0.1.0
ENSMUSG00000020389,F6RBI5,10090,UniProtKB unreviewed (TrEMBL),,entry_level_cross_reference_isoform_unspecified,,FRAGMENT_SEQUENCE,"[{""gene_id_versioned"": ""ENSMUSG00000020389.20"", ""isoform_id"": """", ""protein_id"": ""ENSMUSP00000121945.2"", ""transcript_id"": ""ENSMUST00000128853.8""}]",2026_03,0.1.0
ENSMUSG00000020389,F6RUB4,10090,UniProtKB unreviewed (TrEMBL),,entry_level_cross_reference_isoform_unspecified,,AMBIGUOUS_OR_INVALID_SEQUENCE,"[{""gene_id_versioned"": ""ENSMUSG00000020389.20"", ""isoform_id"": """", ""protein_id"": ""ENSMUSP00000119505.2"", ""transcript_id"": ""ENSMUST00000147874.8""}]",2026_03,0.1.0
ENSMUSG00000020389,F6RX76,10090,UniProtKB unreviewed (TrEMBL),,entry_level_cross_reference_isoform_unspecified,,AMBIGUOUS_OR_INVALID_SEQUENCE,"[{""gene_id_versioned"": ""ENSMUSG00000020389.20"", ""isoform_id"": """", ""protein_id"": ""ENSMUSP00000116009.2"", ""transcript_id"": ""ENSMUST00000154701.2""}]",2026_03,0.1.0
ENSMUSG00000020389,F6ULF3,10090,UniProtKB unreviewed (TrEMBL),,entry_level_cross_reference_isoform_unspecified,,FRAGMENT_SEQUENCE,"[{""gene_id_versioned"": ""ENSMUSG00000020389.20"", ""isoform_id"": """", ""protein_id"": ""ENSMUSP00000118607.2"", ""transcript_id"": ""ENSMUST00000150736.8""}]",2026_03,0.1.0
ENSMUSG00000020389,F6Y3R0,10090,UniProtKB unreviewed (TrEMBL),,entry_level_cross_reference_isoform_unspecified,,AMBIGUOUS_OR_INVALID_SEQUENCE,"[{""gene_id_versioned"": ""ENSMUSG00000020389.20"", ""isoform_id"": """", ""protein_id"": ""ENSMUSP00000117315.2"", ""transcript_id"": ""ENSMUST00000136021.2""}]",2026_03,0.1.0
ENSMUSG00000020389,Q8BLF2,10090,UniProtKB reviewed (Swiss-Prot),Q8BLF2-1,explicit_displayed_isoform_cross_reference,,,"[{""gene_id_versioned"": ""ENSMUSG00000020389.20"", ""isoform_id"": ""Q8BLF2-1"", ""protein_id"": ""ENSMUSP00000064315.5"", ""transcript_id"": ""ENSMUST00000063303.11""}, {""gene_id_versioned"": ""ENSMUSG00000020389.20"", ""isoform_id"": ""Q8BLF2-7"", ""protein_id"": ""ENSMUSP00000065128.7"", ""transcript_id"": ""ENSMUST00000063321.13""}, {""gene_id_versioned"": ""ENSMUSG00000020389.20"", ""isoform_id"": ""Q8BLF2-4"", ""protein_id"": ""ENSMUSP00000104704.2"", ""transcript_id"": ""ENSMUST00000109076.2""}, {""gene_id_versioned"": ""ENSMUSG00000020389.20"", ""isoform_id"": ""Q8BLF2-4"", ""protein_id"": ""ENSMUSP00000104705.3"", ""transcript_id"": ""ENSMUST00000109077.9""}, {""gene_id_versioned"": ""ENSMUSG00000020389.20"", ""isoform_id"": ""Q8BLF2-6"", ""protein_id"": ""ENSMUSP00000104706.2"", ""transcript_id"": ""ENSMUST00000109078.8""}, {""gene_id_versioned"": ""ENSMUSG00000020389.20"", ""isoform_id"": ""Q8BLF2-7"", ""protein_id"": ""ENSMUSP00000104707.3"", ""transcript_id"": ""ENSMUST00000109079.9""}, {""gene_id_versioned"": ""ENSMUSG00000020389.20"", ""isoform_id"": ""Q8BLF2-2"", ""protein_id"": ""ENSMUSP00000104709.3"", ""transcript_id"": ""ENSMUST00000109081.9""}, {""gene_id_versioned"": ""ENSMUSG00000020389.20"", ""isoform_id"": ""Q8BLF2-2"", ""protein_id"": ""ENSMUSP00000112477.2"", ""transcript_id"": ""ENSMUST00000121591.8""}]",2026_03,0.1.0
ENSMUSG00000041544,E9QL24,10090,UniProtKB unreviewed (TrEMBL),,entry_level_cross_reference_isoform_unspecified,,,"[{""gene_id_versioned"": ""ENSMUSG00000041544.12"", ""isoform_id"": """", ""protein_id"": ""ENSMUSP00000038490.9"", ""transcript_id"": ""ENSMUST00000047720.9""}]",2026_03,0.1.0
ENSMUSG00000051469,D3YVP1,10090,UniProtKB unreviewed (TrEMBL),,entry_level_cross_reference_isoform_unspecified,,FRAGMENT_SEQUENCE,"[{""gene_id_versioned"": ""ENSMUSG00000051469.15"", ""isoform_id"": """", ""protein_id"": ""ENSMUSP00000114282.2"", ""transcript_id"": ""ENSMUST00000148525.2""}]",2026_03,0.1.0
ENSMUSG00000051469,Q91VN1,10090,UniProtKB reviewed (Swiss-Prot),,entry_level_cross_reference_isoform_unspecified,,,"[{""gene_id_versioned"": ""ENSMUSG00000051469.15"", ""isoform_id"": """", ""protein_id"": ""ENSMUSP00000064637.6"", ""transcript_id"": ""ENSMUST00000066497.12""}, {""gene_id_versioned"": ""ENSMUSG00000051469.15"", ""isoform_id"": """", ""protein_id"": ""ENSMUSP00000122579.2"", ""transcript_id"": ""ENSMUST00000153337.2""}]",2026_03,0.1.0
ENSMUSG00000031465,O35608,10090,UniProtKB reviewed (Swiss-Prot),,entry_level_cross_reference_isoform_unspecified,,,"[{""gene_id_versioned"": ""ENSMUSG00000031465.7"", ""isoform_id"": """", ""protein_id"": ""ENSMUSP00000033846.6"", ""transcript_id"": ""ENSMUST00000033846.7""}]",2026_03,0.1.0
ENSMUSG00000051855,A0A0N4SVB2,10090,UniProtKB unreviewed (TrEMBL),,entry_level_cross_reference_isoform_unspecified,,FRAGMENT_SEQUENCE,"[{""gene_id_versioned"": ""ENSMUSG00000051855.16"", ""isoform_id"": """", ""protein_id"": ""ENSMUSP00000145027.2"", ""transcript_id"": ""ENSMUST00000141130.2""}]",2026_03,0.1.0
ENSMUSG00000051855,D3YZ83,10090,UniProtKB unreviewed (TrEMBL),,entry_level_cross_reference_isoform_unspecified,,FRAGMENT_SEQUENCE,"[{""gene_id_versioned"": ""ENSMUSG00000051855.16"", ""isoform_id"": """", ""protein_id"": ""ENSMUSP00000120408.2"", ""transcript_id"": ""ENSMUST00000147400.8""}]",2026_03,0.1.0
ENSMUSG00000051855,D3YZU2,10090,UniProtKB unreviewed (TrEMBL),,entry_level_cross_reference_isoform_unspecified,,FRAGMENT_SEQUENCE,"[{""gene_id_versioned"": ""ENSMUSG00000051855.16"", ""isoform_id"": """", ""protein_id"": ""ENSMUSP00000115541.2"", ""transcript_id"": ""ENSMUST00000151777.8""}]",2026_03,0.1.0
ENSMUSG00000051855,D3Z383,10090,UniProtKB unreviewed (TrEMBL),,entry_level_cross_reference_isoform_unspecified,,,"[{""gene_id_versioned"": ""ENSMUSG00000051855.16"", ""isoform_id"": """", ""protein_id"": ""ENSMUSP00000117713.3"", ""transcript_id"": ""ENSMUST00000124665.3""}]",2026_03,0.1.0
ENSMUSG00000051855,D3Z3U2,10090,UniProtKB unreviewed (TrEMBL),,entry_level_cross_reference_isoform_unspecified,,FRAGMENT_SEQUENCE,"[{""gene_id_versioned"": ""ENSMUSG00000051855.16"", ""isoform_id"": """", ""protein_id"": ""ENSMUSP00000110780.2"", ""transcript_id"": ""ENSMUST00000115127.8""}]",2026_03,0.1.0
ENSMUSG00000051855,Q07646,10090,UniProtKB reviewed (Swiss-Prot),Q07646-1,explicit_displayed_isoform_cross_reference,,,"[{""gene_id_versioned"": ""ENSMUSG00000051855.16"", ""isoform_id"": ""Q07646-2"", ""protein_id"": ""ENSMUSP00000119038.3"", ""transcript_id"": ""ENSMUST00000157040.8""}, {""gene_id_versioned"": ""ENSMUSG00000051855.16"", ""isoform_id"": ""Q07646-1"", ""protein_id"": ""ENSMUSP00000129639.3"", ""transcript_id"": ""ENSMUST00000163949.9""}]",2026_03,0.1.0
ENSMUSG00000069792,F7B5R5,10090,UniProtKB unreviewed (TrEMBL),,entry_level_cross_reference_isoform_unspecified,,,"[{""gene_id_versioned"": ""ENSMUSG00000069792.6"", ""isoform_id"": """", ""protein_id"": ""ENSMUSP00000090511.6"", ""transcript_id"": ""ENSMUST00000092836.6""}]",2026_03,0.1.0
ENSMUSG00000074794,E0CY84,10090,UniProtKB unreviewed (TrEMBL),,entry_level_cross_reference_isoform_unspecified,,,"[{""gene_id_versioned"": ""ENSMUSG00000074794.11"", ""isoform_id"": """", ""protein_id"": ""ENSMUSP00000124418.2"", ""transcript_id"": ""ENSMUST00000159690.8""}]",2026_03,0.1.0
ENSMUSG00000074794,E0CZE1,10090,UniProtKB unreviewed (TrEMBL),,entry_level_cross_reference_isoform_unspecified,,,"[{""gene_id_versioned"": ""ENSMUSG00000074794.11"", ""isoform_id"": """", ""protein_id"": ""ENSMUSP00000125455.2"", ""transcript_id"": ""ENSMUST00000161441.2""}]",2026_03,0.1.0
ENSMUSG00000074794,Q7TPQ9,10090,UniProtKB reviewed (Swiss-Prot),,entry_level_cross_reference_isoform_unspecified,,,"[{""gene_id_versioned"": ""ENSMUSG00000074794.11"", ""isoform_id"": """", ""protein_id"": ""ENSMUSP00000096957.3"", ""transcript_id"": ""ENSMUST00000099356.10""}]",2026_03,0.1.0
ENSMUSG00000096719,E9QNZ7,10090,UniProtKB unreviewed (TrEMBL),,entry_level_cross_reference_isoform_unspecified,,,"[{""gene_id_versioned"": ""ENSMUSG00000096719.2"", ""isoform_id"": """", ""protein_id"": ""ENSMUSP00000113310.3"", ""transcript_id"": ""ENSMUST00000119798.3""}]",2026_03,0.1.0
ENSMUSG00000096719,K4DID7,10090,UniProtKB unreviewed (TrEMBL),,entry_level_cross_reference_isoform_unspecified,,,"[{""gene_id_versioned"": ""ENSMUSG00000096719.2"", ""isoform_id"": """", ""protein_id"": ""ENSMUSP00000133751.2"", ""transcript_id"": ""ENSMUST00000172559.2""}]",2026_03,0.1.0
ENSMUSG00000030351,Q9D1D1,10090,UniProtKB reviewed (Swiss-Prot),,entry_level_cross_reference_isoform_unspecified,,,"[{""gene_id_versioned"": ""ENSMUSG00000030351.6"", ""isoform_id"": """", ""protein_id"": ""ENSMUSP00000032501.5"", ""transcript_id"": ""ENSMUST00000032501.6""}]",2026_03,0.1.0
ENSMUSG00000038495,B2RUR8,10090,UniProtKB reviewed (Swiss-Prot),,entry_level_cross_reference_isoform_unspecified,,,"[{""gene_id_versioned"": ""ENSMUSG00000038495.15"", ""isoform_id"": """", ""protein_id"": ""ENSMUSP00000046413.6"", ""transcript_id"": ""ENSMUST00000035519.12""}, {""gene_id_versioned"": ""ENSMUSG00000038495.15"", ""isoform_id"": """", ""protein_id"": ""ENSMUSP00000088291.3"", ""transcript_id"": ""ENSMUST00000090785.9""}, {""gene_id_versioned"": ""ENSMUSG00000038495.15"", ""isoform_id"": """", ""protein_id"": ""ENSMUSP00000096449.3"", ""transcript_id"": ""ENSMUST00000098849.3""}]",2026_03,0.1.0
ENSMUSG00000038495,D3YYZ8,10090,UniProtKB unreviewed (TrEMBL),,entry_level_cross_reference_isoform_unspecified,,FRAGMENT_SEQUENCE,"[{""gene_id_versioned"": ""ENSMUSG00000038495.15"", ""isoform_id"": """", ""protein_id"": ""ENSMUSP00000115699.2"", ""transcript_id"": ""ENSMUST00000132980.8""}]",2026_03,0.1.0
ENSMUSG00000038495,D3Z210,10090,UniProtKB unreviewed (TrEMBL),,entry_level_cross_reference_isoform_unspecified,,FRAGMENT_SEQUENCE,"[{""gene_id_versioned"": ""ENSMUSG00000038495.15"", ""isoform_id"": """", ""protein_id"": ""ENSMUSP00000121847.2"", ""transcript_id"": ""ENSMUST00000138206.8""}]",2026_03,0.1.0
ENSMUSG00000030847,Q9JLV1,10090,UniProtKB reviewed (Swiss-Prot),,entry_level_cross_reference_isoform_unspecified,,,"[{""gene_id_versioned"": ""ENSMUSG00000030847.9"", ""isoform_id"": """", ""protein_id"": ""ENSMUSP00000033136.8"", ""transcript_id"": ""ENSMUST00000033136.9""}]",2026_03,0.1.0
ENSMUSG00000039221,A0A0A6YW21,10090,UniProtKB unreviewed (TrEMBL),,entry_level_cross_reference_isoform_unspecified,,,"[{""gene_id_versioned"": ""ENSMUSG00000039221.11"", ""isoform_id"": """", ""protein_id"": ""ENSMUSP00000141360.2"", ""transcript_id"": ""ENSMUST00000193168.2""}]",2026_03,0.1.0
ENSMUSG00000039221,Q9D7S7,10090,UniProtKB reviewed (Swiss-Prot),Q9D7S7-1,explicit_displayed_isoform_cross_reference,,,"[{""gene_id_versioned"": ""ENSMUSG00000039221.11"", ""isoform_id"": ""Q9D7S7-1"", ""protein_id"": ""ENSMUSP00000043111.6"", ""transcript_id"": ""ENSMUST00000043867.11""}, {""gene_id_versioned"": ""ENSMUSG00000039221.11"", ""isoform_id"": ""Q9D7S7-2"", ""protein_id"": ""ENSMUSP00000141510.2"", ""transcript_id"": ""ENSMUST00000194649.2""}]",2026_03,0.1.0
ENSMUSG00000039958,A0A0N4SUU8,10090,UniProtKB unreviewed (TrEMBL),,entry_level_cross_reference_isoform_unspecified,,,"[{""gene_id_versioned"": ""ENSMUSG00000039958.18"", ""isoform_id"": """", ""protein_id"": ""ENSMUSP00000144830.2"", ""transcript_id"": ""ENSMUST00000147934.4""}]",2026_03,0.1.0
ENSMUSG00000039958,B8JKU4,10090,UniProtKB unreviewed (TrEMBL),,entry_level_cross_reference_isoform_unspecified,,FRAGMENT_SEQUENCE,"[{""gene_id_versioned"": ""ENSMUSG00000039958.18"", ""isoform_id"": """", ""protein_id"": ""ENSMUSP00000115172.2"", ""transcript_id"": ""ENSMUST00000126406.8""}]",2026_03,0.1.0
ENSMUSG00000039958,B8JKU6,10090,UniProtKB unreviewed (TrEMBL),,entry_level_cross_reference_isoform_unspecified,,FRAGMENT_SEQUENCE,"[{""gene_id_versioned"": ""ENSMUSG00000039958.18"", ""isoform_id"": """", ""protein_id"": ""ENSMUSP00000118701.2"", ""transcript_id"": ""ENSMUST00000134306.8""}]",2026_03,0.1.0
ENSMUSG00000039958,E9PY99,10090,UniProtKB unreviewed (TrEMBL),,entry_level_cross_reference_isoform_unspecified,,FRAGMENT_SEQUENCE,"[{""gene_id_versioned"": ""ENSMUSG00000039958.18"", ""isoform_id"": """", ""protein_id"": ""ENSMUSP00000126521.2"", ""transcript_id"": ""ENSMUST00000166416.8""}]",2026_03,0.1.0
ENSMUSG00000039958,F6R2S0,10090,UniProtKB unreviewed (TrEMBL),,entry_level_cross_reference_isoform_unspecified,,,"[{""gene_id_versioned"": ""ENSMUSG00000039958.18"", ""isoform_id"": """", ""protein_id"": ""ENSMUSP00000107171.2"", ""transcript_id"": ""ENSMUST00000111547.2""}, {""gene_id_versioned"": ""ENSMUSG00000039958.18"", ""isoform_id"": """", ""protein_id"": ""ENSMUSP00000107173.2"", ""transcript_id"": ""ENSMUST00000111548.8""}]",2026_03,0.1.0
ENSMUSG00000039958,Q80ZM3,10090,UniProtKB reviewed (Swiss-Prot),,entry_level_cross_reference_isoform_unspecified,,,"[{""gene_id_versioned"": ""ENSMUSG00000039958.18"", ""isoform_id"": """", ""protein_id"": ""ENSMUSP00000042102.10"", ""transcript_id"": ""ENSMUST00000047531.16""}, {""gene_id_versioned"": ""ENSMUSG00000039958.18"", ""isoform_id"": """", ""protein_id"": ""ENSMUSP00000107176.2"", ""transcript_id"": ""ENSMUST00000111551.2""}, {""gene_id_versioned"": ""ENSMUSG00000039958.18"", ""isoform_id"": """", ""protein_id"": ""ENSMUSP00000136167.2"", ""transcript_id"": ""ENSMUST00000179873.8""}]",2026_03,0.1.0
ENSMUSG00000050248,Q8K1G2,10090,UniProtKB reviewed (Swiss-Prot),,entry_level_cross_reference_isoform_unspecified,,,"[{""gene_id_versioned"": ""ENSMUSG00000050248.12"", ""isoform_id"": """", ""protein_id"": ""ENSMUSP00000055130.9"", ""transcript_id"": ""ENSMUST00000056365.9""}]",2026_03,0.1.0
ENSMUSG00000101389,A0A087WRT7,10090,UniProtKB unreviewed (TrEMBL),,entry_level_cross_reference_isoform_unspecified,,,"[{""gene_id_versioned"": ""ENSMUSG00000101389.2"", ""isoform_id"": """", ""protein_id"": ""ENSMUSP00000140768.2"", ""transcript_id"": ""ENSMUST00000188995.2""}]",2026_03,0.1.0
ENSMUSG00000020396,P19246,10090,UniProtKB reviewed (Swiss-Prot),,entry_level_cross_reference_isoform_unspecified,,,"[{""gene_id_versioned"": ""ENSMUSG00000020396.9"", ""isoform_id"": """", ""protein_id"": ""ENSMUSP00000091061.5"", ""transcript_id"": ""ENSMUST00000093369.5""}]",2026_03,0.1.0
ENSMUSG00000042485,Q99JI1,10090,UniProtKB reviewed (Swiss-Prot),,entry_level_cross_reference_isoform_unspecified,,,"[{""gene_id_versioned"": ""ENSMUSG00000042485.8"", ""isoform_id"": """", ""protein_id"": ""ENSMUSP00000048427.7"", ""transcript_id"": ""ENSMUST00000040715.8""}]",2026_03,0.1.0
ENSMUSG00000031494,A0A140LI09,10090,UniProtKB unreviewed (TrEMBL),,entry_level_cross_reference_isoform_unspecified,,,"[{""gene_id_versioned"": ""ENSMUSG00000031494.8"", ""isoform_id"": """", ""protein_id"": ""ENSMUSP00000146627.2"", ""transcript_id"": ""ENSMUST00000208960.2""}]",2026_03,0.1.0
ENSMUSG00000031494,Q91ZX1,10090,UniProtKB reviewed (Swiss-Prot),Q91ZX1-1,explicit_displayed_isoform_cross_reference,,,"[{""gene_id_versioned"": ""ENSMUSG00000031494.8"", ""isoform_id"": ""Q91ZX1-1"", ""protein_id"": ""ENSMUSP00000012847.2"", ""transcript_id"": ""ENSMUST00000012847.3""}, {""gene_id_versioned"": ""ENSMUSG00000031494.8"", ""isoform_id"": ""Q91ZX1-2"", ""protein_id"": ""ENSMUSP00000146702.2"", ""transcript_id"": ""ENSMUST00000207979.2""}]",2026_03,0.1.0
ENSMUSG00000037736,A0A0J9YUH0,10090,UniProtKB unreviewed (TrEMBL),,entry_level_cross_reference_isoform_unspecified,,FRAGMENT_SEQUENCE,"[{""gene_id_versioned"": ""ENSMUSG00000037736.21"", ""isoform_id"": """", ""protein_id"": ""ENSMUSP00000144176.2"", ""transcript_id"": ""ENSMUST00000122812.5""}]",2026_03,0.1.0
ENSMUSG00000037736,A0A571BG24,10090,UniProtKB unreviewed (TrEMBL),,entry_level_cross_reference_isoform_unspecified,,,"[{""gene_id_versioned"": ""ENSMUSG00000037736.21"", ""isoform_id"": """", ""protein_id"": ""ENSMUSP00000158661.2"", ""transcript_id"": ""ENSMUST00000238785.2""}]",2026_03,0.1.0
ENSMUSG00000037736,A0A5F8MPN3,10090,UniProtKB unreviewed (TrEMBL),,entry_level_cross_reference_isoform_unspecified,,,"[{""gene_id_versioned"": ""ENSMUSG00000037736.21"", ""isoform_id"": """", ""protein_id"": ""ENSMUSP00000159044.2"", ""transcript_id"": ""ENSMUST00000238993.2""}]",2026_03,0.1.0
ENSMUSG00000037736,D3YU22,10090,UniProtKB unreviewed (TrEMBL),,entry_level_cross_reference_isoform_unspecified,,,"[{""gene_id_versioned"": ""ENSMUSG00000037736.21"", ""isoform_id"": """", ""protein_id"": ""ENSMUSP00000112732.2"", ""transcript_id"": ""ENSMUST00000118242.8""}]",2026_03,0.1.0
ENSMUSG00000037736,D3YU59,10090,UniProtKB unreviewed (TrEMBL),,entry_level_cross_reference_isoform_unspecified,,AMBIGUOUS_OR_INVALID_SEQUENCE,"[{""gene_id_versioned"": ""ENSMUSG00000037736.21"", ""isoform_id"": """", ""protein_id"": ""ENSMUSP00000112651.3"", ""transcript_id"": ""ENSMUST00000119854.8""}]",2026_03,0.1.0
ENSMUSG00000037736,D3YV55,10090,UniProtKB unreviewed (TrEMBL),,entry_level_cross_reference_isoform_unspecified,,FRAGMENT_SEQUENCE,"[{""gene_id_versioned"": ""ENSMUSG00000037736.21"", ""isoform_id"": """", ""protein_id"": ""ENSMUSP00000114681.2"", ""transcript_id"": ""ENSMUST00000127184.8""}]",2026_03,0.1.0
ENSMUSG00000037736,D3Z589,10090,UniProtKB unreviewed (TrEMBL),,entry_level_cross_reference_isoform_unspecified,,,"[{""gene_id_versioned"": ""ENSMUSG00000037736.21"", ""isoform_id"": """", ""protein_id"": ""ENSMUSP00000113544.3"", ""transcript_id"": ""ENSMUST00000117601.8""}]",2026_03,0.1.0
ENSMUSG00000037736,D6RHT2,10090,UniProtKB unreviewed (TrEMBL),,entry_level_cross_reference_isoform_unspecified,,,"[{""gene_id_versioned"": ""ENSMUSG00000037736.21"", ""isoform_id"": """", ""protein_id"": ""ENSMUSP00000116126.2"", ""transcript_id"": ""ENSMUST00000130228.2""}]",2026_03,0.1.0
ENSMUSG00000037736,F6W1Y9,10090,UniProtKB unreviewed (TrEMBL),,entry_level_cross_reference_isoform_unspecified,,FRAGMENT_SEQUENCE,"[{""gene_id_versioned"": ""ENSMUSG00000037736.21"", ""isoform_id"": """", ""protein_id"": ""ENSMUSP00000118979.2"", ""transcript_id"": ""ENSMUST00000153174.2""}]",2026_03,0.1.0
ENSMUSG00000037736,F6X3N8,10090,UniProtKB unreviewed (TrEMBL),,entry_level_cross_reference_isoform_unspecified,,FRAGMENT_SEQUENCE,"[{""gene_id_versioned"": ""ENSMUSG00000037736.21"", ""isoform_id"": """", ""protein_id"": ""ENSMUSP00000123337.3"", ""transcript_id"": ""ENSMUST00000132991.5""}]",2026_03,0.1.0
ENSMUSG00000037736,Q3UH68,10090,UniProtKB reviewed (Swiss-Prot),Q3UH68-1,explicit_displayed_isoform_cross_reference,,,"[{""gene_id_versioned"": ""ENSMUSG00000037736.21"", ""isoform_id"": ""Q3UH68-2"", ""protein_id"": ""ENSMUSP00000043163.8"", ""transcript_id"": ""ENSMUST00000038188.14""}, {""gene_id_versioned"": ""ENSMUSG00000037736.21"", ""isoform_id"": ""Q3UH68-1"", ""protein_id"": ""ENSMUSP00000098723.5"", ""transcript_id"": ""ENSMUST00000101164.11""}]",2026_03,0.1.0
ENSMUSG00000004085,A2ASW6,10090,UniProtKB unreviewed (TrEMBL),,entry_level_cross_reference_isoform_unspecified,,FRAGMENT_SEQUENCE,"[{""gene_id_versioned"": ""ENSMUSG00000004085.15"", ""isoform_id"": """", ""protein_id"": ""ENSMUSP00000119340.2"", ""transcript_id"": ""ENSMUST00000144111.2""}]",2026_03,0.1.0
ENSMUSG00000004085,Q9ESL4,10090,UniProtKB reviewed (Swiss-Prot),Q9ESL4-1,explicit_displayed_isoform_cross_reference,,,"[{""gene_id_versioned"": ""ENSMUSG00000004085.15"", ""isoform_id"": ""Q9ESL4-1"", ""protein_id"": ""ENSMUSP00000088334.6"", ""transcript_id"": ""ENSMUST00000090824.12""}, {""gene_id_versioned"": ""ENSMUSG00000004085.15"", ""isoform_id"": ""Q9ESL4-2"", ""protein_id"": ""ENSMUSP00000118983.2"", ""transcript_id"": ""ENSMUST00000135469.8""}]",2026_03,0.1.0
ENSMUSG00000021576,P12815,10090,UniProtKB reviewed (Swiss-Prot),P12815-1,explicit_displayed_isoform_cross_reference,,,"[{""gene_id_versioned"": ""ENSMUSG00000021576.7"", ""isoform_id"": ""P12815-1"", ""protein_id"": ""ENSMUSP00000022060.6"", ""transcript_id"": ""ENSMUST00000022060.7""}, {""gene_id_versioned"": ""ENSMUSG00000021576.7"", ""isoform_id"": ""P12815-2"", ""protein_id"": ""ENSMUSP00000152458.2"", ""transcript_id"": ""ENSMUST00000222759.2""}]",2026_03,0.1.0
ENSMUSG00000023905,A0A3B2W475,10090,UniProtKB unreviewed (TrEMBL),,entry_level_cross_reference_isoform_unspecified,,,"[{""gene_id_versioned"": ""ENSMUSG00000023905.16"", ""isoform_id"": """", ""protein_id"": ""ENSMUSP00000156786.2"", ""transcript_id"": ""ENSMUST00000233814.2""}]",2026_03,0.1.0
ENSMUSG00000023905,A0A3B2W7Y2,10090,UniProtKB unreviewed (TrEMBL),,entry_level_cross_reference_isoform_unspecified,,,"[{""gene_id_versioned"": ""ENSMUSG00000023905.16"", ""isoform_id"": """", ""protein_id"": ""ENSMUSP00000156767.2"", ""transcript_id"": ""ENSMUST00000233428.2""}]",2026_03,0.1.0
ENSMUSG00000023905,E9PZT5,10090,UniProtKB unreviewed (TrEMBL),,entry_level_cross_reference_isoform_unspecified,,,"[{""gene_id_versioned"": ""ENSMUSG00000023905.16"", ""isoform_id"": """", ""protein_id"": ""ENSMUSP00000131574.2"", ""transcript_id"": ""ENSMUST00000167059.9""}]",2026_03,0.1.0
ENSMUSG00000023905,Q9CR75,10090,UniProtKB reviewed (Swiss-Prot),,entry_level_cross_reference_isoform_unspecified,,,"[{""gene_id_versioned"": ""ENSMUSG00000023905.16"", ""isoform_id"": """", ""protein_id"": ""ENSMUSP00000024698.9"", ""transcript_id"": ""ENSMUST00000024698.10""}]",2026_03,0.1.0
ENSMUSG00000046854,Q6U7H8,10090,UniProtKB reviewed (Swiss-Prot),Q6U7H8-1,explicit_displayed_isoform_cross_reference,,,"[{""gene_id_versioned"": ""ENSMUSG00000046854.17"", ""isoform_id"": ""Q6U7H8-1"", ""protein_id"": ""ENSMUSP00000051282.8"", ""transcript_id"": ""ENSMUST00000055304.14""}, {""gene_id_versioned"": ""ENSMUSG00000046854.17"", ""isoform_id"": ""Q6U7H8-3"", ""protein_id"": ""ENSMUSP00000097763.3"", ""transcript_id"": ""ENSMUST00000100188.3""}]",2026_03,0.1.0
ENSMUSG00000076441,P16460,10090,UniProtKB reviewed (Swiss-Prot),,entry_level_cross_reference_isoform_unspecified,,,"[{""gene_id_versioned"": ""ENSMUSG00000076441.10"", ""isoform_id"": """", ""protein_id"": ""ENSMUSP00000099904.5"", ""transcript_id"": ""ENSMUST00000102840.5""}]",2026_03,0.1.0
ENSMUSG00000018927,P27784,10090,UniProtKB reviewed (Swiss-Prot),,entry_level_cross_reference_isoform_unspecified,,,"[{""gene_id_versioned"": ""ENSMUSG00000018927.4"", ""isoform_id"": """", ""protein_id"": ""ENSMUSP00000019071.4"", ""transcript_id"": ""ENSMUST00000019071.4""}]",2026_03,0.1.0
ENSMUSG00000053687,Q8C255,10090,UniProtKB reviewed (Swiss-Prot),Q8C255-1,explicit_displayed_isoform_cross_reference,,,"[{""gene_id_versioned"": ""ENSMUSG00000053687.16"", ""isoform_id"": ""Q8C255-1"", ""protein_id"": ""ENSMUSP00000034373.8"", ""transcript_id"": ""ENSMUST00000034373.8""}, {""gene_id_versioned"": ""ENSMUSG00000053687.16"", ""isoform_id"": ""Q8C255-3"", ""protein_id"": ""ENSMUSP00000113877.2"", ""transcript_id"": ""ENSMUST00000117555.8""}]",2026_03,0.1.0
ENSMUSG00000032939,A0A1D5RLQ0,10090,UniProtKB unreviewed (TrEMBL),,entry_level_cross_reference_isoform_unspecified,,,"[{""gene_id_versioned"": ""ENSMUSG00000032939.15"", ""isoform_id"": """", ""protein_id"": ""ENSMUSP00000148458.2"", ""transcript_id"": ""ENSMUST00000211822.2""}]",2026_03,0.1.0
ENSMUSG00000032939,A0A1D5RM86,10090,UniProtKB unreviewed (TrEMBL),,entry_level_cross_reference_isoform_unspecified,,FRAGMENT_SEQUENCE,"[{""gene_id_versioned"": ""ENSMUSG00000032939.15"", ""isoform_id"": """", ""protein_id"": ""ENSMUSP00000148672.2"", ""transcript_id"": ""ENSMUST00000212167.2""}]",2026_03,0.1.0
ENSMUSG00000032939,Q8BJ71,10090,UniProtKB reviewed (Swiss-Prot),Q8BJ71-1,explicit_displayed_isoform_cross_reference,,,"[{""gene_id_versioned"": ""ENSMUSG00000032939.15"", ""isoform_id"": ""Q8BJ71-1"", ""protein_id"": ""ENSMUSP00000078878.7"", ""transcript_id"": ""ENSMUST00000079961.14""}, {""gene_id_versioned"": ""ENSMUSG00000032939.15"", ""isoform_id"": ""Q8BJ71-1"", ""protein_id"": ""ENSMUSP00000105174.2"", ""transcript_id"": ""ENSMUST00000109547.2""}, {""gene_id_versioned"": ""ENSMUSG00000032939.15"", ""isoform_id"": ""Q8BJ71-1"", ""protein_id"": ""ENSMUSP00000148700.2"", ""transcript_id"": ""ENSMUST00000212824.2""}]",2026_03,0.1.0
ENSMUSG00000027075,A2ATS4,10090,UniProtKB unreviewed (TrEMBL),,entry_level_cross_reference_isoform_unspecified,,,"[{""gene_id_versioned"": ""ENSMUSG00000027075.17"", ""isoform_id"": """", ""protein_id"": ""ENSMUSP00000107252.2"", ""transcript_id"": ""ENSMUST00000111625.2""}]",2026_03,0.1.0
ENSMUSG00000027075,B0R0N4,10090,UniProtKB unreviewed (TrEMBL),,entry_level_cross_reference_isoform_unspecified,,FRAGMENT_SEQUENCE,"[{""gene_id_versioned"": ""ENSMUSG00000027075.17"", ""isoform_id"": """", ""protein_id"": ""ENSMUSP00000121368.2"", ""transcript_id"": ""ENSMUST00000146816.8""}]",2026_03,0.1.0
ENSMUSG00000027075,G3X8X3,10090,UniProtKB unreviewed (TrEMBL),,entry_level_cross_reference_isoform_unspecified,,,"[{""gene_id_versioned"": ""ENSMUSG00000027075.17"", ""isoform_id"": """", ""protein_id"": ""ENSMUSP00000028469.8"", ""transcript_id"": ""ENSMUST00000028469.14""}]",2026_03,0.1.0
ENSMUSG00000027075,Q8BSM7,10090,UniProtKB reviewed (Swiss-Prot),,entry_level_cross_reference_isoform_unspecified,,,"[{""gene_id_versioned"": ""ENSMUSG00000027075.17"", ""isoform_id"": """", ""protein_id"": ""ENSMUSP00000107251.2"", ""transcript_id"": ""ENSMUST00000111624.8""}, {""gene_id_versioned"": ""ENSMUSG00000027075.17"", ""isoform_id"": """", ""protein_id"": ""ENSMUSP00000112642.2"", ""transcript_id"": ""ENSMUST00000121114.8""}]",2026_03,0.1.0
ENSMUSG00000020681,F6QCP8,10090,UniProtKB unreviewed (TrEMBL),,entry_level_cross_reference_isoform_unspecified,,AMBIGUOUS_OR_INVALID_SEQUENCE,"[{""gene_id_versioned"": ""ENSMUSG00000020681.15"", ""isoform_id"": """", ""protein_id"": ""ENSMUSP00000119826.2"", ""transcript_id"": ""ENSMUST00000132280.8""}]",2026_03,0.1.0
ENSMUSG00000020681,P09470,10090,UniProtKB reviewed (Swiss-Prot),P09470-1,explicit_displayed_isoform_cross_reference,,,"[{""gene_id_versioned"": ""ENSMUSG00000020681.15"", ""isoform_id"": ""P09470-1"", ""protein_id"": ""ENSMUSP00000001963.8"", ""transcript_id"": ""ENSMUST00000001963.14""}, {""gene_id_versioned"": ""ENSMUSG00000020681.15"", ""isoform_id"": ""P09470-2"", ""protein_id"": ""ENSMUSP00000001964.8"", ""transcript_id"": ""ENSMUST00000001964.8""}]",2026_03,0.1.0
ENSMUSG00000031538,P11214,10090,UniProtKB reviewed (Swiss-Prot),,entry_level_cross_reference_isoform_unspecified,,,"[{""gene_id_versioned"": ""ENSMUSG00000031538.7"", ""isoform_id"": """", ""protein_id"": ""ENSMUSP00000033941.6"", ""transcript_id"": ""ENSMUST00000033941.7""}]",2026_03,0.1.0
ENSMUSG00000037664,A0A140LJ83,10090,UniProtKB unreviewed (TrEMBL),,entry_level_cross_reference_isoform_unspecified,,AMBIGUOUS_OR_INVALID_SEQUENCE,"[{""gene_id_versioned"": ""ENSMUSG00000037664.14"", ""isoform_id"": """", ""protein_id"": ""ENSMUSP00000147116.2"", ""transcript_id"": ""ENSMUST00000208137.2""}]",2026_03,0.1.0
ENSMUSG00000037664,A0A140LJA8,10090,UniProtKB unreviewed (TrEMBL),,entry_level_cross_reference_isoform_unspecified,,FRAGMENT_SEQUENCE,"[{""gene_id_versioned"": ""ENSMUSG00000037664.14"", ""isoform_id"": """", ""protein_id"": ""ENSMUSP00000147142.2"", ""transcript_id"": ""ENSMUST00000207910.2""}]",2026_03,0.1.0
ENSMUSG00000037664,P49919,10090,UniProtKB reviewed (Swiss-Prot),P49919-1,explicit_displayed_isoform_cross_reference,,,"[{""gene_id_versioned"": ""ENSMUSG00000037664.14"", ""isoform_id"": ""P49919-2"", ""protein_id"": ""ENSMUSP00000037302.7"", ""transcript_id"": ""ENSMUST00000037287.8""}, {""gene_id_versioned"": ""ENSMUSG00000037664.14"", ""isoform_id"": ""P49919-1"", ""protein_id"": ""ENSMUSP00000128828.2"", ""transcript_id"": ""ENSMUST00000167912.9""}]",2026_03,0.1.0
ENSMUSG00000029101,A0A0J9YU30,10090,UniProtKB unreviewed (TrEMBL),,entry_level_cross_reference_isoform_unspecified,,AMBIGUOUS_OR_INVALID_SEQUENCE,"[{""gene_id_versioned"": ""ENSMUSG00000029101.17"", ""isoform_id"": """", ""protein_id"": ""ENSMUSP00000143979.3"", ""transcript_id"": ""ENSMUST00000201936.3""}]",2026_03,0.1.0
ENSMUSG00000029101,A0A286YDE1,10090,UniProtKB unreviewed (TrEMBL),,entry_level_cross_reference_isoform_unspecified,,FRAGMENT_SEQUENCE,"[{""gene_id_versioned"": ""ENSMUSG00000029101.17"", ""isoform_id"": """", ""protein_id"": ""ENSMUSP00000153391.2"", ""transcript_id"": ""ENSMUST00000225237.2""}]",2026_03,0.1.0
ENSMUSG00000029101,D3YXA5,10090,UniProtKB unreviewed (TrEMBL),,entry_level_cross_reference_isoform_unspecified,,FRAGMENT_SEQUENCE,"[{""gene_id_versioned"": ""ENSMUSG00000029101.17"", ""isoform_id"": """", ""protein_id"": ""ENSMUSP00000115064.2"", ""transcript_id"": ""ENSMUST00000156339.8""}]",2026_03,0.1.0
ENSMUSG00000029101,D3Z0G5,10090,UniProtKB unreviewed (TrEMBL),,entry_level_cross_reference_isoform_unspecified,,,"[{""gene_id_versioned"": ""ENSMUSG00000029101.17"", ""isoform_id"": """", ""protein_id"": ""ENSMUSP00000109924.2"", ""transcript_id"": ""ENSMUST00000114285.8""}]",2026_03,0.1.0
ENSMUSG00000029101,D3Z0G6,10090,UniProtKB unreviewed (TrEMBL),,entry_level_cross_reference_isoform_unspecified,,,"[{""gene_id_versioned"": ""ENSMUSG00000029101.17"", ""isoform_id"": """", ""protein_id"": ""ENSMUSP00000109923.2"", ""transcript_id"": ""ENSMUST00000114284.8""}]",2026_03,0.1.0
ENSMUSG00000029101,D3Z0G7,10090,UniProtKB unreviewed (TrEMBL),,entry_level_cross_reference_isoform_unspecified,,,"[{""gene_id_versioned"": ""ENSMUSG00000029101.17"", ""isoform_id"": """", ""protein_id"": ""ENSMUSP00000109922.2"", ""transcript_id"": ""ENSMUST00000114283.8""}]",2026_03,0.1.0
ENSMUSG00000029101,E9Q1K7,10090,UniProtKB unreviewed (TrEMBL),,entry_level_cross_reference_isoform_unspecified,,,"[{""gene_id_versioned"": ""ENSMUSG00000029101.17"", ""isoform_id"": """", ""protein_id"": ""ENSMUSP00000109920.2"", ""transcript_id"": ""ENSMUST00000114281.8""}]",2026_03,0.1.0
ENSMUSG00000029101,E9Q652,10090,UniProtKB unreviewed (TrEMBL),,entry_level_cross_reference_isoform_unspecified,,,"[{""gene_id_versioned"": ""ENSMUSG00000029101.17"", ""isoform_id"": """", ""protein_id"": ""ENSMUSP00000084970.5"", ""transcript_id"": ""ENSMUST00000087684.11""}]",2026_03,0.1.0
ENSMUSG00000029101,F6WDN6,10090,UniProtKB unreviewed (TrEMBL),,entry_level_cross_reference_isoform_unspecified,,,"[{""gene_id_versioned"": ""ENSMUSG00000029101.17"", ""isoform_id"": """", ""protein_id"": ""ENSMUSP00000109919.2"", ""transcript_id"": ""ENSMUST00000114280.8""}]",2026_03,0.1.0
ENSMUSG00000029101,F6YRR2,10090,UniProtKB unreviewed (TrEMBL),,entry_level_cross_reference_isoform_unspecified,,AMBIGUOUS_OR_INVALID_SEQUENCE,"[{""gene_id_versioned"": ""ENSMUSG00000029101.17"", ""isoform_id"": """", ""protein_id"": ""ENSMUSP00000117158.2"", ""transcript_id"": ""ENSMUST00000150139.3""}]",2026_03,0.1.0
ENSMUSG00000029101,F7B2U5,10090,UniProtKB unreviewed (TrEMBL),,entry_level_cross_reference_isoform_unspecified,,AMBIGUOUS_OR_INVALID_SEQUENCE,"[{""gene_id_versioned"": ""ENSMUSG00000029101.17"", ""isoform_id"": """", ""protein_id"": ""ENSMUSP00000116913.2"", ""transcript_id"": ""ENSMUST00000156819.8""}]",2026_03,0.1.0
ENSMUSG00000029101,Q8CGE9,10090,UniProtKB reviewed (Swiss-Prot),,entry_level_cross_reference_isoform_unspecified,,,"[{""gene_id_versioned"": ""ENSMUSG00000029101.17"", ""isoform_id"": """", ""protein_id"": ""ENSMUSP00000030984.8"", ""transcript_id"": ""ENSMUST00000030984.14""}]",2026_03,0.1.0
ENSMUSG00000030683,A0A0U1RNQ8,10090,UniProtKB unreviewed (TrEMBL),,entry_level_cross_reference_isoform_unspecified,,AMBIGUOUS_OR_INVALID_SEQUENCE,"[{""gene_id_versioned"": ""ENSMUSG00000030683.12"", ""isoform_id"": """", ""protein_id"": ""ENSMUSP00000145667.2"", ""transcript_id"": ""ENSMUST00000125669.3""}]",2026_03,0.1.0
ENSMUSG00000030683,A0A0U1RPR3,10090,UniProtKB unreviewed (TrEMBL),,entry_level_cross_reference_isoform_unspecified,,AMBIGUOUS_OR_INVALID_SEQUENCE,"[{""gene_id_versioned"": ""ENSMUSG00000030683.12"", ""isoform_id"": """", ""protein_id"": ""ENSMUSP00000146086.2"", ""transcript_id"": ""ENSMUST00000155138.3""}]",2026_03,0.1.0
ENSMUSG00000030683,D3YY14,10090,UniProtKB unreviewed (TrEMBL),,entry_level_cross_reference_isoform_unspecified,,FRAGMENT_SEQUENCE,"[{""gene_id_versioned"": ""ENSMUSG00000030683.12"", ""isoform_id"": """", ""protein_id"": ""ENSMUSP00000115905.3"", ""transcript_id"": ""ENSMUST00000146017.3""}]",2026_03,0.1.0
ENSMUSG00000030683,Q4V9Z5,10090,UniProtKB reviewed (Swiss-Prot),Q4V9Z5-1,explicit_displayed_isoform_cross_reference,,,"[{""gene_id_versioned"": ""ENSMUSG00000030683.12"", ""isoform_id"": ""Q4V9Z5-3"", ""protein_id"": ""ENSMUSP00000101939.2"", ""transcript_id"": ""ENSMUST00000106332.3""}, {""gene_id_versioned"": ""ENSMUSG00000030683.12"", ""isoform_id"": ""Q4V9Z5-2"", ""protein_id"": ""ENSMUSP00000101940.2"", ""transcript_id"": ""ENSMUST00000106333.8""}, {""gene_id_versioned"": ""ENSMUSG00000030683.12"", ""isoform_id"": ""Q4V9Z5-1"", ""protein_id"": ""ENSMUSP00000101942.2"", ""transcript_id"": ""ENSMUST00000106335.8""}]",2026_03,0.1.0
ENSMUSG00000021187,E0CXQ6,10090,UniProtKB unreviewed (TrEMBL),,entry_level_cross_reference_isoform_unspecified,,,"[{""gene_id_versioned"": ""ENSMUSG00000021187.15"", ""isoform_id"": """", ""protein_id"": ""ENSMUSP00000125099.2"", ""transcript_id"": ""ENSMUST00000160715.8""}]",2026_03,0.1.0
ENSMUSG00000021187,Q91XT6,10090,UniProtKB reviewed (Swiss-Prot),,entry_level_cross_reference_isoform_unspecified,,,"[{""gene_id_versioned"": ""ENSMUSG00000021187.15"", ""isoform_id"": """", ""protein_id"": ""ENSMUSP00000105674.3"", ""transcript_id"": ""ENSMUST00000110047.9""}, {""gene_id_versioned"": ""ENSMUSG00000021187.15"", ""isoform_id"": """", ""protein_id"": ""ENSMUSP00000124287.2"", ""transcript_id"": ""ENSMUST00000160830.2""}, {""gene_id_versioned"": ""ENSMUSG00000021187.15"", ""isoform_id"": """", ""protein_id"": ""ENSMUSP00000125288.2"", ""transcript_id"": ""ENSMUST00000162735.8""}]",2026_03,0.1.0
ENSMUSG00000071350,F6SFE4,10090,UniProtKB unreviewed (TrEMBL),,entry_level_cross_reference_isoform_unspecified,,,"[{""gene_id_versioned"": ""ENSMUSG00000071350.13"", ""isoform_id"": """", ""protein_id"": ""ENSMUSP00000124696.2"", ""transcript_id"": ""ENSMUST00000161459.8""}]",2026_03,0.1.0
ENSMUSG00000071350,Q8C267,10090,UniProtKB reviewed (Swiss-Prot),Q8C267-1,explicit_displayed_isoform_cross_reference,,,"[{""gene_id_versioned"": ""ENSMUSG00000071350.13"", ""isoform_id"": ""Q8C267-1"", ""protein_id"": ""ENSMUSP00000093450.4"", ""transcript_id"": ""ENSMUST00000095775.10""}, {""gene_id_versioned"": ""ENSMUSG00000071350.13"", ""isoform_id"": ""Q8C267-2"", ""protein_id"": ""ENSMUSP00000106884.3"", ""transcript_id"": ""ENSMUST00000111253.3""}]",2026_03,0.1.0
ENSMUSG00000021950,F7B733,10090,UniProtKB unreviewed (TrEMBL),,entry_level_cross_reference_isoform_unspecified,,,"[{""gene_id_versioned"": ""ENSMUSG00000021950.16"", ""isoform_id"": """", ""protein_id"": ""ENSMUSP00000113662.2"", ""transcript_id"": ""ENSMUST00000120077.2""}]",2026_03,0.1.0
ENSMUSG00000021950,O35640,10090,UniProtKB reviewed (Swiss-Prot),,entry_level_cross_reference_isoform_unspecified,,,"[{""gene_id_versioned"": ""ENSMUSG00000021950.16"", ""isoform_id"": """", ""protein_id"": ""ENSMUSP00000022519.9"", ""transcript_id"": ""ENSMUST00000022519.15""}]",2026_03,0.1.0
ENSMUSG00000031772,D3YWB9,10090,UniProtKB unreviewed (TrEMBL),,entry_level_cross_reference_isoform_unspecified,,,"[{""gene_id_versioned"": ""ENSMUSG00000031772.18"", ""isoform_id"": """", ""protein_id"": ""ENSMUSP00000112511.2"", ""transcript_id"": ""ENSMUST00000118171.8""}]",2026_03,0.1.0
ENSMUSG00000031772,Q99P47,10090,UniProtKB reviewed (Swiss-Prot),,entry_level_cross_reference_isoform_unspecified,,,"[{""gene_id_versioned"": ""ENSMUSG00000031772.18"", ""isoform_id"": """", ""protein_id"": ""ENSMUSP00000034225.7"", ""transcript_id"": ""ENSMUST00000034225.7""}]",2026_03,0.1.0
ENSMUSG00000039109,Q8BH61,10090,UniProtKB reviewed (Swiss-Prot),,entry_level_cross_reference_isoform_unspecified,,,"[{""gene_id_versioned"": ""ENSMUSG00000039109.18"", ""isoform_id"": """", ""protein_id"": ""ENSMUSP00000048667.9"", ""transcript_id"": ""ENSMUST00000037491.11""}, {""gene_id_versioned"": ""ENSMUSG00000039109.18"", ""isoform_id"": """", ""protein_id"": ""ENSMUSP00000128316.2"", ""transcript_id"": ""ENSMUST00000164727.8""}]",2026_03,0.1.0
ENSMUSG00000046949,A0A1Y7VL95,10090,UniProtKB unreviewed (TrEMBL),,entry_level_cross_reference_isoform_unspecified,,,"[{""gene_id_versioned"": ""ENSMUSG00000046949.17"", ""isoform_id"": """", ""protein_id"": ""ENSMUSP00000152068.2"", ""transcript_id"": ""ENSMUST00000220844.2""}]",2026_03,0.1.0
ENSMUSG00000046949,A0A1Y7VMA0,10090,UniProtKB unreviewed (TrEMBL),,entry_level_cross_reference_isoform_unspecified,,FRAGMENT_SEQUENCE,"[{""gene_id_versioned"": ""ENSMUSG00000046949.17"", ""isoform_id"": """", ""protein_id"": ""ENSMUSP00000152598.2"", ""transcript_id"": ""ENSMUST00000223479.2""}]",2026_03,0.1.0
ENSMUSG00000046949,Q9JI75,10090,UniProtKB reviewed (Swiss-Prot),,entry_level_cross_reference_isoform_unspecified,,,"[{""gene_id_versioned"": ""ENSMUSG00000046949.17"", ""isoform_id"": """", ""protein_id"": ""ENSMUSP00000021843.6"", ""transcript_id"": ""ENSMUST00000021843.13""}, {""gene_id_versioned"": ""ENSMUSG00000046949.17"", ""isoform_id"": """", ""protein_id"": ""ENSMUSP00000053809.8"", ""transcript_id"": ""ENSMUST00000058978.9""}, {""gene_id_versioned"": ""ENSMUSG00000046949.17"", ""isoform_id"": """", ""protein_id"": ""ENSMUSP00000152294.2"", ""transcript_id"": ""ENSMUST00000222740.2""}]",2026_03,0.1.0
ENSMUSG00000022032,Q8K299,10090,UniProtKB reviewed (Swiss-Prot),Q8K299-1,explicit_displayed_isoform_cross_reference,,,"[{""gene_id_versioned"": ""ENSMUSG00000022032.15"", ""isoform_id"": ""Q8K299-1"", ""protein_id"": ""ENSMUSP00000022610.9"", ""transcript_id"": ""ENSMUST00000022610.15""}, {""gene_id_versioned"": ""ENSMUSG00000022032.15"", ""isoform_id"": ""Q8K299-2"", ""protein_id"": ""ENSMUSP00000063391.7"", ""transcript_id"": ""ENSMUST00000069226.7""}]",2026_03,0.1.0
ENSMUSG00000059430,A0A0U1RQ96,10090,UniProtKB unreviewed (TrEMBL),,entry_level_cross_reference_isoform_unspecified,,FRAGMENT_SEQUENCE,"[{""gene_id_versioned"": ""ENSMUSG00000059430.15"", ""isoform_id"": """", ""protein_id"": ""ENSMUSP00000146302.2"", ""transcript_id"": ""ENSMUST00000205926.2""}]",2026_03,0.1.0
ENSMUSG00000059430,D3YZY0,10090,UniProtKB unreviewed (TrEMBL),,entry_level_cross_reference_isoform_unspecified,,FRAGMENT_SEQUENCE,"[{""gene_id_versioned"": ""ENSMUSG00000059430.15"", ""isoform_id"": """", ""protein_id"": ""ENSMUSP00000120936.3"", ""transcript_id"": ""ENSMUST00000141904.8""}]",2026_03,0.1.0
ENSMUSG00000059430,D3Z2K3,10090,UniProtKB unreviewed (TrEMBL),,entry_level_cross_reference_isoform_unspecified,,FRAGMENT_SEQUENCE,"[{""gene_id_versioned"": ""ENSMUSG00000059430.15"", ""isoform_id"": """", ""protein_id"": ""ENSMUSP00000121577.2"", ""transcript_id"": ""ENSMUST00000152029.2""}]",2026_03,0.1.0
ENSMUSG00000059430,P63268,10090,UniProtKB reviewed (Swiss-Prot),,entry_level_cross_reference_isoform_unspecified,,,"[{""gene_id_versioned"": ""ENSMUSG00000059430.15"", ""isoform_id"": """", ""protein_id"": ""ENSMUSP00000074658.6"", ""transcript_id"": ""ENSMUST00000075161.12""}, {""gene_id_versioned"": ""ENSMUSG00000059430.15"", ""isoform_id"": """", ""protein_id"": ""ENSMUSP00000113552.2"", ""transcript_id"": ""ENSMUST00000121731.8""}]",2026_03,0.1.0
ENSMUSG00000031451,Q61592,10090,UniProtKB reviewed (Swiss-Prot),,entry_level_cross_reference_isoform_unspecified,,,"[{""gene_id_versioned"": ""ENSMUSG00000031451.7"", ""isoform_id"": """", ""protein_id"": ""ENSMUSP00000033828.6"", ""transcript_id"": ""ENSMUST00000033828.7""}]",2026_03,0.1.0
ENSMUSG00000054150,Q4FZC9,10090,UniProtKB reviewed (Swiss-Prot),Q4FZC9-1,explicit_displayed_isoform_cross_reference,,,"[{""gene_id_versioned"": ""ENSMUSG00000054150.13"", ""isoform_id"": ""Q4FZC9-2"", ""protein_id"": ""ENSMUSP00000065771.4"", ""transcript_id"": ""ENSMUST00000067005.11""}, {""gene_id_versioned"": ""ENSMUSG00000054150.13"", ""isoform_id"": ""Q4FZC9-1"", ""protein_id"": ""ENSMUSP00000093090.4"", ""transcript_id"": ""ENSMUST00000095439.11""}, {""gene_id_versioned"": ""ENSMUSG00000054150.13"", ""isoform_id"": ""Q4FZC9-2"", ""protein_id"": ""ENSMUSP00000105553.2"", ""transcript_id"": ""ENSMUST00000109927.2""}]",2026_03,0.1.0
ENSMUSG00000003865,A0A1B0GR90,10090,UniProtKB unreviewed (TrEMBL),,entry_level_cross_reference_isoform_unspecified,,AMBIGUOUS_OR_INVALID_SEQUENCE,"[{""gene_id_versioned"": ""ENSMUSG00000003865.17"", ""isoform_id"": """", ""protein_id"": ""ENSMUSP00000147424.2"", ""transcript_id"": ""ENSMUST00000209640.2""}]",2026_03,0.1.0
ENSMUSG00000003865,A0A1B0GT92,10090,UniProtKB unreviewed (TrEMBL),,entry_level_cross_reference_isoform_unspecified,,,"[{""gene_id_versioned"": ""ENSMUSG00000003865.17"", ""isoform_id"": """", ""protein_id"": ""ENSMUSP00000148252.2"", ""transcript_id"": ""ENSMUST00000211150.2""}]",2026_03,0.1.0
ENSMUSG00000003865,Q9Z1E4,10090,UniProtKB reviewed (Swiss-Prot),,entry_level_cross_reference_isoform_unspecified,,,"[{""gene_id_versioned"": ""ENSMUSG00000003865.17"", ""isoform_id"": """", ""protein_id"": ""ENSMUSP00000003964.9"", ""transcript_id"": ""ENSMUST00000003964.17""}]",2026_03,0.1.0
ENSMUSG00000019851,Q9JK95,10090,UniProtKB reviewed (Swiss-Prot),,entry_level_cross_reference_isoform_unspecified,,,"[{""gene_id_versioned"": ""ENSMUSG00000019851.9"", ""isoform_id"": """", ""protein_id"": ""ENSMUSP00000019998.8"", ""transcript_id"": ""ENSMUST00000019998.9""}]",2026_03,0.1.0
ENSMUSG00000050505,Q8BIZ0,10090,UniProtKB reviewed (Swiss-Prot),,entry_level_cross_reference_isoform_unspecified,,,"[{""gene_id_versioned"": ""ENSMUSG00000050505.8"", ""isoform_id"": """", ""protein_id"": ""ENSMUSP00000054774.6"", ""transcript_id"": ""ENSMUST00000061628.7""}, {""gene_id_versioned"": ""ENSMUSG00000050505.8"", ""isoform_id"": """", ""protein_id"": ""ENSMUSP00000141860.2"", ""transcript_id"": ""ENSMUST00000192557.2""}]",2026_03,0.1.0
ENSMUSG00000061353,H7BX38,10090,UniProtKB unreviewed (TrEMBL),,entry_level_cross_reference_isoform_unspecified,,,"[{""gene_id_versioned"": ""ENSMUSG00000061353.12"", ""isoform_id"": """", ""protein_id"": ""ENSMUSP00000072800.5"", ""transcript_id"": ""ENSMUST00000073043.5""}]",2026_03,0.1.0
ENSMUSG00000061353,P40224,10090,UniProtKB reviewed (Swiss-Prot),P40224-2,explicit_displayed_isoform_cross_reference,,,"[{""gene_id_versioned"": ""ENSMUSG00000061353.12"", ""isoform_id"": ""P40224-1"", ""protein_id"": ""ENSMUSP00000108487.2"", ""transcript_id"": ""ENSMUST00000112866.8""}, {""gene_id_versioned"": ""ENSMUSG00000061353.12"", ""isoform_id"": ""P40224-2"", ""protein_id"": ""ENSMUSP00000108492.2"", ""transcript_id"": ""ENSMUST00000112871.8""}]",2026_03,0.1.0
ENSMUSG00000017390,P05063,10090,UniProtKB reviewed (Swiss-Prot),,entry_level_cross_reference_isoform_unspecified,,,"[{""gene_id_versioned"": ""ENSMUSG00000017390.16"", ""isoform_id"": """", ""protein_id"": ""ENSMUSP00000017534.9"", ""transcript_id"": ""ENSMUST00000017534.15""}, {""gene_id_versioned"": ""ENSMUSG00000017390.16"", ""isoform_id"": """", ""protein_id"": ""ENSMUSP00000099536.4"", ""transcript_id"": ""ENSMUST00000102478.4""}]",2026_03,0.1.0
ENSMUSG00000021835,P21275,10090,UniProtKB reviewed (Swiss-Prot),,entry_level_cross_reference_isoform_unspecified,,,"[{""gene_id_versioned"": ""ENSMUSG00000021835.16"", ""isoform_id"": """", ""protein_id"": ""ENSMUSP00000073720.6"", ""transcript_id"": ""ENSMUST00000074077.12""}, {""gene_id_versioned"": ""ENSMUSG00000021835.16"", ""isoform_id"": """", ""protein_id"": ""ENSMUSP00000098242.3"", ""transcript_id"": ""ENSMUST00000100676.3""}]",2026_03,0.1.0
ENSMUSG00000024481,A0A3Q4L2Z6,10090,UniProtKB unreviewed (TrEMBL),,entry_level_cross_reference_isoform_unspecified,,,"[{""gene_id_versioned"": ""ENSMUSG00000024481.6"", ""isoform_id"": """", ""protein_id"": ""ENSMUSP00000157186.2"", ""transcript_id"": ""ENSMUST00000234519.2""}]",2026_03,0.1.0
ENSMUSG00000024481,E9QJR0,10090,UniProtKB unreviewed (TrEMBL),,entry_level_cross_reference_isoform_unspecified,,,"[{""gene_id_versioned"": ""ENSMUSG00000024481.6"", ""isoform_id"": """", ""protein_id"": ""ENSMUSP00000025358.3"", ""transcript_id"": ""ENSMUST00000025358.4""}]",2026_03,0.1.0
ENSMUSG00000039405,A0A140LHE7,10090,UniProtKB unreviewed (TrEMBL),,entry_level_cross_reference_isoform_unspecified,,FRAGMENT_SEQUENCE,"[{""gene_id_versioned"": ""ENSMUSG00000039405.8"", ""isoform_id"": """", ""protein_id"": ""ENSMUSP00000146384.2"", ""transcript_id"": ""ENSMUST00000207636.2""}]",2026_03,0.1.0
ENSMUSG00000039405,A0A140LHF1,10090,UniProtKB unreviewed (TrEMBL),,entry_level_cross_reference_isoform_unspecified,,FRAGMENT_SEQUENCE,"[{""gene_id_versioned"": ""ENSMUSG00000039405.8"", ""isoform_id"": """", ""protein_id"": ""ENSMUSP00000146389.2"", ""transcript_id"": ""ENSMUST00000208888.2""}]",2026_03,0.1.0
ENSMUSG00000039405,A0A140LIH7,10090,UniProtKB unreviewed (TrEMBL),,entry_level_cross_reference_isoform_unspecified,,FRAGMENT_SEQUENCE,"[{""gene_id_versioned"": ""ENSMUSG00000039405.8"", ""isoform_id"": """", ""protein_id"": ""ENSMUSP00000146825.2"", ""transcript_id"": ""ENSMUST00000208903.2""}]",2026_03,0.1.0
ENSMUSG00000039405,A0A140LIL0,10090,UniProtKB unreviewed (TrEMBL),,entry_level_cross_reference_isoform_unspecified,,FRAGMENT_SEQUENCE,"[{""gene_id_versioned"": ""ENSMUSG00000039405.8"", ""isoform_id"": """", ""protein_id"": ""ENSMUSP00000146863.2"", ""transcript_id"": ""ENSMUST00000207538.2""}]",2026_03,0.1.0
ENSMUSG00000039405,A0A140LJH8,10090,UniProtKB unreviewed (TrEMBL),,entry_level_cross_reference_isoform_unspecified,,FRAGMENT_SEQUENCE,"[{""gene_id_versioned"": ""ENSMUSG00000039405.8"", ""isoform_id"": """", ""protein_id"": ""ENSMUSP00000147219.2"", ""transcript_id"": ""ENSMUST00000208402.2""}]",2026_03,0.1.0
ENSMUSG00000039405,Q9D6X6,10090,UniProtKB reviewed (Swiss-Prot),,entry_level_cross_reference_isoform_unspecified,,,"[{""gene_id_versioned"": ""ENSMUSG00000039405.8"", ""isoform_id"": """", ""protein_id"": ""ENSMUSP00000045191.6"", ""transcript_id"": ""ENSMUST00000041761.7""}, {""gene_id_versioned"": ""ENSMUSG00000039405.8"", ""isoform_id"": """", ""protein_id"": ""ENSMUSP00000147183.2"", ""transcript_id"": ""ENSMUST00000207932.2""}]",2026_03,0.1.0
ENSMUSG00000025582,Q62443,10090,UniProtKB reviewed (Swiss-Prot),,entry_level_cross_reference_isoform_unspecified,,,"[{""gene_id_versioned"": ""ENSMUSG00000025582.5"", ""isoform_id"": """", ""protein_id"": ""ENSMUSP00000026670.5"", ""transcript_id"": ""ENSMUST00000026670.5""}]",2026_03,0.1.0
ENSMUSG00000030711,D3Z2P8,10090,UniProtKB unreviewed (TrEMBL),,entry_level_cross_reference_isoform_unspecified,,FRAGMENT_SEQUENCE,"[{""gene_id_versioned"": ""ENSMUSG00000030711.17"", ""isoform_id"": """", ""protein_id"": ""ENSMUSP00000121514.3"", ""transcript_id"": ""ENSMUST00000155419.3""}]",2026_03,0.1.0
ENSMUSG00000030711,E9QNL5,10090,UniProtKB unreviewed (TrEMBL),,entry_level_cross_reference_isoform_unspecified,,,"[{""gene_id_versioned"": ""ENSMUSG00000030711.17"", ""isoform_id"": """", ""protein_id"": ""ENSMUSP00000101981.3"", ""transcript_id"": ""ENSMUST00000106373.9""}]",2026_03,0.1.0
ENSMUSG00000030711,F7CRM8,10090,UniProtKB unreviewed (TrEMBL),,entry_level_cross_reference_isoform_unspecified,,,"[{""gene_id_versioned"": ""ENSMUSG00000030711.17"", ""isoform_id"": """", ""protein_id"": ""ENSMUSP00000101980.4"", ""transcript_id"": ""ENSMUST00000106372.11""}]",2026_03,0.1.0
ENSMUSG00000063415,A0A0N4SUV4,10090,UniProtKB unreviewed (TrEMBL),,entry_level_cross_reference_isoform_unspecified,,,"[{""gene_id_versioned"": ""ENSMUSG00000063415.13"", ""isoform_id"": """", ""protein_id"": ""ENSMUSP00000144836.2"", ""transcript_id"": ""ENSMUST00000205228.3""}]",2026_03,0.1.0
ENSMUSG00000063415,A0A0N4SV88,10090,UniProtKB unreviewed (TrEMBL),,entry_level_cross_reference_isoform_unspecified,,,"[{""gene_id_versioned"": ""ENSMUSG00000063415.13"", ""isoform_id"": """", ""protein_id"": ""ENSMUSP00000144998.2"", ""transcript_id"": ""ENSMUST00000204109.2""}]",2026_03,0.1.0
ENSMUSG00000063415,Q811W2,10090,UniProtKB reviewed (Swiss-Prot),,entry_level_cross_reference_isoform_unspecified,,,"[{""gene_id_versioned"": ""ENSMUSG00000063415.13"", ""isoform_id"": """", ""protein_id"": ""ENSMUSP00000076886.4"", ""transcript_id"": ""ENSMUST00000077705.6""}, {""gene_id_versioned"": ""ENSMUSG00000063415.13"", ""isoform_id"": """", ""protein_id"": ""ENSMUSP00000128391.3"", ""transcript_id"": ""ENSMUST00000168003.9""}, {""gene_id_versioned"": ""ENSMUSG00000063415.13"", ""isoform_id"": """", ""protein_id"": ""ENSMUSP00000145092.2"", ""transcript_id"": ""ENSMUST00000204146.3""}]",2026_03,0.1.0
ENSMUSG00000026879,A0A0J9YUJ8,10090,UniProtKB unreviewed (TrEMBL),,entry_level_cross_reference_isoform_unspecified,,FRAGMENT_SEQUENCE,"[{""gene_id_versioned"": ""ENSMUSG00000026879.15"", ""isoform_id"": """", ""protein_id"": ""ENSMUSP00000144217.2"", ""transcript_id"": ""ENSMUST00000139867.5""}]",2026_03,0.1.0
ENSMUSG00000026879,A0A0J9YUQ8,10090,UniProtKB unreviewed (TrEMBL),,entry_level_cross_reference_isoform_unspecified,,FRAGMENT_SEQUENCE,"[{""gene_id_versioned"": ""ENSMUSG00000026879.15"", ""isoform_id"": """", ""protein_id"": ""ENSMUSP00000144296.2"", ""transcript_id"": ""ENSMUST00000202990.4""}]",2026_03,0.1.0
ENSMUSG00000026879,A6PWS5,10090,UniProtKB unreviewed (TrEMBL),,entry_level_cross_reference_isoform_unspecified,,FRAGMENT_SEQUENCE,"[{""gene_id_versioned"": ""ENSMUSG00000026879.15"", ""isoform_id"": """", ""protein_id"": ""ENSMUSP00000118120.2"", ""transcript_id"": ""ENSMUST00000142324.8""}, {""gene_id_versioned"": ""ENSMUSG00000026879.15"", ""isoform_id"": """", ""protein_id"": ""ENSMUSP00000144470.2"", ""transcript_id"": ""ENSMUST00000202899.4""}]",2026_03,0.1.0
ENSMUSG00000026879,P13020,10090,UniProtKB reviewed (Swiss-Prot),P13020-1,explicit_displayed_isoform_cross_reference,,,"[{""gene_id_versioned"": ""ENSMUSG00000026879.15"", ""isoform_id"": ""P13020-1"", ""protein_id"": ""ENSMUSP00000028239.7"", ""transcript_id"": ""ENSMUST00000028239.8""}, {""gene_id_versioned"": ""ENSMUSG00000026879.15"", ""isoform_id"": ""P13020-2"", ""protein_id"": ""ENSMUSP00000144561.2"", ""transcript_id"": ""ENSMUST00000201185.4""}]",2026_03,0.1.0
ENSMUSG00000026421,P97315,10090,UniProtKB reviewed (Swiss-Prot),,entry_level_cross_reference_isoform_unspecified,,,"[{""gene_id_versioned"": ""ENSMUSG00000026421.15"", ""isoform_id"": """", ""protein_id"": ""ENSMUSP00000027677.8"", ""transcript_id"": ""ENSMUST00000027677.8""}, {""gene_id_versioned"": ""ENSMUSG00000026421.15"", ""isoform_id"": """", ""protein_id"": ""ENSMUSP00000095169.3"", ""transcript_id"": ""ENSMUST00000097561.9""}]",2026_03,0.1.0
ENSMUSG00000031168,A2AC29,10090,UniProtKB unreviewed (TrEMBL),,entry_level_cross_reference_isoform_unspecified,,FRAGMENT_SEQUENCE,"[{""gene_id_versioned"": ""ENSMUSG00000031168.15"", ""isoform_id"": """", ""protein_id"": ""ENSMUSP00000116845.2"", ""transcript_id"": ""ENSMUST00000143223.2""}]",2026_03,0.1.0
ENSMUSG00000031168,P70245,10090,UniProtKB reviewed (Swiss-Prot),,entry_level_cross_reference_isoform_unspecified,,,"[{""gene_id_versioned"": ""ENSMUSG00000031168.15"", ""isoform_id"": """", ""protein_id"": ""ENSMUSP00000033509.9"", ""transcript_id"": ""ENSMUST00000033509.15""}]",2026_03,0.1.0
ENSMUSG00000006782,P16330,10090,UniProtKB reviewed (Swiss-Prot),P16330-1,explicit_displayed_isoform_cross_reference,,,"[{""gene_id_versioned"": ""ENSMUSG00000006782.17"", ""isoform_id"": ""P16330-1"", ""protein_id"": ""ENSMUSP00000099409.5"", ""transcript_id"": ""ENSMUST00000103120.5""}]",2026_03,0.1.0
ENSMUSG00000000223,B1AV35,10090,UniProtKB unreviewed (TrEMBL),,entry_level_cross_reference_isoform_unspecified,,,"[{""gene_id_versioned"": ""ENSMUSG00000000223.14"", ""isoform_id"": """", ""protein_id"": ""ENSMUSP00000108850.3"", ""transcript_id"": ""ENSMUST00000113224.9""}]",2026_03,0.1.0
ENSMUSG00000000223,Q05AA6,10090,UniProtKB reviewed (Swiss-Prot),,entry_level_cross_reference_isoform_unspecified,,,"[{""gene_id_versioned"": ""ENSMUSG00000000223.14"", ""isoform_id"": """", ""protein_id"": ""ENSMUSP00000108852.2"", ""transcript_id"": ""ENSMUST00000113226.2""}, {""gene_id_versioned"": ""ENSMUSG00000000223.14"", ""isoform_id"": """", ""protein_id"": ""ENSMUSP00000108854.2"", ""transcript_id"": ""ENSMUST00000113228.8""}, {""gene_id_versioned"": ""ENSMUSG00000000223.14"", ""isoform_id"": """", ""protein_id"": ""ENSMUSP00000115246.2"", ""transcript_id"": ""ENSMUST00000153424.8""}]",2026_03,0.1.0
ENSMUSG00000038179,A0A0A6YW73,10090,UniProtKB unreviewed (TrEMBL),,entry_level_cross_reference_isoform_unspecified,,,"[{""gene_id_versioned"": ""ENSMUSG00000038179.14"", ""isoform_id"": """", ""protein_id"": ""ENSMUSP00000141426.2"", ""transcript_id"": ""ENSMUST00000192024.6""}]",2026_03,0.1.0
ENSMUSG00000038179,A0A0A6YWL9,10090,UniProtKB unreviewed (TrEMBL),,entry_level_cross_reference_isoform_unspecified,,,"[{""gene_id_versioned"": ""ENSMUSG00000038179.14"", ""isoform_id"": """", ""protein_id"": ""ENSMUSP00000141601.2"", ""transcript_id"": ""ENSMUST00000194791.2""}]",2026_03,0.1.0
ENSMUSG00000038179,A0A0R4J2D6,10090,UniProtKB unreviewed (TrEMBL),,entry_level_cross_reference_isoform_unspecified,,,"[{""gene_id_versioned"": ""ENSMUSG00000038179.14"", ""isoform_id"": """", ""protein_id"": ""ENSMUSP00000141259.2"", ""transcript_id"": ""ENSMUST00000194531.6""}]",2026_03,0.1.0
ENSMUSG00000038179,A0A0R4J2D8,10090,UniProtKB unreviewed (TrEMBL),,entry_level_cross_reference_isoform_unspecified,,,"[{""gene_id_versioned"": ""ENSMUSG00000038179.14"", ""isoform_id"": """", ""protein_id"": ""ENSMUSP00000106907.4"", ""transcript_id"": ""ENSMUST00000111276.9""}, {""gene_id_versioned"": ""ENSMUSG00000038179.14"", ""isoform_id"": """", ""protein_id"": ""ENSMUSP00000141871.2"", ""transcript_id"": ""ENSMUST00000192195.6""}]",2026_03,0.1.0
ENSMUSG00000026278,A0A087WR00,10090,UniProtKB unreviewed (TrEMBL),,entry_level_cross_reference_isoform_unspecified,,FRAGMENT_SEQUENCE,"[{""gene_id_versioned"": ""ENSMUSG00000026278.15"", ""isoform_id"": """", ""protein_id"": ""ENSMUSP00000140412.2"", ""transcript_id"": ""ENSMUST00000188394.2""}]",2026_03,0.1.0
ENSMUSG00000026278,A0A0J9YUF0,10090,UniProtKB unreviewed (TrEMBL),,entry_level_cross_reference_isoform_unspecified,,AMBIGUOUS_OR_INVALID_SEQUENCE,"[{""gene_id_versioned"": ""ENSMUSG00000026278.15"", ""isoform_id"": """", ""protein_id"": ""ENSMUSP00000144146.2"", ""transcript_id"": ""ENSMUST00000200888.2""}]",2026_03,0.1.0
ENSMUSG00000026278,O35425,10090,UniProtKB reviewed (Swiss-Prot),O35425-1,explicit_displayed_isoform_cross_reference,,,"[{""gene_id_versioned"": ""ENSMUSG00000026278.15"", ""isoform_id"": ""O35425-1"", ""protein_id"": ""ENSMUSP00000027499.7"", ""transcript_id"": ""ENSMUST00000027499.13""}, {""gene_id_versioned"": ""ENSMUSG00000026278.15"", ""isoform_id"": ""O35425-1"", ""protein_id"": ""ENSMUSP00000144347.2"", ""transcript_id"": ""ENSMUST00000201863.4""}]",2026_03,0.1.0
ENSMUSG00000025036,A0A494B9V3,10090,UniProtKB unreviewed (TrEMBL),,entry_level_cross_reference_isoform_unspecified,,,"[{""gene_id_versioned"": ""ENSMUSG00000025036.8"", ""isoform_id"": """", ""protein_id"": ""ENSMUSP00000157818.2"", ""transcript_id"": ""ENSMUST00000236845.2""}]",2026_03,0.1.0
ENSMUSG00000025036,Q925N2,10090,UniProtKB reviewed (Swiss-Prot),,entry_level_cross_reference_isoform_unspecified,,,"[{""gene_id_versioned"": ""ENSMUSG00000025036.8"", ""isoform_id"": """", ""protein_id"": ""ENSMUSP00000026011.7"", ""transcript_id"": ""ENSMUST00000026011.8""}]",2026_03,0.1.0
ENSMUSG00000037725,Q3V1H1,10090,UniProtKB reviewed (Swiss-Prot),,entry_level_cross_reference_isoform_unspecified,,,"[{""gene_id_versioned"": ""ENSMUSG00000037725.9"", ""isoform_id"": """", ""protein_id"": ""ENSMUSP00000039518.8"", ""transcript_id"": ""ENSMUST00000046916.9""}]",2026_03,0.1.0
ENSMUSG00000058258,G3XA48,10090,UniProtKB unreviewed (TrEMBL),,entry_level_cross_reference_isoform_unspecified,,,"[{""gene_id_versioned"": ""ENSMUSG00000058258.16"", ""isoform_id"": """", ""protein_id"": ""ENSMUSP00000132780.3"", ""transcript_id"": ""ENSMUST00000169314.9""}]",2026_03,0.1.0
ENSMUSG00000058258,H3BLF8,10090,UniProtKB unreviewed (TrEMBL),,entry_level_cross_reference_isoform_unspecified,,,"[{""gene_id_versioned"": ""ENSMUSG00000058258.16"", ""isoform_id"": """", ""protein_id"": ""ENSMUSP00000135770.3"", ""transcript_id"": ""ENSMUST00000177400.8""}]",2026_03,0.1.0
ENSMUSG00000058258,H3BLP1,10090,UniProtKB unreviewed (TrEMBL),,entry_level_cross_reference_isoform_unspecified,,,"[{""gene_id_versioned"": ""ENSMUSG00000058258.16"", ""isoform_id"": """", ""protein_id"": ""ENSMUSP00000135349.3"", ""transcript_id"": ""ENSMUST00000177397.8""}, {""gene_id_versioned"": ""ENSMUSG00000058258.16"", ""isoform_id"": """", ""protein_id"": ""ENSMUSP00000135861.3"", ""transcript_id"": ""ENSMUST00000177447.2""}]",2026_03,0.1.0
ENSMUSG00000058258,P58044,10090,UniProtKB reviewed (Swiss-Prot),,entry_level_cross_reference_isoform_unspecified,,,"[{""gene_id_versioned"": ""ENSMUSG00000058258.16"", ""isoform_id"": """", ""protein_id"": ""ENSMUSP00000159471.1"", ""transcript_id"": ""ENSMUST00000240539.1""}]",2026_03,0.1.0
ENSMUSG00000009731,Q03719,10090,UniProtKB reviewed (Swiss-Prot),,entry_level_cross_reference_isoform_unspecified,,,"[{""gene_id_versioned"": ""ENSMUSG00000009731.5"", ""isoform_id"": """", ""protein_id"": ""ENSMUSP00000009875.5"", ""transcript_id"": ""ENSMUST00000009875.5""}]",2026_03,0.1.0
ENSMUSG00000053964,A0A087WSD9,10090,UniProtKB unreviewed (TrEMBL),,entry_level_cross_reference_isoform_unspecified,,FRAGMENT_SEQUENCE,"[{""gene_id_versioned"": ""ENSMUSG00000053964.18"", ""isoform_id"": """", ""protein_id"": ""ENSMUSP00000141005.2"", ""transcript_id"": ""ENSMUST00000151547.3""}]",2026_03,0.1.0
ENSMUSG00000053964,A0A140LHI8,10090,UniProtKB unreviewed (TrEMBL),,entry_level_cross_reference_isoform_unspecified,,,"[{""gene_id_versioned"": ""ENSMUSG00000053964.18"", ""isoform_id"": """", ""protein_id"": ""ENSMUSP00000146429.2"", ""transcript_id"": ""ENSMUST00000208971.2""}]",2026_03,0.1.0
ENSMUSG00000053964,Q8K419,10090,UniProtKB reviewed (Swiss-Prot),,entry_level_cross_reference_isoform_unspecified,,,"[{""gene_id_versioned"": ""ENSMUSG00000053964.18"", ""isoform_id"": """", ""protein_id"": ""ENSMUSP00000066461.9"", ""transcript_id"": ""ENSMUST00000066723.15""}]",2026_03,0.1.0
ENSMUSG00000022797,D3YZB9,10090,UniProtKB unreviewed (TrEMBL),,entry_level_cross_reference_isoform_unspecified,,FRAGMENT_SEQUENCE,"[{""gene_id_versioned"": ""ENSMUSG00000022797.17"", ""isoform_id"": """", ""protein_id"": ""ENSMUSP00000123423.2"", ""transcript_id"": ""ENSMUST00000124243.2""}]",2026_03,0.1.0
ENSMUSG00000022797,F7B1E2,10090,UniProtKB unreviewed (TrEMBL),,entry_level_cross_reference_isoform_unspecified,,,"[{""gene_id_versioned"": ""ENSMUSG00000022797.17"", ""isoform_id"": """", ""protein_id"": ""ENSMUSP00000113028.2"", ""transcript_id"": ""ENSMUST00000120680.2""}]",2026_03,0.1.0
ENSMUSG00000022797,Q62351,10090,UniProtKB reviewed (Swiss-Prot),,entry_level_cross_reference_isoform_unspecified,,,"[{""gene_id_versioned"": ""ENSMUSG00000022797.17"", ""isoform_id"": """", ""protein_id"": ""ENSMUSP00000023486.9"", ""transcript_id"": ""ENSMUST00000023486.15""}]",2026_03,0.1.0
ENSMUSG00000028369,A2AVA0,10090,UniProtKB reviewed (Swiss-Prot),A2AVA0-1,explicit_displayed_isoform_cross_reference,,,"[{""gene_id_versioned"": ""ENSMUSG00000028369.16"", ""isoform_id"": ""A2AVA0-1"", ""protein_id"": ""ENSMUSP00000045856.9"", ""transcript_id"": ""ENSMUST00000042850.9""}]",2026_03,0.1.0
ENSMUSG00000074457,D3Z2Y6,10090,UniProtKB unreviewed (TrEMBL),,entry_level_cross_reference_isoform_unspecified,,FRAGMENT_SEQUENCE,"[{""gene_id_versioned"": ""ENSMUSG00000074457.11"", ""isoform_id"": """", ""protein_id"": ""ENSMUSP00000119168.2"", ""transcript_id"": ""ENSMUST00000150833.8""}]",2026_03,0.1.0
ENSMUSG00000074457,Q9D708,10090,UniProtKB reviewed (Swiss-Prot),,entry_level_cross_reference_isoform_unspecified,,,"[{""gene_id_versioned"": ""ENSMUSG00000074457.11"", ""isoform_id"": """", ""protein_id"": ""ENSMUSP00000096509.3"", ""transcript_id"": ""ENSMUST00000098910.3""}, {""gene_id_versioned"": ""ENSMUSG00000074457.11"", ""isoform_id"": """", ""protein_id"": ""ENSMUSP00000096510.4"", ""transcript_id"": ""ENSMUST00000098911.10""}, {""gene_id_versioned"": ""ENSMUSG00000074457.11"", ""isoform_id"": """", ""protein_id"": ""ENSMUSP00000102954.2"", ""transcript_id"": ""ENSMUST00000107331.8""}, {""gene_id_versioned"": ""ENSMUSG00000074457.11"", ""isoform_id"": """", ""protein_id"": ""ENSMUSP00000102956.2"", ""transcript_id"": ""ENSMUST00000107333.8""}, {""gene_id_versioned"": ""ENSMUSG00000074457.11"", ""isoform_id"": """", ""protein_id"": ""ENSMUSP00000102957.2"", ""transcript_id"": ""ENSMUST00000107334.8""}, {""gene_id_versioned"": ""ENSMUSG00000074457.11"", ""isoform_id"": """", ""protein_id"": ""ENSMUSP00000102958.2"", ""transcript_id"": ""ENSMUST00000107335.2""}]",2026_03,0.1.0
ENSMUSG00000024998,Q8K4S1,10090,UniProtKB reviewed (Swiss-Prot),,entry_level_cross_reference_isoform_unspecified,,,"[{""gene_id_versioned"": ""ENSMUSG00000024998.18"", ""isoform_id"": """", ""protein_id"": ""ENSMUSP00000130604.2"", ""transcript_id"": ""ENSMUST00000169713.9""}, {""gene_id_versioned"": ""ENSMUSG00000024998.18"", ""isoform_id"": """", ""protein_id"": ""ENSMUSP00000138360.2"", ""transcript_id"": ""ENSMUST00000182481.8""}]",2026_03,0.1.0
ENSMUSG00000024998,S4R168,10090,UniProtKB unreviewed (TrEMBL),,entry_level_cross_reference_isoform_unspecified,,FRAGMENT_SEQUENCE,"[{""gene_id_versioned"": ""ENSMUSG00000024998.18"", ""isoform_id"": """", ""protein_id"": ""ENSMUSP00000138098.2"", ""transcript_id"": ""ENSMUST00000182999.2""}]",2026_03,0.1.0
ENSMUSG00000024998,S4R1Q8,10090,UniProtKB unreviewed (TrEMBL),,entry_level_cross_reference_isoform_unspecified,,,"[{""gene_id_versioned"": ""ENSMUSG00000024998.18"", ""isoform_id"": """", ""protein_id"": ""ENSMUSP00000138330.2"", ""transcript_id"": ""ENSMUST00000182267.2""}]",2026_03,0.1.0
ENSMUSG00000028459,A2AIN5,10090,UniProtKB unreviewed (TrEMBL),,entry_level_cross_reference_isoform_unspecified,,,"[{""gene_id_versioned"": ""ENSMUSG00000028459.12"", ""isoform_id"": """", ""protein_id"": ""ENSMUSP00000103558.2"", ""transcript_id"": ""ENSMUST00000107925.8""}]",2026_03,0.1.0
ENSMUSG00000028459,F6T7G4,10090,UniProtKB unreviewed (TrEMBL),,entry_level_cross_reference_isoform_unspecified,,,"[{""gene_id_versioned"": ""ENSMUSG00000028459.12"", ""isoform_id"": """", ""protein_id"": ""ENSMUSP00000030179.5"", ""transcript_id"": ""ENSMUST00000030179.11""}]",2026_03,0.1.0
ENSMUSG00000028459,F6WGI1,10090,UniProtKB unreviewed (TrEMBL),,entry_level_cross_reference_isoform_unspecified,,,"[{""gene_id_versioned"": ""ENSMUSG00000028459.12"", ""isoform_id"": """", ""protein_id"": ""ENSMUSP00000095709.4"", ""transcript_id"": ""ENSMUST00000098105.4""}]",2026_03,0.1.0
ENSMUSG00000028459,F6WGK4,10090,UniProtKB unreviewed (TrEMBL),,entry_level_cross_reference_isoform_unspecified,,,"[{""gene_id_versioned"": ""ENSMUSG00000028459.12"", ""isoform_id"": """", ""protein_id"": ""ENSMUSP00000095708.4"", ""transcript_id"": ""ENSMUST00000098104.10""}]",2026_03,0.1.0
ENSMUSG00000028459,P21855,10090,UniProtKB reviewed (Swiss-Prot),,entry_level_cross_reference_isoform_unspecified,,,"[{""gene_id_versioned"": ""ENSMUSG00000028459.12"", ""isoform_id"": """", ""protein_id"": ""ENSMUSP00000103559.2"", ""transcript_id"": ""ENSMUST00000107926.8""}]",2026_03,0.1.0
ENSMUSG00000090958,A0A5H1ZRN3,10090,UniProtKB unreviewed (TrEMBL),,entry_level_cross_reference_isoform_unspecified,,FRAGMENT_SEQUENCE,"[{""gene_id_versioned"": ""ENSMUSG00000090958.3"", ""isoform_id"": """", ""protein_id"": ""ENSMUSP00000146299.2"", ""transcript_id"": ""ENSMUST00000205937.2""}]",2026_03,0.1.0
ENSMUSG00000090958,G3XA59,10090,UniProtKB reviewed (Swiss-Prot),,entry_level_cross_reference_isoform_unspecified,,,"[{""gene_id_versioned"": ""ENSMUSG00000090958.3"", ""isoform_id"": """", ""protein_id"": ""ENSMUSP00000133205.2"", ""transcript_id"": ""ENSMUST00000165205.2""}, {""gene_id_versioned"": ""ENSMUSG00000090958.3"", ""isoform_id"": """", ""protein_id"": ""ENSMUSP00000145859.2"", ""transcript_id"": ""ENSMUST00000205956.2""}]",2026_03,0.1.0
ENSMUSG00000003617,E9PZD8,10090,UniProtKB unreviewed (TrEMBL),,entry_level_cross_reference_isoform_unspecified,,,"[{""gene_id_versioned"": ""ENSMUSG00000003617.17"", ""isoform_id"": """", ""protein_id"": ""ENSMUSP00000103965.2"", ""transcript_id"": ""ENSMUST00000108329.8""}]",2026_03,0.1.0
ENSMUSG00000003617,G3UWP5,10090,UniProtKB unreviewed (TrEMBL),,entry_level_cross_reference_isoform_unspecified,,AMBIGUOUS_OR_INVALID_SEQUENCE,"[{""gene_id_versioned"": ""ENSMUSG00000003617.17"", ""isoform_id"": """", ""protein_id"": ""ENSMUSP00000133374.2"", ""transcript_id"": ""ENSMUST00000172860.2""}]",2026_03,0.1.0
ENSMUSG00000003617,G3UXD2,10090,UniProtKB unreviewed (TrEMBL),,entry_level_cross_reference_isoform_unspecified,,FRAGMENT_SEQUENCE,"[{""gene_id_versioned"": ""ENSMUSG00000003617.17"", ""isoform_id"": """", ""protein_id"": ""ENSMUSP00000133643.2"", ""transcript_id"": ""ENSMUST00000173779.2""}]",2026_03,0.1.0
ENSMUSG00000003617,G3UXG1,10090,UniProtKB unreviewed (TrEMBL),,entry_level_cross_reference_isoform_unspecified,,FRAGMENT_SEQUENCE,"[{""gene_id_versioned"": ""ENSMUSG00000003617.17"", ""isoform_id"": """", ""protein_id"": ""ENSMUSP00000133676.2"", ""transcript_id"": ""ENSMUST00000173848.2""}]",2026_03,0.1.0
ENSMUSG00000003617,G3UZ53,10090,UniProtKB unreviewed (TrEMBL),,entry_level_cross_reference_isoform_unspecified,,AMBIGUOUS_OR_INVALID_SEQUENCE,"[{""gene_id_versioned"": ""ENSMUSG00000003617.17"", ""isoform_id"": """", ""protein_id"": ""ENSMUSP00000134347.2"", ""transcript_id"": ""ENSMUST00000172605.2""}]",2026_03,0.1.0
ENSMUSG00000003617,G3X8Q5,10090,UniProtKB unreviewed (TrEMBL),,entry_level_cross_reference_isoform_unspecified,,,"[{""gene_id_versioned"": ""ENSMUSG00000003617.17"", ""isoform_id"": """", ""protein_id"": ""ENSMUSP00000003714.7"", ""transcript_id"": ""ENSMUST00000003714.13""}, {""gene_id_versioned"": ""ENSMUSG00000003617.17"", ""isoform_id"": """", ""protein_id"": ""ENSMUSP00000103964.2"", ""transcript_id"": ""ENSMUST00000108328.8""}]",2026_03,0.1.0
ENSMUSG00000003617,G3X9T8,10090,UniProtKB unreviewed (TrEMBL),,entry_level_cross_reference_isoform_unspecified,,,"[{""gene_id_versioned"": ""ENSMUSG00000003617.17"", ""isoform_id"": """", ""protein_id"": ""ENSMUSP00000103961.3"", ""transcript_id"": ""ENSMUST00000108325.9""}]",2026_03,0.1.0
ENSMUSG00000003617,Q61147,10090,UniProtKB reviewed (Swiss-Prot),,entry_level_cross_reference_isoform_unspecified,,,"[{""gene_id_versioned"": ""ENSMUSG00000003617.17"", ""isoform_id"": """", ""protein_id"": ""ENSMUSP00000088857.6"", ""transcript_id"": ""ENSMUST00000091309.12""}]",2026_03,0.1.0
ENSMUSG00000031431,B1AVF2,10090,UniProtKB unreviewed (TrEMBL),,entry_level_cross_reference_isoform_unspecified,,,"[{""gene_id_versioned"": ""ENSMUSG00000031431.14"", ""isoform_id"": """", ""protein_id"": ""ENSMUSP00000123569.2"", ""transcript_id"": ""ENSMUST00000123898.2""}]",2026_03,0.1.0
ENSMUSG00000031431,Q9Z2S7,10090,UniProtKB reviewed (Swiss-Prot),Q9Z2S7-1,explicit_displayed_isoform_cross_reference,,,"[{""gene_id_versioned"": ""ENSMUSG00000031431.14"", ""isoform_id"": ""Q9Z2S7-1"", ""protein_id"": ""ENSMUSP00000062589.5"", ""transcript_id"": ""ENSMUST00000055738.12""}, {""gene_id_versioned"": ""ENSMUSG00000031431.14"", ""isoform_id"": ""Q9Z2S7-3"", ""protein_id"": ""ENSMUSP00000108620.3"", ""transcript_id"": ""ENSMUST00000112996.9""}]",2026_03,0.1.0
ENSMUSG00000023046,P47880,10090,UniProtKB reviewed (Swiss-Prot),,entry_level_cross_reference_isoform_unspecified,,,"[{""gene_id_versioned"": ""ENSMUSG00000023046.7"", ""isoform_id"": """", ""protein_id"": ""ENSMUSP00000023807.7"", ""transcript_id"": ""ENSMUST00000023807.7""}]",2026_03,0.1.0
ENSMUSG00000045094,A0A494BAB2,10090,UniProtKB unreviewed (TrEMBL),,entry_level_cross_reference_isoform_unspecified,,FRAGMENT_SEQUENCE,"[{""gene_id_versioned"": ""ENSMUSG00000045094.9"", ""isoform_id"": """", ""protein_id"": ""ENSMUSP00000157956.2"", ""transcript_id"": ""ENSMUST00000237557.2""}]",2026_03,0.1.0
ENSMUSG00000045094,A1IGU4,10090,UniProtKB reviewed (Swiss-Prot),,,ONLY_NONCANONICAL_OR_UNRESOLVED_ISOFORM_XREF,,"[{""gene_id_versioned"": ""ENSMUSG00000045094.9"", ""isoform_id"": ""A1IGU4-2"", ""protein_id"": ""ENSMUSP00000157463.2"", ""transcript_id"": ""ENSMUST00000236608.2""}]",2026_03,0.1.0
ENSMUSG00000045094,E9Q5R6,10090,UniProtKB unreviewed (TrEMBL),,entry_level_cross_reference_isoform_unspecified,,,"[{""gene_id_versioned"": ""ENSMUSG00000045094.9"", ""isoform_id"": """", ""protein_id"": ""ENSMUSP00000130560.2"", ""transcript_id"": ""ENSMUST00000171629.3""}]",2026_03,0.1.0
ENSMUSG00000048402,A0A1B0GXK7,10090,UniProtKB unreviewed (TrEMBL),,entry_level_cross_reference_isoform_unspecified,,FRAGMENT_SEQUENCE,"[{""gene_id_versioned"": ""ENSMUSG00000048402.15"", ""isoform_id"": """", ""protein_id"": ""ENSMUSP00000124132.2"", ""transcript_id"": ""ENSMUST00000161451.8""}]",2026_03,0.1.0
ENSMUSG00000048402,F6UHB4,10090,UniProtKB unreviewed (TrEMBL),,entry_level_cross_reference_isoform_unspecified,,,"[{""gene_id_versioned"": ""ENSMUSG00000048402.15"", ""isoform_id"": """", ""protein_id"": ""ENSMUSP00000124768.2"", ""transcript_id"": ""ENSMUST00000161056.8""}]",2026_03,0.1.0
ENSMUSG00000048402,F6UUE3,10090,UniProtKB unreviewed (TrEMBL),,entry_level_cross_reference_isoform_unspecified,,FRAGMENT_SEQUENCE,"[{""gene_id_versioned"": ""ENSMUSG00000048402.15"", ""isoform_id"": """", ""protein_id"": ""ENSMUSP00000123808.3"", ""transcript_id"": ""ENSMUST00000162607.2""}]",2026_03,0.1.0
ENSMUSG00000048402,F7B6M4,10090,UniProtKB unreviewed (TrEMBL),,entry_level_cross_reference_isoform_unspecified,,,"[{""gene_id_versioned"": ""ENSMUSG00000048402.15"", ""isoform_id"": """", ""protein_id"": ""ENSMUSP00000125661.2"", ""transcript_id"": ""ENSMUST00000159839.8""}, {""gene_id_versioned"": ""ENSMUSG00000048402.15"", ""isoform_id"": """", ""protein_id"": ""ENSMUSP00000125059.2"", ""transcript_id"": ""ENSMUST00000162552.8""}]",2026_03,0.1.0
ENSMUSG00000048402,F7B756,10090,UniProtKB unreviewed (TrEMBL),,entry_level_cross_reference_isoform_unspecified,,,"[{""gene_id_versioned"": ""ENSMUSG00000048402.15"", ""isoform_id"": """", ""protein_id"": ""ENSMUSP00000125634.2"", ""transcript_id"": ""ENSMUST00000160991.8""}]",2026_03,0.1.0
ENSMUSG00000048402,F7CC69,10090,UniProtKB unreviewed (TrEMBL),,entry_level_cross_reference_isoform_unspecified,,FRAGMENT_SEQUENCE,"[{""gene_id_versioned"": ""ENSMUSG00000048402.15"", ""isoform_id"": """", ""protein_id"": ""ENSMUSP00000125342.2"", ""transcript_id"": ""ENSMUST00000161301.8""}]",2026_03,0.1.0
ENSMUSG00000048402,Q0VGT2,10090,UniProtKB reviewed (Swiss-Prot),,entry_level_cross_reference_isoform_unspecified,,,"[{""gene_id_versioned"": ""ENSMUSG00000048402.15"", ""isoform_id"": """", ""protein_id"": ""ENSMUSP00000054837.9"", ""transcript_id"": ""ENSMUST00000062483.15""}]",2026_03,0.1.0
ENSMUSG00000002910,A0A1D5RLK5,10090,UniProtKB unreviewed (TrEMBL),,entry_level_cross_reference_isoform_unspecified,,FRAGMENT_SEQUENCE,"[{""gene_id_versioned"": ""ENSMUSG00000002910.12"", ""isoform_id"": """", ""protein_id"": ""ENSMUSP00000148405.2"", ""transcript_id"": ""ENSMUST00000212405.2""}]",2026_03,0.1.0
ENSMUSG00000002910,Q9D668,10090,UniProtKB reviewed (Swiss-Prot),,entry_level_cross_reference_isoform_unspecified,,,"[{""gene_id_versioned"": ""ENSMUSG00000002910.12"", ""isoform_id"": """", ""protein_id"": ""ENSMUSP00000002989.10"", ""transcript_id"": ""ENSMUST00000002989.11""}]",2026_03,0.1.0
ENSMUSG00000047786,A0A338P716,10090,UniProtKB unreviewed (TrEMBL),,entry_level_cross_reference_isoform_unspecified,,,"[{""gene_id_versioned"": ""ENSMUSG00000047786.13"", ""isoform_id"": """", ""protein_id"": ""ENSMUSP00000156223.2"", ""transcript_id"": ""ENSMUST00000140134.2""}]",2026_03,0.1.0
ENSMUSG00000047786,Q6P566,10090,UniProtKB reviewed (Swiss-Prot),,entry_level_cross_reference_isoform_unspecified,,,"[{""gene_id_versioned"": ""ENSMUSG00000047786.13"", ""isoform_id"": """", ""protein_id"": ""ENSMUSP00000111239.3"", ""transcript_id"": ""ENSMUST00000115576.3""}]",2026_03,0.1.0
ENSMUSG00000025893,Q8BHI4,10090,UniProtKB reviewed (Swiss-Prot),,entry_level_cross_reference_isoform_unspecified,,,"[{""gene_id_versioned"": ""ENSMUSG00000025893.9"", ""isoform_id"": """", ""protein_id"": ""ENSMUSP00000050183.8"", ""transcript_id"": ""ENSMUST00000049648.9""}, {""gene_id_versioned"": ""ENSMUSG00000025893.9"", ""isoform_id"": """", ""protein_id"": ""ENSMUSP00000148445.2"", ""transcript_id"": ""ENSMUST00000212221.2""}]",2026_03,0.1.0
ENSMUSG00000090302,E9Q079,10090,UniProtKB unreviewed (TrEMBL),,entry_level_cross_reference_isoform_unspecified,,,"[{""gene_id_versioned"": ""ENSMUSG00000090302.2"", ""isoform_id"": """", ""protein_id"": ""ENSMUSP00000132464.2"", ""transcript_id"": ""ENSMUST00000169154.2""}]",2026_03,0.1.0
ENSMUSG00000041515,E0CZE4,10090,UniProtKB unreviewed (TrEMBL),,entry_level_cross_reference_isoform_unspecified,,FRAGMENT_SEQUENCE,"[{""gene_id_versioned"": ""ENSMUSG00000041515.11"", ""isoform_id"": """", ""protein_id"": ""ENSMUSP00000125443.2"", ""transcript_id"": ""ENSMUST00000162658.8""}]",2026_03,0.1.0
ENSMUSG00000041515,F7C1A3,10090,UniProtKB unreviewed (TrEMBL),,entry_level_cross_reference_isoform_unspecified,,,"[{""gene_id_versioned"": ""ENSMUSG00000041515.11"", ""isoform_id"": """", ""protein_id"": ""ENSMUSP00000125447.3"", ""transcript_id"": ""ENSMUST00000160943.3""}]",2026_03,0.1.0
ENSMUSG00000041515,P23611,10090,UniProtKB reviewed (Swiss-Prot),,entry_level_cross_reference_isoform_unspecified,,,"[{""gene_id_versioned"": ""ENSMUSG00000041515.11"", ""isoform_id"": """", ""protein_id"": ""ENSMUSP00000040245.4"", ""transcript_id"": ""ENSMUST00000047737.10""}, {""gene_id_versioned"": ""ENSMUSG00000041515.11"", ""isoform_id"": """", ""protein_id"": ""ENSMUSP00000125029.2"", ""transcript_id"": ""ENSMUST00000162001.8""}]",2026_03,0.1.0
ENSMUSG00000002458,B7ZCS8,10090,UniProtKB unreviewed (TrEMBL),,entry_level_cross_reference_isoform_unspecified,,,"[{""gene_id_versioned"": ""ENSMUSG00000002458.14"", ""isoform_id"": """", ""protein_id"": ""ENSMUSP00000104409.2"", ""transcript_id"": ""ENSMUST00000108779.8""}]",2026_03,0.1.0
ENSMUSG00000002458,B7ZCT0,10090,UniProtKB unreviewed (TrEMBL),,entry_level_cross_reference_isoform_unspecified,,,"[{""gene_id_versioned"": ""ENSMUSG00000002458.14"", ""isoform_id"": """", ""protein_id"": ""ENSMUSP00000104400.2"", ""transcript_id"": ""ENSMUST00000108769.8""}]",2026_03,0.1.0
ENSMUSG00000002458,B7ZCT1,10090,UniProtKB unreviewed (TrEMBL),,entry_level_cross_reference_isoform_unspecified,,,"[{""gene_id_versioned"": ""ENSMUSG00000002458.14"", ""isoform_id"": """", ""protein_id"": ""ENSMUSP00000104408.2"", ""transcript_id"": ""ENSMUST00000108778.8""}]",2026_03,0.1.0
ENSMUSG00000002458,F6WK59,10090,UniProtKB unreviewed (TrEMBL),,entry_level_cross_reference_isoform_unspecified,,AMBIGUOUS_OR_INVALID_SEQUENCE,"[{""gene_id_versioned"": ""ENSMUSG00000002458.14"", ""isoform_id"": """", ""protein_id"": ""ENSMUSP00000120723.2"", ""transcript_id"": ""ENSMUST00000144476.2""}]",2026_03,0.1.0
ENSMUSG00000002458,Q8BFU4,10090,UniProtKB unreviewed (TrEMBL),,entry_level_cross_reference_isoform_unspecified,,,"[{""gene_id_versioned"": ""ENSMUSG00000002458.14"", ""isoform_id"": """", ""protein_id"": ""ENSMUSP00000104402.2"", ""transcript_id"": ""ENSMUST00000108771.2""}, {""gene_id_versioned"": ""ENSMUSG00000002458.14"", ""isoform_id"": """", ""protein_id"": ""ENSMUSP00000104403.2"", ""transcript_id"": ""ENSMUST00000108772.8""}]",2026_03,0.1.0
ENSMUSG00000002458,Q9CX84,10090,UniProtKB reviewed (Swiss-Prot),,entry_level_cross_reference_isoform_unspecified,,,"[{""gene_id_versioned"": ""ENSMUSG00000002458.14"", ""isoform_id"": """", ""protein_id"": ""ENSMUSP00000002532.3"", ""transcript_id"": ""ENSMUST00000002532.9""}, {""gene_id_versioned"": ""ENSMUSG00000002458.14"", ""isoform_id"": """", ""protein_id"": ""ENSMUSP00000104406.2"", ""transcript_id"": ""ENSMUST00000108776.8""}, {""gene_id_versioned"": ""ENSMUSG00000002458.14"", ""isoform_id"": """", ""protein_id"": ""ENSMUSP00000129026.2"", ""transcript_id"": ""ENSMUST00000165416.8""}]",2026_03,0.1.0
ENSMUSG00000033966,Q3TZA2,10090,UniProtKB reviewed (Swiss-Prot),,entry_level_cross_reference_isoform_unspecified,,,"[{""gene_id_versioned"": ""ENSMUSG00000033966.9"", ""isoform_id"": """", ""protein_id"": ""ENSMUSP00000083732.5"", ""transcript_id"": ""ENSMUST00000086545.5""}, {""gene_id_versioned"": ""ENSMUSG00000033966.9"", ""isoform_id"": """", ""protein_id"": ""ENSMUSP00000157316.2"", ""transcript_id"": ""ENSMUST00000234349.2""}, {""gene_id_versioned"": ""ENSMUSG00000033966.9"", ""isoform_id"": """", ""protein_id"": ""ENSMUSP00000157063.2"", ""transcript_id"": ""ENSMUST00000234602.2""}]",2026_03,0.1.0
ENSMUSG00000001089,E9Q9L3,10090,UniProtKB unreviewed (TrEMBL),,entry_level_cross_reference_isoform_unspecified,,FRAGMENT_SEQUENCE,"[{""gene_id_versioned"": ""ENSMUSG00000001089.15"", ""isoform_id"": """", ""protein_id"": ""ENSMUSP00000128591.2"", ""transcript_id"": ""ENSMUST00000129230.3""}]",2026_03,0.1.0
ENSMUSG00000001089,F6XG76,10090,UniProtKB unreviewed (TrEMBL),,entry_level_cross_reference_isoform_unspecified,,FRAGMENT_SEQUENCE,"[{""gene_id_versioned"": ""ENSMUSG00000001089.15"", ""isoform_id"": """", ""protein_id"": ""ENSMUSP00000132089.2"", ""transcript_id"": ""ENSMUST00000168936.2""}]",2026_03,0.1.0
ENSMUSG00000001089,Q8R4U7,10090,UniProtKB reviewed (Swiss-Prot),,entry_level_cross_reference_isoform_unspecified,,,"[{""gene_id_versioned"": ""ENSMUSG00000001089.15"", ""isoform_id"": """", ""protein_id"": ""ENSMUSP00000001116.5"", ""transcript_id"": ""ENSMUST00000001116.5""}, {""gene_id_versioned"": ""ENSMUSG00000001089.15"", ""isoform_id"": """", ""protein_id"": ""ENSMUSP00000060619.7"", ""transcript_id"": ""ENSMUST00000063021.7""}, {""gene_id_versioned"": ""ENSMUSG00000001089.15"", ""isoform_id"": """", ""protein_id"": ""ENSMUSP00000101475.3"", ""transcript_id"": ""ENSMUST00000105849.9""}, {""gene_id_versioned"": ""ENSMUSG00000001089.15"", ""isoform_id"": """", ""protein_id"": ""ENSMUSP00000130758.2"", ""transcript_id"": ""ENSMUST00000170102.8""}]",2026_03,0.1.0
ENSMUSG00000020422,A0A5F8MP98,10090,UniProtKB unreviewed (TrEMBL),,entry_level_cross_reference_isoform_unspecified,,,"[{""gene_id_versioned"": ""ENSMUSG00000020422.15"", ""isoform_id"": """", ""protein_id"": ""ENSMUSP00000158873.2"", ""transcript_id"": ""ENSMUST00000239091.2""}]",2026_03,0.1.0
ENSMUSG00000020422,A0A5F8MPF2,10090,UniProtKB unreviewed (TrEMBL),,entry_level_cross_reference_isoform_unspecified,,,"[{""gene_id_versioned"": ""ENSMUSG00000020422.15"", ""isoform_id"": """", ""protein_id"": ""ENSMUSP00000158940.2"", ""transcript_id"": ""ENSMUST00000239111.2""}]",2026_03,0.1.0
ENSMUSG00000020422,Q5SSZ5,10090,UniProtKB reviewed (Swiss-Prot),Q5SSZ5-1,explicit_displayed_isoform_cross_reference,,,"[{""gene_id_versioned"": ""ENSMUSG00000020422.15"", ""isoform_id"": ""Q5SSZ5-1"", ""protein_id"": ""ENSMUSP00000020695.7"", ""transcript_id"": ""ENSMUST00000020695.13""}]",2026_03,0.1.0
ENSMUSG00000031349,Q9R1J0,10090,UniProtKB reviewed (Swiss-Prot),,entry_level_cross_reference_isoform_unspecified,,,"[{""gene_id_versioned"": ""ENSMUSG00000031349.5"", ""isoform_id"": """", ""protein_id"": ""ENSMUSP00000033715.5"", ""transcript_id"": ""ENSMUST00000033715.5""}]",2026_03,0.1.0
ENSMUSG00000021846,A0A2I3BQT4,10090,UniProtKB unreviewed (TrEMBL),,entry_level_cross_reference_isoform_unspecified,,,"[{""gene_id_versioned"": ""ENSMUSG00000021846.11"", ""isoform_id"": """", ""protein_id"": ""ENSMUSP00000154335.2"", ""transcript_id"": ""ENSMUST00000226513.2""}]",2026_03,0.1.0
ENSMUSG00000021846,A0A2I3BRM2,10090,UniProtKB unreviewed (TrEMBL),,entry_level_cross_reference_isoform_unspecified,,,"[{""gene_id_versioned"": ""ENSMUSG00000021846.11"", ""isoform_id"": """", ""protein_id"": ""ENSMUSP00000154648.2"", ""transcript_id"": ""ENSMUST00000226828.2""}]",2026_03,0.1.0
ENSMUSG00000021846,A0A2I3BRM8,10090,UniProtKB unreviewed (TrEMBL),,entry_level_cross_reference_isoform_unspecified,,FRAGMENT_SEQUENCE,"[{""gene_id_versioned"": ""ENSMUSG00000021846.11"", ""isoform_id"": """", ""protein_id"": ""ENSMUSP00000154661.2"", ""transcript_id"": ""ENSMUST00000227362.2""}]",2026_03,0.1.0
ENSMUSG00000021846,A0A991EKZ6,10090,UniProtKB unreviewed (TrEMBL),,entry_level_cross_reference_isoform_unspecified,,,"[{""gene_id_versioned"": ""ENSMUSG00000021846.11"", ""isoform_id"": """", ""protein_id"": ""ENSMUSP00000159539.1"", ""transcript_id"": ""ENSMUST00000247875.1""}]",2026_03,0.1.0
ENSMUSG00000021846,E9QPQ6,10090,UniProtKB unreviewed (TrEMBL),,entry_level_cross_reference_isoform_unspecified,,,"[{""gene_id_versioned"": ""ENSMUSG00000021846.11"", ""isoform_id"": """", ""protein_id"": ""ENSMUSP00000072894.5"", ""transcript_id"": ""ENSMUST00000073150.6""}]",2026_03,0.1.0
ENSMUSG00000030310,A0A0N4SVF5,10090,UniProtKB unreviewed (TrEMBL),,entry_level_cross_reference_isoform_unspecified,,,"[{""gene_id_versioned"": ""ENSMUSG00000030310.12"", ""isoform_id"": """", ""protein_id"": ""ENSMUSP00000145080.2"", ""transcript_id"": ""ENSMUST00000204074.2""}]",2026_03,0.1.0
ENSMUSG00000030310,A0A991EPK0,10090,UniProtKB unreviewed (TrEMBL),,entry_level_cross_reference_isoform_unspecified,,,"[{""gene_id_versioned"": ""ENSMUSG00000030310.12"", ""isoform_id"": """", ""protein_id"": ""ENSMUSP00000159538.1"", ""transcript_id"": ""ENSMUST00000247868.1""}]",2026_03,0.1.0
ENSMUSG00000030310,P31648,10090,UniProtKB reviewed (Swiss-Prot),,entry_level_cross_reference_isoform_unspecified,,,"[{""gene_id_versioned"": ""ENSMUSG00000030310.12"", ""isoform_id"": """", ""protein_id"": ""ENSMUSP00000032454.6"", ""transcript_id"": ""ENSMUST00000032454.8""}]",2026_03,0.1.0
ENSMUSG00000037656,A0A1B0GR62,10090,UniProtKB unreviewed (TrEMBL),,entry_level_cross_reference_isoform_unspecified,,FRAGMENT_SEQUENCE,"[{""gene_id_versioned"": ""ENSMUSG00000037656.10"", ""isoform_id"": """", ""protein_id"": ""ENSMUSP00000147392.2"", ""transcript_id"": ""ENSMUST00000209305.2""}]",2026_03,0.1.0
ENSMUSG00000037656,A0A1B0GRL3,10090,UniProtKB unreviewed (TrEMBL),,entry_level_cross_reference_isoform_unspecified,,FRAGMENT_SEQUENCE,"[{""gene_id_versioned"": ""ENSMUSG00000037656.10"", ""isoform_id"": """", ""protein_id"": ""ENSMUSP00000147570.2"", ""transcript_id"": ""ENSMUST00000210854.2""}]",2026_03,0.1.0
ENSMUSG00000037656,Q80UP8,10090,UniProtKB reviewed (Swiss-Prot),,entry_level_cross_reference_isoform_unspecified,,,"[{""gene_id_versioned"": ""ENSMUSG00000037656.10"", ""isoform_id"": """", ""protein_id"": ""ENSMUSP00000065935.8"", ""transcript_id"": ""ENSMUST00000067786.9""}]",2026_03,0.1.0
ENSMUSG00000017897,O08575,10090,UniProtKB reviewed (Swiss-Prot),O08575-1,explicit_displayed_isoform_cross_reference,,,"[{""gene_id_versioned"": ""ENSMUSG00000017897.19"", ""isoform_id"": ""O08575-1"", ""protein_id"": ""ENSMUSP00000066244.8"", ""transcript_id"": ""ENSMUST00000063433.8""}, {""gene_id_versioned"": ""ENSMUSG00000017897.19"", ""isoform_id"": ""O08575-1"", ""protein_id"": ""ENSMUSP00000085455.7"", ""transcript_id"": ""ENSMUST00000088132.13""}]",2026_03,0.1.0
ENSMUSG00000032725,A0A1B0GQW7,10090,UniProtKB unreviewed (TrEMBL),,entry_level_cross_reference_isoform_unspecified,,FRAGMENT_SEQUENCE,"[{""gene_id_versioned"": ""ENSMUSG00000032725.11"", ""isoform_id"": """", ""protein_id"": ""ENSMUSP00000147283.2"", ""transcript_id"": ""ENSMUST00000211566.2""}]",2026_03,0.1.0
ENSMUSG00000032725,A0A1B0GSV4,10090,UniProtKB unreviewed (TrEMBL),,entry_level_cross_reference_isoform_unspecified,,FRAGMENT_SEQUENCE,"[{""gene_id_versioned"": ""ENSMUSG00000032725.11"", ""isoform_id"": """", ""protein_id"": ""ENSMUSP00000148085.2"", ""transcript_id"": ""ENSMUST00000209329.2""}]",2026_03,0.1.0
ENSMUSG00000032725,Q05685,10090,UniProtKB reviewed (Swiss-Prot),,entry_level_cross_reference_isoform_unspecified,,,"[{""gene_id_versioned"": ""ENSMUSG00000032725.11"", ""isoform_id"": """", ""protein_id"": ""ENSMUSP00000091692.6"", ""transcript_id"": ""ENSMUST00000094141.7""}, {""gene_id_versioned"": ""ENSMUSG00000032725.11"", ""isoform_id"": """", ""protein_id"": ""ENSMUSP00000147920.2"", ""transcript_id"": ""ENSMUST00000210598.2""}]",2026_03,0.1.0
ENSMUSG00000024799,A0A494BBJ1,10090,UniProtKB unreviewed (TrEMBL),,entry_level_cross_reference_isoform_unspecified,,,"[{""gene_id_versioned"": ""ENSMUSG00000024799.17"", ""isoform_id"": """", ""protein_id"": ""ENSMUSP00000158473.2"", ""transcript_id"": ""ENSMUST00000160417.8""}]",2026_03,0.1.0
ENSMUSG00000024799,E0CX74,10090,UniProtKB unreviewed (TrEMBL),,entry_level_cross_reference_isoform_unspecified,,,"[{""gene_id_versioned"": ""ENSMUSG00000024799.17"", ""isoform_id"": """", ""protein_id"": ""ENSMUSP00000124868.2"", ""transcript_id"": ""ENSMUST00000159084.8""}]",2026_03,0.1.0
ENSMUSG00000024799,E0CX82,10090,UniProtKB unreviewed (TrEMBL),,entry_level_cross_reference_isoform_unspecified,,FRAGMENT_SEQUENCE,"[{""gene_id_versioned"": ""ENSMUSG00000024799.17"", ""isoform_id"": """", ""protein_id"": ""ENSMUSP00000124847.2"", ""transcript_id"": ""ENSMUST00000160028.2""}]",2026_03,0.1.0
ENSMUSG00000024799,E0CX92,10090,UniProtKB unreviewed (TrEMBL),,entry_level_cross_reference_isoform_unspecified,,FRAGMENT_SEQUENCE,"[{""gene_id_versioned"": ""ENSMUSG00000024799.17"", ""isoform_id"": """", ""protein_id"": ""ENSMUSP00000124825.2"", ""transcript_id"": ""ENSMUST00000162810.8""}]",2026_03,0.1.0
ENSMUSG00000024799,E0CYD6,10090,UniProtKB unreviewed (TrEMBL),,entry_level_cross_reference_isoform_unspecified,,FRAGMENT_SEQUENCE,"[{""gene_id_versioned"": ""ENSMUSG00000024799.17"", ""isoform_id"": """", ""protein_id"": ""ENSMUSP00000124283.2"", ""transcript_id"": ""ENSMUST00000161718.8""}]",2026_03,0.1.0
ENSMUSG00000024799,E0CZ93,10090,UniProtKB unreviewed (TrEMBL),,entry_level_cross_reference_isoform_unspecified,,FRAGMENT_SEQUENCE,"[{""gene_id_versioned"": ""ENSMUSG00000024799.17"", ""isoform_id"": """", ""protein_id"": ""ENSMUSP00000125586.2"", ""transcript_id"": ""ENSMUST00000162575.8""}]",2026_03,0.1.0
ENSMUSG00000024799,E0CZB2,10090,UniProtKB unreviewed (TrEMBL),,entry_level_cross_reference_isoform_unspecified,,,"[{""gene_id_versioned"": ""ENSMUSG00000024799.17"", ""isoform_id"": """", ""protein_id"": ""ENSMUSP00000125543.2"", ""transcript_id"": ""ENSMUST00000161090.8""}]",2026_03,0.1.0
ENSMUSG00000024799,E9Q4M8,10090,UniProtKB unreviewed (TrEMBL),,entry_level_cross_reference_isoform_unspecified,,,"[{""gene_id_versioned"": ""ENSMUSG00000024799.17"", ""isoform_id"": """", ""protein_id"": ""ENSMUSP00000109171.3"", ""transcript_id"": ""ENSMUST00000113543.9""}]",2026_03,0.1.0
ENSMUSG00000024799,F6XXB2,10090,UniProtKB unreviewed (TrEMBL),,entry_level_cross_reference_isoform_unspecified,,,"[{""gene_id_versioned"": ""ENSMUSG00000024799.17"", ""isoform_id"": """", ""protein_id"": ""ENSMUSP00000123989.2"", ""transcript_id"": ""ENSMUST00000161528.2""}]",2026_03,0.1.0
ENSMUSG00000024799,Q71KT5,10090,UniProtKB reviewed (Swiss-Prot),,entry_level_cross_reference_isoform_unspecified,,,"[{""gene_id_versioned"": ""ENSMUSG00000024799.17"", ""isoform_id"": """", ""protein_id"": ""ENSMUSP00000025713.6"", ""transcript_id"": ""ENSMUST00000025713.12""}]",2026_03,0.1.0
ENSMUSG00000045136,Q9CWF2,10090,UniProtKB reviewed (Swiss-Prot),,entry_level_cross_reference_isoform_unspecified,,,"[{""gene_id_versioned"": ""ENSMUSG00000045136.7"", ""isoform_id"": """", ""protein_id"": ""ENSMUSP00000075178.4"", ""transcript_id"": ""ENSMUST00000075774.5""}]",2026_03,0.1.0
ENSMUSG00000066441,E0CYX0,10090,UniProtKB unreviewed (TrEMBL),,entry_level_cross_reference_isoform_unspecified,,,"[{""gene_id_versioned"": ""ENSMUSG00000066441.15"", ""isoform_id"": """", ""protein_id"": ""ENSMUSP00000123829.2"", ""transcript_id"": ""ENSMUST00000159500.2""}]",2026_03,0.1.0
ENSMUSG00000066441,F8WJB3,10090,UniProtKB unreviewed (TrEMBL),,entry_level_cross_reference_isoform_unspecified,,,"[{""gene_id_versioned"": ""ENSMUSG00000066441.15"", ""isoform_id"": """", ""protein_id"": ""ENSMUSP00000082352.7"", ""transcript_id"": ""ENSMUST00000085254.7""}]",2026_03,0.1.0
ENSMUSG00000066441,Q9QYF1,10090,UniProtKB reviewed (Swiss-Prot),Q9QYF1-1,entry_level_cross_reference_isoform_unspecified,,,"[{""gene_id_versioned"": ""ENSMUSG00000066441.15"", ""isoform_id"": """", ""protein_id"": ""ENSMUSP00000124066.2"", ""transcript_id"": ""ENSMUST00000161204.8""}]",2026_03,0.1.0
ENSMUSG00000036067,A2AR27,10090,UniProtKB unreviewed (TrEMBL),,entry_level_cross_reference_isoform_unspecified,,FRAGMENT_SEQUENCE,"[{""gene_id_versioned"": ""ENSMUSG00000036067.13"", ""isoform_id"": """", ""protein_id"": ""ENSMUSP00000122054.2"", ""transcript_id"": ""ENSMUST00000153388.2""}]",2026_03,0.1.0
ENSMUSG00000036067,Q3UDF0,10090,UniProtKB reviewed (Swiss-Prot),Q3UDF0-1,explicit_displayed_isoform_cross_reference,,,"[{""gene_id_versioned"": ""ENSMUSG00000036067.13"", ""isoform_id"": ""Q3UDF0-1"", ""protein_id"": ""ENSMUSP00000049103.6"", ""transcript_id"": ""ENSMUST00000045702.6""}, {""gene_id_versioned"": ""ENSMUSG00000036067.13"", ""isoform_id"": ""Q3UDF0-2"", ""protein_id"": ""ENSMUSP00000099954.5"", ""transcript_id"": ""ENSMUST00000102890.11""}]",2026_03,0.1.0
ENSMUSG00000022529,A0A8V5J2J4,10090,UniProtKB unreviewed (TrEMBL),,entry_level_cross_reference_isoform_unspecified,,,"[{""gene_id_versioned"": ""ENSMUSG00000022529.12"", ""isoform_id"": """", ""protein_id"": ""ENSMUSP00000124433.2"", ""transcript_id"": ""ENSMUST00000162207.2""}]",2026_03,0.1.0
ENSMUSG00000022529,E0CZ03,10090,UniProtKB unreviewed (TrEMBL),,entry_level_cross_reference_isoform_unspecified,,,"[{""gene_id_versioned"": ""ENSMUSG00000022529.12"", ""isoform_id"": """", ""protein_id"": ""ENSMUSP00000123725.2"", ""transcript_id"": ""ENSMUST00000161630.8""}]",2026_03,0.1.0
ENSMUSG00000022529,Q8CF60,10090,UniProtKB reviewed (Swiss-Prot),,entry_level_cross_reference_isoform_unspecified,,,"[{""gene_id_versioned"": ""ENSMUSG00000022529.12"", ""isoform_id"": """", ""protein_id"": ""ENSMUSP00000023176.5"", ""transcript_id"": ""ENSMUST00000023176.5""}]",2026_03,0.1.0
ENSMUSG00000053063,A0A0R4J0T2,10090,UniProtKB unreviewed (TrEMBL),,entry_level_cross_reference_isoform_unspecified,,,"[{""gene_id_versioned"": ""ENSMUSG00000053063.12"", ""isoform_id"": """", ""protein_id"": ""ENSMUSP00000063627.5"", ""transcript_id"": ""ENSMUST00000065289.6""}]",2026_03,0.1.0
ENSMUSG00000053063,D3YXD8,10090,UniProtKB unreviewed (TrEMBL),,entry_level_cross_reference_isoform_unspecified,,FRAGMENT_SEQUENCE,"[{""gene_id_versioned"": ""ENSMUSG00000053063.12"", ""isoform_id"": """", ""protein_id"": ""ENSMUSP00000118315.2"", ""transcript_id"": ""ENSMUST00000151671.8""}]",2026_03,0.1.0
ENSMUSG00000046321,Q673U1,10090,UniProtKB reviewed (Swiss-Prot),Q673U1-1,explicit_displayed_isoform_cross_reference,,,"[{""gene_id_versioned"": ""ENSMUSG00000046321.9"", ""isoform_id"": ""Q673U1-1"", ""protein_id"": ""ENSMUSP00000081678.4"", ""transcript_id"": ""ENSMUST00000084628.5""}, {""gene_id_versioned"": ""ENSMUSG00000046321.9"", ""isoform_id"": ""Q673U1-2"", ""protein_id"": ""ENSMUSP00000146027.2"", ""transcript_id"": ""ENSMUST00000206880.2""}]",2026_03,0.1.0
ENSMUSG00000019278,A0A1D5RM32,10090,UniProtKB unreviewed (TrEMBL),,entry_level_cross_reference_isoform_unspecified,,FRAGMENT_SEQUENCE,"[{""gene_id_versioned"": ""ENSMUSG00000019278.6"", ""isoform_id"": """", ""protein_id"": ""ENSMUSP00000148609.2"", ""transcript_id"": ""ENSMUST00000212773.2""}]",2026_03,0.1.0
ENSMUSG00000019278,A0A1D5RML1,10090,UniProtKB unreviewed (TrEMBL),,entry_level_cross_reference_isoform_unspecified,,FRAGMENT_SEQUENCE,"[{""gene_id_versioned"": ""ENSMUSG00000019278.6"", ""isoform_id"": """", ""protein_id"": ""ENSMUSP00000148823.2"", ""transcript_id"": ""ENSMUST00000212409.2""}]",2026_03,0.1.0
ENSMUSG00000019278,P31428,10090,UniProtKB reviewed (Swiss-Prot),,entry_level_cross_reference_isoform_unspecified,,,"[{""gene_id_versioned"": ""ENSMUSG00000019278.6"", ""isoform_id"": """", ""protein_id"": ""ENSMUSP00000019422.5"", ""transcript_id"": ""ENSMUST00000019422.6""}]",2026_03,0.1.0
ENSMUSG00000032085,A0A1L1STN8,10090,UniProtKB unreviewed (TrEMBL),,entry_level_cross_reference_isoform_unspecified,,FRAGMENT_SEQUENCE,"[{""gene_id_versioned"": ""ENSMUSG00000032085.6"", ""isoform_id"": """", ""protein_id"": ""ENSMUSP00000150408.2"", ""transcript_id"": ""ENSMUST00000215509.2""}]",2026_03,0.1.0
ENSMUSG00000032085,P37804,10090,UniProtKB reviewed (Swiss-Prot),,entry_level_cross_reference_isoform_unspecified,,,"[{""gene_id_versioned"": ""ENSMUSG00000032085.6"", ""isoform_id"": """", ""protein_id"": ""ENSMUSP00000034590.3"", ""transcript_id"": ""ENSMUST00000034590.4""}]",2026_03,0.1.0
ENSMUSG00000038007,Q8VD53,10090,UniProtKB reviewed (Swiss-Prot),Q8VD53-1,explicit_displayed_isoform_cross_reference,,,"[{""gene_id_versioned"": ""ENSMUSG00000038007.15"", ""isoform_id"": ""Q8VD53-1"", ""protein_id"": ""ENSMUSP00000040048.8"", ""transcript_id"": ""ENSMUST00000045224.14""}, {""gene_id_versioned"": ""ENSMUSG00000038007.15"", ""isoform_id"": ""Q8VD53-2"", ""protein_id"": ""ENSMUSP00000081473.5"", ""transcript_id"": ""ENSMUST00000084433.5""}]",2026_03,0.1.0
ENSMUSG00000037355,E9PZL9,10090,UniProtKB unreviewed (TrEMBL),,entry_level_cross_reference_isoform_unspecified,,,"[{""gene_id_versioned"": ""ENSMUSG00000037355.15"", ""isoform_id"": """", ""protein_id"": ""ENSMUSP00000144025.2"", ""transcript_id"": ""ENSMUST00000202046.4""}]",2026_03,0.1.0
ENSMUSG00000037355,Q9D479,10090,UniProtKB reviewed (Swiss-Prot),,entry_level_cross_reference_isoform_unspecified,,,"[{""gene_id_versioned"": ""ENSMUSG00000037355.15"", ""isoform_id"": """", ""protein_id"": ""ENSMUSP00000085170.6"", ""transcript_id"": ""ENSMUST00000087864.12""}, {""gene_id_versioned"": ""ENSMUSG00000037355.15"", ""isoform_id"": """", ""protein_id"": ""ENSMUSP00000144400.2"", ""transcript_id"": ""ENSMUST00000202816.2""}]",2026_03,0.1.0
ENSMUSG00000032702,E9Q238,10090,UniProtKB reviewed (Swiss-Prot),,entry_level_cross_reference_isoform_unspecified,,,"[{""gene_id_versioned"": ""ENSMUSG00000032702.17"", ""isoform_id"": """", ""protein_id"": ""ENSMUSP00000042177.9"", ""transcript_id"": ""ENSMUST00000049400.15""}]",2026_03,0.1.0
ENSMUSG00000032702,E9Q944,10090,UniProtKB unreviewed (TrEMBL),,entry_level_cross_reference_isoform_unspecified,,FRAGMENT_SEQUENCE,"[{""gene_id_versioned"": ""ENSMUSG00000032702.17"", ""isoform_id"": """", ""protein_id"": ""ENSMUSP00000116660.2"", ""transcript_id"": ""ENSMUST00000146647.3""}]",2026_03,0.1.0
ENSMUSG00000031613,Q8VCC1,10090,UniProtKB reviewed (Swiss-Prot),,entry_level_cross_reference_isoform_unspecified,,,"[{""gene_id_versioned"": ""ENSMUSG00000031613.10"", ""isoform_id"": """", ""protein_id"": ""ENSMUSP00000034026.9"", ""transcript_id"": ""ENSMUST00000034026.10""}]",2026_03,0.1.0
ENSMUSG00000034842,A0A0R4J1M9,10090,UniProtKB unreviewed (TrEMBL),,entry_level_cross_reference_isoform_unspecified,,,"[{""gene_id_versioned"": ""ENSMUSG00000034842.17"", ""isoform_id"": """", ""protein_id"": ""ENSMUSP00000113074.2"", ""transcript_id"": ""ENSMUST00000120193.8""}]",2026_03,0.1.0
ENSMUSG00000034842,A0A0R4J1N4,10090,UniProtKB unreviewed (TrEMBL),,entry_level_cross_reference_isoform_unspecified,,,"[{""gene_id_versioned"": ""ENSMUSG00000034842.17"", ""isoform_id"": """", ""protein_id"": ""ENSMUSP00000113493.2"", ""transcript_id"": ""ENSMUST00000120416.8""}]",2026_03,0.1.0
ENSMUSG00000034842,A0A0R4J1Q4,10090,UniProtKB unreviewed (TrEMBL),,entry_level_cross_reference_isoform_unspecified,,,"[{""gene_id_versioned"": ""ENSMUSG00000034842.17"", ""isoform_id"": """", ""protein_id"": ""ENSMUSP00000114083.2"", ""transcript_id"": ""ENSMUST00000118106.8""}]",2026_03,0.1.0
ENSMUSG00000034842,E9PVX7,10090,UniProtKB unreviewed (TrEMBL),,entry_level_cross_reference_isoform_unspecified,,FRAGMENT_SEQUENCE,"[{""gene_id_versioned"": ""ENSMUSG00000034842.17"", ""isoform_id"": """", ""protein_id"": ""ENSMUSP00000118746.2"", ""transcript_id"": ""ENSMUST00000138687.2""}]",2026_03,0.1.0
ENSMUSG00000034842,E9Q1U7,10090,UniProtKB unreviewed (TrEMBL),,entry_level_cross_reference_isoform_unspecified,,FRAGMENT_SEQUENCE,"[{""gene_id_versioned"": ""ENSMUSG00000034842.17"", ""isoform_id"": """", ""protein_id"": ""ENSMUSP00000117995.2"", ""transcript_id"": ""ENSMUST00000125462.8""}]",2026_03,0.1.0
ENSMUSG00000034842,E9Q630,10090,UniProtKB unreviewed (TrEMBL),,entry_level_cross_reference_isoform_unspecified,,FRAGMENT_SEQUENCE,"[{""gene_id_versioned"": ""ENSMUSG00000034842.17"", ""isoform_id"": """", ""protein_id"": ""ENSMUSP00000116218.2"", ""transcript_id"": ""ENSMUST00000145072.8""}]",2026_03,0.1.0
ENSMUSG00000034842,E9Q7Q8,10090,UniProtKB unreviewed (TrEMBL),,entry_level_cross_reference_isoform_unspecified,,,"[{""gene_id_versioned"": ""ENSMUSG00000034842.17"", ""isoform_id"": """", ""protein_id"": ""ENSMUSP00000113041.2"", ""transcript_id"": ""ENSMUST00000117108.8""}]",2026_03,0.1.0
ENSMUSG00000034842,E9Q7Z7,10090,UniProtKB unreviewed (TrEMBL),,entry_level_cross_reference_isoform_unspecified,,FRAGMENT_SEQUENCE,"[{""gene_id_versioned"": ""ENSMUSG00000034842.17"", ""isoform_id"": """", ""protein_id"": ""ENSMUSP00000113008.2"", ""transcript_id"": ""ENSMUST00000120781.8""}]",2026_03,0.1.0
ENSMUSG00000034842,E9Q8Z0,10090,UniProtKB unreviewed (TrEMBL),,entry_level_cross_reference_isoform_unspecified,,FRAGMENT_SEQUENCE,"[{""gene_id_versioned"": ""ENSMUSG00000034842.17"", ""isoform_id"": """", ""protein_id"": ""ENSMUSP00000121620.2"", ""transcript_id"": ""ENSMUST00000128246.8""}]",2026_03,0.1.0
ENSMUSG00000034842,E9Q984,10090,UniProtKB unreviewed (TrEMBL),,entry_level_cross_reference_isoform_unspecified,,FRAGMENT_SEQUENCE,"[{""gene_id_versioned"": ""ENSMUSG00000034842.17"", ""isoform_id"": """", ""protein_id"": ""ENSMUSP00000119283.2"", ""transcript_id"": ""ENSMUST00000154245.8""}]",2026_03,0.1.0
ENSMUSG00000034842,E9Q9Q8,10090,UniProtKB unreviewed (TrEMBL),,entry_level_cross_reference_isoform_unspecified,,FRAGMENT_SEQUENCE,"[{""gene_id_versioned"": ""ENSMUSG00000034842.17"", ""isoform_id"": """", ""protein_id"": ""ENSMUSP00000119113.2"", ""transcript_id"": ""ENSMUST00000124509.2""}]",2026_03,0.1.0
ENSMUSG00000034842,E9QNU1,10090,UniProtKB unreviewed (TrEMBL),,entry_level_cross_reference_isoform_unspecified,,,"[{""gene_id_versioned"": ""ENSMUSG00000034842.17"", ""isoform_id"": """", ""protein_id"": ""ENSMUSP00000113510.2"", ""transcript_id"": ""ENSMUST00000121096.8""}]",2026_03,0.1.0
ENSMUSG00000034842,F6RER8,10090,UniProtKB unreviewed (TrEMBL),,entry_level_cross_reference_isoform_unspecified,,AMBIGUOUS_OR_INVALID_SEQUENCE,"[{""gene_id_versioned"": ""ENSMUSG00000034842.17"", ""isoform_id"": """", ""protein_id"": ""ENSMUSP00000116110.2"", ""transcript_id"": ""ENSMUST00000126281.8""}]",2026_03,0.1.0
ENSMUSG00000034842,F6W3A0,10090,UniProtKB unreviewed (TrEMBL),,entry_level_cross_reference_isoform_unspecified,,AMBIGUOUS_OR_INVALID_SEQUENCE,"[{""gene_id_versioned"": ""ENSMUSG00000034842.17"", ""isoform_id"": """", ""protein_id"": ""ENSMUSP00000123571.2"", ""transcript_id"": ""ENSMUST00000138003.8""}]",2026_03,0.1.0
ENSMUSG00000034842,F6Z2C7,10090,UniProtKB unreviewed (TrEMBL),,entry_level_cross_reference_isoform_unspecified,,FRAGMENT_SEQUENCE,"[{""gene_id_versioned"": ""ENSMUSG00000034842.17"", ""isoform_id"": """", ""protein_id"": ""ENSMUSP00000114826.2"", ""transcript_id"": ""ENSMUST00000152041.2""}]",2026_03,0.1.0
ENSMUSG00000034842,Q8R2G4,10090,UniProtKB reviewed (Swiss-Prot),,,ONLY_NONCANONICAL_OR_UNRESOLVED_ISOFORM_XREF,,"[{""gene_id_versioned"": ""ENSMUSG00000034842.17"", ""isoform_id"": ""Q8R2G4-8"", ""protein_id"": ""ENSMUSP00000108706.3"", ""transcript_id"": ""ENSMUST00000113083.9""}, {""gene_id_versioned"": ""ENSMUSG00000034842.17"", ""isoform_id"": ""Q8R2G4-7"", ""protein_id"": ""ENSMUSP00000112648.2"", ""transcript_id"": ""ENSMUST00000119587.8""}]",2026_03,0.1.0
ENSMUSG00000045246,Q80XM3,10090,UniProtKB reviewed (Swiss-Prot),,entry_level_cross_reference_isoform_unspecified,,,"[{""gene_id_versioned"": ""ENSMUSG00000045246.13"", ""isoform_id"": """", ""protein_id"": ""ENSMUSP00000056552.4"", ""transcript_id"": ""ENSMUST00000061828.10""}]",2026_03,0.1.0
ENSMUSG00000021390,Q62000,10090,UniProtKB reviewed (Swiss-Prot),,entry_level_cross_reference_isoform_unspecified,,,"[{""gene_id_versioned"": ""ENSMUSG00000021390.7"", ""isoform_id"": """", ""protein_id"": ""ENSMUSP00000021822.6"", ""transcript_id"": ""ENSMUST00000021822.7""}]",2026_03,0.1.0
ENSMUSG00000058620,F6SVH1,10090,UniProtKB unreviewed (TrEMBL),,entry_level_cross_reference_isoform_unspecified,,,"[{""gene_id_versioned"": ""ENSMUSG00000058620.6"", ""isoform_id"": """", ""protein_id"": ""ENSMUSP00000100539.2"", ""transcript_id"": ""ENSMUST00000104934.2""}]",2026_03,0.1.0
ENSMUSG00000058620,P30545,10090,UniProtKB reviewed (Swiss-Prot),,entry_level_cross_reference_isoform_unspecified,,,"[{""gene_id_versioned"": ""ENSMUSG00000058620.6"", ""isoform_id"": """", ""protein_id"": ""ENSMUSP00000071798.5"", ""transcript_id"": ""ENSMUST00000071902.5""}]",2026_03,0.1.0
ENSMUSG00000024397,G3UYJ2,10090,UniProtKB unreviewed (TrEMBL),,entry_level_cross_reference_isoform_unspecified,,FRAGMENT_SEQUENCE,"[{""gene_id_versioned"": ""ENSMUSG00000024397.15"", ""isoform_id"": """", ""protein_id"": ""ENSMUSP00000134107.2"", ""transcript_id"": ""ENSMUST00000173106.2""}]",2026_03,0.1.0
ENSMUSG00000024397,O70200,10090,UniProtKB reviewed (Swiss-Prot),,entry_level_cross_reference_isoform_unspecified,,,"[{""gene_id_versioned"": ""ENSMUSG00000024397.15"", ""isoform_id"": """", ""protein_id"": ""ENSMUSP00000025257.6"", ""transcript_id"": ""ENSMUST00000025257.12""}, {""gene_id_versioned"": ""ENSMUSG00000024397.15"", ""isoform_id"": """", ""protein_id"": ""ENSMUSP00000134214.2"", ""transcript_id"": ""ENSMUST00000172693.8""}, {""gene_id_versioned"": ""ENSMUSG00000024397.15"", ""isoform_id"": """", ""protein_id"": ""ENSMUSP00000133709.2"", ""transcript_id"": ""ENSMUST00000173324.8""}]",2026_03,0.1.0
ENSMUSG00000023832,A0A3B2WAL8,10090,UniProtKB unreviewed (TrEMBL),,entry_level_cross_reference_isoform_unspecified,,,"[{""gene_id_versioned"": ""ENSMUSG00000023832.15"", ""isoform_id"": """", ""protein_id"": ""ENSMUSP00000156406.2"", ""transcript_id"": ""ENSMUST00000233792.2""}]",2026_03,0.1.0
ENSMUSG00000023832,G3XA25,10090,UniProtKB unreviewed (TrEMBL),,entry_level_cross_reference_isoform_unspecified,,,"[{""gene_id_versioned"": ""ENSMUSG00000023832.15"", ""isoform_id"": """", ""protein_id"": ""ENSMUSP00000125066.2"", ""transcript_id"": ""ENSMUST00000159697.2""}]",2026_03,0.1.0
ENSMUSG00000023832,Q8CAY6,10090,UniProtKB reviewed (Swiss-Prot),,entry_level_cross_reference_isoform_unspecified,,,"[{""gene_id_versioned"": ""ENSMUSG00000023832.15"", ""isoform_id"": """", ""protein_id"": ""ENSMUSP00000007005.8"", ""transcript_id"": ""ENSMUST00000007005.14""}]",2026_03,0.1.0
ENSMUSG00000030249,A0A0N4SWE6,10090,UniProtKB unreviewed (TrEMBL),,entry_level_cross_reference_isoform_unspecified,,,"[{""gene_id_versioned"": ""ENSMUSG00000030249.16"", ""isoform_id"": """", ""protein_id"": ""ENSMUSP00000145489.2"", ""transcript_id"": ""ENSMUST00000204870.2""}]",2026_03,0.1.0
ENSMUSG00000030249,E9PUE8,10090,UniProtKB unreviewed (TrEMBL),,entry_level_cross_reference_isoform_unspecified,,,"[{""gene_id_versioned"": ""ENSMUSG00000030249.16"", ""isoform_id"": """", ""protein_id"": ""ENSMUSP00000107401.2"", ""transcript_id"": ""ENSMUST00000111771.8""}]",2026_03,0.1.0
ENSMUSG00000030249,P70170,10090,UniProtKB reviewed (Swiss-Prot),P70170-1,explicit_displayed_isoform_cross_reference,,,"[{""gene_id_versioned"": ""ENSMUSG00000030249.16"", ""isoform_id"": ""P70170-3"", ""protein_id"": ""ENSMUSP00000072914.6"", ""transcript_id"": ""ENSMUST00000073173.12""}, {""gene_id_versioned"": ""ENSMUSG00000030249.16"", ""isoform_id"": ""P70170-1"", ""protein_id"": ""ENSMUSP00000084805.5"", ""transcript_id"": ""ENSMUST00000087527.11""}, {""gene_id_versioned"": ""ENSMUSG00000030249.16"", ""isoform_id"": ""P70170-2"", ""protein_id"": ""ENSMUSP00000098390.3"", ""transcript_id"": ""ENSMUST00000100827.5""}, {""gene_id_versioned"": ""ENSMUSG00000030249.16"", ""isoform_id"": ""P70170-3"", ""protein_id"": ""ENSMUSP00000144779.2"", ""transcript_id"": ""ENSMUST00000205202.3""}]",2026_03,0.1.0
ENSMUSG00000015340,E9Q7S3,10090,UniProtKB unreviewed (TrEMBL),,entry_level_cross_reference_isoform_unspecified,,FRAGMENT_SEQUENCE,"[{""gene_id_versioned"": ""ENSMUSG00000015340.11"", ""isoform_id"": """", ""protein_id"": ""ENSMUSP00000128993.2"", ""transcript_id"": ""ENSMUST00000170885.2""}]",2026_03,0.1.0
ENSMUSG00000015340,E9Q802,10090,UniProtKB unreviewed (TrEMBL),,entry_level_cross_reference_isoform_unspecified,,,"[{""gene_id_versioned"": ""ENSMUSG00000015340.11"", ""isoform_id"": """", ""protein_id"": ""ENSMUSP00000128963.2"", ""transcript_id"": ""ENSMUST00000164685.8""}]",2026_03,0.1.0
ENSMUSG00000015340,Q61093,10090,UniProtKB reviewed (Swiss-Prot),,entry_level_cross_reference_isoform_unspecified,,,"[{""gene_id_versioned"": ""ENSMUSG00000015340.11"", ""isoform_id"": """", ""protein_id"": ""ENSMUSP00000015484.4"", ""transcript_id"": ""ENSMUST00000015484.10""}]",2026_03,0.1.0
ENSMUSG00000036867,J3QPR3,10090,UniProtKB unreviewed (TrEMBL),,entry_level_cross_reference_isoform_unspecified,,,"[{""gene_id_versioned"": ""ENSMUSG00000036867.8"", ""isoform_id"": """", ""protein_id"": ""ENSMUSP00000137442.2"", ""transcript_id"": ""ENSMUST00000179458.2""}]",2026_03,0.1.0
ENSMUSG00000036867,O35182,10090,UniProtKB reviewed (Swiss-Prot),,entry_level_cross_reference_isoform_unspecified,,,"[{""gene_id_versioned"": ""ENSMUSG00000036867.8"", ""isoform_id"": """", ""protein_id"": ""ENSMUSP00000036285.6"", ""transcript_id"": ""ENSMUST00000041029.6""}]",2026_03,0.1.0
ENSMUSG00000031604,D3YTN3,10090,UniProtKB unreviewed (TrEMBL),,entry_level_cross_reference_isoform_unspecified,,FRAGMENT_SEQUENCE,"[{""gene_id_versioned"": ""ENSMUSG00000031604.11"", ""isoform_id"": """", ""protein_id"": ""ENSMUSP00000121070.2"", ""transcript_id"": ""ENSMUST00000141021.2""}]",2026_03,0.1.0
ENSMUSG00000031604,D3Z458,10090,UniProtKB unreviewed (TrEMBL),,entry_level_cross_reference_isoform_unspecified,,FRAGMENT_SEQUENCE,"[{""gene_id_versioned"": ""ENSMUSG00000031604.11"", ""isoform_id"": """", ""protein_id"": ""ENSMUSP00000117545.2"", ""transcript_id"": ""ENSMUST00000147419.2""}]",2026_03,0.1.0
ENSMUSG00000031604,Q9CRA4,10090,UniProtKB reviewed (Swiss-Prot),,entry_level_cross_reference_isoform_unspecified,,,"[{""gene_id_versioned"": ""ENSMUSG00000031604.11"", ""isoform_id"": """", ""protein_id"": ""ENSMUSP00000034015.5"", ""transcript_id"": ""ENSMUST00000034015.11""}]",2026_03,0.1.0
ENSMUSG00000070576,D3YWE6,10090,UniProtKB reviewed (Swiss-Prot),,entry_level_cross_reference_isoform_unspecified,,,"[{""gene_id_versioned"": ""ENSMUSG00000070576.5"", ""isoform_id"": """", ""protein_id"": ""ENSMUSP00000092034.5"", ""transcript_id"": ""ENSMUST00000094463.5""}]",2026_03,0.1.0
ENSMUSG00000005950,B1AUD6,10090,UniProtKB unreviewed (TrEMBL),,entry_level_cross_reference_isoform_unspecified,,FRAGMENT_SEQUENCE,"[{""gene_id_versioned"": ""ENSMUSG00000005950.15"", ""isoform_id"": """", ""protein_id"": ""ENSMUSP00000118448.2"", ""transcript_id"": ""ENSMUST00000135202.8""}]",2026_03,0.1.0
ENSMUSG00000005950,B1AUD7,10090,UniProtKB unreviewed (TrEMBL),,entry_level_cross_reference_isoform_unspecified,,FRAGMENT_SEQUENCE,"[{""gene_id_versioned"": ""ENSMUSG00000005950.15"", ""isoform_id"": """", ""protein_id"": ""ENSMUSP00000121834.2"", ""transcript_id"": ""ENSMUST00000136894.3""}]",2026_03,0.1.0
ENSMUSG00000005950,Q91VE2,10090,UniProtKB reviewed (Swiss-Prot),,entry_level_cross_reference_isoform_unspecified,,,"[{""gene_id_versioned"": ""ENSMUSG00000005950.15"", ""isoform_id"": """", ""protein_id"": ""ENSMUSP00000006104.4"", ""transcript_id"": ""ENSMUST00000006104.10""}]",2026_03,0.1.0
ENSMUSG00000033985,A2AGD9,10090,UniProtKB unreviewed (TrEMBL),,entry_level_cross_reference_isoform_unspecified,,,"[{""gene_id_versioned"": ""ENSMUSG00000033985.18"", ""isoform_id"": """", ""protein_id"": ""ENSMUSP00000102064.2"", ""transcript_id"": ""ENSMUST00000106456.2""}]",2026_03,0.1.0
ENSMUSG00000033985,A2AGE0,10090,UniProtKB unreviewed (TrEMBL),,entry_level_cross_reference_isoform_unspecified,,,"[{""gene_id_versioned"": ""ENSMUSG00000033985.18"", ""isoform_id"": """", ""protein_id"": ""ENSMUSP00000102067.2"", ""transcript_id"": ""ENSMUST00000106459.8""}]",2026_03,0.1.0
ENSMUSG00000033985,Q8VCT9,10090,UniProtKB reviewed (Swiss-Prot),,entry_level_cross_reference_isoform_unspecified,,,"[{""gene_id_versioned"": ""ENSMUSG00000033985.18"", ""isoform_id"": """", ""protein_id"": ""ENSMUSP00000041009.7"", ""transcript_id"": ""ENSMUST00000045542.13""}]",2026_03,0.1.0
ENSMUSG00000020374,B1ATE5,10090,UniProtKB unreviewed (TrEMBL),,entry_level_cross_reference_isoform_unspecified,,,"[{""gene_id_versioned"": ""ENSMUSG00000020374.17"", ""isoform_id"": """", ""protein_id"": ""ENSMUSP00000090828.6"", ""transcript_id"": ""ENSMUST00000093141.12""}]",2026_03,0.1.0
ENSMUSG00000020374,Q9D300,10090,UniProtKB reviewed (Swiss-Prot),Q9D300-1,explicit_displayed_isoform_cross_reference,,,"[{""gene_id_versioned"": ""ENSMUSG00000020374.17"", ""isoform_id"": ""Q9D300-2"", ""protein_id"": ""ENSMUSP00000065619.3"", ""transcript_id"": ""ENSMUST00000063444.3""}, {""gene_id_versioned"": ""ENSMUSG00000020374.17"", ""isoform_id"": ""Q9D300-1"", ""protein_id"": ""ENSMUSP00000090829.6"", ""transcript_id"": ""ENSMUST00000093142.12""}]",2026_03,0.1.0
ENSMUSG00000029675,A0A0J9YV95,10090,UniProtKB unreviewed (TrEMBL),,entry_level_cross_reference_isoform_unspecified,,,"[{""gene_id_versioned"": ""ENSMUSG00000029675.13"", ""isoform_id"": """", ""protein_id"": ""ENSMUSP00000144555.2"", ""transcript_id"": ""ENSMUST00000201856.2""}]",2026_03,0.1.0
ENSMUSG00000029675,P54320,10090,UniProtKB reviewed (Swiss-Prot),,entry_level_cross_reference_isoform_unspecified,,,"[{""gene_id_versioned"": ""ENSMUSG00000029675.13"", ""isoform_id"": """", ""protein_id"": ""ENSMUSP00000015138.10"", ""transcript_id"": ""ENSMUST00000015138.13""}]",2026_03,0.1.0
ENSMUSG00000025912,A0A087WPK9,10090,UniProtKB unreviewed (TrEMBL),,entry_level_cross_reference_isoform_unspecified,,AMBIGUOUS_OR_INVALID_SEQUENCE,"[{""gene_id_versioned"": ""ENSMUSG00000025912.17"", ""isoform_id"": """", ""protein_id"": ""ENSMUSP00000139818.2"", ""transcript_id"": ""ENSMUST00000188212.2""}]",2026_03,0.1.0
ENSMUSG00000025912,A0A0R4J132,10090,UniProtKB unreviewed (TrEMBL),,entry_level_cross_reference_isoform_unspecified,,,"[{""gene_id_versioned"": ""ENSMUSG00000025912.17"", ""isoform_id"": """", ""protein_id"": ""ENSMUSP00000086034.5"", ""transcript_id"": ""ENSMUST00000088658.11""}]",2026_03,0.1.0
ENSMUSG00000025912,E9QLX9,10090,UniProtKB unreviewed (TrEMBL),,entry_level_cross_reference_isoform_unspecified,,,"[{""gene_id_versioned"": ""ENSMUSG00000025912.17"", ""isoform_id"": """", ""protein_id"": ""ENSMUSP00000111128.3"", ""transcript_id"": ""ENSMUST00000115468.9""}]",2026_03,0.1.0
ENSMUSG00000036545,A0A5F8MPY1,10090,UniProtKB unreviewed (TrEMBL),,entry_level_cross_reference_isoform_unspecified,,,"[{""gene_id_versioned"": ""ENSMUSG00000036545.10"", ""isoform_id"": """", ""protein_id"": ""ENSMUSP00000159176.2"", ""transcript_id"": ""ENSMUST00000142118.3""}]",2026_03,0.1.0
ENSMUSG00000036545,Q8C9W3,10090,UniProtKB reviewed (Swiss-Prot),,entry_level_cross_reference_isoform_unspecified,,,"[{""gene_id_versioned"": ""ENSMUSG00000036545.10"", ""isoform_id"": """", ""protein_id"": ""ENSMUSP00000040171.9"", ""transcript_id"": ""ENSMUST00000040523.9""}]",2026_03,0.1.0
ENSMUSG00000001467,Q8K0C4,10090,UniProtKB reviewed (Swiss-Prot),,entry_level_cross_reference_isoform_unspecified,,,"[{""gene_id_versioned"": ""ENSMUSG00000001467.6"", ""isoform_id"": """", ""protein_id"": ""ENSMUSP00000001507.5"", ""transcript_id"": ""ENSMUST00000001507.5""}]",2026_03,0.1.0
ENSMUSG00000022351,F6VHQ4,10090,UniProtKB unreviewed (TrEMBL),,entry_level_cross_reference_isoform_unspecified,,,"[{""gene_id_versioned"": ""ENSMUSG00000022351.15"", ""isoform_id"": """", ""protein_id"": ""ENSMUSP00000098205.5"", ""transcript_id"": ""ENSMUST00000100640.5""}]",2026_03,0.1.0
ENSMUSG00000022351,P52019,10090,UniProtKB reviewed (Swiss-Prot),,entry_level_cross_reference_isoform_unspecified,,,"[{""gene_id_versioned"": ""ENSMUSG00000022351.15"", ""isoform_id"": """", ""protein_id"": ""ENSMUSP00000022977.8"", ""transcript_id"": ""ENSMUST00000022977.14""}]",2026_03,0.1.0
ENSMUSG00000020897,O70126,10090,UniProtKB reviewed (Swiss-Prot),,entry_level_cross_reference_isoform_unspecified,,,"[{""gene_id_versioned"": ""ENSMUSG00000020897.13"", ""isoform_id"": """", ""protein_id"": ""ENSMUSP00000021277.6"", ""transcript_id"": ""ENSMUST00000021277.6""}, {""gene_id_versioned"": ""ENSMUSG00000020897.13"", ""isoform_id"": """", ""protein_id"": ""ENSMUSP00000104306.2"", ""transcript_id"": ""ENSMUST00000108666.8""}]",2026_03,0.1.0
ENSMUSG00000030905,O54983,10090,UniProtKB reviewed (Swiss-Prot),,entry_level_cross_reference_isoform_unspecified,,,"[{""gene_id_versioned"": ""ENSMUSG00000030905.6"", ""isoform_id"": """", ""protein_id"": ""ENSMUSP00000033198.6"", ""transcript_id"": ""ENSMUST00000033198.6""}]",2026_03,0.1.0
ENSMUSG00000034457,Q8BX35,10090,UniProtKB reviewed (Swiss-Prot),,entry_level_cross_reference_isoform_unspecified,,,"[{""gene_id_versioned"": ""ENSMUSG00000034457.11"", ""isoform_id"": """", ""protein_id"": ""ENSMUSP00000041210.4"", ""transcript_id"": ""ENSMUST00000037353.10""}, {""gene_id_versioned"": ""ENSMUSG00000034457.11"", ""isoform_id"": """", ""protein_id"": ""ENSMUSP00000109463.2"", ""transcript_id"": ""ENSMUST00000113832.2""}]",2026_03,0.1.0
ENSMUSG00000043873,A0A0G2JDS2,10090,UniProtKB unreviewed (TrEMBL),,entry_level_cross_reference_isoform_unspecified,,,"[{""gene_id_versioned"": ""ENSMUSG00000043873.12"", ""isoform_id"": """", ""protein_id"": ""ENSMUSP00000142477.2"", ""transcript_id"": ""ENSMUST00000200146.2""}]",2026_03,0.1.0
ENSMUSG00000043873,F7AQE8,10090,UniProtKB unreviewed (TrEMBL),,entry_level_cross_reference_isoform_unspecified,,FRAGMENT_SEQUENCE,"[{""gene_id_versioned"": ""ENSMUSG00000043873.12"", ""isoform_id"": """", ""protein_id"": ""ENSMUSP00000065043.5"", ""transcript_id"": ""ENSMUST00000066537.10""}]",2026_03,0.1.0
ENSMUSG00000043873,F7D8T8,10090,UniProtKB unreviewed (TrEMBL),,entry_level_cross_reference_isoform_unspecified,,AMBIGUOUS_OR_INVALID_SEQUENCE,"[{""gene_id_versioned"": ""ENSMUSG00000043873.12"", ""isoform_id"": """", ""protein_id"": ""ENSMUSP00000052345.4"", ""transcript_id"": ""ENSMUST00000054973.8""}]",2026_03,0.1.0
ENSMUSG00000000056,Q9CYQ7,10090,UniProtKB reviewed (Swiss-Prot),,entry_level_cross_reference_isoform_unspecified,,,"[{""gene_id_versioned"": ""ENSMUSG00000000056.8"", ""isoform_id"": """", ""protein_id"": ""ENSMUSP00000099304.4"", ""transcript_id"": ""ENSMUST00000103015.4""}]",2026_03,0.1.0
ENSMUSG00000011257,A3KFU5,10090,UniProtKB unreviewed (TrEMBL),,entry_level_cross_reference_isoform_unspecified,,,"[{""gene_id_versioned"": ""ENSMUSG00000011257.20"", ""isoform_id"": """", ""protein_id"": ""ENSMUSP00000101850.2"", ""transcript_id"": ""ENSMUST00000106243.8""}]",2026_03,0.1.0
ENSMUSG00000011257,A3KFU8,10090,UniProtKB unreviewed (TrEMBL),,entry_level_cross_reference_isoform_unspecified,,,"[{""gene_id_versioned"": ""ENSMUSG00000011257.20"", ""isoform_id"": """", ""protein_id"": ""ENSMUSP00000101848.2"", ""transcript_id"": ""ENSMUST00000106241.8""}]",2026_03,0.1.0
ENSMUSG00000011257,F6XBG1,10090,UniProtKB unreviewed (TrEMBL),,entry_level_cross_reference_isoform_unspecified,,,"[{""gene_id_versioned"": ""ENSMUSG00000011257.20"", ""isoform_id"": """", ""protein_id"": ""ENSMUSP00000077794.6"", ""transcript_id"": ""ENSMUST00000078734.12""}]",2026_03,0.1.0
ENSMUSG00000011257,F7D735,10090,UniProtKB unreviewed (TrEMBL),,entry_level_cross_reference_isoform_unspecified,,,"[{""gene_id_versioned"": ""ENSMUSG00000011257.20"", ""isoform_id"": """", ""protein_id"": ""ENSMUSP00000079070.7"", ""transcript_id"": ""ENSMUST00000080178.13""}]",2026_03,0.1.0
ENSMUSG00000011257,V9GXG3,10090,UniProtKB unreviewed (TrEMBL),,entry_level_cross_reference_isoform_unspecified,,,"[{""gene_id_versioned"": ""ENSMUSG00000011257.20"", ""isoform_id"": """", ""protein_id"": ""ENSMUSP00000139135.2"", ""transcript_id"": ""ENSMUST00000183940.8""}]",2026_03,0.1.0
ENSMUSG00000016024,A2AC65,10090,UniProtKB unreviewed (TrEMBL),,entry_level_cross_reference_isoform_unspecified,,,"[{""gene_id_versioned"": ""ENSMUSG00000016024.10"", ""isoform_id"": """", ""protein_id"": ""ENSMUSP00000105117.2"", ""transcript_id"": ""ENSMUST00000109491.8""}]",2026_03,0.1.0
ENSMUSG00000016024,F6XKX9,10090,UniProtKB unreviewed (TrEMBL),,entry_level_cross_reference_isoform_unspecified,,AMBIGUOUS_OR_INVALID_SEQUENCE,"[{""gene_id_versioned"": ""ENSMUSG00000016024.10"", ""isoform_id"": """", ""protein_id"": ""ENSMUSP00000118297.2"", ""transcript_id"": ""ENSMUST00000129811.2""}]",2026_03,0.1.0
ENSMUSG00000016024,Q61805,10090,UniProtKB reviewed (Swiss-Prot),,entry_level_cross_reference_isoform_unspecified,,,"[{""gene_id_versioned"": ""ENSMUSG00000016024.10"", ""isoform_id"": """", ""protein_id"": ""ENSMUSP00000016168.3"", ""transcript_id"": ""ENSMUST00000016168.9""}]",2026_03,0.1.0
ENSMUSG00000037537,F6U8V3,10090,UniProtKB unreviewed (TrEMBL),,entry_level_cross_reference_isoform_unspecified,,FRAGMENT_SEQUENCE,"[{""gene_id_versioned"": ""ENSMUSG00000037537.7"", ""isoform_id"": """", ""protein_id"": ""ENSMUSP00000042522.7"", ""transcript_id"": ""ENSMUST00000041964.7""}]",2026_03,0.1.0
ENSMUSG00000029231,A0A0J9YUD9,10090,UniProtKB unreviewed (TrEMBL),,entry_level_cross_reference_isoform_unspecified,,FRAGMENT_SEQUENCE,"[{""gene_id_versioned"": ""ENSMUSG00000029231.16"", ""isoform_id"": """", ""protein_id"": ""ENSMUSP00000144132.2"", ""transcript_id"": ""ENSMUST00000202992.4""}]",2026_03,0.1.0
ENSMUSG00000029231,A0A0J9YV49,10090,UniProtKB unreviewed (TrEMBL),,entry_level_cross_reference_isoform_unspecified,,FRAGMENT_SEQUENCE,"[{""gene_id_versioned"": ""ENSMUSG00000029231.16"", ""isoform_id"": """", ""protein_id"": ""ENSMUSP00000144485.2"", ""transcript_id"": ""ENSMUST00000202161.4""}]",2026_03,0.1.0
ENSMUSG00000029231,A0A0J9YV87,10090,UniProtKB unreviewed (TrEMBL),,entry_level_cross_reference_isoform_unspecified,,,"[{""gene_id_versioned"": ""ENSMUSG00000029231.16"", ""isoform_id"": """", ""protein_id"": ""ENSMUSP00000144543.2"", ""transcript_id"": ""ENSMUST00000202186.4""}]",2026_03,0.1.0
ENSMUSG00000029231,A0A0J9YVF3,10090,UniProtKB unreviewed (TrEMBL),,entry_level_cross_reference_isoform_unspecified,,FRAGMENT_SEQUENCE,"[{""gene_id_versioned"": ""ENSMUSG00000029231.16"", ""isoform_id"": """", ""protein_id"": ""ENSMUSP00000144634.2"", ""transcript_id"": ""ENSMUST00000200822.2""}]",2026_03,0.1.0
ENSMUSG00000029231,P26618,10090,UniProtKB reviewed (Swiss-Prot),P26618-1,explicit_displayed_isoform_cross_reference,,,"[{""gene_id_versioned"": ""ENSMUSG00000029231.16"", ""isoform_id"": ""P26618-1"", ""protein_id"": ""ENSMUSP00000000476.9"", ""transcript_id"": ""ENSMUST00000000476.15""}, {""gene_id_versioned"": ""ENSMUSG00000029231.16"", ""isoform_id"": ""P26618-1"", ""protein_id"": ""ENSMUSP00000127173.2"", ""transcript_id"": ""ENSMUST00000168162.5""}, {""gene_id_versioned"": ""ENSMUSG00000029231.16"", ""isoform_id"": ""P26618-2"", ""protein_id"": ""ENSMUSP00000143891.2"", ""transcript_id"": ""ENSMUST00000201711.4""}, {""gene_id_versioned"": ""ENSMUSG00000029231.16"", ""isoform_id"": ""P26618-2"", ""protein_id"": ""ENSMUSP00000143906.2"", ""transcript_id"": ""ENSMUST00000202681.4""}]",2026_03,0.1.0
ENSMUSG00000053279,A0A286YCZ0,10090,UniProtKB unreviewed (TrEMBL),,entry_level_cross_reference_isoform_unspecified,,FRAGMENT_SEQUENCE,"[{""gene_id_versioned"": ""ENSMUSG00000053279.9"", ""isoform_id"": """", ""protein_id"": ""ENSMUSP00000153011.2"", ""transcript_id"": ""ENSMUST00000225313.2""}]",2026_03,0.1.0
ENSMUSG00000053279,P24549,10090,UniProtKB reviewed (Swiss-Prot),,entry_level_cross_reference_isoform_unspecified,,,"[{""gene_id_versioned"": ""ENSMUSG00000053279.9"", ""isoform_id"": """", ""protein_id"": ""ENSMUSP00000084918.4"", ""transcript_id"": ""ENSMUST00000087638.4""}, {""gene_id_versioned"": ""ENSMUSG00000053279.9"", ""isoform_id"": """", ""protein_id"": ""ENSMUSP00000153410.3"", ""transcript_id"": ""ENSMUST00000225337.3""}]",2026_03,0.1.0
ENSMUSG00000038042,A0A1Y7VLX3,10090,UniProtKB unreviewed (TrEMBL),,entry_level_cross_reference_isoform_unspecified,,,"[{""gene_id_versioned"": ""ENSMUSG00000038042.12"", ""isoform_id"": """", ""protein_id"": ""ENSMUSP00000152409.2"", ""transcript_id"": ""ENSMUST00000223025.2""}]",2026_03,0.1.0
ENSMUSG00000038042,A0A5F8MPG6,10090,UniProtKB unreviewed (TrEMBL),,entry_level_cross_reference_isoform_unspecified,,,"[{""gene_id_versioned"": ""ENSMUSG00000038042.12"", ""isoform_id"": """", ""protein_id"": ""ENSMUSP00000158961.2"", ""transcript_id"": ""ENSMUST00000238995.2""}]",2026_03,0.1.0
ENSMUSG00000038042,Q6NZK8,10090,UniProtKB reviewed (Swiss-Prot),Q6NZK8-1,explicit_displayed_isoform_cross_reference,,,"[{""gene_id_versioned"": ""ENSMUSG00000038042.12"", ""isoform_id"": ""Q6NZK8-1"", ""protein_id"": ""ENSMUSP00000047374.10"", ""transcript_id"": ""ENSMUST00000035824.11""}, {""gene_id_versioned"": ""ENSMUSG00000038042.12"", ""isoform_id"": ""Q6NZK8-3"", ""protein_id"": ""ENSMUSP00000152771.2"", ""transcript_id"": ""ENSMUST00000222028.2""}]",2026_03,0.1.0
ENSMUSG00000023267,A3KG54,10090,UniProtKB unreviewed (TrEMBL),,entry_level_cross_reference_isoform_unspecified,,FRAGMENT_SEQUENCE,"[{""gene_id_versioned"": ""ENSMUSG00000023267.11"", ""isoform_id"": """", ""protein_id"": ""ENSMUSP00000118514.2"", ""transcript_id"": ""ENSMUST00000131920.8""}]",2026_03,0.1.0
ENSMUSG00000023267,F6YZH6,10090,UniProtKB unreviewed (TrEMBL),,entry_level_cross_reference_isoform_unspecified,,AMBIGUOUS_OR_INVALID_SEQUENCE,"[{""gene_id_versioned"": ""ENSMUSG00000023267.11"", ""isoform_id"": """", ""protein_id"": ""ENSMUSP00000114337.2"", ""transcript_id"": ""ENSMUST00000147889.2""}]",2026_03,0.1.0
ENSMUSG00000023267,P56476,10090,UniProtKB reviewed (Swiss-Prot),P56476-1,explicit_displayed_isoform_cross_reference,,,"[{""gene_id_versioned"": ""ENSMUSG00000023267.11"", ""isoform_id"": ""P56476-2"", ""protein_id"": ""ENSMUSP00000024035.3"", ""transcript_id"": ""ENSMUST00000024035.9""}, {""gene_id_versioned"": ""ENSMUSG00000023267.11"", ""isoform_id"": ""P56476-1"", ""protein_id"": ""ENSMUSP00000103797.2"", ""transcript_id"": ""ENSMUST00000108162.8""}]",2026_03,0.1.0
ENSMUSG00000035649,B1AX39,10090,UniProtKB reviewed (Swiss-Prot),B1AX39-1,explicit_displayed_isoform_cross_reference,,,"[{""gene_id_versioned"": ""ENSMUSG00000035649.18"", ""isoform_id"": ""B1AX39-1"", ""protein_id"": ""ENSMUSP00000103454.3"", ""transcript_id"": ""ENSMUST00000107824.9""}, {""gene_id_versioned"": ""ENSMUSG00000035649.18"", ""isoform_id"": ""B1AX39-3"", ""protein_id"": ""ENSMUSP00000126678.2"", ""transcript_id"": ""ENSMUST00000147272.8""}]",2026_03,0.1.0
ENSMUSG00000035649,E0CY20,10090,UniProtKB unreviewed (TrEMBL),,entry_level_cross_reference_isoform_unspecified,,,"[{""gene_id_versioned"": ""ENSMUSG00000035649.18"", ""isoform_id"": """", ""protein_id"": ""ENSMUSP00000124542.2"", ""transcript_id"": ""ENSMUST00000142714.8""}]",2026_03,0.1.0
ENSMUSG00000035649,E9PUW4,10090,UniProtKB unreviewed (TrEMBL),,entry_level_cross_reference_isoform_unspecified,,FRAGMENT_SEQUENCE,"[{""gene_id_versioned"": ""ENSMUSG00000035649.18"", ""isoform_id"": """", ""protein_id"": ""ENSMUSP00000131821.2"", ""transcript_id"": ""ENSMUST00000154121.2""}]",2026_03,0.1.0
ENSMUSG00000035649,E9Q193,10090,UniProtKB unreviewed (TrEMBL),,entry_level_cross_reference_isoform_unspecified,,FRAGMENT_SEQUENCE,"[{""gene_id_versioned"": ""ENSMUSG00000035649.18"", ""isoform_id"": """", ""protein_id"": ""ENSMUSP00000131178.2"", ""transcript_id"": ""ENSMUST00000143385.2""}]",2026_03,0.1.0
ENSMUSG00000035649,F7CLJ4,10090,UniProtKB unreviewed (TrEMBL),,entry_level_cross_reference_isoform_unspecified,,AMBIGUOUS_OR_INVALID_SEQUENCE,"[{""gene_id_versioned"": ""ENSMUSG00000035649.18"", ""isoform_id"": """", ""protein_id"": ""ENSMUSP00000125979.2"", ""transcript_id"": ""ENSMUST00000126968.2""}]",2026_03,0.1.0
ENSMUSG00000030946,A0A1B0GR58,10090,UniProtKB unreviewed (TrEMBL),,entry_level_cross_reference_isoform_unspecified,,AMBIGUOUS_OR_INVALID_SEQUENCE,"[{""gene_id_versioned"": ""ENSMUSG00000030946.14"", ""isoform_id"": """", ""protein_id"": ""ENSMUSP00000147386.2"", ""transcript_id"": ""ENSMUST00000133969.8""}]",2026_03,0.1.0
ENSMUSG00000030946,A0A1B0GR73,10090,UniProtKB unreviewed (TrEMBL),,entry_level_cross_reference_isoform_unspecified,,,"[{""gene_id_versioned"": ""ENSMUSG00000030946.14"", ""isoform_id"": """", ""protein_id"": ""ENSMUSP00000147404.2"", ""transcript_id"": ""ENSMUST00000148669.2""}]",2026_03,0.1.0
ENSMUSG00000030946,Q9D7I5,10090,UniProtKB reviewed (Swiss-Prot),Q9D7I5-1,explicit_displayed_isoform_cross_reference,,,"[{""gene_id_versioned"": ""ENSMUSG00000030946.14"", ""isoform_id"": ""Q9D7I5-1"", ""protein_id"": ""ENSMUSP00000033241.6"", ""transcript_id"": ""ENSMUST00000033241.6""}, {""gene_id_versioned"": ""ENSMUSG00000030946.14"", ""isoform_id"": ""Q9D7I5-2"", ""protein_id"": ""ENSMUSP00000147970.2"", ""transcript_id"": ""ENSMUST00000106170.8""}]",2026_03,0.1.0
ENSMUSG00000040084,Q9Z1S0,10090,UniProtKB reviewed (Swiss-Prot),,entry_level_cross_reference_isoform_unspecified,,,"[{""gene_id_versioned"": ""ENSMUSG00000040084.10"", ""isoform_id"": """", ""protein_id"": ""ENSMUSP00000037126.8"", ""transcript_id"": ""ENSMUST00000038341.8""}]",2026_03,0.1.0
ENSMUSG00000025025,A0A494B9I5,10090,UniProtKB unreviewed (TrEMBL),,entry_level_cross_reference_isoform_unspecified,,,"[{""gene_id_versioned"": ""ENSMUSG00000025025.15"", ""isoform_id"": """", ""protein_id"": ""ENSMUSP00000157666.2"", ""transcript_id"": ""ENSMUST00000237837.2""}]",2026_03,0.1.0
ENSMUSG00000025025,A0A494B9V1,10090,UniProtKB unreviewed (TrEMBL),,entry_level_cross_reference_isoform_unspecified,,,"[{""gene_id_versioned"": ""ENSMUSG00000025025.15"", ""isoform_id"": """", ""protein_id"": ""ENSMUSP00000157822.2"", ""transcript_id"": ""ENSMUST00000237480.2""}]",2026_03,0.1.0
ENSMUSG00000025025,F8WHL3,10090,UniProtKB unreviewed (TrEMBL),,entry_level_cross_reference_isoform_unspecified,,,"[{""gene_id_versioned"": ""ENSMUSG00000025025.15"", ""isoform_id"": """", ""protein_id"": ""ENSMUSP00000003870.8"", ""transcript_id"": ""ENSMUST00000003870.15""}]",2026_03,0.1.0
ENSMUSG00000025025,P50540,10090,UniProtKB reviewed (Swiss-Prot),P50540-1,explicit_displayed_isoform_cross_reference,,,"[{""gene_id_versioned"": ""ENSMUSG00000025025.15"", ""isoform_id"": ""P50540-2"", ""protein_id"": ""ENSMUSP00000025998.9"", ""transcript_id"": ""ENSMUST00000025998.15""}, {""gene_id_versioned"": ""ENSMUSG00000025025.15"", ""isoform_id"": ""P50540-1"", ""protein_id"": ""ENSMUSP00000107366.3"", ""transcript_id"": ""ENSMUST00000111737.3""}, {""gene_id_versioned"": ""ENSMUSG00000025025.15"", ""isoform_id"": ""P50540-2"", ""protein_id"": ""ENSMUSP00000158401.2"", ""transcript_id"": ""ENSMUST00000235201.2""}, {""gene_id_versioned"": ""ENSMUSG00000025025.15"", ""isoform_id"": ""P50540-2"", ""protein_id"": ""ENSMUSP00000157790.2"", ""transcript_id"": ""ENSMUST00000235880.2""}, {""gene_id_versioned"": ""ENSMUSG00000025025.15"", ""isoform_id"": ""P50540-2"", ""protein_id"": ""ENSMUSP00000157400.2"", ""transcript_id"": ""ENSMUST00000236973.2""}]",2026_03,0.1.0
ENSMUSG00000025161,A0A0G2JD98,10090,UniProtKB unreviewed (TrEMBL),,entry_level_cross_reference_isoform_unspecified,,FRAGMENT_SEQUENCE,"[{""gene_id_versioned"": ""ENSMUSG00000025161.17"", ""isoform_id"": """", ""protein_id"": ""ENSMUSP00000115047.2"", ""transcript_id"": ""ENSMUST00000133029.2""}]",2026_03,0.1.0
ENSMUSG00000025161,B1ATM1,10090,UniProtKB unreviewed (TrEMBL),,entry_level_cross_reference_isoform_unspecified,,FRAGMENT_SEQUENCE,"[{""gene_id_versioned"": ""ENSMUSG00000025161.17"", ""isoform_id"": """", ""protein_id"": ""ENSMUSP00000122784.2"", ""transcript_id"": ""ENSMUST00000154187.8""}]",2026_03,0.1.0
ENSMUSG00000025161,B1ATM2,10090,UniProtKB unreviewed (TrEMBL),,entry_level_cross_reference_isoform_unspecified,,FRAGMENT_SEQUENCE,"[{""gene_id_versioned"": ""ENSMUSG00000025161.17"", ""isoform_id"": """", ""protein_id"": ""ENSMUSP00000117275.2"", ""transcript_id"": ""ENSMUST00000129473.8""}]",2026_03,0.1.0
ENSMUSG00000025161,P57787,10090,UniProtKB reviewed (Swiss-Prot),,entry_level_cross_reference_isoform_unspecified,,,"[{""gene_id_versioned"": ""ENSMUSG00000025161.17"", ""isoform_id"": """", ""protein_id"": ""ENSMUSP00000068854.7"", ""transcript_id"": ""ENSMUST00000070653.13""}, {""gene_id_versioned"": ""ENSMUSG00000025161.17"", ""isoform_id"": """", ""protein_id"": ""ENSMUSP00000097706.4"", ""transcript_id"": ""ENSMUST00000100130.10""}, {""gene_id_versioned"": ""ENSMUSG00000025161.17"", ""isoform_id"": """", ""protein_id"": ""ENSMUSP00000125846.2"", ""transcript_id"": ""ENSMUST00000168579.8""}]",2026_03,0.1.0
ENSMUSG00000000632,F6SXT0,10090,UniProtKB unreviewed (TrEMBL),,entry_level_cross_reference_isoform_unspecified,,AMBIGUOUS_OR_INVALID_SEQUENCE,"[{""gene_id_versioned"": ""ENSMUSG00000000632.14"", ""isoform_id"": """", ""protein_id"": ""ENSMUSP00000115660.2"", ""transcript_id"": ""ENSMUST00000140630.2""}]",2026_03,0.1.0
ENSMUSG00000000632,F6XNR8,10090,UniProtKB unreviewed (TrEMBL),,entry_level_cross_reference_isoform_unspecified,,AMBIGUOUS_OR_INVALID_SEQUENCE,"[{""gene_id_versioned"": ""ENSMUSG00000000632.14"", ""isoform_id"": """", ""protein_id"": ""ENSMUSP00000132041.2"", ""transcript_id"": ""ENSMUST00000151982.8""}]",2026_03,0.1.0
ENSMUSG00000000632,Q7TSK2,10090,UniProtKB reviewed (Swiss-Prot),Q7TSK2-1,explicit_displayed_isoform_cross_reference,,,"[{""gene_id_versioned"": ""ENSMUSG00000000632.14"", ""isoform_id"": ""Q7TSK2-2"", ""protein_id"": ""ENSMUSP00000000646.8"", ""transcript_id"": ""ENSMUST00000000646.14""}, {""gene_id_versioned"": ""ENSMUSG00000000632.14"", ""isoform_id"": ""Q7TSK2-1"", ""protein_id"": ""ENSMUSP00000091532.4"", ""transcript_id"": ""ENSMUST00000093995.10""}]",2026_03,0.1.0
ENSMUSG00000005233,A2AUT1,10090,UniProtKB unreviewed (TrEMBL),,entry_level_cross_reference_isoform_unspecified,,FRAGMENT_SEQUENCE,"[{""gene_id_versioned"": ""ENSMUSG00000005233.17"", ""isoform_id"": """", ""protein_id"": ""ENSMUSP00000120999.2"", ""transcript_id"": ""ENSMUST00000149045.8""}]",2026_03,0.1.0
ENSMUSG00000005233,A2AUT3,10090,UniProtKB unreviewed (TrEMBL),,entry_level_cross_reference_isoform_unspecified,,FRAGMENT_SEQUENCE,"[{""gene_id_versioned"": ""ENSMUSG00000005233.17"", ""isoform_id"": """", ""protein_id"": ""ENSMUSP00000117415.2"", ""transcript_id"": ""ENSMUST00000149643.2""}]",2026_03,0.1.0
ENSMUSG00000005233,A2AUT4,10090,UniProtKB unreviewed (TrEMBL),,entry_level_cross_reference_isoform_unspecified,,FRAGMENT_SEQUENCE,"[{""gene_id_versioned"": ""ENSMUSG00000005233.17"", ""isoform_id"": """", ""protein_id"": ""ENSMUSP00000120142.2"", ""transcript_id"": ""ENSMUST00000127243.8""}]",2026_03,0.1.0
ENSMUSG00000005233,Q3UA16,10090,UniProtKB reviewed (Swiss-Prot),Q3UA16-1,explicit_displayed_isoform_cross_reference,,,"[{""gene_id_versioned"": ""ENSMUSG00000005233.17"", ""isoform_id"": ""Q3UA16-1"", ""protein_id"": ""ENSMUSP00000005365.9"", ""transcript_id"": ""ENSMUST00000005365.15""}, {""gene_id_versioned"": ""ENSMUSG00000005233.17"", ""isoform_id"": ""Q3UA16-1"", ""protein_id"": ""ENSMUSP00000107939.2"", ""transcript_id"": ""ENSMUST00000112320.8""}, {""gene_id_versioned"": ""ENSMUSG00000005233.17"", ""isoform_id"": ""Q3UA16-2"", ""protein_id"": ""ENSMUSP00000128039.3"", ""transcript_id"": ""ENSMUST00000167875.9""}]",2026_03,0.1.0
ENSMUSG00000028152,D3YV61,10090,UniProtKB unreviewed (TrEMBL),,entry_level_cross_reference_isoform_unspecified,,FRAGMENT_SEQUENCE,"[{""gene_id_versioned"": ""ENSMUSG00000028152.11"", ""isoform_id"": """", ""protein_id"": ""ENSMUSP00000114663.2"", ""transcript_id"": ""ENSMUST00000146356.8""}]",2026_03,0.1.0
ENSMUSG00000028152,D3YZK1,10090,UniProtKB unreviewed (TrEMBL),,entry_level_cross_reference_isoform_unspecified,,FRAGMENT_SEQUENCE,"[{""gene_id_versioned"": ""ENSMUSG00000028152.11"", ""isoform_id"": """", ""protein_id"": ""ENSMUSP00000120961.2"", ""transcript_id"": ""ENSMUST00000135629.8""}]",2026_03,0.1.0
ENSMUSG00000028152,D3Z641,10090,UniProtKB unreviewed (TrEMBL),,entry_level_cross_reference_isoform_unspecified,,,"[{""gene_id_versioned"": ""ENSMUSG00000028152.11"", ""isoform_id"": """", ""protein_id"": ""ENSMUSP00000113230.2"", ""transcript_id"": ""ENSMUST00000119993.8""}, {""gene_id_versioned"": ""ENSMUSG00000028152.11"", ""isoform_id"": """", ""protein_id"": ""ENSMUSP00000113359.2"", ""transcript_id"": ""ENSMUST00000121826.3""}]",2026_03,0.1.0
ENSMUSG00000028152,D6REF5,10090,UniProtKB unreviewed (TrEMBL),,entry_level_cross_reference_isoform_unspecified,,,"[{""gene_id_versioned"": ""ENSMUSG00000028152.11"", ""isoform_id"": """", ""protein_id"": ""ENSMUSP00000117857.2"", ""transcript_id"": ""ENSMUST00000142001.8""}]",2026_03,0.1.0
ENSMUSG00000028152,D6RG91,10090,UniProtKB unreviewed (TrEMBL),,entry_level_cross_reference_isoform_unspecified,,,"[{""gene_id_versioned"": ""ENSMUSG00000028152.11"", ""isoform_id"": """", ""protein_id"": ""ENSMUSP00000122500.2"", ""transcript_id"": ""ENSMUST00000127772.2""}]",2026_03,0.1.0
ENSMUSG00000028152,F6XRD3,10090,UniProtKB unreviewed (TrEMBL),,entry_level_cross_reference_isoform_unspecified,,,"[{""gene_id_versioned"": ""ENSMUSG00000028152.11"", ""isoform_id"": """", ""protein_id"": ""ENSMUSP00000120969.2"", ""transcript_id"": ""ENSMUST00000142890.8""}]",2026_03,0.1.0
ENSMUSG00000028152,F7C5E2,10090,UniProtKB unreviewed (TrEMBL),,entry_level_cross_reference_isoform_unspecified,,FRAGMENT_SEQUENCE,"[{""gene_id_versioned"": ""ENSMUSG00000028152.11"", ""isoform_id"": """", ""protein_id"": ""ENSMUSP00000122120.3"", ""transcript_id"": ""ENSMUST00000153336.6""}]",2026_03,0.1.0
ENSMUSG00000028152,P62080,10090,UniProtKB reviewed (Swiss-Prot),,entry_level_cross_reference_isoform_unspecified,,,"[{""gene_id_versioned"": ""ENSMUSG00000028152.11"", ""isoform_id"": """", ""protein_id"": ""ENSMUSP00000029800.3"", ""transcript_id"": ""ENSMUST00000029800.9""}]",2026_03,0.1.0
ENSMUSG00000050623,A0A494BAH2,10090,UniProtKB unreviewed (TrEMBL),,entry_level_cross_reference_isoform_unspecified,,FRAGMENT_SEQUENCE,"[{""gene_id_versioned"": ""ENSMUSG00000050623.6"", ""isoform_id"": """", ""protein_id"": ""ENSMUSP00000158037.2"", ""transcript_id"": ""ENSMUST00000237586.2""}]",2026_03,0.1.0
ENSMUSG00000050623,A0A494BBE0,10090,UniProtKB unreviewed (TrEMBL),,entry_level_cross_reference_isoform_unspecified,,,"[{""gene_id_versioned"": ""ENSMUSG00000050623.6"", ""isoform_id"": """", ""protein_id"": ""ENSMUSP00000158477.2"", ""transcript_id"": ""ENSMUST00000237380.2""}]",2026_03,0.1.0
ENSMUSG00000050623,A0A494BBE5,10090,UniProtKB unreviewed (TrEMBL),,entry_level_cross_reference_isoform_unspecified,,AMBIGUOUS_OR_INVALID_SEQUENCE,"[{""gene_id_versioned"": ""ENSMUSG00000050623.6"", ""isoform_id"": """", ""protein_id"": ""ENSMUSP00000158423.2"", ""transcript_id"": ""ENSMUST00000237743.2""}]",2026_03,0.1.0
ENSMUSG00000050623,Q9CQP8,10090,UniProtKB reviewed (Swiss-Prot),,entry_level_cross_reference_isoform_unspecified,,,"[{""gene_id_versioned"": ""ENSMUSG00000050623.6"", ""isoform_id"": """", ""protein_id"": ""ENSMUSP00000056681.5"", ""transcript_id"": ""ENSMUST00000057716.6""}]",2026_03,0.1.0
ENSMUSG00000061702,D3Z7E7,10090,UniProtKB unreviewed (TrEMBL),,entry_level_cross_reference_isoform_unspecified,,,"[{""gene_id_versioned"": ""ENSMUSG00000061702.11"", ""isoform_id"": """", ""protein_id"": ""ENSMUSP00000104042.2"", ""transcript_id"": ""ENSMUST00000108405.2""}]",2026_03,0.1.0
ENSMUSG00000061702,D3Z7E8,10090,UniProtKB unreviewed (TrEMBL),,entry_level_cross_reference_isoform_unspecified,,,"[{""gene_id_versioned"": ""ENSMUSG00000061702.11"", ""isoform_id"": """", ""protein_id"": ""ENSMUSP00000104041.2"", ""transcript_id"": ""ENSMUST00000108404.8""}]",2026_03,0.1.0
ENSMUSG00000061702,F6VMA8,10090,UniProtKB unreviewed (TrEMBL),,entry_level_cross_reference_isoform_unspecified,,AMBIGUOUS_OR_INVALID_SEQUENCE,"[{""gene_id_versioned"": ""ENSMUSG00000061702.11"", ""isoform_id"": """", ""protein_id"": ""ENSMUSP00000115089.2"", ""transcript_id"": ""ENSMUST00000150883.8""}]",2026_03,0.1.0
ENSMUSG00000061702,Q8C581,10090,UniProtKB reviewed (Swiss-Prot),,entry_level_cross_reference_isoform_unspecified,,,"[{""gene_id_versioned"": ""ENSMUSG00000061702.11"", ""isoform_id"": """", ""protein_id"": ""ENSMUSP00000078407.4"", ""transcript_id"": ""ENSMUST00000079439.10""}]",2026_03,0.1.0
ENSMUSG00000020553,Q5SV41,10090,UniProtKB unreviewed (TrEMBL),,entry_level_cross_reference_isoform_unspecified,,,"[{""gene_id_versioned"": ""ENSMUSG00000020553.9"", ""isoform_id"": """", ""protein_id"": ""ENSMUSP00000020864.9"", ""transcript_id"": ""ENSMUST00000020864.9""}]",2026_03,0.1.0
ENSMUSG00000022209,F6QBI9,10090,UniProtKB unreviewed (TrEMBL),,entry_level_cross_reference_isoform_unspecified,,,"[{""gene_id_versioned"": ""ENSMUSG00000022209.13"", ""isoform_id"": """", ""protein_id"": ""ENSMUSP00000022820.6"", ""transcript_id"": ""ENSMUST00000022820.12""}, {""gene_id_versioned"": ""ENSMUSG00000022209.13"", ""isoform_id"": """", ""protein_id"": ""ENSMUSP00000129115.2"", ""transcript_id"": ""ENSMUST00000165432.2""}]",2026_03,0.1.0
ENSMUSG00000028248,A2AJT3,10090,UniProtKB unreviewed (TrEMBL),,entry_level_cross_reference_isoform_unspecified,,,"[{""gene_id_versioned"": ""ENSMUSG00000028248.16"", ""isoform_id"": """", ""protein_id"": ""ENSMUSP00000103864.2"", ""transcript_id"": ""ENSMUST00000108229.2""}, {""gene_id_versioned"": ""ENSMUSG00000028248.16"", ""isoform_id"": """", ""protein_id"": ""ENSMUSP00000139324.2"", ""transcript_id"": ""ENSMUST00000185001.8""}]",2026_03,0.1.0
ENSMUSG00000028248,A2AJT4,10090,UniProtKB reviewed (Swiss-Prot),,entry_level_cross_reference_isoform_unspecified,,,"[{""gene_id_versioned"": ""ENSMUSG00000028248.16"", ""isoform_id"": """", ""protein_id"": ""ENSMUSP00000095840.3"", ""transcript_id"": ""ENSMUST00000098238.9""}]",2026_03,0.1.0
ENSMUSG00000028248,A2AJT5,10090,UniProtKB unreviewed (TrEMBL),,entry_level_cross_reference_isoform_unspecified,,,"[{""gene_id_versioned"": ""ENSMUSG00000028248.16"", ""isoform_id"": """", ""protein_id"": ""ENSMUSP00000029911.6"", ""transcript_id"": ""ENSMUST00000029911.12""}]",2026_03,0.1.0
ENSMUSG00000070873,D3Z7A9,10090,UniProtKB unreviewed (TrEMBL),,entry_level_cross_reference_isoform_unspecified,,,"[{""gene_id_versioned"": ""ENSMUSG00000070873.6"", ""isoform_id"": """", ""protein_id"": ""ENSMUSP00000113091.2"", ""transcript_id"": ""ENSMUST00000117550.2""}]",2026_03,0.1.0
ENSMUSG00000034227,Q61660,10090,UniProtKB reviewed (Swiss-Prot),,entry_level_cross_reference_isoform_unspecified,,,"[{""gene_id_versioned"": ""ENSMUSG00000034227.8"", ""isoform_id"": """", ""protein_id"": ""ENSMUSP00000038351.7"", ""transcript_id"": ""ENSMUST00000036215.8""}]",2026_03,0.1.0
ENSMUSG00000022537,E9Q4M0,10090,UniProtKB unreviewed (TrEMBL),,entry_level_cross_reference_isoform_unspecified,,,"[{""gene_id_versioned"": ""ENSMUSG00000022537.19"", ""isoform_id"": """", ""protein_id"": ""ENSMUSP00000123494.2"", ""transcript_id"": ""ENSMUST00000140402.8""}]",2026_03,0.1.0
ENSMUSG00000022537,F6Q8S3,10090,UniProtKB unreviewed (TrEMBL),,entry_level_cross_reference_isoform_unspecified,,,"[{""gene_id_versioned"": ""ENSMUSG00000022537.19"", ""isoform_id"": """", ""protein_id"": ""ENSMUSP00000119318.3"", ""transcript_id"": ""ENSMUST00000144001.9""}]",2026_03,0.1.0
ENSMUSG00000022537,F6SF18,10090,UniProtKB unreviewed (TrEMBL),,entry_level_cross_reference_isoform_unspecified,,,"[{""gene_id_versioned"": ""ENSMUSG00000022537.19"", ""isoform_id"": """", ""protein_id"": ""ENSMUSP00000087207.6"", ""transcript_id"": ""ENSMUST00000089775.11""}]",2026_03,0.1.0
ENSMUSG00000022537,F7D1Q2,10090,UniProtKB unreviewed (TrEMBL),,entry_level_cross_reference_isoform_unspecified,,FRAGMENT_SEQUENCE,"[{""gene_id_versioned"": ""ENSMUSG00000022537.19"", ""isoform_id"": """", ""protein_id"": ""ENSMUSP00000116531.3"", ""transcript_id"": ""ENSMUST00000149110.3""}]",2026_03,0.1.0
ENSMUSG00000033960,Q5DTX6,10090,UniProtKB reviewed (Swiss-Prot),,entry_level_cross_reference_isoform_unspecified,,,"[{""gene_id_versioned"": ""ENSMUSG00000033960.7"", ""isoform_id"": """", ""protein_id"": ""ENSMUSP00000038613.6"", ""transcript_id"": ""ENSMUST00000037029.7""}, {""gene_id_versioned"": ""ENSMUSG00000033960.7"", ""isoform_id"": """", ""protein_id"": ""ENSMUSP00000157313.2"", ""transcript_id"": ""ENSMUST00000234153.2""}]",2026_03,0.1.0
ENSMUSG00000021587,A0A1Y7VJY7,10090,UniProtKB unreviewed (TrEMBL),,entry_level_cross_reference_isoform_unspecified,,AMBIGUOUS_OR_INVALID_SEQUENCE,"[{""gene_id_versioned"": ""ENSMUSG00000021587.6"", ""isoform_id"": """", ""protein_id"": ""ENSMUSP00000152702.2"", ""transcript_id"": ""ENSMUST00000222727.2""}]",2026_03,0.1.0
ENSMUSG00000021587,P63239,10090,UniProtKB reviewed (Swiss-Prot),,entry_level_cross_reference_isoform_unspecified,,,"[{""gene_id_versioned"": ""ENSMUSG00000021587.6"", ""isoform_id"": """", ""protein_id"": ""ENSMUSP00000022075.5"", ""transcript_id"": ""ENSMUST00000022075.6""}]",2026_03,0.1.0
ENSMUSG00000032356,A0A087WS68,10090,UniProtKB unreviewed (TrEMBL),,entry_level_cross_reference_isoform_unspecified,,,"[{""gene_id_versioned"": ""ENSMUSG00000032356.13"", ""isoform_id"": """", ""protein_id"": ""ENSMUSP00000140921.2"", ""transcript_id"": ""ENSMUST00000189545.2""}]",2026_03,0.1.0
ENSMUSG00000032356,F7B4Z9,10090,UniProtKB unreviewed (TrEMBL),,entry_level_cross_reference_isoform_unspecified,,,"[{""gene_id_versioned"": ""ENSMUSG00000032356.13"", ""isoform_id"": """", ""protein_id"": ""ENSMUSP00000034909.5"", ""transcript_id"": ""ENSMUST00000034909.11""}]",2026_03,0.1.0
ENSMUSG00000032356,P27671,10090,UniProtKB reviewed (Swiss-Prot),,entry_level_cross_reference_isoform_unspecified,,,"[{""gene_id_versioned"": ""ENSMUSG00000032356.13"", ""isoform_id"": """", ""protein_id"": ""ENSMUSP00000034912.5"", ""transcript_id"": ""ENSMUST00000034912.6""}]",2026_03,0.1.0
ENSMUSG00000034107,A0A087WPD8,10090,UniProtKB unreviewed (TrEMBL),,entry_level_cross_reference_isoform_unspecified,,AMBIGUOUS_OR_INVALID_SEQUENCE,"[{""gene_id_versioned"": ""ENSMUSG00000034107.11"", ""isoform_id"": """", ""protein_id"": ""ENSMUSP00000139733.2"", ""transcript_id"": ""ENSMUST00000190340.2""}]",2026_03,0.1.0
ENSMUSG00000034107,Q14AT5,10090,UniProtKB reviewed (Swiss-Prot),Q14AT5-1,explicit_displayed_isoform_cross_reference,,,"[{""gene_id_versioned"": ""ENSMUSG00000034107.11"", ""isoform_id"": ""Q14AT5-2"", ""protein_id"": ""ENSMUSP00000050495.6"", ""transcript_id"": ""ENSMUST00000058682.11""}, {""gene_id_versioned"": ""ENSMUSG00000034107.11"", ""isoform_id"": ""Q14AT5-1"", ""protein_id"": ""ENSMUSP00000140438.2"", ""transcript_id"": ""ENSMUST00000186641.7""}]",2026_03,0.1.0
ENSMUSG00000000682,Q64389,10090,UniProtKB reviewed (Swiss-Prot),,entry_level_cross_reference_isoform_unspecified,,,"[{""gene_id_versioned"": ""ENSMUSG00000000682.8"", ""isoform_id"": """", ""protein_id"": ""ENSMUSP00000000696.7"", ""transcript_id"": ""ENSMUST00000000696.7""}]",2026_03,0.1.0
ENSMUSG00000001349,A0A1L1SRL1,10090,UniProtKB unreviewed (TrEMBL),,entry_level_cross_reference_isoform_unspecified,,FRAGMENT_SEQUENCE,"[{""gene_id_versioned"": ""ENSMUSG00000001349.6"", ""isoform_id"": """", ""protein_id"": ""ENSMUSP00000149514.2"", ""transcript_id"": ""ENSMUST00000213607.2""}]",2026_03,0.1.0
ENSMUSG00000001349,A0A1L1SRV0,10090,UniProtKB unreviewed (TrEMBL),,entry_level_cross_reference_isoform_unspecified,,,"[{""gene_id_versioned"": ""ENSMUSG00000001349.6"", ""isoform_id"": """", ""protein_id"": ""ENSMUSP00000149628.2"", ""transcript_id"": ""ENSMUST00000214601.2""}]",2026_03,0.1.0
ENSMUSG00000001349,A0A1L1SUB2,10090,UniProtKB unreviewed (TrEMBL),,entry_level_cross_reference_isoform_unspecified,,FRAGMENT_SEQUENCE,"[{""gene_id_versioned"": ""ENSMUSG00000001349.6"", ""isoform_id"": """", ""protein_id"": ""ENSMUSP00000150665.2"", ""transcript_id"": ""ENSMUST00000216872.2""}]",2026_03,0.1.0
ENSMUSG00000001349,Q08091,10090,UniProtKB reviewed (Swiss-Prot),Q08091-1,explicit_displayed_isoform_cross_reference,,,"[{""gene_id_versioned"": ""ENSMUSG00000001349.6"", ""isoform_id"": ""Q08091-1"", ""protein_id"": ""ENSMUSP00000001384.5"", ""transcript_id"": ""ENSMUST00000001384.6""}]",2026_03,0.1.0
ENSMUSG00000032531,A0A087WRL8,10090,UniProtKB unreviewed (TrEMBL),,entry_level_cross_reference_isoform_unspecified,,FRAGMENT_SEQUENCE,"[{""gene_id_versioned"": ""ENSMUSG00000032531.16"", ""isoform_id"": """", ""protein_id"": ""ENSMUSP00000140688.2"", ""transcript_id"": ""ENSMUST00000190047.7""}]",2026_03,0.1.0
ENSMUSG00000032531,B8JK81,10090,UniProtKB unreviewed (TrEMBL),,entry_level_cross_reference_isoform_unspecified,,AMBIGUOUS_OR_INVALID_SEQUENCE,"[{""gene_id_versioned"": ""ENSMUSG00000032531.16"", ""isoform_id"": """", ""protein_id"": ""ENSMUSP00000115845.3"", ""transcript_id"": ""ENSMUST00000130602.2""}]",2026_03,0.1.0
ENSMUSG00000032531,B8JK82,10090,UniProtKB unreviewed (TrEMBL),,entry_level_cross_reference_isoform_unspecified,,FRAGMENT_SEQUENCE,"[{""gene_id_versioned"": ""ENSMUSG00000032531.16"", ""isoform_id"": """", ""protein_id"": ""ENSMUSP00000118126.2"", ""transcript_id"": ""ENSMUST00000145913.2""}]",2026_03,0.1.0
ENSMUSG00000032531,B8JK83,10090,UniProtKB unreviewed (TrEMBL),,entry_level_cross_reference_isoform_unspecified,,FRAGMENT_SEQUENCE,"[{""gene_id_versioned"": ""ENSMUSG00000032531.16"", ""isoform_id"": """", ""protein_id"": ""ENSMUSP00000114950.2"", ""transcript_id"": ""ENSMUST00000145937.2""}]",2026_03,0.1.0
ENSMUSG00000032531,B8JK84,10090,UniProtKB unreviewed (TrEMBL),,entry_level_cross_reference_isoform_unspecified,,FRAGMENT_SEQUENCE,"[{""gene_id_versioned"": ""ENSMUSG00000032531.16"", ""isoform_id"": """", ""protein_id"": ""ENSMUSP00000116554.2"", ""transcript_id"": ""ENSMUST00000156485.2""}]",2026_03,0.1.0
ENSMUSG00000032531,B8JK85,10090,UniProtKB unreviewed (TrEMBL),,entry_level_cross_reference_isoform_unspecified,,FRAGMENT_SEQUENCE,"[{""gene_id_versioned"": ""ENSMUSG00000032531.16"", ""isoform_id"": """", ""protein_id"": ""ENSMUSP00000118176.2"", ""transcript_id"": ""ENSMUST00000134483.2""}]",2026_03,0.1.0
ENSMUSG00000032531,B8JK86,10090,UniProtKB unreviewed (TrEMBL),,entry_level_cross_reference_isoform_unspecified,,FRAGMENT_SEQUENCE,"[{""gene_id_versioned"": ""ENSMUSG00000032531.16"", ""isoform_id"": """", ""protein_id"": ""ENSMUSP00000119903.2"", ""transcript_id"": ""ENSMUST00000153911.2""}]",2026_03,0.1.0
ENSMUSG00000032531,B8JK87,10090,UniProtKB unreviewed (TrEMBL),,entry_level_cross_reference_isoform_unspecified,,,"[{""gene_id_versioned"": ""ENSMUSG00000032531.16"", ""isoform_id"": """", ""protein_id"": ""ENSMUSP00000121113.2"", ""transcript_id"": ""ENSMUST00000153965.8""}]",2026_03,0.1.0
ENSMUSG00000032531,F6VTR7,10090,UniProtKB unreviewed (TrEMBL),,entry_level_cross_reference_isoform_unspecified,,,"[{""gene_id_versioned"": ""ENSMUSG00000032531.16"", ""isoform_id"": """", ""protein_id"": ""ENSMUSP00000120378.2"", ""transcript_id"": ""ENSMUST00000142011.8""}]",2026_03,0.1.0
ENSMUSG00000032531,Q8K371,10090,UniProtKB reviewed (Swiss-Prot),,entry_level_cross_reference_isoform_unspecified,,,"[{""gene_id_versioned"": ""ENSMUSG00000032531.16"", ""isoform_id"": """", ""protein_id"": ""ENSMUSP00000035121.8"", ""transcript_id"": ""ENSMUST00000035121.14""}]",2026_03,0.1.0
ENSMUSG00000025950,A0A087WNN7,10090,UniProtKB unreviewed (TrEMBL),,entry_level_cross_reference_isoform_unspecified,,FRAGMENT_SEQUENCE,"[{""gene_id_versioned"": ""ENSMUSG00000025950.17"", ""isoform_id"": """", ""protein_id"": ""ENSMUSP00000139430.2"", ""transcript_id"": ""ENSMUST00000191459.2""}]",2026_03,0.1.0
ENSMUSG00000025950,A0A087WPT4,10090,UniProtKB unreviewed (TrEMBL),,entry_level_cross_reference_isoform_unspecified,,FRAGMENT_SEQUENCE,"[{""gene_id_versioned"": ""ENSMUSG00000025950.17"", ""isoform_id"": """", ""protein_id"": ""ENSMUSP00000139906.2"", ""transcript_id"": ""ENSMUST00000188876.7""}]",2026_03,0.1.0
ENSMUSG00000025950,A0A087WRM4,10090,UniProtKB unreviewed (TrEMBL),,entry_level_cross_reference_isoform_unspecified,,FRAGMENT_SEQUENCE,"[{""gene_id_versioned"": ""ENSMUSG00000025950.17"", ""isoform_id"": """", ""protein_id"": ""ENSMUSP00000140694.2"", ""transcript_id"": ""ENSMUST00000186222.7""}]",2026_03,0.1.0
ENSMUSG00000025950,A0A087WRS9,10090,UniProtKB unreviewed (TrEMBL),,entry_level_cross_reference_isoform_unspecified,,FRAGMENT_SEQUENCE,"[{""gene_id_versioned"": ""ENSMUSG00000025950.17"", ""isoform_id"": """", ""protein_id"": ""ENSMUSP00000140757.2"", ""transcript_id"": ""ENSMUST00000188109.7""}]",2026_03,0.1.0
ENSMUSG00000025950,D3YVY3,10090,UniProtKB unreviewed (TrEMBL),,entry_level_cross_reference_isoform_unspecified,,FRAGMENT_SEQUENCE,"[{""gene_id_versioned"": ""ENSMUSG00000025950.17"", ""isoform_id"": """", ""protein_id"": ""ENSMUSP00000117853.2"", ""transcript_id"": ""ENSMUST00000149310.8""}]",2026_03,0.1.0
ENSMUSG00000025950,O88844,10090,UniProtKB reviewed (Swiss-Prot),,entry_level_cross_reference_isoform_unspecified,,,"[{""gene_id_versioned"": ""ENSMUSG00000025950.17"", ""isoform_id"": """", ""protein_id"": ""ENSMUSP00000095316.5"", ""transcript_id"": ""ENSMUST00000097709.11""}, {""gene_id_versioned"": ""ENSMUSG00000025950.17"", ""isoform_id"": """", ""protein_id"": ""ENSMUSP00000127307.2"", ""transcript_id"": ""ENSMUST00000169032.8""}]",2026_03,0.1.0
ENSMUSG00000048988,Q8C8T7,10090,UniProtKB reviewed (Swiss-Prot),,entry_level_cross_reference_isoform_unspecified,,,"[{""gene_id_versioned"": ""ENSMUSG00000048988.9"", ""isoform_id"": """", ""protein_id"": ""ENSMUSP00000053869.7"", ""transcript_id"": ""ENSMUST00000050519.8""}]",2026_03,0.1.0
ENSMUSG00000078439,D3Z3Y2,10090,UniProtKB unreviewed (TrEMBL),,entry_level_cross_reference_isoform_unspecified,,,"[{""gene_id_versioned"": ""ENSMUSG00000078439.10"", ""isoform_id"": """", ""protein_id"": ""ENSMUSP00000113817.2"", ""transcript_id"": ""ENSMUST00000118206.2""}]",2026_03,0.1.0
ENSMUSG00000078439,Q0VG18,10090,UniProtKB reviewed (Swiss-Prot),,entry_level_cross_reference_isoform_unspecified,,,"[{""gene_id_versioned"": ""ENSMUSG00000078439.10"", ""isoform_id"": """", ""protein_id"": ""ENSMUSP00000100959.3"", ""transcript_id"": ""ENSMUST00000105322.9""}]",2026_03,0.1.0
ENSMUSG00000033863,F6VF06,10090,UniProtKB unreviewed (TrEMBL),,entry_level_cross_reference_isoform_unspecified,,,"[{""gene_id_versioned"": ""ENSMUSG00000033863.3"", ""isoform_id"": """", ""protein_id"": ""ENSMUSP00000045639.2"", ""transcript_id"": ""ENSMUST00000036884.3""}]",2026_03,0.1.0
ENSMUSG00000030609,A0A0U1RNV2,10090,UniProtKB unreviewed (TrEMBL),,entry_level_cross_reference_isoform_unspecified,,FRAGMENT_SEQUENCE,"[{""gene_id_versioned"": ""ENSMUSG00000030609.19"", ""isoform_id"": """", ""protein_id"": ""ENSMUSP00000145715.2"", ""transcript_id"": ""ENSMUST00000205861.2""}]",2026_03,0.1.0
ENSMUSG00000030609,A0A0U1RQ47,10090,UniProtKB unreviewed (TrEMBL),,entry_level_cross_reference_isoform_unspecified,,FRAGMENT_SEQUENCE,"[{""gene_id_versioned"": ""ENSMUSG00000030609.19"", ""isoform_id"": """", ""protein_id"": ""ENSMUSP00000146246.2"", ""transcript_id"": ""ENSMUST00000205882.2""}]",2026_03,0.1.0
ENSMUSG00000030609,D3Z516,10090,UniProtKB unreviewed (TrEMBL),,entry_level_cross_reference_isoform_unspecified,,FRAGMENT_SEQUENCE,"[{""gene_id_versioned"": ""ENSMUSG00000030609.19"", ""isoform_id"": """", ""protein_id"": ""ENSMUSP00000117331.2"", ""transcript_id"": ""ENSMUST00000138167.2""}]",2026_03,0.1.0
ENSMUSG00000030609,Q9CZI9,10090,UniProtKB reviewed (Swiss-Prot),Q9CZI9-1,explicit_displayed_isoform_cross_reference,,,"[{""gene_id_versioned"": ""ENSMUSG00000030609.19"", ""isoform_id"": ""Q9CZI9-2"", ""protein_id"": ""ENSMUSP00000103044.2"", ""transcript_id"": ""ENSMUST00000107421.8""}, {""gene_id_versioned"": ""ENSMUSG00000030609.19"", ""isoform_id"": ""Q9CZI9-1"", ""protein_id"": ""ENSMUSP00000103046.2"", ""transcript_id"": ""ENSMUST00000107423.2""}, {""gene_id_versioned"": ""ENSMUSG00000030609.19"", ""isoform_id"": ""Q9CZI9-1"", ""protein_id"": ""ENSMUSP00000103048.2"", ""transcript_id"": ""ENSMUST00000107425.8""}]",2026_03,0.1.0
ENSMUSG00000074264,D3YYQ5,10090,UniProtKB unreviewed (TrEMBL),,entry_level_cross_reference_isoform_unspecified,,FRAGMENT_SEQUENCE,"[{""gene_id_versioned"": ""ENSMUSG00000074264.13"", ""isoform_id"": """", ""protein_id"": ""ENSMUSP00000120493.3"", ""transcript_id"": ""ENSMUST00000142505.9""}]",2026_03,0.1.0
ENSMUSG00000074264,G3UXY7,10090,UniProtKB unreviewed (TrEMBL),,entry_level_cross_reference_isoform_unspecified,,FRAGMENT_SEQUENCE,"[{""gene_id_versioned"": ""ENSMUSG00000074264.13"", ""isoform_id"": """", ""protein_id"": ""ENSMUSP00000133875.2"", ""transcript_id"": ""ENSMUST00000174147.2""}]",2026_03,0.1.0
ENSMUSG00000074264,P00687,10090,UniProtKB reviewed (Swiss-Prot),,entry_level_cross_reference_isoform_unspecified,,,"[{""gene_id_versioned"": ""ENSMUSG00000074264.13"", ""isoform_id"": """", ""protein_id"": ""ENSMUSP00000070368.6"", ""transcript_id"": ""ENSMUST00000067980.12""}, {""gene_id_versioned"": ""ENSMUSG00000074264.13"", ""isoform_id"": """", ""protein_id"": ""ENSMUSP00000102150.2"", ""transcript_id"": ""ENSMUST00000106540.8""}]",2026_03,0.1.0
ENSMUSG00000031610,O88745,10090,UniProtKB reviewed (Swiss-Prot),,entry_level_cross_reference_isoform_unspecified,,,"[{""gene_id_versioned"": ""ENSMUSG00000031610.4"", ""isoform_id"": """", ""protein_id"": ""ENSMUSP00000034023.4"", ""transcript_id"": ""ENSMUST00000034023.4""}]",2026_03,0.1.0
ENSMUSG00000001240,A2A4K2,10090,UniProtKB unreviewed (TrEMBL),,entry_level_cross_reference_isoform_unspecified,,FRAGMENT_SEQUENCE,"[{""gene_id_versioned"": ""ENSMUSG00000001240.14"", ""isoform_id"": """", ""protein_id"": ""ENSMUSP00000123150.2"", ""transcript_id"": ""ENSMUST00000151830.2""}]",2026_03,0.1.0
ENSMUSG00000001240,A8XY18,10090,UniProtKB unreviewed (TrEMBL),,entry_level_cross_reference_isoform_unspecified,,,"[{""gene_id_versioned"": ""ENSMUSG00000001240.14"", ""isoform_id"": """", ""protein_id"": ""ENSMUSP00000114061.2"", ""transcript_id"": ""ENSMUST00000122006.8""}]",2026_03,0.1.0
ENSMUSG00000001240,D6RHQ4,10090,UniProtKB unreviewed (TrEMBL),,entry_level_cross_reference_isoform_unspecified,,,"[{""gene_id_versioned"": ""ENSMUSG00000001240.14"", ""isoform_id"": """", ""protein_id"": ""ENSMUSP00000116331.2"", ""transcript_id"": ""ENSMUST00000149585.8""}]",2026_03,0.1.0
ENSMUSG00000001240,E9Q0S5,10090,UniProtKB unreviewed (TrEMBL),,entry_level_cross_reference_isoform_unspecified,,,"[{""gene_id_versioned"": ""ENSMUSG00000001240.14"", ""isoform_id"": """", ""protein_id"": ""ENSMUSP00000127718.2"", ""transcript_id"": ""ENSMUST00000128260.9""}]",2026_03,0.1.0
ENSMUSG00000001240,F6YPZ1,10090,UniProtKB unreviewed (TrEMBL),,entry_level_cross_reference_isoform_unspecified,,FRAGMENT_SEQUENCE,"[{""gene_id_versioned"": ""ENSMUSG00000001240.14"", ""isoform_id"": """", ""protein_id"": ""ENSMUSP00000102903.4"", ""transcript_id"": ""ENSMUST00000107282.4""}]",2026_03,0.1.0
ENSMUSG00000001240,Q9WUP0,10090,UniProtKB reviewed (Swiss-Prot),,entry_level_cross_reference_isoform_unspecified,,,"[{""gene_id_versioned"": ""ENSMUSG00000001240.14"", ""isoform_id"": """", ""protein_id"": ""ENSMUSP00000122072.2"", ""transcript_id"": ""ENSMUST00000129680.8""}]",2026_03,0.1.0
ENSMUSG00000021951,A0A0D2X7Z2,10090,UniProtKB unreviewed (TrEMBL),,entry_level_cross_reference_isoform_unspecified,,,"[{""gene_id_versioned"": ""ENSMUSG00000021951.8"", ""isoform_id"": """", ""protein_id"": ""ENSMUSP00000022518.6"", ""transcript_id"": ""ENSMUST00000022518.8""}]",2026_03,0.1.0
ENSMUSG00000021951,Q9CY45,10090,UniProtKB reviewed (Swiss-Prot),,entry_level_cross_reference_isoform_unspecified,,,"[{""gene_id_versioned"": ""ENSMUSG00000021951.8"", ""isoform_id"": """", ""protein_id"": ""ENSMUSP00000159159.2"", ""transcript_id"": ""ENSMUST00000239099.2""}]",2026_03,0.1.0
ENSMUSG00000022548,P51910,10090,UniProtKB reviewed (Swiss-Prot),,entry_level_cross_reference_isoform_unspecified,,,"[{""gene_id_versioned"": ""ENSMUSG00000022548.15"", ""isoform_id"": """", ""protein_id"": ""ENSMUSP00000110885.2"", ""transcript_id"": ""ENSMUST00000115230.2""}, {""gene_id_versioned"": ""ENSMUSG00000022548.15"", ""isoform_id"": """", ""protein_id"": ""ENSMUSP00000119827.2"", ""transcript_id"": ""ENSMUST00000130560.8""}]",2026_03,0.1.0
ENSMUSG00000054641,A0A0N4SVL8,10090,UniProtKB unreviewed (TrEMBL),,entry_level_cross_reference_isoform_unspecified,,,"[{""gene_id_versioned"": ""ENSMUSG00000054641.11"", ""isoform_id"": """", ""protein_id"": ""ENSMUSP00000145156.2"", ""transcript_id"": ""ENSMUST00000204333.2""}]",2026_03,0.1.0
ENSMUSG00000054641,G3UVV6,10090,UniProtKB unreviewed (TrEMBL),,entry_level_cross_reference_isoform_unspecified,,,"[{""gene_id_versioned"": ""ENSMUSG00000054641.11"", ""isoform_id"": """", ""protein_id"": ""ENSMUSP00000119609.2"", ""transcript_id"": ""ENSMUST00000129603.4""}]",2026_03,0.1.0
ENSMUSG00000033595,A0A2I3BPU5,10090,UniProtKB unreviewed (TrEMBL),,entry_level_cross_reference_isoform_unspecified,,,"[{""gene_id_versioned"": ""ENSMUSG00000033595.8"", ""isoform_id"": """", ""protein_id"": ""ENSMUSP00000153920.2"", ""transcript_id"": ""ENSMUST00000226548.2""}]",2026_03,0.1.0
ENSMUSG00000033595,Q8K406,10090,UniProtKB reviewed (Swiss-Prot),,entry_level_cross_reference_isoform_unspecified,,,"[{""gene_id_versioned"": ""ENSMUSG00000033595.8"", ""isoform_id"": """", ""protein_id"": ""ENSMUSP00000046705.7"", ""transcript_id"": ""ENSMUST00000047331.8""}]",2026_03,0.1.0
ENSMUSG00000006398,Q9JJ66,10090,UniProtKB reviewed (Swiss-Prot),,entry_level_cross_reference_isoform_unspecified,,,"[{""gene_id_versioned"": ""ENSMUSG00000006398.16"", ""isoform_id"": """", ""protein_id"": ""ENSMUSP00000006565.7"", ""transcript_id"": ""ENSMUST00000006565.13""}]",2026_03,0.1.0
ENSMUSG00000006398,V9GXW0,10090,UniProtKB unreviewed (TrEMBL),,entry_level_cross_reference_isoform_unspecified,,AMBIGUOUS_OR_INVALID_SEQUENCE,"[{""gene_id_versioned"": ""ENSMUSG00000006398.16"", ""isoform_id"": """", ""protein_id"": ""ENSMUSP00000139345.2"", ""transcript_id"": ""ENSMUST00000183942.2""}]",2026_03,0.1.0
ENSMUSG00000043631,Q5FW85,10090,UniProtKB reviewed (Swiss-Prot),,entry_level_cross_reference_isoform_unspecified,,,"[{""gene_id_versioned"": ""ENSMUSG00000043631.9"", ""isoform_id"": """", ""protein_id"": ""ENSMUSP00000060402.8"", ""transcript_id"": ""ENSMUST00000051504.8""}]",2026_03,0.1.0
ENSMUSG00000015354,Q8R4W6,10090,UniProtKB reviewed (Swiss-Prot),,entry_level_cross_reference_isoform_unspecified,,,"[{""gene_id_versioned"": ""ENSMUSG00000015354.9"", ""isoform_id"": """", ""protein_id"": ""ENSMUSP00000015498.9"", ""transcript_id"": ""ENSMUST00000015498.9""}]",2026_03,0.1.0
ENSMUSG00000024039,A0A494BAQ7,10090,UniProtKB unreviewed (TrEMBL),,entry_level_cross_reference_isoform_unspecified,,FRAGMENT_SEQUENCE,"[{""gene_id_versioned"": ""ENSMUSG00000024039.16"", ""isoform_id"": """", ""protein_id"": ""ENSMUSP00000158148.2"", ""transcript_id"": ""ENSMUST00000128351.9""}]",2026_03,0.1.0
ENSMUSG00000024039,A0A494BB97,10090,UniProtKB unreviewed (TrEMBL),,entry_level_cross_reference_isoform_unspecified,,FRAGMENT_SEQUENCE,"[{""gene_id_versioned"": ""ENSMUSG00000024039.16"", ""isoform_id"": """", ""protein_id"": ""ENSMUSP00000158373.2"", ""transcript_id"": ""ENSMUST00000236909.2""}]",2026_03,0.1.0
ENSMUSG00000024039,D3YUF2,10090,UniProtKB unreviewed (TrEMBL),,entry_level_cross_reference_isoform_unspecified,,FRAGMENT_SEQUENCE,"[{""gene_id_versioned"": ""ENSMUSG00000024039.16"", ""isoform_id"": """", ""protein_id"": ""ENSMUSP00000118472.2"", ""transcript_id"": ""ENSMUST00000155814.8""}]",2026_03,0.1.0
ENSMUSG00000024039,D3YYN0,10090,UniProtKB unreviewed (TrEMBL),,entry_level_cross_reference_isoform_unspecified,,FRAGMENT_SEQUENCE,"[{""gene_id_versioned"": ""ENSMUSG00000024039.16"", ""isoform_id"": """", ""protein_id"": ""ENSMUSP00000118785.3"", ""transcript_id"": ""ENSMUST00000135425.9""}]",2026_03,0.1.0
ENSMUSG00000024039,D3Z4K2,10090,UniProtKB unreviewed (TrEMBL),,entry_level_cross_reference_isoform_unspecified,,FRAGMENT_SEQUENCE,"[{""gene_id_versioned"": ""ENSMUSG00000024039.16"", ""isoform_id"": """", ""protein_id"": ""ENSMUSP00000117454.3"", ""transcript_id"": ""ENSMUST00000151718.3""}]",2026_03,0.1.0
ENSMUSG00000024039,Q91WT9,10090,UniProtKB reviewed (Swiss-Prot),Q91WT9-1,explicit_displayed_isoform_cross_reference,,,"[{""gene_id_versioned"": ""ENSMUSG00000024039.16"", ""isoform_id"": ""Q91WT9-1"", ""protein_id"": ""ENSMUSP00000066878.7"", ""transcript_id"": ""ENSMUST00000067801.14""}, {""gene_id_versioned"": ""ENSMUSG00000024039.16"", ""isoform_id"": ""Q91WT9-2"", ""protein_id"": ""ENSMUSP00000077597.6"", ""transcript_id"": ""ENSMUST00000078509.12""}, {""gene_id_versioned"": ""ENSMUSG00000024039.16"", ""isoform_id"": ""Q91WT9-2"", ""protein_id"": ""ENSMUSP00000113209.2"", ""transcript_id"": ""ENSMUST00000118504.9""}, {""gene_id_versioned"": ""ENSMUSG00000024039.16"", ""isoform_id"": ""Q91WT9-1"", ""protein_id"": ""ENSMUSP00000158269.2"", ""transcript_id"": ""ENSMUST00000236853.2""}]",2026_03,0.1.0
ENSMUSG00000026202,A0A087WQS4,10090,UniProtKB unreviewed (TrEMBL),,entry_level_cross_reference_isoform_unspecified,,AMBIGUOUS_OR_INVALID_SEQUENCE,"[{""gene_id_versioned"": ""ENSMUSG00000026202.14"", ""isoform_id"": """", ""protein_id"": ""ENSMUSP00000140321.2"", ""transcript_id"": ""ENSMUST00000186971.2""}]",2026_03,0.1.0
ENSMUSG00000026202,A0A087WRB4,10090,UniProtKB unreviewed (TrEMBL),,entry_level_cross_reference_isoform_unspecified,,FRAGMENT_SEQUENCE,"[{""gene_id_versioned"": ""ENSMUSG00000026202.14"", ""isoform_id"": """", ""protein_id"": ""ENSMUSP00000140552.2"", ""transcript_id"": ""ENSMUST00000186758.7""}]",2026_03,0.1.0
ENSMUSG00000026202,A0A087WS35,10090,UniProtKB unreviewed (TrEMBL),,entry_level_cross_reference_isoform_unspecified,,FRAGMENT_SEQUENCE,"[{""gene_id_versioned"": ""ENSMUSG00000026202.14"", ""isoform_id"": """", ""protein_id"": ""ENSMUSP00000140881.2"", ""transcript_id"": ""ENSMUST00000188593.2""}]",2026_03,0.1.0
ENSMUSG00000026202,A0A087WSB0,10090,UniProtKB unreviewed (TrEMBL),,entry_level_cross_reference_isoform_unspecified,,FRAGMENT_SEQUENCE,"[{""gene_id_versioned"": ""ENSMUSG00000026202.14"", ""isoform_id"": """", ""protein_id"": ""ENSMUSP00000140970.2"", ""transcript_id"": ""ENSMUST00000189131.2""}]",2026_03,0.1.0
ENSMUSG00000026202,A0A087WSL5,10090,UniProtKB unreviewed (TrEMBL),,entry_level_cross_reference_isoform_unspecified,,FRAGMENT_SEQUENCE,"[{""gene_id_versioned"": ""ENSMUSG00000026202.14"", ""isoform_id"": """", ""protein_id"": ""ENSMUSP00000141097.2"", ""transcript_id"": ""ENSMUST00000190717.7""}]",2026_03,0.1.0
ENSMUSG00000026202,A0A0A0MQA5,10090,UniProtKB unreviewed (TrEMBL),,entry_level_cross_reference_isoform_unspecified,,AMBIGUOUS_OR_INVALID_SEQUENCE,"[{""gene_id_versioned"": ""ENSMUSG00000026202.14"", ""isoform_id"": """", ""protein_id"": ""ENSMUSP00000078429.8"", ""transcript_id"": ""ENSMUST00000079464.13""}]",2026_03,0.1.0
ENSMUSG00000026202,P68368,10090,UniProtKB reviewed (Swiss-Prot),,entry_level_cross_reference_isoform_unspecified,,,"[{""gene_id_versioned"": ""ENSMUSG00000026202.14"", ""isoform_id"": """", ""protein_id"": ""ENSMUSP00000140657.2"", ""transcript_id"": ""ENSMUST00000186213.7""}]",2026_03,0.1.0
ENSMUSG00000030317,A0A0N4SUR1,10090,UniProtKB unreviewed (TrEMBL),,entry_level_cross_reference_isoform_unspecified,,,"[{""gene_id_versioned"": ""ENSMUSG00000030317.9"", ""isoform_id"": """", ""protein_id"": ""ENSMUSP00000144785.2"", ""transcript_id"": ""ENSMUST00000205131.2""}]",2026_03,0.1.0
ENSMUSG00000030317,Q9JHB3,10090,UniProtKB reviewed (Swiss-Prot),,entry_level_cross_reference_isoform_unspecified,,,"[{""gene_id_versioned"": ""ENSMUSG00000030317.9"", ""isoform_id"": """", ""protein_id"": ""ENSMUSP00000032462.7"", ""transcript_id"": ""ENSMUST00000032462.9""}]",2026_03,0.1.0
ENSMUSG00000039114,A0A286YCW7,10090,UniProtKB unreviewed (TrEMBL),,entry_level_cross_reference_isoform_unspecified,,FRAGMENT_SEQUENCE,"[{""gene_id_versioned"": ""ENSMUSG00000039114.17"", ""isoform_id"": """", ""protein_id"": ""ENSMUSP00000153173.2"", ""transcript_id"": ""ENSMUST00000224960.2""}]",2026_03,0.1.0
ENSMUSG00000039114,A0A286YD56,10090,UniProtKB unreviewed (TrEMBL),,entry_level_cross_reference_isoform_unspecified,,,"[{""gene_id_versioned"": ""ENSMUSG00000039114.17"", ""isoform_id"": """", ""protein_id"": ""ENSMUSP00000153099.2"", ""transcript_id"": ""ENSMUST00000224323.2""}]",2026_03,0.1.0
ENSMUSG00000039114,A0A286YDV9,10090,UniProtKB unreviewed (TrEMBL),,entry_level_cross_reference_isoform_unspecified,,,"[{""gene_id_versioned"": ""ENSMUSG00000039114.17"", ""isoform_id"": """", ""protein_id"": ""ENSMUSP00000153395.2"", ""transcript_id"": ""ENSMUST00000223611.2""}]",2026_03,0.1.0
ENSMUSG00000039114,D3Z4E2,10090,UniProtKB unreviewed (TrEMBL),,entry_level_cross_reference_isoform_unspecified,,,"[{""gene_id_versioned"": ""ENSMUSG00000039114.17"", ""isoform_id"": """", ""protein_id"": ""ENSMUSP00000113721.2"", ""transcript_id"": ""ENSMUST00000122286.2""}]",2026_03,0.1.0
ENSMUSG00000039114,Q8CFV4,10090,UniProtKB reviewed (Swiss-Prot),,entry_level_cross_reference_isoform_unspecified,,,"[{""gene_id_versioned"": ""ENSMUSG00000039114.17"", ""isoform_id"": """", ""protein_id"": ""ENSMUSP00000040900.9"", ""transcript_id"": ""ENSMUST00000037623.15""}]",2026_03,0.1.0
ENSMUSG00000042524,E0CY32,10090,UniProtKB unreviewed (TrEMBL),,entry_level_cross_reference_isoform_unspecified,,FRAGMENT_SEQUENCE,"[{""gene_id_versioned"": ""ENSMUSG00000042524.15"", ""isoform_id"": """", ""protein_id"": ""ENSMUSP00000124515.2"", ""transcript_id"": ""ENSMUST00000162499.2""}]",2026_03,0.1.0
ENSMUSG00000042524,E0CY39,10090,UniProtKB unreviewed (TrEMBL),,entry_level_cross_reference_isoform_unspecified,,FRAGMENT_SEQUENCE,"[{""gene_id_versioned"": ""ENSMUSG00000042524.15"", ""isoform_id"": """", ""protein_id"": ""ENSMUSP00000124504.2"", ""transcript_id"": ""ENSMUST00000159660.2""}]",2026_03,0.1.0
ENSMUSG00000042524,E0CY44,10090,UniProtKB unreviewed (TrEMBL),,entry_level_cross_reference_isoform_unspecified,,FRAGMENT_SEQUENCE,"[{""gene_id_versioned"": ""ENSMUSG00000042524"", ""isoform_id"": """", ""protein_id"": ""ENSMUSP00000124495"", ""transcript_id"": ""ENSMUST00000160355""}]",2026_03,0.1.0
ENSMUSG00000042524,Q8BJS4,10090,UniProtKB reviewed (Swiss-Prot),Q8BJS4-1,explicit_displayed_isoform_cross_reference,,,"[{""gene_id_versioned"": ""ENSMUSG00000042524.15"", ""isoform_id"": ""Q8BJS4-1"", ""protein_id"": ""ENSMUSP00000047864.8"", ""transcript_id"": ""ENSMUST00000046259.14""}, {""gene_id_versioned"": ""ENSMUSG00000042524.15"", ""isoform_id"": ""Q8BJS4-3"", ""protein_id"": ""ENSMUSP00000086724.5"", ""transcript_id"": ""ENSMUST00000089311.11""}, {""gene_id_versioned"": ""ENSMUSG00000042524.15"", ""isoform_id"": ""Q8BJS4-2"", ""protein_id"": ""ENSMUSP00000098006.4"", ""transcript_id"": ""ENSMUST00000100439.10""}]",2026_03,0.1.0
ENSMUSG00000004127,A0A0R4J205,10090,UniProtKB unreviewed (TrEMBL),,entry_level_cross_reference_isoform_unspecified,,,"[{""gene_id_versioned"": ""ENSMUSG00000004127.13"", ""isoform_id"": """", ""protein_id"": ""ENSMUSP00000042082.8"", ""transcript_id"": ""ENSMUST00000040321.13""}, {""gene_id_versioned"": ""ENSMUSG00000004127.13"", ""isoform_id"": """", ""protein_id"": ""ENSMUSP00000125749.3"", ""transcript_id"": ""ENSMUST00000162864.8""}]",2026_03,0.1.0
ENSMUSG00000004127,E0CY61,10090,UniProtKB unreviewed (TrEMBL),,entry_level_cross_reference_isoform_unspecified,,FRAGMENT_SEQUENCE,"[{""gene_id_versioned"": ""ENSMUSG00000004127.13"", ""isoform_id"": """", ""protein_id"": ""ENSMUSP00000124465.3"", ""transcript_id"": ""ENSMUST00000159481.8""}]",2026_03,0.1.0
ENSMUSG00000004127,E0CZ56,10090,UniProtKB unreviewed (TrEMBL),,entry_level_cross_reference_isoform_unspecified,,FRAGMENT_SEQUENCE,"[{""gene_id_versioned"": ""ENSMUSG00000004127.13"", ""isoform_id"": """", ""protein_id"": ""ENSMUSP00000125681.3"", ""transcript_id"": ""ENSMUST00000161141.2""}]",2026_03,0.1.0
ENSMUSG00000004127,E9Q663,10090,UniProtKB unreviewed (TrEMBL),,entry_level_cross_reference_isoform_unspecified,,FRAGMENT_SEQUENCE,"[{""gene_id_versioned"": ""ENSMUSG00000004127.13"", ""isoform_id"": """", ""protein_id"": ""ENSMUSP00000130478.3"", ""transcript_id"": ""ENSMUST00000159622.8""}]",2026_03,0.1.0
ENSMUSG00000020914,Q01320,10090,UniProtKB reviewed (Swiss-Prot),,entry_level_cross_reference_isoform_unspecified,,,"[{""gene_id_versioned"": ""ENSMUSG00000020914.18"", ""isoform_id"": """", ""protein_id"": ""ENSMUSP00000068896.8"", ""transcript_id"": ""ENSMUST00000068031.8""}]",2026_03,0.1.0
ENSMUSG00000094500,J3QNP2,10090,UniProtKB unreviewed (TrEMBL),,entry_level_cross_reference_isoform_unspecified,,,"[{""gene_id_versioned"": ""ENSMUSG00000094500.3"", ""isoform_id"": """", ""protein_id"": ""ENSMUSP00000136891.2"", ""transcript_id"": ""ENSMUST00000179364.3""}]",2026_03,0.1.0
ENSMUSG00000032299,A0A1L1SRJ9,10090,UniProtKB unreviewed (TrEMBL),,entry_level_cross_reference_isoform_unspecified,,AMBIGUOUS_OR_INVALID_SEQUENCE,"[{""gene_id_versioned"": ""ENSMUSG00000032299.11"", ""isoform_id"": """", ""protein_id"": ""ENSMUSP00000149502.2"", ""transcript_id"": ""ENSMUST00000217018.2""}]",2026_03,0.1.0
ENSMUSG00000032299,A0A1L1SRM6,10090,UniProtKB unreviewed (TrEMBL),,entry_level_cross_reference_isoform_unspecified,,FRAGMENT_SEQUENCE,"[{""gene_id_versioned"": ""ENSMUSG00000032299.11"", ""isoform_id"": """", ""protein_id"": ""ENSMUSP00000149534.2"", ""transcript_id"": ""ENSMUST00000214097.2""}]",2026_03,0.1.0
ENSMUSG00000032299,A0A1L1SRX4,10090,UniProtKB unreviewed (TrEMBL),,entry_level_cross_reference_isoform_unspecified,,AMBIGUOUS_OR_INVALID_SEQUENCE,"[{""gene_id_versioned"": ""ENSMUSG00000032299.11"", ""isoform_id"": """", ""protein_id"": ""ENSMUSP00000149657.2"", ""transcript_id"": ""ENSMUST00000215013.2""}]",2026_03,0.1.0
ENSMUSG00000032299,A0A1L1ST08,10090,UniProtKB unreviewed (TrEMBL),,entry_level_cross_reference_isoform_unspecified,,AMBIGUOUS_OR_INVALID_SEQUENCE,"[{""gene_id_versioned"": ""ENSMUSG00000032299.11"", ""isoform_id"": """", ""protein_id"": ""ENSMUSP00000150129.2"", ""transcript_id"": ""ENSMUST00000213580.2""}]",2026_03,0.1.0
ENSMUSG00000032299,A0A1L1STT5,10090,UniProtKB unreviewed (TrEMBL),,entry_level_cross_reference_isoform_unspecified,,FRAGMENT_SEQUENCE,"[{""gene_id_versioned"": ""ENSMUSG00000032299.11"", ""isoform_id"": """", ""protein_id"": ""ENSMUSP00000150460.2"", ""transcript_id"": ""ENSMUST00000214174.2""}]",2026_03,0.1.0
ENSMUSG00000032299,A0A1L1SVC7,10090,UniProtKB unreviewed (TrEMBL),,entry_level_cross_reference_isoform_unspecified,,AMBIGUOUS_OR_INVALID_SEQUENCE,"[{""gene_id_versioned"": ""ENSMUSG00000032299.11"", ""isoform_id"": """", ""protein_id"": ""ENSMUSP00000151102.2"", ""transcript_id"": ""ENSMUST00000214640.2""}]",2026_03,0.1.0
ENSMUSG00000032299,Q9CQ02,10090,UniProtKB reviewed (Swiss-Prot),,entry_level_cross_reference_isoform_unspecified,,,"[{""gene_id_versioned"": ""ENSMUSG00000032299.11"", ""isoform_id"": """", ""protein_id"": ""ENSMUSP00000069078.8"", ""transcript_id"": ""ENSMUST00000065358.9""}]",2026_03,0.1.0
ENSMUSG00000055407,A0A140LIT9,10090,UniProtKB unreviewed (TrEMBL),,entry_level_cross_reference_isoform_unspecified,,,"[{""gene_id_versioned"": ""ENSMUSG00000055407.15"", ""isoform_id"": """", ""protein_id"": ""ENSMUSP00000146954.2"", ""transcript_id"": ""ENSMUST00000208924.2""}]",2026_03,0.1.0
ENSMUSG00000055407,D3Z6W1,10090,UniProtKB unreviewed (TrEMBL),,entry_level_cross_reference_isoform_unspecified,,,"[{""gene_id_versioned"": ""ENSMUSG00000055407.15"", ""isoform_id"": """", ""protein_id"": ""ENSMUSP00000113183.2"", ""transcript_id"": ""ENSMUST00000122101.8""}]",2026_03,0.1.0
ENSMUSG00000055407,Q7TSJ2,10090,UniProtKB reviewed (Swiss-Prot),Q7TSJ2-1,explicit_displayed_isoform_cross_reference,,,"[{""gene_id_versioned"": ""ENSMUSG00000055407.15"", ""isoform_id"": ""Q7TSJ2-1"", ""protein_id"": ""ENSMUSP00000064787.5"", ""transcript_id"": ""ENSMUST00000068973.11""}, {""gene_id_versioned"": ""ENSMUSG00000055407.15"", ""isoform_id"": ""Q7TSJ2-3"", ""protein_id"": ""ENSMUSP00000102717.3"", ""transcript_id"": ""ENSMUST00000107100.3""}, {""gene_id_versioned"": ""ENSMUSG00000055407.15"", ""isoform_id"": ""Q7TSJ2-2"", ""protein_id"": ""ENSMUSP00000146340.2"", ""transcript_id"": ""ENSMUST00000127492.2""}, {""gene_id_versioned"": ""ENSMUSG00000055407.15"", ""isoform_id"": ""Q7TSJ2-1"", ""protein_id"": ""ENSMUSP00000146585.2"", ""transcript_id"": ""ENSMUST00000207883.2""}, {""gene_id_versioned"": ""ENSMUSG00000055407.15"", ""isoform_id"": ""Q7TSJ2-3"", ""protein_id"": ""ENSMUSP00000146897.2"", ""transcript_id"": ""ENSMUST00000208605.2""}]",2026_03,0.1.0
ENSMUSG00000061132,D3YWR2,10090,UniProtKB unreviewed (TrEMBL),,entry_level_cross_reference_isoform_unspecified,,,"[{""gene_id_versioned"": ""ENSMUSG00000061132.14"", ""isoform_id"": """", ""protein_id"": ""ENSMUSP00000112473.2"", ""transcript_id"": ""ENSMUST00000117695.8""}]",2026_03,0.1.0
ENSMUSG00000061132,Q9QUN3,10090,UniProtKB reviewed (Swiss-Prot),,entry_level_cross_reference_isoform_unspecified,,,"[{""gene_id_versioned"": ""ENSMUSG00000061132.14"", ""isoform_id"": """", ""protein_id"": ""ENSMUSP00000057844.7"", ""transcript_id"": ""ENSMUST00000054769.7""}]",2026_03,0.1.0
ENSMUSG00000079436,G3UX25,10090,UniProtKB unreviewed (TrEMBL),,entry_level_cross_reference_isoform_unspecified,,,"[{""gene_id_versioned"": ""ENSMUSG00000079436.4"", ""isoform_id"": """", ""protein_id"": ""ENSMUSP00000133524.2"", ""transcript_id"": ""ENSMUST00000174179.2""}]",2026_03,0.1.0
ENSMUSG00000079436,P86046,10090,UniProtKB reviewed (Swiss-Prot),,entry_level_cross_reference_isoform_unspecified,,,"[{""gene_id_versioned"": ""ENSMUSG00000079436.4"", ""isoform_id"": """", ""protein_id"": ""ENSMUSP00000108838.4"", ""transcript_id"": ""ENSMUST00000113212.4""}]",2026_03,0.1.0
ENSMUSG00000001156,A0A0N4SVF6,10090,UniProtKB unreviewed (TrEMBL),,entry_level_cross_reference_isoform_unspecified,,FRAGMENT_SEQUENCE,"[{""gene_id_versioned"": ""ENSMUSG00000001156.10"", ""isoform_id"": """", ""protein_id"": ""ENSMUSP00000145081.2"", ""transcript_id"": ""ENSMUST00000203946.2""}]",2026_03,0.1.0
ENSMUSG00000001156,A0A0N4SW68,10090,UniProtKB unreviewed (TrEMBL),,entry_level_cross_reference_isoform_unspecified,,,"[{""gene_id_versioned"": ""ENSMUSG00000001156.10"", ""isoform_id"": """", ""protein_id"": ""ENSMUSP00000145396.2"", ""transcript_id"": ""ENSMUST00000204437.2""}]",2026_03,0.1.0
ENSMUSG00000001156,F6U639,10090,UniProtKB unreviewed (TrEMBL),,entry_level_cross_reference_isoform_unspecified,,,"[{""gene_id_versioned"": ""ENSMUSG00000001156.10"", ""isoform_id"": """", ""protein_id"": ""ENSMUSP00000001184.8"", ""transcript_id"": ""ENSMUST00000001184.10""}]",2026_03,0.1.0
ENSMUSG00000019961,Q61029,10090,UniProtKB reviewed (Swiss-Prot),Q61029-1,explicit_displayed_isoform_cross_reference,,,"[{""gene_id_versioned"": ""ENSMUSG00000019961.18"", ""isoform_id"": ""Q61029-1"", ""protein_id"": ""ENSMUSP00000072092.8"", ""transcript_id"": ""ENSMUST00000072239.14""}, {""gene_id_versioned"": ""ENSMUSG00000019961.18"", ""isoform_id"": ""Q61029-3"", ""protein_id"": ""ENSMUSP00000089864.7"", ""transcript_id"": ""ENSMUST00000092219.14""}, {""gene_id_versioned"": ""ENSMUSG00000019961.18"", ""isoform_id"": ""Q61029-2"", ""protein_id"": ""ENSMUSP00000096956.5"", ""transcript_id"": ""ENSMUST00000099355.12""}, {""gene_id_versioned"": ""ENSMUSG00000019961.18"", ""isoform_id"": ""Q61029-4"", ""protein_id"": ""ENSMUSP00000100930.4"", ""transcript_id"": ""ENSMUST00000105293.11""}]",2026_03,0.1.0
ENSMUSG00000019961,Q61033,10090,UniProtKB reviewed (Swiss-Prot),Q61033-1,explicit_displayed_isoform_cross_reference,,,"[{""gene_id_versioned"": ""ENSMUSG00000019961.18"", ""isoform_id"": ""Q61033-1"", ""protein_id"": ""ENSMUSP00000020123.6"", ""transcript_id"": ""ENSMUST00000020123.7""}]",2026_03,0.1.0
ENSMUSG00000038393,Q8BG60,10090,UniProtKB reviewed (Swiss-Prot),Q8BG60-1,explicit_displayed_isoform_cross_reference,,,"[{""gene_id_versioned"": ""ENSMUSG00000038393.15"", ""isoform_id"": ""Q8BG60-2"", ""protein_id"": ""ENSMUSP00000041467.8"", ""transcript_id"": ""ENSMUST00000049093.8""}, {""gene_id_versioned"": ""ENSMUSG00000038393.15"", ""isoform_id"": ""Q8BG60-1"", ""protein_id"": ""ENSMUSP00000102710.3"", ""transcript_id"": ""ENSMUST00000074519.13""}]",2026_03,0.1.0
ENSMUSG00000020838,Q5NCR5,10090,UniProtKB unreviewed (TrEMBL),,entry_level_cross_reference_isoform_unspecified,,FRAGMENT_SEQUENCE,"[{""gene_id_versioned"": ""ENSMUSG00000020838.13"", ""isoform_id"": """", ""protein_id"": ""ENSMUSP00000115264.2"", ""transcript_id"": ""ENSMUST00000129572.3""}]",2026_03,0.1.0
ENSMUSG00000020838,Q60857,10090,UniProtKB reviewed (Swiss-Prot),,entry_level_cross_reference_isoform_unspecified,,,"[{""gene_id_versioned"": ""ENSMUSG00000020838.13"", ""isoform_id"": """", ""protein_id"": ""ENSMUSP00000021195.5"", ""transcript_id"": ""ENSMUST00000021195.11""}, {""gene_id_versioned"": ""ENSMUSG00000020838.13"", ""isoform_id"": """", ""protein_id"": ""ENSMUSP00000104039.3"", ""transcript_id"": ""ENSMUST00000108402.9""}]",2026_03,0.1.0
ENSMUSG00000026473,A0ABJ3FL53,10090,UniProtKB unreviewed (TrEMBL),,entry_level_cross_reference_isoform_unspecified,,,"[{""gene_id_versioned"": ""ENSMUSG00000026473.18"", ""isoform_id"": """", ""protein_id"": ""ENSMUSP00000123157.5"", ""transcript_id"": ""ENSMUST00000140685.5""}]",2026_03,0.1.0
ENSMUSG00000026473,D3YVK1,10090,UniProtKB unreviewed (TrEMBL),,entry_level_cross_reference_isoform_unspecified,,FRAGMENT_SEQUENCE,"[{""gene_id_versioned"": ""ENSMUSG00000026473.18"", ""isoform_id"": """", ""protein_id"": ""ENSMUSP00000114377.2"", ""transcript_id"": ""ENSMUST00000139476.8""}]",2026_03,0.1.0
ENSMUSG00000026473,P15105,10090,UniProtKB reviewed (Swiss-Prot),,entry_level_cross_reference_isoform_unspecified,,,"[{""gene_id_versioned"": ""ENSMUSG00000026473.18"", ""isoform_id"": """", ""protein_id"": ""ENSMUSP00000083375.6"", ""transcript_id"": ""ENSMUST00000086199.12""}, {""gene_id_versioned"": ""ENSMUSG00000026473.18"", ""isoform_id"": """", ""protein_id"": ""ENSMUSP00000160105.1"", ""transcript_id"": ""ENSMUST00000381746.1""}, {""gene_id_versioned"": ""ENSMUSG00000026473.18"", ""isoform_id"": """", ""protein_id"": ""ENSMUSP00000160106.1"", ""transcript_id"": ""ENSMUST00000381747.1""}, {""gene_id_versioned"": ""ENSMUSG00000026473.18"", ""isoform_id"": """", ""protein_id"": ""ENSMUSP00000160107.1"", ""transcript_id"": ""ENSMUST00000381748.1""}]",2026_03,0.1.0
ENSMUSG00000028865,Q9D6W7,10090,UniProtKB reviewed (Swiss-Prot),,entry_level_cross_reference_isoform_unspecified,,,"[{""gene_id_versioned"": ""ENSMUSG00000028865.15"", ""isoform_id"": """", ""protein_id"": ""ENSMUSP00000101530.2"", ""transcript_id"": ""ENSMUST00000105910.2""}]",2026_03,0.1.0
ENSMUSG00000013089,E9Q288,10090,UniProtKB unreviewed (TrEMBL),,entry_level_cross_reference_isoform_unspecified,,FRAGMENT_SEQUENCE,"[{""gene_id_versioned"": ""ENSMUSG00000013089.16"", ""isoform_id"": """", ""protein_id"": ""ENSMUSP00000132210.2"", ""transcript_id"": ""ENSMUST00000170393.2""}]",2026_03,0.1.0
ENSMUSG00000013089,F6Q487,10090,UniProtKB unreviewed (TrEMBL),,entry_level_cross_reference_isoform_unspecified,,AMBIGUOUS_OR_INVALID_SEQUENCE,"[{""gene_id_versioned"": ""ENSMUSG00000013089.16"", ""isoform_id"": """", ""protein_id"": ""ENSMUSP00000128338.2"", ""transcript_id"": ""ENSMUST00000170803.2""}]",2026_03,0.1.0
ENSMUSG00000013089,F7A407,10090,UniProtKB unreviewed (TrEMBL),,entry_level_cross_reference_isoform_unspecified,,,"[{""gene_id_versioned"": ""ENSMUSG00000013089.16"", ""isoform_id"": """", ""protein_id"": ""ENSMUSP00000131791.2"", ""transcript_id"": ""ENSMUST00000168774.8""}]",2026_03,0.1.0
ENSMUSG00000013089,Q9CXC9,10090,UniProtKB reviewed (Swiss-Prot),,entry_level_cross_reference_isoform_unspecified,,,"[{""gene_id_versioned"": ""ENSMUSG00000013089.16"", ""isoform_id"": """", ""protein_id"": ""ENSMUSP00000078551.7"", ""transcript_id"": ""ENSMUST00000079601.13""}]",2026_03,0.1.0
ENSMUSG00000041220,A0A0G2JFD6,10090,UniProtKB unreviewed (TrEMBL),,entry_level_cross_reference_isoform_unspecified,,,"[{""gene_id_versioned"": ""ENSMUSG00000041220.11"", ""isoform_id"": """", ""protein_id"": ""ENSMUSP00000143131.2"", ""transcript_id"": ""ENSMUST00000197070.5""}]",2026_03,0.1.0
ENSMUSG00000041220,A0A0G2JFE8,10090,UniProtKB unreviewed (TrEMBL),,entry_level_cross_reference_isoform_unspecified,,FRAGMENT_SEQUENCE,"[{""gene_id_versioned"": ""ENSMUSG00000041220.11"", ""isoform_id"": """", ""protein_id"": ""ENSMUSP00000143143.2"", ""transcript_id"": ""ENSMUST00000197235.5""}]",2026_03,0.1.0
ENSMUSG00000041220,A0A0G2JGX5,10090,UniProtKB unreviewed (TrEMBL),,entry_level_cross_reference_isoform_unspecified,,FRAGMENT_SEQUENCE,"[{""gene_id_versioned"": ""ENSMUSG00000041220.11"", ""isoform_id"": """", ""protein_id"": ""ENSMUSP00000143736.2"", ""transcript_id"": ""ENSMUST00000198369.2""}]",2026_03,0.1.0
ENSMUSG00000041220,Q920L5,10090,UniProtKB reviewed (Swiss-Prot),,entry_level_cross_reference_isoform_unspecified,,,"[{""gene_id_versioned"": ""ENSMUSG00000041220.11"", ""isoform_id"": """", ""protein_id"": ""ENSMUSP00000071351.3"", ""transcript_id"": ""ENSMUST00000071402.7""}, {""gene_id_versioned"": ""ENSMUSG00000041220.11"", ""isoform_id"": """", ""protein_id"": ""ENSMUSP00000142832.2"", ""transcript_id"": ""ENSMUST00000199910.5""}]",2026_03,0.1.0
ENSMUSG00000038642,F6WR04,10090,UniProtKB unreviewed (TrEMBL),,entry_level_cross_reference_isoform_unspecified,,,"[{""gene_id_versioned"": ""ENSMUSG00000038642.11"", ""isoform_id"": """", ""protein_id"": ""ENSMUSP00000015667.4"", ""transcript_id"": ""ENSMUST00000015667.9""}]",2026_03,0.1.0
ENSMUSG00000038642,O70370,10090,UniProtKB reviewed (Swiss-Prot),,entry_level_cross_reference_isoform_unspecified,,,"[{""gene_id_versioned"": ""ENSMUSG00000038642.11"", ""isoform_id"": """", ""protein_id"": ""ENSMUSP00000112006.3"", ""transcript_id"": ""ENSMUST00000116304.3""}]",2026_03,0.1.0
ENSMUSG00000052957,A0A286YD87,10090,UniProtKB unreviewed (TrEMBL),,entry_level_cross_reference_isoform_unspecified,,,"[{""gene_id_versioned"": ""ENSMUSG00000052957.9"", ""isoform_id"": """", ""protein_id"": ""ENSMUSP00000153311.2"", ""transcript_id"": ""ENSMUST00000223933.2""}]",2026_03,0.1.0
ENSMUSG00000052957,Q01721,10090,UniProtKB reviewed (Swiss-Prot),,entry_level_cross_reference_isoform_unspecified,,,"[{""gene_id_versioned"": ""ENSMUSG00000052957.9"", ""isoform_id"": """", ""protein_id"": ""ENSMUSP00000064555.6"", ""transcript_id"": ""ENSMUST00000065086.6""}]",2026_03,0.1.0
ENSMUSG00000026172,Q9CZP5,10090,UniProtKB reviewed (Swiss-Prot),,entry_level_cross_reference_isoform_unspecified,,,"[{""gene_id_versioned"": ""ENSMUSG00000026172.13"", ""isoform_id"": """", ""protein_id"": ""ENSMUSP00000027358.5"", ""transcript_id"": ""ENSMUST00000027358.11""}, {""gene_id_versioned"": ""ENSMUSG00000026172.13"", ""isoform_id"": """", ""protein_id"": ""ENSMUSP00000109361.2"", ""transcript_id"": ""ENSMUST00000113732.2""}, {""gene_id_versioned"": ""ENSMUSG00000026172.13"", ""isoform_id"": """", ""protein_id"": ""ENSMUSP00000109362.4"", ""transcript_id"": ""ENSMUST00000113733.10""}]",2026_03,0.1.0
ENSMUSG00000031960,A0A1Y7VE86,10090,UniProtKB unreviewed (TrEMBL),,entry_level_cross_reference_isoform_unspecified,,FRAGMENT_SEQUENCE,"[{""gene_id_versioned"": ""ENSMUSG00000031960.15"", ""isoform_id"": """", ""protein_id"": ""ENSMUSP00000122388.2"", ""transcript_id"": ""ENSMUST00000125268.2""}]",2026_03,0.1.0
ENSMUSG00000031960,Q8BGQ7,10090,UniProtKB reviewed (Swiss-Prot),,entry_level_cross_reference_isoform_unspecified,,,"[{""gene_id_versioned"": ""ENSMUSG00000031960.15"", ""isoform_id"": """", ""protein_id"": ""ENSMUSP00000034441.8"", ""transcript_id"": ""ENSMUST00000034441.8""}]",2026_03,0.1.0
ENSMUSG00000035305,Q9Z139,10090,UniProtKB reviewed (Swiss-Prot),,entry_level_cross_reference_isoform_unspecified,,,"[{""gene_id_versioned"": ""ENSMUSG00000035305.6"", ""isoform_id"": """", ""protein_id"": ""ENSMUSP00000048171.6"", ""transcript_id"": ""ENSMUST00000039630.6""}]",2026_03,0.1.0
ENSMUSG00000041120,Q61477,10090,UniProtKB reviewed (Swiss-Prot),,entry_level_cross_reference_isoform_unspecified,,,"[{""gene_id_versioned"": ""ENSMUSG00000041120.7"", ""isoform_id"": """", ""protein_id"": ""ENSMUSP00000045608.7"", ""transcript_id"": ""ENSMUST00000042844.7""}]",2026_03,0.1.0
ENSMUSG00000017756,A0A1Y7VMP9,10090,UniProtKB unreviewed (TrEMBL),,entry_level_cross_reference_isoform_unspecified,,,"[{""gene_id_versioned"": ""ENSMUSG00000017756.11"", ""isoform_id"": """", ""protein_id"": ""ENSMUSP00000152846.2"", ""transcript_id"": ""ENSMUST00000220535.2""}]",2026_03,0.1.0
ENSMUSG00000017756,A0ACI5RDP9,10090,UniProtKB unreviewed (TrEMBL),,entry_level_cross_reference_isoform_unspecified,,,"[{""gene_id_versioned"": ""ENSMUSG00000017756.11"", ""isoform_id"": """", ""protein_id"": ""ENSMUSP00000160251.1"", ""transcript_id"": ""ENSMUST00000381878.1""}]",2026_03,0.1.0
ENSMUSG00000017756,Q9WVL3,10090,UniProtKB reviewed (Swiss-Prot),Q9WVL3-1,explicit_displayed_isoform_cross_reference,,,"[{""gene_id_versioned"": ""ENSMUSG00000017756.11"", ""isoform_id"": ""Q9WVL3-1"", ""protein_id"": ""ENSMUSP00000017900.8"", ""transcript_id"": ""ENSMUST00000017900.9""}]",2026_03,0.1.0
ENSMUSG00000025980,D3Z2F2,10090,UniProtKB unreviewed (TrEMBL),,entry_level_cross_reference_isoform_unspecified,,FRAGMENT_SEQUENCE,"[{""gene_id_versioned"": ""ENSMUSG00000025980.15"", ""isoform_id"": """", ""protein_id"": ""ENSMUSP00000119336.2"", ""transcript_id"": ""ENSMUST00000127861.8""}]",2026_03,0.1.0
ENSMUSG00000025980,D3Z7J9,10090,UniProtKB unreviewed (TrEMBL),,entry_level_cross_reference_isoform_unspecified,,FRAGMENT_SEQUENCE,"[{""gene_id_versioned"": ""ENSMUSG00000025980.15"", ""isoform_id"": """", ""protein_id"": ""ENSMUSP00000122947.2"", ""transcript_id"": ""ENSMUST00000144077.3""}]",2026_03,0.1.0
ENSMUSG00000025980,P63038,10090,UniProtKB reviewed (Swiss-Prot),P63038-1,explicit_displayed_isoform_cross_reference,,,"[{""gene_id_versioned"": ""ENSMUSG00000025980.15"", ""isoform_id"": ""P63038-1"", ""protein_id"": ""ENSMUSP00000027123.9"", ""transcript_id"": ""ENSMUST00000027123.15""}]",2026_03,0.1.0
ENSMUSG00000033082,A0A0N4SV03,10090,UniProtKB unreviewed (TrEMBL),,entry_level_cross_reference_isoform_unspecified,,,"[{""gene_id_versioned"": ""ENSMUSG00000033082.11"", ""isoform_id"": """", ""protein_id"": ""ENSMUSP00000144896.2"", ""transcript_id"": ""ENSMUST00000203162.3""}]",2026_03,0.1.0
ENSMUSG00000033082,A0A0N4SVE6,10090,UniProtKB unreviewed (TrEMBL),,entry_level_cross_reference_isoform_unspecified,,FRAGMENT_SEQUENCE,"[{""gene_id_versioned"": ""ENSMUSG00000033082.11"", ""isoform_id"": """", ""protein_id"": ""ENSMUSP00000145071.2"", ""transcript_id"": ""ENSMUST00000204012.2""}]",2026_03,0.1.0
ENSMUSG00000033082,A0A0N4SWF3,10090,UniProtKB unreviewed (TrEMBL),,entry_level_cross_reference_isoform_unspecified,,,"[{""gene_id_versioned"": ""ENSMUSG00000033082.11"", ""isoform_id"": """", ""protein_id"": ""ENSMUSP00000145497.2"", ""transcript_id"": ""ENSMUST00000204952.2""}]",2026_03,0.1.0
ENSMUSG00000033082,Q8BWY2,10090,UniProtKB reviewed (Swiss-Prot),,entry_level_cross_reference_isoform_unspecified,,,"[{""gene_id_versioned"": ""ENSMUSG00000033082.11"", ""isoform_id"": """", ""protein_id"": ""ENSMUSP00000047065.8"", ""transcript_id"": ""ENSMUST00000037481.10""}]",2026_03,0.1.0
ENSMUSG00000058135,A2AE89,10090,UniProtKB unreviewed (TrEMBL),,entry_level_cross_reference_isoform_unspecified,,,"[{""gene_id_versioned"": ""ENSMUSG00000058135.13"", ""isoform_id"": """", ""protein_id"": ""ENSMUSP00000118874.3"", ""transcript_id"": ""ENSMUST00000126593.3""}]",2026_03,0.1.0
ENSMUSG00000058135,F6WHQ7,10090,UniProtKB unreviewed (TrEMBL),,entry_level_cross_reference_isoform_unspecified,,FRAGMENT_SEQUENCE,"[{""gene_id_versioned"": ""ENSMUSG00000058135.13"", ""isoform_id"": """", ""protein_id"": ""ENSMUSP00000123481.2"", ""transcript_id"": ""ENSMUST00000153314.8""}]",2026_03,0.1.0
ENSMUSG00000058135,P10649,10090,UniProtKB reviewed (Swiss-Prot),,entry_level_cross_reference_isoform_unspecified,,,"[{""gene_id_versioned"": ""ENSMUSG00000058135.13"", ""isoform_id"": """", ""protein_id"": ""ENSMUSP00000004140.5"", ""transcript_id"": ""ENSMUST00000004140.11""}]",2026_03,0.1.0
ENSMUSG00000024349,A0A494B980,10090,UniProtKB unreviewed (TrEMBL),,entry_level_cross_reference_isoform_unspecified,,FRAGMENT_SEQUENCE,"[{""gene_id_versioned"": ""ENSMUSG00000024349.11"", ""isoform_id"": """", ""protein_id"": ""ENSMUSP00000157516.2"", ""transcript_id"": ""ENSMUST00000237405.2""}]",2026_03,0.1.0
ENSMUSG00000024349,A0A494B9A3,10090,UniProtKB unreviewed (TrEMBL),,entry_level_cross_reference_isoform_unspecified,,FRAGMENT_SEQUENCE,"[{""gene_id_versioned"": ""ENSMUSG00000024349.11"", ""isoform_id"": """", ""protein_id"": ""ENSMUSP00000157565.2"", ""transcript_id"": ""ENSMUST00000235302.2""}]",2026_03,0.1.0
ENSMUSG00000024349,A0A494BB43,10090,UniProtKB unreviewed (TrEMBL),,entry_level_cross_reference_isoform_unspecified,,,"[{""gene_id_versioned"": ""ENSMUSG00000024349.11"", ""isoform_id"": """", ""protein_id"": ""ENSMUSP00000158306.2"", ""transcript_id"": ""ENSMUST00000237853.2""}]",2026_03,0.1.0
ENSMUSG00000024349,A0A494BBL9,10090,UniProtKB unreviewed (TrEMBL),,entry_level_cross_reference_isoform_unspecified,,AMBIGUOUS_OR_INVALID_SEQUENCE,"[{""gene_id_versioned"": ""ENSMUSG00000024349.11"", ""isoform_id"": """", ""protein_id"": ""ENSMUSP00000158511.2"", ""transcript_id"": ""ENSMUST00000235218.2""}]",2026_03,0.1.0
ENSMUSG00000024349,Q3TBT3,10090,UniProtKB reviewed (Swiss-Prot),Q3TBT3-1,explicit_displayed_isoform_cross_reference,,,"[{""gene_id_versioned"": ""ENSMUSG00000024349.11"", ""isoform_id"": ""Q3TBT3-1"", ""protein_id"": ""ENSMUSP00000111393.4"", ""transcript_id"": ""ENSMUST00000115728.5""}, {""gene_id_versioned"": ""ENSMUSG00000024349.11"", ""isoform_id"": ""Q3TBT3-3"", ""protein_id"": ""ENSMUSP00000157789.2"", ""transcript_id"": ""ENSMUST00000235495.2""}, {""gene_id_versioned"": ""ENSMUSG00000024349.11"", ""isoform_id"": ""Q3TBT3-1"", ""protein_id"": ""ENSMUSP00000157408.2"", ""transcript_id"": ""ENSMUST00000237919.2""}]",2026_03,0.1.0
ENSMUSG00000034006,D3YYH5,10090,UniProtKB unreviewed (TrEMBL),,entry_level_cross_reference_isoform_unspecified,,FRAGMENT_SEQUENCE,"[{""gene_id_versioned"": ""ENSMUSG00000034006.18"", ""isoform_id"": """", ""protein_id"": ""ENSMUSP00000115819.2"", ""transcript_id"": ""ENSMUST00000157056.8""}]",2026_03,0.1.0
ENSMUSG00000034006,D3Z2D5,10090,UniProtKB unreviewed (TrEMBL),,entry_level_cross_reference_isoform_unspecified,,,"[{""gene_id_versioned"": ""ENSMUSG00000034006.18"", ""isoform_id"": """", ""protein_id"": ""ENSMUSP00000121684.2"", ""transcript_id"": ""ENSMUST00000144468.8""}]",2026_03,0.1.0
ENSMUSG00000034006,Q80XM9,10090,UniProtKB reviewed (Swiss-Prot),Q80XM9-1,explicit_displayed_isoform_cross_reference,,,"[{""gene_id_versioned"": ""ENSMUSG00000034006.18"", ""isoform_id"": ""Q80XM9-2"", ""protein_id"": ""ENSMUSP00000069986.8"", ""transcript_id"": ""ENSMUST00000070135.8""}, {""gene_id_versioned"": ""ENSMUSG00000034006.18"", ""isoform_id"": ""Q80XM9-1"", ""protein_id"": ""ENSMUSP00000089402.4"", ""transcript_id"": ""ENSMUST00000091798.10""}, {""gene_id_versioned"": ""ENSMUSG00000034006.18"", ""isoform_id"": ""Q80XM9-2"", ""protein_id"": ""ENSMUSP00000121890.2"", ""transcript_id"": ""ENSMUST00000123750.8""}, {""gene_id_versioned"": ""ENSMUSG00000034006.18"", ""isoform_id"": ""Q80XM9-2"", ""protein_id"": ""ENSMUSP00000118670.2"", ""transcript_id"": ""ENSMUST00000129043.8""}, {""gene_id_versioned"": ""ENSMUSG00000034006.18"", ""isoform_id"": ""Q80XM9-1"", ""protein_id"": ""ENSMUSP00000117166.2"", ""transcript_id"": ""ENSMUST00000131780.8""}, {""gene_id_versioned"": ""ENSMUSG00000034006.18"", ""isoform_id"": ""Q80XM9-4"", ""protein_id"": ""ENSMUSP00000157740.2"", ""transcript_id"": ""ENSMUST00000134545.3""}, {""gene_id_versioned"": ""ENSMUSG00000034006.18"", ""isoform_id"": ""Q80XM9-1"", ""protein_id"": ""ENSMUSP00000119083.2"", ""transcript_id"": ""ENSMUST00000140594.8""}, {""gene_id_versioned"": ""ENSMUSG00000034006.18"", ""isoform_id"": ""Q80XM9-4"", ""protein_id"": ""ENSMUSP00000157569.2"", ""transcript_id"": ""ENSMUST00000151677.9""}]",2026_03,0.1.0
ENSMUSG00000044734,Q9D154,10090,UniProtKB reviewed (Swiss-Prot),,entry_level_cross_reference_isoform_unspecified,,,"[{""gene_id_versioned"": ""ENSMUSG00000044734.17"", ""isoform_id"": """", ""protein_id"": ""ENSMUSP00000075690.7"", ""transcript_id"": ""ENSMUST00000076352.8""}]",2026_03,0.1.0
ENSMUSG00000044734,Z4YK03,10090,UniProtKB unreviewed (TrEMBL),,entry_level_cross_reference_isoform_unspecified,,FRAGMENT_SEQUENCE,"[{""gene_id_versioned"": ""ENSMUSG00000044734.17"", ""isoform_id"": """", ""protein_id"": ""ENSMUSP00000089257.7"", ""transcript_id"": ""ENSMUST00000091668.13""}]",2026_03,0.1.0
ENSMUSG00000025151,Q9QYH6,10090,UniProtKB reviewed (Swiss-Prot),,entry_level_cross_reference_isoform_unspecified,,,"[{""gene_id_versioned"": ""ENSMUSG00000025151.17"", ""isoform_id"": """", ""protein_id"": ""ENSMUSP00000026142.8"", ""transcript_id"": ""ENSMUST00000026142.8""}]",2026_03,0.1.0
ENSMUSG00000001151,A0A1W2P737,10090,UniProtKB unreviewed (TrEMBL),,entry_level_cross_reference_isoform_unspecified,,,"[{""gene_id_versioned"": ""ENSMUSG00000001151.11"", ""isoform_id"": """", ""protein_id"": ""ENSMUSP00000151534.2"", ""transcript_id"": ""ENSMUST00000217838.2""}]",2026_03,0.1.0
ENSMUSG00000001151,A0A1W2P8A6,10090,UniProtKB unreviewed (TrEMBL),,entry_level_cross_reference_isoform_unspecified,,AMBIGUOUS_OR_INVALID_SEQUENCE,"[{""gene_id_versioned"": ""ENSMUSG00000001151.11"", ""isoform_id"": """", ""protein_id"": ""ENSMUSP00000151981.2"", ""transcript_id"": ""ENSMUST00000219243.2""}]",2026_03,0.1.0
ENSMUSG00000001151,F8VPV0,10090,UniProtKB unreviewed (TrEMBL),,entry_level_cross_reference_isoform_unspecified,,,"[{""gene_id_versioned"": ""ENSMUSG00000001151.11"", ""isoform_id"": """", ""protein_id"": ""ENSMUSP00000001179.6"", ""transcript_id"": ""ENSMUST00000001179.7""}]",2026_03,0.1.0
ENSMUSG00000027488,A2AKD7,10090,UniProtKB unreviewed (TrEMBL),,entry_level_cross_reference_isoform_unspecified,,,"[{""gene_id_versioned"": ""ENSMUSG00000027488.13"", ""isoform_id"": """", ""protein_id"": ""ENSMUSP00000105350.2"", ""transcript_id"": ""ENSMUST00000109728.8""}]",2026_03,0.1.0
ENSMUSG00000027488,Q61234,10090,UniProtKB reviewed (Swiss-Prot),,entry_level_cross_reference_isoform_unspecified,,,"[{""gene_id_versioned"": ""ENSMUSG00000027488.13"", ""isoform_id"": """", ""protein_id"": ""ENSMUSP00000028991.7"", ""transcript_id"": ""ENSMUST00000028991.7""}]",2026_03,0.1.0
ENSMUSG00000041920,B1AT66,10090,UniProtKB reviewed (Swiss-Prot),B1AT66-1,explicit_displayed_isoform_cross_reference,,,"[{""gene_id_versioned"": ""ENSMUSG00000041920.15"", ""isoform_id"": ""B1AT66-1"", ""protein_id"": ""ENSMUSP00000065628.6"", ""transcript_id"": ""ENSMUST00000070152.12""}, {""gene_id_versioned"": ""ENSMUSG00000041920.15"", ""isoform_id"": ""B1AT66-2"", ""protein_id"": ""ENSMUSP00000067423.7"", ""transcript_id"": ""ENSMUST00000070872.13""}]",2026_03,0.1.0
ENSMUSG00000041920,H9KUY0,10090,UniProtKB unreviewed (TrEMBL),,entry_level_cross_reference_isoform_unspecified,,FRAGMENT_SEQUENCE,"[{""gene_id_versioned"": ""ENSMUSG00000041920.15"", ""isoform_id"": """", ""protein_id"": ""ENSMUSP00000032206.9"", ""transcript_id"": ""ENSMUST00000032206.9""}]",2026_03,0.1.0
ENSMUSG00000041920,H9KV19,10090,UniProtKB unreviewed (TrEMBL),,entry_level_cross_reference_isoform_unspecified,,FRAGMENT_SEQUENCE,"[{""gene_id_versioned"": ""ENSMUSG00000041920.15"", ""isoform_id"": """", ""protein_id"": ""ENSMUSP00000125950.2"", ""transcript_id"": ""ENSMUST00000168740.3""}]",2026_03,0.1.0
ENSMUSG00000093973,A0A0R4J1Z0,10090,UniProtKB unreviewed (TrEMBL),,entry_level_cross_reference_isoform_unspecified,,,"[{""gene_id_versioned"": ""ENSMUSG00000093973.2"", ""isoform_id"": """", ""protein_id"": ""ENSMUSP00000124631.2"", ""transcript_id"": ""ENSMUST00000159004.2""}]",2026_03,0.1.0
ENSMUSG00000056812,Q64689,10090,UniProtKB reviewed (Swiss-Prot),,entry_level_cross_reference_isoform_unspecified,,,"[{""gene_id_versioned"": ""ENSMUSG00000056812.15"", ""isoform_id"": """", ""protein_id"": ""ENSMUSP00000025477.8"", ""transcript_id"": ""ENSMUST00000025477.15""}, {""gene_id_versioned"": ""ENSMUSG00000056812.15"", ""isoform_id"": """", ""protein_id"": ""ENSMUSP00000158392.2"", ""transcript_id"": ""ENSMUST00000237770.2""}]",2026_03,0.1.0
ENSMUSG00000018076,A0A0J9YUA8,10090,UniProtKB unreviewed (TrEMBL),,entry_level_cross_reference_isoform_unspecified,,,"[{""gene_id_versioned"": ""ENSMUSG00000018076.13"", ""isoform_id"": """", ""protein_id"": ""ENSMUSP00000144092.2"", ""transcript_id"": ""ENSMUST00000201010.2""}]",2026_03,0.1.0
ENSMUSG00000018076,E9QLJ3,10090,UniProtKB unreviewed (TrEMBL),,entry_level_cross_reference_isoform_unspecified,,,"[{""gene_id_versioned"": ""ENSMUSG00000018076.13"", ""isoform_id"": """", ""protein_id"": ""ENSMUSP00000098379.5"", ""transcript_id"": ""ENSMUST00000100816.8""}]",2026_03,0.1.0
ENSMUSG00000026274,D3YUI8,10090,UniProtKB unreviewed (TrEMBL),,entry_level_cross_reference_isoform_unspecified,,FRAGMENT_SEQUENCE,"[{""gene_id_versioned"": ""ENSMUSG00000026274.12"", ""isoform_id"": """", ""protein_id"": ""ENSMUSP00000120104.2"", ""transcript_id"": ""ENSMUST00000128253.2""}]",2026_03,0.1.0
ENSMUSG00000026274,Q8CEE6,10090,UniProtKB reviewed (Swiss-Prot),,entry_level_cross_reference_isoform_unspecified,,,"[{""gene_id_versioned"": ""ENSMUSG00000026274.12"", ""isoform_id"": """", ""protein_id"": ""ENSMUSP00000027493.4"", ""transcript_id"": ""ENSMUST00000027493.4""}]",2026_03,0.1.0
ENSMUSG00000060923,P56375,10090,UniProtKB reviewed (Swiss-Prot),,entry_level_cross_reference_isoform_unspecified,,,"[{""gene_id_versioned"": ""ENSMUSG00000060923.6"", ""isoform_id"": """", ""protein_id"": ""ENSMUSP00000074195.4"", ""transcript_id"": ""ENSMUST00000074613.4""}]",2026_03,0.1.0
ENSMUSG00000040459,A0A140LIS5,10090,UniProtKB unreviewed (TrEMBL),,entry_level_cross_reference_isoform_unspecified,,FRAGMENT_SEQUENCE,"[{""gene_id_versioned"": ""ENSMUSG00000040459.12"", ""isoform_id"": """", ""protein_id"": ""ENSMUSP00000146939.2"", ""transcript_id"": ""ENSMUST00000207817.2""}]",2026_03,0.1.0
ENSMUSG00000040459,Q3UL36,10090,UniProtKB reviewed (Swiss-Prot),Q3UL36-1,explicit_displayed_isoform_cross_reference,,,"[{""gene_id_versioned"": ""ENSMUSG00000040459.12"", ""isoform_id"": ""Q3UL36-1"", ""protein_id"": ""ENSMUSP00000039493.9"", ""transcript_id"": ""ENSMUST00000048545.10""}]",2026_03,0.1.0
ENSMUSG00000037313,A0A0J9YVA2,10090,UniProtKB unreviewed (TrEMBL),,entry_level_cross_reference_isoform_unspecified,,FRAGMENT_SEQUENCE,"[{""gene_id_versioned"": ""ENSMUSG00000037313.17"", ""isoform_id"": """", ""protein_id"": ""ENSMUSP00000144567.2"", ""transcript_id"": ""ENSMUST00000201633.2""}]",2026_03,0.1.0
ENSMUSG00000037313,D3Z1Y4,10090,UniProtKB unreviewed (TrEMBL),,entry_level_cross_reference_isoform_unspecified,,FRAGMENT_SEQUENCE,"[{""gene_id_versioned"": ""ENSMUSG00000037313.17"", ""isoform_id"": """", ""protein_id"": ""ENSMUSP00000119560.2"", ""transcript_id"": ""ENSMUST00000152847.8""}]",2026_03,0.1.0
ENSMUSG00000037313,F6TNB3,10090,UniProtKB unreviewed (TrEMBL),,entry_level_cross_reference_isoform_unspecified,,AMBIGUOUS_OR_INVALID_SEQUENCE,"[{""gene_id_versioned"": ""ENSMUSG00000037313.17"", ""isoform_id"": """", ""protein_id"": ""ENSMUSP00000115481.3"", ""transcript_id"": ""ENSMUST00000138240.5""}]",2026_03,0.1.0
ENSMUSG00000037313,F6UJD5,10090,UniProtKB unreviewed (TrEMBL),,entry_level_cross_reference_isoform_unspecified,,,"[{""gene_id_versioned"": ""ENSMUSG00000037313.17"", ""isoform_id"": """", ""protein_id"": ""ENSMUSP00000078491.5"", ""transcript_id"": ""ENSMUST00000079534.11""}, {""gene_id_versioned"": ""ENSMUSG00000037313.17"", ""isoform_id"": """", ""protein_id"": ""ENSMUSP00000110069.4"", ""transcript_id"": ""ENSMUST00000114426.10""}]",2026_03,0.1.0
ENSMUSG00000037313,F6V137,10090,UniProtKB unreviewed (TrEMBL),,entry_level_cross_reference_isoform_unspecified,,,"[{""gene_id_versioned"": ""ENSMUSG00000037313.17"", ""isoform_id"": """", ""protein_id"": ""ENSMUSP00000074394.7"", ""transcript_id"": ""ENSMUST00000074849.13""}]",2026_03,0.1.0
ENSMUSG00000037313,F7AGT6,10090,UniProtKB unreviewed (TrEMBL),,entry_level_cross_reference_isoform_unspecified,,AMBIGUOUS_OR_INVALID_SEQUENCE,"[{""gene_id_versioned"": ""ENSMUSG00000037313.17"", ""isoform_id"": """", ""protein_id"": ""ENSMUSP00000117407.2"", ""transcript_id"": ""ENSMUST00000139888.5""}]",2026_03,0.1.0
ENSMUSG00000024299,A0A3Q4EG50,10090,UniProtKB unreviewed (TrEMBL),,entry_level_cross_reference_isoform_unspecified,,,"[{""gene_id_versioned"": ""ENSMUSG00000024299.18"", ""isoform_id"": """", ""protein_id"": ""ENSMUSP00000157014.2"", ""transcript_id"": ""ENSMUST00000234497.2""}]",2026_03,0.1.0
ENSMUSG00000024299,G3UXX0,10090,UniProtKB unreviewed (TrEMBL),,entry_level_cross_reference_isoform_unspecified,,AMBIGUOUS_OR_INVALID_SEQUENCE,"[{""gene_id_versioned"": ""ENSMUSG00000024299.18"", ""isoform_id"": """", ""protein_id"": ""ENSMUSP00000133856.2"", ""transcript_id"": ""ENSMUST00000174348.8""}]",2026_03,0.1.0
ENSMUSG00000024299,G3UY03,10090,UniProtKB unreviewed (TrEMBL),,entry_level_cross_reference_isoform_unspecified,,,"[{""gene_id_versioned"": ""ENSMUSG00000024299.18"", ""isoform_id"": """", ""protein_id"": ""ENSMUSP00000133891.2"", ""transcript_id"": ""ENSMUST00000172922.8""}]",2026_03,0.1.0
ENSMUSG00000024299,G3UZ08,10090,UniProtKB unreviewed (TrEMBL),,entry_level_cross_reference_isoform_unspecified,,,"[{""gene_id_versioned"": ""ENSMUSG00000024299.18"", ""isoform_id"": """", ""protein_id"": ""ENSMUSP00000134181.2"", ""transcript_id"": ""ENSMUST00000173013.8""}, {""gene_id_versioned"": ""ENSMUSG00000024299.18"", ""isoform_id"": """", ""protein_id"": ""ENSMUSP00000134549.2"", ""transcript_id"": ""ENSMUST00000173030.8""}, {""gene_id_versioned"": ""ENSMUSG00000024299.18"", ""isoform_id"": """", ""protein_id"": ""ENSMUSP00000134298.2"", ""transcript_id"": ""ENSMUST00000173241.8""}, {""gene_id_versioned"": ""ENSMUSG00000024299.18"", ""isoform_id"": """", ""protein_id"": ""ENSMUSP00000133434.2"", ""transcript_id"": ""ENSMUST00000173931.8""}]",2026_03,0.1.0
ENSMUSG00000024299,P58459,10090,UniProtKB reviewed (Swiss-Prot),P58459-1,explicit_displayed_isoform_cross_reference,,,"[{""gene_id_versioned"": ""ENSMUSG00000024299.18"", ""isoform_id"": ""P58459-1"", ""protein_id"": ""ENSMUSP00000084905.7"", ""transcript_id"": ""ENSMUST00000087623.13""}, {""gene_id_versioned"": ""ENSMUSG00000024299.18"", ""isoform_id"": ""P58459-2"", ""protein_id"": ""ENSMUSP00000157264.2"", ""transcript_id"": ""ENSMUST00000234715.2""}]",2026_03,0.1.0
ENSMUSG00000018574,B1AR28,10090,UniProtKB unreviewed (TrEMBL),,entry_level_cross_reference_isoform_unspecified,,,"[{""gene_id_versioned"": ""ENSMUSG00000018574.15"", ""isoform_id"": """", ""protein_id"": ""ENSMUSP00000018718.8"", ""transcript_id"": ""ENSMUST00000018718.8""}]",2026_03,0.1.0
ENSMUSG00000018574,P50544,10090,UniProtKB reviewed (Swiss-Prot),,entry_level_cross_reference_isoform_unspecified,,,"[{""gene_id_versioned"": ""ENSMUSG00000018574.15"", ""isoform_id"": """", ""protein_id"": ""ENSMUSP00000099634.4"", ""transcript_id"": ""ENSMUST00000102574.10""}]",2026_03,0.1.0
ENSMUSG00000051790,F6VE93,10090,UniProtKB unreviewed (TrEMBL),,entry_level_cross_reference_isoform_unspecified,,AMBIGUOUS_OR_INVALID_SEQUENCE,"[{""gene_id_versioned"": ""ENSMUSG00000051790.16"", ""isoform_id"": """", ""protein_id"": ""ENSMUSP00000120428.2"", ""transcript_id"": ""ENSMUST00000139893.2""}]",2026_03,0.1.0
ENSMUSG00000051790,Q69ZK9,10090,UniProtKB reviewed (Swiss-Prot),,entry_level_cross_reference_isoform_unspecified,,,"[{""gene_id_versioned"": ""ENSMUSG00000051790.16"", ""isoform_id"": """", ""protein_id"": ""ENSMUSP00000053097.4"", ""transcript_id"": ""ENSMUST00000056484.10""}, {""gene_id_versioned"": ""ENSMUSG00000051790.16"", ""isoform_id"": """", ""protein_id"": ""ENSMUSP00000104274.3"", ""transcript_id"": ""ENSMUST00000108634.9""}]",2026_03,0.1.0
ENSMUSG00000067818,Q9CQ19,10090,UniProtKB reviewed (Swiss-Prot),,entry_level_cross_reference_isoform_unspecified,,,"[{""gene_id_versioned"": ""ENSMUSG00000067818.7"", ""isoform_id"": """", ""protein_id"": ""ENSMUSP00000085913.7"", ""transcript_id"": ""ENSMUST00000088552.7""}]",2026_03,0.1.0
ENSMUSG00000019929,A0A1W2P6I8,10090,UniProtKB unreviewed (TrEMBL),,entry_level_cross_reference_isoform_unspecified,,FRAGMENT_SEQUENCE,"[{""gene_id_versioned"": ""ENSMUSG00000019929.17"", ""isoform_id"": """", ""protein_id"": ""ENSMUSP00000151241.2"", ""transcript_id"": ""ENSMUST00000219784.2""}]",2026_03,0.1.0
ENSMUSG00000019929,P28654,10090,UniProtKB reviewed (Swiss-Prot),,entry_level_cross_reference_isoform_unspecified,,,"[{""gene_id_versioned"": ""ENSMUSG00000019929.17"", ""isoform_id"": """", ""protein_id"": ""ENSMUSP00000100924.4"", ""transcript_id"": ""ENSMUST00000105287.11""}, {""gene_id_versioned"": ""ENSMUSG00000019929.17"", ""isoform_id"": """", ""protein_id"": ""ENSMUSP00000131431.3"", ""transcript_id"": ""ENSMUST00000163448.4""}]",2026_03,0.1.0
ENSMUSG00000026450,Q9D7Q1,10090,UniProtKB reviewed (Swiss-Prot),Q9D7Q1-1,explicit_displayed_isoform_cross_reference,,,"[{""gene_id_versioned"": ""ENSMUSG00000026450.15"", ""isoform_id"": ""Q9D7Q1-1"", ""protein_id"": ""ENSMUSP00000083666.3"", ""transcript_id"": ""ENSMUST00000086475.3""}, {""gene_id_versioned"": ""ENSMUSG00000026450.15"", ""isoform_id"": ""Q9D7Q1-1"", ""protein_id"": ""ENSMUSP00000123979.2"", ""transcript_id"": ""ENSMUST00000159963.8""}, {""gene_id_versioned"": ""ENSMUSG00000026450.15"", ""isoform_id"": ""Q9D7Q1-2"", ""protein_id"": ""ENSMUSP00000124331.2"", ""transcript_id"": ""ENSMUST00000160060.8""}]",2026_03,0.1.0
ENSMUSG00000063594,P63078,10090,UniProtKB reviewed (Swiss-Prot),,entry_level_cross_reference_isoform_unspecified,,,"[{""gene_id_versioned"": ""ENSMUSG00000063594.6"", ""isoform_id"": """", ""protein_id"": ""ENSMUSP00000077314.5"", ""transcript_id"": ""ENSMUST00000078182.6""}, {""gene_id_versioned"": ""ENSMUSG00000063594.6"", ""isoform_id"": """", ""protein_id"": ""ENSMUSP00000145533.2"", ""transcript_id"": ""ENSMUST00000205459.2""}, {""gene_id_versioned"": ""ENSMUSG00000063594.6"", ""isoform_id"": """", ""protein_id"": ""ENSMUSP00000145567.2"", ""transcript_id"": ""ENSMUST00000205716.2""}]",2026_03,0.1.0
ENSMUSG00000066894,D3YX43,10090,UniProtKB reviewed (Swiss-Prot),,entry_level_cross_reference_isoform_unspecified,,,"[{""gene_id_versioned"": ""ENSMUSG00000066894.15"", ""isoform_id"": """", ""protein_id"": ""ENSMUSP00000107598.2"", ""transcript_id"": ""ENSMUST00000111967.8""}]",2026_03,0.1.0
ENSMUSG00000066894,E9PVW4,10090,UniProtKB unreviewed (TrEMBL),,entry_level_cross_reference_isoform_unspecified,,,"[{""gene_id_versioned"": ""ENSMUSG00000066894.15"", ""isoform_id"": """", ""protein_id"": ""ENSMUSP00000083655.5"", ""transcript_id"": ""ENSMUST00000086464.8""}]",2026_03,0.1.0
ENSMUSG00000018102,Q6ZWY9,10090,UniProtKB reviewed (Swiss-Prot),,entry_level_cross_reference_isoform_unspecified,,,"[{""gene_id_versioned"": ""ENSMUSG00000018102.6"", ""isoform_id"": """", ""protein_id"": ""ENSMUSP00000018246.5"", ""transcript_id"": ""ENSMUST00000018246.6""}]",2026_03,0.1.0
ENSMUSG00000071176,F7BCP8,10090,UniProtKB unreviewed (TrEMBL),,entry_level_cross_reference_isoform_unspecified,,FRAGMENT_SEQUENCE,"[{""gene_id_versioned"": ""ENSMUSG00000071176.11"", ""isoform_id"": """", ""protein_id"": ""ENSMUSP00000125606.2"", ""transcript_id"": ""ENSMUST00000161162.8""}]",2026_03,0.1.0
ENSMUSG00000071176,F7BQE4,10090,UniProtKB unreviewed (TrEMBL),,entry_level_cross_reference_isoform_unspecified,,FRAGMENT_SEQUENCE,"[{""gene_id_versioned"": ""ENSMUSG00000071176.11"", ""isoform_id"": """", ""protein_id"": ""ENSMUSP00000125526.2"", ""transcript_id"": ""ENSMUST00000163062.2""}]",2026_03,0.1.0
ENSMUSG00000071176,Q8C033,10090,UniProtKB reviewed (Swiss-Prot),Q8C033-1,explicit_displayed_isoform_cross_reference,,,"[{""gene_id_versioned"": ""ENSMUSG00000071176.11"", ""isoform_id"": ""Q8C033-1"", ""protein_id"": ""ENSMUSP00000081225.6"", ""transcript_id"": ""ENSMUST00000084207.12""}, {""gene_id_versioned"": ""ENSMUSG00000071176.11"", ""isoform_id"": ""Q8C033-2"", ""protein_id"": ""ENSMUSP00000106424.3"", ""transcript_id"": ""ENSMUST00000110800.9""}]",2026_03,0.1.0
ENSMUSG00000024810,D3Z6T7,10090,UniProtKB unreviewed (TrEMBL),,entry_level_cross_reference_isoform_unspecified,,FRAGMENT_SEQUENCE,"[{""gene_id_versioned"": ""ENSMUSG00000024810.17"", ""isoform_id"": """", ""protein_id"": ""ENSMUSP00000122319.2"", ""transcript_id"": ""ENSMUST00000144528.8""}]",2026_03,0.1.0
ENSMUSG00000024810,H3BKB5,10090,UniProtKB unreviewed (TrEMBL),,entry_level_cross_reference_isoform_unspecified,,FRAGMENT_SEQUENCE,"[{""gene_id_versioned"": ""ENSMUSG00000024810.17"", ""isoform_id"": """", ""protein_id"": ""ENSMUSP00000135324.2"", ""transcript_id"": ""ENSMUST00000136850.2""}]",2026_03,0.1.0
ENSMUSG00000024810,H3BLN5,10090,UniProtKB unreviewed (TrEMBL),,entry_level_cross_reference_isoform_unspecified,,FRAGMENT_SEQUENCE,"[{""gene_id_versioned"": ""ENSMUSG00000024810.17"", ""isoform_id"": """", ""protein_id"": ""ENSMUSP00000135854.2"", ""transcript_id"": ""ENSMUST00000177518.8""}]",2026_03,0.1.0
ENSMUSG00000024810,Q8BVZ5,10090,UniProtKB reviewed (Swiss-Prot),,entry_level_cross_reference_isoform_unspecified,,,"[{""gene_id_versioned"": ""ENSMUSG00000024810.17"", ""isoform_id"": """", ""protein_id"": ""ENSMUSP00000025724.9"", ""transcript_id"": ""ENSMUST00000025724.9""}, {""gene_id_versioned"": ""ENSMUSG00000024810.17"", ""isoform_id"": """", ""protein_id"": ""ENSMUSP00000113829.3"", ""transcript_id"": ""ENSMUST00000120388.9""}]",2026_03,0.1.0
ENSMUSG00000029189,Q80TS8,10090,UniProtKB reviewed (Swiss-Prot),Q80TS8-1,explicit_displayed_isoform_cross_reference,,,"[{""gene_id_versioned"": ""ENSMUSG00000029189.11"", ""isoform_id"": ""Q80TS8-1"", ""protein_id"": ""ENSMUSP00000031090.7"", ""transcript_id"": ""ENSMUST00000031090.8""}]",2026_03,0.1.0
ENSMUSG00000004328,A0A0U1RQ59,10090,UniProtKB unreviewed (TrEMBL),,entry_level_cross_reference_isoform_unspecified,,AMBIGUOUS_OR_INVALID_SEQUENCE,"[{""gene_id_versioned"": ""ENSMUSG00000004328.16"", ""isoform_id"": """", ""protein_id"": ""ENSMUSP00000146258.2"", ""transcript_id"": ""ENSMUST00000139224.3""}]",2026_03,0.1.0
ENSMUSG00000004328,D3Z377,10090,UniProtKB unreviewed (TrEMBL),,entry_level_cross_reference_isoform_unspecified,,FRAGMENT_SEQUENCE,"[{""gene_id_versioned"": ""ENSMUSG00000004328.16"", ""isoform_id"": """", ""protein_id"": ""ENSMUSP00000117728.2"", ""transcript_id"": ""ENSMUST00000153833.2""}]",2026_03,0.1.0
ENSMUSG00000004328,Q0VBL6,10090,UniProtKB reviewed (Swiss-Prot),Q0VBL6-1,explicit_displayed_isoform_cross_reference,,,"[{""gene_id_versioned"": ""ENSMUSG00000004328.16"", ""isoform_id"": ""Q0VBL6-1"", ""protein_id"": ""ENSMUSP00000048248.5"", ""transcript_id"": ""ENSMUST00000037762.11""}, {""gene_id_versioned"": ""ENSMUSG00000004328.16"", ""isoform_id"": ""Q0VBL6-3"", ""protein_id"": ""ENSMUSP00000104132.3"", ""transcript_id"": ""ENSMUST00000108492.9""}]",2026_03,0.1.0
ENSMUSG00000038252,A0A087WNQ1,10090,UniProtKB unreviewed (TrEMBL),,entry_level_cross_reference_isoform_unspecified,,FRAGMENT_SEQUENCE,"[{""gene_id_versioned"": ""ENSMUSG00000038252.14"", ""isoform_id"": """", ""protein_id"": ""ENSMUSP00000139445.2"", ""transcript_id"": ""ENSMUST00000189959.2""}]",2026_03,0.1.0
ENSMUSG00000038252,A0A087WRK6,10090,UniProtKB unreviewed (TrEMBL),,entry_level_cross_reference_isoform_unspecified,,,"[{""gene_id_versioned"": ""ENSMUSG00000038252.14"", ""isoform_id"": """", ""protein_id"": ""ENSMUSP00000140672.2"", ""transcript_id"": ""ENSMUST00000188762.7""}]",2026_03,0.1.0
ENSMUSG00000038252,A0A0R4J0H7,10090,UniProtKB unreviewed (TrEMBL),,entry_level_cross_reference_isoform_unspecified,,,"[{""gene_id_versioned"": ""ENSMUSG00000038252.14"", ""isoform_id"": """", ""protein_id"": ""ENSMUSP00000042260.5"", ""transcript_id"": ""ENSMUST00000043848.11""}]",2026_03,0.1.0
ENSMUSG00000021365,A0A0R4J212,10090,UniProtKB unreviewed (TrEMBL),,entry_level_cross_reference_isoform_unspecified,,,"[{""gene_id_versioned"": ""ENSMUSG00000021365.16"", ""isoform_id"": """", ""protein_id"": ""ENSMUSP00000125773.2"", ""transcript_id"": ""ENSMUST00000163623.3""}]",2026_03,0.1.0
ENSMUSG00000021365,A0A286YCE4,10090,UniProtKB unreviewed (TrEMBL),,entry_level_cross_reference_isoform_unspecified,,FRAGMENT_SEQUENCE,"[{""gene_id_versioned"": ""ENSMUSG00000021365.16"", ""isoform_id"": """", ""protein_id"": ""ENSMUSP00000152937.2"", ""transcript_id"": ""ENSMUST00000224803.2""}]",2026_03,0.1.0
ENSMUSG00000021365,O35177,10090,UniProtKB reviewed (Swiss-Prot),,entry_level_cross_reference_isoform_unspecified,,,"[{""gene_id_versioned"": ""ENSMUSG00000021365.16"", ""isoform_id"": """", ""protein_id"": ""ENSMUSP00000021794.7"", ""transcript_id"": ""ENSMUST00000021794.14""}]",2026_03,0.1.0
ENSMUSG00000027318,F6Z4C4,10090,UniProtKB unreviewed (TrEMBL),,entry_level_cross_reference_isoform_unspecified,,AMBIGUOUS_OR_INVALID_SEQUENCE,"[{""gene_id_versioned"": ""ENSMUSG00000027318.18"", ""isoform_id"": """", ""protein_id"": ""ENSMUSP00000117097.2"", ""transcript_id"": ""ENSMUST00000147333.2""}]",2026_03,0.1.0
ENSMUSG00000027318,F7CIM2,10090,UniProtKB unreviewed (TrEMBL),,entry_level_cross_reference_isoform_unspecified,,AMBIGUOUS_OR_INVALID_SEQUENCE,"[{""gene_id_versioned"": ""ENSMUSG00000027318.18"", ""isoform_id"": """", ""protein_id"": ""ENSMUSP00000122608.2"", ""transcript_id"": ""ENSMUST00000135149.8""}]",2026_03,0.1.0
ENSMUSG00000027318,Q923W9,10090,UniProtKB reviewed (Swiss-Prot),Q923W9-1,explicit_displayed_isoform_cross_reference,,,"[{""gene_id_versioned"": ""ENSMUSG00000027318.18"", ""isoform_id"": ""Q923W9-2"", ""protein_id"": ""ENSMUSP00000052486.4"", ""transcript_id"": ""ENSMUST00000052104.10""}, {""gene_id_versioned"": ""ENSMUSG00000027318.18"", ""isoform_id"": ""Q923W9-1"", ""protein_id"": ""ENSMUSP00000105861.3"", ""transcript_id"": ""ENSMUST00000110232.9""}, {""gene_id_versioned"": ""ENSMUSG00000027318.18"", ""isoform_id"": ""Q923W9-1"", ""protein_id"": ""ENSMUSP00000139344.2"", ""transcript_id"": ""ENSMUST00000183552.8""}]",2026_03,0.1.0
ENSMUSG00000027318,V9GXX4,10090,UniProtKB unreviewed (TrEMBL),,entry_level_cross_reference_isoform_unspecified,,AMBIGUOUS_OR_INVALID_SEQUENCE,"[{""gene_id_versioned"": ""ENSMUSG00000027318.18"", ""isoform_id"": """", ""protein_id"": ""ENSMUSP00000139366.2"", ""transcript_id"": ""ENSMUST00000184921.8""}]",2026_03,0.1.0
ENSMUSG00000029714,A0A0G2JGR7,10090,UniProtKB unreviewed (TrEMBL),,entry_level_cross_reference_isoform_unspecified,,FRAGMENT_SEQUENCE,"[{""gene_id_versioned"": ""ENSMUSG00000029714.12"", ""isoform_id"": """", ""protein_id"": ""ENSMUSP00000143670.2"", ""transcript_id"": ""ENSMUST00000197624.5""}]",2026_03,0.1.0
ENSMUSG00000029714,Q99MR1,10090,UniProtKB reviewed (Swiss-Prot),,entry_level_cross_reference_isoform_unspecified,,,"[{""gene_id_versioned"": ""ENSMUSG00000029714.12"", ""isoform_id"": """", ""protein_id"": ""ENSMUSP00000031727.8"", ""transcript_id"": ""ENSMUST00000031727.10""}]",2026_03,0.1.0
ENSMUSG00000052949,A2AAN9,10090,UniProtKB unreviewed (TrEMBL),,entry_level_cross_reference_isoform_unspecified,,,"[{""gene_id_versioned"": ""ENSMUSG00000052949.15"", ""isoform_id"": """", ""protein_id"": ""ENSMUSP00000097776.4"", ""transcript_id"": ""ENSMUST00000100202.10""}]",2026_03,0.1.0
ENSMUSG00000052949,A2AAP0,10090,UniProtKB unreviewed (TrEMBL),,entry_level_cross_reference_isoform_unspecified,,,"[{""gene_id_versioned"": ""ENSMUSG00000052949.15"", ""isoform_id"": """", ""protein_id"": ""ENSMUSP00000102006.3"", ""transcript_id"": ""ENSMUST00000106398.9""}]",2026_03,0.1.0
ENSMUSG00000052949,F6XBS7,10090,UniProtKB unreviewed (TrEMBL),,entry_level_cross_reference_isoform_unspecified,,AMBIGUOUS_OR_INVALID_SEQUENCE,"[{""gene_id_versioned"": ""ENSMUSG00000052949.15"", ""isoform_id"": """", ""protein_id"": ""ENSMUSP00000123289.2"", ""transcript_id"": ""ENSMUST00000150775.2""}]",2026_03,0.1.0
ENSMUSG00000052949,F7D0T8,10090,UniProtKB unreviewed (TrEMBL),,entry_level_cross_reference_isoform_unspecified,,AMBIGUOUS_OR_INVALID_SEQUENCE,"[{""gene_id_versioned"": ""ENSMUSG00000052949.15"", ""isoform_id"": """", ""protein_id"": ""ENSMUSP00000122483.2"", ""transcript_id"": ""ENSMUST00000149147.8""}]",2026_03,0.1.0
ENSMUSG00000031266,A0A5F8MPU5,10090,UniProtKB unreviewed (TrEMBL),,entry_level_cross_reference_isoform_unspecified,,,"[{""gene_id_versioned"": ""ENSMUSG00000031266.8"", ""isoform_id"": """", ""protein_id"": ""ENSMUSP00000159121.2"", ""transcript_id"": ""ENSMUST00000239113.2""}]",2026_03,0.1.0
ENSMUSG00000031266,A2BDV6,10090,UniProtKB unreviewed (TrEMBL),,entry_level_cross_reference_isoform_unspecified,,FRAGMENT_SEQUENCE,"[{""gene_id_versioned"": ""ENSMUSG00000031266.8"", ""isoform_id"": """", ""protein_id"": ""ENSMUSP00000123098.2"", ""transcript_id"": ""ENSMUST00000153024.2""}]",2026_03,0.1.0
ENSMUSG00000031266,P51569,10090,UniProtKB reviewed (Swiss-Prot),,entry_level_cross_reference_isoform_unspecified,,,"[{""gene_id_versioned"": ""ENSMUSG00000031266.8"", ""isoform_id"": """", ""protein_id"": ""ENSMUSP00000033621.8"", ""transcript_id"": ""ENSMUST00000033621.8""}]",2026_03,0.1.0
ENSMUSG00000031762,A0A1D5RLC3,10090,UniProtKB unreviewed (TrEMBL),,entry_level_cross_reference_isoform_unspecified,,,"[{""gene_id_versioned"": ""ENSMUSG00000031762.8"", ""isoform_id"": """", ""protein_id"": ""ENSMUSP00000148308.2"", ""transcript_id"": ""ENSMUST00000212806.2""}]",2026_03,0.1.0
ENSMUSG00000031762,P02798,10090,UniProtKB reviewed (Swiss-Prot),,entry_level_cross_reference_isoform_unspecified,,,"[{""gene_id_versioned"": ""ENSMUSG00000031762.8"", ""isoform_id"": """", ""protein_id"": ""ENSMUSP00000034214.7"", ""transcript_id"": ""ENSMUST00000034214.8""}]",2026_03,0.1.0
ENSMUSG00000022843,A0A338P673,10090,UniProtKB unreviewed (TrEMBL),,entry_level_cross_reference_isoform_unspecified,,,"[{""gene_id_versioned"": ""ENSMUSG00000022843.18"", ""isoform_id"": """", ""protein_id"": ""ENSMUSP00000155857.2"", ""transcript_id"": ""ENSMUST00000232309.2""}]",2026_03,0.1.0
ENSMUSG00000022843,A0A338P6C2,10090,UniProtKB unreviewed (TrEMBL),,entry_level_cross_reference_isoform_unspecified,,AMBIGUOUS_OR_INVALID_SEQUENCE,"[{""gene_id_versioned"": ""ENSMUSG00000022843.18"", ""isoform_id"": """", ""protein_id"": ""ENSMUSP00000155933.2"", ""transcript_id"": ""ENSMUST00000231381.2""}]",2026_03,0.1.0
ENSMUSG00000022843,A9C437,10090,UniProtKB unreviewed (TrEMBL),,entry_level_cross_reference_isoform_unspecified,,,"[{""gene_id_versioned"": ""ENSMUSG00000022843.18"", ""isoform_id"": """", ""protein_id"": ""ENSMUSP00000112759.2"", ""transcript_id"": ""ENSMUST00000120099.8""}]",2026_03,0.1.0
ENSMUSG00000022843,D6RFS3,10090,UniProtKB unreviewed (TrEMBL),,entry_level_cross_reference_isoform_unspecified,,,"[{""gene_id_versioned"": ""ENSMUSG00000022843.18"", ""isoform_id"": """", ""protein_id"": ""ENSMUSP00000122921.2"", ""transcript_id"": ""ENSMUST00000131522.8""}]",2026_03,0.1.0
ENSMUSG00000022843,Q9R0A1,10090,UniProtKB reviewed (Swiss-Prot),,entry_level_cross_reference_isoform_unspecified,,,"[{""gene_id_versioned"": ""ENSMUSG00000022843.18"", ""isoform_id"": """", ""protein_id"": ""ENSMUSP00000007207.9"", ""transcript_id"": ""ENSMUST00000007207.15""}]",2026_03,0.1.0
ENSMUSG00000029373,A0A0J9YTR7,10090,UniProtKB unreviewed (TrEMBL),,entry_level_cross_reference_isoform_unspecified,,,"[{""gene_id_versioned"": ""ENSMUSG00000029373.8"", ""isoform_id"": """", ""protein_id"": ""ENSMUSP00000143818.2"", ""transcript_id"": ""ENSMUST00000202625.2""}]",2026_03,0.1.0
ENSMUSG00000029373,Q9Z126,10090,UniProtKB reviewed (Swiss-Prot),,entry_level_cross_reference_isoform_unspecified,,,"[{""gene_id_versioned"": ""ENSMUSG00000029373.8"", ""isoform_id"": """", ""protein_id"": ""ENSMUSP00000031320.7"", ""transcript_id"": ""ENSMUST00000031320.8""}]",2026_03,0.1.0
ENSMUSG00000069833,A0A494B8Y7,10090,UniProtKB unreviewed (TrEMBL),,entry_level_cross_reference_isoform_unspecified,,,"[{""gene_id_versioned"": ""ENSMUSG00000069833.14"", ""isoform_id"": """", ""protein_id"": ""ENSMUSP00000157404.2"", ""transcript_id"": ""ENSMUST00000237912.2""}]",2026_03,0.1.0
ENSMUSG00000069833,A0A494BBD5,10090,UniProtKB unreviewed (TrEMBL),,entry_level_cross_reference_isoform_unspecified,,FRAGMENT_SEQUENCE,"[{""gene_id_versioned"": ""ENSMUSG00000069833.14"", ""isoform_id"": """", ""protein_id"": ""ENSMUSP00000158470.2"", ""transcript_id"": ""ENSMUST00000236390.2""}]",2026_03,0.1.0
ENSMUSG00000069833,E9Q616,10090,UniProtKB unreviewed (TrEMBL),,entry_level_cross_reference_isoform_unspecified,,,"[{""gene_id_versioned"": ""ENSMUSG00000069833.14"", ""isoform_id"": """", ""protein_id"": ""ENSMUSP00000090633.3"", ""transcript_id"": ""ENSMUST00000092956.4""}]",2026_03,0.1.0
ENSMUSG00000069833,G5E8K8,10090,UniProtKB unreviewed (TrEMBL),,entry_level_cross_reference_isoform_unspecified,,,"[{""gene_id_versioned"": ""ENSMUSG00000069833.14"", ""isoform_id"": """", ""protein_id"": ""ENSMUSP00000090632.4"", ""transcript_id"": ""ENSMUST00000092955.11""}]",2026_03,0.1.0
ENSMUSG00000030967,A0A1B0GQZ6,10090,UniProtKB unreviewed (TrEMBL),,entry_level_cross_reference_isoform_unspecified,,,"[{""gene_id_versioned"": ""ENSMUSG00000030967.16"", ""isoform_id"": """", ""protein_id"": ""ENSMUSP00000147317.2"", ""transcript_id"": ""ENSMUST00000210507.2""}]",2026_03,0.1.0
ENSMUSG00000030967,A0A1L1SQ24,10090,UniProtKB unreviewed (TrEMBL),,entry_level_cross_reference_isoform_unspecified,,,"[{""gene_id_versioned"": ""ENSMUSG00000030967.16"", ""isoform_id"": """", ""protein_id"": ""ENSMUSP00000148867.2"", ""transcript_id"": ""ENSMUST00000215716.2""}]",2026_03,0.1.0
ENSMUSG00000030967,Q7M760,10090,UniProtKB reviewed (Swiss-Prot),,entry_level_cross_reference_isoform_unspecified,,,"[{""gene_id_versioned"": ""ENSMUSG00000030967.16"", ""isoform_id"": """", ""protein_id"": ""ENSMUSP00000033265.5"", ""transcript_id"": ""ENSMUST00000033265.5""}, {""gene_id_versioned"": ""ENSMUSG00000030967.16"", ""isoform_id"": """", ""protein_id"": ""ENSMUSP00000101763.2"", ""transcript_id"": ""ENSMUST00000106157.8""}]",2026_03,0.1.0
ENSMUSG00000032812,A0A1B0GSK4,10090,UniProtKB unreviewed (TrEMBL),,entry_level_cross_reference_isoform_unspecified,,FRAGMENT_SEQUENCE,"[{""gene_id_versioned"": ""ENSMUSG00000032812.19"", ""isoform_id"": """", ""protein_id"": ""ENSMUSP00000147974.2"", ""transcript_id"": ""ENSMUST00000155754.2""}]",2026_03,0.1.0
ENSMUSG00000032812,D3YVS8,10090,UniProtKB unreviewed (TrEMBL),,entry_level_cross_reference_isoform_unspecified,,FRAGMENT_SEQUENCE,"[{""gene_id_versioned"": ""ENSMUSG00000032812.19"", ""isoform_id"": """", ""protein_id"": ""ENSMUSP00000114197.2"", ""transcript_id"": ""ENSMUST00000138628.8""}]",2026_03,0.1.0
ENSMUSG00000032812,D3YWW7,10090,UniProtKB unreviewed (TrEMBL),,entry_level_cross_reference_isoform_unspecified,,FRAGMENT_SEQUENCE,"[{""gene_id_versioned"": ""ENSMUSG00000032812.19"", ""isoform_id"": """", ""protein_id"": ""ENSMUSP00000115107.2"", ""transcript_id"": ""ENSMUST00000134143.2""}]",2026_03,0.1.0
ENSMUSG00000032812,D3YY40,10090,UniProtKB unreviewed (TrEMBL),,entry_level_cross_reference_isoform_unspecified,,FRAGMENT_SEQUENCE,"[{""gene_id_versioned"": ""ENSMUSG00000032812.19"", ""isoform_id"": """", ""protein_id"": ""ENSMUSP00000115850.2"", ""transcript_id"": ""ENSMUST00000130016.8""}]",2026_03,0.1.0
ENSMUSG00000032812,D3YYF5,10090,UniProtKB unreviewed (TrEMBL),,entry_level_cross_reference_isoform_unspecified,,FRAGMENT_SEQUENCE,"[{""gene_id_versioned"": ""ENSMUSG00000032812.19"", ""isoform_id"": """", ""protein_id"": ""ENSMUSP00000123542.2"", ""transcript_id"": ""ENSMUST00000148902.8""}]",2026_03,0.1.0
ENSMUSG00000032812,D3YZJ7,10090,UniProtKB unreviewed (TrEMBL),,entry_level_cross_reference_isoform_unspecified,,FRAGMENT_SEQUENCE,"[{""gene_id_versioned"": ""ENSMUSG00000032812.19"", ""isoform_id"": """", ""protein_id"": ""ENSMUSP00000118657.2"", ""transcript_id"": ""ENSMUST00000137384.8""}]",2026_03,0.1.0
ENSMUSG00000032812,D3Z2S2,10090,UniProtKB unreviewed (TrEMBL),,entry_level_cross_reference_isoform_unspecified,,FRAGMENT_SEQUENCE,"[{""gene_id_versioned"": ""ENSMUSG00000032812.19"", ""isoform_id"": """", ""protein_id"": ""ENSMUSP00000121431.2"", ""transcript_id"": ""ENSMUST00000133423.2""}]",2026_03,0.1.0
ENSMUSG00000032812,D3Z2X3,10090,UniProtKB unreviewed (TrEMBL),,entry_level_cross_reference_isoform_unspecified,,FRAGMENT_SEQUENCE,"[{""gene_id_versioned"": ""ENSMUSG00000032812.19"", ""isoform_id"": """", ""protein_id"": ""ENSMUSP00000121257.2"", ""transcript_id"": ""ENSMUST00000127873.8""}]",2026_03,0.1.0
ENSMUSG00000032812,E9PUB0,10090,UniProtKB unreviewed (TrEMBL),,entry_level_cross_reference_isoform_unspecified,,,"[{""gene_id_versioned"": ""ENSMUSG00000032812.19"", ""isoform_id"": """", ""protein_id"": ""ENSMUSP00000095844.3"", ""transcript_id"": ""ENSMUST00000098243.4""}]",2026_03,0.1.0
ENSMUSG00000032812,Q4LDD4,10090,UniProtKB reviewed (Swiss-Prot),Q4LDD4-1,explicit_displayed_isoform_cross_reference,,,"[{""gene_id_versioned"": ""ENSMUSG00000032812.19"", ""isoform_id"": ""Q4LDD4-3"", ""protein_id"": ""ENSMUSP00000081957.6"", ""transcript_id"": ""ENSMUST00000084895.12""}, {""gene_id_versioned"": ""ENSMUSG00000032812.19"", ""isoform_id"": ""Q4LDD4-1"", ""protein_id"": ""ENSMUSP00000081958.4"", ""transcript_id"": ""ENSMUST00000084896.10""}, {""gene_id_versioned"": ""ENSMUSG00000032812.19"", ""isoform_id"": ""Q4LDD4-2"", ""protein_id"": ""ENSMUSP00000102624.3"", ""transcript_id"": ""ENSMUST00000107010.9""}]",2026_03,0.1.0
ENSMUSG00000057497,A0A0N4SWI4,10090,UniProtKB unreviewed (TrEMBL),,entry_level_cross_reference_isoform_unspecified,,,"[{""gene_id_versioned"": ""ENSMUSG00000057497.9"", ""isoform_id"": """", ""protein_id"": ""ENSMUSP00000145530.2"", ""transcript_id"": ""ENSMUST00000204893.2""}]",2026_03,0.1.0
ENSMUSG00000057497,Q9CR98,10090,UniProtKB reviewed (Swiss-Prot),,entry_level_cross_reference_isoform_unspecified,,,"[{""gene_id_versioned"": ""ENSMUSG00000057497.9"", ""isoform_id"": """", ""protein_id"": ""ENSMUSP00000071426.8"", ""transcript_id"": ""ENSMUST00000071492.9""}]",2026_03,0.1.0
ENSMUSG00000031596,A0A1C7ZMY5,10090,UniProtKB unreviewed (TrEMBL),,entry_level_cross_reference_isoform_unspecified,,FRAGMENT_SEQUENCE,"[{""gene_id_versioned"": ""ENSMUSG00000031596.16"", ""isoform_id"": """", ""protein_id"": ""ENSMUSP00000114675.2"", ""transcript_id"": ""ENSMUST00000141505.2""}]",2026_03,0.1.0
ENSMUSG00000031596,E9QJY0,10090,UniProtKB unreviewed (TrEMBL),,entry_level_cross_reference_isoform_unspecified,,,"[{""gene_id_versioned"": ""ENSMUSG00000031596.16"", ""isoform_id"": """", ""protein_id"": ""ENSMUSP00000112848.2"", ""transcript_id"": ""ENSMUST00000118432.2""}]",2026_03,0.1.0
ENSMUSG00000031596,P18581,10090,UniProtKB reviewed (Swiss-Prot),P18581-1,explicit_displayed_isoform_cross_reference,,,"[{""gene_id_versioned"": ""ENSMUSG00000031596.16"", ""isoform_id"": ""P18581-1"", ""protein_id"": ""ENSMUSP00000058866.9"", ""transcript_id"": ""ENSMUST00000057784.15""}, {""gene_id_versioned"": ""ENSMUSG00000031596.16"", ""isoform_id"": ""P18581-2"", ""protein_id"": ""ENSMUSP00000096414.4"", ""transcript_id"": ""ENSMUST00000098816.10""}, {""gene_id_versioned"": ""ENSMUSG00000031596.16"", ""isoform_id"": ""P18581-2"", ""protein_id"": ""ENSMUSP00000113729.2"", ""transcript_id"": ""ENSMUST00000117077.8""}]",2026_03,0.1.0
ENSMUSG00000047246,Q6ZWY9,10090,UniProtKB reviewed (Swiss-Prot),,entry_level_cross_reference_isoform_unspecified,,,"[{""gene_id_versioned"": ""ENSMUSG00000047246.8"", ""isoform_id"": """", ""protein_id"": ""ENSMUSP00000061247.4"", ""transcript_id"": ""ENSMUST00000051091.5""}, {""gene_id_versioned"": ""ENSMUSG00000047246.8"", ""isoform_id"": """", ""protein_id"": ""ENSMUSP00000089296.6"", ""transcript_id"": ""ENSMUST00000091704.7""}]",2026_03,0.1.0
ENSMUSG00000001366,E0CYX8,10090,UniProtKB unreviewed (TrEMBL),,entry_level_cross_reference_isoform_unspecified,,FRAGMENT_SEQUENCE,"[{""gene_id_versioned"": ""ENSMUSG00000001366.15"", ""isoform_id"": """", ""protein_id"": ""ENSMUSP00000123807.2"", ""transcript_id"": ""ENSMUST00000162625.2""}]",2026_03,0.1.0
ENSMUSG00000001366,Q8BK06,10090,UniProtKB reviewed (Swiss-Prot),Q8BK06-1,explicit_displayed_isoform_cross_reference,,,"[{""gene_id_versioned"": ""ENSMUSG00000001366.15"", ""isoform_id"": ""Q8BK06-1"", ""protein_id"": ""ENSMUSP00000001402.8"", ""transcript_id"": ""ENSMUST00000001402.14""}, {""gene_id_versioned"": ""ENSMUSG00000001366.15"", ""isoform_id"": ""Q8BK06-2"", ""protein_id"": ""ENSMUSP00000082419.7"", ""transcript_id"": ""ENSMUST00000085311.13""}, {""gene_id_versioned"": ""ENSMUSG00000001366.15"", ""isoform_id"": ""Q8BK06-3"", ""protein_id"": ""ENSMUSP00000125381.2"", ""transcript_id"": ""ENSMUST00000159099.8""}]",2026_03,0.1.0
ENSMUSG00000024812,A0A3B2WBH9,10090,UniProtKB unreviewed (TrEMBL),,entry_level_cross_reference_isoform_unspecified,,,"[{""gene_id_versioned"": ""ENSMUSG00000024812.12"", ""isoform_id"": """", ""protein_id"": ""ENSMUSP00000156896.2"", ""transcript_id"": ""ENSMUST00000232956.2""}]",2026_03,0.1.0
ENSMUSG00000024812,A0A3B2WCN9,10090,UniProtKB unreviewed (TrEMBL),,entry_level_cross_reference_isoform_unspecified,,,"[{""gene_id_versioned"": ""ENSMUSG00000024812.12"", ""isoform_id"": """", ""protein_id"": ""ENSMUSP00000156605.2"", ""transcript_id"": ""ENSMUST00000233027.2""}]",2026_03,0.1.0
ENSMUSG00000024812,A0A494B9E6,10090,UniProtKB unreviewed (TrEMBL),,entry_level_cross_reference_isoform_unspecified,,FRAGMENT_SEQUENCE,"[{""gene_id_versioned"": ""ENSMUSG00000024812.12"", ""isoform_id"": """", ""protein_id"": ""ENSMUSP00000157619.2"", ""transcript_id"": ""ENSMUST00000236570.2""}]",2026_03,0.1.0
ENSMUSG00000024812,A0A494BAA0,10090,UniProtKB unreviewed (TrEMBL),,entry_level_cross_reference_isoform_unspecified,,FRAGMENT_SEQUENCE,"[{""gene_id_versioned"": ""ENSMUSG00000024812.12"", ""isoform_id"": """", ""protein_id"": ""ENSMUSP00000157949.2"", ""transcript_id"": ""ENSMUST00000237550.2""}]",2026_03,0.1.0
ENSMUSG00000024812,Q9Z0U1,10090,UniProtKB reviewed (Swiss-Prot),,entry_level_cross_reference_isoform_unspecified,,,"[{""gene_id_versioned"": ""ENSMUSG00000024812.12"", ""isoform_id"": """", ""protein_id"": ""ENSMUSP00000097154.5"", ""transcript_id"": ""ENSMUST00000099558.5""}, {""gene_id_versioned"": ""ENSMUSG00000024812.12"", ""isoform_id"": """", ""protein_id"": ""ENSMUSP00000156728.3"", ""transcript_id"": ""ENSMUST00000233658.3""}]",2026_03,0.1.0
ENSMUSG00000024903,B1ARV3,10090,UniProtKB unreviewed (TrEMBL),,entry_level_cross_reference_isoform_unspecified,,,"[{""gene_id_versioned"": ""ENSMUSG00000024903.11"", ""isoform_id"": """", ""protein_id"": ""ENSMUSP00000062834.5"", ""transcript_id"": ""ENSMUST00000058651.5""}]",2026_03,0.1.0
ENSMUSG00000026574,Q9QZZ6,10090,UniProtKB reviewed (Swiss-Prot),,entry_level_cross_reference_isoform_unspecified,,,"[{""gene_id_versioned"": ""ENSMUSG00000026574.6"", ""isoform_id"": """", ""protein_id"": ""ENSMUSP00000027861.5"", ""transcript_id"": ""ENSMUST00000027861.6""}]",2026_03,0.1.0
ENSMUSG00000071001,Q9D6B9,10090,UniProtKB reviewed (Swiss-Prot),,entry_level_cross_reference_isoform_unspecified,,,"[{""gene_id_versioned"": ""ENSMUSG00000071001.5"", ""isoform_id"": """", ""protein_id"": ""ENSMUSP00000092727.4"", ""transcript_id"": ""ENSMUST00000095109.5""}]",2026_03,0.1.0
ENSMUSG00000001119,Q04857,10090,UniProtKB reviewed (Swiss-Prot),,entry_level_cross_reference_isoform_unspecified,,,"[{""gene_id_versioned"": ""ENSMUSG00000001119.8"", ""isoform_id"": """", ""protein_id"": ""ENSMUSP00000001147.5"", ""transcript_id"": ""ENSMUST00000001147.5""}]",2026_03,0.1.0
ENSMUSG00000037172,A0A0J9YTZ0,10090,UniProtKB unreviewed (TrEMBL),,entry_level_cross_reference_isoform_unspecified,,FRAGMENT_SEQUENCE,"[{""gene_id_versioned"": ""ENSMUSG00000037172.15"", ""isoform_id"": """", ""protein_id"": ""ENSMUSP00000143916.2"", ""transcript_id"": ""ENSMUST00000201712.2""}]",2026_03,0.1.0
ENSMUSG00000037172,Q3UHG7,10090,UniProtKB reviewed (Swiss-Prot),Q3UHG7-1,explicit_displayed_isoform_cross_reference,,,"[{""gene_id_versioned"": ""ENSMUSG00000037172.15"", ""isoform_id"": ""Q3UHG7-2"", ""protein_id"": ""ENSMUSP00000045103.7"", ""transcript_id"": ""ENSMUST00000039008.10""}, {""gene_id_versioned"": ""ENSMUSG00000037172.15"", ""isoform_id"": ""Q3UHG7-1"", ""protein_id"": ""ENSMUSP00000099031.4"", ""transcript_id"": ""ENSMUST00000101492.10""}]",2026_03,0.1.0
ENSMUSG00000032440,Q62312,10090,UniProtKB reviewed (Swiss-Prot),Q62312-2,explicit_displayed_isoform_cross_reference,,,"[{""gene_id_versioned"": ""ENSMUSG00000032440.14"", ""isoform_id"": ""Q62312-2"", ""protein_id"": ""ENSMUSP00000035014.7"", ""transcript_id"": ""ENSMUST00000035014.8""}, {""gene_id_versioned"": ""ENSMUSG00000032440.14"", ""isoform_id"": ""Q62312-1"", ""protein_id"": ""ENSMUSP00000062333.5"", ""transcript_id"": ""ENSMUST00000061101.12""}]",2026_03,0.1.0
ENSMUSG00000044349,Q4G0K9,10090,UniProtKB unreviewed (TrEMBL),,entry_level_cross_reference_isoform_unspecified,,,"[{""gene_id_versioned"": ""ENSMUSG00000044349.17"", ""isoform_id"": """", ""protein_id"": ""ENSMUSP00000105114.2"", ""transcript_id"": ""ENSMUST00000109488.8""}]",2026_03,0.1.0
ENSMUSG00000032028,A0A0R4J0E5,10090,UniProtKB unreviewed (TrEMBL),,entry_level_cross_reference_isoform_unspecified,,,"[{""gene_id_versioned"": ""ENSMUSG00000032028.16"", ""isoform_id"": """", ""protein_id"": ""ENSMUSP00000034527.8"", ""transcript_id"": ""ENSMUST00000034527.14""}]",2026_03,0.1.0
ENSMUSG00000032028,D3Z433,10090,UniProtKB unreviewed (TrEMBL),,entry_level_cross_reference_isoform_unspecified,,FRAGMENT_SEQUENCE,"[{""gene_id_versioned"": ""ENSMUSG00000032028.16"", ""isoform_id"": """", ""protein_id"": ""ENSMUSP00000116684.2"", ""transcript_id"": ""ENSMUST00000137976.2""}]",2026_03,0.1.0
ENSMUSG00000032028,E9Q4V1,10090,UniProtKB unreviewed (TrEMBL),,entry_level_cross_reference_isoform_unspecified,,,"[{""gene_id_versioned"": ""ENSMUSG00000032028.16"", ""isoform_id"": """", ""protein_id"": ""ENSMUSP00000117580.2"", ""transcript_id"": ""ENSMUST00000135457.8""}]",2026_03,0.1.0
ENSMUSG00000027071,A2AW03,10090,UniProtKB unreviewed (TrEMBL),,entry_level_cross_reference_isoform_unspecified,,,"[{""gene_id_versioned"": ""ENSMUSG00000027071.15"", ""isoform_id"": """", ""protein_id"": ""ENSMUSP00000107243.3"", ""transcript_id"": ""ENSMUST00000111616.3""}]",2026_03,0.1.0
ENSMUSG00000027071,A2AW04,10090,UniProtKB unreviewed (TrEMBL),,entry_level_cross_reference_isoform_unspecified,,,"[{""gene_id_versioned"": ""ENSMUSG00000027071.15"", ""isoform_id"": """", ""protein_id"": ""ENSMUSP00000107240.2"", ""transcript_id"": ""ENSMUST00000111613.8""}]",2026_03,0.1.0
ENSMUSG00000027071,Q3UR32,10090,UniProtKB reviewed (Swiss-Prot),,entry_level_cross_reference_isoform_unspecified,,,"[{""gene_id_versioned"": ""ENSMUSG00000027071.15"", ""isoform_id"": """", ""protein_id"": ""ENSMUSP00000028465.8"", ""transcript_id"": ""ENSMUST00000028465.14""}]",2026_03,0.1.0
ENSMUSG00000060594,A0A1L1SS94,10090,UniProtKB unreviewed (TrEMBL),,entry_level_cross_reference_isoform_unspecified,,FRAGMENT_SEQUENCE,"[{""gene_id_versioned"": ""ENSMUSG00000060594.7"", ""isoform_id"": """", ""protein_id"": ""ENSMUSP00000149794.2"", ""transcript_id"": ""ENSMUST00000214993.2""}]",2026_03,0.1.0
ENSMUSG00000060594,A0A1L1SUC7,10090,UniProtKB unreviewed (TrEMBL),,entry_level_cross_reference_isoform_unspecified,,,"[{""gene_id_versioned"": ""ENSMUSG00000060594.7"", ""isoform_id"": """", ""protein_id"": ""ENSMUSP00000150681.2"", ""transcript_id"": ""ENSMUST00000217212.2""}]",2026_03,0.1.0
ENSMUSG00000060594,Q8C351,10090,UniProtKB reviewed (Swiss-Prot),Q8C351-1,explicit_displayed_isoform_cross_reference,,,"[{""gene_id_versioned"": ""ENSMUSG00000060594.7"", ""isoform_id"": ""Q8C351-1"", ""protein_id"": ""ENSMUSP00000096379.4"", ""transcript_id"": ""ENSMUST00000098782.4""}]",2026_03,0.1.0
ENSMUSG00000028475,A0A1B0GSZ0,10090,UniProtKB reviewed (Swiss-Prot),,entry_level_cross_reference_isoform_unspecified,,,"[{""gene_id_versioned"": ""ENSMUSG00000028475.10"", ""isoform_id"": """", ""protein_id"": ""ENSMUSP00000148128.2"", ""transcript_id"": ""ENSMUST00000131248.2""}]",2026_03,0.1.0
ENSMUSG00000027981,F6TN13,10090,UniProtKB unreviewed (TrEMBL),,entry_level_cross_reference_isoform_unspecified,,AMBIGUOUS_OR_INVALID_SEQUENCE,"[{""gene_id_versioned"": ""ENSMUSG00000027981.15"", ""isoform_id"": """", ""protein_id"": ""ENSMUSP00000115492.2"", ""transcript_id"": ""ENSMUST00000153853.8""}]",2026_03,0.1.0
ENSMUSG00000027981,Q3UZ01,10090,UniProtKB reviewed (Swiss-Prot),Q3UZ01-1,explicit_displayed_isoform_cross_reference,,,"[{""gene_id_versioned"": ""ENSMUSG00000027981.15"", ""isoform_id"": ""Q3UZ01-1"", ""protein_id"": ""ENSMUSP00000089792.4"", ""transcript_id"": ""ENSMUST00000092154.10""}, {""gene_id_versioned"": ""ENSMUSG00000027981.15"", ""isoform_id"": ""Q3UZ01-2"", ""protein_id"": ""ENSMUSP00000102145.2"", ""transcript_id"": ""ENSMUST00000106535.2""}, {""gene_id_versioned"": ""ENSMUSG00000027981.15"", ""isoform_id"": ""Q3UZ01-1"", ""protein_id"": ""ENSMUSP00000102146.2"", ""transcript_id"": ""ENSMUST00000106536.8""}]",2026_03,0.1.0
ENSMUSG00000038217,Q8VC26,10090,UniProtKB reviewed (Swiss-Prot),Q8VC26-1,explicit_displayed_isoform_cross_reference,,,"[{""gene_id_versioned"": ""ENSMUSG00000038217.14"", ""isoform_id"": ""Q8VC26-1"", ""protein_id"": ""ENSMUSP00000042958.8"", ""transcript_id"": ""ENSMUST00000043598.14""}, {""gene_id_versioned"": ""ENSMUSG00000038217.14"", ""isoform_id"": ""Q8VC26-2"", ""protein_id"": ""ENSMUSP00000104074.2"", ""transcript_id"": ""ENSMUST00000108435.2""}]",2026_03,0.1.0
ENSMUSG00000020758,A2A863,10090,UniProtKB reviewed (Swiss-Prot),A2A863-1,explicit_displayed_isoform_cross_reference,,,"[{""gene_id_versioned"": ""ENSMUSG00000020758.16"", ""isoform_id"": ""A2A863-2"", ""protein_id"": ""ENSMUSP00000070811.7"", ""transcript_id"": ""ENSMUST00000068981.13""}, {""gene_id_versioned"": ""ENSMUSG00000020758.16"", ""isoform_id"": ""A2A863-1"", ""protein_id"": ""ENSMUSP00000102066.2"", ""transcript_id"": ""ENSMUST00000106458.2""}, {""gene_id_versioned"": ""ENSMUSG00000020758.16"", ""isoform_id"": ""A2A863-3"", ""protein_id"": ""ENSMUSP00000102068.3"", ""transcript_id"": ""ENSMUST00000106460.9""}, {""gene_id_versioned"": ""ENSMUSG00000020758.16"", ""isoform_id"": ""A2A863-1"", ""protein_id"": ""ENSMUSP00000102069.2"", ""transcript_id"": ""ENSMUST00000106461.8""}]",2026_03,0.1.0
ENSMUSG00000020758,A2A864,10090,UniProtKB unreviewed (TrEMBL),,entry_level_cross_reference_isoform_unspecified,,,"[{""gene_id_versioned"": ""ENSMUSG00000020758.16"", ""isoform_id"": """", ""protein_id"": ""ENSMUSP00000021107.8"", ""transcript_id"": ""ENSMUST00000021107.14""}, {""gene_id_versioned"": ""ENSMUSG00000020758.16"", ""isoform_id"": """", ""protein_id"": ""ENSMUSP00000127604.2"", ""transcript_id"": ""ENSMUST00000169928.8""}]",2026_03,0.1.0
ENSMUSG00000078713,B1AXP6,10090,UniProtKB reviewed (Swiss-Prot),B1AXP6-1,explicit_displayed_isoform_cross_reference,,,"[{""gene_id_versioned"": ""ENSMUSG00000078713.9"", ""isoform_id"": ""B1AXP6-2"", ""protein_id"": ""ENSMUSP00000103437.2"", ""transcript_id"": ""ENSMUST00000107807.2""}, {""gene_id_versioned"": ""ENSMUSG00000078713.9"", ""isoform_id"": ""B1AXP6-3"", ""protein_id"": ""ENSMUSP00000103438.3"", ""transcript_id"": ""ENSMUST00000107808.3""}, {""gene_id_versioned"": ""ENSMUSG00000078713.9"", ""isoform_id"": ""B1AXP6-4"", ""protein_id"": ""ENSMUSP00000103439.3"", ""transcript_id"": ""ENSMUST00000107809.9""}, {""gene_id_versioned"": ""ENSMUSG00000078713.9"", ""isoform_id"": ""B1AXP6-1"", ""protein_id"": ""ENSMUSP00000103440.3"", ""transcript_id"": ""ENSMUST00000107810.3""}]",2026_03,0.1.0
ENSMUSG00000032092,A0A1L1SST8,10090,UniProtKB unreviewed (TrEMBL),,entry_level_cross_reference_isoform_unspecified,,FRAGMENT_SEQUENCE,"[{""gene_id_versioned"": ""ENSMUSG00000032092.6"", ""isoform_id"": """", ""protein_id"": ""ENSMUSP00000150054.2"", ""transcript_id"": ""ENSMUST00000215292.2""}]",2026_03,0.1.0
ENSMUSG00000032092,A0A1L1STN6,10090,UniProtKB unreviewed (TrEMBL),,entry_level_cross_reference_isoform_unspecified,,,"[{""gene_id_versioned"": ""ENSMUSG00000032092.6"", ""isoform_id"": """", ""protein_id"": ""ENSMUSP00000150395.2"", ""transcript_id"": ""ENSMUST00000217097.2""}]",2026_03,0.1.0
ENSMUSG00000032092,F6RG10,10090,UniProtKB unreviewed (TrEMBL),,entry_level_cross_reference_isoform_unspecified,,,"[{""gene_id_versioned"": ""ENSMUSG00000032092.6"", ""isoform_id"": """", ""protein_id"": ""ENSMUSP00000034600.5"", ""transcript_id"": ""ENSMUST00000034600.5""}]",2026_03,0.1.0
ENSMUSG00000024899,A0A494B923,10090,UniProtKB unreviewed (TrEMBL),,entry_level_cross_reference_isoform_unspecified,,,"[{""gene_id_versioned"": ""ENSMUSG00000024899.8"", ""isoform_id"": """", ""protein_id"": ""ENSMUSP00000157455.2"", ""transcript_id"": ""ENSMUST00000235594.2""}]",2026_03,0.1.0
ENSMUSG00000024899,A0A494BB18,10090,UniProtKB unreviewed (TrEMBL),,entry_level_cross_reference_isoform_unspecified,,,"[{""gene_id_versioned"": ""ENSMUSG00000024899.8"", ""isoform_id"": """", ""protein_id"": ""ENSMUSP00000158330.2"", ""transcript_id"": ""ENSMUST00000236290.2""}]",2026_03,0.1.0
ENSMUSG00000024899,O88428,10090,UniProtKB reviewed (Swiss-Prot),,entry_level_cross_reference_isoform_unspecified,,,"[{""gene_id_versioned"": ""ENSMUSG00000024899.8"", ""isoform_id"": """", ""protein_id"": ""ENSMUSP00000025833.7"", ""transcript_id"": ""ENSMUST00000025833.7""}]",2026_03,0.1.0
ENSMUSG00000034522,A0A286YDB9,10090,UniProtKB unreviewed (TrEMBL),,entry_level_cross_reference_isoform_unspecified,,FRAGMENT_SEQUENCE,"[{""gene_id_versioned"": ""ENSMUSG00000034522.11"", ""isoform_id"": """", ""protein_id"": ""ENSMUSP00000153350.2"", ""transcript_id"": ""ENSMUST00000224623.2""}]",2026_03,0.1.0
ENSMUSG00000034522,A0A286YDG8,10090,UniProtKB unreviewed (TrEMBL),,entry_level_cross_reference_isoform_unspecified,,FRAGMENT_SEQUENCE,"[{""gene_id_versioned"": ""ENSMUSG00000034522.11"", ""isoform_id"": """", ""protein_id"": ""ENSMUSP00000153406.2"", ""transcript_id"": ""ENSMUST00000224687.2""}]",2026_03,0.1.0
ENSMUSG00000034522,E9Q5N9,10090,UniProtKB unreviewed (TrEMBL),,entry_level_cross_reference_isoform_unspecified,,,"[{""gene_id_versioned"": ""ENSMUSG00000034522.11"", ""isoform_id"": """", ""protein_id"": ""ENSMUSP00000064422.7"", ""transcript_id"": ""ENSMUST00000066994.7""}]",2026_03,0.1.0
ENSMUSG00000075605,P0DP59,10090,UniProtKB reviewed (Swiss-Prot),,entry_level_cross_reference_isoform_unspecified,,,"[{""gene_id_versioned"": ""ENSMUSG00000075605.4"", ""isoform_id"": """", ""protein_id"": ""ENSMUSP00000051457.7"", ""transcript_id"": ""ENSMUST00000057932.8""}]",2026_03,0.1.0
ENSMUSG00000027447,A2APX3,10090,UniProtKB unreviewed (TrEMBL),,entry_level_cross_reference_isoform_unspecified,,FRAGMENT_SEQUENCE,"[{""gene_id_versioned"": ""ENSMUSG00000027447.7"", ""isoform_id"": """", ""protein_id"": ""ENSMUSP00000117672.2"", ""transcript_id"": ""ENSMUST00000144845.2""}]",2026_03,0.1.0
ENSMUSG00000027447,P21460,10090,UniProtKB reviewed (Swiss-Prot),,entry_level_cross_reference_isoform_unspecified,,,"[{""gene_id_versioned"": ""ENSMUSG00000027447.7"", ""isoform_id"": """", ""protein_id"": ""ENSMUSP00000028938.7"", ""transcript_id"": ""ENSMUST00000028938.7""}]",2026_03,0.1.0
ENSMUSG00000058145,A0A140LJ54,10090,UniProtKB unreviewed (TrEMBL),,entry_level_cross_reference_isoform_unspecified,,FRAGMENT_SEQUENCE,"[{""gene_id_versioned"": ""ENSMUSG00000058145.17"", ""isoform_id"": """", ""protein_id"": ""ENSMUSP00000147080.2"", ""transcript_id"": ""ENSMUST00000125014.2""}]",2026_03,0.1.0
ENSMUSG00000058145,E9Q4D1,10090,UniProtKB unreviewed (TrEMBL),,entry_level_cross_reference_isoform_unspecified,,,"[{""gene_id_versioned"": ""ENSMUSG00000058145.17"", ""isoform_id"": """", ""protein_id"": ""ENSMUSP00000095984.4"", ""transcript_id"": ""ENSMUST00000098382.10""}]",2026_03,0.1.0
ENSMUSG00000058145,F6RTQ0,10090,UniProtKB unreviewed (TrEMBL),,entry_level_cross_reference_isoform_unspecified,,AMBIGUOUS_OR_INVALID_SEQUENCE,"[{""gene_id_versioned"": ""ENSMUSG00000058145.17"", ""isoform_id"": """", ""protein_id"": ""ENSMUSP00000121836.2"", ""transcript_id"": ""ENSMUST00000154103.2""}]",2026_03,0.1.0
ENSMUSG00000078235,A2AM80,10090,UniProtKB unreviewed (TrEMBL),,entry_level_cross_reference_isoform_unspecified,,,"[{""gene_id_versioned"": ""ENSMUSG00000078235.4"", ""isoform_id"": """", ""protein_id"": ""ENSMUSP00000100649.3"", ""transcript_id"": ""ENSMUST00000105032.4""}]",2026_03,0.1.0
ENSMUSG00000051278,A0A0G2JGH8,10090,UniProtKB unreviewed (TrEMBL),,entry_level_cross_reference_isoform_unspecified,,FRAGMENT_SEQUENCE,"[{""gene_id_versioned"": ""ENSMUSG00000051278.13"", ""isoform_id"": """", ""protein_id"": ""ENSMUSP00000143570.2"", ""transcript_id"": ""ENSMUST00000196341.2""}]",2026_03,0.1.0
ENSMUSG00000051278,A0A0G2JGJ2,10090,UniProtKB unreviewed (TrEMBL),,entry_level_cross_reference_isoform_unspecified,,,"[{""gene_id_versioned"": ""ENSMUSG00000051278.13"", ""isoform_id"": """", ""protein_id"": ""ENSMUSP00000142693.2"", ""transcript_id"": ""ENSMUST00000199888.5""}, {""gene_id_versioned"": ""ENSMUSG00000051278.13"", ""isoform_id"": """", ""protein_id"": ""ENSMUSP00000143585.2"", ""transcript_id"": ""ENSMUST00000200490.5""}]",2026_03,0.1.0
ENSMUSG00000051278,Q0VGT4,10090,UniProtKB reviewed (Swiss-Prot),Q0VGT4-1,explicit_displayed_isoform_cross_reference,,,"[{""gene_id_versioned"": ""ENSMUSG00000051278.13"", ""isoform_id"": ""Q0VGT4-1"", ""protein_id"": ""ENSMUSP00000044432.5"", ""transcript_id"": ""ENSMUST00000043108.9""}, {""gene_id_versioned"": ""ENSMUSG00000051278.13"", ""isoform_id"": ""Q0VGT4-2"", ""protein_id"": ""ENSMUSP00000142886.2"", ""transcript_id"": ""ENSMUST00000195955.2""}, {""gene_id_versioned"": ""ENSMUSG00000051278.13"", ""isoform_id"": ""Q0VGT4-1"", ""protein_id"": ""ENSMUSP00000143761.2"", ""transcript_id"": ""ENSMUST00000196141.5""}]",2026_03,0.1.0
ENSMUSG00000027463,Q9D6X5,10090,UniProtKB reviewed (Swiss-Prot),Q9D6X5-1,explicit_displayed_isoform_cross_reference,,,"[{""gene_id_versioned"": ""ENSMUSG00000027463.15"", ""isoform_id"": ""Q9D6X5-1"", ""protein_id"": ""ENSMUSP00000072961.6"", ""transcript_id"": ""ENSMUST00000073228.12""}, {""gene_id_versioned"": ""ENSMUSG00000027463.15"", ""isoform_id"": ""Q9D6X5-2"", ""protein_id"": ""ENSMUSP00000105484.2"", ""transcript_id"": ""ENSMUST00000109858.2""}, {""gene_id_versioned"": ""ENSMUSG00000027463.15"", ""isoform_id"": ""Q9D6X5-2"", ""protein_id"": ""ENSMUSP00000105485.3"", ""transcript_id"": ""ENSMUST00000109859.9""}, {""gene_id_versioned"": ""ENSMUSG00000027463.15"", ""isoform_id"": ""Q9D6X5-1"", ""protein_id"": ""ENSMUSP00000105487.2"", ""transcript_id"": ""ENSMUST00000109861.8""}]",2026_03,0.1.0
ENSMUSG00000025240,A0A1L1SR59,10090,UniProtKB unreviewed (TrEMBL),,entry_level_cross_reference_isoform_unspecified,,,"[{""gene_id_versioned"": ""ENSMUSG00000025240.11"", ""isoform_id"": """", ""protein_id"": ""ENSMUSP00000149326.2"", ""transcript_id"": ""ENSMUST00000217045.2""}]",2026_03,0.1.0
ENSMUSG00000025240,A0A5F8MPK9,10090,UniProtKB unreviewed (TrEMBL),,entry_level_cross_reference_isoform_unspecified,,AMBIGUOUS_OR_INVALID_SEQUENCE,"[{""gene_id_versioned"": ""ENSMUSG00000025240.11"", ""isoform_id"": """", ""protein_id"": ""ENSMUSP00000159019.2"", ""transcript_id"": ""ENSMUST00000239083.2""}]",2026_03,0.1.0
ENSMUSG00000025240,Q9EP69,10090,UniProtKB reviewed (Swiss-Prot),,entry_level_cross_reference_isoform_unspecified,,,"[{""gene_id_versioned"": ""ENSMUSG00000025240.11"", ""isoform_id"": """", ""protein_id"": ""ENSMUSP00000026270.8"", ""transcript_id"": ""ENSMUST00000026270.9""}, {""gene_id_versioned"": ""ENSMUSG00000025240.11"", ""isoform_id"": """", ""protein_id"": ""ENSMUSP00000158880.2"", ""transcript_id"": ""ENSMUST00000238984.2""}]",2026_03,0.1.0
ENSMUSG00000025001,D3Z414,10090,UniProtKB unreviewed (TrEMBL),,entry_level_cross_reference_isoform_unspecified,,FRAGMENT_SEQUENCE,"[{""gene_id_versioned"": ""ENSMUSG00000025001.12"", ""isoform_id"": """", ""protein_id"": ""ENSMUSP00000116710.2"", ""transcript_id"": ""ENSMUST00000145051.2""}]",2026_03,0.1.0
ENSMUSG00000025001,Q60848,10090,UniProtKB reviewed (Swiss-Prot),Q60848-1,explicit_displayed_isoform_cross_reference,,,"[{""gene_id_versioned"": ""ENSMUSG00000025001.12"", ""isoform_id"": ""Q60848-1"", ""protein_id"": ""ENSMUSP00000025965.6"", ""transcript_id"": ""ENSMUST00000025965.12""}]",2026_03,0.1.0
ENSMUSG00000020770,Q8BL48,10090,UniProtKB reviewed (Swiss-Prot),Q8BL48-1,explicit_displayed_isoform_cross_reference,,,"[{""gene_id_versioned"": ""ENSMUSG00000020770.14"", ""isoform_id"": ""Q8BL48-1"", ""protein_id"": ""ENSMUSP00000021116.6"", ""transcript_id"": ""ENSMUST00000021116.12""}, {""gene_id_versioned"": ""ENSMUSG00000020770.14"", ""isoform_id"": ""Q8BL48-2"", ""protein_id"": ""ENSMUSP00000102060.2"", ""transcript_id"": ""ENSMUST00000106452.2""}]",2026_03,0.1.0
ENSMUSG00000026170,Q9DBG1,10090,UniProtKB reviewed (Swiss-Prot),,entry_level_cross_reference_isoform_unspecified,,,"[{""gene_id_versioned"": ""ENSMUSG00000026170.7"", ""isoform_id"": """", ""protein_id"": ""ENSMUSP00000027356.6"", ""transcript_id"": ""ENSMUST00000027356.7""}]",2026_03,0.1.0
ENSMUSG00000058756,A0A0R4J1R8,10090,UniProtKB unreviewed (TrEMBL),,entry_level_cross_reference_isoform_unspecified,,FRAGMENT_SEQUENCE,"[{""gene_id_versioned"": ""ENSMUSG00000058756.14"", ""isoform_id"": """", ""protein_id"": ""ENSMUSP00000115323.2"", ""transcript_id"": ""ENSMUST00000124072.2""}]",2026_03,0.1.0
ENSMUSG00000058756,A3KFN7,10090,UniProtKB unreviewed (TrEMBL),,entry_level_cross_reference_isoform_unspecified,,FRAGMENT_SEQUENCE,"[{""gene_id_versioned"": ""ENSMUSG00000058756.14"", ""isoform_id"": """", ""protein_id"": ""ENSMUSP00000123056.2"", ""transcript_id"": ""ENSMUST00000153043.8""}]",2026_03,0.1.0
ENSMUSG00000058756,P63058,10090,UniProtKB reviewed (Swiss-Prot),,,MULTIPLE_DISPLAYED_ISOFORMS,,"[{""gene_id_versioned"": ""ENSMUSG00000058756.14"", ""isoform_id"": ""P63058-1"", ""protein_id"": ""ENSMUSP00000068281.6"", ""transcript_id"": ""ENSMUST00000064187.12""}, {""gene_id_versioned"": ""ENSMUSG00000058756.14"", ""isoform_id"": ""P63058-2"", ""protein_id"": ""ENSMUSP00000099428.5"", ""transcript_id"": ""ENSMUST00000103139.11""}]",2026_03,0.1.0
ENSMUSG00000031871,A0A1B0GQW9,10090,UniProtKB unreviewed (TrEMBL),,entry_level_cross_reference_isoform_unspecified,,FRAGMENT_SEQUENCE,"[{""gene_id_versioned"": ""ENSMUSG00000031871.10"", ""isoform_id"": """", ""protein_id"": ""ENSMUSP00000147286.2"", ""transcript_id"": ""ENSMUST00000209911.2""}]",2026_03,0.1.0
ENSMUSG00000031871,P55284,10090,UniProtKB reviewed (Swiss-Prot),,entry_level_cross_reference_isoform_unspecified,,,"[{""gene_id_versioned"": ""ENSMUSG00000031871.10"", ""isoform_id"": """", ""protein_id"": ""ENSMUSP00000034339.9"", ""transcript_id"": ""ENSMUST00000034339.10""}]",2026_03,0.1.0
ENSMUSG00000053175,F6YNH8,10090,UniProtKB unreviewed (TrEMBL),,entry_level_cross_reference_isoform_unspecified,,FRAGMENT_SEQUENCE,"[{""gene_id_versioned"": ""ENSMUSG00000053175.18"", ""isoform_id"": """", ""protein_id"": ""ENSMUSP00000117754.3"", ""transcript_id"": ""ENSMUST00000135609.8""}]",2026_03,0.1.0
ENSMUSG00000053175,Q9Z2F6,10090,UniProtKB reviewed (Swiss-Prot),,entry_level_cross_reference_isoform_unspecified,,,"[{""gene_id_versioned"": ""ENSMUSG00000053175.18"", ""isoform_id"": """", ""protein_id"": ""ENSMUSP00000113851.2"", ""transcript_id"": ""ENSMUST00000120537.8""}]",2026_03,0.1.0
ENSMUSG00000008167,F8VPX2,10090,UniProtKB unreviewed (TrEMBL),,entry_level_cross_reference_isoform_unspecified,,,"[{""gene_id_versioned"": ""ENSMUSG00000008167.15"", ""isoform_id"": """", ""protein_id"": ""ENSMUSP00000092845.4"", ""transcript_id"": ""ENSMUST00000095220.4""}]",2026_03,0.1.0
ENSMUSG00000026193,A0A087WPB0,10090,UniProtKB unreviewed (TrEMBL),,entry_level_cross_reference_isoform_unspecified,,,"[{""gene_id_versioned"": ""ENSMUSG00000026193.16"", ""isoform_id"": """", ""protein_id"": ""ENSMUSP00000139702.2"", ""transcript_id"": ""ENSMUST00000189821.7""}]",2026_03,0.1.0
ENSMUSG00000026193,A0A087WQE0,10090,UniProtKB unreviewed (TrEMBL),,entry_level_cross_reference_isoform_unspecified,,AMBIGUOUS_OR_INVALID_SEQUENCE,"[{""gene_id_versioned"": ""ENSMUSG00000026193.16"", ""isoform_id"": """", ""protein_id"": ""ENSMUSP00000140153.2"", ""transcript_id"": ""ENSMUST00000186613.2""}]",2026_03,0.1.0
ENSMUSG00000026193,A0A087WQR8,10090,UniProtKB unreviewed (TrEMBL),,entry_level_cross_reference_isoform_unspecified,,,"[{""gene_id_versioned"": ""ENSMUSG00000026193.16"", ""isoform_id"": """", ""protein_id"": ""ENSMUSP00000140315.2"", ""transcript_id"": ""ENSMUST00000186940.7""}]",2026_03,0.1.0
ENSMUSG00000026193,A0A087WQW8,10090,UniProtKB unreviewed (TrEMBL),,entry_level_cross_reference_isoform_unspecified,,FRAGMENT_SEQUENCE,"[{""gene_id_versioned"": ""ENSMUSG00000026193.16"", ""isoform_id"": """", ""protein_id"": ""ENSMUSP00000140372.2"", ""transcript_id"": ""ENSMUST00000186736.2""}]",2026_03,0.1.0
ENSMUSG00000026193,A0A087WR50,10090,UniProtKB unreviewed (TrEMBL),,entry_level_cross_reference_isoform_unspecified,,,"[{""gene_id_versioned"": ""ENSMUSG00000026193.16"", ""isoform_id"": """", ""protein_id"": ""ENSMUSP00000140471.2"", ""transcript_id"": ""ENSMUST00000188894.7""}]",2026_03,0.1.0
ENSMUSG00000026193,A0A087WRY1,10090,UniProtKB unreviewed (TrEMBL),,entry_level_cross_reference_isoform_unspecified,,,"[{""gene_id_versioned"": ""ENSMUSG00000026193.16"", ""isoform_id"": """", ""protein_id"": ""ENSMUSP00000140816.2"", ""transcript_id"": ""ENSMUST00000190780.7""}]",2026_03,0.1.0
ENSMUSG00000026193,A0A087WS56,10090,UniProtKB unreviewed (TrEMBL),,entry_level_cross_reference_isoform_unspecified,,,"[{""gene_id_versioned"": ""ENSMUSG00000026193.16"", ""isoform_id"": """", ""protein_id"": ""ENSMUSP00000140907.2"", ""transcript_id"": ""ENSMUST00000188674.7""}]",2026_03,0.1.0
ENSMUSG00000026193,A0A087WS99,10090,UniProtKB unreviewed (TrEMBL),,entry_level_cross_reference_isoform_unspecified,,FRAGMENT_SEQUENCE,"[{""gene_id_versioned"": ""ENSMUSG00000026193.16"", ""isoform_id"": """", ""protein_id"": ""ENSMUSP00000140955.2"", ""transcript_id"": ""ENSMUST00000187627.2""}]",2026_03,0.1.0
ENSMUSG00000026193,A0A087WSB4,10090,UniProtKB unreviewed (TrEMBL),,entry_level_cross_reference_isoform_unspecified,,,"[{""gene_id_versioned"": ""ENSMUSG00000026193.16"", ""isoform_id"": """", ""protein_id"": ""ENSMUSP00000140975.2"", ""transcript_id"": ""ENSMUST00000187938.7""}]",2026_03,0.1.0
ENSMUSG00000026193,A0A087WSN6,10090,UniProtKB unreviewed (TrEMBL),,entry_level_cross_reference_isoform_unspecified,,,"[{""gene_id_versioned"": ""ENSMUSG00000026193.16"", ""isoform_id"": """", ""protein_id"": ""ENSMUSP00000141123.2"", ""transcript_id"": ""ENSMUST00000186129.7""}]",2026_03,0.1.0
ENSMUSG00000026193,A0A087WSU6,10090,UniProtKB unreviewed (TrEMBL),,entry_level_cross_reference_isoform_unspecified,,AMBIGUOUS_OR_INVALID_SEQUENCE,"[{""gene_id_versioned"": ""ENSMUSG00000026193.16"", ""isoform_id"": """", ""protein_id"": ""ENSMUSP00000141193.2"", ""transcript_id"": ""ENSMUST00000186985.2""}]",2026_03,0.1.0
ENSMUSG00000026193,P11276,10090,UniProtKB reviewed (Swiss-Prot),P11276-1,entry_level_cross_reference_isoform_unspecified,,,"[{""gene_id_versioned"": ""ENSMUSG00000026193.16"", ""isoform_id"": """", ""protein_id"": ""ENSMUSP00000054499.7"", ""transcript_id"": ""ENSMUST00000055226.13""}]",2026_03,0.1.0
ENSMUSG00000043924,A2A990,10090,UniProtKB unreviewed (TrEMBL),,entry_level_cross_reference_isoform_unspecified,,FRAGMENT_SEQUENCE,"[{""gene_id_versioned"": ""ENSMUSG00000043924.17"", ""isoform_id"": """", ""protein_id"": ""ENSMUSP00000118237.2"", ""transcript_id"": ""ENSMUST00000123632.2""}]",2026_03,0.1.0
ENSMUSG00000043924,A2A991,10090,UniProtKB unreviewed (TrEMBL),,entry_level_cross_reference_isoform_unspecified,,FRAGMENT_SEQUENCE,"[{""gene_id_versioned"": ""ENSMUSG00000043924.17"", ""isoform_id"": """", ""protein_id"": ""ENSMUSP00000116389.2"", ""transcript_id"": ""ENSMUST00000154518.2""}]",2026_03,0.1.0
ENSMUSG00000043924,A2A992,10090,UniProtKB unreviewed (TrEMBL),,entry_level_cross_reference_isoform_unspecified,,,"[{""gene_id_versioned"": ""ENSMUSG00000043924.17"", ""isoform_id"": """", ""protein_id"": ""ENSMUSP00000101486.3"", ""transcript_id"": ""ENSMUST00000105860.9""}]",2026_03,0.1.0
ENSMUSG00000043924,Q99JS0,10090,UniProtKB reviewed (Swiss-Prot),,entry_level_cross_reference_isoform_unspecified,,,"[{""gene_id_versioned"": ""ENSMUSG00000043924.17"", ""isoform_id"": """", ""protein_id"": ""ENSMUSP00000070780.9"", ""transcript_id"": ""ENSMUST00000064481.15""}, {""gene_id_versioned"": ""ENSMUSG00000043924.17"", ""isoform_id"": """", ""protein_id"": ""ENSMUSP00000101483.2"", ""transcript_id"": ""ENSMUST00000105857.8""}, {""gene_id_versioned"": ""ENSMUSG00000043924.17"", ""isoform_id"": """", ""protein_id"": ""ENSMUSP00000101484.2"", ""transcript_id"": ""ENSMUST00000105858.8""}, {""gene_id_versioned"": ""ENSMUSG00000043924.17"", ""isoform_id"": """", ""protein_id"": ""ENSMUSP00000101485.2"", ""transcript_id"": ""ENSMUST00000105859.8""}]",2026_03,0.1.0
ENSMUSG00000021607,Q99N90,10090,UniProtKB reviewed (Swiss-Prot),,entry_level_cross_reference_isoform_unspecified,,,"[{""gene_id_versioned"": ""ENSMUSG00000021607.10"", ""isoform_id"": """", ""protein_id"": ""ENSMUSP00000022098.9"", ""transcript_id"": ""ENSMUST00000022098.10""}, {""gene_id_versioned"": ""ENSMUSG00000021607.10"", ""isoform_id"": """", ""protein_id"": ""ENSMUSP00000152226.2"", ""transcript_id"": ""ENSMUST00000221730.2""}, {""gene_id_versioned"": ""ENSMUSG00000021607.10"", ""isoform_id"": """", ""protein_id"": ""ENSMUSP00000152607.2"", ""transcript_id"": ""ENSMUST00000222030.2""}]",2026_03,0.1.0
ENSMUSG00000025648,A0A0G2JDE6,10090,UniProtKB unreviewed (TrEMBL),,entry_level_cross_reference_isoform_unspecified,,AMBIGUOUS_OR_INVALID_SEQUENCE,"[{""gene_id_versioned"": ""ENSMUSG00000025648.19"", ""isoform_id"": """", ""protein_id"": ""ENSMUSP00000142339.2"", ""transcript_id"": ""ENSMUST00000200015.6""}]",2026_03,0.1.0
ENSMUSG00000025648,A0A0G2JFP0,10090,UniProtKB unreviewed (TrEMBL),,entry_level_cross_reference_isoform_unspecified,,,"[{""gene_id_versioned"": ""ENSMUSG00000025648.19"", ""isoform_id"": """", ""protein_id"": ""ENSMUSP00000143249.2"", ""transcript_id"": ""ENSMUST00000196249.5""}]",2026_03,0.1.0
ENSMUSG00000025648,Q6DTY7,10090,UniProtKB reviewed (Swiss-Prot),Q6DTY7-1,explicit_displayed_isoform_cross_reference,,,"[{""gene_id_versioned"": ""ENSMUSG00000025648.19"", ""isoform_id"": ""Q6DTY7-5"", ""protein_id"": ""ENSMUSP00000057197.10"", ""transcript_id"": ""ENSMUST00000051873.15""}, {""gene_id_versioned"": ""ENSMUSG00000025648.19"", ""isoform_id"": ""Q6DTY7-1"", ""protein_id"": ""ENSMUSP00000142378.2"", ""transcript_id"": ""ENSMUST00000198140.5""}, {""gene_id_versioned"": ""ENSMUSG00000025648.19"", ""isoform_id"": ""Q6DTY7-3"", ""protein_id"": ""ENSMUSP00000142992.2"", ""transcript_id"": ""ENSMUST00000199591.5""}]",2026_03,0.1.0
ENSMUSG00000039670,H3BK04,10090,UniProtKB unreviewed (TrEMBL),,entry_level_cross_reference_isoform_unspecified,,AMBIGUOUS_OR_INVALID_SEQUENCE,"[{""gene_id_versioned"": ""ENSMUSG00000039670.3"", ""isoform_id"": """", ""protein_id"": ""ENSMUSP00000135197.2"", ""transcript_id"": ""ENSMUST00000137632.2""}]",2026_03,0.1.0
ENSMUSG00000039670,Q9CR10,10090,UniProtKB reviewed (Swiss-Prot),,entry_level_cross_reference_isoform_unspecified,,,"[{""gene_id_versioned"": ""ENSMUSG00000039670.3"", ""isoform_id"": """", ""protein_id"": ""ENSMUSP00000036860.3"", ""transcript_id"": ""ENSMUST00000044007.3""}]",2026_03,0.1.0
ENSMUSG00000048001,P70120,10090,UniProtKB reviewed (Swiss-Prot),,entry_level_cross_reference_isoform_unspecified,,,"[{""gene_id_versioned"": ""ENSMUSG00000048001.8"", ""isoform_id"": """", ""protein_id"": ""ENSMUSP00000051118.7"", ""transcript_id"": ""ENSMUST00000049621.7""}]",2026_03,0.1.0
ENSMUSG00000065954,A0A1B0GR30,10090,UniProtKB unreviewed (TrEMBL),,entry_level_cross_reference_isoform_unspecified,,FRAGMENT_SEQUENCE,"[{""gene_id_versioned"": ""ENSMUSG00000065954.12"", ""isoform_id"": """", ""protein_id"": ""ENSMUSP00000147353.2"", ""transcript_id"": ""ENSMUST00000210488.2""}]",2026_03,0.1.0
ENSMUSG00000065954,A0A1B0GRF4,10090,UniProtKB unreviewed (TrEMBL),,entry_level_cross_reference_isoform_unspecified,,,"[{""gene_id_versioned"": ""ENSMUSG00000065954.12"", ""isoform_id"": """", ""protein_id"": ""ENSMUSP00000147499.2"", ""transcript_id"": ""ENSMUST00000211622.2""}]",2026_03,0.1.0
ENSMUSG00000065954,A0A1B0GRH3,10090,UniProtKB unreviewed (TrEMBL),,entry_level_cross_reference_isoform_unspecified,,FRAGMENT_SEQUENCE,"[{""gene_id_versioned"": ""ENSMUSG00000065954.12"", ""isoform_id"": """", ""protein_id"": ""ENSMUSP00000147525.2"", ""transcript_id"": ""ENSMUST00000210016.2""}]",2026_03,0.1.0
ENSMUSG00000065954,A0A1B0GRI7,10090,UniProtKB unreviewed (TrEMBL),,entry_level_cross_reference_isoform_unspecified,,,"[{""gene_id_versioned"": ""ENSMUSG00000065954.12"", ""isoform_id"": """", ""protein_id"": ""ENSMUSP00000147382.2"", ""transcript_id"": ""ENSMUST00000209827.2""}, {""gene_id_versioned"": ""ENSMUSG00000065954.12"", ""isoform_id"": """", ""protein_id"": ""ENSMUSP00000147539.2"", ""transcript_id"": ""ENSMUST00000210767.2""}]",2026_03,0.1.0
ENSMUSG00000065954,A0A1B0GSC1,10090,UniProtKB unreviewed (TrEMBL),,entry_level_cross_reference_isoform_unspecified,,FRAGMENT_SEQUENCE,"[{""gene_id_versioned"": ""ENSMUSG00000065954.12"", ""isoform_id"": """", ""protein_id"": ""ENSMUSP00000147876.2"", ""transcript_id"": ""ENSMUST00000210933.2""}]",2026_03,0.1.0
ENSMUSG00000065954,F8VQ95,10090,UniProtKB unreviewed (TrEMBL),,entry_level_cross_reference_isoform_unspecified,,,"[{""gene_id_versioned"": ""ENSMUSG00000065954.12"", ""isoform_id"": """", ""protein_id"": ""ENSMUSP00000081043.5"", ""transcript_id"": ""ENSMUST00000084030.6""}]",2026_03,0.1.0
ENSMUSG00000065954,Q6Y685,10090,UniProtKB reviewed (Swiss-Prot),,,ONLY_NONCANONICAL_OR_UNRESOLVED_ISOFORM_XREF,,"[{""gene_id_versioned"": ""ENSMUSG00000065954.12"", ""isoform_id"": ""Q6Y685-2"", ""protein_id"": ""ENSMUSP00000081560.5"", ""transcript_id"": ""ENSMUST00000084512.11""}]",2026_03,0.1.0
ENSMUSG00000023980,Q9EQH4,10090,UniProtKB reviewed (Swiss-Prot),Q9EQH4-1,explicit_displayed_isoform_cross_reference,,,"[{""gene_id_versioned"": ""ENSMUSG00000023980.8"", ""isoform_id"": ""Q9EQH4-1"", ""protein_id"": ""ENSMUSP00000063201.3"", ""transcript_id"": ""ENSMUST00000067103.4""}, {""gene_id_versioned"": ""ENSMUSG00000023980.8"", ""isoform_id"": ""Q9EQH4-2"", ""protein_id"": ""ENSMUSP00000156629.2"", ""transcript_id"": ""ENSMUST00000233121.2""}, {""gene_id_versioned"": ""ENSMUSG00000023980.8"", ""isoform_id"": ""Q9EQH4-3"", ""protein_id"": ""ENSMUSP00000156668.2"", ""transcript_id"": ""ENSMUST00000233174.2""}]",2026_03,0.1.0
ENSMUSG00000029397,G3UWD8,10090,UniProtKB unreviewed (TrEMBL),,entry_level_cross_reference_isoform_unspecified,,,"[{""gene_id_versioned"": ""ENSMUSG00000029397.16"", ""isoform_id"": """", ""protein_id"": ""ENSMUSP00000131270.2"", ""transcript_id"": ""ENSMUST00000169948.2""}]",2026_03,0.1.0
ENSMUSG00000029397,Q9CR50,10090,UniProtKB reviewed (Swiss-Prot),,entry_level_cross_reference_isoform_unspecified,,,"[{""gene_id_versioned"": ""ENSMUSG00000029397.16"", ""isoform_id"": """", ""protein_id"": ""ENSMUSP00000031345.9"", ""transcript_id"": ""ENSMUST00000031345.15""}]",2026_03,0.1.0
ENSMUSG00000030218,P19788,10090,UniProtKB reviewed (Swiss-Prot),,entry_level_cross_reference_isoform_unspecified,,,"[{""gene_id_versioned"": ""ENSMUSG00000030218.3"", ""isoform_id"": """", ""protein_id"": ""ENSMUSP00000032342.2"", ""transcript_id"": ""ENSMUST00000032342.3""}]",2026_03,0.1.0
ENSMUSG00000044337,P56485,10090,UniProtKB reviewed (Swiss-Prot),,entry_level_cross_reference_isoform_unspecified,,,"[{""gene_id_versioned"": ""ENSMUSG00000044337.6"", ""isoform_id"": """", ""protein_id"": ""ENSMUSP00000069114.5"", ""transcript_id"": ""ENSMUST00000065587.5""}]",2026_03,0.1.0
ENSMUSG00000068874,D6RHN2,10090,UniProtKB unreviewed (TrEMBL),,entry_level_cross_reference_isoform_unspecified,,,"[{""gene_id_versioned"": ""ENSMUSG00000068874.14"", ""isoform_id"": """", ""protein_id"": ""ENSMUSP00000120159.2"", ""transcript_id"": ""ENSMUST00000134202.2""}, {""gene_id_versioned"": ""ENSMUSG00000068874.14"", ""isoform_id"": """", ""protein_id"": ""ENSMUSP00000118563.2"", ""transcript_id"": ""ENSMUST00000140757.8""}]",2026_03,0.1.0
ENSMUSG00000068874,P17563,10090,UniProtKB reviewed (Swiss-Prot),,entry_level_cross_reference_isoform_unspecified,,,"[{""gene_id_versioned"": ""ENSMUSG00000068874.14"", ""isoform_id"": """", ""protein_id"": ""ENSMUSP00000088349.6"", ""transcript_id"": ""ENSMUST00000090839.12""}]",2026_03,0.1.0
ENSMUSG00000030087,A0A0N4SVC6,10090,UniProtKB unreviewed (TrEMBL),,entry_level_cross_reference_isoform_unspecified,,AMBIGUOUS_OR_INVALID_SEQUENCE,"[{""gene_id_versioned"": ""ENSMUSG00000030087.12"", ""isoform_id"": """", ""protein_id"": ""ENSMUSP00000145043.2"", ""transcript_id"": ""ENSMUST00000205136.2""}]",2026_03,0.1.0
ENSMUSG00000030087,Q9EPW2,10090,UniProtKB reviewed (Swiss-Prot),,entry_level_cross_reference_isoform_unspecified,,,"[{""gene_id_versioned"": ""ENSMUSG00000030087.12"", ""isoform_id"": """", ""protein_id"": ""ENSMUSP00000032174.6"", ""transcript_id"": ""ENSMUST00000032174.12""}, {""gene_id_versioned"": ""ENSMUSG00000030087.12"", ""isoform_id"": """", ""protein_id"": ""ENSMUSP00000109158.2"", ""transcript_id"": ""ENSMUST00000113530.4""}, {""gene_id_versioned"": ""ENSMUSG00000030087.12"", ""isoform_id"": """", ""protein_id"": ""ENSMUSP00000144962.2"", ""transcript_id"": ""ENSMUST00000203039.3""}, {""gene_id_versioned"": ""ENSMUSG00000030087.12"", ""isoform_id"": """", ""protein_id"": ""ENSMUSP00000144808.2"", ""transcript_id"": ""ENSMUST00000203607.2""}]",2026_03,0.1.0
ENSMUSG00000030693,F7DDL9,10090,UniProtKB unreviewed (TrEMBL),,entry_level_cross_reference_isoform_unspecified,,,"[{""gene_id_versioned"": ""ENSMUSG00000030693.11"", ""isoform_id"": """", ""protein_id"": ""ENSMUSP00000014058.9"", ""transcript_id"": ""ENSMUST00000014058.11""}]",2026_03,0.1.0
ENSMUSG00000021541,D6RI84,10090,UniProtKB unreviewed (TrEMBL),,entry_level_cross_reference_isoform_unspecified,,,"[{""gene_id_versioned"": ""ENSMUSG00000021541.15"", ""isoform_id"": """", ""protein_id"": ""ENSMUSP00000119809.2"", ""transcript_id"": ""ENSMUST00000151918.8""}]",2026_03,0.1.0
ENSMUSG00000021541,E9PVJ9,10090,UniProtKB unreviewed (TrEMBL),,entry_level_cross_reference_isoform_unspecified,,,"[{""gene_id_versioned"": ""ENSMUSG00000021541.15"", ""isoform_id"": """", ""protein_id"": ""ENSMUSP00000105497.2"", ""transcript_id"": ""ENSMUST00000109871.8""}]",2026_03,0.1.0
ENSMUSG00000021541,G3UWI6,10090,UniProtKB unreviewed (TrEMBL),,entry_level_cross_reference_isoform_unspecified,,,"[{""gene_id_versioned"": ""ENSMUSG00000021541.15"", ""isoform_id"": """", ""protein_id"": ""ENSMUSP00000133305.2"", ""transcript_id"": ""ENSMUST00000174457.9""}]",2026_03,0.1.0
ENSMUSG00000021541,G3UWT1,10090,UniProtKB unreviewed (TrEMBL),,entry_level_cross_reference_isoform_unspecified,,,"[{""gene_id_versioned"": ""ENSMUSG00000021541.15"", ""isoform_id"": """", ""protein_id"": ""ENSMUSP00000133411.2"", ""transcript_id"": ""ENSMUST00000173817.9""}]",2026_03,0.1.0
ENSMUSG00000021541,G3UYZ6,10090,UniProtKB unreviewed (TrEMBL),,entry_level_cross_reference_isoform_unspecified,,AMBIGUOUS_OR_INVALID_SEQUENCE,"[{""gene_id_versioned"": ""ENSMUSG00000021541.15"", ""isoform_id"": """", ""protein_id"": ""ENSMUSP00000134285.3"", ""transcript_id"": ""ENSMUST00000173466.3""}]",2026_03,0.1.0
ENSMUSG00000021541,G3UZF9,10090,UniProtKB unreviewed (TrEMBL),,entry_level_cross_reference_isoform_unspecified,,AMBIGUOUS_OR_INVALID_SEQUENCE,"[{""gene_id_versioned"": ""ENSMUSG00000021541.15"", ""isoform_id"": """", ""protein_id"": ""ENSMUSP00000134481.3"", ""transcript_id"": ""ENSMUST00000173067.9""}]",2026_03,0.1.0
ENSMUSG00000021541,G3UZW6,10090,UniProtKB unreviewed (TrEMBL),,entry_level_cross_reference_isoform_unspecified,,AMBIGUOUS_OR_INVALID_SEQUENCE,"[{""gene_id_versioned"": ""ENSMUSG00000021541.15"", ""isoform_id"": """", ""protein_id"": ""ENSMUSP00000134662.3"", ""transcript_id"": ""ENSMUST00000173513.9""}]",2026_03,0.1.0
ENSMUSG00000021541,Q9WVC5,10090,UniProtKB reviewed (Swiss-Prot),,entry_level_cross_reference_isoform_unspecified,,,"[{""gene_id_versioned"": ""ENSMUSG00000021541.15"", ""isoform_id"": """", ""protein_id"": ""ENSMUSP00000022023.7"", ""transcript_id"": ""ENSMUST00000022023.13""}]",2026_03,0.1.0
ENSMUSG00000025277,Q8R2Y0,10090,UniProtKB reviewed (Swiss-Prot),Q8R2Y0-1,explicit_displayed_isoform_cross_reference,,,"[{""gene_id_versioned"": ""ENSMUSG00000025277.15"", ""isoform_id"": ""Q8R2Y0-1"", ""protein_id"": ""ENSMUSP00000129169.2"", ""transcript_id"": ""ENSMUST00000166497.9""}, {""gene_id_versioned"": ""ENSMUSG00000025277.15"", ""isoform_id"": ""Q8R2Y0-2"", ""protein_id"": ""ENSMUSP00000153068.2"", ""transcript_id"": ""ENSMUST00000225234.2""}]",2026_03,0.1.0
ENSMUSG00000051811,Q80ZN9,10090,UniProtKB reviewed (Swiss-Prot),,entry_level_cross_reference_isoform_unspecified,,,"[{""gene_id_versioned"": ""ENSMUSG00000051811.15"", ""isoform_id"": """", ""protein_id"": ""ENSMUSP00000064988.7"", ""transcript_id"": ""ENSMUST00000063324.14""}, {""gene_id_versioned"": ""ENSMUSG00000051811.15"", ""isoform_id"": """", ""protein_id"": ""ENSMUSP00000138765.2"", ""transcript_id"": ""ENSMUST00000182048.2""}, {""gene_id_versioned"": ""ENSMUSG00000051811.15"", ""isoform_id"": """", ""protein_id"": ""ENSMUSP00000138709.2"", ""transcript_id"": ""ENSMUST00000182111.8""}]",2026_03,0.1.0
ENSMUSG00000051811,S4R1N0,10090,UniProtKB unreviewed (TrEMBL),,entry_level_cross_reference_isoform_unspecified,,,"[{""gene_id_versioned"": ""ENSMUSG00000051811.15"", ""isoform_id"": """", ""protein_id"": ""ENSMUSP00000138288.2"", ""transcript_id"": ""ENSMUST00000182173.2""}]",2026_03,0.1.0
ENSMUSG00000051811,S4R2M9,10090,UniProtKB unreviewed (TrEMBL),,entry_level_cross_reference_isoform_unspecified,,,"[{""gene_id_versioned"": ""ENSMUSG00000051811.15"", ""isoform_id"": """", ""protein_id"": ""ENSMUSP00000138708.2"", ""transcript_id"": ""ENSMUST00000183334.8""}]",2026_03,0.1.0
ENSMUSG00000051811,S4R2Q6,10090,UniProtKB unreviewed (TrEMBL),,entry_level_cross_reference_isoform_unspecified,,,"[{""gene_id_versioned"": ""ENSMUSG00000051811.15"", ""isoform_id"": """", ""protein_id"": ""ENSMUSP00000138744.2"", ""transcript_id"": ""ENSMUST00000182738.8""}]",2026_03,0.1.0
ENSMUSG00000051811,V9GWZ7,10090,UniProtKB unreviewed (TrEMBL),,entry_level_cross_reference_isoform_unspecified,,,"[{""gene_id_versioned"": ""ENSMUSG00000051811.15"", ""isoform_id"": """", ""protein_id"": ""ENSMUSP00000138911.2"", ""transcript_id"": ""ENSMUST00000183971.8""}]",2026_03,0.1.0
ENSMUSG00000051811,V9GXN3,10090,UniProtKB unreviewed (TrEMBL),,entry_level_cross_reference_isoform_unspecified,,,"[{""gene_id_versioned"": ""ENSMUSG00000051811.15"", ""isoform_id"": """", ""protein_id"": ""ENSMUSP00000139239.2"", ""transcript_id"": ""ENSMUST00000184143.8""}]",2026_03,0.1.0
ENSMUSG00000073676,Q64433,10090,UniProtKB reviewed (Swiss-Prot),,entry_level_cross_reference_isoform_unspecified,,,"[{""gene_id_versioned"": ""ENSMUSG00000073676.5"", ""isoform_id"": """", ""protein_id"": ""ENSMUSP00000074724.7"", ""transcript_id"": ""ENSMUST00000075242.7""}]",2026_03,0.1.0
ENSMUSG00000031932,P30731,10090,UniProtKB reviewed (Swiss-Prot),P30731-1,explicit_displayed_isoform_cross_reference,,,"[{""gene_id_versioned"": ""ENSMUSG00000031932.15"", ""isoform_id"": ""P30731-1"", ""protein_id"": ""ENSMUSP00000034408.6"", ""transcript_id"": ""ENSMUST00000034408.12""}, {""gene_id_versioned"": ""ENSMUSG00000031932.15"", ""isoform_id"": ""P30731-2"", ""protein_id"": ""ENSMUSP00000111287.3"", ""transcript_id"": ""ENSMUST00000115624.3""}]",2026_03,0.1.0
ENSMUSG00000006127,D6RI67,10090,UniProtKB unreviewed (TrEMBL),,entry_level_cross_reference_isoform_unspecified,,,"[{""gene_id_versioned"": ""ENSMUSG00000006127.10"", ""isoform_id"": """", ""protein_id"": ""ENSMUSP00000119996.2"", ""transcript_id"": ""ENSMUST00000150857.8""}]",2026_03,0.1.0
ENSMUSG00000006127,Q5ND44,10090,UniProtKB unreviewed (TrEMBL),,entry_level_cross_reference_isoform_unspecified,,FRAGMENT_SEQUENCE,"[{""gene_id_versioned"": ""ENSMUSG00000006127.10"", ""isoform_id"": """", ""protein_id"": ""ENSMUSP00000121060.2"", ""transcript_id"": ""ENSMUST00000139856.2""}]",2026_03,0.1.0
ENSMUSG00000006127,Q8C5L6,10090,UniProtKB reviewed (Swiss-Prot),,entry_level_cross_reference_isoform_unspecified,,,"[{""gene_id_versioned"": ""ENSMUSG00000006127.10"", ""isoform_id"": """", ""protein_id"": ""ENSMUSP00000006286.3"", ""transcript_id"": ""ENSMUST00000006286.9""}]",2026_03,0.1.0
ENSMUSG00000051159,A0A0A0MQI7,10090,UniProtKB unreviewed (TrEMBL),,entry_level_cross_reference_isoform_unspecified,,FRAGMENT_SEQUENCE,"[{""gene_id_versioned"": ""ENSMUSG00000051159.17"", ""isoform_id"": """", ""protein_id"": ""ENSMUSP00000119123.2"", ""transcript_id"": ""ENSMUST00000130589.2""}]",2026_03,0.1.0
ENSMUSG00000051159,F6YUL1,10090,UniProtKB unreviewed (TrEMBL),,entry_level_cross_reference_isoform_unspecified,,FRAGMENT_SEQUENCE,"[{""gene_id_versioned"": ""ENSMUSG00000051159.17"", ""isoform_id"": """", ""protein_id"": ""ENSMUSP00000117702.2"", ""transcript_id"": ""ENSMUST00000134887.8""}]",2026_03,0.1.0
ENSMUSG00000051159,F6ZC52,10090,UniProtKB unreviewed (TrEMBL),,entry_level_cross_reference_isoform_unspecified,,FRAGMENT_SEQUENCE,"[{""gene_id_versioned"": ""ENSMUSG00000051159.17"", ""isoform_id"": """", ""protein_id"": ""ENSMUSP00000114269.2"", ""transcript_id"": ""ENSMUST00000136277.2""}]",2026_03,0.1.0
ENSMUSG00000051159,P97769,10090,UniProtKB reviewed (Swiss-Prot),,entry_level_cross_reference_isoform_unspecified,,,"[{""gene_id_versioned"": ""ENSMUSG00000051159.17"", ""isoform_id"": """", ""protein_id"": ""ENSMUSP00000051789.4"", ""transcript_id"": ""ENSMUST00000050551.10""}, {""gene_id_versioned"": ""ENSMUSG00000051159.17"", ""isoform_id"": """", ""protein_id"": ""ENSMUSP00000098890.4"", ""transcript_id"": ""ENSMUST00000101336.10""}]",2026_03,0.1.0
ENSMUSG00000058672,Q7TMM9,10090,UniProtKB reviewed (Swiss-Prot),,entry_level_cross_reference_isoform_unspecified,,,"[{""gene_id_versioned"": ""ENSMUSG00000058672.8"", ""isoform_id"": """", ""protein_id"": ""ENSMUSP00000060246.9"", ""transcript_id"": ""ENSMUST00000056427.10""}]",2026_03,0.1.0
ENSMUSG00000002020,E9Q1D6,10090,UniProtKB unreviewed (TrEMBL),,entry_level_cross_reference_isoform_unspecified,,,"[{""gene_id_versioned"": ""ENSMUSG00000002020.16"", ""isoform_id"": """", ""protein_id"": ""ENSMUSP00000127693.2"", ""transcript_id"": ""ENSMUST00000163189.8""}]",2026_03,0.1.0
ENSMUSG00000002020,E9QNQ3,10090,UniProtKB unreviewed (TrEMBL),,entry_level_cross_reference_isoform_unspecified,,,"[{""gene_id_versioned"": ""ENSMUSG00000002020.16"", ""isoform_id"": """", ""protein_id"": ""ENSMUSP00000002073.7"", ""transcript_id"": ""ENSMUST00000002073.13""}]",2026_03,0.1.0
ENSMUSG00000002020,F6UFW9,10090,UniProtKB unreviewed (TrEMBL),,entry_level_cross_reference_isoform_unspecified,,FRAGMENT_SEQUENCE,"[{""gene_id_versioned"": ""ENSMUSG00000002020.16"", ""isoform_id"": """", ""protein_id"": ""ENSMUSP00000127255.2"", ""transcript_id"": ""ENSMUST00000166383.2""}]",2026_03,0.1.0
ENSMUSG00000002020,F6WSP3,10090,UniProtKB unreviewed (TrEMBL),,entry_level_cross_reference_isoform_unspecified,,AMBIGUOUS_OR_INVALID_SEQUENCE,"[{""gene_id_versioned"": ""ENSMUSG00000002020.16"", ""isoform_id"": """", ""protein_id"": ""ENSMUSP00000132690.2"", ""transcript_id"": ""ENSMUST00000165141.2""}]",2026_03,0.1.0
ENSMUSG00000002020,F6XGT5,10090,UniProtKB unreviewed (TrEMBL),,entry_level_cross_reference_isoform_unspecified,,AMBIGUOUS_OR_INVALID_SEQUENCE,"[{""gene_id_versioned"": ""ENSMUSG00000002020.16"", ""isoform_id"": """", ""protein_id"": ""ENSMUSP00000132067.2"", ""transcript_id"": ""ENSMUST00000163214.2""}]",2026_03,0.1.0
ENSMUSG00000002020,F6Y9L6,10090,UniProtKB unreviewed (TrEMBL),,entry_level_cross_reference_isoform_unspecified,,,"[{""gene_id_versioned"": ""ENSMUSG00000002020.16"", ""isoform_id"": """", ""protein_id"": ""ENSMUSP00000105883.3"", ""transcript_id"": ""ENSMUST00000110254.9""}]",2026_03,0.1.0
ENSMUSG00000028785,A2A7R5,10090,UniProtKB unreviewed (TrEMBL),,entry_level_cross_reference_isoform_unspecified,,FRAGMENT_SEQUENCE,"[{""gene_id_versioned"": ""ENSMUSG00000028785.14"", ""isoform_id"": """", ""protein_id"": ""ENSMUSP00000115619.2"", ""transcript_id"": ""ENSMUST00000149763.3""}]",2026_03,0.1.0
ENSMUSG00000028785,A2A7R6,10090,UniProtKB unreviewed (TrEMBL),,entry_level_cross_reference_isoform_unspecified,,FRAGMENT_SEQUENCE,"[{""gene_id_versioned"": ""ENSMUSG00000028785.14"", ""isoform_id"": """", ""protein_id"": ""ENSMUSP00000120655.2"", ""transcript_id"": ""ENSMUST00000135763.2""}]",2026_03,0.1.0
ENSMUSG00000028785,E9PV73,10090,UniProtKB unreviewed (TrEMBL),,entry_level_cross_reference_isoform_unspecified,,FRAGMENT_SEQUENCE,"[{""gene_id_versioned"": ""ENSMUSG00000028785.14"", ""isoform_id"": """", ""protein_id"": ""ENSMUSP00000115031.2"", ""transcript_id"": ""ENSMUST00000125931.9""}]",2026_03,0.1.0
ENSMUSG00000028785,P84075,10090,UniProtKB reviewed (Swiss-Prot),,entry_level_cross_reference_isoform_unspecified,,,"[{""gene_id_versioned"": ""ENSMUSG00000028785.14"", ""isoform_id"": """", ""protein_id"": ""ENSMUSP00000030572.4"", ""transcript_id"": ""ENSMUST00000030572.10""}, {""gene_id_versioned"": ""ENSMUSG00000028785.14"", ""isoform_id"": """", ""protein_id"": ""ENSMUSP00000093486.4"", ""transcript_id"": ""ENSMUST00000095807.10""}, {""gene_id_versioned"": ""ENSMUSG00000028785.14"", ""isoform_id"": """", ""protein_id"": ""ENSMUSP00000112143.3"", ""transcript_id"": ""ENSMUST00000116442.9""}, {""gene_id_versioned"": ""ENSMUSG00000028785.14"", ""isoform_id"": """", ""protein_id"": ""ENSMUSP00000112145.3"", ""transcript_id"": ""ENSMUST00000116444.10""}, {""gene_id_versioned"": ""ENSMUSG00000028785.14"", ""isoform_id"": """", ""protein_id"": ""ENSMUSP00000119178.3"", ""transcript_id"": ""ENSMUST00000139450.8""}, {""gene_id_versioned"": ""ENSMUSG00000028785.14"", ""isoform_id"": """", ""protein_id"": ""ENSMUSP00000129548.2"", ""transcript_id"": ""ENSMUST00000164649.8""}]",2026_03,0.1.0
ENSMUSG00000022571,Q9DCC4,10090,UniProtKB reviewed (Swiss-Prot),,entry_level_cross_reference_isoform_unspecified,,,"[{""gene_id_versioned"": ""ENSMUSG00000022571.10"", ""isoform_id"": """", ""protein_id"": ""ENSMUSP00000049605.8"", ""transcript_id"": ""ENSMUST00000053918.9""}]",2026_03,0.1.0
ENSMUSG00000034424,Q91WK5,10090,UniProtKB reviewed (Swiss-Prot),,entry_level_cross_reference_isoform_unspecified,,,"[{""gene_id_versioned"": ""ENSMUSG00000034424.6"", ""isoform_id"": """", ""protein_id"": ""ENSMUSP00000037131.6"", ""transcript_id"": ""ENSMUST00000040484.6""}]",2026_03,0.1.0
ENSMUSG00000010453,A0A087WPB8,10090,UniProtKB unreviewed (TrEMBL),,entry_level_cross_reference_isoform_unspecified,,,"[{""gene_id_versioned"": ""ENSMUSG00000010453.13"", ""isoform_id"": """", ""protein_id"": ""ENSMUSP00000139711.2"", ""transcript_id"": ""ENSMUST00000188528.7""}]",2026_03,0.1.0
ENSMUSG00000010453,A0A087WQ64,10090,UniProtKB unreviewed (TrEMBL),,entry_level_cross_reference_isoform_unspecified,,,"[{""gene_id_versioned"": ""ENSMUSG00000010453.13"", ""isoform_id"": """", ""protein_id"": ""ENSMUSP00000140058.2"", ""transcript_id"": ""ENSMUST00000187628.2""}]",2026_03,0.1.0
ENSMUSG00000010453,A0A087WRK2,10090,UniProtKB unreviewed (TrEMBL),,entry_level_cross_reference_isoform_unspecified,,,"[{""gene_id_versioned"": ""ENSMUSG00000010453.13"", ""isoform_id"": """", ""protein_id"": ""ENSMUSP00000140667.2"", ""transcript_id"": ""ENSMUST00000188961.7""}]",2026_03,0.1.0
ENSMUSG00000010453,A0A0A6YWN0,10090,UniProtKB unreviewed (TrEMBL),,entry_level_cross_reference_isoform_unspecified,,,"[{""gene_id_versioned"": ""ENSMUSG00000010453.13"", ""isoform_id"": """", ""protein_id"": ""ENSMUSP00000141616.2"", ""transcript_id"": ""ENSMUST00000185621.3""}]",2026_03,0.1.0
ENSMUSG00000010453,A2RSY1,10090,UniProtKB reviewed (Swiss-Prot),A2RSY1-1,explicit_displayed_isoform_cross_reference,,,"[{""gene_id_versioned"": ""ENSMUSG00000010453.13"", ""isoform_id"": ""A2RSY1-2"", ""protein_id"": ""ENSMUSP00000010597.4"", ""transcript_id"": ""ENSMUST00000010597.10""}, {""gene_id_versioned"": ""ENSMUSG00000010453.13"", ""isoform_id"": ""A2RSY1-3"", ""protein_id"": ""ENSMUSP00000140547.2"", ""transcript_id"": ""ENSMUST00000185912.7""}, {""gene_id_versioned"": ""ENSMUSG00000010453.13"", ""isoform_id"": ""A2RSY1-1"", ""protein_id"": ""ENSMUSP00000140597.2"", ""transcript_id"": ""ENSMUST00000186470.2""}]",2026_03,0.1.0
ENSMUSG00000020325,Q9EQC7,10090,UniProtKB reviewed (Swiss-Prot),,entry_level_cross_reference_isoform_unspecified,,,"[{""gene_id_versioned"": ""ENSMUSG00000020325.11"", ""isoform_id"": """", ""protein_id"": ""ENSMUSP00000020575.5"", ""transcript_id"": ""ENSMUST00000020575.5""}]",2026_03,0.1.0
ENSMUSG00000028494,B1AXR3,10090,UniProtKB unreviewed (TrEMBL),,entry_level_cross_reference_isoform_unspecified,,FRAGMENT_SEQUENCE,"[{""gene_id_versioned"": ""ENSMUSG00000028494.13"", ""isoform_id"": """", ""protein_id"": ""ENSMUSP00000119063.2"", ""transcript_id"": ""ENSMUST00000147097.3""}]",2026_03,0.1.0
ENSMUSG00000028494,B1AXR5,10090,UniProtKB unreviewed (TrEMBL),,entry_level_cross_reference_isoform_unspecified,,FRAGMENT_SEQUENCE,"[{""gene_id_versioned"": ""ENSMUSG00000028494.13"", ""isoform_id"": """", ""protein_id"": ""ENSMUSP00000123456.2"", ""transcript_id"": ""ENSMUST00000140382.3""}, {""gene_id_versioned"": ""ENSMUSG00000028494.13"", ""isoform_id"": """", ""protein_id"": ""ENSMUSP00000123333.2"", ""transcript_id"": ""ENSMUST00000149700.8""}]",2026_03,0.1.0
ENSMUSG00000028494,P43883,10090,UniProtKB reviewed (Swiss-Prot),,entry_level_cross_reference_isoform_unspecified,,,"[{""gene_id_versioned"": ""ENSMUSG00000028494.13"", ""isoform_id"": """", ""protein_id"": ""ENSMUSP00000000466.7"", ""transcript_id"": ""ENSMUST00000000466.13""}]",2026_03,0.1.0
ENSMUSG00000028996,F6R1Y3,10090,UniProtKB unreviewed (TrEMBL),,entry_level_cross_reference_isoform_unspecified,,FRAGMENT_SEQUENCE,"[{""gene_id_versioned"": ""ENSMUSG00000028996.10"", ""isoform_id"": """", ""protein_id"": ""ENSMUSP00000119166.2"", ""transcript_id"": ""ENSMUST00000148596.8""}]",2026_03,0.1.0
ENSMUSG00000028996,Q9EPC5,10090,UniProtKB reviewed (Swiss-Prot),,entry_level_cross_reference_isoform_unspecified,,,"[{""gene_id_versioned"": ""ENSMUSG00000028996.10"", ""isoform_id"": """", ""protein_id"": ""ENSMUSP00000030848.3"", ""transcript_id"": ""ENSMUST00000030848.3""}]",2026_03,0.1.0
ENSMUSG00000046897,A0A2R8VK26,10090,UniProtKB unreviewed (TrEMBL),,entry_level_cross_reference_isoform_unspecified,,FRAGMENT_SEQUENCE,"[{""gene_id_versioned"": ""ENSMUSG00000046897.18"", ""isoform_id"": """", ""protein_id"": ""ENSMUSP00000155168.2"", ""transcript_id"": ""ENSMUST00000229886.2""}]",2026_03,0.1.0
ENSMUSG00000046897,A0A2R8W747,10090,UniProtKB unreviewed (TrEMBL),,entry_level_cross_reference_isoform_unspecified,,,"[{""gene_id_versioned"": ""ENSMUSG00000046897.18"", ""isoform_id"": """", ""protein_id"": ""ENSMUSP00000155827.2"", ""transcript_id"": ""ENSMUST00000230867.2""}]",2026_03,0.1.0
ENSMUSG00000046897,D3Z4A3,10090,UniProtKB unreviewed (TrEMBL),,entry_level_cross_reference_isoform_unspecified,,FRAGMENT_SEQUENCE,"[{""gene_id_versioned"": ""ENSMUSG00000046897.18"", ""isoform_id"": """", ""protein_id"": ""ENSMUSP00000122698.3"", ""transcript_id"": ""ENSMUST00000141465.9""}]",2026_03,0.1.0
ENSMUSG00000046897,D3Z4S9,10090,UniProtKB unreviewed (TrEMBL),,entry_level_cross_reference_isoform_unspecified,,,"[{""gene_id_versioned"": ""ENSMUSG00000046897.18"", ""isoform_id"": """", ""protein_id"": ""ENSMUSP00000113691.2"", ""transcript_id"": ""ENSMUST00000119168.8""}]",2026_03,0.1.0
ENSMUSG00000046897,D3Z606,10090,UniProtKB unreviewed (TrEMBL),,entry_level_cross_reference_isoform_unspecified,,FRAGMENT_SEQUENCE,"[{""gene_id_versioned"": ""ENSMUSG00000046897.18"", ""isoform_id"": """", ""protein_id"": ""ENSMUSP00000122429.2"", ""transcript_id"": ""ENSMUST00000133986.2""}]",2026_03,0.1.0
ENSMUSG00000046897,D3Z6P2,10090,UniProtKB unreviewed (TrEMBL),,entry_level_cross_reference_isoform_unspecified,,FRAGMENT_SEQUENCE,"[{""gene_id_versioned"": ""ENSMUSG00000046897.18"", ""isoform_id"": """", ""protein_id"": ""ENSMUSP00000117024.2"", ""transcript_id"": ""ENSMUST00000139960.8""}]",2026_03,0.1.0
ENSMUSG00000046897,Q6NZQ6,10090,UniProtKB reviewed (Swiss-Prot),Q6NZQ6-1,explicit_displayed_isoform_cross_reference,,,"[{""gene_id_versioned"": ""ENSMUSG00000046897.18"", ""isoform_id"": ""Q6NZQ6-2"", ""protein_id"": ""ENSMUSP00000112985.2"", ""transcript_id"": ""ENSMUST00000118729.8""}, {""gene_id_versioned"": ""ENSMUSG00000046897.18"", ""isoform_id"": ""Q6NZQ6-1"", ""protein_id"": ""ENSMUSP00000113770.2"", ""transcript_id"": ""ENSMUST00000119800.8""}]",2026_03,0.1.0
ENSMUSG00000022831,E9Q4E5,10090,UniProtKB unreviewed (TrEMBL),,entry_level_cross_reference_isoform_unspecified,,,"[{""gene_id_versioned"": ""ENSMUSG00000022831.15"", ""isoform_id"": """", ""protein_id"": ""ENSMUSP00000127186.2"", ""transcript_id"": ""ENSMUST00000164050.8""}]",2026_03,0.1.0
ENSMUSG00000022831,P49710,10090,UniProtKB reviewed (Swiss-Prot),,entry_level_cross_reference_isoform_unspecified,,,"[{""gene_id_versioned"": ""ENSMUSG00000022831.15"", ""isoform_id"": """", ""protein_id"": ""ENSMUSP00000023531.9"", ""transcript_id"": ""ENSMUST00000023531.15""}]",2026_03,0.1.0
ENSMUSG00000060240,Q9JKC6,10090,UniProtKB reviewed (Swiss-Prot),,entry_level_cross_reference_isoform_unspecified,,,"[{""gene_id_versioned"": ""ENSMUSG00000060240.14"", ""isoform_id"": """", ""protein_id"": ""ENSMUSP00000081476.4"", ""transcript_id"": ""ENSMUST00000084436.10""}, {""gene_id_versioned"": ""ENSMUSG00000060240.14"", ""isoform_id"": """", ""protein_id"": ""ENSMUSP00000118591.2"", ""transcript_id"": ""ENSMUST00000124444.2""}, {""gene_id_versioned"": ""ENSMUSG00000060240.14"", ""isoform_id"": """", ""protein_id"": ""ENSMUSP00000123334.2"", ""transcript_id"": ""ENSMUST00000137488.2""}]",2026_03,0.1.0
ENSMUSG00000011171,H3BJW2,10090,UniProtKB unreviewed (TrEMBL),,entry_level_cross_reference_isoform_unspecified,,AMBIGUOUS_OR_INVALID_SEQUENCE,"[{""gene_id_versioned"": ""ENSMUSG00000011171.12"", ""isoform_id"": """", ""protein_id"": ""ENSMUSP00000135149.2"", ""transcript_id"": ""ENSMUST00000176433.2""}]",2026_03,0.1.0
ENSMUSG00000011171,P41588,10090,UniProtKB reviewed (Swiss-Prot),,entry_level_cross_reference_isoform_unspecified,,,"[{""gene_id_versioned"": ""ENSMUSG00000011171.12"", ""isoform_id"": """", ""protein_id"": ""ENSMUSP00000011315.4"", ""transcript_id"": ""ENSMUST00000011315.10""}]",2026_03,0.1.0
ENSMUSG00000030268,A0A0N4SV61,10090,UniProtKB unreviewed (TrEMBL),,entry_level_cross_reference_isoform_unspecified,,FRAGMENT_SEQUENCE,"[{""gene_id_versioned"": ""ENSMUSG00000030268.18"", ""isoform_id"": """", ""protein_id"": ""ENSMUSP00000144968.2"", ""transcript_id"": ""ENSMUST00000204138.3""}]",2026_03,0.1.0
ENSMUSG00000030268,B2KFA8,10090,UniProtKB unreviewed (TrEMBL),,entry_level_cross_reference_isoform_unspecified,,FRAGMENT_SEQUENCE,"[{""gene_id_versioned"": ""ENSMUSG00000030268.18"", ""isoform_id"": """", ""protein_id"": ""ENSMUSP00000120180.2"", ""transcript_id"": ""ENSMUST00000123930.8""}]",2026_03,0.1.0
ENSMUSG00000030268,B2KFA9,10090,UniProtKB unreviewed (TrEMBL),,entry_level_cross_reference_isoform_unspecified,,FRAGMENT_SEQUENCE,"[{""gene_id_versioned"": ""ENSMUSG00000030268.18"", ""isoform_id"": """", ""protein_id"": ""ENSMUSP00000116091.2"", ""transcript_id"": ""ENSMUST00000149769.6""}]",2026_03,0.1.0
ENSMUSG00000030268,E9Q4K3,10090,UniProtKB unreviewed (TrEMBL),,entry_level_cross_reference_isoform_unspecified,,,"[{""gene_id_versioned"": ""ENSMUSG00000030268.18"", ""isoform_id"": """", ""protein_id"": ""ENSMUSP00000039744.5"", ""transcript_id"": ""ENSMUST00000048252.11""}]",2026_03,0.1.0
ENSMUSG00000030268,F6YA43,10090,UniProtKB unreviewed (TrEMBL),,entry_level_cross_reference_isoform_unspecified,,,"[{""gene_id_versioned"": ""ENSMUSG00000030268.18"", ""isoform_id"": """", ""protein_id"": ""ENSMUSP00000032402.6"", ""transcript_id"": ""ENSMUST00000032402.12""}]",2026_03,0.1.0
ENSMUSG00000030268,F6YUH3,10090,UniProtKB unreviewed (TrEMBL),,entry_level_cross_reference_isoform_unspecified,,AMBIGUOUS_OR_INVALID_SEQUENCE,"[{""gene_id_versioned"": ""ENSMUSG00000030268.18"", ""isoform_id"": """", ""protein_id"": ""ENSMUSP00000117708.2"", ""transcript_id"": ""ENSMUST00000136819.3""}]",2026_03,0.1.0
ENSMUSG00000030268,P24288,10090,UniProtKB reviewed (Swiss-Prot),,entry_level_cross_reference_isoform_unspecified,,,"[{""gene_id_versioned"": ""ENSMUSG00000030268.18"", ""isoform_id"": """", ""protein_id"": ""ENSMUSP00000107371.2"", ""transcript_id"": ""ENSMUST00000111742.8""}]",2026_03,0.1.0
ENSMUSG00000030787,Q8BHC0,10090,UniProtKB reviewed (Swiss-Prot),,entry_level_cross_reference_isoform_unspecified,,,"[{""gene_id_versioned"": ""ENSMUSG00000030787.5"", ""isoform_id"": """", ""protein_id"": ""ENSMUSP00000033050.4"", ""transcript_id"": ""ENSMUST00000033050.5""}]",2026_03,0.1.0
ENSMUSG00000040936,E9Q220,10090,UniProtKB unreviewed (TrEMBL),,entry_level_cross_reference_isoform_unspecified,,,"[{""gene_id_versioned"": ""ENSMUSG00000040936.16"", ""isoform_id"": """", ""protein_id"": ""ENSMUSP00000131488.2"", ""transcript_id"": ""ENSMUST00000170237.8""}]",2026_03,0.1.0
ENSMUSG00000040936,E9Q2P5,10090,UniProtKB unreviewed (TrEMBL),,entry_level_cross_reference_isoform_unspecified,,,"[{""gene_id_versioned"": ""ENSMUSG00000040936.16"", ""isoform_id"": """", ""protein_id"": ""ENSMUSP00000131342.2"", ""transcript_id"": ""ENSMUST00000171923.8""}]",2026_03,0.1.0
ENSMUSG00000040936,E9QKJ7,10090,UniProtKB unreviewed (TrEMBL),,entry_level_cross_reference_isoform_unspecified,,,"[{""gene_id_versioned"": ""ENSMUSG00000040936.16"", ""isoform_id"": """", ""protein_id"": ""ENSMUSP00000057960.7"", ""transcript_id"": ""ENSMUST00000051479.13""}]",2026_03,0.1.0
ENSMUSG00000040936,H7BX20,10090,UniProtKB unreviewed (TrEMBL),,entry_level_cross_reference_isoform_unspecified,,,"[{""gene_id_versioned"": ""ENSMUSG00000040936.16"", ""isoform_id"": """", ""protein_id"": ""ENSMUSP00000054833.7"", ""transcript_id"": ""ENSMUST00000051565.13""}]",2026_03,0.1.0
ENSMUSG00000040936,Q3V129,10090,UniProtKB reviewed (Swiss-Prot),,,ONLY_NONCANONICAL_OR_UNRESOLVED_ISOFORM_XREF,,"[{""gene_id_versioned"": ""ENSMUSG00000040936.16"", ""isoform_id"": ""Q3V129-3"", ""protein_id"": ""ENSMUSP00000129214.2"", ""transcript_id"": ""ENSMUST00000171061.8""}]",2026_03,0.1.0
ENSMUSG00000024668,A0A494B8X4,10090,UniProtKB unreviewed (TrEMBL),,entry_level_cross_reference_isoform_unspecified,,,"[{""gene_id_versioned"": ""ENSMUSG00000024668.9"", ""isoform_id"": """", ""protein_id"": ""ENSMUSP00000157391.2"", ""transcript_id"": ""ENSMUST00000237827.2""}]",2026_03,0.1.0
ENSMUSG00000024668,A0A494B984,10090,UniProtKB unreviewed (TrEMBL),,entry_level_cross_reference_isoform_unspecified,,AMBIGUOUS_OR_INVALID_SEQUENCE,"[{""gene_id_versioned"": ""ENSMUSG00000024668.9"", ""isoform_id"": """", ""protein_id"": ""ENSMUSP00000157529.2"", ""transcript_id"": ""ENSMUST00000235243.2""}]",2026_03,0.1.0
ENSMUSG00000024668,A0A494B9B9,10090,UniProtKB unreviewed (TrEMBL),,entry_level_cross_reference_isoform_unspecified,,,"[{""gene_id_versioned"": ""ENSMUSG00000024668.9"", ""isoform_id"": """", ""protein_id"": ""ENSMUSP00000157533.2"", ""transcript_id"": ""ENSMUST00000235222.2""}]",2026_03,0.1.0
ENSMUSG00000024668,A0A494BB88,10090,UniProtKB unreviewed (TrEMBL),,entry_level_cross_reference_isoform_unspecified,,,"[{""gene_id_versioned"": ""ENSMUSG00000024668.9"", ""isoform_id"": """", ""protein_id"": ""ENSMUSP00000158361.2"", ""transcript_id"": ""ENSMUST00000235853.2""}]",2026_03,0.1.0
ENSMUSG00000024668,Q8C6I2,10090,UniProtKB reviewed (Swiss-Prot),Q8C6I2-1,explicit_displayed_isoform_cross_reference,,,"[{""gene_id_versioned"": ""ENSMUSG00000024668.9"", ""isoform_id"": ""Q8C6I2-1"", ""protein_id"": ""ENSMUSP00000025570.7"", ""transcript_id"": ""ENSMUST00000025570.8""}, {""gene_id_versioned"": ""ENSMUSG00000024668.9"", ""isoform_id"": ""Q8C6I2-2"", ""protein_id"": ""ENSMUSP00000158166.2"", ""transcript_id"": ""ENSMUST00000236455.2""}]",2026_03,0.1.0
ENSMUSG00000023048,E9PZX3,10090,UniProtKB unreviewed (TrEMBL),,entry_level_cross_reference_isoform_unspecified,,FRAGMENT_SEQUENCE,"[{""gene_id_versioned"": ""ENSMUSG00000023048.14"", ""isoform_id"": """", ""protein_id"": ""ENSMUSP00000129218.2"", ""transcript_id"": ""ENSMUST00000164938.8""}]",2026_03,0.1.0
ENSMUSG00000023048,Q9CQJ5,10090,UniProtKB reviewed (Swiss-Prot),,entry_level_cross_reference_isoform_unspecified,,,"[{""gene_id_versioned"": ""ENSMUSG00000023048.14"", ""isoform_id"": """", ""protein_id"": ""ENSMUSP00000023810.6"", ""transcript_id"": ""ENSMUST00000023810.12""}, {""gene_id_versioned"": ""ENSMUSG00000023048.14"", ""isoform_id"": """", ""protein_id"": ""ENSMUSP00000130498.2"", ""transcript_id"": ""ENSMUST00000164688.2""}, {""gene_id_versioned"": ""ENSMUSG00000023048.14"", ""isoform_id"": """", ""protein_id"": ""ENSMUSP00000125784.2"", ""transcript_id"": ""ENSMUST00000164957.8""}, {""gene_id_versioned"": ""ENSMUSG00000023048.14"", ""isoform_id"": """", ""protein_id"": ""ENSMUSP00000132636.2"", ""transcript_id"": ""ENSMUST00000171245.8""}]",2026_03,0.1.0
ENSMUSG00000006411,Q8R007,10090,UniProtKB reviewed (Swiss-Prot),Q8R007-1,explicit_displayed_isoform_cross_reference,,,"[{""gene_id_versioned"": ""ENSMUSG00000006411.13"", ""isoform_id"": ""Q8R007-1"", ""protein_id"": ""ENSMUSP00000006578.4"", ""transcript_id"": ""ENSMUST00000006578.10""}, {""gene_id_versioned"": ""ENSMUSG00000006411.13"", ""isoform_id"": ""Q8R007-2"", ""protein_id"": ""ENSMUSP00000091883.5"", ""transcript_id"": ""ENSMUST00000094325.5""}, {""gene_id_versioned"": ""ENSMUSG00000006411.13"", ""isoform_id"": ""Q8R007-1"", ""protein_id"": ""ENSMUSP00000106917.4"", ""transcript_id"": ""ENSMUST00000111286.9""}]",2026_03,0.1.0
ENSMUSG00000020671,P61027,10090,UniProtKB reviewed (Swiss-Prot),,entry_level_cross_reference_isoform_unspecified,,,"[{""gene_id_versioned"": ""ENSMUSG00000020671.10"", ""isoform_id"": """", ""protein_id"": ""ENSMUSP00000021001.9"", ""transcript_id"": ""ENSMUST00000021001.10""}]",2026_03,0.1.0
ENSMUSG00000024026,A0A494B970,10090,UniProtKB unreviewed (TrEMBL),,entry_level_cross_reference_isoform_unspecified,,,"[{""gene_id_versioned"": ""ENSMUSG00000024026.14"", ""isoform_id"": """", ""protein_id"": ""ENSMUSP00000024823.8"", ""transcript_id"": ""ENSMUST00000024823.14""}, {""gene_id_versioned"": ""ENSMUSG00000024026.14"", ""isoform_id"": """", ""protein_id"": ""ENSMUSP00000157517.2"", ""transcript_id"": ""ENSMUST00000236619.2""}]",2026_03,0.1.0
ENSMUSG00000024026,A0A494BAF7,10090,UniProtKB unreviewed (TrEMBL),,entry_level_cross_reference_isoform_unspecified,,,"[{""gene_id_versioned"": ""ENSMUSG00000024026.14"", ""isoform_id"": """", ""protein_id"": ""ENSMUSP00000158067.2"", ""transcript_id"": ""ENSMUST00000236995.2""}]",2026_03,0.1.0
ENSMUSG00000024026,A0A494BBE7,10090,UniProtKB unreviewed (TrEMBL),,entry_level_cross_reference_isoform_unspecified,,,"[{""gene_id_versioned"": ""ENSMUSG00000024026.14"", ""isoform_id"": """", ""protein_id"": ""ENSMUSP00000158475.2"", ""transcript_id"": ""ENSMUST00000235171.2""}]",2026_03,0.1.0
ENSMUSG00000024026,Q9CPU0,10090,UniProtKB reviewed (Swiss-Prot),,entry_level_cross_reference_isoform_unspecified,,,"[{""gene_id_versioned"": ""ENSMUSG00000024026.14"", ""isoform_id"": """", ""protein_id"": ""ENSMUSP00000126586.2"", ""transcript_id"": ""ENSMUST00000167624.2""}, {""gene_id_versioned"": ""ENSMUSG00000024026.14"", ""isoform_id"": """", ""protein_id"": ""ENSMUSP00000157858.2"", ""transcript_id"": ""ENSMUST00000235547.2""}, {""gene_id_versioned"": ""ENSMUSG00000024026.14"", ""isoform_id"": """", ""protein_id"": ""ENSMUSP00000158296.2"", ""transcript_id"": ""ENSMUST00000236335.2""}]",2026_03,0.1.0
ENSMUSG00000022469,D3Z4E9,10090,UniProtKB unreviewed (TrEMBL),,entry_level_cross_reference_isoform_unspecified,,FRAGMENT_SEQUENCE,"[{""gene_id_versioned"": ""ENSMUSG00000022469.18"", ""isoform_id"": """", ""protein_id"": ""ENSMUSP00000116673.2"", ""transcript_id"": ""ENSMUST00000146620.2""}]",2026_03,0.1.0
ENSMUSG00000022469,D3Z514,10090,UniProtKB unreviewed (TrEMBL),,entry_level_cross_reference_isoform_unspecified,,FRAGMENT_SEQUENCE,"[{""gene_id_versioned"": ""ENSMUSG00000022469.18"", ""isoform_id"": """", ""protein_id"": ""ENSMUSP00000117337.2"", ""transcript_id"": ""ENSMUST00000135080.2""}]",2026_03,0.1.0
ENSMUSG00000022469,D6RGA9,10090,UniProtKB unreviewed (TrEMBL),,entry_level_cross_reference_isoform_unspecified,,,"[{""gene_id_versioned"": ""ENSMUSG00000022469.18"", ""isoform_id"": """", ""protein_id"": ""ENSMUSP00000122285.3"", ""transcript_id"": ""ENSMUST00000149419.9""}]",2026_03,0.1.0
ENSMUSG00000022469,E9Q2E5,10090,UniProtKB unreviewed (TrEMBL),,entry_level_cross_reference_isoform_unspecified,,,"[{""gene_id_versioned"": ""ENSMUSG00000022469.18"", ""isoform_id"": """", ""protein_id"": ""ENSMUSP00000120126.3"", ""transcript_id"": ""ENSMUST00000128775.9""}]",2026_03,0.1.0
ENSMUSG00000022469,F7BXV7,10090,UniProtKB unreviewed (TrEMBL),,entry_level_cross_reference_isoform_unspecified,,FRAGMENT_SEQUENCE,"[{""gene_id_versioned"": ""ENSMUSG00000022469.18"", ""isoform_id"": """", ""protein_id"": ""ENSMUSP00000122746.4"", ""transcript_id"": ""ENSMUST00000134371.4""}]",2026_03,0.1.0
ENSMUSG00000022469,H3BK02,10090,UniProtKB unreviewed (TrEMBL),,entry_level_cross_reference_isoform_unspecified,,,"[{""gene_id_versioned"": ""ENSMUSG00000022469.18"", ""isoform_id"": """", ""protein_id"": ""ENSMUSP00000135194.2"", ""transcript_id"": ""ENSMUST00000175894.8""}]",2026_03,0.1.0
ENSMUSG00000022469,H3BK39,10090,UniProtKB unreviewed (TrEMBL),,entry_level_cross_reference_isoform_unspecified,,,"[{""gene_id_versioned"": ""ENSMUSG00000022469.18"", ""isoform_id"": """", ""protein_id"": ""ENSMUSP00000135238.2"", ""transcript_id"": ""ENSMUST00000177352.8""}]",2026_03,0.1.0
ENSMUSG00000022469,H3BKA8,10090,UniProtKB unreviewed (TrEMBL),,entry_level_cross_reference_isoform_unspecified,,,"[{""gene_id_versioned"": ""ENSMUSG00000022469.18"", ""isoform_id"": """", ""protein_id"": ""ENSMUSP00000135317.2"", ""transcript_id"": ""ENSMUST00000134885.3""}]",2026_03,0.1.0
ENSMUSG00000022469,Q8VCC8,10090,UniProtKB reviewed (Swiss-Prot),Q8VCC8-1,explicit_displayed_isoform_cross_reference,,,"[{""gene_id_versioned"": ""ENSMUSG00000022469.18"", ""isoform_id"": ""Q8VCC8-2"", ""protein_id"": ""ENSMUSP00000116426.3"", ""transcript_id"": ""ENSMUST00000126854.9""}, {""gene_id_versioned"": ""ENSMUSG00000022469.18"", ""isoform_id"": ""Q8VCC8-1"", ""protein_id"": ""ENSMUSP00000118148.3"", ""transcript_id"": ""ENSMUST00000129223.9""}]",2026_03,0.1.0
ENSMUSG00000078627,E9PX79,10090,UniProtKB unreviewed (TrEMBL),,entry_level_cross_reference_isoform_unspecified,,,"[{""gene_id_versioned"": ""ENSMUSG00000078627.10"", ""isoform_id"": """", ""protein_id"": ""ENSMUSP00000063198.4"", ""transcript_id"": ""ENSMUST00000049995.10""}, {""gene_id_versioned"": ""ENSMUSG00000078627.10"", ""isoform_id"": """", ""protein_id"": ""ENSMUSP00000121919.2"", ""transcript_id"": ""ENSMUST00000138977.8""}]",2026_03,0.1.0
ENSMUSG00000078627,F6WKB0,10090,UniProtKB unreviewed (TrEMBL),,entry_level_cross_reference_isoform_unspecified,,AMBIGUOUS_OR_INVALID_SEQUENCE,"[{""gene_id_versioned"": ""ENSMUSG00000078627.10"", ""isoform_id"": """", ""protein_id"": ""ENSMUSP00000118401.2"", ""transcript_id"": ""ENSMUST00000151305.2""}]",2026_03,0.1.0
ENSMUSG00000078627,F6YRU8,10090,UniProtKB unreviewed (TrEMBL),,entry_level_cross_reference_isoform_unspecified,,,"[{""gene_id_versioned"": ""ENSMUSG00000078627.10"", ""isoform_id"": """", ""protein_id"": ""ENSMUSP00000097906.4"", ""transcript_id"": ""ENSMUST00000100332.4""}]",2026_03,0.1.0
ENSMUSG00000024548,Q9Z180,10090,UniProtKB reviewed (Swiss-Prot),,entry_level_cross_reference_isoform_unspecified,,,"[{""gene_id_versioned"": ""ENSMUSG00000024548.12"", ""isoform_id"": """", ""protein_id"": ""ENSMUSP00000025430.10"", ""transcript_id"": ""ENSMUST00000025430.11""}]",2026_03,0.1.0
ENSMUSG00000029622,A0A0G2JG61,10090,UniProtKB unreviewed (TrEMBL),,entry_level_cross_reference_isoform_unspecified,,,"[{""gene_id_versioned"": ""ENSMUSG00000029622.17"", ""isoform_id"": """", ""protein_id"": ""ENSMUSP00000143438.2"", ""transcript_id"": ""ENSMUST00000196111.5""}]",2026_03,0.1.0
ENSMUSG00000029622,D3Z6S0,10090,UniProtKB unreviewed (TrEMBL),,entry_level_cross_reference_isoform_unspecified,,FRAGMENT_SEQUENCE,"[{""gene_id_versioned"": ""ENSMUSG00000029622.17"", ""isoform_id"": """", ""protein_id"": ""ENSMUSP00000122340.2"", ""transcript_id"": ""ENSMUST00000141602.2""}]",2026_03,0.1.0
ENSMUSG00000029622,F6THG2,10090,UniProtKB unreviewed (TrEMBL),,entry_level_cross_reference_isoform_unspecified,,AMBIGUOUS_OR_INVALID_SEQUENCE,"[{""gene_id_versioned"": ""ENSMUSG00000029622.17"", ""isoform_id"": """", ""protein_id"": ""ENSMUSP00000115515.2"", ""transcript_id"": ""ENSMUST00000138922.2""}]",2026_03,0.1.0
ENSMUSG00000029622,F6VVE6,10090,UniProtKB unreviewed (TrEMBL),,entry_level_cross_reference_isoform_unspecified,,FRAGMENT_SEQUENCE,"[{""gene_id_versioned"": ""ENSMUSG00000029622.17"", ""isoform_id"": """", ""protein_id"": ""ENSMUSP00000115022.2"", ""transcript_id"": ""ENSMUST00000136074.2""}]",2026_03,0.1.0
ENSMUSG00000029622,Q9WV32,10090,UniProtKB reviewed (Swiss-Prot),,entry_level_cross_reference_isoform_unspecified,,,"[{""gene_id_versioned"": ""ENSMUSG00000029622.17"", ""isoform_id"": """", ""protein_id"": ""ENSMUSP00000082822.7"", ""transcript_id"": ""ENSMUST00000085679.13""}]",2026_03,0.1.0
ENSMUSG00000002580,Q9CQ86,10090,UniProtKB reviewed (Swiss-Prot),,entry_level_cross_reference_isoform_unspecified,,,"[{""gene_id_versioned"": ""ENSMUSG00000002580.8"", ""isoform_id"": """", ""protein_id"": ""ENSMUSP00000002655.8"", ""transcript_id"": ""ENSMUST00000002655.8""}]",2026_03,0.1.0
ENSMUSG00000046314,B8JJ84,10090,UniProtKB unreviewed (TrEMBL),,entry_level_cross_reference_isoform_unspecified,,FRAGMENT_SEQUENCE,"[{""gene_id_versioned"": ""ENSMUSG00000046314.17"", ""isoform_id"": """", ""protein_id"": ""ENSMUSP00000117366.2"", ""transcript_id"": ""ENSMUST00000143376.8""}]",2026_03,0.1.0
ENSMUSG00000046314,D6RJ81,10090,UniProtKB unreviewed (TrEMBL),,entry_level_cross_reference_isoform_unspecified,,,"[{""gene_id_versioned"": ""ENSMUSG00000046314.17"", ""isoform_id"": """", ""protein_id"": ""ENSMUSP00000119307.2"", ""transcript_id"": ""ENSMUST00000139750.2""}]",2026_03,0.1.0
ENSMUSG00000046314,F6SUH4,10090,UniProtKB unreviewed (TrEMBL),,entry_level_cross_reference_isoform_unspecified,,,"[{""gene_id_versioned"": ""ENSMUSG00000046314.17"", ""isoform_id"": """", ""protein_id"": ""ENSMUSP00000052639.7"", ""transcript_id"": ""ENSMUST00000053768.14""}, {""gene_id_versioned"": ""ENSMUSG00000046314.17"", ""isoform_id"": """", ""protein_id"": ""ENSMUSP00000112551.2"", ""transcript_id"": ""ENSMUST00000120531.8""}]",2026_03,0.1.0
ENSMUSG00000070550,Q91ZC0,10090,UniProtKB reviewed (Swiss-Prot),,entry_level_cross_reference_isoform_unspecified,,,"[{""gene_id_versioned"": ""ENSMUSG00000070550.3"", ""isoform_id"": """", ""protein_id"": ""ENSMUSP00000091952.2"", ""transcript_id"": ""ENSMUST00000094388.3""}]",2026_03,0.1.0
ENSMUSG00000030067,A0A0R4J1H9,10090,UniProtKB unreviewed (TrEMBL),,entry_level_cross_reference_isoform_unspecified,,,"[{""gene_id_versioned"": ""ENSMUSG00000030067.18"", ""isoform_id"": """", ""protein_id"": ""ENSMUSP00000108952.3"", ""transcript_id"": ""ENSMUST00000113326.9""}]",2026_03,0.1.0
ENSMUSG00000030067,A0A0R4J282,10090,UniProtKB unreviewed (TrEMBL),,entry_level_cross_reference_isoform_unspecified,,,"[{""gene_id_versioned"": ""ENSMUSG00000030067.18"", ""isoform_id"": """", ""protein_id"": ""ENSMUSP00000135809.2"", ""transcript_id"": ""ENSMUST00000177437.8""}]",2026_03,0.1.0
ENSMUSG00000030067,D3Z0J5,10090,UniProtKB unreviewed (TrEMBL),,entry_level_cross_reference_isoform_unspecified,,FRAGMENT_SEQUENCE,"[{""gene_id_versioned"": ""ENSMUSG00000030067.18"", ""isoform_id"": """", ""protein_id"": ""ENSMUSP00000120244.2"", ""transcript_id"": ""ENSMUST00000124058.8""}]",2026_03,0.1.0
ENSMUSG00000030067,D3Z2T4,10090,UniProtKB unreviewed (TrEMBL),,entry_level_cross_reference_isoform_unspecified,,FRAGMENT_SEQUENCE,"[{""gene_id_versioned"": ""ENSMUSG00000030067.18"", ""isoform_id"": """", ""protein_id"": ""ENSMUSP00000121404.3"", ""transcript_id"": ""ENSMUST00000154163.9""}]",2026_03,0.1.0
ENSMUSG00000030067,D3Z454,10090,UniProtKB unreviewed (TrEMBL),,entry_level_cross_reference_isoform_unspecified,,FRAGMENT_SEQUENCE,"[{""gene_id_versioned"": ""ENSMUSG00000030067.18"", ""isoform_id"": """", ""protein_id"": ""ENSMUSP00000117550.2"", ""transcript_id"": ""ENSMUST00000123992.8""}]",2026_03,0.1.0
ENSMUSG00000030067,D3Z6Q3,10090,UniProtKB unreviewed (TrEMBL),,entry_level_cross_reference_isoform_unspecified,,,"[{""gene_id_versioned"": ""ENSMUSG00000030067.18"", ""isoform_id"": """", ""protein_id"": ""ENSMUSP00000108954.3"", ""transcript_id"": ""ENSMUST00000113328.9""}]",2026_03,0.1.0
ENSMUSG00000030067,D3Z6Q4,10090,UniProtKB unreviewed (TrEMBL),,entry_level_cross_reference_isoform_unspecified,,,"[{""gene_id_versioned"": ""ENSMUSG00000030067.18"", ""isoform_id"": """", ""protein_id"": ""ENSMUSP00000108950.3"", ""transcript_id"": ""ENSMUST00000113324.9""}]",2026_03,0.1.0
ENSMUSG00000030067,H3BJ24,10090,UniProtKB unreviewed (TrEMBL),,entry_level_cross_reference_isoform_unspecified,,,"[{""gene_id_versioned"": ""ENSMUSG00000030067.18"", ""isoform_id"": """", ""protein_id"": ""ENSMUSP00000134817.2"", ""transcript_id"": ""ENSMUST00000177229.8""}]",2026_03,0.1.0
ENSMUSG00000030067,H3BJ68,10090,UniProtKB unreviewed (TrEMBL),,entry_level_cross_reference_isoform_unspecified,,FRAGMENT_SEQUENCE,"[{""gene_id_versioned"": ""ENSMUSG00000030067.18"", ""isoform_id"": """", ""protein_id"": ""ENSMUSP00000134869.2"", ""transcript_id"": ""ENSMUST00000177507.3""}]",2026_03,0.1.0
ENSMUSG00000030067,H3BJM1,10090,UniProtKB unreviewed (TrEMBL),,entry_level_cross_reference_isoform_unspecified,,,"[{""gene_id_versioned"": ""ENSMUSG00000030067.18"", ""isoform_id"": """", ""protein_id"": ""ENSMUSP00000135041.2"", ""transcript_id"": ""ENSMUST00000176850.8""}]",2026_03,0.1.0
ENSMUSG00000030067,H3BJR8,10090,UniProtKB unreviewed (TrEMBL),,entry_level_cross_reference_isoform_unspecified,,,"[{""gene_id_versioned"": ""ENSMUSG00000030067.18"", ""isoform_id"": """", ""protein_id"": ""ENSMUSP00000135098.2"", ""transcript_id"": ""ENSMUST00000177230.8""}]",2026_03,0.1.0
ENSMUSG00000030067,H3BJY9,10090,UniProtKB unreviewed (TrEMBL),,entry_level_cross_reference_isoform_unspecified,,,"[{""gene_id_versioned"": ""ENSMUSG00000030067.18"", ""isoform_id"": """", ""protein_id"": ""ENSMUSP00000135181.2"", ""transcript_id"": ""ENSMUST00000176565.8""}]",2026_03,0.1.0
ENSMUSG00000030067,H3BJZ5,10090,UniProtKB unreviewed (TrEMBL),,entry_level_cross_reference_isoform_unspecified,,FRAGMENT_SEQUENCE,"[{""gene_id_versioned"": ""ENSMUSG00000030067.18"", ""isoform_id"": """", ""protein_id"": ""ENSMUSP00000135187.2"", ""transcript_id"": ""ENSMUST00000177208.2""}]",2026_03,0.1.0
ENSMUSG00000030067,H3BK30,10090,UniProtKB unreviewed (TrEMBL),,entry_level_cross_reference_isoform_unspecified,,FRAGMENT_SEQUENCE,"[{""gene_id_versioned"": ""ENSMUSG00000030067.18"", ""isoform_id"": """", ""protein_id"": ""ENSMUSP00000135229.2"", ""transcript_id"": ""ENSMUST00000177227.8""}]",2026_03,0.1.0
ENSMUSG00000030067,H3BK38,10090,UniProtKB unreviewed (TrEMBL),,entry_level_cross_reference_isoform_unspecified,,FRAGMENT_SEQUENCE,"[{""gene_id_versioned"": ""ENSMUSG00000030067.18"", ""isoform_id"": """", ""protein_id"": ""ENSMUSP00000135237.2"", ""transcript_id"": ""ENSMUST00000175670.2""}]",2026_03,0.1.0
ENSMUSG00000030067,H3BKT4,10090,UniProtKB unreviewed (TrEMBL),,entry_level_cross_reference_isoform_unspecified,,FRAGMENT_SEQUENCE,"[{""gene_id_versioned"": ""ENSMUSG00000030067.18"", ""isoform_id"": """", ""protein_id"": ""ENSMUSP00000135517.2"", ""transcript_id"": ""ENSMUST00000175886.8""}]",2026_03,0.1.0
ENSMUSG00000030067,H3BL33,10090,UniProtKB unreviewed (TrEMBL),,entry_level_cross_reference_isoform_unspecified,,,"[{""gene_id_versioned"": ""ENSMUSG00000030067.18"", ""isoform_id"": """", ""protein_id"": ""ENSMUSP00000135635.2"", ""transcript_id"": ""ENSMUST00000176632.8""}]",2026_03,0.1.0
ENSMUSG00000030067,H3BLF2,10090,UniProtKB unreviewed (TrEMBL),,entry_level_cross_reference_isoform_unspecified,,,"[{""gene_id_versioned"": ""ENSMUSG00000030067.18"", ""isoform_id"": """", ""protein_id"": ""ENSMUSP00000135764.2"", ""transcript_id"": ""ENSMUST00000177307.8""}]",2026_03,0.1.0
ENSMUSG00000030067,P58462,10090,UniProtKB reviewed (Swiss-Prot),P58462-1,explicit_displayed_isoform_cross_reference,,,"[{""gene_id_versioned"": ""ENSMUSG00000030067.18"", ""isoform_id"": ""P58462-1"", ""protein_id"": ""ENSMUSP00000073953.6"", ""transcript_id"": ""ENSMUST00000074346.12""}, {""gene_id_versioned"": ""ENSMUSG00000030067.18"", ""isoform_id"": ""P58462-1"", ""protein_id"": ""ENSMUSP00000108948.3"", ""transcript_id"": ""ENSMUST00000113322.9""}, {""gene_id_versioned"": ""ENSMUSG00000030067.18"", ""isoform_id"": ""P58462-2"", ""protein_id"": ""ENSMUSP00000108955.4"", ""transcript_id"": ""ENSMUST00000113329.10""}]",2026_03,0.1.0
ENSMUSG00000007655,D3Z0J2,10090,UniProtKB unreviewed (TrEMBL),,entry_level_cross_reference_isoform_unspecified,,FRAGMENT_SEQUENCE,"[{""gene_id_versioned"": ""ENSMUSG00000007655.17"", ""isoform_id"": """", ""protein_id"": ""ENSMUSP00000120252.2"", ""transcript_id"": ""ENSMUST00000123439.8""}]",2026_03,0.1.0
ENSMUSG00000007655,D3Z148,10090,UniProtKB unreviewed (TrEMBL),,entry_level_cross_reference_isoform_unspecified,,FRAGMENT_SEQUENCE,"[{""gene_id_versioned"": ""ENSMUSG00000007655.17"", ""isoform_id"": """", ""protein_id"": ""ENSMUSP00000111115.3"", ""transcript_id"": ""ENSMUST00000115455.3""}]",2026_03,0.1.0
ENSMUSG00000007655,H3BKG0,10090,UniProtKB unreviewed (TrEMBL),,entry_level_cross_reference_isoform_unspecified,,,"[{""gene_id_versioned"": ""ENSMUSG00000007655.17"", ""isoform_id"": """", ""protein_id"": ""ENSMUSP00000135374.2"", ""transcript_id"": ""ENSMUST00000150901.2""}]",2026_03,0.1.0
ENSMUSG00000007655,H3BLQ4,10090,UniProtKB unreviewed (TrEMBL),,entry_level_cross_reference_isoform_unspecified,,,"[{""gene_id_versioned"": ""ENSMUSG00000007655.17"", ""isoform_id"": """", ""protein_id"": ""ENSMUSP00000135875.2"", ""transcript_id"": ""ENSMUST00000177234.2""}]",2026_03,0.1.0
ENSMUSG00000007655,P49817,10090,UniProtKB reviewed (Swiss-Prot),P49817-1,explicit_displayed_isoform_cross_reference,,,"[{""gene_id_versioned"": ""ENSMUSG00000007655.17"", ""isoform_id"": ""P49817-1"", ""protein_id"": ""ENSMUSP00000007799.7"", ""transcript_id"": ""ENSMUST00000007799.13""}, {""gene_id_versioned"": ""ENSMUSG00000007655.17"", ""isoform_id"": ""P49817-2"", ""protein_id"": ""ENSMUSP00000111113.2"", ""transcript_id"": ""ENSMUST00000115453.2""}, {""gene_id_versioned"": ""ENSMUSG00000007655.17"", ""isoform_id"": ""P49817-2"", ""protein_id"": ""ENSMUSP00000111114.2"", ""transcript_id"": ""ENSMUST00000115454.2""}, {""gene_id_versioned"": ""ENSMUSG00000007655.17"", ""isoform_id"": ""P49817-1"", ""protein_id"": ""ENSMUSP00000111116.2"", ""transcript_id"": ""ENSMUST00000115456.6""}]",2026_03,0.1.0
ENSMUSG00000041801,Q9WV95,10090,UniProtKB reviewed (Swiss-Prot),,entry_level_cross_reference_isoform_unspecified,,,"[{""gene_id_versioned"": ""ENSMUSG00000041801.6"", ""isoform_id"": """", ""protein_id"": ""ENSMUSP00000040614.6"", ""transcript_id"": ""ENSMUST00000038945.6""}]",2026_03,0.1.0
ENSMUSG00000018362,A2A600,10090,UniProtKB unreviewed (TrEMBL),,entry_level_cross_reference_isoform_unspecified,,FRAGMENT_SEQUENCE,"[{""gene_id_versioned"": ""ENSMUSG00000018362.15"", ""isoform_id"": """", ""protein_id"": ""ENSMUSP00000121655.2"", ""transcript_id"": ""ENSMUST00000144834.8""}]",2026_03,0.1.0
ENSMUSG00000018362,A2A601,10090,UniProtKB unreviewed (TrEMBL),,entry_level_cross_reference_isoform_unspecified,,FRAGMENT_SEQUENCE,"[{""gene_id_versioned"": ""ENSMUSG00000018362.15"", ""isoform_id"": """", ""protein_id"": ""ENSMUSP00000114636.2"", ""transcript_id"": ""ENSMUST00000124541.8""}]",2026_03,0.1.0
ENSMUSG00000018362,A2A602,10090,UniProtKB unreviewed (TrEMBL),,entry_level_cross_reference_isoform_unspecified,,,"[{""gene_id_versioned"": ""ENSMUSG00000018362.15"", ""isoform_id"": """", ""protein_id"": ""ENSMUSP00000102379.2"", ""transcript_id"": ""ENSMUST00000106768.2""}]",2026_03,0.1.0
ENSMUSG00000018362,A6PW68,10090,UniProtKB unreviewed (TrEMBL),,entry_level_cross_reference_isoform_unspecified,,FRAGMENT_SEQUENCE,"[{""gene_id_versioned"": ""ENSMUSG00000018362.15"", ""isoform_id"": """", ""protein_id"": ""ENSMUSP00000118679.2"", ""transcript_id"": ""ENSMUST00000140362.8""}]",2026_03,0.1.0
ENSMUSG00000018362,F2Z431,10090,UniProtKB unreviewed (TrEMBL),,entry_level_cross_reference_isoform_unspecified,,,"[{""gene_id_versioned"": ""ENSMUSG00000018362.15"", ""isoform_id"": """", ""protein_id"": ""ENSMUSP00000122983.2"", ""transcript_id"": ""ENSMUST00000145331.8""}]",2026_03,0.1.0
ENSMUSG00000018362,P52293,10090,UniProtKB reviewed (Swiss-Prot),,entry_level_cross_reference_isoform_unspecified,,,"[{""gene_id_versioned"": ""ENSMUSG00000018362.15"", ""isoform_id"": """", ""protein_id"": ""ENSMUSP00000018506.7"", ""transcript_id"": ""ENSMUST00000018506.13""}]",2026_03,0.1.0
ENSMUSG00000028073,G3UWZ1,10090,UniProtKB unreviewed (TrEMBL),,entry_level_cross_reference_isoform_unspecified,,FRAGMENT_SEQUENCE,"[{""gene_id_versioned"": ""ENSMUSG00000028073.17"", ""isoform_id"": """", ""protein_id"": ""ENSMUSP00000133480.2"", ""transcript_id"": ""ENSMUST00000172590.8""}]",2026_03,0.1.0
ENSMUSG00000028073,G3UX62,10090,UniProtKB unreviewed (TrEMBL),,entry_level_cross_reference_isoform_unspecified,,FRAGMENT_SEQUENCE,"[{""gene_id_versioned"": ""ENSMUSG00000028073.17"", ""isoform_id"": """", ""protein_id"": ""ENSMUSP00000133565.2"", ""transcript_id"": ""ENSMUST00000174219.2""}]",2026_03,0.1.0
ENSMUSG00000028073,G3UXB8,10090,UniProtKB unreviewed (TrEMBL),,entry_level_cross_reference_isoform_unspecified,,,"[{""gene_id_versioned"": ""ENSMUSG00000028073.17"", ""isoform_id"": """", ""protein_id"": ""ENSMUSP00000133626.2"", ""transcript_id"": ""ENSMUST00000174267.8""}]",2026_03,0.1.0
ENSMUSG00000028073,G3UXM4,10090,UniProtKB unreviewed (TrEMBL),,entry_level_cross_reference_isoform_unspecified,,FRAGMENT_SEQUENCE,"[{""gene_id_versioned"": ""ENSMUSG00000028073.17"", ""isoform_id"": """", ""protein_id"": ""ENSMUSP00000133749.2"", ""transcript_id"": ""ENSMUST00000174776.8""}]",2026_03,0.1.0
ENSMUSG00000028073,G3UY90,10090,UniProtKB unreviewed (TrEMBL),,entry_level_cross_reference_isoform_unspecified,,,"[{""gene_id_versioned"": ""ENSMUSG00000028073.17"", ""isoform_id"": """", ""protein_id"": ""ENSMUSP00000133988.2"", ""transcript_id"": ""ENSMUST00000173468.8""}]",2026_03,0.1.0
ENSMUSG00000028073,G3UYI7,10090,UniProtKB unreviewed (TrEMBL),,entry_level_cross_reference_isoform_unspecified,,FRAGMENT_SEQUENCE,"[{""gene_id_versioned"": ""ENSMUSG00000028073.17"", ""isoform_id"": """", ""protein_id"": ""ENSMUSP00000134100.2"", ""transcript_id"": ""ENSMUST00000173184.2""}]",2026_03,0.1.0
ENSMUSG00000028073,G3UYT5,10090,UniProtKB unreviewed (TrEMBL),,entry_level_cross_reference_isoform_unspecified,,,"[{""gene_id_versioned"": ""ENSMUSG00000028073.17"", ""isoform_id"": """", ""protein_id"": ""ENSMUSP00000134387.2"", ""transcript_id"": ""ENSMUST00000173225.8""}, {""gene_id_versioned"": ""ENSMUSG00000028073.17"", ""isoform_id"": """", ""protein_id"": ""ENSMUSP00000134215.2"", ""transcript_id"": ""ENSMUST00000174713.8""}]",2026_03,0.1.0
ENSMUSG00000028073,G3UZD5,10090,UniProtKB unreviewed (TrEMBL),,entry_level_cross_reference_isoform_unspecified,,AMBIGUOUS_OR_INVALID_SEQUENCE,"[{""gene_id_versioned"": ""ENSMUSG00000028073.17"", ""isoform_id"": """", ""protein_id"": ""ENSMUSP00000134451.2"", ""transcript_id"": ""ENSMUST00000172669.2""}]",2026_03,0.1.0
ENSMUSG00000028073,Q8VIK5,10090,UniProtKB reviewed (Swiss-Prot),Q8VIK5-1,explicit_displayed_isoform_cross_reference,,,"[{""gene_id_versioned"": ""ENSMUSG00000028073.17"", ""isoform_id"": ""Q8VIK5-1"", ""protein_id"": ""ENSMUSP00000078090.6"", ""transcript_id"": ""ENSMUST00000079083.12""}, {""gene_id_versioned"": ""ENSMUSG00000028073.17"", ""isoform_id"": ""Q8VIK5-1"", ""protein_id"": ""ENSMUSP00000133474.2"", ""transcript_id"": ""ENSMUST00000172621.8""}, {""gene_id_versioned"": ""ENSMUSG00000028073.17"", ""isoform_id"": ""Q8VIK5-1"", ""protein_id"": ""ENSMUSP00000133323.2"", ""transcript_id"": ""ENSMUST00000174759.8""}]",2026_03,0.1.0
ENSMUSG00000038957,D3YYS4,10090,UniProtKB unreviewed (TrEMBL),,entry_level_cross_reference_isoform_unspecified,,FRAGMENT_SEQUENCE,"[{""gene_id_versioned"": ""ENSMUSG00000038957.14"", ""isoform_id"": """", ""protein_id"": ""ENSMUSP00000123505.2"", ""transcript_id"": ""ENSMUST00000142807.2""}]",2026_03,0.1.0
ENSMUSG00000038957,D6RCX6,10090,UniProtKB unreviewed (TrEMBL),,entry_level_cross_reference_isoform_unspecified,,,"[{""gene_id_versioned"": ""ENSMUSG00000038957.14"", ""isoform_id"": """", ""protein_id"": ""ENSMUSP00000123317.2"", ""transcript_id"": ""ENSMUST00000137245.8""}]",2026_03,0.1.0
ENSMUSG00000038957,Q8K2D3,10090,UniProtKB reviewed (Swiss-Prot),,entry_level_cross_reference_isoform_unspecified,,,"[{""gene_id_versioned"": ""ENSMUSG00000038957.14"", ""isoform_id"": """", ""protein_id"": ""ENSMUSP00000049146.8"", ""transcript_id"": ""ENSMUST00000043990.14""}]",2026_03,0.1.0
ENSMUSG00000060568,F6SII3,10090,UniProtKB unreviewed (TrEMBL),,entry_level_cross_reference_isoform_unspecified,,AMBIGUOUS_OR_INVALID_SEQUENCE,"[{""gene_id_versioned"": ""ENSMUSG00000060568.15"", ""isoform_id"": """", ""protein_id"": ""ENSMUSP00000115826.2"", ""transcript_id"": ""ENSMUST00000122929.2""}]",2026_03,0.1.0
ENSMUSG00000060568,F6ZXE6,10090,UniProtKB unreviewed (TrEMBL),,entry_level_cross_reference_isoform_unspecified,,AMBIGUOUS_OR_INVALID_SEQUENCE,"[{""gene_id_versioned"": ""ENSMUSG00000060568.15"", ""isoform_id"": """", ""protein_id"": ""ENSMUSP00000117516.2"", ""transcript_id"": ""ENSMUST00000128373.2""}]",2026_03,0.1.0
ENSMUSG00000060568,Q8BQN5,10090,UniProtKB reviewed (Swiss-Prot),,entry_level_cross_reference_isoform_unspecified,,,"[{""gene_id_versioned"": ""ENSMUSG00000060568.15"", ""isoform_id"": """", ""protein_id"": ""ENSMUSP00000122636.2"", ""transcript_id"": ""ENSMUST00000126198.3""}, {""gene_id_versioned"": ""ENSMUSG00000060568.15"", ""isoform_id"": """", ""protein_id"": ""ENSMUSP00000117572.2"", ""transcript_id"": ""ENSMUST00000156025.2""}, {""gene_id_versioned"": ""ENSMUSG00000060568.15"", ""isoform_id"": """", ""protein_id"": ""ENSMUSP00000131620.2"", ""transcript_id"": ""ENSMUST00000165874.8""}, {""gene_id_versioned"": ""ENSMUSG00000060568.15"", ""isoform_id"": """", ""protein_id"": ""ENSMUSP00000139628.2"", ""transcript_id"": ""ENSMUST00000190081.7""}]",2026_03,0.1.0
ENSMUSG00000038370,Q6W8Q3,10090,UniProtKB reviewed (Swiss-Prot),,entry_level_cross_reference_isoform_unspecified,,,"[{""gene_id_versioned"": ""ENSMUSG00000038370.7"", ""isoform_id"": """", ""protein_id"": ""ENSMUSP00000106964.2"", ""transcript_id"": ""ENSMUST00000111332.2""}]",2026_03,0.1.0
ENSMUSG00000069135,F6UTB8,10090,UniProtKB unreviewed (TrEMBL),,entry_level_cross_reference_isoform_unspecified,,AMBIGUOUS_OR_INVALID_SEQUENCE,"[{""gene_id_versioned"": ""ENSMUSG00000069135.12"", ""isoform_id"": """", ""protein_id"": ""ENSMUSP00000123855.2"", ""transcript_id"": ""ENSMUST00000161898.2""}]",2026_03,0.1.0
ENSMUSG00000069135,Q66JX5,10090,UniProtKB reviewed (Swiss-Prot),Q66JX5-1,explicit_displayed_isoform_cross_reference,,,"[{""gene_id_versioned"": ""ENSMUSG00000069135.12"", ""isoform_id"": ""Q66JX5-2"", ""protein_id"": ""ENSMUSP00000024636.9"", ""transcript_id"": ""ENSMUST00000024636.15""}, {""gene_id_versioned"": ""ENSMUSG00000069135.12"", ""isoform_id"": ""Q66JX5-1"", ""protein_id"": ""ENSMUSP00000095030.4"", ""transcript_id"": ""ENSMUST00000097419.10""}]",2026_03,0.1.0
ENSMUSG00000031297,P70423,10090,UniProtKB reviewed (Swiss-Prot),,entry_level_cross_reference_isoform_unspecified,,,"[{""gene_id_versioned"": ""ENSMUSG00000031297.15"", ""isoform_id"": """", ""protein_id"": ""ENSMUSP00000073582.5"", ""transcript_id"": ""ENSMUST00000073927.5""}, {""gene_id_versioned"": ""ENSMUSG00000031297.15"", ""isoform_id"": """", ""protein_id"": ""ENSMUSP00000098914.2"", ""transcript_id"": ""ENSMUST00000101362.8""}, {""gene_id_versioned"": ""ENSMUSG00000031297.15"", ""isoform_id"": """", ""protein_id"": ""ENSMUSP00000109339.2"", ""transcript_id"": ""ENSMUST00000113710.8""}]",2026_03,0.1.0
ENSMUSG00000031837,Q91ZP9,10090,UniProtKB reviewed (Swiss-Prot),Q91ZP9-1,explicit_displayed_isoform_cross_reference,,,"[{""gene_id_versioned"": ""ENSMUSG00000031837.15"", ""isoform_id"": ""Q91ZP9-1"", ""protein_id"": ""ENSMUSP00000095966.4"", ""transcript_id"": ""ENSMUST00000098363.10""}]",2026_03,0.1.0
ENSMUSG00000030979,A0A1B0GR97,10090,UniProtKB unreviewed (TrEMBL),,entry_level_cross_reference_isoform_unspecified,,FRAGMENT_SEQUENCE,"[{""gene_id_versioned"": ""ENSMUSG00000030979.14"", ""isoform_id"": """", ""protein_id"": ""ENSMUSP00000147433.2"", ""transcript_id"": ""ENSMUST00000209636.2""}]",2026_03,0.1.0
ENSMUSG00000030979,E9PYC9,10090,UniProtKB unreviewed (TrEMBL),,entry_level_cross_reference_isoform_unspecified,,FRAGMENT_SEQUENCE,"[{""gene_id_versioned"": ""ENSMUSG00000030979.14"", ""isoform_id"": """", ""protein_id"": ""ENSMUSP00000117187.2"", ""transcript_id"": ""ENSMUST00000153698.3""}]",2026_03,0.1.0
ENSMUSG00000030979,E9Q8N3,10090,UniProtKB unreviewed (TrEMBL),,entry_level_cross_reference_isoform_unspecified,,FRAGMENT_SEQUENCE,"[{""gene_id_versioned"": ""ENSMUSG00000030979.14"", ""isoform_id"": """", ""protein_id"": ""ENSMUSP00000121763.2"", ""transcript_id"": ""ENSMUST00000151348.2""}]",2026_03,0.1.0
ENSMUSG00000030979,E9Q9B5,10090,UniProtKB unreviewed (TrEMBL),,entry_level_cross_reference_isoform_unspecified,,FRAGMENT_SEQUENCE,"[{""gene_id_versioned"": ""ENSMUSG00000030979.14"", ""isoform_id"": """", ""protein_id"": ""ENSMUSP00000119179.2"", ""transcript_id"": ""ENSMUST00000124759.2""}]",2026_03,0.1.0
ENSMUSG00000030979,F7DEI3,10090,UniProtKB unreviewed (TrEMBL),,entry_level_cross_reference_isoform_unspecified,,,"[{""gene_id_versioned"": ""ENSMUSG00000030979.14"", ""isoform_id"": """", ""protein_id"": ""ENSMUSP00000101750.2"", ""transcript_id"": ""ENSMUST00000106144.8""}]",2026_03,0.1.0
ENSMUSG00000030979,P51163,10090,UniProtKB reviewed (Swiss-Prot),,entry_level_cross_reference_isoform_unspecified,,,"[{""gene_id_versioned"": ""ENSMUSG00000030979.14"", ""isoform_id"": """", ""protein_id"": ""ENSMUSP00000033276.5"", ""transcript_id"": ""ENSMUST00000033276.11""}, {""gene_id_versioned"": ""ENSMUSG00000030979.14"", ""isoform_id"": """", ""protein_id"": ""ENSMUSP00000101751.4"", ""transcript_id"": ""ENSMUST00000106145.10""}, {""gene_id_versioned"": ""ENSMUSG00000030979.14"", ""isoform_id"": """", ""protein_id"": ""ENSMUSP00000101752.2"", ""transcript_id"": ""ENSMUST00000106146.8""}]",2026_03,0.1.0
ENSMUSG00000027848,A0A0R4J086,10090,UniProtKB unreviewed (TrEMBL),,entry_level_cross_reference_isoform_unspecified,,,"[{""gene_id_versioned"": ""ENSMUSG00000027848.14"", ""isoform_id"": """", ""protein_id"": ""ENSMUSP00000029440.9"", ""transcript_id"": ""ENSMUST00000029440.10""}]",2026_03,0.1.0
ENSMUSG00000028367,P10639,10090,UniProtKB reviewed (Swiss-Prot),,entry_level_cross_reference_isoform_unspecified,,,"[{""gene_id_versioned"": ""ENSMUSG00000028367.6"", ""isoform_id"": """", ""protein_id"": ""ENSMUSP00000030051.6"", ""transcript_id"": ""ENSMUST00000030051.6""}]",2026_03,0.1.0
ENSMUSG00000037628,A0A2I3BPS7,10090,UniProtKB unreviewed (TrEMBL),,entry_level_cross_reference_isoform_unspecified,,,"[{""gene_id_versioned"": ""ENSMUSG00000037628.11"", ""isoform_id"": """", ""protein_id"": ""ENSMUSP00000153781.2"", ""transcript_id"": ""ENSMUST00000227149.2""}, {""gene_id_versioned"": ""ENSMUSG00000037628.11"", ""isoform_id"": """", ""protein_id"": ""ENSMUSP00000154120.2"", ""transcript_id"": ""ENSMUST00000228106.2""}]",2026_03,0.1.0
ENSMUSG00000037628,Q810P3,10090,UniProtKB reviewed (Swiss-Prot),,entry_level_cross_reference_isoform_unspecified,,,"[{""gene_id_versioned"": ""ENSMUSG00000037628.11"", ""isoform_id"": """", ""protein_id"": ""ENSMUSP00000070575.5"", ""transcript_id"": ""ENSMUST00000067426.6""}]",2026_03,0.1.0
ENSMUSG00000034235,F6ZXV1,10090,UniProtKB unreviewed (TrEMBL),,entry_level_cross_reference_isoform_unspecified,,AMBIGUOUS_OR_INVALID_SEQUENCE,"[{""gene_id_versioned"": ""ENSMUSG00000034235.18"", ""isoform_id"": """", ""protein_id"": ""ENSMUSP00000117503.2"", ""transcript_id"": ""ENSMUST00000123287.2""}]",2026_03,0.1.0
ENSMUSG00000034235,Q8BL06,10090,UniProtKB reviewed (Swiss-Prot),Q8BL06-1,explicit_displayed_isoform_cross_reference,,,"[{""gene_id_versioned"": ""ENSMUSG00000034235.18"", ""isoform_id"": ""Q8BL06-1"", ""protein_id"": ""ENSMUSP00000022356.5"", ""transcript_id"": ""ENSMUST00000022356.12""}, {""gene_id_versioned"": ""ENSMUSG00000034235.18"", ""isoform_id"": ""Q8BL06-1"", ""protein_id"": ""ENSMUSP00000036214.8"", ""transcript_id"": ""ENSMUST00000035340.14""}]",2026_03,0.1.0
ENSMUSG00000041431,F7AWL9,10090,UniProtKB unreviewed (TrEMBL),,entry_level_cross_reference_isoform_unspecified,,,"[{""gene_id_versioned"": ""ENSMUSG00000041431.17"", ""isoform_id"": """", ""protein_id"": ""ENSMUSP00000088841.8"", ""transcript_id"": ""ENSMUST00000091295.14""}]",2026_03,0.1.0
ENSMUSG00000041431,G3UY65,10090,UniProtKB unreviewed (TrEMBL),,entry_level_cross_reference_isoform_unspecified,,,"[{""gene_id_versioned"": ""ENSMUSG00000041431.17"", ""isoform_id"": """", ""protein_id"": ""ENSMUSP00000133962.2"", ""transcript_id"": ""ENSMUST00000174038.2""}]",2026_03,0.1.0
ENSMUSG00000041431,P24860,10090,UniProtKB reviewed (Swiss-Prot),,entry_level_cross_reference_isoform_unspecified,,,"[{""gene_id_versioned"": ""ENSMUSG00000041431.17"", ""isoform_id"": """", ""protein_id"": ""ENSMUSP00000071989.9"", ""transcript_id"": ""ENSMUST00000072119.15""}]",2026_03,0.1.0
ENSMUSG00000030605,A0A0U1RNV7,10090,UniProtKB unreviewed (TrEMBL),,entry_level_cross_reference_isoform_unspecified,,,"[{""gene_id_versioned"": ""ENSMUSG00000030605.16"", ""isoform_id"": """", ""protein_id"": ""ENSMUSP00000145720.2"", ""transcript_id"": ""ENSMUST00000205563.2""}]",2026_03,0.1.0
ENSMUSG00000030605,P21956,10090,UniProtKB reviewed (Swiss-Prot),P21956-1,explicit_displayed_isoform_cross_reference,,,"[{""gene_id_versioned"": ""ENSMUSG00000030605.16"", ""isoform_id"": ""P21956-1"", ""protein_id"": ""ENSMUSP00000032825.9"", ""transcript_id"": ""ENSMUST00000032825.14""}, {""gene_id_versioned"": ""ENSMUSG00000030605.16"", ""isoform_id"": ""P21956-2"", ""protein_id"": ""ENSMUSP00000103032.4"", ""transcript_id"": ""ENSMUST00000107409.5""}]",2026_03,0.1.0
ENSMUSG00000039621,I7HPV9,10090,UniProtKB unreviewed (TrEMBL),,entry_level_cross_reference_isoform_unspecified,,,"[{""gene_id_versioned"": ""ENSMUSG00000039621.14"", ""isoform_id"": """", ""protein_id"": ""ENSMUSP00000096679.3"", ""transcript_id"": ""ENSMUST00000099080.9""}]",2026_03,0.1.0
ENSMUSG00000039621,Q69ZK0,10090,UniProtKB reviewed (Swiss-Prot),Q69ZK0-1,explicit_displayed_isoform_cross_reference,,,"[{""gene_id_versioned"": ""ENSMUSG00000039621.14"", ""isoform_id"": ""Q69ZK0-1"", ""protein_id"": ""ENSMUSP00000037180.6"", ""transcript_id"": ""ENSMUST00000036719.12""}, {""gene_id_versioned"": ""ENSMUSG00000039621.14"", ""isoform_id"": ""Q69ZK0-2"", ""protein_id"": ""ENSMUSP00000104869.2"", ""transcript_id"": ""ENSMUST00000109246.2""}]",2026_03,0.1.0
ENSMUSG00000046805,A0AAQ4VMR7,10090,UniProtKB unreviewed (TrEMBL),,entry_level_cross_reference_isoform_unspecified,,,"[{""gene_id_versioned"": ""ENSMUSG00000046805.12"", ""isoform_id"": """", ""protein_id"": ""ENSMUSP00000159968.1"", ""transcript_id"": ""ENSMUST00000249873.1""}]",2026_03,0.1.0
ENSMUSG00000046805,E9QN37,10090,UniProtKB unreviewed (TrEMBL),,entry_level_cross_reference_isoform_unspecified,,,"[{""gene_id_versioned"": ""ENSMUSG00000046805.12"", ""isoform_id"": """", ""protein_id"": ""ENSMUSP00000108573.5"", ""transcript_id"": ""ENSMUST00000081035.10""}]",2026_03,0.1.0
ENSMUSG00000047446,G3UVX1,10090,UniProtKB unreviewed (TrEMBL),,entry_level_cross_reference_isoform_unspecified,,,"[{""gene_id_versioned"": ""ENSMUSG00000047446.19"", ""isoform_id"": """", ""protein_id"": ""ENSMUSP00000122987.2"", ""transcript_id"": ""ENSMUST00000136441.8""}, {""gene_id_versioned"": ""ENSMUSG00000047446.19"", ""isoform_id"": """", ""protein_id"": ""ENSMUSP00000122126.2"", ""transcript_id"": ""ENSMUST00000144910.2""}]",2026_03,0.1.0
ENSMUSG00000047446,P61213,10090,UniProtKB reviewed (Swiss-Prot),,entry_level_cross_reference_isoform_unspecified,,,"[{""gene_id_versioned"": ""ENSMUSG00000047446.19"", ""isoform_id"": """", ""protein_id"": ""ENSMUSP00000099013.4"", ""transcript_id"": ""ENSMUST00000101472.4""}, {""gene_id_versioned"": ""ENSMUSG00000047446.19"", ""isoform_id"": """", ""protein_id"": ""ENSMUSP00000114458.2"", ""transcript_id"": ""ENSMUST00000146905.2""}]",2026_03,0.1.0
ENSMUSG00000001999,A2ASB1,10090,UniProtKB unreviewed (TrEMBL),,entry_level_cross_reference_isoform_unspecified,,FRAGMENT_SEQUENCE,"[{""gene_id_versioned"": ""ENSMUSG00000001999.16"", ""isoform_id"": """", ""protein_id"": ""ENSMUSP00000116825.2"", ""transcript_id"": ""ENSMUST00000142737.3""}]",2026_03,0.1.0
ENSMUSG00000001999,A2ASB7,10090,UniProtKB unreviewed (TrEMBL),,entry_level_cross_reference_isoform_unspecified,,FRAGMENT_SEQUENCE,"[{""gene_id_versioned"": ""ENSMUSG00000001999.16"", ""isoform_id"": """", ""protein_id"": ""ENSMUSP00000118278.2"", ""transcript_id"": ""ENSMUST00000135529.8""}]",2026_03,0.1.0
ENSMUSG00000001999,A2ASB8,10090,UniProtKB unreviewed (TrEMBL),,entry_level_cross_reference_isoform_unspecified,,,"[{""gene_id_versioned"": ""ENSMUSG00000001999.16"", ""isoform_id"": """", ""protein_id"": ""ENSMUSP00000106019.4"", ""transcript_id"": ""ENSMUST00000110389.10""}]",2026_03,0.1.0
ENSMUSG00000001999,Q9CY64,10090,UniProtKB reviewed (Swiss-Prot),,entry_level_cross_reference_isoform_unspecified,,,"[{""gene_id_versioned"": ""ENSMUSG00000001999.16"", ""isoform_id"": """", ""protein_id"": ""ENSMUSP00000002064.9"", ""transcript_id"": ""ENSMUST00000002064.15""}]",2026_03,0.1.0
ENSMUSG00000020994,A0A1W2P6S1,10090,UniProtKB unreviewed (TrEMBL),,entry_level_cross_reference_isoform_unspecified,,,"[{""gene_id_versioned"": ""ENSMUSG00000020994.6"", ""isoform_id"": """", ""protein_id"": ""ENSMUSP00000151381.2"", ""transcript_id"": ""ENSMUST00000219176.2""}]",2026_03,0.1.0
ENSMUSG00000020994,F6X2B0,10090,UniProtKB unreviewed (TrEMBL),,entry_level_cross_reference_isoform_unspecified,,,"[{""gene_id_versioned"": ""ENSMUSG00000020994.6"", ""isoform_id"": """", ""protein_id"": ""ENSMUSP00000021381.5"", ""transcript_id"": ""ENSMUST00000021381.6""}]",2026_03,0.1.0
ENSMUSG00000094910,J3QPM6,10090,UniProtKB unreviewed (TrEMBL),,entry_level_cross_reference_isoform_unspecified,,,"[{""gene_id_versioned"": ""ENSMUSG00000094910.2"", ""isoform_id"": """", ""protein_id"": ""ENSMUSP00000137376.2"", ""transcript_id"": ""ENSMUST00000178224.2""}]",2026_03,0.1.0
ENSMUSG00000028862,A0A0A0MQ82,10090,UniProtKB unreviewed (TrEMBL),,entry_level_cross_reference_isoform_unspecified,,,"[{""gene_id_versioned"": ""ENSMUSG00000028862.7"", ""isoform_id"": """", ""protein_id"": ""ENSMUSP00000030677.7"", ""transcript_id"": ""ENSMUST00000030677.7""}]",2026_03,0.1.0
ENSMUSG00000005413,P14901,10090,UniProtKB reviewed (Swiss-Prot),,entry_level_cross_reference_isoform_unspecified,,,"[{""gene_id_versioned"": ""ENSMUSG00000005413.9"", ""isoform_id"": """", ""protein_id"": ""ENSMUSP00000005548.7"", ""transcript_id"": ""ENSMUST00000005548.8""}]",2026_03,0.1.0
ENSMUSG00000029456,Q8K370,10090,UniProtKB reviewed (Swiss-Prot),,entry_level_cross_reference_isoform_unspecified,,,"[{""gene_id_versioned"": ""ENSMUSG00000029456.13"", ""isoform_id"": """", ""protein_id"": ""ENSMUSP00000031412.6"", ""transcript_id"": ""ENSMUST00000031412.12""}, {""gene_id_versioned"": ""ENSMUSG00000029456.13"", ""isoform_id"": """", ""protein_id"": ""ENSMUSP00000107400.2"", ""transcript_id"": ""ENSMUST00000111770.2""}]",2026_03,0.1.0
ENSMUSG00000037428,A0A087WQ93,10090,UniProtKB unreviewed (TrEMBL),,entry_level_cross_reference_isoform_unspecified,,FRAGMENT_SEQUENCE,"[{""gene_id_versioned"": ""ENSMUSG00000037428.15"", ""isoform_id"": """", ""protein_id"": ""ENSMUSP00000140093.2"", ""transcript_id"": ""ENSMUST00000187382.2""}]",2026_03,0.1.0
ENSMUSG00000037428,Q0VGU4,10090,UniProtKB reviewed (Swiss-Prot),,entry_level_cross_reference_isoform_unspecified,,,"[{""gene_id_versioned"": ""ENSMUSG00000037428.15"", ""isoform_id"": """", ""protein_id"": ""ENSMUSP00000048273.9"", ""transcript_id"": ""ENSMUST00000041543.9""}, {""gene_id_versioned"": ""ENSMUSG00000037428.15"", ""isoform_id"": """", ""protein_id"": ""ENSMUSP00000140735.2"", ""transcript_id"": ""ENSMUST00000186451.2""}, {""gene_id_versioned"": ""ENSMUSG00000037428.15"", ""isoform_id"": """", ""protein_id"": ""ENSMUSP00000140815.2"", ""transcript_id"": ""ENSMUST00000190827.7""}]",2026_03,0.1.0
ENSMUSG00000044881,Q8BT51,10090,UniProtKB reviewed (Swiss-Prot),,entry_level_cross_reference_isoform_unspecified,,,"[{""gene_id_versioned"": ""ENSMUSG00000044881.8"", ""isoform_id"": """", ""protein_id"": ""ENSMUSP00000053727.4"", ""transcript_id"": ""ENSMUST00000054310.4""}, {""gene_id_versioned"": ""ENSMUSG00000044881.8"", ""isoform_id"": """", ""protein_id"": ""ENSMUSP00000114098.2"", ""transcript_id"": ""ENSMUST00000120454.3""}]",2026_03,0.1.0
ENSMUSG00000030898,M0QWX1,10090,UniProtKB unreviewed (TrEMBL),,entry_level_cross_reference_isoform_unspecified,,,"[{""gene_id_versioned"": ""ENSMUSG00000030898.16"", ""isoform_id"": """", ""protein_id"": ""ENSMUSP00000138052.2"", ""transcript_id"": ""ENSMUST00000181339.8""}]",2026_03,0.1.0
ENSMUSG00000030898,P56481,10090,UniProtKB reviewed (Swiss-Prot),,entry_level_cross_reference_isoform_unspecified,,,"[{""gene_id_versioned"": ""ENSMUSG00000030898.16"", ""isoform_id"": """", ""protein_id"": ""ENSMUSP00000033189.4"", ""transcript_id"": ""ENSMUST00000033189.6""}]",2026_03,0.1.0
ENSMUSG00000069085,A2CI98,10090,UniProtKB reviewed (Swiss-Prot),,entry_level_cross_reference_isoform_unspecified,,,"[{""gene_id_versioned"": ""ENSMUSG00000069085.6"", ""isoform_id"": """", ""protein_id"": ""ENSMUSP00000087787.5"", ""transcript_id"": ""ENSMUST00000090313.5""}]",2026_03,0.1.0
ENSMUSG00000021668,A0A1Y7VIT5,10090,UniProtKB unreviewed (TrEMBL),,entry_level_cross_reference_isoform_unspecified,,,"[{""gene_id_versioned"": ""ENSMUSG00000021668.16"", ""isoform_id"": """", ""protein_id"": ""ENSMUSP00000152139.2"", ""transcript_id"": ""ENSMUST00000222075.2""}]",2026_03,0.1.0
ENSMUSG00000021668,A0A1Y7VIV8,10090,UniProtKB unreviewed (TrEMBL),,entry_level_cross_reference_isoform_unspecified,,,"[{""gene_id_versioned"": ""ENSMUSG00000021668.16"", ""isoform_id"": """", ""protein_id"": ""ENSMUSP00000152178.2"", ""transcript_id"": ""ENSMUST00000221645.2""}]",2026_03,0.1.0
ENSMUSG00000021668,A0A1Y7VJK7,10090,UniProtKB unreviewed (TrEMBL),,entry_level_cross_reference_isoform_unspecified,,,"[{""gene_id_versioned"": ""ENSMUSG00000021668.16"", ""isoform_id"": """", ""protein_id"": ""ENSMUSP00000152468.2"", ""transcript_id"": ""ENSMUST00000222143.2""}]",2026_03,0.1.0
ENSMUSG00000021668,A0A1Y7VJV3,10090,UniProtKB unreviewed (TrEMBL),,entry_level_cross_reference_isoform_unspecified,,FRAGMENT_SEQUENCE,"[{""gene_id_versioned"": ""ENSMUSG00000021668.16"", ""isoform_id"": """", ""protein_id"": ""ENSMUSP00000152658.2"", ""transcript_id"": ""ENSMUST00000223475.2""}]",2026_03,0.1.0
ENSMUSG00000021668,A0A1Y7VLH7,10090,UniProtKB unreviewed (TrEMBL),,entry_level_cross_reference_isoform_unspecified,,,"[{""gene_id_versioned"": ""ENSMUSG00000021668.16"", ""isoform_id"": """", ""protein_id"": ""ENSMUSP00000152192.2"", ""transcript_id"": ""ENSMUST00000222389.2""}]",2026_03,0.1.0
ENSMUSG00000021668,A0A1Y7VLR8,10090,UniProtKB unreviewed (TrEMBL),,entry_level_cross_reference_isoform_unspecified,,,"[{""gene_id_versioned"": ""ENSMUSG00000021668.16"", ""isoform_id"": """", ""protein_id"": ""ENSMUSP00000152322.2"", ""transcript_id"": ""ENSMUST00000220977.2""}]",2026_03,0.1.0
ENSMUSG00000021668,A0A1Y7VLU3,10090,UniProtKB unreviewed (TrEMBL),,entry_level_cross_reference_isoform_unspecified,,,"[{""gene_id_versioned"": ""ENSMUSG00000021668.16"", ""isoform_id"": """", ""protein_id"": ""ENSMUSP00000152647.2"", ""transcript_id"": ""ENSMUST00000221899.2""}]",2026_03,0.1.0
ENSMUSG00000021668,F7D0M1,10090,UniProtKB unreviewed (TrEMBL),,entry_level_cross_reference_isoform_unspecified,,,"[{""gene_id_versioned"": ""ENSMUSG00000021668.16"", ""isoform_id"": """", ""protein_id"": ""ENSMUSP00000088950.4"", ""transcript_id"": ""ENSMUST00000091387.4""}]",2026_03,0.1.0
ENSMUSG00000021668,Q9QUG2,10090,UniProtKB reviewed (Swiss-Prot),Q9QUG2-1,explicit_displayed_isoform_cross_reference,,,"[{""gene_id_versioned"": ""ENSMUSG00000021668.16"", ""isoform_id"": ""Q9QUG2-1"", ""protein_id"": ""ENSMUSP00000022172.5"", ""transcript_id"": ""ENSMUST00000022172.12""}]",2026_03,0.1.0
ENSMUSG00000036678,A0A2R8VHB1,10090,UniProtKB unreviewed (TrEMBL),,entry_level_cross_reference_isoform_unspecified,,FRAGMENT_SEQUENCE,"[{""gene_id_versioned"": ""ENSMUSG00000036678.9"", ""isoform_id"": """", ""protein_id"": ""ENSMUSP00000154915.2"", ""transcript_id"": ""ENSMUST00000228959.2""}]",2026_03,0.1.0
ENSMUSG00000036678,A0A2R8VHP6,10090,UniProtKB unreviewed (TrEMBL),,entry_level_cross_reference_isoform_unspecified,,FRAGMENT_SEQUENCE,"[{""gene_id_versioned"": ""ENSMUSG00000036678.9"", ""isoform_id"": """", ""protein_id"": ""ENSMUSP00000155299.2"", ""transcript_id"": ""ENSMUST00000229900.2""}]",2026_03,0.1.0
ENSMUSG00000036678,A0A2R8VHX3,10090,UniProtKB unreviewed (TrEMBL),,entry_level_cross_reference_isoform_unspecified,,FRAGMENT_SEQUENCE,"[{""gene_id_versioned"": ""ENSMUSG00000036678.9"", ""isoform_id"": """", ""protein_id"": ""ENSMUSP00000155527.2"", ""transcript_id"": ""ENSMUST00000230481.2""}]",2026_03,0.1.0
ENSMUSG00000036678,A0A2R8VI45,10090,UniProtKB unreviewed (TrEMBL),,entry_level_cross_reference_isoform_unspecified,,AMBIGUOUS_OR_INVALID_SEQUENCE,"[{""gene_id_versioned"": ""ENSMUSG00000036678.9"", ""isoform_id"": """", ""protein_id"": ""ENSMUSP00000155734.2"", ""transcript_id"": ""ENSMUST00000230239.2""}]",2026_03,0.1.0
ENSMUSG00000036678,A0A2R8VI59,10090,UniProtKB unreviewed (TrEMBL),,entry_level_cross_reference_isoform_unspecified,,AMBIGUOUS_OR_INVALID_SEQUENCE,"[{""gene_id_versioned"": ""ENSMUSG00000036678.9"", ""isoform_id"": """", ""protein_id"": ""ENSMUSP00000155778.2"", ""transcript_id"": ""ENSMUST00000230406.2""}]",2026_03,0.1.0
ENSMUSG00000036678,A0A2R8VI65,10090,UniProtKB unreviewed (TrEMBL),,entry_level_cross_reference_isoform_unspecified,,FRAGMENT_SEQUENCE,"[{""gene_id_versioned"": ""ENSMUSG00000036678.9"", ""isoform_id"": """", ""protein_id"": ""ENSMUSP00000155757.2"", ""transcript_id"": ""ENSMUST00000231061.2""}]",2026_03,0.1.0
ENSMUSG00000036678,P58742,10090,UniProtKB reviewed (Swiss-Prot),,entry_level_cross_reference_isoform_unspecified,,,"[{""gene_id_versioned"": ""ENSMUSG00000036678.9"", ""isoform_id"": """", ""protein_id"": ""ENSMUSP00000044604.8"", ""transcript_id"": ""ENSMUST00000041208.9""}]",2026_03,0.1.0
ENSMUSG00000031283,A0A140LIV5,10090,UniProtKB unreviewed (TrEMBL),,entry_level_cross_reference_isoform_unspecified,,FRAGMENT_SEQUENCE,"[{""gene_id_versioned"": ""ENSMUSG00000031283.18"", ""isoform_id"": """", ""protein_id"": ""ENSMUSP00000146974.2"", ""transcript_id"": ""ENSMUST00000207415.2""}]",2026_03,0.1.0
ENSMUSG00000031283,Q920C1,10090,UniProtKB reviewed (Swiss-Prot),Q920C1-1,explicit_displayed_isoform_cross_reference,,,"[{""gene_id_versioned"": ""ENSMUSG00000031283.18"", ""isoform_id"": ""Q920C1-1"", ""protein_id"": ""ENSMUSP00000056193.7"", ""transcript_id"": ""ENSMUST00000063029.13""}, {""gene_id_versioned"": ""ENSMUSG00000031283.18"", ""isoform_id"": ""Q920C1-2"", ""protein_id"": ""ENSMUSP00000074230.6"", ""transcript_id"": ""ENSMUST00000074660.12""}, {""gene_id_versioned"": ""ENSMUSG00000031283.18"", ""isoform_id"": ""Q920C1-1"", ""protein_id"": ""ENSMUSP00000108499.3"", ""transcript_id"": ""ENSMUST00000112878.9""}]",2026_03,0.1.0
ENSMUSG00000079845,A2BI40,10090,UniProtKB unreviewed (TrEMBL),,entry_level_cross_reference_isoform_unspecified,,,"[{""gene_id_versioned"": ""ENSMUSG00000079845.9"", ""isoform_id"": """", ""protein_id"": ""ENSMUSP00000077831.7"", ""transcript_id"": ""ENSMUST00000078775.13""}]",2026_03,0.1.0
ENSMUSG00000079845,A2BI41,10090,UniProtKB unreviewed (TrEMBL),,entry_level_cross_reference_isoform_unspecified,,FRAGMENT_SEQUENCE,"[{""gene_id_versioned"": ""ENSMUSG00000079845.9"", ""isoform_id"": """", ""protein_id"": ""ENSMUSP00000118018.2"", ""transcript_id"": ""ENSMUST00000139191.8""}]",2026_03,0.1.0
ENSMUSG00000079845,A2BI42,10090,UniProtKB unreviewed (TrEMBL),,entry_level_cross_reference_isoform_unspecified,,FRAGMENT_SEQUENCE,"[{""gene_id_versioned"": ""ENSMUSG00000079845.9"", ""isoform_id"": """", ""protein_id"": ""ENSMUSP00000110180.2"", ""transcript_id"": ""ENSMUST00000114534.2""}]",2026_03,0.1.0
ENSMUSG00000025784,F7CE23,10090,UniProtKB unreviewed (TrEMBL),,entry_level_cross_reference_isoform_unspecified,,,"[{""gene_id_versioned"": ""ENSMUSG00000025784.6"", ""isoform_id"": """", ""protein_id"": ""ENSMUSP00000026890.5"", ""transcript_id"": ""ENSMUST00000026890.6""}]",2026_03,0.1.0
ENSMUSG00000028809,A2A8V8,10090,UniProtKB unreviewed (TrEMBL),,entry_level_cross_reference_isoform_unspecified,,,"[{""gene_id_versioned"": ""ENSMUSG00000028809.17"", ""isoform_id"": """", ""protein_id"": ""ENSMUSP00000101487.2"", ""transcript_id"": ""ENSMUST00000105861.8""}]",2026_03,0.1.0
ENSMUSG00000028809,A2A8V9,10090,UniProtKB unreviewed (TrEMBL),,entry_level_cross_reference_isoform_unspecified,,,"[{""gene_id_versioned"": ""ENSMUSG00000028809.17"", ""isoform_id"": """", ""protein_id"": ""ENSMUSP00000081906.6"", ""transcript_id"": ""ENSMUST00000084846.12""}]",2026_03,0.1.0
ENSMUSG00000028809,A2A983,10090,UniProtKB unreviewed (TrEMBL),,entry_level_cross_reference_isoform_unspecified,,FRAGMENT_SEQUENCE,"[{""gene_id_versioned"": ""ENSMUSG00000028809.17"", ""isoform_id"": """", ""protein_id"": ""ENSMUSP00000122754.2"", ""transcript_id"": ""ENSMUST00000131373.8""}]",2026_03,0.1.0
ENSMUSG00000028809,E9PUK6,10090,UniProtKB unreviewed (TrEMBL),,entry_level_cross_reference_isoform_unspecified,,,"[{""gene_id_versioned"": ""ENSMUSG00000028809.17"", ""isoform_id"": """", ""protein_id"": ""ENSMUSP00000125003.2"", ""transcript_id"": ""ENSMUST00000136342.9""}]",2026_03,0.1.0
ENSMUSG00000028809,E9QKA4,10090,UniProtKB unreviewed (TrEMBL),,entry_level_cross_reference_isoform_unspecified,,,"[{""gene_id_versioned"": ""ENSMUSG00000028809.17"", ""isoform_id"": """", ""protein_id"": ""ENSMUSP00000030613.4"", ""transcript_id"": ""ENSMUST00000030613.11""}]",2026_03,0.1.0
ENSMUSG00000028809,F6T4M4,10090,UniProtKB unreviewed (TrEMBL),,entry_level_cross_reference_isoform_unspecified,,FRAGMENT_SEQUENCE,"[{""gene_id_versioned"": ""ENSMUSG00000028809.17"", ""isoform_id"": """", ""protein_id"": ""ENSMUSP00000124450.2"", ""transcript_id"": ""ENSMUST00000136409.2""}]",2026_03,0.1.0
ENSMUSG00000028809,F6UK16,10090,UniProtKB unreviewed (TrEMBL),,entry_level_cross_reference_isoform_unspecified,,AMBIGUOUS_OR_INVALID_SEQUENCE,"[{""gene_id_versioned"": ""ENSMUSG00000028809.17"", ""isoform_id"": """", ""protein_id"": ""ENSMUSP00000120952.2"", ""transcript_id"": ""ENSMUST00000140050.3""}]",2026_03,0.1.0
ENSMUSG00000028809,F7BWM1,10090,UniProtKB unreviewed (TrEMBL),,entry_level_cross_reference_isoform_unspecified,,AMBIGUOUS_OR_INVALID_SEQUENCE,"[{""gene_id_versioned"": ""ENSMUSG00000028809.17"", ""isoform_id"": """", ""protein_id"": ""ENSMUSP00000125477.2"", ""transcript_id"": ""ENSMUST00000131301.2""}]",2026_03,0.1.0
ENSMUSG00000038742,Q8R0Z6,10090,UniProtKB reviewed (Swiss-Prot),,entry_level_cross_reference_isoform_unspecified,,,"[{""gene_id_versioned"": ""ENSMUSG00000038742.8"", ""isoform_id"": """", ""protein_id"": ""ENSMUSP00000035784.7"", ""transcript_id"": ""ENSMUST00000043726.8""}]",2026_03,0.1.0
ENSMUSG00000042312,A0A0A0MQ90,10090,UniProtKB unreviewed (TrEMBL),,entry_level_cross_reference_isoform_unspecified,,,"[{""gene_id_versioned"": ""ENSMUSG00000042312"", ""isoform_id"": """", ""protein_id"": ""ENSMUSP00000047737"", ""transcript_id"": ""ENSMUST00000048138""}]",2026_03,0.1.0
ENSMUSG00000042312,A0ABA7IW41,10090,UniProtKB unreviewed (TrEMBL),,entry_level_cross_reference_isoform_unspecified,,,"[{""gene_id_versioned"": ""ENSMUSG00000042312.12"", ""isoform_id"": """", ""protein_id"": ""ENSMUSP00000160099.1"", ""transcript_id"": ""ENSMUST00000250016.1""}]",2026_03,0.1.0
ENSMUSG00000042312,P97352,10090,UniProtKB reviewed (Swiss-Prot),,entry_level_cross_reference_isoform_unspecified,,,"[{""gene_id_versioned"": ""ENSMUSG00000042312.12"", ""isoform_id"": """", ""protein_id"": ""ENSMUSP00000047737.9"", ""transcript_id"": ""ENSMUST00000048138.8""}, {""gene_id_versioned"": ""ENSMUSG00000042312.12"", ""isoform_id"": """", ""protein_id"": ""ENSMUSP00000160100.1"", ""transcript_id"": ""ENSMUST00000250017.1""}]",2026_03,0.1.0
ENSMUSG00000027947,A0A0G2JGF1,10090,UniProtKB unreviewed (TrEMBL),,entry_level_cross_reference_isoform_unspecified,,,"[{""gene_id_versioned"": ""ENSMUSG00000027947.12"", ""isoform_id"": """", ""protein_id"": ""ENSMUSP00000143541.2"", ""transcript_id"": ""ENSMUST00000197679.5""}]",2026_03,0.1.0
ENSMUSG00000027947,P22272,10090,UniProtKB reviewed (Swiss-Prot),,entry_level_cross_reference_isoform_unspecified,,,"[{""gene_id_versioned"": ""ENSMUSG00000027947.12"", ""isoform_id"": """", ""protein_id"": ""ENSMUSP00000029559.7"", ""transcript_id"": ""ENSMUST00000029559.7""}]",2026_03,0.1.0
ENSMUSG00000041939,A0A0G2JDI0,10090,UniProtKB unreviewed (TrEMBL),,entry_level_cross_reference_isoform_unspecified,,FRAGMENT_SEQUENCE,"[{""gene_id_versioned"": ""ENSMUSG00000041939.15"", ""isoform_id"": """", ""protein_id"": ""ENSMUSP00000142376.2"", ""transcript_id"": ""ENSMUST00000139420.3""}]",2026_03,0.1.0
ENSMUSG00000041939,A0A0G2JEG0,10090,UniProtKB unreviewed (TrEMBL),,entry_level_cross_reference_isoform_unspecified,,,"[{""gene_id_versioned"": ""ENSMUSG00000041939.15"", ""isoform_id"": """", ""protein_id"": ""ENSMUSP00000142758.2"", ""transcript_id"": ""ENSMUST00000137167.8""}]",2026_03,0.1.0
ENSMUSG00000041939,A0A0G2JFX8,10090,UniProtKB unreviewed (TrEMBL),,entry_level_cross_reference_isoform_unspecified,,,"[{""gene_id_versioned"": ""ENSMUSG00000041939.15"", ""isoform_id"": """", ""protein_id"": ""ENSMUSP00000143347.2"", ""transcript_id"": ""ENSMUST00000124260.8""}]",2026_03,0.1.0
ENSMUSG00000041939,D3YV77,10090,UniProtKB unreviewed (TrEMBL),,entry_level_cross_reference_isoform_unspecified,,FRAGMENT_SEQUENCE,"[{""gene_id_versioned"": ""ENSMUSG00000041939.15"", ""isoform_id"": """", ""protein_id"": ""ENSMUSP00000114611.2"", ""transcript_id"": ""ENSMUST00000125650.6""}]",2026_03,0.1.0
ENSMUSG00000041939,F6QCK0,10090,UniProtKB unreviewed (TrEMBL),,entry_level_cross_reference_isoform_unspecified,,,"[{""gene_id_versioned"": ""ENSMUSG00000041939.15"", ""isoform_id"": """", ""protein_id"": ""ENSMUSP00000107858.3"", ""transcript_id"": ""ENSMUST00000112239.9""}]",2026_03,0.1.0
ENSMUSG00000041939,Q9R008,10090,UniProtKB reviewed (Swiss-Prot),,entry_level_cross_reference_isoform_unspecified,,,"[{""gene_id_versioned"": ""ENSMUSG00000041939.15"", ""isoform_id"": """", ""protein_id"": ""ENSMUSP00000036971.9"", ""transcript_id"": ""ENSMUST00000043760.15""}]",2026_03,0.1.0
ENSMUSG00000058966,A0A0U1RP88,10090,UniProtKB unreviewed (TrEMBL),,entry_level_cross_reference_isoform_unspecified,,FRAGMENT_SEQUENCE,"[{""gene_id_versioned"": ""ENSMUSG00000058966.14"", ""isoform_id"": """", ""protein_id"": ""ENSMUSP00000145881.2"", ""transcript_id"": ""ENSMUST00000205722.2""}]",2026_03,0.1.0
ENSMUSG00000058966,Q7TNV1,10090,UniProtKB reviewed (Swiss-Prot),Q7TNV1-1,explicit_displayed_isoform_cross_reference,,,"[{""gene_id_versioned"": ""ENSMUSG00000058966.14"", ""isoform_id"": ""Q7TNV1-1"", ""protein_id"": ""ENSMUSP00000078392.6"", ""transcript_id"": ""ENSMUST00000079423.7""}, {""gene_id_versioned"": ""ENSMUSG00000058966.14"", ""isoform_id"": ""Q7TNV1-3"", ""protein_id"": ""ENSMUSP00000095640.5"", ""transcript_id"": ""ENSMUST00000098032.11""}, {""gene_id_versioned"": ""ENSMUSG00000058966.14"", ""isoform_id"": ""Q7TNV1-3"", ""protein_id"": ""ENSMUSP00000145837.2"", ""transcript_id"": ""ENSMUST00000205324.2""}, {""gene_id_versioned"": ""ENSMUSG00000058966.14"", ""isoform_id"": ""Q7TNV1-2"", ""protein_id"": ""ENSMUSP00000145721.2"", ""transcript_id"": ""ENSMUST00000207020.2""}]",2026_03,0.1.0
ENSMUSG00000054863,Q91WE9,10090,UniProtKB reviewed (Swiss-Prot),Q91WE9-1,explicit_displayed_isoform_cross_reference,,,"[{""gene_id_versioned"": ""ENSMUSG00000054863.10"", ""isoform_id"": ""Q91WE9-2"", ""protein_id"": ""ENSMUSP00000064808.7"", ""transcript_id"": ""ENSMUST00000068088.8""}, {""gene_id_versioned"": ""ENSMUSG00000054863.10"", ""isoform_id"": ""Q91WE9-1"", ""protein_id"": ""ENSMUSP00000155322.2"", ""transcript_id"": ""ENSMUST00000230414.2""}]",2026_03,0.1.0
ENSMUSG00000037601,P15532,10090,UniProtKB reviewed (Swiss-Prot),,entry_level_cross_reference_isoform_unspecified,,,"[{""gene_id_versioned"": ""ENSMUSG00000037601.12"", ""isoform_id"": """", ""protein_id"": ""ENSMUSP00000117022.2"", ""transcript_id"": ""ENSMUST00000135884.8""}]",2026_03,0.1.0
ENSMUSG00000037601,Q5NC79,10090,UniProtKB unreviewed (TrEMBL),,entry_level_cross_reference_isoform_unspecified,,,"[{""gene_id_versioned"": ""ENSMUSG00000037601.12"", ""isoform_id"": """", ""protein_id"": ""ENSMUSP00000103475.3"", ""transcript_id"": ""ENSMUST00000107844.3""}]",2026_03,0.1.0
ENSMUSG00000037601,Q5NC80,10090,UniProtKB unreviewed (TrEMBL),,entry_level_cross_reference_isoform_unspecified,,FRAGMENT_SEQUENCE,"[{""gene_id_versioned"": ""ENSMUSG00000037601.12"", ""isoform_id"": """", ""protein_id"": ""ENSMUSP00000021220.4"", ""transcript_id"": ""ENSMUST00000021220.10""}]",2026_03,0.1.0
ENSMUSG00000073802,P55271,10090,UniProtKB reviewed (Swiss-Prot),,entry_level_cross_reference_isoform_unspecified,,,"[{""gene_id_versioned"": ""ENSMUSG00000073802.6"", ""isoform_id"": """", ""protein_id"": ""ENSMUSP00000095595.5"", ""transcript_id"": ""ENSMUST00000097981.6""}]",2026_03,0.1.0
ENSMUSG00000022112,H3BJQ8,10090,UniProtKB unreviewed (TrEMBL),,entry_level_cross_reference_isoform_unspecified,,,"[{""gene_id_versioned"": ""ENSMUSG00000022112.15"", ""isoform_id"": """", ""protein_id"": ""ENSMUSP00000135085.2"", ""transcript_id"": ""ENSMUST00000176912.8""}]",2026_03,0.1.0
ENSMUSG00000022112,H3BLN8,10090,UniProtKB unreviewed (TrEMBL),,entry_level_cross_reference_isoform_unspecified,,,"[{""gene_id_versioned"": ""ENSMUSG00000022112.15"", ""isoform_id"": """", ""protein_id"": ""ENSMUSP00000135857.2"", ""transcript_id"": ""ENSMUST00000175665.8""}]",2026_03,0.1.0
ENSMUSG00000022112,Q8CAL5,10090,UniProtKB reviewed (Swiss-Prot),,entry_level_cross_reference_isoform_unspecified,,,"[{""gene_id_versioned"": ""ENSMUSG00000022112.15"", ""isoform_id"": """", ""protein_id"": ""ENSMUSP00000022707.7"", ""transcript_id"": ""ENSMUST00000022707.7""}]",2026_03,0.1.0
ENSMUSG00000036863,A0A0G2JEY9,10090,UniProtKB unreviewed (TrEMBL),,entry_level_cross_reference_isoform_unspecified,,,"[{""gene_id_versioned"": ""ENSMUSG00000036863.13"", ""isoform_id"": """", ""protein_id"": ""ENSMUSP00000142954.2"", ""transcript_id"": ""ENSMUST00000200546.2""}]",2026_03,0.1.0
ENSMUSG00000036863,A0A1D5RLX6,10090,UniProtKB unreviewed (TrEMBL),,entry_level_cross_reference_isoform_unspecified,,,"[{""gene_id_versioned"": ""ENSMUSG00000036863.13"", ""isoform_id"": """", ""protein_id"": ""ENSMUSP00000148542.2"", ""transcript_id"": ""ENSMUST00000212479.2""}]",2026_03,0.1.0
ENSMUSG00000036863,E9PUP1,10090,UniProtKB unreviewed (TrEMBL),,entry_level_cross_reference_isoform_unspecified,,,"[{""gene_id_versioned"": ""ENSMUSG00000036863.13"", ""isoform_id"": """", ""protein_id"": ""ENSMUSP00000041897.7"", ""transcript_id"": ""ENSMUST00000039517.11""}]",2026_03,0.1.0
ENSMUSG00000051495,E9Q1P8,10090,UniProtKB reviewed (Swiss-Prot),,entry_level_cross_reference_isoform_unspecified,,,"[{""gene_id_versioned"": ""ENSMUSG00000051495.9"", ""isoform_id"": """", ""protein_id"": ""ENSMUSP00000062753.7"", ""transcript_id"": ""ENSMUST00000054960.9""}]",2026_03,0.1.0
ENSMUSG00000020395,Q03526,10090,UniProtKB reviewed (Swiss-Prot),,entry_level_cross_reference_isoform_unspecified,,,"[{""gene_id_versioned"": ""ENSMUSG00000020395.14"", ""isoform_id"": """", ""protein_id"": ""ENSMUSP00000104860.3"", ""transcript_id"": ""ENSMUST00000109237.9""}]",2026_03,0.1.0
ENSMUSG00000020395,Q5STT7,10090,UniProtKB unreviewed (TrEMBL),,entry_level_cross_reference_isoform_unspecified,,,"[{""gene_id_versioned"": ""ENSMUSG00000020395.14"", ""isoform_id"": """", ""protein_id"": ""ENSMUSP00000098864.4"", ""transcript_id"": ""ENSMUST00000101306.4""}]",2026_03,0.1.0
ENSMUSG00000020395,Q5STT8,10090,UniProtKB unreviewed (TrEMBL),,entry_level_cross_reference_isoform_unspecified,,,"[{""gene_id_versioned"": ""ENSMUSG00000020395.14"", ""isoform_id"": """", ""protein_id"": ""ENSMUSP00000020664.7"", ""transcript_id"": ""ENSMUST00000020664.13""}]",2026_03,0.1.0
ENSMUSG00000024427,Q9WTP2,10090,UniProtKB reviewed (Swiss-Prot),,entry_level_cross_reference_isoform_unspecified,,,"[{""gene_id_versioned"": ""ENSMUSG00000024427.8"", ""isoform_id"": """", ""protein_id"": ""ENSMUSP00000025295.7"", ""transcript_id"": ""ENSMUST00000025295.8""}]",2026_03,0.1.0
ENSMUSG00000030994,A0A571BF30,10090,UniProtKB unreviewed (TrEMBL),,entry_level_cross_reference_isoform_unspecified,,FRAGMENT_SEQUENCE,"[{""gene_id_versioned"": ""ENSMUSG00000030994.17"", ""isoform_id"": """", ""protein_id"": ""ENSMUSP00000158736.2"", ""transcript_id"": ""ENSMUST00000238294.2""}]",2026_03,0.1.0
ENSMUSG00000030994,A0ACM8Q217,10090,UniProtKB unreviewed (TrEMBL),,entry_level_cross_reference_isoform_unspecified,,,"[{""gene_id_versioned"": ""ENSMUSG00000030994.17"", ""isoform_id"": """", ""protein_id"": ""ENSMUSP00000101735.3"", ""transcript_id"": ""ENSMUST00000106129.9""}]",2026_03,0.1.0
ENSMUSG00000030994,D2J0Y4,10090,UniProtKB reviewed (Swiss-Prot),,entry_level_cross_reference_isoform_unspecified,,,"[{""gene_id_versioned"": ""ENSMUSG00000030994.17"", ""isoform_id"": """", ""protein_id"": ""ENSMUSP00000091539.4"", ""transcript_id"": ""ENSMUST00000094002.10""}]",2026_03,0.1.0
ENSMUSG00000030994,G3UY66,10090,UniProtKB unreviewed (TrEMBL),,entry_level_cross_reference_isoform_unspecified,,FRAGMENT_SEQUENCE,"[{""gene_id_versioned"": ""ENSMUSG00000030994.17"", ""isoform_id"": """", ""protein_id"": ""ENSMUSP00000133963.2"", ""transcript_id"": ""ENSMUST00000173754.8""}]",2026_03,0.1.0
ENSMUSG00000030994,G3UZA2,10090,UniProtKB unreviewed (TrEMBL),,entry_level_cross_reference_isoform_unspecified,,FRAGMENT_SEQUENCE,"[{""gene_id_versioned"": ""ENSMUSG00000030994.17"", ""isoform_id"": """", ""protein_id"": ""ENSMUSP00000134411.2"", ""transcript_id"": ""ENSMUST00000174700.2""}]",2026_03,0.1.0
ENSMUSG00000030994,G3UZF7,10090,UniProtKB unreviewed (TrEMBL),,entry_level_cross_reference_isoform_unspecified,,,"[{""gene_id_versioned"": ""ENSMUSG00000030994.17"", ""isoform_id"": """", ""protein_id"": ""ENSMUSP00000134479.2"", ""transcript_id"": ""ENSMUST00000172947.8""}]",2026_03,0.1.0
ENSMUSG00000030994,G3UZQ0,10090,UniProtKB unreviewed (TrEMBL),,entry_level_cross_reference_isoform_unspecified,,FRAGMENT_SEQUENCE,"[{""gene_id_versioned"": ""ENSMUSG00000030994.17"", ""isoform_id"": """", ""protein_id"": ""ENSMUSP00000134585.2"", ""transcript_id"": ""ENSMUST00000173195.8""}]",2026_03,0.1.0
ENSMUSG00000001741,D3Z3C7,10090,UniProtKB unreviewed (TrEMBL),,entry_level_cross_reference_isoform_unspecified,,FRAGMENT_SEQUENCE,"[{""gene_id_versioned"": ""ENSMUSG00000001741.13"", ""isoform_id"": """", ""protein_id"": ""ENSMUSP00000122022.2"", ""transcript_id"": ""ENSMUST00000131916.2""}, {""gene_id_versioned"": ""ENSMUSG00000001741.13"", ""isoform_id"": """", ""protein_id"": ""ENSMUSP00000122813.2"", ""transcript_id"": ""ENSMUST00000156553.8""}]",2026_03,0.1.0
ENSMUSG00000001741,D6RI15,10090,UniProtKB unreviewed (TrEMBL),,entry_level_cross_reference_isoform_unspecified,,,"[{""gene_id_versioned"": ""ENSMUSG00000001741.13"", ""isoform_id"": """", ""protein_id"": ""ENSMUSP00000118516.2"", ""transcript_id"": ""ENSMUST00000153560.2""}]",2026_03,0.1.0
ENSMUSG00000001741,O54824,10090,UniProtKB reviewed (Swiss-Prot),O54824-1,explicit_displayed_isoform_cross_reference,,,"[{""gene_id_versioned"": ""ENSMUSG00000001741.13"", ""isoform_id"": ""O54824-1"", ""protein_id"": ""ENSMUSP00000001792.5"", ""transcript_id"": ""ENSMUST00000001792.12""}, {""gene_id_versioned"": ""ENSMUSG00000001741.13"", ""isoform_id"": ""O54824-2"", ""protein_id"": ""ENSMUSP00000146496.2"", ""transcript_id"": ""ENSMUST00000145610.8""}]",2026_03,0.1.0
ENSMUSG00000024066,A0A3B2W454,10090,UniProtKB unreviewed (TrEMBL),,entry_level_cross_reference_isoform_unspecified,,AMBIGUOUS_OR_INVALID_SEQUENCE,"[{""gene_id_versioned"": ""ENSMUSG00000024066.10"", ""isoform_id"": """", ""protein_id"": ""ENSMUSP00000156753.2"", ""transcript_id"": ""ENSMUST00000232783.2""}]",2026_03,0.1.0
ENSMUSG00000024066,A0A3B2WBF8,10090,UniProtKB unreviewed (TrEMBL),,entry_level_cross_reference_isoform_unspecified,,FRAGMENT_SEQUENCE,"[{""gene_id_versioned"": ""ENSMUSG00000024066.10"", ""isoform_id"": """", ""protein_id"": ""ENSMUSP00000156860.2"", ""transcript_id"": ""ENSMUST00000233392.2""}]",2026_03,0.1.0
ENSMUSG00000024066,A0A3B2WDA8,10090,UniProtKB unreviewed (TrEMBL),,entry_level_cross_reference_isoform_unspecified,,,"[{""gene_id_versioned"": ""ENSMUSG00000024066.10"", ""isoform_id"": """", ""protein_id"": ""ENSMUSP00000156944.2"", ""transcript_id"": ""ENSMUST00000233621.2""}]",2026_03,0.1.0
ENSMUSG00000024066,Q00519,10090,UniProtKB reviewed (Swiss-Prot),,entry_level_cross_reference_isoform_unspecified,,,"[{""gene_id_versioned"": ""ENSMUSG00000024066.10"", ""isoform_id"": """", ""protein_id"": ""ENSMUSP00000024866.5"", ""transcript_id"": ""ENSMUST00000024866.6""}]",2026_03,0.1.0
ENSMUSG00000036972,G3UXS7,10090,UniProtKB unreviewed (TrEMBL),,entry_level_cross_reference_isoform_unspecified,,FRAGMENT_SEQUENCE,"[{""gene_id_versioned"": ""ENSMUSG00000036972.15"", ""isoform_id"": """", ""protein_id"": ""ENSMUSP00000133808.2"", ""transcript_id"": ""ENSMUST00000174212.8""}]",2026_03,0.1.0
ENSMUSG00000036972,G3UY76,10090,UniProtKB unreviewed (TrEMBL),,entry_level_cross_reference_isoform_unspecified,,FRAGMENT_SEQUENCE,"[{""gene_id_versioned"": ""ENSMUSG00000036972.15"", ""isoform_id"": """", ""protein_id"": ""ENSMUSP00000133974.2"", ""transcript_id"": ""ENSMUST00000173342.8""}]",2026_03,0.1.0
ENSMUSG00000036972,G3UYE7,10090,UniProtKB unreviewed (TrEMBL),,entry_level_cross_reference_isoform_unspecified,,,"[{""gene_id_versioned"": ""ENSMUSG00000036972.15"", ""isoform_id"": """", ""protein_id"": ""ENSMUSP00000134053.2"", ""transcript_id"": ""ENSMUST00000172646.8""}, {""gene_id_versioned"": ""ENSMUSG00000036972.15"", ""isoform_id"": """", ""protein_id"": ""ENSMUSP00000133958.2"", ""transcript_id"": ""ENSMUST00000173933.8""}]",2026_03,0.1.0
ENSMUSG00000036972,G3UZ66,10090,UniProtKB unreviewed (TrEMBL),,entry_level_cross_reference_isoform_unspecified,,FRAGMENT_SEQUENCE,"[{""gene_id_versioned"": ""ENSMUSG00000036972.15"", ""isoform_id"": """", ""protein_id"": ""ENSMUSP00000134364.2"", ""transcript_id"": ""ENSMUST00000173054.8""}]",2026_03,0.1.0
ENSMUSG00000036972,Q61467,10090,UniProtKB reviewed (Swiss-Prot),,entry_level_cross_reference_isoform_unspecified,,,"[{""gene_id_versioned"": ""ENSMUSG00000036972.15"", ""isoform_id"": """", ""protein_id"": ""ENSMUSP00000069568.6"", ""transcript_id"": ""ENSMUST00000066384.7""}]",2026_03,0.1.0
ENSMUSG00000022013,A0A2K6EDK0,10090,UniProtKB unreviewed (TrEMBL),,entry_level_cross_reference_isoform_unspecified,,,"[{""gene_id_versioned"": ""ENSMUSG00000022013.5"", ""isoform_id"": """", ""protein_id"": ""ENSMUSP00000022590.5"", ""transcript_id"": ""ENSMUST00000022590.5""}]",2026_03,0.1.0
ENSMUSG00000022013,Q78YY6,10090,UniProtKB reviewed (Swiss-Prot),,entry_level_cross_reference_isoform_unspecified,,,"[{""gene_id_versioned"": ""ENSMUSG00000022013.5"", ""isoform_id"": """", ""protein_id"": ""ENSMUSP00000154390.2"", ""transcript_id"": ""ENSMUST00000226459.2""}]",2026_03,0.1.0
ENSMUSG00000030147,F6XT39,10090,UniProtKB unreviewed (TrEMBL),,entry_level_cross_reference_isoform_unspecified,,,"[{""gene_id_versioned"": ""ENSMUSG00000030147.13"", ""isoform_id"": """", ""protein_id"": ""ENSMUSP00000077636.5"", ""transcript_id"": ""ENSMUST00000078559.5""}]",2026_03,0.1.0
ENSMUSG00000030147,F7CSR5,10090,UniProtKB unreviewed (TrEMBL),,entry_level_cross_reference_isoform_unspecified,,,"[{""gene_id_versioned"": ""ENSMUSG00000030147.13"", ""isoform_id"": """", ""protein_id"": ""ENSMUSP00000076466.5"", ""transcript_id"": ""ENSMUST00000077228.11""}]",2026_03,0.1.0
ENSMUSG00000041889,Q8CA71,10090,UniProtKB reviewed (Swiss-Prot),,entry_level_cross_reference_isoform_unspecified,,,"[{""gene_id_versioned"": ""ENSMUSG00000041889.8"", ""isoform_id"": """", ""protein_id"": ""ENSMUSP00000046033.4"", ""transcript_id"": ""ENSMUST00000041240.4""}]",2026_03,0.1.0
ENSMUSG00000030562,D3Z2E1,10090,UniProtKB unreviewed (TrEMBL),,entry_level_cross_reference_isoform_unspecified,,FRAGMENT_SEQUENCE,"[{""gene_id_versioned"": ""ENSMUSG00000030562.18"", ""isoform_id"": """", ""protein_id"": ""ENSMUSP00000119365.2"", ""transcript_id"": ""ENSMUST00000124057.8""}]",2026_03,0.1.0
ENSMUSG00000030562,Q9JHI8,10090,UniProtKB reviewed (Swiss-Prot),Q9JHI8-1,explicit_displayed_isoform_cross_reference,,,"[{""gene_id_versioned"": ""ENSMUSG00000030562.18"", ""isoform_id"": ""Q9JHI8-1"", ""protein_id"": ""ENSMUSP00000032781.8"", ""transcript_id"": ""ENSMUST00000032781.14""}, {""gene_id_versioned"": ""ENSMUSG00000030562.18"", ""isoform_id"": ""Q9JHI8-3"", ""protein_id"": ""ENSMUSP00000070039.6"", ""transcript_id"": ""ENSMUST00000068829.13""}]",2026_03,0.1.0
ENSMUSG00000030562,S4R1R3,10090,UniProtKB unreviewed (TrEMBL),,entry_level_cross_reference_isoform_unspecified,,,"[{""gene_id_versioned"": ""ENSMUSG00000030562.18"", ""isoform_id"": """", ""protein_id"": ""ENSMUSP00000138336.2"", ""transcript_id"": ""ENSMUST00000126887.8""}, {""gene_id_versioned"": ""ENSMUSG00000030562.18"", ""isoform_id"": """", ""protein_id"": ""ENSMUSP00000138274.2"", ""transcript_id"": ""ENSMUST00000136577.9""}, {""gene_id_versioned"": ""ENSMUSG00000030562.18"", ""isoform_id"": """", ""protein_id"": ""ENSMUSP00000138143.2"", ""transcript_id"": ""ENSMUST00000144267.2""}]",2026_03,0.1.0
ENSMUSG00000026977,F7B2M7,10090,UniProtKB unreviewed (TrEMBL),,entry_level_cross_reference_isoform_unspecified,,AMBIGUOUS_OR_INVALID_SEQUENCE,"[{""gene_id_versioned"": ""ENSMUSG00000026977.18"", ""isoform_id"": """", ""protein_id"": ""ENSMUSP00000116925.2"", ""transcript_id"": ""ENSMUST00000142485.2""}]",2026_03,0.1.0
ENSMUSG00000026977,Q9WV66,10090,UniProtKB reviewed (Swiss-Prot),,entry_level_cross_reference_isoform_unspecified,,,"[{""gene_id_versioned"": ""ENSMUSG00000026977.18"", ""isoform_id"": """", ""protein_id"": ""ENSMUSP00000068961.9"", ""transcript_id"": ""ENSMUST00000067542.15""}, {""gene_id_versioned"": ""ENSMUSG00000026977.18"", ""isoform_id"": """", ""protein_id"": ""ENSMUSP00000099808.2"", ""transcript_id"": ""ENSMUST00000102747.8""}, {""gene_id_versioned"": ""ENSMUSG00000026977.18"", ""isoform_id"": """", ""protein_id"": ""ENSMUSP00000099809.5"", ""transcript_id"": ""ENSMUST00000102748.11""}]",2026_03,0.1.0
ENSMUSG00000020547,A0A1Y7VIU9,10090,UniProtKB unreviewed (TrEMBL),,entry_level_cross_reference_isoform_unspecified,,FRAGMENT_SEQUENCE,"[{""gene_id_versioned"": ""ENSMUSG00000020547.6"", ""isoform_id"": """", ""protein_id"": ""ENSMUSP00000152148.2"", ""transcript_id"": ""ENSMUST00000220828.2""}]",2026_03,0.1.0
ENSMUSG00000020547,A0A1Y7VJ43,10090,UniProtKB unreviewed (TrEMBL),,entry_level_cross_reference_isoform_unspecified,,FRAGMENT_SEQUENCE,"[{""gene_id_versioned"": ""ENSMUSG00000020547.6"", ""isoform_id"": """", ""protein_id"": ""ENSMUSP00000152263.2"", ""transcript_id"": ""ENSMUST00000223474.2""}]",2026_03,0.1.0
ENSMUSG00000020547,A0A1Y7VKZ4,10090,UniProtKB unreviewed (TrEMBL),,entry_level_cross_reference_isoform_unspecified,,FRAGMENT_SEQUENCE,"[{""gene_id_versioned"": ""ENSMUSG00000020547.6"", ""isoform_id"": """", ""protein_id"": ""ENSMUSP00000152232.2"", ""transcript_id"": ""ENSMUST00000221388.2""}]",2026_03,0.1.0
ENSMUSG00000020547,A0A1Y7VM24,10090,UniProtKB unreviewed (TrEMBL),,entry_level_cross_reference_isoform_unspecified,,FRAGMENT_SEQUENCE,"[{""gene_id_versioned"": ""ENSMUSG00000020547.6"", ""isoform_id"": """", ""protein_id"": ""ENSMUSP00000152765.2"", ""transcript_id"": ""ENSMUST00000220763.2""}]",2026_03,0.1.0
ENSMUSG00000020547,A0A1Y7VM47,10090,UniProtKB unreviewed (TrEMBL),,entry_level_cross_reference_isoform_unspecified,,FRAGMENT_SEQUENCE,"[{""gene_id_versioned"": ""ENSMUSG00000020547.6"", ""isoform_id"": """", ""protein_id"": ""ENSMUSP00000152800.2"", ""transcript_id"": ""ENSMUST00000223382.2""}]",2026_03,0.1.0
ENSMUSG00000020547,Q91VK1,10090,UniProtKB reviewed (Swiss-Prot),,entry_level_cross_reference_isoform_unspecified,,,"[{""gene_id_versioned"": ""ENSMUSG00000020547.6"", ""isoform_id"": """", ""protein_id"": ""ENSMUSP00000020856.5"", ""transcript_id"": ""ENSMUST00000020856.6""}]",2026_03,0.1.0
ENSMUSG00000032218,P30276,10090,UniProtKB reviewed (Swiss-Prot),,entry_level_cross_reference_isoform_unspecified,,,"[{""gene_id_versioned"": ""ENSMUSG00000032218.8"", ""isoform_id"": """", ""protein_id"": ""ENSMUSP00000034742.7"", ""transcript_id"": ""ENSMUST00000034742.8""}]",2026_03,0.1.0
ENSMUSG00000038496,Q99PL8,10090,UniProtKB reviewed (Swiss-Prot),,entry_level_cross_reference_isoform_unspecified,,,"[{""gene_id_versioned"": ""ENSMUSG00000038496.17"", ""isoform_id"": """", ""protein_id"": ""ENSMUSP00000041683.9"", ""transcript_id"": ""ENSMUST00000045560.15""}, {""gene_id_versioned"": ""ENSMUSG00000038496.17"", ""isoform_id"": """", ""protein_id"": ""ENSMUSP00000126646.2"", ""transcript_id"": ""ENSMUST00000164473.2""}]",2026_03,0.1.0
ENSMUSG00000078578,A0A0G2JE32,10090,UniProtKB unreviewed (TrEMBL),,entry_level_cross_reference_isoform_unspecified,,FRAGMENT_SEQUENCE,"[{""gene_id_versioned"": ""ENSMUSG00000078578.10"", ""isoform_id"": """", ""protein_id"": ""ENSMUSP00000142612.2"", ""transcript_id"": ""ENSMUST00000198685.5""}]",2026_03,0.1.0
ENSMUSG00000078578,A0A0G2JEG5,10090,UniProtKB unreviewed (TrEMBL),,entry_level_cross_reference_isoform_unspecified,,,"[{""gene_id_versioned"": ""ENSMUSG00000078578.10"", ""isoform_id"": """", ""protein_id"": ""ENSMUSP00000142763.2"", ""transcript_id"": ""ENSMUST00000198748.5""}]",2026_03,0.1.0
ENSMUSG00000078578,A0A0G2JF40,10090,UniProtKB unreviewed (TrEMBL),,entry_level_cross_reference_isoform_unspecified,,FRAGMENT_SEQUENCE,"[{""gene_id_versioned"": ""ENSMUSG00000078578.10"", ""isoform_id"": """", ""protein_id"": ""ENSMUSP00000143013.2"", ""transcript_id"": ""ENSMUST00000199582.5""}]",2026_03,0.1.0
ENSMUSG00000078578,A0A0G2JGL0,10090,UniProtKB unreviewed (TrEMBL),,entry_level_cross_reference_isoform_unspecified,,,"[{""gene_id_versioned"": ""ENSMUSG00000078578.10"", ""isoform_id"": """", ""protein_id"": ""ENSMUSP00000143606.2"", ""transcript_id"": ""ENSMUST00000197134.3""}]",2026_03,0.1.0
ENSMUSG00000078578,A0A0G2JGZ3,10090,UniProtKB unreviewed (TrEMBL),,entry_level_cross_reference_isoform_unspecified,,FRAGMENT_SEQUENCE,"[{""gene_id_versioned"": ""ENSMUSG00000078578.10"", ""isoform_id"": """", ""protein_id"": ""ENSMUSP00000143758.2"", ""transcript_id"": ""ENSMUST00000196591.5""}]",2026_03,0.1.0
ENSMUSG00000078578,P61079,10090,UniProtKB reviewed (Swiss-Prot),,entry_level_cross_reference_isoform_unspecified,,,"[{""gene_id_versioned"": ""ENSMUSG00000078578.10"", ""isoform_id"": """", ""protein_id"": ""ENSMUSP00000101898.4"", ""transcript_id"": ""ENSMUST00000106291.10""}, {""gene_id_versioned"": ""ENSMUSG00000078578.10"", ""isoform_id"": """", ""protein_id"": ""ENSMUSP00000130096.2"", ""transcript_id"": ""ENSMUST00000166033.6""}, {""gene_id_versioned"": ""ENSMUSG00000078578.10"", ""isoform_id"": """", ""protein_id"": ""ENSMUSP00000142974.2"", ""transcript_id"": ""ENSMUST00000196446.5""}, {""gene_id_versioned"": ""ENSMUSG00000078578.10"", ""isoform_id"": """", ""protein_id"": ""ENSMUSP00000143065.2"", ""transcript_id"": ""ENSMUST00000197539.5""}, {""gene_id_versioned"": ""ENSMUSG00000078578.10"", ""isoform_id"": """", ""protein_id"": ""ENSMUSP00000143608.2"", ""transcript_id"": ""ENSMUST00000197859.5""}, {""gene_id_versioned"": ""ENSMUSG00000078578.10"", ""isoform_id"": """", ""protein_id"": ""ENSMUSP00000143301.2"", ""transcript_id"": ""ENSMUST00000199613.5""}]",2026_03,0.1.0
ENSMUSG00000004455,A0A0G2JE42,10090,UniProtKB unreviewed (TrEMBL),,entry_level_cross_reference_isoform_unspecified,,AMBIGUOUS_OR_INVALID_SEQUENCE,"[{""gene_id_versioned"": ""ENSMUSG00000004455.17"", ""isoform_id"": """", ""protein_id"": ""ENSMUSP00000142623.2"", ""transcript_id"": ""ENSMUST00000151184.8""}]",2026_03,0.1.0
ENSMUSG00000004455,A0A0G2JEB0,10090,UniProtKB unreviewed (TrEMBL),,entry_level_cross_reference_isoform_unspecified,,AMBIGUOUS_OR_INVALID_SEQUENCE,"[{""gene_id_versioned"": ""ENSMUSG00000004455.17"", ""isoform_id"": """", ""protein_id"": ""ENSMUSP00000142700.2"", ""transcript_id"": ""ENSMUST00000134719.3""}]",2026_03,0.1.0
ENSMUSG00000004455,A0A0G2JF34,10090,UniProtKB unreviewed (TrEMBL),,entry_level_cross_reference_isoform_unspecified,,AMBIGUOUS_OR_INVALID_SEQUENCE,"[{""gene_id_versioned"": ""ENSMUSG00000004455.17"", ""isoform_id"": """", ""protein_id"": ""ENSMUSP00000143006.2"", ""transcript_id"": ""ENSMUST00000133568.6""}]",2026_03,0.1.0
ENSMUSG00000004455,A0A0G2JFF1,10090,UniProtKB unreviewed (TrEMBL),,entry_level_cross_reference_isoform_unspecified,,AMBIGUOUS_OR_INVALID_SEQUENCE,"[{""gene_id_versioned"": ""ENSMUSG00000004455.17"", ""isoform_id"": """", ""protein_id"": ""ENSMUSP00000143146.2"", ""transcript_id"": ""ENSMUST00000197730.2""}]",2026_03,0.1.0
ENSMUSG00000004455,A0A0G2JGC1,10090,UniProtKB unreviewed (TrEMBL),,entry_level_cross_reference_isoform_unspecified,,,"[{""gene_id_versioned"": ""ENSMUSG00000004455.17"", ""isoform_id"": """", ""protein_id"": ""ENSMUSP00000142415.2"", ""transcript_id"": ""ENSMUST00000128309.8""}, {""gene_id_versioned"": ""ENSMUSG00000004455.17"", ""isoform_id"": """", ""protein_id"": ""ENSMUSP00000143509.2"", ""transcript_id"": ""ENSMUST00000132555.8""}]",2026_03,0.1.0
ENSMUSG00000004455,P63087,10090,UniProtKB reviewed (Swiss-Prot),P63087-1,explicit_displayed_isoform_cross_reference,,,"[{""gene_id_versioned"": ""ENSMUSG00000004455.17"", ""isoform_id"": ""P63087-2"", ""protein_id"": ""ENSMUSP00000083474.7"", ""transcript_id"": ""ENSMUST00000086294.11""}, {""gene_id_versioned"": ""ENSMUSG00000004455.17"", ""isoform_id"": ""P63087-1"", ""protein_id"": ""ENSMUSP00000099587.5"", ""transcript_id"": ""ENSMUST00000102528.11""}]",2026_03,0.1.0
ENSMUSG00000021236,F8WGZ2,10090,UniProtKB unreviewed (TrEMBL),,entry_level_cross_reference_isoform_unspecified,,,"[{""gene_id_versioned"": ""ENSMUSG00000021236.17"", ""isoform_id"": """", ""protein_id"": ""ENSMUSP00000071939.6"", ""transcript_id"": ""ENSMUST00000072061.12""}]",2026_03,0.1.0
ENSMUSG00000021236,Q9WUZ9,10090,UniProtKB reviewed (Swiss-Prot),,entry_level_cross_reference_isoform_unspecified,,,"[{""gene_id_versioned"": ""ENSMUSG00000021236.17"", ""isoform_id"": """", ""protein_id"": ""ENSMUSP00000021662.6"", ""transcript_id"": ""ENSMUST00000021662.12""}, {""gene_id_versioned"": ""ENSMUSG00000021236.17"", ""isoform_id"": """", ""protein_id"": ""ENSMUSP00000105901.3"", ""transcript_id"": ""ENSMUST00000110272.9""}, {""gene_id_versioned"": ""ENSMUSG00000021236.17"", ""isoform_id"": """", ""protein_id"": ""ENSMUSP00000114011.2"", ""transcript_id"": ""ENSMUST00000117286.2""}, {""gene_id_versioned"": ""ENSMUSG00000021236.17"", ""isoform_id"": """", ""protein_id"": ""ENSMUSP00000112516.2"", ""transcript_id"": ""ENSMUST00000120942.8""}, {""gene_id_versioned"": ""ENSMUSG00000021236.17"", ""isoform_id"": """", ""protein_id"": ""ENSMUSP00000113106.2"", ""transcript_id"": ""ENSMUST00000122194.8""}]",2026_03,0.1.0
ENSMUSG00000070934,Q80X95,10090,UniProtKB reviewed (Swiss-Prot),,entry_level_cross_reference_isoform_unspecified,,,"[{""gene_id_versioned"": ""ENSMUSG00000070934.7"", ""isoform_id"": """", ""protein_id"": ""ENSMUSP00000088591.7"", ""transcript_id"": ""ENSMUST00000091064.8""}]",2026_03,0.1.0
ENSMUSG00000074259,D3YVC0,10090,UniProtKB unreviewed (TrEMBL),,entry_level_cross_reference_isoform_unspecified,,FRAGMENT_SEQUENCE,"[{""gene_id_versioned"": ""ENSMUSG00000074259.11"", ""isoform_id"": """", ""protein_id"": ""ENSMUSP00000114530.2"", ""transcript_id"": ""ENSMUST00000123914.8""}]",2026_03,0.1.0
ENSMUSG00000074259,F6W980,10090,UniProtKB unreviewed (TrEMBL),,entry_level_cross_reference_isoform_unspecified,,FRAGMENT_SEQUENCE,"[{""gene_id_versioned"": ""ENSMUSG00000074259.11"", ""isoform_id"": """", ""protein_id"": ""ENSMUSP00000118901.2"", ""transcript_id"": ""ENSMUST00000129129.2""}]",2026_03,0.1.0
ENSMUSG00000074259,Q3V3G7,10090,UniProtKB reviewed (Swiss-Prot),Q3V3G7-1,explicit_displayed_isoform_cross_reference,,,"[{""gene_id_versioned"": ""ENSMUSG00000074259.11"", ""isoform_id"": ""Q3V3G7-2"", ""protein_id"": ""ENSMUSP00000096258.4"", ""transcript_id"": ""ENSMUST00000098661.10""}, {""gene_id_versioned"": ""ENSMUSG00000074259.11"", ""isoform_id"": ""Q3V3G7-1"", ""protein_id"": ""ENSMUSP00000116879.2"", ""transcript_id"": ""ENSMUST00000128944.8""}]",2026_03,0.1.0
ENSMUSG00000091712,F6RKY9,10090,UniProtKB unreviewed (TrEMBL),,entry_level_cross_reference_isoform_unspecified,,,"[{""gene_id_versioned"": ""ENSMUSG00000091712.3"", ""isoform_id"": """", ""protein_id"": ""ENSMUSP00000128063.2"", ""transcript_id"": ""ENSMUST00000165810.2""}, {""gene_id_versioned"": ""ENSMUSG00000091712.3"", ""isoform_id"": """", ""protein_id"": ""ENSMUSP00000155164.2"", ""transcript_id"": ""ENSMUST00000230616.2""}]",2026_03,0.1.0
ENSMUSG00000028128,A0A0G2JGS5,10090,UniProtKB unreviewed (TrEMBL),,entry_level_cross_reference_isoform_unspecified,,AMBIGUOUS_OR_INVALID_SEQUENCE,"[{""gene_id_versioned"": ""ENSMUSG00000028128.14"", ""isoform_id"": """", ""protein_id"": ""ENSMUSP00000143678.2"", ""transcript_id"": ""ENSMUST00000199997.2""}]",2026_03,0.1.0
ENSMUSG00000028128,A0A0R4J088,10090,UniProtKB unreviewed (TrEMBL),,entry_level_cross_reference_isoform_unspecified,,,"[{""gene_id_versioned"": ""ENSMUSG00000028128.14"", ""isoform_id"": """", ""protein_id"": ""ENSMUSP00000029771.9"", ""transcript_id"": ""ENSMUST00000029771.13""}]",2026_03,0.1.0
ENSMUSG00000032127,A0A1L1SQ62,10090,UniProtKB unreviewed (TrEMBL),,entry_level_cross_reference_isoform_unspecified,,,"[{""gene_id_versioned"": ""ENSMUSG00000032127.10"", ""isoform_id"": """", ""protein_id"": ""ENSMUSP00000148911.2"", ""transcript_id"": ""ENSMUST00000213740.2""}]",2026_03,0.1.0
ENSMUSG00000032127,A0A1L1SRH3,10090,UniProtKB unreviewed (TrEMBL),,entry_level_cross_reference_isoform_unspecified,,,"[{""gene_id_versioned"": ""ENSMUSG00000032127.10"", ""isoform_id"": """", ""protein_id"": ""ENSMUSP00000149457.2"", ""transcript_id"": ""ENSMUST00000214510.2""}]",2026_03,0.1.0
ENSMUSG00000032127,A0A1L1STI8,10090,UniProtKB unreviewed (TrEMBL),,entry_level_cross_reference_isoform_unspecified,,FRAGMENT_SEQUENCE,"[{""gene_id_versioned"": ""ENSMUSG00000032127.10"", ""isoform_id"": """", ""protein_id"": ""ENSMUSP00000150333.2"", ""transcript_id"": ""ENSMUST00000213249.2""}]",2026_03,0.1.0
ENSMUSG00000032127,A0A1L1SV27,10090,UniProtKB unreviewed (TrEMBL),,entry_level_cross_reference_isoform_unspecified,,AMBIGUOUS_OR_INVALID_SEQUENCE,"[{""gene_id_versioned"": ""ENSMUSG00000032127.10"", ""isoform_id"": """", ""protein_id"": ""ENSMUSP00000150989.2"", ""transcript_id"": ""ENSMUST00000214460.2""}]",2026_03,0.1.0
ENSMUSG00000032127,Q91W86,10090,UniProtKB reviewed (Swiss-Prot),,entry_level_cross_reference_isoform_unspecified,,,"[{""gene_id_versioned"": ""ENSMUSG00000032127.10"", ""isoform_id"": """", ""protein_id"": ""ENSMUSP00000034644.9"", ""transcript_id"": ""ENSMUST00000034644.10""}]",2026_03,0.1.0
ENSMUSG00000043017,E9PY53,10090,UniProtKB unreviewed (TrEMBL),,entry_level_cross_reference_isoform_unspecified,,,"[{""gene_id_versioned"": ""ENSMUSG00000043017.10"", ""isoform_id"": """", ""protein_id"": ""ENSMUSP00000083270.6"", ""transcript_id"": ""ENSMUST00000086101.6""}]",2026_03,0.1.0
ENSMUSG00000043017,P43252,10090,UniProtKB reviewed (Swiss-Prot),,entry_level_cross_reference_isoform_unspecified,,,"[{""gene_id_versioned"": ""ENSMUSG00000043017.10"", ""isoform_id"": """", ""protein_id"": ""ENSMUSP00000122080.2"", ""transcript_id"": ""ENSMUST00000144408.2""}]",2026_03,0.1.0
ENSMUSG00000045259,Q3USL1,10090,UniProtKB reviewed (Swiss-Prot),,entry_level_cross_reference_isoform_unspecified,,,"[{""gene_id_versioned"": ""ENSMUSG00000045259.5"", ""isoform_id"": """", ""protein_id"": ""ENSMUSP00000056212.5"", ""transcript_id"": ""ENSMUST00000061878.5""}]",2026_03,0.1.0
ENSMUSG00000038064,Q9D7U6,10090,UniProtKB reviewed (Swiss-Prot),,entry_level_cross_reference_isoform_unspecified,,,"[{""gene_id_versioned"": ""ENSMUSG00000038064.8"", ""isoform_id"": """", ""protein_id"": ""ENSMUSP00000041676.7"", ""transcript_id"": ""ENSMUST00000038693.8""}]",2026_03,0.1.0
ENSMUSG00000029484,A0A0G2JDV9,10090,UniProtKB unreviewed (TrEMBL),,entry_level_cross_reference_isoform_unspecified,,FRAGMENT_SEQUENCE,"[{""gene_id_versioned"": ""ENSMUSG00000029484.13"", ""isoform_id"": """", ""protein_id"": ""ENSMUSP00000142527.2"", ""transcript_id"": ""ENSMUST00000200379.5""}]",2026_03,0.1.0
ENSMUSG00000029484,A0A0G2JFB3,10090,UniProtKB unreviewed (TrEMBL),,entry_level_cross_reference_isoform_unspecified,,,"[{""gene_id_versioned"": ""ENSMUSG00000029484.13"", ""isoform_id"": """", ""protein_id"": ""ENSMUSP00000143103.2"", ""transcript_id"": ""ENSMUST00000196126.2""}]",2026_03,0.1.0
ENSMUSG00000029484,A0A0G2JGA7,10090,UniProtKB unreviewed (TrEMBL),,entry_level_cross_reference_isoform_unspecified,,,"[{""gene_id_versioned"": ""ENSMUSG00000029484.13"", ""isoform_id"": """", ""protein_id"": ""ENSMUSP00000143491.2"", ""transcript_id"": ""ENSMUST00000198631.2""}]",2026_03,0.1.0
ENSMUSG00000029484,A0A0G2JGL7,10090,UniProtKB unreviewed (TrEMBL),,entry_level_cross_reference_isoform_unspecified,,FRAGMENT_SEQUENCE,"[{""gene_id_versioned"": ""ENSMUSG00000029484.13"", ""isoform_id"": """", ""protein_id"": ""ENSMUSP00000143615.2"", ""transcript_id"": ""ENSMUST00000199330.5""}]",2026_03,0.1.0
ENSMUSG00000029484,O35639,10090,UniProtKB reviewed (Swiss-Prot),,entry_level_cross_reference_isoform_unspecified,,,"[{""gene_id_versioned"": ""ENSMUSG00000029484.13"", ""isoform_id"": """", ""protein_id"": ""ENSMUSP00000031447.8"", ""transcript_id"": ""ENSMUST00000031447.12""}]",2026_03,0.1.0
ENSMUSG00000022244,O09174,10090,UniProtKB reviewed (Swiss-Prot),,entry_level_cross_reference_isoform_unspecified,,,"[{""gene_id_versioned"": ""ENSMUSG00000022244.8"", ""isoform_id"": """", ""protein_id"": ""ENSMUSP00000066915.6"", ""transcript_id"": ""ENSMUST00000070877.7""}]",2026_03,0.1.0
ENSMUSG00000024411,A0A0R4J0Z3,10090,UniProtKB unreviewed (TrEMBL),,entry_level_cross_reference_isoform_unspecified,,,"[{""gene_id_versioned"": ""ENSMUSG00000024411.12"", ""isoform_id"": """", ""protein_id"": ""ENSMUSP00000078088.7"", ""transcript_id"": ""ENSMUST00000079081.8""}]",2026_03,0.1.0
ENSMUSG00000024411,A0A3Q4EI78,10090,UniProtKB unreviewed (TrEMBL),,entry_level_cross_reference_isoform_unspecified,,FRAGMENT_SEQUENCE,"[{""gene_id_versioned"": ""ENSMUSG00000024411.12"", ""isoform_id"": """", ""protein_id"": ""ENSMUSP00000157261.2"", ""transcript_id"": ""ENSMUST00000234533.2""}]",2026_03,0.1.0
ENSMUSG00000024411,A0A5F8MQ17,10090,UniProtKB unreviewed (TrEMBL),,entry_level_cross_reference_isoform_unspecified,,AMBIGUOUS_OR_INVALID_SEQUENCE,"[{""gene_id_versioned"": ""ENSMUSG00000024411.12"", ""isoform_id"": """", ""protein_id"": ""ENSMUSP00000159185.2"", ""transcript_id"": ""ENSMUST00000238946.2""}]",2026_03,0.1.0
ENSMUSG00000024411,P55088,10090,UniProtKB reviewed (Swiss-Prot),,,ONLY_NONCANONICAL_OR_UNRESOLVED_ISOFORM_XREF,,"[{""gene_id_versioned"": ""ENSMUSG00000024411.12"", ""isoform_id"": ""P55088-2"", ""protein_id"": ""ENSMUSP00000157337.2"", ""transcript_id"": ""ENSMUST00000234053.2""}, {""gene_id_versioned"": ""ENSMUSG00000024411.12"", ""isoform_id"": ""P55088-2"", ""protein_id"": ""ENSMUSP00000157347.2"", ""transcript_id"": ""ENSMUST00000234391.2""}, {""gene_id_versioned"": ""ENSMUSG00000024411.12"", ""isoform_id"": ""P55088-2"", ""protein_id"": ""ENSMUSP00000157324.2"", ""transcript_id"": ""ENSMUST00000234466.2""}, {""gene_id_versioned"": ""ENSMUSG00000024411.12"", ""isoform_id"": ""P55088-2"", ""protein_id"": ""ENSMUSP00000157152.2"", ""transcript_id"": ""ENSMUST00000234473.2""}, {""gene_id_versioned"": ""ENSMUSG00000024411.12"", ""isoform_id"": ""P55088-2"", ""protein_id"": ""ENSMUSP00000157239.2"", ""transcript_id"": ""ENSMUST00000234518.2""}, {""gene_id_versioned"": ""ENSMUSG00000024411.12"", ""isoform_id"": ""P55088-2"", ""protein_id"": ""ENSMUSP00000157060.2"", ""transcript_id"": ""ENSMUST00000234643.2""}, {""gene_id_versioned"": ""ENSMUSG00000024411.12"", ""isoform_id"": ""P55088-2"", ""protein_id"": ""ENSMUSP00000157000.2"", ""transcript_id"": ""ENSMUST00000235044.2""}]",2026_03,0.1.0
ENSMUSG00000027412,A2A4B1,10090,UniProtKB unreviewed (TrEMBL),,entry_level_cross_reference_isoform_unspecified,,,"[{""gene_id_versioned"": ""ENSMUSG00000027412.13"", ""isoform_id"": """", ""protein_id"": ""ENSMUSP00000105083.3"", ""transcript_id"": ""ENSMUST00000109457.3""}]",2026_03,0.1.0
ENSMUSG00000027412,A2A4B3,10090,UniProtKB unreviewed (TrEMBL),,entry_level_cross_reference_isoform_unspecified,,,"[{""gene_id_versioned"": ""ENSMUSG00000027412.13"", ""isoform_id"": """", ""protein_id"": ""ENSMUSP00000105081.3"", ""transcript_id"": ""ENSMUST00000109455.9""}]",2026_03,0.1.0
ENSMUSG00000027412,Q99PI4,10090,UniProtKB reviewed (Swiss-Prot),,entry_level_cross_reference_isoform_unspecified,,,"[{""gene_id_versioned"": ""ENSMUSG00000027412.13"", ""isoform_id"": """", ""protein_id"": ""ENSMUSP00000043053.7"", ""transcript_id"": ""ENSMUST00000040872.13""}, {""gene_id_versioned"": ""ENSMUSG00000027412.13"", ""isoform_id"": """", ""protein_id"": ""ENSMUSP00000105082.3"", ""transcript_id"": ""ENSMUST00000109456.9""}]",2026_03,0.1.0
ENSMUSG00000029306,Q61711,10090,UniProtKB reviewed (Swiss-Prot),,entry_level_cross_reference_isoform_unspecified,,,"[{""gene_id_versioned"": ""ENSMUSG00000029306.9"", ""isoform_id"": """", ""protein_id"": ""ENSMUSP00000031246.9"", ""transcript_id"": ""ENSMUST00000031246.9""}]",2026_03,0.1.0
ENSMUSG00000032018,A0A1L1SSH0,10090,UniProtKB unreviewed (TrEMBL),,entry_level_cross_reference_isoform_unspecified,,FRAGMENT_SEQUENCE,"[{""gene_id_versioned"": ""ENSMUSG00000032018.15"", ""isoform_id"": """", ""protein_id"": ""ENSMUSP00000149891.2"", ""transcript_id"": ""ENSMUST00000217513.2""}]",2026_03,0.1.0
ENSMUSG00000032018,O88822,10090,UniProtKB reviewed (Swiss-Prot),,entry_level_cross_reference_isoform_unspecified,,,"[{""gene_id_versioned"": ""ENSMUSG00000032018.15"", ""isoform_id"": """", ""protein_id"": ""ENSMUSP00000057354.8"", ""transcript_id"": ""ENSMUST00000052725.15""}, {""gene_id_versioned"": ""ENSMUSG00000032018.15"", ""isoform_id"": """", ""protein_id"": ""ENSMUSP00000130438.2"", ""transcript_id"": ""ENSMUST00000169609.2""}]",2026_03,0.1.0
ENSMUSG00000040592,B1ARJ9,10090,UniProtKB unreviewed (TrEMBL),,entry_level_cross_reference_isoform_unspecified,,,"[{""gene_id_versioned"": ""ENSMUSG00000040592.12"", ""isoform_id"": """", ""protein_id"": ""ENSMUSP00000048239.5"", ""transcript_id"": ""ENSMUST00000044228.11""}]",2026_03,0.1.0
ENSMUSG00000040592,P15530,10090,UniProtKB reviewed (Swiss-Prot),,entry_level_cross_reference_isoform_unspecified,,,"[{""gene_id_versioned"": ""ENSMUSG00000040592.12"", ""isoform_id"": """", ""protein_id"": ""ENSMUSP00000129029.2"", ""transcript_id"": ""ENSMUST00000167143.2""}]",2026_03,0.1.0
ENSMUSG00000056313,Q9D915,10090,UniProtKB reviewed (Swiss-Prot),,entry_level_cross_reference_isoform_unspecified,,,"[{""gene_id_versioned"": ""ENSMUSG00000056313.6"", ""isoform_id"": """", ""protein_id"": ""ENSMUSP00000058631.5"", ""transcript_id"": ""ENSMUST00000052622.6""}]",2026_03,0.1.0
ENSMUSG00000003206,O35228,10090,UniProtKB reviewed (Swiss-Prot),,entry_level_cross_reference_isoform_unspecified,,,"[{""gene_id_versioned"": ""ENSMUSG00000003206.8"", ""isoform_id"": """", ""protein_id"": ""ENSMUSP00000003274.7"", ""transcript_id"": ""ENSMUST00000003274.8""}]",2026_03,0.1.0
ENSMUSG00000009013,P63168,10090,UniProtKB reviewed (Swiss-Prot),,entry_level_cross_reference_isoform_unspecified,,,"[{""gene_id_versioned"": ""ENSMUSG00000009013.6"", ""isoform_id"": """", ""protein_id"": ""ENSMUSP00000009157.4"", ""transcript_id"": ""ENSMUST00000009157.4""}, {""gene_id_versioned"": ""ENSMUSG00000009013.6"", ""isoform_id"": """", ""protein_id"": ""ENSMUSP00000107720.2"", ""transcript_id"": ""ENSMUST00000112090.2""}]",2026_03,0.1.0
ENSMUSG00000028613,A0A571BDC7,10090,UniProtKB unreviewed (TrEMBL),,entry_level_cross_reference_isoform_unspecified,,AMBIGUOUS_OR_INVALID_SEQUENCE,"[{""gene_id_versioned"": ""ENSMUSG00000028613.16"", ""isoform_id"": """", ""protein_id"": ""ENSMUSP00000158681.2"", ""transcript_id"": ""ENSMUST00000238255.2""}]",2026_03,0.1.0
ENSMUSG00000028613,A0A571BDQ2,10090,UniProtKB unreviewed (TrEMBL),,entry_level_cross_reference_isoform_unspecified,,AMBIGUOUS_OR_INVALID_SEQUENCE,"[{""gene_id_versioned"": ""ENSMUSG00000028613.16"", ""isoform_id"": """", ""protein_id"": ""ENSMUSP00000158812.2"", ""transcript_id"": ""ENSMUST00000238658.2""}]",2026_03,0.1.0
ENSMUSG00000028613,A0A571BE60,10090,UniProtKB unreviewed (TrEMBL),,entry_level_cross_reference_isoform_unspecified,,,"[{""gene_id_versioned"": ""ENSMUSG00000028613.16"", ""isoform_id"": """", ""protein_id"": ""ENSMUSP00000158610.2"", ""transcript_id"": ""ENSMUST00000238584.2""}]",2026_03,0.1.0
ENSMUSG00000028613,A0A571BE80,10090,UniProtKB unreviewed (TrEMBL),,entry_level_cross_reference_isoform_unspecified,,,"[{""gene_id_versioned"": ""ENSMUSG00000028613.16"", ""isoform_id"": """", ""protein_id"": ""ENSMUSP00000158608.2"", ""transcript_id"": ""ENSMUST00000238421.2""}]",2026_03,0.1.0
ENSMUSG00000028613,A0A571BEC8,10090,UniProtKB unreviewed (TrEMBL),,entry_level_cross_reference_isoform_unspecified,,,"[{""gene_id_versioned"": ""ENSMUSG00000028613.16"", ""isoform_id"": """", ""protein_id"": ""ENSMUSP00000158650.2"", ""transcript_id"": ""ENSMUST00000238651.2""}]",2026_03,0.1.0
ENSMUSG00000028613,A0A571BEF2,10090,UniProtKB unreviewed (TrEMBL),,entry_level_cross_reference_isoform_unspecified,,FRAGMENT_SEQUENCE,"[{""gene_id_versioned"": ""ENSMUSG00000028613.16"", ""isoform_id"": """", ""protein_id"": ""ENSMUSP00000158682.2"", ""transcript_id"": ""ENSMUST00000238693.2""}]",2026_03,0.1.0
ENSMUSG00000028613,A0A571BGD2,10090,UniProtKB unreviewed (TrEMBL),,entry_level_cross_reference_isoform_unspecified,,FRAGMENT_SEQUENCE,"[{""gene_id_versioned"": ""ENSMUSG00000028613.16"", ""isoform_id"": """", ""protein_id"": ""ENSMUSP00000158799.2"", ""transcript_id"": ""ENSMUST00000135022.3""}]",2026_03,0.1.0
ENSMUSG00000028613,B1AXJ3,10090,UniProtKB unreviewed (TrEMBL),,entry_level_cross_reference_isoform_unspecified,,FRAGMENT_SEQUENCE,"[{""gene_id_versioned"": ""ENSMUSG00000028613.16"", ""isoform_id"": """", ""protein_id"": ""ENSMUSP00000102343.4"", ""transcript_id"": ""ENSMUST00000106732.10""}]",2026_03,0.1.0
ENSMUSG00000028613,B1AXJ4,10090,UniProtKB unreviewed (TrEMBL),,entry_level_cross_reference_isoform_unspecified,,,"[{""gene_id_versioned"": ""ENSMUSG00000028613.16"", ""isoform_id"": """", ""protein_id"": ""ENSMUSP00000030356.4"", ""transcript_id"": ""ENSMUST00000030356.10""}]",2026_03,0.1.0
ENSMUSG00000028613,B1AXJ5,10090,UniProtKB unreviewed (TrEMBL),,entry_level_cross_reference_isoform_unspecified,,,"[{""gene_id_versioned"": ""ENSMUSG00000028613.16"", ""isoform_id"": """", ""protein_id"": ""ENSMUSP00000102344.3"", ""transcript_id"": ""ENSMUST00000106733.10""}]",2026_03,0.1.0
ENSMUSG00000028613,B1AXJ6,10090,UniProtKB unreviewed (TrEMBL),,entry_level_cross_reference_isoform_unspecified,,,"[{""gene_id_versioned"": ""ENSMUSG00000028613.16"", ""isoform_id"": """", ""protein_id"": ""ENSMUSP00000118020.2"", ""transcript_id"": ""ENSMUST00000126573.8""}]",2026_03,0.1.0
ENSMUSG00000028613,F6YZZ8,10090,UniProtKB unreviewed (TrEMBL),,entry_level_cross_reference_isoform_unspecified,,,"[{""gene_id_versioned"": ""ENSMUSG00000028613.16"", ""isoform_id"": """", ""protein_id"": ""ENSMUSP00000102342.4"", ""transcript_id"": ""ENSMUST00000106731.4""}]",2026_03,0.1.0
ENSMUSG00000028613,Q924X6,10090,UniProtKB reviewed (Swiss-Prot),Q924X6-1,explicit_displayed_isoform_cross_reference,,,"[{""gene_id_versioned"": ""ENSMUSG00000028613.16"", ""isoform_id"": ""Q924X6-1"", ""protein_id"": ""ENSMUSP00000115854.2"", ""transcript_id"": ""ENSMUST00000143601.8""}, {""gene_id_versioned"": ""ENSMUSG00000028613.16"", ""isoform_id"": ""Q924X6-1"", ""protein_id"": ""ENSMUSP00000158644.2"", ""transcript_id"": ""ENSMUST00000238569.2""}]",2026_03,0.1.0
ENSMUSG00000006344,A0A087WNR3,10090,UniProtKB unreviewed (TrEMBL),,entry_level_cross_reference_isoform_unspecified,,,"[{""gene_id_versioned"": ""ENSMUSG00000006344.18"", ""isoform_id"": """", ""protein_id"": ""ENSMUSP00000139459.2"", ""transcript_id"": ""ENSMUST00000189972.2""}]",2026_03,0.1.0
ENSMUSG00000006344,A0A087WSM3,10090,UniProtKB unreviewed (TrEMBL),,entry_level_cross_reference_isoform_unspecified,,AMBIGUOUS_OR_INVALID_SEQUENCE,"[{""gene_id_versioned"": ""ENSMUSG00000006344.18"", ""isoform_id"": """", ""protein_id"": ""ENSMUSP00000141106.2"", ""transcript_id"": ""ENSMUST00000189991.2""}]",2026_03,0.1.0
ENSMUSG00000006344,A0A1W2P6K4,10090,UniProtKB unreviewed (TrEMBL),,entry_level_cross_reference_isoform_unspecified,,,"[{""gene_id_versioned"": ""ENSMUSG00000006344.18"", ""isoform_id"": """", ""protein_id"": ""ENSMUSP00000151283.2"", ""transcript_id"": ""ENSMUST00000218807.2""}]",2026_03,0.1.0
ENSMUSG00000006344,Q9Z2A9,10090,UniProtKB reviewed (Swiss-Prot),Q9Z2A9-1,explicit_displayed_isoform_cross_reference,,,"[{""gene_id_versioned"": ""ENSMUSG00000006344.18"", ""isoform_id"": ""Q9Z2A9-1"", ""protein_id"": ""ENSMUSP00000072074.3"", ""transcript_id"": ""ENSMUST00000072217.9""}]",2026_03,0.1.0
ENSMUSG00000040272,A2AIG8,10090,UniProtKB reviewed (Swiss-Prot),A2AIG8-1,explicit_displayed_isoform_cross_reference,,,"[{""gene_id_versioned"": ""ENSMUSG00000040272.15"", ""isoform_id"": ""A2AIG8-2"", ""protein_id"": ""ENSMUSP00000036268.9"", ""transcript_id"": ""ENSMUST00000041593.15""}, {""gene_id_versioned"": ""ENSMUSG00000040272.15"", ""isoform_id"": ""A2AIG8-2"", ""protein_id"": ""ENSMUSP00000065389.5"", ""transcript_id"": ""ENSMUST00000068513.11""}, {""gene_id_versioned"": ""ENSMUSG00000040272.15"", ""isoform_id"": ""A2AIG8-1"", ""protein_id"": ""ENSMUSP00000106877.2"", ""transcript_id"": ""ENSMUST00000111246.8""}]",2026_03,0.1.0
ENSMUSG00000040272,A2AIG9,10090,UniProtKB unreviewed (TrEMBL),,entry_level_cross_reference_isoform_unspecified,,FRAGMENT_SEQUENCE,"[{""gene_id_versioned"": ""ENSMUSG00000040272.15"", ""isoform_id"": """", ""protein_id"": ""ENSMUSP00000114687.2"", ""transcript_id"": ""ENSMUST00000130077.2""}]",2026_03,0.1.0
ENSMUSG00000040272,F6RIQ1,10090,UniProtKB unreviewed (TrEMBL),,entry_level_cross_reference_isoform_unspecified,,AMBIGUOUS_OR_INVALID_SEQUENCE,"[{""gene_id_versioned"": ""ENSMUSG00000040272.15"", ""isoform_id"": """", ""protein_id"": ""ENSMUSP00000119096.2"", ""transcript_id"": ""ENSMUST00000150666.8""}]",2026_03,0.1.0
ENSMUSG00000052911,A0A0A6YWI2,10090,UniProtKB unreviewed (TrEMBL),,entry_level_cross_reference_isoform_unspecified,,FRAGMENT_SEQUENCE,"[{""gene_id_versioned"": ""ENSMUSG00000052911.10"", ""isoform_id"": """", ""protein_id"": ""ENSMUSP00000141562.2"", ""transcript_id"": ""ENSMUST00000194147.2""}]",2026_03,0.1.0
ENSMUSG00000052911,A0A0A6YWY6,10090,UniProtKB unreviewed (TrEMBL),,entry_level_cross_reference_isoform_unspecified,,FRAGMENT_SEQUENCE,"[{""gene_id_versioned"": ""ENSMUSG00000052911.10"", ""isoform_id"": """", ""protein_id"": ""ENSMUSP00000141757.2"", ""transcript_id"": ""ENSMUST00000195058.2""}]",2026_03,0.1.0
ENSMUSG00000052911,A0A0A6YY71,10090,UniProtKB unreviewed (TrEMBL),,entry_level_cross_reference_isoform_unspecified,,FRAGMENT_SEQUENCE,"[{""gene_id_versioned"": ""ENSMUSG00000052911.10"", ""isoform_id"": """", ""protein_id"": ""ENSMUSP00000142304.2"", ""transcript_id"": ""ENSMUST00000195483.6""}]",2026_03,0.1.0
ENSMUSG00000052911,Q61292,10090,UniProtKB reviewed (Swiss-Prot),,entry_level_cross_reference_isoform_unspecified,,,"[{""gene_id_versioned"": ""ENSMUSG00000052911.10"", ""isoform_id"": """", ""protein_id"": ""ENSMUSP00000069087.5"", ""transcript_id"": ""ENSMUST00000065014.10""}]",2026_03,0.1.0
ENSMUSG00000048970,Q9JMG2,10090,UniProtKB reviewed (Swiss-Prot),,entry_level_cross_reference_isoform_unspecified,,,"[{""gene_id_versioned"": ""ENSMUSG00000048970.10"", ""isoform_id"": """", ""protein_id"": ""ENSMUSP00000059224.8"", ""transcript_id"": ""ENSMUST00000058265.8""}]",2026_03,0.1.0
ENSMUSG00000035242,J3QM60,10090,UniProtKB unreviewed (TrEMBL),,entry_level_cross_reference_isoform_unspecified,,FRAGMENT_SEQUENCE,"[{""gene_id_versioned"": ""ENSMUSG00000035242.17"", ""isoform_id"": """", ""protein_id"": ""ENSMUSP00000136134.2"", ""transcript_id"": ""ENSMUST00000179620.8""}]",2026_03,0.1.0
ENSMUSG00000035242,J3QM96,10090,UniProtKB unreviewed (TrEMBL),,entry_level_cross_reference_isoform_unspecified,,,"[{""gene_id_versioned"": ""ENSMUSG00000035242.17"", ""isoform_id"": """", ""protein_id"": ""ENSMUSP00000136186.2"", ""transcript_id"": ""ENSMUST00000179172.8""}]",2026_03,0.1.0
ENSMUSG00000035242,J3QME8,10090,UniProtKB unreviewed (TrEMBL),,entry_level_cross_reference_isoform_unspecified,,FRAGMENT_SEQUENCE,"[{""gene_id_versioned"": ""ENSMUSG00000035242.17"", ""isoform_id"": """", ""protein_id"": ""ENSMUSP00000136251.2"", ""transcript_id"": ""ENSMUST00000179341.2""}]",2026_03,0.1.0
ENSMUSG00000035242,J3QMV2,10090,UniProtKB unreviewed (TrEMBL),,entry_level_cross_reference_isoform_unspecified,,FRAGMENT_SEQUENCE,"[{""gene_id_versioned"": ""ENSMUSG00000035242.17"", ""isoform_id"": """", ""protein_id"": ""ENSMUSP00000136469.2"", ""transcript_id"": ""ENSMUST00000177850.8""}]",2026_03,0.1.0
ENSMUSG00000035242,P54369,10090,UniProtKB reviewed (Swiss-Prot),P54369-1,entry_level_cross_reference_isoform_unspecified,,,"[{""gene_id_versioned"": ""ENSMUSG00000035242.17"", ""isoform_id"": """", ""protein_id"": ""ENSMUSP00000137400.2"", ""transcript_id"": ""ENSMUST00000180036.8""}]",2026_03,0.1.0
ENSMUSG00000003477,P40936,10090,UniProtKB reviewed (Swiss-Prot),,entry_level_cross_reference_isoform_unspecified,,,"[{""gene_id_versioned"": ""ENSMUSG00000003477.6"", ""isoform_id"": """", ""protein_id"": ""ENSMUSP00000003569.6"", ""transcript_id"": ""ENSMUST00000003569.6""}]",2026_03,0.1.0
ENSMUSG00000009596,B1AV36,10090,UniProtKB unreviewed (TrEMBL),,entry_level_cross_reference_isoform_unspecified,,,"[{""gene_id_versioned"": ""ENSMUSG00000009596.10"", ""isoform_id"": """", ""protein_id"": ""ENSMUSP00000108849.3"", ""transcript_id"": ""ENSMUST00000113223.3""}]",2026_03,0.1.0
ENSMUSG00000009596,Q9D3R9,10090,UniProtKB reviewed (Swiss-Prot),Q9D3R9-1,explicit_displayed_isoform_cross_reference,,,"[{""gene_id_versioned"": ""ENSMUSG00000009596.10"", ""isoform_id"": ""Q9D3R9-1"", ""protein_id"": ""ENSMUSP00000009740.3"", ""transcript_id"": ""ENSMUST00000009740.9""}]",2026_03,0.1.0
ENSMUSG00000030208,P47801,10090,UniProtKB reviewed (Swiss-Prot),,entry_level_cross_reference_isoform_unspecified,,,"[{""gene_id_versioned"": ""ENSMUSG00000030208.16"", ""isoform_id"": """", ""protein_id"": ""ENSMUSP00000032330.10"", ""transcript_id"": ""ENSMUST00000032330.16""}, {""gene_id_versioned"": ""ENSMUSG00000030208.16"", ""isoform_id"": """", ""protein_id"": ""ENSMUSP00000107538.2"", ""transcript_id"": ""ENSMUST00000111907.2""}, {""gene_id_versioned"": ""ENSMUSG00000030208.16"", ""isoform_id"": """", ""protein_id"": ""ENSMUSP00000145069.2"", ""transcript_id"": ""ENSMUST00000205156.3""}]",2026_03,0.1.0
ENSMUSG00000030208,S4R2U4,10090,UniProtKB unreviewed (TrEMBL),,entry_level_cross_reference_isoform_unspecified,,,"[{""gene_id_versioned"": ""ENSMUSG00000030208.16"", ""isoform_id"": """", ""protein_id"": ""ENSMUSP00000138789.2"", ""transcript_id"": ""ENSMUST00000154270.8""}]",2026_03,0.1.0
ENSMUSG00000030319,Q6ZQ73,10090,UniProtKB reviewed (Swiss-Prot),,entry_level_cross_reference_isoform_unspecified,,,"[{""gene_id_versioned"": ""ENSMUSG00000030319.9"", ""isoform_id"": """", ""protein_id"": ""ENSMUSP00000075377.6"", ""transcript_id"": ""ENSMUST00000075995.7""}]",2026_03,0.1.0
ENSMUSG00000007777,F6STA2,10090,UniProtKB unreviewed (TrEMBL),,entry_level_cross_reference_isoform_unspecified,,,"[{""gene_id_versioned"": ""ENSMUSG00000007777.10"", ""isoform_id"": """", ""protein_id"": ""ENSMUSP00000007921.3"", ""transcript_id"": ""ENSMUST00000007921.9""}, {""gene_id_versioned"": ""ENSMUSG00000007777.10"", ""isoform_id"": """", ""protein_id"": ""ENSMUSP00000104726.2"", ""transcript_id"": ""ENSMUST00000109098.2""}]",2026_03,0.1.0
ENSMUSG00000028086,D3YUA8,10090,UniProtKB unreviewed (TrEMBL),,entry_level_cross_reference_isoform_unspecified,,,"[{""gene_id_versioned"": ""ENSMUSG00000028086.16"", ""isoform_id"": """", ""protein_id"": ""ENSMUSP00000103302.2"", ""transcript_id"": ""ENSMUST00000107675.8""}]",2026_03,0.1.0
ENSMUSG00000028086,Q8VBV4,10090,UniProtKB reviewed (Swiss-Prot),Q8VBV4-2,explicit_displayed_isoform_cross_reference,,,"[{""gene_id_versioned"": ""ENSMUSG00000028086.16"", ""isoform_id"": ""Q8VBV4-1"", ""protein_id"": ""ENSMUSP00000029727.8"", ""transcript_id"": ""ENSMUST00000029727.8""}, {""gene_id_versioned"": ""ENSMUSG00000028086.16"", ""isoform_id"": ""Q8VBV4-2"", ""protein_id"": ""ENSMUSP00000103305.2"", ""transcript_id"": ""ENSMUST00000107678.8""}, {""gene_id_versioned"": ""ENSMUSG00000028086.16"", ""isoform_id"": ""Q8VBV4-2"", ""protein_id"": ""ENSMUSP00000103306.2"", ""transcript_id"": ""ENSMUST00000107679.8""}]",2026_03,0.1.0
ENSMUSG00000074218,A0A140LIU4,10090,UniProtKB unreviewed (TrEMBL),,entry_level_cross_reference_isoform_unspecified,,,"[{""gene_id_versioned"": ""ENSMUSG00000074218.4"", ""isoform_id"": """", ""protein_id"": ""ENSMUSP00000146960.2"", ""transcript_id"": ""ENSMUST00000208441.2""}]",2026_03,0.1.0
ENSMUSG00000074218,P56392,10090,UniProtKB reviewed (Swiss-Prot),,entry_level_cross_reference_isoform_unspecified,,,"[{""gene_id_versioned"": ""ENSMUSG00000074218.4"", ""isoform_id"": """", ""protein_id"": ""ENSMUSP00000096193.3"", ""transcript_id"": ""ENSMUST00000098594.4""}]",2026_03,0.1.0
ENSMUSG00000018507,Q9WTR1,10090,UniProtKB reviewed (Swiss-Prot),,entry_level_cross_reference_isoform_unspecified,,,"[{""gene_id_versioned"": ""ENSMUSG00000018507.17"", ""isoform_id"": """", ""protein_id"": ""ENSMUSP00000018651.8"", ""transcript_id"": ""ENSMUST00000018651.14""}, {""gene_id_versioned"": ""ENSMUSG00000018507.17"", ""isoform_id"": """", ""protein_id"": ""ENSMUSP00000099703.2"", ""transcript_id"": ""ENSMUST00000102643.2""}]",2026_03,0.1.0
ENSMUSG00000046447,Q6QWF9,10090,UniProtKB reviewed (Swiss-Prot),,entry_level_cross_reference_isoform_unspecified,,,"[{""gene_id_versioned"": ""ENSMUSG00000046447.4"", ""isoform_id"": """", ""protein_id"": ""ENSMUSP00000060349.4"", ""transcript_id"": ""ENSMUST00000050918.4""}]",2026_03,0.1.0
ENSMUSG00000019461,Q5F284,10090,UniProtKB unreviewed (TrEMBL),,entry_level_cross_reference_isoform_unspecified,,FRAGMENT_SEQUENCE,"[{""gene_id_versioned"": ""ENSMUSG00000019461.13"", ""isoform_id"": """", ""protein_id"": ""ENSMUSP00000123549.2"", ""transcript_id"": ""ENSMUST00000152566.8""}]",2026_03,0.1.0
ENSMUSG00000019461,Q9JIZ9,10090,UniProtKB reviewed (Swiss-Prot),,entry_level_cross_reference_isoform_unspecified,,,"[{""gene_id_versioned"": ""ENSMUSG00000019461.13"", ""isoform_id"": """", ""protein_id"": ""ENSMUSP00000019605.3"", ""transcript_id"": ""ENSMUST00000019605.4""}, {""gene_id_versioned"": ""ENSMUSG00000019461.13"", ""isoform_id"": """", ""protein_id"": ""ENSMUSP00000104272.2"", ""transcript_id"": ""ENSMUST00000108632.8""}, {""gene_id_versioned"": ""ENSMUSG00000019461.13"", ""isoform_id"": """", ""protein_id"": ""ENSMUSP00000104273.3"", ""transcript_id"": ""ENSMUST00000108633.9""}]",2026_03,0.1.0
ENSMUSG00000001497,P47242,10090,UniProtKB reviewed (Swiss-Prot),,entry_level_cross_reference_isoform_unspecified,,,"[{""gene_id_versioned"": ""ENSMUSG00000001497.19"", ""isoform_id"": """", ""protein_id"": ""ENSMUSP00000001538.10"", ""transcript_id"": ""ENSMUST00000001538.10""}, {""gene_id_versioned"": ""ENSMUSG00000001497.19"", ""isoform_id"": """", ""protein_id"": ""ENSMUSP00000117928.2"", ""transcript_id"": ""ENSMUST00000153250.9""}]",2026_03,0.1.0
ENSMUSG00000000938,P31310,10090,UniProtKB reviewed (Swiss-Prot),P31310-1,explicit_displayed_isoform_cross_reference,,,"[{""gene_id_versioned"": ""ENSMUSG00000000938.12"", ""isoform_id"": ""P31310-2"", ""protein_id"": ""ENSMUSP00000112872.2"", ""transcript_id"": ""ENSMUST00000121043.2""}, {""gene_id_versioned"": ""ENSMUSG00000000938.12"", ""isoform_id"": ""P31310-1"", ""protein_id"": ""ENSMUSP00000120276.2"", ""transcript_id"": ""ENSMUST00000125581.2""}]",2026_03,0.1.0
ENSMUSG00000039307,B1AXL0,10090,UniProtKB unreviewed (TrEMBL),,entry_level_cross_reference_isoform_unspecified,,FRAGMENT_SEQUENCE,"[{""gene_id_versioned"": ""ENSMUSG00000039307.17"", ""isoform_id"": """", ""protein_id"": ""ENSMUSP00000122008.2"", ""transcript_id"": ""ENSMUST00000124768.8""}]",2026_03,0.1.0
ENSMUSG00000039307,F6UV46,10090,UniProtKB unreviewed (TrEMBL),,entry_level_cross_reference_isoform_unspecified,,AMBIGUOUS_OR_INVALID_SEQUENCE,"[{""gene_id_versioned"": ""ENSMUSG00000039307.17"", ""isoform_id"": """", ""protein_id"": ""ENSMUSP00000123073.2"", ""transcript_id"": ""ENSMUST00000151495.8""}]",2026_03,0.1.0
ENSMUSG00000039307,F7B4F0,10090,UniProtKB unreviewed (TrEMBL),,entry_level_cross_reference_isoform_unspecified,,AMBIGUOUS_OR_INVALID_SEQUENCE,"[{""gene_id_versioned"": ""ENSMUSG00000039307.17"", ""isoform_id"": """", ""protein_id"": ""ENSMUSP00000116406.2"", ""transcript_id"": ""ENSMUST00000124761.2""}]",2026_03,0.1.0
ENSMUSG00000039307,Q3U4H6,10090,UniProtKB reviewed (Swiss-Prot),Q3U4H6-1,explicit_displayed_isoform_cross_reference,,,"[{""gene_id_versioned"": ""ENSMUSG00000039307.17"", ""isoform_id"": ""Q3U4H6-2"", ""protein_id"": ""ENSMUSP00000048479.9"", ""transcript_id"": ""ENSMUST00000038831.15""}, {""gene_id_versioned"": ""ENSMUSG00000039307.17"", ""isoform_id"": ""Q3U4H6-1"", ""protein_id"": ""ENSMUSP00000101723.2"", ""transcript_id"": ""ENSMUST00000106117.8""}]",2026_03,0.1.0
ENSMUSG00000028398,Q9CQ00,10090,UniProtKB reviewed (Swiss-Prot),,entry_level_cross_reference_isoform_unspecified,,,"[{""gene_id_versioned"": ""ENSMUSG00000028398.9"", ""isoform_id"": """", ""protein_id"": ""ENSMUSP00000030103.9"", ""transcript_id"": ""ENSMUST00000030103.9""}]",2026_03,0.1.0
ENSMUSG00000030214,Q8VCI0,10090,UniProtKB reviewed (Swiss-Prot),,entry_level_cross_reference_isoform_unspecified,,,"[{""gene_id_versioned"": ""ENSMUSG00000030214.8"", ""isoform_id"": """", ""protein_id"": ""ENSMUSP00000032336.5"", ""transcript_id"": ""ENSMUST00000032336.7""}]",2026_03,0.1.0
ENSMUSG00000016552,Q3USW5,10090,UniProtKB reviewed (Swiss-Prot),,entry_level_cross_reference_isoform_unspecified,,,"[{""gene_id_versioned"": ""ENSMUSG00000016552.14"", ""isoform_id"": """", ""protein_id"": ""ENSMUSP00000016696.7"", ""transcript_id"": ""ENSMUST00000016696.13""}, {""gene_id_versioned"": ""ENSMUSG00000016552.14"", ""isoform_id"": """", ""protein_id"": ""ENSMUSP00000113403.2"", ""transcript_id"": ""ENSMUST00000117725.2""}]",2026_03,0.1.0
ENSMUSG00000048387,A0A1W2P7S2,10090,UniProtKB unreviewed (TrEMBL),,entry_level_cross_reference_isoform_unspecified,,FRAGMENT_SEQUENCE,"[{""gene_id_versioned"": ""ENSMUSG00000048387.9"", ""isoform_id"": """", ""protein_id"": ""ENSMUSP00000151780.2"", ""transcript_id"": ""ENSMUST00000217975.2""}]",2026_03,0.1.0
ENSMUSG00000048387,Q9WVG7,10090,UniProtKB reviewed (Swiss-Prot),,entry_level_cross_reference_isoform_unspecified,,,"[{""gene_id_versioned"": ""ENSMUSG00000048387.9"", ""isoform_id"": """", ""protein_id"": ""ENSMUSP00000055486.8"", ""transcript_id"": ""ENSMUST00000057021.9""}]",2026_03,0.1.0
ENSMUSG00000050910,A2A6T1,10090,UniProtKB reviewed (Swiss-Prot),,entry_level_cross_reference_isoform_unspecified,,,"[{""gene_id_versioned"": ""ENSMUSG00000050910.6"", ""isoform_id"": """", ""protein_id"": ""ENSMUSP00000052096.6"", ""transcript_id"": ""ENSMUST00000053288.6""}]",2026_03,0.1.0
ENSMUSG00000031149,Q9JIG8,10090,UniProtKB reviewed (Swiss-Prot),,entry_level_cross_reference_isoform_unspecified,,,"[{""gene_id_versioned"": ""ENSMUSG00000031149.8"", ""isoform_id"": """", ""protein_id"": ""ENSMUSP00000033489.8"", ""transcript_id"": ""ENSMUST00000033489.8""}]",2026_03,0.1.0
ENSMUSG00000002249,A0A3F2YNR7,10090,UniProtKB unreviewed (TrEMBL),,entry_level_cross_reference_isoform_unspecified,,,"[{""gene_id_versioned"": ""ENSMUSG00000002249.22"", ""isoform_id"": """", ""protein_id"": ""ENSMUSP00000152030.3"", ""transcript_id"": ""ENSMUST00000219703.3""}]",2026_03,0.1.0
ENSMUSG00000002249,F6TTJ9,10090,UniProtKB unreviewed (TrEMBL),,entry_level_cross_reference_isoform_unspecified,,,"[{""gene_id_versioned"": ""ENSMUSG00000002249"", ""isoform_id"": """", ""protein_id"": ""ENSMUSP00000118582"", ""transcript_id"": ""ENSMUST00000154873""}, {""gene_id_versioned"": ""ENSMUSG00000002249"", ""isoform_id"": """", ""protein_id"": ""ENSMUSP00000115443"", ""transcript_id"": ""ENSMUST00000156862""}]",2026_03,0.1.0
ENSMUSG00000002249,F8VPU0,10090,UniProtKB unreviewed (TrEMBL),,entry_level_cross_reference_isoform_unspecified,,,"[{""gene_id_versioned"": ""ENSMUSG00000002249.22"", ""isoform_id"": """", ""protein_id"": ""ENSMUSP00000110447.2"", ""transcript_id"": ""ENSMUST00000114799.8""}]",2026_03,0.1.0
ENSMUSG00000002249,P70210,10090,UniProtKB reviewed (Swiss-Prot),,entry_level_cross_reference_isoform_unspecified,,,"[{""gene_id_versioned"": ""ENSMUSG00000002249.22"", ""isoform_id"": """", ""protein_id"": ""ENSMUSP00000118582.3"", ""transcript_id"": ""ENSMUST00000154873.9""}, {""gene_id_versioned"": ""ENSMUSG00000002249.22"", ""isoform_id"": """", ""protein_id"": ""ENSMUSP00000115443.3"", ""transcript_id"": ""ENSMUST00000156862.3""}]",2026_03,0.1.0
ENSMUSG00000005312,A0A286YE09,10090,UniProtKB unreviewed (TrEMBL),,entry_level_cross_reference_isoform_unspecified,,AMBIGUOUS_OR_INVALID_SEQUENCE,"[{""gene_id_versioned"": ""ENSMUSG00000005312.16"", ""isoform_id"": """", ""protein_id"": ""ENSMUSP00000153666.2"", ""transcript_id"": ""ENSMUST00000225645.2""}]",2026_03,0.1.0
ENSMUSG00000005312,Q8R317,10090,UniProtKB reviewed (Swiss-Prot),Q8R317-1,explicit_displayed_isoform_cross_reference,,,"[{""gene_id_versioned"": ""ENSMUSG00000005312.16"", ""isoform_id"": ""Q8R317-1"", ""protein_id"": ""ENSMUSP00000050191.6"", ""transcript_id"": ""ENSMUST00000058735.12""}, {""gene_id_versioned"": ""ENSMUSG00000005312.16"", ""isoform_id"": ""Q8R317-2"", ""protein_id"": ""ENSMUSP00000075782.7"", ""transcript_id"": ""ENSMUST00000076454.8""}]",2026_03,0.1.0
ENSMUSG00000023075,Q99LF1,10090,UniProtKB reviewed (Swiss-Prot),,entry_level_cross_reference_isoform_unspecified,,,"[{""gene_id_versioned"": ""ENSMUSG00000023075.10"", ""isoform_id"": """", ""protein_id"": ""ENSMUSP00000099696.4"", ""transcript_id"": ""ENSMUST00000102636.4""}]",2026_03,0.1.0
ENSMUSG00000039831,A0A0G2JEL5,10090,UniProtKB unreviewed (TrEMBL),,entry_level_cross_reference_isoform_unspecified,,FRAGMENT_SEQUENCE,"[{""gene_id_versioned"": ""ENSMUSG00000039831.17"", ""isoform_id"": """", ""protein_id"": ""ENSMUSP00000142817.2"", ""transcript_id"": ""ENSMUST00000196479.5""}]",2026_03,0.1.0
ENSMUSG00000039831,A0A0G2JEY0,10090,UniProtKB unreviewed (TrEMBL),,entry_level_cross_reference_isoform_unspecified,,FRAGMENT_SEQUENCE,"[{""gene_id_versioned"": ""ENSMUSG00000039831.17"", ""isoform_id"": """", ""protein_id"": ""ENSMUSP00000142945.2"", ""transcript_id"": ""ENSMUST00000197155.5""}]",2026_03,0.1.0
ENSMUSG00000039831,A0A0G2JGF7,10090,UniProtKB unreviewed (TrEMBL),,entry_level_cross_reference_isoform_unspecified,,AMBIGUOUS_OR_INVALID_SEQUENCE,"[{""gene_id_versioned"": ""ENSMUSG00000039831.17"", ""isoform_id"": """", ""protein_id"": ""ENSMUSP00000143547.2"", ""transcript_id"": ""ENSMUST00000198914.2""}]",2026_03,0.1.0
ENSMUSG00000039831,A0A0G2JGF8,10090,UniProtKB unreviewed (TrEMBL),,entry_level_cross_reference_isoform_unspecified,,FRAGMENT_SEQUENCE,"[{""gene_id_versioned"": ""ENSMUSG00000039831.17"", ""isoform_id"": """", ""protein_id"": ""ENSMUSP00000143548.2"", ""transcript_id"": ""ENSMUST00000196904.5""}]",2026_03,0.1.0
ENSMUSG00000039831,Q8CGF1,10090,UniProtKB reviewed (Swiss-Prot),Q8CGF1-1,explicit_displayed_isoform_cross_reference,,,"[{""gene_id_versioned"": ""ENSMUSG00000039831.17"", ""isoform_id"": ""Q8CGF1-1"", ""protein_id"": ""ENSMUSP00000044624.8"", ""transcript_id"": ""ENSMUST00000037958.14""}]",2026_03,0.1.0
ENSMUSG00000072889,E9PZN0,10090,UniProtKB unreviewed (TrEMBL),,entry_level_cross_reference_isoform_unspecified,,,"[{""gene_id_versioned"": ""ENSMUSG00000072889.10"", ""isoform_id"": """", ""protein_id"": ""ENSMUSP00000114355.2"", ""transcript_id"": ""ENSMUST00000135318.8""}]",2026_03,0.1.0
ENSMUSG00000072889,E9Q3K1,10090,UniProtKB unreviewed (TrEMBL),,entry_level_cross_reference_isoform_unspecified,,FRAGMENT_SEQUENCE,"[{""gene_id_versioned"": ""ENSMUSG00000072889.10"", ""isoform_id"": """", ""protein_id"": ""ENSMUSP00000074481.5"", ""transcript_id"": ""ENSMUST00000074948.5""}]",2026_03,0.1.0
ENSMUSG00000072889,E9Q8I7,10090,UniProtKB unreviewed (TrEMBL),,entry_level_cross_reference_isoform_unspecified,,,"[{""gene_id_versioned"": ""ENSMUSG00000072889.10"", ""isoform_id"": """", ""protein_id"": ""ENSMUSP00000084467.6"", ""transcript_id"": ""ENSMUST00000087216.12""}]",2026_03,0.1.0
ENSMUSG00000035699,A0A338P6E4,10090,UniProtKB unreviewed (TrEMBL),,entry_level_cross_reference_isoform_unspecified,,,"[{""gene_id_versioned"": ""ENSMUSG00000035699.9"", ""isoform_id"": """", ""protein_id"": ""ENSMUSP00000155959.2"", ""transcript_id"": ""ENSMUST00000231690.2""}]",2026_03,0.1.0
ENSMUSG00000035699,Q8R000,10090,UniProtKB reviewed (Swiss-Prot),,entry_level_cross_reference_isoform_unspecified,,,"[{""gene_id_versioned"": ""ENSMUSG00000035699.9"", ""isoform_id"": """", ""protein_id"": ""ENSMUSP00000046286.8"", ""transcript_id"": ""ENSMUST00000042042.9""}]",2026_03,0.1.0
ENSMUSG00000040488,D3Z598,10090,UniProtKB unreviewed (TrEMBL),,entry_level_cross_reference_isoform_unspecified,,,"[{""gene_id_versioned"": ""ENSMUSG00000040488.20"", ""isoform_id"": """", ""protein_id"": ""ENSMUSP00000113523.2"", ""transcript_id"": ""ENSMUST00000118583.8""}]",2026_03,0.1.0
ENSMUSG00000040488,F6W6Z0,10090,UniProtKB unreviewed (TrEMBL),,entry_level_cross_reference_isoform_unspecified,,FRAGMENT_SEQUENCE,"[{""gene_id_versioned"": ""ENSMUSG00000040488.20"", ""isoform_id"": """", ""protein_id"": ""ENSMUSP00000120326.2"", ""transcript_id"": ""ENSMUST00000125455.2""}]",2026_03,0.1.0
ENSMUSG00000040488,Q8K4G1,10090,UniProtKB reviewed (Swiss-Prot),Q8K4G1-1,explicit_displayed_isoform_cross_reference,,,"[{""gene_id_versioned"": ""ENSMUSG00000040488.20"", ""isoform_id"": ""Q8K4G1-1"", ""protein_id"": ""ENSMUSP00000037536.7"", ""transcript_id"": ""ENSMUST00000038618.13""}, {""gene_id_versioned"": ""ENSMUSG00000040488.20"", ""isoform_id"": ""Q8K4G1-2"", ""protein_id"": ""ENSMUSP00000113674.2"", ""transcript_id"": ""ENSMUST00000121175.8""}]",2026_03,0.1.0
ENSMUSG00000005107,A0A5H1ZRL6,10090,UniProtKB unreviewed (TrEMBL),,entry_level_cross_reference_isoform_unspecified,,,"[{""gene_id_versioned"": ""ENSMUSG00000005107.14"", ""isoform_id"": """", ""protein_id"": ""ENSMUSP00000117390.2"", ""transcript_id"": ""ENSMUST00000122970.8""}]",2026_03,0.1.0
ENSMUSG00000005107,A0A5H1ZRL9,10090,UniProtKB unreviewed (TrEMBL),,entry_level_cross_reference_isoform_unspecified,,FRAGMENT_SEQUENCE,"[{""gene_id_versioned"": ""ENSMUSG00000005107.14"", ""isoform_id"": """", ""protein_id"": ""ENSMUSP00000119586.2"", ""transcript_id"": ""ENSMUST00000147664.8""}]",2026_03,0.1.0
ENSMUSG00000005107,A0A5H1ZRN5,10090,UniProtKB unreviewed (TrEMBL),,entry_level_cross_reference_isoform_unspecified,,FRAGMENT_SEQUENCE,"[{""gene_id_versioned"": ""ENSMUSG00000005107.14"", ""isoform_id"": """", ""protein_id"": ""ENSMUSP00000144374.2"", ""transcript_id"": ""ENSMUST00000156272.8""}]",2026_03,0.1.0
ENSMUSG00000005107,Q3T9X0,10090,UniProtKB reviewed (Swiss-Prot),Q3T9X0-1,explicit_displayed_isoform_cross_reference,,,"[{""gene_id_versioned"": ""ENSMUSG00000005107.14"", ""isoform_id"": ""Q3T9X0-4"", ""protein_id"": ""ENSMUSP00000005238.7"", ""transcript_id"": ""ENSMUST00000005238.13""}, {""gene_id_versioned"": ""ENSMUSG00000005107.14"", ""isoform_id"": ""Q3T9X0-2"", ""protein_id"": ""ENSMUSP00000066872.6"", ""transcript_id"": ""ENSMUST00000067872.12""}, {""gene_id_versioned"": ""ENSMUSG00000005107.14"", ""isoform_id"": ""Q3T9X0-1"", ""protein_id"": ""ENSMUSP00000063352.6"", ""transcript_id"": ""ENSMUST00000067886.12""}, {""gene_id_versioned"": ""ENSMUSG00000005107.14"", ""isoform_id"": ""Q3T9X0-2"", ""protein_id"": ""ENSMUSP00000122723.2"", ""transcript_id"": ""ENSMUST00000129099.8""}, {""gene_id_versioned"": ""ENSMUSG00000005107.14"", ""isoform_id"": ""Q3T9X0-3"", ""protein_id"": ""ENSMUSP00000118430.2"", ""transcript_id"": ""ENSMUST00000143758.8""}, {""gene_id_versioned"": ""ENSMUSG00000005107.14"", ""isoform_id"": ""Q3T9X0-2"", ""protein_id"": ""ENSMUSP00000116354.2"", ""transcript_id"": ""ENSMUST00000155634.8""}]",2026_03,0.1.0
ENSMUSG00000022665,Q8R2G6,10090,UniProtKB reviewed (Swiss-Prot),,entry_level_cross_reference_isoform_unspecified,,,"[{""gene_id_versioned"": ""ENSMUSG00000022665.16"", ""isoform_id"": """", ""protein_id"": ""ENSMUSP00000058752.6"", ""transcript_id"": ""ENSMUST00000061050.6""}, {""gene_id_versioned"": ""ENSMUSG00000022665.16"", ""isoform_id"": """", ""protein_id"": ""ENSMUSP00000097097.3"", ""transcript_id"": ""ENSMUST00000099498.10""}]",2026_03,0.1.0
ENSMUSG00000006057,Q9CR84,10090,UniProtKB reviewed (Swiss-Prot),,entry_level_cross_reference_isoform_unspecified,,,"[{""gene_id_versioned"": ""ENSMUSG00000006057.17"", ""isoform_id"": """", ""protein_id"": ""ENSMUSP00000088029.6"", ""transcript_id"": ""ENSMUST00000090541.12""}, {""gene_id_versioned"": ""ENSMUSG00000006057.17"", ""isoform_id"": """", ""protein_id"": ""ENSMUSP00000103312.2"", ""transcript_id"": ""ENSMUST00000107684.2""}, {""gene_id_versioned"": ""ENSMUSG00000006057.17"", ""isoform_id"": """", ""protein_id"": ""ENSMUSP00000103314.2"", ""transcript_id"": ""ENSMUST00000107686.8""}]",2026_03,0.1.0
ENSMUSG00000020863,F7A7G1,10090,UniProtKB unreviewed (TrEMBL),,entry_level_cross_reference_isoform_unspecified,,AMBIGUOUS_OR_INVALID_SEQUENCE,"[{""gene_id_versioned"": ""ENSMUSG00000020863.16"", ""isoform_id"": """", ""protein_id"": ""ENSMUSP00000131166.2"", ""transcript_id"": ""ENSMUST00000132623.9""}]",2026_03,0.1.0
ENSMUSG00000020863,F7CR21,10090,UniProtKB unreviewed (TrEMBL),,entry_level_cross_reference_isoform_unspecified,,AMBIGUOUS_OR_INVALID_SEQUENCE,"[{""gene_id_versioned"": ""ENSMUSG00000020863.16"", ""isoform_id"": """", ""protein_id"": ""ENSMUSP00000128571.2"", ""transcript_id"": ""ENSMUST00000138369.2""}]",2026_03,0.1.0
ENSMUSG00000020863,F8WGA8,10090,UniProtKB unreviewed (TrEMBL),,entry_level_cross_reference_isoform_unspecified,,,"[{""gene_id_versioned"": ""ENSMUSG00000020863.16"", ""isoform_id"": """", ""protein_id"": ""ENSMUSP00000103452.4"", ""transcript_id"": ""ENSMUST00000107822.10""}]",2026_03,0.1.0
ENSMUSG00000020863,Q5SUF2,10090,UniProtKB reviewed (Swiss-Prot),Q5SUF2-1,explicit_displayed_isoform_cross_reference,,,"[{""gene_id_versioned"": ""ENSMUSG00000020863.16"", ""isoform_id"": ""Q5SUF2-2"", ""protein_id"": ""ENSMUSP00000021226.8"", ""transcript_id"": ""ENSMUST00000021226.14""}, {""gene_id_versioned"": ""ENSMUSG00000020863.16"", ""isoform_id"": ""Q5SUF2-1"", ""protein_id"": ""ENSMUSP00000103450.2"", ""transcript_id"": ""ENSMUST00000107820.2""}, {""gene_id_versioned"": ""ENSMUSG00000020863.16"", ""isoform_id"": ""Q5SUF2-1"", ""protein_id"": ""ENSMUSP00000103451.3"", ""transcript_id"": ""ENSMUST00000107821.9""}, {""gene_id_versioned"": ""ENSMUSG00000020863.16"", ""isoform_id"": ""Q5SUF2-3"", ""protein_id"": ""ENSMUSP00000129919.2"", ""transcript_id"": ""ENSMUST00000166312.8""}]",2026_03,0.1.0
ENSMUSG00000023336,A0A1D5RLN2,10090,UniProtKB unreviewed (TrEMBL),,entry_level_cross_reference_isoform_unspecified,,,"[{""gene_id_versioned"": ""ENSMUSG00000023336.7"", ""isoform_id"": """", ""protein_id"": ""ENSMUSP00000148437.2"", ""transcript_id"": ""ENSMUST00000212901.2""}]",2026_03,0.1.0
ENSMUSG00000023336,Q9ESH5,10090,UniProtKB reviewed (Swiss-Prot),,entry_level_cross_reference_isoform_unspecified,,,"[{""gene_id_versioned"": ""ENSMUSG00000023336.7"", ""isoform_id"": """", ""protein_id"": ""ENSMUSP00000024107.6"", ""transcript_id"": ""ENSMUST00000024107.7""}]",2026_03,0.1.0
ENSMUSG00000029004,A0A087WSN9,10090,UniProtKB unreviewed (TrEMBL),,entry_level_cross_reference_isoform_unspecified,,FRAGMENT_SEQUENCE,"[{""gene_id_versioned"": ""ENSMUSG00000029004.16"", ""isoform_id"": """", ""protein_id"": ""ENSMUSP00000141126.2"", ""transcript_id"": ""ENSMUST00000126586.8""}]",2026_03,0.1.0
ENSMUSG00000029004,A0A0A6YW47,10090,UniProtKB unreviewed (TrEMBL),,entry_level_cross_reference_isoform_unspecified,,AMBIGUOUS_OR_INVALID_SEQUENCE,"[{""gene_id_versioned"": ""ENSMUSG00000029004.16"", ""isoform_id"": """", ""protein_id"": ""ENSMUSP00000141393.2"", ""transcript_id"": ""ENSMUST00000194010.2""}]",2026_03,0.1.0
ENSMUSG00000029004,A0A0G2JDX7,10090,UniProtKB unreviewed (TrEMBL),,entry_level_cross_reference_isoform_unspecified,,FRAGMENT_SEQUENCE,"[{""gene_id_versioned"": ""ENSMUSG00000029004.16"", ""isoform_id"": """", ""protein_id"": ""ENSMUSP00000142547.2"", ""transcript_id"": ""ENSMUST00000146375.6""}]",2026_03,0.1.0
ENSMUSG00000029004,A0A0G2JDZ2,10090,UniProtKB unreviewed (TrEMBL),,entry_level_cross_reference_isoform_unspecified,,,"[{""gene_id_versioned"": ""ENSMUSG00000029004.16"", ""isoform_id"": """", ""protein_id"": ""ENSMUSP00000142568.2"", ""transcript_id"": ""ENSMUST00000196889.5""}]",2026_03,0.1.0
ENSMUSG00000029004,A0A0G2JH19,10090,UniProtKB unreviewed (TrEMBL),,entry_level_cross_reference_isoform_unspecified,,FRAGMENT_SEQUENCE,"[{""gene_id_versioned"": ""ENSMUSG00000029004.16"", ""isoform_id"": """", ""protein_id"": ""ENSMUSP00000143791.2"", ""transcript_id"": ""ENSMUST00000196260.2""}]",2026_03,0.1.0
ENSMUSG00000029004,Q3UG20,10090,UniProtKB reviewed (Swiss-Prot),Q3UG20-1,explicit_displayed_isoform_cross_reference,,,"[{""gene_id_versioned"": ""ENSMUSG00000029004.16"", ""isoform_id"": ""Q3UG20-1"", ""protein_id"": ""ENSMUSP00000092569.3"", ""transcript_id"": ""ENSMUST00000094962.9""}, {""gene_id_versioned"": ""ENSMUSG00000029004.16"", ""isoform_id"": ""Q3UG20-1"", ""protein_id"": ""ENSMUSP00000110781.2"", ""transcript_id"": ""ENSMUST00000115128.8""}]",2026_03,0.1.0
ENSMUSG00000053644,E9Q1G1,10090,UniProtKB unreviewed (TrEMBL),,entry_level_cross_reference_isoform_unspecified,,FRAGMENT_SEQUENCE,"[{""gene_id_versioned"": ""ENSMUSG00000053644.14"", ""isoform_id"": """", ""protein_id"": ""ENSMUSP00000127652.3"", ""transcript_id"": ""ENSMUST00000171844.3""}]",2026_03,0.1.0
ENSMUSG00000053644,E9Q1H3,10090,UniProtKB unreviewed (TrEMBL),,entry_level_cross_reference_isoform_unspecified,,AMBIGUOUS_OR_INVALID_SEQUENCE,"[{""gene_id_versioned"": ""ENSMUSG00000053644.14"", ""isoform_id"": """", ""protein_id"": ""ENSMUSP00000127625.2"", ""transcript_id"": ""ENSMUST00000170309.8""}]",2026_03,0.1.0
ENSMUSG00000053644,G3UY72,10090,UniProtKB unreviewed (TrEMBL),,entry_level_cross_reference_isoform_unspecified,,FRAGMENT_SEQUENCE,"[{""gene_id_versioned"": ""ENSMUSG00000053644.14"", ""isoform_id"": """", ""protein_id"": ""ENSMUSP00000133970.2"", ""transcript_id"": ""ENSMUST00000174704.8""}]",2026_03,0.1.0
ENSMUSG00000053644,G3UYR8,10090,UniProtKB unreviewed (TrEMBL),,entry_level_cross_reference_isoform_unspecified,,,"[{""gene_id_versioned"": ""ENSMUSG00000053644.14"", ""isoform_id"": """", ""protein_id"": ""ENSMUSP00000134192.2"", ""transcript_id"": ""ENSMUST00000172734.8""}]",2026_03,0.1.0
ENSMUSG00000053644,Q9DBF1,10090,UniProtKB reviewed (Swiss-Prot),Q9DBF1-1,explicit_displayed_isoform_cross_reference,,,"[{""gene_id_versioned"": ""ENSMUSG00000053644.14"", ""isoform_id"": ""Q9DBF1-1"", ""protein_id"": ""ENSMUSP00000065089.7"", ""transcript_id"": ""ENSMUST00000066208.13""}, {""gene_id_versioned"": ""ENSMUSG00000053644.14"", ""isoform_id"": ""Q9DBF1-2"", ""protein_id"": ""ENSMUSP00000133372.2"", ""transcript_id"": ""ENSMUST00000174518.8""}]",2026_03,0.1.0
ENSMUSG00000079415,P51642,10090,UniProtKB reviewed (Swiss-Prot),,entry_level_cross_reference_isoform_unspecified,,,"[{""gene_id_versioned"": ""ENSMUSG00000079415.3"", ""isoform_id"": """", ""protein_id"": ""ENSMUSP00000108555.2"", ""transcript_id"": ""ENSMUST00000112933.2""}]",2026_03,0.1.0
ENSMUSG00000048482,H9H9S8,10090,UniProtKB unreviewed (TrEMBL),,entry_level_cross_reference_isoform_unspecified,,,"[{""gene_id_versioned"": ""ENSMUSG00000048482.15"", ""isoform_id"": """", ""protein_id"": ""ENSMUSP00000106671.3"", ""transcript_id"": ""ENSMUST00000111042.3""}]",2026_03,0.1.0
ENSMUSG00000048482,P21237,10090,UniProtKB reviewed (Swiss-Prot),P21237-1,explicit_displayed_isoform_cross_reference,,,"[{""gene_id_versioned"": ""ENSMUSG00000048482.15"", ""isoform_id"": ""P21237-2"", ""protein_id"": ""ENSMUSP00000057989.6"", ""transcript_id"": ""ENSMUST00000053317.12""}, {""gene_id_versioned"": ""ENSMUSG00000048482.15"", ""isoform_id"": ""P21237-1"", ""protein_id"": ""ENSMUSP00000106672.3"", ""transcript_id"": ""ENSMUST00000111043.9""}, {""gene_id_versioned"": ""ENSMUSG00000048482.15"", ""isoform_id"": ""P21237-1"", ""protein_id"": ""ENSMUSP00000106673.3"", ""transcript_id"": ""ENSMUST00000111044.3""}, {""gene_id_versioned"": ""ENSMUSG00000048482.15"", ""isoform_id"": ""P21237-1"", ""protein_id"": ""ENSMUSP00000106674.3"", ""transcript_id"": ""ENSMUST00000111045.9""}, {""gene_id_versioned"": ""ENSMUSG00000048482.15"", ""isoform_id"": ""P21237-1"", ""protein_id"": ""ENSMUSP00000106675.3"", ""transcript_id"": ""ENSMUST00000111046.9""}, {""gene_id_versioned"": ""ENSMUSG00000048482.15"", ""isoform_id"": ""P21237-1"", ""protein_id"": ""ENSMUSP00000106676.3"", ""transcript_id"": ""ENSMUST00000111047.9""}, {""gene_id_versioned"": ""ENSMUSG00000048482.15"", ""isoform_id"": ""P21237-1"", ""protein_id"": ""ENSMUSP00000106678.3"", ""transcript_id"": ""ENSMUST00000111049.9""}, {""gene_id_versioned"": ""ENSMUSG00000048482.15"", ""isoform_id"": ""P21237-1"", ""protein_id"": ""ENSMUSP00000106679.4"", ""transcript_id"": ""ENSMUST00000111050.10""}, {""gene_id_versioned"": ""ENSMUSG00000048482.15"", ""isoform_id"": ""P21237-1"", ""protein_id"": ""ENSMUSP00000106680.4"", ""transcript_id"": ""ENSMUST00000111051.10""}, {""gene_id_versioned"": ""ENSMUSG00000048482.15"", ""isoform_id"": ""P21237-1"", ""protein_id"": ""ENSMUSP00000135762.2"", ""transcript_id"": ""ENSMUST00000176893.8""}]",2026_03,0.1.0
ENSMUSG00000026628,Q60765,10090,UniProtKB reviewed (Swiss-Prot),,entry_level_cross_reference_isoform_unspecified,,,"[{""gene_id_versioned"": ""ENSMUSG00000026628.14"", ""isoform_id"": """", ""protein_id"": ""ENSMUSP00000027941.9"", ""transcript_id"": ""ENSMUST00000027941.14""}, {""gene_id_versioned"": ""ENSMUSG00000026628.14"", ""isoform_id"": """", ""protein_id"": ""ENSMUSP00000141492.2"", ""transcript_id"": ""ENSMUST00000195117.2""}]",2026_03,0.1.0
ENSMUSG00000022512,O88551,10090,UniProtKB reviewed (Swiss-Prot),,entry_level_cross_reference_isoform_unspecified,,,"[{""gene_id_versioned"": ""ENSMUSG00000022512.4"", ""isoform_id"": """", ""protein_id"": ""ENSMUSP00000023154.3"", ""transcript_id"": ""ENSMUST00000023154.3""}]",2026_03,0.1.0
ENSMUSG00000026080,A0A0A6YVW5,10090,UniProtKB unreviewed (TrEMBL),,entry_level_cross_reference_isoform_unspecified,,,"[{""gene_id_versioned"": ""ENSMUSG00000026080"", ""isoform_id"": """", ""protein_id"": ""ENSMUSP00000141295"", ""transcript_id"": ""ENSMUST00000194361""}]",2026_03,0.1.0
ENSMUSG00000026080,A0A0A6YWA7,10090,UniProtKB unreviewed (TrEMBL),,entry_level_cross_reference_isoform_unspecified,,FRAGMENT_SEQUENCE,"[{""gene_id_versioned"": ""ENSMUSG00000026080.15"", ""isoform_id"": """", ""protein_id"": ""ENSMUSP00000141470.2"", ""transcript_id"": ""ENSMUST00000192948.6""}]",2026_03,0.1.0
ENSMUSG00000026080,A0A0A6YWB7,10090,UniProtKB unreviewed (TrEMBL),,entry_level_cross_reference_isoform_unspecified,,,"[{""gene_id_versioned"": ""ENSMUSG00000026080.15"", ""isoform_id"": """", ""protein_id"": ""ENSMUSP00000141481.3"", ""transcript_id"": ""ENSMUST00000194657.3""}]",2026_03,0.1.0
ENSMUSG00000026080,A0A0A6YWM2,10090,UniProtKB unreviewed (TrEMBL),,entry_level_cross_reference_isoform_unspecified,,FRAGMENT_SEQUENCE,"[{""gene_id_versioned"": ""ENSMUSG00000026080.15"", ""isoform_id"": """", ""protein_id"": ""ENSMUSP00000141604.2"", ""transcript_id"": ""ENSMUST00000193435.6""}]",2026_03,0.1.0
ENSMUSG00000026080,A0A0A6YXK3,10090,UniProtKB unreviewed (TrEMBL),,entry_level_cross_reference_isoform_unspecified,,,"[{""gene_id_versioned"": ""ENSMUSG00000026080.15"", ""isoform_id"": """", ""protein_id"": ""ENSMUSP00000142028.3"", ""transcript_id"": ""ENSMUST00000193441.7""}]",2026_03,0.1.0
ENSMUSG00000026080,F8WIW4,10090,UniProtKB unreviewed (TrEMBL),,entry_level_cross_reference_isoform_unspecified,,,"[{""gene_id_versioned"": ""ENSMUSG00000026080"", ""isoform_id"": """", ""protein_id"": ""ENSMUSP00000027249"", ""transcript_id"": ""ENSMUST00000027249""}]",2026_03,0.1.0
ENSMUSG00000026080,Q6PGK7,10090,UniProtKB reviewed (Swiss-Prot),Q6PGK7-1,explicit_displayed_isoform_cross_reference,,,"[{""gene_id_versioned"": ""ENSMUSG00000026080.15"", ""isoform_id"": ""Q6PGK7-1"", ""protein_id"": ""ENSMUSP00000027249.8"", ""transcript_id"": ""ENSMUST00000027249.13""}, {""gene_id_versioned"": ""ENSMUSG00000026080.15"", ""isoform_id"": ""Q6PGK7-1"", ""protein_id"": ""ENSMUSP00000141295.3"", ""transcript_id"": ""ENSMUST00000194361.7""}]",2026_03,0.1.0
ENSMUSG00000042626,D3YXZ9,10090,UniProtKB unreviewed (TrEMBL),,entry_level_cross_reference_isoform_unspecified,,FRAGMENT_SEQUENCE,"[{""gene_id_versioned"": ""ENSMUSG00000042626.14"", ""isoform_id"": """", ""protein_id"": ""ENSMUSP00000123635.2"", ""transcript_id"": ""ENSMUST00000154791.8""}]",2026_03,0.1.0
ENSMUSG00000042626,D3YZV5,10090,UniProtKB unreviewed (TrEMBL),,entry_level_cross_reference_isoform_unspecified,,FRAGMENT_SEQUENCE,"[{""gene_id_versioned"": ""ENSMUSG00000042626.14"", ""isoform_id"": """", ""protein_id"": ""ENSMUSP00000115509.2"", ""transcript_id"": ""ENSMUST00000125036.8""}]",2026_03,0.1.0
ENSMUSG00000042626,D3Z2I8,10090,UniProtKB unreviewed (TrEMBL),,entry_level_cross_reference_isoform_unspecified,,FRAGMENT_SEQUENCE,"[{""gene_id_versioned"": ""ENSMUSG00000042626.14"", ""isoform_id"": """", ""protein_id"": ""ENSMUSP00000119293.2"", ""transcript_id"": ""ENSMUST00000128238.8""}]",2026_03,0.1.0
ENSMUSG00000042626,D3Z5U6,10090,UniProtKB unreviewed (TrEMBL),,entry_level_cross_reference_isoform_unspecified,,FRAGMENT_SEQUENCE,"[{""gene_id_versioned"": ""ENSMUSG00000042626.14"", ""isoform_id"": """", ""protein_id"": ""ENSMUSP00000117190.2"", ""transcript_id"": ""ENSMUST00000137793.2""}]",2026_03,0.1.0
ENSMUSG00000042626,P98083,10090,UniProtKB reviewed (Swiss-Prot),P98083-1,explicit_displayed_isoform_cross_reference,,,"[{""gene_id_versioned"": ""ENSMUSG00000042626.14"", ""isoform_id"": ""P98083-2"", ""protein_id"": ""ENSMUSP00000035361.6"", ""transcript_id"": ""ENSMUST00000039110.12""}, {""gene_id_versioned"": ""ENSMUSG00000042626.14"", ""isoform_id"": ""P98083-1"", ""protein_id"": ""ENSMUSP00000091940.4"", ""transcript_id"": ""ENSMUST00000094378.10""}, {""gene_id_versioned"": ""ENSMUSG00000042626.14"", ""isoform_id"": ""P98083-3"", ""protein_id"": ""ENSMUSP00000103040.3"", ""transcript_id"": ""ENSMUST00000107417.9""}, {""gene_id_versioned"": ""ENSMUSG00000042626.14"", ""isoform_id"": ""P98083-2"", ""protein_id"": ""ENSMUSP00000140336.2"", ""transcript_id"": ""ENSMUST00000191485.7""}]",2026_03,0.1.0
ENSMUSG00000027952,D3YXP6,10090,UniProtKB unreviewed (TrEMBL),,entry_level_cross_reference_isoform_unspecified,,,"[{""gene_id_versioned"": ""ENSMUSG00000027952.17"", ""isoform_id"": """", ""protein_id"": ""ENSMUSP00000103033.2"", ""transcript_id"": ""ENSMUST00000107410.8""}]",2026_03,0.1.0
ENSMUSG00000027952,Q9D1G2,10090,UniProtKB reviewed (Swiss-Prot),Q9D1G2-1,explicit_displayed_isoform_cross_reference,,,"[{""gene_id_versioned"": ""ENSMUSG00000027952.17"", ""isoform_id"": ""Q9D1G2-1"", ""protein_id"": ""ENSMUSP00000029564.6"", ""transcript_id"": ""ENSMUST00000029564.12""}, {""gene_id_versioned"": ""ENSMUSG00000027952.17"", ""isoform_id"": ""Q9D1G2-2"", ""protein_id"": ""ENSMUSP00000139116.2"", ""transcript_id"": ""ENSMUST00000184515.2""}, {""gene_id_versioned"": ""ENSMUSG00000027952.17"", ""isoform_id"": ""Q9D1G2-3"", ""protein_id"": ""ENSMUSP00000143154.2"", ""transcript_id"": ""ENSMUST00000198440.5""}]",2026_03,0.1.0
ENSMUSG00000030413,O88593,10090,UniProtKB reviewed (Swiss-Prot),,entry_level_cross_reference_isoform_unspecified,,,"[{""gene_id_versioned"": ""ENSMUSG00000030413.8"", ""isoform_id"": """", ""protein_id"": ""ENSMUSP00000032573.7"", ""transcript_id"": ""ENSMUST00000032573.8""}]",2026_03,0.1.0
ENSMUSG00000052675,A0A1L1SUE1,10090,UniProtKB unreviewed (TrEMBL),,entry_level_cross_reference_isoform_unspecified,,,"[{""gene_id_versioned"": ""ENSMUSG00000052675.12"", ""isoform_id"": """", ""protein_id"": ""ENSMUSP00000150734.2"", ""transcript_id"": ""ENSMUST00000215113.2""}]",2026_03,0.1.0
ENSMUSG00000052675,Q0VAW7,10090,UniProtKB reviewed (Swiss-Prot),Q0VAW7-1,explicit_displayed_isoform_cross_reference,,,"[{""gene_id_versioned"": ""ENSMUSG00000052675.12"", ""isoform_id"": ""Q0VAW7-1"", ""protein_id"": ""ENSMUSP00000005413.4"", ""transcript_id"": ""ENSMUST00000005413.4""}, {""gene_id_versioned"": ""ENSMUSG00000052675.12"", ""isoform_id"": ""Q0VAW7-2"", ""protein_id"": ""ENSMUSP00000113031.2"", ""transcript_id"": ""ENSMUST00000120006.8""}]",2026_03,0.1.0
ENSMUSG00000074207,E0CXV3,10090,UniProtKB unreviewed (TrEMBL),,entry_level_cross_reference_isoform_unspecified,,,"[{""gene_id_versioned"": ""ENSMUSG00000074207.11"", ""isoform_id"": """", ""protein_id"": ""ENSMUSP00000124688.2"", ""transcript_id"": ""ENSMUST00000159159.2""}]",2026_03,0.1.0
ENSMUSG00000074207,P00329,10090,UniProtKB reviewed (Swiss-Prot),,entry_level_cross_reference_isoform_unspecified,,,"[{""gene_id_versioned"": ""ENSMUSG00000074207.11"", ""isoform_id"": """", ""protein_id"": ""ENSMUSP00000004232.10"", ""transcript_id"": ""ENSMUST00000004232.10""}]",2026_03,0.1.0
ENSMUSG00000038095,A0A0G2JDL6,10090,UniProtKB unreviewed (TrEMBL),,entry_level_cross_reference_isoform_unspecified,,FRAGMENT_SEQUENCE,"[{""gene_id_versioned"": ""ENSMUSG00000038095.16"", ""isoform_id"": """", ""protein_id"": ""ENSMUSP00000142416.2"", ""transcript_id"": ""ENSMUST00000198420.5""}]",2026_03,0.1.0
ENSMUSG00000038095,A0A0G2JDS5,10090,UniProtKB unreviewed (TrEMBL),,entry_level_cross_reference_isoform_unspecified,,,"[{""gene_id_versioned"": ""ENSMUSG00000038095.16"", ""isoform_id"": """", ""protein_id"": ""ENSMUSP00000066808.6"", ""transcript_id"": ""ENSMUST00000065263.12""}, {""gene_id_versioned"": ""ENSMUSG00000038095.16"", ""isoform_id"": """", ""protein_id"": ""ENSMUSP00000142481.2"", ""transcript_id"": ""ENSMUST00000199808.5""}]",2026_03,0.1.0
ENSMUSG00000038095,A0A0G2JEM3,10090,UniProtKB unreviewed (TrEMBL),,entry_level_cross_reference_isoform_unspecified,,FRAGMENT_SEQUENCE,"[{""gene_id_versioned"": ""ENSMUSG00000038095.16"", ""isoform_id"": """", ""protein_id"": ""ENSMUSP00000142827.2"", ""transcript_id"": ""ENSMUST00000196644.5""}]",2026_03,0.1.0
ENSMUSG00000038095,A0A0G2JF11,10090,UniProtKB unreviewed (TrEMBL),,entry_level_cross_reference_isoform_unspecified,,FRAGMENT_SEQUENCE,"[{""gene_id_versioned"": ""ENSMUSG00000038095.16"", ""isoform_id"": """", ""protein_id"": ""ENSMUSP00000142980.2"", ""transcript_id"": ""ENSMUST00000196711.5""}]",2026_03,0.1.0
ENSMUSG00000038095,A0A0G2JF99,10090,UniProtKB unreviewed (TrEMBL),,entry_level_cross_reference_isoform_unspecified,,FRAGMENT_SEQUENCE,"[{""gene_id_versioned"": ""ENSMUSG00000038095.16"", ""isoform_id"": """", ""protein_id"": ""ENSMUSP00000143084.2"", ""transcript_id"": ""ENSMUST00000196329.5""}]",2026_03,0.1.0
ENSMUSG00000038095,A0A0G2JFU7,10090,UniProtKB unreviewed (TrEMBL),,entry_level_cross_reference_isoform_unspecified,,,"[{""gene_id_versioned"": ""ENSMUSG00000038095.16"", ""isoform_id"": """", ""protein_id"": ""ENSMUSP00000143314.2"", ""transcript_id"": ""ENSMUST00000199004.5""}]",2026_03,0.1.0
ENSMUSG00000038095,A0A0G2JG63,10090,UniProtKB unreviewed (TrEMBL),,entry_level_cross_reference_isoform_unspecified,,AMBIGUOUS_OR_INVALID_SEQUENCE,"[{""gene_id_versioned"": ""ENSMUSG00000038095.16"", ""isoform_id"": """", ""protein_id"": ""ENSMUSP00000143440.2"", ""transcript_id"": ""ENSMUST00000200674.2""}]",2026_03,0.1.0
ENSMUSG00000038095,A0A0G2JGC7,10090,UniProtKB unreviewed (TrEMBL),,entry_level_cross_reference_isoform_unspecified,,FRAGMENT_SEQUENCE,"[{""gene_id_versioned"": ""ENSMUSG00000038095.16"", ""isoform_id"": """", ""protein_id"": ""ENSMUSP00000143516.2"", ""transcript_id"": ""ENSMUST00000200474.5""}]",2026_03,0.1.0
ENSMUSG00000038095,A0A0G2JGI0,10090,UniProtKB unreviewed (TrEMBL),,entry_level_cross_reference_isoform_unspecified,,FRAGMENT_SEQUENCE,"[{""gene_id_versioned"": ""ENSMUSG00000038095.16"", ""isoform_id"": """", ""protein_id"": ""ENSMUSP00000143572.2"", ""transcript_id"": ""ENSMUST00000197777.2""}]",2026_03,0.1.0
ENSMUSG00000038095,F7CVW0,10090,UniProtKB unreviewed (TrEMBL),,entry_level_cross_reference_isoform_unspecified,,FRAGMENT_SEQUENCE,"[{""gene_id_versioned"": ""ENSMUSG00000038095.16"", ""isoform_id"": """", ""protein_id"": ""ENSMUSP00000130860.3"", ""transcript_id"": ""ENSMUST00000168651.6""}]",2026_03,0.1.0
ENSMUSG00000042607,Q9WV71,10090,UniProtKB reviewed (Swiss-Prot),,entry_level_cross_reference_isoform_unspecified,,,"[{""gene_id_versioned"": ""ENSMUSG00000042607.16"", ""isoform_id"": """", ""protein_id"": ""ENSMUSP00000040331.6"", ""transcript_id"": ""ENSMUST00000043294.12""}]",2026_03,0.1.0
ENSMUSG00000042607,V9GXN7,10090,UniProtKB unreviewed (TrEMBL),,entry_level_cross_reference_isoform_unspecified,,,"[{""gene_id_versioned"": ""ENSMUSG00000042607.16"", ""isoform_id"": """", ""protein_id"": ""ENSMUSP00000139245.2"", ""transcript_id"": ""ENSMUST00000183358.2""}]",2026_03,0.1.0
ENSMUSG00000060981,P62806,10090,UniProtKB reviewed (Swiss-Prot),,entry_level_cross_reference_isoform_unspecified,,,"[{""gene_id_versioned"": ""ENSMUSG00000060981.8"", ""isoform_id"": """", ""protein_id"": ""ENSMUSP00000100037.4"", ""transcript_id"": ""ENSMUST00000102972.6""}]",2026_03,0.1.0
ENSMUSG00000010760,A0A140LIM7,10090,UniProtKB unreviewed (TrEMBL),,entry_level_cross_reference_isoform_unspecified,,FRAGMENT_SEQUENCE,"[{""gene_id_versioned"": ""ENSMUSG00000010760.6"", ""isoform_id"": """", ""protein_id"": ""ENSMUSP00000146883.2"", ""transcript_id"": ""ENSMUST00000207425.2""}]",2026_03,0.1.0
ENSMUSG00000010760,O08969,10090,UniProtKB reviewed (Swiss-Prot),,entry_level_cross_reference_isoform_unspecified,,,"[{""gene_id_versioned"": ""ENSMUSG00000010760.6"", ""isoform_id"": """", ""protein_id"": ""ENSMUSP00000010904.4"", ""transcript_id"": ""ENSMUST00000010904.5""}]",2026_03,0.1.0
ENSMUSG00000041361,A0AAQ4VMU1,10090,UniProtKB unreviewed (TrEMBL),,entry_level_cross_reference_isoform_unspecified,,,"[{""gene_id_versioned"": ""ENSMUSG00000041361.15"", ""isoform_id"": """", ""protein_id"": ""ENSMUSP00000159998.1"", ""transcript_id"": ""ENSMUST00000249900.1""}]",2026_03,0.1.0
ENSMUSG00000041361,E9PWY8,10090,UniProtKB unreviewed (TrEMBL),,entry_level_cross_reference_isoform_unspecified,,FRAGMENT_SEQUENCE,"[{""gene_id_versioned"": ""ENSMUSG00000041361.15"", ""isoform_id"": """", ""protein_id"": ""ENSMUSP00000131643.2"", ""transcript_id"": ""ENSMUST00000166112.2""}]",2026_03,0.1.0
ENSMUSG00000041361,E9Q4R0,10090,UniProtKB unreviewed (TrEMBL),,entry_level_cross_reference_isoform_unspecified,,FRAGMENT_SEQUENCE,"[{""gene_id_versioned"": ""ENSMUSG00000041361.15"", ""isoform_id"": """", ""protein_id"": ""ENSMUSP00000131906.2"", ""transcript_id"": ""ENSMUST00000171977.8""}]",2026_03,0.1.0
ENSMUSG00000041361,E9Q565,10090,UniProtKB unreviewed (TrEMBL),,entry_level_cross_reference_isoform_unspecified,,,"[{""gene_id_versioned"": ""ENSMUSG00000041361.15"", ""isoform_id"": """", ""protein_id"": ""ENSMUSP00000127028.2"", ""transcript_id"": ""ENSMUST00000169573.8""}]",2026_03,0.1.0
ENSMUSG00000041361,Q3UIJ9,10090,UniProtKB reviewed (Swiss-Prot),,entry_level_cross_reference_isoform_unspecified,,,"[{""gene_id_versioned"": ""ENSMUSG00000041361.15"", ""isoform_id"": """", ""protein_id"": ""ENSMUSP00000091342.2"", ""transcript_id"": ""ENSMUST00000093823.8""}]",2026_03,0.1.0
ENSMUSG00000078851,Q8BFU2,10090,UniProtKB reviewed (Swiss-Prot),,entry_level_cross_reference_isoform_unspecified,,,"[{""gene_id_versioned"": ""ENSMUSG00000078851.5"", ""isoform_id"": """", ""protein_id"": ""ENSMUSP00000104445.4"", ""transcript_id"": ""ENSMUST00000108817.5""}]",2026_03,0.1.0
ENSMUSG00000057897,F6R2Q9,10090,UniProtKB unreviewed (TrEMBL),,entry_level_cross_reference_isoform_unspecified,,,"[{""gene_id_versioned"": ""ENSMUSG00000057897.16"", ""isoform_id"": """", ""protein_id"": ""ENSMUSP00000087925.4"", ""transcript_id"": ""ENSMUST00000090443.10""}]",2026_03,0.1.0
ENSMUSG00000057897,P28652,10090,UniProtKB reviewed (Swiss-Prot),,entry_level_cross_reference_isoform_unspecified,,,"[{""gene_id_versioned"": ""ENSMUSG00000057897.16"", ""isoform_id"": """", ""protein_id"": ""ENSMUSP00000105438.3"", ""transcript_id"": ""ENSMUST00000109813.9""}]",2026_03,0.1.0
ENSMUSG00000057897,Q5SVI0,10090,UniProtKB unreviewed (TrEMBL),,entry_level_cross_reference_isoform_unspecified,,,"[{""gene_id_versioned"": ""ENSMUSG00000057897.16"", ""isoform_id"": """", ""protein_id"": ""ENSMUSP00000099120.3"", ""transcript_id"": ""ENSMUST00000101586.3""}]",2026_03,0.1.0
ENSMUSG00000057897,Q5SVI1,10090,UniProtKB unreviewed (TrEMBL),,entry_level_cross_reference_isoform_unspecified,,,"[{""gene_id_versioned"": ""ENSMUSG00000057897.16"", ""isoform_id"": """", ""protein_id"": ""ENSMUSP00000091046.6"", ""transcript_id"": ""ENSMUST00000093355.12""}]",2026_03,0.1.0
ENSMUSG00000057897,Q5SVI2,10090,UniProtKB unreviewed (TrEMBL),,entry_level_cross_reference_isoform_unspecified,,,"[{""gene_id_versioned"": ""ENSMUSG00000057897.16"", ""isoform_id"": """", ""protein_id"": ""ENSMUSP00000105437.3"", ""transcript_id"": ""ENSMUST00000109812.9""}]",2026_03,0.1.0
ENSMUSG00000057897,Q5SVI3,10090,UniProtKB unreviewed (TrEMBL),,entry_level_cross_reference_isoform_unspecified,,,"[{""gene_id_versioned"": ""ENSMUSG00000057897.16"", ""isoform_id"": """", ""protein_id"": ""ENSMUSP00000099119.4"", ""transcript_id"": ""ENSMUST00000101585.10""}]",2026_03,0.1.0
ENSMUSG00000057897,Q5SVI9,10090,UniProtKB unreviewed (TrEMBL),,entry_level_cross_reference_isoform_unspecified,,,"[{""gene_id_versioned"": ""ENSMUSG00000057897.16"", ""isoform_id"": """", ""protein_id"": ""ENSMUSP00000065101.8"", ""transcript_id"": ""ENSMUST00000066431.14""}]",2026_03,0.1.0
ENSMUSG00000057897,Q5SVJ0,10090,UniProtKB unreviewed (TrEMBL),,entry_level_cross_reference_isoform_unspecified,,,"[{""gene_id_versioned"": ""ENSMUSG00000057897.16"", ""isoform_id"": """", ""protein_id"": ""ENSMUSP00000019133.5"", ""transcript_id"": ""ENSMUST00000019133.11""}]",2026_03,0.1.0
ENSMUSG00000057897,Q5SVJ1,10090,UniProtKB unreviewed (TrEMBL),,entry_level_cross_reference_isoform_unspecified,,,"[{""gene_id_versioned"": ""ENSMUSG00000057897.16"", ""isoform_id"": """", ""protein_id"": ""ENSMUSP00000002817.6"", ""transcript_id"": ""ENSMUST00000002817.12""}]",2026_03,0.1.0
ENSMUSG00000021936,A0A2I3BPL3,10090,UniProtKB unreviewed (TrEMBL),,entry_level_cross_reference_isoform_unspecified,,,"[{""gene_id_versioned"": ""ENSMUSG00000021936.15"", ""isoform_id"": """", ""protein_id"": ""ENSMUSP00000153833.2"", ""transcript_id"": ""ENSMUST00000226798.2""}]",2026_03,0.1.0
ENSMUSG00000021936,D3Z1Z4,10090,UniProtKB unreviewed (TrEMBL),,entry_level_cross_reference_isoform_unspecified,,,"[{""gene_id_versioned"": ""ENSMUSG00000021936.15"", ""isoform_id"": """", ""protein_id"": ""ENSMUSP00000107573.2"", ""transcript_id"": ""ENSMUST00000111942.2""}]",2026_03,0.1.0
ENSMUSG00000021936,F6RNZ9,10090,UniProtKB unreviewed (TrEMBL),,entry_level_cross_reference_isoform_unspecified,,,"[{""gene_id_versioned"": ""ENSMUSG00000021936.15"", ""isoform_id"": """", ""protein_id"": ""ENSMUSP00000107574.2"", ""transcript_id"": ""ENSMUST00000111943.8""}]",2026_03,0.1.0
ENSMUSG00000021936,F8WIL5,10090,UniProtKB unreviewed (TrEMBL),,entry_level_cross_reference_isoform_unspecified,,,"[{""gene_id_versioned"": ""ENSMUSG00000021936.15"", ""isoform_id"": """", ""protein_id"": ""ENSMUSP00000107575.4"", ""transcript_id"": ""ENSMUST00000111944.10""}]",2026_03,0.1.0
ENSMUSG00000021936,G3X8U9,10090,UniProtKB unreviewed (TrEMBL),,entry_level_cross_reference_isoform_unspecified,,,"[{""gene_id_versioned"": ""ENSMUSG00000021936.15"", ""isoform_id"": """", ""protein_id"": ""ENSMUSP00000022504.6"", ""transcript_id"": ""ENSMUST00000022504.12""}]",2026_03,0.1.0
ENSMUSG00000021936,Q91Y86,10090,UniProtKB reviewed (Swiss-Prot),,entry_level_cross_reference_isoform_unspecified,,,"[{""gene_id_versioned"": ""ENSMUSG00000021936.15"", ""isoform_id"": """", ""protein_id"": ""ENSMUSP00000107576.3"", ""transcript_id"": ""ENSMUST00000111945.9""}]",2026_03,0.1.0
ENSMUSG00000033419,A0A087WSI9,10090,UniProtKB unreviewed (TrEMBL),,entry_level_cross_reference_isoform_unspecified,,FRAGMENT_SEQUENCE,"[{""gene_id_versioned"": ""ENSMUSG00000033419.17"", ""isoform_id"": """", ""protein_id"": ""ENSMUSP00000141065.2"", ""transcript_id"": ""ENSMUST00000191290.3""}]",2026_03,0.1.0
ENSMUSG00000033419,A0A5F8MPL3,10090,UniProtKB unreviewed (TrEMBL),,entry_level_cross_reference_isoform_unspecified,,,"[{""gene_id_versioned"": ""ENSMUSG00000033419.17"", ""isoform_id"": """", ""protein_id"": ""ENSMUSP00000159021.2"", ""transcript_id"": ""ENSMUST00000239074.2""}]",2026_03,0.1.0
ENSMUSG00000033419,E9Q9A3,10090,UniProtKB unreviewed (TrEMBL),,entry_level_cross_reference_isoform_unspecified,,,"[{""gene_id_versioned"": ""ENSMUSG00000033419.17"", ""isoform_id"": """", ""protein_id"": ""ENSMUSP00000096096.4"", ""transcript_id"": ""ENSMUST00000098495.10""}]",2026_03,0.1.0
ENSMUSG00000033419,E9QLK9,10090,UniProtKB unreviewed (TrEMBL),,entry_level_cross_reference_isoform_unspecified,,,"[{""gene_id_versioned"": ""ENSMUSG00000033419.17"", ""isoform_id"": """", ""protein_id"": ""ENSMUSP00000074066.7"", ""transcript_id"": ""ENSMUST00000074468.13""}]",2026_03,0.1.0
ENSMUSG00000033419,E9QQ05,10090,UniProtKB unreviewed (TrEMBL),,entry_level_cross_reference_isoform_unspecified,,,"[{""gene_id_versioned"": ""ENSMUSG00000033419.17"", ""isoform_id"": """", ""protein_id"": ""ENSMUSP00000046189.7"", ""transcript_id"": ""ENSMUST00000036347.13""}]",2026_03,0.1.0
ENSMUSG00000033419,F6WAW5,10090,UniProtKB unreviewed (TrEMBL),,entry_level_cross_reference_isoform_unspecified,,,"[{""gene_id_versioned"": ""ENSMUSG00000033419.17"", ""isoform_id"": """", ""protein_id"": ""ENSMUSP00000074095.6"", ""transcript_id"": ""ENSMUST00000074501.12""}]",2026_03,0.1.0
ENSMUSG00000025220,A0A494B913,10090,UniProtKB unreviewed (TrEMBL),,entry_level_cross_reference_isoform_unspecified,,,"[{""gene_id_versioned"": ""ENSMUSG00000025220.9"", ""isoform_id"": """", ""protein_id"": ""ENSMUSP00000157443.2"", ""transcript_id"": ""ENSMUST00000235508.2""}]",2026_03,0.1.0
ENSMUSG00000025220,A0A494BAA3,10090,UniProtKB unreviewed (TrEMBL),,entry_level_cross_reference_isoform_unspecified,,FRAGMENT_SEQUENCE,"[{""gene_id_versioned"": ""ENSMUSG00000025220.9"", ""isoform_id"": """", ""protein_id"": ""ENSMUSP00000157944.2"", ""transcript_id"": ""ENSMUST00000235448.2""}]",2026_03,0.1.0
ENSMUSG00000025220,Q9EQQ9,10090,UniProtKB reviewed (Swiss-Prot),Q9EQQ9-1,explicit_displayed_isoform_cross_reference,,,"[{""gene_id_versioned"": ""ENSMUSG00000025220.9"", ""isoform_id"": ""Q9EQQ9-1"", ""protein_id"": ""ENSMUSP00000026243.4"", ""transcript_id"": ""ENSMUST00000026243.5""}]",2026_03,0.1.0
ENSMUSG00000044534,A0A1L1ST82,10090,UniProtKB unreviewed (TrEMBL),,entry_level_cross_reference_isoform_unspecified,,FRAGMENT_SEQUENCE,"[{""gene_id_versioned"": ""ENSMUSG00000044534.9"", ""isoform_id"": """", ""protein_id"": ""ENSMUSP00000150219.2"", ""transcript_id"": ""ENSMUST00000216326.2""}]",2026_03,0.1.0
ENSMUSG00000044534,A0A1L1SV85,10090,UniProtKB unreviewed (TrEMBL),,entry_level_cross_reference_isoform_unspecified,,FRAGMENT_SEQUENCE,"[{""gene_id_versioned"": ""ENSMUSG00000044534.9"", ""isoform_id"": """", ""protein_id"": ""ENSMUSP00000151092.2"", ""transcript_id"": ""ENSMUST00000215664.2""}]",2026_03,0.1.0
ENSMUSG00000044534,O08707,10090,UniProtKB reviewed (Swiss-Prot),,entry_level_cross_reference_isoform_unspecified,,,"[{""gene_id_versioned"": ""ENSMUSG00000044534.9"", ""isoform_id"": """", ""protein_id"": ""ENSMUSP00000050119.4"", ""transcript_id"": ""ENSMUST00000050327.5""}, {""gene_id_versioned"": ""ENSMUSG00000044534.9"", ""isoform_id"": """", ""protein_id"": ""ENSMUSP00000148966.2"", ""transcript_id"": ""ENSMUST00000214340.2""}]",2026_03,0.1.0
ENSMUSG00000046731,A0A5K1VVR8,10090,UniProtKB unreviewed (TrEMBL),,entry_level_cross_reference_isoform_unspecified,,,"[{""gene_id_versioned"": ""ENSMUSG00000046731.6"", ""isoform_id"": """", ""protein_id"": ""ENSMUSP00000059107.5"", ""transcript_id"": ""ENSMUST00000050555.6""}]",2026_03,0.1.0
ENSMUSG00000046731,Q8K485,10090,UniProtKB reviewed (Swiss-Prot),,entry_level_cross_reference_isoform_unspecified,,,"[{""gene_id_versioned"": ""ENSMUSG00000046731.6"", ""isoform_id"": """", ""protein_id"": ""ENSMUSP00000159163.2"", ""transcript_id"": ""ENSMUST00000238978.2""}]",2026_03,0.1.0
ENSMUSG00000049649,B1AUM8,10090,UniProtKB unreviewed (TrEMBL),,entry_level_cross_reference_isoform_unspecified,,FRAGMENT_SEQUENCE,"[{""gene_id_versioned"": ""ENSMUSG00000049649.9"", ""isoform_id"": """", ""protein_id"": ""ENSMUSP00000116032.2"", ""transcript_id"": ""ENSMUST00000151025.2""}]",2026_03,0.1.0
ENSMUSG00000049649,P35413,10090,UniProtKB reviewed (Swiss-Prot),,entry_level_cross_reference_isoform_unspecified,,,"[{""gene_id_versioned"": ""ENSMUSG00000049649.9"", ""isoform_id"": """", ""protein_id"": ""ENSMUSP00000062083.9"", ""transcript_id"": ""ENSMUST00000052090.9""}, {""gene_id_versioned"": ""ENSMUSG00000049649.9"", ""isoform_id"": """", ""protein_id"": ""ENSMUSP00000101531.2"", ""transcript_id"": ""ENSMUST00000105911.2""}]",2026_03,0.1.0
ENSMUSG00000061474,F7B8T7,10090,UniProtKB unreviewed (TrEMBL),,entry_level_cross_reference_isoform_unspecified,,,"[{""gene_id_versioned"": ""ENSMUSG00000061474.12"", ""isoform_id"": """", ""protein_id"": ""ENSMUSP00000104954.2"", ""transcript_id"": ""ENSMUST00000078573.5""}]",2026_03,0.1.0
ENSMUSG00000061474,Q9CQX8,10090,UniProtKB reviewed (Swiss-Prot),,entry_level_cross_reference_isoform_unspecified,,,"[{""gene_id_versioned"": ""ENSMUSG00000061474.12"", ""isoform_id"": """", ""protein_id"": ""ENSMUSP00000104957.2"", ""transcript_id"": ""ENSMUST00000109333.8""}]",2026_03,0.1.0
ENSMUSG00000029551,Q9CZH3,10090,UniProtKB reviewed (Swiss-Prot),,entry_level_cross_reference_isoform_unspecified,,,"[{""gene_id_versioned"": ""ENSMUSG00000029551.14"", ""isoform_id"": """", ""protein_id"": ""ENSMUSP00000031531.7"", ""transcript_id"": ""ENSMUST00000031531.14""}, {""gene_id_versioned"": ""ENSMUSG00000029551.14"", ""isoform_id"": """", ""protein_id"": ""ENSMUSP00000138161.2"", ""transcript_id"": ""ENSMUST00000182602.2""}]",2026_03,0.1.0
ENSMUSG00000046056,A0A0R4J2A5,10090,UniProtKB unreviewed (TrEMBL),,entry_level_cross_reference_isoform_unspecified,,,"[{""gene_id_versioned"": ""ENSMUSG00000046056.16"", ""isoform_id"": """", ""protein_id"": ""ENSMUSP00000138561.2"", ""transcript_id"": ""ENSMUST00000182229.8""}]",2026_03,0.1.0
ENSMUSG00000046056,E9QPB2,10090,UniProtKB unreviewed (TrEMBL),,entry_level_cross_reference_isoform_unspecified,,,"[{""gene_id_versioned"": ""ENSMUSG00000046056.16"", ""isoform_id"": """", ""protein_id"": ""ENSMUSP00000079362.6"", ""transcript_id"": ""ENSMUST00000080518.14""}]",2026_03,0.1.0
ENSMUSG00000046056,S4R1Y7,10090,UniProtKB unreviewed (TrEMBL),,entry_level_cross_reference_isoform_unspecified,,,"[{""gene_id_versioned"": ""ENSMUSG00000046056.16"", ""isoform_id"": """", ""protein_id"": ""ENSMUSP00000138427.2"", ""transcript_id"": ""ENSMUST00000182227.8""}]",2026_03,0.1.0
ENSMUSG00000046056,S4R2I1,10090,UniProtKB unreviewed (TrEMBL),,entry_level_cross_reference_isoform_unspecified,,,"[{""gene_id_versioned"": ""ENSMUSG00000046056.16"", ""isoform_id"": """", ""protein_id"": ""ENSMUSP00000138654.2"", ""transcript_id"": ""ENSMUST00000182721.8""}]",2026_03,0.1.0
ENSMUSG00000027534,A0A0A6YVR3,10090,UniProtKB unreviewed (TrEMBL),,entry_level_cross_reference_isoform_unspecified,,,"[{""gene_id_versioned"": ""ENSMUSG00000027534.17"", ""isoform_id"": """", ""protein_id"": ""ENSMUSP00000141230.2"", ""transcript_id"": ""ENSMUST00000195822.2""}]",2026_03,0.1.0
ENSMUSG00000027534,F6RLI8,10090,UniProtKB unreviewed (TrEMBL),,entry_level_cross_reference_isoform_unspecified,,,"[{""gene_id_versioned"": ""ENSMUSG00000027534.17"", ""isoform_id"": """", ""protein_id"": ""ENSMUSP00000096828.5"", ""transcript_id"": ""ENSMUST00000099223.11""}]",2026_03,0.1.0
ENSMUSG00000027534,Q8C080,10090,UniProtKB reviewed (Swiss-Prot),,entry_level_cross_reference_isoform_unspecified,,,"[{""gene_id_versioned"": ""ENSMUSG00000027534.17"", ""isoform_id"": """", ""protein_id"": ""ENSMUSP00000029047.7"", ""transcript_id"": ""ENSMUST00000029047.12""}]",2026_03,0.1.0
ENSMUSG00000000555,A0A1L1SQ20,10090,UniProtKB unreviewed (TrEMBL),,entry_level_cross_reference_isoform_unspecified,,,"[{""gene_id_versioned"": ""ENSMUSG00000000555.9"", ""isoform_id"": """", ""protein_id"": ""ENSMUSP00000148865.2"", ""transcript_id"": ""ENSMUST00000215331.2""}]",2026_03,0.1.0
ENSMUSG00000000555,P11688,10090,UniProtKB reviewed (Swiss-Prot),,entry_level_cross_reference_isoform_unspecified,,,"[{""gene_id_versioned"": ""ENSMUSG00000000555.9"", ""isoform_id"": """", ""protein_id"": ""ENSMUSP00000023128.7"", ""transcript_id"": ""ENSMUST00000023128.8""}]",2026_03,0.1.0
ENSMUSG00000022146,A0A0R4J268,10090,UniProtKB unreviewed (TrEMBL),,entry_level_cross_reference_isoform_unspecified,,,"[{""gene_id_versioned"": ""ENSMUSG00000022146.13"", ""isoform_id"": """", ""protein_id"": ""ENSMUSP00000135204.2"", ""transcript_id"": ""ENSMUST00000176826.2""}]",2026_03,0.1.0
ENSMUSG00000022146,G3X8V6,10090,UniProtKB unreviewed (TrEMBL),,entry_level_cross_reference_isoform_unspecified,,,"[{""gene_id_versioned"": ""ENSMUSG00000022146.13"", ""isoform_id"": """", ""protein_id"": ""ENSMUSP00000022746.7"", ""transcript_id"": ""ENSMUST00000022746.13""}]",2026_03,0.1.0
ENSMUSG00000007080,E9QAP5,10090,UniProtKB unreviewed (TrEMBL),,entry_level_cross_reference_isoform_unspecified,,,"[{""gene_id_versioned"": ""ENSMUSG00000007080.15"", ""isoform_id"": """", ""protein_id"": ""ENSMUSP00000108101.2"", ""transcript_id"": ""ENSMUST00000112482.2""}]",2026_03,0.1.0
ENSMUSG00000007080,E9QAP6,10090,UniProtKB unreviewed (TrEMBL),,entry_level_cross_reference_isoform_unspecified,,,"[{""gene_id_versioned"": ""ENSMUSG00000007080.15"", ""isoform_id"": """", ""protein_id"": ""ENSMUSP00000108100.2"", ""transcript_id"": ""ENSMUST00000112481.2""}]",2026_03,0.1.0
ENSMUSG00000007080,Q9WVF7,10090,UniProtKB reviewed (Swiss-Prot),,entry_level_cross_reference_isoform_unspecified,,,"[{""gene_id_versioned"": ""ENSMUSG00000007080.15"", ""isoform_id"": """", ""protein_id"": ""ENSMUSP00000007296.6"", ""transcript_id"": ""ENSMUST00000007296.12""}]",2026_03,0.1.0
ENSMUSG00000050552,Q8CF66,10090,UniProtKB reviewed (Swiss-Prot),,entry_level_cross_reference_isoform_unspecified,,,"[{""gene_id_versioned"": ""ENSMUSG00000050552.9"", ""isoform_id"": """", ""protein_id"": ""ENSMUSP00000056693.7"", ""transcript_id"": ""ENSMUST00000062067.8""}]",2026_03,0.1.0
ENSMUSG00000042195,Q7TML3,10090,UniProtKB reviewed (Swiss-Prot),,entry_level_cross_reference_isoform_unspecified,,,"[{""gene_id_versioned"": ""ENSMUSG00000042195.10"", ""isoform_id"": """", ""protein_id"": ""ENSMUSP00000046528.9"", ""transcript_id"": ""ENSMUST00000048670.10""}]",2026_03,0.1.0
ENSMUSG00000015484,Q8CAA5,10090,UniProtKB reviewed (Swiss-Prot),,entry_level_cross_reference_isoform_unspecified,,,"[{""gene_id_versioned"": ""ENSMUSG00000015484.4"", ""isoform_id"": """", ""protein_id"": ""ENSMUSP00000015628.4"", ""transcript_id"": ""ENSMUST00000015628.4""}]",2026_03,0.1.0
ENSMUSG00000022091,A0A2I3BQI3,10090,UniProtKB unreviewed (TrEMBL),,entry_level_cross_reference_isoform_unspecified,,,"[{""gene_id_versioned"": ""ENSMUSG00000022091.7"", ""isoform_id"": """", ""protein_id"": ""ENSMUSP00000153715.2"", ""transcript_id"": ""ENSMUST00000227259.2""}, {""gene_id_versioned"": ""ENSMUSG00000022091.7"", ""isoform_id"": """", ""protein_id"": ""ENSMUSP00000154195.2"", ""transcript_id"": ""ENSMUST00000227653.2""}]",2026_03,0.1.0
ENSMUSG00000022091,A0A2I3BS41,10090,UniProtKB unreviewed (TrEMBL),,entry_level_cross_reference_isoform_unspecified,,,"[{""gene_id_versioned"": ""ENSMUSG00000022091.7"", ""isoform_id"": """", ""protein_id"": ""ENSMUSP00000154773.2"", ""transcript_id"": ""ENSMUST00000227929.2""}]",2026_03,0.1.0
ENSMUSG00000022091,Q9R1Z8,10090,UniProtKB reviewed (Swiss-Prot),,entry_level_cross_reference_isoform_unspecified,,,"[{""gene_id_versioned"": ""ENSMUSG00000022091.7"", ""isoform_id"": """", ""protein_id"": ""ENSMUSP00000022682.6"", ""transcript_id"": ""ENSMUST00000022682.6""}]",2026_03,0.1.0
ENSMUSG00000035697,D3Z7R7,10090,UniProtKB unreviewed (TrEMBL),,entry_level_cross_reference_isoform_unspecified,,,"[{""gene_id_versioned"": ""ENSMUSG00000035697.15"", ""isoform_id"": """", ""protein_id"": ""ENSMUSP00000101012.2"", ""transcript_id"": ""ENSMUST00000105373.8""}]",2026_03,0.1.0
ENSMUSG00000035697,G3X9Q3,10090,UniProtKB unreviewed (TrEMBL),,entry_level_cross_reference_isoform_unspecified,,,"[{""gene_id_versioned"": ""ENSMUSG00000035697.15"", ""isoform_id"": """", ""protein_id"": ""ENSMUSP00000097100.4"", ""transcript_id"": ""ENSMUST00000099501.10""}]",2026_03,0.1.0
ENSMUSG00000035697,Q3TBD2,10090,UniProtKB reviewed (Swiss-Prot),,,ONLY_NONCANONICAL_OR_UNRESOLVED_ISOFORM_XREF,,"[{""gene_id_versioned"": ""ENSMUSG00000035697.15"", ""isoform_id"": ""Q3TBD2-2"", ""protein_id"": ""ENSMUSP00000041019.7"", ""transcript_id"": ""ENSMUST00000043311.7""}]",2026_03,0.1.0
ENSMUSG00000016918,A0A087WR86,10090,UniProtKB unreviewed (TrEMBL),,entry_level_cross_reference_isoform_unspecified,,FRAGMENT_SEQUENCE,"[{""gene_id_versioned"": ""ENSMUSG00000016918.16"", ""isoform_id"": """", ""protein_id"": ""ENSMUSP00000140517.2"", ""transcript_id"": ""ENSMUST00000185780.2""}]",2026_03,0.1.0
ENSMUSG00000016918,A0A087WS44,10090,UniProtKB unreviewed (TrEMBL),,entry_level_cross_reference_isoform_unspecified,,FRAGMENT_SEQUENCE,"[{""gene_id_versioned"": ""ENSMUSG00000016918.16"", ""isoform_id"": """", ""protein_id"": ""ENSMUSP00000140891.2"", ""transcript_id"": ""ENSMUST00000186405.7""}]",2026_03,0.1.0
ENSMUSG00000016918,A0A0G2JDD4,10090,UniProtKB unreviewed (TrEMBL),,entry_level_cross_reference_isoform_unspecified,,FRAGMENT_SEQUENCE,"[{""gene_id_versioned"": ""ENSMUSG00000016918.16"", ""isoform_id"": """", ""protein_id"": ""ENSMUSP00000140640.2"", ""transcript_id"": ""ENSMUST00000189541.7""}]",2026_03,0.1.0
ENSMUSG00000016918,A0A0R4J2D2,10090,UniProtKB unreviewed (TrEMBL),,entry_level_cross_reference_isoform_unspecified,,,"[{""gene_id_versioned"": ""ENSMUSG00000016918.16"", ""isoform_id"": """", ""protein_id"": ""ENSMUSP00000141153.2"", ""transcript_id"": ""ENSMUST00000186051.7""}]",2026_03,0.1.0
ENSMUSG00000016918,Q8K007,10090,UniProtKB reviewed (Swiss-Prot),,entry_level_cross_reference_isoform_unspecified,,,"[{""gene_id_versioned"": ""ENSMUSG00000016918.16"", ""isoform_id"": """", ""protein_id"": ""ENSMUSP00000085949.4"", ""transcript_id"": ""ENSMUST00000088585.10""}, {""gene_id_versioned"": ""ENSMUSG00000016918.16"", ""isoform_id"": """", ""protein_id"": ""ENSMUSP00000137523.2"", ""transcript_id"": ""ENSMUST00000177608.8""}, {""gene_id_versioned"": ""ENSMUSG00000016918.16"", ""isoform_id"": """", ""protein_id"": ""ENSMUSP00000136014.2"", ""transcript_id"": ""ENSMUST00000180062.8""}]",2026_03,0.1.0
ENSMUSG00000030048,Q9D0T7,10090,UniProtKB reviewed (Swiss-Prot),,entry_level_cross_reference_isoform_unspecified,,,"[{""gene_id_versioned"": ""ENSMUSG00000030048.6"", ""isoform_id"": """", ""protein_id"": ""ENSMUSP00000032127.5"", ""transcript_id"": ""ENSMUST00000032127.6""}]",2026_03,0.1.0
ENSMUSG00000053470,A0A0U1RNV6,10090,UniProtKB unreviewed (TrEMBL),,entry_level_cross_reference_isoform_unspecified,,FRAGMENT_SEQUENCE,"[{""gene_id_versioned"": ""ENSMUSG00000053470.14"", ""isoform_id"": """", ""protein_id"": ""ENSMUSP00000145719.2"", ""transcript_id"": ""ENSMUST00000205289.2""}]",2026_03,0.1.0
ENSMUSG00000053470,A0A0U1RPI3,10090,UniProtKB unreviewed (TrEMBL),,entry_level_cross_reference_isoform_unspecified,,AMBIGUOUS_OR_INVALID_SEQUENCE,"[{""gene_id_versioned"": ""ENSMUSG00000053470.14"", ""isoform_id"": """", ""protein_id"": ""ENSMUSP00000145992.2"", ""transcript_id"": ""ENSMUST00000206916.2""}]",2026_03,0.1.0
ENSMUSG00000053470,Q6PCM1,10090,UniProtKB reviewed (Swiss-Prot),Q6PCM1-1,explicit_displayed_isoform_cross_reference,,,"[{""gene_id_versioned"": ""ENSMUSG00000053470.14"", ""isoform_id"": ""Q6PCM1-1"", ""protein_id"": ""ENSMUSP00000065716.5"", ""transcript_id"": ""ENSMUST00000065509.11""}, {""gene_id_versioned"": ""ENSMUSG00000053470.14"", ""isoform_id"": ""Q6PCM1-1"", ""protein_id"": ""ENSMUSP00000128789.2"", ""transcript_id"": ""ENSMUST00000167220.4""}, {""gene_id_versioned"": ""ENSMUSG00000053470.14"", ""isoform_id"": ""Q6PCM1-1"", ""protein_id"": ""ENSMUSP00000145959.2"", ""transcript_id"": ""ENSMUST00000207023.2""}]",2026_03,0.1.0
ENSMUSG00000058388,D3YTP5,10090,UniProtKB unreviewed (TrEMBL),,entry_level_cross_reference_isoform_unspecified,,FRAGMENT_SEQUENCE,"[{""gene_id_versioned"": ""ENSMUSG00000058388.15"", ""isoform_id"": """", ""protein_id"": ""ENSMUSP00000121036.2"", ""transcript_id"": ""ENSMUST00000156262.8""}]",2026_03,0.1.0
ENSMUSG00000058388,D3Z6K3,10090,UniProtKB unreviewed (TrEMBL),,entry_level_cross_reference_isoform_unspecified,,FRAGMENT_SEQUENCE,"[{""gene_id_versioned"": ""ENSMUSG00000058388.15"", ""isoform_id"": """", ""protein_id"": ""ENSMUSP00000116193.2"", ""transcript_id"": ""ENSMUST00000123611.8""}]",2026_03,0.1.0
ENSMUSG00000058388,D6RIJ6,10090,UniProtKB unreviewed (TrEMBL),,entry_level_cross_reference_isoform_unspecified,,,"[{""gene_id_versioned"": ""ENSMUSG00000058388.15"", ""isoform_id"": """", ""protein_id"": ""ENSMUSP00000118281.2"", ""transcript_id"": ""ENSMUST00000150849.3""}]",2026_03,0.1.0
ENSMUSG00000058388,F6RHY3,10090,UniProtKB unreviewed (TrEMBL),,entry_level_cross_reference_isoform_unspecified,,,"[{""gene_id_versioned"": ""ENSMUSG00000058388.15"", ""isoform_id"": """", ""protein_id"": ""ENSMUSP00000058137.9"", ""transcript_id"": ""ENSMUST00000055425.15""}]",2026_03,0.1.0
ENSMUSG00000058388,F7BD86,10090,UniProtKB unreviewed (TrEMBL),,entry_level_cross_reference_isoform_unspecified,,,"[{""gene_id_versioned"": ""ENSMUSG00000058388.15"", ""isoform_id"": """", ""protein_id"": ""ENSMUSP00000088184.5"", ""transcript_id"": ""ENSMUST00000090685.11""}]",2026_03,0.1.0
ENSMUSG00000058388,Q9QZ09,10090,UniProtKB reviewed (Swiss-Prot),,entry_level_cross_reference_isoform_unspecified,,,"[{""gene_id_versioned"": ""ENSMUSG00000058388.15"", ""isoform_id"": """", ""protein_id"": ""ENSMUSP00000066607.8"", ""transcript_id"": ""ENSMUST00000063717.14""}, {""gene_id_versioned"": ""ENSMUSG00000058388.15"", ""isoform_id"": """", ""protein_id"": ""ENSMUSP00000113973.2"", ""transcript_id"": ""ENSMUST00000117150.8""}, {""gene_id_versioned"": ""ENSMUSG00000058388.15"", ""isoform_id"": """", ""protein_id"": ""ENSMUSP00000114722.2"", ""transcript_id"": ""ENSMUST00000145727.8""}]",2026_03,0.1.0
ENSMUSG00000036390,A0A0N4SVJ9,10090,UniProtKB unreviewed (TrEMBL),,entry_level_cross_reference_isoform_unspecified,,,"[{""gene_id_versioned"": ""ENSMUSG00000036390.9"", ""isoform_id"": """", ""protein_id"": ""ENSMUSP00000145136.2"", ""transcript_id"": ""ENSMUST00000204282.2""}]",2026_03,0.1.0
ENSMUSG00000036390,A0A0N4SW99,10090,UniProtKB unreviewed (TrEMBL),,entry_level_cross_reference_isoform_unspecified,,,"[{""gene_id_versioned"": ""ENSMUSG00000036390.9"", ""isoform_id"": """", ""protein_id"": ""ENSMUSP00000145432.2"", ""transcript_id"": ""ENSMUST00000204369.2""}]",2026_03,0.1.0
ENSMUSG00000036390,P48316,10090,UniProtKB reviewed (Swiss-Prot),,entry_level_cross_reference_isoform_unspecified,,,"[{""gene_id_versioned"": ""ENSMUSG00000036390.9"", ""isoform_id"": """", ""protein_id"": ""ENSMUSP00000044034.7"", ""transcript_id"": ""ENSMUST00000043098.9""}]",2026_03,0.1.0
ENSMUSG00000020205,Q62392,10090,UniProtKB reviewed (Swiss-Prot),,entry_level_cross_reference_isoform_unspecified,,,"[{""gene_id_versioned"": ""ENSMUSG00000020205.9"", ""isoform_id"": """", ""protein_id"": ""ENSMUSP00000132815.2"", ""transcript_id"": ""ENSMUST00000164773.2""}]",2026_03,0.1.0
ENSMUSG00000022122,P48302,10090,UniProtKB reviewed (Swiss-Prot),,entry_level_cross_reference_isoform_unspecified,,,"[{""gene_id_versioned"": ""ENSMUSG00000022122.16"", ""isoform_id"": """", ""protein_id"": ""ENSMUSP00000022718.4"", ""transcript_id"": ""ENSMUST00000022718.11""}, {""gene_id_versioned"": ""ENSMUSG00000022122.16"", ""isoform_id"": """", ""protein_id"": ""ENSMUSP00000126057.2"", ""transcript_id"": ""ENSMUST00000172237.2""}, {""gene_id_versioned"": ""ENSMUSG00000022122.16"", ""isoform_id"": """", ""protein_id"": ""ENSMUSP00000154806.2"", ""transcript_id"": ""ENSMUST00000227824.2""}]",2026_03,0.1.0
ENSMUSG00000026344,E0CXP0,10090,UniProtKB unreviewed (TrEMBL),,entry_level_cross_reference_isoform_unspecified,,,"[{""gene_id_versioned"": ""ENSMUSG00000026344.10"", ""isoform_id"": """", ""protein_id"": ""ENSMUSP00000027582.5"", ""transcript_id"": ""ENSMUST00000027582.10""}, {""gene_id_versioned"": ""ENSMUSG00000026344.10"", ""isoform_id"": """", ""protein_id"": ""ENSMUSP00000123824.2"", ""transcript_id"": ""ENSMUST00000159529.2""}, {""gene_id_versioned"": ""ENSMUSG00000026344.10"", ""isoform_id"": """", ""protein_id"": ""ENSMUSP00000125158.2"", ""transcript_id"": ""ENSMUST00000162899.8""}]",2026_03,0.1.0
ENSMUSG00000026344,F6TKE8,10090,UniProtKB unreviewed (TrEMBL),,entry_level_cross_reference_isoform_unspecified,,FRAGMENT_SEQUENCE,"[{""gene_id_versioned"": ""ENSMUSG00000026344.10"", ""isoform_id"": """", ""protein_id"": ""ENSMUSP00000124265.3"", ""transcript_id"": ""ENSMUST00000161361.3""}]",2026_03,0.1.0
ENSMUSG00000026344,Q8BLC3,10090,UniProtKB reviewed (Swiss-Prot),,entry_level_cross_reference_isoform_unspecified,,,"[{""gene_id_versioned"": ""ENSMUSG00000026344.10"", ""isoform_id"": """", ""protein_id"": ""ENSMUSP00000125149.2"", ""transcript_id"": ""ENSMUST00000159417.2""}]",2026_03,0.1.0
ENSMUSG00000014856,D3Z7S5,10090,UniProtKB unreviewed (TrEMBL),,entry_level_cross_reference_isoform_unspecified,,,"[{""gene_id_versioned"": ""ENSMUSG00000014856.13"", ""isoform_id"": """", ""protein_id"": ""ENSMUSP00000104997.2"", ""transcript_id"": ""ENSMUST00000109372.3""}]",2026_03,0.1.0
ENSMUSG00000014856,Q9CR96,10090,UniProtKB reviewed (Swiss-Prot),Q9CR96-1,explicit_displayed_isoform_cross_reference,,,"[{""gene_id_versioned"": ""ENSMUSG00000014856.13"", ""isoform_id"": ""Q9CR96-1"", ""protein_id"": ""ENSMUSP00000015000.5"", ""transcript_id"": ""ENSMUST00000015000.12""}, {""gene_id_versioned"": ""ENSMUSG00000014856.13"", ""isoform_id"": ""Q9CR96-2"", ""protein_id"": ""ENSMUSP00000096052.3"", ""transcript_id"": ""ENSMUST00000098453.9""}]",2026_03,0.1.0
ENSMUSG00000014856,S4R1H6,10090,UniProtKB unreviewed (TrEMBL),,entry_level_cross_reference_isoform_unspecified,,,"[{""gene_id_versioned"": ""ENSMUSG00000014856.13"", ""isoform_id"": """", ""protein_id"": ""ENSMUSP00000138226.2"", ""transcript_id"": ""ENSMUST00000126705.9""}, {""gene_id_versioned"": ""ENSMUSG00000014856.13"", ""isoform_id"": """", ""protein_id"": ""ENSMUSP00000138470.2"", ""transcript_id"": ""ENSMUST00000153146.9""}]",2026_03,0.1.0
ENSMUSG00000038860,A0A0A6YWF1,10090,UniProtKB unreviewed (TrEMBL),,entry_level_cross_reference_isoform_unspecified,,,"[{""gene_id_versioned"": ""ENSMUSG00000038860.16"", ""isoform_id"": """", ""protein_id"": ""ENSMUSP00000141523.2"", ""transcript_id"": ""ENSMUST00000127509.2""}]",2026_03,0.1.0
ENSMUSG00000038860,A0A0A6YXP5,10090,UniProtKB unreviewed (TrEMBL),,entry_level_cross_reference_isoform_unspecified,,AMBIGUOUS_OR_INVALID_SEQUENCE,"[{""gene_id_versioned"": ""ENSMUSG00000038860.16"", ""isoform_id"": """", ""protein_id"": ""ENSMUSP00000142077.2"", ""transcript_id"": ""ENSMUST00000193171.2""}]",2026_03,0.1.0
ENSMUSG00000038860,A2AHW8,10090,UniProtKB unreviewed (TrEMBL),,entry_level_cross_reference_isoform_unspecified,,,"[{""gene_id_versioned"": ""ENSMUSG00000038860.16"", ""isoform_id"": """", ""protein_id"": ""ENSMUSP00000057582.3"", ""transcript_id"": ""ENSMUST00000049618.9""}]",2026_03,0.1.0
ENSMUSG00000038860,A2AUQ6,10090,UniProtKB unreviewed (TrEMBL),,entry_level_cross_reference_isoform_unspecified,,FRAGMENT_SEQUENCE,"[{""gene_id_versioned"": ""ENSMUSG00000038860.16"", ""isoform_id"": """", ""protein_id"": ""ENSMUSP00000123601.2"", ""transcript_id"": ""ENSMUST00000124000.2""}]",2026_03,0.1.0
ENSMUSG00000038860,B1AW31,10090,UniProtKB unreviewed (TrEMBL),,entry_level_cross_reference_isoform_unspecified,,FRAGMENT_SEQUENCE,"[{""gene_id_versioned"": ""ENSMUSG00000038860.16"", ""isoform_id"": """", ""protein_id"": ""ENSMUSP00000119973.2"", ""transcript_id"": ""ENSMUST00000133135.8""}]",2026_03,0.1.0
ENSMUSG00000038860,Q3V0G7,10090,UniProtKB reviewed (Swiss-Prot),Q3V0G7-1,explicit_displayed_isoform_cross_reference,,,"[{""gene_id_versioned"": ""ENSMUSG00000038860.16"", ""isoform_id"": ""Q3V0G7-2"", ""protein_id"": ""ENSMUSP00000099874.4"", ""transcript_id"": ""ENSMUST00000102810.10""}, {""gene_id_versioned"": ""ENSMUSG00000038860.16"", ""isoform_id"": ""Q3V0G7-1"", ""protein_id"": ""ENSMUSP00000122576.3"", ""transcript_id"": ""ENSMUST00000137381.8""}]",2026_03,0.1.0
ENSMUSG00000046318,A0A494B905,10090,UniProtKB unreviewed (TrEMBL),,entry_level_cross_reference_isoform_unspecified,,,"[{""gene_id_versioned"": ""ENSMUSG00000046318.17"", ""isoform_id"": """", ""protein_id"": ""ENSMUSP00000157390.2"", ""transcript_id"": ""ENSMUST00000236402.2""}]",2026_03,0.1.0
ENSMUSG00000046318,A0A494BA41,10090,UniProtKB unreviewed (TrEMBL),,entry_level_cross_reference_isoform_unspecified,,FRAGMENT_SEQUENCE,"[{""gene_id_versioned"": ""ENSMUSG00000046318.17"", ""isoform_id"": """", ""protein_id"": ""ENSMUSP00000157925.2"", ""transcript_id"": ""ENSMUST00000235872.2""}]",2026_03,0.1.0
ENSMUSG00000046318,A0A494BA47,10090,UniProtKB unreviewed (TrEMBL),,entry_level_cross_reference_isoform_unspecified,,,"[{""gene_id_versioned"": ""ENSMUSG00000046318.17"", ""isoform_id"": """", ""protein_id"": ""ENSMUSP00000157891.2"", ""transcript_id"": ""ENSMUST00000236848.2""}]",2026_03,0.1.0
ENSMUSG00000046318,Q3MI99,10090,UniProtKB reviewed (Swiss-Prot),,entry_level_cross_reference_isoform_unspecified,,,"[{""gene_id_versioned"": ""ENSMUSG00000046318.17"", ""isoform_id"": """", ""protein_id"": ""ENSMUSP00000052011.8"", ""transcript_id"": ""ENSMUST00000061103.14""}, {""gene_id_versioned"": ""ENSMUSG00000046318.17"", ""isoform_id"": """", ""protein_id"": ""ENSMUSP00000117636.2"", ""transcript_id"": ""ENSMUST00000130300.3""}]",2026_03,0.1.0
ENSMUSG00000074575,A2BDX4,10090,UniProtKB reviewed (Swiss-Prot),,entry_level_cross_reference_isoform_unspecified,,,"[{""gene_id_versioned"": ""ENSMUSG00000074575.5"", ""isoform_id"": """", ""protein_id"": ""ENSMUSP00000096668.3"", ""transcript_id"": ""ENSMUST00000099069.3""}, {""gene_id_versioned"": ""ENSMUSG00000074575.5"", ""isoform_id"": """", ""protein_id"": ""ENSMUSP00000104815.2"", ""transcript_id"": ""ENSMUST00000109191.2""}]",2026_03,0.1.0
ENSMUSG00000074575,A2BDX5,10090,UniProtKB unreviewed (TrEMBL),,entry_level_cross_reference_isoform_unspecified,,FRAGMENT_SEQUENCE,"[{""gene_id_versioned"": ""ENSMUSG00000074575.5"", ""isoform_id"": """", ""protein_id"": ""ENSMUSP00000120939.2"", ""transcript_id"": ""ENSMUST00000131749.2""}]",2026_03,0.1.0
ENSMUSG00000082229,P51860,10090,UniProtKB reviewed (Swiss-Prot),,entry_level_cross_reference_isoform_unspecified,,,"[{""gene_id_versioned"": ""ENSMUSG00000082229.2"", ""isoform_id"": """", ""protein_id"": ""ENSMUSP00000112677.2"", ""transcript_id"": ""ENSMUST00000121720.2""}]",2026_03,0.1.0
ENSMUSG00000021728,A0A286YE53,10090,UniProtKB unreviewed (TrEMBL),,entry_level_cross_reference_isoform_unspecified,,FRAGMENT_SEQUENCE,"[{""gene_id_versioned"": ""ENSMUSG00000021728.9"", ""isoform_id"": """", ""protein_id"": ""ENSMUSP00000153512.2"", ""transcript_id"": ""ENSMUST00000225981.2""}]",2026_03,0.1.0
ENSMUSG00000021728,P21995,10090,UniProtKB reviewed (Swiss-Prot),,entry_level_cross_reference_isoform_unspecified,,,"[{""gene_id_versioned"": ""ENSMUSG00000021728.9"", ""isoform_id"": """", ""protein_id"": ""ENSMUSP00000022242.8"", ""transcript_id"": ""ENSMUST00000022242.9""}]",2026_03,0.1.0
ENSMUSG00000019947,A0A1X7SB62,10090,UniProtKB unreviewed (TrEMBL),,entry_level_cross_reference_isoform_unspecified,,,"[{""gene_id_versioned"": ""ENSMUSG00000019947.11"", ""isoform_id"": """", ""protein_id"": ""ENSMUSP00000020106.8"", ""transcript_id"": ""ENSMUST00000020106.9""}]",2026_03,0.1.0
ENSMUSG00000019947,Q8BM75,10090,UniProtKB reviewed (Swiss-Prot),Q8BM75-1,explicit_displayed_isoform_cross_reference,,,"[{""gene_id_versioned"": ""ENSMUSG00000019947.11"", ""isoform_id"": ""Q8BM75-2"", ""protein_id"": ""ENSMUSP00000151665.2"", ""transcript_id"": ""ENSMUST00000218532.2""}, {""gene_id_versioned"": ""ENSMUSG00000019947.11"", ""isoform_id"": ""Q8BM75-1"", ""protein_id"": ""ENSMUSP00000151227.2"", ""transcript_id"": ""ENSMUST00000219238.2""}]",2026_03,0.1.0
ENSMUSG00000025350,D3YWG0,10090,UniProtKB unreviewed (TrEMBL),,entry_level_cross_reference_isoform_unspecified,,FRAGMENT_SEQUENCE,"[{""gene_id_versioned"": ""ENSMUSG00000025350.16"", ""isoform_id"": """", ""protein_id"": ""ENSMUSP00000115182.2"", ""transcript_id"": ""ENSMUST00000135161.2""}]",2026_03,0.1.0
ENSMUSG00000025350,D3YZQ7,10090,UniProtKB unreviewed (TrEMBL),,entry_level_cross_reference_isoform_unspecified,,FRAGMENT_SEQUENCE,"[{""gene_id_versioned"": ""ENSMUSG00000025350.16"", ""isoform_id"": """", ""protein_id"": ""ENSMUSP00000123358.2"", ""transcript_id"": ""ENSMUST00000145616.2""}]",2026_03,0.1.0
ENSMUSG00000025350,D3Z0N7,10090,UniProtKB unreviewed (TrEMBL),,entry_level_cross_reference_isoform_unspecified,,FRAGMENT_SEQUENCE,"[{""gene_id_versioned"": ""ENSMUSG00000025350.16"", ""isoform_id"": """", ""protein_id"": ""ENSMUSP00000123183.2"", ""transcript_id"": ""ENSMUST00000149961.2""}]",2026_03,0.1.0
ENSMUSG00000025350,F7CWI9,10090,UniProtKB unreviewed (TrEMBL),,entry_level_cross_reference_isoform_unspecified,,FRAGMENT_SEQUENCE,"[{""gene_id_versioned"": ""ENSMUSG00000025350.16"", ""isoform_id"": """", ""protein_id"": ""ENSMUSP00000116558.2"", ""transcript_id"": ""ENSMUST00000137747.2""}]",2026_03,0.1.0
ENSMUSG00000025350,O55240,10090,UniProtKB reviewed (Swiss-Prot),,entry_level_cross_reference_isoform_unspecified,,,"[{""gene_id_versioned"": ""ENSMUSG00000025350.16"", ""isoform_id"": """", ""protein_id"": ""ENSMUSP00000026406.8"", ""transcript_id"": ""ENSMUST00000026406.14""}]",2026_03,0.1.0
ENSMUSG00000020803,Q9CQM5,10090,UniProtKB reviewed (Swiss-Prot),,entry_level_cross_reference_isoform_unspecified,,,"[{""gene_id_versioned"": ""ENSMUSG00000020803.4"", ""isoform_id"": """", ""protein_id"": ""ENSMUSP00000021158.4"", ""transcript_id"": ""ENSMUST00000021158.4""}]",2026_03,0.1.0
ENSMUSG00000041440,D6RCU4,10090,UniProtKB unreviewed (TrEMBL),,entry_level_cross_reference_isoform_unspecified,,,"[{""gene_id_versioned"": ""ENSMUSG00000041440.19"", ""isoform_id"": """", ""protein_id"": ""ENSMUSP00000123594.2"", ""transcript_id"": ""ENSMUST00000129774.2""}]",2026_03,0.1.0
ENSMUSG00000041440,Q8BX05,10090,UniProtKB reviewed (Swiss-Prot),Q8BX05-1,explicit_displayed_isoform_cross_reference,,,"[{""gene_id_versioned"": ""ENSMUSG00000041440.19"", ""isoform_id"": ""Q8BX05-1"", ""protein_id"": ""ENSMUSP00000082313.6"", ""transcript_id"": ""ENSMUST00000085217.12""}, {""gene_id_versioned"": ""ENSMUSG00000041440.19"", ""isoform_id"": ""Q8BX05-2"", ""protein_id"": ""ENSMUSP00000112717.2"", ""transcript_id"": ""ENSMUST00000122383.3""}]",2026_03,0.1.0
ENSMUSG00000079481,A0A0G2JFH6,10090,UniProtKB unreviewed (TrEMBL),,entry_level_cross_reference_isoform_unspecified,,FRAGMENT_SEQUENCE,"[{""gene_id_versioned"": ""ENSMUSG00000079481.12"", ""isoform_id"": """", ""protein_id"": ""ENSMUSP00000143176.2"", ""transcript_id"": ""ENSMUST00000144753.2""}]",2026_03,0.1.0
ENSMUSG00000079481,B1AXG8,10090,UniProtKB unreviewed (TrEMBL),,entry_level_cross_reference_isoform_unspecified,,FRAGMENT_SEQUENCE,"[{""gene_id_versioned"": ""ENSMUSG00000079481.12"", ""isoform_id"": """", ""protein_id"": ""ENSMUSP00000116112.2"", ""transcript_id"": ""ENSMUST00000124279.6""}]",2026_03,0.1.0
ENSMUSG00000079481,B1AXH1,10090,UniProtKB reviewed (Swiss-Prot),,entry_level_cross_reference_isoform_unspecified,,,"[{""gene_id_versioned"": ""ENSMUSG00000079481.12"", ""isoform_id"": """", ""protein_id"": ""ENSMUSP00000098893.5"", ""transcript_id"": ""ENSMUST00000101339.8""}]",2026_03,0.1.0
ENSMUSG00000036078,O55242,10090,UniProtKB reviewed (Swiss-Prot),O55242-1,explicit_displayed_isoform_cross_reference,,,"[{""gene_id_versioned"": ""ENSMUSG00000036078.17"", ""isoform_id"": ""O55242-1"", ""protein_id"": ""ENSMUSP00000056027.8"", ""transcript_id"": ""ENSMUST00000059354.15""}, {""gene_id_versioned"": ""ENSMUSG00000036078.17"", ""isoform_id"": ""O55242-2"", ""protein_id"": ""ENSMUSP00000071492.7"", ""transcript_id"": ""ENSMUST00000071561.7""}]",2026_03,0.1.0
ENSMUSG00000056167,A0A1L1SQA7,10090,UniProtKB unreviewed (TrEMBL),,entry_level_cross_reference_isoform_unspecified,,,"[{""gene_id_versioned"": ""ENSMUSG00000056167.9"", ""isoform_id"": """", ""protein_id"": ""ENSMUSP00000148963.2"", ""transcript_id"": ""ENSMUST00000217148.2""}]",2026_03,0.1.0
ENSMUSG00000056167,A0A1L1SQF2,10090,UniProtKB unreviewed (TrEMBL),,entry_level_cross_reference_isoform_unspecified,,,"[{""gene_id_versioned"": ""ENSMUSG00000056167.9"", ""isoform_id"": """", ""protein_id"": ""ENSMUSP00000149024.2"", ""transcript_id"": ""ENSMUST00000216785.2""}]",2026_03,0.1.0
ENSMUSG00000056167,A0A1L1SS47,10090,UniProtKB unreviewed (TrEMBL),,entry_level_cross_reference_isoform_unspecified,,,"[{""gene_id_versioned"": ""ENSMUSG00000056167.9"", ""isoform_id"": """", ""protein_id"": ""ENSMUSP00000149745.2"", ""transcript_id"": ""ENSMUST00000215155.2""}]",2026_03,0.1.0
ENSMUSG00000056167,A0A1L1SSE2,10090,UniProtKB unreviewed (TrEMBL),,entry_level_cross_reference_isoform_unspecified,,,"[{""gene_id_versioned"": ""ENSMUSG00000056167.9"", ""isoform_id"": """", ""protein_id"": ""ENSMUSP00000149867.2"", ""transcript_id"": ""ENSMUST00000213955.2""}]",2026_03,0.1.0
ENSMUSG00000056167,A0A5F8MPB8,10090,UniProtKB unreviewed (TrEMBL),,entry_level_cross_reference_isoform_unspecified,,FRAGMENT_SEQUENCE,"[{""gene_id_versioned"": ""ENSMUSG00000056167.9"", ""isoform_id"": """", ""protein_id"": ""ENSMUSP00000158898.2"", ""transcript_id"": ""ENSMUST00000238809.2""}]",2026_03,0.1.0
ENSMUSG00000056167,Q8BH15,10090,UniProtKB reviewed (Swiss-Prot),Q8BH15-1,explicit_displayed_isoform_cross_reference,,,"[{""gene_id_versioned"": ""ENSMUSG00000056167.9"", ""isoform_id"": ""Q8BH15-1"", ""protein_id"": ""ENSMUSP00000064840.7"", ""transcript_id"": ""ENSMUST00000070117.8""}]",2026_03,0.1.0
ENSMUSG00000046727,A0A494BBD6,10090,UniProtKB unreviewed (TrEMBL),,entry_level_cross_reference_isoform_unspecified,,,"[{""gene_id_versioned"": ""ENSMUSG00000046727.14"", ""isoform_id"": """", ""protein_id"": ""ENSMUSP00000158229.2"", ""transcript_id"": ""ENSMUST00000235576.2""}, {""gene_id_versioned"": ""ENSMUSG00000046727.14"", ""isoform_id"": """", ""protein_id"": ""ENSMUSP00000158471.2"", ""transcript_id"": ""ENSMUST00000236024.2""}, {""gene_id_versioned"": ""ENSMUSG00000046727.14"", ""isoform_id"": """", ""protein_id"": ""ENSMUSP00000157821.2"", ""transcript_id"": ""ENSMUST00000237329.2""}]",2026_03,0.1.0
ENSMUSG00000046727,D3YVS7,10090,UniProtKB unreviewed (TrEMBL),,entry_level_cross_reference_isoform_unspecified,,FRAGMENT_SEQUENCE,"[{""gene_id_versioned"": ""ENSMUSG00000046727.14"", ""isoform_id"": """", ""protein_id"": ""ENSMUSP00000114199.2"", ""transcript_id"": ""ENSMUST00000144158.2""}]",2026_03,0.1.0
ENSMUSG00000046727,D3YWV2,10090,UniProtKB unreviewed (TrEMBL),,entry_level_cross_reference_isoform_unspecified,,,"[{""gene_id_versioned"": ""ENSMUSG00000046727.14"", ""isoform_id"": """", ""protein_id"": ""ENSMUSP00000115138.3"", ""transcript_id"": ""ENSMUST00000139727.3""}, {""gene_id_versioned"": ""ENSMUSG00000046727.14"", ""isoform_id"": """", ""protein_id"": ""ENSMUSP00000129683.2"", ""transcript_id"": ""ENSMUST00000152804.9""}, {""gene_id_versioned"": ""ENSMUSG00000046727.14"", ""isoform_id"": """", ""protein_id"": ""ENSMUSP00000158346.2"", ""transcript_id"": ""ENSMUST00000236593.2""}]",2026_03,0.1.0
ENSMUSG00000046727,Q8K353,10090,UniProtKB reviewed (Swiss-Prot),,entry_level_cross_reference_isoform_unspecified,,,"[{""gene_id_versioned"": ""ENSMUSG00000046727.14"", ""isoform_id"": """", ""protein_id"": ""ENSMUSP00000051708.4"", ""transcript_id"": ""ENSMUST00000050584.10""}, {""gene_id_versioned"": ""ENSMUSG00000046727.14"", ""isoform_id"": """", ""protein_id"": ""ENSMUSP00000157550.2"", ""transcript_id"": ""ENSMUST00000235403.2""}, {""gene_id_versioned"": ""ENSMUSG00000046727.14"", ""isoform_id"": """", ""protein_id"": ""ENSMUSP00000158380.2"", ""transcript_id"": ""ENSMUST00000235864.2""}, {""gene_id_versioned"": ""ENSMUSG00000046727.14"", ""isoform_id"": """", ""protein_id"": ""ENSMUSP00000157423.2"", ""transcript_id"": ""ENSMUST00000236374.2""}, {""gene_id_versioned"": ""ENSMUSG00000046727.14"", ""isoform_id"": """", ""protein_id"": ""ENSMUSP00000158042.2"", ""transcript_id"": ""ENSMUST00000237375.2""}]",2026_03,0.1.0
ENSMUSG00000002109,A2AGR6,10090,UniProtKB unreviewed (TrEMBL),,entry_level_cross_reference_isoform_unspecified,,,"[{""gene_id_versioned"": ""ENSMUSG00000002109.15"", ""isoform_id"": """", ""protein_id"": ""ENSMUSP00000106984.2"", ""transcript_id"": ""ENSMUST00000111352.8""}]",2026_03,0.1.0
ENSMUSG00000002109,Q99J79,10090,UniProtKB reviewed (Swiss-Prot),,entry_level_cross_reference_isoform_unspecified,,,"[{""gene_id_versioned"": ""ENSMUSG00000002109.15"", ""isoform_id"": """", ""protein_id"": ""ENSMUSP00000028696.5"", ""transcript_id"": ""ENSMUST00000028696.5""}]",2026_03,0.1.0
ENSMUSG00000024378,D3YW24,10090,UniProtKB unreviewed (TrEMBL),,entry_level_cross_reference_isoform_unspecified,,,"[{""gene_id_versioned"": ""ENSMUSG00000024378.10"", ""isoform_id"": """", ""protein_id"": ""ENSMUSP00000114131.2"", ""transcript_id"": ""ENSMUST00000118990.2""}]",2026_03,0.1.0
ENSMUSG00000024378,D3YW30,10090,UniProtKB unreviewed (TrEMBL),,entry_level_cross_reference_isoform_unspecified,,,"[{""gene_id_versioned"": ""ENSMUSG00000024378.10"", ""isoform_id"": """", ""protein_id"": ""ENSMUSP00000114109.2"", ""transcript_id"": ""ENSMUST00000119991.8""}]",2026_03,0.1.0
ENSMUSG00000024378,F6TV46,10090,UniProtKB unreviewed (TrEMBL),,entry_level_cross_reference_isoform_unspecified,,,"[{""gene_id_versioned"": ""ENSMUSG00000024378.10"", ""isoform_id"": """", ""protein_id"": ""ENSMUSP00000025236.3"", ""transcript_id"": ""ENSMUST00000025236.9""}]",2026_03,0.1.0
ENSMUSG00000028607,A2A8E7,10090,UniProtKB unreviewed (TrEMBL),,entry_level_cross_reference_isoform_unspecified,,,"[{""gene_id_versioned"": ""ENSMUSG00000028607.17"", ""isoform_id"": """", ""protein_id"": ""ENSMUSP00000102331.3"", ""transcript_id"": ""ENSMUST00000106720.9""}]",2026_03,0.1.0
ENSMUSG00000028607,A2A8E8,10090,UniProtKB unreviewed (TrEMBL),,entry_level_cross_reference_isoform_unspecified,,FRAGMENT_SEQUENCE,"[{""gene_id_versioned"": ""ENSMUSG00000028607.17"", ""isoform_id"": """", ""protein_id"": ""ENSMUSP00000102330.2"", ""transcript_id"": ""ENSMUST00000106719.8""}]",2026_03,0.1.0
ENSMUSG00000028607,A2A8E9,10090,UniProtKB unreviewed (TrEMBL),,entry_level_cross_reference_isoform_unspecified,,FRAGMENT_SEQUENCE,"[{""gene_id_versioned"": ""ENSMUSG00000028607.17"", ""isoform_id"": """", ""protein_id"": ""ENSMUSP00000114362.2"", ""transcript_id"": ""ENSMUST00000131644.2""}]",2026_03,0.1.0
ENSMUSG00000028607,P52825,10090,UniProtKB reviewed (Swiss-Prot),,entry_level_cross_reference_isoform_unspecified,,,"[{""gene_id_versioned"": ""ENSMUSG00000028607.17"", ""isoform_id"": """", ""protein_id"": ""ENSMUSP00000030345.9"", ""transcript_id"": ""ENSMUST00000030345.15""}]",2026_03,0.1.0
ENSMUSG00000074111,A0A140T8U8,10090,UniProtKB unreviewed (TrEMBL),,entry_level_cross_reference_isoform_unspecified,,,"[{""gene_id_versioned"": ""ENSMUSG00000074111.5"", ""isoform_id"": """", ""protein_id"": ""ENSMUSP00000136396.3"", ""transcript_id"": ""ENSMUST00000179005.3""}]",2026_03,0.1.0
ENSMUSG00000074111,L7N225,10090,UniProtKB unreviewed (TrEMBL),,entry_level_cross_reference_isoform_unspecified,,,"[{""gene_id_versioned"": ""ENSMUSG00000074111.5"", ""isoform_id"": """", ""protein_id"": ""ENSMUSP00000096035.4"", ""transcript_id"": ""ENSMUST00000098436.4""}]",2026_03,0.1.0
ENSMUSG00000025372,B1AZ46,10090,UniProtKB unreviewed (TrEMBL),,entry_level_cross_reference_isoform_unspecified,,,"[{""gene_id_versioned"": ""ENSMUSG00000025372.17"", ""isoform_id"": """", ""protein_id"": ""ENSMUSP00000101840.2"", ""transcript_id"": ""ENSMUST00000106233.2""}]",2026_03,0.1.0
ENSMUSG00000025372,Q8BKX1,10090,UniProtKB reviewed (Swiss-Prot),Q8BKX1-1,explicit_displayed_isoform_cross_reference,,,"[{""gene_id_versioned"": ""ENSMUSG00000025372.17"", ""isoform_id"": ""Q8BKX1-1"", ""protein_id"": ""ENSMUSP00000026436.4"", ""transcript_id"": ""ENSMUST00000026436.10""}, {""gene_id_versioned"": ""ENSMUSG00000025372.17"", ""isoform_id"": ""Q8BKX1-2"", ""protein_id"": ""ENSMUSP00000074674.6"", ""transcript_id"": ""ENSMUST00000075180.12""}, {""gene_id_versioned"": ""ENSMUSG00000025372.17"", ""isoform_id"": ""Q8BKX1-4"", ""protein_id"": ""ENSMUSP00000099310.4"", ""transcript_id"": ""ENSMUST00000103021.10""}, {""gene_id_versioned"": ""ENSMUSG00000025372.17"", ""isoform_id"": ""Q8BKX1-3"", ""protein_id"": ""ENSMUSP00000101838.2"", ""transcript_id"": ""ENSMUST00000106231.8""}]",2026_03,0.1.0
ENSMUSG00000022324,A0A2I3BRF3,10090,UniProtKB unreviewed (TrEMBL),,entry_level_cross_reference_isoform_unspecified,,,"[{""gene_id_versioned"": ""ENSMUSG00000022324.17"", ""isoform_id"": """", ""protein_id"": ""ENSMUSP00000154572.2"", ""transcript_id"": ""ENSMUST00000228570.2""}]",2026_03,0.1.0
ENSMUSG00000022324,A0A2I3BRV5,10090,UniProtKB unreviewed (TrEMBL),,entry_level_cross_reference_isoform_unspecified,,,"[{""gene_id_versioned"": ""ENSMUSG00000022324.17"", ""isoform_id"": """", ""protein_id"": ""ENSMUSP00000154740.2"", ""transcript_id"": ""ENSMUST00000226766.2""}]",2026_03,0.1.0
ENSMUSG00000022324,O08746,10090,UniProtKB reviewed (Swiss-Prot),O08746-1,explicit_displayed_isoform_cross_reference,,,"[{""gene_id_versioned"": ""ENSMUSG00000022324.17"", ""isoform_id"": ""O08746-2"", ""protein_id"": ""ENSMUSP00000022947.6"", ""transcript_id"": ""ENSMUST00000022947.7""}, {""gene_id_versioned"": ""ENSMUSG00000022324.17"", ""isoform_id"": ""O08746-1"", ""protein_id"": ""ENSMUSP00000154040.2"", ""transcript_id"": ""ENSMUST00000227759.2""}]",2026_03,0.1.0
ENSMUSG00000034353,A0A087WPC6,10090,UniProtKB unreviewed (TrEMBL),,entry_level_cross_reference_isoform_unspecified,,,"[{""gene_id_versioned"": ""ENSMUSG00000034353.15"", ""isoform_id"": """", ""protein_id"": ""ENSMUSP00000139720.2"", ""transcript_id"": ""ENSMUST00000188475.7""}]",2026_03,0.1.0
ENSMUSG00000034353,E9Q915,10090,UniProtKB unreviewed (TrEMBL),,entry_level_cross_reference_isoform_unspecified,,,"[{""gene_id_versioned"": ""ENSMUSG00000034353.15"", ""isoform_id"": """", ""protein_id"": ""ENSMUSP00000128679.3"", ""transcript_id"": ""ENSMUST00000165855.8""}]",2026_03,0.1.0
ENSMUSG00000034353,Q9WTJ5,10090,UniProtKB reviewed (Swiss-Prot),,entry_level_cross_reference_isoform_unspecified,,,"[{""gene_id_versioned"": ""ENSMUSG00000034353.15"", ""isoform_id"": """", ""protein_id"": ""ENSMUSP00000095253.5"", ""transcript_id"": ""ENSMUST00000097648.6""}]",2026_03,0.1.0
ENSMUSG00000026675,F6W2I7,10090,UniProtKB unreviewed (TrEMBL),,entry_level_cross_reference_isoform_unspecified,,,"[{""gene_id_versioned"": ""ENSMUSG00000026675.13"", ""isoform_id"": """", ""protein_id"": ""ENSMUSP00000106985.4"", ""transcript_id"": ""ENSMUST00000111353.4""}]",2026_03,0.1.0
ENSMUSG00000026675,O88736,10090,UniProtKB reviewed (Swiss-Prot),,entry_level_cross_reference_isoform_unspecified,,,"[{""gene_id_versioned"": ""ENSMUSG00000026675.13"", ""isoform_id"": """", ""protein_id"": ""ENSMUSP00000027989.7"", ""transcript_id"": ""ENSMUST00000027989.13""}]",2026_03,0.1.0
ENSMUSG00000004939,Q9D7C9,10090,UniProtKB reviewed (Swiss-Prot),,entry_level_cross_reference_isoform_unspecified,,,"[{""gene_id_versioned"": ""ENSMUSG00000004939.8"", ""isoform_id"": """", ""protein_id"": ""ENSMUSP00000005069.7"", ""transcript_id"": ""ENSMUST00000005069.8""}]",2026_03,0.1.0
ENSMUSG00000028020,A0A0A6YY73,10090,UniProtKB unreviewed (TrEMBL),,entry_level_cross_reference_isoform_unspecified,,,"[{""gene_id_versioned"": ""ENSMUSG00000028020.17"", ""isoform_id"": """", ""protein_id"": ""ENSMUSP00000142306.2"", ""transcript_id"": ""ENSMUST00000194085.6""}]",2026_03,0.1.0
ENSMUSG00000028020,E9PV81,10090,UniProtKB unreviewed (TrEMBL),,entry_level_cross_reference_isoform_unspecified,,,"[{""gene_id_versioned"": ""ENSMUSG00000028020.17"", ""isoform_id"": """", ""protein_id"": ""ENSMUSP00000115014.2"", ""transcript_id"": ""ENSMUST00000132330.2""}]",2026_03,0.1.0
ENSMUSG00000028020,E9Q3E3,10090,UniProtKB unreviewed (TrEMBL),,entry_level_cross_reference_isoform_unspecified,,,"[{""gene_id_versioned"": ""ENSMUSG00000028020.17"", ""isoform_id"": """", ""protein_id"": ""ENSMUSP00000103372.2"", ""transcript_id"": ""ENSMUST00000107743.8""}]",2026_03,0.1.0
ENSMUSG00000028020,E9Q9K1,10090,UniProtKB unreviewed (TrEMBL),,entry_level_cross_reference_isoform_unspecified,,,"[{""gene_id_versioned"": ""ENSMUSG00000028020.17"", ""isoform_id"": """", ""protein_id"": ""ENSMUSP00000116604.2"", ""transcript_id"": ""ENSMUST00000135043.8""}]",2026_03,0.1.0
ENSMUSG00000028020,P48168,10090,UniProtKB reviewed (Swiss-Prot),,entry_level_cross_reference_isoform_unspecified,,,"[{""gene_id_versioned"": ""ENSMUSG00000028020.17"", ""isoform_id"": """", ""protein_id"": ""ENSMUSP00000029654.9"", ""transcript_id"": ""ENSMUST00000029654.15""}]",2026_03,0.1.0
ENSMUSG00000028262,A0A0G2JFW5,10090,UniProtKB unreviewed (TrEMBL),,entry_level_cross_reference_isoform_unspecified,,AMBIGUOUS_OR_INVALID_SEQUENCE,"[{""gene_id_versioned"": ""ENSMUSG00000028262.14"", ""isoform_id"": """", ""protein_id"": ""ENSMUSP00000143332.2"", ""transcript_id"": ""ENSMUST00000197013.2""}]",2026_03,0.1.0
ENSMUSG00000028262,A0A0G2JGF3,10090,UniProtKB unreviewed (TrEMBL),,entry_level_cross_reference_isoform_unspecified,,FRAGMENT_SEQUENCE,"[{""gene_id_versioned"": ""ENSMUSG00000028262.14"", ""isoform_id"": """", ""protein_id"": ""ENSMUSP00000143543.2"", ""transcript_id"": ""ENSMUST00000199029.2""}]",2026_03,0.1.0
ENSMUSG00000028262,F7AZR3,10090,UniProtKB unreviewed (TrEMBL),,entry_level_cross_reference_isoform_unspecified,,,"[{""gene_id_versioned"": ""ENSMUSG00000028262.14"", ""isoform_id"": """", ""protein_id"": ""ENSMUSP00000029929.8"", ""transcript_id"": ""ENSMUST00000029929.12""}]",2026_03,0.1.0
ENSMUSG00000049281,A0A1L1SRT9,10090,UniProtKB unreviewed (TrEMBL),,entry_level_cross_reference_isoform_unspecified,,FRAGMENT_SEQUENCE,"[{""gene_id_versioned"": ""ENSMUSG00000049281.17"", ""isoform_id"": """", ""protein_id"": ""ENSMUSP00000149616.2"", ""transcript_id"": ""ENSMUST00000216398.2""}]",2026_03,0.1.0
ENSMUSG00000049281,H3BJR6,10090,UniProtKB unreviewed (TrEMBL),,entry_level_cross_reference_isoform_unspecified,,,"[{""gene_id_versioned"": ""ENSMUSG00000049281.17"", ""isoform_id"": """", ""protein_id"": ""ENSMUSP00000135096.2"", ""transcript_id"": ""ENSMUST00000176185.8""}]",2026_03,0.1.0
ENSMUSG00000049281,H3BKP5,10090,UniProtKB unreviewed (TrEMBL),,entry_level_cross_reference_isoform_unspecified,,AMBIGUOUS_OR_INVALID_SEQUENCE,"[{""gene_id_versioned"": ""ENSMUSG00000049281.17"", ""isoform_id"": """", ""protein_id"": ""ENSMUSP00000135470.2"", ""transcript_id"": ""ENSMUST00000176547.2""}]",2026_03,0.1.0
ENSMUSG00000049281,Q8BHK2,10090,UniProtKB reviewed (Swiss-Prot),,entry_level_cross_reference_isoform_unspecified,,,"[{""gene_id_versioned"": ""ENSMUSG00000049281.17"", ""isoform_id"": """", ""protein_id"": ""ENSMUSP00000051627.6"", ""transcript_id"": ""ENSMUST00000049941.12""}, {""gene_id_versioned"": ""ENSMUSG00000049281.17"", ""isoform_id"": """", ""protein_id"": ""ENSMUSP00000110606.4"", ""transcript_id"": ""ENSMUST00000114956.11""}, {""gene_id_versioned"": ""ENSMUSG00000049281.17"", ""isoform_id"": """", ""protein_id"": ""ENSMUSP00000132933.3"", ""transcript_id"": ""ENSMUST00000171835.9""}]",2026_03,0.1.0
ENSMUSG00000017002,E9Q4A3,10090,UniProtKB unreviewed (TrEMBL),,entry_level_cross_reference_isoform_unspecified,,FRAGMENT_SEQUENCE,"[{""gene_id_versioned"": ""ENSMUSG00000017002.15"", ""isoform_id"": """", ""protein_id"": ""ENSMUSP00000129629.2"", ""transcript_id"": ""ENSMUST00000167427.2""}]",2026_03,0.1.0
ENSMUSG00000017002,E9Q748,10090,UniProtKB unreviewed (TrEMBL),,entry_level_cross_reference_isoform_unspecified,,,"[{""gene_id_versioned"": ""ENSMUSG00000017002.15"", ""isoform_id"": """", ""protein_id"": ""ENSMUSP00000128025.2"", ""transcript_id"": ""ENSMUST00000165980.2""}]",2026_03,0.1.0
ENSMUSG00000017002,P97430,10090,UniProtKB reviewed (Swiss-Prot),,entry_level_cross_reference_isoform_unspecified,,,"[{""gene_id_versioned"": ""ENSMUSG00000017002.15"", ""isoform_id"": """", ""protein_id"": ""ENSMUSP00000104992.4"", ""transcript_id"": ""ENSMUST00000109367.10""}]",2026_03,0.1.0
ENSMUSG00000027394,F6ZXS5,10090,UniProtKB unreviewed (TrEMBL),,entry_level_cross_reference_isoform_unspecified,,AMBIGUOUS_OR_INVALID_SEQUENCE,"[{""gene_id_versioned"": ""ENSMUSG00000027394.14"", ""isoform_id"": """", ""protein_id"": ""ENSMUSP00000117506.2"", ""transcript_id"": ""ENSMUST00000144120.2""}]",2026_03,0.1.0
ENSMUSG00000027394,P38585,10090,UniProtKB reviewed (Swiss-Prot),,entry_level_cross_reference_isoform_unspecified,,,"[{""gene_id_versioned"": ""ENSMUSG00000027394.14"", ""isoform_id"": """", ""protein_id"": ""ENSMUSP00000046883.8"", ""transcript_id"": ""ENSMUST00000035812.14""}]",2026_03,0.1.0
ENSMUSG00000033760,A0A494B9C0,10090,UniProtKB unreviewed (TrEMBL),,entry_level_cross_reference_isoform_unspecified,,,"[{""gene_id_versioned"": ""ENSMUSG00000033760.18"", ""isoform_id"": """", ""protein_id"": ""ENSMUSP00000157577.2"", ""transcript_id"": ""ENSMUST00000236797.2""}]",2026_03,0.1.0
ENSMUSG00000033760,A0A494B9W4,10090,UniProtKB unreviewed (TrEMBL),,entry_level_cross_reference_isoform_unspecified,,FRAGMENT_SEQUENCE,"[{""gene_id_versioned"": ""ENSMUSG00000033760.18"", ""isoform_id"": """", ""protein_id"": ""ENSMUSP00000157783.2"", ""transcript_id"": ""ENSMUST00000237921.2""}]",2026_03,0.1.0
ENSMUSG00000033760,A0A494BAP6,10090,UniProtKB unreviewed (TrEMBL),,entry_level_cross_reference_isoform_unspecified,,,"[{""gene_id_versioned"": ""ENSMUSG00000033760.18"", ""isoform_id"": """", ""protein_id"": ""ENSMUSP00000158126.2"", ""transcript_id"": ""ENSMUST00000236160.2""}]",2026_03,0.1.0
ENSMUSG00000033760,Q8VE92,10090,UniProtKB reviewed (Swiss-Prot),,entry_level_cross_reference_isoform_unspecified,,,"[{""gene_id_versioned"": ""ENSMUSG00000033760.18"", ""isoform_id"": """", ""protein_id"": ""ENSMUSP00000038256.7"", ""transcript_id"": ""ENSMUST00000036744.8""}, {""gene_id_versioned"": ""ENSMUSG00000033760.18"", ""isoform_id"": """", ""protein_id"": ""ENSMUSP00000157674.2"", ""transcript_id"": ""ENSMUST00000182821.8""}, {""gene_id_versioned"": ""ENSMUSG00000033760.18"", ""isoform_id"": """", ""protein_id"": ""ENSMUSP00000157500.2"", ""transcript_id"": ""ENSMUST00000235278.2""}]",2026_03,0.1.0
ENSMUSG00000033760,S4R1A6,10090,UniProtKB unreviewed (TrEMBL),,entry_level_cross_reference_isoform_unspecified,,,"[{""gene_id_versioned"": ""ENSMUSG00000033760.18"", ""isoform_id"": """", ""protein_id"": ""ENSMUSP00000138146.2"", ""transcript_id"": ""ENSMUST00000182200.2""}]",2026_03,0.1.0
ENSMUSG00000004207,E9PZ00,10090,UniProtKB unreviewed (TrEMBL),,entry_level_cross_reference_isoform_unspecified,,,"[{""gene_id_versioned"": ""ENSMUSG00000004207.16"", ""isoform_id"": """", ""protein_id"": ""ENSMUSP00000126407.2"", ""transcript_id"": ""ENSMUST00000165878.2""}]",2026_03,0.1.0
ENSMUSG00000004207,F7D9Z9,10090,UniProtKB unreviewed (TrEMBL),,entry_level_cross_reference_isoform_unspecified,,,"[{""gene_id_versioned"": ""ENSMUSG00000004207.16"", ""isoform_id"": """", ""protein_id"": ""ENSMUSP00000101105.2"", ""transcript_id"": ""ENSMUST00000105465.8""}]",2026_03,0.1.0
ENSMUSG00000004207,J3QPG5,10090,UniProtKB unreviewed (TrEMBL),,entry_level_cross_reference_isoform_unspecified,,,"[{""gene_id_versioned"": ""ENSMUSG00000004207.16"", ""isoform_id"": """", ""protein_id"": ""ENSMUSP00000137286.2"", ""transcript_id"": ""ENSMUST00000177779.8""}]",2026_03,0.1.0
ENSMUSG00000004207,Q61207,10090,UniProtKB reviewed (Swiss-Prot),,entry_level_cross_reference_isoform_unspecified,,,"[{""gene_id_versioned"": ""ENSMUSG00000004207.16"", ""isoform_id"": """", ""protein_id"": ""ENSMUSP00000137476.2"", ""transcript_id"": ""ENSMUST00000179238.8""}]",2026_03,0.1.0
ENSMUSG00000022389,E9Q331,10090,UniProtKB unreviewed (TrEMBL),,entry_level_cross_reference_isoform_unspecified,,FRAGMENT_SEQUENCE,"[{""gene_id_versioned"": ""ENSMUSG00000022389.16"", ""isoform_id"": """", ""protein_id"": ""ENSMUSP00000132026.2"", ""transcript_id"": ""ENSMUST00000168200.2""}]",2026_03,0.1.0
ENSMUSG00000022389,E9Q3N8,10090,UniProtKB unreviewed (TrEMBL),,entry_level_cross_reference_isoform_unspecified,,FRAGMENT_SEQUENCE,"[{""gene_id_versioned"": ""ENSMUSG00000022389.16"", ""isoform_id"": """", ""protein_id"": ""ENSMUSP00000129748.2"", ""transcript_id"": ""ENSMUST00000172208.2""}]",2026_03,0.1.0
ENSMUSG00000022389,Q9JLC6,10090,UniProtKB reviewed (Swiss-Prot),Q9JLC6-1,explicit_displayed_isoform_cross_reference,,,"[{""gene_id_versioned"": ""ENSMUSG00000022389.16"", ""isoform_id"": ""Q9JLC6-1"", ""protein_id"": ""ENSMUSP00000023024.8"", ""transcript_id"": ""ENSMUST00000023024.8""}, {""gene_id_versioned"": ""ENSMUSG00000022389.16"", ""isoform_id"": ""Q9JLC6-2"", ""protein_id"": ""ENSMUSP00000105180.3"", ""transcript_id"": ""ENSMUST00000109553.10""}]",2026_03,0.1.0
ENSMUSG00000027797,A0A0G2JE54,10090,UniProtKB unreviewed (TrEMBL),,entry_level_cross_reference_isoform_unspecified,,,"[{""gene_id_versioned"": ""ENSMUSG00000027797.16"", ""isoform_id"": """", ""protein_id"": ""ENSMUSP00000142637.2"", ""transcript_id"": ""ENSMUST00000198412.5""}]",2026_03,0.1.0
ENSMUSG00000027797,A0A0G2JEA8,10090,UniProtKB unreviewed (TrEMBL),,entry_level_cross_reference_isoform_unspecified,,,"[{""gene_id_versioned"": ""ENSMUSG00000027797.16"", ""isoform_id"": """", ""protein_id"": ""ENSMUSP00000142698.2"", ""transcript_id"": ""ENSMUST00000199585.5""}]",2026_03,0.1.0
ENSMUSG00000027797,A0A0G2JEN4,10090,UniProtKB unreviewed (TrEMBL),,entry_level_cross_reference_isoform_unspecified,,,"[{""gene_id_versioned"": ""ENSMUSG00000027797.16"", ""isoform_id"": """", ""protein_id"": ""ENSMUSP00000142840.2"", ""transcript_id"": ""ENSMUST00000200352.2""}]",2026_03,0.1.0
ENSMUSG00000027797,A0A0G2JF43,10090,UniProtKB unreviewed (TrEMBL),,entry_level_cross_reference_isoform_unspecified,,,"[{""gene_id_versioned"": ""ENSMUSG00000027797.16"", ""isoform_id"": """", ""protein_id"": ""ENSMUSP00000143016.2"", ""transcript_id"": ""ENSMUST00000198437.5""}]",2026_03,0.1.0
ENSMUSG00000027797,A0A0G2JGC0,10090,UniProtKB unreviewed (TrEMBL),,entry_level_cross_reference_isoform_unspecified,,,"[{""gene_id_versioned"": ""ENSMUSG00000027797.16"", ""isoform_id"": """", ""protein_id"": ""ENSMUSP00000143507.2"", ""transcript_id"": ""ENSMUST00000199702.5""}]",2026_03,0.1.0
ENSMUSG00000027797,A0A0G2JGH1,10090,UniProtKB unreviewed (TrEMBL),,entry_level_cross_reference_isoform_unspecified,,,"[{""gene_id_versioned"": ""ENSMUSG00000027797.16"", ""isoform_id"": """", ""protein_id"": ""ENSMUSP00000143563.2"", ""transcript_id"": ""ENSMUST00000199169.5""}]",2026_03,0.1.0
ENSMUSG00000027797,A0A0G2JGQ6,10090,UniProtKB unreviewed (TrEMBL),,entry_level_cross_reference_isoform_unspecified,,,"[{""gene_id_versioned"": ""ENSMUSG00000027797.16"", ""isoform_id"": """", ""protein_id"": ""ENSMUSP00000143659.2"", ""transcript_id"": ""ENSMUST00000196745.5""}]",2026_03,0.1.0
ENSMUSG00000027797,A0A0G2JGR9,10090,UniProtKB unreviewed (TrEMBL),,entry_level_cross_reference_isoform_unspecified,,FRAGMENT_SEQUENCE,"[{""gene_id_versioned"": ""ENSMUSG00000027797.16"", ""isoform_id"": """", ""protein_id"": ""ENSMUSP00000143672.2"", ""transcript_id"": ""ENSMUST00000200348.2""}]",2026_03,0.1.0
ENSMUSG00000027797,F7AUF3,10090,UniProtKB unreviewed (TrEMBL),,entry_level_cross_reference_isoform_unspecified,,,"[{""gene_id_versioned"": ""ENSMUSG00000027797.16"", ""isoform_id"": """", ""protein_id"": ""ENSMUSP00000129334.2"", ""transcript_id"": ""ENSMUST00000167204.8""}]",2026_03,0.1.0
ENSMUSG00000027797,H7BX36,10090,UniProtKB unreviewed (TrEMBL),,entry_level_cross_reference_isoform_unspecified,,,"[{""gene_id_versioned"": ""ENSMUSG00000027797.16"", ""isoform_id"": """", ""protein_id"": ""ENSMUSP00000070292.5"", ""transcript_id"": ""ENSMUST00000070418.9""}]",2026_03,0.1.0
ENSMUSG00000027797,Q9JLM8,10090,UniProtKB reviewed (Swiss-Prot),Q9JLM8-1,explicit_displayed_isoform_cross_reference,,,"[{""gene_id_versioned"": ""ENSMUSG00000027797.16"", ""isoform_id"": ""Q9JLM8-1"", ""protein_id"": ""ENSMUSP00000050034.8"", ""transcript_id"": ""ENSMUST00000054237.14""}]",2026_03,0.1.0
ENSMUSG00000041577,Q9JK53,10090,UniProtKB reviewed (Swiss-Prot),,entry_level_cross_reference_isoform_unspecified,,,"[{""gene_id_versioned"": ""ENSMUSG00000041577.6"", ""isoform_id"": """", ""protein_id"": ""ENSMUSP00000048803.6"", ""transcript_id"": ""ENSMUST00000048432.6""}]",2026_03,0.1.0
ENSMUSG00000062168,B7ZCG2,10090,UniProtKB unreviewed (TrEMBL),,entry_level_cross_reference_isoform_unspecified,,FRAGMENT_SEQUENCE,"[{""gene_id_versioned"": ""ENSMUSG00000062168.13"", ""isoform_id"": """", ""protein_id"": ""ENSMUSP00000121692.2"", ""transcript_id"": ""ENSMUST00000136888.2""}]",2026_03,0.1.0
ENSMUSG00000062168,F6WQJ9,10090,UniProtKB unreviewed (TrEMBL),,entry_level_cross_reference_isoform_unspecified,,FRAGMENT_SEQUENCE,"[{""gene_id_versioned"": ""ENSMUSG00000062168.13"", ""isoform_id"": """", ""protein_id"": ""ENSMUSP00000123408.2"", ""transcript_id"": ""ENSMUST00000135856.2""}]",2026_03,0.1.0
ENSMUSG00000062168,O35655,10090,UniProtKB reviewed (Swiss-Prot),,entry_level_cross_reference_isoform_unspecified,,,"[{""gene_id_versioned"": ""ENSMUSG00000062168.13"", ""isoform_id"": """", ""protein_id"": ""ENSMUSP00000071191.6"", ""transcript_id"": ""ENSMUST00000071204.12""}]",2026_03,0.1.0
ENSMUSG00000035948,Q14DH7,10090,UniProtKB reviewed (Swiss-Prot),Q14DH7-1,explicit_displayed_isoform_cross_reference,,,"[{""gene_id_versioned"": ""ENSMUSG00000035948.14"", ""isoform_id"": ""Q14DH7-2"", ""protein_id"": ""ENSMUSP00000040823.5"", ""transcript_id"": ""ENSMUST00000044668.5""}, {""gene_id_versioned"": ""ENSMUSG00000035948.14"", ""isoform_id"": ""Q14DH7-1"", ""protein_id"": ""ENSMUSP00000128209.2"", ""transcript_id"": ""ENSMUST00000165067.9""}]",2026_03,0.1.0
ENSMUSG00000021250,P01101,10090,UniProtKB reviewed (Swiss-Prot),,entry_level_cross_reference_isoform_unspecified,,,"[{""gene_id_versioned"": ""ENSMUSG00000021250.14"", ""isoform_id"": """", ""protein_id"": ""ENSMUSP00000021674.7"", ""transcript_id"": ""ENSMUST00000021674.7""}]",2026_03,0.1.0
ENSMUSG00000028636,Q8VDG5,10090,UniProtKB reviewed (Swiss-Prot),Q8VDG5-1,explicit_displayed_isoform_cross_reference,,,"[{""gene_id_versioned"": ""ENSMUSG00000028636.15"", ""isoform_id"": ""Q8VDG5-1"", ""protein_id"": ""ENSMUSP00000030385.7"", ""transcript_id"": ""ENSMUST00000030385.13""}, {""gene_id_versioned"": ""ENSMUSG00000028636.15"", ""isoform_id"": ""Q8VDG5-2"", ""protein_id"": ""ENSMUSP00000101923.2"", ""transcript_id"": ""ENSMUST00000106316.2""}]",2026_03,0.1.0
ENSMUSG00000031099,F6QS43,10090,UniProtKB unreviewed (TrEMBL),,entry_level_cross_reference_isoform_unspecified,,FRAGMENT_SEQUENCE,"[{""gene_id_versioned"": ""ENSMUSG00000031099.17"", ""isoform_id"": """", ""protein_id"": ""ENSMUSP00000116209.2"", ""transcript_id"": ""ENSMUST00000153587.2""}]",2026_03,0.1.0
ENSMUSG00000031099,F6Z6F4,10090,UniProtKB unreviewed (TrEMBL),,entry_level_cross_reference_isoform_unspecified,,FRAGMENT_SEQUENCE,"[{""gene_id_versioned"": ""ENSMUSG00000031099.17"", ""isoform_id"": """", ""protein_id"": ""ENSMUSP00000114296.3"", ""transcript_id"": ""ENSMUST00000153548.9""}]",2026_03,0.1.0
ENSMUSG00000031099,H3BKX6,10090,UniProtKB unreviewed (TrEMBL),,entry_level_cross_reference_isoform_unspecified,,,"[{""gene_id_versioned"": ""ENSMUSG00000031099.17"", ""isoform_id"": """", ""protein_id"": ""ENSMUSP00000135570.2"", ""transcript_id"": ""ENSMUST00000141084.3""}]",2026_03,0.1.0
ENSMUSG00000031099,Q6PGB8,10090,UniProtKB reviewed (Swiss-Prot),Q6PGB8-1,explicit_displayed_isoform_cross_reference,,,"[{""gene_id_versioned"": ""ENSMUSG00000031099.17"", ""isoform_id"": ""Q6PGB8-1"", ""protein_id"": ""ENSMUSP00000076769.5"", ""transcript_id"": ""ENSMUST00000077569.11""}, {""gene_id_versioned"": ""ENSMUSG00000031099.17"", ""isoform_id"": ""Q6PGB8-1"", ""protein_id"": ""ENSMUSP00000086366.5"", ""transcript_id"": ""ENSMUST00000088973.11""}, {""gene_id_versioned"": ""ENSMUSG00000031099.17"", ""isoform_id"": ""Q6PGB8-2"", ""protein_id"": ""ENSMUSP00000099138.3"", ""transcript_id"": ""ENSMUST00000101616.9""}]",2026_03,0.1.0
ENSMUSG00000021037,A0A1Y7VM19,10090,UniProtKB unreviewed (TrEMBL),,entry_level_cross_reference_isoform_unspecified,,FRAGMENT_SEQUENCE,"[{""gene_id_versioned"": ""ENSMUSG00000021037.8"", ""isoform_id"": """", ""protein_id"": ""ENSMUSP00000152471.2"", ""transcript_id"": ""ENSMUST00000223352.2""}]",2026_03,0.1.0
ENSMUSG00000021037,Q8BK64,10090,UniProtKB reviewed (Swiss-Prot),,entry_level_cross_reference_isoform_unspecified,,,"[{""gene_id_versioned"": ""ENSMUSG00000021037.8"", ""isoform_id"": """", ""protein_id"": ""ENSMUSP00000021425.7"", ""transcript_id"": ""ENSMUST00000021425.8""}]",2026_03,0.1.0
ENSMUSG00000024413,O35604,10090,UniProtKB reviewed (Swiss-Prot),,entry_level_cross_reference_isoform_unspecified,,,"[{""gene_id_versioned"": ""ENSMUSG00000024413.15"", ""isoform_id"": """", ""protein_id"": ""ENSMUSP00000025279.6"", ""transcript_id"": ""ENSMUST00000025279.6""}]",2026_03,0.1.0
ENSMUSG00000056999,A0ACM8Q264,10090,UniProtKB unreviewed (TrEMBL),,entry_level_cross_reference_isoform_unspecified,,,"[{""gene_id_versioned"": ""ENSMUSG00000056999.17"", ""isoform_id"": """", ""protein_id"": ""ENSMUSP00000121358.3"", ""transcript_id"": ""ENSMUST00000131070.3""}]",2026_03,0.1.0
ENSMUSG00000073838,A0A0U1RNQ6,10090,UniProtKB unreviewed (TrEMBL),,entry_level_cross_reference_isoform_unspecified,,FRAGMENT_SEQUENCE,"[{""gene_id_versioned"": ""ENSMUSG00000073838.11"", ""isoform_id"": """", ""protein_id"": ""ENSMUSP00000145664.2"", ""transcript_id"": ""ENSMUST00000206055.2""}]",2026_03,0.1.0
ENSMUSG00000073838,A0A0U1RPC4,10090,UniProtKB unreviewed (TrEMBL),,entry_level_cross_reference_isoform_unspecified,,FRAGMENT_SEQUENCE,"[{""gene_id_versioned"": ""ENSMUSG00000073838.11"", ""isoform_id"": """", ""protein_id"": ""ENSMUSP00000145924.2"", ""transcript_id"": ""ENSMUST00000206572.2""}]",2026_03,0.1.0
ENSMUSG00000073838,Q8BFR5,10090,UniProtKB reviewed (Swiss-Prot),Q8BFR5-1,explicit_displayed_isoform_cross_reference,,,"[{""gene_id_versioned"": ""ENSMUSG00000073838.11"", ""isoform_id"": ""Q8BFR5-1"", ""protein_id"": ""ENSMUSP00000095656.5"", ""transcript_id"": ""ENSMUST00000098048.6""}, {""gene_id_versioned"": ""ENSMUSG00000073838.11"", ""isoform_id"": ""Q8BFR5-2"", ""protein_id"": ""ENSMUSP00000102000.4"", ""transcript_id"": ""ENSMUST00000106392.10""}]",2026_03,0.1.0
ENSMUSG00000001768,E0CYG9,10090,UniProtKB unreviewed (TrEMBL),,entry_level_cross_reference_isoform_unspecified,,,"[{""gene_id_versioned"": ""ENSMUSG00000001768.17"", ""isoform_id"": """", ""protein_id"": ""ENSMUSP00000124206.2"", ""transcript_id"": ""ENSMUST00000147976.8""}, {""gene_id_versioned"": ""ENSMUSG00000001768.17"", ""isoform_id"": """", ""protein_id"": ""ENSMUSP00000124078.2"", ""transcript_id"": ""ENSMUST00000150449.2""}]",2026_03,0.1.0
ENSMUSG00000001768,E0CZD2,10090,UniProtKB unreviewed (TrEMBL),,entry_level_cross_reference_isoform_unspecified,,FRAGMENT_SEQUENCE,"[{""gene_id_versioned"": ""ENSMUSG00000001768.17"", ""isoform_id"": """", ""protein_id"": ""ENSMUSP00000125476.2"", ""transcript_id"": ""ENSMUST00000142847.8""}]",2026_03,0.1.0
ENSMUSG00000001768,F8WGD2,10090,UniProtKB unreviewed (TrEMBL),,entry_level_cross_reference_isoform_unspecified,,,"[{""gene_id_versioned"": ""ENSMUSG00000001768.17"", ""isoform_id"": """", ""protein_id"": ""ENSMUSP00000092053.5"", ""transcript_id"": ""ENSMUST00000094480.11""}]",2026_03,0.1.0
ENSMUSG00000001768,Q9D684,10090,UniProtKB reviewed (Swiss-Prot),Q9D684-1,explicit_displayed_isoform_cross_reference,,,"[{""gene_id_versioned"": ""ENSMUSG00000001768.17"", ""isoform_id"": ""Q9D684-1"", ""protein_id"": ""ENSMUSP00000105632.2"", ""transcript_id"": ""ENSMUST00000110005.8""}]",2026_03,0.1.0
ENSMUSG00000040943,A0A0G2JF55,10090,UniProtKB unreviewed (TrEMBL),,entry_level_cross_reference_isoform_unspecified,,,"[{""gene_id_versioned"": ""ENSMUSG00000040943.13"", ""isoform_id"": """", ""protein_id"": ""ENSMUSP00000143029.2"", ""transcript_id"": ""ENSMUST00000196398.5""}]",2026_03,0.1.0
ENSMUSG00000040943,A0A0G2JG87,10090,UniProtKB unreviewed (TrEMBL),,entry_level_cross_reference_isoform_unspecified,,AMBIGUOUS_OR_INVALID_SEQUENCE,"[{""gene_id_versioned"": ""ENSMUSG00000040943.13"", ""isoform_id"": """", ""protein_id"": ""ENSMUSP00000143468.2"", ""transcript_id"": ""ENSMUST00000198974.2""}]",2026_03,0.1.0
ENSMUSG00000040943,A0A0G2JGM1,10090,UniProtKB unreviewed (TrEMBL),,entry_level_cross_reference_isoform_unspecified,,FRAGMENT_SEQUENCE,"[{""gene_id_versioned"": ""ENSMUSG00000040943.13"", ""isoform_id"": """", ""protein_id"": ""ENSMUSP00000143619.2"", ""transcript_id"": ""ENSMUST00000197118.5""}]",2026_03,0.1.0
ENSMUSG00000040943,Q4JK59,10090,UniProtKB reviewed (Swiss-Prot),Q4JK59-1,explicit_displayed_isoform_cross_reference,,,"[{""gene_id_versioned"": ""ENSMUSG00000040943.13"", ""isoform_id"": ""Q4JK59-1"", ""protein_id"": ""ENSMUSP00000096203.4"", ""transcript_id"": ""ENSMUST00000098603.8""}]",2026_03,0.1.0
ENSMUSG00000008450,A0A1D5RLR1,10090,UniProtKB unreviewed (TrEMBL),,entry_level_cross_reference_isoform_unspecified,,FRAGMENT_SEQUENCE,"[{""gene_id_versioned"": ""ENSMUSG00000008450.9"", ""isoform_id"": """", ""protein_id"": ""ENSMUSP00000148471.2"", ""transcript_id"": ""ENSMUST00000212200.2""}, {""gene_id_versioned"": ""ENSMUSG00000008450.9"", ""isoform_id"": """", ""protein_id"": ""ENSMUSP00000148704.2"", ""transcript_id"": ""ENSMUST00000212484.2""}]",2026_03,0.1.0
ENSMUSG00000008450,P61971,10090,UniProtKB reviewed (Swiss-Prot),,entry_level_cross_reference_isoform_unspecified,,,"[{""gene_id_versioned"": ""ENSMUSG00000008450.9"", ""isoform_id"": """", ""protein_id"": ""ENSMUSP00000008594.8"", ""transcript_id"": ""ENSMUST00000008594.9""}, {""gene_id_versioned"": ""ENSMUSG00000008450.9"", ""isoform_id"": """", ""protein_id"": ""ENSMUSP00000148713.2"", ""transcript_id"": ""ENSMUST00000212042.2""}]",2026_03,0.1.0
ENSMUSG00000034320,E9PZ06,10090,UniProtKB unreviewed (TrEMBL),,entry_level_cross_reference_isoform_unspecified,,FRAGMENT_SEQUENCE,"[{""gene_id_versioned"": ""ENSMUSG00000034320.15"", ""isoform_id"": """", ""protein_id"": ""ENSMUSP00000114419.2"", ""transcript_id"": ""ENSMUST00000148829.2""}]",2026_03,0.1.0
ENSMUSG00000034320,F8WI08,10090,UniProtKB unreviewed (TrEMBL),,entry_level_cross_reference_isoform_unspecified,,,"[{""gene_id_versioned"": ""ENSMUSG00000034320.15"", ""isoform_id"": """", ""protein_id"": ""ENSMUSP00000040163.8"", ""transcript_id"": ""ENSMUST00000037603.8""}]",2026_03,0.1.0
ENSMUSG00000034320,Q62273,10090,UniProtKB reviewed (Swiss-Prot),,entry_level_cross_reference_isoform_unspecified,,,"[{""gene_id_versioned"": ""ENSMUSG00000034320.15"", ""isoform_id"": """", ""protein_id"": ""ENSMUSP00000119447.2"", ""transcript_id"": ""ENSMUST00000146409.8""}]",2026_03,0.1.0
ENSMUSG00000045140,Q8C398,10090,UniProtKB reviewed (Swiss-Prot),,entry_level_cross_reference_isoform_unspecified,,,"[{""gene_id_versioned"": ""ENSMUSG00000045140.9"", ""isoform_id"": """", ""protein_id"": ""ENSMUSP00000064547.3"", ""transcript_id"": ""ENSMUST00000067058.3""}, {""gene_id_versioned"": ""ENSMUSG00000045140.9"", ""isoform_id"": """", ""protein_id"": ""ENSMUSP00000103715.3"", ""transcript_id"": ""ENSMUST00000108080.3""}]",2026_03,0.1.0
ENSMUSG00000032594,A0A0A6YVR5,10090,UniProtKB unreviewed (TrEMBL),,entry_level_cross_reference_isoform_unspecified,,,"[{""gene_id_versioned"": ""ENSMUSG00000032594.12"", ""isoform_id"": """", ""protein_id"": ""ENSMUSP00000141232.2"", ""transcript_id"": ""ENSMUST00000176854.7""}]",2026_03,0.1.0
ENSMUSG00000032594,F7CWH3,10090,UniProtKB unreviewed (TrEMBL),,entry_level_cross_reference_isoform_unspecified,,,"[{""gene_id_versioned"": ""ENSMUSG00000032594.12"", ""isoform_id"": """", ""protein_id"": ""ENSMUSP00000128534.3"", ""transcript_id"": ""ENSMUST00000164395.9""}]",2026_03,0.1.0
ENSMUSG00000032594,H3BIW9,10090,UniProtKB unreviewed (TrEMBL),,entry_level_cross_reference_isoform_unspecified,,FRAGMENT_SEQUENCE,"[{""gene_id_versioned"": ""ENSMUSG00000032594.12"", ""isoform_id"": """", ""protein_id"": ""ENSMUSP00000134754.2"", ""transcript_id"": ""ENSMUST00000177158.2""}]",2026_03,0.1.0
ENSMUSG00000032594,H3BKD8,10090,UniProtKB unreviewed (TrEMBL),,entry_level_cross_reference_isoform_unspecified,,FRAGMENT_SEQUENCE,"[{""gene_id_versioned"": ""ENSMUSG00000032594.12"", ""isoform_id"": """", ""protein_id"": ""ENSMUSP00000135350.2"", ""transcript_id"": ""ENSMUST00000176566.2""}]",2026_03,0.1.0
ENSMUSG00000032594,H3BKZ2,10090,UniProtKB unreviewed (TrEMBL),,entry_level_cross_reference_isoform_unspecified,,AMBIGUOUS_OR_INVALID_SEQUENCE,"[{""gene_id_versioned"": ""ENSMUSG00000032594.12"", ""isoform_id"": """", ""protein_id"": ""ENSMUSP00000135587.2"", ""transcript_id"": ""ENSMUST00000176613.2""}]",2026_03,0.1.0
ENSMUSG00000032594,H3BLD6,10090,UniProtKB unreviewed (TrEMBL),,entry_level_cross_reference_isoform_unspecified,,FRAGMENT_SEQUENCE,"[{""gene_id_versioned"": ""ENSMUSG00000032594.12"", ""isoform_id"": """", ""protein_id"": ""ENSMUSP00000135747.2"", ""transcript_id"": ""ENSMUST00000175874.2""}]",2026_03,0.1.0
ENSMUSG00000032594,Q6PD10,10090,UniProtKB reviewed (Swiss-Prot),,entry_level_cross_reference_isoform_unspecified,,,"[{""gene_id_versioned"": ""ENSMUSG00000032594.12"", ""isoform_id"": """", ""protein_id"": ""ENSMUSP00000035214.5"", ""transcript_id"": ""ENSMUST00000035214.11""}]",2026_03,0.1.0
ENSMUSG00000031486,J3QMG7,10090,UniProtKB unreviewed (TrEMBL),,entry_level_cross_reference_isoform_unspecified,,,"[{""gene_id_versioned"": ""ENSMUSG00000031486.16"", ""isoform_id"": """", ""protein_id"": ""ENSMUSP00000136277.2"", ""transcript_id"": ""ENSMUST00000178514.8""}]",2026_03,0.1.0
ENSMUSG00000031486,J3QPB6,10090,UniProtKB unreviewed (TrEMBL),,entry_level_cross_reference_isoform_unspecified,,AMBIGUOUS_OR_INVALID_SEQUENCE,"[{""gene_id_versioned"": ""ENSMUSG00000031486.16"", ""isoform_id"": """", ""protein_id"": ""ENSMUSP00000137181.2"", ""transcript_id"": ""ENSMUST00000179207.3""}]",2026_03,0.1.0
ENSMUSG00000031486,J3QPS6,10090,UniProtKB unreviewed (TrEMBL),,entry_level_cross_reference_isoform_unspecified,,FRAGMENT_SEQUENCE,"[{""gene_id_versioned"": ""ENSMUSG00000031486.16"", ""isoform_id"": """", ""protein_id"": ""ENSMUSP00000137457.2"", ""transcript_id"": ""ENSMUST00000179351.2""}]",2026_03,0.1.0
ENSMUSG00000031486,Q91ZV8,10090,UniProtKB reviewed (Swiss-Prot),,entry_level_cross_reference_isoform_unspecified,,,"[{""gene_id_versioned"": ""ENSMUSG00000031486.16"", ""isoform_id"": """", ""protein_id"": ""ENSMUSP00000033876.8"", ""transcript_id"": ""ENSMUST00000033876.14""}]",2026_03,0.1.0
ENSMUSG00000068749,A0A0G2JF97,10090,UniProtKB unreviewed (TrEMBL),,entry_level_cross_reference_isoform_unspecified,,AMBIGUOUS_OR_INVALID_SEQUENCE,"[{""gene_id_versioned"": ""ENSMUSG00000068749.10"", ""isoform_id"": """", ""protein_id"": ""ENSMUSP00000143081.2"", ""transcript_id"": ""ENSMUST00000129708.3""}]",2026_03,0.1.0
ENSMUSG00000068749,Q9Z2U1,10090,UniProtKB reviewed (Swiss-Prot),,entry_level_cross_reference_isoform_unspecified,,,"[{""gene_id_versioned"": ""ENSMUSG00000068749.10"", ""isoform_id"": """", ""protein_id"": ""ENSMUSP00000088057.6"", ""transcript_id"": ""ENSMUST00000090569.10""}]",2026_03,0.1.0
ENSMUSG00000072949,A0A1Y7VMQ6,10090,UniProtKB unreviewed (TrEMBL),,entry_level_cross_reference_isoform_unspecified,,AMBIGUOUS_OR_INVALID_SEQUENCE,"[{""gene_id_versioned"": ""ENSMUSG00000072949.7"", ""isoform_id"": """", ""protein_id"": ""ENSMUSP00000152857.2"", ""transcript_id"": ""ENSMUST00000220901.2""}]",2026_03,0.1.0
ENSMUSG00000072949,O55137,10090,UniProtKB reviewed (Swiss-Prot),,entry_level_cross_reference_isoform_unspecified,,,"[{""gene_id_versioned"": ""ENSMUSG00000072949.7"", ""isoform_id"": """", ""protein_id"": ""ENSMUSP00000126448.2"", ""transcript_id"": ""ENSMUST00000168120.3""}]",2026_03,0.1.0
ENSMUSG00000024292,A0A3Q4EC89,10090,UniProtKB unreviewed (TrEMBL),,entry_level_cross_reference_isoform_unspecified,,FRAGMENT_SEQUENCE,"[{""gene_id_versioned"": ""ENSMUSG00000024292.16"", ""isoform_id"": """", ""protein_id"": ""ENSMUSP00000157346.2"", ""transcript_id"": ""ENSMUST00000234797.2""}]",2026_03,0.1.0
ENSMUSG00000024292,A0A3Q4EHX3,10090,UniProtKB unreviewed (TrEMBL),,entry_level_cross_reference_isoform_unspecified,,FRAGMENT_SEQUENCE,"[{""gene_id_versioned"": ""ENSMUSG00000024292.16"", ""isoform_id"": """", ""protein_id"": ""ENSMUSP00000157156.2"", ""transcript_id"": ""ENSMUST00000234538.2""}]",2026_03,0.1.0
ENSMUSG00000024292,Q9EP75,10090,UniProtKB reviewed (Swiss-Prot),,entry_level_cross_reference_isoform_unspecified,,,"[{""gene_id_versioned"": ""ENSMUSG00000024292.16"", ""isoform_id"": """", ""protein_id"": ""ENSMUSP00000050478.7"", ""transcript_id"": ""ENSMUST00000054174.9""}, {""gene_id_versioned"": ""ENSMUSG00000024292.16"", ""isoform_id"": """", ""protein_id"": ""ENSMUSP00000136139.2"", ""transcript_id"": ""ENSMUST00000179434.8""}, {""gene_id_versioned"": ""ENSMUSG00000024292.16"", ""isoform_id"": """", ""protein_id"": ""ENSMUSP00000157036.2"", ""transcript_id"": ""ENSMUST00000234759.2""}, {""gene_id_versioned"": ""ENSMUSG00000024292.16"", ""isoform_id"": """", ""protein_id"": ""ENSMUSP00000157006.2"", ""transcript_id"": ""ENSMUST00000235058.2""}]",2026_03,0.1.0
ENSMUSG00000019970,D3YV51,10090,UniProtKB unreviewed (TrEMBL),,entry_level_cross_reference_isoform_unspecified,,FRAGMENT_SEQUENCE,"[{""gene_id_versioned"": ""ENSMUSG00000019970.16"", ""isoform_id"": """", ""protein_id"": ""ENSMUSP00000114691.2"", ""transcript_id"": ""ENSMUST00000124350.2""}]",2026_03,0.1.0
ENSMUSG00000019970,D3YXA3,10090,UniProtKB unreviewed (TrEMBL),,entry_level_cross_reference_isoform_unspecified,,FRAGMENT_SEQUENCE,"[{""gene_id_versioned"": ""ENSMUSG00000019970.16"", ""isoform_id"": """", ""protein_id"": ""ENSMUSP00000115073.2"", ""transcript_id"": ""ENSMUST00000150089.8""}]",2026_03,0.1.0
ENSMUSG00000019970,D3Z0E8,10090,UniProtKB unreviewed (TrEMBL),,entry_level_cross_reference_isoform_unspecified,,FRAGMENT_SEQUENCE,"[{""gene_id_versioned"": ""ENSMUSG00000019970.16"", ""isoform_id"": """", ""protein_id"": ""ENSMUSP00000120882.2"", ""transcript_id"": ""ENSMUST00000142174.8""}]",2026_03,0.1.0
ENSMUSG00000019970,E9Q1B0,10090,UniProtKB unreviewed (TrEMBL),,entry_level_cross_reference_isoform_unspecified,,,"[{""gene_id_versioned"": ""ENSMUSG00000019970.16"", ""isoform_id"": """", ""protein_id"": ""ENSMUSP00000097614.4"", ""transcript_id"": ""ENSMUST00000100036.10""}]",2026_03,0.1.0
ENSMUSG00000019970,E9Q8C1,10090,UniProtKB unreviewed (TrEMBL),,entry_level_cross_reference_isoform_unspecified,,,"[{""gene_id_versioned"": ""ENSMUSG00000019970.16"", ""isoform_id"": """", ""protein_id"": ""ENSMUSP00000128873.2"", ""transcript_id"": ""ENSMUST00000164659.8""}]",2026_03,0.1.0
ENSMUSG00000019970,F6RKM6,10090,UniProtKB unreviewed (TrEMBL),,entry_level_cross_reference_isoform_unspecified,,AMBIGUOUS_OR_INVALID_SEQUENCE,"[{""gene_id_versioned"": ""ENSMUSG00000019970.16"", ""isoform_id"": """", ""protein_id"": ""ENSMUSP00000116096.2"", ""transcript_id"": ""ENSMUST00000124203.2""}]",2026_03,0.1.0
ENSMUSG00000019970,Q9WVC6,10090,UniProtKB reviewed (Swiss-Prot),Q9WVC6-1,explicit_displayed_isoform_cross_reference,,,"[{""gene_id_versioned"": ""ENSMUSG00000019970.16"", ""isoform_id"": ""Q9WVC6-1"", ""protein_id"": ""ENSMUSP00000020145.6"", ""transcript_id"": ""ENSMUST00000020145.12""}, {""gene_id_versioned"": ""ENSMUSG00000019970.16"", ""isoform_id"": ""Q9WVC6-3"", ""protein_id"": ""ENSMUSP00000090343.5"", ""transcript_id"": ""ENSMUST00000092673.11""}, {""gene_id_versioned"": ""ENSMUSG00000019970.16"", ""isoform_id"": ""Q9WVC6-2"", ""protein_id"": ""ENSMUSP00000114074.2"", ""transcript_id"": ""ENSMUST00000120509.8""}]",2026_03,0.1.0
ENSMUSG00000022111,A0A2I3BQ39,10090,UniProtKB unreviewed (TrEMBL),,entry_level_cross_reference_isoform_unspecified,,AMBIGUOUS_OR_INVALID_SEQUENCE,"[{""gene_id_versioned"": ""ENSMUSG00000022111.10"", ""isoform_id"": """", ""protein_id"": ""ENSMUSP00000154032.2"", ""transcript_id"": ""ENSMUST00000226340.2""}]",2026_03,0.1.0
ENSMUSG00000022111,Q9JKB1,10090,UniProtKB reviewed (Swiss-Prot),,entry_level_cross_reference_isoform_unspecified,,,"[{""gene_id_versioned"": ""ENSMUSG00000022111.10"", ""isoform_id"": """", ""protein_id"": ""ENSMUSP00000002289.6"", ""transcript_id"": ""ENSMUST00000002289.8""}]",2026_03,0.1.0
ENSMUSG00000040138,P48744,10090,UniProtKB reviewed (Swiss-Prot),,entry_level_cross_reference_isoform_unspecified,,,"[{""gene_id_versioned"": ""ENSMUSG00000040138.8"", ""isoform_id"": """", ""protein_id"": ""ENSMUSP00000046692.8"", ""transcript_id"": ""ENSMUST00000040134.8""}]",2026_03,0.1.0
ENSMUSG00000024261,P40749,10090,UniProtKB reviewed (Swiss-Prot),,entry_level_cross_reference_isoform_unspecified,,,"[{""gene_id_versioned"": ""ENSMUSG00000024261.7"", ""isoform_id"": """", ""protein_id"": ""ENSMUSP00000025110.4"", ""transcript_id"": ""ENSMUST00000025110.5""}]",2026_03,0.1.0
ENSMUSG00000021125,O08691,10090,UniProtKB reviewed (Swiss-Prot),,entry_level_cross_reference_isoform_unspecified,,,"[{""gene_id_versioned"": ""ENSMUSG00000021125.7"", ""isoform_id"": """", ""protein_id"": ""ENSMUSP00000021550.7"", ""transcript_id"": ""ENSMUST00000021550.7""}]",2026_03,0.1.0
ENSMUSG00000003444,Q9DB91,10090,UniProtKB reviewed (Swiss-Prot),,entry_level_cross_reference_isoform_unspecified,,,"[{""gene_id_versioned"": ""ENSMUSG00000003444.9"", ""isoform_id"": """", ""protein_id"": ""ENSMUSP00000003536.9"", ""transcript_id"": ""ENSMUST00000003536.9""}]",2026_03,0.1.0
ENSMUSG00000004110,A0A087WS83,10090,UniProtKB unreviewed (TrEMBL),,entry_level_cross_reference_isoform_unspecified,,,"[{""gene_id_versioned"": ""ENSMUSG00000004110.19"", ""isoform_id"": """", ""protein_id"": ""ENSMUSP00000140937.2"", ""transcript_id"": ""ENSMUST00000187541.7""}]",2026_03,0.1.0
ENSMUSG00000004110,A0A1D5RLU3,10090,UniProtKB unreviewed (TrEMBL),,entry_level_cross_reference_isoform_unspecified,,,"[{""gene_id_versioned"": ""ENSMUSG00000004110.19"", ""isoform_id"": """", ""protein_id"": ""ENSMUSP00000148507.2"", ""transcript_id"": ""ENSMUST00000211821.2""}]",2026_03,0.1.0
ENSMUSG00000004110,A0A2I3BPS0,10090,UniProtKB unreviewed (TrEMBL),,entry_level_cross_reference_isoform_unspecified,,FRAGMENT_SEQUENCE,"[{""gene_id_versioned"": ""ENSMUSG00000004110.19"", ""isoform_id"": """", ""protein_id"": ""ENSMUSP00000153897.2"", ""transcript_id"": ""ENSMUST00000226546.2""}]",2026_03,0.1.0
ENSMUSG00000004110,A0A571BF18,10090,UniProtKB unreviewed (TrEMBL),,entry_level_cross_reference_isoform_unspecified,,FRAGMENT_SEQUENCE,"[{""gene_id_versioned"": ""ENSMUSG00000004110.19"", ""isoform_id"": """", ""protein_id"": ""ENSMUSP00000158720.2"", ""transcript_id"": ""ENSMUST00000238369.2""}]",2026_03,0.1.0
ENSMUSG00000021277,D3Z343,10090,UniProtKB unreviewed (TrEMBL),,entry_level_cross_reference_isoform_unspecified,,FRAGMENT_SEQUENCE,"[{""gene_id_versioned"": ""ENSMUSG00000021277.17"", ""isoform_id"": """", ""protein_id"": ""ENSMUSP00000119010.2"", ""transcript_id"": ""ENSMUST00000139162.8""}]",2026_03,0.1.0
ENSMUSG00000021277,F6SVF1,10090,UniProtKB unreviewed (TrEMBL),,entry_level_cross_reference_isoform_unspecified,,,"[{""gene_id_versioned"": ""ENSMUSG00000021277.17"", ""isoform_id"": """", ""protein_id"": ""ENSMUSP00000058361.7"", ""transcript_id"": ""ENSMUST00000060274.7""}, {""gene_id_versioned"": ""ENSMUSG00000021277.17"", ""isoform_id"": """", ""protein_id"": ""ENSMUSP00000112517.2"", ""transcript_id"": ""ENSMUST00000117269.8""}]",2026_03,0.1.0
ENSMUSG00000021277,Q60803,10090,UniProtKB reviewed (Swiss-Prot),,entry_level_cross_reference_isoform_unspecified,,,"[{""gene_id_versioned"": ""ENSMUSG00000021277.17"", ""isoform_id"": """", ""protein_id"": ""ENSMUSP00000021706.5"", ""transcript_id"": ""ENSMUST00000021706.11""}]",2026_03,0.1.0
ENSMUSG00000044783,D6RI36,10090,UniProtKB unreviewed (TrEMBL),,entry_level_cross_reference_isoform_unspecified,,,"[{""gene_id_versioned"": ""ENSMUSG00000044783.17"", ""isoform_id"": """", ""protein_id"": ""ENSMUSP00000120753.2"", ""transcript_id"": ""ENSMUST00000147393.2""}]",2026_03,0.1.0
ENSMUSG00000044783,E9Q4T0,10090,UniProtKB unreviewed (TrEMBL),,entry_level_cross_reference_isoform_unspecified,,,"[{""gene_id_versioned"": ""ENSMUSG00000044783.17"", ""isoform_id"": """", ""protein_id"": ""ENSMUSP00000070419.6"", ""transcript_id"": ""ENSMUST00000065420.12""}]",2026_03,0.1.0
ENSMUSG00000044783,E9QKG8,10090,UniProtKB unreviewed (TrEMBL),,entry_level_cross_reference_isoform_unspecified,,,"[{""gene_id_versioned"": ""ENSMUSG00000044783.17"", ""isoform_id"": """", ""protein_id"": ""ENSMUSP00000054263.9"", ""transcript_id"": ""ENSMUST00000054674.15""}]",2026_03,0.1.0
ENSMUSG00000044783,F6XR06,10090,UniProtKB unreviewed (TrEMBL),,entry_level_cross_reference_isoform_unspecified,,FRAGMENT_SEQUENCE,"[{""gene_id_versioned"": ""ENSMUSG00000044783.17"", ""isoform_id"": """", ""protein_id"": ""ENSMUSP00000118659.2"", ""transcript_id"": ""ENSMUST00000127446.2""}]",2026_03,0.1.0
ENSMUSG00000056900,F6ZE47,10090,UniProtKB unreviewed (TrEMBL),,entry_level_cross_reference_isoform_unspecified,,AMBIGUOUS_OR_INVALID_SEQUENCE,"[{""gene_id_versioned"": ""ENSMUSG00000056900.14"", ""isoform_id"": """", ""protein_id"": ""ENSMUSP00000117605.2"", ""transcript_id"": ""ENSMUST00000156769.2""}]",2026_03,0.1.0
ENSMUSG00000056900,G3UXT9,10090,UniProtKB unreviewed (TrEMBL),,entry_level_cross_reference_isoform_unspecified,,,"[{""gene_id_versioned"": ""ENSMUSG00000056900.14"", ""isoform_id"": """", ""protein_id"": ""ENSMUSP00000133823.2"", ""transcript_id"": ""ENSMUST00000172481.2""}]",2026_03,0.1.0
ENSMUSG00000056900,J3QSN2,10090,UniProtKB unreviewed (TrEMBL),,entry_level_cross_reference_isoform_unspecified,,,"[{""gene_id_versioned"": ""ENSMUSG00000056900.14"", ""isoform_id"": """", ""protein_id"": ""ENSMUSP00000103863.2"", ""transcript_id"": ""ENSMUST00000108228.8""}]",2026_03,0.1.0
ENSMUSG00000056900,Q5BKP2,10090,UniProtKB reviewed (Swiss-Prot),,entry_level_cross_reference_isoform_unspecified,,,"[{""gene_id_versioned"": ""ENSMUSG00000056900.14"", ""isoform_id"": """", ""protein_id"": ""ENSMUSP00000072155.6"", ""transcript_id"": ""ENSMUST00000072312.12""}]",2026_03,0.1.0
ENSMUSG00000049115,A0A1Y7VIT7,10090,UniProtKB unreviewed (TrEMBL),,entry_level_cross_reference_isoform_unspecified,,FRAGMENT_SEQUENCE,"[{""gene_id_versioned"": ""ENSMUSG00000049115.16"", ""isoform_id"": """", ""protein_id"": ""ENSMUSP00000152133.2"", ""transcript_id"": ""ENSMUST00000222370.2""}]",2026_03,0.1.0
ENSMUSG00000049115,A0A1Y7VJY2,10090,UniProtKB unreviewed (TrEMBL),,entry_level_cross_reference_isoform_unspecified,,FRAGMENT_SEQUENCE,"[{""gene_id_versioned"": ""ENSMUSG00000049115.16"", ""isoform_id"": """", ""protein_id"": ""ENSMUSP00000152634.2"", ""transcript_id"": ""ENSMUST00000221743.2""}]",2026_03,0.1.0
ENSMUSG00000049115,A0A1Y7VL16,10090,UniProtKB unreviewed (TrEMBL),,entry_level_cross_reference_isoform_unspecified,,FRAGMENT_SEQUENCE,"[{""gene_id_versioned"": ""ENSMUSG00000049115.16"", ""isoform_id"": """", ""protein_id"": ""ENSMUSP00000152265.2"", ""transcript_id"": ""ENSMUST00000223201.2""}]",2026_03,0.1.0
ENSMUSG00000049115,A0A1Y7VMR7,10090,UniProtKB unreviewed (TrEMBL),,entry_level_cross_reference_isoform_unspecified,,FRAGMENT_SEQUENCE,"[{""gene_id_versioned"": ""ENSMUSG00000049115.16"", ""isoform_id"": """", ""protein_id"": ""ENSMUSP00000152873.2"", ""transcript_id"": ""ENSMUST00000222503.2""}]",2026_03,0.1.0
ENSMUSG00000049115,P29754,10090,UniProtKB reviewed (Swiss-Prot),,entry_level_cross_reference_isoform_unspecified,,,"[{""gene_id_versioned"": ""ENSMUSG00000049115.16"", ""isoform_id"": """", ""protein_id"": ""ENSMUSP00000070958.8"", ""transcript_id"": ""ENSMUST00000066412.8""}]",2026_03,0.1.0
ENSMUSG00000002107,A0A0R4J2B0,10090,UniProtKB unreviewed (TrEMBL),,entry_level_cross_reference_isoform_unspecified,,,"[{""gene_id_versioned"": ""ENSMUSG00000002107.20"", ""isoform_id"": """", ""protein_id"": ""ENSMUSP00000138359.2"", ""transcript_id"": ""ENSMUST00000182879.8""}]",2026_03,0.1.0
ENSMUSG00000002107,A0AAA9WVX7,10090,UniProtKB unreviewed (TrEMBL),,entry_level_cross_reference_isoform_unspecified,,,"[{""gene_id_versioned"": ""ENSMUSG00000002107.20"", ""isoform_id"": """", ""protein_id"": ""ENSMUSP00000159840.1"", ""transcript_id"": ""ENSMUST00000249661.1""}]",2026_03,0.1.0
ENSMUSG00000002107,A3KGT0,10090,UniProtKB unreviewed (TrEMBL),,entry_level_cross_reference_isoform_unspecified,,,"[{""gene_id_versioned"": ""ENSMUSG00000002107.20"", ""isoform_id"": """", ""protein_id"": ""ENSMUSP00000110573.3"", ""transcript_id"": ""ENSMUST00000114923.3""}]",2026_03,0.1.0
ENSMUSG00000002107,E9QA47,10090,UniProtKB unreviewed (TrEMBL),,entry_level_cross_reference_isoform_unspecified,,,"[{""gene_id_versioned"": ""ENSMUSG00000002107.20"", ""isoform_id"": """", ""protein_id"": ""ENSMUSP00000130829.2"", ""transcript_id"": ""ENSMUST00000170438.8""}]",2026_03,0.1.0
ENSMUSG00000002107,Q9Z0H4,10090,UniProtKB reviewed (Swiss-Prot),Q9Z0H4-1,explicit_displayed_isoform_cross_reference,,,"[{""gene_id_versioned"": ""ENSMUSG00000002107.20"", ""isoform_id"": ""Q9Z0H4-7"", ""protein_id"": ""ENSMUSP00000002176.6"", ""transcript_id"": ""ENSMUST00000002176.13""}, {""gene_id_versioned"": ""ENSMUSG00000002107.20"", ""isoform_id"": ""Q9Z0H4-7"", ""protein_id"": ""ENSMUSP00000097996.5"", ""transcript_id"": ""ENSMUST00000100429.11""}, {""gene_id_versioned"": ""ENSMUSG00000002107.20"", ""isoform_id"": ""Q9Z0H4-9"", ""protein_id"": ""ENSMUSP00000110574.4"", ""transcript_id"": ""ENSMUST00000114924.10""}, {""gene_id_versioned"": ""ENSMUSG00000002107.20"", ""isoform_id"": ""Q9Z0H4-5"", ""protein_id"": ""ENSMUSP00000110577.2"", ""transcript_id"": ""ENSMUST00000114927.9""}, {""gene_id_versioned"": ""ENSMUSG00000002107.20"", ""isoform_id"": ""Q9Z0H4-9"", ""protein_id"": ""ENSMUSP00000110584.4"", ""transcript_id"": ""ENSMUST00000114934.11""}, {""gene_id_versioned"": ""ENSMUSG00000002107.20"", ""isoform_id"": ""Q9Z0H4-4"", ""protein_id"": ""ENSMUSP00000120459.3"", ""transcript_id"": ""ENSMUST00000142941.8""}, {""gene_id_versioned"": ""ENSMUSG00000002107.20"", ""isoform_id"": ""Q9Z0H4-5"", ""protein_id"": ""ENSMUSP00000138297.2"", ""transcript_id"": ""ENSMUST00000150624.9""}, {""gene_id_versioned"": ""ENSMUSG00000002107.20"", ""isoform_id"": ""Q9Z0H4-2"", ""protein_id"": ""ENSMUSP00000138764.2"", ""transcript_id"": ""ENSMUST00000182706.8""}, {""gene_id_versioned"": ""ENSMUSG00000002107.20"", ""isoform_id"": ""Q9Z0H4-1"", ""protein_id"": ""ENSMUSP00000138363.2"", ""transcript_id"": ""ENSMUST00000182851.8""}]",2026_03,0.1.0
ENSMUSG00000002107,S4R1S7,10090,UniProtKB unreviewed (TrEMBL),,entry_level_cross_reference_isoform_unspecified,,,"[{""gene_id_versioned"": ""ENSMUSG00000002107.20"", ""isoform_id"": """", ""protein_id"": ""ENSMUSP00000138355.2"", ""transcript_id"": ""ENSMUST00000183209.8""}]",2026_03,0.1.0
ENSMUSG00000002107,S4R2J2,10090,UniProtKB unreviewed (TrEMBL),,entry_level_cross_reference_isoform_unspecified,,FRAGMENT_SEQUENCE,"[{""gene_id_versioned"": ""ENSMUSG00000002107.20"", ""isoform_id"": """", ""protein_id"": ""ENSMUSP00000138666.2"", ""transcript_id"": ""ENSMUST00000123142.3""}]",2026_03,0.1.0
ENSMUSG00000002107,S4R2L5,10090,UniProtKB unreviewed (TrEMBL),,entry_level_cross_reference_isoform_unspecified,,FRAGMENT_SEQUENCE,"[{""gene_id_versioned"": ""ENSMUSG00000002107.20"", ""isoform_id"": """", ""protein_id"": ""ENSMUSP00000138694.2"", ""transcript_id"": ""ENSMUST00000137733.9""}]",2026_03,0.1.0
ENSMUSG00000002107,S4R2S7,10090,UniProtKB unreviewed (TrEMBL),,entry_level_cross_reference_isoform_unspecified,,FRAGMENT_SEQUENCE,"[{""gene_id_versioned"": ""ENSMUSG00000002107.20"", ""isoform_id"": """", ""protein_id"": ""ENSMUSP00000138769.2"", ""transcript_id"": ""ENSMUST00000182404.8""}]",2026_03,0.1.0
ENSMUSG00000002107,S4R2U1,10090,UniProtKB unreviewed (TrEMBL),,entry_level_cross_reference_isoform_unspecified,,FRAGMENT_SEQUENCE,"[{""gene_id_versioned"": ""ENSMUSG00000002107.20"", ""isoform_id"": """", ""protein_id"": ""ENSMUSP00000138785.2"", ""transcript_id"": ""ENSMUST00000182657.2""}]",2026_03,0.1.0
ENSMUSG00000002107,S4R2U7,10090,UniProtKB unreviewed (TrEMBL),,entry_level_cross_reference_isoform_unspecified,,,"[{""gene_id_versioned"": ""ENSMUSG00000002107.20"", ""isoform_id"": """", ""protein_id"": ""ENSMUSP00000138795.2"", ""transcript_id"": ""ENSMUST00000183091.8""}]",2026_03,0.1.0
ENSMUSG00000002107,V9GX43,10090,UniProtKB unreviewed (TrEMBL),,entry_level_cross_reference_isoform_unspecified,,,"[{""gene_id_versioned"": ""ENSMUSG00000002107.20"", ""isoform_id"": """", ""protein_id"": ""ENSMUSP00000138974.3"", ""transcript_id"": ""ENSMUST00000183984.9""}]",2026_03,0.1.0
ENSMUSG00000024053,A0A3B2W437,10090,UniProtKB unreviewed (TrEMBL),,entry_level_cross_reference_isoform_unspecified,,FRAGMENT_SEQUENCE,"[{""gene_id_versioned"": ""ENSMUSG00000024053.12"", ""isoform_id"": """", ""protein_id"": ""ENSMUSP00000156732.2"", ""transcript_id"": ""ENSMUST00000233728.2""}]",2026_03,0.1.0
ENSMUSG00000024053,A0A3B2W4E4,10090,UniProtKB unreviewed (TrEMBL),,entry_level_cross_reference_isoform_unspecified,,,"[{""gene_id_versioned"": ""ENSMUSG00000024053.12"", ""isoform_id"": """", ""protein_id"": ""ENSMUSP00000156894.2"", ""transcript_id"": ""ENSMUST00000232777.2""}]",2026_03,0.1.0
ENSMUSG00000024053,A0A3B2W846,10090,UniProtKB unreviewed (TrEMBL),,entry_level_cross_reference_isoform_unspecified,,FRAGMENT_SEQUENCE,"[{""gene_id_versioned"": ""ENSMUSG00000024053.12"", ""isoform_id"": """", ""protein_id"": ""ENSMUSP00000156856.2"", ""transcript_id"": ""ENSMUST00000233343.2""}]",2026_03,0.1.0
ENSMUSG00000024053,A0A3B2WB50,10090,UniProtKB unreviewed (TrEMBL),,entry_level_cross_reference_isoform_unspecified,,,"[{""gene_id_versioned"": ""ENSMUSG00000024053.12"", ""isoform_id"": """", ""protein_id"": ""ENSMUSP00000156676.2"", ""transcript_id"": ""ENSMUST00000233245.2""}]",2026_03,0.1.0
ENSMUSG00000024053,A0A3B2WD46,10090,UniProtKB unreviewed (TrEMBL),,entry_level_cross_reference_isoform_unspecified,,FRAGMENT_SEQUENCE,"[{""gene_id_versioned"": ""ENSMUSG00000024053.12"", ""isoform_id"": """", ""protein_id"": ""ENSMUSP00000156837.2"", ""transcript_id"": ""ENSMUST00000233148.2""}]",2026_03,0.1.0
ENSMUSG00000024053,A0A3F2YNI4,10090,UniProtKB unreviewed (TrEMBL),,entry_level_cross_reference_isoform_unspecified,,,"[{""gene_id_versioned"": ""ENSMUSG00000024053.12"", ""isoform_id"": """", ""protein_id"": ""ENSMUSP00000024849.11"", ""transcript_id"": ""ENSMUST00000024849.11""}]",2026_03,0.1.0
ENSMUSG00000024053,Q8K482,10090,UniProtKB reviewed (Swiss-Prot),,entry_level_cross_reference_isoform_unspecified,,,"[{""gene_id_versioned"": ""ENSMUSG00000024053.12"", ""isoform_id"": """", ""protein_id"": ""ENSMUSP00000156446.2"", ""transcript_id"": ""ENSMUST00000233057.2""}]",2026_03,0.1.0
ENSMUSG00000031666,A0A1B0GR06,10090,UniProtKB unreviewed (TrEMBL),,entry_level_cross_reference_isoform_unspecified,,,"[{""gene_id_versioned"": ""ENSMUSG00000031666.16"", ""isoform_id"": """", ""protein_id"": ""ENSMUSP00000147327.2"", ""transcript_id"": ""ENSMUST00000209518.2""}]",2026_03,0.1.0
ENSMUSG00000031666,A0A1B0GRM0,10090,UniProtKB unreviewed (TrEMBL),,entry_level_cross_reference_isoform_unspecified,,,"[{""gene_id_versioned"": ""ENSMUSG00000031666.16"", ""isoform_id"": """", ""protein_id"": ""ENSMUSP00000147579.2"", ""transcript_id"": ""ENSMUST00000211136.2""}]",2026_03,0.1.0
ENSMUSG00000031666,Q64700,10090,UniProtKB reviewed (Swiss-Prot),,entry_level_cross_reference_isoform_unspecified,,,"[{""gene_id_versioned"": ""ENSMUSG00000031666.16"", ""isoform_id"": """", ""protein_id"": ""ENSMUSP00000034091.8"", ""transcript_id"": ""ENSMUST00000034091.8""}]",2026_03,0.1.0
ENSMUSG00000059743,A0A0G2JDJ5,10090,UniProtKB unreviewed (TrEMBL),,entry_level_cross_reference_isoform_unspecified,,FRAGMENT_SEQUENCE,"[{""gene_id_versioned"": ""ENSMUSG00000059743.13"", ""isoform_id"": """", ""protein_id"": ""ENSMUSP00000142393.2"", ""transcript_id"": ""ENSMUST00000199668.3""}]",2026_03,0.1.0
ENSMUSG00000059743,A0A0G2JE82,10090,UniProtKB unreviewed (TrEMBL),,entry_level_cross_reference_isoform_unspecified,,FRAGMENT_SEQUENCE,"[{""gene_id_versioned"": ""ENSMUSG00000059743.13"", ""isoform_id"": """", ""protein_id"": ""ENSMUSP00000142669.2"", ""transcript_id"": ""ENSMUST00000196254.5""}]",2026_03,0.1.0
ENSMUSG00000059743,A0A0G2JEB3,10090,UniProtKB unreviewed (TrEMBL),,entry_level_cross_reference_isoform_unspecified,,FRAGMENT_SEQUENCE,"[{""gene_id_versioned"": ""ENSMUSG00000059743.13"", ""isoform_id"": """", ""protein_id"": ""ENSMUSP00000142704.2"", ""transcript_id"": ""ENSMUST00000196921.5""}]",2026_03,0.1.0
ENSMUSG00000059743,Q920E5,10090,UniProtKB reviewed (Swiss-Prot),,entry_level_cross_reference_isoform_unspecified,,,"[{""gene_id_versioned"": ""ENSMUSG00000059743.13"", ""isoform_id"": """", ""protein_id"": ""ENSMUSP00000080531.9"", ""transcript_id"": ""ENSMUST00000081848.13""}, {""gene_id_versioned"": ""ENSMUSG00000059743.13"", ""isoform_id"": """", ""protein_id"": ""ENSMUSP00000142770.2"", ""transcript_id"": ""ENSMUST00000196709.5""}]",2026_03,0.1.0
ENSMUSG00000020614,Q8CID3,10090,UniProtKB reviewed (Swiss-Prot),,entry_level_cross_reference_isoform_unspecified,,,"[{""gene_id_versioned"": ""ENSMUSG00000020614.14"", ""isoform_id"": """", ""protein_id"": ""ENSMUSP00000020938.8"", ""transcript_id"": ""ENSMUST00000020938.8""}, {""gene_id_versioned"": ""ENSMUSG00000020614.14"", ""isoform_id"": """", ""protein_id"": ""ENSMUSP00000116687.2"", ""transcript_id"": ""ENSMUST00000155559.8""}]",2026_03,0.1.0
ENSMUSG00000041417,A0A087WQM2,10090,UniProtKB unreviewed (TrEMBL),,entry_level_cross_reference_isoform_unspecified,,FRAGMENT_SEQUENCE,"[{""gene_id_versioned"": ""ENSMUSG00000041417.16"", ""isoform_id"": """", ""protein_id"": ""ENSMUSP00000140256.2"", ""transcript_id"": ""ENSMUST00000187009.7""}]",2026_03,0.1.0
ENSMUSG00000041417,A0A087WQR5,10090,UniProtKB unreviewed (TrEMBL),,entry_level_cross_reference_isoform_unspecified,,FRAGMENT_SEQUENCE,"[{""gene_id_versioned"": ""ENSMUSG00000041417.16"", ""isoform_id"": """", ""protein_id"": ""ENSMUSP00000140312.2"", ""transcript_id"": ""ENSMUST00000185795.2""}]",2026_03,0.1.0
ENSMUSG00000041417,F8WJK6,10090,UniProtKB unreviewed (TrEMBL),,entry_level_cross_reference_isoform_unspecified,,,"[{""gene_id_versioned"": ""ENSMUSG00000041417.16"", ""isoform_id"": """", ""protein_id"": ""ENSMUSP00000047004.7"", ""transcript_id"": ""ENSMUST00000035532.13""}]",2026_03,0.1.0
ENSMUSG00000041417,P26450,10090,UniProtKB reviewed (Swiss-Prot),,entry_level_cross_reference_isoform_unspecified,,,"[{""gene_id_versioned"": ""ENSMUSG00000041417.16"", ""isoform_id"": """", ""protein_id"": ""ENSMUSP00000056774.7"", ""transcript_id"": ""ENSMUST00000055518.13""}]",2026_03,0.1.0
ENSMUSG00000070604,A0A0N4SUI1,10090,UniProtKB unreviewed (TrEMBL),,entry_level_cross_reference_isoform_unspecified,,,"[{""gene_id_versioned"": ""ENSMUSG00000070604.6"", ""isoform_id"": """", ""protein_id"": ""ENSMUSP00000144692.2"", ""transcript_id"": ""ENSMUST00000203769.2""}]",2026_03,0.1.0
ENSMUSG00000070604,A0A0N4SW54,10090,UniProtKB unreviewed (TrEMBL),,entry_level_cross_reference_isoform_unspecified,,FRAGMENT_SEQUENCE,"[{""gene_id_versioned"": ""ENSMUSG00000070604.6"", ""isoform_id"": """", ""protein_id"": ""ENSMUSP00000145378.2"", ""transcript_id"": ""ENSMUST00000203042.2""}]",2026_03,0.1.0
ENSMUSG00000070604,D3YZF7,10090,UniProtKB reviewed (Swiss-Prot),,entry_level_cross_reference_isoform_unspecified,,,"[{""gene_id_versioned"": ""ENSMUSG00000070604.6"", ""isoform_id"": """", ""protein_id"": ""ENSMUSP00000103611.2"", ""transcript_id"": ""ENSMUST00000107977.4""}]",2026_03,0.1.0
ENSMUSG00000030096,A0A0U1RP20,10090,UniProtKB unreviewed (TrEMBL),,entry_level_cross_reference_isoform_unspecified,,FRAGMENT_SEQUENCE,"[{""gene_id_versioned"": ""ENSMUSG00000030096.9"", ""isoform_id"": """", ""protein_id"": ""ENSMUSP00000145794.2"", ""transcript_id"": ""ENSMUST00000205480.2""}]",2026_03,0.1.0
ENSMUSG00000030096,A0A0U1RPH7,10090,UniProtKB unreviewed (TrEMBL),,entry_level_cross_reference_isoform_unspecified,,AMBIGUOUS_OR_INVALID_SEQUENCE,"[{""gene_id_versioned"": ""ENSMUSG00000030096.9"", ""isoform_id"": """", ""protein_id"": ""ENSMUSP00000145986.2"", ""transcript_id"": ""ENSMUST00000205663.2""}]",2026_03,0.1.0
ENSMUSG00000030096,A0A0U1RQA0,10090,UniProtKB unreviewed (TrEMBL),,entry_level_cross_reference_isoform_unspecified,,FRAGMENT_SEQUENCE,"[{""gene_id_versioned"": ""ENSMUSG00000030096.9"", ""isoform_id"": """", ""protein_id"": ""ENSMUSP00000146306.2"", ""transcript_id"": ""ENSMUST00000206545.2""}]",2026_03,0.1.0
ENSMUSG00000030096,A0A0U1RQA5,10090,UniProtKB unreviewed (TrEMBL),,entry_level_cross_reference_isoform_unspecified,,FRAGMENT_SEQUENCE,"[{""gene_id_versioned"": ""ENSMUSG00000030096.9"", ""isoform_id"": """", ""protein_id"": ""ENSMUSP00000146312.2"", ""transcript_id"": ""ENSMUST00000205828.2""}]",2026_03,0.1.0
ENSMUSG00000030096,O35316,10090,UniProtKB reviewed (Swiss-Prot),,entry_level_cross_reference_isoform_unspecified,,,"[{""gene_id_versioned"": ""ENSMUSG00000030096.9"", ""isoform_id"": """", ""protein_id"": ""ENSMUSP00000032185.8"", ""transcript_id"": ""ENSMUST00000032185.9""}]",2026_03,0.1.0
ENSMUSG00000032281,D3YZ56,10090,UniProtKB unreviewed (TrEMBL),,entry_level_cross_reference_isoform_unspecified,,FRAGMENT_SEQUENCE,"[{""gene_id_versioned"": ""ENSMUSG00000032281.12"", ""isoform_id"": """", ""protein_id"": ""ENSMUSP00000118133.2"", ""transcript_id"": ""ENSMUST00000138315.2""}]",2026_03,0.1.0
ENSMUSG00000032281,D3Z1Z2,10090,UniProtKB unreviewed (TrEMBL),,entry_level_cross_reference_isoform_unspecified,,FRAGMENT_SEQUENCE,"[{""gene_id_versioned"": ""ENSMUSG00000032281.12"", ""isoform_id"": """", ""protein_id"": ""ENSMUSP00000119551.2"", ""transcript_id"": ""ENSMUST00000128163.8""}]",2026_03,0.1.0
ENSMUSG00000032281,D3Z2G8,10090,UniProtKB unreviewed (TrEMBL),,entry_level_cross_reference_isoform_unspecified,,FRAGMENT_SEQUENCE,"[{""gene_id_versioned"": ""ENSMUSG00000032281.12"", ""isoform_id"": """", ""protein_id"": ""ENSMUSP00000121622.2"", ""transcript_id"": ""ENSMUST00000128624.2""}]",2026_03,0.1.0
ENSMUSG00000032281,Q99PU5,10090,UniProtKB reviewed (Swiss-Prot),,entry_level_cross_reference_isoform_unspecified,,,"[{""gene_id_versioned"": ""ENSMUSG00000032281.12"", ""isoform_id"": """", ""protein_id"": ""ENSMUSP00000034822.6"", ""transcript_id"": ""ENSMUST00000034822.12""}]",2026_03,0.1.0
ENSMUSG00000036353,A0A0G2JGU7,10090,UniProtKB unreviewed (TrEMBL),,entry_level_cross_reference_isoform_unspecified,,FRAGMENT_SEQUENCE,"[{""gene_id_versioned"": ""ENSMUSG00000036353.14"", ""isoform_id"": """", ""protein_id"": ""ENSMUSP00000143706.2"", ""transcript_id"": ""ENSMUST00000199675.2""}]",2026_03,0.1.0
ENSMUSG00000036353,Q9CPV9,10090,UniProtKB reviewed (Swiss-Prot),,entry_level_cross_reference_isoform_unspecified,,,"[{""gene_id_versioned"": ""ENSMUSG00000036353.14"", ""isoform_id"": """", ""protein_id"": ""ENSMUSP00000051353.8"", ""transcript_id"": ""ENSMUST00000050360.14""}, {""gene_id_versioned"": ""ENSMUSG00000036353.14"", ""isoform_id"": """", ""protein_id"": ""ENSMUSP00000126819.2"", ""transcript_id"": ""ENSMUST00000170388.6""}, {""gene_id_versioned"": ""ENSMUSG00000036353.14"", ""isoform_id"": """", ""protein_id"": ""ENSMUSP00000143036.2"", ""transcript_id"": ""ENSMUST00000196583.5""}, {""gene_id_versioned"": ""ENSMUSG00000036353.14"", ""isoform_id"": """", ""protein_id"": ""ENSMUSP00000143521.2"", ""transcript_id"": ""ENSMUST00000199609.2""}]",2026_03,0.1.0
ENSMUSG00000038534,A2A716,10090,UniProtKB unreviewed (TrEMBL),,entry_level_cross_reference_isoform_unspecified,,,"[{""gene_id_versioned"": ""ENSMUSG00000038534.21"", ""isoform_id"": """", ""protein_id"": ""ENSMUSP00000087474.7"", ""transcript_id"": ""ENSMUST00000090020.13""}]",2026_03,0.1.0
ENSMUSG00000048355,C0HK79,10090,UniProtKB reviewed (Swiss-Prot),,entry_level_cross_reference_isoform_unspecified,,,"[{""gene_id_versioned"": ""ENSMUSG00000048355.3"", ""isoform_id"": """", ""protein_id"": ""ENSMUSP00000062660.3"", ""transcript_id"": ""ENSMUST00000057625.3""}]",2026_03,0.1.0
ENSMUSG00000048355,C0HK80,10090,UniProtKB reviewed (Swiss-Prot),,entry_level_cross_reference_isoform_unspecified,,,"[{""gene_id_versioned"": ""ENSMUSG00000048355.3"", ""isoform_id"": """", ""protein_id"": ""ENSMUSP00000062660.3"", ""transcript_id"": ""ENSMUST00000057625.3""}]",2026_03,0.1.0
ENSMUSG00000066705,Q9D164,10090,UniProtKB reviewed (Swiss-Prot),Q9D164-1,explicit_displayed_isoform_cross_reference,,,"[{""gene_id_versioned"": ""ENSMUSG00000066705.8"", ""isoform_id"": ""Q9D164-1"", ""protein_id"": ""ENSMUSP00000083101.7"", ""transcript_id"": ""ENSMUST00000085939.8""}, {""gene_id_versioned"": ""ENSMUSG00000066705.8"", ""isoform_id"": ""Q9D164-2"", ""protein_id"": ""ENSMUSP00000150813.2"", ""transcript_id"": ""ENSMUST00000217381.2""}]",2026_03,0.1.0
ENSMUSG00000029752,D3YYR0,10090,UniProtKB unreviewed (TrEMBL),,entry_level_cross_reference_isoform_unspecified,,FRAGMENT_SEQUENCE,"[{""gene_id_versioned"": ""ENSMUSG00000029752.13"", ""isoform_id"": """", ""protein_id"": ""ENSMUSP00000120489.2"", ""transcript_id"": ""ENSMUST00000139596.8""}]",2026_03,0.1.0
ENSMUSG00000029752,D3Z028,10090,UniProtKB unreviewed (TrEMBL),,entry_level_cross_reference_isoform_unspecified,,FRAGMENT_SEQUENCE,"[{""gene_id_versioned"": ""ENSMUSG00000029752.13"", ""isoform_id"": """", ""protein_id"": ""ENSMUSP00000118003.2"", ""transcript_id"": ""ENSMUST00000148349.2""}]",2026_03,0.1.0
ENSMUSG00000029752,D3Z0C2,10090,UniProtKB unreviewed (TrEMBL),,entry_level_cross_reference_isoform_unspecified,,FRAGMENT_SEQUENCE,"[{""gene_id_versioned"": ""ENSMUSG00000029752.13"", ""isoform_id"": """", ""protein_id"": ""ENSMUSP00000115415.2"", ""transcript_id"": ""ENSMUST00000126303.8""}]",2026_03,0.1.0
ENSMUSG00000029752,Q61024,10090,UniProtKB reviewed (Swiss-Prot),,entry_level_cross_reference_isoform_unspecified,,,"[{""gene_id_versioned"": ""ENSMUSG00000029752.13"", ""isoform_id"": """", ""protein_id"": ""ENSMUSP00000031766.6"", ""transcript_id"": ""ENSMUST00000031766.12""}, {""gene_id_versioned"": ""ENSMUSG00000029752.13"", ""isoform_id"": """", ""protein_id"": ""ENSMUSP00000111204.2"", ""transcript_id"": ""ENSMUST00000115542.8""}]",2026_03,0.1.0
ENSMUSG00000059772,D6RE55,10090,UniProtKB unreviewed (TrEMBL),,entry_level_cross_reference_isoform_unspecified,,,"[{""gene_id_versioned"": ""ENSMUSG00000059772.13"", ""isoform_id"": """", ""protein_id"": ""ENSMUSP00000117927.2"", ""transcript_id"": ""ENSMUST00000142337.7""}]",2026_03,0.1.0
ENSMUSG00000059772,Q8BX32,10090,UniProtKB reviewed (Swiss-Prot),Q8BX32-1,explicit_displayed_isoform_cross_reference,,,"[{""gene_id_versioned"": ""ENSMUSG00000059772.13"", ""isoform_id"": ""Q8BX32-1"", ""protein_id"": ""ENSMUSP00000118182.2"", ""transcript_id"": ""ENSMUST00000144897.2""}]",2026_03,0.1.0
ENSMUSG00000095362,A0A087WRL6,10090,UniProtKB unreviewed (TrEMBL),,entry_level_cross_reference_isoform_unspecified,,,"[{""gene_id_versioned"": ""ENSMUSG00000095362.8"", ""isoform_id"": """", ""protein_id"": ""ENSMUSP00000140685.2"", ""transcript_id"": ""ENSMUST00000188914.7""}]",2026_03,0.1.0
ENSMUSG00000095362,A2AW67,10090,UniProtKB unreviewed (TrEMBL),,entry_level_cross_reference_isoform_unspecified,,,"[{""gene_id_versioned"": ""ENSMUSG00000095362.8"", ""isoform_id"": """", ""protein_id"": ""ENSMUSP00000104567.3"", ""transcript_id"": ""ENSMUST00000108939.9""}]",2026_03,0.1.0
ENSMUSG00000095362,K7N6R3,10090,UniProtKB unreviewed (TrEMBL),,entry_level_cross_reference_isoform_unspecified,,,"[{""gene_id_versioned"": ""ENSMUSG00000095362.8"", ""isoform_id"": """", ""protein_id"": ""ENSMUSP00000118192.2"", ""transcript_id"": ""ENSMUST00000150650.2""}]",2026_03,0.1.0
ENSMUSG00000026020,A0A087WNS6,10090,UniProtKB unreviewed (TrEMBL),,entry_level_cross_reference_isoform_unspecified,,FRAGMENT_SEQUENCE,"[{""gene_id_versioned"": ""ENSMUSG00000026020.10"", ""isoform_id"": """", ""protein_id"": ""ENSMUSP00000139474.2"", ""transcript_id"": ""ENSMUST00000185772.7""}]",2026_03,0.1.0
ENSMUSG00000026020,A0A087WNW0,10090,UniProtKB unreviewed (TrEMBL),,entry_level_cross_reference_isoform_unspecified,,,"[{""gene_id_versioned"": ""ENSMUSG00000026020.10"", ""isoform_id"": """", ""protein_id"": ""ENSMUSP00000139517.2"", ""transcript_id"": ""ENSMUST00000189327.7""}]",2026_03,0.1.0
ENSMUSG00000026020,A0A087WP00,10090,UniProtKB unreviewed (TrEMBL),,entry_level_cross_reference_isoform_unspecified,,AMBIGUOUS_OR_INVALID_SEQUENCE,"[{""gene_id_versioned"": ""ENSMUSG00000026020.10"", ""isoform_id"": """", ""protein_id"": ""ENSMUSP00000139568.2"", ""transcript_id"": ""ENSMUST00000188390.2""}]",2026_03,0.1.0
ENSMUSG00000026020,A0A087WQ46,10090,UniProtKB unreviewed (TrEMBL),,entry_level_cross_reference_isoform_unspecified,,AMBIGUOUS_OR_INVALID_SEQUENCE,"[{""gene_id_versioned"": ""ENSMUSG00000026020.10"", ""isoform_id"": """", ""protein_id"": ""ENSMUSP00000140038.2"", ""transcript_id"": ""ENSMUST00000187837.7""}]",2026_03,0.1.0
ENSMUSG00000026020,A0A087WQ59,10090,UniProtKB unreviewed (TrEMBL),,entry_level_cross_reference_isoform_unspecified,,AMBIGUOUS_OR_INVALID_SEQUENCE,"[{""gene_id_versioned"": ""ENSMUSG00000026020.10"", ""isoform_id"": """", ""protein_id"": ""ENSMUSP00000140053.2"", ""transcript_id"": ""ENSMUST00000187491.2""}]",2026_03,0.1.0
ENSMUSG00000026020,A0A087WRD9,10090,UniProtKB unreviewed (TrEMBL),,entry_level_cross_reference_isoform_unspecified,,FRAGMENT_SEQUENCE,"[{""gene_id_versioned"": ""ENSMUSG00000026020.10"", ""isoform_id"": """", ""protein_id"": ""ENSMUSP00000140581.2"", ""transcript_id"": ""ENSMUST00000190231.7""}]",2026_03,0.1.0
ENSMUSG00000026020,A0A087WSL8,10090,UniProtKB unreviewed (TrEMBL),,entry_level_cross_reference_isoform_unspecified,,FRAGMENT_SEQUENCE,"[{""gene_id_versioned"": ""ENSMUSG00000026020.10"", ""isoform_id"": """", ""protein_id"": ""ENSMUSP00000141100.2"", ""transcript_id"": ""ENSMUST00000190265.7""}]",2026_03,0.1.0
ENSMUSG00000026020,A0A087WSU5,10090,UniProtKB unreviewed (TrEMBL),,entry_level_cross_reference_isoform_unspecified,,AMBIGUOUS_OR_INVALID_SEQUENCE,"[{""gene_id_versioned"": ""ENSMUSG00000026020.10"", ""isoform_id"": """", ""protein_id"": ""ENSMUSP00000141192.2"", ""transcript_id"": ""ENSMUST00000189919.7""}]",2026_03,0.1.0
ENSMUSG00000026020,A0A0A0MQ76,10090,UniProtKB unreviewed (TrEMBL),,entry_level_cross_reference_isoform_unspecified,,,"[{""gene_id_versioned"": ""ENSMUSG00000026020.10"", ""isoform_id"": """", ""protein_id"": ""ENSMUSP00000027174.5"", ""transcript_id"": ""ENSMUST00000027174.10""}]",2026_03,0.1.0
ENSMUSG00000026020,Q6DFW4,10090,UniProtKB reviewed (Swiss-Prot),,entry_level_cross_reference_isoform_unspecified,,,"[{""gene_id_versioned"": ""ENSMUSG00000026020.10"", ""isoform_id"": """", ""protein_id"": ""ENSMUSP00000140250.2"", ""transcript_id"": ""ENSMUST00000191142.7""}]",2026_03,0.1.0
ENSMUSG00000027133,Q9CQS2,10090,UniProtKB reviewed (Swiss-Prot),,entry_level_cross_reference_isoform_unspecified,,,"[{""gene_id_versioned"": ""ENSMUSG00000027133.4"", ""isoform_id"": """", ""protein_id"": ""ENSMUSP00000028553.4"", ""transcript_id"": ""ENSMUST00000028553.4""}]",2026_03,0.1.0
ENSMUSG00000063011,A0A494B9A6,10090,UniProtKB unreviewed (TrEMBL),,entry_level_cross_reference_isoform_unspecified,,,"[{""gene_id_versioned"": ""ENSMUSG00000063011.8"", ""isoform_id"": """", ""protein_id"": ""ENSMUSP00000075279.8"", ""transcript_id"": ""ENSMUST00000075884.8""}, {""gene_id_versioned"": ""ENSMUSG00000063011.8"", ""isoform_id"": """", ""protein_id"": ""ENSMUSP00000157558.2"", ""transcript_id"": ""ENSMUST00000236137.2""}]",2026_03,0.1.0
ENSMUSG00000063011,A0A494B9J7,10090,UniProtKB unreviewed (TrEMBL),,entry_level_cross_reference_isoform_unspecified,,AMBIGUOUS_OR_INVALID_SEQUENCE,"[{""gene_id_versioned"": ""ENSMUSG00000063011.8"", ""isoform_id"": """", ""protein_id"": ""ENSMUSP00000157685.2"", ""transcript_id"": ""ENSMUST00000238188.2""}]",2026_03,0.1.0
ENSMUSG00000063011,Q61468,10090,UniProtKB reviewed (Swiss-Prot),,entry_level_cross_reference_isoform_unspecified,,,"[{""gene_id_versioned"": ""ENSMUSG00000063011.8"", ""isoform_id"": """", ""protein_id"": ""ENSMUSP00000158474.2"", ""transcript_id"": ""ENSMUST00000237359.2""}, {""gene_id_versioned"": ""ENSMUSG00000063011.8"", ""isoform_id"": """", ""protein_id"": ""ENSMUSP00000158357.2"", ""transcript_id"": ""ENSMUST00000238120.2""}]",2026_03,0.1.0
ENSMUSG00000022773,A0A338P6Z8,10090,UniProtKB unreviewed (TrEMBL),,entry_level_cross_reference_isoform_unspecified,,,"[{""gene_id_versioned"": ""ENSMUSG00000022773.20"", ""isoform_id"": """", ""protein_id"": ""ENSMUSP00000156213.2"", ""transcript_id"": ""ENSMUST00000232574.2""}]",2026_03,0.1.0
ENSMUSG00000022773,A0A338P714,10090,UniProtKB unreviewed (TrEMBL),,entry_level_cross_reference_isoform_unspecified,,FRAGMENT_SEQUENCE,"[{""gene_id_versioned"": ""ENSMUSG00000022773.20"", ""isoform_id"": """", ""protein_id"": ""ENSMUSP00000156183.2"", ""transcript_id"": ""ENSMUST00000232258.2""}]",2026_03,0.1.0
ENSMUSG00000022773,A0A338P792,10090,UniProtKB unreviewed (TrEMBL),,entry_level_cross_reference_isoform_unspecified,,FRAGMENT_SEQUENCE,"[{""gene_id_versioned"": ""ENSMUSG00000022773.20"", ""isoform_id"": """", ""protein_id"": ""ENSMUSP00000156145.2"", ""transcript_id"": ""ENSMUST00000231514.2""}]",2026_03,0.1.0
ENSMUSG00000022773,A0A5F8MPC6,10090,UniProtKB unreviewed (TrEMBL),,entry_level_cross_reference_isoform_unspecified,,,"[{""gene_id_versioned"": ""ENSMUSG00000022773.20"", ""isoform_id"": """", ""protein_id"": ""ENSMUSP00000158907.2"", ""transcript_id"": ""ENSMUST00000239090.2""}]",2026_03,0.1.0
ENSMUSG00000022773,Q9ESC7,10090,UniProtKB reviewed (Swiss-Prot),,entry_level_cross_reference_isoform_unspecified,,,"[{""gene_id_versioned"": ""ENSMUSG00000022773.20"", ""isoform_id"": """", ""protein_id"": ""ENSMUSP00000039760.8"", ""transcript_id"": ""ENSMUST00000035682.16""}, {""gene_id_versioned"": ""ENSMUSG00000022773.20"", ""isoform_id"": """", ""protein_id"": ""ENSMUSP00000156275.2"", ""transcript_id"": ""ENSMUST00000231394.2""}]",2026_03,0.1.0
ENSMUSG00000028060,A0A0G2JEG2,10090,UniProtKB unreviewed (TrEMBL),,entry_level_cross_reference_isoform_unspecified,,,"[{""gene_id_versioned"": ""ENSMUSG00000028060.15"", ""isoform_id"": """", ""protein_id"": ""ENSMUSP00000142760.2"", ""transcript_id"": ""ENSMUST00000198078.2""}]",2026_03,0.1.0
ENSMUSG00000028060,Q3TCX3,10090,UniProtKB reviewed (Swiss-Prot),Q3TCX3-1,explicit_displayed_isoform_cross_reference,,,"[{""gene_id_versioned"": ""ENSMUSG00000028060.15"", ""isoform_id"": ""Q3TCX3-1"", ""protein_id"": ""ENSMUSP00000029696.7"", ""transcript_id"": ""ENSMUST00000029696.11""}, {""gene_id_versioned"": ""ENSMUSG00000028060.15"", ""isoform_id"": ""Q3TCX3-2"", ""protein_id"": ""ENSMUSP00000142773.2"", ""transcript_id"": ""ENSMUST00000198042.5""}, {""gene_id_versioned"": ""ENSMUSG00000028060.15"", ""isoform_id"": ""Q3TCX3-2"", ""protein_id"": ""ENSMUSP00000142353.2"", ""transcript_id"": ""ENSMUST00000199684.5""}]",2026_03,0.1.0
ENSMUSG00000090667,F6V7N2,10090,UniProtKB unreviewed (TrEMBL),,entry_level_cross_reference_isoform_unspecified,,,"[{""gene_id_versioned"": ""ENSMUSG00000090667.3"", ""isoform_id"": """", ""protein_id"": ""ENSMUSP00000127120.2"", ""transcript_id"": ""ENSMUST00000164491.3""}]",2026_03,0.1.0
ENSMUSG00000033633,A0A087WP55,10090,UniProtKB unreviewed (TrEMBL),,entry_level_cross_reference_isoform_unspecified,,,"[{""gene_id_versioned"": ""ENSMUSG00000033633.16"", ""isoform_id"": """", ""protein_id"": ""ENSMUSP00000139634.2"", ""transcript_id"": ""ENSMUST00000190222.2""}]",2026_03,0.1.0
ENSMUSG00000033633,A0A087WPI3,10090,UniProtKB unreviewed (TrEMBL),,entry_level_cross_reference_isoform_unspecified,,,"[{""gene_id_versioned"": ""ENSMUSG00000033633.16"", ""isoform_id"": """", ""protein_id"": ""ENSMUSP00000139789.2"", ""transcript_id"": ""ENSMUST00000190778.7""}]",2026_03,0.1.0
ENSMUSG00000033633,A0A087WRN2,10090,UniProtKB unreviewed (TrEMBL),,entry_level_cross_reference_isoform_unspecified,,,"[{""gene_id_versioned"": ""ENSMUSG00000033633.16"", ""isoform_id"": """", ""protein_id"": ""ENSMUSP00000140703.2"", ""transcript_id"": ""ENSMUST00000186384.7""}]",2026_03,0.1.0
ENSMUSG00000033633,Q7TSQ1,10090,UniProtKB reviewed (Swiss-Prot),Q7TSQ1-1,explicit_displayed_isoform_cross_reference,,,"[{""gene_id_versioned"": ""ENSMUSG00000033633.16"", ""isoform_id"": ""Q7TSQ1-1"", ""protein_id"": ""ENSMUSP00000046546.8"", ""transcript_id"": ""ENSMUST00000039597.14""}, {""gene_id_versioned"": ""ENSMUSG00000033633.16"", ""isoform_id"": ""Q7TSQ1-4"", ""protein_id"": ""ENSMUSP00000141073.2"", ""transcript_id"": ""ENSMUST00000188466.7""}, {""gene_id_versioned"": ""ENSMUSG00000033633.16"", ""isoform_id"": ""Q7TSQ1-2"", ""protein_id"": ""ENSMUSP00000139569.2"", ""transcript_id"": ""ENSMUST00000191030.7""}, {""gene_id_versioned"": ""ENSMUSG00000033633.16"", ""isoform_id"": ""Q7TSQ1-1"", ""protein_id"": ""ENSMUSP00000139515.2"", ""transcript_id"": ""ENSMUST00000191469.7""}]",2026_03,0.1.0
ENSMUSG00000001128,P11680,10090,UniProtKB reviewed (Swiss-Prot),,entry_level_cross_reference_isoform_unspecified,,,"[{""gene_id_versioned"": ""ENSMUSG00000001128.8"", ""isoform_id"": """", ""protein_id"": ""ENSMUSP00000001156.8"", ""transcript_id"": ""ENSMUST00000001156.8""}]",2026_03,0.1.0
ENSMUSG00000038583,P61014,10090,UniProtKB reviewed (Swiss-Prot),,entry_level_cross_reference_isoform_unspecified,,,"[{""gene_id_versioned"": ""ENSMUSG00000038583.14"", ""isoform_id"": """", ""protein_id"": ""ENSMUSP00000045709.7"", ""transcript_id"": ""ENSMUST00000046221.8""}, {""gene_id_versioned"": ""ENSMUSG00000038583.14"", ""isoform_id"": """", ""protein_id"": ""ENSMUSP00000132743.2"", ""transcript_id"": ""ENSMUST00000163319.9""}, {""gene_id_versioned"": ""ENSMUSG00000038583.14"", ""isoform_id"": """", ""protein_id"": ""ENSMUSP00000151745.2"", ""transcript_id"": ""ENSMUST00000218468.2""}, {""gene_id_versioned"": ""ENSMUSG00000038583.14"", ""isoform_id"": """", ""protein_id"": ""ENSMUSP00000151641.2"", ""transcript_id"": ""ENSMUST00000219491.2""}, {""gene_id_versioned"": ""ENSMUSG00000038583.14"", ""isoform_id"": """", ""protein_id"": ""ENSMUSP00000151860.2"", ""transcript_id"": ""ENSMUST00000219921.2""}, {""gene_id_versioned"": ""ENSMUSG00000038583.14"", ""isoform_id"": """", ""protein_id"": ""ENSMUSP00000151966.2"", ""transcript_id"": ""ENSMUST00000220197.2""}]",2026_03,0.1.0
ENSMUSG00000029919,Q9JHF7,10090,UniProtKB reviewed (Swiss-Prot),,entry_level_cross_reference_isoform_unspecified,,,"[{""gene_id_versioned"": ""ENSMUSG00000029919.6"", ""isoform_id"": """", ""protein_id"": ""ENSMUSP00000031982.5"", ""transcript_id"": ""ENSMUST00000031982.5""}]",2026_03,0.1.0
ENSMUSG00000006800,A0A2I3BQT7,10090,UniProtKB unreviewed (TrEMBL),,entry_level_cross_reference_isoform_unspecified,,FRAGMENT_SEQUENCE,"[{""gene_id_versioned"": ""ENSMUSG00000006800.15"", ""isoform_id"": """", ""protein_id"": ""ENSMUSP00000154315.2"", ""transcript_id"": ""ENSMUST00000139266.2""}]",2026_03,0.1.0
ENSMUSG00000006800,A0A2I3BRT8,10090,UniProtKB unreviewed (TrEMBL),,entry_level_cross_reference_isoform_unspecified,,FRAGMENT_SEQUENCE,"[{""gene_id_versioned"": ""ENSMUSG00000006800.15"", ""isoform_id"": """", ""protein_id"": ""ENSMUSP00000154724.2"", ""transcript_id"": ""ENSMUST00000133395.2""}]",2026_03,0.1.0
ENSMUSG00000006800,Q8CFG0,10090,UniProtKB reviewed (Swiss-Prot),,entry_level_cross_reference_isoform_unspecified,,,"[{""gene_id_versioned"": ""ENSMUSG00000006800.15"", ""isoform_id"": """", ""protein_id"": ""ENSMUSP00000085405.4"", ""transcript_id"": ""ENSMUST00000088086.4""}, {""gene_id_versioned"": ""ENSMUSG00000006800.15"", ""isoform_id"": """", ""protein_id"": ""ENSMUSP00000104872.3"", ""transcript_id"": ""ENSMUST00000109249.9""}, {""gene_id_versioned"": ""ENSMUSG00000006800.15"", ""isoform_id"": """", ""protein_id"": ""ENSMUSP00000154557.2"", ""transcript_id"": ""ENSMUST00000146497.9""}]",2026_03,0.1.0
ENSMUSG00000028755,P56389,10090,UniProtKB reviewed (Swiss-Prot),,entry_level_cross_reference_isoform_unspecified,,,"[{""gene_id_versioned"": ""ENSMUSG00000028755.4"", ""isoform_id"": """", ""protein_id"": ""ENSMUSP00000030535.4"", ""transcript_id"": ""ENSMUST00000030535.4""}]",2026_03,0.1.0
ENSMUSG00000028974,O54786,10090,UniProtKB reviewed (Swiss-Prot),O54786-1,explicit_displayed_isoform_cross_reference,,,"[{""gene_id_versioned"": ""ENSMUSG00000028974.14"", ""isoform_id"": ""O54786-1"", ""protein_id"": ""ENSMUSP00000030816.4"", ""transcript_id"": ""ENSMUST00000030816.4""}, {""gene_id_versioned"": ""ENSMUSG00000028974.14"", ""isoform_id"": ""O54786-2"", ""protein_id"": ""ENSMUSP00000099505.4"", ""transcript_id"": ""ENSMUST00000103216.10""}]",2026_03,0.1.0
ENSMUSG00000027843,E9QAS3,10090,UniProtKB unreviewed (TrEMBL),,entry_level_cross_reference_isoform_unspecified,,,"[{""gene_id_versioned"": ""ENSMUSG00000027843.14"", ""isoform_id"": """", ""protein_id"": ""ENSMUSP00000122307.2"", ""transcript_id"": ""ENSMUST00000146071.8""}]",2026_03,0.1.0
ENSMUSG00000027843,P29352,10090,UniProtKB reviewed (Swiss-Prot),,entry_level_cross_reference_isoform_unspecified,,,"[{""gene_id_versioned"": ""ENSMUSG00000027843.14"", ""isoform_id"": """", ""protein_id"": ""ENSMUSP00000029433.8"", ""transcript_id"": ""ENSMUST00000029433.9""}]",2026_03,0.1.0
ENSMUSG00000035877,F6V503,10090,UniProtKB unreviewed (TrEMBL),,entry_level_cross_reference_isoform_unspecified,,FRAGMENT_SEQUENCE,"[{""gene_id_versioned"": ""ENSMUSG00000035877.18"", ""isoform_id"": """", ""protein_id"": ""ENSMUSP00000120488.2"", ""transcript_id"": ""ENSMUST00000127201.2""}]",2026_03,0.1.0
ENSMUSG00000035877,H3BIX6,10090,UniProtKB unreviewed (TrEMBL),,entry_level_cross_reference_isoform_unspecified,,FRAGMENT_SEQUENCE,"[{""gene_id_versioned"": ""ENSMUSG00000035877.18"", ""isoform_id"": """", ""protein_id"": ""ENSMUSP00000134763.2"", ""transcript_id"": ""ENSMUST00000176141.8""}]",2026_03,0.1.0
ENSMUSG00000035877,Q8C0Q2,10090,UniProtKB reviewed (Swiss-Prot),,entry_level_cross_reference_isoform_unspecified,,,"[{""gene_id_versioned"": ""ENSMUSG00000035877.18"", ""isoform_id"": """", ""protein_id"": ""ENSMUSP00000099400.3"", ""transcript_id"": ""ENSMUST00000103111.9""}, {""gene_id_versioned"": ""ENSMUSG00000035877.18"", ""isoform_id"": """", ""protein_id"": ""ENSMUSP00000099401.2"", ""transcript_id"": ""ENSMUST00000103112.8""}, {""gene_id_versioned"": ""ENSMUSG00000035877.18"", ""isoform_id"": """", ""protein_id"": ""ENSMUSP00000105086.2"", ""transcript_id"": ""ENSMUST00000109460.8""}]",2026_03,0.1.0
ENSMUSG00000002699,B1ATD1,10090,UniProtKB unreviewed (TrEMBL),,entry_level_cross_reference_isoform_unspecified,,,"[{""gene_id_versioned"": ""ENSMUSG00000002699.14"", ""isoform_id"": """", ""protein_id"": ""ENSMUSP00000104952.3"", ""transcript_id"": ""ENSMUST00000109329.9""}]",2026_03,0.1.0
ENSMUSG00000002699,Q60787,10090,UniProtKB reviewed (Swiss-Prot),,entry_level_cross_reference_isoform_unspecified,,,"[{""gene_id_versioned"": ""ENSMUSG00000002699.14"", ""isoform_id"": """", ""protein_id"": ""ENSMUSP00000056621.6"", ""transcript_id"": ""ENSMUST00000052413.12""}]",2026_03,0.1.0
ENSMUSG00000020105,Q6P1C6,10090,UniProtKB reviewed (Swiss-Prot),,entry_level_cross_reference_isoform_unspecified,,,"[{""gene_id_versioned"": ""ENSMUSG00000020105.10"", ""isoform_id"": """", ""protein_id"": ""ENSMUSP00000074360.7"", ""transcript_id"": ""ENSMUST00000074807.8""}]",2026_03,0.1.0
ENSMUSG00000025352,Q9Z1W4,10090,UniProtKB reviewed (Swiss-Prot),,entry_level_cross_reference_isoform_unspecified,,,"[{""gene_id_versioned"": ""ENSMUSG00000025352.7"", ""isoform_id"": """", ""protein_id"": ""ENSMUSP00000026408.7"", ""transcript_id"": ""ENSMUST00000026408.7""}]",2026_03,0.1.0
ENSMUSG00000028108,D3YV22,10090,UniProtKB unreviewed (TrEMBL),,entry_level_cross_reference_isoform_unspecified,,FRAGMENT_SEQUENCE,"[{""gene_id_versioned"": ""ENSMUSG00000028108.17"", ""isoform_id"": """", ""protein_id"": ""ENSMUSP00000114747.2"", ""transcript_id"": ""ENSMUST00000153026.8""}]",2026_03,0.1.0
ENSMUSG00000028108,D3YV64,10090,UniProtKB unreviewed (TrEMBL),,entry_level_cross_reference_isoform_unspecified,,FRAGMENT_SEQUENCE,"[{""gene_id_versioned"": ""ENSMUSG00000028108.17"", ""isoform_id"": """", ""protein_id"": ""ENSMUSP00000114659.2"", ""transcript_id"": ""ENSMUST00000131376.8""}]",2026_03,0.1.0
ENSMUSG00000028108,D3YZV0,10090,UniProtKB unreviewed (TrEMBL),,entry_level_cross_reference_isoform_unspecified,,FRAGMENT_SEQUENCE,"[{""gene_id_versioned"": ""ENSMUSG00000028108.17"", ""isoform_id"": """", ""protein_id"": ""ENSMUSP00000115524.2"", ""transcript_id"": ""ENSMUST00000147217.2""}]",2026_03,0.1.0
ENSMUSG00000028108,D3Z038,10090,UniProtKB unreviewed (TrEMBL),,entry_level_cross_reference_isoform_unspecified,,FRAGMENT_SEQUENCE,"[{""gene_id_versioned"": ""ENSMUSG00000028108.17"", ""isoform_id"": """", ""protein_id"": ""ENSMUSP00000120300.2"", ""transcript_id"": ""ENSMUST00000123143.8""}]",2026_03,0.1.0
ENSMUSG00000028108,D3Z0U9,10090,UniProtKB unreviewed (TrEMBL),,entry_level_cross_reference_isoform_unspecified,,FRAGMENT_SEQUENCE,"[{""gene_id_versioned"": ""ENSMUSG00000028108.17"", ""isoform_id"": """", ""protein_id"": ""ENSMUSP00000120820.2"", ""transcript_id"": ""ENSMUST00000128885.8""}]",2026_03,0.1.0
ENSMUSG00000028108,D3Z772,10090,UniProtKB unreviewed (TrEMBL),,entry_level_cross_reference_isoform_unspecified,,FRAGMENT_SEQUENCE,"[{""gene_id_versioned"": ""ENSMUSG00000028108.17"", ""isoform_id"": """", ""protein_id"": ""ENSMUSP00000122243.2"", ""transcript_id"": ""ENSMUST00000137912.8""}]",2026_03,0.1.0
ENSMUSG00000028108,F8WI14,10090,UniProtKB unreviewed (TrEMBL),,entry_level_cross_reference_isoform_unspecified,,,"[{""gene_id_versioned"": ""ENSMUSG00000028108.17"", ""isoform_id"": """", ""protein_id"": ""ENSMUSP00000029753.7"", ""transcript_id"": ""ENSMUST00000029753.14""}]",2026_03,0.1.0
ENSMUSG00000028108,Q61508,10090,UniProtKB reviewed (Swiss-Prot),Q61508-1,explicit_displayed_isoform_cross_reference,,,"[{""gene_id_versioned"": ""ENSMUSG00000028108.17"", ""isoform_id"": ""Q61508-1"", ""protein_id"": ""ENSMUSP00000112665.3"", ""transcript_id"": ""ENSMUST00000117507.10""}]",2026_03,0.1.0
ENSMUSG00000031563,Q6NXJ0,10090,UniProtKB reviewed (Swiss-Prot),,entry_level_cross_reference_isoform_unspecified,,,"[{""gene_id_versioned"": ""ENSMUSG00000031563.9"", ""isoform_id"": """", ""protein_id"": ""ENSMUSP00000056121.8"", ""transcript_id"": ""ENSMUST00000057561.9""}]",2026_03,0.1.0
ENSMUSG00000041653,E9QNZ9,10090,UniProtKB unreviewed (TrEMBL),,entry_level_cross_reference_isoform_unspecified,,,"[{""gene_id_versioned"": ""ENSMUSG00000041653.6"", ""isoform_id"": """", ""protein_id"": ""ENSMUSP00000043826.5"", ""transcript_id"": ""ENSMUST00000045289.6""}]",2026_03,0.1.0
ENSMUSG00000046818,E9Q253,10090,UniProtKB unreviewed (TrEMBL),,entry_level_cross_reference_isoform_unspecified,,FRAGMENT_SEQUENCE,"[{""gene_id_versioned"": ""ENSMUSG00000046818.8"", ""isoform_id"": """", ""protein_id"": ""ENSMUSP00000127567.2"", ""transcript_id"": ""ENSMUST00000165845.2""}]",2026_03,0.1.0
ENSMUSG00000046818,Q8VHZ5,10090,UniProtKB reviewed (Swiss-Prot),,entry_level_cross_reference_isoform_unspecified,,,"[{""gene_id_versioned"": ""ENSMUSG00000046818.8"", ""isoform_id"": """", ""protein_id"": ""ENSMUSP00000058896.8"", ""transcript_id"": ""ENSMUST00000053855.8""}]",2026_03,0.1.0
ENSMUSG00000060152,Q9DB28,10090,UniProtKB reviewed (Swiss-Prot),,entry_level_cross_reference_isoform_unspecified,,,"[{""gene_id_versioned"": ""ENSMUSG00000060152.15"", ""isoform_id"": """", ""protein_id"": ""ENSMUSP00000080215.7"", ""transcript_id"": ""ENSMUST00000081497.13""}, {""gene_id_versioned"": ""ENSMUSG00000060152.15"", ""isoform_id"": """", ""protein_id"": ""ENSMUSP00000118408.2"", ""transcript_id"": ""ENSMUST00000135455.2""}]",2026_03,0.1.0
ENSMUSG00000051648,E9PVN1,10090,UniProtKB unreviewed (TrEMBL),,entry_level_cross_reference_isoform_unspecified,,,"[{""gene_id_versioned"": ""ENSMUSG00000051648.14"", ""isoform_id"": """", ""protein_id"": ""ENSMUSP00000131732.2"", ""transcript_id"": ""ENSMUST00000168888.2""}]",2026_03,0.1.0
ENSMUSG00000051648,F7CJT5,10090,UniProtKB unreviewed (TrEMBL),,entry_level_cross_reference_isoform_unspecified,,FRAGMENT_SEQUENCE,"[{""gene_id_versioned"": ""ENSMUSG00000051648.14"", ""isoform_id"": """", ""protein_id"": ""ENSMUSP00000130914.2"", ""transcript_id"": ""ENSMUST00000168196.2""}]",2026_03,0.1.0
ENSMUSG00000051648,Q562E2,10090,UniProtKB reviewed (Swiss-Prot),Q562E2-1,explicit_displayed_isoform_cross_reference,,,"[{""gene_id_versioned"": ""ENSMUSG00000051648.14"", ""isoform_id"": ""Q562E2-2"", ""protein_id"": ""ENSMUSP00000050687.7"", ""transcript_id"": ""ENSMUST00000063071.13""}, {""gene_id_versioned"": ""ENSMUSG00000051648.14"", ""isoform_id"": ""Q562E2-1"", ""protein_id"": ""ENSMUSP00000130831.2"", ""transcript_id"": ""ENSMUST00000167294.8""}]",2026_03,0.1.0
ENSMUSG00000022332,A0A2R8VHM1,10090,UniProtKB unreviewed (TrEMBL),,entry_level_cross_reference_isoform_unspecified,,FRAGMENT_SEQUENCE,"[{""gene_id_versioned"": ""ENSMUSG00000022332.9"", ""isoform_id"": """", ""protein_id"": ""ENSMUSP00000155218.2"", ""transcript_id"": ""ENSMUST00000230073.2""}]",2026_03,0.1.0
ENSMUSG00000022332,A0A2R8VJR4,10090,UniProtKB unreviewed (TrEMBL),,entry_level_cross_reference_isoform_unspecified,,,"[{""gene_id_versioned"": ""ENSMUSG00000022332.9"", ""isoform_id"": """", ""protein_id"": ""ENSMUSP00000154871.2"", ""transcript_id"": ""ENSMUST00000230847.2""}]",2026_03,0.1.0
ENSMUSG00000022332,Q9R226,10090,UniProtKB reviewed (Swiss-Prot),,entry_level_cross_reference_isoform_unspecified,,,"[{""gene_id_versioned"": ""ENSMUSG00000022332.9"", ""isoform_id"": """", ""protein_id"": ""ENSMUSP00000022954.7"", ""transcript_id"": ""ENSMUST00000022954.7""}, {""gene_id_versioned"": ""ENSMUSG00000022332.9"", ""isoform_id"": """", ""protein_id"": ""ENSMUSP00000154887.2"", ""transcript_id"": ""ENSMUST00000229234.2""}, {""gene_id_versioned"": ""ENSMUSG00000022332.9"", ""isoform_id"": """", ""protein_id"": ""ENSMUSP00000155136.2"", ""transcript_id"": ""ENSMUST00000229683.2""}]",2026_03,0.1.0
ENSMUSG00000025017,Q9EQ32,10090,UniProtKB reviewed (Swiss-Prot),Q9EQ32-1,explicit_displayed_isoform_cross_reference,,,"[{""gene_id_versioned"": ""ENSMUSG00000025017.11"", ""isoform_id"": ""Q9EQ32-1"", ""protein_id"": ""ENSMUSP00000052777.8"", ""transcript_id"": ""ENSMUST00000059672.9""}]",2026_03,0.1.0
ENSMUSG00000059173,A2ASF9,10090,UniProtKB unreviewed (TrEMBL),,entry_level_cross_reference_isoform_unspecified,,,"[{""gene_id_versioned"": ""ENSMUSG00000059173.21"", ""isoform_id"": """", ""protein_id"": ""ENSMUSP00000088260.5"", ""transcript_id"": ""ENSMUST00000090756.11""}]",2026_03,0.1.0
ENSMUSG00000059173,F6X0V1,10090,UniProtKB unreviewed (TrEMBL),,entry_level_cross_reference_isoform_unspecified,,AMBIGUOUS_OR_INVALID_SEQUENCE,"[{""gene_id_versioned"": ""ENSMUSG00000059173.21"", ""isoform_id"": """", ""protein_id"": ""ENSMUSP00000120188.2"", ""transcript_id"": ""ENSMUST00000134739.2""}]",2026_03,0.1.0
ENSMUSG00000059173,Q61481,10090,UniProtKB reviewed (Swiss-Prot),Q61481-4,explicit_displayed_isoform_cross_reference,,,"[{""gene_id_versioned"": ""ENSMUSG00000059173.21"", ""isoform_id"": ""Q61481-6"", ""protein_id"": ""ENSMUSP00000099711.4"", ""transcript_id"": ""ENSMUST00000102651.10""}, {""gene_id_versioned"": ""ENSMUSG00000059173.21"", ""isoform_id"": ""Q61481-5"", ""protein_id"": ""ENSMUSP00000099712.4"", ""transcript_id"": ""ENSMUST00000102652.10""}, {""gene_id_versioned"": ""ENSMUSG00000059173.21"", ""isoform_id"": ""Q61481-4"", ""protein_id"": ""ENSMUSP00000099713.2"", ""transcript_id"": ""ENSMUST00000102653.8""}, {""gene_id_versioned"": ""ENSMUSG00000059173.21"", ""isoform_id"": ""Q61481-4"", ""protein_id"": ""ENSMUSP00000099715.4"", ""transcript_id"": ""ENSMUST00000102655.10""}, {""gene_id_versioned"": ""ENSMUSG00000059173.21"", ""isoform_id"": ""Q61481-2"", ""protein_id"": ""ENSMUSP00000160024.1"", ""transcript_id"": ""ENSMUST00000146076.9""}, {""gene_id_versioned"": ""ENSMUSG00000059173.21"", ""isoform_id"": ""Q61481-4"", ""protein_id"": ""ENSMUSP00000139327.2"", ""transcript_id"": ""ENSMUST00000183775.8""}]",2026_03,0.1.0
ENSMUSG00000025321,Q0VBD0,10090,UniProtKB reviewed (Swiss-Prot),,entry_level_cross_reference_isoform_unspecified,,,"[{""gene_id_versioned"": ""ENSMUSG00000025321.15"", ""isoform_id"": """", ""protein_id"": ""ENSMUSP00000026360.9"", ""transcript_id"": ""ENSMUST00000026360.9""}]",2026_03,0.1.0
ENSMUSG00000024300,G3UZR3,10090,UniProtKB unreviewed (TrEMBL),,entry_level_cross_reference_isoform_unspecified,,FRAGMENT_SEQUENCE,"[{""gene_id_versioned"": ""ENSMUSG00000024300.18"", ""isoform_id"": """", ""protein_id"": ""ENSMUSP00000134600.2"", ""transcript_id"": ""ENSMUST00000174695.2""}]",2026_03,0.1.0
ENSMUSG00000024300,G3V011,10090,UniProtKB unreviewed (TrEMBL),,entry_level_cross_reference_isoform_unspecified,,,"[{""gene_id_versioned"": ""ENSMUSG00000024300.18"", ""isoform_id"": """", ""protein_id"": ""ENSMUSP00000134715.2"", ""transcript_id"": ""ENSMUST00000173372.8""}]",2026_03,0.1.0
ENSMUSG00000024300,Q8CG29,10090,UniProtKB unreviewed (TrEMBL),,entry_level_cross_reference_isoform_unspecified,,,"[{""gene_id_versioned"": ""ENSMUSG00000024300.18"", ""isoform_id"": """", ""protein_id"": ""ENSMUSP00000084887.6"", ""transcript_id"": ""ENSMUST00000087605.13""}]",2026_03,0.1.0
ENSMUSG00000023017,Q6NXK8,10090,UniProtKB reviewed (Swiss-Prot),Q6NXK8-1,explicit_displayed_isoform_cross_reference,,,"[{""gene_id_versioned"": ""ENSMUSG00000023017.11"", ""isoform_id"": ""Q6NXK8-1"", ""protein_id"": ""ENSMUSP00000023758.8"", ""transcript_id"": ""ENSMUST00000023758.9""}, {""gene_id_versioned"": ""ENSMUSG00000023017.11"", ""isoform_id"": ""Q6NXK8-2"", ""protein_id"": ""ENSMUSP00000154379.2"", ""transcript_id"": ""ENSMUST00000228185.2""}]",2026_03,0.1.0
ENSMUSG00000006360,A0A0G2JEK2,10090,UniProtKB unreviewed (TrEMBL),,entry_level_cross_reference_isoform_unspecified,,,"[{""gene_id_versioned"": ""ENSMUSG00000006360.12"", ""isoform_id"": """", ""protein_id"": ""ENSMUSP00000142803.2"", ""transcript_id"": ""ENSMUST00000199089.5""}]",2026_03,0.1.0
ENSMUSG00000006360,P63254,10090,UniProtKB reviewed (Swiss-Prot),,entry_level_cross_reference_isoform_unspecified,,,"[{""gene_id_versioned"": ""ENSMUSG00000006360.12"", ""isoform_id"": """", ""protein_id"": ""ENSMUSP00000006523.8"", ""transcript_id"": ""ENSMUST00000006523.12""}, {""gene_id_versioned"": ""ENSMUSG00000006360.12"", ""isoform_id"": """", ""protein_id"": ""ENSMUSP00000143680.2"", ""transcript_id"": ""ENSMUST00000200553.2""}]",2026_03,0.1.0
ENSMUSG00000042961,E0CXM4,10090,UniProtKB unreviewed (TrEMBL),,entry_level_cross_reference_isoform_unspecified,,,"[{""gene_id_versioned"": ""ENSMUSG00000042961.14"", ""isoform_id"": """", ""protein_id"": ""ENSMUSP00000125188.2"", ""transcript_id"": ""ENSMUST00000160207.8""}]",2026_03,0.1.0
ENSMUSG00000042961,Q4VBE4,10090,UniProtKB reviewed (Swiss-Prot),Q4VBE4-1,explicit_displayed_isoform_cross_reference,,,"[{""gene_id_versioned"": ""ENSMUSG00000042961.14"", ""isoform_id"": ""Q4VBE4-2"", ""protein_id"": ""ENSMUSP00000055599.4"", ""transcript_id"": ""ENSMUST00000058593.10""}, {""gene_id_versioned"": ""ENSMUSG00000042961.14"", ""isoform_id"": ""Q4VBE4-1"", ""protein_id"": ""ENSMUSP00000094238.5"", ""transcript_id"": ""ENSMUST00000096494.5""}]",2026_03,0.1.0
ENSMUSG00000018909,E0CY53,10090,UniProtKB unreviewed (TrEMBL),,entry_level_cross_reference_isoform_unspecified,,FRAGMENT_SEQUENCE,"[{""gene_id_versioned"": ""ENSMUSG00000018909.16"", ""isoform_id"": """", ""protein_id"": ""ENSMUSP00000124483.2"", ""transcript_id"": ""ENSMUST00000161525.2""}]",2026_03,0.1.0
ENSMUSG00000018909,E0CYB1,10090,UniProtKB unreviewed (TrEMBL),,entry_level_cross_reference_isoform_unspecified,,FRAGMENT_SEQUENCE,"[{""gene_id_versioned"": ""ENSMUSG00000018909.16"", ""isoform_id"": """", ""protein_id"": ""ENSMUSP00000124351.2"", ""transcript_id"": ""ENSMUST00000162404.8""}]",2026_03,0.1.0
ENSMUSG00000018909,F7DF62,10090,UniProtKB unreviewed (TrEMBL),,entry_level_cross_reference_isoform_unspecified,,AMBIGUOUS_OR_INVALID_SEQUENCE,"[{""gene_id_versioned"": ""ENSMUSG00000018909.16"", ""isoform_id"": """", ""protein_id"": ""ENSMUSP00000125056.2"", ""transcript_id"": ""ENSMUST00000162290.2""}]",2026_03,0.1.0
ENSMUSG00000018909,J3QNU6,10090,UniProtKB unreviewed (TrEMBL),,entry_level_cross_reference_isoform_unspecified,,,"[{""gene_id_versioned"": ""ENSMUSG00000018909.16"", ""isoform_id"": """", ""protein_id"": ""ENSMUSP00000136963.2"", ""transcript_id"": ""ENSMUST00000179755.8""}]",2026_03,0.1.0
ENSMUSG00000018909,Q8BWG8,10090,UniProtKB reviewed (Swiss-Prot),Q8BWG8-1,explicit_displayed_isoform_cross_reference,,,"[{""gene_id_versioned"": ""ENSMUSG00000018909.16"", ""isoform_id"": ""Q8BWG8-2"", ""protein_id"": ""ENSMUSP00000032995.9"", ""transcript_id"": ""ENSMUST00000032995.15""}, {""gene_id_versioned"": ""ENSMUSG00000018909.16"", ""isoform_id"": ""Q8BWG8-1"", ""protein_id"": ""ENSMUSP00000095866.3"", ""transcript_id"": ""ENSMUST00000098266.9""}]",2026_03,0.1.0
ENSMUSG00000038555,Q8VCD6,10090,UniProtKB reviewed (Swiss-Prot),,entry_level_cross_reference_isoform_unspecified,,,"[{""gene_id_versioned"": ""ENSMUSG00000038555.8"", ""isoform_id"": """", ""protein_id"": ""ENSMUSP00000036065.8"", ""transcript_id"": ""ENSMUST00000043484.8""}]",2026_03,0.1.0
ENSMUSG00000024677,F6TGK4,10090,UniProtKB unreviewed (TrEMBL),,entry_level_cross_reference_isoform_unspecified,,FRAGMENT_SEQUENCE,"[{""gene_id_versioned"": ""ENSMUSG00000024677.14"", ""isoform_id"": """", ""protein_id"": ""ENSMUSP00000124277.2"", ""transcript_id"": ""ENSMUST00000161283.2""}]",2026_03,0.1.0
ENSMUSG00000024677,Q99N09,10090,UniProtKB reviewed (Swiss-Prot),,entry_level_cross_reference_isoform_unspecified,,,"[{""gene_id_versioned"": ""ENSMUSG00000024677.14"", ""isoform_id"": """", ""protein_id"": ""ENSMUSP00000025580.4"", ""transcript_id"": ""ENSMUST00000025580.10""}, {""gene_id_versioned"": ""ENSMUSG00000024677.14"", ""isoform_id"": """", ""protein_id"": ""ENSMUSP00000124685.2"", ""transcript_id"": ""ENSMUST00000163078.8""}]",2026_03,0.1.0
ENSMUSG00000069844,Q5SUC9,10090,UniProtKB reviewed (Swiss-Prot),,entry_level_cross_reference_isoform_unspecified,,,"[{""gene_id_versioned"": ""ENSMUSG00000069844.13"", ""isoform_id"": """", ""protein_id"": ""ENSMUSP00000090673.5"", ""transcript_id"": ""ENSMUST00000092996.5""}]",2026_03,0.1.0
ENSMUSG00000069844,Q5SUD5,10090,UniProtKB unreviewed (TrEMBL),,entry_level_cross_reference_isoform_unspecified,,,"[{""gene_id_versioned"": ""ENSMUSG00000069844.13"", ""isoform_id"": """", ""protein_id"": ""ENSMUSP00000104330.4"", ""transcript_id"": ""ENSMUST00000108690.10""}]",2026_03,0.1.0
ENSMUSG00000039313,A0A087WS88,10090,UniProtKB unreviewed (TrEMBL),,entry_level_cross_reference_isoform_unspecified,,,"[{""gene_id_versioned"": ""ENSMUSG00000039313.15"", ""isoform_id"": """", ""protein_id"": ""ENSMUSP00000140942.2"", ""transcript_id"": ""ENSMUST00000191465.2""}]",2026_03,0.1.0
ENSMUSG00000039313,Q8K3V7,10090,UniProtKB reviewed (Swiss-Prot),Q8K3V7-1,explicit_displayed_isoform_cross_reference,,,"[{""gene_id_versioned"": ""ENSMUSG00000039313.15"", ""isoform_id"": ""Q8K3V7-1"", ""protein_id"": ""ENSMUSP00000046111.7"", ""transcript_id"": ""ENSMUST00000044491.13""}]",2026_03,0.1.0
ENSMUSG00000034880,Q99N91,10090,UniProtKB reviewed (Swiss-Prot),,entry_level_cross_reference_isoform_unspecified,,,"[{""gene_id_versioned"": ""ENSMUSG00000034880.8"", ""isoform_id"": """", ""protein_id"": ""ENSMUSP00000044497.7"", ""transcript_id"": ""ENSMUST00000048914.8""}]",2026_03,0.1.0
ENSMUSG00000041773,O35709,10090,UniProtKB reviewed (Swiss-Prot),,entry_level_cross_reference_isoform_unspecified,,,"[{""gene_id_versioned"": ""ENSMUSG00000041773.9"", ""isoform_id"": """", ""protein_id"": ""ENSMUSP00000038783.8"", ""transcript_id"": ""ENSMUST00000041623.9""}]",2026_03,0.1.0
ENSMUSG00000059970,P17156,10090,UniProtKB reviewed (Swiss-Prot),,entry_level_cross_reference_isoform_unspecified,,,"[{""gene_id_versioned"": ""ENSMUSG00000059970.8"", ""isoform_id"": """", ""protein_id"": ""ENSMUSP00000079306.6"", ""transcript_id"": ""ENSMUST00000080449.7""}, {""gene_id_versioned"": ""ENSMUSG00000059970.8"", ""isoform_id"": """", ""protein_id"": ""ENSMUSP00000151408.2"", ""transcript_id"": ""ENSMUST00000219555.2""}]",2026_03,0.1.0
ENSMUSG00000078451,A0A1L1SS02,10090,UniProtKB unreviewed (TrEMBL),,entry_level_cross_reference_isoform_unspecified,,AMBIGUOUS_OR_INVALID_SEQUENCE,"[{""gene_id_versioned"": ""ENSMUSG00000078451.6"", ""isoform_id"": """", ""protein_id"": ""ENSMUSP00000149689.2"", ""transcript_id"": ""ENSMUST00000214145.2""}]",2026_03,0.1.0
ENSMUSG00000078451,Q9D6D8,10090,UniProtKB reviewed (Swiss-Prot),,entry_level_cross_reference_isoform_unspecified,,,"[{""gene_id_versioned"": ""ENSMUSG00000078451.6"", ""isoform_id"": """", ""protein_id"": ""ENSMUSP00000101146.4"", ""transcript_id"": ""ENSMUST00000105507.5""}]",2026_03,0.1.0
ENSMUSG00000020150,O35969,10090,UniProtKB reviewed (Swiss-Prot),O35969-1,explicit_displayed_isoform_cross_reference,,,"[{""gene_id_versioned"": ""ENSMUSG00000020150.14"", ""isoform_id"": ""O35969-2"", ""protein_id"": ""ENSMUSP00000020359.7"", ""transcript_id"": ""ENSMUST00000020359.7""}, {""gene_id_versioned"": ""ENSMUSG00000020150.14"", ""isoform_id"": ""O35969-1"", ""protein_id"": ""ENSMUSP00000101002.2"", ""transcript_id"": ""ENSMUST00000105363.8""}]",2026_03,0.1.0
ENSMUSG00000021253,F8WHI1,10090,UniProtKB unreviewed (TrEMBL),,entry_level_cross_reference_isoform_unspecified,,,"[{""gene_id_versioned"": ""ENSMUSG00000021253.8"", ""isoform_id"": """", ""protein_id"": ""ENSMUSP00000003687.7"", ""transcript_id"": ""ENSMUST00000003687.8""}]",2026_03,0.1.0
ENSMUSG00000054717,A0A1B0GQX9,10090,UniProtKB unreviewed (TrEMBL),,entry_level_cross_reference_isoform_unspecified,,FRAGMENT_SEQUENCE,"[{""gene_id_versioned"": ""ENSMUSG00000054717.8"", ""isoform_id"": """", ""protein_id"": ""ENSMUSP00000147297.2"", ""transcript_id"": ""ENSMUST00000210871.2""}]",2026_03,0.1.0
ENSMUSG00000054717,P30681,10090,UniProtKB reviewed (Swiss-Prot),,entry_level_cross_reference_isoform_unspecified,,,"[{""gene_id_versioned"": ""ENSMUSG00000054717.8"", ""isoform_id"": """", ""protein_id"": ""ENSMUSP00000065940.7"", ""transcript_id"": ""ENSMUST00000067925.8""}]",2026_03,0.1.0
ENSMUSG00000024974,Q9CW03,10090,UniProtKB reviewed (Swiss-Prot),,entry_level_cross_reference_isoform_unspecified,,,"[{""gene_id_versioned"": ""ENSMUSG00000024974.11"", ""isoform_id"": """", ""protein_id"": ""ENSMUSP00000025930.10"", ""transcript_id"": ""ENSMUST00000025930.10""}]",2026_03,0.1.0
ENSMUSG00000039967,Q9Z2U2,10090,UniProtKB reviewed (Swiss-Prot),Q9Z2U2-1,explicit_displayed_isoform_cross_reference,,,"[{""gene_id_versioned"": ""ENSMUSG00000039967.15"", ""isoform_id"": ""Q9Z2U2-1"", ""protein_id"": ""ENSMUSP00000037233.6"", ""transcript_id"": ""ENSMUST00000047950.6""}, {""gene_id_versioned"": ""ENSMUSG00000039967.15"", ""isoform_id"": ""Q9Z2U2-2"", ""protein_id"": ""ENSMUSP00000095766.3"", ""transcript_id"": ""ENSMUST00000098163.9""}]",2026_03,0.1.0
ENSMUSG00000066892,A0A0R4J1Q8,10090,UniProtKB unreviewed (TrEMBL),,entry_level_cross_reference_isoform_unspecified,,,"[{""gene_id_versioned"": ""ENSMUSG00000066892.15"", ""isoform_id"": """", ""protein_id"": ""ENSMUSP00000083649.4"", ""transcript_id"": ""ENSMUST00000086458.10""}, {""gene_id_versioned"": ""ENSMUSG00000066892.15"", ""isoform_id"": """", ""protein_id"": ""ENSMUSP00000115058.2"", ""transcript_id"": ""ENSMUST00000131128.2""}, {""gene_id_versioned"": ""ENSMUSG00000066892.15"", ""isoform_id"": """", ""protein_id"": ""ENSMUSP00000114466.3"", ""transcript_id"": ""ENSMUST00000140702.3""}]",2026_03,0.1.0
ENSMUSG00000066892,A0A0R4J1W2,10090,UniProtKB unreviewed (TrEMBL),,entry_level_cross_reference_isoform_unspecified,,,"[{""gene_id_versioned"": ""ENSMUSG00000066892.15"", ""isoform_id"": """", ""protein_id"": ""ENSMUSP00000121429.3"", ""transcript_id"": ""ENSMUST00000151861.9""}]",2026_03,0.1.0
ENSMUSG00000066892,D3YWZ8,10090,UniProtKB unreviewed (TrEMBL),,entry_level_cross_reference_isoform_unspecified,,,"[{""gene_id_versioned"": ""ENSMUSG00000066892.15"", ""isoform_id"": """", ""protein_id"": ""ENSMUSP00000118369.2"", ""transcript_id"": ""ENSMUST00000155301.8""}]",2026_03,0.1.0
ENSMUSG00000066892,D3YY70,10090,UniProtKB unreviewed (TrEMBL),,entry_level_cross_reference_isoform_unspecified,,FRAGMENT_SEQUENCE,"[{""gene_id_versioned"": ""ENSMUSG00000066892.15"", ""isoform_id"": """", ""protein_id"": ""ENSMUSP00000118873.2"", ""transcript_id"": ""ENSMUST00000131343.8""}]",2026_03,0.1.0
ENSMUSG00000066892,Q9EPX5,10090,UniProtKB reviewed (Swiss-Prot),,entry_level_cross_reference_isoform_unspecified,,,"[{""gene_id_versioned"": ""ENSMUSG00000066892.15"", ""isoform_id"": """", ""protein_id"": ""ENSMUSP00000083650.5"", ""transcript_id"": ""ENSMUST00000086459.6""}, {""gene_id_versioned"": ""ENSMUSG00000066892.15"", ""isoform_id"": """", ""protein_id"": ""ENSMUSP00000119124.2"", ""transcript_id"": ""ENSMUST00000148631.8""}]",2026_03,0.1.0
ENSMUSG00000074170,Q3TB82,10090,UniProtKB reviewed (Swiss-Prot),,entry_level_cross_reference_isoform_unspecified,,,"[{""gene_id_versioned"": ""ENSMUSG00000074170.6"", ""isoform_id"": """", ""protein_id"": ""ENSMUSP00000096113.5"", ""transcript_id"": ""ENSMUST00000098513.6""}]",2026_03,0.1.0
ENSMUSG00000027195,O70503,10090,UniProtKB reviewed (Swiss-Prot),O70503-1,explicit_displayed_isoform_cross_reference,,,"[{""gene_id_versioned"": ""ENSMUSG00000027195.11"", ""isoform_id"": ""O70503-1"", ""protein_id"": ""ENSMUSP00000028619.5"", ""transcript_id"": ""ENSMUST00000028619.5""}]",2026_03,0.1.0
ENSMUSG00000028444,A2AMR7,10090,UniProtKB unreviewed (TrEMBL),,entry_level_cross_reference_isoform_unspecified,,FRAGMENT_SEQUENCE,"[{""gene_id_versioned"": ""ENSMUSG00000028444.18"", ""isoform_id"": """", ""protein_id"": ""ENSMUSP00000115631.2"", ""transcript_id"": ""ENSMUST00000145379.2""}]",2026_03,0.1.0
ENSMUSG00000028444,O88507,10090,UniProtKB reviewed (Swiss-Prot),,entry_level_cross_reference_isoform_unspecified,,,"[{""gene_id_versioned"": ""ENSMUSG00000028444.18"", ""isoform_id"": """", ""protein_id"": ""ENSMUSP00000100026.4"", ""transcript_id"": ""ENSMUST00000102961.10""}, {""gene_id_versioned"": ""ENSMUSG00000028444.18"", ""isoform_id"": """", ""protein_id"": ""ENSMUSP00000100027.4"", ""transcript_id"": ""ENSMUST00000102962.10""}]",2026_03,0.1.0
ENSMUSG00000032023,A0A5H1ZRM4,10090,UniProtKB unreviewed (TrEMBL),,entry_level_cross_reference_isoform_unspecified,,FRAGMENT_SEQUENCE,"[{""gene_id_versioned"": ""ENSMUSG00000032023.8"", ""isoform_id"": """", ""protein_id"": ""ENSMUSP00000124975.2"", ""transcript_id"": ""ENSMUST00000160120.2""}]",2026_03,0.1.0
ENSMUSG00000032023,E9Q793,10090,UniProtKB reviewed (Swiss-Prot),,entry_level_cross_reference_isoform_unspecified,,,"[{""gene_id_versioned"": ""ENSMUSG00000032023.8"", ""isoform_id"": """", ""protein_id"": ""ENSMUSP00000034521.8"", ""transcript_id"": ""ENSMUST00000034521.8""}]",2026_03,0.1.0
ENSMUSG00000041679,A0A1B0GQY9,10090,UniProtKB unreviewed (TrEMBL),,entry_level_cross_reference_isoform_unspecified,,,"[{""gene_id_versioned"": ""ENSMUSG00000041679.10"", ""isoform_id"": """", ""protein_id"": ""ENSMUSP00000147309.2"", ""transcript_id"": ""ENSMUST00000210412.2""}]",2026_03,0.1.0
ENSMUSG00000041679,A0A1B0GR77,10090,UniProtKB unreviewed (TrEMBL),,entry_level_cross_reference_isoform_unspecified,,,"[{""gene_id_versioned"": ""ENSMUSG00000041679.10"", ""isoform_id"": """", ""protein_id"": ""ENSMUSP00000147683.2"", ""transcript_id"": ""ENSMUST00000209964.2""}, {""gene_id_versioned"": ""ENSMUSG00000041679.10"", ""isoform_id"": """", ""protein_id"": ""ENSMUSP00000147408.2"", ""transcript_id"": ""ENSMUST00000210801.2""}, {""gene_id_versioned"": ""ENSMUSG00000041679.10"", ""isoform_id"": """", ""protein_id"": ""ENSMUSP00000147791.2"", ""transcript_id"": ""ENSMUST00000211199.2""}]",2026_03,0.1.0
ENSMUSG00000041679,F6SF53,10090,UniProtKB unreviewed (TrEMBL),,entry_level_cross_reference_isoform_unspecified,,,"[{""gene_id_versioned"": ""ENSMUSG00000041679.10"", ""isoform_id"": """", ""protein_id"": ""ENSMUSP00000063248.8"", ""transcript_id"": ""ENSMUST00000070508.8""}]",2026_03,0.1.0
ENSMUSG00000078958,D3Z5W0,10090,UniProtKB unreviewed (TrEMBL),,entry_level_cross_reference_isoform_unspecified,,,"[{""gene_id_versioned"": ""ENSMUSG00000078958.10"", ""isoform_id"": """", ""protein_id"": ""ENSMUSP00000105168.3"", ""transcript_id"": ""ENSMUST00000109541.4""}]",2026_03,0.1.0
ENSMUSG00000078958,S4R1Q9,10090,UniProtKB unreviewed (TrEMBL),,entry_level_cross_reference_isoform_unspecified,,AMBIGUOUS_OR_INVALID_SEQUENCE,"[{""gene_id_versioned"": ""ENSMUSG00000078958.10"", ""isoform_id"": """", ""protein_id"": ""ENSMUSP00000138331.2"", ""transcript_id"": ""ENSMUST00000182104.2""}]",2026_03,0.1.0
ENSMUSG00000078958,S4R264,10090,UniProtKB unreviewed (TrEMBL),,entry_level_cross_reference_isoform_unspecified,,AMBIGUOUS_OR_INVALID_SEQUENCE,"[{""gene_id_versioned"": ""ENSMUSG00000078958.10"", ""isoform_id"": """", ""protein_id"": ""ENSMUSP00000138517.2"", ""transcript_id"": ""ENSMUST00000183162.8""}]",2026_03,0.1.0
ENSMUSG00000078958,S4R2U6,10090,UniProtKB unreviewed (TrEMBL),,entry_level_cross_reference_isoform_unspecified,,,"[{""gene_id_versioned"": ""ENSMUSG00000078958.10"", ""isoform_id"": """", ""protein_id"": ""ENSMUSP00000138791.2"", ""transcript_id"": ""ENSMUST00000182446.2""}]",2026_03,0.1.0
ENSMUSG00000024065,Q9QXY6,10090,UniProtKB reviewed (Swiss-Prot),,entry_level_cross_reference_isoform_unspecified,,,"[{""gene_id_versioned"": ""ENSMUSG00000024065.9"", ""isoform_id"": """", ""protein_id"": ""ENSMUSP00000024860.8"", ""transcript_id"": ""ENSMUST00000024860.9""}]",2026_03,0.1.0
ENSMUSG00000072774,A0A087WRH0,10090,UniProtKB unreviewed (TrEMBL),,entry_level_cross_reference_isoform_unspecified,,,"[{""gene_id_versioned"": ""ENSMUSG00000072774.11"", ""isoform_id"": """", ""protein_id"": ""ENSMUSP00000140625.2"", ""transcript_id"": ""ENSMUST00000186219.7""}]",2026_03,0.1.0
ENSMUSG00000072774,F8VPV1,10090,UniProtKB unreviewed (TrEMBL),,entry_level_cross_reference_isoform_unspecified,,,"[{""gene_id_versioned"": ""ENSMUSG00000072774.11"", ""isoform_id"": """", ""protein_id"": ""ENSMUSP00000087350.7"", ""transcript_id"": ""ENSMUST00000089906.7""}]",2026_03,0.1.0
ENSMUSG00000042817,F6Z929,10090,UniProtKB unreviewed (TrEMBL),,entry_level_cross_reference_isoform_unspecified,,,"[{""gene_id_versioned"": ""ENSMUSG00000042817.16"", ""isoform_id"": """", ""protein_id"": ""ENSMUSP00000039041.9"", ""transcript_id"": ""ENSMUST00000049324.13""}]",2026_03,0.1.0
ENSMUSG00000028125,A0A0G2JGG8,10090,UniProtKB unreviewed (TrEMBL),,entry_level_cross_reference_isoform_unspecified,,,"[{""gene_id_versioned"": ""ENSMUSG00000028125.15"", ""isoform_id"": """", ""protein_id"": ""ENSMUSP00000143560.2"", ""transcript_id"": ""ENSMUST00000141135.5""}]",2026_03,0.1.0
ENSMUSG00000028125,O35600,10090,UniProtKB reviewed (Swiss-Prot),,entry_level_cross_reference_isoform_unspecified,,,"[{""gene_id_versioned"": ""ENSMUSG00000028125.15"", ""isoform_id"": """", ""protein_id"": ""ENSMUSP00000013995.9"", ""transcript_id"": ""ENSMUST00000013995.13""}]",2026_03,0.1.0
ENSMUSG00000028413,B1AXY5,10090,UniProtKB unreviewed (TrEMBL),,entry_level_cross_reference_isoform_unspecified,,,"[{""gene_id_versioned"": ""ENSMUSG00000028413.14"", ""isoform_id"": """", ""protein_id"": ""ENSMUSP00000103731.3"", ""transcript_id"": ""ENSMUST00000108096.3""}]",2026_03,0.1.0
ENSMUSG00000028413,P15535,10090,UniProtKB reviewed (Swiss-Prot),P15535-1,explicit_displayed_isoform_cross_reference,,,"[{""gene_id_versioned"": ""ENSMUSG00000028413.14"", ""isoform_id"": ""P15535-1"", ""protein_id"": ""ENSMUSP00000030121.7"", ""transcript_id"": ""ENSMUST00000030121.13""}]",2026_03,0.1.0
ENSMUSG00000038506,A0A0N4SW71,10090,UniProtKB unreviewed (TrEMBL),,entry_level_cross_reference_isoform_unspecified,,,"[{""gene_id_versioned"": ""ENSMUSG00000038506.14"", ""isoform_id"": """", ""protein_id"": ""ENSMUSP00000145399.2"", ""transcript_id"": ""ENSMUST00000203467.3""}]",2026_03,0.1.0
ENSMUSG00000038506,A0A0N4SW97,10090,UniProtKB unreviewed (TrEMBL),,entry_level_cross_reference_isoform_unspecified,,,"[{""gene_id_versioned"": ""ENSMUSG00000038506.14"", ""isoform_id"": """", ""protein_id"": ""ENSMUSP00000145430.2"", ""transcript_id"": ""ENSMUST00000203604.2""}]",2026_03,0.1.0
ENSMUSG00000038506,G5E8Q5,10090,UniProtKB unreviewed (TrEMBL),,entry_level_cross_reference_isoform_unspecified,,,"[{""gene_id_versioned"": ""ENSMUSG00000038506.14"", ""isoform_id"": """", ""protein_id"": ""ENSMUSP00000106462.2"", ""transcript_id"": ""ENSMUST00000110838.8""}]",2026_03,0.1.0
ENSMUSG00000038506,G5E8Q6,10090,UniProtKB unreviewed (TrEMBL),,entry_level_cross_reference_isoform_unspecified,,,"[{""gene_id_versioned"": ""ENSMUSG00000038506.14"", ""isoform_id"": """", ""protein_id"": ""ENSMUSP00000106463.4"", ""transcript_id"": ""ENSMUST00000110839.10""}]",2026_03,0.1.0
ENSMUSG00000038506,Q8BZJ7,10090,UniProtKB reviewed (Swiss-Prot),Q8BZJ7-1,explicit_displayed_isoform_cross_reference,,,"[{""gene_id_versioned"": ""ENSMUSG00000038506.14"", ""isoform_id"": ""Q8BZJ7-1"", ""protein_id"": ""ENSMUSP00000047208.8"", ""transcript_id"": ""ENSMUST00000045366.10""}, {""gene_id_versioned"": ""ENSMUSG00000038506.14"", ""isoform_id"": ""Q8BZJ7-4"", ""protein_id"": ""ENSMUSP00000106464.2"", ""transcript_id"": ""ENSMUST00000110840.8""}]",2026_03,0.1.0
ENSMUSG00000024681,Q920C4,10090,UniProtKB reviewed (Swiss-Prot),,entry_level_cross_reference_isoform_unspecified,,,"[{""gene_id_versioned"": ""ENSMUSG00000024681.12"", ""isoform_id"": """", ""protein_id"": ""ENSMUSP00000108608.3"", ""transcript_id"": ""ENSMUST00000112984.4""}, {""gene_id_versioned"": ""ENSMUSG00000024681.12"", ""isoform_id"": """", ""protein_id"": ""ENSMUSP00000140508.2"", ""transcript_id"": ""ENSMUST00000186023.7""}]",2026_03,0.1.0
ENSMUSG00000031328,A0A668KLG7,10090,UniProtKB unreviewed (TrEMBL),,entry_level_cross_reference_isoform_unspecified,,AMBIGUOUS_OR_INVALID_SEQUENCE,"[{""gene_id_versioned"": ""ENSMUSG00000031328.17"", ""isoform_id"": """", ""protein_id"": ""ENSMUSP00000159282.2"", ""transcript_id"": ""ENSMUST00000239316.2""}]",2026_03,0.1.0
ENSMUSG00000031328,B7FAU9,10090,UniProtKB unreviewed (TrEMBL),,entry_level_cross_reference_isoform_unspecified,,,"[{""gene_id_versioned"": ""ENSMUSG00000031328.17"", ""isoform_id"": """", ""protein_id"": ""ENSMUSP00000098997.3"", ""transcript_id"": ""ENSMUST00000101454.9""}, {""gene_id_versioned"": ""ENSMUSG00000031328.17"", ""isoform_id"": """", ""protein_id"": ""ENSMUSP00000109938.2"", ""transcript_id"": ""ENSMUST00000114299.8""}]",2026_03,0.1.0
ENSMUSG00000031328,B7FAV1,10090,UniProtKB unreviewed (TrEMBL),,entry_level_cross_reference_isoform_unspecified,,FRAGMENT_SEQUENCE,"[{""gene_id_versioned"": ""ENSMUSG00000031328.17"", ""isoform_id"": """", ""protein_id"": ""ENSMUSP00000121082.2"", ""transcript_id"": ""ENSMUST00000130007.8""}]",2026_03,0.1.0
ENSMUSG00000031328,F6XC15,10090,UniProtKB unreviewed (TrEMBL),,entry_level_cross_reference_isoform_unspecified,,AMBIGUOUS_OR_INVALID_SEQUENCE,"[{""gene_id_versioned"": ""ENSMUSG00000031328.17"", ""isoform_id"": """", ""protein_id"": ""ENSMUSP00000123278.2"", ""transcript_id"": ""ENSMUST00000144429.8""}]",2026_03,0.1.0
ENSMUSG00000031328,F6Z2C0,10090,UniProtKB unreviewed (TrEMBL),,entry_level_cross_reference_isoform_unspecified,,AMBIGUOUS_OR_INVALID_SEQUENCE,"[{""gene_id_versioned"": ""ENSMUSG00000031328.17"", ""isoform_id"": """", ""protein_id"": ""ENSMUSP00000114827.2"", ""transcript_id"": ""ENSMUST00000127463.2""}]",2026_03,0.1.0
ENSMUSG00000031328,F7AVL7,10090,UniProtKB unreviewed (TrEMBL),,entry_level_cross_reference_isoform_unspecified,,AMBIGUOUS_OR_INVALID_SEQUENCE,"[{""gene_id_versioned"": ""ENSMUSG00000031328.17"", ""isoform_id"": """", ""protein_id"": ""ENSMUSP00000117324.2"", ""transcript_id"": ""ENSMUST00000127924.8""}]",2026_03,0.1.0
ENSMUSG00000031328,J9JI89,10090,UniProtKB unreviewed (TrEMBL),,entry_level_cross_reference_isoform_unspecified,,FRAGMENT_SEQUENCE,"[{""gene_id_versioned"": ""ENSMUSG00000031328.17"", ""isoform_id"": """", ""protein_id"": ""ENSMUSP00000116758.2"", ""transcript_id"": ""ENSMUST00000150554.2""}]",2026_03,0.1.0
ENSMUSG00000031328,Q8BTM8,10090,UniProtKB reviewed (Swiss-Prot),Q8BTM8-1,explicit_displayed_isoform_cross_reference,,,"[{""gene_id_versioned"": ""ENSMUSG00000031328.17"", ""isoform_id"": ""Q8BTM8-1"", ""protein_id"": ""ENSMUSP00000033699.7"", ""transcript_id"": ""ENSMUST00000033699.13""}]",2026_03,0.1.0
ENSMUSG00000028385,Q8CE50,10090,UniProtKB reviewed (Swiss-Prot),,entry_level_cross_reference_isoform_unspecified,,,"[{""gene_id_versioned"": ""ENSMUSG00000028385.15"", ""isoform_id"": """", ""protein_id"": ""ENSMUSP00000030080.7"", ""transcript_id"": ""ENSMUST00000030080.7""}]",2026_03,0.1.0
ENSMUSG00000028391,B7ZCH4,10090,UniProtKB unreviewed (TrEMBL),,entry_level_cross_reference_isoform_unspecified,,FRAGMENT_SEQUENCE,"[{""gene_id_versioned"": ""ENSMUSG00000028391.17"", ""isoform_id"": """", ""protein_id"": ""ENSMUSP00000120684.2"", ""transcript_id"": ""ENSMUST00000132263.8""}]",2026_03,0.1.0
ENSMUSG00000028391,B7ZCH5,10090,UniProtKB unreviewed (TrEMBL),,entry_level_cross_reference_isoform_unspecified,,FRAGMENT_SEQUENCE,"[{""gene_id_versioned"": ""ENSMUSG00000028391.17"", ""isoform_id"": """", ""protein_id"": ""ENSMUSP00000123624.2"", ""transcript_id"": ""ENSMUST00000155522.8""}]",2026_03,0.1.0
ENSMUSG00000028391,B7ZCH6,10090,UniProtKB unreviewed (TrEMBL),,entry_level_cross_reference_isoform_unspecified,,FRAGMENT_SEQUENCE,"[{""gene_id_versioned"": ""ENSMUSG00000028391.17"", ""isoform_id"": """", ""protein_id"": ""ENSMUSP00000116182.2"", ""transcript_id"": ""ENSMUST00000135811.2""}]",2026_03,0.1.0
ENSMUSG00000028391,Q9JHB4,10090,UniProtKB reviewed (Swiss-Prot),Q9JHB4-1,explicit_displayed_isoform_cross_reference,,,"[{""gene_id_versioned"": ""ENSMUSG00000028391.17"", ""isoform_id"": ""Q9JHB4-1"", ""protein_id"": ""ENSMUSP00000030087.8"", ""transcript_id"": ""ENSMUST00000030087.14""}, {""gene_id_versioned"": ""ENSMUSG00000028391.17"", ""isoform_id"": ""Q9JHB4-2"", ""protein_id"": ""ENSMUSP00000103076.2"", ""transcript_id"": ""ENSMUST00000107452.8""}, {""gene_id_versioned"": ""ENSMUSG00000028391.17"", ""isoform_id"": ""Q9JHB4-1"", ""protein_id"": ""ENSMUSP00000112719.2"", ""transcript_id"": ""ENSMUST00000120095.8""}]",2026_03,0.1.0
ENSMUSG00000037161,D3Z134,10090,UniProtKB unreviewed (TrEMBL),,entry_level_cross_reference_isoform_unspecified,,,"[{""gene_id_versioned"": ""ENSMUSG00000037161.15"", ""isoform_id"": """", ""protein_id"": ""ENSMUSP00000123126.3"", ""transcript_id"": ""ENSMUST00000141156.3""}]",2026_03,0.1.0
ENSMUSG00000037161,G3X9T4,10090,UniProtKB unreviewed (TrEMBL),,entry_level_cross_reference_isoform_unspecified,,,"[{""gene_id_versioned"": ""ENSMUSG00000037161.15"", ""isoform_id"": """", ""protein_id"": ""ENSMUSP00000103681.2"", ""transcript_id"": ""ENSMUST00000108046.8""}]",2026_03,0.1.0
ENSMUSG00000037161,Q8VI64,10090,UniProtKB reviewed (Swiss-Prot),,entry_level_cross_reference_isoform_unspecified,,,"[{""gene_id_versioned"": ""ENSMUSG00000037161.15"", ""isoform_id"": """", ""protein_id"": ""ENSMUSP00000040703.6"", ""transcript_id"": ""ENSMUST00000038154.12""}]",2026_03,0.1.0
ENSMUSG00000031775,A0A1D5RMD2,10090,UniProtKB unreviewed (TrEMBL),,entry_level_cross_reference_isoform_unspecified,,FRAGMENT_SEQUENCE,"[{""gene_id_versioned"": ""ENSMUSG00000031775.6"", ""isoform_id"": """", ""protein_id"": ""ENSMUSP00000148729.2"", ""transcript_id"": ""ENSMUST00000213043.2""}]",2026_03,0.1.0
ENSMUSG00000031775,Q9DCU2,10090,UniProtKB reviewed (Swiss-Prot),,entry_level_cross_reference_isoform_unspecified,,,"[{""gene_id_versioned"": ""ENSMUSG00000031775.6"", ""isoform_id"": """", ""protein_id"": ""ENSMUSP00000034227.5"", ""transcript_id"": ""ENSMUST00000034227.6""}]",2026_03,0.1.0
ENSMUSG00000025870,D3Z4X7,10090,UniProtKB unreviewed (TrEMBL),,entry_level_cross_reference_isoform_unspecified,,FRAGMENT_SEQUENCE,"[{""gene_id_versioned"": ""ENSMUSG00000025870.11"", ""isoform_id"": """", ""protein_id"": ""ENSMUSP00000116506.2"", ""transcript_id"": ""ENSMUST00000156024.2""}]",2026_03,0.1.0
ENSMUSG00000025870,F6ZTU1,10090,UniProtKB unreviewed (TrEMBL),,entry_level_cross_reference_isoform_unspecified,,AMBIGUOUS_OR_INVALID_SEQUENCE,"[{""gene_id_versioned"": ""ENSMUSG00000025870.11"", ""isoform_id"": """", ""protein_id"": ""ENSMUSP00000114680.2"", ""transcript_id"": ""ENSMUST00000142246.2""}]",2026_03,0.1.0
ENSMUSG00000025870,Q9QXJ4,10090,UniProtKB reviewed (Swiss-Prot),,entry_level_cross_reference_isoform_unspecified,,,"[{""gene_id_versioned"": ""ENSMUSG00000025870.11"", ""isoform_id"": """", ""protein_id"": ""ENSMUSP00000026988.5"", ""transcript_id"": ""ENSMUST00000026988.11""}]",2026_03,0.1.0
ENSMUSG00000048100,P61216,10090,UniProtKB reviewed (Swiss-Prot),,entry_level_cross_reference_isoform_unspecified,,,"[{""gene_id_versioned"": ""ENSMUSG00000048100.14"", ""isoform_id"": """", ""protein_id"": ""ENSMUSP00000121346.2"", ""transcript_id"": ""ENSMUST00000143054.2""}]",2026_03,0.1.0
ENSMUSG00000020689,O54890,10090,UniProtKB reviewed (Swiss-Prot),,entry_level_cross_reference_isoform_unspecified,,,"[{""gene_id_versioned"": ""ENSMUSG00000020689.5"", ""isoform_id"": """", ""protein_id"": ""ENSMUSP00000021028.5"", ""transcript_id"": ""ENSMUST00000021028.5""}]",2026_03,0.1.0
ENSMUSG00000006517,A0A1D5RLX3,10090,UniProtKB unreviewed (TrEMBL),,entry_level_cross_reference_isoform_unspecified,,,"[{""gene_id_versioned"": ""ENSMUSG00000006517.6"", ""isoform_id"": """", ""protein_id"": ""ENSMUSP00000148539.2"", ""transcript_id"": ""ENSMUST00000211883.2""}]",2026_03,0.1.0
ENSMUSG00000006517,Q99JF5,10090,UniProtKB reviewed (Swiss-Prot),,entry_level_cross_reference_isoform_unspecified,,,"[{""gene_id_versioned"": ""ENSMUSG00000006517.6"", ""isoform_id"": """", ""protein_id"": ""ENSMUSP00000006692.5"", ""transcript_id"": ""ENSMUST00000006692.6""}]",2026_03,0.1.0
ENSMUSG00000032469,D3YXA2,10090,UniProtKB unreviewed (TrEMBL),,entry_level_cross_reference_isoform_unspecified,,FRAGMENT_SEQUENCE,"[{""gene_id_versioned"": ""ENSMUSG00000032469.13"", ""isoform_id"": """", ""protein_id"": ""ENSMUSP00000115074.2"", ""transcript_id"": ""ENSMUST00000148987.8""}]",2026_03,0.1.0
ENSMUSG00000032469,F6S2R9,10090,UniProtKB unreviewed (TrEMBL),,entry_level_cross_reference_isoform_unspecified,,AMBIGUOUS_OR_INVALID_SEQUENCE,"[{""gene_id_versioned"": ""ENSMUSG00000032469.13"", ""isoform_id"": """", ""protein_id"": ""ENSMUSP00000119924.2"", ""transcript_id"": ""ENSMUST00000138002.2""}]",2026_03,0.1.0
ENSMUSG00000032469,F6SDN8,10090,UniProtKB unreviewed (TrEMBL),,entry_level_cross_reference_isoform_unspecified,,FRAGMENT_SEQUENCE,"[{""gene_id_versioned"": ""ENSMUSG00000032469.13"", ""isoform_id"": """", ""protein_id"": ""ENSMUSP00000115203.2"", ""transcript_id"": ""ENSMUST00000139796.8""}]",2026_03,0.1.0
ENSMUSG00000032469,F6UCV1,10090,UniProtKB unreviewed (TrEMBL),,entry_level_cross_reference_isoform_unspecified,,AMBIGUOUS_OR_INVALID_SEQUENCE,"[{""gene_id_versioned"": ""ENSMUSG00000032469.13"", ""isoform_id"": """", ""protein_id"": ""ENSMUSP00000115978.2"", ""transcript_id"": ""ENSMUST00000156035.8""}]",2026_03,0.1.0
ENSMUSG00000032469,F6ZYX6,10090,UniProtKB unreviewed (TrEMBL),,entry_level_cross_reference_isoform_unspecified,,AMBIGUOUS_OR_INVALID_SEQUENCE,"[{""gene_id_versioned"": ""ENSMUSG00000032469.13"", ""isoform_id"": """", ""protein_id"": ""ENSMUSP00000114670.2"", ""transcript_id"": ""ENSMUST00000136884.2""}]",2026_03,0.1.0
ENSMUSG00000032469,Q923B1,10090,UniProtKB reviewed (Swiss-Prot),,entry_level_cross_reference_isoform_unspecified,,,"[{""gene_id_versioned"": ""ENSMUSG00000032469.13"", ""isoform_id"": """", ""protein_id"": ""ENSMUSP00000070991.6"", ""transcript_id"": ""ENSMUST00000066650.12""}]",2026_03,0.1.0
ENSMUSG00000021815,Q9D5Z5,10090,UniProtKB reviewed (Swiss-Prot),,entry_level_cross_reference_isoform_unspecified,,,"[{""gene_id_versioned"": ""ENSMUSG00000021815.5"", ""isoform_id"": """", ""protein_id"": ""ENSMUSP00000022353.4"", ""transcript_id"": ""ENSMUST00000022353.5""}]",2026_03,0.1.0
ENSMUSG00000035000,P28843,10090,UniProtKB reviewed (Swiss-Prot),,entry_level_cross_reference_isoform_unspecified,,,"[{""gene_id_versioned"": ""ENSMUSG00000035000.9"", ""isoform_id"": """", ""protein_id"": ""ENSMUSP00000044050.8"", ""transcript_id"": ""ENSMUST00000047812.8""}]",2026_03,0.1.0
ENSMUSG00000025888,A0A571BDI1,10090,UniProtKB unreviewed (TrEMBL),,entry_level_cross_reference_isoform_unspecified,,FRAGMENT_SEQUENCE,"[{""gene_id_versioned"": ""ENSMUSG00000025888.7"", ""isoform_id"": """", ""protein_id"": ""ENSMUSP00000158737.2"", ""transcript_id"": ""ENSMUST00000238505.2""}]",2026_03,0.1.0
ENSMUSG00000025888,A0A571BF22,10090,UniProtKB unreviewed (TrEMBL),,entry_level_cross_reference_isoform_unspecified,,AMBIGUOUS_OR_INVALID_SEQUENCE,"[{""gene_id_versioned"": ""ENSMUSG00000025888.7"", ""isoform_id"": """", ""protein_id"": ""ENSMUSP00000158725.2"", ""transcript_id"": ""ENSMUST00000238730.2""}]",2026_03,0.1.0
ENSMUSG00000025888,P29452,10090,UniProtKB reviewed (Swiss-Prot),,entry_level_cross_reference_isoform_unspecified,,,"[{""gene_id_versioned"": ""ENSMUSG00000025888.7"", ""isoform_id"": """", ""protein_id"": ""ENSMUSP00000027015.6"", ""transcript_id"": ""ENSMUST00000027015.7""}]",2026_03,0.1.0
ENSMUSG00000037465,A0A2I3BPZ3,10090,UniProtKB unreviewed (TrEMBL),,entry_level_cross_reference_isoform_unspecified,,FRAGMENT_SEQUENCE,"[{""gene_id_versioned"": ""ENSMUSG00000037465.11"", ""isoform_id"": """", ""protein_id"": ""ENSMUSP00000153975.2"", ""transcript_id"": ""ENSMUST00000228732.2""}]",2026_03,0.1.0
ENSMUSG00000037465,A0A2I3BQ59,10090,UniProtKB unreviewed (TrEMBL),,entry_level_cross_reference_isoform_unspecified,,FRAGMENT_SEQUENCE,"[{""gene_id_versioned"": ""ENSMUSG00000037465.11"", ""isoform_id"": """", ""protein_id"": ""ENSMUSP00000154055.2"", ""transcript_id"": ""ENSMUST00000228772.2""}]",2026_03,0.1.0
ENSMUSG00000037465,A0A2I3BQQ2,10090,UniProtKB unreviewed (TrEMBL),,entry_level_cross_reference_isoform_unspecified,,,"[{""gene_id_versioned"": ""ENSMUSG00000037465.11"", ""isoform_id"": """", ""protein_id"": ""ENSMUSP00000154265.2"", ""transcript_id"": ""ENSMUST00000227920.2""}]",2026_03,0.1.0
ENSMUSG00000037465,A0A2I3BRQ2,10090,UniProtKB unreviewed (TrEMBL),,entry_level_cross_reference_isoform_unspecified,,FRAGMENT_SEQUENCE,"[{""gene_id_versioned"": ""ENSMUSG00000037465.11"", ""isoform_id"": """", ""protein_id"": ""ENSMUSP00000154669.2"", ""transcript_id"": ""ENSMUST00000228416.2""}]",2026_03,0.1.0
ENSMUSG00000037465,A0A2I3BRS7,10090,UniProtKB unreviewed (TrEMBL),,entry_level_cross_reference_isoform_unspecified,,,"[{""gene_id_versioned"": ""ENSMUSG00000037465.11"", ""isoform_id"": """", ""protein_id"": ""ENSMUSP00000154702.2"", ""transcript_id"": ""ENSMUST00000226363.2""}]",2026_03,0.1.0
ENSMUSG00000037465,O89091,10090,UniProtKB reviewed (Swiss-Prot),,entry_level_cross_reference_isoform_unspecified,,,"[{""gene_id_versioned"": ""ENSMUSG00000037465.11"", ""isoform_id"": """", ""protein_id"": ""ENSMUSP00000073690.6"", ""transcript_id"": ""ENSMUST00000074043.7""}]",2026_03,0.1.0
ENSMUSG00000022951,A0A338P7E2,10090,UniProtKB unreviewed (TrEMBL),,entry_level_cross_reference_isoform_unspecified,,FRAGMENT_SEQUENCE,"[{""gene_id_versioned"": ""ENSMUSG00000022951.19"", ""isoform_id"": """", ""protein_id"": ""ENSMUSP00000156351.2"", ""transcript_id"": ""ENSMUST00000231813.2""}]",2026_03,0.1.0
ENSMUSG00000022951,Q9JHG6,10090,UniProtKB reviewed (Swiss-Prot),Q9JHG6-1,explicit_displayed_isoform_cross_reference,,,"[{""gene_id_versioned"": ""ENSMUSG00000022951.19"", ""isoform_id"": ""Q9JHG6-2"", ""protein_id"": ""ENSMUSP00000023672.8"", ""transcript_id"": ""ENSMUST00000023672.10""}, {""gene_id_versioned"": ""ENSMUSG00000022951.19"", ""isoform_id"": ""Q9JHG6-1"", ""protein_id"": ""ENSMUSP00000060394.9"", ""transcript_id"": ""ENSMUST00000060005.15""}, {""gene_id_versioned"": ""ENSMUSG00000022951.19"", ""isoform_id"": ""Q9JHG6-3"", ""protein_id"": ""ENSMUSP00000156110.2"", ""transcript_id"": ""ENSMUST00000231410.2""}, {""gene_id_versioned"": ""ENSMUSG00000022951.19"", ""isoform_id"": ""Q9JHG6-3"", ""protein_id"": ""ENSMUSP00000155863.2"", ""transcript_id"": ""ENSMUST00000232197.2""}, {""gene_id_versioned"": ""ENSMUSG00000022951.19"", ""isoform_id"": ""Q9JHG6-4"", ""protein_id"": ""ENSMUSP00000156053.2"", ""transcript_id"": ""ENSMUST00000232239.2""}]",2026_03,0.1.0
ENSMUSG00000034110,A0A0J9YU06,10090,UniProtKB unreviewed (TrEMBL),,entry_level_cross_reference_isoform_unspecified,,,"[{""gene_id_versioned"": ""ENSMUSG00000034110.9"", ""isoform_id"": """", ""protein_id"": ""ENSMUSP00000143940.2"", ""transcript_id"": ""ENSMUST00000144878.3""}]",2026_03,0.1.0
ENSMUSG00000034110,F6QXA3,10090,UniProtKB unreviewed (TrEMBL),,entry_level_cross_reference_isoform_unspecified,,FRAGMENT_SEQUENCE,"[{""gene_id_versioned"": ""ENSMUSG00000034110.9"", ""isoform_id"": """", ""protein_id"": ""ENSMUSP00000121490.2"", ""transcript_id"": ""ENSMUST00000144467.2""}]",2026_03,0.1.0
ENSMUSG00000034110,Q8BJK1,10090,UniProtKB reviewed (Swiss-Prot),,entry_level_cross_reference_isoform_unspecified,,,"[{""gene_id_versioned"": ""ENSMUSG00000034110.9"", ""isoform_id"": """", ""protein_id"": ""ENSMUSP00000044568.3"", ""transcript_id"": ""ENSMUST00000040616.9""}]",2026_03,0.1.0
ENSMUSG00000058488,O35082,10090,UniProtKB reviewed (Swiss-Prot),O35082-1,explicit_displayed_isoform_cross_reference,,,"[{""gene_id_versioned"": ""ENSMUSG00000058488.8"", ""isoform_id"": ""O35082-1"", ""protein_id"": ""ENSMUSP00000077899.7"", ""transcript_id"": ""ENSMUST00000078856.8""}]",2026_03,0.1.0
ENSMUSG00000032802,A2AQU8,10090,UniProtKB unreviewed (TrEMBL),,entry_level_cross_reference_isoform_unspecified,,,"[{""gene_id_versioned"": ""ENSMUSG00000032802.9"", ""isoform_id"": """", ""protein_id"": ""ENSMUSP00000046196.8"", ""transcript_id"": ""ENSMUST00000041500.8""}]",2026_03,0.1.0
ENSMUSG00000032802,Q9D975,10090,UniProtKB reviewed (Swiss-Prot),,entry_level_cross_reference_isoform_unspecified,,,"[{""gene_id_versioned"": ""ENSMUSG00000032802.9"", ""isoform_id"": """", ""protein_id"": ""ENSMUSP00000046196.9"", ""transcript_id"": ""ENSMUST00000041500.9""}]",2026_03,0.1.0
ENSMUSG00000072640,E9PX24,10090,UniProtKB unreviewed (TrEMBL),,entry_level_cross_reference_isoform_unspecified,,FRAGMENT_SEQUENCE,"[{""gene_id_versioned"": ""ENSMUSG00000072640.12"", ""isoform_id"": """", ""protein_id"": ""ENSMUSP00000131608.2"", ""transcript_id"": ""ENSMUST00000141321.2""}]",2026_03,0.1.0
ENSMUSG00000072640,Q3UN90,10090,UniProtKB reviewed (Swiss-Prot),,entry_level_cross_reference_isoform_unspecified,,,"[{""gene_id_versioned"": ""ENSMUSG00000072640.12"", ""isoform_id"": """", ""protein_id"": ""ENSMUSP00000127853.2"", ""transcript_id"": ""ENSMUST00000147875.9""}]",2026_03,0.1.0
ENSMUSG00000022488,A0A2R8VHC4,10090,UniProtKB unreviewed (TrEMBL),,entry_level_cross_reference_isoform_unspecified,,,"[{""gene_id_versioned"": ""ENSMUSG00000022488.10"", ""isoform_id"": """", ""protein_id"": ""ENSMUSP00000154960.2"", ""transcript_id"": ""ENSMUST00000229127.2""}]",2026_03,0.1.0
ENSMUSG00000022488,Q8K1X4,10090,UniProtKB reviewed (Swiss-Prot),,entry_level_cross_reference_isoform_unspecified,,,"[{""gene_id_versioned"": ""ENSMUSG00000022488.10"", ""isoform_id"": """", ""protein_id"": ""ENSMUSP00000035400.8"", ""transcript_id"": ""ENSMUST00000047405.9""}]",2026_03,0.1.0
ENSMUSG00000033350,Q80WV3,10090,UniProtKB reviewed (Swiss-Prot),,entry_level_cross_reference_isoform_unspecified,,,"[{""gene_id_versioned"": ""ENSMUSG00000033350.8"", ""isoform_id"": """", ""protein_id"": ""ENSMUSP00000040775.7"", ""transcript_id"": ""ENSMUST00000036267.8""}]",2026_03,0.1.0
ENSMUSG00000032925,B1B1E3,10090,UniProtKB unreviewed (TrEMBL),,entry_level_cross_reference_isoform_unspecified,,FRAGMENT_SEQUENCE,"[{""gene_id_versioned"": ""ENSMUSG00000032925.17"", ""isoform_id"": """", ""protein_id"": ""ENSMUSP00000115455.2"", ""transcript_id"": ""ENSMUST00000132026.2""}]",2026_03,0.1.0
ENSMUSG00000032925,Q8VDV0,10090,UniProtKB reviewed (Swiss-Prot),Q8VDV0-1,explicit_displayed_isoform_cross_reference,,,"[{""gene_id_versioned"": ""ENSMUSG00000032925.17"", ""isoform_id"": ""Q8VDV0-1"", ""protein_id"": ""ENSMUSP00000059019.8"", ""transcript_id"": ""ENSMUST00000049681.14""}, {""gene_id_versioned"": ""ENSMUSG00000032925.17"", ""isoform_id"": ""Q8VDV0-2"", ""protein_id"": ""ENSMUSP00000121659.2"", ""transcript_id"": ""ENSMUST00000142161.8""}]",2026_03,0.1.0
ENSMUSG00000035105,A0A0R4J0H9,10090,UniProtKB unreviewed (TrEMBL),,entry_level_cross_reference_isoform_unspecified,,,"[{""gene_id_versioned"": ""ENSMUSG00000035105.6"", ""isoform_id"": """", ""protein_id"": ""ENSMUSP00000041874.4"", ""transcript_id"": ""ENSMUST00000039516.4""}]",2026_03,0.1.0
ENSMUSG00000049878,A2A7F4,10090,UniProtKB unreviewed (TrEMBL),,entry_level_cross_reference_isoform_unspecified,,,"[{""gene_id_versioned"": ""ENSMUSG00000049878.14"", ""isoform_id"": """", ""protein_id"": ""ENSMUSP00000050825.6"", ""transcript_id"": ""ENSMUST00000056635.13""}]",2026_03,0.1.0
ENSMUSG00000049878,E9Q532,10090,UniProtKB unreviewed (TrEMBL),,entry_level_cross_reference_isoform_unspecified,,,"[{""gene_id_versioned"": ""ENSMUSG00000049878.14"", ""isoform_id"": """", ""protein_id"": ""ENSMUSP00000127068.2"", ""transcript_id"": ""ENSMUST00000168615.8""}]",2026_03,0.1.0
ENSMUSG00000090394,E9Q2T4,10090,UniProtKB unreviewed (TrEMBL),,entry_level_cross_reference_isoform_unspecified,,,"[{""gene_id_versioned"": ""ENSMUSG00000090394.9"", ""isoform_id"": """", ""protein_id"": ""ENSMUSP00000137410.2"", ""transcript_id"": ""ENSMUST00000097513.4""}, {""gene_id_versioned"": ""ENSMUSG00000090394.9"", ""isoform_id"": """", ""protein_id"": ""ENSMUSP00000156718.2"", ""transcript_id"": ""ENSMUST00000163892.8""}]",2026_03,0.1.0
ENSMUSG00000001729,D3YXX3,10090,UniProtKB unreviewed (TrEMBL),,entry_level_cross_reference_isoform_unspecified,,FRAGMENT_SEQUENCE,"[{""gene_id_versioned"": ""ENSMUSG00000001729.15"", ""isoform_id"": """", ""protein_id"": ""ENSMUSP00000123689.3"", ""transcript_id"": ""ENSMUST00000144550.9""}]",2026_03,0.1.0
ENSMUSG00000001729,D3YYP9,10090,UniProtKB unreviewed (TrEMBL),,entry_level_cross_reference_isoform_unspecified,,FRAGMENT_SEQUENCE,"[{""gene_id_versioned"": ""ENSMUSG00000001729.15"", ""isoform_id"": """", ""protein_id"": ""ENSMUSP00000118190.2"", ""transcript_id"": ""ENSMUST00000130342.2""}]",2026_03,0.1.0
ENSMUSG00000001729,D3Z783,10090,UniProtKB unreviewed (TrEMBL),,entry_level_cross_reference_isoform_unspecified,,,"[{""gene_id_versioned"": ""ENSMUSG00000001729.15"", ""isoform_id"": """", ""protein_id"": ""ENSMUSP00000122222.3"", ""transcript_id"": ""ENSMUST00000128300.9""}]",2026_03,0.1.0
ENSMUSG00000001729,P31750,10090,UniProtKB reviewed (Swiss-Prot),,entry_level_cross_reference_isoform_unspecified,,,"[{""gene_id_versioned"": ""ENSMUSG00000001729.15"", ""isoform_id"": """", ""protein_id"": ""ENSMUSP00000001780.4"", ""transcript_id"": ""ENSMUST00000001780.10""}]",2026_03,0.1.0
ENSMUSG00000020089,Q9D819,10090,UniProtKB reviewed (Swiss-Prot),,entry_level_cross_reference_isoform_unspecified,,,"[{""gene_id_versioned"": ""ENSMUSG00000020089.9"", ""isoform_id"": """", ""protein_id"": ""ENSMUSP00000020286.7"", ""transcript_id"": ""ENSMUST00000020286.7""}]",2026_03,0.1.0
ENSMUSG00000026254,D3YUV9,10090,UniProtKB unreviewed (TrEMBL),,entry_level_cross_reference_isoform_unspecified,,,"[{""gene_id_versioned"": ""ENSMUSG00000026254.18"", ""isoform_id"": """", ""protein_id"": ""ENSMUSP00000053403.8"", ""transcript_id"": ""ENSMUST00000050876.14""}]",2026_03,0.1.0
ENSMUSG00000026254,D3Z729,10090,UniProtKB unreviewed (TrEMBL),,entry_level_cross_reference_isoform_unspecified,,,"[{""gene_id_versioned"": ""ENSMUSG00000026254.18"", ""isoform_id"": """", ""protein_id"": ""ENSMUSP00000108861.2"", ""transcript_id"": ""ENSMUST00000113235.8""}]",2026_03,0.1.0
ENSMUSG00000026254,D3Z730,10090,UniProtKB unreviewed (TrEMBL),,entry_level_cross_reference_isoform_unspecified,,,"[{""gene_id_versioned"": ""ENSMUSG00000026254.18"", ""isoform_id"": """", ""protein_id"": ""ENSMUSP00000108856.2"", ""transcript_id"": ""ENSMUST00000113230.8""}]",2026_03,0.1.0
ENSMUSG00000026254,F7A1N2,10090,UniProtKB unreviewed (TrEMBL),,entry_level_cross_reference_isoform_unspecified,,,"[{""gene_id_versioned"": ""ENSMUSG00000026254.18"", ""isoform_id"": """", ""protein_id"": ""ENSMUSP00000108858.2"", ""transcript_id"": ""ENSMUST00000113232.8""}]",2026_03,0.1.0
ENSMUSG00000026254,F7A1P0,10090,UniProtKB unreviewed (TrEMBL),,entry_level_cross_reference_isoform_unspecified,,,"[{""gene_id_versioned"": ""ENSMUSG00000026254.18"", ""isoform_id"": """", ""protein_id"": ""ENSMUSP00000108857.4"", ""transcript_id"": ""ENSMUST00000113231.4""}]",2026_03,0.1.0
ENSMUSG00000026254,G3X9H1,10090,UniProtKB unreviewed (TrEMBL),,entry_level_cross_reference_isoform_unspecified,,,"[{""gene_id_versioned"": ""ENSMUSG00000026254.18"", ""isoform_id"": """", ""protein_id"": ""ENSMUSP00000075699.6"", ""transcript_id"": ""ENSMUST00000076362.12""}]",2026_03,0.1.0
ENSMUSG00000026254,M0QWD1,10090,UniProtKB unreviewed (TrEMBL),,entry_level_cross_reference_isoform_unspecified,,FRAGMENT_SEQUENCE,"[{""gene_id_versioned"": ""ENSMUSG00000026254.18"", ""isoform_id"": """", ""protein_id"": ""ENSMUSP00000137771.2"", ""transcript_id"": ""ENSMUST00000123735.8""}]",2026_03,0.1.0
ENSMUSG00000026254,Q8BMB3,10090,UniProtKB reviewed (Swiss-Prot),,entry_level_cross_reference_isoform_unspecified,,,"[{""gene_id_versioned"": ""ENSMUSG00000026254.18"", ""isoform_id"": """", ""protein_id"": ""ENSMUSP00000108859.2"", ""transcript_id"": ""ENSMUST00000113233.8""}]",2026_03,0.1.0
ENSMUSG00000010554,F8WHZ7,10090,UniProtKB unreviewed (TrEMBL),,entry_level_cross_reference_isoform_unspecified,,,"[{""gene_id_versioned"": ""ENSMUSG00000010554.15"", ""isoform_id"": """", ""protein_id"": ""ENSMUSP00000090590.6"", ""transcript_id"": ""ENSMUST00000092912.12""}]",2026_03,0.1.0
ENSMUSG00000010554,Q5SW13,10090,UniProtKB unreviewed (TrEMBL),,entry_level_cross_reference_isoform_unspecified,,FRAGMENT_SEQUENCE,"[{""gene_id_versioned"": ""ENSMUSG00000010554.15"", ""isoform_id"": """", ""protein_id"": ""ENSMUSP00000122272.2"", ""transcript_id"": ""ENSMUST00000128504.2""}]",2026_03,0.1.0
ENSMUSG00000010554,Q5SW15,10090,UniProtKB unreviewed (TrEMBL),,entry_level_cross_reference_isoform_unspecified,,,"[{""gene_id_versioned"": ""ENSMUSG00000010554.15"", ""isoform_id"": """", ""protein_id"": ""ENSMUSP00000010698.7"", ""transcript_id"": ""ENSMUST00000010698.13""}]",2026_03,0.1.0
ENSMUSG00000010554,Q9CQG2,10090,UniProtKB reviewed (Swiss-Prot),Q9CQG2-1,explicit_displayed_isoform_cross_reference,,,"[{""gene_id_versioned"": ""ENSMUSG00000010554.15"", ""isoform_id"": ""Q9CQG2-1"", ""protein_id"": ""ENSMUSP00000114682.2"", ""transcript_id"": ""ENSMUST00000141755.8""}]",2026_03,0.1.0
ENSMUSG00000019122,P51670,10090,UniProtKB reviewed (Swiss-Prot),,entry_level_cross_reference_isoform_unspecified,,,"[{""gene_id_versioned"": ""ENSMUSG00000019122.9"", ""isoform_id"": """", ""protein_id"": ""ENSMUSP00000019266.6"", ""transcript_id"": ""ENSMUST00000019266.6""}]",2026_03,0.1.0
ENSMUSG00000091405,P62806,10090,UniProtKB reviewed (Swiss-Prot),,entry_level_cross_reference_isoform_unspecified,,,"[{""gene_id_versioned"": ""ENSMUSG00000091405.3"", ""isoform_id"": """", ""protein_id"": ""ENSMUSP00000129930.2"", ""transcript_id"": ""ENSMUST00000171473.3""}]",2026_03,0.1.0
ENSMUSG00000028096,D6RI66,10090,UniProtKB unreviewed (TrEMBL),,entry_level_cross_reference_isoform_unspecified,,,"[{""gene_id_versioned"": ""ENSMUSG00000028096.14"", ""isoform_id"": """", ""protein_id"": ""ENSMUSP00000116016.2"", ""transcript_id"": ""ENSMUST00000154750.2""}]",2026_03,0.1.0
ENSMUSG00000028096,Q8BS95,10090,UniProtKB reviewed (Swiss-Prot),,entry_level_cross_reference_isoform_unspecified,,,"[{""gene_id_versioned"": ""ENSMUSG00000028096.14"", ""isoform_id"": """", ""protein_id"": ""ENSMUSP00000029738.8"", ""transcript_id"": ""ENSMUST00000029738.14""}]",2026_03,0.1.0
ENSMUSG00000021252,D3YUR8,10090,UniProtKB unreviewed (TrEMBL),,entry_level_cross_reference_isoform_unspecified,,FRAGMENT_SEQUENCE,"[{""gene_id_versioned"": ""ENSMUSG00000021252.12"", ""isoform_id"": """", ""protein_id"": ""ENSMUSP00000114987.2"", ""transcript_id"": ""ENSMUST00000142331.2""}]",2026_03,0.1.0
ENSMUSG00000021252,Q9ERY9,10090,UniProtKB reviewed (Swiss-Prot),,entry_level_cross_reference_isoform_unspecified,,,"[{""gene_id_versioned"": ""ENSMUSG00000021252.12"", ""isoform_id"": """", ""protein_id"": ""ENSMUSP00000021676.6"", ""transcript_id"": ""ENSMUST00000021676.12""}]",2026_03,0.1.0
ENSMUSG00000036850,A0A0A6YXF9,10090,UniProtKB unreviewed (TrEMBL),,entry_level_cross_reference_isoform_unspecified,,FRAGMENT_SEQUENCE,"[{""gene_id_versioned"": ""ENSMUSG00000036850.5"", ""isoform_id"": """", ""protein_id"": ""ENSMUSP00000141974.2"", ""transcript_id"": ""ENSMUST00000194392.2""}]",2026_03,0.1.0
ENSMUSG00000036850,Q9CQN7,10090,UniProtKB reviewed (Swiss-Prot),,entry_level_cross_reference_isoform_unspecified,,,"[{""gene_id_versioned"": ""ENSMUSG00000036850.5"", ""isoform_id"": """", ""protein_id"": ""ENSMUSP00000043561.4"", ""transcript_id"": ""ENSMUST00000045604.4""}]",2026_03,0.1.0
ENSMUSG00000040451,A0A494BA77,10090,UniProtKB unreviewed (TrEMBL),,entry_level_cross_reference_isoform_unspecified,,,"[{""gene_id_versioned"": ""ENSMUSG00000040451.19"", ""isoform_id"": """", ""protein_id"": ""ENSMUSP00000157976.2"", ""transcript_id"": ""ENSMUST00000236410.2""}]",2026_03,0.1.0
ENSMUSG00000040451,D3YV54,10090,UniProtKB unreviewed (TrEMBL),,entry_level_cross_reference_isoform_unspecified,,FRAGMENT_SEQUENCE,"[{""gene_id_versioned"": ""ENSMUSG00000040451.19"", ""isoform_id"": """", ""protein_id"": ""ENSMUSP00000114683.2"", ""transcript_id"": ""ENSMUST00000151822.2""}]",2026_03,0.1.0
ENSMUSG00000040451,E3W996,10090,UniProtKB unreviewed (TrEMBL),,entry_level_cross_reference_isoform_unspecified,,,"[{""gene_id_versioned"": ""ENSMUSG00000040451.19"", ""isoform_id"": """", ""protein_id"": ""ENSMUSP00000115785.2"", ""transcript_id"": ""ENSMUST00000134415.2""}]",2026_03,0.1.0
ENSMUSG00000040451,Q8VCQ6,10090,UniProtKB reviewed (Swiss-Prot),Q8VCQ6-1,explicit_displayed_isoform_cross_reference,,,"[{""gene_id_versioned"": ""ENSMUSG00000040451.19"", ""isoform_id"": ""Q8VCQ6-1"", ""protein_id"": ""ENSMUSP00000097114.4"", ""transcript_id"": ""ENSMUST00000099514.10""}, {""gene_id_versioned"": ""ENSMUSG00000040451.19"", ""isoform_id"": ""Q8VCQ6-1"", ""protein_id"": ""ENSMUSP00000117336.2"", ""transcript_id"": ""ENSMUST00000142618.8""}, {""gene_id_versioned"": ""ENSMUSG00000040451.19"", ""isoform_id"": ""Q8VCQ6-1"", ""protein_id"": ""ENSMUSP00000123395.2"", ""transcript_id"": ""ENSMUST00000151289.9""}, {""gene_id_versioned"": ""ENSMUSG00000040451.19"", ""isoform_id"": ""Q8VCQ6-3"", ""protein_id"": ""ENSMUSP00000119869.2"", ""transcript_id"": ""ENSMUST00000152340.8""}]",2026_03,0.1.0
ENSMUSG00000002308,Q9Z1P5,10090,UniProtKB reviewed (Swiss-Prot),Q9Z1P5-1,explicit_displayed_isoform_cross_reference,,,"[{""gene_id_versioned"": ""ENSMUSG00000002308.17"", ""isoform_id"": ""Q9Z1P5-1"", ""protein_id"": ""ENSMUSP00000002379.9"", ""transcript_id"": ""ENSMUST00000002379.15""}, {""gene_id_versioned"": ""ENSMUSG00000002308.17"", ""isoform_id"": ""Q9Z1P5-2"", ""protein_id"": ""ENSMUSP00000084839.8"", ""transcript_id"": ""ENSMUST00000087559.8""}]",2026_03,0.1.0
ENSMUSG00000097789,A0A1B0GST9,10090,UniProtKB reviewed (Swiss-Prot),,entry_level_cross_reference_isoform_unspecified,,,"[{""gene_id_versioned"": ""ENSMUSG00000097789.3"", ""isoform_id"": """", ""protein_id"": ""ENSMUSP00000148068.2"", ""transcript_id"": ""ENSMUST00000180387.3""}]",2026_03,0.1.0
ENSMUSG00000010154,Q8K1S6,10090,UniProtKB reviewed (Swiss-Prot),Q8K1S6-1,explicit_displayed_isoform_cross_reference,,,"[{""gene_id_versioned"": ""ENSMUSG00000010154.8"", ""isoform_id"": ""Q8K1S6-1"", ""protein_id"": ""ENSMUSP00000010298.7"", ""transcript_id"": ""ENSMUST00000010298.7""}, {""gene_id_versioned"": ""ENSMUSG00000010154.8"", ""isoform_id"": ""Q8K1S6-2"", ""protein_id"": ""ENSMUSP00000148710.2"", ""transcript_id"": ""ENSMUST00000212404.2""}]",2026_03,0.1.0
ENSMUSG00000024500,A0A494B8Z0,10090,UniProtKB unreviewed (TrEMBL),,entry_level_cross_reference_isoform_unspecified,,FRAGMENT_SEQUENCE,"[{""gene_id_versioned"": ""ENSMUSG00000024500.21"", ""isoform_id"": """", ""protein_id"": ""ENSMUSP00000157412.2"", ""transcript_id"": ""ENSMUST00000236238.2""}]",2026_03,0.1.0
ENSMUSG00000024500,A0A494B941,10090,UniProtKB unreviewed (TrEMBL),,entry_level_cross_reference_isoform_unspecified,,FRAGMENT_SEQUENCE,"[{""gene_id_versioned"": ""ENSMUSG00000024500.21"", ""isoform_id"": """", ""protein_id"": ""ENSMUSP00000157434.2"", ""transcript_id"": ""ENSMUST00000153737.2""}]",2026_03,0.1.0
ENSMUSG00000024500,A0A668KLA9,10090,UniProtKB unreviewed (TrEMBL),,entry_level_cross_reference_isoform_unspecified,,,"[{""gene_id_versioned"": ""ENSMUSG00000024500.21"", ""isoform_id"": """", ""protein_id"": ""ENSMUSP00000159213.2"", ""transcript_id"": ""ENSMUST00000239360.2""}]",2026_03,0.1.0
ENSMUSG00000024500,Q6ZWR4,10090,UniProtKB reviewed (Swiss-Prot),Q6ZWR4-1,explicit_displayed_isoform_cross_reference,,,"[{""gene_id_versioned"": ""ENSMUSG00000024500.21"", ""isoform_id"": ""Q6ZWR4-2"", ""protein_id"": ""ENSMUSP00000025377.7"", ""transcript_id"": ""ENSMUST00000025377.14""}, {""gene_id_versioned"": ""ENSMUSG00000024500.21"", ""isoform_id"": ""Q6ZWR4-1"", ""protein_id"": ""ENSMUSP00000113731.2"", ""transcript_id"": ""ENSMUST00000117687.8""}, {""gene_id_versioned"": ""ENSMUSG00000024500.21"", ""isoform_id"": ""Q6ZWR4-1"", ""protein_id"": ""ENSMUSP00000113411.2"", ""transcript_id"": ""ENSMUST00000120632.2""}]",2026_03,0.1.0
ENSMUSG00000028410,B1AXX9,10090,UniProtKB unreviewed (TrEMBL),,entry_level_cross_reference_isoform_unspecified,,FRAGMENT_SEQUENCE,"[{""gene_id_versioned"": ""ENSMUSG00000028410.14"", ""isoform_id"": """", ""protein_id"": ""ENSMUSP00000121461.2"", ""transcript_id"": ""ENSMUST00000149794.2""}]",2026_03,0.1.0
ENSMUSG00000028410,B1AXY0,10090,UniProtKB unreviewed (TrEMBL),,entry_level_cross_reference_isoform_unspecified,,FRAGMENT_SEQUENCE,"[{""gene_id_versioned"": ""ENSMUSG00000028410.14"", ""isoform_id"": """", ""protein_id"": ""ENSMUSP00000116601.2"", ""transcript_id"": ""ENSMUST00000125442.8""}]",2026_03,0.1.0
ENSMUSG00000028410,B1AXY1,10090,UniProtKB unreviewed (TrEMBL),,entry_level_cross_reference_isoform_unspecified,,FRAGMENT_SEQUENCE,"[{""gene_id_versioned"": ""ENSMUSG00000028410.14"", ""isoform_id"": """", ""protein_id"": ""ENSMUSP00000118294.2"", ""transcript_id"": ""ENSMUST00000137246.8""}]",2026_03,0.1.0
ENSMUSG00000028410,P63037,10090,UniProtKB reviewed (Swiss-Prot),,entry_level_cross_reference_isoform_unspecified,,,"[{""gene_id_versioned"": ""ENSMUSG00000028410.14"", ""isoform_id"": """", ""protein_id"": ""ENSMUSP00000030118.4"", ""transcript_id"": ""ENSMUST00000030118.10""}, {""gene_id_versioned"": ""ENSMUSG00000028410.14"", ""isoform_id"": """", ""protein_id"": ""ENSMUSP00000129730.2"", ""transcript_id"": ""ENSMUST00000164233.8""}]",2026_03,0.1.0
ENSMUSG00000036833,A0A0A6YWJ6,10090,UniProtKB unreviewed (TrEMBL),,entry_level_cross_reference_isoform_unspecified,,,"[{""gene_id_versioned"": ""ENSMUSG00000036833.17"", ""isoform_id"": """", ""protein_id"": ""ENSMUSP00000141577.2"", ""transcript_id"": ""ENSMUST00000137913.8""}]",2026_03,0.1.0
ENSMUSG00000036833,A2AJ88,10090,UniProtKB reviewed (Swiss-Prot),A2AJ88-1,explicit_displayed_isoform_cross_reference,,,"[{""gene_id_versioned"": ""ENSMUSG00000036833.17"", ""isoform_id"": ""A2AJ88-1"", ""protein_id"": ""ENSMUSP00000044078.8"", ""transcript_id"": ""ENSMUST00000045295.14""}]",2026_03,0.1.0
ENSMUSG00000036833,B0R009,10090,UniProtKB unreviewed (TrEMBL),,entry_level_cross_reference_isoform_unspecified,,FRAGMENT_SEQUENCE,"[{""gene_id_versioned"": ""ENSMUSG00000036833.17"", ""isoform_id"": """", ""protein_id"": ""ENSMUSP00000117428.2"", ""transcript_id"": ""ENSMUST00000153618.8""}]",2026_03,0.1.0
ENSMUSG00000036833,B0R010,10090,UniProtKB unreviewed (TrEMBL),,entry_level_cross_reference_isoform_unspecified,,FRAGMENT_SEQUENCE,"[{""gene_id_versioned"": ""ENSMUSG00000036833.17"", ""isoform_id"": """", ""protein_id"": ""ENSMUSP00000122394.2"", ""transcript_id"": ""ENSMUST00000152777.2""}]",2026_03,0.1.0
ENSMUSG00000036833,B0R011,10090,UniProtKB unreviewed (TrEMBL),,entry_level_cross_reference_isoform_unspecified,,FRAGMENT_SEQUENCE,"[{""gene_id_versioned"": ""ENSMUSG00000036833.17"", ""isoform_id"": """", ""protein_id"": ""ENSMUSP00000117907.2"", ""transcript_id"": ""ENSMUST00000146153.2""}]",2026_03,0.1.0
ENSMUSG00000036833,F6UDU9,10090,UniProtKB unreviewed (TrEMBL),,entry_level_cross_reference_isoform_unspecified,,FRAGMENT_SEQUENCE,"[{""gene_id_versioned"": ""ENSMUSG00000036833.17"", ""isoform_id"": """", ""protein_id"": ""ENSMUSP00000115952.2"", ""transcript_id"": ""ENSMUST00000155601.2""}]",2026_03,0.1.0
ENSMUSG00000019986,A0A1L1SQE2,10090,UniProtKB unreviewed (TrEMBL),,entry_level_cross_reference_isoform_unspecified,,,"[{""gene_id_versioned"": ""ENSMUSG00000019986.18"", ""isoform_id"": """", ""protein_id"": ""ENSMUSP00000149010.2"", ""transcript_id"": ""ENSMUST00000213104.2""}]",2026_03,0.1.0
ENSMUSG00000019986,E9Q552,10090,UniProtKB unreviewed (TrEMBL),,entry_level_cross_reference_isoform_unspecified,,,"[{""gene_id_versioned"": ""ENSMUSG00000019986.18"", ""isoform_id"": """", ""protein_id"": ""ENSMUSP00000127043.3"", ""transcript_id"": ""ENSMUST00000163505.3""}]",2026_03,0.1.0
ENSMUSG00000019986,E9QP54,10090,UniProtKB unreviewed (TrEMBL),,entry_level_cross_reference_isoform_unspecified,,,"[{""gene_id_versioned"": ""ENSMUSG00000019986.18"", ""isoform_id"": """", ""protein_id"": ""ENSMUSP00000101164.5"", ""transcript_id"": ""ENSMUST00000105525.12""}]",2026_03,0.1.0
ENSMUSG00000020175,A0A1X7SB53,10090,UniProtKB unreviewed (TrEMBL),,entry_level_cross_reference_isoform_unspecified,,FRAGMENT_SEQUENCE,"[{""gene_id_versioned"": ""ENSMUSG00000020175.16"", ""isoform_id"": """", ""protein_id"": ""ENSMUSP00000020391.7"", ""transcript_id"": ""ENSMUST00000020391.13""}]",2026_03,0.1.0
ENSMUSG00000020175,D3YZ27,10090,UniProtKB unreviewed (TrEMBL),,entry_level_cross_reference_isoform_unspecified,,FRAGMENT_SEQUENCE,"[{""gene_id_versioned"": ""ENSMUSG00000020175.16"", ""isoform_id"": """", ""protein_id"": ""ENSMUSP00000118718.2"", ""transcript_id"": ""ENSMUST00000139384.9""}]",2026_03,0.1.0
ENSMUSG00000020175,Q8CAM5,10090,UniProtKB reviewed (Swiss-Prot),,entry_level_cross_reference_isoform_unspecified,,,"[{""gene_id_versioned"": ""ENSMUSG00000020175.16"", ""isoform_id"": """", ""protein_id"": ""ENSMUSP00000121693.2"", ""transcript_id"": ""ENSMUST00000146440.3""}, {""gene_id_versioned"": ""ENSMUSG00000020175.16"", ""isoform_id"": """", ""protein_id"": ""ENSMUSP00000119399.2"", ""transcript_id"": ""ENSMUST00000147802.9""}, {""gene_id_versioned"": ""ENSMUSG00000020175.16"", ""isoform_id"": """", ""protein_id"": ""ENSMUSP00000157124.2"", ""transcript_id"": ""ENSMUST00000234625.2""}]",2026_03,0.1.0
ENSMUSG00000026812,F2Z3W0,10090,UniProtKB unreviewed (TrEMBL),,entry_level_cross_reference_isoform_unspecified,,,"[{""gene_id_versioned"": ""ENSMUSG00000026812.17"", ""isoform_id"": """", ""protein_id"": ""ENSMUSP00000115380.2"", ""transcript_id"": ""ENSMUST00000156857.8""}]",2026_03,0.1.0
ENSMUSG00000026812,F2Z3X2,10090,UniProtKB unreviewed (TrEMBL),,entry_level_cross_reference_isoform_unspecified,,,"[{""gene_id_versioned"": ""ENSMUSG00000026812.17"", ""isoform_id"": """", ""protein_id"": ""ENSMUSP00000120888.2"", ""transcript_id"": ""ENSMUST00000133565.8""}]",2026_03,0.1.0
ENSMUSG00000026812,Q9EP53,10090,UniProtKB reviewed (Swiss-Prot),Q9EP53-1,explicit_displayed_isoform_cross_reference,,,"[{""gene_id_versioned"": ""ENSMUSG00000026812.17"", ""isoform_id"": ""Q9EP53-2"", ""protein_id"": ""ENSMUSP00000028155.6"", ""transcript_id"": ""ENSMUST00000028155.12""}, {""gene_id_versioned"": ""ENSMUSG00000026812.17"", ""isoform_id"": ""Q9EP53-3"", ""protein_id"": ""ENSMUSP00000109498.3"", ""transcript_id"": ""ENSMUST00000113867.9""}, {""gene_id_versioned"": ""ENSMUSG00000026812.17"", ""isoform_id"": ""Q9EP53-1"", ""protein_id"": ""ENSMUSP00000109500.2"", ""transcript_id"": ""ENSMUST00000113869.8""}, {""gene_id_versioned"": ""ENSMUSG00000026812.17"", ""isoform_id"": ""Q9EP53-2"", ""protein_id"": ""ENSMUSP00000109501.3"", ""transcript_id"": ""ENSMUST00000113870.3""}]",2026_03,0.1.0
ENSMUSG00000021270,A2A6A2,10090,UniProtKB unreviewed (TrEMBL),,entry_level_cross_reference_isoform_unspecified,,FRAGMENT_SEQUENCE,"[{""gene_id_versioned"": ""ENSMUSG00000021270.14"", ""isoform_id"": """", ""protein_id"": ""ENSMUSP00000114201.2"", ""transcript_id"": ""ENSMUST00000149189.2""}]",2026_03,0.1.0
ENSMUSG00000021270,B7ZC49,10090,UniProtKB unreviewed (TrEMBL),,entry_level_cross_reference_isoform_unspecified,,FRAGMENT_SEQUENCE,"[{""gene_id_versioned"": ""ENSMUSG00000021270.14"", ""isoform_id"": """", ""protein_id"": ""ENSMUSP00000121138.2"", ""transcript_id"": ""ENSMUST00000124156.8""}]",2026_03,0.1.0
ENSMUSG00000021270,B7ZC50,10090,UniProtKB unreviewed (TrEMBL),,entry_level_cross_reference_isoform_unspecified,,FRAGMENT_SEQUENCE,"[{""gene_id_versioned"": ""ENSMUSG00000021270.14"", ""isoform_id"": """", ""protein_id"": ""ENSMUSP00000118189.2"", ""transcript_id"": ""ENSMUST00000155242.8""}]",2026_03,0.1.0
ENSMUSG00000021270,P07901,10090,UniProtKB reviewed (Swiss-Prot),,entry_level_cross_reference_isoform_unspecified,,,"[{""gene_id_versioned"": ""ENSMUSG00000021270.14"", ""isoform_id"": """", ""protein_id"": ""ENSMUSP00000021698.7"", ""transcript_id"": ""ENSMUST00000021698.13""}, {""gene_id_versioned"": ""ENSMUSG00000021270.14"", ""isoform_id"": """", ""protein_id"": ""ENSMUSP00000091921.5"", ""transcript_id"": ""ENSMUST00000094361.11""}]",2026_03,0.1.0
ENSMUSG00000025503,A0A1B0GR11,10090,UniProtKB unreviewed (TrEMBL),,entry_level_cross_reference_isoform_unspecified,,,"[{""gene_id_versioned"": ""ENSMUSG00000025503.6"", ""isoform_id"": """", ""protein_id"": ""ENSMUSP00000147332.2"", ""transcript_id"": ""ENSMUST00000211654.2""}]",2026_03,0.1.0
ENSMUSG00000025503,Q93092,10090,UniProtKB reviewed (Swiss-Prot),Q93092-1,explicit_displayed_isoform_cross_reference,,,"[{""gene_id_versioned"": ""ENSMUSG00000025503.6"", ""isoform_id"": ""Q93092-1"", ""protein_id"": ""ENSMUSP00000026576.5"", ""transcript_id"": ""ENSMUST00000026576.5""}]",2026_03,0.1.0
ENSMUSG00000070284,Q8BTZ7,10090,UniProtKB reviewed (Swiss-Prot),,entry_level_cross_reference_isoform_unspecified,,,"[{""gene_id_versioned"": ""ENSMUSG00000070284.11"", ""isoform_id"": """", ""protein_id"": ""ENSMUSP00000036898.8"", ""transcript_id"": ""ENSMUST00000047947.9""}, {""gene_id_versioned"": ""ENSMUSG00000070284.11"", ""isoform_id"": """", ""protein_id"": ""ENSMUSP00000107914.3"", ""transcript_id"": ""ENSMUST00000112295.9""}]",2026_03,0.1.0
ENSMUSG00000005672,P05532,10090,UniProtKB reviewed (Swiss-Prot),P05532-1,explicit_displayed_isoform_cross_reference,,,"[{""gene_id_versioned"": ""ENSMUSG00000005672.13"", ""isoform_id"": ""P05532-1"", ""protein_id"": ""ENSMUSP00000005815.7"", ""transcript_id"": ""ENSMUST00000005815.7""}, {""gene_id_versioned"": ""ENSMUSG00000005672.13"", ""isoform_id"": ""P05532-2"", ""protein_id"": ""ENSMUSP00000116465.3"", ""transcript_id"": ""ENSMUST00000144270.8""}]",2026_03,0.1.0
ENSMUSG00000019312,A2A555,10090,UniProtKB unreviewed (TrEMBL),,entry_level_cross_reference_isoform_unspecified,,FRAGMENT_SEQUENCE,"[{""gene_id_versioned"": ""ENSMUSG00000019312.11"", ""isoform_id"": """", ""protein_id"": ""ENSMUSP00000119926.2"", ""transcript_id"": ""ENSMUST00000132771.8""}]",2026_03,0.1.0
ENSMUSG00000019312,Q03160,10090,UniProtKB reviewed (Swiss-Prot),,entry_level_cross_reference_isoform_unspecified,,,"[{""gene_id_versioned"": ""ENSMUSG00000019312.11"", ""isoform_id"": """", ""protein_id"": ""ENSMUSP00000019456.5"", ""transcript_id"": ""ENSMUST00000019456.5""}]",2026_03,0.1.0
ENSMUSG00000015027,A0A1D5RM18,10090,UniProtKB unreviewed (TrEMBL),,entry_level_cross_reference_isoform_unspecified,,,"[{""gene_id_versioned"": ""ENSMUSG00000015027.12"", ""isoform_id"": """", ""protein_id"": ""ENSMUSP00000148591.2"", ""transcript_id"": ""ENSMUST00000212319.2""}]",2026_03,0.1.0
ENSMUSG00000015027,Q571E4,10090,UniProtKB reviewed (Swiss-Prot),,entry_level_cross_reference_isoform_unspecified,,,"[{""gene_id_versioned"": ""ENSMUSG00000015027.12"", ""isoform_id"": """", ""protein_id"": ""ENSMUSP00000015171.10"", ""transcript_id"": ""ENSMUST00000015171.11""}]",2026_03,0.1.0
ENSMUSG00000047554,D6RDC1,10090,UniProtKB unreviewed (TrEMBL),,entry_level_cross_reference_isoform_unspecified,,,"[{""gene_id_versioned"": ""ENSMUSG00000047554.15"", ""isoform_id"": """", ""protein_id"": ""ENSMUSP00000123138.2"", ""transcript_id"": ""ENSMUST00000154831.9""}]",2026_03,0.1.0
ENSMUSG00000047554,D6RFP3,10090,UniProtKB unreviewed (TrEMBL),,entry_level_cross_reference_isoform_unspecified,,,"[{""gene_id_versioned"": ""ENSMUSG00000047554.15"", ""isoform_id"": """", ""protein_id"": ""ENSMUSP00000121078.2"", ""transcript_id"": ""ENSMUST00000135565.2""}]",2026_03,0.1.0
ENSMUSG00000047554,D6RIR0,10090,UniProtKB unreviewed (TrEMBL),,entry_level_cross_reference_isoform_unspecified,,,"[{""gene_id_versioned"": ""ENSMUSG00000047554.15"", ""isoform_id"": """", ""protein_id"": ""ENSMUSP00000119520.2"", ""transcript_id"": ""ENSMUST00000124821.9""}]",2026_03,0.1.0
ENSMUSG00000047554,Q8K1A5,10090,UniProtKB reviewed (Swiss-Prot),Q8K1A5-1,explicit_displayed_isoform_cross_reference,,,"[{""gene_id_versioned"": ""ENSMUSG00000047554.15"", ""isoform_id"": ""Q8K1A5-1"", ""protein_id"": ""ENSMUSP00000091641.6"", ""transcript_id"": ""ENSMUST00000094097.12""}, {""gene_id_versioned"": ""ENSMUSG00000047554.15"", ""isoform_id"": ""Q8K1A5-1"", ""protein_id"": ""ENSMUSP00000112574.2"", ""transcript_id"": ""ENSMUST00000118429.8""}, {""gene_id_versioned"": ""ENSMUSG00000047554.15"", ""isoform_id"": ""Q8K1A5-2"", ""protein_id"": ""ENSMUSP00000113215.2"", ""transcript_id"": ""ENSMUST00000119929.8""}]",2026_03,0.1.0
ENSMUSG00000024678,Q99N05,10090,UniProtKB reviewed (Swiss-Prot),,entry_level_cross_reference_isoform_unspecified,,,"[{""gene_id_versioned"": ""ENSMUSG00000024678.7"", ""isoform_id"": """", ""protein_id"": ""ENSMUSP00000025581.7"", ""transcript_id"": ""ENSMUST00000025581.7""}]",2026_03,0.1.0
ENSMUSG00000015829,A0A0A6YWD9,10090,UniProtKB unreviewed (TrEMBL),,entry_level_cross_reference_isoform_unspecified,,AMBIGUOUS_OR_INVALID_SEQUENCE,"[{""gene_id_versioned"": ""ENSMUSG00000015829.14"", ""isoform_id"": """", ""protein_id"": ""ENSMUSP00000141509.2"", ""transcript_id"": ""ENSMUST00000192457.2""}]",2026_03,0.1.0
ENSMUSG00000015829,A0A0A6YWY3,10090,UniProtKB unreviewed (TrEMBL),,entry_level_cross_reference_isoform_unspecified,,FRAGMENT_SEQUENCE,"[{""gene_id_versioned"": ""ENSMUSG00000015829.14"", ""isoform_id"": """", ""protein_id"": ""ENSMUSP00000141752.2"", ""transcript_id"": ""ENSMUST00000193325.2""}]",2026_03,0.1.0
ENSMUSG00000015829,Q8BYI9,10090,UniProtKB reviewed (Swiss-Prot),Q8BYI9-1,explicit_displayed_isoform_cross_reference,,,"[{""gene_id_versioned"": ""ENSMUSG00000015829.14"", ""isoform_id"": ""Q8BYI9-1"", ""protein_id"": ""ENSMUSP00000107298.4"", ""transcript_id"": ""ENSMUST00000111669.9""}, {""gene_id_versioned"": ""ENSMUSG00000015829.14"", ""isoform_id"": ""Q8BYI9-1"", ""protein_id"": ""ENSMUSP00000141553.2"", ""transcript_id"": ""ENSMUST00000192069.6""}]",2026_03,0.1.0
ENSMUSG00000050666,T1NXB5,10090,UniProtKB reviewed (Swiss-Prot),,entry_level_cross_reference_isoform_unspecified,,,"[{""gene_id_versioned"": ""ENSMUSG00000050666.15"", ""isoform_id"": """", ""protein_id"": ""ENSMUSP00000055178.6"", ""transcript_id"": ""ENSMUST00000053175.13""}]",2026_03,0.1.0
ENSMUSG00000029430,P62827,10090,UniProtKB reviewed (Swiss-Prot),,entry_level_cross_reference_isoform_unspecified,,,"[{""gene_id_versioned"": ""ENSMUSG00000029430.14"", ""isoform_id"": """", ""protein_id"": ""ENSMUSP00000031383.8"", ""transcript_id"": ""ENSMUST00000031383.14""}, {""gene_id_versioned"": ""ENSMUSG00000029430.14"", ""isoform_id"": """", ""protein_id"": ""ENSMUSP00000106975.2"", ""transcript_id"": ""ENSMUST00000111343.2""}]",2026_03,0.1.0
ENSMUSG00000020808,Q5RIU1,10090,UniProtKB unreviewed (TrEMBL),,entry_level_cross_reference_isoform_unspecified,,FRAGMENT_SEQUENCE,"[{""gene_id_versioned"": ""ENSMUSG00000020808.4"", ""isoform_id"": """", ""protein_id"": ""ENSMUSP00000119424.2"", ""transcript_id"": ""ENSMUST00000125655.2""}]",2026_03,0.1.0
ENSMUSG00000020808,Q5RIU2,10090,UniProtKB unreviewed (TrEMBL),,entry_level_cross_reference_isoform_unspecified,,FRAGMENT_SEQUENCE,"[{""gene_id_versioned"": ""ENSMUSG00000020808.4"", ""isoform_id"": """", ""protein_id"": ""ENSMUSP00000123099.2"", ""transcript_id"": ""ENSMUST00000122871.2""}]",2026_03,0.1.0
ENSMUSG00000020808,Q8BFY7,10090,UniProtKB reviewed (Swiss-Prot),Q8BFY7-1,explicit_displayed_isoform_cross_reference,,,"[{""gene_id_versioned"": ""ENSMUSG00000020808.4"", ""isoform_id"": ""Q8BFY7-1"", ""protein_id"": ""ENSMUSP00000021164.4"", ""transcript_id"": ""ENSMUST00000021164.4""}]",2026_03,0.1.0
ENSMUSG00000025473,E9Q359,10090,UniProtKB unreviewed (TrEMBL),,entry_level_cross_reference_isoform_unspecified,,FRAGMENT_SEQUENCE,"[{""gene_id_versioned"": ""ENSMUSG00000025473.17"", ""isoform_id"": """", ""protein_id"": ""ENSMUSP00000117858.2"", ""transcript_id"": ""ENSMUST00000148670.8""}]",2026_03,0.1.0
ENSMUSG00000025473,F8WHT7,10090,UniProtKB unreviewed (TrEMBL),,entry_level_cross_reference_isoform_unspecified,,,"[{""gene_id_versioned"": ""ENSMUSG00000025473.17"", ""isoform_id"": """", ""protein_id"": ""ENSMUSP00000026546.10"", ""transcript_id"": ""ENSMUST00000026546.16""}]",2026_03,0.1.0
ENSMUSG00000025473,G3UXF8,10090,UniProtKB unreviewed (TrEMBL),,entry_level_cross_reference_isoform_unspecified,,,"[{""gene_id_versioned"": ""ENSMUSG00000025473.17"", ""isoform_id"": """", ""protein_id"": ""ENSMUSP00000133673.2"", ""transcript_id"": ""ENSMUST00000173209.2""}]",2026_03,0.1.0
ENSMUSG00000025473,Q05910,10090,UniProtKB reviewed (Swiss-Prot),,entry_level_cross_reference_isoform_unspecified,,,"[{""gene_id_versioned"": ""ENSMUSG00000025473.17"", ""isoform_id"": """", ""protein_id"": ""ENSMUSP00000101684.3"", ""transcript_id"": ""ENSMUST00000106069.9""}]",2026_03,0.1.0
ENSMUSG00000032181,A0A1L1SV66,10090,UniProtKB unreviewed (TrEMBL),,entry_level_cross_reference_isoform_unspecified,,FRAGMENT_SEQUENCE,"[{""gene_id_versioned"": ""ENSMUSG00000032181.8"", ""isoform_id"": """", ""protein_id"": ""ENSMUSP00000151074.2"", ""transcript_id"": ""ENSMUST00000214244.2""}]",2026_03,0.1.0
ENSMUSG00000032181,A0A1Y7VLI5,10090,UniProtKB unreviewed (TrEMBL),,entry_level_cross_reference_isoform_unspecified,,AMBIGUOUS_OR_INVALID_SEQUENCE,"[{""gene_id_versioned"": ""ENSMUSG00000032181.8"", ""isoform_id"": """", ""protein_id"": ""ENSMUSP00000152480.2"", ""transcript_id"": ""ENSMUST00000215603.2""}]",2026_03,0.1.0
ENSMUSG00000032181,P47867,10090,UniProtKB reviewed (Swiss-Prot),P47867-1,explicit_displayed_isoform_cross_reference,,,"[{""gene_id_versioned"": ""ENSMUSG00000032181.8"", ""isoform_id"": ""P47867-1"", ""protein_id"": ""ENSMUSP00000034699.7"", ""transcript_id"": ""ENSMUST00000034699.8""}, {""gene_id_versioned"": ""ENSMUSG00000032181.8"", ""isoform_id"": ""P47867-2"", ""protein_id"": ""ENSMUSP00000149561.2"", ""transcript_id"": ""ENSMUST00000213324.2""}]",2026_03,0.1.0
ENSMUSG00000032418,A0A087WS41,10090,UniProtKB unreviewed (TrEMBL),,entry_level_cross_reference_isoform_unspecified,,,"[{""gene_id_versioned"": ""ENSMUSG00000032418.16"", ""isoform_id"": """", ""protein_id"": ""ENSMUSP00000140887.2"", ""transcript_id"": ""ENSMUST00000185374.2""}]",2026_03,0.1.0
ENSMUSG00000032418,P06801,10090,UniProtKB reviewed (Swiss-Prot),,entry_level_cross_reference_isoform_unspecified,,,"[{""gene_id_versioned"": ""ENSMUSG00000032418.16"", ""isoform_id"": """", ""protein_id"": ""ENSMUSP00000034989.9"", ""transcript_id"": ""ENSMUST00000034989.15""}]",2026_03,0.1.0
ENSMUSG00000048373,O70514,10090,UniProtKB reviewed (Swiss-Prot),,entry_level_cross_reference_isoform_unspecified,,,"[{""gene_id_versioned"": ""ENSMUSG00000048373.9"", ""isoform_id"": """", ""protein_id"": ""ENSMUSP00000056900.8"", ""transcript_id"": ""ENSMUST00000061299.9""}, {""gene_id_versioned"": ""ENSMUSG00000048373.9"", ""isoform_id"": """", ""protein_id"": ""ENSMUSP00000143011.2"", ""transcript_id"": ""ENSMUST00000199481.2""}, {""gene_id_versioned"": ""ENSMUSG00000048373.9"", ""isoform_id"": """", ""protein_id"": ""ENSMUSP00000142520.2"", ""transcript_id"": ""ENSMUST00000199894.2""}]",2026_03,0.1.0
ENSMUSG00000023232,B2KFY0,10090,UniProtKB unreviewed (TrEMBL),,entry_level_cross_reference_isoform_unspecified,,,"[{""gene_id_versioned"": ""ENSMUSG00000023232.18"", ""isoform_id"": """", ""protein_id"": ""ENSMUSP00000112535.2"", ""transcript_id"": ""ENSMUST00000122374.8""}]",2026_03,0.1.0
ENSMUSG00000023232,B2KFY1,10090,UniProtKB unreviewed (TrEMBL),,entry_level_cross_reference_isoform_unspecified,,FRAGMENT_SEQUENCE,"[{""gene_id_versioned"": ""ENSMUSG00000023232.18"", ""isoform_id"": """", ""protein_id"": ""ENSMUSP00000115198.2"", ""transcript_id"": ""ENSMUST00000146478.8""}]",2026_03,0.1.0
ENSMUSG00000023232,B2KFY2,10090,UniProtKB unreviewed (TrEMBL),,entry_level_cross_reference_isoform_unspecified,,FRAGMENT_SEQUENCE,"[{""gene_id_versioned"": ""ENSMUSG00000023232.18"", ""isoform_id"": """", ""protein_id"": ""ENSMUSP00000116586.2"", ""transcript_id"": ""ENSMUST00000154846.2""}]",2026_03,0.1.0
ENSMUSG00000023232,E9Q7Q6,10090,UniProtKB unreviewed (TrEMBL),,entry_level_cross_reference_isoform_unspecified,,,"[{""gene_id_versioned"": ""ENSMUSG00000023232.18"", ""isoform_id"": """", ""protein_id"": ""ENSMUSP00000113044.3"", ""transcript_id"": ""ENSMUST00000120126.9""}]",2026_03,0.1.0
ENSMUSG00000023232,Q8K0E7,10090,UniProtKB reviewed (Swiss-Prot),,entry_level_cross_reference_isoform_unspecified,,,"[{""gene_id_versioned"": ""ENSMUSG00000023232.18"", ""isoform_id"": """", ""protein_id"": ""ENSMUSP00000101618.2"", ""transcript_id"": ""ENSMUST00000105996.8""}]",2026_03,0.1.0
ENSMUSG00000041831,E0CYJ1,10090,UniProtKB unreviewed (TrEMBL),,entry_level_cross_reference_isoform_unspecified,,,"[{""gene_id_versioned"": ""ENSMUSG00000041831.18"", ""isoform_id"": """", ""protein_id"": ""ENSMUSP00000124146.2"", ""transcript_id"": ""ENSMUST00000159394.8""}]",2026_03,0.1.0
ENSMUSG00000041831,E9PUK9,10090,UniProtKB unreviewed (TrEMBL),,entry_level_cross_reference_isoform_unspecified,,,"[{""gene_id_versioned"": ""ENSMUSG00000041831.18"", ""isoform_id"": """", ""protein_id"": ""ENSMUSP00000123996.3"", ""transcript_id"": ""ENSMUST00000160483.9""}]",2026_03,0.1.0
ENSMUSG00000041831,E9PXV1,10090,UniProtKB unreviewed (TrEMBL),,entry_level_cross_reference_isoform_unspecified,,,"[{""gene_id_versioned"": ""ENSMUSG00000041831.18"", ""isoform_id"": """", ""protein_id"": ""ENSMUSP00000124496.2"", ""transcript_id"": ""ENSMUST00000162635.8""}]",2026_03,0.1.0
ENSMUSG00000041831,F8WHG0,10090,UniProtKB unreviewed (TrEMBL),,entry_level_cross_reference_isoform_unspecified,,,"[{""gene_id_versioned"": ""ENSMUSG00000041831.18"", ""isoform_id"": """", ""protein_id"": ""ENSMUSP00000111429.4"", ""transcript_id"": ""ENSMUST00000115763.10""}]",2026_03,0.1.0
ENSMUSG00000041831,Q99N48,10090,UniProtKB reviewed (Swiss-Prot),Q99N48-1,explicit_displayed_isoform_cross_reference,,,"[{""gene_id_versioned"": ""ENSMUSG00000041831.18"", ""isoform_id"": ""Q99N48-1"", ""protein_id"": ""ENSMUSP00000095041.3"", ""transcript_id"": ""ENSMUST00000097430.10""}]",2026_03,0.1.0
ENSMUSG00000042826,F8WJI8,10090,UniProtKB unreviewed (TrEMBL),,entry_level_cross_reference_isoform_unspecified,,,"[{""gene_id_versioned"": ""ENSMUSG00000042826.14"", ""isoform_id"": """", ""protein_id"": ""ENSMUSP00000011285.5"", ""transcript_id"": ""ENSMUST00000011285.11""}]",2026_03,0.1.0
ENSMUSG00000042826,P70378,10090,UniProtKB reviewed (Swiss-Prot),,entry_level_cross_reference_isoform_unspecified,,,"[{""gene_id_versioned"": ""ENSMUSG00000042826.14"", ""isoform_id"": """", ""protein_id"": ""ENSMUSP00000099645.2"", ""transcript_id"": ""ENSMUST00000102585.2""}]",2026_03,0.1.0
ENSMUSG00000058571,F6VZR4,10090,UniProtKB unreviewed (TrEMBL),,entry_level_cross_reference_isoform_unspecified,,,"[{""gene_id_versioned"": ""ENSMUSG00000058571.12"", ""isoform_id"": """", ""protein_id"": ""ENSMUSP00000120362.2"", ""transcript_id"": ""ENSMUST00000125435.2""}]",2026_03,0.1.0
ENSMUSG00000058571,Q9R087,10090,UniProtKB reviewed (Swiss-Prot),,entry_level_cross_reference_isoform_unspecified,,,"[{""gene_id_versioned"": ""ENSMUSG00000058571.12"", ""isoform_id"": """", ""protein_id"": ""ENSMUSP00000077893.5"", ""transcript_id"": ""ENSMUST00000078849.12""}, {""gene_id_versioned"": ""ENSMUSG00000058571.12"", ""isoform_id"": """", ""protein_id"": ""ENSMUSP00000085835.4"", ""transcript_id"": ""ENSMUST00000088483.10""}]",2026_03,0.1.0
ENSMUSG00000024143,A0A3Q4EHR0,10090,UniProtKB unreviewed (TrEMBL),,entry_level_cross_reference_isoform_unspecified,,,"[{""gene_id_versioned"": ""ENSMUSG00000024143.16"", ""isoform_id"": """", ""protein_id"": ""ENSMUSP00000157092.2"", ""transcript_id"": ""ENSMUST00000234309.2""}]",2026_03,0.1.0
ENSMUSG00000024143,D3Z3L1,10090,UniProtKB unreviewed (TrEMBL),,entry_level_cross_reference_isoform_unspecified,,FRAGMENT_SEQUENCE,"[{""gene_id_versioned"": ""ENSMUSG00000024143.16"", ""isoform_id"": """", ""protein_id"": ""ENSMUSP00000116780.2"", ""transcript_id"": ""ENSMUST00000139344.2""}]",2026_03,0.1.0
ENSMUSG00000024143,Q8R527,10090,UniProtKB reviewed (Swiss-Prot),,entry_level_cross_reference_isoform_unspecified,,,"[{""gene_id_versioned"": ""ENSMUSG00000024143.16"", ""isoform_id"": """", ""protein_id"": ""ENSMUSP00000024956.9"", ""transcript_id"": ""ENSMUST00000024956.15""}]",2026_03,0.1.0
ENSMUSG00000096472,A0A1L1SRJ2,10090,UniProtKB unreviewed (TrEMBL),,entry_level_cross_reference_isoform_unspecified,,FRAGMENT_SEQUENCE,"[{""gene_id_versioned"": ""ENSMUSG00000096472.3"", ""isoform_id"": """", ""protein_id"": ""ENSMUSP00000149499.2"", ""transcript_id"": ""ENSMUST00000213407.2""}]",2026_03,0.1.0
ENSMUSG00000096472,A0A1N9MI08,10090,UniProtKB unreviewed (TrEMBL),,entry_level_cross_reference_isoform_unspecified,,,"[{""gene_id_versioned"": ""ENSMUSG00000096472.3"", ""isoform_id"": """", ""protein_id"": ""ENSMUSP00000083561.8"", ""transcript_id"": ""ENSMUST00000086374.8""}]",2026_03,0.1.0
ENSMUSG00000096472,Q60773,10090,UniProtKB reviewed (Swiss-Prot),,entry_level_cross_reference_isoform_unspecified,,,"[{""gene_id_versioned"": ""ENSMUSG00000096472.3"", ""isoform_id"": """", ""protein_id"": ""ENSMUSP00000150701.2"", ""transcript_id"": ""ENSMUST00000215619.2""}]",2026_03,0.1.0
ENSMUSG00000023349,A0A0N4SVA9,10090,UniProtKB unreviewed (TrEMBL),,entry_level_cross_reference_isoform_unspecified,,,"[{""gene_id_versioned"": ""ENSMUSG00000023349.15"", ""isoform_id"": """", ""protein_id"": ""ENSMUSP00000145023.2"", ""transcript_id"": ""ENSMUST00000205129.2""}]",2026_03,0.1.0
ENSMUSG00000023349,D6RJL3,10090,UniProtKB unreviewed (TrEMBL),,entry_level_cross_reference_isoform_unspecified,,,"[{""gene_id_versioned"": ""ENSMUSG00000023349.15"", ""isoform_id"": """", ""protein_id"": ""ENSMUSP00000120043.2"", ""transcript_id"": ""ENSMUST00000151714.4""}]",2026_03,0.1.0
ENSMUSG00000023349,F7DEF5,10090,UniProtKB unreviewed (TrEMBL),,entry_level_cross_reference_isoform_unspecified,,,"[{""gene_id_versioned"": ""ENSMUSG00000023349.15"", ""isoform_id"": """", ""protein_id"": ""ENSMUSP00000113733.2"", ""transcript_id"": ""ENSMUST00000117130.8""}]",2026_03,0.1.0
ENSMUSG00000023349,Q9JKF4,10090,UniProtKB reviewed (Swiss-Prot),Q9JKF4-1,explicit_displayed_isoform_cross_reference,,,"[{""gene_id_versioned"": ""ENSMUSG00000023349.15"", ""isoform_id"": ""Q9JKF4-1"", ""protein_id"": ""ENSMUSP00000024118.5"", ""transcript_id"": ""ENSMUST00000024118.11""}, {""gene_id_versioned"": ""ENSMUSG00000023349.15"", ""isoform_id"": ""Q9JKF4-2"", ""protein_id"": ""ENSMUSP00000108173.3"", ""transcript_id"": ""ENSMUST00000112554.9""}]",2026_03,0.1.0
ENSMUSG00000042254,A0A0R4J0F8,10090,UniProtKB unreviewed (TrEMBL),,entry_level_cross_reference_isoform_unspecified,,,"[{""gene_id_versioned"": ""ENSMUSG00000042254.15"", ""isoform_id"": """", ""protein_id"": ""ENSMUSP00000036631.2"", ""transcript_id"": ""ENSMUST00000048762.8""}]",2026_03,0.1.0
ENSMUSG00000042254,D6RD06,10090,UniProtKB unreviewed (TrEMBL),,entry_level_cross_reference_isoform_unspecified,,,"[{""gene_id_versioned"": ""ENSMUSG00000042254.15"", ""isoform_id"": """", ""protein_id"": ""ENSMUSP00000121326.2"", ""transcript_id"": ""ENSMUST00000141382.2""}]",2026_03,0.1.0
ENSMUSG00000040711,A0A5F8MPP7,10090,UniProtKB unreviewed (TrEMBL),,entry_level_cross_reference_isoform_unspecified,,,"[{""gene_id_versioned"": ""ENSMUSG00000040711.9"", ""isoform_id"": """", ""protein_id"": ""ENSMUSP00000158896.2"", ""transcript_id"": ""ENSMUST00000239041.2""}]",2026_03,0.1.0
ENSMUSG00000040711,A2AAY5,10090,UniProtKB reviewed (Swiss-Prot),,entry_level_cross_reference_isoform_unspecified,,,"[{""gene_id_versioned"": ""ENSMUSG00000040711.9"", ""isoform_id"": """", ""protein_id"": ""ENSMUSP00000044276.6"", ""transcript_id"": ""ENSMUST00000038753.6""}]",2026_03,0.1.0
ENSMUSG00000021886,A0A0R4J0Y2,10090,UniProtKB unreviewed (TrEMBL),,entry_level_cross_reference_isoform_unspecified,,,"[{""gene_id_versioned"": ""ENSMUSG00000021886.8"", ""isoform_id"": """", ""protein_id"": ""ENSMUSP00000074581.5"", ""transcript_id"": ""ENSMUST00000075072.6""}]",2026_03,0.1.0
ENSMUSG00000029096,A0A0J9YU80,10090,UniProtKB unreviewed (TrEMBL),,entry_level_cross_reference_isoform_unspecified,,FRAGMENT_SEQUENCE,"[{""gene_id_versioned"": ""ENSMUSG00000029096.16"", ""isoform_id"": """", ""protein_id"": ""ENSMUSP00000144051.2"", ""transcript_id"": ""ENSMUST00000137935.2""}]",2026_03,0.1.0
ENSMUSG00000029096,A0A0J9YV92,10090,UniProtKB unreviewed (TrEMBL),,entry_level_cross_reference_isoform_unspecified,,FRAGMENT_SEQUENCE,"[{""gene_id_versioned"": ""ENSMUSG00000029096.16"", ""isoform_id"": """", ""protein_id"": ""ENSMUSP00000144550.2"", ""transcript_id"": ""ENSMUST00000129459.2""}]",2026_03,0.1.0
ENSMUSG00000029096,A0A0J9YVC4,10090,UniProtKB unreviewed (TrEMBL),,entry_level_cross_reference_isoform_unspecified,,FRAGMENT_SEQUENCE,"[{""gene_id_versioned"": ""ENSMUSG00000029096.16"", ""isoform_id"": """", ""protein_id"": ""ENSMUSP00000144597.2"", ""transcript_id"": ""ENSMUST00000201028.2""}]",2026_03,0.1.0
ENSMUSG00000029096,Q9D236,10090,UniProtKB reviewed (Swiss-Prot),Q9D236-3,explicit_displayed_isoform_cross_reference,,,"[{""gene_id_versioned"": ""ENSMUSG00000029096.16"", ""isoform_id"": ""Q9D236-3"", ""protein_id"": ""ENSMUSP00000084910.4"", ""transcript_id"": ""ENSMUST00000087629.10""}, {""gene_id_versioned"": ""ENSMUSG00000029096.16"", ""isoform_id"": ""Q9D236-4"", ""protein_id"": ""ENSMUSP00000109871.3"", ""transcript_id"": ""ENSMUST00000114233.3""}]",2026_03,0.1.0
ENSMUSG00000038683,Q9DCE5,10090,UniProtKB reviewed (Swiss-Prot),,entry_level_cross_reference_isoform_unspecified,,,"[{""gene_id_versioned"": ""ENSMUSG00000038683.17"", ""isoform_id"": """", ""protein_id"": ""ENSMUSP00000040846.10"", ""transcript_id"": ""ENSMUST00000046951.10""}]",2026_03,0.1.0
ENSMUSG00000031343,B1AVY2,10090,UniProtKB unreviewed (TrEMBL),,entry_level_cross_reference_isoform_unspecified,,,"[{""gene_id_versioned"": ""ENSMUSG00000031343.14"", ""isoform_id"": """", ""protein_id"": ""ENSMUSP00000110201.3"", ""transcript_id"": ""ENSMUST00000114554.3""}]",2026_03,0.1.0
ENSMUSG00000031343,P26049,10090,UniProtKB reviewed (Swiss-Prot),,entry_level_cross_reference_isoform_unspecified,,,"[{""gene_id_versioned"": ""ENSMUSG00000031343.14"", ""isoform_id"": """", ""protein_id"": ""ENSMUSP00000062638.7"", ""transcript_id"": ""ENSMUST00000055966.13""}]",2026_03,0.1.0
ENSMUSG00000021591,A0A1Y7VM65,10090,UniProtKB unreviewed (TrEMBL),,entry_level_cross_reference_isoform_unspecified,,,"[{""gene_id_versioned"": ""ENSMUSG00000021591.9"", ""isoform_id"": """", ""protein_id"": ""ENSMUSP00000152829.2"", ""transcript_id"": ""ENSMUST00000220523.2""}]",2026_03,0.1.0
ENSMUSG00000021591,Q9QUH0,10090,UniProtKB reviewed (Swiss-Prot),,entry_level_cross_reference_isoform_unspecified,,,"[{""gene_id_versioned"": ""ENSMUSG00000021591.9"", ""isoform_id"": """", ""protein_id"": ""ENSMUSP00000022082.8"", ""transcript_id"": ""ENSMUST00000022082.8""}, {""gene_id_versioned"": ""ENSMUSG00000021591.9"", ""isoform_id"": """", ""protein_id"": ""ENSMUSP00000152802.2"", ""transcript_id"": ""ENSMUST00000223120.2""}]",2026_03,0.1.0
ENSMUSG00000064284,D3Z3I7,10090,UniProtKB unreviewed (TrEMBL),,entry_level_cross_reference_isoform_unspecified,,FRAGMENT_SEQUENCE,"[{""gene_id_versioned"": ""ENSMUSG00000064284.13"", ""isoform_id"": """", ""protein_id"": ""ENSMUSP00000116823.2"", ""transcript_id"": ""ENSMUST00000154814.2""}]",2026_03,0.1.0
ENSMUSG00000064284,Q8R3A2,10090,UniProtKB reviewed (Swiss-Prot),,entry_level_cross_reference_isoform_unspecified,,,"[{""gene_id_versioned"": ""ENSMUSG00000064284.13"", ""isoform_id"": """", ""protein_id"": ""ENSMUSP00000071772.7"", ""transcript_id"": ""ENSMUST00000071876.13""}, {""gene_id_versioned"": ""ENSMUSG00000064284.13"", ""isoform_id"": """", ""protein_id"": ""ENSMUSP00000114528.2"", ""transcript_id"": ""ENSMUST00000125947.8""}, {""gene_id_versioned"": ""ENSMUSG00000064284.13"", ""isoform_id"": """", ""protein_id"": ""ENSMUSP00000121889.2"", ""transcript_id"": ""ENSMUST00000134631.8""}, {""gene_id_versioned"": ""ENSMUSG00000064284.13"", ""isoform_id"": """", ""protein_id"": ""ENSMUSP00000119728.2"", ""transcript_id"": ""ENSMUST00000144067.8""}, {""gene_id_versioned"": ""ENSMUSG00000064284.13"", ""isoform_id"": """", ""protein_id"": ""ENSMUSP00000123174.2"", ""transcript_id"": ""ENSMUST00000150995.8""}]",2026_03,0.1.0
ENSMUSG00000021832,A0A2I3BQ49,10090,UniProtKB unreviewed (TrEMBL),,entry_level_cross_reference_isoform_unspecified,,AMBIGUOUS_OR_INVALID_SEQUENCE,"[{""gene_id_versioned"": ""ENSMUSG00000021832.9"", ""isoform_id"": """", ""protein_id"": ""ENSMUSP00000153924.2"", ""transcript_id"": ""ENSMUST00000228479.2""}]",2026_03,0.1.0
ENSMUSG00000021832,A0A2I3BQ79,10090,UniProtKB unreviewed (TrEMBL),,entry_level_cross_reference_isoform_unspecified,,,"[{""gene_id_versioned"": ""ENSMUSG00000021832.9"", ""isoform_id"": """", ""protein_id"": ""ENSMUSP00000153960.2"", ""transcript_id"": ""ENSMUST00000228300.2""}]",2026_03,0.1.0
ENSMUSG00000021832,P62334,10090,UniProtKB reviewed (Swiss-Prot),,entry_level_cross_reference_isoform_unspecified,,,"[{""gene_id_versioned"": ""ENSMUSG00000021832.9"", ""isoform_id"": """", ""protein_id"": ""ENSMUSP00000022380.8"", ""transcript_id"": ""ENSMUST00000022380.9""}]",2026_03,0.1.0
ENSMUSG00000033486,A0A0A0MQ85,10090,UniProtKB unreviewed (TrEMBL),,entry_level_cross_reference_isoform_unspecified,,,"[{""gene_id_versioned"": ""ENSMUSG00000033486.15"", ""isoform_id"": """", ""protein_id"": ""ENSMUSP00000037222.5"", ""transcript_id"": ""ENSMUST00000038073.5""}]",2026_03,0.1.0
ENSMUSG00000033486,D6RCY8,10090,UniProtKB unreviewed (TrEMBL),,entry_level_cross_reference_isoform_unspecified,,,"[{""gene_id_versioned"": ""ENSMUSG00000033486.15"", ""isoform_id"": """", ""protein_id"": ""ENSMUSP00000119091.2"", ""transcript_id"": ""ENSMUST00000154604.8""}]",2026_03,0.1.0
ENSMUSG00000028672,P38060,10090,UniProtKB reviewed (Swiss-Prot),,entry_level_cross_reference_isoform_unspecified,,,"[{""gene_id_versioned"": ""ENSMUSG00000028672.14"", ""isoform_id"": """", ""protein_id"": ""ENSMUSP00000030432.8"", ""transcript_id"": ""ENSMUST00000030432.8""}]",2026_03,0.1.0
ENSMUSG00000079442,A0A0A6YVT0,10090,UniProtKB unreviewed (TrEMBL),,entry_level_cross_reference_isoform_unspecified,,AMBIGUOUS_OR_INVALID_SEQUENCE,"[{""gene_id_versioned"": ""ENSMUSG00000079442.13"", ""isoform_id"": """", ""protein_id"": ""ENSMUSP00000141249.2"", ""transcript_id"": ""ENSMUST00000146557.2""}]",2026_03,0.1.0
ENSMUSG00000079442,J3QJX9,10090,UniProtKB unreviewed (TrEMBL),,entry_level_cross_reference_isoform_unspecified,,,"[{""gene_id_versioned"": ""ENSMUSG00000079442.13"", ""isoform_id"": """", ""protein_id"": ""ENSMUSP00000099882.5"", ""transcript_id"": ""ENSMUST00000102818.11""}, {""gene_id_versioned"": ""ENSMUSG00000079442.13"", ""isoform_id"": """", ""protein_id"": ""ENSMUSP00000136093.2"", ""transcript_id"": ""ENSMUST00000179989.2""}]",2026_03,0.1.0
ENSMUSG00000006307,F6W623,10090,UniProtKB unreviewed (TrEMBL),,entry_level_cross_reference_isoform_unspecified,,AMBIGUOUS_OR_INVALID_SEQUENCE,"[{""gene_id_versioned"": ""ENSMUSG00000006307.17"", ""isoform_id"": """", ""protein_id"": ""ENSMUSP00000118486.2"", ""transcript_id"": ""ENSMUST00000131002.2""}]",2026_03,0.1.0
ENSMUSG00000006307,F8WJ40,10090,UniProtKB unreviewed (TrEMBL),,entry_level_cross_reference_isoform_unspecified,,,"[{""gene_id_versioned"": ""ENSMUSG00000006307.17"", ""isoform_id"": """", ""protein_id"": ""ENSMUSP00000006470.8"", ""transcript_id"": ""ENSMUST00000006470.14""}]",2026_03,0.1.0
ENSMUSG00000006307,O08550,10090,UniProtKB reviewed (Swiss-Prot),,entry_level_cross_reference_isoform_unspecified,,,"[{""gene_id_versioned"": ""ENSMUSG00000006307.17"", ""isoform_id"": """", ""protein_id"": ""ENSMUSP00000103789.3"", ""transcript_id"": ""ENSMUST00000108154.9""}]",2026_03,0.1.0
ENSMUSG00000063884,A0A0U1RNH5,10090,UniProtKB unreviewed (TrEMBL),,entry_level_cross_reference_isoform_unspecified,,AMBIGUOUS_OR_INVALID_SEQUENCE,"[{""gene_id_versioned"": ""ENSMUSG00000063884.7"", ""isoform_id"": """", ""protein_id"": ""ENSMUSP00000145566.2"", ""transcript_id"": ""ENSMUST00000206284.2""}]",2026_03,0.1.0
ENSMUSG00000063884,A0A0U1RP36,10090,UniProtKB unreviewed (TrEMBL),,entry_level_cross_reference_isoform_unspecified,,AMBIGUOUS_OR_INVALID_SEQUENCE,"[{""gene_id_versioned"": ""ENSMUSG00000063884.7"", ""isoform_id"": """", ""protein_id"": ""ENSMUSP00000145813.2"", ""transcript_id"": ""ENSMUST00000205556.2""}]",2026_03,0.1.0
ENSMUSG00000063884,A0A0U1RQ61,10090,UniProtKB unreviewed (TrEMBL),,entry_level_cross_reference_isoform_unspecified,,,"[{""gene_id_versioned"": ""ENSMUSG00000063884.7"", ""isoform_id"": """", ""protein_id"": ""ENSMUSP00000146260.2"", ""transcript_id"": ""ENSMUST00000206879.2""}]",2026_03,0.1.0
ENSMUSG00000063884,Q14C51,10090,UniProtKB reviewed (Swiss-Prot),,entry_level_cross_reference_isoform_unspecified,,,"[{""gene_id_versioned"": ""ENSMUSG00000063884.7"", ""isoform_id"": """", ""protein_id"": ""ENSMUSP00000080743.3"", ""transcript_id"": ""ENSMUST00000082094.5""}]",2026_03,0.1.0
ENSMUSG00000024074,A0A3Q4EBT2,10090,UniProtKB unreviewed (TrEMBL),,entry_level_cross_reference_isoform_unspecified,,AMBIGUOUS_OR_INVALID_SEQUENCE,"[{""gene_id_versioned"": ""ENSMUSG00000024074.9"", ""isoform_id"": """", ""protein_id"": ""ENSMUSP00000156992.2"", ""transcript_id"": ""ENSMUST00000234964.2""}]",2026_03,0.1.0
ENSMUSG00000024074,A0A3Q4EGH7,10090,UniProtKB unreviewed (TrEMBL),,entry_level_cross_reference_isoform_unspecified,,AMBIGUOUS_OR_INVALID_SEQUENCE,"[{""gene_id_versioned"": ""ENSMUSG00000024074.9"", ""isoform_id"": """", ""protein_id"": ""ENSMUSP00000157204.2"", ""transcript_id"": ""ENSMUST00000234059.2""}]",2026_03,0.1.0
ENSMUSG00000024074,A0A3Q4EHS8,10090,UniProtKB unreviewed (TrEMBL),,entry_level_cross_reference_isoform_unspecified,,AMBIGUOUS_OR_INVALID_SEQUENCE,"[{""gene_id_versioned"": ""ENSMUSG00000024074.9"", ""isoform_id"": """", ""protein_id"": ""ENSMUSP00000157111.2"", ""transcript_id"": ""ENSMUST00000234439.2""}]",2026_03,0.1.0
ENSMUSG00000024074,A0A3Q4EIC0,10090,UniProtKB unreviewed (TrEMBL),,entry_level_cross_reference_isoform_unspecified,,AMBIGUOUS_OR_INVALID_SEQUENCE,"[{""gene_id_versioned"": ""ENSMUSG00000024074.9"", ""isoform_id"": """", ""protein_id"": ""ENSMUSP00000157299.2"", ""transcript_id"": ""ENSMUST00000234700.2""}]",2026_03,0.1.0
ENSMUSG00000024074,A0A3Q4EID5,10090,UniProtKB unreviewed (TrEMBL),,entry_level_cross_reference_isoform_unspecified,,FRAGMENT_SEQUENCE,"[{""gene_id_versioned"": ""ENSMUSG00000024074.9"", ""isoform_id"": """", ""protein_id"": ""ENSMUSP00000157312.2"", ""transcript_id"": ""ENSMUST00000234546.2""}]",2026_03,0.1.0
ENSMUSG00000024074,Q9JLL0,10090,UniProtKB reviewed (Swiss-Prot),,entry_level_cross_reference_isoform_unspecified,,,"[{""gene_id_versioned"": ""ENSMUSG00000024074.9"", ""isoform_id"": """", ""protein_id"": ""ENSMUSP00000108117.3"", ""transcript_id"": ""ENSMUST00000112498.3""}]",2026_03,0.1.0
ENSMUSG00000024781,Q9Z0M5,10090,UniProtKB reviewed (Swiss-Prot),,entry_level_cross_reference_isoform_unspecified,,,"[{""gene_id_versioned"": ""ENSMUSG00000024781.17"", ""isoform_id"": """", ""protein_id"": ""ENSMUSP00000053270.9"", ""transcript_id"": ""ENSMUST00000049572.15""}, {""gene_id_versioned"": ""ENSMUSG00000024781.17"", ""isoform_id"": """", ""protein_id"": ""ENSMUSP00000136967.2"", ""transcript_id"": ""ENSMUST00000178114.2""}]",2026_03,0.1.0
ENSMUSG00000033847,Q64GA5,10090,UniProtKB reviewed (Swiss-Prot),Q64GA5-1,explicit_displayed_isoform_cross_reference,,,"[{""gene_id_versioned"": ""ENSMUSG00000033847.16"", ""isoform_id"": ""Q64GA5-1"", ""protein_id"": ""ENSMUSP00000043672.10"", ""transcript_id"": ""ENSMUST00000043612.10""}, {""gene_id_versioned"": ""ENSMUSG00000033847.16"", ""isoform_id"": ""Q64GA5-2"", ""protein_id"": ""ENSMUSP00000104168.3"", ""transcript_id"": ""ENSMUST00000108528.9""}, {""gene_id_versioned"": ""ENSMUSG00000033847.16"", ""isoform_id"": ""Q64GA5-2"", ""protein_id"": ""ENSMUSP00000127060.2"", ""transcript_id"": ""ENSMUST00000167232.8""}]",2026_03,0.1.0
ENSMUSG00000040950,F6QSC4,10090,UniProtKB unreviewed (TrEMBL),,entry_level_cross_reference_isoform_unspecified,,FRAGMENT_SEQUENCE,"[{""gene_id_versioned"": ""ENSMUSG00000040950.14"", ""isoform_id"": """", ""protein_id"": ""ENSMUSP00000104225.2"", ""transcript_id"": ""ENSMUST00000108584.2""}]",2026_03,0.1.0
ENSMUSG00000040950,F6W0D5,10090,UniProtKB unreviewed (TrEMBL),,entry_level_cross_reference_isoform_unspecified,,,"[{""gene_id_versioned"": ""ENSMUSG00000040950.14"", ""isoform_id"": """", ""protein_id"": ""ENSMUSP00000048568.6"", ""transcript_id"": ""ENSMUST00000041550.12""}]",2026_03,0.1.0
ENSMUSG00000040950,F6ZBH5,10090,UniProtKB unreviewed (TrEMBL),,entry_level_cross_reference_isoform_unspecified,,,"[{""gene_id_versioned"": ""ENSMUSG00000040950.14"", ""isoform_id"": """", ""protein_id"": ""ENSMUSP00000131344.2"", ""transcript_id"": ""ENSMUST00000165951.8""}]",2026_03,0.1.0
ENSMUSG00000062329,F7C8H2,10090,UniProtKB unreviewed (TrEMBL),,entry_level_cross_reference_isoform_unspecified,,,"[{""gene_id_versioned"": ""ENSMUSG00000062329.5"", ""isoform_id"": """", ""protein_id"": ""ENSMUSP00000073244.4"", ""transcript_id"": ""ENSMUST00000073554.4""}]",2026_03,0.1.0
ENSMUSG00000029452,A0A0G2JGD3,10090,UniProtKB unreviewed (TrEMBL),,entry_level_cross_reference_isoform_unspecified,,AMBIGUOUS_OR_INVALID_SEQUENCE,"[{""gene_id_versioned"": ""ENSMUSG00000029452.19"", ""isoform_id"": """", ""protein_id"": ""ENSMUSP00000143523.2"", ""transcript_id"": ""ENSMUST00000150805.8""}]",2026_03,0.1.0
ENSMUSG00000029452,A0A0J9YUN8,10090,UniProtKB unreviewed (TrEMBL),,entry_level_cross_reference_isoform_unspecified,,AMBIGUOUS_OR_INVALID_SEQUENCE,"[{""gene_id_versioned"": ""ENSMUSG00000029452.19"", ""isoform_id"": """", ""protein_id"": ""ENSMUSP00000144269.2"", ""transcript_id"": ""ENSMUST00000145729.8""}]",2026_03,0.1.0
ENSMUSG00000029452,A0A0J9YVD8,10090,UniProtKB unreviewed (TrEMBL),,entry_level_cross_reference_isoform_unspecified,,,"[{""gene_id_versioned"": ""ENSMUSG00000029452.19"", ""isoform_id"": """", ""protein_id"": ""ENSMUSP00000144614.2"", ""transcript_id"": ""ENSMUST00000111795.8""}]",2026_03,0.1.0
ENSMUSG00000029452,D3Z2K1,10090,UniProtKB unreviewed (TrEMBL),,entry_level_cross_reference_isoform_unspecified,,,"[{""gene_id_versioned"": ""ENSMUSG00000029452.19"", ""isoform_id"": """", ""protein_id"": ""ENSMUSP00000121579.4"", ""transcript_id"": ""ENSMUST00000156080.8""}]",2026_03,0.1.0
ENSMUSG00000029452,D3Z5R2,10090,UniProtKB unreviewed (TrEMBL),,entry_level_cross_reference_isoform_unspecified,,FRAGMENT_SEQUENCE,"[{""gene_id_versioned"": ""ENSMUSG00000029452.19"", ""isoform_id"": """", ""protein_id"": ""ENSMUSP00000116328.2"", ""transcript_id"": ""ENSMUST00000149966.3""}]",2026_03,0.1.0
ENSMUSG00000029452,F6SWH9,10090,UniProtKB unreviewed (TrEMBL),,entry_level_cross_reference_isoform_unspecified,,,"[{""gene_id_versioned"": ""ENSMUSG00000029452.19"", ""isoform_id"": """", ""protein_id"": ""ENSMUSP00000054232.9"", ""transcript_id"": ""ENSMUST00000060004.15""}]",2026_03,0.1.0
ENSMUSG00000029452,G3UZ41,10090,UniProtKB unreviewed (TrEMBL),,entry_level_cross_reference_isoform_unspecified,,AMBIGUOUS_OR_INVALID_SEQUENCE,"[{""gene_id_versioned"": ""ENSMUSG00000029452.19"", ""isoform_id"": """", ""protein_id"": ""ENSMUSP00000134334.3"", ""transcript_id"": ""ENSMUST00000124247.8""}]",2026_03,0.1.0
ENSMUSG00000029452,G3X901,10090,UniProtKB unreviewed (TrEMBL),,entry_level_cross_reference_isoform_unspecified,,,"[{""gene_id_versioned"": ""ENSMUSG00000029452.19"", ""isoform_id"": """", ""protein_id"": ""ENSMUSP00000031405.6"", ""transcript_id"": ""ENSMUST00000031405.12""}]",2026_03,0.1.0
ENSMUSG00000029452,G3X9M9,10090,UniProtKB unreviewed (TrEMBL),,entry_level_cross_reference_isoform_unspecified,,,"[{""gene_id_versioned"": ""ENSMUSG00000029452.19"", ""isoform_id"": """", ""protein_id"": ""ENSMUSP00000091917.5"", ""transcript_id"": ""ENSMUST00000094357.11""}]",2026_03,0.1.0
ENSMUSG00000047909,A0A0A6YWT3,10090,UniProtKB unreviewed (TrEMBL),,entry_level_cross_reference_isoform_unspecified,,FRAGMENT_SEQUENCE,"[{""gene_id_versioned"": ""ENSMUSG00000047909.12"", ""isoform_id"": """", ""protein_id"": ""ENSMUSP00000141685.2"", ""transcript_id"": ""ENSMUST00000130186.2""}]",2026_03,0.1.0
ENSMUSG00000047909,A2AS55,10090,UniProtKB reviewed (Swiss-Prot),A2AS55-1,explicit_displayed_isoform_cross_reference,,,"[{""gene_id_versioned"": ""ENSMUSG00000047909.12"", ""isoform_id"": ""A2AS55-1"", ""protein_id"": ""ENSMUSP00000052056.6"", ""transcript_id"": ""ENSMUST00000056108.12""}]",2026_03,0.1.0
ENSMUSG00000047909,D6RGL4,10090,UniProtKB unreviewed (TrEMBL),,entry_level_cross_reference_isoform_unspecified,,,"[{""gene_id_versioned"": ""ENSMUSG00000047909.12"", ""isoform_id"": """", ""protein_id"": ""ENSMUSP00000115525.2"", ""transcript_id"": ""ENSMUST00000156067.8""}]",2026_03,0.1.0
ENSMUSG00000047909,F6SD06,10090,UniProtKB unreviewed (TrEMBL),,entry_level_cross_reference_isoform_unspecified,,FRAGMENT_SEQUENCE,"[{""gene_id_versioned"": ""ENSMUSG00000047909.12"", ""isoform_id"": """", ""protein_id"": ""ENSMUSP00000115226.3"", ""transcript_id"": ""ENSMUST00000133664.8""}]",2026_03,0.1.0
ENSMUSG00000047909,F6T2W3,10090,UniProtKB unreviewed (TrEMBL),,entry_level_cross_reference_isoform_unspecified,,AMBIGUOUS_OR_INVALID_SEQUENCE,"[{""gene_id_versioned"": ""ENSMUSG00000047909.12"", ""isoform_id"": """", ""protein_id"": ""ENSMUSP00000121218.3"", ""transcript_id"": ""ENSMUST00000128774.3""}]",2026_03,0.1.0
ENSMUSG00000039770,A0A3B2W458,10090,UniProtKB unreviewed (TrEMBL),,entry_level_cross_reference_isoform_unspecified,,FRAGMENT_SEQUENCE,"[{""gene_id_versioned"": ""ENSMUSG00000039770.7"", ""isoform_id"": """", ""protein_id"": ""ENSMUSP00000156759.2"", ""transcript_id"": ""ENSMUST00000233662.2""}]",2026_03,0.1.0
ENSMUSG00000039770,A0A3B2WAX4,10090,UniProtKB unreviewed (TrEMBL),,entry_level_cross_reference_isoform_unspecified,,FRAGMENT_SEQUENCE,"[{""gene_id_versioned"": ""ENSMUSG00000039770.7"", ""isoform_id"": """", ""protein_id"": ""ENSMUSP00000156569.2"", ""transcript_id"": ""ENSMUST00000233221.2""}]",2026_03,0.1.0
ENSMUSG00000039770,P62700,10090,UniProtKB reviewed (Swiss-Prot),,entry_level_cross_reference_isoform_unspecified,,,"[{""gene_id_versioned"": ""ENSMUSG00000039770.7"", ""isoform_id"": """", ""protein_id"": ""ENSMUSP00000037764.6"", ""transcript_id"": ""ENSMUST00000045174.7""}, {""gene_id_versioned"": ""ENSMUSG00000039770.7"", ""isoform_id"": """", ""protein_id"": ""ENSMUSP00000156501.2"", ""transcript_id"": ""ENSMUST00000233210.2""}, {""gene_id_versioned"": ""ENSMUSG00000039770.7"", ""isoform_id"": """", ""protein_id"": ""ENSMUSP00000156450.2"", ""transcript_id"": ""ENSMUST00000233886.2""}]",2026_03,0.1.0
ENSMUSG00000001524,E0CXV5,10090,UniProtKB unreviewed (TrEMBL),,entry_level_cross_reference_isoform_unspecified,,FRAGMENT_SEQUENCE,"[{""gene_id_versioned"": ""ENSMUSG00000001524.15"", ""isoform_id"": """", ""protein_id"": ""ENSMUSP00000124683.2"", ""transcript_id"": ""ENSMUST00000160039.8""}]",2026_03,0.1.0
ENSMUSG00000001524,E0CY64,10090,UniProtKB unreviewed (TrEMBL),,entry_level_cross_reference_isoform_unspecified,,,"[{""gene_id_versioned"": ""ENSMUSG00000001524.15"", ""isoform_id"": """", ""protein_id"": ""ENSMUSP00000124458.3"", ""transcript_id"": ""ENSMUST00000160752.9""}]",2026_03,0.1.0
ENSMUSG00000001524,E0CYK8,10090,UniProtKB unreviewed (TrEMBL),,entry_level_cross_reference_isoform_unspecified,,FRAGMENT_SEQUENCE,"[{""gene_id_versioned"": ""ENSMUSG00000001524.15"", ""isoform_id"": """", ""protein_id"": ""ENSMUSP00000124103.2"", ""transcript_id"": ""ENSMUST00000162266.8""}]",2026_03,0.1.0
ENSMUSG00000001524,E0CYM3,10090,UniProtKB unreviewed (TrEMBL),,entry_level_cross_reference_isoform_unspecified,,FRAGMENT_SEQUENCE,"[{""gene_id_versioned"": ""ENSMUSG00000001524.15"", ""isoform_id"": """", ""protein_id"": ""ENSMUSP00000124060.2"", ""transcript_id"": ""ENSMUST00000159852.2""}]",2026_03,0.1.0
ENSMUSG00000001524,O70422,10090,UniProtKB reviewed (Swiss-Prot),,entry_level_cross_reference_isoform_unspecified,,,"[{""gene_id_versioned"": ""ENSMUSG00000001524.15"", ""isoform_id"": """", ""protein_id"": ""ENSMUSP00000001565.9"", ""transcript_id"": ""ENSMUST00000001565.15""}, {""gene_id_versioned"": ""ENSMUSG00000001524.15"", ""isoform_id"": """", ""protein_id"": ""ENSMUSP00000124335.2"", ""transcript_id"": ""ENSMUST00000160734.8""}]",2026_03,0.1.0
ENSMUSG00000004948,F6VD35,10090,UniProtKB unreviewed (TrEMBL),,entry_level_cross_reference_isoform_unspecified,,AMBIGUOUS_OR_INVALID_SEQUENCE,"[{""gene_id_versioned"": ""ENSMUSG00000004948.13"", ""isoform_id"": """", ""protein_id"": ""ENSMUSP00000120447.2"", ""transcript_id"": ""ENSMUST00000131563.2""}]",2026_03,0.1.0
ENSMUSG00000004948,P10761,10090,UniProtKB reviewed (Swiss-Prot),,entry_level_cross_reference_isoform_unspecified,,,"[{""gene_id_versioned"": ""ENSMUSG00000004948.13"", ""isoform_id"": """", ""protein_id"": ""ENSMUSP00000005073.7"", ""transcript_id"": ""ENSMUST00000005073.13""}]",2026_03,0.1.0
ENSMUSG00000026709,Q8BIP0,10090,UniProtKB reviewed (Swiss-Prot),,entry_level_cross_reference_isoform_unspecified,,,"[{""gene_id_versioned"": ""ENSMUSG00000026709.11"", ""isoform_id"": """", ""protein_id"": ""ENSMUSP00000041851.4"", ""transcript_id"": ""ENSMUST00000035430.4""}]",2026_03,0.1.0
ENSMUSG00000029491,P23440,10090,UniProtKB reviewed (Swiss-Prot),P23440-1,explicit_displayed_isoform_cross_reference,,,"[{""gene_id_versioned"": ""ENSMUSG00000029491.8"", ""isoform_id"": ""P23440-1"", ""protein_id"": ""ENSMUSP00000031456.8"", ""transcript_id"": ""ENSMUST00000031456.8""}]",2026_03,0.1.0
ENSMUSG00000033720,D3YXH5,10090,UniProtKB unreviewed (TrEMBL),,entry_level_cross_reference_isoform_unspecified,,,"[{""gene_id_versioned"": ""ENSMUSG00000033720.13"", ""isoform_id"": """", ""protein_id"": ""ENSMUSP00000109418.2"", ""transcript_id"": ""ENSMUST00000113788.2""}]",2026_03,0.1.0
ENSMUSG00000033720,D3YXH6,10090,UniProtKB unreviewed (TrEMBL),,entry_level_cross_reference_isoform_unspecified,,,"[{""gene_id_versioned"": ""ENSMUSG00000033720.13"", ""isoform_id"": """", ""protein_id"": ""ENSMUSP00000109417.2"", ""transcript_id"": ""ENSMUST00000113787.2""}]",2026_03,0.1.0
ENSMUSG00000033720,F6TWW1,10090,UniProtKB unreviewed (TrEMBL),,entry_level_cross_reference_isoform_unspecified,,,"[{""gene_id_versioned"": ""ENSMUSG00000033720.13"", ""isoform_id"": """", ""protein_id"": ""ENSMUSP00000054648.7"", ""transcript_id"": ""ENSMUST00000059034.13""}]",2026_03,0.1.0
ENSMUSG00000033720,Q925N0,10090,UniProtKB reviewed (Swiss-Prot),,entry_level_cross_reference_isoform_unspecified,,,"[{""gene_id_versioned"": ""ENSMUSG00000033720.13"", ""isoform_id"": """", ""protein_id"": ""ENSMUSP00000041872.6"", ""transcript_id"": ""ENSMUST00000045846.12""}]",2026_03,0.1.0
ENSMUSG00000039457,G5E898,10090,UniProtKB unreviewed (TrEMBL),,entry_level_cross_reference_isoform_unspecified,,,"[{""gene_id_versioned"": ""ENSMUSG00000039457.5"", ""isoform_id"": """", ""protein_id"": ""ENSMUSP00000039360.4"", ""transcript_id"": ""ENSMUST00000035672.5""}]",2026_03,0.1.0
ENSMUSG00000068566,A0A0N4SW94,10090,UniProtKB unreviewed (TrEMBL),,entry_level_cross_reference_isoform_unspecified,,FRAGMENT_SEQUENCE,"[{""gene_id_versioned"": ""ENSMUSG00000068566.14"", ""isoform_id"": """", ""protein_id"": ""ENSMUSP00000145426.2"", ""transcript_id"": ""ENSMUST00000204541.2""}]",2026_03,0.1.0
ENSMUSG00000068566,O35682,10090,UniProtKB reviewed (Swiss-Prot),,entry_level_cross_reference_isoform_unspecified,,,"[{""gene_id_versioned"": ""ENSMUSG00000068566.14"", ""isoform_id"": """", ""protein_id"": ""ENSMUSP00000094505.6"", ""transcript_id"": ""ENSMUST00000096744.8""}, {""gene_id_versioned"": ""ENSMUSG00000068566.14"", ""isoform_id"": """", ""protein_id"": ""ENSMUSP00000131318.2"", ""transcript_id"": ""ENSMUST00000164553.8""}, {""gene_id_versioned"": ""ENSMUSG00000068566.14"", ""isoform_id"": """", ""protein_id"": ""ENSMUSP00000144984.2"", ""transcript_id"": ""ENSMUST00000203328.4""}, {""gene_id_versioned"": ""ENSMUSG00000068566.14"", ""isoform_id"": """", ""protein_id"": ""ENSMUSP00000145120.2"", ""transcript_id"": ""ENSMUST00000203566.3""}]",2026_03,0.1.0
ENSMUSG00000009654,Q8R4V5,10090,UniProtKB reviewed (Swiss-Prot),Q8R4V5-1,explicit_displayed_isoform_cross_reference,,,"[{""gene_id_versioned"": ""ENSMUSG00000009654.5"", ""isoform_id"": ""Q8R4V5-1"", ""protein_id"": ""ENSMUSP00000009798.5"", ""transcript_id"": ""ENSMUST00000009798.5""}]",2026_03,0.1.0
ENSMUSG00000019823,D3Z5P6,10090,UniProtKB unreviewed (TrEMBL),,entry_level_cross_reference_isoform_unspecified,,FRAGMENT_SEQUENCE,"[{""gene_id_versioned"": ""ENSMUSG00000019823.18"", ""isoform_id"": """", ""protein_id"": ""ENSMUSP00000116386.2"", ""transcript_id"": ""ENSMUST00000151486.2""}]",2026_03,0.1.0
ENSMUSG00000019823,E9PUI4,10090,UniProtKB unreviewed (TrEMBL),,entry_level_cross_reference_isoform_unspecified,,,"[{""gene_id_versioned"": ""ENSMUSG00000019823.18"", ""isoform_id"": """", ""protein_id"": ""ENSMUSP00000114969.2"", ""transcript_id"": ""ENSMUST00000126436.2""}]",2026_03,0.1.0
ENSMUSG00000019823,Q8VDP3,10090,UniProtKB reviewed (Swiss-Prot),Q8VDP3-1,explicit_displayed_isoform_cross_reference,,,"[{""gene_id_versioned"": ""ENSMUSG00000019823.18"", ""isoform_id"": ""Q8VDP3-1"", ""protein_id"": ""ENSMUSP00000019967.10"", ""transcript_id"": ""ENSMUST00000019967.16""}, {""gene_id_versioned"": ""ENSMUSG00000019823.18"", ""isoform_id"": ""Q8VDP3-2"", ""protein_id"": ""ENSMUSP00000097519.5"", ""transcript_id"": ""ENSMUST00000099934.11""}, {""gene_id_versioned"": ""ENSMUSG00000019823.18"", ""isoform_id"": ""Q8VDP3-3"", ""protein_id"": ""ENSMUSP00000113783.2"", ""transcript_id"": ""ENSMUST00000119962.8""}]",2026_03,0.1.0
ENSMUSG00000022754,A0A338P6Q2,10090,UniProtKB unreviewed (TrEMBL),,entry_level_cross_reference_isoform_unspecified,,FRAGMENT_SEQUENCE,"[{""gene_id_versioned"": ""ENSMUSG00000022754.7"", ""isoform_id"": """", ""protein_id"": ""ENSMUSP00000155931.2"", ""transcript_id"": ""ENSMUST00000232373.2""}]",2026_03,0.1.0
ENSMUSG00000022754,A9C432,10090,UniProtKB unreviewed (TrEMBL),,entry_level_cross_reference_isoform_unspecified,,FRAGMENT_SEQUENCE,"[{""gene_id_versioned"": ""ENSMUSG00000022754.7"", ""isoform_id"": """", ""protein_id"": ""ENSMUSP00000116978.2"", ""transcript_id"": ""ENSMUST00000135672.2""}]",2026_03,0.1.0
ENSMUSG00000022754,F7A1J5,10090,UniProtKB unreviewed (TrEMBL),,entry_level_cross_reference_isoform_unspecified,,,"[{""gene_id_versioned"": ""ENSMUSG00000022754.7"", ""isoform_id"": """", ""protein_id"": ""ENSMUSP00000023435.6"", ""transcript_id"": ""ENSMUST00000023435.6""}]",2026_03,0.1.0
ENSMUSG00000029212,A0A0G2JGS8,10090,UniProtKB unreviewed (TrEMBL),,entry_level_cross_reference_isoform_unspecified,,FRAGMENT_SEQUENCE,"[{""gene_id_versioned"": ""ENSMUSG00000029212.12"", ""isoform_id"": """", ""protein_id"": ""ENSMUSP00000143682.2"", ""transcript_id"": ""ENSMUST00000199967.5""}]",2026_03,0.1.0
ENSMUSG00000029212,P50571,10090,UniProtKB reviewed (Swiss-Prot),,entry_level_cross_reference_isoform_unspecified,,,"[{""gene_id_versioned"": ""ENSMUSG00000029212.12"", ""isoform_id"": """", ""protein_id"": ""ENSMUSP00000031122.8"", ""transcript_id"": ""ENSMUST00000031122.9""}]",2026_03,0.1.0
ENSMUSG00000062593,A0A1W2P7X1,10090,UniProtKB unreviewed (TrEMBL),,entry_level_cross_reference_isoform_unspecified,,,"[{""gene_id_versioned"": ""ENSMUSG00000062593.18"", ""isoform_id"": """", ""protein_id"": ""ENSMUSP00000151827.2"", ""transcript_id"": ""ENSMUST00000218123.2""}]",2026_03,0.1.0
ENSMUSG00000062593,Q64281,10090,UniProtKB reviewed (Swiss-Prot),Q64281-1,explicit_displayed_isoform_cross_reference,,,"[{""gene_id_versioned"": ""ENSMUSG00000062593.18"", ""isoform_id"": ""Q64281-2"", ""protein_id"": ""ENSMUSP00000151978.2"", ""transcript_id"": ""ENSMUST00000217706.2""}, {""gene_id_versioned"": ""ENSMUSG00000062593.18"", ""isoform_id"": ""Q64281-1"", ""protein_id"": ""ENSMUSP00000151486.2"", ""transcript_id"": ""ENSMUST00000219696.2""}]",2026_03,0.1.0
ENSMUSG00000000739,D3Z6D1,10090,UniProtKB unreviewed (TrEMBL),,entry_level_cross_reference_isoform_unspecified,,FRAGMENT_SEQUENCE,"[{""gene_id_versioned"": ""ENSMUSG00000000739.15"", ""isoform_id"": """", ""protein_id"": ""ENSMUSP00000122415.2"", ""transcript_id"": ""ENSMUST00000137998.2""}]",2026_03,0.1.0
ENSMUSG00000000739,D6RH78,10090,UniProtKB unreviewed (TrEMBL),,entry_level_cross_reference_isoform_unspecified,,,"[{""gene_id_versioned"": ""ENSMUSG00000000739.15"", ""isoform_id"": """", ""protein_id"": ""ENSMUSP00000116815.2"", ""transcript_id"": ""ENSMUST00000146007.2""}]",2026_03,0.1.0
ENSMUSG00000000739,F6UQ86,10090,UniProtKB unreviewed (TrEMBL),,entry_level_cross_reference_isoform_unspecified,,,"[{""gene_id_versioned"": ""ENSMUSG00000000739.15"", ""isoform_id"": """", ""protein_id"": ""ENSMUSP00000000755.8"", ""transcript_id"": ""ENSMUST00000000755.15""}]",2026_03,0.1.0
ENSMUSG00000000739,F6WA20,10090,UniProtKB unreviewed (TrEMBL),,entry_level_cross_reference_isoform_unspecified,,,"[{""gene_id_versioned"": ""ENSMUSG00000000739.15"", ""isoform_id"": """", ""protein_id"": ""ENSMUSP00000123501.2"", ""transcript_id"": ""ENSMUST00000122819.8""}]",2026_03,0.1.0
ENSMUSG00000020241,D3Z7D5,10090,UniProtKB unreviewed (TrEMBL),,entry_level_cross_reference_isoform_unspecified,,,"[{""gene_id_versioned"": ""ENSMUSG00000020241.14"", ""isoform_id"": """", ""protein_id"": ""ENSMUSP00000101053.2"", ""transcript_id"": ""ENSMUST00000105413.8""}]",2026_03,0.1.0
ENSMUSG00000020241,Q02788,10090,UniProtKB reviewed (Swiss-Prot),,entry_level_cross_reference_isoform_unspecified,,,"[{""gene_id_versioned"": ""ENSMUSG00000020241.14"", ""isoform_id"": """", ""protein_id"": ""ENSMUSP00000001181.7"", ""transcript_id"": ""ENSMUST00000001181.13""}]",2026_03,0.1.0
ENSMUSG00000028843,I7HPY0,10090,UniProtKB unreviewed (TrEMBL),,entry_level_cross_reference_isoform_unspecified,,,"[{""gene_id_versioned"": ""ENSMUSG00000028843.9"", ""isoform_id"": """", ""protein_id"": ""ENSMUSP00000101505.2"", ""transcript_id"": ""ENSMUST00000105879.2""}]",2026_03,0.1.0
ENSMUSG00000028843,Q91VW3,10090,UniProtKB reviewed (Swiss-Prot),,entry_level_cross_reference_isoform_unspecified,,,"[{""gene_id_versioned"": ""ENSMUSG00000028843.9"", ""isoform_id"": """", ""protein_id"": ""ENSMUSP00000030651.9"", ""transcript_id"": ""ENSMUST00000030651.9""}]",2026_03,0.1.0
ENSMUSG00000042303,A0A2R8VHP0,10090,UniProtKB unreviewed (TrEMBL),,entry_level_cross_reference_isoform_unspecified,,FRAGMENT_SEQUENCE,"[{""gene_id_versioned"": ""ENSMUSG00000042303.20"", ""isoform_id"": """", ""protein_id"": ""ENSMUSP00000155256.2"", ""transcript_id"": ""ENSMUST00000228971.2""}]",2026_03,0.1.0
ENSMUSG00000042303,A0A2R8VHZ5,10090,UniProtKB unreviewed (TrEMBL),,entry_level_cross_reference_isoform_unspecified,,,"[{""gene_id_versioned"": ""ENSMUSG00000042303.20"", ""isoform_id"": """", ""protein_id"": ""ENSMUSP00000155595.2"", ""transcript_id"": ""ENSMUST00000137004.2""}]",2026_03,0.1.0
ENSMUSG00000042303,A0A2R8VI58,10090,UniProtKB unreviewed (TrEMBL),,entry_level_cross_reference_isoform_unspecified,,FRAGMENT_SEQUENCE,"[{""gene_id_versioned"": ""ENSMUSG00000042303.20"", ""isoform_id"": """", ""protein_id"": ""ENSMUSP00000155753.2"", ""transcript_id"": ""ENSMUST00000229727.2""}]",2026_03,0.1.0
ENSMUSG00000042303,A0A2R8VI76,10090,UniProtKB unreviewed (TrEMBL),,entry_level_cross_reference_isoform_unspecified,,AMBIGUOUS_OR_INVALID_SEQUENCE,"[{""gene_id_versioned"": ""ENSMUSG00000042303.20"", ""isoform_id"": """", ""protein_id"": ""ENSMUSP00000155794.2"", ""transcript_id"": ""ENSMUST00000124845.9""}]",2026_03,0.1.0
ENSMUSG00000042303,D3Z190,10090,UniProtKB unreviewed (TrEMBL),,entry_level_cross_reference_isoform_unspecified,,FRAGMENT_SEQUENCE,"[{""gene_id_versioned"": ""ENSMUSG00000042303.20"", ""isoform_id"": """", ""protein_id"": ""ENSMUSP00000122110.2"", ""transcript_id"": ""ENSMUST00000137255.3""}]",2026_03,0.1.0
ENSMUSG00000042303,D6RFR6,10090,UniProtKB unreviewed (TrEMBL),,entry_level_cross_reference_isoform_unspecified,,,"[{""gene_id_versioned"": ""ENSMUSG00000042303.20"", ""isoform_id"": """", ""protein_id"": ""ENSMUSP00000115920.2"", ""transcript_id"": ""ENSMUST00000143147.8""}]",2026_03,0.1.0
ENSMUSG00000042303,F6VZH1,10090,UniProtKB unreviewed (TrEMBL),,entry_level_cross_reference_isoform_unspecified,,AMBIGUOUS_OR_INVALID_SEQUENCE,"[{""gene_id_versioned"": ""ENSMUSG00000042303.20"", ""isoform_id"": """", ""protein_id"": ""ENSMUSP00000118050.2"", ""transcript_id"": ""ENSMUST00000154904.3""}]",2026_03,0.1.0
ENSMUSG00000042303,Q8VCZ6,10090,UniProtKB reviewed (Swiss-Prot),,entry_level_cross_reference_isoform_unspecified,,,"[{""gene_id_versioned"": ""ENSMUSG00000042303.20"", ""isoform_id"": """", ""protein_id"": ""ENSMUSP00000122543.2"", ""transcript_id"": ""ENSMUST00000139517.9""}]",2026_03,0.1.0
ENSMUSG00000033208,P50114,10090,UniProtKB reviewed (Swiss-Prot),,entry_level_cross_reference_isoform_unspecified,,,"[{""gene_id_versioned"": ""ENSMUSG00000033208.8"", ""isoform_id"": """", ""protein_id"": ""ENSMUSP00000047968.8"", ""transcript_id"": ""ENSMUST00000036387.8""}]",2026_03,0.1.0
ENSMUSG00000051504,D6RFU8,10090,UniProtKB unreviewed (TrEMBL),,entry_level_cross_reference_isoform_unspecified,,,"[{""gene_id_versioned"": ""ENSMUSG00000051504.19"", ""isoform_id"": """", ""protein_id"": ""ENSMUSP00000122697.2"", ""transcript_id"": ""ENSMUST00000154933.2""}]",2026_03,0.1.0
ENSMUSG00000051504,F6Q528,10090,UniProtKB unreviewed (TrEMBL),,entry_level_cross_reference_isoform_unspecified,,,"[{""gene_id_versioned"": ""ENSMUSG00000051504.19"", ""isoform_id"": """", ""protein_id"": ""ENSMUSP00000130632.3"", ""transcript_id"": ""ENSMUST00000165045.9""}]",2026_03,0.1.0
ENSMUSG00000051504,F7BBK3,10090,UniProtKB unreviewed (TrEMBL),,entry_level_cross_reference_isoform_unspecified,,,"[{""gene_id_versioned"": ""ENSMUSG00000051504.19"", ""isoform_id"": """", ""protein_id"": ""ENSMUSP00000058875.9"", ""transcript_id"": ""ENSMUST00000060416.15""}, {""gene_id_versioned"": ""ENSMUSG00000051504.19"", ""isoform_id"": """", ""protein_id"": ""ENSMUSP00000130943.2"", ""transcript_id"": ""ENSMUST00000171077.8""}]",2026_03,0.1.0
ENSMUSG00000051504,G3UYB4,10090,UniProtKB unreviewed (TrEMBL),,entry_level_cross_reference_isoform_unspecified,,,"[{""gene_id_versioned"": ""ENSMUSG00000051504.19"", ""isoform_id"": """", ""protein_id"": ""ENSMUSP00000134017.2"", ""transcript_id"": ""ENSMUST00000172988.8""}]",2026_03,0.1.0
ENSMUSG00000051504,G3V017,10090,UniProtKB unreviewed (TrEMBL),,entry_level_cross_reference_isoform_unspecified,,,"[{""gene_id_versioned"": ""ENSMUSG00000051504.19"", ""isoform_id"": """", ""protein_id"": ""ENSMUSP00000113665.2"", ""transcript_id"": ""ENSMUST00000121492.8""}, {""gene_id_versioned"": ""ENSMUSG00000051504.19"", ""isoform_id"": """", ""protein_id"": ""ENSMUSP00000134721.2"", ""transcript_id"": ""ENSMUST00000173835.2""}]",2026_03,0.1.0
ENSMUSG00000051504,G3X9N0,10090,UniProtKB unreviewed (TrEMBL),,entry_level_cross_reference_isoform_unspecified,,,"[{""gene_id_versioned"": ""ENSMUSG00000051504.19"", ""isoform_id"": """", ""protein_id"": ""ENSMUSP00000091920.7"", ""transcript_id"": ""ENSMUST00000094360.13""}]",2026_03,0.1.0
ENSMUSG00000010721,A0A0G2JF18,10090,UniProtKB unreviewed (TrEMBL),,entry_level_cross_reference_isoform_unspecified,,AMBIGUOUS_OR_INVALID_SEQUENCE,"[{""gene_id_versioned"": ""ENSMUSG00000010721.16"", ""isoform_id"": """", ""protein_id"": ""ENSMUSP00000142987.2"", ""transcript_id"": ""ENSMUST00000200149.2""}]",2026_03,0.1.0
ENSMUSG00000010721,A0A0G2JFU9,10090,UniProtKB unreviewed (TrEMBL),,entry_level_cross_reference_isoform_unspecified,,,"[{""gene_id_versioned"": ""ENSMUSG00000010721.16"", ""isoform_id"": """", ""protein_id"": ""ENSMUSP00000143316.2"", ""transcript_id"": ""ENSMUST00000200564.5""}]",2026_03,0.1.0
ENSMUSG00000010721,A0A0G2JFX9,10090,UniProtKB unreviewed (TrEMBL),,entry_level_cross_reference_isoform_unspecified,,,"[{""gene_id_versioned"": ""ENSMUSG00000010721.16"", ""isoform_id"": """", ""protein_id"": ""ENSMUSP00000143348.2"", ""transcript_id"": ""ENSMUST00000196321.5""}]",2026_03,0.1.0
ENSMUSG00000010721,J3QM78,10090,UniProtKB unreviewed (TrEMBL),,entry_level_cross_reference_isoform_unspecified,,,"[{""gene_id_versioned"": ""ENSMUSG00000010721.16"", ""isoform_id"": """", ""protein_id"": ""ENSMUSP00000136160.2"", ""transcript_id"": ""ENSMUST00000179191.6""}]",2026_03,0.1.0
ENSMUSG00000010721,Q9JIT0,10090,UniProtKB reviewed (Swiss-Prot),Q9JIT0-1,explicit_displayed_isoform_cross_reference,,,"[{""gene_id_versioned"": ""ENSMUSG00000010721.16"", ""isoform_id"": ""Q9JIT0-1"", ""protein_id"": ""ENSMUSP00000058405.5"", ""transcript_id"": ""ENSMUST00000055195.11""}, {""gene_id_versioned"": ""ENSMUSG00000010721.16"", ""isoform_id"": ""Q9JIT0-3"", ""protein_id"": ""ENSMUSP00000142755.2"", ""transcript_id"": ""ENSMUST00000198105.5""}]",2026_03,0.1.0
ENSMUSG00000066829,A0A1L1SUL0,10090,UniProtKB unreviewed (TrEMBL),,entry_level_cross_reference_isoform_unspecified,,,"[{""gene_id_versioned"": ""ENSMUSG00000066829.8"", ""isoform_id"": """", ""protein_id"": ""ENSMUSP00000150816.2"", ""transcript_id"": ""ENSMUST00000215202.2""}]",2026_03,0.1.0
ENSMUSG00000066829,F6VBL2,10090,UniProtKB unreviewed (TrEMBL),,entry_level_cross_reference_isoform_unspecified,,,"[{""gene_id_versioned"": ""ENSMUSG00000066829.8"", ""isoform_id"": """", ""protein_id"": ""ENSMUSP00000083459.7"", ""transcript_id"": ""ENSMUST00000086278.7""}]",2026_03,0.1.0
ENSMUSG00000011589,Q7TPM6,10090,UniProtKB reviewed (Swiss-Prot),Q7TPM6-1,explicit_displayed_isoform_cross_reference,,,"[{""gene_id_versioned"": ""ENSMUSG00000011589.10"", ""isoform_id"": ""Q7TPM6-1"", ""protein_id"": ""ENSMUSP00000011733.9"", ""transcript_id"": ""ENSMUST00000011733.9""}]",2026_03,0.1.0
ENSMUSG00000025577,P30658,10090,UniProtKB reviewed (Swiss-Prot),,entry_level_cross_reference_isoform_unspecified,,,"[{""gene_id_versioned"": ""ENSMUSG00000025577.8"", ""isoform_id"": """", ""protein_id"": ""ENSMUSP00000026662.8"", ""transcript_id"": ""ENSMUST00000026662.8""}]",2026_03,0.1.0
ENSMUSG00000027076,P62073,10090,UniProtKB reviewed (Swiss-Prot),,entry_level_cross_reference_isoform_unspecified,,,"[{""gene_id_versioned"": ""ENSMUSG00000027076.11"", ""isoform_id"": """", ""protein_id"": ""ENSMUSP00000028470.4"", ""transcript_id"": ""ENSMUST00000028470.10""}, {""gene_id_versioned"": ""ENSMUSG00000027076.11"", ""isoform_id"": """", ""protein_id"": ""ENSMUSP00000107258.2"", ""transcript_id"": ""ENSMUST00000111631.2""}]",2026_03,0.1.0
ENSMUSG00000037747,E0CXW9,10090,UniProtKB unreviewed (TrEMBL),,entry_level_cross_reference_isoform_unspecified,,FRAGMENT_SEQUENCE,"[{""gene_id_versioned"": ""ENSMUSG00000037747.10"", ""isoform_id"": """", ""protein_id"": ""ENSMUSP00000124655.2"", ""transcript_id"": ""ENSMUST00000162793.8""}]",2026_03,0.1.0
ENSMUSG00000037747,F6U6Z2,10090,UniProtKB unreviewed (TrEMBL),,entry_level_cross_reference_isoform_unspecified,,AMBIGUOUS_OR_INVALID_SEQUENCE,"[{""gene_id_versioned"": ""ENSMUSG00000037747.10"", ""isoform_id"": """", ""protein_id"": ""ENSMUSP00000124828.2"", ""transcript_id"": ""ENSMUST00000162144.2""}]",2026_03,0.1.0
ENSMUSG00000037747,F7D3N3,10090,UniProtKB unreviewed (TrEMBL),,entry_level_cross_reference_isoform_unspecified,,,"[{""gene_id_versioned"": ""ENSMUSG00000037747.10"", ""isoform_id"": """", ""protein_id"": ""ENSMUSP00000125179.2"", ""transcript_id"": ""ENSMUST00000162251.8""}]",2026_03,0.1.0
ENSMUSG00000037747,Q8BGT8,10090,UniProtKB reviewed (Swiss-Prot),Q8BGT8-1,explicit_displayed_isoform_cross_reference,,,"[{""gene_id_versioned"": ""ENSMUSG00000037747.10"", ""isoform_id"": ""Q8BGT8-1"", ""protein_id"": ""ENSMUSP00000045807.4"", ""transcript_id"": ""ENSMUST00000046513.10""}]",2026_03,0.1.0
ENSMUSG00000028909,B1AUH1,10090,UniProtKB reviewed (Swiss-Prot),B1AUH1-1,explicit_displayed_isoform_cross_reference,,,"[{""gene_id_versioned"": ""ENSMUSG00000028909.18"", ""isoform_id"": ""B1AUH1-1"", ""protein_id"": ""ENSMUSP00000030741.3"", ""transcript_id"": ""ENSMUST00000030741.9""}, {""gene_id_versioned"": ""ENSMUSG00000028909.18"", ""isoform_id"": ""B1AUH1-2"", ""protein_id"": ""ENSMUSP00000101607.3"", ""transcript_id"": ""ENSMUST00000105987.9""}]",2026_03,0.1.0
ENSMUSG00000028909,F6VB49,10090,UniProtKB unreviewed (TrEMBL),,entry_level_cross_reference_isoform_unspecified,,,"[{""gene_id_versioned"": ""ENSMUSG00000028909.18"", ""isoform_id"": """", ""protein_id"": ""ENSMUSP00000095472.3"", ""transcript_id"": ""ENSMUST00000097860.3""}]",2026_03,0.1.0
ENSMUSG00000028019,D6RGS6,10090,UniProtKB unreviewed (TrEMBL),,entry_level_cross_reference_isoform_unspecified,,,"[{""gene_id_versioned"": ""ENSMUSG00000028019.10"", ""isoform_id"": """", ""protein_id"": ""ENSMUSP00000118970.2"", ""transcript_id"": ""ENSMUST00000129285.8""}, {""gene_id_versioned"": ""ENSMUSG00000028019.10"", ""isoform_id"": """", ""protein_id"": ""ENSMUSP00000122047.2"", ""transcript_id"": ""ENSMUST00000143721.2""}]",2026_03,0.1.0
ENSMUSG00000028019,Q8CI19,10090,UniProtKB reviewed (Swiss-Prot),,entry_level_cross_reference_isoform_unspecified,,,"[{""gene_id_versioned"": ""ENSMUSG00000028019.10"", ""isoform_id"": """", ""protein_id"": ""ENSMUSP00000029652.3"", ""transcript_id"": ""ENSMUST00000029652.4""}]",2026_03,0.1.0
ENSMUSG00000056947,O70299,10090,UniProtKB reviewed (Swiss-Prot),,entry_level_cross_reference_isoform_unspecified,,,"[{""gene_id_versioned"": ""ENSMUSG00000056947.6"", ""isoform_id"": """", ""protein_id"": ""ENSMUSP00000074878.5"", ""transcript_id"": ""ENSMUST00000075422.6""}]",2026_03,0.1.0
ENSMUSG00000024011,A0A3Q4EC30,10090,UniProtKB unreviewed (TrEMBL),,entry_level_cross_reference_isoform_unspecified,,AMBIGUOUS_OR_INVALID_SEQUENCE,"[{""gene_id_versioned"": ""ENSMUSG00000024011.18"", ""isoform_id"": """", ""protein_id"": ""ENSMUSP00000157231.2"", ""transcript_id"": ""ENSMUST00000234618.2""}]",2026_03,0.1.0
ENSMUSG00000024011,D3Z6T6,10090,UniProtKB unreviewed (TrEMBL),,entry_level_cross_reference_isoform_unspecified,,,"[{""gene_id_versioned"": ""ENSMUSG00000024011.18"", ""isoform_id"": """", ""protein_id"": ""ENSMUSP00000110347.2"", ""transcript_id"": ""ENSMUST00000114699.9""}, {""gene_id_versioned"": ""ENSMUSG00000024011.18"", ""isoform_id"": """", ""protein_id"": ""ENSMUSP00000156995.2"", ""transcript_id"": ""ENSMUST00000234782.2""}]",2026_03,0.1.0
ENSMUSG00000024011,Q9ET66,10090,UniProtKB reviewed (Swiss-Prot),Q9ET66-1,explicit_displayed_isoform_cross_reference,,,"[{""gene_id_versioned"": ""ENSMUSG00000024011.18"", ""isoform_id"": ""Q9ET66-1"", ""protein_id"": ""ENSMUSP00000110349.3"", ""transcript_id"": ""ENSMUST00000114701.10""}, {""gene_id_versioned"": ""ENSMUSG00000024011.18"", ""isoform_id"": ""Q9ET66-2"", ""protein_id"": ""ENSMUSP00000116183.3"", ""transcript_id"": ""ENSMUST00000155348.3""}]",2026_03,0.1.0
ENSMUSG00000061184,A0A0G2JET7,10090,UniProtKB unreviewed (TrEMBL),,entry_level_cross_reference_isoform_unspecified,,,"[{""gene_id_versioned"": ""ENSMUSG00000061184.9"", ""isoform_id"": """", ""protein_id"": ""ENSMUSP00000142902.2"", ""transcript_id"": ""ENSMUST00000196462.2""}]",2026_03,0.1.0
ENSMUSG00000061184,Q1JRP2,10090,UniProtKB reviewed (Swiss-Prot),,entry_level_cross_reference_isoform_unspecified,,,"[{""gene_id_versioned"": ""ENSMUSG00000061184.9"", ""isoform_id"": """", ""protein_id"": ""ENSMUSP00000062915.6"", ""transcript_id"": ""ENSMUST00000059424.10""}]",2026_03,0.1.0
ENSMUSG00000027663,A0A0A6YWE0,10090,UniProtKB unreviewed (TrEMBL),,entry_level_cross_reference_isoform_unspecified,,FRAGMENT_SEQUENCE,"[{""gene_id_versioned"": ""ENSMUSG00000027663.14"", ""isoform_id"": """", ""protein_id"": ""ENSMUSP00000141511.2"", ""transcript_id"": ""ENSMUST00000139660.2""}]",2026_03,0.1.0
ENSMUSG00000027663,F7B3X3,10090,UniProtKB unreviewed (TrEMBL),,entry_level_cross_reference_isoform_unspecified,,,"[{""gene_id_versioned"": ""ENSMUSG00000027663.14"", ""isoform_id"": """", ""protein_id"": ""ENSMUSP00000029199.6"", ""transcript_id"": ""ENSMUST00000029199.11""}]",2026_03,0.1.0
ENSMUSG00000034120,H3BJA4,10090,UniProtKB unreviewed (TrEMBL),,entry_level_cross_reference_isoform_unspecified,,AMBIGUOUS_OR_INVALID_SEQUENCE,"[{""gene_id_versioned"": ""ENSMUSG00000034120.19"", ""isoform_id"": """", ""protein_id"": ""ENSMUSP00000134907.2"", ""transcript_id"": ""ENSMUST00000176834.8""}]",2026_03,0.1.0
ENSMUSG00000034120,Q62093,10090,UniProtKB reviewed (Swiss-Prot),,entry_level_cross_reference_isoform_unspecified,,,"[{""gene_id_versioned"": ""ENSMUSG00000034120.19"", ""isoform_id"": """", ""protein_id"": ""ENSMUSP00000090059.7"", ""transcript_id"": ""ENSMUST00000092404.13""}, {""gene_id_versioned"": ""ENSMUSG00000034120.19"", ""isoform_id"": """", ""protein_id"": ""ENSMUSP00000120086.2"", ""transcript_id"": ""ENSMUST00000136914.8""}, {""gene_id_versioned"": ""ENSMUSG00000034120.19"", ""isoform_id"": """", ""protein_id"": ""ENSMUSP00000140016.2"", ""transcript_id"": ""ENSMUST00000190993.7""}]",2026_03,0.1.0
ENSMUSG00000057766,A0A3Q4EGJ3,10090,UniProtKB unreviewed (TrEMBL),,entry_level_cross_reference_isoform_unspecified,,,"[{""gene_id_versioned"": ""ENSMUSG00000057766.15"", ""isoform_id"": """", ""protein_id"": ""ENSMUSP00000156996.2"", ""transcript_id"": ""ENSMUST00000234183.2""}]",2026_03,0.1.0
ENSMUSG00000057766,A0A3Q4EGS5,10090,UniProtKB unreviewed (TrEMBL),,entry_level_cross_reference_isoform_unspecified,,AMBIGUOUS_OR_INVALID_SEQUENCE,"[{""gene_id_versioned"": ""ENSMUSG00000057766.15"", ""isoform_id"": """", ""protein_id"": ""ENSMUSP00000157141.2"", ""transcript_id"": ""ENSMUST00000234405.2""}]",2026_03,0.1.0
ENSMUSG00000057766,A0A3Q4EHJ7,10090,UniProtKB unreviewed (TrEMBL),,entry_level_cross_reference_isoform_unspecified,,AMBIGUOUS_OR_INVALID_SEQUENCE,"[{""gene_id_versioned"": ""ENSMUSG00000057766.15"", ""isoform_id"": """", ""protein_id"": ""ENSMUSP00000157031.2"", ""transcript_id"": ""ENSMUST00000234212.2""}]",2026_03,0.1.0
ENSMUSG00000057766,D3YTU5,10090,UniProtKB unreviewed (TrEMBL),,entry_level_cross_reference_isoform_unspecified,,,"[{""gene_id_versioned"": ""ENSMUSG00000057766.15"", ""isoform_id"": """", ""protein_id"": ""ENSMUSP00000112888.2"", ""transcript_id"": ""ENSMUST00000122408.8""}]",2026_03,0.1.0
ENSMUSG00000057766,D3YVV3,10090,UniProtKB unreviewed (TrEMBL),,entry_level_cross_reference_isoform_unspecified,,,"[{""gene_id_versioned"": ""ENSMUSG00000057766.15"", ""isoform_id"": """", ""protein_id"": ""ENSMUSP00000114028.2"", ""transcript_id"": ""ENSMUST00000118525.9""}]",2026_03,0.1.0
ENSMUSG00000057766,D3Z2G0,10090,UniProtKB unreviewed (TrEMBL),,entry_level_cross_reference_isoform_unspecified,,FRAGMENT_SEQUENCE,"[{""gene_id_versioned"": ""ENSMUSG00000057766.15"", ""isoform_id"": """", ""protein_id"": ""ENSMUSP00000119314.2"", ""transcript_id"": ""ENSMUST00000142066.2""}]",2026_03,0.1.0
ENSMUSG00000068220,A0A2R8VHJ0,10090,UniProtKB unreviewed (TrEMBL),,entry_level_cross_reference_isoform_unspecified,,,"[{""gene_id_versioned"": ""ENSMUSG00000068220.7"", ""isoform_id"": """", ""protein_id"": ""ENSMUSP00000155144.2"", ""transcript_id"": ""ENSMUST00000229159.2""}]",2026_03,0.1.0
ENSMUSG00000068220,P16045,10090,UniProtKB reviewed (Swiss-Prot),,entry_level_cross_reference_isoform_unspecified,,,"[{""gene_id_versioned"": ""ENSMUSG00000068220.7"", ""isoform_id"": """", ""protein_id"": ""ENSMUSP00000086795.6"", ""transcript_id"": ""ENSMUST00000089377.6""}]",2026_03,0.1.0
ENSMUSG00000071656,Q3TYX2,10090,UniProtKB reviewed (Swiss-Prot),,entry_level_cross_reference_isoform_unspecified,,,"[{""gene_id_versioned"": ""ENSMUSG00000071656.8"", ""isoform_id"": """", ""protein_id"": ""ENSMUSP00000093976.3"", ""transcript_id"": ""ENSMUST00000096257.3""}, {""gene_id_versioned"": ""ENSMUSG00000071656.8"", ""isoform_id"": """", ""protein_id"": ""ENSMUSP00000157980.2"", ""transcript_id"": ""ENSMUST00000235683.2""}]",2026_03,0.1.0
ENSMUSG00000039275,Q3UCQ1,10090,UniProtKB reviewed (Swiss-Prot),Q3UCQ1-1,explicit_displayed_isoform_cross_reference,,,"[{""gene_id_versioned"": ""ENSMUSG00000039275.10"", ""isoform_id"": ""Q3UCQ1-1"", ""protein_id"": ""ENSMUSP00000101719.2"", ""transcript_id"": ""ENSMUST00000106113.2""}]",2026_03,0.1.0
ENSMUSG00000044730,Q499E6,10090,UniProtKB reviewed (Swiss-Prot),Q499E6-1,explicit_displayed_isoform_cross_reference,,,"[{""gene_id_versioned"": ""ENSMUSG00000044730.18"", ""isoform_id"": ""Q499E6-1"", ""protein_id"": ""ENSMUSP00000154851.2"", ""transcript_id"": ""ENSMUST00000094769.13""}]",2026_03,0.1.0
ENSMUSG00000026159,A0A087WNV1,10090,UniProtKB unreviewed (TrEMBL),,entry_level_cross_reference_isoform_unspecified,,,"[{""gene_id_versioned"": ""ENSMUSG00000026159.14"", ""isoform_id"": """", ""protein_id"": ""ENSMUSP00000139503.2"", ""transcript_id"": ""ENSMUST00000187899.7""}]",2026_03,0.1.0
ENSMUSG00000026159,A0A087WR52,10090,UniProtKB unreviewed (TrEMBL),,entry_level_cross_reference_isoform_unspecified,,AMBIGUOUS_OR_INVALID_SEQUENCE,"[{""gene_id_versioned"": ""ENSMUSG00000026159.14"", ""isoform_id"": """", ""protein_id"": ""ENSMUSP00000140473.2"", ""transcript_id"": ""ENSMUST00000190046.7""}]",2026_03,0.1.0
ENSMUSG00000026159,A0A087WRL1,10090,UniProtKB unreviewed (TrEMBL),,entry_level_cross_reference_isoform_unspecified,,FRAGMENT_SEQUENCE,"[{""gene_id_versioned"": ""ENSMUSG00000026159.14"", ""isoform_id"": """", ""protein_id"": ""ENSMUSP00000140678.2"", ""transcript_id"": ""ENSMUST00000186043.2""}]",2026_03,0.1.0
ENSMUSG00000026159,A0A087WSR7,10090,UniProtKB unreviewed (TrEMBL),,entry_level_cross_reference_isoform_unspecified,,,"[{""gene_id_versioned"": ""ENSMUSG00000026159.14"", ""isoform_id"": """", ""protein_id"": ""ENSMUSP00000141157.2"", ""transcript_id"": ""ENSMUST00000190052.7""}]",2026_03,0.1.0
ENSMUSG00000026159,Q8K2K6,10090,UniProtKB reviewed (Swiss-Prot),Q8K2K6-4,explicit_displayed_isoform_cross_reference,,,"[{""gene_id_versioned"": ""ENSMUSG00000026159.14"", ""isoform_id"": ""Q8K2K6-2"", ""protein_id"": ""ENSMUSP00000070250.6"", ""transcript_id"": ""ENSMUST00000063380.11""}, {""gene_id_versioned"": ""ENSMUSG00000026159.14"", ""isoform_id"": ""Q8K2K6-3"", ""protein_id"": ""ENSMUSP00000109071.3"", ""transcript_id"": ""ENSMUST00000113444.8""}, {""gene_id_versioned"": ""ENSMUSG00000026159.14"", ""isoform_id"": ""Q8K2K6-4"", ""protein_id"": ""ENSMUSP00000140785.2"", ""transcript_id"": ""ENSMUST00000186302.7""}, {""gene_id_versioned"": ""ENSMUSG00000026159.14"", ""isoform_id"": ""Q8K2K6-1"", ""protein_id"": ""ENSMUSP00000140170.2"", ""transcript_id"": ""ENSMUST00000189220.7""}]",2026_03,0.1.0
ENSMUSG00000041263,A0A0G2JE41,10090,UniProtKB unreviewed (TrEMBL),,entry_level_cross_reference_isoform_unspecified,,FRAGMENT_SEQUENCE,"[{""gene_id_versioned"": ""ENSMUSG00000041263.15"", ""isoform_id"": """", ""protein_id"": ""ENSMUSP00000142622.2"", ""transcript_id"": ""ENSMUST00000196043.2""}]",2026_03,0.1.0
ENSMUSG00000041263,A0A0G2JGQ9,10090,UniProtKB unreviewed (TrEMBL),,entry_level_cross_reference_isoform_unspecified,,FRAGMENT_SEQUENCE,"[{""gene_id_versioned"": ""ENSMUSG00000041263.15"", ""isoform_id"": """", ""protein_id"": ""ENSMUSP00000143662.2"", ""transcript_id"": ""ENSMUST00000196223.5""}]",2026_03,0.1.0
ENSMUSG00000041263,Q8BG26,10090,UniProtKB reviewed (Swiss-Prot),Q8BG26-1,explicit_displayed_isoform_cross_reference,,,"[{""gene_id_versioned"": ""ENSMUSG00000041263.15"", ""isoform_id"": ""Q8BG26-1"", ""protein_id"": ""ENSMUSP00000056640.7"", ""transcript_id"": ""ENSMUST00000052539.13""}, {""gene_id_versioned"": ""ENSMUSG00000041263.15"", ""isoform_id"": ""Q8BG26-3"", ""protein_id"": ""ENSMUSP00000088447.6"", ""transcript_id"": ""ENSMUST00000090929.12""}, {""gene_id_versioned"": ""ENSMUSG00000041263.15"", ""isoform_id"": ""Q8BG26-2"", ""protein_id"": ""ENSMUSP00000130477.2"", ""transcript_id"": ""ENSMUST00000166687.6""}]",2026_03,0.1.0
ENSMUSG00000021694,D3YU16,10090,UniProtKB unreviewed (TrEMBL),,entry_level_cross_reference_isoform_unspecified,,,"[{""gene_id_versioned"": ""ENSMUSG00000021694.19"", ""isoform_id"": """", ""protein_id"": ""ENSMUSP00000112746.2"", ""transcript_id"": ""ENSMUST00000120672.8""}]",2026_03,0.1.0
ENSMUSG00000021694,D6RET0,10090,UniProtKB unreviewed (TrEMBL),,entry_level_cross_reference_isoform_unspecified,,,"[{""gene_id_versioned"": ""ENSMUSG00000021694.19"", ""isoform_id"": """", ""protein_id"": ""ENSMUSP00000121777.2"", ""transcript_id"": ""ENSMUST00000123182.8""}, {""gene_id_versioned"": ""ENSMUSG00000021694.19"", ""isoform_id"": """", ""protein_id"": ""ENSMUSP00000117492.2"", ""transcript_id"": ""ENSMUST00000123657.8""}, {""gene_id_versioned"": ""ENSMUSG00000021694.19"", ""isoform_id"": """", ""protein_id"": ""ENSMUSP00000116507.2"", ""transcript_id"": ""ENSMUST00000129117.8""}, {""gene_id_versioned"": ""ENSMUSG00000021694.19"", ""isoform_id"": """", ""protein_id"": ""ENSMUSP00000122802.2"", ""transcript_id"": ""ENSMUST00000152634.8""}]",2026_03,0.1.0
ENSMUSG00000021694,D6RIM0,10090,UniProtKB unreviewed (TrEMBL),,entry_level_cross_reference_isoform_unspecified,,,"[{""gene_id_versioned"": ""ENSMUSG00000021694.19"", ""isoform_id"": """", ""protein_id"": ""ENSMUSP00000118154.2"", ""transcript_id"": ""ENSMUST00000142931.8""}]",2026_03,0.1.0
ENSMUSG00000021694,F6QML7,10090,UniProtKB unreviewed (TrEMBL),,entry_level_cross_reference_isoform_unspecified,,FRAGMENT_SEQUENCE,"[{""gene_id_versioned"": ""ENSMUSG00000021694.19"", ""isoform_id"": """", ""protein_id"": ""ENSMUSP00000116226.2"", ""transcript_id"": ""ENSMUST00000133957.8""}]",2026_03,0.1.0
ENSMUSG00000021694,F6QPY9,10090,UniProtKB unreviewed (TrEMBL),,entry_level_cross_reference_isoform_unspecified,,AMBIGUOUS_OR_INVALID_SEQUENCE,"[{""gene_id_versioned"": ""ENSMUSG00000021694.19"", ""isoform_id"": """", ""protein_id"": ""ENSMUSP00000119212.2"", ""transcript_id"": ""ENSMUST00000123138.2""}]",2026_03,0.1.0
ENSMUSG00000021694,Q8CFD5,10090,UniProtKB reviewed (Swiss-Prot),,entry_level_cross_reference_isoform_unspecified,,,"[{""gene_id_versioned"": ""ENSMUSG00000021694.19"", ""isoform_id"": """", ""protein_id"": ""ENSMUSP00000059211.9"", ""transcript_id"": ""ENSMUST00000054835.15""}]",2026_03,0.1.0
ENSMUSG00000023083,F6Y4Q7,10090,UniProtKB unreviewed (TrEMBL),,entry_level_cross_reference_isoform_unspecified,,,"[{""gene_id_versioned"": ""ENSMUSG00000023083.8"", ""isoform_id"": """", ""protein_id"": ""ENSMUSP00000023845.7"", ""transcript_id"": ""ENSMUST00000023845.7""}]",2026_03,0.1.0
ENSMUSG00000025558,A0A1D5RLB8,10090,UniProtKB unreviewed (TrEMBL),,entry_level_cross_reference_isoform_unspecified,,FRAGMENT_SEQUENCE,"[{""gene_id_versioned"": ""ENSMUSG00000025558.20"", ""isoform_id"": """", ""protein_id"": ""ENSMUSP00000148303.2"", ""transcript_id"": ""ENSMUST00000212416.2""}]",2026_03,0.1.0
ENSMUSG00000025558,A0A1D5RLE0,10090,UniProtKB unreviewed (TrEMBL),,entry_level_cross_reference_isoform_unspecified,,,"[{""gene_id_versioned"": ""ENSMUSG00000025558.20"", ""isoform_id"": """", ""protein_id"": ""ENSMUSP00000148328.2"", ""transcript_id"": ""ENSMUST00000212376.3""}]",2026_03,0.1.0
ENSMUSG00000025558,A0A1D5RMM1,10090,UniProtKB unreviewed (TrEMBL),,entry_level_cross_reference_isoform_unspecified,,,"[{""gene_id_versioned"": ""ENSMUSG00000025558.20"", ""isoform_id"": """", ""protein_id"": ""ENSMUSP00000148834.2"", ""transcript_id"": ""ENSMUST00000212181.2""}]",2026_03,0.1.0
ENSMUSG00000025558,A0A571BG77,10090,UniProtKB unreviewed (TrEMBL),,entry_level_cross_reference_isoform_unspecified,,AMBIGUOUS_OR_INVALID_SEQUENCE,"[{""gene_id_versioned"": ""ENSMUSG00000025558.20"", ""isoform_id"": """", ""protein_id"": ""ENSMUSP00000158723.2"", ""transcript_id"": ""ENSMUST00000238406.2""}]",2026_03,0.1.0
ENSMUSG00000025558,A0A5F8MPL9,10090,UniProtKB unreviewed (TrEMBL),,entry_level_cross_reference_isoform_unspecified,,,"[{""gene_id_versioned"": ""ENSMUSG00000025558.20"", ""isoform_id"": """", ""protein_id"": ""ENSMUSP00000159030.2"", ""transcript_id"": ""ENSMUST00000239077.2""}]",2026_03,0.1.0
ENSMUSG00000025558,E9QMR2,10090,UniProtKB unreviewed (TrEMBL),,entry_level_cross_reference_isoform_unspecified,,,"[{""gene_id_versioned"": ""ENSMUSG00000025558.20"", ""isoform_id"": """", ""protein_id"": ""ENSMUSP00000097872.4"", ""transcript_id"": ""ENSMUST00000100299.11""}]",2026_03,0.1.0
ENSMUSG00000025558,F8VPN7,10090,UniProtKB unreviewed (TrEMBL),,entry_level_cross_reference_isoform_unspecified,,,"[{""gene_id_versioned"": ""ENSMUSG00000025558.20"", ""isoform_id"": """", ""protein_id"": ""ENSMUSP00000047881.8"", ""transcript_id"": ""ENSMUST00000040700.9""}]",2026_03,0.1.0
ENSMUSG00000019996,A0A1L1SR93,10090,UniProtKB unreviewed (TrEMBL),,entry_level_cross_reference_isoform_unspecified,,,"[{""gene_id_versioned"": ""ENSMUSG00000019996.18"", ""isoform_id"": """", ""protein_id"": ""ENSMUSP00000149367.2"", ""transcript_id"": ""ENSMUST00000214231.2""}]",2026_03,0.1.0
ENSMUSG00000019996,A0A1L1SUN4,10090,UniProtKB unreviewed (TrEMBL),,entry_level_cross_reference_isoform_unspecified,,FRAGMENT_SEQUENCE,"[{""gene_id_versioned"": ""ENSMUSG00000019996.18"", ""isoform_id"": """", ""protein_id"": ""ENSMUSP00000150818.2"", ""transcript_id"": ""ENSMUST00000215924.2""}]",2026_03,0.1.0
ENSMUSG00000019996,A0A1L1SVB6,10090,UniProtKB unreviewed (TrEMBL),,entry_level_cross_reference_isoform_unspecified,,,"[{""gene_id_versioned"": ""ENSMUSG00000019996.18"", ""isoform_id"": """", ""protein_id"": ""ENSMUSP00000151101.2"", ""transcript_id"": ""ENSMUST00000213312.2""}]",2026_03,0.1.0
ENSMUSG00000019996,D3YWN7,10090,UniProtKB unreviewed (TrEMBL),,entry_level_cross_reference_isoform_unspecified,,,"[{""gene_id_versioned"": ""ENSMUSG00000019996.18"", ""isoform_id"": """", ""protein_id"": ""ENSMUSP00000111963.4"", ""transcript_id"": ""ENSMUST00000116259.5""}]",2026_03,0.1.0
ENSMUSG00000019996,E9QMU3,10090,UniProtKB unreviewed (TrEMBL),,entry_level_cross_reference_isoform_unspecified,,,"[{""gene_id_versioned"": ""ENSMUSG00000019996.18"", ""isoform_id"": """", ""protein_id"": ""ENSMUSP00000020173.10"", ""transcript_id"": ""ENSMUST00000020173.16""}]",2026_03,0.1.0
ENSMUSG00000029032,B1ASH7,10090,UniProtKB unreviewed (TrEMBL),,entry_level_cross_reference_isoform_unspecified,,FRAGMENT_SEQUENCE,"[{""gene_id_versioned"": ""ENSMUSG00000029032.13"", ""isoform_id"": """", ""protein_id"": ""ENSMUSP00000121273.2"", ""transcript_id"": ""ENSMUST00000154895.2""}]",2026_03,0.1.0
ENSMUSG00000029032,B1ASH8,10090,UniProtKB unreviewed (TrEMBL),,entry_level_cross_reference_isoform_unspecified,,FRAGMENT_SEQUENCE,"[{""gene_id_versioned"": ""ENSMUSG00000029032.13"", ""isoform_id"": """", ""protein_id"": ""ENSMUSP00000119398.2"", ""transcript_id"": ""ENSMUST00000152947.2""}]",2026_03,0.1.0
ENSMUSG00000029032,Q3U5C8,10090,UniProtKB reviewed (Swiss-Prot),,entry_level_cross_reference_isoform_unspecified,,,"[{""gene_id_versioned"": ""ENSMUSG00000029032.13"", ""isoform_id"": """", ""protein_id"": ""ENSMUSP00000030898.6"", ""transcript_id"": ""ENSMUST00000030898.12""}, {""gene_id_versioned"": ""ENSMUSG00000029032.13"", ""isoform_id"": """", ""protein_id"": ""ENSMUSP00000126296.2"", ""transcript_id"": ""ENSMUST00000169623.8""}]",2026_03,0.1.0
ENSMUSG00000031503,P08122,10090,UniProtKB reviewed (Swiss-Prot),,entry_level_cross_reference_isoform_unspecified,,,"[{""gene_id_versioned"": ""ENSMUSG00000031503.14"", ""isoform_id"": """", ""protein_id"": ""ENSMUSP00000033899.8"", ""transcript_id"": ""ENSMUST00000033899.14""}]",2026_03,0.1.0
ENSMUSG00000022025,G5E8Z6,10090,UniProtKB unreviewed (TrEMBL),,entry_level_cross_reference_isoform_unspecified,,,"[{""gene_id_versioned"": ""ENSMUSG00000022025.14"", ""isoform_id"": """", ""protein_id"": ""ENSMUSP00000126958.2"", ""transcript_id"": ""ENSMUST00000165835.8""}]",2026_03,0.1.0
ENSMUSG00000022025,Q9Z1F6,10090,UniProtKB reviewed (Swiss-Prot),,entry_level_cross_reference_isoform_unspecified,,,"[{""gene_id_versioned"": ""ENSMUSG00000022025.14"", ""isoform_id"": """", ""protein_id"": ""ENSMUSP00000022603.8"", ""transcript_id"": ""ENSMUST00000022603.8""}]",2026_03,0.1.0
ENSMUSG00000034614,F6S185,10090,UniProtKB unreviewed (TrEMBL),,entry_level_cross_reference_isoform_unspecified,,AMBIGUOUS_OR_INVALID_SEQUENCE,"[{""gene_id_versioned"": ""ENSMUSG00000034614.15"", ""isoform_id"": """", ""protein_id"": ""ENSMUSP00000121277.2"", ""transcript_id"": ""ENSMUST00000138907.8""}]",2026_03,0.1.0
ENSMUSG00000034614,Q7TMJ8,10090,UniProtKB reviewed (Swiss-Prot),Q7TMJ8-1,explicit_displayed_isoform_cross_reference,,,"[{""gene_id_versioned"": ""ENSMUSG00000034614.15"", ""isoform_id"": ""Q7TMJ8-1"", ""protein_id"": ""ENSMUSP00000036921.5"", ""transcript_id"": ""ENSMUST00000045153.11""}, {""gene_id_versioned"": ""ENSMUSG00000034614.15"", ""isoform_id"": ""Q7TMJ8-2"", ""protein_id"": ""ENSMUSP00000091100.5"", ""transcript_id"": ""ENSMUST00000093399.11""}]",2026_03,0.1.0
ENSMUSG00000034614,Z4YMN3,10090,UniProtKB unreviewed (TrEMBL),,entry_level_cross_reference_isoform_unspecified,,FRAGMENT_SEQUENCE,"[{""gene_id_versioned"": ""ENSMUSG00000034614.15"", ""isoform_id"": """", ""protein_id"": ""ENSMUSP00000119106.2"", ""transcript_id"": ""ENSMUST00000136474.2""}]",2026_03,0.1.0
ENSMUSG00000034614,Z4YN57,10090,UniProtKB unreviewed (TrEMBL),,entry_level_cross_reference_isoform_unspecified,,FRAGMENT_SEQUENCE,"[{""gene_id_versioned"": ""ENSMUSG00000034614.15"", ""isoform_id"": """", ""protein_id"": ""ENSMUSP00000122407.2"", ""transcript_id"": ""ENSMUST00000136536.8""}]",2026_03,0.1.0
ENSMUSG00000028906,A0A1D5RLV1,10090,UniProtKB unreviewed (TrEMBL),,entry_level_cross_reference_isoform_unspecified,,AMBIGUOUS_OR_INVALID_SEQUENCE,"[{""gene_id_versioned"": ""ENSMUSG00000028906.18"", ""isoform_id"": """", ""protein_id"": ""ENSMUSP00000148515.2"", ""transcript_id"": ""ENSMUST00000212761.2""}]",2026_03,0.1.0
ENSMUSG00000028906,A0A571BEG4,10090,UniProtKB unreviewed (TrEMBL),,entry_level_cross_reference_isoform_unspecified,,,"[{""gene_id_versioned"": ""ENSMUSG00000028906.18"", ""isoform_id"": """", ""protein_id"": ""ENSMUSP00000158714.2"", ""transcript_id"": ""ENSMUST00000146021.8""}]",2026_03,0.1.0
ENSMUSG00000028906,A2A838,10090,UniProtKB unreviewed (TrEMBL),,entry_level_cross_reference_isoform_unspecified,,FRAGMENT_SEQUENCE,"[{""gene_id_versioned"": ""ENSMUSG00000028906.18"", ""isoform_id"": """", ""protein_id"": ""ENSMUSP00000123623.2"", ""transcript_id"": ""ENSMUST00000137846.8""}]",2026_03,0.1.0
ENSMUSG00000028906,A2A839,10090,UniProtKB unreviewed (TrEMBL),,entry_level_cross_reference_isoform_unspecified,,,"[{""gene_id_versioned"": ""ENSMUSG00000028906.18"", ""isoform_id"": """", ""protein_id"": ""ENSMUSP00000101590.2"", ""transcript_id"": ""ENSMUST00000105970.8""}]",2026_03,0.1.0
ENSMUSG00000028906,A2A841,10090,UniProtKB unreviewed (TrEMBL),,entry_level_cross_reference_isoform_unspecified,,,"[{""gene_id_versioned"": ""ENSMUSG00000028906.18"", ""isoform_id"": """", ""protein_id"": ""ENSMUSP00000101595.2"", ""transcript_id"": ""ENSMUST00000105975.8""}]",2026_03,0.1.0
ENSMUSG00000028906,A2A842,10090,UniProtKB unreviewed (TrEMBL),,entry_level_cross_reference_isoform_unspecified,,,"[{""gene_id_versioned"": ""ENSMUSG00000028906.18"", ""isoform_id"": """", ""protein_id"": ""ENSMUSP00000101594.2"", ""transcript_id"": ""ENSMUST00000105974.8""}]",2026_03,0.1.0
ENSMUSG00000028906,A2AD32,10090,UniProtKB unreviewed (TrEMBL),,entry_level_cross_reference_isoform_unspecified,,,"[{""gene_id_versioned"": ""ENSMUSG00000028906.18"", ""isoform_id"": """", ""protein_id"": ""ENSMUSP00000120236.3"", ""transcript_id"": ""ENSMUST00000141291.3""}]",2026_03,0.1.0
ENSMUSG00000028906,F6S4K9,10090,UniProtKB unreviewed (TrEMBL),,entry_level_cross_reference_isoform_unspecified,,AMBIGUOUS_OR_INVALID_SEQUENCE,"[{""gene_id_versioned"": ""ENSMUSG00000028906.18"", ""isoform_id"": """", ""protein_id"": ""ENSMUSP00000121764.2"", ""transcript_id"": ""ENSMUST00000135579.8""}]",2026_03,0.1.0
ENSMUSG00000028906,F7BUB8,10090,UniProtKB unreviewed (TrEMBL),,entry_level_cross_reference_isoform_unspecified,,AMBIGUOUS_OR_INVALID_SEQUENCE,"[{""gene_id_versioned"": ""ENSMUSG00000028906.18"", ""isoform_id"": """", ""protein_id"": ""ENSMUSP00000122234.2"", ""transcript_id"": ""ENSMUST00000146443.8""}]",2026_03,0.1.0
ENSMUSG00000028906,F7CR30,10090,UniProtKB unreviewed (TrEMBL),,entry_level_cross_reference_isoform_unspecified,,AMBIGUOUS_OR_INVALID_SEQUENCE,"[{""gene_id_versioned"": ""ENSMUSG00000028906.18"", ""isoform_id"": """", ""protein_id"": ""ENSMUSP00000116599.2"", ""transcript_id"": ""ENSMUST00000155990.8""}]",2026_03,0.1.0
ENSMUSG00000028906,P48193,10090,UniProtKB reviewed (Swiss-Prot),P48193-1,explicit_displayed_isoform_cross_reference,,,"[{""gene_id_versioned"": ""ENSMUSG00000028906.18"", ""isoform_id"": ""P48193-1"", ""protein_id"": ""ENSMUSP00000030739.5"", ""transcript_id"": ""ENSMUST00000030739.11""}, {""gene_id_versioned"": ""ENSMUSG00000028906.18"", ""isoform_id"": ""P48193-2"", ""protein_id"": ""ENSMUSP00000060375.6"", ""transcript_id"": ""ENSMUST00000054917.12""}, {""gene_id_versioned"": ""ENSMUSG00000028906.18"", ""isoform_id"": ""P48193-2"", ""protein_id"": ""ENSMUSP00000081274.4"", ""transcript_id"": ""ENSMUST00000084253.10""}, {""gene_id_versioned"": ""ENSMUSG00000028906.18"", ""isoform_id"": ""P48193-1"", ""protein_id"": ""ENSMUSP00000101592.2"", ""transcript_id"": ""ENSMUST00000105972.8""}, {""gene_id_versioned"": ""ENSMUSG00000028906.18"", ""isoform_id"": ""P48193-1"", ""protein_id"": ""ENSMUSP00000101601.3"", ""transcript_id"": ""ENSMUST00000105981.9""}]",2026_03,0.1.0
ENSMUSG00000037872,A0A0A6YWZ3,10090,UniProtKB unreviewed (TrEMBL),,entry_level_cross_reference_isoform_unspecified,,,"[{""gene_id_versioned"": ""ENSMUSG00000037872.6"", ""isoform_id"": """", ""protein_id"": ""ENSMUSP00000141765.2"", ""transcript_id"": ""ENSMUST00000194046.2""}]",2026_03,0.1.0
ENSMUSG00000037872,A0A0R4J0J4,10090,UniProtKB unreviewed (TrEMBL),,entry_level_cross_reference_isoform_unspecified,,,"[{""gene_id_versioned"": ""ENSMUSG00000037872.6"", ""isoform_id"": """", ""protein_id"": ""ENSMUSP00000045134.5"", ""transcript_id"": ""ENSMUST00000038227.6""}]",2026_03,0.1.0
