input,sha256
config/GSE286387_step05b4_input.json,ba34a28ec641016d507371536ae6145486a50e9df81d084575f7fe1854c50b84
docs/audits/ubuntu_local_quality_2026-10-09/REVIEW.md,3c9e0ca7f8b27ea3f5fe823abce2ca1a56c7092703f7559844d66aa9ce0fb0d5
docs/audits/ubuntu_local_quality_2026-10-09/SUCCESS.txt,af0e157004b9df615b343d640f6a4904c35d17f36834f15bcf5e63a8a7e5f893
docs/audits/ubuntu_local_quality_2026-10-09/input_checksums.csv,1dbcba3e56e1e501de0685d930f522210dae31df7c02cb5c0123bb25021f6885
docs/audits/ubuntu_local_quality_2026-10-09/predicted_model_audit.csv,15368953112783594dad608e8f28991ce2b8a8e94b05c6419af4eeec4c166cb2
docs/audits/ubuntu_local_quality_2026-10-09/protein_quality_coverage.csv,0170dec58acf7a042c38257905a07e895d5dcabfd229c8a570ab51667f25d9eb
docs/audits/ubuntu_local_quality_2026-10-09/quality_report.md,5ab80ac8ccdb4c8d73208bf8889585f467d21dca706c434c327894edece82fdf
docs/audits/ubuntu_local_quality_2026-10-09/raw_file_checksums.csv,b44ed281bb179b97045e1c8a9975b26d3785260b1f163d73b68d48cfd977b895
docs/audits/ubuntu_local_quality_2026-10-09/site_local_quality.csv,73a2f4a1514fad68de92fb09ca2420dad13e328a8e839e028c1e66ace488d4ab
docs/audits/ubuntu_local_quality_2026-10-09/site_step_audit.csv,180a3c4f199f40fe536859a1e67d27a1cafc68edbf7be12fcc8d6dfe4391fde2
docs/audits/ubuntu_local_quality_2026-10-09/snapshot_checksums.sha256,363c06469d54c63e0dc86ad24996a84462f5c132e5c3d26cd2af9e18fe9fda37
docs/audits/ubuntu_local_quality_2026-10-09/summary.json,c23cd4850498216af7a79870bcb99ee869c4a4cf63cf1aa63676ae54cfa404a0
config/GSE286387_step05b3_input.json,967b1a4749e726d9b1a6322ce92187827d10bf64e9e180c7868a83b10adf2cc2
docs/audits/ubuntu_cysteine_mapping_2026-10-09/REVIEW.md,2b30be3c2fcbe79016e834c3a4b902c049c8d609a454e922c86cc491c75c7e7a
docs/audits/ubuntu_cysteine_mapping_2026-10-09/SUCCESS.txt,af77446d4c709869d79d8f8ca1cf83ab1235baca72b7c37f4f0ca581210b2063
docs/audits/ubuntu_cysteine_mapping_2026-10-09/candidate_mapping_audit.csv,3d00ca2ec72c8a835ebc7c336e5d8bc29a100f79bb469187d249fc6aa45f2639
docs/audits/ubuntu_cysteine_mapping_2026-10-09/input_checksums.csv,24b8c4b4010b5600efc6cf691c30a401f739336d2bcfee9d0204c3141ec7a1cc
docs/audits/ubuntu_cysteine_mapping_2026-10-09/mapping_report.md,27cf431cc1c2da036fa8d2050950f1efb9c50c7a96159525c1db4170eb9ff893
docs/audits/ubuntu_cysteine_mapping_2026-10-09/protein_mapping_coverage.csv,b47623f8e4655806d9156ab47e80d4acbb2b99886c9f7d6e2b653d53008cd535
docs/audits/ubuntu_cysteine_mapping_2026-10-09/raw_file_checksums.csv,b44ed281bb179b97045e1c8a9975b26d3785260b1f163d73b68d48cfd977b895
docs/audits/ubuntu_cysteine_mapping_2026-10-09/site_step_audit.csv,05ec4a19bbeffd03c9160a51bbddc08887a04fcae7c777cfe997977346e4d6e1
docs/audits/ubuntu_cysteine_mapping_2026-10-09/site_structure_mapping.csv,897399aa6721323d6e8821e75854a181d9a74dd56febbc2eab1c35489a09efb0
docs/audits/ubuntu_cysteine_mapping_2026-10-09/snapshot_checksums.sha256,921a8b650f4e2a67e589edc0300b19af0de1d08d1e55ee7b1e352f038cc0792e
docs/audits/ubuntu_cysteine_mapping_2026-10-09/summary.json,88fe596ded5945a147c4fbcf946a13645665cd5b49c62f9568d6a4fda95caa06
config/GSE286387_step05b2_input.json,3e4d13f5f3def02e04f554a3a0ca429dfd64e05af0531331e7ff06ba652695d2
docs/audits/ubuntu_download_2026-10-09/SUCCESS.txt,17f9d7951447404ddd111f094cc780d9f85100e2be93710f5d13c502d6708c6d
docs/audits/ubuntu_download_2026-10-09/archive_manifest.csv,39470d559b28b2c255976f3c8d7488e30fe0c64d82a996a4a9df80722553dc9b
docs/audits/ubuntu_download_2026-10-09/archive_receipt.json,f1d17a581d0537b11b7d81e871f95280cd4e19a2fa08e7492c9e1f20431676cd
docs/audits/ubuntu_download_2026-10-09/candidate_file_links.csv,710f97bb3b56a799c6e86577c6ecca626ea0d25ab53e8f6f15de0612281cb969
docs/audits/ubuntu_download_2026-10-09/download_manifest.csv,47c028c059815c9f78ccbf256c5b1e6fe16816356edd2c90aae2342edbf668c7
docs/audits/ubuntu_download_2026-10-09/download_plan.csv,08bb8e2eb4b5317675195c90bf1a549bd0a6c24aa7f0aef9deab8872b2d4a3eb
docs/audits/ubuntu_download_2026-10-09/download_report.md,e6e037b2d6e9d83b630817747bbe8d3f84af92b652a429827d63a7c3aee49054
docs/audits/ubuntu_download_2026-10-09/failure_context.json,37517e5f3dc66819f61f5a7bb8ace1921282415f10551d2defa5c3eb0985b570
docs/audits/ubuntu_download_2026-10-09/input_checksums.csv,383ccac50ac13d50df5a88c78ffee909d6ffc501adc8bfbefdaee18c91d805fe
docs/audits/ubuntu_download_2026-10-09/summary.json,167e8ee4d5b4e02d0524db53a19350314c33e6bb915abd39644286d36c8d47a2
docs/audits/ubuntu_download_2026-10-09/snapshot_checksums.sha256,acc181eb98ea3012ea704e0e90e683cede2f69ecc03064643427e26c956985b3
config/GSE286387_step05b_input.json,52783eac19046944519ed2e65965bbcb64aae8cc6ffb6efc787ddd6ca9c5aa53
docs/audits/ubuntu_catalogue_2026-10-09/SUCCESS.txt,ea85e2cf31582c684dae12dba581a1a92836ea6b25ecc08c4fc9ff330940ecf6
docs/audits/ubuntu_catalogue_2026-10-09/catalogue_report.md,a0c36e9934f27e302eed8e6ff235c5af4265e3b9652576c58f91fe9c38c0e84b
docs/audits/ubuntu_catalogue_2026-10-09/input_checksums.csv,9b6606be7784cd43e069c105af4ce4ab5d7c8e25a24b284c37f0274c03d593c4
docs/audits/ubuntu_catalogue_2026-10-09/protein_structure_inventory.csv,663f0535fcca9d45fb65d8b8bb5c0ddb65b200a201f75e5f53c1f35711b84187
docs/audits/ubuntu_catalogue_2026-10-09/source_manifest.csv,d6a0a310df8617a56fab429fa3be8556f7feab12af5d5b45bacd20dcf8b39580
docs/audits/ubuntu_catalogue_2026-10-09/step_audit.csv,3d984e61ed85ebfa402ef1c7299dedab9cebc6e366c56d3cacece03c4b1ec1d4
docs/audits/ubuntu_catalogue_2026-10-09/structure_candidates.csv,8028a792f189157b96870dd7ba531b97a5c6628d3fffd1b9b883c8cc1a9964df
docs/audits/ubuntu_catalogue_2026-10-09/summary.json,c7b7f824880b0520097fa23b59feef82541d94f2ee3619e1be8d7c122417ae6b
docs/audits/ubuntu_catalogue_2026-10-09/snapshot_checksums.sha256,dfc116cb7baf282466a1192b14bb3a854cefe0b61969d20d8c1292e0ab47e8d0
config/GSE286387_step05_input.json,cca4756fb6dd3ce5cf7c8fca1b8ad16acff9e78ef27257c7d89dbe19c18c265a
config/GSE286387_step04_input.json,35f178c7fb4d6d0ec9400faff3f8f379741440a0f65fda2df944c11862c044e9
config/analysis_parameters.json,2520ba74d0470cff39f2477fad193eef607804e8d555c33f2df2969e62e5a6f0
docs/audits/ubuntu_cysteine_2026-10-09/SUCCESS.txt,ecf9f43f71a156aaccbbc8fe3b06690e77931dbffd37e1eeb4a632ddbc47db78
docs/audits/ubuntu_cysteine_2026-10-09/cysteine_inventory.csv,86cd74f289028d3eff96debc592811ccb4d54438b84ac54c47394153043933ae
docs/audits/ubuntu_cysteine_2026-10-09/cysteine_positive_sequences.fasta,f174572ae025ddbedf438c2828117efd49a89c0030631be5949cc783793e1296
docs/audits/ubuntu_cysteine_2026-10-09/gene_step_audit.csv,e4195747346ea8c7462f42d6d4896fddd44a67c497c44b38894507fc0fdd89d0
docs/audits/ubuntu_cysteine_2026-10-09/input_checksums.csv,df8b2b21faa0439084bd44e8b547c8525b3e38a53a304ad2a72ce108c9cce296
docs/audits/ubuntu_cysteine_2026-10-09/inventory_report.md,6326f35c806ebf9f52d91f9a4119d773fc94bb26c055dd89001c560cfaa0fa33
docs/audits/ubuntu_cysteine_2026-10-09/protein_inventory.csv,bcac76ab08cad6dc647f5a711baa9a89551dbeaa3aeb0fd7700708b315975797
docs/audits/ubuntu_cysteine_2026-10-09/snapshot_checksums.sha256,70cc257e913689155412d59c6f3666a700e8d54260dcadfb81b79833912f2a32
docs/audits/ubuntu_cysteine_2026-10-09/step_audit.csv,4420395cb73d0045a60c98e2d034409a868af67eebdd2929ce8b9a6ec273bf82
docs/audits/ubuntu_cysteine_2026-10-09/summary.json,9f552e7e10d53a942192d453c11246d167a6dac550353b2b5abba57e0cf8fc48
scripts/04_inventory_GSE286387.py,2fcc6891b0d6916cd95b8b83d5ead57543169b09cd80ff8e2d7980c63ff10068
config/GSE286387_step03_input.json,87a038a6c64c93df004e40d7d31707ddbb665942436f8ad72c573b83ae1afe99
docs/audits/ubuntu_DE_2026-10-08/significant_protein_coding_degs.csv,c9bf672d38f877361b3132065884d3a02e3132bcbf9901656b9f2cb04fdf3130
docs/audits/ubuntu_mapping_2026-10-09/SUCCESS.txt,eebf44019b060f23672d36c657d3dac061c8c3bd07a837ad883e5627d2cf7943
docs/audits/ubuntu_mapping_2026-10-09/canonical_sequences.fasta,4c76c0d473e9ada52ed3da9a4aeb0d90f135f05c5e6d4d234812b47964c6887b
docs/audits/ubuntu_mapping_2026-10-09/gene_protein_mapping.csv,577cee55cc8cb359db971bdfdd58ab3d3970fc7d1dff00affcd4a785c3c6e2a8
docs/audits/ubuntu_mapping_2026-10-09/input_checksums.csv,b7cccc1904035a1aced5b9b0b411461cba656af559fdc7d5bccaf4459d37e0a3
docs/audits/ubuntu_mapping_2026-10-09/mapping_candidates.csv,10f5e8d41f892d79fa1a2992f2c31a737861d3391313c37e3fb98ab057208361
docs/audits/ubuntu_mapping_2026-10-09/mapping_report.md,845199d1fef5f55e9da6d7577c3ad1a33456ea8e0cfc7019cdd46b1963efe3a7
docs/audits/ubuntu_mapping_2026-10-09/snapshot_checksums.sha256,4def07b694b8e6421cfc560d0b7a3db01d124b9f7568288762541527b5a7d032
docs/audits/ubuntu_mapping_2026-10-09/source_manifest.csv,4fe783b93803d48e23df9747d59cc4893933f553c27fd1146434e1ed095a2eb4
docs/audits/ubuntu_mapping_2026-10-09/step_audit.csv,d0c2524db40a58413d200261a83ace8b50ddd599d116b7c9bcfc6cdc2c329aa1
docs/audits/ubuntu_mapping_2026-10-09/summary.json,9b1a0614d4d145d5ad4f93673f1a4b9d3f9d866a81f82d3224c3e44811b3a75e
docs/audits/ubuntu_resolution_2026-10-09/SUCCESS.txt,d2bbf1439223a35e01b748e3d961bb5e5462a5e254a48f21e1be974f25f0c07f
docs/audits/ubuntu_resolution_2026-10-09/canonical_sequences.fasta,2230cdb4929aa8ec678e140fd0ce7e2e53ca9d9cf3d3f242f718cbacc698212f
docs/audits/ubuntu_resolution_2026-10-09/gene_centric_evidence.csv,20a74b7f5c3b24d2c08b03931aabb90762fb44f234c96a008b3a7f7bf3d49d78
docs/audits/ubuntu_resolution_2026-10-09/gene_protein_mapping.csv,407237315ec47f7d0814b4f173d2d105d41b16ad0a337f8156a5981d7cecee0e
docs/audits/ubuntu_resolution_2026-10-09/input_checksums.csv,108132a182da3a79c7270566324637d20cf5749d2dd350c59ac62e1ce033cd24
docs/audits/ubuntu_resolution_2026-10-09/resolution_report.md,e5b0528028f9b3a16668f03fe4ad02656004904679145b02b7b681d8d19c883e
docs/audits/ubuntu_resolution_2026-10-09/snapshot_checksums.sha256,abecdc32180f5817e72db1f1c77d6e48d805f867721a095b0cb4d1b29453afc6
docs/audits/ubuntu_resolution_2026-10-09/source_manifest.csv,e8a60afa76f7febcc1721cb13d0a8586395b2aea5adec444cd775aa5a73179cc
docs/audits/ubuntu_resolution_2026-10-09/step_audit.csv,637c02fbe8a419464436d5296312458d3a3cc323dc727db5a9657ba3da0906f0
docs/audits/ubuntu_resolution_2026-10-09/summary.json,57f59ebcef06cd334483c1db9b5e0d7ec56e45afda8f2d5cb2a72fd98a44b92b
scripts/03_map_GSE286387.py,80a52bdb094b5120f63095bb2392fd2c14d6dde6103b78d94328d559aaf24fb3
scripts/03b_resolve_GSE286387.py,cf1ad6b9e75e4fb92a54d77bf5ab31ea25c8848387aeecc4fff751fc60703805
references/step05a_metadata_2026-10-09/reference.json,0de5454b24ff45329aa79b06c09e22e70b7a29b7ba8853126d7c48a007b46c3d
references/step05a_metadata_2026-10-09/api_responses.tar.gz,f486decef5424cfe215a523d0df3e64dfe0171646401d573f484985f7743a2e3
docs/audits/Structure_catalogue_validation/source_manifest.csv,d6a0a310df8617a56fab429fa3be8556f7feab12af5d5b45bacd20dcf8b39580
scripts/05a_catalogue_GSE286387.py,41a7e54b95a21f0310cbcbc0475ebdc110a9f1fceac5c459d18955da7598e872
scripts/05b1_download_GSE286387.py,31ec395eecbedd11bd5de31968e98163a27c077c5bccefba0d7e80715e80c120
scripts/05b2_map_cysteines_GSE286387.py,3f02022a5e62e4b434eccb7b299da23e78288c59ae260f4b3ae97a519e71fc48
requirements-structure.txt,79a321e80a65d9c4d8cc00aea675767bb00027c91e7811cd1e7cb5d9ff167a0c
scripts/05b3_local_quality_GSE286387.py,63548b317a0de32e8edf3bdb307a06e85378356573de56f56039f1ae3b2b4867
scripts/05b4_context_GSE286387.py,1efe17bfc6fe37e96957e66a0a10cde16bc4499b421b1797de7c7cb9b160e6f8
scripts/05b4_validation_support.py,c7f9224e35df1876a5d9720b2158cbd4d2e62f9f9384b69735a81d4d31ad3adb
data/raw/experimental_validation/step05b4/700eafbd7505bb6f535c1ff5ad61ed3be49725d10bb45f405678b2d213528020/6ea9fbd912d21155b3aa32cd371421e650a698aaf39ea4bb6a6e74755b5c4903.xml.gz,9cd9dd97e0a9c7d6a30e29e3ff3a2cb035ffec03120c6479cca9dd45fc5f117e
data/raw/experimental_validation/step05b4/700eafbd7505bb6f535c1ff5ad61ed3be49725d10bb45f405678b2d213528020/6ea9fbd912d21155b3aa32cd371421e650a698aaf39ea4bb6a6e74755b5c4903.metadata.json,1d369d5f9fe096629c6c3f75b4f772ba84176a7afdac15744d3768a56ae146ac
data/raw/experimental_validation/step05b4/700eafbd7505bb6f535c1ff5ad61ed3be49725d10bb45f405678b2d213528020/2edd5ff8c82ab6aa4016db01e9027748c77ec6ec4962c0181bb581d31f614bad.xml.gz,2656227930f1d6b6e372aa9fd34826c461e9ba907f4b36f052db791e37746443
data/raw/experimental_validation/step05b4/700eafbd7505bb6f535c1ff5ad61ed3be49725d10bb45f405678b2d213528020/2edd5ff8c82ab6aa4016db01e9027748c77ec6ec4962c0181bb581d31f614bad.metadata.json,52be4c35fa5399b8a982f978ce9fadb6f22ac5844acac8d652badda3249dc2ff
data/raw/experimental_validation/step05b4/700eafbd7505bb6f535c1ff5ad61ed3be49725d10bb45f405678b2d213528020/846c969fa1dd7c65a6c7bf1c45d348db81241ad76156f56e83db641bf81f0ad6.xml.gz,0161023cec8686fb4120a08ef1df1ee20c808a9e1c9b1a5ce480e55897010eb9
data/raw/experimental_validation/step05b4/700eafbd7505bb6f535c1ff5ad61ed3be49725d10bb45f405678b2d213528020/846c969fa1dd7c65a6c7bf1c45d348db81241ad76156f56e83db641bf81f0ad6.metadata.json,0a9d7a3e62c7d4161e7b92cabef9bf460414b6dc42232b14c68b24e468a6563b
data/raw/experimental_validation/step05b4/700eafbd7505bb6f535c1ff5ad61ed3be49725d10bb45f405678b2d213528020/8e2b212c9223169ca47f7acaa4d8053175195de7b1b120de641dba5135683bd2.xml.gz,5d55b04dc0d5e207c8ff0032a4592d4134fa3fa46d224bef291518c0e2b3f781
data/raw/experimental_validation/step05b4/700eafbd7505bb6f535c1ff5ad61ed3be49725d10bb45f405678b2d213528020/8e2b212c9223169ca47f7acaa4d8053175195de7b1b120de641dba5135683bd2.metadata.json,68967361cb98a7b3bb8b363e060865b769aaa98b678bf10dc0394045bcaed4ce
data/raw/experimental_validation/step05b4/700eafbd7505bb6f535c1ff5ad61ed3be49725d10bb45f405678b2d213528020/1dd5de989caa4ae4a97c87ea94e061b0edbe0df56e0804a7bde2dcb1fc86bbd4.xml.gz,d682c5d3055b19749de30b2952c4eeb2c49040514eb007b9d4f0c9557b9fc27a
data/raw/experimental_validation/step05b4/700eafbd7505bb6f535c1ff5ad61ed3be49725d10bb45f405678b2d213528020/1dd5de989caa4ae4a97c87ea94e061b0edbe0df56e0804a7bde2dcb1fc86bbd4.metadata.json,2ff0301ddec3a82d4877a3768bad119e63432fab33f1195f9e812c6164bebefd
data/raw/experimental_validation/step05b4/700eafbd7505bb6f535c1ff5ad61ed3be49725d10bb45f405678b2d213528020/d7651275c2a06d058917005511c3747e628a8c2a8fbc8fcc07748ceee5c4e39d.xml.gz,95c67896e5baf771410aff0b924cffe6579014fee3f5809adcacacfe074c0ce3
data/raw/experimental_validation/step05b4/700eafbd7505bb6f535c1ff5ad61ed3be49725d10bb45f405678b2d213528020/d7651275c2a06d058917005511c3747e628a8c2a8fbc8fcc07748ceee5c4e39d.metadata.json,bad72189814f0b06405649dd68cb188b551445539c795a8f87dff8fa116023d9
data/raw/experimental_validation/step05b4/700eafbd7505bb6f535c1ff5ad61ed3be49725d10bb45f405678b2d213528020/c3f6b8061e14a5959f12751288423517335f105608a44191c309983efe78c6d0.xml.gz,1c30d314196a46ecde2e9e8b9f6d56e6c81eede934652f780217ceb9c380e589
data/raw/experimental_validation/step05b4/700eafbd7505bb6f535c1ff5ad61ed3be49725d10bb45f405678b2d213528020/c3f6b8061e14a5959f12751288423517335f105608a44191c309983efe78c6d0.metadata.json,45354f71cc373a98b545a6576b759a84de13bddca47c5104e9bb43566f2354f2
data/raw/experimental_validation/step05b4/700eafbd7505bb6f535c1ff5ad61ed3be49725d10bb45f405678b2d213528020/d0ec83e8cd8cd1d8f42512d3bf9d1ab76f7e3c7751f338c16c8ff3a5c28a7d1d.xml.gz,f96f959d0b4b89f6af578254496e66ed9611e96d656630df13f3025ee50bb3ba
data/raw/experimental_validation/step05b4/700eafbd7505bb6f535c1ff5ad61ed3be49725d10bb45f405678b2d213528020/d0ec83e8cd8cd1d8f42512d3bf9d1ab76f7e3c7751f338c16c8ff3a5c28a7d1d.metadata.json,7823b051b32b9d45d94978bd41ae51c0e9c40ff017b81dbe885502a349d4244a
data/raw/experimental_validation/step05b4/700eafbd7505bb6f535c1ff5ad61ed3be49725d10bb45f405678b2d213528020/3c9b84353bbd5bf3ca9c159b50a0aa5952dc48e234dce571a6f8765c80c50846.xml.gz,5aa4e19d3efba2552689e6c94746ea1aed0c91819041afebc7a6c272760962f7
data/raw/experimental_validation/step05b4/700eafbd7505bb6f535c1ff5ad61ed3be49725d10bb45f405678b2d213528020/3c9b84353bbd5bf3ca9c159b50a0aa5952dc48e234dce571a6f8765c80c50846.metadata.json,666cce71185dfe32e71667466479d58d190b85a46017fb2e09e0260a2c576c96
data/raw/experimental_validation/step05b4/700eafbd7505bb6f535c1ff5ad61ed3be49725d10bb45f405678b2d213528020/7a2807c4c948a034f0a350aa8f262eb3d2e57639678ca549f1a092124b9fe753.xml.gz,33c2c684eccb9f679faf0fd1525c1bae13aa69cee1d8c2d774983cfc5da6bb7c
data/raw/experimental_validation/step05b4/700eafbd7505bb6f535c1ff5ad61ed3be49725d10bb45f405678b2d213528020/7a2807c4c948a034f0a350aa8f262eb3d2e57639678ca549f1a092124b9fe753.metadata.json,525f95695cc0f0a4ddbb2c19e23e993ef74ec7ebbd9a52340472be317418afef
data/raw/experimental_validation/step05b4/700eafbd7505bb6f535c1ff5ad61ed3be49725d10bb45f405678b2d213528020/1604d5795b30c23f1af348ff4915e0a5c73717a1a26cd2cc74b87d4ed4f2797c.xml.gz,c164069977300f00f63403a22ebdf7d520342cdc42889241cb5ed92b1aead7a4
data/raw/experimental_validation/step05b4/700eafbd7505bb6f535c1ff5ad61ed3be49725d10bb45f405678b2d213528020/1604d5795b30c23f1af348ff4915e0a5c73717a1a26cd2cc74b87d4ed4f2797c.metadata.json,d2fb05a8d389fc418ddd3af64b65e4674d87e3ad7f9002047fe36783e12eeb86
data/raw/experimental_validation/step05b4/700eafbd7505bb6f535c1ff5ad61ed3be49725d10bb45f405678b2d213528020/f835aa44d0bd0b4bdfd2d55f6c8aa79e0ec94539f86e482d27c4e5b15ad3bd78.xml.gz,cd56bb58e15aa69c3afba2f2cd897d2b8e3c68270d019bf1c57b434b14dfd012
data/raw/experimental_validation/step05b4/700eafbd7505bb6f535c1ff5ad61ed3be49725d10bb45f405678b2d213528020/f835aa44d0bd0b4bdfd2d55f6c8aa79e0ec94539f86e482d27c4e5b15ad3bd78.metadata.json,157a04127d04e288d1a768e6937e93d3e3f00108cc05ff4715fe5a42f6351829
data/raw/experimental_validation/step05b4/700eafbd7505bb6f535c1ff5ad61ed3be49725d10bb45f405678b2d213528020/ebf3e8af585a8309ac3bc29449f2fc2c5b7f9606881c44482d50932fde0345d9.xml.gz,4dc82e72eb7961d861dbaaa63169300287be8ae603da819bc728d4895b605eee
data/raw/experimental_validation/step05b4/700eafbd7505bb6f535c1ff5ad61ed3be49725d10bb45f405678b2d213528020/ebf3e8af585a8309ac3bc29449f2fc2c5b7f9606881c44482d50932fde0345d9.metadata.json,e179fdd2962e1223eee2f8a7de0169ddce1d8ce8f505873f569e78f1734464bd
data/raw/experimental_validation/step05b4/700eafbd7505bb6f535c1ff5ad61ed3be49725d10bb45f405678b2d213528020/7bd1c9e45f041dfe1aef59ddc1b4657ca80e32b697207bd1573e744ddfbd0ba9.xml.gz,daa6b4cb5e4a879110a703af76a484bb87271f2739fe350b7fd0af453f6b3f32
data/raw/experimental_validation/step05b4/700eafbd7505bb6f535c1ff5ad61ed3be49725d10bb45f405678b2d213528020/7bd1c9e45f041dfe1aef59ddc1b4657ca80e32b697207bd1573e744ddfbd0ba9.metadata.json,3cfc0d7088674c056dd0c890bdac02cf62b0bbb245f7d55f25d10080d4af6d27
data/raw/experimental_validation/step05b4/700eafbd7505bb6f535c1ff5ad61ed3be49725d10bb45f405678b2d213528020/88c80a3c978aa86a960347b562f53462c9996a8b7c44d66bf92c189d0a927427.xml.gz,773cb4c57c20a2a5fe29a1861522977e1f3c641758b57f66d65b6ae405963538
data/raw/experimental_validation/step05b4/700eafbd7505bb6f535c1ff5ad61ed3be49725d10bb45f405678b2d213528020/88c80a3c978aa86a960347b562f53462c9996a8b7c44d66bf92c189d0a927427.metadata.json,a2f18df16142228a874aa56b6ae7d722359296b721e8bfd242b6b9b8f2dffdee
data/raw/experimental_validation/step05b4/700eafbd7505bb6f535c1ff5ad61ed3be49725d10bb45f405678b2d213528020/18b82648677671e6a3040567d9c482f90fc590e434d3317df587dc9097224703.xml.gz,9a5fc69f15a24f775bce7abf947475fc81aadf65a28b5714318d3505efe50126
data/raw/experimental_validation/step05b4/700eafbd7505bb6f535c1ff5ad61ed3be49725d10bb45f405678b2d213528020/18b82648677671e6a3040567d9c482f90fc590e434d3317df587dc9097224703.metadata.json,29aae5cb74ad34b2b6740b3cf0896a90dffd4882e3e77e372af389f305292eb1
data/raw/experimental_validation/step05b4/700eafbd7505bb6f535c1ff5ad61ed3be49725d10bb45f405678b2d213528020/311b2c52fcf412e383c7be5ae241ba4a191078251bd2521ddc8bbae5646b1144.xml.gz,5e774d2430efc3547fd7c87f6accf38d282863b4d564ea2c3ec03d6a6d74f067
data/raw/experimental_validation/step05b4/700eafbd7505bb6f535c1ff5ad61ed3be49725d10bb45f405678b2d213528020/311b2c52fcf412e383c7be5ae241ba4a191078251bd2521ddc8bbae5646b1144.metadata.json,8bdacb51f795c143d4148ba22c25a454ac0db6c8ab5bcafc1dbd6cf30854257d
data/raw/experimental_validation/step05b4/700eafbd7505bb6f535c1ff5ad61ed3be49725d10bb45f405678b2d213528020/958cc4e5cc63c22a47aab47794892685029db2710757fec7e5b06e36dfb94fd0.xml.gz,e888abd9ad90c1eac204423ade984d9702150714a151083b40f3714b7c6ba4df
data/raw/experimental_validation/step05b4/700eafbd7505bb6f535c1ff5ad61ed3be49725d10bb45f405678b2d213528020/958cc4e5cc63c22a47aab47794892685029db2710757fec7e5b06e36dfb94fd0.metadata.json,02f2023496969feee3b577737e2a8558282b492366d80fb0fa422e8d7417102f
data/raw/experimental_validation/step05b4/700eafbd7505bb6f535c1ff5ad61ed3be49725d10bb45f405678b2d213528020/4f768a1f57b4183ac55a23aee5189b8d6571fd23b86b5cd8066c4ec8f2921a1b.xml.gz,ee912dd250c5627a3ba47702dc5ceaeee2e031e0d7631963ff50e9de11c61643
data/raw/experimental_validation/step05b4/700eafbd7505bb6f535c1ff5ad61ed3be49725d10bb45f405678b2d213528020/4f768a1f57b4183ac55a23aee5189b8d6571fd23b86b5cd8066c4ec8f2921a1b.metadata.json,05cd075fce4a4f4647936a38d15e94cc8c35cc84332f370025874c2391f5a1dc
data/raw/experimental_validation/step05b4/700eafbd7505bb6f535c1ff5ad61ed3be49725d10bb45f405678b2d213528020/9af95ceb300d09274baa949fafe2bfcf5818a4377491420d998c367358d08272.xml.gz,2dcf7d908bf981285bf70f5749e1f0a96681b669583259a9d91fda266c539997
data/raw/experimental_validation/step05b4/700eafbd7505bb6f535c1ff5ad61ed3be49725d10bb45f405678b2d213528020/9af95ceb300d09274baa949fafe2bfcf5818a4377491420d998c367358d08272.metadata.json,19f39dca5adc5274df583a8e48f8cebf961902a13324b3c913dd14b64da41df0
data/raw/experimental_validation/step05b4/700eafbd7505bb6f535c1ff5ad61ed3be49725d10bb45f405678b2d213528020/6782ce2eb7e493e06cd6fc0c135c9faef55f778a41e12f54bc2ef012ca51998d.xml.gz,31daeb1f15033bddeb5927ccf80c4e973a7fbe4ed8e144947cf0e7d71539e33c
data/raw/experimental_validation/step05b4/700eafbd7505bb6f535c1ff5ad61ed3be49725d10bb45f405678b2d213528020/6782ce2eb7e493e06cd6fc0c135c9faef55f778a41e12f54bc2ef012ca51998d.metadata.json,83220025f3382c11c260c5aeb73c0c0b09c4a44028446fd86573f4688f04026c
data/raw/experimental_validation/step05b4/700eafbd7505bb6f535c1ff5ad61ed3be49725d10bb45f405678b2d213528020/4580136b7e57a24a7769c406eb902bba42002c7cf5f9d338398c26f62c0e8e96.xml.gz,ea891d031cc3b637b95add5aaf65460b36474a0a42f7d8b24c7b38459982ecc7
data/raw/experimental_validation/step05b4/700eafbd7505bb6f535c1ff5ad61ed3be49725d10bb45f405678b2d213528020/4580136b7e57a24a7769c406eb902bba42002c7cf5f9d338398c26f62c0e8e96.metadata.json,bf852442da79b03b6d6181ba4d01b6c325bf026bed795469e770d92742fd2a4a
data/raw/experimental_validation/step05b4/700eafbd7505bb6f535c1ff5ad61ed3be49725d10bb45f405678b2d213528020/be3777e7fb927ad31085cbac88de055737f895e6dc7365592d7fa18f6c70e65c.xml.gz,81274ea954fb9b561bdec8820ddf934fe371e0addd575125e9531b0c26abcd78
data/raw/experimental_validation/step05b4/700eafbd7505bb6f535c1ff5ad61ed3be49725d10bb45f405678b2d213528020/be3777e7fb927ad31085cbac88de055737f895e6dc7365592d7fa18f6c70e65c.metadata.json,38d1bfbb8a9cccfd145fedb882ea2d355702d67fe46c37ef27172605f14459fd
data/raw/experimental_validation/step05b4/700eafbd7505bb6f535c1ff5ad61ed3be49725d10bb45f405678b2d213528020/a666233766de5a8831af7ce645da71b96dd09e564afa21e203ae5e2a0cfdccda.xml.gz,e49d332480d47261ec785406b26aa22e90c512e957db4b161341934c460886e3
data/raw/experimental_validation/step05b4/700eafbd7505bb6f535c1ff5ad61ed3be49725d10bb45f405678b2d213528020/a666233766de5a8831af7ce645da71b96dd09e564afa21e203ae5e2a0cfdccda.metadata.json,d78a368c78b6482105ea4d7a97c727220e98e68d97cd036adb76f0a5a82d7abe
data/raw/experimental_validation/step05b4/700eafbd7505bb6f535c1ff5ad61ed3be49725d10bb45f405678b2d213528020/12dc685e631de1ccefaa0eedcd7c7b4157c5d766f407380af0f9a5db3f94a23d.xml.gz,166a82393981a3c1f7412503758e7a86995390045b43423445539f6791557511
data/raw/experimental_validation/step05b4/700eafbd7505bb6f535c1ff5ad61ed3be49725d10bb45f405678b2d213528020/12dc685e631de1ccefaa0eedcd7c7b4157c5d766f407380af0f9a5db3f94a23d.metadata.json,b18934003975e9aafa5c6e14ca131dcd43aab005dd63e78bab9a2017e5759623
data/raw/experimental_validation/step05b4/700eafbd7505bb6f535c1ff5ad61ed3be49725d10bb45f405678b2d213528020/cdd7e35885694033497fa4f9be4ff28fb9d395c16dba796ccf8d12ae788f8904.xml.gz,3ff1c2e536878d1f62fb8d82896238c1bb32476ef2517f71db2134250c4c9e48
data/raw/experimental_validation/step05b4/700eafbd7505bb6f535c1ff5ad61ed3be49725d10bb45f405678b2d213528020/cdd7e35885694033497fa4f9be4ff28fb9d395c16dba796ccf8d12ae788f8904.metadata.json,6a77cb363cd9cb701c293d07a5223a8b28ce2e284d393a3fecdf64fcced92177
data/raw/experimental_validation/step05b4/700eafbd7505bb6f535c1ff5ad61ed3be49725d10bb45f405678b2d213528020/7bbded0747fa824f3b509e03d4931a4d5fd4fb822bcde3e2f13f32faff5124cd.xml.gz,3de92357d77eb353c9194f803201073bef726ccdd731138c33ef88da35c03cba
data/raw/experimental_validation/step05b4/700eafbd7505bb6f535c1ff5ad61ed3be49725d10bb45f405678b2d213528020/7bbded0747fa824f3b509e03d4931a4d5fd4fb822bcde3e2f13f32faff5124cd.metadata.json,5da51adee13f7cf064a5858f2774938741ff48c4cc13f862ab37fd2eb0324bb5
data/raw/experimental_validation/step05b4/700eafbd7505bb6f535c1ff5ad61ed3be49725d10bb45f405678b2d213528020/bc0fef822f9cfa4e6353aea315225bccfe02268157615eeb7da07f387ccb783a.xml.gz,3a95114455ad4610def035c9d425bb5530ce338fb767e1791d0bf46ccb32aa4e
data/raw/experimental_validation/step05b4/700eafbd7505bb6f535c1ff5ad61ed3be49725d10bb45f405678b2d213528020/bc0fef822f9cfa4e6353aea315225bccfe02268157615eeb7da07f387ccb783a.metadata.json,8d3bbe4d2f9d1f80f451239fce4272f290ce77d47202c93de6a9ea5449a8f1fb
data/raw/experimental_validation/step05b4/700eafbd7505bb6f535c1ff5ad61ed3be49725d10bb45f405678b2d213528020/67fdca36f1794ebbe54170c93582699cc225ba7dabeb594a7036d4bc20c03095.xml.gz,02690abde9b7269acc38d8de3016d31c4cc1df758f4fae955d47323903f6d0f9
data/raw/experimental_validation/step05b4/700eafbd7505bb6f535c1ff5ad61ed3be49725d10bb45f405678b2d213528020/67fdca36f1794ebbe54170c93582699cc225ba7dabeb594a7036d4bc20c03095.metadata.json,6ec8949a6c102e3f0c01cfe05cf4a25ed50d4ff139828b68be7d0c191e8580d4
data/raw/experimental_validation/step05b4/700eafbd7505bb6f535c1ff5ad61ed3be49725d10bb45f405678b2d213528020/4623b6715661a9cb1adaa408d9a66540df33bf5f3eab2b9ab46d58ac59618626.xml.gz,46a0bf9fae1483f9a84e913e584644acb34e589e644cc9c84516fa89b32cf71e
data/raw/experimental_validation/step05b4/700eafbd7505bb6f535c1ff5ad61ed3be49725d10bb45f405678b2d213528020/4623b6715661a9cb1adaa408d9a66540df33bf5f3eab2b9ab46d58ac59618626.metadata.json,4a0084b0d1f06e8e37eb66622d8554706ac12ccbf28b135eee018920e5788dfe
data/raw/experimental_validation/step05b4/700eafbd7505bb6f535c1ff5ad61ed3be49725d10bb45f405678b2d213528020/a2b27a22e32196af88f0aa29ec4d5e9823115657c9353bd738f9b19eb6898dec.xml.gz,4849926eddf7751541e54aa1ea9ba3b3ed13cb18790fe8da84afd539d90361d9
data/raw/experimental_validation/step05b4/700eafbd7505bb6f535c1ff5ad61ed3be49725d10bb45f405678b2d213528020/a2b27a22e32196af88f0aa29ec4d5e9823115657c9353bd738f9b19eb6898dec.metadata.json,3ab745db82b95a1e3fa60ed97c641385628fbf95f05e0efed8e987b8d4996cb4
data/raw/experimental_validation/step05b4/700eafbd7505bb6f535c1ff5ad61ed3be49725d10bb45f405678b2d213528020/42337e71f1acacf7a1d8face36402cdcdd7271825cce9724721be2268c3e1715.xml.gz,7a306d9f54eea4c43989c7634b81b92819c0194b54cd6e90c9b42ea72214b502
data/raw/experimental_validation/step05b4/700eafbd7505bb6f535c1ff5ad61ed3be49725d10bb45f405678b2d213528020/42337e71f1acacf7a1d8face36402cdcdd7271825cce9724721be2268c3e1715.metadata.json,68764c8d6c459e3d8031884659ef45801543ce78f359c3e61114339e664ff979
data/raw/experimental_validation/step05b4/700eafbd7505bb6f535c1ff5ad61ed3be49725d10bb45f405678b2d213528020/5d52c1116dceed00092b1c417dffa795afa4f2881eec33b3c6e56a61ae367740.xml.gz,d2a6ac72af7c7ac6599b3eabbd34743184ac15dd3945c113e3d26f4574313ec4
data/raw/experimental_validation/step05b4/700eafbd7505bb6f535c1ff5ad61ed3be49725d10bb45f405678b2d213528020/5d52c1116dceed00092b1c417dffa795afa4f2881eec33b3c6e56a61ae367740.metadata.json,d40c694ec37fa803a3b865b6f628a0ce94e7194d93ac9cc6491daa6bf67a9406
data/raw/experimental_validation/step05b4/700eafbd7505bb6f535c1ff5ad61ed3be49725d10bb45f405678b2d213528020/2facab1c63cdc7ab6498ffeb52f9e13e2cb23c1c80ace4cd231aaaacb7f98a67.xml.gz,500b3fbbddd8875c80970b7cf480ad36ed180a803cfd46d16ad53b94e115664c
data/raw/experimental_validation/step05b4/700eafbd7505bb6f535c1ff5ad61ed3be49725d10bb45f405678b2d213528020/2facab1c63cdc7ab6498ffeb52f9e13e2cb23c1c80ace4cd231aaaacb7f98a67.metadata.json,8b4210fbe2a10bb2247b85c6d09b66b17dcd2a3dff33cc2ba57982537fd5b14d
data/raw/experimental_validation/step05b4/700eafbd7505bb6f535c1ff5ad61ed3be49725d10bb45f405678b2d213528020/1217d12163dd919980dedc154a4436e3ff98c1482593a6ded4b57ec5356fce01.xml.gz,af260a183a879770b0d580bfcf0c60f5593c0375dd8f15e5f4def32b37455760
data/raw/experimental_validation/step05b4/700eafbd7505bb6f535c1ff5ad61ed3be49725d10bb45f405678b2d213528020/1217d12163dd919980dedc154a4436e3ff98c1482593a6ded4b57ec5356fce01.metadata.json,8b3db626e3c5082c2b4abbc5c6166c32fb6ac1c69a41281f96afdf931bda7fd6
data/raw/experimental_validation/step05b4/700eafbd7505bb6f535c1ff5ad61ed3be49725d10bb45f405678b2d213528020/cae53ed9a03c4f7e0c9620b53a62b8f804ac7c2feec0e5f90cbf950888a580e0.xml.gz,f835eecdad9529b160ee9d9f39eec36c362f5819fb28db6718d0a8b964de6005
data/raw/experimental_validation/step05b4/700eafbd7505bb6f535c1ff5ad61ed3be49725d10bb45f405678b2d213528020/cae53ed9a03c4f7e0c9620b53a62b8f804ac7c2feec0e5f90cbf950888a580e0.metadata.json,be28086b38073e224e3df8c591b4bda6e10ee57b69188f68cb8a94d7a70af6c1
data/raw/experimental_validation/step05b4/700eafbd7505bb6f535c1ff5ad61ed3be49725d10bb45f405678b2d213528020/c759325bf7d40f7d0f67edbd9d469b370b5ac922d75e8875290095addfe18b78.xml.gz,d5fb3170d04385c249dcba3a744d4310beefb320cedc448c77864c69a55adbca
data/raw/experimental_validation/step05b4/700eafbd7505bb6f535c1ff5ad61ed3be49725d10bb45f405678b2d213528020/c759325bf7d40f7d0f67edbd9d469b370b5ac922d75e8875290095addfe18b78.metadata.json,f720235f273abc297b97ee94a47d5cd0fedd470f87c3ead4e2cf100a4dd4484a
data/raw/experimental_validation/step05b4/700eafbd7505bb6f535c1ff5ad61ed3be49725d10bb45f405678b2d213528020/b8396baa20200f7044f8b9fd66713d8b0d311457b91e8dd0ca7a915a3adf185c.xml.gz,371480e5f49df641fa331e558a51b74d20d2ac9694790127e7c318c93bc05130
data/raw/experimental_validation/step05b4/700eafbd7505bb6f535c1ff5ad61ed3be49725d10bb45f405678b2d213528020/b8396baa20200f7044f8b9fd66713d8b0d311457b91e8dd0ca7a915a3adf185c.metadata.json,23693c6265f76b61aa6ef9ad8438e9ad4fc3cda96acbb38fc7b9dd5e378ec280
data/raw/experimental_validation/step05b4/700eafbd7505bb6f535c1ff5ad61ed3be49725d10bb45f405678b2d213528020/5a6330aa4da745acdf326ea2223c0d63cbd1ee0b2be7987359bd9e71eedb91e1.xml.gz,c5750d602538ad1df2f4dedf44887c44f60f714778c22ac148470823ffdcb95b
data/raw/experimental_validation/step05b4/700eafbd7505bb6f535c1ff5ad61ed3be49725d10bb45f405678b2d213528020/5a6330aa4da745acdf326ea2223c0d63cbd1ee0b2be7987359bd9e71eedb91e1.metadata.json,4869fb25e54006a9cd2a9465c66619338a8b27f226bfd0dc1ae9b5cd3c00a7a8
data/raw/experimental_validation/step05b4/700eafbd7505bb6f535c1ff5ad61ed3be49725d10bb45f405678b2d213528020/080258733fc577bd6a3032d724798def8e784b4de04569222eb34d07a1113ef9.xml.gz,9bedb183b725f28a04b1008e6f428c84ffeee123f11781c15a8d56237f755b78
data/raw/experimental_validation/step05b4/700eafbd7505bb6f535c1ff5ad61ed3be49725d10bb45f405678b2d213528020/080258733fc577bd6a3032d724798def8e784b4de04569222eb34d07a1113ef9.metadata.json,b66f9cc03f6048738c7fc9a40fb9095e5e649a1dee986298d72a3382ad3ca7a3
data/raw/experimental_validation/step05b4/700eafbd7505bb6f535c1ff5ad61ed3be49725d10bb45f405678b2d213528020/a8abdd48b8ab279e7b2dccc5bdf06b9bc89dd993aeeae40abe1998798780ef0f.xml.gz,fd928055e15ce7f1ce99201ebfe9908b9a793c63d272074ad50030a6473c091d
data/raw/experimental_validation/step05b4/700eafbd7505bb6f535c1ff5ad61ed3be49725d10bb45f405678b2d213528020/a8abdd48b8ab279e7b2dccc5bdf06b9bc89dd993aeeae40abe1998798780ef0f.metadata.json,ce743c5fc249e657f1bc0fabff30ee9f24b60bc30828b56b5c29665c00a3006c
data/raw/experimental_validation/step05b4/700eafbd7505bb6f535c1ff5ad61ed3be49725d10bb45f405678b2d213528020/9b2bcd4e9e249b0232d07209c5c3190b5188f3342f3a5388053865376958bfb3.xml.gz,d030e2fa53e99fc9933cc104eb4371618ac8aa666f961809348fdb0e1c8c94af
data/raw/experimental_validation/step05b4/700eafbd7505bb6f535c1ff5ad61ed3be49725d10bb45f405678b2d213528020/9b2bcd4e9e249b0232d07209c5c3190b5188f3342f3a5388053865376958bfb3.metadata.json,38ccf811733021848add67a6ebaf137d094f0ff1e4918fe98159374526cae355
data/raw/experimental_validation/step05b4/700eafbd7505bb6f535c1ff5ad61ed3be49725d10bb45f405678b2d213528020/dac65638345638a7907624f4a151df0e152c9d59eb43938e374a01eb5705a819.xml.gz,dac5e1816871ea6e5558141a40e295326c3f4282c691c5668e22933548dcba29
data/raw/experimental_validation/step05b4/700eafbd7505bb6f535c1ff5ad61ed3be49725d10bb45f405678b2d213528020/dac65638345638a7907624f4a151df0e152c9d59eb43938e374a01eb5705a819.metadata.json,d6b913bf137306b41cd1aaddfdef3ba8c4180ca3f06614beeb50e937fcfe5ca2
data/raw/experimental_validation/step05b4/700eafbd7505bb6f535c1ff5ad61ed3be49725d10bb45f405678b2d213528020/64785e6088a761dd37dd1820ac171f5b25960e268c29fd64dd9cda54fbe2c2ac.xml.gz,ac0d33539f42f638b343e4608277f8b7b098f21b74d7e8bc67f80b5df9760adc
data/raw/experimental_validation/step05b4/700eafbd7505bb6f535c1ff5ad61ed3be49725d10bb45f405678b2d213528020/64785e6088a761dd37dd1820ac171f5b25960e268c29fd64dd9cda54fbe2c2ac.metadata.json,d7522e4cc2005787b0b55ec7ce41aa68ff789ab9988e1b902ee2194176781795
data/raw/experimental_validation/step05b4/700eafbd7505bb6f535c1ff5ad61ed3be49725d10bb45f405678b2d213528020/779c7faec1e576133c58dc3b273627c8f05c138a0b50301ae17470841a6038d2.xml.gz,0aed53c8b05339471257abccaa148f2a1ef59c082fecc75fccc6d5022dd67b50
data/raw/experimental_validation/step05b4/700eafbd7505bb6f535c1ff5ad61ed3be49725d10bb45f405678b2d213528020/779c7faec1e576133c58dc3b273627c8f05c138a0b50301ae17470841a6038d2.metadata.json,9639658427579b893a6b34e7a71de0b378381d81438e4c9a0b35ac944743b2a5
data/raw/experimental_validation/step05b4/700eafbd7505bb6f535c1ff5ad61ed3be49725d10bb45f405678b2d213528020/aecc425b9d432bf56bd72e64c1bc85e39104332dde831455ba45e2df45938155.xml.gz,2288f34c5d21d62c321c6185e733048a553f703dc247ad3e5fe4827a4238fcf9
data/raw/experimental_validation/step05b4/700eafbd7505bb6f535c1ff5ad61ed3be49725d10bb45f405678b2d213528020/aecc425b9d432bf56bd72e64c1bc85e39104332dde831455ba45e2df45938155.metadata.json,0a9f30a1c4e672d6b1059b7b4eb9397e4ba7e09f515fae7aa78b281df4372f5c
data/raw/experimental_validation/step05b4/700eafbd7505bb6f535c1ff5ad61ed3be49725d10bb45f405678b2d213528020/53060adaa942722ebd83d73a59e005114d357a4bef2c4a2a21a7a6f305a15df1.xml.gz,8f05bbb59986459537108fe1dda09ed92a8b5aeb1490b1450c346441cb0e5409
data/raw/experimental_validation/step05b4/700eafbd7505bb6f535c1ff5ad61ed3be49725d10bb45f405678b2d213528020/53060adaa942722ebd83d73a59e005114d357a4bef2c4a2a21a7a6f305a15df1.metadata.json,ef201b8d7b87efd4addf475602e59a8e7fce068bac98077b314a62618c6da5fc
data/raw/experimental_validation/step05b4/700eafbd7505bb6f535c1ff5ad61ed3be49725d10bb45f405678b2d213528020/a822e7caa94149fb3054851083042ff274f1ca19a9b75022862b273c957cf277.xml.gz,84ab31d91948b4c7ec5de3143a7d238a9843d0cba5ffadb9f33847c3c567de44
data/raw/experimental_validation/step05b4/700eafbd7505bb6f535c1ff5ad61ed3be49725d10bb45f405678b2d213528020/a822e7caa94149fb3054851083042ff274f1ca19a9b75022862b273c957cf277.metadata.json,e517e7bb947f7dfa276ca094c23337650992e36509ea1121b4323ddd72b33900
data/raw/experimental_validation/step05b4/700eafbd7505bb6f535c1ff5ad61ed3be49725d10bb45f405678b2d213528020/53cfcfc0ed61d58ed4f8f47167cc7506d80efdbf03637f7de73cbbf41a725163.xml.gz,876ae664ea9457da28c7b082537b78d1fd42dca3597eb4b18560895e7f8d4c5f
data/raw/experimental_validation/step05b4/700eafbd7505bb6f535c1ff5ad61ed3be49725d10bb45f405678b2d213528020/53cfcfc0ed61d58ed4f8f47167cc7506d80efdbf03637f7de73cbbf41a725163.metadata.json,463b79b675b2288d73ebb2f8fd434a74b47e3acd30c2e7d741f760db5e5caf82
data/raw/experimental_validation/step05b4/700eafbd7505bb6f535c1ff5ad61ed3be49725d10bb45f405678b2d213528020/e91344a3c09efb1684682a181b5b451819e781ba2fd9d37732a235d9f40f112c.xml.gz,0813d1ba1f13949d4479e6c5bdf6e445b0fd2688a2f0642802fdf8b4ba801528
data/raw/experimental_validation/step05b4/700eafbd7505bb6f535c1ff5ad61ed3be49725d10bb45f405678b2d213528020/e91344a3c09efb1684682a181b5b451819e781ba2fd9d37732a235d9f40f112c.metadata.json,bbd7679ca46e824d3b772f5c14658b34156da43d7e787ddcdf82cc2d5665989f
data/raw/experimental_validation/step05b4/700eafbd7505bb6f535c1ff5ad61ed3be49725d10bb45f405678b2d213528020/1f2b72a0227f15cb8b48c71cc45422221c26741fe1abeaff6f79e85df0b78ffd.xml.gz,316db61f609f96bd80f1f742915b713c291445f1b7a4f885c462f9575643db04
data/raw/experimental_validation/step05b4/700eafbd7505bb6f535c1ff5ad61ed3be49725d10bb45f405678b2d213528020/1f2b72a0227f15cb8b48c71cc45422221c26741fe1abeaff6f79e85df0b78ffd.metadata.json,f1928aa07f0b11cc7217c6d417f6e7055c029afbcae49cc2707deb40bcb030ae
data/raw/experimental_validation/step05b4/700eafbd7505bb6f535c1ff5ad61ed3be49725d10bb45f405678b2d213528020/e8f5a83ffd32c6e28259f7e793e9db7f7e3218946f3af23b05a841f00de09daa.xml.gz,5c551d3a3ef9892272be9ca69e6997a03c033db957f6c5cc21157a9583dfee27
data/raw/experimental_validation/step05b4/700eafbd7505bb6f535c1ff5ad61ed3be49725d10bb45f405678b2d213528020/e8f5a83ffd32c6e28259f7e793e9db7f7e3218946f3af23b05a841f00de09daa.metadata.json,e5c61b1c69d005bf7ee61143c3674f95e28b73032329561627fe7c919f4683af
data/raw/experimental_validation/step05b4/700eafbd7505bb6f535c1ff5ad61ed3be49725d10bb45f405678b2d213528020/8e2dda7c5d78e6cf0c01713ea161a73704d5ad15b51f1582ca9f6881e3678a11.xml.gz,812a5512d31010037dd741b60d1a88972ba098445b74dead96419d2800831a25
data/raw/experimental_validation/step05b4/700eafbd7505bb6f535c1ff5ad61ed3be49725d10bb45f405678b2d213528020/8e2dda7c5d78e6cf0c01713ea161a73704d5ad15b51f1582ca9f6881e3678a11.metadata.json,54f93f5bde5e7955fe4647c59b49c9abb35b761e70fa38a348cf2e31d444f563
data/raw/experimental_validation/step05b4/700eafbd7505bb6f535c1ff5ad61ed3be49725d10bb45f405678b2d213528020/22621a088550c5443d62980807fa107d1f6413df1dd3268ef13b6b6c2b32900f.xml.gz,297119a5a1a26d83276d7fe6f98a34ae8c755e5494794df91ce8b084afefc0d1
data/raw/experimental_validation/step05b4/700eafbd7505bb6f535c1ff5ad61ed3be49725d10bb45f405678b2d213528020/22621a088550c5443d62980807fa107d1f6413df1dd3268ef13b6b6c2b32900f.metadata.json,4f03a2fc58dbdc9a0e9914d2a4421450babc8129cae1fb6743fe0008600f8b69
data/raw/experimental_validation/step05b4/700eafbd7505bb6f535c1ff5ad61ed3be49725d10bb45f405678b2d213528020/e0ec9febcc1c0f9d1807cbed4dc9941872b419f51104ba05866730d2be7c1ba2.xml.gz,1bbed9f96e434d87e09c437a18d9bd8286f346a8fb3cd823cbe7ab31b596370f
data/raw/experimental_validation/step05b4/700eafbd7505bb6f535c1ff5ad61ed3be49725d10bb45f405678b2d213528020/e0ec9febcc1c0f9d1807cbed4dc9941872b419f51104ba05866730d2be7c1ba2.metadata.json,914329928a15ca8628f5757a6490473a5435e625253856aafe43bf707c341033
data/raw/experimental_validation/step05b4/700eafbd7505bb6f535c1ff5ad61ed3be49725d10bb45f405678b2d213528020/923232ad8bb8670a30581753b114946adf820e74fa55ff0b73f16d1f7cbebb34.xml.gz,5bc05802fd5b9f45ecf8f6261ba8a5cf1df64580065e6de4aa4d563c961cbcd4
data/raw/experimental_validation/step05b4/700eafbd7505bb6f535c1ff5ad61ed3be49725d10bb45f405678b2d213528020/923232ad8bb8670a30581753b114946adf820e74fa55ff0b73f16d1f7cbebb34.metadata.json,8126f8f46db4e2fc801389687d74dbbfabc5896faa1c2293cc1ff325a11035fb
data/raw/experimental_validation/step05b4/700eafbd7505bb6f535c1ff5ad61ed3be49725d10bb45f405678b2d213528020/5264f6013f41527f47f8047ef1c44f6154a5ddeb6abc72df7279ca63872af43f.xml.gz,c1ddd9bc42163c26c851d8d41bb148108bd99ce5ea56f44485f7bc79c7abb157
data/raw/experimental_validation/step05b4/700eafbd7505bb6f535c1ff5ad61ed3be49725d10bb45f405678b2d213528020/5264f6013f41527f47f8047ef1c44f6154a5ddeb6abc72df7279ca63872af43f.metadata.json,5ab6a790e3398da42ec13f4d2c543eb6f574b08a3fe7d5eae0c9b666ba4a1b5c
data/raw/experimental_validation/step05b4/700eafbd7505bb6f535c1ff5ad61ed3be49725d10bb45f405678b2d213528020/279b58bc202fef705ba97f4c8bcc2f7af5dc23e3d8a73a94dd53aba6227ad1f3.xml.gz,46dbcdcd03378cd42357db0f3de0fb4e09ad1ef3180da643d7c29125d001b657
data/raw/experimental_validation/step05b4/700eafbd7505bb6f535c1ff5ad61ed3be49725d10bb45f405678b2d213528020/279b58bc202fef705ba97f4c8bcc2f7af5dc23e3d8a73a94dd53aba6227ad1f3.metadata.json,82ec94d8be1f3392af9f071fd5a904176d013503cabf23dcbe93baf1701b13da
data/raw/experimental_validation/step05b4/700eafbd7505bb6f535c1ff5ad61ed3be49725d10bb45f405678b2d213528020/20c2f6db5554761b3d429dfcc356a9ad05dfa3d2e7b2bd728eab6c2e10860b75.xml.gz,f80dcc6456127a3f60b7df6870d35411594495afe55022cb52b1a46c63427f1f
data/raw/experimental_validation/step05b4/700eafbd7505bb6f535c1ff5ad61ed3be49725d10bb45f405678b2d213528020/20c2f6db5554761b3d429dfcc356a9ad05dfa3d2e7b2bd728eab6c2e10860b75.metadata.json,41c65bdbc9ba10aad78fc2d7069b564ec077ab25b695e2957f8db06d00fb632c
data/raw/experimental_validation/step05b4/700eafbd7505bb6f535c1ff5ad61ed3be49725d10bb45f405678b2d213528020/91ac2e22f457c820846be660b6b3bde58d610d103f593abf47084530817dd1fa.xml.gz,8c879ba1137477d4adc4d30681dd8164059de1d3b5a012b7e15c11fcc50f84f6
data/raw/experimental_validation/step05b4/700eafbd7505bb6f535c1ff5ad61ed3be49725d10bb45f405678b2d213528020/91ac2e22f457c820846be660b6b3bde58d610d103f593abf47084530817dd1fa.metadata.json,6a1c5cfb75f91b91860ca43142905ccd59418282919d15f7edc46bf35ca10c4d
data/raw/experimental_validation/step05b4/700eafbd7505bb6f535c1ff5ad61ed3be49725d10bb45f405678b2d213528020/4768cf300a02ae4832fc5b66bbcf144f399dbad9216f10dea03394b8785c1d89.xml.gz,04f6dbbb74db30b753d0b7873a680656b399a19cb4579b7c6bdf8f0c61200b5d
data/raw/experimental_validation/step05b4/700eafbd7505bb6f535c1ff5ad61ed3be49725d10bb45f405678b2d213528020/4768cf300a02ae4832fc5b66bbcf144f399dbad9216f10dea03394b8785c1d89.metadata.json,a75dd124943cc022300f6fd6a2939a2b156d196a50522e025a0c5fbdfa39f2be
data/raw/experimental_validation/step05b4/700eafbd7505bb6f535c1ff5ad61ed3be49725d10bb45f405678b2d213528020/73e54373918493d638cf362bcb2aae4b5a767cf6b85c7fc3dc363d3e7884dec9.xml.gz,24bb1f10b7e7de036b4d0c2355e40dcb47f4671425758ef7edcdc41e7585ad5e
data/raw/experimental_validation/step05b4/700eafbd7505bb6f535c1ff5ad61ed3be49725d10bb45f405678b2d213528020/73e54373918493d638cf362bcb2aae4b5a767cf6b85c7fc3dc363d3e7884dec9.metadata.json,1bbc9700ff69031d9a9d8db06b04a3cc1597657d9758fd8ae930ca0ec6ff80a2
data/raw/experimental_validation/step05b4/700eafbd7505bb6f535c1ff5ad61ed3be49725d10bb45f405678b2d213528020/23a3289a0197a9c22db62553827c3e93f9c4c8cddff6fe87516e6e56b8dd4cd6.xml.gz,aa21fc864c98214c59db66c62d41a7b0b3d570081217d31c47b96eee63112740
data/raw/experimental_validation/step05b4/700eafbd7505bb6f535c1ff5ad61ed3be49725d10bb45f405678b2d213528020/23a3289a0197a9c22db62553827c3e93f9c4c8cddff6fe87516e6e56b8dd4cd6.metadata.json,3c1e5af942c6b386581333a57d0b312ced214b298274025a1082c11b80127260
data/raw/experimental_validation/step05b4/700eafbd7505bb6f535c1ff5ad61ed3be49725d10bb45f405678b2d213528020/551c2d5aa07d7ddb3424bf2c9afa777297e9aa46d2ff551cd44eb04ffd9359f3.xml.gz,a7b9c960af1bd2b2c119d524794e881ef0c05b90863487f6d8a1cacd44bf19be
data/raw/experimental_validation/step05b4/700eafbd7505bb6f535c1ff5ad61ed3be49725d10bb45f405678b2d213528020/551c2d5aa07d7ddb3424bf2c9afa777297e9aa46d2ff551cd44eb04ffd9359f3.metadata.json,fbeb185aa488310e41c98657dd3790806a4b06639bcc17d9baea5e95cd1cd03e
data/raw/experimental_validation/step05b4/700eafbd7505bb6f535c1ff5ad61ed3be49725d10bb45f405678b2d213528020/21a5e69bbf23245b4c2a82d8ba08d0985b923bee7a707192e7626c5143642ead.xml.gz,0efde7da651c408399d303c6e6654aa1c4edf8a3b4f9d3b47fe60b7ecbaae94a
data/raw/experimental_validation/step05b4/700eafbd7505bb6f535c1ff5ad61ed3be49725d10bb45f405678b2d213528020/21a5e69bbf23245b4c2a82d8ba08d0985b923bee7a707192e7626c5143642ead.metadata.json,6dfaa4eb266acdf35bf9600df45061b0944b82d406ced08a6ddef1a73c8cde30
data/raw/experimental_validation/step05b4/700eafbd7505bb6f535c1ff5ad61ed3be49725d10bb45f405678b2d213528020/e88f8be3a40bad864708d2d116040f9408e7cb8e35cddcf7248fd375aded1cff.xml.gz,0014842e2e0875b302d1d0bd9a320c3f269874511f2928845ee26e3cddfc3b55
data/raw/experimental_validation/step05b4/700eafbd7505bb6f535c1ff5ad61ed3be49725d10bb45f405678b2d213528020/e88f8be3a40bad864708d2d116040f9408e7cb8e35cddcf7248fd375aded1cff.metadata.json,dc8a7bf9337ec247da7de5afd3ce2be7109ceb899ff395d0b112f5fd4d90ca54
data/raw/experimental_validation/step05b4/700eafbd7505bb6f535c1ff5ad61ed3be49725d10bb45f405678b2d213528020/ef10f0b1a6e493fb9253a5744a39b1a886b5dd0e73722f142461663862479e04.xml.gz,7d990dc4cedf480735dbc40f25c45270fea39d63b5e2eac34ab823a1a531a57b
data/raw/experimental_validation/step05b4/700eafbd7505bb6f535c1ff5ad61ed3be49725d10bb45f405678b2d213528020/ef10f0b1a6e493fb9253a5744a39b1a886b5dd0e73722f142461663862479e04.metadata.json,006bc4cd722242b0d7bfcd1cc35d3ab3919289f92d22d8b2876680f2050ed0a0
data/raw/experimental_validation/step05b4/700eafbd7505bb6f535c1ff5ad61ed3be49725d10bb45f405678b2d213528020/0209785a20a05d18913b291be8931a261c71651e3121ccdd3a0f5309b94f46ce.xml.gz,800131e783458cc5cd1dae198636a4621e9fbadf32c801210e80b9c98ac598d0
data/raw/experimental_validation/step05b4/700eafbd7505bb6f535c1ff5ad61ed3be49725d10bb45f405678b2d213528020/0209785a20a05d18913b291be8931a261c71651e3121ccdd3a0f5309b94f46ce.metadata.json,eebb70da01d37dd6f64b009f51ac6170e0777f1b3f058289f14e950108a79be0
data/raw/experimental_validation/step05b4/700eafbd7505bb6f535c1ff5ad61ed3be49725d10bb45f405678b2d213528020/549810529302c45f7873836077a2d76de6062f377b821c0efc8b71a33739db62.xml.gz,d5def6e149597e1530364efaefa70184dba155c427efd66ba0a4d19d1926464a
data/raw/experimental_validation/step05b4/700eafbd7505bb6f535c1ff5ad61ed3be49725d10bb45f405678b2d213528020/549810529302c45f7873836077a2d76de6062f377b821c0efc8b71a33739db62.metadata.json,7f0095ccac4167be8decb4539d2a70135885dd49c65f22328323b31f28010e05
data/raw/experimental_validation/step05b4/700eafbd7505bb6f535c1ff5ad61ed3be49725d10bb45f405678b2d213528020/cad80772baae3d96597c0d8a92401036ae8d54c31ea760da6632bacce3131743.xml.gz,ea24f3da0d4ec02193e00cc2f12c1bc81626f9137d350e04999fdf1c101ae8d6
data/raw/experimental_validation/step05b4/700eafbd7505bb6f535c1ff5ad61ed3be49725d10bb45f405678b2d213528020/cad80772baae3d96597c0d8a92401036ae8d54c31ea760da6632bacce3131743.metadata.json,cc290742097d0af53b6942e70b9143f1ed92f58c30f91e4534ef8ff21eaffaf2
data/raw/experimental_validation/step05b4/700eafbd7505bb6f535c1ff5ad61ed3be49725d10bb45f405678b2d213528020/a26b2f011130e7b8634f98f68fbcbb26f80c470b57bb2e22549c1cf17047bfaf.xml.gz,e3e877b3cee379caff46d6cad6d8303dcee30062e6ee9a330810713a9f90ae60
data/raw/experimental_validation/step05b4/700eafbd7505bb6f535c1ff5ad61ed3be49725d10bb45f405678b2d213528020/a26b2f011130e7b8634f98f68fbcbb26f80c470b57bb2e22549c1cf17047bfaf.metadata.json,fc3721aa324289b1372f0c1a1625cc3dbe51b8b6f551dfc616eeac0f966dbf8b
data/raw/experimental_validation/step05b4/700eafbd7505bb6f535c1ff5ad61ed3be49725d10bb45f405678b2d213528020/8601ff001a01cf1451b58951c19e8c47ba60e179ddb2f0f0058f2e121e778d94.xml.gz,9078ff6acd60e4735e848a4ed3cb941501a1764dffe10fc02d084955e2cd7a68
data/raw/experimental_validation/step05b4/700eafbd7505bb6f535c1ff5ad61ed3be49725d10bb45f405678b2d213528020/8601ff001a01cf1451b58951c19e8c47ba60e179ddb2f0f0058f2e121e778d94.metadata.json,d968d3f74cced713b944230b4d5e5f34c9613d80bf448066b1665aba22dcd64a
data/raw/experimental_validation/step05b4/700eafbd7505bb6f535c1ff5ad61ed3be49725d10bb45f405678b2d213528020/94bce7b0d5173d548afe29b5014b2fb6bc6cdcda556cba8df37a73a4a193e8e1.xml.gz,d1d44738b3ce695fe2f3043c470e1673d63b1d65a4b50094d5e9d3e4d67c6892
data/raw/experimental_validation/step05b4/700eafbd7505bb6f535c1ff5ad61ed3be49725d10bb45f405678b2d213528020/94bce7b0d5173d548afe29b5014b2fb6bc6cdcda556cba8df37a73a4a193e8e1.metadata.json,dbf3c233d453a74469145ec29369b38e5a41c41d0d0218f8e6e1351971c94c21
data/raw/experimental_validation/step05b4/700eafbd7505bb6f535c1ff5ad61ed3be49725d10bb45f405678b2d213528020/cc2b849417e5df8d699b4f866186718531e33e3fd52c80d2fe832e43b5bba10c.xml.gz,8ae5e7a771d0aba7c3882fbb2479529a61e6ceeebb0d4d22f08dd56a52d68d31
data/raw/experimental_validation/step05b4/700eafbd7505bb6f535c1ff5ad61ed3be49725d10bb45f405678b2d213528020/cc2b849417e5df8d699b4f866186718531e33e3fd52c80d2fe832e43b5bba10c.metadata.json,bad9f0540797d79475bf2ba4aecb84e90ea50f60ab5c576b96f69433fa346bab
data/raw/experimental_validation/step05b4/700eafbd7505bb6f535c1ff5ad61ed3be49725d10bb45f405678b2d213528020/b85e0d9396e851b5a263dc1292d2e56bfecfab4dd5ba6a5be2cead48dcc3fe88.xml.gz,6aab053a7b8ad949b89e78ec8d0c6ad0a6e876d7ec4018088e411c98d4417afa
data/raw/experimental_validation/step05b4/700eafbd7505bb6f535c1ff5ad61ed3be49725d10bb45f405678b2d213528020/b85e0d9396e851b5a263dc1292d2e56bfecfab4dd5ba6a5be2cead48dcc3fe88.metadata.json,f77b41bdc0047738610995dc757c635ede1730552f0649924ad3cef68a396633
data/raw/experimental_validation/step05b4/700eafbd7505bb6f535c1ff5ad61ed3be49725d10bb45f405678b2d213528020/e6c8ff42c60c8406bdfe1385ad4a8fe7b156a502de0537486fcca9c3f63418fc.xml.gz,e53fdc2d0e18b73e5a9f9a351ce4832ca63162593c5b4ae5fc731622e2c91376
data/raw/experimental_validation/step05b4/700eafbd7505bb6f535c1ff5ad61ed3be49725d10bb45f405678b2d213528020/e6c8ff42c60c8406bdfe1385ad4a8fe7b156a502de0537486fcca9c3f63418fc.metadata.json,80451aea6c62b26e83a1b604264063b790cd07752f0b0893317af509ed7a480f
data/raw/experimental_validation/step05b4/700eafbd7505bb6f535c1ff5ad61ed3be49725d10bb45f405678b2d213528020/868798898bead2ac689cc73bbf1a029ec95c88982c96381178da11aa492a970b.xml.gz,0e4749cf1f30ae89353d466cb926385bf58a5339b96329fadfda4ff72c4c41c8
data/raw/experimental_validation/step05b4/700eafbd7505bb6f535c1ff5ad61ed3be49725d10bb45f405678b2d213528020/868798898bead2ac689cc73bbf1a029ec95c88982c96381178da11aa492a970b.metadata.json,753e12711152754ad64605ca3aab9fc789689f529038e213018dc95a1d5975a4
data/raw/experimental_validation/step05b4/700eafbd7505bb6f535c1ff5ad61ed3be49725d10bb45f405678b2d213528020/47c189e0ef980ff9058cccb5dba503de3655f8f978488e2d1fede664c272edb9.xml.gz,3ec6f9153ff80ce1a864c47041622efcf8830e1db7f308c1ef6c781dbe5f7704
data/raw/experimental_validation/step05b4/700eafbd7505bb6f535c1ff5ad61ed3be49725d10bb45f405678b2d213528020/47c189e0ef980ff9058cccb5dba503de3655f8f978488e2d1fede664c272edb9.metadata.json,2443bd5d055da6d0696bd1bf904a2b1977df01786dcc8c550b220532904bfd10
data/raw/experimental_validation/step05b4/700eafbd7505bb6f535c1ff5ad61ed3be49725d10bb45f405678b2d213528020/d609b58f5aef01ef8b3035aa93fd8c7f7434c95e9d504bc2a27bfb841e6fef9f.xml.gz,9eafe05836d0090f2a5b14fb617cfcb926af4a2592d985b676403b88a416f87e
data/raw/experimental_validation/step05b4/700eafbd7505bb6f535c1ff5ad61ed3be49725d10bb45f405678b2d213528020/d609b58f5aef01ef8b3035aa93fd8c7f7434c95e9d504bc2a27bfb841e6fef9f.metadata.json,2aa43e19cec831947fa896f7dc257f7f1bf9cf251c7ae38fb89ac769ce950851
data/raw/experimental_validation/step05b4/700eafbd7505bb6f535c1ff5ad61ed3be49725d10bb45f405678b2d213528020/a03ff092306c7e090bf6d2c3b766d7e7e5e42ca9e327d8de6de64aca70654bf5.xml.gz,fc01c3c449cffc2091ec87e28257acbec0dd1fd966d7c949da71e4ec0371df27
data/raw/experimental_validation/step05b4/700eafbd7505bb6f535c1ff5ad61ed3be49725d10bb45f405678b2d213528020/a03ff092306c7e090bf6d2c3b766d7e7e5e42ca9e327d8de6de64aca70654bf5.metadata.json,5916355907b5ee6f2f8df4d4c341917c92571da4fa7cba16eba6c96ebde42515
data/raw/experimental_validation/step05b4/700eafbd7505bb6f535c1ff5ad61ed3be49725d10bb45f405678b2d213528020/43134dc50e81853529cf7bf95e746c05cb7c4b57b58c054e4ebcba73a33452d5.xml.gz,469c0ee4f352c7defed5f138137c7aaadad6023fea9cf344be934b14b13a1469
data/raw/experimental_validation/step05b4/700eafbd7505bb6f535c1ff5ad61ed3be49725d10bb45f405678b2d213528020/43134dc50e81853529cf7bf95e746c05cb7c4b57b58c054e4ebcba73a33452d5.metadata.json,81d559a9cc9d462d860d92532a68c742b58694b38b2fb5b56e7857ecb09548f8
data/raw/experimental_validation/step05b4/700eafbd7505bb6f535c1ff5ad61ed3be49725d10bb45f405678b2d213528020/efec6480474bdcb3935050d791d8338dc8e8464737898b2fb41fa6137b412173.xml.gz,30ee72a466745b056747e34669fd6fc83df0d20986464e45b995b01239a48c9f
data/raw/experimental_validation/step05b4/700eafbd7505bb6f535c1ff5ad61ed3be49725d10bb45f405678b2d213528020/efec6480474bdcb3935050d791d8338dc8e8464737898b2fb41fa6137b412173.metadata.json,07f7105bcf2906a7929af64c3db0185c2f0afa6e215507d43cc47e2f50b1a6d5
data/raw/experimental_validation/step05b4/700eafbd7505bb6f535c1ff5ad61ed3be49725d10bb45f405678b2d213528020/0aea734c6a52f8ab355c9bd647444d9bd385ed1d714d8f3e9652955f514d005a.xml.gz,d7c02a77912ca791e07a86b2dc87af9cf8e1f06d76e78ef772fe45329b1740b7
data/raw/experimental_validation/step05b4/700eafbd7505bb6f535c1ff5ad61ed3be49725d10bb45f405678b2d213528020/0aea734c6a52f8ab355c9bd647444d9bd385ed1d714d8f3e9652955f514d005a.metadata.json,df6c1b026bf0eaaea817e0d9665126cf10c57dabf1ffa42de3e7e3108647af4d
data/raw/experimental_validation/step05b4/700eafbd7505bb6f535c1ff5ad61ed3be49725d10bb45f405678b2d213528020/95b41235450c5def40cded1d46a39a06d487a2f48270dde8688b7fa39bbcb249.xml.gz,2e53a54723bd1ea7f6111d814edb022b38addf50974a12b7b48f1eacbc81d0e2
data/raw/experimental_validation/step05b4/700eafbd7505bb6f535c1ff5ad61ed3be49725d10bb45f405678b2d213528020/95b41235450c5def40cded1d46a39a06d487a2f48270dde8688b7fa39bbcb249.metadata.json,20a42293b391f54a8ea0a9b0d3ab5618c5ba668ad7ee90fc6ff955ddd0e62971
data/raw/experimental_validation/step05b4/700eafbd7505bb6f535c1ff5ad61ed3be49725d10bb45f405678b2d213528020/c7fac7b2977b318e3ca861298da9a6e4a65011604f85f007b04d4aecfb00c49e.xml.gz,f88719aaa772e812171c76a0947b95d858510842ee8078bb4606f4d8ed9c50d1
data/raw/experimental_validation/step05b4/700eafbd7505bb6f535c1ff5ad61ed3be49725d10bb45f405678b2d213528020/c7fac7b2977b318e3ca861298da9a6e4a65011604f85f007b04d4aecfb00c49e.metadata.json,69331029ac599d7cef3a05a6a2aa72a877d2eef8db9ec77bd77b733503611515
data/raw/experimental_validation/step05b4/700eafbd7505bb6f535c1ff5ad61ed3be49725d10bb45f405678b2d213528020/88de7e065a0687f6c82501eb5d9375a8522bddfeb4a4a37daa45d3c534794153.xml.gz,cb356147d804a9af75c6207d83616deba5c050c6a72236c39408813c1dfe28b4
data/raw/experimental_validation/step05b4/700eafbd7505bb6f535c1ff5ad61ed3be49725d10bb45f405678b2d213528020/88de7e065a0687f6c82501eb5d9375a8522bddfeb4a4a37daa45d3c534794153.metadata.json,9a60eba87f3b4a90c5a084df09616e21410d7013f66b4891b6b585bea5beaf58
data/raw/experimental_validation/step05b4/700eafbd7505bb6f535c1ff5ad61ed3be49725d10bb45f405678b2d213528020/1e24925ea7c162f4adbb70e1c458a6b3a3369099457a786d05274235f9338a58.xml.gz,31d33d069b96db766ec2577fd8f3d1c0829f5c78efafce1893c2d9ba7a4402e3
data/raw/experimental_validation/step05b4/700eafbd7505bb6f535c1ff5ad61ed3be49725d10bb45f405678b2d213528020/1e24925ea7c162f4adbb70e1c458a6b3a3369099457a786d05274235f9338a58.metadata.json,76f14054a01fb4d265427e768246e783e7bc0aaabae123e2853039871c51a64f
data/raw/experimental_validation/step05b4/700eafbd7505bb6f535c1ff5ad61ed3be49725d10bb45f405678b2d213528020/57e67e0d92ac01947946050f01766e5e80db07a2885e44777df3bc7d85f497f9.xml.gz,fe2d23673ec8fc07d8353de3281510fd3ae65d6e4184c2e2b50aa01e580c5b51
data/raw/experimental_validation/step05b4/700eafbd7505bb6f535c1ff5ad61ed3be49725d10bb45f405678b2d213528020/57e67e0d92ac01947946050f01766e5e80db07a2885e44777df3bc7d85f497f9.metadata.json,c86db1a3804c504ed02c9708a7b61841e913a88afa4caabbb700ee4d21468b8b
data/raw/experimental_validation/step05b4/700eafbd7505bb6f535c1ff5ad61ed3be49725d10bb45f405678b2d213528020/58a0b738526f62d64f3442b5e49c89fbeec0d134a3402d5284b1374dd1c6cd37.xml.gz,feb8f9727266ae22f6afcbf73c4d5e25d0b8a3e4e833876f84b9eff21626bf8e
data/raw/experimental_validation/step05b4/700eafbd7505bb6f535c1ff5ad61ed3be49725d10bb45f405678b2d213528020/58a0b738526f62d64f3442b5e49c89fbeec0d134a3402d5284b1374dd1c6cd37.metadata.json,bf5377ee0024276b4419f082f58d92776541fb3eec269b377166a7fe11b0dbd8
data/raw/experimental_validation/step05b4/700eafbd7505bb6f535c1ff5ad61ed3be49725d10bb45f405678b2d213528020/9127f6daca5b1ffdb611508bef5ac1ce23a4699107e152ed76b2e7f67f0800db.xml.gz,b8395b47037e4cb7aa4633cc36f3b110350317d49eedf7eedcf972a773ed73a7
data/raw/experimental_validation/step05b4/700eafbd7505bb6f535c1ff5ad61ed3be49725d10bb45f405678b2d213528020/9127f6daca5b1ffdb611508bef5ac1ce23a4699107e152ed76b2e7f67f0800db.metadata.json,6f98ee3fd192d742914cbe84194fb257b431372ccc76245af0c2874346b44f50
data/raw/experimental_validation/step05b4/700eafbd7505bb6f535c1ff5ad61ed3be49725d10bb45f405678b2d213528020/e45717cad2f08aacf6869f78894b19f856b9372e7ea1bd982ac3352dea3ab266.xml.gz,2278fb7f5b444f6f935663578a03a13ba6ad407c13517e9efe5923622787dda3
data/raw/experimental_validation/step05b4/700eafbd7505bb6f535c1ff5ad61ed3be49725d10bb45f405678b2d213528020/e45717cad2f08aacf6869f78894b19f856b9372e7ea1bd982ac3352dea3ab266.metadata.json,51c8acd60350e35dd3618133571ba523f14b1654bb92897fb591547b00e70002
data/raw/experimental_validation/step05b4/700eafbd7505bb6f535c1ff5ad61ed3be49725d10bb45f405678b2d213528020/7c033d09b75c70bfcece7abdc34399dd4a9ae41668be618ea1f41318359063c4.xml.gz,a4cf88fd9666cedfde017de44f9ef18588a98e658b7f76d3c594419a89389b89
data/raw/experimental_validation/step05b4/700eafbd7505bb6f535c1ff5ad61ed3be49725d10bb45f405678b2d213528020/7c033d09b75c70bfcece7abdc34399dd4a9ae41668be618ea1f41318359063c4.metadata.json,bfab87159a9624c6d9ba48619308d4e512359edefcf10c606a38498d923d294d
data/raw/experimental_validation/step05b4/700eafbd7505bb6f535c1ff5ad61ed3be49725d10bb45f405678b2d213528020/133b73a761622e77f6def465e9288f5f8af83f040ea32f4719873effb632f0a5.xml.gz,7062f8c5208679e04783f015e9273ad18ccde9684a277af45018aac166f5aa0c
data/raw/experimental_validation/step05b4/700eafbd7505bb6f535c1ff5ad61ed3be49725d10bb45f405678b2d213528020/133b73a761622e77f6def465e9288f5f8af83f040ea32f4719873effb632f0a5.metadata.json,5bc25d442f4ed43cf1d57a3ba0a29eb0ef9736d72dc8706a82da010558628872
data/raw/experimental_validation/step05b4/700eafbd7505bb6f535c1ff5ad61ed3be49725d10bb45f405678b2d213528020/5f7006fcc2d10b64b233a06d7f7f095488f9373a637fc69eda3e3d7301fcc9ef.xml.gz,f02af1ad80a3c5c4bcd2f96e88a7d453568a11eaf264b40bab6566eb3a39457e
data/raw/experimental_validation/step05b4/700eafbd7505bb6f535c1ff5ad61ed3be49725d10bb45f405678b2d213528020/5f7006fcc2d10b64b233a06d7f7f095488f9373a637fc69eda3e3d7301fcc9ef.metadata.json,692c66893bdbc45b898dedf823454dc97df94e61892f788b8dfdac0448fe204a
data/raw/experimental_validation/step05b4/700eafbd7505bb6f535c1ff5ad61ed3be49725d10bb45f405678b2d213528020/cd8d6785f4269ec098701d027d600428f5049e3508379333e423b7e5d3efed9c.xml.gz,c8168680552de080d7fd7c560b376a7a8c34c5fd6e67dd2e3e7bac2c222db419
data/raw/experimental_validation/step05b4/700eafbd7505bb6f535c1ff5ad61ed3be49725d10bb45f405678b2d213528020/cd8d6785f4269ec098701d027d600428f5049e3508379333e423b7e5d3efed9c.metadata.json,cd04ca69f723d3ca59c667b31c84fd1730497b8293729b286b2da276615d3d16
data/raw/experimental_validation/step05b4/700eafbd7505bb6f535c1ff5ad61ed3be49725d10bb45f405678b2d213528020/f566dfa30902aac3917e351d4a43b56b80e0d87110d1315beab1b4406701731b.xml.gz,0e7a10e205c5a778d57ba206609b8af6152535ed96b4d9512c114f4faa37f623
data/raw/experimental_validation/step05b4/700eafbd7505bb6f535c1ff5ad61ed3be49725d10bb45f405678b2d213528020/f566dfa30902aac3917e351d4a43b56b80e0d87110d1315beab1b4406701731b.metadata.json,2cd07dd2b10b8fa97202765a6ebd608ec36839c07a31b5f62a5d728f69a52f00
data/raw/experimental_validation/step05b4/700eafbd7505bb6f535c1ff5ad61ed3be49725d10bb45f405678b2d213528020/fea131d4f5b49a130bf06b3e3a4e14e16a8abde3b585301f893c1d2a9df042cb.xml.gz,f857601874f50f1a5c0027b4f4e11b2f221c8a0c5774b7252953a1756c2a363b
data/raw/experimental_validation/step05b4/700eafbd7505bb6f535c1ff5ad61ed3be49725d10bb45f405678b2d213528020/fea131d4f5b49a130bf06b3e3a4e14e16a8abde3b585301f893c1d2a9df042cb.metadata.json,8613c5ceb80ba536da0807b156efd0b11e7c39d4d935549e0aa5e72e97416104
data/raw/experimental_validation/step05b4/700eafbd7505bb6f535c1ff5ad61ed3be49725d10bb45f405678b2d213528020/59366c399cb25fb6f49dfcf498f937cb5ef817673d5de69abb9f8053026625d7.xml.gz,836cdb7a0f21a3999128c7c9790b9c3ac8d2a94ca6aa4cd45006a6ad56a81d1b
data/raw/experimental_validation/step05b4/700eafbd7505bb6f535c1ff5ad61ed3be49725d10bb45f405678b2d213528020/59366c399cb25fb6f49dfcf498f937cb5ef817673d5de69abb9f8053026625d7.metadata.json,55a0fdfbc939b0881430fc835f8b737beef9fc68bc315247078e81a39e1c6ded
data/raw/experimental_validation/step05b4/700eafbd7505bb6f535c1ff5ad61ed3be49725d10bb45f405678b2d213528020/7cf60c877a2b802e653f1469e878e04a3ab2269c8b6300ecd16a9e448fff09bc.xml.gz,d5a1a0ca7397d60876c0e65dc3a0f38af01faaeff9ba20a563fd552e439a30f3
data/raw/experimental_validation/step05b4/700eafbd7505bb6f535c1ff5ad61ed3be49725d10bb45f405678b2d213528020/7cf60c877a2b802e653f1469e878e04a3ab2269c8b6300ecd16a9e448fff09bc.metadata.json,b89a427b070a57787484e8b18d474921d2d7319b0bcdd9f3974369b2f1e7ca5d
data/raw/experimental_validation/step05b4/700eafbd7505bb6f535c1ff5ad61ed3be49725d10bb45f405678b2d213528020/3a5b528c37896b1d5f1447a85e0673ce340f65e601f4d6ac429d0877c6b71a58.xml.gz,488aa74e30732509a25e07e1ad2d987beaed7a85c5646ec0f8772b29a5bf1761
data/raw/experimental_validation/step05b4/700eafbd7505bb6f535c1ff5ad61ed3be49725d10bb45f405678b2d213528020/3a5b528c37896b1d5f1447a85e0673ce340f65e601f4d6ac429d0877c6b71a58.metadata.json,1c8fac9fb8021d88cbba58e44b252406b42e88c4aeac422841157a0c1d1bd644
data/raw/experimental_validation/step05b4/700eafbd7505bb6f535c1ff5ad61ed3be49725d10bb45f405678b2d213528020/34c11e570f3aabe40680052a6bece97956cbc018d7de4ca71f489855ddc0280e.xml.gz,3a5973ff05bc91152a9219ec2eb342e9995dae78a89a90ddc7b7b548214c9bc6
data/raw/experimental_validation/step05b4/700eafbd7505bb6f535c1ff5ad61ed3be49725d10bb45f405678b2d213528020/34c11e570f3aabe40680052a6bece97956cbc018d7de4ca71f489855ddc0280e.metadata.json,0bf59c9f269ae52651bf791de1a7dcfab6605d40cc328133597ee89b826afb7f
data/raw/experimental_validation/step05b4/700eafbd7505bb6f535c1ff5ad61ed3be49725d10bb45f405678b2d213528020/ab79333fe080fbebd9c4505a06c3b7d12421f8958e06f9b43bbd35788fe4b5d4.xml.gz,dbd0c911e7db9a9f8edcad71bf2f46b7d4ef2ddedb9be48eb50f9ca02828ef2d
data/raw/experimental_validation/step05b4/700eafbd7505bb6f535c1ff5ad61ed3be49725d10bb45f405678b2d213528020/ab79333fe080fbebd9c4505a06c3b7d12421f8958e06f9b43bbd35788fe4b5d4.metadata.json,b18029ed63e98a643b3306b57fd56125048d51bf302fa77ee056c57e2b2f720a
data/raw/experimental_validation/step05b4/700eafbd7505bb6f535c1ff5ad61ed3be49725d10bb45f405678b2d213528020/aa66c85a656268fc1a42126c5e8e61342d9da1e77e56994a963183d0f5b95fe1.xml.gz,e2978c8f1b70136d9b3a0a81dd60508c8d32085dbb75be97d6bf6b9c065432d4
data/raw/experimental_validation/step05b4/700eafbd7505bb6f535c1ff5ad61ed3be49725d10bb45f405678b2d213528020/aa66c85a656268fc1a42126c5e8e61342d9da1e77e56994a963183d0f5b95fe1.metadata.json,82db4435ce6c986a27274b28c39a2b1a30f84a915d9db23c8bafb44344ee823d
data/raw/experimental_validation/step05b4/700eafbd7505bb6f535c1ff5ad61ed3be49725d10bb45f405678b2d213528020/2a84a3b671a87a87792a2d644d438f0ecb7eac46987de14a9e85197bc0b085cf.xml.gz,5c898a774d4d41868efd67ca3590d0a3a008c50b8661db41b284695c3e194aaa
data/raw/experimental_validation/step05b4/700eafbd7505bb6f535c1ff5ad61ed3be49725d10bb45f405678b2d213528020/2a84a3b671a87a87792a2d644d438f0ecb7eac46987de14a9e85197bc0b085cf.metadata.json,167ecb130d388c1899d0bbe3109bde375a9d73c67b1727c9313225273e481e3b
data/raw/experimental_validation/step05b4/700eafbd7505bb6f535c1ff5ad61ed3be49725d10bb45f405678b2d213528020/0b97e37ac56a9287cc834e1a8140b82ef813e685fbd4b37d718e2fba6e3e4efe.xml.gz,a407f70c3c42ce73b3221bda27662cdb01fc59a58f38cbcfb8b7fc3835047e30
data/raw/experimental_validation/step05b4/700eafbd7505bb6f535c1ff5ad61ed3be49725d10bb45f405678b2d213528020/0b97e37ac56a9287cc834e1a8140b82ef813e685fbd4b37d718e2fba6e3e4efe.metadata.json,a28a57722138517e35b0a2bd5cd3bb2b95675f85ca992c5907a6f95865925fae
data/raw/experimental_validation/step05b4/700eafbd7505bb6f535c1ff5ad61ed3be49725d10bb45f405678b2d213528020/08e7577a366615e0ab8849d94e41846ddf3935e63160780c3686373cf2032c98.xml.gz,e1d32bcb2f2cf6638a58e637ec146162ea2001a198f82e220acaee634ed81093
data/raw/experimental_validation/step05b4/700eafbd7505bb6f535c1ff5ad61ed3be49725d10bb45f405678b2d213528020/08e7577a366615e0ab8849d94e41846ddf3935e63160780c3686373cf2032c98.metadata.json,5259fff46c3caea5453f4df3394d4a38eb70405b98d14c4ac09e76ea00e110b4
data/raw/experimental_validation/step05b4/700eafbd7505bb6f535c1ff5ad61ed3be49725d10bb45f405678b2d213528020/657c45c3b1b320288300a20398486dd3a4bb266e3f82560df55795d8360d80ca.xml.gz,00916e9c9ea30e2d5bfcc6948d90f38da70423ae6106816f0a5530e4d5d28bd2
data/raw/experimental_validation/step05b4/700eafbd7505bb6f535c1ff5ad61ed3be49725d10bb45f405678b2d213528020/657c45c3b1b320288300a20398486dd3a4bb266e3f82560df55795d8360d80ca.metadata.json,21a7848881ec4eca0dc170490998a107219730451c56137ad1761c01e5c20833
data/raw/experimental_validation/step05b4/700eafbd7505bb6f535c1ff5ad61ed3be49725d10bb45f405678b2d213528020/9a74156e5712eb44f507f6e8ad21ec67b90a773bf4084b149118ca5c878885d3.xml.gz,436687dde9a6b30611548fb7b38bc629c9614ad9c47522f130a51a8a325e569a
data/raw/experimental_validation/step05b4/700eafbd7505bb6f535c1ff5ad61ed3be49725d10bb45f405678b2d213528020/9a74156e5712eb44f507f6e8ad21ec67b90a773bf4084b149118ca5c878885d3.metadata.json,4f47d65b393ff047c27635b5d628cf56aad63747ae9e91024eedc955176cb644
data/raw/experimental_validation/step05b4/700eafbd7505bb6f535c1ff5ad61ed3be49725d10bb45f405678b2d213528020/24f36bff0e7ad346c17d016dc64a51bc9fb667d5851644a464789dec90acd9a9.xml.gz,1e052e5461e500be453252d990f1f5877d1cff104a98418b92edee2fa5ea24a5
data/raw/experimental_validation/step05b4/700eafbd7505bb6f535c1ff5ad61ed3be49725d10bb45f405678b2d213528020/24f36bff0e7ad346c17d016dc64a51bc9fb667d5851644a464789dec90acd9a9.metadata.json,7d2e529902af31a54aef03b55f8167ed84671036ce530e23f5398b0f296b1c0d
data/raw/experimental_validation/step05b4/700eafbd7505bb6f535c1ff5ad61ed3be49725d10bb45f405678b2d213528020/a2b830a1bd26a060c1169e02ba7b5ce122dee581fbcbe2a6ad181d4f6a0ec8b3.xml.gz,96161006af05c265812e70fb918af9fddc1930547eb569b692a42de8efb9f4ca
data/raw/experimental_validation/step05b4/700eafbd7505bb6f535c1ff5ad61ed3be49725d10bb45f405678b2d213528020/a2b830a1bd26a060c1169e02ba7b5ce122dee581fbcbe2a6ad181d4f6a0ec8b3.metadata.json,b4ea3e3bf04cba872c9e9f71b6ba8c04197ebfa85d2a882cde3a344a07126110
data/raw/experimental_validation/step05b4/700eafbd7505bb6f535c1ff5ad61ed3be49725d10bb45f405678b2d213528020/59622c375907c6be5a07b85d24353b32c14ec6a5c5c8878450aeb9e3c7c7edda.xml.gz,b83fc72369fca3787964b9f8950337f6d55181e18c528b46399aabfab00715af
data/raw/experimental_validation/step05b4/700eafbd7505bb6f535c1ff5ad61ed3be49725d10bb45f405678b2d213528020/59622c375907c6be5a07b85d24353b32c14ec6a5c5c8878450aeb9e3c7c7edda.metadata.json,1db7c3d06c18d844782b52f9b217993ee3161e569bf6e8db5bbb2843a93a66fe
data/raw/experimental_validation/step05b4/700eafbd7505bb6f535c1ff5ad61ed3be49725d10bb45f405678b2d213528020/6bcace1bd1c00b7e737a1b21b8f15fc886d341a9173024794dd81c83699c08a8.xml.gz,b06fde47cc4ffabd09d6cef993e0adede7441062b7047a28055ac6e97d0a3b98
data/raw/experimental_validation/step05b4/700eafbd7505bb6f535c1ff5ad61ed3be49725d10bb45f405678b2d213528020/6bcace1bd1c00b7e737a1b21b8f15fc886d341a9173024794dd81c83699c08a8.metadata.json,5a8dbbfe898ca80991146de0894deedaf9fecf597f9b23301a30732e6d57bb9f
data/raw/experimental_validation/step05b4/700eafbd7505bb6f535c1ff5ad61ed3be49725d10bb45f405678b2d213528020/1d334db3d6ca08db3f6851ba76b23535b786a9d2487690107085c2aa94697992.xml.gz,2e5055475353cc71bc26bf9a711df35b18c18e2f8556585453664f515561acd5
data/raw/experimental_validation/step05b4/700eafbd7505bb6f535c1ff5ad61ed3be49725d10bb45f405678b2d213528020/1d334db3d6ca08db3f6851ba76b23535b786a9d2487690107085c2aa94697992.metadata.json,5c4bc974f5a024d0dbcd58565cd5946cacad963118d747b32339bc9e2858717a
data/raw/experimental_validation/step05b4/700eafbd7505bb6f535c1ff5ad61ed3be49725d10bb45f405678b2d213528020/7a5ac6ccb1dfd6d0e7697d67b7223cbf0a87facb824abb0ce98c53c1a4c9844b.xml.gz,8d1120d5577b089aa89976f4735c5eb1c9a641401caf9643dfa7a934f40af03d
data/raw/experimental_validation/step05b4/700eafbd7505bb6f535c1ff5ad61ed3be49725d10bb45f405678b2d213528020/7a5ac6ccb1dfd6d0e7697d67b7223cbf0a87facb824abb0ce98c53c1a4c9844b.metadata.json,1ed5d314b0581232051eaee25023cbd94861579d4931a16f5d195ce15c2cc364
data/raw/experimental_validation/step05b4/700eafbd7505bb6f535c1ff5ad61ed3be49725d10bb45f405678b2d213528020/654327e7152c065b0fb6dfbf0dc3036be72fd58fe790b523e993c1876e4467c0.xml.gz,b2d2814be2369a52ab1c26ff190b1cd0f8cb8543fc4b7da495890e81c7a97ae7
data/raw/experimental_validation/step05b4/700eafbd7505bb6f535c1ff5ad61ed3be49725d10bb45f405678b2d213528020/654327e7152c065b0fb6dfbf0dc3036be72fd58fe790b523e993c1876e4467c0.metadata.json,4830eeaf11ca2b7b327aed77ef59f5d932e90033d17fb235bb59624d30c9f431
data/raw/experimental_validation/step05b4/700eafbd7505bb6f535c1ff5ad61ed3be49725d10bb45f405678b2d213528020/c7ebee66ef857f14d450816c6ff84cf8b436ff2f22d9ba5dd50b90af269da18b.xml.gz,ec9e825d586eb5cc713a4f15bef075fa5f37a8742b216f8be240bbf46aa0160f
data/raw/experimental_validation/step05b4/700eafbd7505bb6f535c1ff5ad61ed3be49725d10bb45f405678b2d213528020/c7ebee66ef857f14d450816c6ff84cf8b436ff2f22d9ba5dd50b90af269da18b.metadata.json,6467c30b07691561acdd91f0a687f549fa632078b8e263341f4624139430f645
data/raw/experimental_validation/step05b4/700eafbd7505bb6f535c1ff5ad61ed3be49725d10bb45f405678b2d213528020/f19d8a92789a079866ffe859c75424783be82cbf1e99ec4decd5e1539144fac8.xml.gz,846a43f01969c9da47ca801f67368927df4947a03f978344c82a092c7777180a
data/raw/experimental_validation/step05b4/700eafbd7505bb6f535c1ff5ad61ed3be49725d10bb45f405678b2d213528020/f19d8a92789a079866ffe859c75424783be82cbf1e99ec4decd5e1539144fac8.metadata.json,38c0d2a71607eff9205c62a4f0f2063458bc81ede6c63392e301f74ca44f17b0
data/raw/experimental_validation/step05b4/700eafbd7505bb6f535c1ff5ad61ed3be49725d10bb45f405678b2d213528020/97962d52db677207f54418888d2affea1314e901417602ca322b9d00a5994b5c.xml.gz,af36064535ed0812995d27141ac0d0718fdec928b2062b06fcce4fe153ae4130
data/raw/experimental_validation/step05b4/700eafbd7505bb6f535c1ff5ad61ed3be49725d10bb45f405678b2d213528020/97962d52db677207f54418888d2affea1314e901417602ca322b9d00a5994b5c.metadata.json,20bc56c6c7868a9dd4d4a5c02f9ef6392bd89a0fde5f80b5628a3f24c4e3da35
data/raw/experimental_validation/step05b4/700eafbd7505bb6f535c1ff5ad61ed3be49725d10bb45f405678b2d213528020/6a771b834b2aa25b7218003b7c0807cd44846a262b61c27909b86cfeea2547a6.xml.gz,7f6612887dcf131b3874c9830aed162142a37f3afbaab104a6d1f3b890722ec6
data/raw/experimental_validation/step05b4/700eafbd7505bb6f535c1ff5ad61ed3be49725d10bb45f405678b2d213528020/6a771b834b2aa25b7218003b7c0807cd44846a262b61c27909b86cfeea2547a6.metadata.json,ee4f182566ff4af186137bae21eb256e112e17a9d392ee89e914569e959e26f7
data/raw/experimental_validation/step05b4/700eafbd7505bb6f535c1ff5ad61ed3be49725d10bb45f405678b2d213528020/7910f998cc4e5ec88d5103808a6ee47848371de1850149e7472210b228679e36.xml.gz,34b68293f70d0819f7755e739004eb4701bd820846319bab9b0133752f44296f
data/raw/experimental_validation/step05b4/700eafbd7505bb6f535c1ff5ad61ed3be49725d10bb45f405678b2d213528020/7910f998cc4e5ec88d5103808a6ee47848371de1850149e7472210b228679e36.metadata.json,aebb94708f1c909ed32b84891b66ab83cc7225d62460151cb91c7e91942aec0d
data/raw/experimental_validation/step05b4/700eafbd7505bb6f535c1ff5ad61ed3be49725d10bb45f405678b2d213528020/4182227c6107937f88725e4090a5fc14179f2e0f201a434d05d2feca76dd708e.xml.gz,8e5ccfc280a0cd52c6af59ba759d51cd68b41045acd5694381bdb9eeb846859d
data/raw/experimental_validation/step05b4/700eafbd7505bb6f535c1ff5ad61ed3be49725d10bb45f405678b2d213528020/4182227c6107937f88725e4090a5fc14179f2e0f201a434d05d2feca76dd708e.metadata.json,a086f992775ef226b4e38f74b2182bcb835847f7e9ec6eaa01913f4dfe59c6c7
data/raw/experimental_validation/step05b4/700eafbd7505bb6f535c1ff5ad61ed3be49725d10bb45f405678b2d213528020/c30bd5b7a9356ae3373de0642450f2a6e1b3c27424dcb1266c184876e5e833ca.xml.gz,7a4af86f11d0d5429a757bc4cf0bbafa39bf544e2a9984f36872feaeaf58ef6c
data/raw/experimental_validation/step05b4/700eafbd7505bb6f535c1ff5ad61ed3be49725d10bb45f405678b2d213528020/c30bd5b7a9356ae3373de0642450f2a6e1b3c27424dcb1266c184876e5e833ca.metadata.json,7fe08c61f73482c76210d7a833dd082d07fb9cbe0dd638704511204884ab1a9e
data/raw/experimental_validation/step05b4/700eafbd7505bb6f535c1ff5ad61ed3be49725d10bb45f405678b2d213528020/89117e51e7fbf3aa50c495eaa0ae31465205cf5187889cdaaf0c6445ff11c502.xml.gz,2096102fa2a4bd553183e566372df06794f2c881509869824288fa8f9fcb1709
data/raw/experimental_validation/step05b4/700eafbd7505bb6f535c1ff5ad61ed3be49725d10bb45f405678b2d213528020/89117e51e7fbf3aa50c495eaa0ae31465205cf5187889cdaaf0c6445ff11c502.metadata.json,909afb3b5eac3464d4fca55ee0639af6b0289f14cbeb4defef3a80cc4a3e5e67
data/raw/experimental_validation/step05b4/700eafbd7505bb6f535c1ff5ad61ed3be49725d10bb45f405678b2d213528020/029fc36edb38bfaa7417e11fa126849e6effbce106960caedaa6016e0c511497.xml.gz,3d9cee623bb8e7bbc592d62f14238149cbc3f6ce8ae75bc52a74cdf9979bcfc2
data/raw/experimental_validation/step05b4/700eafbd7505bb6f535c1ff5ad61ed3be49725d10bb45f405678b2d213528020/029fc36edb38bfaa7417e11fa126849e6effbce106960caedaa6016e0c511497.metadata.json,1d88703cf4a6bba29a2124398cff0098ce0ec90f692925d863d11d84fc12b698
data/raw/experimental_validation/step05b4/700eafbd7505bb6f535c1ff5ad61ed3be49725d10bb45f405678b2d213528020/058b344bd98bf885181d70ecf7dc23c16d0c1f38bac8345e81c4e5977935c58d.xml.gz,98d27dc5bd420c7d80705f2ab924f6098086ea24ec936800e1d0a9fbc23180aa
data/raw/experimental_validation/step05b4/700eafbd7505bb6f535c1ff5ad61ed3be49725d10bb45f405678b2d213528020/058b344bd98bf885181d70ecf7dc23c16d0c1f38bac8345e81c4e5977935c58d.metadata.json,2a23b6b9eb449278007e3abb9408c2860bece51a5738accfdeff4c4237160eb3
data/raw/experimental_validation/step05b4/700eafbd7505bb6f535c1ff5ad61ed3be49725d10bb45f405678b2d213528020/084ae04b3ae2a24199f3e7d5be43919a011a63a15b893551e697856af8be6653.xml.gz,5a502060c0ad435c4da9164b491caac78d39ae83c2033f33b889edfd5f9604c1
data/raw/experimental_validation/step05b4/700eafbd7505bb6f535c1ff5ad61ed3be49725d10bb45f405678b2d213528020/084ae04b3ae2a24199f3e7d5be43919a011a63a15b893551e697856af8be6653.metadata.json,bfe02148984cd47671b7e280706361c714315e4d57458743a8d702f44fb806b9
data/raw/experimental_validation/step05b4/700eafbd7505bb6f535c1ff5ad61ed3be49725d10bb45f405678b2d213528020/4dea0a4377bd3b9d7f1b9888dd92fb9643acf51c423fef953b343e21bde5bc46.xml.gz,6f12073949dc6e414ac621c79cab629b07256f447a6cfd9a3c9650c25538e073
data/raw/experimental_validation/step05b4/700eafbd7505bb6f535c1ff5ad61ed3be49725d10bb45f405678b2d213528020/4dea0a4377bd3b9d7f1b9888dd92fb9643acf51c423fef953b343e21bde5bc46.metadata.json,782e82f44c545a34215eebba58e319cb1c7755dce627bf11d5f16adf1531adde
data/raw/experimental_validation/step05b4/700eafbd7505bb6f535c1ff5ad61ed3be49725d10bb45f405678b2d213528020/53217495ed8f46f7a4309ccc7fb123e1302051a4ac2c3e3a729d85da4e928796.xml.gz,3c8b4c7d9068122dee04299e54117c1b8b9d2588f6d6606f9b6a1182d0dff6c6
data/raw/experimental_validation/step05b4/700eafbd7505bb6f535c1ff5ad61ed3be49725d10bb45f405678b2d213528020/53217495ed8f46f7a4309ccc7fb123e1302051a4ac2c3e3a729d85da4e928796.metadata.json,8876d9ab33693a60956370d2900b35b1f19913b053d0c52328ee15d2dec309c6
data/raw/experimental_validation/step05b4/700eafbd7505bb6f535c1ff5ad61ed3be49725d10bb45f405678b2d213528020/53ae2ce0cfa6b68fd7f0c5a10179e8fe11e64de28f6baa0ea02fce0bd0e230e4.xml.gz,93b17a8180704eecdfe3928aa418c3e6def75bde2a1031fc48147ee7da0acea8
data/raw/experimental_validation/step05b4/700eafbd7505bb6f535c1ff5ad61ed3be49725d10bb45f405678b2d213528020/53ae2ce0cfa6b68fd7f0c5a10179e8fe11e64de28f6baa0ea02fce0bd0e230e4.metadata.json,03b5f8db5a3615779f1e2a282d06e6cc88e580c658ea64b49e695550e34c4714
data/raw/experimental_validation/step05b4/700eafbd7505bb6f535c1ff5ad61ed3be49725d10bb45f405678b2d213528020/218e76403dbd8b12817208d3d4a39539ad04440ee417703a61d7ed07f7632b5a.xml.gz,8e7660887054a137c8ec8f24efbddb86d1b07b387924670231eec070512a1169
data/raw/experimental_validation/step05b4/700eafbd7505bb6f535c1ff5ad61ed3be49725d10bb45f405678b2d213528020/218e76403dbd8b12817208d3d4a39539ad04440ee417703a61d7ed07f7632b5a.metadata.json,82f9746c116059ad0a3d4e68c9abeb8616b00cb0f7355d06034156677d81c1f9
data/raw/experimental_validation/step05b4/700eafbd7505bb6f535c1ff5ad61ed3be49725d10bb45f405678b2d213528020/5056ba2fbcd58f93da786111c8edcee1837b64bcf0fd17e2f5d286093c2d18ae.xml.gz,727293f29e00eb4ae6d4dde529d2cee793b7a7ecfca01dc8926af6c149fd1092
data/raw/experimental_validation/step05b4/700eafbd7505bb6f535c1ff5ad61ed3be49725d10bb45f405678b2d213528020/5056ba2fbcd58f93da786111c8edcee1837b64bcf0fd17e2f5d286093c2d18ae.metadata.json,47e5273d78691277d0779edcb0e604547372cd5e7ac5fbd971d3c94c7c047113
data/raw/experimental_validation/step05b4/700eafbd7505bb6f535c1ff5ad61ed3be49725d10bb45f405678b2d213528020/b65341d1e6851b185d3843d490ebdf7a284178da18261c34e43873a7cbaae2a9.xml.gz,c3e55f42c2f98497bf7c89bca05552e04a83f0d546d7b7fb4358ea6b75ace0bd
data/raw/experimental_validation/step05b4/700eafbd7505bb6f535c1ff5ad61ed3be49725d10bb45f405678b2d213528020/b65341d1e6851b185d3843d490ebdf7a284178da18261c34e43873a7cbaae2a9.metadata.json,8d317532f9d34cfb0c7f733011ae965b0e625f3595046dfc42c3f2eb76c19b37
data/raw/experimental_validation/step05b4/700eafbd7505bb6f535c1ff5ad61ed3be49725d10bb45f405678b2d213528020/83398d5f7b5691e7fd562cec387fefd7741c4aafdbf38ccf530ae1205f5fe55c.xml.gz,f54de9af3cd4e90294ae7021274267a3e4bf66b50a495fbbfae8ce1d9500e5e7
data/raw/experimental_validation/step05b4/700eafbd7505bb6f535c1ff5ad61ed3be49725d10bb45f405678b2d213528020/83398d5f7b5691e7fd562cec387fefd7741c4aafdbf38ccf530ae1205f5fe55c.metadata.json,1e045396d113adc2c73fcee0f8f301a9154c5625091640578e55640bdce6e78a
data/raw/experimental_validation/step05b4/700eafbd7505bb6f535c1ff5ad61ed3be49725d10bb45f405678b2d213528020/c9a8658f4898994d73bb5d227c43a144b452e6ec8761c64c6e3620ffc4a1f5dc.xml.gz,64d3be4bb5404c43bcc5af4fd43581e3273a33b22d25885e2ceeb015f55551d9
data/raw/experimental_validation/step05b4/700eafbd7505bb6f535c1ff5ad61ed3be49725d10bb45f405678b2d213528020/c9a8658f4898994d73bb5d227c43a144b452e6ec8761c64c6e3620ffc4a1f5dc.metadata.json,8cf60415c568a8498998eb952e9cfff328cc62f9f40721a210af76e4726f335e
data/raw/experimental_validation/step05b4/700eafbd7505bb6f535c1ff5ad61ed3be49725d10bb45f405678b2d213528020/7944c88002b9216c16e1b7213ec925fecfbdd2b65e3490e2227ce2bb4e0f63a2.xml.gz,ba1d14d5a545ea39e9be2574c080a0108a6d48e2a4ad15ba79e82a03dae99e35
data/raw/experimental_validation/step05b4/700eafbd7505bb6f535c1ff5ad61ed3be49725d10bb45f405678b2d213528020/7944c88002b9216c16e1b7213ec925fecfbdd2b65e3490e2227ce2bb4e0f63a2.metadata.json,84013d1ce8f97cc87b1a98405cd6b9668a5f98e13280573a30a8d75e03a02d69
data/raw/experimental_validation/step05b4/700eafbd7505bb6f535c1ff5ad61ed3be49725d10bb45f405678b2d213528020/4ddff29c9c4d62ad65c21c572ea2123c64dc279db106fac1c560cada7e60bf28.xml.gz,2454c294893aff55982af02ce965a8ea3b97750329b32f4281a5788fa6a3b362
data/raw/experimental_validation/step05b4/700eafbd7505bb6f535c1ff5ad61ed3be49725d10bb45f405678b2d213528020/4ddff29c9c4d62ad65c21c572ea2123c64dc279db106fac1c560cada7e60bf28.metadata.json,1e5efc755e16e07df7d91b8f2fdff6b7a62ba31d0ee91dc7288abf783b5b0d9c
data/raw/experimental_validation/step05b4/700eafbd7505bb6f535c1ff5ad61ed3be49725d10bb45f405678b2d213528020/58d3e7a480219316660fd61f920169291f1786016b952ed24a79878e254bd4b0.xml.gz,5ee75a338bd26e5776b132b885316a0264eb640fa7aac07fb40ee5960f540801
data/raw/experimental_validation/step05b4/700eafbd7505bb6f535c1ff5ad61ed3be49725d10bb45f405678b2d213528020/58d3e7a480219316660fd61f920169291f1786016b952ed24a79878e254bd4b0.metadata.json,a3cbcd0e513e4ac83a425b7e73d14514b822c4b7e593428374a6d335f1efdf73
data/raw/experimental_validation/step05b4/700eafbd7505bb6f535c1ff5ad61ed3be49725d10bb45f405678b2d213528020/a49e096603960fefe3ab4df167571a48e7a8c2d8457449dbf5e0b11d85fec801.xml.gz,cfba18da332813b303ca8abc61ad29d370299427fe453de482da4dc13644d9fb
data/raw/experimental_validation/step05b4/700eafbd7505bb6f535c1ff5ad61ed3be49725d10bb45f405678b2d213528020/a49e096603960fefe3ab4df167571a48e7a8c2d8457449dbf5e0b11d85fec801.metadata.json,72370f55f193cb8e93578de3476c1fe8a8c6431d7ae19a285f4c7b51d68dd762
data/raw/experimental_validation/step05b4/700eafbd7505bb6f535c1ff5ad61ed3be49725d10bb45f405678b2d213528020/f347ad64373dda571474cb9966635bafdfe23afc42518ff14cac7897ae4eafdd.xml.gz,ce1ead7c4495ae10895d13a6b0626d89bcf9034c9c4cfb1a1b97f4c6a40c554b
data/raw/experimental_validation/step05b4/700eafbd7505bb6f535c1ff5ad61ed3be49725d10bb45f405678b2d213528020/f347ad64373dda571474cb9966635bafdfe23afc42518ff14cac7897ae4eafdd.metadata.json,0b669429e294a9736fd6b593dcf363c8f6845190994da5f4a9c61f97a88db463
data/raw/experimental_validation/step05b4/700eafbd7505bb6f535c1ff5ad61ed3be49725d10bb45f405678b2d213528020/194536583f6815a80c26afb8151ee19e14cfe84395c099ab62c6bd2da03d48da.xml.gz,16cdb76c7b0655d0efe08df534f2e036323105eb5080d44afb8c65b45303acdd
data/raw/experimental_validation/step05b4/700eafbd7505bb6f535c1ff5ad61ed3be49725d10bb45f405678b2d213528020/194536583f6815a80c26afb8151ee19e14cfe84395c099ab62c6bd2da03d48da.metadata.json,b677882c38e5279e91d8f55ea6616ba53b7718ccb4cb3020eea464f033ba1db6
data/raw/experimental_validation/step05b4/700eafbd7505bb6f535c1ff5ad61ed3be49725d10bb45f405678b2d213528020/96f002c0ee2e5dd01da9832f5d447eca962068581694ac70a5e3a57cdad5a2d9.xml.gz,d63f0cc35e4fdc29932a187c3ccbe7c631e5940a178177031d8c0c36de596713
data/raw/experimental_validation/step05b4/700eafbd7505bb6f535c1ff5ad61ed3be49725d10bb45f405678b2d213528020/96f002c0ee2e5dd01da9832f5d447eca962068581694ac70a5e3a57cdad5a2d9.metadata.json,40f9a390f45c856795ef2fde1e6d143c8d286d2e5b3a7a8a05c6e812ba8d71f8
data/raw/experimental_validation/step05b4/700eafbd7505bb6f535c1ff5ad61ed3be49725d10bb45f405678b2d213528020/4da9946850bce6320dc167039113707463070ff185a9de078cc1fb50b511ba4b.xml.gz,25c0642845f985ed3dde219027b9fd0f2083c46f93a77ffe80e5a187f70b5166
data/raw/experimental_validation/step05b4/700eafbd7505bb6f535c1ff5ad61ed3be49725d10bb45f405678b2d213528020/4da9946850bce6320dc167039113707463070ff185a9de078cc1fb50b511ba4b.metadata.json,7256c2f464002f58531f72e863298b2b640ac640f10492186d47ec235df126da
data/raw/experimental_validation/step05b4/700eafbd7505bb6f535c1ff5ad61ed3be49725d10bb45f405678b2d213528020/2de77e1e09d8df688595cd2496a7f3757888b906c647601b90e0fbdccda500b1.xml.gz,896edae8ba190dfa9507f6b8727afe5fedeecb119739ad67afaa1aa66be49b80
data/raw/experimental_validation/step05b4/700eafbd7505bb6f535c1ff5ad61ed3be49725d10bb45f405678b2d213528020/2de77e1e09d8df688595cd2496a7f3757888b906c647601b90e0fbdccda500b1.metadata.json,aa61e7cf7afdc767bfa6f8c38466d885f3162c672c485b9c239e858a5f80f3b3
data/raw/experimental_validation/step05b4/700eafbd7505bb6f535c1ff5ad61ed3be49725d10bb45f405678b2d213528020/2f613132d665e38f8f06b7ae3f509822e3f0fabfa5fdbf239ecf0042a3ba40ed.xml.gz,ac5a1165a202af5267251f42300d43feddc6be2ddd5f4f39fa44a8b5f0ecaf79
data/raw/experimental_validation/step05b4/700eafbd7505bb6f535c1ff5ad61ed3be49725d10bb45f405678b2d213528020/2f613132d665e38f8f06b7ae3f509822e3f0fabfa5fdbf239ecf0042a3ba40ed.metadata.json,51d04822e81a29c2c687dc37f7bbdb23fb32ace87536d7330e6ed0bfe5877cfa
data/raw/experimental_validation/step05b4/700eafbd7505bb6f535c1ff5ad61ed3be49725d10bb45f405678b2d213528020/626bbc3dccaace039a3ea18ea7376966fe1f034f10de27d8df72866c90e71648.xml.gz,48001a5e6f9b77856f999e2670f690855732fd2ffa3a2a102d2b39dc136412b4
data/raw/experimental_validation/step05b4/700eafbd7505bb6f535c1ff5ad61ed3be49725d10bb45f405678b2d213528020/626bbc3dccaace039a3ea18ea7376966fe1f034f10de27d8df72866c90e71648.metadata.json,faa9c0a0095a05cd7111054696bf27f6686aaf0b1838bda1ba92f8e7ac05a0f6
data/raw/experimental_validation/step05b4/700eafbd7505bb6f535c1ff5ad61ed3be49725d10bb45f405678b2d213528020/8a974b577a478f48790be43f320e24296b17dce00cf7118c3586d216c195d6cd.xml.gz,8adc3fa42bfaf04b35f72950d06774b42345f66a614f290f8ce6c92e2f04493d
data/raw/experimental_validation/step05b4/700eafbd7505bb6f535c1ff5ad61ed3be49725d10bb45f405678b2d213528020/8a974b577a478f48790be43f320e24296b17dce00cf7118c3586d216c195d6cd.metadata.json,bc4a8c635de8db1f2feae14394a9a2c279f719bbaed72cb02c0aad1bceb5f105
data/raw/experimental_validation/step05b4/700eafbd7505bb6f535c1ff5ad61ed3be49725d10bb45f405678b2d213528020/03e450147a8bbe73d5f95d3c4ac12bcaff87190c231940a2deaddd255397cade.xml.gz,dd229c7b2d4e8b1e390f3be5aa7f7c289ceb70a8febb88ede8007144cd6adedc
data/raw/experimental_validation/step05b4/700eafbd7505bb6f535c1ff5ad61ed3be49725d10bb45f405678b2d213528020/03e450147a8bbe73d5f95d3c4ac12bcaff87190c231940a2deaddd255397cade.metadata.json,22eee819e6db819717cbe91e1aec4acdd57f4685f851c3833aa835fc88c3e5d4
data/raw/experimental_validation/step05b4/700eafbd7505bb6f535c1ff5ad61ed3be49725d10bb45f405678b2d213528020/af7e7da58e29f0460ac220453ba2b99c87bcd5311db7d8ac9aa53a399de71cb1.xml.gz,4edb463b782df5fe333526d4ba3752fc73e2dbad238428e2c1ed6dc3ad09c878
data/raw/experimental_validation/step05b4/700eafbd7505bb6f535c1ff5ad61ed3be49725d10bb45f405678b2d213528020/af7e7da58e29f0460ac220453ba2b99c87bcd5311db7d8ac9aa53a399de71cb1.metadata.json,0c212cd73fefb5e8b15616fd8d6bdb491de9a04c65cc43f39bc71985ac6f341d
data/raw/experimental_validation/step05b4/700eafbd7505bb6f535c1ff5ad61ed3be49725d10bb45f405678b2d213528020/0e5955439d1d078ccd27f25d8d52965af8ae8a481a1dd652d82742ff40aa7a70.xml.gz,faab55982e562a38e1563de9fa411460bf103744ccecf20b3a93ab6c3067862c
data/raw/experimental_validation/step05b4/700eafbd7505bb6f535c1ff5ad61ed3be49725d10bb45f405678b2d213528020/0e5955439d1d078ccd27f25d8d52965af8ae8a481a1dd652d82742ff40aa7a70.metadata.json,ed4de17e57f08f76aa1028fc5e0308a6585e0354ddaff76e25860e2dd39bbedc
data/raw/experimental_validation/step05b4/700eafbd7505bb6f535c1ff5ad61ed3be49725d10bb45f405678b2d213528020/320f74c61abd93821956def9339979316aa48371e6aaaa97150472b333081283.xml.gz,57eaa09cc540647e51a9c2d55194fd4a43dcf9f2124ca810860fe6f7be1a2b2f
data/raw/experimental_validation/step05b4/700eafbd7505bb6f535c1ff5ad61ed3be49725d10bb45f405678b2d213528020/320f74c61abd93821956def9339979316aa48371e6aaaa97150472b333081283.metadata.json,9b485ffd9281941e8394bbd638578896dcce8f23e3391be5eee91e68d1aeeea0
data/raw/experimental_validation/step05b4/700eafbd7505bb6f535c1ff5ad61ed3be49725d10bb45f405678b2d213528020/8daa0d2341038e4ed4e484986dc98fcc613a76325738a20f136d3d4da32fae92.xml.gz,67964265039b67f1d7abf2fd5897e74a4162cf73a12af0a50857ec1dcc30fa59
data/raw/experimental_validation/step05b4/700eafbd7505bb6f535c1ff5ad61ed3be49725d10bb45f405678b2d213528020/8daa0d2341038e4ed4e484986dc98fcc613a76325738a20f136d3d4da32fae92.metadata.json,1253a39861f66133c1bb7f84b1eb2584a6c530acd4d72c4344125bf61af0afe1
data/raw/experimental_validation/step05b4/700eafbd7505bb6f535c1ff5ad61ed3be49725d10bb45f405678b2d213528020/678ca18e1cd87c05e6b7b0380dde57a08dc078fefcef6b105e711d5bbf782f3c.xml.gz,cc8866d057298f32546acd49c21a1d3e7cb729898fc263d59e9dfa015c6c3dc9
data/raw/experimental_validation/step05b4/700eafbd7505bb6f535c1ff5ad61ed3be49725d10bb45f405678b2d213528020/678ca18e1cd87c05e6b7b0380dde57a08dc078fefcef6b105e711d5bbf782f3c.metadata.json,dcf8d890b6ddf543b71ee8745d91f3455307533eba93db5b401890c32faaea66
data/raw/experimental_validation/step05b4/700eafbd7505bb6f535c1ff5ad61ed3be49725d10bb45f405678b2d213528020/4a625b70260408b87f6ab46769ad99a8b83d283d87bcb30d39e83154b5806146.xml.gz,a83f32ec83deb49fd10fbb7365cabf956de9f58b7e3e0cab80c0b3558daaa710
data/raw/experimental_validation/step05b4/700eafbd7505bb6f535c1ff5ad61ed3be49725d10bb45f405678b2d213528020/4a625b70260408b87f6ab46769ad99a8b83d283d87bcb30d39e83154b5806146.metadata.json,ac16979aa88e0007737bdfb513cf66707de4ce3ef3c90795b0e77ab015df8711
data/raw/experimental_validation/step05b4/700eafbd7505bb6f535c1ff5ad61ed3be49725d10bb45f405678b2d213528020/607a08fdf4b9dc84408ecca0cf17a00b52576f76947505529bf5c58584a45944.xml.gz,8dc6af0a72107379ba803582e6e481bfba75e6a51d23b8859e2872bae7af236b
data/raw/experimental_validation/step05b4/700eafbd7505bb6f535c1ff5ad61ed3be49725d10bb45f405678b2d213528020/607a08fdf4b9dc84408ecca0cf17a00b52576f76947505529bf5c58584a45944.metadata.json,ff6d14965fae96b435405ec8af04fd65017c136455bb92cf57b7dd8c5c5691e1
data/raw/experimental_validation/step05b4/700eafbd7505bb6f535c1ff5ad61ed3be49725d10bb45f405678b2d213528020/688c7c61942e271ce11b1e5542a0dcad21bfb4c175dfae9f2014301244d188b5.xml.gz,d9b9af35fb525f72251ff5bdc969ff4f87a010adfef0d7ebb288166b8a8f0886
data/raw/experimental_validation/step05b4/700eafbd7505bb6f535c1ff5ad61ed3be49725d10bb45f405678b2d213528020/688c7c61942e271ce11b1e5542a0dcad21bfb4c175dfae9f2014301244d188b5.metadata.json,343385f4e0e6074e9abe6d6a4ea0ee7938ab8a1cd2fb43b6d1ff89239037652b
data/raw/experimental_validation/step05b4/700eafbd7505bb6f535c1ff5ad61ed3be49725d10bb45f405678b2d213528020/98aa4d5e38269f123755d1a68a9dfdecbbd9e464a26c2ced90d46779fa85ef50.xml.gz,1dcc882a8933fffbefb523bcdf86bf29f4ffb326a01d55a28bd1592fb87f670a
data/raw/experimental_validation/step05b4/700eafbd7505bb6f535c1ff5ad61ed3be49725d10bb45f405678b2d213528020/98aa4d5e38269f123755d1a68a9dfdecbbd9e464a26c2ced90d46779fa85ef50.metadata.json,0c66abe866305c2f527562e94b83f0a3ebf0fd09c632e3d59e2953e68e8e035a
data/raw/experimental_validation/step05b4/700eafbd7505bb6f535c1ff5ad61ed3be49725d10bb45f405678b2d213528020/17b761aed06b24b62c7770e6c1d094a037bc893320b1de982a05e454cdcdb3c0.xml.gz,6f1876067994526dfd14200b7a15084446ecda782d5157c44a6f754ac1980a40
data/raw/experimental_validation/step05b4/700eafbd7505bb6f535c1ff5ad61ed3be49725d10bb45f405678b2d213528020/17b761aed06b24b62c7770e6c1d094a037bc893320b1de982a05e454cdcdb3c0.metadata.json,5cfcdf2882441d491389eb806cbfd3c2b44aab8d4175de75a61a803b266d64ed
data/raw/experimental_validation/step05b4/700eafbd7505bb6f535c1ff5ad61ed3be49725d10bb45f405678b2d213528020/aab96420a8114c6110e48f189c897b1b6599d593ccc3b759063c1e5beb076096.xml.gz,37f531a0b6d22d4abcc2c8492151cddac5409be8f3310ca3d4cbe8b5fbe96178
data/raw/experimental_validation/step05b4/700eafbd7505bb6f535c1ff5ad61ed3be49725d10bb45f405678b2d213528020/aab96420a8114c6110e48f189c897b1b6599d593ccc3b759063c1e5beb076096.metadata.json,099d5b99da27c0fcb532f999b1e52bb8391abe3cd11dc74d2b236b3b51941fce
data/raw/experimental_validation/step05b4/700eafbd7505bb6f535c1ff5ad61ed3be49725d10bb45f405678b2d213528020/737cc6ee0fff9511f798dcb1925ca7ac976b2a53a900d3581a39cadbad56d30c.xml.gz,e92e5a0c4e3dad80abbe9ab338e66c49fa1e9ca6d2b5192786390104e7485df4
data/raw/experimental_validation/step05b4/700eafbd7505bb6f535c1ff5ad61ed3be49725d10bb45f405678b2d213528020/737cc6ee0fff9511f798dcb1925ca7ac976b2a53a900d3581a39cadbad56d30c.metadata.json,ccbf90005709a9c2c9cc522d7a454577b58dafe018a73c8bc14138b3a933f6a5
data/raw/experimental_validation/step05b4/700eafbd7505bb6f535c1ff5ad61ed3be49725d10bb45f405678b2d213528020/1e206e53226bbdc21572bc7b03afd4bc00570d80baa39181f7171c16f724f59b.xml.gz,3dce05cd41b960370fbb01815937e6ecabf2ac3391582f5d9c10604ae9316779
data/raw/experimental_validation/step05b4/700eafbd7505bb6f535c1ff5ad61ed3be49725d10bb45f405678b2d213528020/1e206e53226bbdc21572bc7b03afd4bc00570d80baa39181f7171c16f724f59b.metadata.json,8fe8a91d66ab99ed66786c0412cd0ec52e71281e1a8fe6dc6eb15aa441f36b65
data/raw/experimental_validation/step05b4/700eafbd7505bb6f535c1ff5ad61ed3be49725d10bb45f405678b2d213528020/0ee3edad643e18142d37d37956b6c39f7a42f801b4367c1c16baa51d3b47c6f1.xml.gz,ed56f5420ab6caca8fbff188c85357dddc984c80537f1b5e9a59a5d4ddc700e6
data/raw/experimental_validation/step05b4/700eafbd7505bb6f535c1ff5ad61ed3be49725d10bb45f405678b2d213528020/0ee3edad643e18142d37d37956b6c39f7a42f801b4367c1c16baa51d3b47c6f1.metadata.json,90c487d5d7b95e4b4c035d86f695c29ecdc16d87100453b768f107a09e6787da
data/raw/experimental_validation/step05b4/700eafbd7505bb6f535c1ff5ad61ed3be49725d10bb45f405678b2d213528020/47785ab69955de5228af699115e384a0c6591a53ec74af4212f5570be744721b.xml.gz,029e93e6b262c9824cee5d1903b5f34eb7c8674587b1ce42aca77f203629b6fd
data/raw/experimental_validation/step05b4/700eafbd7505bb6f535c1ff5ad61ed3be49725d10bb45f405678b2d213528020/47785ab69955de5228af699115e384a0c6591a53ec74af4212f5570be744721b.metadata.json,044b5733c74b9727914db6be6d36ea982812bb961d2ac8d36d1edfb8e818ae5f
data/raw/experimental_validation/step05b4/700eafbd7505bb6f535c1ff5ad61ed3be49725d10bb45f405678b2d213528020/081dfb2bdf0fc5600cd77eccda975c7b54d1bf557a8aa544c1c8cb21a276a08d.xml.gz,b3c86cc67b080ffc3cdfb5c79f2409d3731783657444746faed1608039c3217b
data/raw/experimental_validation/step05b4/700eafbd7505bb6f535c1ff5ad61ed3be49725d10bb45f405678b2d213528020/081dfb2bdf0fc5600cd77eccda975c7b54d1bf557a8aa544c1c8cb21a276a08d.metadata.json,9d32441f9ea95a827cbe261bcb14b255c5cfbfd3148a1ccaf90f19c70c1067d0
data/raw/experimental_validation/step05b4/700eafbd7505bb6f535c1ff5ad61ed3be49725d10bb45f405678b2d213528020/ea5ac4c25e78d4c0a941667041bc14cbef6577d261769187915ece377727da1b.xml.gz,5f0d8ec7a7144b3ed8b193fe8dd1b55338235eec691e510542ca27c243cf2428
data/raw/experimental_validation/step05b4/700eafbd7505bb6f535c1ff5ad61ed3be49725d10bb45f405678b2d213528020/ea5ac4c25e78d4c0a941667041bc14cbef6577d261769187915ece377727da1b.metadata.json,a82ca157521026dbe5f50e2c300072510f01c8ca7785a5e7364515e1c3315983
data/raw/experimental_validation/step05b4/700eafbd7505bb6f535c1ff5ad61ed3be49725d10bb45f405678b2d213528020/c3ad8d330db4c375b3fc648aa55db39a9e038244461a279d6c7c287f60f975ec.xml.gz,2d1d9001944a3a39eb5f9d475336711bd714905d12d04c7223aa325eb5b92210
data/raw/experimental_validation/step05b4/700eafbd7505bb6f535c1ff5ad61ed3be49725d10bb45f405678b2d213528020/c3ad8d330db4c375b3fc648aa55db39a9e038244461a279d6c7c287f60f975ec.metadata.json,310a503fa97202a9ece94eeaff4f365c641f83b16ee45bd4468695a24e51ae92
data/raw/experimental_validation/step05b4/700eafbd7505bb6f535c1ff5ad61ed3be49725d10bb45f405678b2d213528020/82ba92690b67589b61a7587f2fc26d3e4d9cc5066e7a6006abed25b76763cc0f.xml.gz,264b4304dbca28e79240a8fdd0c4757dc9708736b8826011b6c7122ab766ea4e
data/raw/experimental_validation/step05b4/700eafbd7505bb6f535c1ff5ad61ed3be49725d10bb45f405678b2d213528020/82ba92690b67589b61a7587f2fc26d3e4d9cc5066e7a6006abed25b76763cc0f.metadata.json,d76be181aac1fb52699d3798767bc2627711f46269f00f63fb90a859281d2cf1
data/raw/experimental_validation/step05b4/700eafbd7505bb6f535c1ff5ad61ed3be49725d10bb45f405678b2d213528020/cf4122e37d0bc65506eb73afeb86c9c7ca27ecefc555bd794b895e2fee4c90ef.xml.gz,03fedab99fbbcf70f8d2453bd119a358c2ce65c99eabddbb52976b03a5557dfb
data/raw/experimental_validation/step05b4/700eafbd7505bb6f535c1ff5ad61ed3be49725d10bb45f405678b2d213528020/cf4122e37d0bc65506eb73afeb86c9c7ca27ecefc555bd794b895e2fee4c90ef.metadata.json,851439ec98a6baa7ff8c29ad6c3c417f7fd19ced0976bc457c0f32c05a814445
data/raw/experimental_validation/step05b4/700eafbd7505bb6f535c1ff5ad61ed3be49725d10bb45f405678b2d213528020/f86960729d79a6652bb117db7eceb5651ad43b94969508db27c0477374873ec1.xml.gz,cb74ac14a84657e7fbf1cf532e2e45f164ffa823923c300279da8a24e71585e9
data/raw/experimental_validation/step05b4/700eafbd7505bb6f535c1ff5ad61ed3be49725d10bb45f405678b2d213528020/f86960729d79a6652bb117db7eceb5651ad43b94969508db27c0477374873ec1.metadata.json,f07fe8fe8ba26a360439d4222de7c12d3c17b8ac39c8716b18db76405813f86e
data/raw/experimental_validation/step05b4/700eafbd7505bb6f535c1ff5ad61ed3be49725d10bb45f405678b2d213528020/5442213c0cf54d2c9277236ee63def2b4a3b68c3ee3887c0cdff39c30143b547.xml.gz,49dac2d4ab85eea2982ed73d3cbbff983bb85e33b38ead98c2f96154b54fdea1
data/raw/experimental_validation/step05b4/700eafbd7505bb6f535c1ff5ad61ed3be49725d10bb45f405678b2d213528020/5442213c0cf54d2c9277236ee63def2b4a3b68c3ee3887c0cdff39c30143b547.metadata.json,b0ac05485c1031509d92db84e2f4481990b26a247c5f6c12f79766aaa385aa85
data/raw/experimental_validation/step05b4/700eafbd7505bb6f535c1ff5ad61ed3be49725d10bb45f405678b2d213528020/b15bc7f8cc480f70bfa41f02f3da6840785fb159efa2fc3de7415caeeedbac7c.xml.gz,cfc3d0e0f0cb3861811a3fd75cfb2c7db9e74c1eaf9e5e5eefa88ad052b15f88
data/raw/experimental_validation/step05b4/700eafbd7505bb6f535c1ff5ad61ed3be49725d10bb45f405678b2d213528020/b15bc7f8cc480f70bfa41f02f3da6840785fb159efa2fc3de7415caeeedbac7c.metadata.json,4a7696bf6dc5b351eb796d957f664f65dfbd8c95af6acb87efa7f772ce23792f
data/raw/experimental_validation/step05b4/700eafbd7505bb6f535c1ff5ad61ed3be49725d10bb45f405678b2d213528020/442ffbb902fbe0190efc991a4d137373ae4423de6d707e277e5db22f05a43ac1.xml.gz,5ac67b23f0b48ddac646e0960ae3ef375edcea4a83b7cf8470fc0cb940cc7cef
data/raw/experimental_validation/step05b4/700eafbd7505bb6f535c1ff5ad61ed3be49725d10bb45f405678b2d213528020/442ffbb902fbe0190efc991a4d137373ae4423de6d707e277e5db22f05a43ac1.metadata.json,441d64c7c056591a3d8e292c80f84bb6e3a00b9fa674328f64d65335cdf8beaa
data/raw/experimental_validation/step05b4/700eafbd7505bb6f535c1ff5ad61ed3be49725d10bb45f405678b2d213528020/d9c7f680f98fa889d54839b8becad64f61f3d4ee4fe717384e0d25142c54fad3.xml.gz,eb875c19b2e401533ad06785ba5309dfb44f1d95f2cb113be7130fd6568a0e60
data/raw/experimental_validation/step05b4/700eafbd7505bb6f535c1ff5ad61ed3be49725d10bb45f405678b2d213528020/d9c7f680f98fa889d54839b8becad64f61f3d4ee4fe717384e0d25142c54fad3.metadata.json,a5d467875217c2400bb7177a96fce9c9c18ace3d96501c818f6f952e0ab940d2
data/raw/experimental_validation/step05b4/700eafbd7505bb6f535c1ff5ad61ed3be49725d10bb45f405678b2d213528020/05877d315432737e525b1301303c010c9174c8ee9a8178d8ef52ac6f27ca955b.xml.gz,bbfba8b3e94e1d0fb253b3a7d7b8f13068140fed0124715b9a9c06220d155489
data/raw/experimental_validation/step05b4/700eafbd7505bb6f535c1ff5ad61ed3be49725d10bb45f405678b2d213528020/05877d315432737e525b1301303c010c9174c8ee9a8178d8ef52ac6f27ca955b.metadata.json,619dc4bf83905689b19562fbcbd3ca5bc3251585f3804a1af89da93c7af98515
data/raw/experimental_validation/step05b4/700eafbd7505bb6f535c1ff5ad61ed3be49725d10bb45f405678b2d213528020/e008a9d4c16f673d23debc762f981ffb7397434100a66d32f0057deca79e97bb.xml.gz,b293a46cd910e3129f4b6f4a0c330f577c1c285bb5ba5884e5f5c88917b719a0
data/raw/experimental_validation/step05b4/700eafbd7505bb6f535c1ff5ad61ed3be49725d10bb45f405678b2d213528020/e008a9d4c16f673d23debc762f981ffb7397434100a66d32f0057deca79e97bb.metadata.json,c41760f44f6e17ed749912e0f2182ff2c980e6eef0d87cb30e97780895a2e2f3
data/raw/experimental_validation/step05b4/700eafbd7505bb6f535c1ff5ad61ed3be49725d10bb45f405678b2d213528020/3c6daa851e07f8bc3bf30fb0617f0f0a39e2ee085be644da9cc3528400974ae7.xml.gz,8982bce234016ad54c8df9500aaf5302d9773ae5bdd37a1cc746b6ed6cb4e91b
data/raw/experimental_validation/step05b4/700eafbd7505bb6f535c1ff5ad61ed3be49725d10bb45f405678b2d213528020/3c6daa851e07f8bc3bf30fb0617f0f0a39e2ee085be644da9cc3528400974ae7.metadata.json,01568c7706d468811842891feeec1ff33add8434e0e171b005d76beaf0270513
data/raw/experimental_validation/step05b4/700eafbd7505bb6f535c1ff5ad61ed3be49725d10bb45f405678b2d213528020/0087ea447a59d8796205398bac30a20f86c6b6eb32d42a7eebd6ef8e4ff72126.xml.gz,f8e289bc9e44347e21f95c370ea4b1bcce4dba4ef1280d391c1683ca49790d2a
data/raw/experimental_validation/step05b4/700eafbd7505bb6f535c1ff5ad61ed3be49725d10bb45f405678b2d213528020/0087ea447a59d8796205398bac30a20f86c6b6eb32d42a7eebd6ef8e4ff72126.metadata.json,2e4f92fca782d457f4a3b92e10b3dcee37a737336d4408b4b7f5372daf516224
data/raw/experimental_validation/step05b4/700eafbd7505bb6f535c1ff5ad61ed3be49725d10bb45f405678b2d213528020/fb0383a896025008386eb64aac4a64d5c621fd5632dbe4a852c27f8d70e52920.xml.gz,abecc6d3734c0ef94bd40a8340be06d0e591c6ed7e163af7d8de16c9c4f5d8bd
data/raw/experimental_validation/step05b4/700eafbd7505bb6f535c1ff5ad61ed3be49725d10bb45f405678b2d213528020/fb0383a896025008386eb64aac4a64d5c621fd5632dbe4a852c27f8d70e52920.metadata.json,cf9d48ce197ebb2266cef7d35ac28fd5521b12532df374823a10276550d811a1
data/raw/experimental_validation/step05b4/700eafbd7505bb6f535c1ff5ad61ed3be49725d10bb45f405678b2d213528020/c01342515752cd0f787ba09eed9983df7db57b1cda23000e8c8b57bbbdc85de4.xml.gz,d7115754ad2bea5e171fd3d36e404181d5af05b5c31387f0b250ec7f6ff8983e
data/raw/experimental_validation/step05b4/700eafbd7505bb6f535c1ff5ad61ed3be49725d10bb45f405678b2d213528020/c01342515752cd0f787ba09eed9983df7db57b1cda23000e8c8b57bbbdc85de4.metadata.json,8acd764191a1dbe378128357ab60fd15a181985c8b1bbdc8b67985dd433eb439
data/raw/experimental_validation/step05b4/700eafbd7505bb6f535c1ff5ad61ed3be49725d10bb45f405678b2d213528020/f0c2c69ed6144bf0f849757c5d91ff0b40057a6183ade7d6f55c3ab788cdcdd8.xml.gz,7a6f7666f5e9bee20af905a8fa0cd74629b5d4fc9f565c205da2f86f64643714
data/raw/experimental_validation/step05b4/700eafbd7505bb6f535c1ff5ad61ed3be49725d10bb45f405678b2d213528020/f0c2c69ed6144bf0f849757c5d91ff0b40057a6183ade7d6f55c3ab788cdcdd8.metadata.json,696a977f65eea0ed277418e113ac83d565323e77d13afe2fc7b10251d35d416e
data/raw/experimental_validation/step05b4/700eafbd7505bb6f535c1ff5ad61ed3be49725d10bb45f405678b2d213528020/84f6408a2cf150e94865b5a80ebceea4ce403fe175f2cd47a5ea4e8cbe9a5c15.xml.gz,7a3b62661190417b814846acba1bc47e30365d73f7c1bd194b2c04cd594121f2
data/raw/experimental_validation/step05b4/700eafbd7505bb6f535c1ff5ad61ed3be49725d10bb45f405678b2d213528020/84f6408a2cf150e94865b5a80ebceea4ce403fe175f2cd47a5ea4e8cbe9a5c15.metadata.json,d1415a0458de2a02c0b21d1d79e40cafb15322a9bedd9039faf44bc9f1ce05ea
data/raw/experimental_validation/step05b4/700eafbd7505bb6f535c1ff5ad61ed3be49725d10bb45f405678b2d213528020/a1c213b68ba172a346323243a1fc054b2a8fff6238a5c7d64068a117d72ca46a.xml.gz,3ea66d4d9fb66fab2140f3a796db64a4f78837d36b75337daed6dbf7c20f7783
data/raw/experimental_validation/step05b4/700eafbd7505bb6f535c1ff5ad61ed3be49725d10bb45f405678b2d213528020/a1c213b68ba172a346323243a1fc054b2a8fff6238a5c7d64068a117d72ca46a.metadata.json,8721c7de651abda1f7d1e37685e3382911b01145a2e4af293a93200a494f96fd
data/raw/experimental_validation/step05b4/700eafbd7505bb6f535c1ff5ad61ed3be49725d10bb45f405678b2d213528020/ea132ccef2a9a0964b4aae2d93c87c52ed267e274b29f82c2344f0f48780a2a4.xml.gz,c81e16d6ed07b2ad8048ee4973df804533e2a9129919c252ad8d7c83ef0ed397
data/raw/experimental_validation/step05b4/700eafbd7505bb6f535c1ff5ad61ed3be49725d10bb45f405678b2d213528020/ea132ccef2a9a0964b4aae2d93c87c52ed267e274b29f82c2344f0f48780a2a4.metadata.json,84f29fb540f6fdae70f3285992866e4f400d44381f8c53388b63f1dc0297e826
data/raw/experimental_validation/step05b4/700eafbd7505bb6f535c1ff5ad61ed3be49725d10bb45f405678b2d213528020/e3932112bbbdfc44eaf52a0b768399059e9f83d2f1d3c5c922ef8b65397a938b.xml.gz,8e5e8b080f1ca3b79610d35043236f6630009f7c14a3bf72f2b8f1728f2690a0
data/raw/experimental_validation/step05b4/700eafbd7505bb6f535c1ff5ad61ed3be49725d10bb45f405678b2d213528020/e3932112bbbdfc44eaf52a0b768399059e9f83d2f1d3c5c922ef8b65397a938b.metadata.json,8442b61ec3249f5a4d76b8160becba7b4a0c470570bfa1e17b8fe9da18e74384
data/raw/experimental_validation/step05b4/700eafbd7505bb6f535c1ff5ad61ed3be49725d10bb45f405678b2d213528020/5292c771b4a516fab81d41fbdfb0a41049e4b3a9cc73a3e08a5a0d64efac2ada.xml.gz,0256e9f769e5468be60563f05a4a5579b686335dfc37c24b60febfa36ea48e90
data/raw/experimental_validation/step05b4/700eafbd7505bb6f535c1ff5ad61ed3be49725d10bb45f405678b2d213528020/5292c771b4a516fab81d41fbdfb0a41049e4b3a9cc73a3e08a5a0d64efac2ada.metadata.json,977e2048f5a2cb2ac58402d71e7597ee446c5626bb65b472e4efae0050e9deb0
data/raw/experimental_validation/step05b4/700eafbd7505bb6f535c1ff5ad61ed3be49725d10bb45f405678b2d213528020/f24bf763a0e39ee378b00d019ba27f48ea29434c3b024c402d28fa6bb97bd254.xml.gz,df22122c42252762646a3d5803063ef01bf848420559dfdee8f3b154e5bd73f9
data/raw/experimental_validation/step05b4/700eafbd7505bb6f535c1ff5ad61ed3be49725d10bb45f405678b2d213528020/f24bf763a0e39ee378b00d019ba27f48ea29434c3b024c402d28fa6bb97bd254.metadata.json,7c90e2124b188a0f2039b87b7e6f1608e8dee3c932e6d43f644ca4fb4b8ad84d
data/raw/experimental_validation/step05b4/700eafbd7505bb6f535c1ff5ad61ed3be49725d10bb45f405678b2d213528020/547ca8bd30fb4141b2f914dd981213a74c22151427cd06958f329d5a4788438a.xml.gz,7835443ebaed115382f7775887c6934a9c048ed05a1bc3954576a7f7c8fb8d08
data/raw/experimental_validation/step05b4/700eafbd7505bb6f535c1ff5ad61ed3be49725d10bb45f405678b2d213528020/547ca8bd30fb4141b2f914dd981213a74c22151427cd06958f329d5a4788438a.metadata.json,20b4a4788789c2dbf2cac8b2ff92c3b8f1252dd5f1e45354e3033623307951d9
data/raw/experimental_validation/step05b4/700eafbd7505bb6f535c1ff5ad61ed3be49725d10bb45f405678b2d213528020/44eb97471be3333a68d804e8a6e4d898a452380a720910cb99ac3dabbd468733.xml.gz,172ea73f1a8979a5924f20218fc7ef92fff9a5b54914157bae19d8edf8c6fb05
data/raw/experimental_validation/step05b4/700eafbd7505bb6f535c1ff5ad61ed3be49725d10bb45f405678b2d213528020/44eb97471be3333a68d804e8a6e4d898a452380a720910cb99ac3dabbd468733.metadata.json,fb87ebde2b17e4d826d7c64ea0fe10e167d11f9803f1672598898f318e270555
data/raw/experimental_validation/step05b4/700eafbd7505bb6f535c1ff5ad61ed3be49725d10bb45f405678b2d213528020/f16dc59efff0d4e51dc3541e27cb954e07dfb7f8ff6fb2f7f7f550296f3fca51.xml.gz,bc14196f40d7fbf1adca6cbbfbab8794272063171f28bfb371260e4f01543750
data/raw/experimental_validation/step05b4/700eafbd7505bb6f535c1ff5ad61ed3be49725d10bb45f405678b2d213528020/f16dc59efff0d4e51dc3541e27cb954e07dfb7f8ff6fb2f7f7f550296f3fca51.metadata.json,056ba525fe39aaf0ae3522915f83f5c33f7ed47d555d2246e6a60111d958fe52
data/raw/experimental_validation/step05b4/700eafbd7505bb6f535c1ff5ad61ed3be49725d10bb45f405678b2d213528020/16329f8ba31e8b955f4d6693103af36cf9ac9b899fc74f7a7d8443b95c609890.xml.gz,d68f1140035295ed546357a1fdce0484b24335fc863e53e76206258cc1666207
data/raw/experimental_validation/step05b4/700eafbd7505bb6f535c1ff5ad61ed3be49725d10bb45f405678b2d213528020/16329f8ba31e8b955f4d6693103af36cf9ac9b899fc74f7a7d8443b95c609890.metadata.json,9b0469e51c37188d0cd112353eba96391c6cf633e58ed20b43488dac2373bf58
data/raw/experimental_validation/step05b4/700eafbd7505bb6f535c1ff5ad61ed3be49725d10bb45f405678b2d213528020/3be89b8b2135f5c161e28ceb15e3c1839af0d53895c17e06f2568d7fb61796d1.xml.gz,79b3e26a808fda8a1cde423523728cd054a00af30ef85216b240abc66583a726
data/raw/experimental_validation/step05b4/700eafbd7505bb6f535c1ff5ad61ed3be49725d10bb45f405678b2d213528020/3be89b8b2135f5c161e28ceb15e3c1839af0d53895c17e06f2568d7fb61796d1.metadata.json,2e38089d84dfe4b38b281b8a6512efb68750f6c301aba1bd34482072b6d1bc9e
data/raw/experimental_validation/step05b4/700eafbd7505bb6f535c1ff5ad61ed3be49725d10bb45f405678b2d213528020/43ca7f147253945544ffca320bfdffe44ff58d3a9d251d52c9bfa5e08bf08776.xml.gz,cd99bcd343e6b2506ad9420fa3ae02295ff2efe83cff106fe080ad28eae24ef8
data/raw/experimental_validation/step05b4/700eafbd7505bb6f535c1ff5ad61ed3be49725d10bb45f405678b2d213528020/43ca7f147253945544ffca320bfdffe44ff58d3a9d251d52c9bfa5e08bf08776.metadata.json,5d83955ef520ed5e40c6f7e6e783930aa47e015bd5b06242ffef70299c5bd2a1
data/raw/experimental_validation/step05b4/700eafbd7505bb6f535c1ff5ad61ed3be49725d10bb45f405678b2d213528020/806b435df42199754fd26da7e363ba9b20d46a196b9cecfb996666cb85bd333b.xml.gz,bedc49ac813dce487243244b3eacc53438f75a6e1816f194455f07193ffe13ec
data/raw/experimental_validation/step05b4/700eafbd7505bb6f535c1ff5ad61ed3be49725d10bb45f405678b2d213528020/806b435df42199754fd26da7e363ba9b20d46a196b9cecfb996666cb85bd333b.metadata.json,78a7f15627959ec588a71640df1b8b7323dab8020309822b038156f616028043
data/raw/experimental_validation/step05b4/700eafbd7505bb6f535c1ff5ad61ed3be49725d10bb45f405678b2d213528020/63fdceef13fd4b6a35500a594de34bcbd8844eb7d4c0f1ac820015741c769adb.xml.gz,8cf57cb21d701293dddf75f7229f335e22af9531aca05b665916249ef30fd0ae
data/raw/experimental_validation/step05b4/700eafbd7505bb6f535c1ff5ad61ed3be49725d10bb45f405678b2d213528020/63fdceef13fd4b6a35500a594de34bcbd8844eb7d4c0f1ac820015741c769adb.metadata.json,f5987be46ddc3b2375ef6cf6e12188a60b587a03c1b4b33394c29dcd1dd73af2
data/raw/experimental_validation/step05b4/700eafbd7505bb6f535c1ff5ad61ed3be49725d10bb45f405678b2d213528020/87c6a68bf4ff9c0fb608adfde176986324492270b03307c263c8902b9d3e43a0.xml.gz,878347fc8b5a13cd9d77583401dc649305c9008e4b11356b5007fa60da657b1c
data/raw/experimental_validation/step05b4/700eafbd7505bb6f535c1ff5ad61ed3be49725d10bb45f405678b2d213528020/87c6a68bf4ff9c0fb608adfde176986324492270b03307c263c8902b9d3e43a0.metadata.json,919db2147d231ae28530980934b8e20643797601b55662deb335697ad5edb2e1
data/raw/experimental_validation/step05b4/700eafbd7505bb6f535c1ff5ad61ed3be49725d10bb45f405678b2d213528020/cf739a62db22dafc0651caaac18caa35ccf8598e8f20183f0e1bd033233b53b7.xml.gz,064b937a034425b9bcd2f827d4d5e3f24df78ac3f8b11103260db2e389a81f88
data/raw/experimental_validation/step05b4/700eafbd7505bb6f535c1ff5ad61ed3be49725d10bb45f405678b2d213528020/cf739a62db22dafc0651caaac18caa35ccf8598e8f20183f0e1bd033233b53b7.metadata.json,7491dd5449301787719588963ca7cd02cafe8ad021870ab92e5e98bfe60401c6
data/raw/experimental_validation/step05b4/700eafbd7505bb6f535c1ff5ad61ed3be49725d10bb45f405678b2d213528020/66a986c2340a9cf768df586851ec1b1843d9883becd989fc7413cc93083f94df.xml.gz,e843e0d44b62610830cf28b940e35bdef893c832f08c0ad6578f75ff7baee645
data/raw/experimental_validation/step05b4/700eafbd7505bb6f535c1ff5ad61ed3be49725d10bb45f405678b2d213528020/66a986c2340a9cf768df586851ec1b1843d9883becd989fc7413cc93083f94df.metadata.json,34a2659b2e83cf37db4c2b4b8bf6f5e1d84b8e90f2fbd46e71e40289b8ebf305
data/raw/experimental_validation/step05b4/700eafbd7505bb6f535c1ff5ad61ed3be49725d10bb45f405678b2d213528020/8ed9b8c4409d33d6bf317613d27c27f3c7c84ab4050ef8bcb1fbe75b7bb14f95.xml.gz,b28e9fb6b999805fbb01518502351cd28397c4eec1db3dc58449e00cc3765ab2
data/raw/experimental_validation/step05b4/700eafbd7505bb6f535c1ff5ad61ed3be49725d10bb45f405678b2d213528020/8ed9b8c4409d33d6bf317613d27c27f3c7c84ab4050ef8bcb1fbe75b7bb14f95.metadata.json,e63a880c98975fb8162992ace14898cac549c2165f036089abeab6ec1384ce55
data/raw/experimental_validation/step05b4/700eafbd7505bb6f535c1ff5ad61ed3be49725d10bb45f405678b2d213528020/7262a18158bfc3f0ba9f1f2da12a3cf80ba3a7c41e95bab8c3983f30b3e2126c.xml.gz,c842d084165b9b1c6cfedd4545f814e26ab961c6df7ecebbf93e2d58e63626e1
data/raw/experimental_validation/step05b4/700eafbd7505bb6f535c1ff5ad61ed3be49725d10bb45f405678b2d213528020/7262a18158bfc3f0ba9f1f2da12a3cf80ba3a7c41e95bab8c3983f30b3e2126c.metadata.json,36f8783953ab2aa7fb28475c4275443bbd4449b6ebc6efa8599fc65e96b4a0dd
data/raw/experimental_validation/step05b4/700eafbd7505bb6f535c1ff5ad61ed3be49725d10bb45f405678b2d213528020/c4730e57dc747ddfc4e2743a342ad5b20ee013bbfaea043dd628dc021fb29f4c.xml.gz,413356f0ae4348fde27f3af129e313c5ea7212a9612536726f154d2aa16b3551
data/raw/experimental_validation/step05b4/700eafbd7505bb6f535c1ff5ad61ed3be49725d10bb45f405678b2d213528020/c4730e57dc747ddfc4e2743a342ad5b20ee013bbfaea043dd628dc021fb29f4c.metadata.json,378e639906e3048c31d7dd2394d1c1b5b18583b9cf5dbd2660b2391f6765b9a3
data/raw/experimental_validation/step05b4/700eafbd7505bb6f535c1ff5ad61ed3be49725d10bb45f405678b2d213528020/47031edfd6293f9f13ec8b0453a8f0f77d5b9eb206a3880640e0cac41ce396b4.xml.gz,0fcbb50e4a46d878e6011a6ef5068c4122fc453e092d83aac76503bf60ce46af
data/raw/experimental_validation/step05b4/700eafbd7505bb6f535c1ff5ad61ed3be49725d10bb45f405678b2d213528020/47031edfd6293f9f13ec8b0453a8f0f77d5b9eb206a3880640e0cac41ce396b4.metadata.json,dec1e33724be724d275b59d27c36a4b6ba69200f8c01cdc8eea985b8696141fc
data/raw/experimental_validation/step05b4/700eafbd7505bb6f535c1ff5ad61ed3be49725d10bb45f405678b2d213528020/f6ac2e733c170cf347dff14dd6cfb55c0df782473df464317eace6d09ab44d31.xml.gz,f447876e81b3e90ba6bd81113f70567093944303aeaae5c970e0393004986be7
data/raw/experimental_validation/step05b4/700eafbd7505bb6f535c1ff5ad61ed3be49725d10bb45f405678b2d213528020/f6ac2e733c170cf347dff14dd6cfb55c0df782473df464317eace6d09ab44d31.metadata.json,90ff5394abf4faf92db57787c03a122c08b254c3649f2180790b4f9091822922
data/raw/experimental_validation/step05b4/700eafbd7505bb6f535c1ff5ad61ed3be49725d10bb45f405678b2d213528020/f1c09cfd3177eae99106df82dd53511b4ae38297f9d51c06896d33149c4973e1.xml.gz,40f6fe0e27c2b29d1917c74e0e32215c26bdc540b8fa71205229150fdb6b9966
data/raw/experimental_validation/step05b4/700eafbd7505bb6f535c1ff5ad61ed3be49725d10bb45f405678b2d213528020/f1c09cfd3177eae99106df82dd53511b4ae38297f9d51c06896d33149c4973e1.metadata.json,112d717ee6927ee230aa2e7dc44adff82af20507b264c9c6a2a0c6905d7e34f0
data/raw/experimental_validation/step05b4/700eafbd7505bb6f535c1ff5ad61ed3be49725d10bb45f405678b2d213528020/efa2205b117bb2045cf8538d34d90c2d50b5ade5259dd79f416f08ab99bc32b0.xml.gz,a97713bde3c1e0a97a27bbb47e00606e7dd9fb02453328cc4279ffca89ecd62a
data/raw/experimental_validation/step05b4/700eafbd7505bb6f535c1ff5ad61ed3be49725d10bb45f405678b2d213528020/efa2205b117bb2045cf8538d34d90c2d50b5ade5259dd79f416f08ab99bc32b0.metadata.json,ae44066b7f94749df5621e4b7639c005e530781393cfab52e778835b0e5db25c
data/raw/experimental_validation/step05b4/700eafbd7505bb6f535c1ff5ad61ed3be49725d10bb45f405678b2d213528020/221848f34e480932449dd2f23c9b3a9566f042c396516dd4d17730055d33ab67.xml.gz,5aaac832be2fde5c40064b0080fd084c99618f0c944e2b529f7f1a119f15227a
data/raw/experimental_validation/step05b4/700eafbd7505bb6f535c1ff5ad61ed3be49725d10bb45f405678b2d213528020/221848f34e480932449dd2f23c9b3a9566f042c396516dd4d17730055d33ab67.metadata.json,9073c828eb42f4279a8b5f311253799d8097983a9ee21707884eaff7b121de5f
data/raw/experimental_validation/step05b4/700eafbd7505bb6f535c1ff5ad61ed3be49725d10bb45f405678b2d213528020/93cf53092e833cf29fe458d0c31f37b33b8f6b3014275e7478dd2ad1456a6380.xml.gz,199a0d9dd98ecdda464d9638c1ae0ebbc0959897ac7f09a77c94ad3864bd446c
data/raw/experimental_validation/step05b4/700eafbd7505bb6f535c1ff5ad61ed3be49725d10bb45f405678b2d213528020/93cf53092e833cf29fe458d0c31f37b33b8f6b3014275e7478dd2ad1456a6380.metadata.json,95ec7dc65df09fbb8276535c2909caa971365f395ab39706d51590e7c97c532a
data/raw/experimental_validation/step05b4/700eafbd7505bb6f535c1ff5ad61ed3be49725d10bb45f405678b2d213528020/94b1f638ea17a01567798c24d9053bd095138c2492f147c1280226d90e87de67.xml.gz,a2ffbd0d4ade0e690a7de9f0dd58ceed2c1a33a2a7c454d35c0ee71d5df27dd3
data/raw/experimental_validation/step05b4/700eafbd7505bb6f535c1ff5ad61ed3be49725d10bb45f405678b2d213528020/94b1f638ea17a01567798c24d9053bd095138c2492f147c1280226d90e87de67.metadata.json,7f13c9bf5263638e1cc32b6e2ebe1a170ab83238fff9eb9639116abd0b7b491a
data/raw/experimental_validation/step05b4/700eafbd7505bb6f535c1ff5ad61ed3be49725d10bb45f405678b2d213528020/07640ba99cd67e8413205db3f5673b113d2615e471d705bedb94772ea7d8dfdd.xml.gz,feaf33def64a0f2ba1f34262ce871753b18d144328faf6073a206cc1fd05527d
data/raw/experimental_validation/step05b4/700eafbd7505bb6f535c1ff5ad61ed3be49725d10bb45f405678b2d213528020/07640ba99cd67e8413205db3f5673b113d2615e471d705bedb94772ea7d8dfdd.metadata.json,c42c2225b1fd041b6f6cfb819e33644c79a7af0bb02c28445222340160302b13
data/raw/experimental_validation/step05b4/700eafbd7505bb6f535c1ff5ad61ed3be49725d10bb45f405678b2d213528020/abf80ec847c382c6437b83bab4e6583b577fe33be9606431ae9f16d582873f5b.xml.gz,2e6a98172b7be178e0a0ecfb1013c826c59215ab4353bcd80ce8e142855415e4
data/raw/experimental_validation/step05b4/700eafbd7505bb6f535c1ff5ad61ed3be49725d10bb45f405678b2d213528020/abf80ec847c382c6437b83bab4e6583b577fe33be9606431ae9f16d582873f5b.metadata.json,f9778dab5a850b7f4a77fd4fb3342fd95abc01adc2b97b1642eb2453d76774bc
data/raw/experimental_validation/step05b4/700eafbd7505bb6f535c1ff5ad61ed3be49725d10bb45f405678b2d213528020/e6c126aadb47baae55c9baac6b5afe5bf454d1e25043f65f4f21b37bbee396d3.xml.gz,5fc69aa3817642b38b337c9bd99faee5122ba6eee84e91d2698249aa09544fc2
data/raw/experimental_validation/step05b4/700eafbd7505bb6f535c1ff5ad61ed3be49725d10bb45f405678b2d213528020/e6c126aadb47baae55c9baac6b5afe5bf454d1e25043f65f4f21b37bbee396d3.metadata.json,14dbec507c8d36b1a3228586242172e4030531f261a914de1d6077147a651d12
data/raw/experimental_validation/step05b4/700eafbd7505bb6f535c1ff5ad61ed3be49725d10bb45f405678b2d213528020/cbc22c0214eaa357f0144f7525d1be35fd7f4536e8ab237d152999f991e7b1b6.xml.gz,f5bd45e86000301624cb4e5691fd66dfd298c0288f96cb7de156209929156daa
data/raw/experimental_validation/step05b4/700eafbd7505bb6f535c1ff5ad61ed3be49725d10bb45f405678b2d213528020/cbc22c0214eaa357f0144f7525d1be35fd7f4536e8ab237d152999f991e7b1b6.metadata.json,7052ae22e7fbf07858992e4385a97daab657953d042f12e8a0d5260f6eaaa6dc
data/raw/experimental_validation/step05b4/700eafbd7505bb6f535c1ff5ad61ed3be49725d10bb45f405678b2d213528020/848d16fbf683796c9c5067bfa51e417cdfd278b01d283ea8254c4d89ee6c81d4.xml.gz,abd88e96d9be1603c4fcb5f89a2aa3f2db8ab34b3c70f782e2a226b52ecdeb63
data/raw/experimental_validation/step05b4/700eafbd7505bb6f535c1ff5ad61ed3be49725d10bb45f405678b2d213528020/848d16fbf683796c9c5067bfa51e417cdfd278b01d283ea8254c4d89ee6c81d4.metadata.json,36401c9879bb9579808c0f6a602a7f58b18aa4450d60f9be5804f77802f57bf8
data/raw/experimental_validation/step05b4/700eafbd7505bb6f535c1ff5ad61ed3be49725d10bb45f405678b2d213528020/7d322fb42294f470a738d99433d0878edc6dc8b14166894c608dd86e223bae4a.xml.gz,8dd86b1f7cde2f2290f5dbcc11bef2aabe8cda561aaa76900d136f22dbb7081a
data/raw/experimental_validation/step05b4/700eafbd7505bb6f535c1ff5ad61ed3be49725d10bb45f405678b2d213528020/7d322fb42294f470a738d99433d0878edc6dc8b14166894c608dd86e223bae4a.metadata.json,f3af7f6bbc729a3f8229c8978882f58acc6721c5bcafc21529025887106cc998
data/raw/experimental_validation/step05b4/700eafbd7505bb6f535c1ff5ad61ed3be49725d10bb45f405678b2d213528020/cfcf2c93b725a94215322fc3de9ff2c6476de3fdac3fc0dc68c289fe9e2badd2.xml.gz,d34b92dc236c9539280668f698eeba8c851971bb856c58699774facaee185e52
data/raw/experimental_validation/step05b4/700eafbd7505bb6f535c1ff5ad61ed3be49725d10bb45f405678b2d213528020/cfcf2c93b725a94215322fc3de9ff2c6476de3fdac3fc0dc68c289fe9e2badd2.metadata.json,48c2cc116f33fad0b6760ad3f249f087a53cb6979c35ea8a5313ad39be0edaa0
data/raw/experimental_validation/step05b4/700eafbd7505bb6f535c1ff5ad61ed3be49725d10bb45f405678b2d213528020/d09f9c19bfeb2f1e7a30fb97335384de8ed5103aa826b58c154414220fe67f07.xml.gz,37810938548dcedb3e6844088f4dd6fa1c9713e9e4ead3bba947572b4e19d726
data/raw/experimental_validation/step05b4/700eafbd7505bb6f535c1ff5ad61ed3be49725d10bb45f405678b2d213528020/d09f9c19bfeb2f1e7a30fb97335384de8ed5103aa826b58c154414220fe67f07.metadata.json,188b7f5e05aa381695ff4f78cd884dadcc541043679c44c67e651601a6675b14
data/raw/experimental_validation/step05b4/700eafbd7505bb6f535c1ff5ad61ed3be49725d10bb45f405678b2d213528020/fa0f5f164d45db4a3a97b203890e5a5ea5d50d6344f78ee993b1bcfd82704c87.xml.gz,2f13de3b681ea93622e6cfa456b54fb22715e62713a8d0c5021e3418dc8c37d7
data/raw/experimental_validation/step05b4/700eafbd7505bb6f535c1ff5ad61ed3be49725d10bb45f405678b2d213528020/fa0f5f164d45db4a3a97b203890e5a5ea5d50d6344f78ee993b1bcfd82704c87.metadata.json,4dbd9cff17f5bf521be7146fadca422a591898c4ff6e0b3aaced9d0153dfdd92
data/raw/experimental_validation/step05b4/700eafbd7505bb6f535c1ff5ad61ed3be49725d10bb45f405678b2d213528020/08b5bcaaf1044ff6188e5de635e83aec891bcdcdd610a979dd2c2b42c7dab898.xml.gz,3c0b55bde7d225a09247d3804ca80e016d03c8d29ffff0df0f4898d6e27f1e9f
data/raw/experimental_validation/step05b4/700eafbd7505bb6f535c1ff5ad61ed3be49725d10bb45f405678b2d213528020/08b5bcaaf1044ff6188e5de635e83aec891bcdcdd610a979dd2c2b42c7dab898.metadata.json,8d0eddd42c744b8c696b6ca10a5f599bb5b813f7c22f3e83f9c7fb7bee251cc7
data/raw/experimental_validation/step05b4/700eafbd7505bb6f535c1ff5ad61ed3be49725d10bb45f405678b2d213528020/e1a6dbc8bcf70d52ea110688184266207250facb34c6b8de907b8946d0b239de.xml.gz,902c8ac7977e45f67eb0044f212381d956a8089d329faba663a67dc0a5068083
data/raw/experimental_validation/step05b4/700eafbd7505bb6f535c1ff5ad61ed3be49725d10bb45f405678b2d213528020/e1a6dbc8bcf70d52ea110688184266207250facb34c6b8de907b8946d0b239de.metadata.json,800aa0fc3b7590b919fa60dc6738ffab7c91fceb5e24ed21f97175f4ad17d1a9
data/raw/experimental_validation/step05b4/700eafbd7505bb6f535c1ff5ad61ed3be49725d10bb45f405678b2d213528020/e22c290151aae34a89d24abdad2226a6cdcd59ac830148cff767002853dc0103.xml.gz,2742c7bed3715bcacf607bedd95e485563646f93e8dc1191fcd380e7a340b680
data/raw/experimental_validation/step05b4/700eafbd7505bb6f535c1ff5ad61ed3be49725d10bb45f405678b2d213528020/e22c290151aae34a89d24abdad2226a6cdcd59ac830148cff767002853dc0103.metadata.json,8a48b856ff9b76c2f2e30eaee0f38b3bdec6ff0573174a76662c763e00c11f74
data/raw/experimental_validation/step05b4/700eafbd7505bb6f535c1ff5ad61ed3be49725d10bb45f405678b2d213528020/f8e3057539dbbcfa9df8481a1b8d7dbd8e938b9308e1f8d3fdbe548910328d21.xml.gz,18148cb176c083a042b48a0177bd535cc26e7b217e95c7612058bf4aac2b9b58
data/raw/experimental_validation/step05b4/700eafbd7505bb6f535c1ff5ad61ed3be49725d10bb45f405678b2d213528020/f8e3057539dbbcfa9df8481a1b8d7dbd8e938b9308e1f8d3fdbe548910328d21.metadata.json,59c88cfcb161896d4306b44c1628c669afdb3ad800246177092111558b2c56e9
data/raw/experimental_validation/step05b4/700eafbd7505bb6f535c1ff5ad61ed3be49725d10bb45f405678b2d213528020/99379f56045d74b6d1b848f0aad947c1004f3af5b3d3351027051d8b99035f59.xml.gz,9255691e962ea52156513aaefb327637ad7e1732b6bb7ac7d968022ea6ef192d
data/raw/experimental_validation/step05b4/700eafbd7505bb6f535c1ff5ad61ed3be49725d10bb45f405678b2d213528020/99379f56045d74b6d1b848f0aad947c1004f3af5b3d3351027051d8b99035f59.metadata.json,d4641f00a6182830f3d7b53bf6c94e87a667c137a66cff2fef3435ae8129f071
data/raw/experimental_validation/step05b4/700eafbd7505bb6f535c1ff5ad61ed3be49725d10bb45f405678b2d213528020/1c886c348993a3de7fe1e50210cb36df49a4d5bbc2a3666820cfd542698bc05f.xml.gz,eb85f2ff595026b6b459b15baa8ab8a5f7acd1c710a5db358ec04cfadc59be69
data/raw/experimental_validation/step05b4/700eafbd7505bb6f535c1ff5ad61ed3be49725d10bb45f405678b2d213528020/1c886c348993a3de7fe1e50210cb36df49a4d5bbc2a3666820cfd542698bc05f.metadata.json,8505a8a779cb59e6121d61cf6a5254e88b7fa77f2eeab576d6b7c29d0c7a3ff1
data/raw/experimental_validation/step05b4/700eafbd7505bb6f535c1ff5ad61ed3be49725d10bb45f405678b2d213528020/87a0657948af61036749f347d89618fff29633ed8053a3a3c4b2c500de0e88b8.xml.gz,654d1c585c32048a4331ef71dfe3e99447123fb6d9d4ce5b3e25d7655153c833
data/raw/experimental_validation/step05b4/700eafbd7505bb6f535c1ff5ad61ed3be49725d10bb45f405678b2d213528020/87a0657948af61036749f347d89618fff29633ed8053a3a3c4b2c500de0e88b8.metadata.json,2119664defe4ed7c360f1f5d2025f49eaa37861e95b4e7bae19541da7d4ca954
data/raw/experimental_validation/step05b4/700eafbd7505bb6f535c1ff5ad61ed3be49725d10bb45f405678b2d213528020/849a9c8680e8bc6e3aeb95993a36c1c84d925987b1f03ba205a546d527348776.xml.gz,c065011fd90ed6779008f551325454f99e71d069b598c2f0bd7104201b32a3c3
data/raw/experimental_validation/step05b4/700eafbd7505bb6f535c1ff5ad61ed3be49725d10bb45f405678b2d213528020/849a9c8680e8bc6e3aeb95993a36c1c84d925987b1f03ba205a546d527348776.metadata.json,4e0649e5024a83a5828193d5aaba20a0e3fa4fb7fec1236fe35b5807107c149e
data/raw/experimental_validation/step05b4/700eafbd7505bb6f535c1ff5ad61ed3be49725d10bb45f405678b2d213528020/c9009bf6600ffa0c452779f6bc0859c4d72887f0aef97063ec396e7ca64f0bb5.xml.gz,e86088ee6a73c1caf79a089cf7a1820db440beb86f5a7b93ffceb6f21abcd166
data/raw/experimental_validation/step05b4/700eafbd7505bb6f535c1ff5ad61ed3be49725d10bb45f405678b2d213528020/c9009bf6600ffa0c452779f6bc0859c4d72887f0aef97063ec396e7ca64f0bb5.metadata.json,c2ffa033fe5c578f8210f1eb8fb73b04f99b904782dcf0a0624522a3564563d7
data/raw/experimental_validation/step05b4/700eafbd7505bb6f535c1ff5ad61ed3be49725d10bb45f405678b2d213528020/9aae21ab98fd8fd328960cdffa2da050c7b70e1d5f2d380c4f0175956361d340.xml.gz,cd7396021c10d81419571050fe16a0205d321fb1a948efb29bc768cf69278ac9
data/raw/experimental_validation/step05b4/700eafbd7505bb6f535c1ff5ad61ed3be49725d10bb45f405678b2d213528020/9aae21ab98fd8fd328960cdffa2da050c7b70e1d5f2d380c4f0175956361d340.metadata.json,e50fe65dc09341c63573338ac6e6f2a239167d1357b206dfcd4a75c7715bdc99
data/raw/experimental_validation/step05b4/700eafbd7505bb6f535c1ff5ad61ed3be49725d10bb45f405678b2d213528020/6cf46571e9f3f11a15f92f867ef310ff9dcdedf98b2261624af5726ffcb3e3d7.xml.gz,852f618a73d3882616bd255b2ed60ddb2cdb8e71c5bb654ed43c5d45ba8c4cbf
data/raw/experimental_validation/step05b4/700eafbd7505bb6f535c1ff5ad61ed3be49725d10bb45f405678b2d213528020/6cf46571e9f3f11a15f92f867ef310ff9dcdedf98b2261624af5726ffcb3e3d7.metadata.json,0062ce9044a803be563b9006e874d864f24068c88230964e56e16585fa34287e
data/raw/experimental_validation/step05b4/700eafbd7505bb6f535c1ff5ad61ed3be49725d10bb45f405678b2d213528020/cb333f292ff13660350d564abf89499ebad22fb115829ce7022cfb39b5147afb.xml.gz,b6747586daedf8245e6bd61477085acbb13e18fea9f82a50bddec81a2eca51a6
data/raw/experimental_validation/step05b4/700eafbd7505bb6f535c1ff5ad61ed3be49725d10bb45f405678b2d213528020/cb333f292ff13660350d564abf89499ebad22fb115829ce7022cfb39b5147afb.metadata.json,db728bb3bf8c0157e314dc02e9d5823b97cb002aa7f1378bc8f3e3a56ee8225c
data/raw/experimental_validation/step05b4/700eafbd7505bb6f535c1ff5ad61ed3be49725d10bb45f405678b2d213528020/77193060f53f71e60d8407ba397f02903e5cb359ac282396a2c3d7a7cf346050.xml.gz,157fb09d7191eee54e98c87aff200cead89283087267ad5a6d2e18e90b1158e0
data/raw/experimental_validation/step05b4/700eafbd7505bb6f535c1ff5ad61ed3be49725d10bb45f405678b2d213528020/77193060f53f71e60d8407ba397f02903e5cb359ac282396a2c3d7a7cf346050.metadata.json,89c4327ea65834754eb160e71e407157db5b7017564816f17cb0ddae603b5373
data/raw/experimental_validation/step05b4/700eafbd7505bb6f535c1ff5ad61ed3be49725d10bb45f405678b2d213528020/b2a423e9f8441e3a48686596db7ccc2a743954487d3a96b3c6b242dde6e295a8.xml.gz,e315ba3348b2627391db754fbe1f79520083a8d0246757de166944bd5bc0bab7
data/raw/experimental_validation/step05b4/700eafbd7505bb6f535c1ff5ad61ed3be49725d10bb45f405678b2d213528020/b2a423e9f8441e3a48686596db7ccc2a743954487d3a96b3c6b242dde6e295a8.metadata.json,b8de048027d155d9e1c18f2b6e646cf88e2bcf07c18e0eb5c9e1b420fb3bd5a2
data/raw/experimental_validation/step05b4/700eafbd7505bb6f535c1ff5ad61ed3be49725d10bb45f405678b2d213528020/76dcc4b0d26b6c43a8fdff589dae07f8a1b94b837d23dbfc264eab7da2908179.xml.gz,4bbf6bcff6293eb041a03727e3cf7880511983032a7d44cf609bc878bb158dae
data/raw/experimental_validation/step05b4/700eafbd7505bb6f535c1ff5ad61ed3be49725d10bb45f405678b2d213528020/76dcc4b0d26b6c43a8fdff589dae07f8a1b94b837d23dbfc264eab7da2908179.metadata.json,7b952be6d51bcacc1c18388898d22e96178dcaf68a1dd7419ec240d71dbb320e
data/raw/experimental_validation/step05b4/700eafbd7505bb6f535c1ff5ad61ed3be49725d10bb45f405678b2d213528020/e9affb8c08f3839c00292399a267d7d35c3a4dfcc27411209c4edddd9e8a03d1.xml.gz,57b0fbb59a3d1f5960a246837cb698f5bd10f13508c426cdf162289496efe61d
data/raw/experimental_validation/step05b4/700eafbd7505bb6f535c1ff5ad61ed3be49725d10bb45f405678b2d213528020/e9affb8c08f3839c00292399a267d7d35c3a4dfcc27411209c4edddd9e8a03d1.metadata.json,54c4c3ef24b3168a62822e00cebfb1b72d38cbc1f21ef011457e47c85bf63836
data/raw/experimental_validation/step05b4/700eafbd7505bb6f535c1ff5ad61ed3be49725d10bb45f405678b2d213528020/bfa2c56273905c976983cc2f34f509e4edc1cbdf5ef66b91b3c0cc69adacaa58.xml.gz,e1a707f657267b45be17ec5f914b641b2d04963458371243ed33e97c597cc0f0
data/raw/experimental_validation/step05b4/700eafbd7505bb6f535c1ff5ad61ed3be49725d10bb45f405678b2d213528020/bfa2c56273905c976983cc2f34f509e4edc1cbdf5ef66b91b3c0cc69adacaa58.metadata.json,c8b16d0f5289a8edd398237048ff004012cd716352ec52db3a1d0245c3fc84aa
data/raw/experimental_validation/step05b4/700eafbd7505bb6f535c1ff5ad61ed3be49725d10bb45f405678b2d213528020/fdfafd5c7ae4646a2a1953c78e4856d5a7b184d0bfec5e5463a7c2045b697e91.xml.gz,61c6d9579115b95569a161b22c58eba24dae795ffa1cbda0ea5bd1b8e1a64cff
data/raw/experimental_validation/step05b4/700eafbd7505bb6f535c1ff5ad61ed3be49725d10bb45f405678b2d213528020/fdfafd5c7ae4646a2a1953c78e4856d5a7b184d0bfec5e5463a7c2045b697e91.metadata.json,47d6e2ec1910695d5a2e58c9f55c8826169c919a239570ef1be7e6fc8322f840
data/raw/experimental_validation/step05b4/700eafbd7505bb6f535c1ff5ad61ed3be49725d10bb45f405678b2d213528020/2a98d6fc90e0a434a212ca2c6b9130f6c5904e3d7811e1abc0a2eaab70844336.xml.gz,6922e2728542f1233c5d76a76115eed4dcd29036a9590aa18d269d4e30dc7ae9
data/raw/experimental_validation/step05b4/700eafbd7505bb6f535c1ff5ad61ed3be49725d10bb45f405678b2d213528020/2a98d6fc90e0a434a212ca2c6b9130f6c5904e3d7811e1abc0a2eaab70844336.metadata.json,663f4611734683c28891d7720c97290bd8918c936f45eca56ecac2dddfe982fc
data/raw/experimental_validation/step05b4/700eafbd7505bb6f535c1ff5ad61ed3be49725d10bb45f405678b2d213528020/a0e72f826f9f8a183d2d9c6e95a018c5141ead48dff2d402fc358f2bdaf317a3.xml.gz,b13085c123a62147c13709294126a9e683323130f0c7435c95f3545aa3e74578
data/raw/experimental_validation/step05b4/700eafbd7505bb6f535c1ff5ad61ed3be49725d10bb45f405678b2d213528020/a0e72f826f9f8a183d2d9c6e95a018c5141ead48dff2d402fc358f2bdaf317a3.metadata.json,a827f611cee867a56acf709c6642163844109aa412a85a53c2de39718a6f463b
data/raw/experimental_validation/step05b4/700eafbd7505bb6f535c1ff5ad61ed3be49725d10bb45f405678b2d213528020/83d60aed2800e4cd328e3a05f448f31565d8fdcdc088f031f55181d75adce7d2.xml.gz,9828afc558cd3ae2aed374fbd31424b4f8d05a0057448f14e24a2a36d39e6cfc
data/raw/experimental_validation/step05b4/700eafbd7505bb6f535c1ff5ad61ed3be49725d10bb45f405678b2d213528020/83d60aed2800e4cd328e3a05f448f31565d8fdcdc088f031f55181d75adce7d2.metadata.json,6d16977261926b334c47ad09a051a369774e11ff71037f650330b463340a4862
data/raw/experimental_validation/step05b4/700eafbd7505bb6f535c1ff5ad61ed3be49725d10bb45f405678b2d213528020/b9fdb82cc75800f1b01476881d9cff70b765a1e1723cd9a36c13d4352f9da5d3.xml.gz,7feb8ff16174e7014f0ac6d6a0c7f9896d0f132ad01d6166a7747e28739477a0
data/raw/experimental_validation/step05b4/700eafbd7505bb6f535c1ff5ad61ed3be49725d10bb45f405678b2d213528020/b9fdb82cc75800f1b01476881d9cff70b765a1e1723cd9a36c13d4352f9da5d3.metadata.json,63205218f1a3c7ddfbf36ff496d5635c1900fe3f7e6d3f2b387d368b722cb70f
data/raw/experimental_validation/step05b4/700eafbd7505bb6f535c1ff5ad61ed3be49725d10bb45f405678b2d213528020/db82c944db540bfa419e8aa1fa5e0b07630662f3b616016375125fc0c631f609.xml.gz,3b936c58f8cf13bc5bcfec4128741b16365cf3f0584a6e3e2c654424fb452df8
data/raw/experimental_validation/step05b4/700eafbd7505bb6f535c1ff5ad61ed3be49725d10bb45f405678b2d213528020/db82c944db540bfa419e8aa1fa5e0b07630662f3b616016375125fc0c631f609.metadata.json,8480b197927e388773e23015682333ad789593dc293fdc0e10f5b221f12b61ee
data/raw/experimental_validation/step05b4/700eafbd7505bb6f535c1ff5ad61ed3be49725d10bb45f405678b2d213528020/1e12a416dcfdcee8bda600168ed8de804e6ecb9b34d126bdcefe8a4d595e4d2c.xml.gz,03113af5802fd2bd2723f275f8e5b26392fa292b3fafce61439211a59c5ee205
data/raw/experimental_validation/step05b4/700eafbd7505bb6f535c1ff5ad61ed3be49725d10bb45f405678b2d213528020/1e12a416dcfdcee8bda600168ed8de804e6ecb9b34d126bdcefe8a4d595e4d2c.metadata.json,213c66d63a59ce3506a2400a3cace381988360add911be485965c4162af9e887
data/raw/experimental_validation/step05b4/700eafbd7505bb6f535c1ff5ad61ed3be49725d10bb45f405678b2d213528020/29c8641edc64184e7d19828249a50c91223f53b85df3e4b41d9b644072eae80a.xml.gz,ee62a13097272830408d6d8de9f43ee8bbc7b31166a7b969e40ef12a83d561de
data/raw/experimental_validation/step05b4/700eafbd7505bb6f535c1ff5ad61ed3be49725d10bb45f405678b2d213528020/29c8641edc64184e7d19828249a50c91223f53b85df3e4b41d9b644072eae80a.metadata.json,2c58714d15eba78fadbca42dc6b908bf5ecf8e158d4b1ee8e66df05dbe0d6c13
data/raw/experimental_validation/step05b4/700eafbd7505bb6f535c1ff5ad61ed3be49725d10bb45f405678b2d213528020/5446c5621bf941b53e9c360f8d8953c33fafe7a880768bcef8f2d096a2d1def1.xml.gz,98bbc9dfcb4b10d0f016fd8ede33dcd616af64dc86460da1d86bae19c205d97f
data/raw/experimental_validation/step05b4/700eafbd7505bb6f535c1ff5ad61ed3be49725d10bb45f405678b2d213528020/5446c5621bf941b53e9c360f8d8953c33fafe7a880768bcef8f2d096a2d1def1.metadata.json,2f37bd152fc0f9461bb16ccb2e64ebe7abd3ec61c6abf9770362c449661551ab
data/raw/experimental_validation/step05b4/700eafbd7505bb6f535c1ff5ad61ed3be49725d10bb45f405678b2d213528020/df0920b246098b3ef567fe58c722c05e64d52e24be84daf72da64fd61f8ba441.xml.gz,396fee9426b91e87004f6c8216fdb097da2f16038598c141de1f181cf572f0bc
data/raw/experimental_validation/step05b4/700eafbd7505bb6f535c1ff5ad61ed3be49725d10bb45f405678b2d213528020/df0920b246098b3ef567fe58c722c05e64d52e24be84daf72da64fd61f8ba441.metadata.json,a280a78f80d12638c77f50b441374afefd4db1364e09c12b17781aa325912e3f
data/raw/experimental_validation/step05b4/700eafbd7505bb6f535c1ff5ad61ed3be49725d10bb45f405678b2d213528020/447889c70944756a0b32c0805f0dac257597241680aa1eaa1b53e357fa078c88.xml.gz,bc8a0268398019f4fe6268ec9d4e08fc0f9fa4059fe4f47c18dd8bdca39a729a
data/raw/experimental_validation/step05b4/700eafbd7505bb6f535c1ff5ad61ed3be49725d10bb45f405678b2d213528020/447889c70944756a0b32c0805f0dac257597241680aa1eaa1b53e357fa078c88.metadata.json,5badf0aff445f5648435175fd252ea7e31a0aff56811fa110110cb7d54e084e7
data/raw/experimental_validation/step05b4/700eafbd7505bb6f535c1ff5ad61ed3be49725d10bb45f405678b2d213528020/76a600838659cb2493298a86dfe9de9529ddda663b455d2fb9b0b2af4e979de8.xml.gz,e24500543593a528b2791d1bb195f272603dcf59871aac4386f9933a76f3df65
data/raw/experimental_validation/step05b4/700eafbd7505bb6f535c1ff5ad61ed3be49725d10bb45f405678b2d213528020/76a600838659cb2493298a86dfe9de9529ddda663b455d2fb9b0b2af4e979de8.metadata.json,11faf10fb9cb8bef876922c784121a27fd244f426d5895db5f7fd5060291f971
data/raw/experimental_validation/step05b4/700eafbd7505bb6f535c1ff5ad61ed3be49725d10bb45f405678b2d213528020/c2a40988afde4f8cb76f1af295913004c47740c65ac53db3c28a0bda79fce151.xml.gz,3723e3e1497abf61c5f7f78022fb9b649e1c06f57729d7a954fe1a465e211fa8
data/raw/experimental_validation/step05b4/700eafbd7505bb6f535c1ff5ad61ed3be49725d10bb45f405678b2d213528020/c2a40988afde4f8cb76f1af295913004c47740c65ac53db3c28a0bda79fce151.metadata.json,c30f5f941ba3b2b2c412affc5fa3a2edd7539c2381e110c0cd1fce9e95414514
data/raw/experimental_validation/step05b4/700eafbd7505bb6f535c1ff5ad61ed3be49725d10bb45f405678b2d213528020/d5569fe3e95a8bcc7ba05b0de909a8f0e7d0cf9e072bc25fec156b89a2f8892c.xml.gz,ccc4ccf9448c3edec759c5feefd1f9516735dad6152cb7be85cfc0dec1048534
data/raw/experimental_validation/step05b4/700eafbd7505bb6f535c1ff5ad61ed3be49725d10bb45f405678b2d213528020/d5569fe3e95a8bcc7ba05b0de909a8f0e7d0cf9e072bc25fec156b89a2f8892c.metadata.json,e4c9bafa5b0c2bb6e95a2a020ac2733d4208333b62bca7cebb0ac1a07e549ec4
data/raw/experimental_validation/step05b4/700eafbd7505bb6f535c1ff5ad61ed3be49725d10bb45f405678b2d213528020/5c0f52cbf9bcdef4ca28b1fd27e2c01d2f51ebf1568cbfd394ac336ec3ffac27.xml.gz,a7da1bd0f9c64f6be2a3ea95cf60921e3eeb5a2df00a69c757365b5e80441613
data/raw/experimental_validation/step05b4/700eafbd7505bb6f535c1ff5ad61ed3be49725d10bb45f405678b2d213528020/5c0f52cbf9bcdef4ca28b1fd27e2c01d2f51ebf1568cbfd394ac336ec3ffac27.metadata.json,69a4337aa9ed21c3b41a8e336d3079c63a1ccb6a1ae7a5c76fd701e1648715e9
data/raw/experimental_validation/step05b4/700eafbd7505bb6f535c1ff5ad61ed3be49725d10bb45f405678b2d213528020/bbdb73ef1d8b1018290c178f759cef57768e6bbd1c1cf33863e10e4e8e7f3541.xml.gz,03ee62de6285cb80461d9d582f1ae0afcf936a24426340b514233de630f67f11
data/raw/experimental_validation/step05b4/700eafbd7505bb6f535c1ff5ad61ed3be49725d10bb45f405678b2d213528020/bbdb73ef1d8b1018290c178f759cef57768e6bbd1c1cf33863e10e4e8e7f3541.metadata.json,ff6ea7271695e6743d6f4d6ab377927837a2c6d00f0fbaa76a7d9fad67825ee3
data/raw/experimental_validation/step05b4/700eafbd7505bb6f535c1ff5ad61ed3be49725d10bb45f405678b2d213528020/b952790c613f0b2c722ad0f49b325e2e97d3d2b029509ba8852fa2e48e331c52.xml.gz,27a72744551cf9ee9596d427ae84bf9b12bd23c9a14881799a3f072924e1cde4
data/raw/experimental_validation/step05b4/700eafbd7505bb6f535c1ff5ad61ed3be49725d10bb45f405678b2d213528020/b952790c613f0b2c722ad0f49b325e2e97d3d2b029509ba8852fa2e48e331c52.metadata.json,4e668135355959512d315e1acf1ce29fadf7c7e3580b828ba1fdaedf4f74c122
data/raw/experimental_validation/step05b4/700eafbd7505bb6f535c1ff5ad61ed3be49725d10bb45f405678b2d213528020/9176a776fa9801f168d1d325054a44df964fdb13cfcc31c5fc6ff5b75123abaa.xml.gz,1e51f2d21b8ca7342be6858acc569a58fd020a1578e35a0fb2b94ed2ec4d8654
data/raw/experimental_validation/step05b4/700eafbd7505bb6f535c1ff5ad61ed3be49725d10bb45f405678b2d213528020/9176a776fa9801f168d1d325054a44df964fdb13cfcc31c5fc6ff5b75123abaa.metadata.json,dd7705421fb8cc8fc4f9ec058cbe07a994e4cc5f1225e93d124fcc94b48351b6
data/raw/experimental_validation/step05b4/700eafbd7505bb6f535c1ff5ad61ed3be49725d10bb45f405678b2d213528020/24c3309e70c210b3741aacb8974e104008da3d807fa9dbe01fdc45ed896e4186.xml.gz,2c11513beed5107cdcbf87327c6cf1e7319df872dfa9b43da09e5b00ac4406b1
data/raw/experimental_validation/step05b4/700eafbd7505bb6f535c1ff5ad61ed3be49725d10bb45f405678b2d213528020/24c3309e70c210b3741aacb8974e104008da3d807fa9dbe01fdc45ed896e4186.metadata.json,feeb1d68dea3d39ce6129acd56399d587614eb9f0f6c0026a02f9aea3707d83c
data/raw/experimental_validation/step05b4/700eafbd7505bb6f535c1ff5ad61ed3be49725d10bb45f405678b2d213528020/ee50c27435fe7b97b23e05b93fb35fd1778e7acefb328e9ad0e1e2e783674b33.xml.gz,c8003dd912603da017ff50e3a966a562f0722b6230b746974f4862c86a302e29
data/raw/experimental_validation/step05b4/700eafbd7505bb6f535c1ff5ad61ed3be49725d10bb45f405678b2d213528020/ee50c27435fe7b97b23e05b93fb35fd1778e7acefb328e9ad0e1e2e783674b33.metadata.json,81c1adb634105350d87fcd5ba0963be804da14e0ecadec7f0b78d419e42951b7
data/raw/experimental_validation/step05b4/700eafbd7505bb6f535c1ff5ad61ed3be49725d10bb45f405678b2d213528020/35a54c24181a8d58de3421b9c1982b68666040d8b52635138419e56a448474fc.xml.gz,9cbfdc386dbec71f31818ff10c7762fc1579520f4f07f92b1589b262761bb4d6
data/raw/experimental_validation/step05b4/700eafbd7505bb6f535c1ff5ad61ed3be49725d10bb45f405678b2d213528020/35a54c24181a8d58de3421b9c1982b68666040d8b52635138419e56a448474fc.metadata.json,33871436e2a06d04907d3c53c4724d587b3f702cfa24777ea737556544b2e62f
data/raw/experimental_validation/step05b4/700eafbd7505bb6f535c1ff5ad61ed3be49725d10bb45f405678b2d213528020/de21f580ac0c9f3246444689c6a1797c117577c2b8bb7a57bdb7e13d12b3d86b.xml.gz,7b9c8fb1add39a7ee37078f6afe108a417acc560583c98aa7967ce7e9c8f57b8
data/raw/experimental_validation/step05b4/700eafbd7505bb6f535c1ff5ad61ed3be49725d10bb45f405678b2d213528020/de21f580ac0c9f3246444689c6a1797c117577c2b8bb7a57bdb7e13d12b3d86b.metadata.json,59ab42ff7dfcfb6216d4fe102a4dfc4469722d1d5ea21bfaf22315d75b24053b
data/raw/experimental_validation/step05b4/700eafbd7505bb6f535c1ff5ad61ed3be49725d10bb45f405678b2d213528020/bb3e92f368a75f452e182c1658ae47ddb6fb3e915c1190480e63f20f187fad1e.xml.gz,d9904dff4c746a7736f38eef911cad6593eb6d2a80feb208828e3f4591ed2ac2
data/raw/experimental_validation/step05b4/700eafbd7505bb6f535c1ff5ad61ed3be49725d10bb45f405678b2d213528020/bb3e92f368a75f452e182c1658ae47ddb6fb3e915c1190480e63f20f187fad1e.metadata.json,9c036cccdfb35a2364e12b6d50d6f56ff83cc51ae1c42588b837e27616abe459
data/raw/experimental_validation/step05b4/700eafbd7505bb6f535c1ff5ad61ed3be49725d10bb45f405678b2d213528020/643e6406e92c963a75d8a742e730e673ce0a53cb898f8dbc59e72056b26a751d.xml.gz,a8510251b02d6693a656114d8304471132ff1b16afa0355c462420573f737a97
data/raw/experimental_validation/step05b4/700eafbd7505bb6f535c1ff5ad61ed3be49725d10bb45f405678b2d213528020/643e6406e92c963a75d8a742e730e673ce0a53cb898f8dbc59e72056b26a751d.metadata.json,e00dfa538de619f22891fd86490a10ddfeb495eff1548023df6cab6a38c07275
data/raw/experimental_validation/step05b4/700eafbd7505bb6f535c1ff5ad61ed3be49725d10bb45f405678b2d213528020/7aa8a5637e534e5fea258845d22cd4d05000ef61125212b2df9f818667205245.xml.gz,773ad9830f8df5f46513006b7b0390052ebf05d12c6de0128efbaaab53cac7ab
data/raw/experimental_validation/step05b4/700eafbd7505bb6f535c1ff5ad61ed3be49725d10bb45f405678b2d213528020/7aa8a5637e534e5fea258845d22cd4d05000ef61125212b2df9f818667205245.metadata.json,2fc6e8f63a90602a94c2b95211a91f235f9b07eff99db9e04c5c77bbed549796
data/raw/experimental_validation/step05b4/700eafbd7505bb6f535c1ff5ad61ed3be49725d10bb45f405678b2d213528020/e502f481eb26812c421139db5811504fde2c6d57f9fb31521650c63cf228dd49.xml.gz,73e95dc2913c936c748de9e7b76735c10e49f054ec0ec82886160e4fcde1cbe0
data/raw/experimental_validation/step05b4/700eafbd7505bb6f535c1ff5ad61ed3be49725d10bb45f405678b2d213528020/e502f481eb26812c421139db5811504fde2c6d57f9fb31521650c63cf228dd49.metadata.json,de8e0ea24ce048c6dd301d0110003d530ee1917d9803f8de0c99b78f853c7541
data/raw/experimental_validation/step05b4/700eafbd7505bb6f535c1ff5ad61ed3be49725d10bb45f405678b2d213528020/a531661829538f22af2e174cbe597b9ebcd31a164265c9eca2318b0d07191f9b.xml.gz,3098b6a1260f62cd7b89a1f616ffd705c4a863bb2b6021b934391a85ff007152
data/raw/experimental_validation/step05b4/700eafbd7505bb6f535c1ff5ad61ed3be49725d10bb45f405678b2d213528020/a531661829538f22af2e174cbe597b9ebcd31a164265c9eca2318b0d07191f9b.metadata.json,fea375783beb5cfda7f032f136a0bf0004347a7c53e7760fc3b39f0047c6e2bd
data/raw/experimental_validation/step05b4/700eafbd7505bb6f535c1ff5ad61ed3be49725d10bb45f405678b2d213528020/463fefb0b50e3bc0fe5b98d56c6fb1ff5a645fb95fb9ffe5cf21ee0e5bf0ebc2.xml.gz,2fd34a2e06d2bfa9ef484cd64e1328b1a7d63a89aff4343a078e8f049520cb44
data/raw/experimental_validation/step05b4/700eafbd7505bb6f535c1ff5ad61ed3be49725d10bb45f405678b2d213528020/463fefb0b50e3bc0fe5b98d56c6fb1ff5a645fb95fb9ffe5cf21ee0e5bf0ebc2.metadata.json,f3cef881a1256dce1b337b772213dd2376c0bfa2d18d40587897b0325984f147
data/raw/experimental_validation/step05b4/700eafbd7505bb6f535c1ff5ad61ed3be49725d10bb45f405678b2d213528020/e480c4d9fd07e0f404bc8a0028fa92d34300906199932cebc9acef2210b38935.xml.gz,081641571b635e25c07c97116e95f7d3c2e622e7cb4932c45133b02a1a191334
data/raw/experimental_validation/step05b4/700eafbd7505bb6f535c1ff5ad61ed3be49725d10bb45f405678b2d213528020/e480c4d9fd07e0f404bc8a0028fa92d34300906199932cebc9acef2210b38935.metadata.json,53571dec254732877d34925a989c00ab43b81311d8371f1bd1238672e58fd8aa
data/raw/experimental_validation/step05b4/700eafbd7505bb6f535c1ff5ad61ed3be49725d10bb45f405678b2d213528020/a2e76337ab4ce9b76e2a76d7410f5295a5eb4e7f34bd92957c4fd00d1c9455e2.xml.gz,f8f736ee89f7048e67a09d051dd9b2998526cd53a28981a11ea29e5c0302f61f
data/raw/experimental_validation/step05b4/700eafbd7505bb6f535c1ff5ad61ed3be49725d10bb45f405678b2d213528020/a2e76337ab4ce9b76e2a76d7410f5295a5eb4e7f34bd92957c4fd00d1c9455e2.metadata.json,cb91ff3ec53984a2597d9af45eff15abdf8e2c6d33c35fe12a42f41c4e982895
data/raw/experimental_validation/step05b4/700eafbd7505bb6f535c1ff5ad61ed3be49725d10bb45f405678b2d213528020/b5379cddffd91aa30dcfbdafe5f6cdc7a35e7c4964980e350d401005d8332de6.xml.gz,b524c96379ac4a7e1e5d7d29f6bfe2ebb57566b0b1505b0e0e4c35661e6e7b8c
data/raw/experimental_validation/step05b4/700eafbd7505bb6f535c1ff5ad61ed3be49725d10bb45f405678b2d213528020/b5379cddffd91aa30dcfbdafe5f6cdc7a35e7c4964980e350d401005d8332de6.metadata.json,e7d3a342c8b554c0b7d50872330574baaae1294e9fd3ee5f79c6bed625dacfda
data/raw/experimental_validation/step05b4/700eafbd7505bb6f535c1ff5ad61ed3be49725d10bb45f405678b2d213528020/3f3ee6547c52d9b92cb9373bcb1f7af5c885756a974103a6558104eb8ee5ee0c.xml.gz,a35e15e19e3cfedf6ea6ece279f12273e2eadf8e58c9e9b0c0d88ba441f0408e
data/raw/experimental_validation/step05b4/700eafbd7505bb6f535c1ff5ad61ed3be49725d10bb45f405678b2d213528020/3f3ee6547c52d9b92cb9373bcb1f7af5c885756a974103a6558104eb8ee5ee0c.metadata.json,bb05d74b26ab1ad5368022084585999973ae95cb669270fb5cc86a60bc37aa21
data/raw/experimental_validation/step05b4/700eafbd7505bb6f535c1ff5ad61ed3be49725d10bb45f405678b2d213528020/0dd74433d8b24cf2291a112c7367db27aaee19598be5a6a8a96f3c2e7a4dd426.xml.gz,616f7bc0d7f4552d65ad1b2a33c8631fcd830b9747e635be39963e8a2253b03c
data/raw/experimental_validation/step05b4/700eafbd7505bb6f535c1ff5ad61ed3be49725d10bb45f405678b2d213528020/0dd74433d8b24cf2291a112c7367db27aaee19598be5a6a8a96f3c2e7a4dd426.metadata.json,36ea9f670bbd8357e0368d1c8801663ea682bb2e209f4b8856346120904e578d
data/raw/experimental_validation/step05b4/700eafbd7505bb6f535c1ff5ad61ed3be49725d10bb45f405678b2d213528020/cbfb09d636ca37adb5ebfc32063c47b09bd2df2c365a36dc1012e0dc3f99309d.xml.gz,4aecf12cc5b6f65912a348cb11bf25173dde8c01d8fca1bf8a0fb2afc08b7846
data/raw/experimental_validation/step05b4/700eafbd7505bb6f535c1ff5ad61ed3be49725d10bb45f405678b2d213528020/cbfb09d636ca37adb5ebfc32063c47b09bd2df2c365a36dc1012e0dc3f99309d.metadata.json,f15b5ff5239a1cde3f26d2e2084d0597a67614b4e764808bd717be2a7b9c231c
data/raw/experimental_validation/step05b4/700eafbd7505bb6f535c1ff5ad61ed3be49725d10bb45f405678b2d213528020/9ad0af2dfdc49c8fbfb61a732b71e7e207b0b693c1268438da0ac0a269d09f86.xml.gz,a75de48b5beddc99fb1630e3101c7a53c9ff7b576b79b387a64b92a37ad555ee
data/raw/experimental_validation/step05b4/700eafbd7505bb6f535c1ff5ad61ed3be49725d10bb45f405678b2d213528020/9ad0af2dfdc49c8fbfb61a732b71e7e207b0b693c1268438da0ac0a269d09f86.metadata.json,b5738285a36c025378fd3192e8ba8b067f0c95a0d94c4e3b0f38381c3d698889
data/raw/experimental_validation/step05b4/700eafbd7505bb6f535c1ff5ad61ed3be49725d10bb45f405678b2d213528020/353a91ab1cd7304cf604f8dfe69381432a53449e0de8c60489a42167704c30a7.xml.gz,96f8038fb5a6868bb511d95e250579c90af5cb72e8d2c30f0563d0a3b4056b4d
data/raw/experimental_validation/step05b4/700eafbd7505bb6f535c1ff5ad61ed3be49725d10bb45f405678b2d213528020/353a91ab1cd7304cf604f8dfe69381432a53449e0de8c60489a42167704c30a7.metadata.json,27959701d1f918be5d5c12056401bee392a496afd3c20b91871b3e9cf2e4553e
data/raw/experimental_validation/step05b4/700eafbd7505bb6f535c1ff5ad61ed3be49725d10bb45f405678b2d213528020/09660c27001ac65b5873b02c0ef18f95c61c559c019dd38e3406fd17f95513e2.xml.gz,e9a67f53d4e154a632770764e47e6cc2c8ddeaa94bad30be2bcae05ca8be1e40
data/raw/experimental_validation/step05b4/700eafbd7505bb6f535c1ff5ad61ed3be49725d10bb45f405678b2d213528020/09660c27001ac65b5873b02c0ef18f95c61c559c019dd38e3406fd17f95513e2.metadata.json,6eef88095789ec8c46c3ff7eafdcb53ab324c94522eaaed2ad25de64a787ad32
data/raw/experimental_validation/step05b4/700eafbd7505bb6f535c1ff5ad61ed3be49725d10bb45f405678b2d213528020/03588a17705fa15c12f6556f4a25bd54329f83ae1ae78c98f0fec1046e35ed2a.xml.gz,c31110e95ec56796deca6530863ba21f70103d6a298c8f47bfbcf2790a3b5531
data/raw/experimental_validation/step05b4/700eafbd7505bb6f535c1ff5ad61ed3be49725d10bb45f405678b2d213528020/03588a17705fa15c12f6556f4a25bd54329f83ae1ae78c98f0fec1046e35ed2a.metadata.json,e26933624d63380a365ba8a8c1985d01e1a631a1a7c13a6366389c844b0ca4c6
data/raw/experimental_validation/step05b4/700eafbd7505bb6f535c1ff5ad61ed3be49725d10bb45f405678b2d213528020/16e23647b2b5f8f5e963a6838d1cd6292b06c7a4814ed98236c51684cdb4874d.xml.gz,3eb295b66a2665027f591a55c76e99ed666c07d022838ef4d64fc165c01701df
data/raw/experimental_validation/step05b4/700eafbd7505bb6f535c1ff5ad61ed3be49725d10bb45f405678b2d213528020/16e23647b2b5f8f5e963a6838d1cd6292b06c7a4814ed98236c51684cdb4874d.metadata.json,0a9658eac40d6ddb52ade5279ecd23fb1ae6c01147e03089f004774608c3146d
data/raw/experimental_validation/step05b4/700eafbd7505bb6f535c1ff5ad61ed3be49725d10bb45f405678b2d213528020/66c17bd6d48e8457348a91391605243632de861cddcfd2efe919f468a0c91fce.xml.gz,c26ca95b550c2130373c0407729a7864b90381c9668c5e3350b342285f90669e
data/raw/experimental_validation/step05b4/700eafbd7505bb6f535c1ff5ad61ed3be49725d10bb45f405678b2d213528020/66c17bd6d48e8457348a91391605243632de861cddcfd2efe919f468a0c91fce.metadata.json,807347b3378bef93038c460136fc6b3cdbc04fbce1a486b252e386387cbcc886
data/raw/experimental_validation/step05b4/700eafbd7505bb6f535c1ff5ad61ed3be49725d10bb45f405678b2d213528020/c4f4967a1a8a347ec535729e18d182fde710e566e38ff86b20f2b238ba3ed198.xml.gz,3c3dd3fa098845aeb65e139764f7edec6d1a129b93409c606b6d8987120dd7a1
data/raw/experimental_validation/step05b4/700eafbd7505bb6f535c1ff5ad61ed3be49725d10bb45f405678b2d213528020/c4f4967a1a8a347ec535729e18d182fde710e566e38ff86b20f2b238ba3ed198.metadata.json,7a3cdc15ac3f94a0103ed5b4c02cacb29143fd65776b18ed193e3e173d2dee6e
data/raw/experimental_validation/step05b4/700eafbd7505bb6f535c1ff5ad61ed3be49725d10bb45f405678b2d213528020/54d6b05d3e0428039a7d2486fc4f7914233b27e04af065675e3601f1bf84b99a.xml.gz,4479fd6597a916177b6997a65c7684a76eaba4b1cf5d76856706e1b1e8abede1
data/raw/experimental_validation/step05b4/700eafbd7505bb6f535c1ff5ad61ed3be49725d10bb45f405678b2d213528020/54d6b05d3e0428039a7d2486fc4f7914233b27e04af065675e3601f1bf84b99a.metadata.json,a9ef91f6fcfff51c5d5ebb2c034cb652f00017ce4dfc2b9a660fd1eb12c1492c
data/raw/experimental_validation/step05b4/700eafbd7505bb6f535c1ff5ad61ed3be49725d10bb45f405678b2d213528020/1fe9e917b0a35a9fe2f202c64e10f699f276e1d30efe8990e9c94562b55d490e.xml.gz,f5297d9614b455d69ca64cb5e42409e8b2e949bd50bfa302ac1730383dea4814
data/raw/experimental_validation/step05b4/700eafbd7505bb6f535c1ff5ad61ed3be49725d10bb45f405678b2d213528020/1fe9e917b0a35a9fe2f202c64e10f699f276e1d30efe8990e9c94562b55d490e.metadata.json,6932295c4fbc0c0c71ef3ad4475e798e822185a05b06fef3bdb24ec51babea87
data/raw/experimental_validation/step05b4/700eafbd7505bb6f535c1ff5ad61ed3be49725d10bb45f405678b2d213528020/7118a2b6da943a234ad0f14f1213972fea9c83a4c13a0c0f000a13556baad7a1.xml.gz,d0a40087edaf4c6e33b23561d8060b7bc9848e3fa3a04fe27040f864e4aafbb9
data/raw/experimental_validation/step05b4/700eafbd7505bb6f535c1ff5ad61ed3be49725d10bb45f405678b2d213528020/7118a2b6da943a234ad0f14f1213972fea9c83a4c13a0c0f000a13556baad7a1.metadata.json,774195ef5eb7fd17ea18587b4eba11a9b06e32377c3a2d188396fba46c781c35
data/raw/experimental_validation/step05b4/700eafbd7505bb6f535c1ff5ad61ed3be49725d10bb45f405678b2d213528020/99b950cb9cdb6281429aebfa0bc664b72bcdebf8592cfd23096c7e66b83f9b2b.xml.gz,742928919fa786c3745c19b07401c372313e87e06ff4c003b80372513b6fb1b4
data/raw/experimental_validation/step05b4/700eafbd7505bb6f535c1ff5ad61ed3be49725d10bb45f405678b2d213528020/99b950cb9cdb6281429aebfa0bc664b72bcdebf8592cfd23096c7e66b83f9b2b.metadata.json,754f63cd581bc12d9dfbfcbe9e4d01f1d4c93ce418112ac3b8c08cd24e2ac163
data/raw/experimental_validation/step05b4/700eafbd7505bb6f535c1ff5ad61ed3be49725d10bb45f405678b2d213528020/8bba85336f49d714e7cc749cc0d9708797b7acbc7568aaf86c4cde38dd6f5de4.xml.gz,f0b5d28a04cc48d9774e4c89f9a1d5ed7d279661ad35ebc7166fa0930e808920
data/raw/experimental_validation/step05b4/700eafbd7505bb6f535c1ff5ad61ed3be49725d10bb45f405678b2d213528020/8bba85336f49d714e7cc749cc0d9708797b7acbc7568aaf86c4cde38dd6f5de4.metadata.json,535363cb2ffe67d578461e71908e5c433941cbb9f1298adbe792fce1d755f758
data/raw/experimental_validation/step05b4/700eafbd7505bb6f535c1ff5ad61ed3be49725d10bb45f405678b2d213528020/c3ff53ca59ef4a288a860eeb1cb4ba8f0e5fbc74d5ff7b10bf2873c6646704e5.xml.gz,745a4a40a6d01b30fc05f9ca256dc1694a8b1829af719cfeb9a29b7adb6309c4
data/raw/experimental_validation/step05b4/700eafbd7505bb6f535c1ff5ad61ed3be49725d10bb45f405678b2d213528020/c3ff53ca59ef4a288a860eeb1cb4ba8f0e5fbc74d5ff7b10bf2873c6646704e5.metadata.json,fd48585e815267418c63cd2a70cf39659a75787bc59879cc28bee70a79715140
data/raw/experimental_validation/step05b4/700eafbd7505bb6f535c1ff5ad61ed3be49725d10bb45f405678b2d213528020/7652c4d58ea546be47fc65a44be67a0852bfe5e503b0d74926807ecd7e9aab7d.xml.gz,1e0b3d2f2e91085602325f7fc95f73d1695568816018609a50cf1118b9ef550f
data/raw/experimental_validation/step05b4/700eafbd7505bb6f535c1ff5ad61ed3be49725d10bb45f405678b2d213528020/7652c4d58ea546be47fc65a44be67a0852bfe5e503b0d74926807ecd7e9aab7d.metadata.json,29a69ef441ab144c9f66e3cd18271c34ee5d7d8786f90430e835a5e043132a6e
data/raw/experimental_validation/step05b4/700eafbd7505bb6f535c1ff5ad61ed3be49725d10bb45f405678b2d213528020/5c83be9dfe34baa62aea3eb13dc55ec7bc5c7c944fa258c45aa8e63c4642c8f4.xml.gz,5a37294a2148d2dc7d1aa39c5f29d55e7fa547278d6b7c25dc94d41bdad2130c
data/raw/experimental_validation/step05b4/700eafbd7505bb6f535c1ff5ad61ed3be49725d10bb45f405678b2d213528020/5c83be9dfe34baa62aea3eb13dc55ec7bc5c7c944fa258c45aa8e63c4642c8f4.metadata.json,aead89d305f0db2f0051bcda15b84587512d02f25ca33a8540b940e47eaf5ec1
data/raw/experimental_validation/step05b4/700eafbd7505bb6f535c1ff5ad61ed3be49725d10bb45f405678b2d213528020/77626d91298e96af6fcaee05927294813f751825446f05662d98215046e162e9.xml.gz,f7ec0798892f5751d3f883ab8e41e969234ffdf2cb473d29cb0cb106a313808e
data/raw/experimental_validation/step05b4/700eafbd7505bb6f535c1ff5ad61ed3be49725d10bb45f405678b2d213528020/77626d91298e96af6fcaee05927294813f751825446f05662d98215046e162e9.metadata.json,e5847305ad3e0b0fccfaa3670da1ee73e37afe49d366d94c25ca47da29fabf95
data/raw/experimental_validation/step05b4/700eafbd7505bb6f535c1ff5ad61ed3be49725d10bb45f405678b2d213528020/d7559b67dfcbc30789a82582117d4361bb6424d7024904044f4ae8d5b94fea3f.xml.gz,9679495d0e0d1ca9dd40cf1d454414cccadea884a4a9600ff162a8b35b23157a
data/raw/experimental_validation/step05b4/700eafbd7505bb6f535c1ff5ad61ed3be49725d10bb45f405678b2d213528020/d7559b67dfcbc30789a82582117d4361bb6424d7024904044f4ae8d5b94fea3f.metadata.json,202f79102b90291abd48873fef0f718616db7fb5f4c3507d9d7ab141ce66f957
data/raw/experimental_validation/step05b4/700eafbd7505bb6f535c1ff5ad61ed3be49725d10bb45f405678b2d213528020/b07c54f8e0c570f24da9507bb351ab08a96519c29e5e73797f7d0bebfa41b6c1.xml.gz,e4b362a40174c279a3bde849f735919d5596a31e9a324f0f68363b6a675b96be
data/raw/experimental_validation/step05b4/700eafbd7505bb6f535c1ff5ad61ed3be49725d10bb45f405678b2d213528020/b07c54f8e0c570f24da9507bb351ab08a96519c29e5e73797f7d0bebfa41b6c1.metadata.json,76a8b1562441441eadf8889d9f61ebb78cf4d91cdc31dc95856194a28fb9532c
data/raw/experimental_validation/step05b4/700eafbd7505bb6f535c1ff5ad61ed3be49725d10bb45f405678b2d213528020/7635ee5ce988aa4d3abadab9daa218b75fd0378a1bb153aa11c33f75e81aaea8.xml.gz,7f4365ee9626589a825117c1546dce8139557ae0fbb9442de3439ed61434fd98
data/raw/experimental_validation/step05b4/700eafbd7505bb6f535c1ff5ad61ed3be49725d10bb45f405678b2d213528020/7635ee5ce988aa4d3abadab9daa218b75fd0378a1bb153aa11c33f75e81aaea8.metadata.json,1b9d8dc4554185049a926093031a40be04cc8290e166776c9c95e4ac44025605
data/raw/experimental_validation/step05b4/700eafbd7505bb6f535c1ff5ad61ed3be49725d10bb45f405678b2d213528020/fb48de2f2658a599ac8ab6aa26affa88045bb6cf3c2feb5a44264a30a089e103.xml.gz,f4e3e0dbddcceca7fcbf8545d76ed87df036b02708874f6f677f311d317deda8
data/raw/experimental_validation/step05b4/700eafbd7505bb6f535c1ff5ad61ed3be49725d10bb45f405678b2d213528020/fb48de2f2658a599ac8ab6aa26affa88045bb6cf3c2feb5a44264a30a089e103.metadata.json,4a7061d64ea17c2b236e119250d00c864506a43ce3bc8b31e4f124323e8327b3
data/raw/experimental_validation/step05b4/700eafbd7505bb6f535c1ff5ad61ed3be49725d10bb45f405678b2d213528020/38227c4a030c86ce50112554d6aa47422ad16bcab935968321fd9b46e90990bc.xml.gz,35666b57366e4198bce7e5c90d7b2f77410501d2e0cf4429eb8c658cd1010eaa
data/raw/experimental_validation/step05b4/700eafbd7505bb6f535c1ff5ad61ed3be49725d10bb45f405678b2d213528020/38227c4a030c86ce50112554d6aa47422ad16bcab935968321fd9b46e90990bc.metadata.json,ad58fd7e103fc3c7773beffe006b1b957ec301c2b9790c84c4e30a7779f7fe94
data/raw/experimental_validation/step05b4/700eafbd7505bb6f535c1ff5ad61ed3be49725d10bb45f405678b2d213528020/ab36d6b11b1fca21ebd1ee376748286fc045623a8410a33f2318f7e850e3afcf.xml.gz,30fc9597ee19fa7788947bd33f3bd1ae2ea5b7b773dbdbc4b51491828a5d9dcc
data/raw/experimental_validation/step05b4/700eafbd7505bb6f535c1ff5ad61ed3be49725d10bb45f405678b2d213528020/ab36d6b11b1fca21ebd1ee376748286fc045623a8410a33f2318f7e850e3afcf.metadata.json,03160e675c7b962e42ca1c0129f2d1c16047dce8ea3a01820b0aea02c377838e
data/raw/experimental_validation/step05b4/700eafbd7505bb6f535c1ff5ad61ed3be49725d10bb45f405678b2d213528020/496f24ff91a44daa1d254ce8c4a32cedd249b1301187b10c5da5ec320a374238.xml.gz,f464ce20774e719c847bd0e96145dd1b0a30db08af689a978cde39fe86efbfb9
data/raw/experimental_validation/step05b4/700eafbd7505bb6f535c1ff5ad61ed3be49725d10bb45f405678b2d213528020/496f24ff91a44daa1d254ce8c4a32cedd249b1301187b10c5da5ec320a374238.metadata.json,b03f05ee16dfce54e3a7dcea00f4760eb10307238e6609d153096c56511d011d
data/raw/experimental_validation/step05b4/700eafbd7505bb6f535c1ff5ad61ed3be49725d10bb45f405678b2d213528020/43008e329bba9c829359bbae8bbbcbd20ab5c453988ab48e74468a55677574ed.xml.gz,0a421e817d3d9bf7aafdd15211ca36c62ca30ce64496df90447c275285f1f43d
data/raw/experimental_validation/step05b4/700eafbd7505bb6f535c1ff5ad61ed3be49725d10bb45f405678b2d213528020/43008e329bba9c829359bbae8bbbcbd20ab5c453988ab48e74468a55677574ed.metadata.json,6f5146648b2008a504ba92b2bfbe8499ce2e72cd2b70247a1d0b4b6f53644177
data/raw/experimental_validation/step05b4/700eafbd7505bb6f535c1ff5ad61ed3be49725d10bb45f405678b2d213528020/7320e8b5c2b89f44220256beb32800dacc80e14900996ff94a5b71084b83fc47.xml.gz,c16274608e5cebff556417a880893132fff0f32a4320e27da5609aa4574df3eb
data/raw/experimental_validation/step05b4/700eafbd7505bb6f535c1ff5ad61ed3be49725d10bb45f405678b2d213528020/7320e8b5c2b89f44220256beb32800dacc80e14900996ff94a5b71084b83fc47.metadata.json,4a85d07a2040eb338793a41a8e48042a58a37b12d5805cddd539bfe4a2b413db
data/raw/experimental_validation/step05b4/700eafbd7505bb6f535c1ff5ad61ed3be49725d10bb45f405678b2d213528020/39c81b260ff3133750e6ceb0afd9df89c7ab077f0d0bbcb409dfb55b35f6a53a.xml.gz,ee8c2d984f5cb2ff75f56e6b59ddc7c09f4c2e41de74c9f3532cbcc47c00b494
data/raw/experimental_validation/step05b4/700eafbd7505bb6f535c1ff5ad61ed3be49725d10bb45f405678b2d213528020/39c81b260ff3133750e6ceb0afd9df89c7ab077f0d0bbcb409dfb55b35f6a53a.metadata.json,9632a09f85b53ab4615a0853d0c975c0a259a87a61a0ae1e3f8552bb20a21be7
data/raw/experimental_validation/step05b4/700eafbd7505bb6f535c1ff5ad61ed3be49725d10bb45f405678b2d213528020/3f693d11808fc95e49668cdd41ae70c47a8fbc34fd2b1d613102d0ff193f4798.xml.gz,8a72bd388342649fe5a3ea1cc10cd169bbf4de6519c6dc465ece2f0fa08436d7
data/raw/experimental_validation/step05b4/700eafbd7505bb6f535c1ff5ad61ed3be49725d10bb45f405678b2d213528020/3f693d11808fc95e49668cdd41ae70c47a8fbc34fd2b1d613102d0ff193f4798.metadata.json,11c518dd938c0bd0894a3375f51590d36c83ce8c5ee5a1d959c37edd2e593c24
data/raw/experimental_validation/step05b4/700eafbd7505bb6f535c1ff5ad61ed3be49725d10bb45f405678b2d213528020/7e39b49e0183460fd089902faffb1e7f38b997e9d4d7ad18207363fbd03fe122.xml.gz,9121a12bed161d1893a636afc69cfc2eb068e7b6b703f82fe12b558466e45902
data/raw/experimental_validation/step05b4/700eafbd7505bb6f535c1ff5ad61ed3be49725d10bb45f405678b2d213528020/7e39b49e0183460fd089902faffb1e7f38b997e9d4d7ad18207363fbd03fe122.metadata.json,dd29f6b533095d8a041d232418803a30de3403057cbd036e78b2b24d59d4a3ad
data/raw/experimental_validation/step05b4/700eafbd7505bb6f535c1ff5ad61ed3be49725d10bb45f405678b2d213528020/3919d231c9e706696c87c3318a8f2e582a6fb556ac53414db886747ebeb87a3a.xml.gz,6c6a1ac78e755dc63e0b212f0e679b2b58a797078bb4be3deaa919ce94c55ec7
data/raw/experimental_validation/step05b4/700eafbd7505bb6f535c1ff5ad61ed3be49725d10bb45f405678b2d213528020/3919d231c9e706696c87c3318a8f2e582a6fb556ac53414db886747ebeb87a3a.metadata.json,f9b2a314acd256972aedc8ad25be9ba3950e2995b724bbfc524ee653ff27143b
data/raw/experimental_validation/step05b4/700eafbd7505bb6f535c1ff5ad61ed3be49725d10bb45f405678b2d213528020/898fc2790609cc19becdb8e4c49c4fe1e06b7057f75f8c620d3fb887731de3ef.xml.gz,2a057321eba38c183dc3e4901c2ba1bb18d3130659ed4e8511881fbad2436f87
data/raw/experimental_validation/step05b4/700eafbd7505bb6f535c1ff5ad61ed3be49725d10bb45f405678b2d213528020/898fc2790609cc19becdb8e4c49c4fe1e06b7057f75f8c620d3fb887731de3ef.metadata.json,ceb4eacb5e6005b83f5e58cc508e2833e7b2d6572ab55aa378358b377c354a10
data/raw/experimental_validation/step05b4/700eafbd7505bb6f535c1ff5ad61ed3be49725d10bb45f405678b2d213528020/3c3ec27341d851a7b95ba5dfbc7e74eb2b1aa768b0dcd0d8d722d3f19fc30d54.xml.gz,22ac8d3a13a0d3b848859eb2a6867bdb0b9c31ae28edd3ee5fe9f74e284733cb
data/raw/experimental_validation/step05b4/700eafbd7505bb6f535c1ff5ad61ed3be49725d10bb45f405678b2d213528020/3c3ec27341d851a7b95ba5dfbc7e74eb2b1aa768b0dcd0d8d722d3f19fc30d54.metadata.json,71622d6bd9646e1fd6fa29be22b3b5ad2f737d091ea4eeec76881e5a510791ef
data/raw/experimental_validation/step05b4/700eafbd7505bb6f535c1ff5ad61ed3be49725d10bb45f405678b2d213528020/795d9eb64878fd68c07f39ca4ff3ec8fc5e72fcf93a0bc918e10155e0cc2bc06.xml.gz,04b07851f6851188a88f3ccbecb42d66eedc16fd605a16cec4838339ec751e34
data/raw/experimental_validation/step05b4/700eafbd7505bb6f535c1ff5ad61ed3be49725d10bb45f405678b2d213528020/795d9eb64878fd68c07f39ca4ff3ec8fc5e72fcf93a0bc918e10155e0cc2bc06.metadata.json,a8d90bbb871ee80a24598c153070bec79b6c22a856b42aa78166a9ae95c2b06d
data/raw/experimental_validation/step05b4/700eafbd7505bb6f535c1ff5ad61ed3be49725d10bb45f405678b2d213528020/8071414ff2ff42e9e87ade2eadcd009c3fb7a569cf8ebf49808ccd556dc1736e.xml.gz,15d419620d62e86262d5f860e22903efecc3d4687ac84c3a8db00acc615bbcba
data/raw/experimental_validation/step05b4/700eafbd7505bb6f535c1ff5ad61ed3be49725d10bb45f405678b2d213528020/8071414ff2ff42e9e87ade2eadcd009c3fb7a569cf8ebf49808ccd556dc1736e.metadata.json,375ec932f3a93a508bfa857d3dda2a4720b0a7ec0d0f25012925a8589ddd7fc9
data/raw/experimental_validation/step05b4/700eafbd7505bb6f535c1ff5ad61ed3be49725d10bb45f405678b2d213528020/3665bcb56fb993dfbb7483f1a0aeac1073437b1deb6b7da272e5114f727ac0b0.xml.gz,8a22dc9ce61b590fdc81f9ee957e58f5b220297bc2bd32aeb89013a6c60cc9b0
data/raw/experimental_validation/step05b4/700eafbd7505bb6f535c1ff5ad61ed3be49725d10bb45f405678b2d213528020/3665bcb56fb993dfbb7483f1a0aeac1073437b1deb6b7da272e5114f727ac0b0.metadata.json,82a2baedde7b7304794677fd60377f9a1d607eb3e8bfcf9be241f7899659d511
data/raw/experimental_validation/step05b4/700eafbd7505bb6f535c1ff5ad61ed3be49725d10bb45f405678b2d213528020/87f9f04b8518584d39d2e7849435b6ac50026a7012e96c0d4db1d30613a3a9bb.xml.gz,fe206e7baed5efb56cf4fe2ec9d8960ed33452ba18d50da682e0fb695be9d576
data/raw/experimental_validation/step05b4/700eafbd7505bb6f535c1ff5ad61ed3be49725d10bb45f405678b2d213528020/87f9f04b8518584d39d2e7849435b6ac50026a7012e96c0d4db1d30613a3a9bb.metadata.json,5e34cec13bd010e475789a9b63f7a908f89bba258421cb6677948218b71dca41
data/raw/experimental_validation/step05b4/700eafbd7505bb6f535c1ff5ad61ed3be49725d10bb45f405678b2d213528020/63d6aec24d2f7b5563cc23cbf3fc1671cda11bda71e45f7fa017e42da86d2165.xml.gz,af08e0855d975f284b0ac184ab5c4b93a891cbff41ed3079774022abc41b50a3
data/raw/experimental_validation/step05b4/700eafbd7505bb6f535c1ff5ad61ed3be49725d10bb45f405678b2d213528020/63d6aec24d2f7b5563cc23cbf3fc1671cda11bda71e45f7fa017e42da86d2165.metadata.json,c8e9238ceb5b4fe6a1fae7d6fffc7aca55d0fce4d1c8f25d17bf82c907cdc2aa
data/raw/experimental_validation/step05b4/700eafbd7505bb6f535c1ff5ad61ed3be49725d10bb45f405678b2d213528020/2b6f8c62d4de9cd373546dfe0e57ba809e0c2d0f32ac80d5c9e6e1cd44528ec8.xml.gz,e365834ae7dd33ed68dee1d38d300b36fd1d92fdc0156013e03927114c7dd082
data/raw/experimental_validation/step05b4/700eafbd7505bb6f535c1ff5ad61ed3be49725d10bb45f405678b2d213528020/2b6f8c62d4de9cd373546dfe0e57ba809e0c2d0f32ac80d5c9e6e1cd44528ec8.metadata.json,d136972a600419e097e8211956822adf04d2def599da41a319e14593acaea5f1
data/raw/experimental_validation/step05b4/700eafbd7505bb6f535c1ff5ad61ed3be49725d10bb45f405678b2d213528020/8e95a284ccf8edb16e4add0f8f7853ebe3a4b725f570712429f3d199132bfa7b.xml.gz,f096b14a12c1921055b2cf3d272574978e92afb8d6f3311535f3216cbb8e95bf
data/raw/experimental_validation/step05b4/700eafbd7505bb6f535c1ff5ad61ed3be49725d10bb45f405678b2d213528020/8e95a284ccf8edb16e4add0f8f7853ebe3a4b725f570712429f3d199132bfa7b.metadata.json,9f86390b424b7db56b996b385662d965345d691cb4af9b9f09fe52a03aa8b4e1
data/raw/experimental_validation/step05b4/700eafbd7505bb6f535c1ff5ad61ed3be49725d10bb45f405678b2d213528020/0a88bfe4c2eaa160669af04cd52bd53981cb707a440d2f95f9dd59bda03533ba.xml.gz,b40fec02fa2f104a378f69a97711c7fef456f691163f37f45456342be2ed65c2
data/raw/experimental_validation/step05b4/700eafbd7505bb6f535c1ff5ad61ed3be49725d10bb45f405678b2d213528020/0a88bfe4c2eaa160669af04cd52bd53981cb707a440d2f95f9dd59bda03533ba.metadata.json,5d46ea421e7777e2c833410247ddad5778551044fc22890803647e4425cb3871
data/raw/experimental_validation/step05b4/700eafbd7505bb6f535c1ff5ad61ed3be49725d10bb45f405678b2d213528020/b92d8918de64220f9009c3a88d8416c3423f76a091af2e549c6c69b9a14e8f58.xml.gz,8cae71e833e2c3184d67089d2da592a8ec80104ff15e09b1ebf205b79664bada
data/raw/experimental_validation/step05b4/700eafbd7505bb6f535c1ff5ad61ed3be49725d10bb45f405678b2d213528020/b92d8918de64220f9009c3a88d8416c3423f76a091af2e549c6c69b9a14e8f58.metadata.json,dd8a64cd474fefb0247d7a774ebd721b9845c384476972095f8985aee8ef9610
data/raw/experimental_validation/step05b4/700eafbd7505bb6f535c1ff5ad61ed3be49725d10bb45f405678b2d213528020/23bd6e415b5e59ec43f4c2bdb38f0e71a7350083298c4c1bb2e17691848f70df.xml.gz,873afd00c3a09e7f5d5c999caacdfe10fae8210b44ebea9d0a1305448f26fcab
data/raw/experimental_validation/step05b4/700eafbd7505bb6f535c1ff5ad61ed3be49725d10bb45f405678b2d213528020/23bd6e415b5e59ec43f4c2bdb38f0e71a7350083298c4c1bb2e17691848f70df.metadata.json,34d9ac53b7849b285d1357028301dc5bde4363547d320101779ec172022816bc
data/raw/experimental_validation/step05b4/700eafbd7505bb6f535c1ff5ad61ed3be49725d10bb45f405678b2d213528020/ce0702b93c223eda327238293bceb9b091b4cd45037c5acac03341b275aebb8b.xml.gz,73690db7ca06559edba3d40f8413a8ee517c6d74185fca0f8105dc3ccd4b7ad6
data/raw/experimental_validation/step05b4/700eafbd7505bb6f535c1ff5ad61ed3be49725d10bb45f405678b2d213528020/ce0702b93c223eda327238293bceb9b091b4cd45037c5acac03341b275aebb8b.metadata.json,5600e5ebc6e7a6516d8e0369fc109bcfde41cf81d98ec55f8ed0a52d9161b99f
data/raw/experimental_validation/step05b4/700eafbd7505bb6f535c1ff5ad61ed3be49725d10bb45f405678b2d213528020/7130f90e3f0561696d399006834322f47cf8eef4e65d35bcb4de4dd5f0ec067f.xml.gz,1445bab53353cd11599af3a9d64d37b51d22694ef0262f8e0c9d01e2616cf217
data/raw/experimental_validation/step05b4/700eafbd7505bb6f535c1ff5ad61ed3be49725d10bb45f405678b2d213528020/7130f90e3f0561696d399006834322f47cf8eef4e65d35bcb4de4dd5f0ec067f.metadata.json,c2f95fe826e5871a3344746df8b3892764bdc39a8a6a8c382046b34f58de4446
data/raw/experimental_validation/step05b4/700eafbd7505bb6f535c1ff5ad61ed3be49725d10bb45f405678b2d213528020/28ee593585fe3cf2ae30dee0ade3d08b5540a99a750840ebd048f33002078486.xml.gz,ac0ca792b60d386174658bdd9062e8faa40c9a091a1e88e5025d91720268ae79
data/raw/experimental_validation/step05b4/700eafbd7505bb6f535c1ff5ad61ed3be49725d10bb45f405678b2d213528020/28ee593585fe3cf2ae30dee0ade3d08b5540a99a750840ebd048f33002078486.metadata.json,f03fc620b86e0ab688ef6639714c3f7fdcfa1645be2bc30537649456c3333c86
data/raw/experimental_validation/step05b4/700eafbd7505bb6f535c1ff5ad61ed3be49725d10bb45f405678b2d213528020/49a967556c74a6121d5562abf229211985c1badaf7f8e9cd1fff109132edcab0.xml.gz,8fa70b179eb8313bda15dd870bb1c2e353ad08de7f9ab2bdbd698f4debe2510d
data/raw/experimental_validation/step05b4/700eafbd7505bb6f535c1ff5ad61ed3be49725d10bb45f405678b2d213528020/49a967556c74a6121d5562abf229211985c1badaf7f8e9cd1fff109132edcab0.metadata.json,6b8931eaaa5dd6beeb77f44d86454db28401c60f8b6565941ba671a814e92650
data/raw/experimental_validation/step05b4/700eafbd7505bb6f535c1ff5ad61ed3be49725d10bb45f405678b2d213528020/7f27b35f93b764204af5fe00c9ab288181a1a13a1b476d996335b97cd26b7cc7.xml.gz,b9dadbfc50943a6e10570155197653841a34ca96329c73123fb548757f25527b
data/raw/experimental_validation/step05b4/700eafbd7505bb6f535c1ff5ad61ed3be49725d10bb45f405678b2d213528020/7f27b35f93b764204af5fe00c9ab288181a1a13a1b476d996335b97cd26b7cc7.metadata.json,67d85d4228ce4ea01f378334733a663b03656739bba78802ee05a90be883eb4f
data/raw/experimental_validation/step05b4/700eafbd7505bb6f535c1ff5ad61ed3be49725d10bb45f405678b2d213528020/9ddd111c97774e18a30249a730938c7994de2ff51e4d95836f05522d64f597e3.xml.gz,ab43f0ed15e1f60a3bfe02bbb7a72cf025ca5490b39d1027da64ff571ba246f2
data/raw/experimental_validation/step05b4/700eafbd7505bb6f535c1ff5ad61ed3be49725d10bb45f405678b2d213528020/9ddd111c97774e18a30249a730938c7994de2ff51e4d95836f05522d64f597e3.metadata.json,1fecf204f2da902b2b15d6ee5e21d656bd7676e22d84e3c1e33b892b078a2f1f
data/raw/experimental_validation/step05b4/700eafbd7505bb6f535c1ff5ad61ed3be49725d10bb45f405678b2d213528020/44c78fb89bdc9f90bc8a9bdb654fe371d5dc8593c22cc78e37501f1f8a6d60bb.xml.gz,7db1ce9ebc7279d4bf9bc1cacb171b42110186b86a42a62f92fbf853ce071691
data/raw/experimental_validation/step05b4/700eafbd7505bb6f535c1ff5ad61ed3be49725d10bb45f405678b2d213528020/44c78fb89bdc9f90bc8a9bdb654fe371d5dc8593c22cc78e37501f1f8a6d60bb.metadata.json,372b0f153f4bcc68ee9a62a145b29bc9db67e1e26ad1b530cdad809bc943d2fe
data/raw/experimental_validation/step05b4/700eafbd7505bb6f535c1ff5ad61ed3be49725d10bb45f405678b2d213528020/2d10a23a3caaa2a813c4f7c331dc771f41f64708bb1c01742adea98d3923a801.xml.gz,1735674436f606e67800b65d7bd6d253428ad87bfb74f141ecb97aaaff4977c1
data/raw/experimental_validation/step05b4/700eafbd7505bb6f535c1ff5ad61ed3be49725d10bb45f405678b2d213528020/2d10a23a3caaa2a813c4f7c331dc771f41f64708bb1c01742adea98d3923a801.metadata.json,59b2058375c277af61a70d26242c572b75ebd9ecc135f3c8214ef3bd63d42b5a
data/raw/experimental_validation/step05b4/700eafbd7505bb6f535c1ff5ad61ed3be49725d10bb45f405678b2d213528020/cd287699d96ba2115a7f9b3000c469b007caf31188be9cbd7c10dbad727ccb34.xml.gz,92645e8172f5b92b45b57200d7765532087fde70cea3432c0ab3be85f814e6cf
data/raw/experimental_validation/step05b4/700eafbd7505bb6f535c1ff5ad61ed3be49725d10bb45f405678b2d213528020/cd287699d96ba2115a7f9b3000c469b007caf31188be9cbd7c10dbad727ccb34.metadata.json,5ff645ce5db9123247f988f81c344e316b851eb9b4af13a1cd793a5dbb68bf8c
data/raw/experimental_validation/step05b4/700eafbd7505bb6f535c1ff5ad61ed3be49725d10bb45f405678b2d213528020/c8b74f379e7280decd369e2a67cf400b79bdaea87e66592b1106362b90514b71.xml.gz,49616ec70b4c4f989ff6267a27a7886961d3e1bf6142ae1cd9b5847640afcc94
data/raw/experimental_validation/step05b4/700eafbd7505bb6f535c1ff5ad61ed3be49725d10bb45f405678b2d213528020/c8b74f379e7280decd369e2a67cf400b79bdaea87e66592b1106362b90514b71.metadata.json,2a7700b0053a3284845b3c4643ebd24921cc98cc7ee01ae9a2ea9b81d6127765
data/raw/experimental_validation/step05b4/700eafbd7505bb6f535c1ff5ad61ed3be49725d10bb45f405678b2d213528020/c073b73565e3d0254848465c354a37ba8cb625503c52fb167cd26ac69856c52d.xml.gz,1b4b8c504c8b64b323c7a50ce9a6fc55394247e2ef2cd8618d011012ad1e2fb1
data/raw/experimental_validation/step05b4/700eafbd7505bb6f535c1ff5ad61ed3be49725d10bb45f405678b2d213528020/c073b73565e3d0254848465c354a37ba8cb625503c52fb167cd26ac69856c52d.metadata.json,3b05074959feb55b376a5479e029ca16b996c4d3718ae76e5c956cc92de49fdf
data/raw/experimental_validation/step05b4/700eafbd7505bb6f535c1ff5ad61ed3be49725d10bb45f405678b2d213528020/7981992b8f4950a0ea2169a1f02f42cc5c2374c2510c1a0d6cd98b8384275d05.xml.gz,e7c8146349d399abc11c1f686abf86e7e176d830a19572361f7879172bf5bffb
data/raw/experimental_validation/step05b4/700eafbd7505bb6f535c1ff5ad61ed3be49725d10bb45f405678b2d213528020/7981992b8f4950a0ea2169a1f02f42cc5c2374c2510c1a0d6cd98b8384275d05.metadata.json,a3042294bb292f9f54fccfe91381aef9bf03eb5614d93ba403c7dded8f5700c8
data/raw/experimental_validation/step05b4/700eafbd7505bb6f535c1ff5ad61ed3be49725d10bb45f405678b2d213528020/8033459addc0be286cd3c37e370548b8ba935f9ea33f38eedad3985f00d17836.xml.gz,03ba4712c0ab1822414a62a3b2cd4092e48411c1cdf92431e62393579d19d509
data/raw/experimental_validation/step05b4/700eafbd7505bb6f535c1ff5ad61ed3be49725d10bb45f405678b2d213528020/8033459addc0be286cd3c37e370548b8ba935f9ea33f38eedad3985f00d17836.metadata.json,cefd81dae766048f6d9c4a8ea3daaf9b1972761c4556de22782e7ffff200989f
data/raw/experimental_validation/step05b4/700eafbd7505bb6f535c1ff5ad61ed3be49725d10bb45f405678b2d213528020/cec20702343e62bc7245bd0f70758ff8b3f5270f31b605b8bd62de273fee7307.xml.gz,7f6f590fc9b8625472e98c59fc30d2b7f05727920d1e8c73c54657b66a04ca2c
data/raw/experimental_validation/step05b4/700eafbd7505bb6f535c1ff5ad61ed3be49725d10bb45f405678b2d213528020/cec20702343e62bc7245bd0f70758ff8b3f5270f31b605b8bd62de273fee7307.metadata.json,2febb9398a93aa4a754f77e0dba52afcdae9be3d983bcb8d75184cb76510d23a
data/raw/experimental_validation/step05b4/700eafbd7505bb6f535c1ff5ad61ed3be49725d10bb45f405678b2d213528020/316fc0d5ec6c7821289aac3a21158b05d78a6fc64e751d92f8a8d9f2de4d87b9.xml.gz,202dfcf7b5692662a2c54b4d6befe985949166b994ff1037e734ecc4092d3074
data/raw/experimental_validation/step05b4/700eafbd7505bb6f535c1ff5ad61ed3be49725d10bb45f405678b2d213528020/316fc0d5ec6c7821289aac3a21158b05d78a6fc64e751d92f8a8d9f2de4d87b9.metadata.json,cc7effcc9a1d0eab56dc8edc958fdc1b2e134f7ee71837616de0d994f845cd9e
data/raw/experimental_validation/step05b4/700eafbd7505bb6f535c1ff5ad61ed3be49725d10bb45f405678b2d213528020/8ea63fb148a7c5ef287cbaf272beebf25a63a9d70f0ad3fdfd256bc456ac0fb0.xml.gz,dbbfb6229f3e0df50b9409da2e0f9e07067d109255b7f9d43ad91766e78cea4f
data/raw/experimental_validation/step05b4/700eafbd7505bb6f535c1ff5ad61ed3be49725d10bb45f405678b2d213528020/8ea63fb148a7c5ef287cbaf272beebf25a63a9d70f0ad3fdfd256bc456ac0fb0.metadata.json,ca43413d54f9627e383c324cbcd33924792a10e76f916792f3c0d7a9072fa8bf
data/raw/experimental_validation/step05b4/700eafbd7505bb6f535c1ff5ad61ed3be49725d10bb45f405678b2d213528020/2eb78c866b740058639101b1bac8fbef54d30e7228d655fb24656f3b4a433a6f.xml.gz,ca522768f996155b3cc650d2d1f1f25e4329bf1d38eee0186000baf6d92793e3
data/raw/experimental_validation/step05b4/700eafbd7505bb6f535c1ff5ad61ed3be49725d10bb45f405678b2d213528020/2eb78c866b740058639101b1bac8fbef54d30e7228d655fb24656f3b4a433a6f.metadata.json,76962dfa544e9ae28a4a9bad178fb73c90607ac4dad012b6e86c4c662a39036d
data/raw/experimental_validation/step05b4/700eafbd7505bb6f535c1ff5ad61ed3be49725d10bb45f405678b2d213528020/3b790bcdae339f686b048a5bb1c0e194a7235a9d62e7c87ed7739a0bebc4a1c4.xml.gz,41c7303f998ca8b6fb3b8ce14070c01e541c9a533154fee519771fa9c5296bf5
data/raw/experimental_validation/step05b4/700eafbd7505bb6f535c1ff5ad61ed3be49725d10bb45f405678b2d213528020/3b790bcdae339f686b048a5bb1c0e194a7235a9d62e7c87ed7739a0bebc4a1c4.metadata.json,8692d28e209953f93d3f058c00d73219ea36ffdda02605c3e915349e42df81fb
data/raw/experimental_validation/step05b4/700eafbd7505bb6f535c1ff5ad61ed3be49725d10bb45f405678b2d213528020/7e48472e4526cd055322590d8754e2f5e0050dd0a34314fe23902683c7d3f142.xml.gz,2120e3d7f819ab7e1e4b092ac8bd0cce28677586b7ba4e946f89d06fa70c0b5d
data/raw/experimental_validation/step05b4/700eafbd7505bb6f535c1ff5ad61ed3be49725d10bb45f405678b2d213528020/7e48472e4526cd055322590d8754e2f5e0050dd0a34314fe23902683c7d3f142.metadata.json,62cf6ee17293f7899fa9ae1a9fad2dddbdb567a882214413aa6c7cec3fc1b40a
data/raw/experimental_validation/step05b4/700eafbd7505bb6f535c1ff5ad61ed3be49725d10bb45f405678b2d213528020/7e634e93daa18db28ba7cb13d22dbddba1289862280fabe300ae756214b4ed24.xml.gz,2b26073146115a77b8750952a3580d4ec74ef7e46afba4cc0316af24027d9776
data/raw/experimental_validation/step05b4/700eafbd7505bb6f535c1ff5ad61ed3be49725d10bb45f405678b2d213528020/7e634e93daa18db28ba7cb13d22dbddba1289862280fabe300ae756214b4ed24.metadata.json,be15e854da5d4caea9c23e5411a78b29d4c1cf0e738e4985cc7ad718560da199
data/raw/experimental_validation/step05b4/700eafbd7505bb6f535c1ff5ad61ed3be49725d10bb45f405678b2d213528020/f94fbb11543a2faf8460d1769f50359a69a8c19214b46c6b6954bef8087e7af9.xml.gz,29a355db147828a3a4fad9c8595a68a4c2ad260946d0278f67c7388aef665290
data/raw/experimental_validation/step05b4/700eafbd7505bb6f535c1ff5ad61ed3be49725d10bb45f405678b2d213528020/f94fbb11543a2faf8460d1769f50359a69a8c19214b46c6b6954bef8087e7af9.metadata.json,bfbad37ec2a6d9baa2418cb827482466d06f2b0b9538b30efe9d5a256b9edc24
data/raw/experimental_validation/step05b4/700eafbd7505bb6f535c1ff5ad61ed3be49725d10bb45f405678b2d213528020/7a229af09d92860dab32b49f84ba6efec44a0f8a133ef639305455064f9b5a16.xml.gz,9be1695b49a13c1f951611bfb0e0552cd15ce8ba32c6382ba1e11af4edd493ef
data/raw/experimental_validation/step05b4/700eafbd7505bb6f535c1ff5ad61ed3be49725d10bb45f405678b2d213528020/7a229af09d92860dab32b49f84ba6efec44a0f8a133ef639305455064f9b5a16.metadata.json,4db063f2fa7b5ace12c2b2eaf8fa3ece073235164faa54590074206281d32994
data/raw/experimental_validation/step05b4/700eafbd7505bb6f535c1ff5ad61ed3be49725d10bb45f405678b2d213528020/0c8e4b306a99db2b3f125bb7a685015fe25d69a873157e112629fc3a1c41f063.xml.gz,f886130822a40bbf8e43c411006dae6b28e0c6bc9802d5b54b196eda48c1b408
data/raw/experimental_validation/step05b4/700eafbd7505bb6f535c1ff5ad61ed3be49725d10bb45f405678b2d213528020/0c8e4b306a99db2b3f125bb7a685015fe25d69a873157e112629fc3a1c41f063.metadata.json,30aeb33ddbc407c7740d2f0fe9f123dba0ba14f1a61d298105d7274f368ed87e
data/raw/experimental_validation/step05b4/700eafbd7505bb6f535c1ff5ad61ed3be49725d10bb45f405678b2d213528020/6267452c3fbe097447e626c2068265cb8e173349fe156339a336d54ad32eb771.xml.gz,b3541a8f7c5731cf0409d2bd00006d9466eab22650e872bab394bf7edbed01d5
data/raw/experimental_validation/step05b4/700eafbd7505bb6f535c1ff5ad61ed3be49725d10bb45f405678b2d213528020/6267452c3fbe097447e626c2068265cb8e173349fe156339a336d54ad32eb771.metadata.json,a32c84e9ea3d1f80d795b7cafb3ca0e71a472775b50ea2d34af5b1a1c3e6f3d1
data/raw/experimental_validation/step05b4/700eafbd7505bb6f535c1ff5ad61ed3be49725d10bb45f405678b2d213528020/2909e434589fdd36f7c0fc78ee105aa7adb1bc8cc23c7e66afbb2ffd4dd43bce.xml.gz,885d668fff8a35f42262e58870e1121bc0b86d51ba9f8958050c3f7463c3d55b
data/raw/experimental_validation/step05b4/700eafbd7505bb6f535c1ff5ad61ed3be49725d10bb45f405678b2d213528020/2909e434589fdd36f7c0fc78ee105aa7adb1bc8cc23c7e66afbb2ffd4dd43bce.metadata.json,3045b8b754451c957924a7789fa15c749ea5b6caf8ee9dd8963ea4a846615808
data/raw/experimental_validation/step05b4/700eafbd7505bb6f535c1ff5ad61ed3be49725d10bb45f405678b2d213528020/e651a59967c876bbe30235216b459fc95540426ebaa9592c1f73bd11e3264f36.xml.gz,4ff464e85fb0560d400f858f716a2c65b3a62995775a0cd1e144b994df487d89
data/raw/experimental_validation/step05b4/700eafbd7505bb6f535c1ff5ad61ed3be49725d10bb45f405678b2d213528020/e651a59967c876bbe30235216b459fc95540426ebaa9592c1f73bd11e3264f36.metadata.json,da105a1a945c9c57be7458653800d884e22cd2a3f6881984d67990fd3f81e838
data/raw/experimental_validation/step05b4/700eafbd7505bb6f535c1ff5ad61ed3be49725d10bb45f405678b2d213528020/43d138c6d7af5585d547e6d6c9825d7cf6890e838db349c69702e623f5dc9ebd.xml.gz,af9ba4c6d5693f8f9a50efdcab7c815fdeb861dd9e3df29a0eb41c024fbd9567
data/raw/experimental_validation/step05b4/700eafbd7505bb6f535c1ff5ad61ed3be49725d10bb45f405678b2d213528020/43d138c6d7af5585d547e6d6c9825d7cf6890e838db349c69702e623f5dc9ebd.metadata.json,729a4b6e7179ddabe4b1fe60ae1aa28e839138e5802d74ed7aadcba5ea2857e4
data/raw/experimental_validation/step05b4/700eafbd7505bb6f535c1ff5ad61ed3be49725d10bb45f405678b2d213528020/f558f76be3bc37afb03d1226b3fc5de89eea608a1978557c2f86dbed3e972bd8.xml.gz,62b54bf88e481677059ab284ed3ce92ec74b5be1a457dd186475e1a0f1a11dc2
data/raw/experimental_validation/step05b4/700eafbd7505bb6f535c1ff5ad61ed3be49725d10bb45f405678b2d213528020/f558f76be3bc37afb03d1226b3fc5de89eea608a1978557c2f86dbed3e972bd8.metadata.json,5b09432b24b57c78c45e1ffe3d7414c5b97b00462b33806e884a03711cde1d87
data/raw/experimental_validation/step05b4/700eafbd7505bb6f535c1ff5ad61ed3be49725d10bb45f405678b2d213528020/45f1906213494ee0211a747a887e07bde0ec68d810b5fcfcb08f252d7fd2629f.xml.gz,ffaee952eff4ddcb8f0db08060c30249f794399ab1d56d048a8dbb6b7f3c025f
data/raw/experimental_validation/step05b4/700eafbd7505bb6f535c1ff5ad61ed3be49725d10bb45f405678b2d213528020/45f1906213494ee0211a747a887e07bde0ec68d810b5fcfcb08f252d7fd2629f.metadata.json,5e0d9590535fe69b30f718f3c5b3cd7e922138c8483b370af84d079d59bb348b
data/raw/experimental_validation/step05b4/700eafbd7505bb6f535c1ff5ad61ed3be49725d10bb45f405678b2d213528020/ec60b76f33bcf6283175cfa98383a398594250af5583783544e0c65587b71d36.xml.gz,f38d664e726f2606ac49da200c92dfe799094a0c3271327bfbbd9b4779592ff7
data/raw/experimental_validation/step05b4/700eafbd7505bb6f535c1ff5ad61ed3be49725d10bb45f405678b2d213528020/ec60b76f33bcf6283175cfa98383a398594250af5583783544e0c65587b71d36.metadata.json,f8b671e9b85c65d59f545088a6d8dbfc73e4d331ed8b88a03b28b7f46e90cd8f
data/raw/experimental_validation/step05b4/700eafbd7505bb6f535c1ff5ad61ed3be49725d10bb45f405678b2d213528020/9bd7b8a1cb75836ea9b7083d4a46a309ecc27a97d86e762a136362e8b070ec68.xml.gz,ff58329abcb9e4d1bcb3b66f672beaaf90d5e22d52f4c81d397aa14b343c6729
data/raw/experimental_validation/step05b4/700eafbd7505bb6f535c1ff5ad61ed3be49725d10bb45f405678b2d213528020/9bd7b8a1cb75836ea9b7083d4a46a309ecc27a97d86e762a136362e8b070ec68.metadata.json,a892c1d7cfabbad75af8aefc7c633ff11d95ce9ab094b4afd657823ce68122a1
data/raw/experimental_validation/step05b4/700eafbd7505bb6f535c1ff5ad61ed3be49725d10bb45f405678b2d213528020/b43bdf343b7a37aa82e3e32fa95e028eeeef7c3b7433b4be91cb7907e6cf63b0.xml.gz,a346dec5505c09b24e2ac61a2f8a14a6a859592bee3cb809c3e6418719484b27
data/raw/experimental_validation/step05b4/700eafbd7505bb6f535c1ff5ad61ed3be49725d10bb45f405678b2d213528020/b43bdf343b7a37aa82e3e32fa95e028eeeef7c3b7433b4be91cb7907e6cf63b0.metadata.json,45ace6bace2b02fa68a5a45a357c654abf454d9796fab53cf1a7753e004fdd3f
data/raw/experimental_validation/step05b4/700eafbd7505bb6f535c1ff5ad61ed3be49725d10bb45f405678b2d213528020/767f983b7b6caa7d3b3cb7471eeec5ff4244a1ba64e804c829c8ece8904ae1e3.xml.gz,e8b8612e7692205934b47ce8a4f07df128241a98effd3a2617da39dbcf74fae8
data/raw/experimental_validation/step05b4/700eafbd7505bb6f535c1ff5ad61ed3be49725d10bb45f405678b2d213528020/767f983b7b6caa7d3b3cb7471eeec5ff4244a1ba64e804c829c8ece8904ae1e3.metadata.json,abed286b875a9dac396762f7d79cc7363ba05627634372581369e0db4c1db4e3
data/raw/experimental_validation/step05b4/700eafbd7505bb6f535c1ff5ad61ed3be49725d10bb45f405678b2d213528020/ea0d4fc366ee79b799f065f7d331f2c354dc701ff7a4f00ef56203b59ea1a8cf.xml.gz,ebdbf250d69c363496cd5334b9a506134b06154addac6000f08307291126971e
data/raw/experimental_validation/step05b4/700eafbd7505bb6f535c1ff5ad61ed3be49725d10bb45f405678b2d213528020/ea0d4fc366ee79b799f065f7d331f2c354dc701ff7a4f00ef56203b59ea1a8cf.metadata.json,2223e3b26e266a89a83e78579791736364fe0977960dcf080d6fcad27ae4120b
data/raw/experimental_validation/step05b4/700eafbd7505bb6f535c1ff5ad61ed3be49725d10bb45f405678b2d213528020/d3d699c710127b933e9a2a2e4087aaea8a7a305d23df7754fa006913f42dad86.xml.gz,89a513a9fbaffa7a77f222fa40a5e10f3282995c434d106cddc2c8124bb16759
data/raw/experimental_validation/step05b4/700eafbd7505bb6f535c1ff5ad61ed3be49725d10bb45f405678b2d213528020/d3d699c710127b933e9a2a2e4087aaea8a7a305d23df7754fa006913f42dad86.metadata.json,7a27195c1a799f28c6b3d7ad01d6fbf4b48452dcf68d421b452b37f856a3b4e0
data/raw/experimental_validation/step05b4/700eafbd7505bb6f535c1ff5ad61ed3be49725d10bb45f405678b2d213528020/57f372620325a9f1295efebf8b0f7d8bbf2c7976e46b98e654ee3e7bf334afca.xml.gz,fb28efe38f3da42cb5b9586ad80f5c163b65d460124c88f240dc7b093ac84ddb
data/raw/experimental_validation/step05b4/700eafbd7505bb6f535c1ff5ad61ed3be49725d10bb45f405678b2d213528020/57f372620325a9f1295efebf8b0f7d8bbf2c7976e46b98e654ee3e7bf334afca.metadata.json,31806671bcc0c87fa4e5a52e2a4b0e8a8b7048193a2196ce94ddb9397a13c85d
data/raw/experimental_validation/step05b4/700eafbd7505bb6f535c1ff5ad61ed3be49725d10bb45f405678b2d213528020/1a1a4d701efca66df7406eb0751df156d27bbd57e2e619586f003396314e1e24.xml.gz,2b369ab5e036401df15412aa3ed0101e9c9f765617ba37a3069a2b4ed477339c
data/raw/experimental_validation/step05b4/700eafbd7505bb6f535c1ff5ad61ed3be49725d10bb45f405678b2d213528020/1a1a4d701efca66df7406eb0751df156d27bbd57e2e619586f003396314e1e24.metadata.json,ef0d7a64221b496dfb41c8d3981c3ecc78e98b83bc3030dd1441a5afb7b1ab00
data/raw/experimental_validation/step05b4/700eafbd7505bb6f535c1ff5ad61ed3be49725d10bb45f405678b2d213528020/49b81c8c91eecd66ae550d152b36435fcd88534895bc725ed17f913b4a066b6b.xml.gz,7424c7dcc6ce382be25a9e275f91ec5598744f0515be32a7f40e434af0542ba1
data/raw/experimental_validation/step05b4/700eafbd7505bb6f535c1ff5ad61ed3be49725d10bb45f405678b2d213528020/49b81c8c91eecd66ae550d152b36435fcd88534895bc725ed17f913b4a066b6b.metadata.json,77eab3bdeb9488cda28ae9556e49d393fe838ce54587f651d69eccc0e8a1b681
data/raw/experimental_validation/step05b4/700eafbd7505bb6f535c1ff5ad61ed3be49725d10bb45f405678b2d213528020/612b7d1391e2bf6814b56e59dbcf675ccd678e644b1fdc2ce1146f80c0d7d229.xml.gz,7a79043d57c6d39591a7b3d46f3613ab698304a8a716dc9066074da9b8534502
data/raw/experimental_validation/step05b4/700eafbd7505bb6f535c1ff5ad61ed3be49725d10bb45f405678b2d213528020/612b7d1391e2bf6814b56e59dbcf675ccd678e644b1fdc2ce1146f80c0d7d229.metadata.json,9d1f11cc596694b179255e60f274491d1a0fe7a4ef47503dd4f752047487ccb6
data/raw/experimental_validation/step05b4/700eafbd7505bb6f535c1ff5ad61ed3be49725d10bb45f405678b2d213528020/b92b2e94c7b3afa47f2827b2507cf9791648d92315a267867344d4ba2f033a22.xml.gz,a2a4a122de4f48b2dbec34bef8ff65e9b8e11472d98b7bd79da9293d18597b14
data/raw/experimental_validation/step05b4/700eafbd7505bb6f535c1ff5ad61ed3be49725d10bb45f405678b2d213528020/b92b2e94c7b3afa47f2827b2507cf9791648d92315a267867344d4ba2f033a22.metadata.json,313071ffb05186981706af8abe7239564ab838dc916ad84b2cc4f0a3ee4ce81b
data/raw/experimental_validation/step05b4/700eafbd7505bb6f535c1ff5ad61ed3be49725d10bb45f405678b2d213528020/be2e86b362e2fd871060847470b5a1fb18fd822eb7ec94f9118320ef73c0089e.xml.gz,a742d20c6abf5678fe45959b8272abcf394c81b01d73aa19b1f86d2770998874
data/raw/experimental_validation/step05b4/700eafbd7505bb6f535c1ff5ad61ed3be49725d10bb45f405678b2d213528020/be2e86b362e2fd871060847470b5a1fb18fd822eb7ec94f9118320ef73c0089e.metadata.json,d27125e042897ca2c6a616a38d3b8b6989cc96080f5be380b21372209bda7ef2
data/raw/experimental_validation/step05b4/700eafbd7505bb6f535c1ff5ad61ed3be49725d10bb45f405678b2d213528020/02428616f2ffc2d2a03061f7c1d07c570d2c4415d4d263f62c30273d1ac39eff.xml.gz,a4ba8c9fd37cd5d56e733c3905dc6e18d0c87f56c7d55bcd4be52fbc32673e23
data/raw/experimental_validation/step05b4/700eafbd7505bb6f535c1ff5ad61ed3be49725d10bb45f405678b2d213528020/02428616f2ffc2d2a03061f7c1d07c570d2c4415d4d263f62c30273d1ac39eff.metadata.json,4318f27e05ee1208b4160970a8966434d1e318e12e99f79a176165627cacbab8
data/raw/experimental_validation/step05b4/700eafbd7505bb6f535c1ff5ad61ed3be49725d10bb45f405678b2d213528020/2c8f72dea746db4954b6a21318823758aa1faa2764d30aad36c5ce2333b0e152.xml.gz,6625e975087606e445c9b0e98320b5005931c8a3413fe49b4ea84b4de4f3c514
data/raw/experimental_validation/step05b4/700eafbd7505bb6f535c1ff5ad61ed3be49725d10bb45f405678b2d213528020/2c8f72dea746db4954b6a21318823758aa1faa2764d30aad36c5ce2333b0e152.metadata.json,8ce51765708d1bcd692f04e1d1399cc70f675d24dcc4ba1252fc238488235652
data/raw/experimental_validation/step05b4/700eafbd7505bb6f535c1ff5ad61ed3be49725d10bb45f405678b2d213528020/73359f20387c6e90c3187cf6df3652eb914b808ff05b928341a71e8238479eb0.xml.gz,f9b2cf0b55077b051f53f54e312a20bc9443f9c34da611ba0f5388b73018e389
data/raw/experimental_validation/step05b4/700eafbd7505bb6f535c1ff5ad61ed3be49725d10bb45f405678b2d213528020/73359f20387c6e90c3187cf6df3652eb914b808ff05b928341a71e8238479eb0.metadata.json,bd48d7452bdecb3a391e8218a417284c7edbb6256fd5b9479aed457f3df25b94
data/raw/experimental_validation/step05b4/700eafbd7505bb6f535c1ff5ad61ed3be49725d10bb45f405678b2d213528020/f3381b2aa06b59e8035971aaa995889fa0f4715d03cc1a6a1f78aee249c49156.xml.gz,57aac1fc71d536821966304378165ad67ecb0904b8d6d33bcf22ae314dba6721
data/raw/experimental_validation/step05b4/700eafbd7505bb6f535c1ff5ad61ed3be49725d10bb45f405678b2d213528020/f3381b2aa06b59e8035971aaa995889fa0f4715d03cc1a6a1f78aee249c49156.metadata.json,54794442377b8f95594d06fdf69271cef3d7e8ec29e5245d6e4b96530c553734
data/raw/experimental_validation/step05b4/700eafbd7505bb6f535c1ff5ad61ed3be49725d10bb45f405678b2d213528020/b81a1e6a5c3edc3417c0604d45577883cbcf8a032e53fad54903df9a47388463.xml.gz,62075db526a1c81d1323d11322d7c70bcac70ac2c9d43e6dc922295704aa358e
data/raw/experimental_validation/step05b4/700eafbd7505bb6f535c1ff5ad61ed3be49725d10bb45f405678b2d213528020/b81a1e6a5c3edc3417c0604d45577883cbcf8a032e53fad54903df9a47388463.metadata.json,143d842cf34dcdeb0c08bdfc03fc4f07117e16bb8fda4a523040c07b8a70505f
data/raw/experimental_validation/step05b4/700eafbd7505bb6f535c1ff5ad61ed3be49725d10bb45f405678b2d213528020/72bac928ecec13cd7daa2b6d686c550aacb664e29a868a8deb7fa13cd63ee514.xml.gz,666e393d24300a0883f17bd9ad736049b5349cb16bd0e24f94a1244b57bffdf2
data/raw/experimental_validation/step05b4/700eafbd7505bb6f535c1ff5ad61ed3be49725d10bb45f405678b2d213528020/72bac928ecec13cd7daa2b6d686c550aacb664e29a868a8deb7fa13cd63ee514.metadata.json,b6b3ff0b14911eb1e05cd68185ca50ee85dd963985defcfa2c93beb96dd73b3f
data/raw/experimental_validation/step05b4/700eafbd7505bb6f535c1ff5ad61ed3be49725d10bb45f405678b2d213528020/6adfeb4d703944aa4c7316d9cfca1ac768c6937630039031e6645cac08c990dc.xml.gz,709c1429a064fe8a991d2aec6884dbcac934936b8ab9c59e12d37ad5498871cb
data/raw/experimental_validation/step05b4/700eafbd7505bb6f535c1ff5ad61ed3be49725d10bb45f405678b2d213528020/6adfeb4d703944aa4c7316d9cfca1ac768c6937630039031e6645cac08c990dc.metadata.json,69070478273504067eb39e4ad1f84a9202710e402f49331685f05e72ed71fb8f
data/raw/experimental_validation/step05b4/700eafbd7505bb6f535c1ff5ad61ed3be49725d10bb45f405678b2d213528020/20965d34da46a3f265f90d7573d7935231f58398332c9ca0fef05b1857d10bd7.xml.gz,d31edb79482b927786d49922a60567ae157203630b6dcd4d4ecedfc706b961c0
data/raw/experimental_validation/step05b4/700eafbd7505bb6f535c1ff5ad61ed3be49725d10bb45f405678b2d213528020/20965d34da46a3f265f90d7573d7935231f58398332c9ca0fef05b1857d10bd7.metadata.json,3348579571911db4ba727434f7398143d3481b642720a44667ab1fddb7fada23
data/raw/experimental_validation/step05b4/700eafbd7505bb6f535c1ff5ad61ed3be49725d10bb45f405678b2d213528020/a61ffe13eacb87b47845fc525f77fe6357ed22b76ea46a3f8e25195fe5b0eb7e.xml.gz,e9897edc5a2976145bb1af9f1f7283266e8e9d2266f288d55ab71831f87c0c3d
data/raw/experimental_validation/step05b4/700eafbd7505bb6f535c1ff5ad61ed3be49725d10bb45f405678b2d213528020/a61ffe13eacb87b47845fc525f77fe6357ed22b76ea46a3f8e25195fe5b0eb7e.metadata.json,fa2e63c9910abfbe7f255d0b3497ed7079f3edd24398cdef863ca6448bcbef7a
data/raw/experimental_validation/step05b4/700eafbd7505bb6f535c1ff5ad61ed3be49725d10bb45f405678b2d213528020/e0886cc2967659df056f4f356d7f582e915f1e65b27d40eb1af233ca4c3904a2.xml.gz,aae1e38677e113ea6d85b7800442bbb558c9c2830b0710e23400137d8a12280b
data/raw/experimental_validation/step05b4/700eafbd7505bb6f535c1ff5ad61ed3be49725d10bb45f405678b2d213528020/e0886cc2967659df056f4f356d7f582e915f1e65b27d40eb1af233ca4c3904a2.metadata.json,48585b729a3158156a506b000073c67eda5cad1e6dcded712b98a0cc22b75bc8
data/raw/experimental_validation/step05b4/700eafbd7505bb6f535c1ff5ad61ed3be49725d10bb45f405678b2d213528020/c1e67cfbb4dd520f4aad5fe242666e5866775ce626a06033a41b6befe3321345.xml.gz,69fd25f4f94f39afa78abecbfec7603466228fc7ddc87aeeddc52ce65842c9f4
data/raw/experimental_validation/step05b4/700eafbd7505bb6f535c1ff5ad61ed3be49725d10bb45f405678b2d213528020/c1e67cfbb4dd520f4aad5fe242666e5866775ce626a06033a41b6befe3321345.metadata.json,3dba1353a440479bb3ac74959f179eb9f7da5023d7be175cfc4632c06166ed1d
data/raw/experimental_validation/step05b4/700eafbd7505bb6f535c1ff5ad61ed3be49725d10bb45f405678b2d213528020/2f8b8af1dba5bd27a48bf4a69bcd00c4384082a9a1149d498baed1f44411ec6f.xml.gz,7df3e0a272d8819a6fa98f53b1911be0be290260243f30387da59567cdb8bce6
data/raw/experimental_validation/step05b4/700eafbd7505bb6f535c1ff5ad61ed3be49725d10bb45f405678b2d213528020/2f8b8af1dba5bd27a48bf4a69bcd00c4384082a9a1149d498baed1f44411ec6f.metadata.json,e18705ff0449ef830896e461af51ca95f65fb8c1eddb55999bef4a64441831a0
data/raw/experimental_validation/step05b4/700eafbd7505bb6f535c1ff5ad61ed3be49725d10bb45f405678b2d213528020/1f6990ac779e536c268b04db8d4e4ecb324a309e23bfdf5502969892ef960c6e.xml.gz,a7f789a783b751950cef00e3c87b9ca4410c16091848066e148a4a3bbe147924
data/raw/experimental_validation/step05b4/700eafbd7505bb6f535c1ff5ad61ed3be49725d10bb45f405678b2d213528020/1f6990ac779e536c268b04db8d4e4ecb324a309e23bfdf5502969892ef960c6e.metadata.json,9775599998f6361aac241eb3563a783c12cf64d64bf944535b8a011e1e48637b
data/raw/experimental_validation/step05b4/700eafbd7505bb6f535c1ff5ad61ed3be49725d10bb45f405678b2d213528020/af8a8ca87710e3598ef2ea8df520feb23a2e88d1226247cef6963627b31d6a31.xml.gz,d351b1b9c953a615bc808e939d37f6704286a9a942116e419855a5e47a785918
data/raw/experimental_validation/step05b4/700eafbd7505bb6f535c1ff5ad61ed3be49725d10bb45f405678b2d213528020/af8a8ca87710e3598ef2ea8df520feb23a2e88d1226247cef6963627b31d6a31.metadata.json,8efa9c0926c98ac5d3e3c07aff4f7ff7d1577460eb55c8c452251bb8bea84ebe
data/raw/experimental_validation/step05b4/700eafbd7505bb6f535c1ff5ad61ed3be49725d10bb45f405678b2d213528020/8c90f5830d782c98daf04c99fefae10d188e779308bfe9f2f31df660faa5cc3e.xml.gz,3a90f8963afe3ca2245d2d88b69f00ab45ed25cb649a54a4e995b1f00469f7e3
data/raw/experimental_validation/step05b4/700eafbd7505bb6f535c1ff5ad61ed3be49725d10bb45f405678b2d213528020/8c90f5830d782c98daf04c99fefae10d188e779308bfe9f2f31df660faa5cc3e.metadata.json,c343600a1f019d380c5f18aaa5fbad1c05ce9827d32bcee446c22e7242e6b0c3
data/raw/experimental_validation/step05b4/700eafbd7505bb6f535c1ff5ad61ed3be49725d10bb45f405678b2d213528020/28148c094302684c4bca4071ce575309f81639c956b12e53627140416ee7690c.xml.gz,d29e70ef682962f200990833678c1c2c0dc09ffcd2864cdfbfd0ae7a94f9ec43
data/raw/experimental_validation/step05b4/700eafbd7505bb6f535c1ff5ad61ed3be49725d10bb45f405678b2d213528020/28148c094302684c4bca4071ce575309f81639c956b12e53627140416ee7690c.metadata.json,934044bb37de28d420888035292e934bdf069858f19b5fdff3914b0660112994
data/raw/experimental_validation/step05b4/700eafbd7505bb6f535c1ff5ad61ed3be49725d10bb45f405678b2d213528020/21eb7fee94b9361d2444d27b9872813f51d6c2fc02aaf31fa40039ae355535d8.xml.gz,fc7870a0b1ee9c028f947994a6d13be5e6c697193d38845f8d945458ee5b093d
data/raw/experimental_validation/step05b4/700eafbd7505bb6f535c1ff5ad61ed3be49725d10bb45f405678b2d213528020/21eb7fee94b9361d2444d27b9872813f51d6c2fc02aaf31fa40039ae355535d8.metadata.json,89d5a805140d6ee230f031794ea638b4bcec45369c0a452726e1b7e008c62d07
data/raw/experimental_validation/step05b4/700eafbd7505bb6f535c1ff5ad61ed3be49725d10bb45f405678b2d213528020/69fabd79cdd880c110f56e79ae92d1209040473759060530f68e617130ce8d91.xml.gz,4aa3aa0b64a6315f5c2be08211e0ac887e7ec45d388eb7968e25326210a6a99e
data/raw/experimental_validation/step05b4/700eafbd7505bb6f535c1ff5ad61ed3be49725d10bb45f405678b2d213528020/69fabd79cdd880c110f56e79ae92d1209040473759060530f68e617130ce8d91.metadata.json,7f868f0acec2efe12a88b0339b2d66b887bfa1669ed1a60bf704d50f32c0fa48
data/raw/experimental_validation/step05b4/700eafbd7505bb6f535c1ff5ad61ed3be49725d10bb45f405678b2d213528020/e8bc3807b5ee4b1fdab40a4ae0e68f86d70a0e4e4cb4c2c23faea8ea6a8db1f3.xml.gz,d976592d71ec01a8ac3df3037be2277b25321f09348b82f9483c4b1b682e9088
data/raw/experimental_validation/step05b4/700eafbd7505bb6f535c1ff5ad61ed3be49725d10bb45f405678b2d213528020/e8bc3807b5ee4b1fdab40a4ae0e68f86d70a0e4e4cb4c2c23faea8ea6a8db1f3.metadata.json,555c7f871861f9ad05a02cb77768717b853c237f86cfba1759e14d937f12df5b
data/raw/experimental_validation/step05b4/700eafbd7505bb6f535c1ff5ad61ed3be49725d10bb45f405678b2d213528020/57f30b2326aeec333680fa157891ea6c2f692704c2224b4d41360a6bd9192eef.xml.gz,9c0b2adeb2b591bdc9e5f444dbea8d58ee9343352d0f49062a85ac9ef1d98125
data/raw/experimental_validation/step05b4/700eafbd7505bb6f535c1ff5ad61ed3be49725d10bb45f405678b2d213528020/57f30b2326aeec333680fa157891ea6c2f692704c2224b4d41360a6bd9192eef.metadata.json,000c2025ffa08a3eccdf1ba751467ef19d68b773bcac6ab0dbe65b16b34e6eee
data/raw/experimental_validation/step05b4/700eafbd7505bb6f535c1ff5ad61ed3be49725d10bb45f405678b2d213528020/424979c10589f18b5f5a49ad1fb6103174b50bade71945b487b55ba51024a487.xml.gz,36a3f6cb9339fca80c6bde36d3d2dad86379cd37d747ef68d038f03b3d37bfd9
data/raw/experimental_validation/step05b4/700eafbd7505bb6f535c1ff5ad61ed3be49725d10bb45f405678b2d213528020/424979c10589f18b5f5a49ad1fb6103174b50bade71945b487b55ba51024a487.metadata.json,c98fded160db17e6a24e4e1f0e13f015434266d0c16682bb5d4e3945c9ce4ffa
data/raw/experimental_validation/step05b4/700eafbd7505bb6f535c1ff5ad61ed3be49725d10bb45f405678b2d213528020/43e287eeac04727c92b510dff3b81c8efde7da2638c99972c99dabace8c7ff28.xml.gz,a4f2bf3a9f03f8e4482cc072a4f9b2fcc514058e783136a0888460f7b7d33af6
data/raw/experimental_validation/step05b4/700eafbd7505bb6f535c1ff5ad61ed3be49725d10bb45f405678b2d213528020/43e287eeac04727c92b510dff3b81c8efde7da2638c99972c99dabace8c7ff28.metadata.json,f65a94e6f3ec7c2947c9ac993c9cd1840ce64771db4ad808236f03aae6c98b55
data/raw/experimental_validation/step05b4/700eafbd7505bb6f535c1ff5ad61ed3be49725d10bb45f405678b2d213528020/81c6e2ac6b5743dbf299e07f3944ede5b5ae20c69db292bdf9e1ad79e71a6452.xml.gz,1bb3edb26ed992f720c4dbeeab06cd4a90fd1659e45e41fc956684f9ebc5c352
data/raw/experimental_validation/step05b4/700eafbd7505bb6f535c1ff5ad61ed3be49725d10bb45f405678b2d213528020/81c6e2ac6b5743dbf299e07f3944ede5b5ae20c69db292bdf9e1ad79e71a6452.metadata.json,ee4ca475543163d9abf5f39abff8cb90a09a4a1fe56e17f22c4fe9110a1d36c2
data/raw/experimental_validation/step05b4/700eafbd7505bb6f535c1ff5ad61ed3be49725d10bb45f405678b2d213528020/aec1f8894b78b6f8140dc0e8e9544a114370a0cee2a793094b2f697f6f8700bb.xml.gz,c4e1146eb09de909115f2258cfaeb227dad4393a4cb4982662dba52fcbe7d413
data/raw/experimental_validation/step05b4/700eafbd7505bb6f535c1ff5ad61ed3be49725d10bb45f405678b2d213528020/aec1f8894b78b6f8140dc0e8e9544a114370a0cee2a793094b2f697f6f8700bb.metadata.json,90c7e0c156b5c7aeaf8102f0b3ad65472510b92c83ef4897b35122cc5da2884f
data/raw/experimental_validation/step05b4/700eafbd7505bb6f535c1ff5ad61ed3be49725d10bb45f405678b2d213528020/c1933f9713fd5cec8666a5bb4edd151c61273282be2ff2a161f7ea81c53e793e.xml.gz,de34bf1e47c8b4c66686897280f8ccf86eceffb16d36211c583dfe6c6fd6829a
data/raw/experimental_validation/step05b4/700eafbd7505bb6f535c1ff5ad61ed3be49725d10bb45f405678b2d213528020/c1933f9713fd5cec8666a5bb4edd151c61273282be2ff2a161f7ea81c53e793e.metadata.json,41422ae2de69aa48b1d04888fb679f938dcb90c18ffbd6f4f18f985d418bead3
data/raw/experimental_validation/step05b4/700eafbd7505bb6f535c1ff5ad61ed3be49725d10bb45f405678b2d213528020/b473b41c31ac3671ca88dd213f70170ca330d208f1125e550626a4051747a79c.xml.gz,55c5f52f90e4b20dc79d0b12ec18b72ca5d022f2724a846b4dbc989e1421fdac
data/raw/experimental_validation/step05b4/700eafbd7505bb6f535c1ff5ad61ed3be49725d10bb45f405678b2d213528020/b473b41c31ac3671ca88dd213f70170ca330d208f1125e550626a4051747a79c.metadata.json,419e88d11559a251fa616d40821a880c5f3184914313fabb0dc555ebb662baa1
data/raw/experimental_validation/step05b4/700eafbd7505bb6f535c1ff5ad61ed3be49725d10bb45f405678b2d213528020/9e86de704aebe7b4d488509cb6ddc26190e8ceb1357f006f8bd05172353b3b98.xml.gz,96ae5408cef8a94e319147b5c85f52b3999a9705f794c5d1f30f311d4d9f66ce
data/raw/experimental_validation/step05b4/700eafbd7505bb6f535c1ff5ad61ed3be49725d10bb45f405678b2d213528020/9e86de704aebe7b4d488509cb6ddc26190e8ceb1357f006f8bd05172353b3b98.metadata.json,ec992af1e6cc3bf4af2a63bfe7a43667e7e97f2e14cd2b513bd7aa85f3b572db
data/raw/experimental_validation/step05b4/700eafbd7505bb6f535c1ff5ad61ed3be49725d10bb45f405678b2d213528020/9bb161c67edf9ff7315f352b8d94b25588e691cdd77a1f9883204f8d0490e3f1.xml.gz,a3555fde6f4ec8f17b4634cd9001dea829c104e2b14ad4cf1f151c1b3e4c51e9
data/raw/experimental_validation/step05b4/700eafbd7505bb6f535c1ff5ad61ed3be49725d10bb45f405678b2d213528020/9bb161c67edf9ff7315f352b8d94b25588e691cdd77a1f9883204f8d0490e3f1.metadata.json,e993213243c6d94882cf9e66cdf063550d6c756f2cc7fdd7a319f9ddb32c91e3
data/raw/experimental_validation/step05b4/700eafbd7505bb6f535c1ff5ad61ed3be49725d10bb45f405678b2d213528020/71f2b6d3161afc8b65bebbff9f85a604ca09ed45593e27fd283d987cc86dd548.xml.gz,cb9e1e6b4cb63b3c341ae244f2a4ec0f79263248661ad48c56b372d21a161be3
data/raw/experimental_validation/step05b4/700eafbd7505bb6f535c1ff5ad61ed3be49725d10bb45f405678b2d213528020/71f2b6d3161afc8b65bebbff9f85a604ca09ed45593e27fd283d987cc86dd548.metadata.json,f601410857b8ef45d07387984453d053da2bb72de66c10918b4316975b776f14
data/raw/experimental_validation/step05b4/700eafbd7505bb6f535c1ff5ad61ed3be49725d10bb45f405678b2d213528020/ede2ab51e83cacc49e8580926d2d47fc7908341dd99f19638feef992903f868f.xml.gz,c37c07175677570b13e418f7ab2072848cbdc41bd3dd1f7428537773a3e8e9b7
data/raw/experimental_validation/step05b4/700eafbd7505bb6f535c1ff5ad61ed3be49725d10bb45f405678b2d213528020/ede2ab51e83cacc49e8580926d2d47fc7908341dd99f19638feef992903f868f.metadata.json,4d9ffaf9b006c681d7cd6db8156d5353e2627be6fac1b18e7d1ba212a8cd6fb4
data/raw/experimental_validation/step05b4/700eafbd7505bb6f535c1ff5ad61ed3be49725d10bb45f405678b2d213528020/81cce1e5c81f16eb4a52ea8117d0938a1d486c03a186f99be48780ea292132c6.xml.gz,2f61abedbfa3be41de116956ec49ff77a56bc989b55601e284da62e9ea4ab992
data/raw/experimental_validation/step05b4/700eafbd7505bb6f535c1ff5ad61ed3be49725d10bb45f405678b2d213528020/81cce1e5c81f16eb4a52ea8117d0938a1d486c03a186f99be48780ea292132c6.metadata.json,9c29bfc329629c95952f7692527f9f1cf4f5c45158dad9fded318dc121b12541
data/raw/experimental_validation/step05b4/700eafbd7505bb6f535c1ff5ad61ed3be49725d10bb45f405678b2d213528020/91fba5d6b21a84dfbf35a4aed06b0bdca1cf654d40634162ff6942f3ce58d54b.xml.gz,d218c3a39361f52588fe519072a3522facb6eec1aded389c68dc01a115b50df4
data/raw/experimental_validation/step05b4/700eafbd7505bb6f535c1ff5ad61ed3be49725d10bb45f405678b2d213528020/91fba5d6b21a84dfbf35a4aed06b0bdca1cf654d40634162ff6942f3ce58d54b.metadata.json,91d607d9918af2a6ab2807d410680f7509920e69fa6afb5eed759c627e0a9421
data/raw/experimental_validation/step05b4/700eafbd7505bb6f535c1ff5ad61ed3be49725d10bb45f405678b2d213528020/ad1cae899362a8e66dd476e692f453f240653960a308a47faff7d7cb59196254.xml.gz,b9eaa9a58f35c94d4304341c704d70ea6b1c6383ac4230a501d0aafa6ca2274b
data/raw/experimental_validation/step05b4/700eafbd7505bb6f535c1ff5ad61ed3be49725d10bb45f405678b2d213528020/ad1cae899362a8e66dd476e692f453f240653960a308a47faff7d7cb59196254.metadata.json,d0e5ea21281d1a3f9a44bc6010ed7f653a7863003dd8cfc660b1ed7c79fd98d6
data/raw/experimental_validation/step05b4/700eafbd7505bb6f535c1ff5ad61ed3be49725d10bb45f405678b2d213528020/520deeda4357f3595e226f4196460cefd095f0fcb7f1a5bfe67f790259109975.xml.gz,c340fc7bc98af52f3c782ed54447b5eeb31e7a0e54ed4c4b563ec45513917fa3
data/raw/experimental_validation/step05b4/700eafbd7505bb6f535c1ff5ad61ed3be49725d10bb45f405678b2d213528020/520deeda4357f3595e226f4196460cefd095f0fcb7f1a5bfe67f790259109975.metadata.json,c0534181b3dc373a1b2ce617121116edff01d32f07a3e99a596bba8f8615cae8
data/raw/experimental_validation/step05b4/700eafbd7505bb6f535c1ff5ad61ed3be49725d10bb45f405678b2d213528020/949a9ed219d825f230b83cd7294ec5f78e4ef54572b1f1733e0b2976be4765a3.xml.gz,bc5f4a249a2db1062c86d2cd8326735c8c8ad3277193244c531a196dda407deb
data/raw/experimental_validation/step05b4/700eafbd7505bb6f535c1ff5ad61ed3be49725d10bb45f405678b2d213528020/949a9ed219d825f230b83cd7294ec5f78e4ef54572b1f1733e0b2976be4765a3.metadata.json,34a0ef25b6f68a62626ac57275ee9861939ce72ac9fd7824ca79af661464c12c
data/raw/experimental_validation/step05b4/700eafbd7505bb6f535c1ff5ad61ed3be49725d10bb45f405678b2d213528020/9ebf8ffe159c431d393cfbd34d54622ea055214b8978d4ce05d3a490eb084068.xml.gz,d61c57e4e8d582e971b685485f731eb3995d689a3d908adf26b6ed4834177b8c
data/raw/experimental_validation/step05b4/700eafbd7505bb6f535c1ff5ad61ed3be49725d10bb45f405678b2d213528020/9ebf8ffe159c431d393cfbd34d54622ea055214b8978d4ce05d3a490eb084068.metadata.json,a29d5e052b9eba25e07fb4355dd771e732755c8cd6b997b66f724946578abdab
data/raw/experimental_validation/step05b4/700eafbd7505bb6f535c1ff5ad61ed3be49725d10bb45f405678b2d213528020/e1a72757ac38cbd7f538fb1cf2094ebd31c0f018846bb0aadf892d7835665d72.xml.gz,270914b4ea19273e54d78d09ae865ca6f2da0123d9bea59e43a33d548f061831
data/raw/experimental_validation/step05b4/700eafbd7505bb6f535c1ff5ad61ed3be49725d10bb45f405678b2d213528020/e1a72757ac38cbd7f538fb1cf2094ebd31c0f018846bb0aadf892d7835665d72.metadata.json,197a235fd988b95c1d1b9b13390ac2dc27022088b9441251793966cc98e6e4a2
data/raw/experimental_validation/step05b4/700eafbd7505bb6f535c1ff5ad61ed3be49725d10bb45f405678b2d213528020/68c519d36173577db0d219eabe1d27c22e680e7b65afe0a03d4aa9910fc9de44.xml.gz,5e4411d179fc54285961b67ca07f8a83d3025e49c317a0a0ebcd649ebadee5cd
data/raw/experimental_validation/step05b4/700eafbd7505bb6f535c1ff5ad61ed3be49725d10bb45f405678b2d213528020/68c519d36173577db0d219eabe1d27c22e680e7b65afe0a03d4aa9910fc9de44.metadata.json,714937afbecf8a5468e34018b1f9bef6ec45f954dd1c8f3127962166f157a516
data/raw/experimental_validation/step05b4/700eafbd7505bb6f535c1ff5ad61ed3be49725d10bb45f405678b2d213528020/2ba16bd325e0ad28330aaee18c0a2eb08b0bef67a22b357427795846385fac9c.xml.gz,bf4fa6c664a50d194b81c4f469395d44893e5428dcf23e46d1621f8b05b5b3bd
data/raw/experimental_validation/step05b4/700eafbd7505bb6f535c1ff5ad61ed3be49725d10bb45f405678b2d213528020/2ba16bd325e0ad28330aaee18c0a2eb08b0bef67a22b357427795846385fac9c.metadata.json,94c42f19ed4edee8a4515bf11e2d60d5c8cac6d746b0da8078df07f5d3ec45bf
data/raw/experimental_validation/step05b4/700eafbd7505bb6f535c1ff5ad61ed3be49725d10bb45f405678b2d213528020/0d8e1cd67857f8c29b771f96a5967f441405d3e7e339631d2ce2ba2ed6fd83a2.xml.gz,672f559d80d22b9bdbeda1c789bc57ddb7712bbcb3be11c2e86e954d438c951d
data/raw/experimental_validation/step05b4/700eafbd7505bb6f535c1ff5ad61ed3be49725d10bb45f405678b2d213528020/0d8e1cd67857f8c29b771f96a5967f441405d3e7e339631d2ce2ba2ed6fd83a2.metadata.json,9804b315b3534f9efe0eb573e7ecd232f3debfc0a877bdbb0894339e722312f6
data/raw/experimental_validation/step05b4/700eafbd7505bb6f535c1ff5ad61ed3be49725d10bb45f405678b2d213528020/cc9a6beefea5df44ec3407294f04465de3a879e72186d7d68abd31f70189562f.xml.gz,77cd37bc5c1e50c93f2d9763129d24cd7dec940ab62865b97f224c5804af8751
data/raw/experimental_validation/step05b4/700eafbd7505bb6f535c1ff5ad61ed3be49725d10bb45f405678b2d213528020/cc9a6beefea5df44ec3407294f04465de3a879e72186d7d68abd31f70189562f.metadata.json,7adcbe41fa24406394726b11d6508bcb3a4a9ac22d55bf2150bbe14495bde255
data/raw/experimental_validation/step05b4/700eafbd7505bb6f535c1ff5ad61ed3be49725d10bb45f405678b2d213528020/813e2671e2c14e5105d83ccd048a9dd8a4fb144ae2e1329bc6f47e877bd49f61.xml.gz,268b6560f2f34334373105c71b8703d04779d4d28d699c015bccf254df8a5f6d
data/raw/experimental_validation/step05b4/700eafbd7505bb6f535c1ff5ad61ed3be49725d10bb45f405678b2d213528020/813e2671e2c14e5105d83ccd048a9dd8a4fb144ae2e1329bc6f47e877bd49f61.metadata.json,ec5c1af5df37e933f2d64c5dfa9d35e9daceae4696f224f44c7c217791df605a
data/raw/experimental_validation/step05b4/700eafbd7505bb6f535c1ff5ad61ed3be49725d10bb45f405678b2d213528020/ee49390b9e6356984bb07de8c0efca3b571eb1ca2522de3ef26aaaa04465a0b3.xml.gz,6c32bb58da02394ddbd8b2a435443a1136d3ed83b5cf86d896108f2b9c81fbc4
data/raw/experimental_validation/step05b4/700eafbd7505bb6f535c1ff5ad61ed3be49725d10bb45f405678b2d213528020/ee49390b9e6356984bb07de8c0efca3b571eb1ca2522de3ef26aaaa04465a0b3.metadata.json,a0c44f13a73dbac212d1d61fcb49205836657d740f35e53aaa9dad238d02d4e4
data/raw/experimental_validation/step05b4/700eafbd7505bb6f535c1ff5ad61ed3be49725d10bb45f405678b2d213528020/8cd9e8d6feb6a0652ed54741391204c257232e25a770bac71ae0b8f010c150f2.xml.gz,a16d6f95b04770b80db3be4df53dfec485e06bb0f9a772f2a9c59d087baae36c
data/raw/experimental_validation/step05b4/700eafbd7505bb6f535c1ff5ad61ed3be49725d10bb45f405678b2d213528020/8cd9e8d6feb6a0652ed54741391204c257232e25a770bac71ae0b8f010c150f2.metadata.json,c32855fcd06648ca551ec2fde7d1f731d387136c07a0f4cac5d2515444b4d2fc
data/raw/experimental_validation/step05b4/700eafbd7505bb6f535c1ff5ad61ed3be49725d10bb45f405678b2d213528020/172f65675aec55cd5fad75fdd75e8816827de978f3a0a7839812fb21c5db5d0b.xml.gz,9da4ba6d021bce692a3ddb34398f145f78bb7089f0909c7afdd9ec473eec796d
data/raw/experimental_validation/step05b4/700eafbd7505bb6f535c1ff5ad61ed3be49725d10bb45f405678b2d213528020/172f65675aec55cd5fad75fdd75e8816827de978f3a0a7839812fb21c5db5d0b.metadata.json,a6d958c7d9eb31a2033c0569c50d4fa881c6dbaf93b57049e7aa0b88f4256650
data/raw/experimental_validation/step05b4/700eafbd7505bb6f535c1ff5ad61ed3be49725d10bb45f405678b2d213528020/2df9898ce6714b42b3b4d939b804f8256328dccfebd5ff21cd775d83ba50935d.xml.gz,4dc46a8575950137d4530d34f178e6c0067f5cd6f30c1a8b42cf9d7687b87b84
data/raw/experimental_validation/step05b4/700eafbd7505bb6f535c1ff5ad61ed3be49725d10bb45f405678b2d213528020/2df9898ce6714b42b3b4d939b804f8256328dccfebd5ff21cd775d83ba50935d.metadata.json,8dca1c1c019f0922a2f0d1b399dc698f32f7b909a6450f921a83fb7f0b0af996
data/raw/experimental_validation/step05b4/700eafbd7505bb6f535c1ff5ad61ed3be49725d10bb45f405678b2d213528020/5fc2455e9761cbde0e97b978cae7512e0027ebd62ded13975575e53043452cbc.xml.gz,958edc5646b39109f0949919bd4a898b1104e95fa40d608aa70c114efc24d8d1
data/raw/experimental_validation/step05b4/700eafbd7505bb6f535c1ff5ad61ed3be49725d10bb45f405678b2d213528020/5fc2455e9761cbde0e97b978cae7512e0027ebd62ded13975575e53043452cbc.metadata.json,bbbbb6697a28e4904dff2e6cfe034508708c3e3c3e83595af7b58c74c2686cf9
data/raw/experimental_validation/step05b4/700eafbd7505bb6f535c1ff5ad61ed3be49725d10bb45f405678b2d213528020/d1d558057c4c6777a37a5ca2234e5ffc35434e517065cb37af206406da571a02.xml.gz,875ca414e03720094d7aeed97a1a7b17e6daf3968cbb1744ffb698a70b6b55ad
data/raw/experimental_validation/step05b4/700eafbd7505bb6f535c1ff5ad61ed3be49725d10bb45f405678b2d213528020/d1d558057c4c6777a37a5ca2234e5ffc35434e517065cb37af206406da571a02.metadata.json,125fa7666aaaee3044b48a6c6826063b06cb1db183322aecf3939065c2fe5e85
data/raw/experimental_validation/step05b4/700eafbd7505bb6f535c1ff5ad61ed3be49725d10bb45f405678b2d213528020/9f6bf68fcdeab46da00af5ce6f8abf81d2f650c75715746de5a322f097c9420d.xml.gz,35628ec2bff849982dd9b797953ca2e9b5526ed2f93876d5cb8ae12d713cffa1
data/raw/experimental_validation/step05b4/700eafbd7505bb6f535c1ff5ad61ed3be49725d10bb45f405678b2d213528020/9f6bf68fcdeab46da00af5ce6f8abf81d2f650c75715746de5a322f097c9420d.metadata.json,48b4e3858134068668d93c3c8b2abd359402fecbf6a45baa937df4f70b264a05
data/raw/experimental_validation/step05b4/700eafbd7505bb6f535c1ff5ad61ed3be49725d10bb45f405678b2d213528020/b2b0cd9e177beebde35af691869d456f8610caca791b0473f6aeaab52d83ecc4.xml.gz,3a58fce62f285f67ff96219cd76900017c0f98285fec8898eaa6bdefe89d3eea
data/raw/experimental_validation/step05b4/700eafbd7505bb6f535c1ff5ad61ed3be49725d10bb45f405678b2d213528020/b2b0cd9e177beebde35af691869d456f8610caca791b0473f6aeaab52d83ecc4.metadata.json,0a523a4dfa26323b877fd04f52003523261c1789d5d3ca8bca8f0fc0acd0b526
data/raw/experimental_validation/step05b4/700eafbd7505bb6f535c1ff5ad61ed3be49725d10bb45f405678b2d213528020/ce23bafc8506262ab29654cb2145d2605510a00ad5ecc9a46cf17634fc512e29.xml.gz,897a094db44a7beaba2ac10e43da26421cff2f5d5998764b4134d87d8901bc0e
data/raw/experimental_validation/step05b4/700eafbd7505bb6f535c1ff5ad61ed3be49725d10bb45f405678b2d213528020/ce23bafc8506262ab29654cb2145d2605510a00ad5ecc9a46cf17634fc512e29.metadata.json,9f483cbf52efd8149a4ef3c8205b762e669f55c2ce612f66d5e1d571d71c2baa
data/raw/experimental_validation/step05b4/700eafbd7505bb6f535c1ff5ad61ed3be49725d10bb45f405678b2d213528020/445ad57df20f570c6fcb4cf5b653b1657f58ddf93f0e7d41a204e606887c7f07.xml.gz,f340fdd03134bf67c432bb49c4e84b36d7fd7cb45089827df30603d92026c461
data/raw/experimental_validation/step05b4/700eafbd7505bb6f535c1ff5ad61ed3be49725d10bb45f405678b2d213528020/445ad57df20f570c6fcb4cf5b653b1657f58ddf93f0e7d41a204e606887c7f07.metadata.json,5c47d5ffa18f40f9ffa86f666dd8b12a0a09bb950227a73626bd2e987723aa09
data/raw/experimental_validation/step05b4/700eafbd7505bb6f535c1ff5ad61ed3be49725d10bb45f405678b2d213528020/a093f49dddd9af23390922134e3ecd565db40cb61ad752319da54d27ca7b809f.xml.gz,8fd597b4e4d657f8c0acfe2aa4ddcfb2cfe7a6ca8eaa87e529e983f9a1cbd7b2
data/raw/experimental_validation/step05b4/700eafbd7505bb6f535c1ff5ad61ed3be49725d10bb45f405678b2d213528020/a093f49dddd9af23390922134e3ecd565db40cb61ad752319da54d27ca7b809f.metadata.json,136687cd5b26e51b8867b6a073944e9239741586158b498bec61200199cf2715
data/raw/experimental_validation/step05b4/700eafbd7505bb6f535c1ff5ad61ed3be49725d10bb45f405678b2d213528020/ba460b82af3043ce8d6e6f5f831463af7a7907a0569e0337c3d43a2f911ec9d9.xml.gz,9ed1caf93d699149bbf05c1b2b6aef0d5847b288e3e6271c2fbc100f31ad5b5a
data/raw/experimental_validation/step05b4/700eafbd7505bb6f535c1ff5ad61ed3be49725d10bb45f405678b2d213528020/ba460b82af3043ce8d6e6f5f831463af7a7907a0569e0337c3d43a2f911ec9d9.metadata.json,1aab181ff0f5c23e95af2891843b508552b0e2d0a0aaa2cdc77325490d8edb22
data/raw/experimental_validation/step05b4/700eafbd7505bb6f535c1ff5ad61ed3be49725d10bb45f405678b2d213528020/f18979dd780a01f20b2c31a49dda20efb2301ddd1ea158e74f0a34b9773fd80f.xml.gz,5ac65ab2191a8e86439094f2291ddbd425721c6a882adb3e9c34cf7486ec6695
data/raw/experimental_validation/step05b4/700eafbd7505bb6f535c1ff5ad61ed3be49725d10bb45f405678b2d213528020/f18979dd780a01f20b2c31a49dda20efb2301ddd1ea158e74f0a34b9773fd80f.metadata.json,4b59f71e67fbeb87f740380d4ef4e530d9a4560367493022c3aa4efd7b4d0279
data/raw/experimental_validation/step05b4/700eafbd7505bb6f535c1ff5ad61ed3be49725d10bb45f405678b2d213528020/c70f64050dd2f04e897387a7c2dd9fa806b11ac85816febdc4e089aef5657469.xml.gz,746d0a42dd13377e39bd65c5b2ce1cd172c0278952543732e5ecc768b4a394cc
data/raw/experimental_validation/step05b4/700eafbd7505bb6f535c1ff5ad61ed3be49725d10bb45f405678b2d213528020/c70f64050dd2f04e897387a7c2dd9fa806b11ac85816febdc4e089aef5657469.metadata.json,f8b931bead21ecb4ac4e9dc310293bd1863de1abf0445138feb5f3363f8e46b3
data/raw/experimental_validation/step05b4/700eafbd7505bb6f535c1ff5ad61ed3be49725d10bb45f405678b2d213528020/7fa9d5f8e55a6c1f2a7a8db9ebfded7d9751f9438c67cecefecd1d7072fac837.xml.gz,cbdcd877f06bb45fab80fd8d597cca8da3feb01386097c1780726ae689fbcc45
data/raw/experimental_validation/step05b4/700eafbd7505bb6f535c1ff5ad61ed3be49725d10bb45f405678b2d213528020/7fa9d5f8e55a6c1f2a7a8db9ebfded7d9751f9438c67cecefecd1d7072fac837.metadata.json,95e0dea5fe3d12eada0b2c55817f5043e2fb91079924795fe288acee669095f5
data/raw/experimental_validation/step05b4/700eafbd7505bb6f535c1ff5ad61ed3be49725d10bb45f405678b2d213528020/cad8be672595c4c10ef13871c27a4cc19fd4dc85a00da76db980750b20c691a7.xml.gz,aaeaadf9fb73e65e48ca8db1c8aa2cbab378452c1ca9769e61cce07da2af715d
data/raw/experimental_validation/step05b4/700eafbd7505bb6f535c1ff5ad61ed3be49725d10bb45f405678b2d213528020/cad8be672595c4c10ef13871c27a4cc19fd4dc85a00da76db980750b20c691a7.metadata.json,7911c2cbcf2d881b6b411de47e1c45b5538bf17e3eba503f7c551365b965f901
data/raw/experimental_validation/step05b4/700eafbd7505bb6f535c1ff5ad61ed3be49725d10bb45f405678b2d213528020/8809df99ebc241da850bbbfcc2eb8a582decf6710f83b5cb5f1af5e18348bccb.xml.gz,fc619eb581353ccfd950e2998b920211680bf494be17daee162a20372ce5625a
data/raw/experimental_validation/step05b4/700eafbd7505bb6f535c1ff5ad61ed3be49725d10bb45f405678b2d213528020/8809df99ebc241da850bbbfcc2eb8a582decf6710f83b5cb5f1af5e18348bccb.metadata.json,c7d65a5ac62f9234967c5e87757c2d02652fa84f26ab20e1f15aa322efe828da
data/raw/experimental_validation/step05b4/700eafbd7505bb6f535c1ff5ad61ed3be49725d10bb45f405678b2d213528020/2b5b7904f823007aa401bfe8948ee7ff09ff724da89f869b5fef4c7b10291e7b.xml.gz,34d3bad8c8183fdd1c72b71f200590dac3a81fa1c98cc02c8d893328e4b577c7
data/raw/experimental_validation/step05b4/700eafbd7505bb6f535c1ff5ad61ed3be49725d10bb45f405678b2d213528020/2b5b7904f823007aa401bfe8948ee7ff09ff724da89f869b5fef4c7b10291e7b.metadata.json,92c22db5f4af31d43300bc57602672ca576f4e8eee6ce68ee6e7350d39588e4a
data/raw/experimental_validation/step05b4/700eafbd7505bb6f535c1ff5ad61ed3be49725d10bb45f405678b2d213528020/f24d01c9dd155f416d34414fd4f03c195c9fefb4b87aac9dc54dc003c8af35fc.xml.gz,0e6fa6d0743eb37a3a7e5175e183908ed4fdebd9f42095bdacf62954c6effd51
data/raw/experimental_validation/step05b4/700eafbd7505bb6f535c1ff5ad61ed3be49725d10bb45f405678b2d213528020/f24d01c9dd155f416d34414fd4f03c195c9fefb4b87aac9dc54dc003c8af35fc.metadata.json,c729251168491fddf8c36ddea895ef08b5ecfbc6c2008b990cb86eea02cabc88
data/raw/experimental_validation/step05b4/700eafbd7505bb6f535c1ff5ad61ed3be49725d10bb45f405678b2d213528020/c4c7409adbfe1433da87b78a6389aebd67b0de82671e9e123c20967f1ca0259b.xml.gz,96dbeae87924a31ee6f18a56286d541b43be48731f7891a280efd68793d6878c
data/raw/experimental_validation/step05b4/700eafbd7505bb6f535c1ff5ad61ed3be49725d10bb45f405678b2d213528020/c4c7409adbfe1433da87b78a6389aebd67b0de82671e9e123c20967f1ca0259b.metadata.json,81f5567aeb6675911e0818bad78ec56e94b85e78c597b6a9d1d41d49934aeb88
data/raw/experimental_validation/step05b4/700eafbd7505bb6f535c1ff5ad61ed3be49725d10bb45f405678b2d213528020/0484f739510b14cef1a76b1b367eb3ae2fac18d5f3e8b3e11b756b37b81db03d.xml.gz,e8a7d99c120d3dda32cd852d19cca1ac1ad5f72e0fc1e1b1ae806446bc19c3c4
data/raw/experimental_validation/step05b4/700eafbd7505bb6f535c1ff5ad61ed3be49725d10bb45f405678b2d213528020/0484f739510b14cef1a76b1b367eb3ae2fac18d5f3e8b3e11b756b37b81db03d.metadata.json,f8ffa23675c8cd5c14993af0f18b59afa6c3f1b82aecc1a5b56262d51bfa016a
data/raw/experimental_validation/step05b4/700eafbd7505bb6f535c1ff5ad61ed3be49725d10bb45f405678b2d213528020/765f2fac44e7b15ec7ee36bd941e6caa8020186ca3cc02e4a085a9f9e77fff46.xml.gz,6ef1965db905263862b4ce94fcac9e96762620acaa9d9e4d22f5fd7ec154a9b1
data/raw/experimental_validation/step05b4/700eafbd7505bb6f535c1ff5ad61ed3be49725d10bb45f405678b2d213528020/765f2fac44e7b15ec7ee36bd941e6caa8020186ca3cc02e4a085a9f9e77fff46.metadata.json,01df34a092b94eb38d64d31942c4c955eaa2646fd5d781bf538dfce2a65b21ac
data/raw/experimental_validation/step05b4/700eafbd7505bb6f535c1ff5ad61ed3be49725d10bb45f405678b2d213528020/b4839f8729172749cbc1eede7b7ec762e2f7aef0b0dbc4bbce73b87c4912fe1c.xml.gz,ddc5075050708bf141e3f617ab5fdf8b0f9cf369c2e25f7c080664731e8795e4
data/raw/experimental_validation/step05b4/700eafbd7505bb6f535c1ff5ad61ed3be49725d10bb45f405678b2d213528020/b4839f8729172749cbc1eede7b7ec762e2f7aef0b0dbc4bbce73b87c4912fe1c.metadata.json,89727a3a34534105cbf78671f27c48418c7c74329198574d0eabb15624635bd5
data/raw/experimental_validation/step05b4/700eafbd7505bb6f535c1ff5ad61ed3be49725d10bb45f405678b2d213528020/596c6882fa36b7236481963de858aac58069189efd38b9959af0f22695debb3c.xml.gz,60b777d4e0d079a5c5620745e06896c96d80f216f10d9227a8990f72a00b9ac4
data/raw/experimental_validation/step05b4/700eafbd7505bb6f535c1ff5ad61ed3be49725d10bb45f405678b2d213528020/596c6882fa36b7236481963de858aac58069189efd38b9959af0f22695debb3c.metadata.json,76d700093ce162ab341561c2fcfe66bdf4840f82fada2c896b78c6408d355fd1
data/raw/experimental_validation/step05b4/700eafbd7505bb6f535c1ff5ad61ed3be49725d10bb45f405678b2d213528020/51ed371adf50b05567a700bd617be4cfe9312b551b1077e904b6a81ae286d32a.xml.gz,47e20d9c57bea27366c49a4f5dabf86f97858c054e43ed2c26dbde83d215f2b0
data/raw/experimental_validation/step05b4/700eafbd7505bb6f535c1ff5ad61ed3be49725d10bb45f405678b2d213528020/51ed371adf50b05567a700bd617be4cfe9312b551b1077e904b6a81ae286d32a.metadata.json,6c332241cbc041beca55687b5ddf1cdffea1cc68ebe728011cd8545c7c776dd6
data/raw/experimental_validation/step05b4/700eafbd7505bb6f535c1ff5ad61ed3be49725d10bb45f405678b2d213528020/ebe2bb0cc985f26ab228bc507b43e8bb779f5d76bd252200de9f4eb3bbc6d949.xml.gz,ba8358a5f4aff27ec842fefac93cbce42252a88f26edc7d06920cccb559dc9d5
data/raw/experimental_validation/step05b4/700eafbd7505bb6f535c1ff5ad61ed3be49725d10bb45f405678b2d213528020/ebe2bb0cc985f26ab228bc507b43e8bb779f5d76bd252200de9f4eb3bbc6d949.metadata.json,97540bd53917f96bf2153a57c6a9c07b084e7dd739344b95de881ed9d6504dd4
data/raw/experimental_validation/step05b4/700eafbd7505bb6f535c1ff5ad61ed3be49725d10bb45f405678b2d213528020/e21e30e1b45dd765c831e984e240b172d57ec18577318e2c26b091c97c503819.xml.gz,9456a71713031ad214ac7826b0eec866c3ac51d0fcd29c2c00ff701f57a13311
data/raw/experimental_validation/step05b4/700eafbd7505bb6f535c1ff5ad61ed3be49725d10bb45f405678b2d213528020/e21e30e1b45dd765c831e984e240b172d57ec18577318e2c26b091c97c503819.metadata.json,8dd8656cf8a637b6fdaf494e6497974790cda62cc04804887144d0f0c832ec42
data/raw/experimental_validation/step05b4/700eafbd7505bb6f535c1ff5ad61ed3be49725d10bb45f405678b2d213528020/e2b5e918ece8cbaba907fc3e22d578e52056ea319a984bf1d542bc7c305a7e93.xml.gz,af5a929ef0f5fac8bba45492d0cf27c7cef4fdcf93b7432beb39049caf0b44c3
data/raw/experimental_validation/step05b4/700eafbd7505bb6f535c1ff5ad61ed3be49725d10bb45f405678b2d213528020/e2b5e918ece8cbaba907fc3e22d578e52056ea319a984bf1d542bc7c305a7e93.metadata.json,4e9576e9f8c38ca3da01ad2a2a3a6294f2e254407666f5e41e0898d5169eef2c
data/raw/experimental_validation/step05b4/700eafbd7505bb6f535c1ff5ad61ed3be49725d10bb45f405678b2d213528020/99fc5fbeda744a34a19833e370ae0bbdc0ed7bcf095ea1b6e7b7d24675cc29af.xml.gz,9f77fc8a5b7153c14377e3286b6fadbc2223ffa638cb232098919aef8ad08ac7
data/raw/experimental_validation/step05b4/700eafbd7505bb6f535c1ff5ad61ed3be49725d10bb45f405678b2d213528020/99fc5fbeda744a34a19833e370ae0bbdc0ed7bcf095ea1b6e7b7d24675cc29af.metadata.json,bd1381d7b429dbcfc6353a001f1a5e57b964aa0e129e338d9b9adda162ac9bf8
data/raw/experimental_validation/step05b4/700eafbd7505bb6f535c1ff5ad61ed3be49725d10bb45f405678b2d213528020/996d5550e1be52ccbb70e3f1214fb95cbce11536cfed3e495700e83de4cac13a.xml.gz,4895c07370f56f34d207b3ebc39a078413087def8a1bf6a471b3340a2f490a80
data/raw/experimental_validation/step05b4/700eafbd7505bb6f535c1ff5ad61ed3be49725d10bb45f405678b2d213528020/996d5550e1be52ccbb70e3f1214fb95cbce11536cfed3e495700e83de4cac13a.metadata.json,798c3508c35e7551a78629c1e42f93728c1c6c680ff1bb7f920f666fb4c7c350
data/raw/experimental_validation/step05b4/700eafbd7505bb6f535c1ff5ad61ed3be49725d10bb45f405678b2d213528020/d8a04997dee8879a76cfebc08a2d6340f46b873db290d3151a0cf29f0ebb0cea.xml.gz,f3dc1ab127994db35b6a560754bd5276d2c43dc7324b35b7d63c5b89cc7930b2
data/raw/experimental_validation/step05b4/700eafbd7505bb6f535c1ff5ad61ed3be49725d10bb45f405678b2d213528020/d8a04997dee8879a76cfebc08a2d6340f46b873db290d3151a0cf29f0ebb0cea.metadata.json,684ba136ad24eb479ee292dc2c88647e383c34ff5f48e652dcb18c5d8bc25645
data/raw/experimental_validation/step05b4/700eafbd7505bb6f535c1ff5ad61ed3be49725d10bb45f405678b2d213528020/2fed47ca59f123180aa0d73f8c6419cb947b225afb6b537ffa251e162bbb4e04.xml.gz,b59ef0960839c132eee3628ae213ed0099b2648d812f6799e7dfb60794b3057e
data/raw/experimental_validation/step05b4/700eafbd7505bb6f535c1ff5ad61ed3be49725d10bb45f405678b2d213528020/2fed47ca59f123180aa0d73f8c6419cb947b225afb6b537ffa251e162bbb4e04.metadata.json,a1425168874410c77e5c69cc97d7725bd19af7a5f38cae14047b6cb5862fa010
data/raw/experimental_validation/step05b4/700eafbd7505bb6f535c1ff5ad61ed3be49725d10bb45f405678b2d213528020/93d2dd912d68207016c67d564419335c62abc18eaab9db6cb2ebd88c5ff2e784.xml.gz,639dc35834e2d801709f240161151c650d3ab43e63605374f85cb7f60d74a91e
data/raw/experimental_validation/step05b4/700eafbd7505bb6f535c1ff5ad61ed3be49725d10bb45f405678b2d213528020/93d2dd912d68207016c67d564419335c62abc18eaab9db6cb2ebd88c5ff2e784.metadata.json,963bd13add245b03db04c0d596ed596d127694d68f0189cab998a2e7c41a58fa
data/raw/experimental_validation/step05b4/700eafbd7505bb6f535c1ff5ad61ed3be49725d10bb45f405678b2d213528020/e7985301fcf898ad6b239fa9f61f18539b9a1a5e98b78527db453e29547b3133.xml.gz,99d4741efedbb04f51d5e254592519ef60122419defd291d0adfeea47fe82c51
data/raw/experimental_validation/step05b4/700eafbd7505bb6f535c1ff5ad61ed3be49725d10bb45f405678b2d213528020/e7985301fcf898ad6b239fa9f61f18539b9a1a5e98b78527db453e29547b3133.metadata.json,2e2d198c4a53ddb3d7dbcdee7f08e665168a8da81a8150f49b8d80599b3c4caf
data/raw/experimental_validation/step05b4/700eafbd7505bb6f535c1ff5ad61ed3be49725d10bb45f405678b2d213528020/9155b5a52b9252ca971a9ba9b0c3f4c7f56495d34d9c59b721330065a379a193.xml.gz,47e1de9f293b3cd6586d2d0b6a801d563155906b963a52687afe1d6c819c5d48
data/raw/experimental_validation/step05b4/700eafbd7505bb6f535c1ff5ad61ed3be49725d10bb45f405678b2d213528020/9155b5a52b9252ca971a9ba9b0c3f4c7f56495d34d9c59b721330065a379a193.metadata.json,50cb78863cb7a06cf89630fca249390046847e1bf8d1cf0bc628bfb0f998b72d
data/raw/experimental_validation/step05b4/700eafbd7505bb6f535c1ff5ad61ed3be49725d10bb45f405678b2d213528020/51b10f70ffd8cf4e7798eca981127fe0e8157d1a0737c1a0db97507a9f811a83.xml.gz,ada59f7b6133be5f818c307e130f546811f0ea6332c3b67ec87e61f048371048
data/raw/experimental_validation/step05b4/700eafbd7505bb6f535c1ff5ad61ed3be49725d10bb45f405678b2d213528020/51b10f70ffd8cf4e7798eca981127fe0e8157d1a0737c1a0db97507a9f811a83.metadata.json,21e12e296946bc8421b8e4d08d1b603a5991fce8004853f302107fd70baf7e44
data/raw/experimental_validation/step05b4/700eafbd7505bb6f535c1ff5ad61ed3be49725d10bb45f405678b2d213528020/ed931b9854d50c0ee47f8505d8acfc857d6afc0aa168672c0581dd2f74e6c5e3.xml.gz,3c3d008da8fb5b8a10eb0cac6246b0623944f40ff0c2c4f0f6ce7696daa82824
data/raw/experimental_validation/step05b4/700eafbd7505bb6f535c1ff5ad61ed3be49725d10bb45f405678b2d213528020/ed931b9854d50c0ee47f8505d8acfc857d6afc0aa168672c0581dd2f74e6c5e3.metadata.json,854d67fb41e4d42a72487784c15df98828e585b9f8f29a0da8cc4dc981d06f5b
data/raw/experimental_validation/step05b4/700eafbd7505bb6f535c1ff5ad61ed3be49725d10bb45f405678b2d213528020/5d5b3807f33b095b583c02de04a2726fd0dba8f5a6db0c0baaff67004e5edd44.xml.gz,fbb073d9b2d06e372bd414fb1f99aa1a509a744d67e8aee3ab147c3ea301c238
data/raw/experimental_validation/step05b4/700eafbd7505bb6f535c1ff5ad61ed3be49725d10bb45f405678b2d213528020/5d5b3807f33b095b583c02de04a2726fd0dba8f5a6db0c0baaff67004e5edd44.metadata.json,3203f1e12cf6d6e9829f2c5d585858de20d0f07782d1d1086126f5e5eb194018
data/raw/experimental_validation/step05b4/700eafbd7505bb6f535c1ff5ad61ed3be49725d10bb45f405678b2d213528020/af09e62e10b5e141808799bfd6402840d8bd2cae9518487f8edfcbd2f5de05ad.xml.gz,5703d786c7c18b96d9b34eda9ae2f8df7a15e4ff0e26ef1ae42711553540f1dc
data/raw/experimental_validation/step05b4/700eafbd7505bb6f535c1ff5ad61ed3be49725d10bb45f405678b2d213528020/af09e62e10b5e141808799bfd6402840d8bd2cae9518487f8edfcbd2f5de05ad.metadata.json,3cb0ed6cdb02c919c62fbdc229bc4a37db1831566f5ce32330415a5735a62d8a
data/raw/experimental_validation/step05b4/700eafbd7505bb6f535c1ff5ad61ed3be49725d10bb45f405678b2d213528020/e7dc54037a355149567b7a55ef9332b44ede197bc22d70edbed0e0541dc402ab.xml.gz,153af47e40a34db506239e81606e36ec960711412aa10a8fcdd7c9dfc9f7cb23
data/raw/experimental_validation/step05b4/700eafbd7505bb6f535c1ff5ad61ed3be49725d10bb45f405678b2d213528020/e7dc54037a355149567b7a55ef9332b44ede197bc22d70edbed0e0541dc402ab.metadata.json,516dc7cebed4ec4a364fa420c9221825db0f5ab7747dc69e55f0b2d5f48c43ca
data/raw/experimental_validation/step05b4/700eafbd7505bb6f535c1ff5ad61ed3be49725d10bb45f405678b2d213528020/2ae61c15c0fd2223ed06144120c6665074ca5851c5c503522ca243d9decc43e0.xml.gz,ddb3791ac30e1b1185db21f5f103c2d851e9e90b7f0740d4996a2edfcf500e7b
data/raw/experimental_validation/step05b4/700eafbd7505bb6f535c1ff5ad61ed3be49725d10bb45f405678b2d213528020/2ae61c15c0fd2223ed06144120c6665074ca5851c5c503522ca243d9decc43e0.metadata.json,57b29474ba40fef7e29c1140eda2649a87bbcaefb27f87207f0a7dbd52133dcf
data/raw/experimental_validation/step05b4/700eafbd7505bb6f535c1ff5ad61ed3be49725d10bb45f405678b2d213528020/0e45b2a5122fab04b29adebc36c80bc8145efc56beadf61dbda9aaf1901de5e9.xml.gz,56fbd70020fe00ea7cdc770b6bff2a08df2bb4547e3b7105b441f4b51267a463
data/raw/experimental_validation/step05b4/700eafbd7505bb6f535c1ff5ad61ed3be49725d10bb45f405678b2d213528020/0e45b2a5122fab04b29adebc36c80bc8145efc56beadf61dbda9aaf1901de5e9.metadata.json,0a3a02562206ec1bca0dfaec7bbe3f50b884d236319161fdc3d2041571574244
data/raw/experimental_validation/step05b4/700eafbd7505bb6f535c1ff5ad61ed3be49725d10bb45f405678b2d213528020/6d781b01df3a83e0ee071783ffb77f2c0e5b955ec48f788b03fe48dc922e0bc5.xml.gz,d13c745de5b00a470a6d36c584f4d0e9affa797fc4cb8ef2f97940d7e12287f1
data/raw/experimental_validation/step05b4/700eafbd7505bb6f535c1ff5ad61ed3be49725d10bb45f405678b2d213528020/6d781b01df3a83e0ee071783ffb77f2c0e5b955ec48f788b03fe48dc922e0bc5.metadata.json,71ffbde06b0aff72beb5b91d8363d1fcb2258793dc232fefa7843855cc490bf9
data/raw/experimental_validation/step05b4/700eafbd7505bb6f535c1ff5ad61ed3be49725d10bb45f405678b2d213528020/18cb29ede0ede482418a7fcd948f61e095cd275c616b74929f30986bebf5e295.xml.gz,a80bc8f5bcb338924a3c13d2b1306b8a81586d406745e4f1e2b65ec38ffd27ba
data/raw/experimental_validation/step05b4/700eafbd7505bb6f535c1ff5ad61ed3be49725d10bb45f405678b2d213528020/18cb29ede0ede482418a7fcd948f61e095cd275c616b74929f30986bebf5e295.metadata.json,bd2a63190ab200202bba6552c9dd99720b8168fbe558bc1913718ac47306911c
data/raw/experimental_validation/step05b4/700eafbd7505bb6f535c1ff5ad61ed3be49725d10bb45f405678b2d213528020/70cb0a2a82512311fc2b578379099d3f4e322d92455965dcb6f0fe88e9505f38.xml.gz,eb6f6091dc8658fa3e0c50dfa1247c3e55ddf82d8e82d7c30f296585f2b26da7
data/raw/experimental_validation/step05b4/700eafbd7505bb6f535c1ff5ad61ed3be49725d10bb45f405678b2d213528020/70cb0a2a82512311fc2b578379099d3f4e322d92455965dcb6f0fe88e9505f38.metadata.json,ccf2a36171a7ff6aaf387da0b4f01032e37e1da1ed6be75c74534b04f43614ae
data/raw/experimental_validation/step05b4/700eafbd7505bb6f535c1ff5ad61ed3be49725d10bb45f405678b2d213528020/c5a59588b44efb14c673812485181e48703cd7ef07d6697d5591b6d248d6becd.xml.gz,1138d773a2aa79635c9d33a14f787a47a8748a0c5313270c4f5459c3839f3b75
data/raw/experimental_validation/step05b4/700eafbd7505bb6f535c1ff5ad61ed3be49725d10bb45f405678b2d213528020/c5a59588b44efb14c673812485181e48703cd7ef07d6697d5591b6d248d6becd.metadata.json,a04ab08d9a5bdc64990878c9f0e50f3f06a9067ef5e63afe5c5964343f330f62
data/raw/experimental_validation/step05b4/700eafbd7505bb6f535c1ff5ad61ed3be49725d10bb45f405678b2d213528020/4b3068854e2a717c8e69acd062f682bdb39be4e0de6a72431b2af5364d9ca01b.xml.gz,eb8fdf13c28e75b803cd77f3b37f1a40b0a7b07216d5138373c8bbe550cda03d
data/raw/experimental_validation/step05b4/700eafbd7505bb6f535c1ff5ad61ed3be49725d10bb45f405678b2d213528020/4b3068854e2a717c8e69acd062f682bdb39be4e0de6a72431b2af5364d9ca01b.metadata.json,275e969544d563241207cef5d5136df054fc9285590f8f034ebfa58d74f63ffe
data/raw/experimental_validation/step05b4/700eafbd7505bb6f535c1ff5ad61ed3be49725d10bb45f405678b2d213528020/0d70d4de40dabe8b3e2a68af5155d4665c5b493d3c9f45b211f60ee161de7858.xml.gz,9b02d93b8dd0cc619447b6d7c7d106fa4df1dc1d4243460b4793c0cfae03dbf2
data/raw/experimental_validation/step05b4/700eafbd7505bb6f535c1ff5ad61ed3be49725d10bb45f405678b2d213528020/0d70d4de40dabe8b3e2a68af5155d4665c5b493d3c9f45b211f60ee161de7858.metadata.json,b69283b5d4962f1eae2f42ea0a9cbbab78b383b6c9c778dda128da65e7ad29bf
data/raw/experimental_validation/step05b4/700eafbd7505bb6f535c1ff5ad61ed3be49725d10bb45f405678b2d213528020/734b9c70344c85b92b71bad8a9beddf247b35e02d2cf88e3c1e10cb24b6bed7e.xml.gz,6ead84fc0cd4781006909b1e0cedd23f0717f21744ec19606ff197d8bc9a3fa1
data/raw/experimental_validation/step05b4/700eafbd7505bb6f535c1ff5ad61ed3be49725d10bb45f405678b2d213528020/734b9c70344c85b92b71bad8a9beddf247b35e02d2cf88e3c1e10cb24b6bed7e.metadata.json,e3efcbe5ef88da6dfdb43b768bc0033a51cc18f160d06387660b61e099c87461
data/raw/experimental_validation/step05b4/700eafbd7505bb6f535c1ff5ad61ed3be49725d10bb45f405678b2d213528020/2db5a7ec2f8abfa76a75b963377baa530be419757ebce7de88ef256cbd873ca8.xml.gz,394b636b2a7cf219b40256ee11d4117eebaae29e774136e99b1a38a641bb36c4
data/raw/experimental_validation/step05b4/700eafbd7505bb6f535c1ff5ad61ed3be49725d10bb45f405678b2d213528020/2db5a7ec2f8abfa76a75b963377baa530be419757ebce7de88ef256cbd873ca8.metadata.json,b7cbfc3bcbea16cb8698b5dd9984016c8e0d86590f9422dbbbe638fc48108255
data/raw/experimental_validation/step05b4/700eafbd7505bb6f535c1ff5ad61ed3be49725d10bb45f405678b2d213528020/c89c34daedb7bb580307a9e5b7a712040e7caf990fd79c38539d2f985fff5844.xml.gz,fa66b8126b6138f7d80c8a38b293de33ac14752e969ab0761656d22594b8dfd1
data/raw/experimental_validation/step05b4/700eafbd7505bb6f535c1ff5ad61ed3be49725d10bb45f405678b2d213528020/c89c34daedb7bb580307a9e5b7a712040e7caf990fd79c38539d2f985fff5844.metadata.json,6366d08509777da935d3d04ce9714fe824d3b6749fe53fd5971da78f5562d7a5
data/raw/experimental_validation/step05b4/700eafbd7505bb6f535c1ff5ad61ed3be49725d10bb45f405678b2d213528020/4a3636d19270487ea3014051f4c8250c25408b16235c5820767624fa206bb12f.xml.gz,4d39e46a7b208cb3289645380a72af560df8a9d0a463bc3dc26bf1ccf0ee2017
data/raw/experimental_validation/step05b4/700eafbd7505bb6f535c1ff5ad61ed3be49725d10bb45f405678b2d213528020/4a3636d19270487ea3014051f4c8250c25408b16235c5820767624fa206bb12f.metadata.json,35b77ca1fb6555fcc9f8e2205d4432721ddf1a295b3794d379c6d72ffdc43317
data/raw/experimental_validation/step05b4/700eafbd7505bb6f535c1ff5ad61ed3be49725d10bb45f405678b2d213528020/3c32652015a67332f5d33897954d170c3c98022e221378cf6813daf60ee76bd6.xml.gz,4cbad8f8b2cd6792819aed78c7123967a9da72905ed5a85b935e847d6aa28634
data/raw/experimental_validation/step05b4/700eafbd7505bb6f535c1ff5ad61ed3be49725d10bb45f405678b2d213528020/3c32652015a67332f5d33897954d170c3c98022e221378cf6813daf60ee76bd6.metadata.json,b0cb3fb5e177cc3c4c9cd20f95a94e65915f0200133425101b6ae09cb720aac2
data/raw/experimental_validation/step05b4/700eafbd7505bb6f535c1ff5ad61ed3be49725d10bb45f405678b2d213528020/b977ac9f3f1b61167298528542ecf89a67383cce444bd19d900046507109a3ec.xml.gz,c136f8d19746c5f00d8efab1d3ae3cd9c400bed426bf9f8656f40992a7d04de0
data/raw/experimental_validation/step05b4/700eafbd7505bb6f535c1ff5ad61ed3be49725d10bb45f405678b2d213528020/b977ac9f3f1b61167298528542ecf89a67383cce444bd19d900046507109a3ec.metadata.json,82e4e30fc3ef5beb4d95192fc052037ddef0c1365e1747bdf2db87520bfceac2
data/raw/experimental_validation/step05b4/700eafbd7505bb6f535c1ff5ad61ed3be49725d10bb45f405678b2d213528020/c439345178a9236adf9b6ca9a7251f5b4070619e62f4c342a907ad9bba3d62cb.xml.gz,9de5589f3ca09c283b696c6f3039708d57267b1068e2293ffc3aaf5b15c7804a
data/raw/experimental_validation/step05b4/700eafbd7505bb6f535c1ff5ad61ed3be49725d10bb45f405678b2d213528020/c439345178a9236adf9b6ca9a7251f5b4070619e62f4c342a907ad9bba3d62cb.metadata.json,a07f6e1f8df4277027a5b8bcf3eba5164cd8ebb1fa409d5b0e27769f1dcd02f7
