candidate_row,protein_accession,source,structure_id,label_asym_id,model_id,assembly_options,review_status,reviewer,evidence_note,sites_requiring_review,structural_eligibility,protocol_version
1,A0A087WRH0,AlphaFold_DB,AF-A0A087WRH0-F1,A,1,,pending,,,21,held,0.1.0
2,A0A087WRT7,AlphaFold_DB,AF-A0A087WRT7-F1,A,1,,pending,,,2,held,0.1.0
3,A0A0G2JDS2,AlphaFold_DB,AF-A0A0G2JDS2-F1,A,1,,pending,,,4,held,0.1.0
4,A0A0R4J086,AlphaFold_DB,AF-A0A0R4J086-F1,A,1,,pending,,,5,held,0.1.0
5,A0A0R4J0H9,AlphaFold_DB,AF-A0A0R4J0H9-F1,A,1,,pending,,,8,held,0.1.0
6,A0A0R4J0Y2,AlphaFold_DB,AF-A0A0R4J0Y2-F1,A,1,,pending,,,5,held,0.1.0
7,A0A0R4J1Z0,AlphaFold_DB,AF-A0A0R4J1Z0-F1,A,1,,pending,,,9,held,0.1.0
8,A0A140T8U8,AlphaFold_DB,AF-A0A140T8U8-F1,A,1,,pending,,,8,held,0.1.0
9,A0A1B0GQY9,AlphaFold_DB,AF-A0A1B0GQY9-F1,A,1,,pending,,,20,held,0.1.0
10,A0A1B0GST9,AlphaFold_DB,AF-A0A1B0GST9-F1,A,1,,pending,,,3,held,0.1.0
11,A0A1B0GSZ0,AlphaFold_DB,AF-A0A1B0GSZ0-F1,A,1,,pending,,,2,held,0.1.0
12,A0A1D5RLX6,AlphaFold_DB,AF-A0A1D5RLX6-F1,A,1,,pending,,,7,held,0.1.0
13,A0A1W2P7H6,AlphaFold_DB,AF-A0A1W2P7H6-F1,A,1,,pending,,,5,held,0.1.0
14,A2A6T1,AlphaFold_DB,AF-A2A6T1-F1,A,1,,pending,,,2,held,0.1.0
15,A2A716,AlphaFold_DB,AF-A2A716-F1,A,1,,pending,,,8,held,0.1.0
16,A2A7F4,AlphaFold_DB,AF-A2A7F4-F1,A,1,,pending,,,14,held,0.1.0
19,A2A863,AlphaFold_DB,AF-A2A863-F1,A,1,,pending,,,9,held,0.1.0
20,A2AAY5,AlphaFold_DB,AF-A2AAY5-F1,A,1,,pending,,,3,held,0.1.0
21,A2AHD1,AlphaFold_DB,AF-A2AHD1-F1,A,1,,pending,,,18,held,0.1.0
23,A2AIG8,AlphaFold_DB,AF-A2AIG8-F1,A,1,,pending,,,6,held,0.1.0
26,A2AJ88,AlphaFold_DB,AF-A2AJ88-F1,A,1,,pending,,,5,held,0.1.0
28,A2AM80,AlphaFold_DB,AF-A2AM80-F1,A,1,,pending,,,3,held,0.1.0
30,A2AS55,AlphaFold_DB,AF-A2AS55-F1,A,1,,pending,,,13,held,0.1.0
32,A2AW67,AlphaFold_DB,AF-A2AW67-F1,A,1,,pending,,,22,held,0.1.0
33,A2BDX4,AlphaFold_DB,AF-A2BDX4-F1,A,1,,pending,,,6,held,0.1.0
34,A2BI40,AlphaFold_DB,AF-A2BI40-F1,A,1,,pending,,,3,held,0.1.0
35,A2CI98,AlphaFold_DB,AF-A2CI98-F1,A,1,,pending,,,7,held,0.1.0
38,A2RSY1,AlphaFold_DB,AF-A2RSY1-F1,A,1,,pending,,,5,held,0.1.0
39,B1ARV3,AlphaFold_DB,AF-B1ARV3-F1,A,1,,pending,,,4,held,0.1.0
41,B1AT66,AlphaFold_DB,AF-B1AT66-F1,A,1,,pending,,,8,held,0.1.0
43,B1AUH1,AlphaFold_DB,AF-B1AUH1-F1,A,1,,pending,,,20,held,0.1.0
46,B1AXH1,AlphaFold_DB,AF-B1AXH1-F1,A,1,,pending,,,1,held,0.1.0
47,B2RUR8,AlphaFold_DB,AF-B2RUR8-F1,A,1,,pending,,,6,held,0.1.0
49,D3YVV3,AlphaFold_DB,AF-D3YVV3-F1,A,1,,pending,,,3,held,0.1.0
51,D3YX43,AlphaFold_DB,AF-D3YX43-F1,A,1,,pending,,,11,held,0.1.0
52,D3YZF7,AlphaFold_DB,AF-D3YZF7-F1,A,1,,pending,,,9,held,0.1.0
53,D3Z5W0,AlphaFold_DB,AF-D3Z5W0-F1,A,1,,pending,,,3,held,0.1.0
54,D3Z7A9,AlphaFold_DB,AF-D3Z7A9-F1,A,1,,pending,,,4,held,0.1.0
55,E9PX79,AlphaFold_DB,AF-E9PX79-F1,A,1,,pending,,,4,held,0.1.0
57,E9Q1P8,AlphaFold_DB,AF-E9Q1P8-F1,A,1,,pending,,,12,held,0.1.0
58,E9Q238,AlphaFold_DB,AF-E9Q238-F1,A,1,,pending,,,7,held,0.1.0
59,E9Q238,PDBe_SIFTS,5yay,A,1,1,pending,,,7,held,0.1.0
60,E9Q238,PDBe_SIFTS,5yaz,A,1,1,pending,,,7,held,0.1.0
61,E9Q238,PDBe_SIFTS,7ddx,A,1,1,pending,,,7,held,0.1.0
63,E9Q4M0,AlphaFold_DB,AF-E9Q4M0-F1,A,1,,pending,,,6,held,0.1.0
64,E9Q5N9,AlphaFold_DB,AF-E9Q5N9-F1,A,1,,pending,,,7,held,0.1.0
65,E9Q8I7,AlphaFold_DB,AF-E9Q8I7-F1,A,1,,pending,,,14,held,0.1.0
66,E9QNZ9,AlphaFold_DB,AF-E9QNZ9-F1,A,1,,pending,,,8,held,0.1.0
67,F8VPX2,AlphaFold_DB,AF-F8VPX2-F1,A,1,,pending,,,10,held,0.1.0
68,G3X924,AlphaFold_DB,AF-G3X924-F1,A,1,,pending,,,2,held,0.1.0
69,G3X9M9,AlphaFold_DB,AF-G3X9M9-F1,A,1,,pending,,,4,held,0.1.0
71,G3XA59,PDBe_SIFTS,8rex,E,1,1,pending,,,8,held,0.1.0
70,G3XA59,AlphaFold_DB,AF-G3XA59-F1,A,1,,pending,,,7,held,0.1.0
74,O08575,AlphaFold_DB,AF-O08575-F1,A,1,,pending,,,4,held,0.1.0
75,O08691,AlphaFold_DB,AF-O08691-F1,A,1,,pending,,,4,held,0.1.0
76,O08707,AlphaFold_DB,AF-O08707-F1,A,1,,pending,,,7,held,0.1.0
79,O08969,AlphaFold_DB,AF-O08969-F1,A,1,,pending,,,5,held,0.1.0
81,O09174,AlphaFold_DB,AF-O09174-F1,A,1,,pending,,,6,held,0.1.0
82,O35074,AlphaFold_DB,AF-O35074-F1,A,1,,pending,,,2,held,0.1.0
84,O35082,AlphaFold_DB,AF-O35082-F1,A,1,,pending,,,7,held,0.1.0
85,O35103,AlphaFold_DB,AF-O35103-F1,A,1,,pending,,,8,held,0.1.0
86,O35177,AlphaFold_DB,AF-O35177-F1,A,1,,pending,,,3,held,0.1.0
87,O35182,AlphaFold_DB,AF-O35182-F1,A,1,,pending,,,10,held,0.1.0
88,O35228,AlphaFold_DB,AF-O35228-F1,A,1,,pending,,,5,held,0.1.0
89,O35228,PDBe_SIFTS,7z0l,B,1,1,pending,,,5,held,0.1.0
90,O35228,PDBe_SIFTS,7zg0,C,1,1,pending,,,5,held,0.1.0
91,O35228,PDBe_SIFTS,7zg0,D,1,1,pending,,,5,held,0.1.0
92,O35316,AlphaFold_DB,AF-O35316-F1,A,1,,pending,,,17,held,0.1.0
93,O35316,PDBe_SIFTS,9kmi,A,1,1,pending,,,18,held,0.1.0
94,O35316,PDBe_SIFTS,9kyo,B,1,1,pending,,,18,held,0.1.0
96,O35425,AlphaFold_DB,AF-O35425-F1,A,1,,pending,,,2,held,0.1.0
97,O35600,AlphaFold_DB,AF-O35600-F1,A,1,,pending,,,1,held,0.1.0
98,O35604,AlphaFold_DB,AF-O35604-F1,A,1,,pending,,,26,held,0.1.0
99,O35608,AlphaFold_DB,AF-O35608-F1,A,1,,pending,,,5,held,0.1.0
100,O35639,AlphaFold_DB,AF-O35639-F1,A,1,,pending,,,3,held,0.1.0
101,O35640,AlphaFold_DB,AF-O35640-F1,A,1,,pending,,,4,held,0.1.0
102,O35655,AlphaFold_DB,AF-O35655-F1,A,1,,pending,,,5,held,0.1.0
103,O35682,AlphaFold_DB,AF-O35682-F1,A,1,,pending,,,10,held,0.1.0
104,O35709,AlphaFold_DB,AF-O35709-F1,A,1,,pending,,,12,held,0.1.0
107,O35969,AlphaFold_DB,AF-O35969-F1,A,1,,pending,,,5,held,0.1.0
113,O54890,AlphaFold_DB,AF-O54890-F1,A,1,,pending,,,31,held,0.1.0
117,O54983,AlphaFold_DB,AF-O54983-F1,A,1,,pending,,,3,held,0.1.0
118,O54983,PDBe_SIFTS,4bv8,A,1,1;2,pending,,,3,held,0.1.0
119,O54983,PDBe_SIFTS,4bv8,B,1,1;2,pending,,,3,held,0.1.0
120,O54983,PDBe_SIFTS,4bv9,A,1,1,pending,,,3,held,0.1.0
121,O54983,PDBe_SIFTS,4bv9,B,1,1,pending,,,3,held,0.1.0
122,O54983,PDBe_SIFTS,4bva,A,1,1,pending,,,3,held,0.1.0
123,O54983,PDBe_SIFTS,4bva,B,1,1,pending,,,3,held,0.1.0
124,O55137,AlphaFold_DB,AF-O55137-F1,A,1,,pending,,,3,held,0.1.0
125,O55240,AlphaFold_DB,AF-O55240-F1,A,1,,pending,,,6,held,0.1.0
127,O55242,AlphaFold_DB,AF-O55242-F1,A,1,,pending,,,1,held,0.1.0
128,O70126,AlphaFold_DB,AF-O70126-F1,A,1,,pending,,,3,held,0.1.0
129,O70299,AlphaFold_DB,AF-O70299-F1,A,1,,pending,,,11,held,0.1.0
131,O70370,AlphaFold_DB,AF-O70370-F1,A,1,,pending,,,10,held,0.1.0
132,O70370,PDBe_SIFTS,4bpv,A,1,1,pending,,,10,held,0.1.0
133,O70370,PDBe_SIFTS,4bpv,B,1,2,pending,,,10,held,0.1.0
134,O70370,PDBe_SIFTS,4bpv,C,1,3,pending,,,10,held,0.1.0
135,O70370,PDBe_SIFTS,4bpv,D,1,4,pending,,,10,held,0.1.0
136,O70370,PDBe_SIFTS,4bpv,E,1,5,pending,,,10,held,0.1.0
138,O70370,PDBe_SIFTS,4bqv,A,1,1,pending,,,10,held,0.1.0
139,O70370,PDBe_SIFTS,4bqv,B,1,2,pending,,,10,held,0.1.0
140,O70370,PDBe_SIFTS,4bqv,C,1,3,pending,,,10,held,0.1.0
141,O70370,PDBe_SIFTS,4bqv,D,1,4,pending,,,10,held,0.1.0
142,O70370,PDBe_SIFTS,4bqv,E,1,5,pending,,,10,held,0.1.0
143,O70370,PDBe_SIFTS,4bqv,F,1,6,pending,,,10,held,0.1.0
144,O70370,PDBe_SIFTS,4bqv,G,1,7,pending,,,10,held,0.1.0
145,O70370,PDBe_SIFTS,4bqv,H,1,8,pending,,,10,held,0.1.0
146,O70370,PDBe_SIFTS,4bs5,A,1,1,pending,,,10,held,0.1.0
147,O70370,PDBe_SIFTS,4bs6,A,1,1,pending,,,10,held,0.1.0
148,O70370,PDBe_SIFTS,4bs6,B,1,2,pending,,,10,held,0.1.0
149,O70370,PDBe_SIFTS,4bsq,A,1,1,pending,,,10,held,0.1.0
150,O70370,PDBe_SIFTS,4mzo,A,1,1,pending,,,10,held,0.1.0
151,O70370,PDBe_SIFTS,4mzo,B,1,2,pending,,,10,held,0.1.0
152,O70370,PDBe_SIFTS,4mzo,C,1,3,pending,,,10,held,0.1.0
153,O70370,PDBe_SIFTS,4mzo,D,1,4,pending,,,10,held,0.1.0
154,O70370,PDBe_SIFTS,4mzo,E,1,5,pending,,,10,held,0.1.0
155,O70370,PDBe_SIFTS,4mzo,F,1,6,pending,,,10,held,0.1.0
156,O70370,PDBe_SIFTS,4mzo,G,1,7,pending,,,10,held,0.1.0
157,O70370,PDBe_SIFTS,4mzo,H,1,8,pending,,,10,held,0.1.0
158,O70370,PDBe_SIFTS,4mzs,A,1,1,pending,,,10,held,0.1.0
159,O70370,PDBe_SIFTS,4mzs,B,1,2,pending,,,10,held,0.1.0
137,O70370,PDBe_SIFTS,4bpv,F,1,6,pending,,,2,held,0.1.0
160,O70422,AlphaFold_DB,AF-O70422-F1,A,1,,pending,,,1,held,0.1.0
162,O70503,AlphaFold_DB,AF-O70503-F1,A,1,,pending,,,2,held,0.1.0
163,O70514,AlphaFold_DB,AF-O70514-F1,A,1,,pending,,,7,held,0.1.0
164,O70571,AlphaFold_DB,AF-O70571-F1,A,1,,pending,,,3,held,0.1.0
165,O88188,AlphaFold_DB,AF-O88188-F1,A,1,,pending,,,6,held,0.1.0
166,O88188,PDBe_SIFTS,3m7o,A,1,1,pending,,,6,held,0.1.0
167,O88188,PDBe_SIFTS,3m7o,B,1,2,pending,,,6,held,0.1.0
168,O88188,PDBe_SIFTS,3m7o,C,1,3,pending,,,6,held,0.1.0
169,O88188,PDBe_SIFTS,3m7o,D,1,4,pending,,,6,held,0.1.0
170,O88188,PDBe_SIFTS,3t6q,B,1,1,pending,,,6,held,0.1.0
171,O88188,PDBe_SIFTS,3t6q,D,1,1,pending,,,6,held,0.1.0
172,O88428,AlphaFold_DB,AF-O88428-F1,A,1,,pending,,,11,held,0.1.0
175,O88507,AlphaFold_DB,AF-O88507-F1,A,1,,pending,,,6,held,0.1.0
176,O88551,AlphaFold_DB,AF-O88551-F1,A,1,,pending,,,3,held,0.1.0
177,O88593,AlphaFold_DB,AF-O88593-F1,A,1,,pending,,,4,held,0.1.0
178,O88736,AlphaFold_DB,AF-O88736-F1,A,1,,pending,,,5,held,0.1.0
179,O88745,AlphaFold_DB,AF-O88745-F1,A,1,,pending,,,6,held,0.1.0
180,O88822,AlphaFold_DB,AF-O88822-F1,A,1,,pending,,,1,held,0.1.0
181,O88844,AlphaFold_DB,AF-O88844-F1,A,1,,pending,,,7,held,0.1.0
182,O88844,PDBe_SIFTS,5yzh,A,1,1,pending,,,7,held,0.1.0
183,O88844,PDBe_SIFTS,5yzh,B,1,1,pending,,,7,held,0.1.0
184,O88844,PDBe_SIFTS,5yzi,A,1,1,pending,,,7,held,0.1.0
185,O88844,PDBe_SIFTS,5yzi,B,1,1,pending,,,7,held,0.1.0
186,O88844,PDBe_SIFTS,8kib,A,1,1,pending,,,7,held,0.1.0
187,O88844,PDBe_SIFTS,8kib,B,1,1,pending,,,7,held,0.1.0
188,O88844,PDBe_SIFTS,8kib,C,1,2,pending,,,7,held,0.1.0
189,O88844,PDBe_SIFTS,8kib,D,1,2,pending,,,7,held,0.1.0
190,O88844,PDBe_SIFTS,8w49,A,1,1,pending,,,7,held,0.1.0
191,O88844,PDBe_SIFTS,8w49,B,1,1,pending,,,7,held,0.1.0
192,O88844,PDBe_SIFTS,8w49,C,1,2,pending,,,7,held,0.1.0
193,O88844,PDBe_SIFTS,8w49,D,1,2,pending,,,7,held,0.1.0
195,P00329,AlphaFold_DB,AF-P00329-F1,A,1,,pending,,,15,held,0.1.0
196,P00687,AlphaFold_DB,AF-P00687-F1,A,1,,pending,,,11,held,0.1.0
198,P01101,AlphaFold_DB,AF-P01101-F1,A,1,,pending,,,2,held,0.1.0
199,P01101,PDBe_SIFTS,2wt7,A,1,1,pending,,,1,held,0.1.0
200,P02798,AlphaFold_DB,AF-P02798-F1,A,1,,pending,,,1,held,0.1.0
202,P04441,AlphaFold_DB,AF-P04441-F1,A,1,,pending,,,5,held,0.1.0
204,P05063,AlphaFold_DB,AF-P05063-F1,A,1,,pending,,,7,held,0.1.0
207,P05532,AlphaFold_DB,AF-P05532-F1,A,1,,pending,,,11,held,0.1.0
212,P06801,AlphaFold_DB,AF-P06801-F1,A,1,,pending,,,11,held,0.1.0
213,P06909,AlphaFold_DB,AF-P06909-F1,A,1,,pending,,,4,held,0.1.0
214,P06909,PDBe_SIFTS,2yby,A,1,1,pending,,,8,held,0.1.0
215,P07901,AlphaFold_DB,AF-P07901-F1,A,1,,pending,,,6,held,0.1.0
223,P08103,AlphaFold_DB,AF-P08103-F1,A,1,,pending,,,5,held,0.1.0
224,P08122,AlphaFold_DB,AF-P08122-F1,A,1,,pending,,,12,held,0.1.0
227,P09470,AlphaFold_DB,AF-P09470-F1,A,1,,pending,,,12,held,0.1.0
228,P0DP59,AlphaFold_DB,AF-P0DP59-F1,A,1,,pending,,,10,held,0.1.0
229,P10148,AlphaFold_DB,AF-P10148-F1,A,1,,pending,,,4,held,0.1.0
230,P10639,AlphaFold_DB,AF-P10639-F1,A,1,,pending,,,6,held,0.1.0
232,P10649,AlphaFold_DB,AF-P10649-F1,A,1,,pending,,,2,held,0.1.0
233,P10761,AlphaFold_DB,AF-P10761-F1,A,1,,pending,,,11,held,0.1.0
234,P10761,PDBe_SIFTS,3d4c,A,1,1,pending,,,4,held,0.1.0
236,P10761,PDBe_SIFTS,3d4g,A,1,1,pending,,,4,held,0.1.0
238,P10761,PDBe_SIFTS,3d4g,B,1,2,pending,,,4,held,0.1.0
240,P10761,PDBe_SIFTS,3d4g,C,1,3,pending,,,4,held,0.1.0
242,P10761,PDBe_SIFTS,3d4g,D,1,4,pending,,,4,held,0.1.0
244,P10761,PDBe_SIFTS,3d4g,E,1,5,pending,,,4,held,0.1.0
246,P10761,PDBe_SIFTS,3d4g,F,1,6,pending,,,4,held,0.1.0
248,P10761,PDBe_SIFTS,3d4g,G,1,7,pending,,,4,held,0.1.0
250,P10761,PDBe_SIFTS,3d4g,H,1,8,pending,,,4,held,0.1.0
252,P10761,PDBe_SIFTS,3ef7,A,1,1;3,pending,,,4,held,0.1.0
254,P10761,PDBe_SIFTS,3ef7,B,1,2;3,pending,,,4,held,0.1.0
256,P10761,PDBe_SIFTS,5osq,A,1,1,pending,,,4,held,0.1.0
258,P10761,PDBe_SIFTS,5osq,B,1,2,pending,,,4,held,0.1.0
260,P11214,AlphaFold_DB,AF-P11214-F1,A,1,,pending,,,14,held,0.1.0
264,P11680,AlphaFold_DB,AF-P11680-F1,A,1,,pending,,,18,held,0.1.0
265,P11688,AlphaFold_DB,AF-P11688-F1,A,1,,pending,,,16,held,0.1.0
267,P12815,AlphaFold_DB,AF-P12815-F1,A,1,,pending,,,1,held,0.1.0
268,P12815,PDBe_SIFTS,1hqv,A,1,1;2;3,pending,,,1,held,0.1.0
269,P12815,PDBe_SIFTS,5jjg,A,1,1,pending,,,1,held,0.1.0
272,P13020,AlphaFold_DB,AF-P13020-F1,A,1,,pending,,,4,held,0.1.0
275,P13020,PDBe_SIFTS,4cbw,B,1,1,pending,,,1,held,0.1.0
276,P13020,PDBe_SIFTS,4cbx,B,1,1,pending,,,1,held,0.1.0
277,P13020,PDBe_SIFTS,5mvv,B,1,1,pending,,,1,held,0.1.0
278,P13020,PDBe_SIFTS,6i4d,B,1,1,pending,,,1,held,0.1.0
279,P13020,PDBe_SIFTS,6i4e,B,1,1,pending,,,1,held,0.1.0
289,P13516,AlphaFold_DB,AF-P13516-F1,A,1,,pending,,,5,held,0.1.0
290,P13516,PDBe_SIFTS,4ymk,A,1,1,pending,,,5,held,0.1.0
291,P13516,PDBe_SIFTS,4ymk,B,1,2,pending,,,5,held,0.1.0
292,P13516,PDBe_SIFTS,6wf2,A,1,1,pending,,,5,held,0.1.0
293,P13516,PDBe_SIFTS,6wf2,B,1,2,pending,,,5,held,0.1.0
294,P14901,AlphaFold_DB,AF-P14901-F1,A,1,,pending,,,1,held,0.1.0
296,P15105,AlphaFold_DB,AF-P15105-F1,A,1,,pending,,,13,held,0.1.0
297,P15530,AlphaFold_DB,AF-P15530-F1,A,1,,pending,,,2,held,0.1.0
298,P15530,PDBe_SIFTS,3kho,B,1,1,pending,,,3,held,0.1.0
299,P15530,PDBe_SIFTS,3kho,A,1,1,pending,,,5,held,0.1.0
300,P15530,PDBe_SIFTS,3khq,A,1,1,pending,,,5,held,0.1.0
301,P15530,PDBe_SIFTS,8e4c,D,1,1,pending,,,5,held,0.1.0
302,P15530,PDBe_SIFTS,8ema,F,1,1,pending,,,5,held,0.1.0
303,P15532,AlphaFold_DB,AF-P15532-F1,A,1,,pending,,,2,held,0.1.0
304,P15532,PDBe_SIFTS,7zl8,A,1,1,pending,,,2,held,0.1.0
305,P15532,PDBe_SIFTS,7zl8,B,1,1,pending,,,2,held,0.1.0
306,P15532,PDBe_SIFTS,7zl8,C,1,1,pending,,,2,held,0.1.0
307,P15532,PDBe_SIFTS,7zl8,D,1,1,pending,,,2,held,0.1.0
308,P15532,PDBe_SIFTS,7zl8,E,1,1,pending,,,2,held,0.1.0
309,P15532,PDBe_SIFTS,7zl8,F,1,1,pending,,,2,held,0.1.0
310,P15532,PDBe_SIFTS,7zl8,G,1,2,pending,,,2,held,0.1.0
311,P15532,PDBe_SIFTS,7zl8,H,1,2,pending,,,2,held,0.1.0
312,P15532,PDBe_SIFTS,7zl8,I,1,2,pending,,,2,held,0.1.0
313,P15532,PDBe_SIFTS,7zl8,J,1,2,pending,,,2,held,0.1.0
314,P15532,PDBe_SIFTS,7zl8,K,1,2,pending,,,2,held,0.1.0
315,P15532,PDBe_SIFTS,7zl8,L,1,2,pending,,,2,held,0.1.0
316,P15532,PDBe_SIFTS,7zlw,A,1,1,pending,,,2,held,0.1.0
317,P15532,PDBe_SIFTS,7zlw,B,1,1,pending,,,2,held,0.1.0
318,P15532,PDBe_SIFTS,7zlw,C,1,1,pending,,,2,held,0.1.0
319,P15532,PDBe_SIFTS,7zlw,D,1,1,pending,,,2,held,0.1.0
320,P15532,PDBe_SIFTS,7zlw,E,1,1,pending,,,2,held,0.1.0
321,P15532,PDBe_SIFTS,7zlw,F,1,1,pending,,,2,held,0.1.0
322,P15532,PDBe_SIFTS,7ztk,A,1,1,pending,,,2,held,0.1.0
323,P15532,PDBe_SIFTS,7ztk,B,1,1,pending,,,2,held,0.1.0
324,P15532,PDBe_SIFTS,7ztk,C,1,1,pending,,,2,held,0.1.0
325,P15532,PDBe_SIFTS,7ztk,D,1,1,pending,,,2,held,0.1.0
326,P15532,PDBe_SIFTS,7ztk,E,1,1,pending,,,2,held,0.1.0
327,P15532,PDBe_SIFTS,7ztk,F,1,1,pending,,,2,held,0.1.0
329,P15535,AlphaFold_DB,AF-P15535-F1,A,1,,pending,,,6,held,0.1.0
330,P16045,AlphaFold_DB,AF-P16045-F1,A,1,,pending,,,5,held,0.1.0
331,P16045,PDBe_SIFTS,4lbq,A,1,1,pending,,,5,held,0.1.0
332,P16045,PDBe_SIFTS,4lbq,B,1,2,pending,,,6,held,0.1.0
333,P16045,PDBe_SIFTS,4lbq,C,1,2,pending,,,6,held,0.1.0
334,P16045,PDBe_SIFTS,4lbq,D,1,1,pending,,,4,held,0.1.0
336,P16330,AlphaFold_DB,AF-P16330-F1,A,1,,pending,,,6,held,0.1.0
355,P16330,PDBe_SIFTS,4wbi,A,1,1,pending,,,2,held,0.1.0
356,P16330,PDBe_SIFTS,4wbl,A,1,1,pending,,,3,held,0.1.0
357,P16330,PDBe_SIFTS,4wc9,A,1,1,pending,,,3,held,0.1.0
358,P16330,PDBe_SIFTS,4wca,A,1,1,pending,,,2,held,0.1.0
359,P16330,PDBe_SIFTS,4wcb,A,1,1,pending,,,3,held,0.1.0
360,P16330,PDBe_SIFTS,4wcc,A,1,1,pending,,,3,held,0.1.0
361,P16330,PDBe_SIFTS,4wda,A,1,1,pending,,,3,held,0.1.0
362,P16330,PDBe_SIFTS,4wdb,A,1,1,pending,,,3,held,0.1.0
363,P16330,PDBe_SIFTS,4wdd,A,1,1,pending,,,3,held,0.1.0
364,P16330,PDBe_SIFTS,4wde,A,1,1,pending,,,3,held,0.1.0
365,P16330,PDBe_SIFTS,4wde,B,1,2,pending,,,3,held,0.1.0
366,P16330,PDBe_SIFTS,4wdf,A,1,1,pending,,,3,held,0.1.0
367,P16330,PDBe_SIFTS,4wdg,A,1,1,pending,,,3,held,0.1.0
368,P16330,PDBe_SIFTS,4wdh,A,1,1,pending,,,3,held,0.1.0
369,P16330,PDBe_SIFTS,4wex,A,1,1,pending,,,3,held,0.1.0
370,P16330,PDBe_SIFTS,4wfr,A,1,1,pending,,,3,held,0.1.0
371,P16330,PDBe_SIFTS,5ae0,A,1,1,pending,,,3,held,0.1.0
372,P16330,PDBe_SIFTS,7qzk,A,1,1,pending,,,3,held,0.1.0
373,P16330,PDBe_SIFTS,7qzs,A,1,1,pending,,,3,held,0.1.0
374,P16330,PDBe_SIFTS,9ert,A,1,1,pending,,,3,held,0.1.0
375,P16330,PDBe_SIFTS,9eru,C,1,2,pending,,,3,held,0.1.0
376,P16330,PDBe_SIFTS,9eru,A,1,1,pending,,,3,held,0.1.0
377,P16330,PDBe_SIFTS,9eru,E,1,3,pending,,,3,held,0.1.0
378,P16330,PDBe_SIFTS,9eru,G,1,4,pending,,,3,held,0.1.0
379,P16330,PDBe_SIFTS,9erw,B,1,1,pending,,,3,held,0.1.0
380,P16330,PDBe_SIFTS,9etj,A,1,1,pending,,,3,held,0.1.0
381,P16330,PDBe_SIFTS,9etj,C,1,2,pending,,,3,held,0.1.0
382,P16330,PDBe_SIFTS,9etj,E,1,3,pending,,,3,held,0.1.0
383,P16330,PDBe_SIFTS,9etj,G,1,4,pending,,,3,held,0.1.0
384,P16330,PDBe_SIFTS,9etl,B,1,1,pending,,,3,held,0.1.0
385,P16330,PDBe_SIFTS,9etl,C,1,2,pending,,,3,held,0.1.0
386,P16460,AlphaFold_DB,AF-P16460-F1,A,1,,pending,,,5,held,0.1.0
387,P17156,AlphaFold_DB,AF-P17156-F1,A,1,,pending,,,3,held,0.1.0
388,P17563,AlphaFold_DB,AF-P17563-F1,A,1,,pending,,,8,held,0.1.0
390,P18581,AlphaFold_DB,AF-P18581-F1,A,1,,pending,,,6,held,0.1.0
391,P19246,AlphaFold_DB,AF-P19246-F1,A,1,,pending,,,1,held,0.1.0
392,P19788,AlphaFold_DB,AF-P19788-F1,A,1,,pending,,,2,held,0.1.0
394,P21237,AlphaFold_DB,AF-P21237-F1,A,1,,pending,,,6,held,0.1.0
395,P21275,AlphaFold_DB,AF-P21275-F1,A,1,,pending,,,7,held,0.1.0
396,P21460,AlphaFold_DB,AF-P21460-F1,A,1,,pending,,,4,held,0.1.0
397,P21460,PDBe_SIFTS,8v57,C,1,1,pending,,,4,held,0.1.0
398,P21460,PDBe_SIFTS,8v57,D,1,1,pending,,,4,held,0.1.0
399,P21855,AlphaFold_DB,AF-P21855-F1,A,1,,pending,,,7,held,0.1.0
400,P21855,PDBe_SIFTS,5b1r,A,1,1,pending,,,6,held,0.1.0
402,P21956,AlphaFold_DB,AF-P21956-F1,A,1,,pending,,,2,held,0.1.0
403,P21956,PDBe_SIFTS,2l9l,A,1,1,pending,,,2,held,0.1.0
403,P21956,PDBe_SIFTS,2l9l,A,10,1,pending,,,2,held,0.1.0
403,P21956,PDBe_SIFTS,2l9l,A,11,1,pending,,,2,held,0.1.0
403,P21956,PDBe_SIFTS,2l9l,A,12,1,pending,,,2,held,0.1.0
403,P21956,PDBe_SIFTS,2l9l,A,13,1,pending,,,2,held,0.1.0
403,P21956,PDBe_SIFTS,2l9l,A,14,1,pending,,,2,held,0.1.0
403,P21956,PDBe_SIFTS,2l9l,A,15,1,pending,,,2,held,0.1.0
403,P21956,PDBe_SIFTS,2l9l,A,16,1,pending,,,2,held,0.1.0
403,P21956,PDBe_SIFTS,2l9l,A,17,1,pending,,,2,held,0.1.0
403,P21956,PDBe_SIFTS,2l9l,A,18,1,pending,,,2,held,0.1.0
403,P21956,PDBe_SIFTS,2l9l,A,19,1,pending,,,2,held,0.1.0
403,P21956,PDBe_SIFTS,2l9l,A,2,1,pending,,,2,held,0.1.0
403,P21956,PDBe_SIFTS,2l9l,A,20,1,pending,,,2,held,0.1.0
403,P21956,PDBe_SIFTS,2l9l,A,3,1,pending,,,2,held,0.1.0
403,P21956,PDBe_SIFTS,2l9l,A,4,1,pending,,,2,held,0.1.0
403,P21956,PDBe_SIFTS,2l9l,A,5,1,pending,,,2,held,0.1.0
403,P21956,PDBe_SIFTS,2l9l,A,6,1,pending,,,2,held,0.1.0
403,P21956,PDBe_SIFTS,2l9l,A,7,1,pending,,,2,held,0.1.0
403,P21956,PDBe_SIFTS,2l9l,A,8,1,pending,,,2,held,0.1.0
403,P21956,PDBe_SIFTS,2l9l,A,9,1,pending,,,2,held,0.1.0
404,P21995,AlphaFold_DB,AF-P21995-F1,A,1,,pending,,,8,held,0.1.0
405,P22272,AlphaFold_DB,AF-P22272-F1,A,1,,pending,,,9,held,0.1.0
407,P23440,AlphaFold_DB,AF-P23440-F1,A,1,,pending,,,15,held,0.1.0
408,P23611,AlphaFold_DB,AF-P23611-F1,A,1,,pending,,,5,held,0.1.0
409,P24288,AlphaFold_DB,AF-P24288-F1,A,1,,pending,,,6,held,0.1.0
410,P24549,AlphaFold_DB,AF-P24549-F1,A,1,,pending,,,11,held,0.1.0
411,P24549,PDBe_SIFTS,7yob,A,1,1,pending,,,11,held,0.1.0
412,P24549,PDBe_SIFTS,7yob,B,1,1,pending,,,11,held,0.1.0
413,P24549,PDBe_SIFTS,7yob,C,1,1,pending,,,11,held,0.1.0
414,P24549,PDBe_SIFTS,7yob,D,1,1,pending,,,11,held,0.1.0
415,P24549,PDBe_SIFTS,7yob,E,1,2,pending,,,11,held,0.1.0
416,P24549,PDBe_SIFTS,7yob,H,1,2,pending,,,11,held,0.1.0
417,P24549,PDBe_SIFTS,7yob,F,1,2,pending,,,11,held,0.1.0
418,P24549,PDBe_SIFTS,7yob,G,1,2,pending,,,11,held,0.1.0
419,P24860,AlphaFold_DB,AF-P24860-F1,A,1,,pending,,,4,held,0.1.0
420,P26049,AlphaFold_DB,AF-P26049-F1,A,1,,pending,,,4,held,0.1.0
421,P26049,PDBe_SIFTS,8g4x,G,1,1,pending,,,4,held,0.1.0
422,P26049,PDBe_SIFTS,8g5f,A,1,1,pending,,,4,held,0.1.0
423,P26049,PDBe_SIFTS,8g5g,G,1,1,pending,,,4,held,0.1.0
424,P26049,PDBe_SIFTS,8g5h,G,1,1,pending,,,4,held,0.1.0
425,P26450,AlphaFold_DB,AF-P26450-F1,A,1,,pending,,,5,held,0.1.0
427,P26618,AlphaFold_DB,AF-P26618-F1,A,1,,pending,,,8,held,0.1.0
428,P27671,AlphaFold_DB,AF-P27671-F1,A,1,,pending,,,6,held,0.1.0
429,P27671,PDBe_SIFTS,2ije,A,1,1,pending,,,4,held,0.1.0
430,P27784,AlphaFold_DB,AF-P27784-F1,A,1,,pending,,,4,held,0.1.0
431,P28301,AlphaFold_DB,AF-P28301-F1,A,1,,pending,,,4,held,0.1.0
432,P28652,AlphaFold_DB,AF-P28652-F1,A,1,,pending,,,9,held,0.1.0
433,P28654,AlphaFold_DB,AF-P28654-F1,A,1,,pending,,,5,held,0.1.0
434,P28843,AlphaFold_DB,AF-P28843-F1,A,1,,pending,,,12,held,0.1.0
435,P29268,AlphaFold_DB,AF-P29268-F1,A,1,,pending,,,19,held,0.1.0
436,P29352,AlphaFold_DB,AF-P29352-F1,A,1,,pending,,,7,held,0.1.0
438,P29452,AlphaFold_DB,AF-P29452-F1,A,1,,pending,,,6,held,0.1.0
439,P29754,AlphaFold_DB,AF-P29754-F1,A,1,,pending,,,8,held,0.1.0
440,P30276,AlphaFold_DB,AF-P30276-F1,A,1,,pending,,,3,held,0.1.0
441,P30545,AlphaFold_DB,AF-P30545-F1,A,1,,pending,,,8,held,0.1.0
442,P30658,AlphaFold_DB,AF-P30658-F1,A,1,,pending,,,1,held,0.1.0
443,P30681,AlphaFold_DB,AF-P30681-F1,A,1,,pending,,,2,held,0.1.0
447,P30731,AlphaFold_DB,AF-P30731-F1,A,1,,pending,,,8,held,0.1.0
449,P31310,AlphaFold_DB,AF-P31310-F1,A,1,,pending,,,1,held,0.1.0
450,P31428,AlphaFold_DB,AF-P31428-F1,A,1,,pending,,,7,held,0.1.0
451,P31648,AlphaFold_DB,AF-P31648-F1,A,1,,pending,,,14,held,0.1.0
452,P31750,AlphaFold_DB,AF-P31750-F1,A,1,,pending,,,2,held,0.1.0
453,P35413,AlphaFold_DB,AF-P35413-F1,A,1,,pending,,,7,held,0.1.0
455,P37804,AlphaFold_DB,AF-P37804-F1,A,1,,pending,,,1,held,0.1.0
457,P38060,AlphaFold_DB,AF-P38060-F1,A,1,,pending,,,6,held,0.1.0
458,P38585,AlphaFold_DB,AF-P38585-F1,A,1,,pending,,,5,held,0.1.0
459,P39689,AlphaFold_DB,AF-P39689-F1,A,1,,pending,,,3,held,0.1.0
461,P40224,AlphaFold_DB,AF-P40224-F1,A,1,,pending,,,1,held,0.1.0
462,P40749,AlphaFold_DB,AF-P40749-F1,A,1,,pending,,,2,held,0.1.0
463,P40936,AlphaFold_DB,AF-P40936-F1,A,1,,pending,,,11,held,0.1.0
464,P41588,AlphaFold_DB,AF-P41588-F1,A,1,,pending,,,5,held,0.1.0
465,P43252,AlphaFold_DB,AF-P43252-F1,A,1,,pending,,,7,held,0.1.0
466,P43252,PDBe_SIFTS,4f8k,A,1,1,pending,,,2,held,0.1.0
467,P43252,PDBe_SIFTS,4f8k,B,1,2,pending,,,2,held,0.1.0
469,P43883,AlphaFold_DB,AF-P43883-F1,A,1,,pending,,,1,held,0.1.0
470,P47242,AlphaFold_DB,AF-P47242-F1,A,1,,pending,,,3,held,0.1.0
471,P47801,AlphaFold_DB,AF-P47801-F1,A,1,,pending,,,5,held,0.1.0
473,P47880,AlphaFold_DB,AF-P47880-F1,A,1,,pending,,,8,held,0.1.0
474,P48168,AlphaFold_DB,AF-P48168-F1,A,1,,pending,,,7,held,0.1.0
476,P48193,AlphaFold_DB,AF-P48193-F1,A,1,,pending,,,7,held,0.1.0
477,P48302,AlphaFold_DB,AF-P48302-F1,A,1,,pending,,,6,held,0.1.0
478,P48316,AlphaFold_DB,AF-P48316-F1,A,1,,pending,,,6,held,0.1.0
479,P48744,AlphaFold_DB,AF-P48744-F1,A,1,,pending,,,11,held,0.1.0
480,P49710,AlphaFold_DB,AF-P49710-F1,A,1,,pending,,,1,held,0.1.0
482,P49817,AlphaFold_DB,AF-P49817-F1,A,1,,pending,,,1,held,0.1.0
485,P50114,AlphaFold_DB,AF-P50114-F1,A,1,,pending,,,1,held,0.1.0
487,P50540,AlphaFold_DB,AF-P50540-F1,A,1,,pending,,,1,held,0.1.0
488,P50544,AlphaFold_DB,AF-P50544-F1,A,1,,pending,,,7,held,0.1.0
489,P50544,PDBe_SIFTS,8ca1,B,1,1,pending,,,7,held,0.1.0
490,P50544,PDBe_SIFTS,8ca1,A,1,1,pending,,,7,held,0.1.0
491,P50571,AlphaFold_DB,AF-P50571-F1,A,1,,pending,,,3,held,0.1.0
492,P51163,AlphaFold_DB,AF-P51163-F1,A,1,,pending,,,5,held,0.1.0
493,P51569,AlphaFold_DB,AF-P51569-F1,A,1,,pending,,,14,held,0.1.0
494,P51642,AlphaFold_DB,AF-P51642-F1,A,1,,pending,,,1,held,0.1.0
495,P51670,AlphaFold_DB,AF-P51670-F1,A,1,,pending,,,4,held,0.1.0
496,P51860,AlphaFold_DB,AF-P51860-F1,A,1,,pending,,,1,held,0.1.0
497,P51880,AlphaFold_DB,AF-P51880-F1,A,1,,pending,,,4,held,0.1.0
498,P51910,AlphaFold_DB,AF-P51910-F1,A,1,,pending,,,2,held,0.1.0
499,P51945,AlphaFold_DB,AF-P51945-F1,A,1,,pending,,,7,held,0.1.0
500,P52019,AlphaFold_DB,AF-P52019-F1,A,1,,pending,,,2,held,0.1.0
501,P52293,AlphaFold_DB,AF-P52293-F1,A,1,,pending,,,6,held,0.1.0
502,P52293,PDBe_SIFTS,1ejl,C,1,1,pending,,,6,held,0.1.0
503,P52293,PDBe_SIFTS,1ejy,B,1,1,pending,,,6,held,0.1.0
504,P52293,PDBe_SIFTS,1ial,A,1,1,pending,,,6,held,0.1.0
507,P52293,PDBe_SIFTS,1iq1,C,1,1,pending,,,6,held,0.1.0
508,P52293,PDBe_SIFTS,1pjm,B,1,1,pending,,,6,held,0.1.0
512,P52293,PDBe_SIFTS,1y2a,A,1,1,pending,,,6,held,0.1.0
513,P52293,PDBe_SIFTS,23qh,A,1,1,pending,,,6,held,0.1.0
514,P52293,PDBe_SIFTS,2c1m,A,1,1,pending,,,6,held,0.1.0
516,P52293,PDBe_SIFTS,3btr,A,1,1,pending,,,6,held,0.1.0
517,P52293,PDBe_SIFTS,3knd,A,1,1,pending,,,6,held,0.1.0
518,P52293,PDBe_SIFTS,3l3q,A,1,1,pending,,,6,held,0.1.0
519,P52293,PDBe_SIFTS,3oqs,B,1,1,pending,,,6,held,0.1.0
520,P52293,PDBe_SIFTS,3q5u,A,1,1,pending,,,6,held,0.1.0
521,P52293,PDBe_SIFTS,3rz9,A,1,1,pending,,,6,held,0.1.0
522,P52293,PDBe_SIFTS,3rzx,A,1,1,pending,,,6,held,0.1.0
523,P52293,PDBe_SIFTS,3tpm,A,1,1,pending,,,6,held,0.1.0
524,P52293,PDBe_SIFTS,3tpo,A,1,1,pending,,,6,held,0.1.0
525,P52293,PDBe_SIFTS,3ukw,A,1,1,pending,,,6,held,0.1.0
526,P52293,PDBe_SIFTS,3ukx,A,1,1,pending,,,6,held,0.1.0
527,P52293,PDBe_SIFTS,3uky,A,1,1,pending,,,6,held,0.1.0
528,P52293,PDBe_SIFTS,3ukz,A,1,1,pending,,,6,held,0.1.0
529,P52293,PDBe_SIFTS,3ul0,A,1,1,pending,,,6,held,0.1.0
530,P52293,PDBe_SIFTS,3ul1,A,1,1,pending,,,6,held,0.1.0
531,P52293,PDBe_SIFTS,3uvu,B,1,1,pending,,,6,held,0.1.0
532,P52293,PDBe_SIFTS,3ve6,A,1,1,pending,,,6,held,0.1.0
533,P52293,PDBe_SIFTS,3zin,A,1,1,pending,,,6,held,0.1.0
534,P52293,PDBe_SIFTS,3zio,A,1,1,pending,,,6,held,0.1.0
535,P52293,PDBe_SIFTS,3zip,A,1,1,pending,,,6,held,0.1.0
536,P52293,PDBe_SIFTS,3ziq,A,1,1,pending,,,6,held,0.1.0
537,P52293,PDBe_SIFTS,3zir,A,1,1,pending,,,6,held,0.1.0
538,P52293,PDBe_SIFTS,4ba3,A,1,1,pending,,,6,held,0.1.0
539,P52293,PDBe_SIFTS,4htv,A,1,1,pending,,,6,held,0.1.0
540,P52293,PDBe_SIFTS,4mz5,C,1,1,pending,,,6,held,0.1.0
541,P52293,PDBe_SIFTS,4mz6,C,1,1,pending,,,6,held,0.1.0
542,P52293,PDBe_SIFTS,4oih,A,1,1,pending,,,6,held,0.1.0
543,P52293,PDBe_SIFTS,4u54,A,1,1,pending,,,6,held,0.1.0
544,P52293,PDBe_SIFTS,4u58,A,1,1,pending,,,6,held,0.1.0
545,P52293,PDBe_SIFTS,4u5l,A,1,1,pending,,,6,held,0.1.0
546,P52293,PDBe_SIFTS,4u5n,A,1,1,pending,,,6,held,0.1.0
547,P52293,PDBe_SIFTS,4u5o,A,1,1,pending,,,6,held,0.1.0
548,P52293,PDBe_SIFTS,4u5s,A,1,1,pending,,,6,held,0.1.0
549,P52293,PDBe_SIFTS,4u5u,A,1,1,pending,,,6,held,0.1.0
550,P52293,PDBe_SIFTS,4u5v,A,1,1,pending,,,6,held,0.1.0
551,P52293,PDBe_SIFTS,4uaf,A,1,1,pending,,,6,held,0.1.0
552,P52293,PDBe_SIFTS,4yi0,A,1,1,pending,,,6,held,0.1.0
553,P52293,PDBe_SIFTS,4zdu,A,1,1,pending,,,6,held,0.1.0
554,P52293,PDBe_SIFTS,5b56,A,1,1,pending,,,6,held,0.1.0
555,P52293,PDBe_SIFTS,5b56,B,1,1,pending,,,6,held,0.1.0
556,P52293,PDBe_SIFTS,5ctt,A,1,1,pending,,,6,held,0.1.0
557,P52293,PDBe_SIFTS,5d5k,A,1,1,pending,,,6,held,0.1.0
558,P52293,PDBe_SIFTS,5e6q,A,1,1,pending,,,6,held,0.1.0
559,P52293,PDBe_SIFTS,5ekf,C,1,1,pending,,,6,held,0.1.0
560,P52293,PDBe_SIFTS,5ekg,C,1,1,pending,,,6,held,0.1.0
561,P52293,PDBe_SIFTS,5fc8,B,1,1,pending,,,6,held,0.1.0
562,P52293,PDBe_SIFTS,5gxw,A,1,1,pending,,,6,held,0.1.0
563,P52293,PDBe_SIFTS,5hhg,B,1,1,pending,,,6,held,0.1.0
564,P52293,PDBe_SIFTS,5huw,A,1,1,pending,,,6,held,0.1.0
565,P52293,PDBe_SIFTS,5huy,A,1,1,pending,,,6,held,0.1.0
566,P52293,PDBe_SIFTS,5k9s,A,1,1,pending,,,6,held,0.1.0
567,P52293,PDBe_SIFTS,5klr,A,1,1,pending,,,6,held,0.1.0
568,P52293,PDBe_SIFTS,5klt,A,1,1,pending,,,6,held,0.1.0
569,P52293,PDBe_SIFTS,5svz,A,1,1,pending,,,6,held,0.1.0
570,P52293,PDBe_SIFTS,5u5p,C,1,1,pending,,,6,held,0.1.0
571,P52293,PDBe_SIFTS,5u5r,A,1,1,pending,,,6,held,0.1.0
572,P52293,PDBe_SIFTS,5umz,A,1,1,pending,,,6,held,0.1.0
573,P52293,PDBe_SIFTS,5v5o,A,1,1,pending,,,6,held,0.1.0
574,P52293,PDBe_SIFTS,5v5p,A,1,1,pending,,,6,held,0.1.0
575,P52293,PDBe_SIFTS,5w41,A,1,1,pending,,,6,held,0.1.0
576,P52293,PDBe_SIFTS,5w4e,A,1,1,pending,,,6,held,0.1.0
578,P52293,PDBe_SIFTS,5w4f,A,1,1,pending,,,6,held,0.1.0
579,P52293,PDBe_SIFTS,5w4g,A,1,1,pending,,,6,held,0.1.0
580,P52293,PDBe_SIFTS,5wum,A,1,1,pending,,,6,held,0.1.0
581,P52293,PDBe_SIFTS,5wun,A,1,1,pending,,,6,held,0.1.0
582,P52293,PDBe_SIFTS,5x8n,A,1,1,pending,,,6,held,0.1.0
583,P52293,PDBe_SIFTS,6bvt,A,1,1,pending,,,6,held,0.1.0
584,P52293,PDBe_SIFTS,6bw0,B,1,1,pending,,,6,held,0.1.0
585,P52293,PDBe_SIFTS,6bw1,B,1,1,pending,,,6,held,0.1.0
586,P52293,PDBe_SIFTS,6d7m,A,1,1,pending,,,6,held,0.1.0
587,P52293,PDBe_SIFTS,6d7n,A,1,1,pending,,,6,held,0.1.0
589,P52293,PDBe_SIFTS,6iu7,A,1,1,pending,,,6,held,0.1.0
590,P52293,PDBe_SIFTS,6iua,A,1,1,pending,,,6,held,0.1.0
591,P52293,PDBe_SIFTS,6iw8,B,1,1,pending,,,6,held,0.1.0
592,P52293,PDBe_SIFTS,6iwa,B,1,1,pending,,,6,held,0.1.0
593,P52293,PDBe_SIFTS,6k06,B,1,1,pending,,,6,held,0.1.0
594,P52293,PDBe_SIFTS,6mjl,A,1,1,pending,,,6,held,0.1.0
595,P52293,PDBe_SIFTS,6p6a,A,1,1,pending,,,6,held,0.1.0
596,P52293,PDBe_SIFTS,6p6e,A,1,1,pending,,,6,held,0.1.0
597,P52293,PDBe_SIFTS,6wba,A,1,1,pending,,,6,held,0.1.0
598,P52293,PDBe_SIFTS,6wbb,A,1,1,pending,,,6,held,0.1.0
599,P52293,PDBe_SIFTS,6wbc,A,1,1,pending,,,6,held,0.1.0
600,P52293,PDBe_SIFTS,6wx7,A,1,1,pending,,,6,held,0.1.0
601,P52293,PDBe_SIFTS,7jjm,B,1,1,pending,,,6,held,0.1.0
602,P52293,PDBe_SIFTS,7jk7,B,1,1,pending,,,6,held,0.1.0
603,P52293,PDBe_SIFTS,7jvo,A,1,1,pending,,,6,held,0.1.0
604,P52293,PDBe_SIFTS,7l04,B,1,1,pending,,,6,held,0.1.0
605,P52293,PDBe_SIFTS,7leq,A,1,1,pending,,,6,held,0.1.0
606,P52293,PDBe_SIFTS,7let,A,1,1,pending,,,6,held,0.1.0
607,P52293,PDBe_SIFTS,7leu,A,1,1,pending,,,6,held,0.1.0
608,P52293,PDBe_SIFTS,7m60,C,1,1,pending,,,6,held,0.1.0
609,P52293,PDBe_SIFTS,7rfx,A,1,1,pending,,,6,held,0.1.0
610,P52293,PDBe_SIFTS,7rfz,A,1,1,pending,,,6,held,0.1.0
611,P52293,PDBe_SIFTS,7rg0,A,1,1,pending,,,6,held,0.1.0
612,P52293,PDBe_SIFTS,7rg1,A,1,1,pending,,,6,held,0.1.0
613,P52293,PDBe_SIFTS,7rg2,A,1,1,pending,,,6,held,0.1.0
614,P52293,PDBe_SIFTS,7rg3,A,1,1,pending,,,6,held,0.1.0
615,P52293,PDBe_SIFTS,7rg4,A,1,1,pending,,,6,held,0.1.0
616,P52293,PDBe_SIFTS,7rg6,A,1,1,pending,,,6,held,0.1.0
617,P52293,PDBe_SIFTS,7tmx,A,1,1,pending,,,6,held,0.1.0
618,P52293,PDBe_SIFTS,7tmy,A,1,1,pending,,,6,held,0.1.0
619,P52293,PDBe_SIFTS,7umi,B,1,1,pending,,,6,held,0.1.0
620,P52293,PDBe_SIFTS,8ech,B,1,1,pending,,,6,held,0.1.0
621,P52293,PDBe_SIFTS,8f2q,A,1,1,pending,,,6,held,0.1.0
622,P52293,PDBe_SIFTS,8fk3,A,1,1,pending,,,6,held,0.1.0
623,P52293,PDBe_SIFTS,8fua,A,1,1,pending,,,6,held,0.1.0
624,P52293,PDBe_SIFTS,8fuc,B,1,1,pending,,,6,held,0.1.0
625,P52293,PDBe_SIFTS,8g8q,A,1,1,pending,,,6,held,0.1.0
626,P52293,PDBe_SIFTS,8g8r,A,1,1,pending,,,6,held,0.1.0
627,P52293,PDBe_SIFTS,8g8s,A,1,1,pending,,,6,held,0.1.0
628,P52293,PDBe_SIFTS,8he0,A,1,1,pending,,,6,held,0.1.0
629,P52293,PDBe_SIFTS,8he3,A,1,1,pending,,,6,held,0.1.0
630,P52293,PDBe_SIFTS,8q8k,A,1,1,pending,,,6,held,0.1.0
631,P52293,PDBe_SIFTS,8q8k,B,1,2,pending,,,6,held,0.1.0
632,P52293,PDBe_SIFTS,8qxw,A,1,1,pending,,,6,held,0.1.0
633,P52293,PDBe_SIFTS,8qxx,A,1,1,pending,,,6,held,0.1.0
634,P52293,PDBe_SIFTS,8sg7,A,1,1,pending,,,6,held,0.1.0
635,P52293,PDBe_SIFTS,8sud,A,1,1,pending,,,6,held,0.1.0
636,P52293,PDBe_SIFTS,8sv0,A,1,1,pending,,,6,held,0.1.0
637,P52293,PDBe_SIFTS,8tuq,A,1,1,pending,,,6,held,0.1.0
638,P52293,PDBe_SIFTS,8tur,A,1,1,pending,,,6,held,0.1.0
639,P52293,PDBe_SIFTS,8tus,A,1,1,pending,,,6,held,0.1.0
640,P52293,PDBe_SIFTS,8tut,A,1,1,pending,,,6,held,0.1.0
641,P52293,PDBe_SIFTS,8tuu,A,1,1,pending,,,6,held,0.1.0
642,P52293,PDBe_SIFTS,8tuv,A,1,1,pending,,,6,held,0.1.0
643,P52293,PDBe_SIFTS,8u36,A,1,1,pending,,,6,held,0.1.0
644,P52293,PDBe_SIFTS,8vpr,A,1,1,pending,,,6,held,0.1.0
645,P52293,PDBe_SIFTS,8vpu,A,1,1,pending,,,6,held,0.1.0
646,P52293,PDBe_SIFTS,9cft,A,1,1,pending,,,6,held,0.1.0
647,P52293,PDBe_SIFTS,9cl8,A,1,1,pending,,,6,held,0.1.0
648,P52293,PDBe_SIFTS,9cle,A,1,1,pending,,,6,held,0.1.0
649,P52293,PDBe_SIFTS,9clf,A,1,1,pending,,,6,held,0.1.0
650,P52293,PDBe_SIFTS,9clg,A,1,1,pending,,,6,held,0.1.0
651,P52293,PDBe_SIFTS,9mik,B,1,1,pending,,,6,held,0.1.0
652,P52293,PDBe_SIFTS,9mka,B,1,1,pending,,,6,held,0.1.0
653,P52293,PDBe_SIFTS,9n54,A,1,1,pending,,,6,held,0.1.0
654,P52293,PDBe_SIFTS,9nib,A,1,1,pending,,,6,held,0.1.0
655,P52293,PDBe_SIFTS,9nz1,A,1,1,pending,,,6,held,0.1.0
656,P52293,PDBe_SIFTS,9ovz,A,1,1,pending,,,6,held,0.1.0
657,P52293,PDBe_SIFTS,9pyr,B,1,1,pending,,,6,held,0.1.0
658,P52293,PDBe_SIFTS,9y0r,A,1,1,pending,,,6,held,0.1.0
659,P52293,PDBe_SIFTS,9y7k,A,1,1,pending,,,6,held,0.1.0
660,P52293,PDBe_SIFTS,9ytz,A,1,1,pending,,,6,held,0.1.0
661,P52293,PDBe_SIFTS,9yy4,A,1,1,pending,,,6,held,0.1.0
662,P52825,AlphaFold_DB,AF-P52825-F1,A,1,,pending,,,8,held,0.1.0
663,P54130,AlphaFold_DB,AF-P54130-F1,A,1,,pending,,,2,held,0.1.0
665,P54369,AlphaFold_DB,AF-P54369-F1,A,1,,pending,,,2,held,0.1.0
666,P55271,AlphaFold_DB,AF-P55271-F1,A,1,,pending,,,2,held,0.1.0
670,P56375,AlphaFold_DB,AF-P56375-F1,A,1,,pending,,,1,held,0.1.0
671,P56389,AlphaFold_DB,AF-P56389-F1,A,1,,pending,,,6,held,0.1.0
672,P56389,PDBe_SIFTS,1zab,A,1,1;2,pending,,,6,held,0.1.0
673,P56389,PDBe_SIFTS,1zab,B,1,1;2,pending,,,6,held,0.1.0
674,P56389,PDBe_SIFTS,1zab,C,1,1;2,pending,,,6,held,0.1.0
675,P56389,PDBe_SIFTS,1zab,D,1,1;2,pending,,,6,held,0.1.0
676,P56389,PDBe_SIFTS,2fr5,A,1,1;2,pending,,,6,held,0.1.0
677,P56389,PDBe_SIFTS,2fr5,B,1,1;2,pending,,,6,held,0.1.0
678,P56389,PDBe_SIFTS,2fr5,C,1,1;2,pending,,,6,held,0.1.0
679,P56389,PDBe_SIFTS,2fr5,D,1,1;2,pending,,,6,held,0.1.0
680,P56389,PDBe_SIFTS,2fr6,A,1,1;2;3,pending,,,6,held,0.1.0
681,P56389,PDBe_SIFTS,2fr6,B,1,1;2;3,pending,,,6,held,0.1.0
682,P56389,PDBe_SIFTS,2fr6,C,1,1;2;3,pending,,,6,held,0.1.0
683,P56389,PDBe_SIFTS,2fr6,D,1,1;2;3,pending,,,6,held,0.1.0
684,P56392,AlphaFold_DB,AF-P56392-F1,A,1,,pending,,,2,held,0.1.0
686,P56476,AlphaFold_DB,AF-P56476-F1,A,1,,pending,,,2,held,0.1.0
687,P56481,AlphaFold_DB,AF-P56481-F1,A,1,,pending,,,5,held,0.1.0
688,P56485,AlphaFold_DB,AF-P56485-F1,A,1,,pending,,,8,held,0.1.0
689,P57787,AlphaFold_DB,AF-P57787-F1,A,1,,pending,,,7,held,0.1.0
690,P58006,AlphaFold_DB,AF-P58006-F1,A,1,,pending,,,5,held,0.1.0
692,P58044,AlphaFold_DB,AF-P58044-F1,A,1,,pending,,,6,held,0.1.0
695,P58459,AlphaFold_DB,AF-P58459-F1,A,1,,pending,,,13,held,0.1.0
700,P58462,AlphaFold_DB,AF-P58462-F1,A,1,,pending,,,1,held,0.1.0
701,P58686,AlphaFold_DB,AF-P58686-F1,A,1,,pending,,,1,held,0.1.0
702,P58742,AlphaFold_DB,AF-P58742-F1,A,1,,pending,,,6,held,0.1.0
703,P61014,AlphaFold_DB,AF-P61014-F1,A,1,,pending,,,3,held,0.1.0
705,P61027,AlphaFold_DB,AF-P61027-F1,A,1,,pending,,,2,held,0.1.0
706,P61079,AlphaFold_DB,AF-P61079-F1,A,1,,pending,,,4,held,0.1.0
707,P61079,PDBe_SIFTS,12dl,Y,1,1,pending,,,4,held,0.1.0
708,P61079,PDBe_SIFTS,12dl,Z,1,1,pending,,,4,held,0.1.0
709,P61079,PDBe_SIFTS,24mc,AA,1,1,pending,,,4,held,0.1.0
710,P61079,PDBe_SIFTS,24mc,CA,1,1,pending,,,4,held,0.1.0
711,P61079,PDBe_SIFTS,9sfp,Y,1,1,pending,,,4,held,0.1.0
722,P61079,PDBe_SIFTS,9w2m,I,1,1,pending,,,4,held,0.1.0
723,P61079,PDBe_SIFTS,9w2m,T,1,1,pending,,,4,held,0.1.0
724,P61079,PDBe_SIFTS,9xrl,LB,1,1,pending,,,4,held,0.1.0
725,P61079,PDBe_SIFTS,9xrl,NA,1,1,pending,,,3,held,0.1.0
726,P61079,PDBe_SIFTS,9xrl,QA,1,1,pending,,,4,held,0.1.0
727,P61213,AlphaFold_DB,AF-P61213-F1,A,1,,pending,,,3,held,0.1.0
729,P61971,AlphaFold_DB,AF-P61971-F1,A,1,,pending,,,3,held,0.1.0
730,P62073,AlphaFold_DB,AF-P62073-F1,A,1,,pending,,,4,held,0.1.0
731,P62080,AlphaFold_DB,AF-P62080-F1,A,1,,pending,,,10,held,0.1.0
732,P62334,AlphaFold_DB,AF-P62334-F1,A,1,,pending,,,2,held,0.1.0
733,P62700,AlphaFold_DB,AF-P62700-F1,A,1,,pending,,,4,held,0.1.0
734,P62827,AlphaFold_DB,AF-P62827-F1,A,1,,pending,,,3,held,0.1.0
735,P63037,AlphaFold_DB,AF-P63037-F1,A,1,,pending,,,4,held,0.1.0
737,P63038,AlphaFold_DB,AF-P63038-F1,A,1,,pending,,,3,held,0.1.0
738,P63078,AlphaFold_DB,AF-P63078-F1,A,1,,pending,,,1,held,0.1.0
740,P63087,AlphaFold_DB,AF-P63087-F1,A,1,,pending,,,12,held,0.1.0
741,P63087,PDBe_SIFTS,4v0u,D,1,5,pending,,,13,held,0.1.0
742,P63087,PDBe_SIFTS,4v0u,F,1,2,pending,,,13,held,0.1.0
743,P63087,PDBe_SIFTS,4v0u,H,1,4,pending,,,13,held,0.1.0
744,P63087,PDBe_SIFTS,4v0u,J,1,1,pending,,,13,held,0.1.0
745,P63087,PDBe_SIFTS,4v0u,N,1,3,pending,,,13,held,0.1.0
746,P63087,PDBe_SIFTS,4v0v,A,1,1,pending,,,13,held,0.1.0
747,P63087,PDBe_SIFTS,4v0v,C,1,2,pending,,,13,held,0.1.0
748,P63087,PDBe_SIFTS,4v0w,A,1,1,pending,,,13,held,0.1.0
749,P63087,PDBe_SIFTS,4v0w,C,1,2,pending,,,13,held,0.1.0
750,P63087,PDBe_SIFTS,4v0x,A,1,1,pending,,,13,held,0.1.0
751,P63087,PDBe_SIFTS,9ijj,LP,1,1,pending,,,13,held,0.1.0
752,P63168,AlphaFold_DB,AF-P63168-F1,A,1,,pending,,,2,held,0.1.0
753,P63239,AlphaFold_DB,AF-P63239-F1,A,1,,pending,,,8,held,0.1.0
757,P63254,AlphaFold_DB,AF-P63254-F1,A,1,,pending,,,7,held,0.1.0
758,P63268,AlphaFold_DB,AF-P63268-F1,A,1,,pending,,,6,held,0.1.0
759,P68368,AlphaFold_DB,AF-P68368-F1,A,1,,pending,,,12,held,0.1.0
773,P70120,AlphaFold_DB,AF-P70120-F1,A,1,,pending,,,1,held,0.1.0
776,P70170,AlphaFold_DB,AF-P70170-F1,A,1,,pending,,,12,held,0.1.0
777,P70210,AlphaFold_DB,AF-P70210-F1,A,1,,pending,,,1,held,0.1.0
778,P70245,AlphaFold_DB,AF-P70245-F1,A,1,,pending,,,4,held,0.1.0
779,P70378,AlphaFold_DB,AF-P70378-F1,A,1,,pending,,,3,held,0.1.0
780,P70423,AlphaFold_DB,AF-P70423-F1,A,1,,pending,,,5,held,0.1.0
782,P86046,AlphaFold_DB,AF-P86046-F1,A,1,,pending,,,4,held,0.1.0
784,P97315,AlphaFold_DB,AF-P97315-F1,A,1,,pending,,,1,held,0.1.0
785,P97430,AlphaFold_DB,AF-P97430-F1,A,1,,pending,,,15,held,0.1.0
787,P97794,AlphaFold_DB,AF-P97794-F1,A,1,,pending,,,6,held,0.1.0
790,P98083,AlphaFold_DB,AF-P98083-F1,A,1,,pending,,,3,held,0.1.0
791,Q00519,AlphaFold_DB,AF-Q00519-F1,A,1,,pending,,,31,held,0.1.0
792,Q01320,AlphaFold_DB,AF-Q01320-F1,A,1,,pending,,,9,held,0.1.0
793,Q01721,AlphaFold_DB,AF-Q01721-F1,A,1,,pending,,,17,held,0.1.0
794,Q02788,AlphaFold_DB,AF-Q02788-F1,A,1,,pending,,,1,held,0.1.0
795,Q03160,AlphaFold_DB,AF-Q03160-F1,A,1,,pending,,,11,held,0.1.0
797,Q03526,PDBe_SIFTS,1awj,A,1,1,pending,,,1,held,0.1.0
804,Q03526,PDBe_SIFTS,2k79,A,1,1,pending,,,1,held,0.1.0
806,Q03526,PDBe_SIFTS,2k7a,A,1,1,pending,,,1,held,0.1.0
806,Q03526,PDBe_SIFTS,2k7a,A,10,1,pending,,,1,held,0.1.0
806,Q03526,PDBe_SIFTS,2k7a,A,11,1,pending,,,1,held,0.1.0
806,Q03526,PDBe_SIFTS,2k7a,A,12,1,pending,,,1,held,0.1.0
806,Q03526,PDBe_SIFTS,2k7a,A,13,1,pending,,,1,held,0.1.0
806,Q03526,PDBe_SIFTS,2k7a,A,14,1,pending,,,1,held,0.1.0
806,Q03526,PDBe_SIFTS,2k7a,A,15,1,pending,,,1,held,0.1.0
806,Q03526,PDBe_SIFTS,2k7a,A,16,1,pending,,,1,held,0.1.0
806,Q03526,PDBe_SIFTS,2k7a,A,17,1,pending,,,1,held,0.1.0
806,Q03526,PDBe_SIFTS,2k7a,A,18,1,pending,,,1,held,0.1.0
806,Q03526,PDBe_SIFTS,2k7a,A,19,1,pending,,,1,held,0.1.0
806,Q03526,PDBe_SIFTS,2k7a,A,2,1,pending,,,1,held,0.1.0
806,Q03526,PDBe_SIFTS,2k7a,A,20,1,pending,,,1,held,0.1.0
806,Q03526,PDBe_SIFTS,2k7a,A,3,1,pending,,,1,held,0.1.0
806,Q03526,PDBe_SIFTS,2k7a,A,4,1,pending,,,1,held,0.1.0
806,Q03526,PDBe_SIFTS,2k7a,A,5,1,pending,,,1,held,0.1.0
806,Q03526,PDBe_SIFTS,2k7a,A,6,1,pending,,,1,held,0.1.0
806,Q03526,PDBe_SIFTS,2k7a,A,7,1,pending,,,1,held,0.1.0
806,Q03526,PDBe_SIFTS,2k7a,A,8,1,pending,,,1,held,0.1.0
806,Q03526,PDBe_SIFTS,2k7a,A,9,1,pending,,,1,held,0.1.0
808,Q03526,PDBe_SIFTS,2rn8,A,1,1,pending,,,1,held,0.1.0
808,Q03526,PDBe_SIFTS,2rn8,A,10,1,pending,,,1,held,0.1.0
808,Q03526,PDBe_SIFTS,2rn8,A,11,1,pending,,,1,held,0.1.0
808,Q03526,PDBe_SIFTS,2rn8,A,12,1,pending,,,1,held,0.1.0
808,Q03526,PDBe_SIFTS,2rn8,A,13,1,pending,,,1,held,0.1.0
808,Q03526,PDBe_SIFTS,2rn8,A,14,1,pending,,,1,held,0.1.0
808,Q03526,PDBe_SIFTS,2rn8,A,15,1,pending,,,1,held,0.1.0
808,Q03526,PDBe_SIFTS,2rn8,A,16,1,pending,,,1,held,0.1.0
808,Q03526,PDBe_SIFTS,2rn8,A,17,1,pending,,,1,held,0.1.0
808,Q03526,PDBe_SIFTS,2rn8,A,18,1,pending,,,1,held,0.1.0
808,Q03526,PDBe_SIFTS,2rn8,A,19,1,pending,,,1,held,0.1.0
808,Q03526,PDBe_SIFTS,2rn8,A,2,1,pending,,,1,held,0.1.0
808,Q03526,PDBe_SIFTS,2rn8,A,20,1,pending,,,1,held,0.1.0
808,Q03526,PDBe_SIFTS,2rn8,A,3,1,pending,,,1,held,0.1.0
808,Q03526,PDBe_SIFTS,2rn8,A,4,1,pending,,,1,held,0.1.0
808,Q03526,PDBe_SIFTS,2rn8,A,5,1,pending,,,1,held,0.1.0
808,Q03526,PDBe_SIFTS,2rn8,A,6,1,pending,,,1,held,0.1.0
808,Q03526,PDBe_SIFTS,2rn8,A,7,1,pending,,,1,held,0.1.0
808,Q03526,PDBe_SIFTS,2rn8,A,8,1,pending,,,1,held,0.1.0
808,Q03526,PDBe_SIFTS,2rn8,A,9,1,pending,,,1,held,0.1.0
809,Q03526,PDBe_SIFTS,2rna,A,1,1,pending,,,1,held,0.1.0
798,Q03526,PDBe_SIFTS,1lui,A,1,1,pending,,,2,held,0.1.0
798,Q03526,PDBe_SIFTS,1lui,A,10,1,pending,,,2,held,0.1.0
798,Q03526,PDBe_SIFTS,1lui,A,11,1,pending,,,2,held,0.1.0
798,Q03526,PDBe_SIFTS,1lui,A,12,1,pending,,,2,held,0.1.0
798,Q03526,PDBe_SIFTS,1lui,A,13,1,pending,,,2,held,0.1.0
798,Q03526,PDBe_SIFTS,1lui,A,14,1,pending,,,2,held,0.1.0
798,Q03526,PDBe_SIFTS,1lui,A,15,1,pending,,,2,held,0.1.0
798,Q03526,PDBe_SIFTS,1lui,A,16,1,pending,,,2,held,0.1.0
798,Q03526,PDBe_SIFTS,1lui,A,17,1,pending,,,2,held,0.1.0
798,Q03526,PDBe_SIFTS,1lui,A,18,1,pending,,,2,held,0.1.0
798,Q03526,PDBe_SIFTS,1lui,A,19,1,pending,,,2,held,0.1.0
798,Q03526,PDBe_SIFTS,1lui,A,2,1,pending,,,2,held,0.1.0
798,Q03526,PDBe_SIFTS,1lui,A,20,1,pending,,,2,held,0.1.0
798,Q03526,PDBe_SIFTS,1lui,A,3,1,pending,,,2,held,0.1.0
798,Q03526,PDBe_SIFTS,1lui,A,4,1,pending,,,2,held,0.1.0
798,Q03526,PDBe_SIFTS,1lui,A,5,1,pending,,,2,held,0.1.0
798,Q03526,PDBe_SIFTS,1lui,A,6,1,pending,,,2,held,0.1.0
798,Q03526,PDBe_SIFTS,1lui,A,7,1,pending,,,2,held,0.1.0
798,Q03526,PDBe_SIFTS,1lui,A,8,1,pending,,,2,held,0.1.0
798,Q03526,PDBe_SIFTS,1lui,A,9,1,pending,,,2,held,0.1.0
799,Q03526,PDBe_SIFTS,1luk,A,1,1,pending,,,2,held,0.1.0
800,Q03526,PDBe_SIFTS,1lum,A,1,1,pending,,,2,held,0.1.0
800,Q03526,PDBe_SIFTS,1lum,A,10,1,pending,,,2,held,0.1.0
800,Q03526,PDBe_SIFTS,1lum,A,11,1,pending,,,2,held,0.1.0
800,Q03526,PDBe_SIFTS,1lum,A,12,1,pending,,,2,held,0.1.0
800,Q03526,PDBe_SIFTS,1lum,A,13,1,pending,,,2,held,0.1.0
800,Q03526,PDBe_SIFTS,1lum,A,14,1,pending,,,2,held,0.1.0
800,Q03526,PDBe_SIFTS,1lum,A,15,1,pending,,,2,held,0.1.0
800,Q03526,PDBe_SIFTS,1lum,A,16,1,pending,,,2,held,0.1.0
800,Q03526,PDBe_SIFTS,1lum,A,17,1,pending,,,2,held,0.1.0
800,Q03526,PDBe_SIFTS,1lum,A,18,1,pending,,,2,held,0.1.0
800,Q03526,PDBe_SIFTS,1lum,A,19,1,pending,,,2,held,0.1.0
800,Q03526,PDBe_SIFTS,1lum,A,2,1,pending,,,2,held,0.1.0
800,Q03526,PDBe_SIFTS,1lum,A,20,1,pending,,,2,held,0.1.0
800,Q03526,PDBe_SIFTS,1lum,A,3,1,pending,,,2,held,0.1.0
800,Q03526,PDBe_SIFTS,1lum,A,4,1,pending,,,2,held,0.1.0
800,Q03526,PDBe_SIFTS,1lum,A,5,1,pending,,,2,held,0.1.0
800,Q03526,PDBe_SIFTS,1lum,A,6,1,pending,,,2,held,0.1.0
800,Q03526,PDBe_SIFTS,1lum,A,7,1,pending,,,2,held,0.1.0
800,Q03526,PDBe_SIFTS,1lum,A,8,1,pending,,,2,held,0.1.0
800,Q03526,PDBe_SIFTS,1lum,A,9,1,pending,,,2,held,0.1.0
801,Q03526,PDBe_SIFTS,1lun,A,1,1,pending,,,2,held,0.1.0
802,Q03526,PDBe_SIFTS,2etz,A,1,1,pending,,,2,held,0.1.0
803,Q03526,PDBe_SIFTS,2eu0,A,1,1,pending,,,2,held,0.1.0
803,Q03526,PDBe_SIFTS,2eu0,A,10,1,pending,,,2,held,0.1.0
803,Q03526,PDBe_SIFTS,2eu0,A,11,1,pending,,,2,held,0.1.0
803,Q03526,PDBe_SIFTS,2eu0,A,12,1,pending,,,2,held,0.1.0
803,Q03526,PDBe_SIFTS,2eu0,A,13,1,pending,,,2,held,0.1.0
803,Q03526,PDBe_SIFTS,2eu0,A,14,1,pending,,,2,held,0.1.0
803,Q03526,PDBe_SIFTS,2eu0,A,15,1,pending,,,2,held,0.1.0
803,Q03526,PDBe_SIFTS,2eu0,A,16,1,pending,,,2,held,0.1.0
803,Q03526,PDBe_SIFTS,2eu0,A,17,1,pending,,,2,held,0.1.0
803,Q03526,PDBe_SIFTS,2eu0,A,18,1,pending,,,2,held,0.1.0
803,Q03526,PDBe_SIFTS,2eu0,A,19,1,pending,,,2,held,0.1.0
803,Q03526,PDBe_SIFTS,2eu0,A,2,1,pending,,,2,held,0.1.0
803,Q03526,PDBe_SIFTS,2eu0,A,20,1,pending,,,2,held,0.1.0
803,Q03526,PDBe_SIFTS,2eu0,A,3,1,pending,,,2,held,0.1.0
803,Q03526,PDBe_SIFTS,2eu0,A,4,1,pending,,,2,held,0.1.0
803,Q03526,PDBe_SIFTS,2eu0,A,5,1,pending,,,2,held,0.1.0
803,Q03526,PDBe_SIFTS,2eu0,A,6,1,pending,,,2,held,0.1.0
803,Q03526,PDBe_SIFTS,2eu0,A,7,1,pending,,,2,held,0.1.0
803,Q03526,PDBe_SIFTS,2eu0,A,8,1,pending,,,2,held,0.1.0
803,Q03526,PDBe_SIFTS,2eu0,A,9,1,pending,,,2,held,0.1.0
805,Q03526,PDBe_SIFTS,2k79,B,1,1,pending,,,2,held,0.1.0
807,Q03526,PDBe_SIFTS,2k7a,B,1,1,pending,,,2,held,0.1.0
807,Q03526,PDBe_SIFTS,2k7a,B,10,1,pending,,,2,held,0.1.0
807,Q03526,PDBe_SIFTS,2k7a,B,11,1,pending,,,2,held,0.1.0
807,Q03526,PDBe_SIFTS,2k7a,B,12,1,pending,,,2,held,0.1.0
807,Q03526,PDBe_SIFTS,2k7a,B,13,1,pending,,,2,held,0.1.0
807,Q03526,PDBe_SIFTS,2k7a,B,14,1,pending,,,2,held,0.1.0
807,Q03526,PDBe_SIFTS,2k7a,B,15,1,pending,,,2,held,0.1.0
807,Q03526,PDBe_SIFTS,2k7a,B,16,1,pending,,,2,held,0.1.0
807,Q03526,PDBe_SIFTS,2k7a,B,17,1,pending,,,2,held,0.1.0
807,Q03526,PDBe_SIFTS,2k7a,B,18,1,pending,,,2,held,0.1.0
807,Q03526,PDBe_SIFTS,2k7a,B,19,1,pending,,,2,held,0.1.0
807,Q03526,PDBe_SIFTS,2k7a,B,2,1,pending,,,2,held,0.1.0
807,Q03526,PDBe_SIFTS,2k7a,B,20,1,pending,,,2,held,0.1.0
807,Q03526,PDBe_SIFTS,2k7a,B,3,1,pending,,,2,held,0.1.0
807,Q03526,PDBe_SIFTS,2k7a,B,4,1,pending,,,2,held,0.1.0
807,Q03526,PDBe_SIFTS,2k7a,B,5,1,pending,,,2,held,0.1.0
807,Q03526,PDBe_SIFTS,2k7a,B,6,1,pending,,,2,held,0.1.0
807,Q03526,PDBe_SIFTS,2k7a,B,7,1,pending,,,2,held,0.1.0
807,Q03526,PDBe_SIFTS,2k7a,B,8,1,pending,,,2,held,0.1.0
807,Q03526,PDBe_SIFTS,2k7a,B,9,1,pending,,,2,held,0.1.0
810,Q03526,PDBe_SIFTS,3s9k,A,1,1;2,pending,,,2,held,0.1.0
796,Q03526,AlphaFold_DB,AF-Q03526-F1,A,1,,pending,,,6,held,0.1.0
811,Q03719,AlphaFold_DB,AF-Q03719-F1,A,1,,pending,,,6,held,0.1.0
812,Q04857,AlphaFold_DB,AF-Q04857-F1,A,1,,pending,,,2,held,0.1.0
813,Q05685,AlphaFold_DB,AF-Q05685-F1,A,1,,pending,,,16,held,0.1.0
814,Q05910,AlphaFold_DB,AF-Q05910-F1,A,1,,pending,,,25,held,0.1.0
815,Q05AA6,AlphaFold_DB,AF-Q05AA6-F1,A,1,,pending,,,13,held,0.1.0
817,Q07646,AlphaFold_DB,AF-Q07646-F1,A,1,,pending,,,1,held,0.1.0
819,Q08091,AlphaFold_DB,AF-Q08091-F1,A,1,,pending,,,1,held,0.1.0
823,Q08481,AlphaFold_DB,AF-Q08481-F1,A,1,,pending,,,14,held,0.1.0
826,Q0VBD0,AlphaFold_DB,AF-Q0VBD0-F1,A,1,,pending,,,7,held,0.1.0
829,Q0VBL6,AlphaFold_DB,AF-Q0VBL6-F1,A,1,,pending,,,6,held,0.1.0
830,Q0VBL6,PDBe_SIFTS,7v7l,B,1,1,pending,,,9,held,0.1.0
831,Q0VBL6,PDBe_SIFTS,7v7w,B,1,1,pending,,,9,held,0.1.0
833,Q0VGT2,AlphaFold_DB,AF-Q0VGT2-F1,A,1,,pending,,,5,held,0.1.0
835,Q0VGT4,AlphaFold_DB,AF-Q0VGT4-F1,A,1,,pending,,,12,held,0.1.0
839,Q14AT5,AlphaFold_DB,AF-Q14AT5-F1,A,1,,pending,,,6,held,0.1.0
840,Q14C51,AlphaFold_DB,AF-Q14C51-F1,A,1,,pending,,,6,held,0.1.0
841,Q14C51,PDBe_SIFTS,7pnt,DA,1,1,pending,,,7,held,0.1.0
842,Q14C51,PDBe_SIFTS,7pnu,DA,1,1,pending,,,7,held,0.1.0
843,Q14C51,PDBe_SIFTS,7pnv,DA,1,1,pending,,,7,held,0.1.0
844,Q14C51,PDBe_SIFTS,7pnw,EA,1,1,pending,,,7,held,0.1.0
846,Q14DH7,AlphaFold_DB,AF-Q14DH7-F1,A,1,,pending,,,8,held,0.1.0
847,Q1JRP2,AlphaFold_DB,AF-Q1JRP2-F1,A,1,,pending,,,6,held,0.1.0
848,Q3MI99,AlphaFold_DB,AF-Q3MI99-F1,A,1,,pending,,,13,held,0.1.0
852,Q3T9X0,AlphaFold_DB,AF-Q3T9X0-F1,A,1,,pending,,,6,held,0.1.0
853,Q3TB82,AlphaFold_DB,AF-Q3TB82-F1,A,1,,pending,,,11,held,0.1.0
856,Q3TBT3,AlphaFold_DB,AF-Q3TBT3-F1,A,1,,pending,,,9,held,0.1.0
857,Q3TBT3,PDBe_SIFTS,11gl,A,1,1,pending,,,4,held,0.1.0
858,Q3TBT3,PDBe_SIFTS,11gl,B,1,1,pending,,,4,held,0.1.0
859,Q3TBT3,PDBe_SIFTS,11gm,A,1,1,pending,,,4,held,0.1.0
860,Q3TBT3,PDBe_SIFTS,11gm,B,1,1,pending,,,4,held,0.1.0
861,Q3TBT3,PDBe_SIFTS,11gm,C,1,2,pending,,,4,held,0.1.0
862,Q3TBT3,PDBe_SIFTS,11gm,D,1,2,pending,,,4,held,0.1.0
863,Q3TBT3,PDBe_SIFTS,11gn,A,1,1,pending,,,4,held,0.1.0
864,Q3TBT3,PDBe_SIFTS,11gn,B,1,1,pending,,,4,held,0.1.0
865,Q3TBT3,PDBe_SIFTS,11gn,C,1,2,pending,,,4,held,0.1.0
866,Q3TBT3,PDBe_SIFTS,11gn,D,1,2,pending,,,4,held,0.1.0
867,Q3TBT3,PDBe_SIFTS,4jc5,A,1,1,pending,,,4,held,0.1.0
868,Q3TBT3,PDBe_SIFTS,4jc5,B,1,1,pending,,,4,held,0.1.0
869,Q3TBT3,PDBe_SIFTS,4kby,A,1,1,pending,,,4,held,0.1.0
870,Q3TBT3,PDBe_SIFTS,4kby,B,1,1,pending,,,4,held,0.1.0
871,Q3TBT3,PDBe_SIFTS,4kc0,A,1,1,pending,,,4,held,0.1.0
872,Q3TBT3,PDBe_SIFTS,4kc0,B,1,1,pending,,,4,held,0.1.0
873,Q3TBT3,PDBe_SIFTS,4loj,A,1,1,pending,,,4,held,0.1.0
874,Q3TBT3,PDBe_SIFTS,4loj,B,1,1,pending,,,4,held,0.1.0
875,Q3TBT3,PDBe_SIFTS,4lok,A,1,1,pending,,,4,held,0.1.0
876,Q3TBT3,PDBe_SIFTS,4lok,B,1,1,pending,,,4,held,0.1.0
879,Q3TBT3,PDBe_SIFTS,4yp1,A,1,1,pending,,,4,held,0.1.0
880,Q3TBT3,PDBe_SIFTS,4yp1,B,1,1,pending,,,4,held,0.1.0
881,Q3TBT3,PDBe_SIFTS,6xnn,A,1,1,pending,,,4,held,0.1.0
882,Q3TBT3,PDBe_SIFTS,6xnn,B,1,1,pending,,,4,held,0.1.0
883,Q3TBT3,PDBe_SIFTS,9ltf,A,1,1,pending,,,4,held,0.1.0
877,Q3TBT3,PDBe_SIFTS,4lol,A,1,1,pending,,,3,held,0.1.0
878,Q3TBT3,PDBe_SIFTS,4lol,B,1,1,pending,,,3,held,0.1.0
887,Q3TCX3,AlphaFold_DB,AF-Q3TCX3-F1,A,1,,pending,,,2,held,0.1.0
888,Q3TYX2,AlphaFold_DB,AF-Q3TYX2-F1,A,1,,pending,,,10,held,0.1.0
889,Q3TZA2,AlphaFold_DB,AF-Q3TZA2-F1,A,1,,pending,,,6,held,0.1.0
891,Q3U4H6,AlphaFold_DB,AF-Q3U4H6-F1,A,1,,pending,,,5,held,0.1.0
893,Q3U5C8,PDBe_SIFTS,7cso,A,1,1,pending,,,6,held,0.1.0
894,Q3U5C8,PDBe_SIFTS,7cso,B,1,2,pending,,,6,held,0.1.0
895,Q3U5C8,PDBe_SIFTS,7cso,C,1,3,pending,,,6,held,0.1.0
896,Q3U5C8,PDBe_SIFTS,7cso,D,1,4,pending,,,6,held,0.1.0
899,Q3U5C8,PDBe_SIFTS,7csr,A,1,1,pending,,,6,held,0.1.0
900,Q3U5C8,PDBe_SIFTS,7csr,B,1,2,pending,,,6,held,0.1.0
901,Q3U5C8,PDBe_SIFTS,7csr,C,1,3,pending,,,6,held,0.1.0
892,Q3U5C8,AlphaFold_DB,AF-Q3U5C8-F1,A,1,,pending,,,2,held,0.1.0
906,Q3UA16,AlphaFold_DB,AF-Q3UA16-F1,A,1,,pending,,,2,held,0.1.0
908,Q3UCQ1,AlphaFold_DB,AF-Q3UCQ1-F1,A,1,,pending,,,2,held,0.1.0
910,Q3UDF0,AlphaFold_DB,AF-Q3UDF0-F1,A,1,,pending,,,4,held,0.1.0
912,Q3UG20,AlphaFold_DB,AF-Q3UG20-F1,A,1,,pending,,,10,held,0.1.0
915,Q3UH68,AlphaFold_DB,AF-Q3UH68-F1,A,1,,pending,,,5,held,0.1.0
917,Q3UHG7,AlphaFold_DB,AF-Q3UHG7-F1,A,1,,pending,,,6,held,0.1.0
918,Q3UIJ9,AlphaFold_DB,AF-Q3UIJ9-F1,A,1,,pending,,,1,held,0.1.0
919,Q3UN90,AlphaFold_DB,AF-Q3UN90-F1,A,1,,pending,,,1,held,0.1.0
920,Q3UQ44,AlphaFold_DB,AF-Q3UQ44-F1,A,1,,pending,,,2,held,0.1.0
921,Q3UR32,AlphaFold_DB,AF-Q3UR32-F1,A,1,,pending,,,10,held,0.1.0
922,Q3USL1,AlphaFold_DB,AF-Q3USL1-F1,A,1,,pending,,,11,held,0.1.0
923,Q3USW5,AlphaFold_DB,AF-Q3USW5-F1,A,1,,pending,,,4,held,0.1.0
925,Q3UTY6,AlphaFold_DB,AF-Q3UTY6-F1,A,1,,pending,,,10,held,0.1.0
929,Q3V0G7,AlphaFold_DB,AF-Q3V0G7-F1,A,1,,pending,,,9,held,0.1.0
930,Q3V1H1,AlphaFold_DB,AF-Q3V1H1-F1,A,1,,pending,,,2,held,0.1.0
932,Q3V3G7,AlphaFold_DB,AF-Q3V3G7-F1,A,1,,pending,,,5,held,0.1.0
935,Q499E6,AlphaFold_DB,AF-Q499E6-F1,A,1,,pending,,,2,held,0.1.0
937,Q4FZC9,AlphaFold_DB,AF-Q4FZC9-F1,A,1,,pending,,,2,held,0.1.0
941,Q4JK59,AlphaFold_DB,AF-Q4JK59-F1,A,1,,pending,,,13,held,0.1.0
944,Q4LDD4,AlphaFold_DB,AF-Q4LDD4-F1,A,1,,pending,,,17,held,0.1.0
949,Q4V9Z5,AlphaFold_DB,AF-Q4V9Z5-F1,A,1,,pending,,,11,held,0.1.0
951,Q4VBE4,AlphaFold_DB,AF-Q4VBE4-F1,A,1,,pending,,,14,held,0.1.0
953,Q562E2,AlphaFold_DB,AF-Q562E2-F1,A,1,,pending,,,6,held,0.1.0
954,Q571E4,AlphaFold_DB,AF-Q571E4-F1,A,1,,pending,,,8,held,0.1.0
955,Q5BKP2,AlphaFold_DB,AF-Q5BKP2-F1,A,1,,pending,,,9,held,0.1.0
957,Q5FW85,AlphaFold_DB,AF-Q5FW85-F1,A,1,,pending,,,2,held,0.1.0
959,Q5SSZ5,AlphaFold_DB,AF-Q5SSZ5-F1,A,1,,pending,,,11,held,0.1.0
960,Q5SUC9,AlphaFold_DB,AF-Q5SUC9-F1,A,1,,pending,,,1,held,0.1.0
963,Q5SUF2,AlphaFold_DB,AF-Q5SUF2-F1,A,1,,pending,,,3,held,0.1.0
964,Q5SV41,AlphaFold_DB,AF-Q5SV41-F1,A,1,,pending,,,3,held,0.1.0
965,Q60765,AlphaFold_DB,AF-Q60765-F1,A,1,,pending,,,2,held,0.1.0
967,Q60773,PDBe_SIFTS,1ap7,A,1,1,pending,,,1,held,0.1.0
967,Q60773,PDBe_SIFTS,1ap7,A,10,1,pending,,,1,held,0.1.0
967,Q60773,PDBe_SIFTS,1ap7,A,11,1,pending,,,1,held,0.1.0
967,Q60773,PDBe_SIFTS,1ap7,A,12,1,pending,,,1,held,0.1.0
967,Q60773,PDBe_SIFTS,1ap7,A,13,1,pending,,,1,held,0.1.0
967,Q60773,PDBe_SIFTS,1ap7,A,14,1,pending,,,1,held,0.1.0
967,Q60773,PDBe_SIFTS,1ap7,A,15,1,pending,,,1,held,0.1.0
967,Q60773,PDBe_SIFTS,1ap7,A,16,1,pending,,,1,held,0.1.0
967,Q60773,PDBe_SIFTS,1ap7,A,17,1,pending,,,1,held,0.1.0
967,Q60773,PDBe_SIFTS,1ap7,A,18,1,pending,,,1,held,0.1.0
967,Q60773,PDBe_SIFTS,1ap7,A,19,1,pending,,,1,held,0.1.0
967,Q60773,PDBe_SIFTS,1ap7,A,2,1,pending,,,1,held,0.1.0
967,Q60773,PDBe_SIFTS,1ap7,A,20,1,pending,,,1,held,0.1.0
967,Q60773,PDBe_SIFTS,1ap7,A,3,1,pending,,,1,held,0.1.0
967,Q60773,PDBe_SIFTS,1ap7,A,4,1,pending,,,1,held,0.1.0
967,Q60773,PDBe_SIFTS,1ap7,A,5,1,pending,,,1,held,0.1.0
967,Q60773,PDBe_SIFTS,1ap7,A,6,1,pending,,,1,held,0.1.0
967,Q60773,PDBe_SIFTS,1ap7,A,7,1,pending,,,1,held,0.1.0
967,Q60773,PDBe_SIFTS,1ap7,A,8,1,pending,,,1,held,0.1.0
967,Q60773,PDBe_SIFTS,1ap7,A,9,1,pending,,,1,held,0.1.0
968,Q60773,PDBe_SIFTS,1blx,B,1,1,pending,,,1,held,0.1.0
969,Q60787,AlphaFold_DB,AF-Q60787-F1,A,1,,pending,,,1,held,0.1.0
974,Q60803,AlphaFold_DB,AF-Q60803-F1,A,1,,pending,,,23,held,0.1.0
975,Q60803,PDBe_SIFTS,4ghu,A,1,1,pending,,,2,held,0.1.0
976,Q60805,AlphaFold_DB,AF-Q60805-F1,A,1,,pending,,,9,held,0.1.0
978,Q60848,AlphaFold_DB,AF-Q60848-F1,A,1,,pending,,,2,held,0.1.0
979,Q60857,AlphaFold_DB,AF-Q60857-F1,A,1,,pending,,,15,held,0.1.0
981,Q61024,AlphaFold_DB,AF-Q61024-F1,A,1,,pending,,,9,held,0.1.0
983,Q61033,AlphaFold_DB,AF-Q61033-F1,A,1,,pending,,,2,held,0.1.0
986,Q61093,AlphaFold_DB,AF-Q61093-F1,A,1,,pending,,,9,held,0.1.0
987,Q61147,AlphaFold_DB,AF-Q61147-F1,A,1,,pending,,,13,held,0.1.0
989,Q61207,PDBe_SIFTS,5nxb,C,1,1,pending,,,6,held,0.1.0
990,Q61207,PDBe_SIFTS,5nxb,D,1,1,pending,,,6,held,0.1.0
993,Q61207,PDBe_SIFTS,7p4t,A,1,1,pending,,,6,held,0.1.0
994,Q61207,PDBe_SIFTS,7p4t,B,1,1,pending,,,6,held,0.1.0
995,Q61207,PDBe_SIFTS,7p4t,C,1,1,pending,,,6,held,0.1.0
996,Q61207,PDBe_SIFTS,7p4t,D,1,1,pending,,,6,held,0.1.0
988,Q61207,AlphaFold_DB,AF-Q61207-F1,A,1,,pending,,,10,held,0.1.0
991,Q61207,PDBe_SIFTS,5u85,A,1,1,pending,,,6,held,0.1.0
992,Q61207,PDBe_SIFTS,5u85,B,1,1,pending,,,6,held,0.1.0
1000,Q61234,PDBe_SIFTS,1z87,A,1,1,pending,,,3,held,0.1.0
1000,Q61234,PDBe_SIFTS,1z87,A,10,1,pending,,,3,held,0.1.0
1000,Q61234,PDBe_SIFTS,1z87,A,11,1,pending,,,3,held,0.1.0
1000,Q61234,PDBe_SIFTS,1z87,A,12,1,pending,,,3,held,0.1.0
1000,Q61234,PDBe_SIFTS,1z87,A,13,1,pending,,,3,held,0.1.0
1000,Q61234,PDBe_SIFTS,1z87,A,14,1,pending,,,3,held,0.1.0
1000,Q61234,PDBe_SIFTS,1z87,A,15,1,pending,,,3,held,0.1.0
1000,Q61234,PDBe_SIFTS,1z87,A,2,1,pending,,,3,held,0.1.0
1000,Q61234,PDBe_SIFTS,1z87,A,3,1,pending,,,3,held,0.1.0
1000,Q61234,PDBe_SIFTS,1z87,A,4,1,pending,,,3,held,0.1.0
1000,Q61234,PDBe_SIFTS,1z87,A,5,1,pending,,,3,held,0.1.0
1000,Q61234,PDBe_SIFTS,1z87,A,6,1,pending,,,3,held,0.1.0
1000,Q61234,PDBe_SIFTS,1z87,A,7,1,pending,,,3,held,0.1.0
1000,Q61234,PDBe_SIFTS,1z87,A,8,1,pending,,,3,held,0.1.0
1000,Q61234,PDBe_SIFTS,1z87,A,9,1,pending,,,3,held,0.1.0
1001,Q61234,PDBe_SIFTS,2adz,A,1,1,pending,,,3,held,0.1.0
1001,Q61234,PDBe_SIFTS,2adz,A,10,1,pending,,,3,held,0.1.0
1001,Q61234,PDBe_SIFTS,2adz,A,11,1,pending,,,3,held,0.1.0
1001,Q61234,PDBe_SIFTS,2adz,A,12,1,pending,,,3,held,0.1.0
1001,Q61234,PDBe_SIFTS,2adz,A,13,1,pending,,,3,held,0.1.0
1001,Q61234,PDBe_SIFTS,2adz,A,14,1,pending,,,3,held,0.1.0
1001,Q61234,PDBe_SIFTS,2adz,A,15,1,pending,,,3,held,0.1.0
1001,Q61234,PDBe_SIFTS,2adz,A,16,1,pending,,,3,held,0.1.0
1001,Q61234,PDBe_SIFTS,2adz,A,17,1,pending,,,3,held,0.1.0
1001,Q61234,PDBe_SIFTS,2adz,A,18,1,pending,,,3,held,0.1.0
1001,Q61234,PDBe_SIFTS,2adz,A,19,1,pending,,,3,held,0.1.0
1001,Q61234,PDBe_SIFTS,2adz,A,2,1,pending,,,3,held,0.1.0
1001,Q61234,PDBe_SIFTS,2adz,A,20,1,pending,,,3,held,0.1.0
1001,Q61234,PDBe_SIFTS,2adz,A,3,1,pending,,,3,held,0.1.0
1001,Q61234,PDBe_SIFTS,2adz,A,4,1,pending,,,3,held,0.1.0
1001,Q61234,PDBe_SIFTS,2adz,A,5,1,pending,,,3,held,0.1.0
1001,Q61234,PDBe_SIFTS,2adz,A,6,1,pending,,,3,held,0.1.0
1001,Q61234,PDBe_SIFTS,2adz,A,7,1,pending,,,3,held,0.1.0
1001,Q61234,PDBe_SIFTS,2adz,A,8,1,pending,,,3,held,0.1.0
1001,Q61234,PDBe_SIFTS,2adz,A,9,1,pending,,,3,held,0.1.0
997,Q61234,AlphaFold_DB,AF-Q61234-F1,A,1,,pending,,,3,held,0.1.0
1006,Q61292,AlphaFold_DB,AF-Q61292-F1,A,1,,pending,,,39,held,0.1.0
1007,Q61467,AlphaFold_DB,AF-Q61467-F1,A,1,,pending,,,1,held,0.1.0
1008,Q61468,AlphaFold_DB,AF-Q61468-F1,A,1,,pending,,,6,held,0.1.0
1009,Q61477,AlphaFold_DB,AF-Q61477-F1,A,1,,pending,,,10,held,0.1.0
1013,Q61481,AlphaFold_DB,AF-Q61481-F1,A,1,,pending,,,1,held,0.1.0
1015,Q61508,AlphaFold_DB,AF-Q61508-F1,A,1,,pending,,,22,held,0.1.0
1016,Q61592,AlphaFold_DB,AF-Q61592-F1,A,1,,pending,,,20,held,0.1.0
1017,Q61660,AlphaFold_DB,AF-Q61660-F1,A,1,,pending,,,2,held,0.1.0
1019,Q61805,AlphaFold_DB,AF-Q61805-F1,A,1,,pending,,,3,held,0.1.0
1020,Q61805,PDBe_SIFTS,4m4d,A,1,1,pending,,,4,held,0.1.0
1021,Q61805,PDBe_SIFTS,4m4d,B,1,2,pending,,,4,held,0.1.0
1022,Q62000,AlphaFold_DB,AF-Q62000-F1,A,1,,pending,,,6,held,0.1.0
1023,Q62273,AlphaFold_DB,AF-Q62273-F1,A,1,,pending,,,12,held,0.1.0
1025,Q62312,AlphaFold_DB,AF-Q62312-F1,A,1,,pending,,,19,held,0.1.0
1026,Q62312,PDBe_SIFTS,9yj4,B,1,1,pending,,,12,held,0.1.0
1027,Q62312,PDBe_SIFTS,9yj4,D,1,2,pending,,,12,held,0.1.0
1028,Q62351,AlphaFold_DB,AF-Q62351-F1,A,1,,pending,,,2,held,0.1.0
1029,Q62392,AlphaFold_DB,AF-Q62392-F1,A,1,,pending,,,3,held,0.1.0
1030,Q62443,AlphaFold_DB,AF-Q62443-F1,A,1,,pending,,,3,held,0.1.0
1031,Q63918,AlphaFold_DB,AF-Q63918-F1,A,1,,pending,,,1,held,0.1.0
1033,Q64281,AlphaFold_DB,AF-Q64281-F1,A,1,,pending,,,4,held,0.1.0
1034,Q64378,AlphaFold_DB,AF-Q64378-F1,A,1,,pending,,,10,held,0.1.0
1037,Q64689,AlphaFold_DB,AF-Q64689-F1,A,1,,pending,,,5,held,0.1.0
1038,Q64700,AlphaFold_DB,AF-Q64700-F1,A,1,,pending,,,12,held,0.1.0
1040,Q64GA5,AlphaFold_DB,AF-Q64GA5-F1,A,1,,pending,,,7,held,0.1.0
1044,Q673U1,AlphaFold_DB,AF-Q673U1-F1,A,1,,pending,,,1,held,0.1.0
1046,Q69ZK0,AlphaFold_DB,AF-Q69ZK0-F1,A,1,,pending,,,22,held,0.1.0
1047,Q69ZK9,AlphaFold_DB,AF-Q69ZK9-F1,A,1,,pending,,,6,held,0.1.0
1048,Q69ZK9,PDBe_SIFTS,3bl8,A,1,1,pending,,,7,held,0.1.0
1049,Q69ZK9,PDBe_SIFTS,3bl8,B,1,2,pending,,,7,held,0.1.0
1050,Q69ZK9,PDBe_SIFTS,3bl8,C,1,1,pending,,,7,held,0.1.0
1051,Q69ZK9,PDBe_SIFTS,3bl8,D,1,2,pending,,,7,held,0.1.0
1062,Q6DFW4,AlphaFold_DB,AF-Q6DFW4-F1,A,1,,pending,,,5,held,0.1.0
1068,Q6DTY7,AlphaFold_DB,AF-Q6DTY7-F1,A,1,,pending,,,9,held,0.1.0
1069,Q6NXJ0,AlphaFold_DB,AF-Q6NXJ0-F1,A,1,,pending,,,1,held,0.1.0
1071,Q6NXK8,AlphaFold_DB,AF-Q6NXK8-F1,A,1,,pending,,,16,held,0.1.0
1074,Q6NZK8,AlphaFold_DB,AF-Q6NZK8-F1,A,1,,pending,,,8,held,0.1.0
1077,Q6NZQ6,AlphaFold_DB,AF-Q6NZQ6-F1,A,1,,pending,,,2,held,0.1.0
1078,Q6P1C6,AlphaFold_DB,AF-Q6P1C6-F1,A,1,,pending,,,12,held,0.1.0
1080,Q6P1C6,PDBe_SIFTS,3so5,B,1,1;2,pending,,,3,held,0.1.0
1079,Q6P1C6,PDBe_SIFTS,3so5,A,1,1;2,pending,,,2,held,0.1.0
1081,Q6P566,AlphaFold_DB,AF-Q6P566-F1,A,1,,pending,,,4,held,0.1.0
1084,Q6PCM1,AlphaFold_DB,AF-Q6PCM1-F1,A,1,,pending,,,13,held,0.1.0
1085,Q6PD10,AlphaFold_DB,AF-Q6PD10-F1,A,1,,pending,,,4,held,0.1.0
1087,Q6PGB8,AlphaFold_DB,AF-Q6PGB8-F1,A,1,,pending,,,7,held,0.1.0
1089,Q6PGK7,AlphaFold_DB,AF-Q6PGK7-F1,A,1,,pending,,,5,held,0.1.0
1094,Q6U7H8,AlphaFold_DB,AF-Q6U7H8-F1,A,1,,pending,,,3,held,0.1.0
1095,Q6ZQ73,AlphaFold_DB,AF-Q6ZQ73-F1,A,1,,pending,,,18,held,0.1.0
1098,Q6ZWR4,AlphaFold_DB,AF-Q6ZWR4-F1,A,1,,pending,,,5,held,0.1.0
1099,Q71KT5,AlphaFold_DB,AF-Q71KT5-F1,A,1,,pending,,,5,held,0.1.0
1101,Q7M760,AlphaFold_DB,AF-Q7M760-F1,A,1,,pending,,,11,held,0.1.0
1104,Q7TML3,AlphaFold_DB,AF-Q7TML3-F1,A,1,,pending,,,8,held,0.1.0
1105,Q7TMM9,AlphaFold_DB,AF-Q7TMM9-F1,A,1,,pending,,,4,held,0.1.0
1106,Q7TMM9,PDBe_SIFTS,24mc,W,1,1,pending,,,7,held,0.1.0
1107,Q7TMM9,PDBe_SIFTS,24mc,Z,1,1,pending,,,7,held,0.1.0
1108,Q7TMM9,PDBe_SIFTS,8ixa,E,1,1,pending,,,7,held,0.1.0
1109,Q7TMM9,PDBe_SIFTS,8ixa,H,1,1,pending,,,7,held,0.1.0
1110,Q7TMM9,PDBe_SIFTS,8ixa,K,1,1,pending,,,7,held,0.1.0
1111,Q7TMM9,PDBe_SIFTS,8ixa,N,1,1,pending,,,7,held,0.1.0
1112,Q7TMM9,PDBe_SIFTS,8ixa,Q,1,1,pending,,,7,held,0.1.0
1113,Q7TMM9,PDBe_SIFTS,8ixa,T,1,1,pending,,,7,held,0.1.0
1114,Q7TMM9,PDBe_SIFTS,8ixa,W,1,1,pending,,,7,held,0.1.0
1115,Q7TMM9,PDBe_SIFTS,8ixa,B,1,1,pending,,,7,held,0.1.0
1116,Q7TMM9,PDBe_SIFTS,8ixa,Z,1,1,pending,,,7,held,0.1.0
1117,Q7TMM9,PDBe_SIFTS,8ixb,E,1,1,pending,,,7,held,0.1.0
1118,Q7TMM9,PDBe_SIFTS,8ixb,H,1,1,pending,,,7,held,0.1.0
1119,Q7TMM9,PDBe_SIFTS,8ixb,K,1,1,pending,,,7,held,0.1.0
1120,Q7TMM9,PDBe_SIFTS,8ixb,B,1,1,pending,,,7,held,0.1.0
1121,Q7TMM9,PDBe_SIFTS,8ixd,E,1,1,pending,,,7,held,0.1.0
1122,Q7TMM9,PDBe_SIFTS,8ixd,H,1,1,pending,,,7,held,0.1.0
1123,Q7TMM9,PDBe_SIFTS,8ixd,K,1,1,pending,,,7,held,0.1.0
1124,Q7TMM9,PDBe_SIFTS,8ixd,N,1,1,pending,,,7,held,0.1.0
1125,Q7TMM9,PDBe_SIFTS,8ixd,Q,1,1,pending,,,7,held,0.1.0
1126,Q7TMM9,PDBe_SIFTS,8ixd,T,1,1,pending,,,7,held,0.1.0
1127,Q7TMM9,PDBe_SIFTS,8ixd,W,1,1,pending,,,7,held,0.1.0
1128,Q7TMM9,PDBe_SIFTS,8ixd,B,1,1,pending,,,7,held,0.1.0
1129,Q7TMM9,PDBe_SIFTS,8ixd,Z,1,1,pending,,,7,held,0.1.0
1130,Q7TMM9,PDBe_SIFTS,8ixe,E,1,1,pending,,,7,held,0.1.0
1131,Q7TMM9,PDBe_SIFTS,8ixe,B,1,1,pending,,,7,held,0.1.0
1132,Q7TMM9,PDBe_SIFTS,8ixe,H,1,1,pending,,,7,held,0.1.0
1133,Q7TMM9,PDBe_SIFTS,8ixe,K,1,1,pending,,,7,held,0.1.0
1134,Q7TMM9,PDBe_SIFTS,8ixf,E,1,1,pending,,,7,held,0.1.0
1135,Q7TMM9,PDBe_SIFTS,8ixf,H,1,1,pending,,,7,held,0.1.0
1136,Q7TMM9,PDBe_SIFTS,8ixf,K,1,1,pending,,,7,held,0.1.0
1137,Q7TMM9,PDBe_SIFTS,8ixf,N,1,1,pending,,,7,held,0.1.0
1138,Q7TMM9,PDBe_SIFTS,8ixf,Q,1,1,pending,,,7,held,0.1.0
1139,Q7TMM9,PDBe_SIFTS,8ixf,T,1,1,pending,,,7,held,0.1.0
1140,Q7TMM9,PDBe_SIFTS,8ixf,W,1,1,pending,,,7,held,0.1.0
1141,Q7TMM9,PDBe_SIFTS,8ixf,B,1,1,pending,,,7,held,0.1.0
1142,Q7TMM9,PDBe_SIFTS,8ixf,Z,1,1,pending,,,7,held,0.1.0
1143,Q7TMM9,PDBe_SIFTS,8ixg,E,1,1,pending,,,7,held,0.1.0
1144,Q7TMM9,PDBe_SIFTS,8ixg,B,1,1,pending,,,7,held,0.1.0
1145,Q7TMM9,PDBe_SIFTS,8ixg,H,1,1,pending,,,7,held,0.1.0
1146,Q7TMM9,PDBe_SIFTS,8ixg,K,1,1,pending,,,7,held,0.1.0
1147,Q7TMM9,PDBe_SIFTS,9w2m,IA,1,1,pending,,,7,held,0.1.0
1148,Q7TMM9,PDBe_SIFTS,9w2m,QA,1,1,pending,,,7,held,0.1.0
1151,Q7TNV1,AlphaFold_DB,AF-Q7TNV1-F1,A,1,,pending,,,8,held,0.1.0
1153,Q7TPM6,AlphaFold_DB,AF-Q7TPM6-F1,A,1,,pending,,,7,held,0.1.0
1154,Q7TPQ9,AlphaFold_DB,AF-Q7TPQ9-F1,A,1,,pending,,,2,held,0.1.0
1160,Q7TSK2,AlphaFold_DB,AF-Q7TSK2-F1,A,1,,pending,,,15,held,0.1.0
1165,Q7TSQ1,AlphaFold_DB,AF-Q7TSQ1-F1,A,1,,pending,,,7,held,0.1.0
1168,Q80TS8,AlphaFold_DB,AF-Q80TS8-F1,A,1,,pending,,,10,held,0.1.0
1169,Q80UP8,AlphaFold_DB,AF-Q80UP8-F1,A,1,,pending,,,6,held,0.1.0
1170,Q80WV3,AlphaFold_DB,AF-Q80WV3-F1,A,1,,pending,,,8,held,0.1.0
1171,Q80X95,AlphaFold_DB,AF-Q80X95-F1,A,1,,pending,,,6,held,0.1.0
1172,Q80XM3,AlphaFold_DB,AF-Q80XM3-F1,A,1,,pending,,,6,held,0.1.0
1176,Q80XM9,AlphaFold_DB,AF-Q80XM9-F1,A,1,,pending,,,5,held,0.1.0
1177,Q80ZM3,AlphaFold_DB,AF-Q80ZM3-F1,A,1,,pending,,,3,held,0.1.0
1178,Q80ZN9,AlphaFold_DB,AF-Q80ZN9-F1,A,1,,pending,,,4,held,0.1.0
1179,Q810P3,AlphaFold_DB,AF-Q810P3-F1,A,1,,pending,,,9,held,0.1.0
1180,Q811W2,AlphaFold_DB,AF-Q811W2-F1,A,1,,pending,,,4,held,0.1.0
1182,Q8BFR5,AlphaFold_DB,AF-Q8BFR5-F1,A,1,,pending,,,4,held,0.1.0
1187,Q8BG26,AlphaFold_DB,AF-Q8BG26-F1,A,1,,pending,,,2,held,0.1.0
1190,Q8BG60,AlphaFold_DB,AF-Q8BG60-F1,A,1,,pending,,,4,held,0.1.0
1191,Q8BGQ7,AlphaFold_DB,AF-Q8BGQ7-F1,A,1,,pending,,,12,held,0.1.0
1193,Q8BGT8,AlphaFold_DB,AF-Q8BGT8-F1,A,1,,pending,,,6,held,0.1.0
1199,Q8BH15,AlphaFold_DB,AF-Q8BH15-F1,A,1,,pending,,,18,held,0.1.0
1200,Q8BH61,AlphaFold_DB,AF-Q8BH61-F1,A,1,,pending,,,9,held,0.1.0
1201,Q8BHC0,AlphaFold_DB,AF-Q8BHC0-F1,A,1,,pending,,,7,held,0.1.0
1202,Q8BHC0,PDBe_SIFTS,8orx,A,1,1,pending,,,6,held,0.1.0
1203,Q8BHC0,PDBe_SIFTS,8ox3,A,1,1,pending,,,6,held,0.1.0
1204,Q8BHI4,AlphaFold_DB,AF-Q8BHI4-F1,A,1,,pending,,,22,held,0.1.0
1205,Q8BHK2,AlphaFold_DB,AF-Q8BHK2-F1,A,1,,pending,,,4,held,0.1.0
1206,Q8BIP0,AlphaFold_DB,AF-Q8BIP0-F1,A,1,,pending,,,11,held,0.1.0
1207,Q8BIZ0,AlphaFold_DB,AF-Q8BIZ0-F1,A,1,,pending,,,3,held,0.1.0
1209,Q8BJ71,AlphaFold_DB,AF-Q8BJ71-F1,A,1,,pending,,,5,held,0.1.0
1210,Q8BJK1,AlphaFold_DB,AF-Q8BJK1-F1,A,1,,pending,,,3,held,0.1.0
1211,Q8BJK1,PDBe_SIFTS,8i79,C,1,1,pending,,,3,held,0.1.0
1212,Q8BJK1,PDBe_SIFTS,8i79,E,1,1,pending,,,3,held,0.1.0
1213,Q8BJK1,PDBe_SIFTS,8i79,A,1,1,pending,,,3,held,0.1.0
1214,Q8BJK1,PDBe_SIFTS,8i79,G,1,1,pending,,,3,held,0.1.0
1215,Q8BJK1,PDBe_SIFTS,8i79,I,1,1,pending,,,3,held,0.1.0
1218,Q8BJS4,AlphaFold_DB,AF-Q8BJS4-F1,A,1,,pending,,,2,held,0.1.0
1225,Q8BK06,AlphaFold_DB,AF-Q8BK06-F1,A,1,,pending,,,5,held,0.1.0
1226,Q8BK48,AlphaFold_DB,AF-Q8BK48-F1,A,1,,pending,,,6,held,0.1.0
1227,Q8BK64,AlphaFold_DB,AF-Q8BK64-F1,A,1,,pending,,,3,held,0.1.0
1229,Q8BKT6,AlphaFold_DB,AF-Q8BKT6-F1,A,1,,pending,,,11,held,0.1.0
1233,Q8BKX1,AlphaFold_DB,AF-Q8BKX1-F1,A,1,,pending,,,4,held,0.1.0
1236,Q8BL06,AlphaFold_DB,AF-Q8BL06-F1,A,1,,pending,,,16,held,0.1.0
1238,Q8BL48,AlphaFold_DB,AF-Q8BL48-F1,A,1,,pending,,,18,held,0.1.0
1239,Q8BL48,PDBe_SIFTS,5elh,A,1,1,pending,,,9,held,0.1.0
1240,Q8BL48,PDBe_SIFTS,5elh,B,1,1,pending,,,9,held,0.1.0
1241,Q8BL48,PDBe_SIFTS,5elk,A,1,1,pending,,,10,held,0.1.0
1242,Q8BLC3,AlphaFold_DB,AF-Q8BLC3-F1,A,1,,pending,,,8,held,0.1.0
1249,Q8BLF2,AlphaFold_DB,AF-Q8BLF2-F1,A,1,,pending,,,4,held,0.1.0
1252,Q8BM75,AlphaFold_DB,AF-Q8BM75-F1,A,1,,pending,,,5,held,0.1.0
1253,Q8BMB3,AlphaFold_DB,AF-Q8BMB3-F1,A,1,,pending,,,2,held,0.1.0
1254,Q8BQN5,AlphaFold_DB,AF-Q8BQN5-F1,A,1,,pending,,,3,held,0.1.0
1257,Q8BS95,AlphaFold_DB,AF-Q8BS95-F1,A,1,,pending,,,3,held,0.1.0
1258,Q8BSM7,AlphaFold_DB,AF-Q8BSM7-F1,A,1,,pending,,,8,held,0.1.0
1259,Q8BT51,AlphaFold_DB,AF-Q8BT51-F1,A,1,,pending,,,4,held,0.1.0
1261,Q8BTM8,AlphaFold_DB,AF-Q8BTM8-F1,A,1,,pending,,,3,held,0.1.0
1262,Q8BTZ7,AlphaFold_DB,AF-Q8BTZ7-F1,A,1,,pending,,,9,held,0.1.0
1263,Q8BU25,AlphaFold_DB,AF-Q8BU25-F1,A,1,,pending,,,13,held,0.1.0
1267,Q8BVZ5,PDBe_SIFTS,8q5r,A,1,1,pending,,,4,held,0.1.0
1264,Q8BVZ5,AlphaFold_DB,AF-Q8BVZ5-F1,A,1,,pending,,,1,held,0.1.0
1269,Q8BWG8,AlphaFold_DB,AF-Q8BWG8-F1,A,1,,pending,,,6,held,0.1.0
1270,Q8BWU8,AlphaFold_DB,AF-Q8BWU8-F1,A,1,,pending,,,8,held,0.1.0
1271,Q8BWY2,AlphaFold_DB,AF-Q8BWY2-F1,A,1,,pending,,,11,held,0.1.0
1274,Q8BX05,AlphaFold_DB,AF-Q8BX05-F1,A,1,,pending,,,9,held,0.1.0
1276,Q8BX32,AlphaFold_DB,AF-Q8BX32-F1,A,1,,pending,,,10,held,0.1.0
1277,Q8BX35,AlphaFold_DB,AF-Q8BX35-F1,A,1,,pending,,,15,held,0.1.0
1279,Q8BYI9,AlphaFold_DB,AF-Q8BYI9-F1,A,1,,pending,,,3,held,0.1.0
1282,Q8BZJ7,AlphaFold_DB,AF-Q8BZJ7-F1,A,1,,pending,,,5,held,0.1.0
1283,Q8BZT7,AlphaFold_DB,AF-Q8BZT7-F1,A,1,,pending,,,14,held,0.1.0
1285,Q8C033,AlphaFold_DB,AF-Q8C033-F1,A,1,,pending,,,7,held,0.1.0
1286,Q8C080,AlphaFold_DB,AF-Q8C080-F1,A,1,,pending,,,2,held,0.1.0
1287,Q8C0Q2,AlphaFold_DB,AF-Q8C0Q2-F1,A,1,,pending,,,5,held,0.1.0
1288,Q8C156,AlphaFold_DB,AF-Q8C156-F1,A,1,,pending,,,2,held,0.1.0
1291,Q8C255,AlphaFold_DB,AF-Q8C255-F1,A,1,,pending,,,6,held,0.1.0
1293,Q8C267,AlphaFold_DB,AF-Q8C267-F1,A,1,,pending,,,19,held,0.1.0
1295,Q8C351,AlphaFold_DB,AF-Q8C351-F1,A,1,,pending,,,7,held,0.1.0
1297,Q8C398,AlphaFold_DB,AF-Q8C398-F1,A,1,,pending,,,8,held,0.1.0
1299,Q8C5L6,AlphaFold_DB,AF-Q8C5L6-F1,A,1,,pending,,,3,held,0.1.0
1302,Q8C6I2,AlphaFold_DB,AF-Q8C6I2-F1,A,1,,pending,,,1,held,0.1.0
1303,Q8C8T7,AlphaFold_DB,AF-Q8C8T7-F1,A,1,,pending,,,8,held,0.1.0
1304,Q8C9W3,AlphaFold_DB,AF-Q8C9W3-F1,A,1,,pending,,,11,held,0.1.0
1305,Q8CA71,AlphaFold_DB,AF-Q8CA71-F1,A,1,,pending,,,8,held,0.1.0
1306,Q8CAA5,AlphaFold_DB,AF-Q8CAA5-F1,A,1,,pending,,,1,held,0.1.0
1307,Q8CAL5,AlphaFold_DB,AF-Q8CAL5-F1,A,1,,pending,,,14,held,0.1.0
1308,Q8CAM5,AlphaFold_DB,AF-Q8CAM5-F1,A,1,,pending,,,5,held,0.1.0
1309,Q8CAY6,AlphaFold_DB,AF-Q8CAY6-F1,A,1,,pending,,,8,held,0.1.0
1310,Q8CDJ8,AlphaFold_DB,AF-Q8CDJ8-F1,A,1,,pending,,,10,held,0.1.0
1311,Q8CE50,AlphaFold_DB,AF-Q8CE50-F1,A,1,,pending,,,5,held,0.1.0
1312,Q8CEE6,AlphaFold_DB,AF-Q8CEE6-F1,A,1,,pending,,,5,held,0.1.0
1313,Q8CF60,AlphaFold_DB,AF-Q8CF60-F1,A,1,,pending,,,10,held,0.1.0
1315,Q8CFD5,AlphaFold_DB,AF-Q8CFD5-F1,A,1,,pending,,,12,held,0.1.0
1316,Q8CFG0,AlphaFold_DB,AF-Q8CFG0-F1,A,1,,pending,,,9,held,0.1.0
1317,Q8CFV4,AlphaFold_DB,AF-Q8CFV4-F1,A,1,,pending,,,3,held,0.1.0
1321,Q8CGB6,AlphaFold_DB,AF-Q8CGB6-F1,A,1,,pending,,,14,held,0.1.0
1322,Q8CGE9,AlphaFold_DB,AF-Q8CGE9-F1,A,1,,pending,,,4,held,0.1.0
1324,Q8CGF1,AlphaFold_DB,AF-Q8CGF1-F1,A,1,,pending,,,14,held,0.1.0
1325,Q8CI19,AlphaFold_DB,AF-Q8CI19-F1,A,1,,pending,,,8,held,0.1.0
1326,Q8CID3,AlphaFold_DB,AF-Q8CID3-F1,A,1,,pending,,,6,held,0.1.0
1327,Q8K007,AlphaFold_DB,AF-Q8K007-F1,A,1,,pending,,,9,held,0.1.0
1328,Q8K0C4,AlphaFold_DB,AF-Q8K0C4-F1,A,1,,pending,,,6,held,0.1.0
1329,Q8K0E7,AlphaFold_DB,AF-Q8K0E7-F1,A,1,,pending,,,6,held,0.1.0
1332,Q8K1A5,AlphaFold_DB,AF-Q8K1A5-F1,A,1,,pending,,,4,held,0.1.0
1333,Q8K1G2,AlphaFold_DB,AF-Q8K1G2-F1,A,1,,pending,,,2,held,0.1.0
1335,Q8K1S6,AlphaFold_DB,AF-Q8K1S6-F1,A,1,,pending,,,14,held,0.1.0
1336,Q8K1X4,AlphaFold_DB,AF-Q8K1X4-F1,A,1,,pending,,,25,held,0.1.0
1339,Q8K299,AlphaFold_DB,AF-Q8K299-F1,A,1,,pending,,,6,held,0.1.0
1340,Q8K299,PDBe_SIFTS,7bzz,A,1,1,pending,,,6,held,0.1.0
1341,Q8K299,PDBe_SIFTS,7bzz,B,1,2,pending,,,6,held,0.1.0
1342,Q8K2D3,AlphaFold_DB,AF-Q8K2D3-F1,A,1,,pending,,,9,held,0.1.0
1343,Q8K2I3,AlphaFold_DB,AF-Q8K2I3-F1,A,1,,pending,,,8,held,0.1.0
1347,Q8K2K6,AlphaFold_DB,AF-Q8K2K6-F1,A,1,,pending,,,5,held,0.1.0
1348,Q8K353,AlphaFold_DB,AF-Q8K353-F1,A,1,,pending,,,5,held,0.1.0
1349,Q8K370,AlphaFold_DB,AF-Q8K370-F1,A,1,,pending,,,16,held,0.1.0
1350,Q8K371,AlphaFold_DB,AF-Q8K371-F1,A,1,,pending,,,1,held,0.1.0
1352,Q8K3V7,AlphaFold_DB,AF-Q8K3V7-F1,A,1,,pending,,,3,held,0.1.0
1353,Q8K406,AlphaFold_DB,AF-Q8K406-F1,A,1,,pending,,,10,held,0.1.0
1354,Q8K419,AlphaFold_DB,AF-Q8K419-F1,A,1,,pending,,,1,held,0.1.0
1358,Q8K485,AlphaFold_DB,AF-Q8K485-F1,A,1,,pending,,,2,held,0.1.0
1361,Q8K4G1,AlphaFold_DB,AF-Q8K4G1-F1,A,1,,pending,,,2,held,0.1.0
1362,Q8K4S1,AlphaFold_DB,AF-Q8K4S1-F1,A,1,,pending,,,16,held,0.1.0
1363,Q8R000,AlphaFold_DB,AF-Q8R000-F1,A,1,,pending,,,4,held,0.1.0
1365,Q8R007,AlphaFold_DB,AF-Q8R007-F1,A,1,,pending,,,7,held,0.1.0
1367,Q8R0Z6,AlphaFold_DB,AF-Q8R0Z6-F1,A,1,,pending,,,4,held,0.1.0
1368,Q8R2G6,AlphaFold_DB,AF-Q8R2G6-F1,A,1,,pending,,,2,held,0.1.0
1370,Q8R2Y0,AlphaFold_DB,AF-Q8R2Y0-F1,A,1,,pending,,,7,held,0.1.0
1371,Q8R3A2,AlphaFold_DB,AF-Q8R3A2-F1,A,1,,pending,,,8,held,0.1.0
1372,Q8R4U7,AlphaFold_DB,AF-Q8R4U7-F1,A,1,,pending,,,3,held,0.1.0
1374,Q8R4V5,AlphaFold_DB,AF-Q8R4V5-F1,A,1,,pending,,,19,held,0.1.0
1375,Q8R4W6,AlphaFold_DB,AF-Q8R4W6-F1,A,1,,pending,,,4,held,0.1.0
1376,Q8R527,AlphaFold_DB,AF-Q8R527-F1,A,1,,pending,,,6,held,0.1.0
1378,Q8VBV4,AlphaFold_DB,AF-Q8VBV4-F1,A,1,,pending,,,15,held,0.1.0
1380,Q8VC26,AlphaFold_DB,AF-Q8VC26-F1,A,1,,pending,,,4,held,0.1.0
1381,Q8VCC1,AlphaFold_DB,AF-Q8VCC1-F1,A,1,,pending,,,4,held,0.1.0
1383,Q8VCC8,AlphaFold_DB,AF-Q8VCC8-F1,A,1,,pending,,,9,held,0.1.0
1385,Q8VCP9,AlphaFold_DB,AF-Q8VCP9-F1,A,1,,pending,,,12,held,0.1.0
1388,Q8VCQ6,AlphaFold_DB,AF-Q8VCQ6-F1,A,1,,pending,,,6,held,0.1.0
1389,Q8VCQ6,PDBe_SIFTS,2d8c,A,1,1,pending,,,1,held,0.1.0
1389,Q8VCQ6,PDBe_SIFTS,2d8c,A,10,1,pending,,,1,held,0.1.0
1389,Q8VCQ6,PDBe_SIFTS,2d8c,A,11,1,pending,,,1,held,0.1.0
1389,Q8VCQ6,PDBe_SIFTS,2d8c,A,12,1,pending,,,1,held,0.1.0
1389,Q8VCQ6,PDBe_SIFTS,2d8c,A,13,1,pending,,,1,held,0.1.0
1389,Q8VCQ6,PDBe_SIFTS,2d8c,A,14,1,pending,,,1,held,0.1.0
1389,Q8VCQ6,PDBe_SIFTS,2d8c,A,15,1,pending,,,1,held,0.1.0
1389,Q8VCQ6,PDBe_SIFTS,2d8c,A,16,1,pending,,,1,held,0.1.0
1389,Q8VCQ6,PDBe_SIFTS,2d8c,A,17,1,pending,,,1,held,0.1.0
1389,Q8VCQ6,PDBe_SIFTS,2d8c,A,18,1,pending,,,1,held,0.1.0
1389,Q8VCQ6,PDBe_SIFTS,2d8c,A,19,1,pending,,,1,held,0.1.0
1389,Q8VCQ6,PDBe_SIFTS,2d8c,A,2,1,pending,,,1,held,0.1.0
1389,Q8VCQ6,PDBe_SIFTS,2d8c,A,20,1,pending,,,1,held,0.1.0
1389,Q8VCQ6,PDBe_SIFTS,2d8c,A,3,1,pending,,,1,held,0.1.0
1389,Q8VCQ6,PDBe_SIFTS,2d8c,A,4,1,pending,,,1,held,0.1.0
1389,Q8VCQ6,PDBe_SIFTS,2d8c,A,5,1,pending,,,1,held,0.1.0
1389,Q8VCQ6,PDBe_SIFTS,2d8c,A,6,1,pending,,,1,held,0.1.0
1389,Q8VCQ6,PDBe_SIFTS,2d8c,A,7,1,pending,,,1,held,0.1.0
1389,Q8VCQ6,PDBe_SIFTS,2d8c,A,8,1,pending,,,1,held,0.1.0
1389,Q8VCQ6,PDBe_SIFTS,2d8c,A,9,1,pending,,,1,held,0.1.0
1390,Q8VCT9,AlphaFold_DB,AF-Q8VCT9-F1,A,1,,pending,,,5,held,0.1.0
1391,Q8VCZ6,AlphaFold_DB,AF-Q8VCZ6-F1,A,1,,pending,,,6,held,0.1.0
1392,Q8VCZ6,PDBe_SIFTS,2yuo,A,1,1,pending,,,1,held,0.1.0
1392,Q8VCZ6,PDBe_SIFTS,2yuo,A,10,1,pending,,,1,held,0.1.0
1392,Q8VCZ6,PDBe_SIFTS,2yuo,A,11,1,pending,,,1,held,0.1.0
1392,Q8VCZ6,PDBe_SIFTS,2yuo,A,12,1,pending,,,1,held,0.1.0
1392,Q8VCZ6,PDBe_SIFTS,2yuo,A,13,1,pending,,,1,held,0.1.0
1392,Q8VCZ6,PDBe_SIFTS,2yuo,A,14,1,pending,,,1,held,0.1.0
1392,Q8VCZ6,PDBe_SIFTS,2yuo,A,15,1,pending,,,1,held,0.1.0
1392,Q8VCZ6,PDBe_SIFTS,2yuo,A,16,1,pending,,,1,held,0.1.0
1392,Q8VCZ6,PDBe_SIFTS,2yuo,A,17,1,pending,,,1,held,0.1.0
1392,Q8VCZ6,PDBe_SIFTS,2yuo,A,18,1,pending,,,1,held,0.1.0
1392,Q8VCZ6,PDBe_SIFTS,2yuo,A,19,1,pending,,,1,held,0.1.0
1392,Q8VCZ6,PDBe_SIFTS,2yuo,A,2,1,pending,,,1,held,0.1.0
1392,Q8VCZ6,PDBe_SIFTS,2yuo,A,20,1,pending,,,1,held,0.1.0
1392,Q8VCZ6,PDBe_SIFTS,2yuo,A,3,1,pending,,,1,held,0.1.0
1392,Q8VCZ6,PDBe_SIFTS,2yuo,A,4,1,pending,,,1,held,0.1.0
1392,Q8VCZ6,PDBe_SIFTS,2yuo,A,5,1,pending,,,1,held,0.1.0
1392,Q8VCZ6,PDBe_SIFTS,2yuo,A,6,1,pending,,,1,held,0.1.0
1392,Q8VCZ6,PDBe_SIFTS,2yuo,A,7,1,pending,,,1,held,0.1.0
1392,Q8VCZ6,PDBe_SIFTS,2yuo,A,8,1,pending,,,1,held,0.1.0
1392,Q8VCZ6,PDBe_SIFTS,2yuo,A,9,1,pending,,,1,held,0.1.0
1394,Q8VD53,AlphaFold_DB,AF-Q8VD53-F1,A,1,,pending,,,15,held,0.1.0
1396,Q8VDG5,AlphaFold_DB,AF-Q8VDG5-F1,A,1,,pending,,,1,held,0.1.0
1402,Q8VDP3,PDBe_SIFTS,2bry,A,1,1,pending,,,8,held,0.1.0
1403,Q8VDP3,PDBe_SIFTS,2bry,B,1,2,pending,,,8,held,0.1.0
1404,Q8VDP3,PDBe_SIFTS,2c4c,A,1,1,pending,,,8,held,0.1.0
1405,Q8VDP3,PDBe_SIFTS,2c4c,B,1,2,pending,,,8,held,0.1.0
1406,Q8VDP3,PDBe_SIFTS,4txi,A,1,1,pending,,,10,held,0.1.0
1407,Q8VDP3,PDBe_SIFTS,4txk,A,1,1,pending,,,10,held,0.1.0
1399,Q8VDP3,AlphaFold_DB,AF-Q8VDP3-F1,A,1,,pending,,,8,held,0.1.0
1400,Q8VDP3,PDBe_SIFTS,2bra,A,1,1,pending,,,7,held,0.1.0
1401,Q8VDP3,PDBe_SIFTS,2bra,B,1,2,pending,,,7,held,0.1.0
1409,Q8VDV0,AlphaFold_DB,AF-Q8VDV0-F1,A,1,,pending,,,47,held,0.1.0
1410,Q8VE92,AlphaFold_DB,AF-Q8VE92-F1,A,1,,pending,,,2,held,0.1.0
1411,Q8VHZ5,AlphaFold_DB,AF-Q8VHZ5-F1,A,1,,pending,,,6,held,0.1.0
1416,Q8VIK5,AlphaFold_DB,AF-Q8VIK5-F1,A,1,,pending,,,39,held,0.1.0
1417,Q91VE2,AlphaFold_DB,AF-Q91VE2-F1,A,1,,pending,,,10,held,0.1.0
1418,Q91VK1,AlphaFold_DB,AF-Q91VK1-F1,A,1,,pending,,,4,held,0.1.0
1419,Q91VN1,AlphaFold_DB,AF-Q91VN1-F1,A,1,,pending,,,8,held,0.1.0
1421,Q91VW3,AlphaFold_DB,AF-Q91VW3-F1,A,1,,pending,,,1,held,0.1.0
1422,Q91VW3,PDBe_SIFTS,1j0f,A,1,1,pending,,,1,held,0.1.0
1422,Q91VW3,PDBe_SIFTS,1j0f,A,10,1,pending,,,1,held,0.1.0
1422,Q91VW3,PDBe_SIFTS,1j0f,A,11,1,pending,,,1,held,0.1.0
1422,Q91VW3,PDBe_SIFTS,1j0f,A,12,1,pending,,,1,held,0.1.0
1422,Q91VW3,PDBe_SIFTS,1j0f,A,13,1,pending,,,1,held,0.1.0
1422,Q91VW3,PDBe_SIFTS,1j0f,A,14,1,pending,,,1,held,0.1.0
1422,Q91VW3,PDBe_SIFTS,1j0f,A,15,1,pending,,,1,held,0.1.0
1422,Q91VW3,PDBe_SIFTS,1j0f,A,16,1,pending,,,1,held,0.1.0
1422,Q91VW3,PDBe_SIFTS,1j0f,A,17,1,pending,,,1,held,0.1.0
1422,Q91VW3,PDBe_SIFTS,1j0f,A,18,1,pending,,,1,held,0.1.0
1422,Q91VW3,PDBe_SIFTS,1j0f,A,19,1,pending,,,1,held,0.1.0
1422,Q91VW3,PDBe_SIFTS,1j0f,A,2,1,pending,,,1,held,0.1.0
1422,Q91VW3,PDBe_SIFTS,1j0f,A,20,1,pending,,,1,held,0.1.0
1422,Q91VW3,PDBe_SIFTS,1j0f,A,3,1,pending,,,1,held,0.1.0
1422,Q91VW3,PDBe_SIFTS,1j0f,A,4,1,pending,,,1,held,0.1.0
1422,Q91VW3,PDBe_SIFTS,1j0f,A,5,1,pending,,,1,held,0.1.0
1422,Q91VW3,PDBe_SIFTS,1j0f,A,6,1,pending,,,1,held,0.1.0
1422,Q91VW3,PDBe_SIFTS,1j0f,A,7,1,pending,,,1,held,0.1.0
1422,Q91VW3,PDBe_SIFTS,1j0f,A,8,1,pending,,,1,held,0.1.0
1422,Q91VW3,PDBe_SIFTS,1j0f,A,9,1,pending,,,1,held,0.1.0
1423,Q91VW3,PDBe_SIFTS,1t1v,A,1,1,pending,,,1,held,0.1.0
1424,Q91VW3,PDBe_SIFTS,1t1v,B,1,1,pending,,,1,held,0.1.0
1425,Q91W29,AlphaFold_DB,AF-Q91W29-F1,A,1,,pending,,,1,held,0.1.0
1426,Q91W86,AlphaFold_DB,AF-Q91W86-F1,A,1,,pending,,,6,held,0.1.0
1428,Q91WE9,AlphaFold_DB,AF-Q91WE9-F1,A,1,,pending,,,7,held,0.1.0
1429,Q91WK5,AlphaFold_DB,AF-Q91WK5-F1,A,1,,pending,,,2,held,0.1.0
1432,Q91WT9,AlphaFold_DB,AF-Q91WT9-F1,A,1,,pending,,,10,held,0.1.0
1433,Q91X52,AlphaFold_DB,AF-Q91X52-F1,A,1,,pending,,,4,held,0.1.0
1434,Q91XD2,AlphaFold_DB,AF-Q91XD2-F1,A,1,,pending,,,28,held,0.1.0
1436,Q91XE0,AlphaFold_DB,AF-Q91XE0-F1,A,1,,pending,,,5,held,0.1.0
1437,Q91XT6,AlphaFold_DB,AF-Q91XT6-F1,A,1,,pending,,,3,held,0.1.0
1438,Q91Y86,AlphaFold_DB,AF-Q91Y86-F1,A,1,,pending,,,7,held,0.1.0
1439,Q91ZC0,AlphaFold_DB,AF-Q91ZC0-F1,A,1,,pending,,,7,held,0.1.0
1441,Q91ZP9,AlphaFold_DB,AF-Q91ZP9-F1,A,1,,pending,,,3,held,0.1.0
1442,Q91ZV8,AlphaFold_DB,AF-Q91ZV8-F1,A,1,,pending,,,19,held,0.1.0
1444,Q91ZX1,AlphaFold_DB,AF-Q91ZX1-F1,A,1,,pending,,,7,held,0.1.0
1446,Q920C1,AlphaFold_DB,AF-Q920C1-F1,A,1,,pending,,,4,held,0.1.0
1448,Q920E5,AlphaFold_DB,AF-Q920E5-F1,A,1,,pending,,,6,held,0.1.0
1449,Q920L5,AlphaFold_DB,AF-Q920L5-F1,A,1,,pending,,,3,held,0.1.0
1450,Q923B1,AlphaFold_DB,AF-Q923B1-F1,A,1,,pending,,,10,held,0.1.0
1452,Q923W9,AlphaFold_DB,AF-Q923W9-F1,A,1,,pending,,,31,held,0.1.0
1453,Q923X1,AlphaFold_DB,AF-Q923X1-F1,A,1,,pending,,,15,held,0.1.0
1455,Q924X6,AlphaFold_DB,AF-Q924X6-F1,A,1,,pending,,,12,held,0.1.0
1456,Q925N0,AlphaFold_DB,AF-Q925N0-F1,A,1,,pending,,,3,held,0.1.0
1457,Q925N2,AlphaFold_DB,AF-Q925N2-F1,A,1,,pending,,,2,held,0.1.0
1459,Q93092,AlphaFold_DB,AF-Q93092-F1,A,1,,pending,,,3,held,0.1.0
1460,Q93092,PDBe_SIFTS,2cwn,A,1,1,pending,,,3,held,0.1.0
1461,Q93092,PDBe_SIFTS,2cwn,B,1,2,pending,,,3,held,0.1.0
1462,Q93092,PDBe_SIFTS,2e1d,A,1,1,pending,,,3,held,0.1.0
1463,Q93092,PDBe_SIFTS,2e1d,B,1,1,pending,,,3,held,0.1.0
1464,Q99J79,AlphaFold_DB,AF-Q99J79-F1,A,1,,pending,,,5,held,0.1.0
1465,Q99JF5,AlphaFold_DB,AF-Q99JF5-F1,A,1,,pending,,,6,held,0.1.0
1466,Q99JF5,PDBe_SIFTS,3f0n,A,1,1,pending,,,6,held,0.1.0
1467,Q99JF5,PDBe_SIFTS,3f0n,B,1,1,pending,,,6,held,0.1.0
1468,Q99LF1,AlphaFold_DB,AF-Q99LF1-F1,A,1,,pending,,,1,held,0.1.0
1469,Q99MQ4,AlphaFold_DB,AF-Q99MQ4-F1,A,1,,pending,,,6,held,0.1.0
1470,Q99MR1,AlphaFold_DB,AF-Q99MR1-F1,A,1,,pending,,,1,held,0.1.0
1471,Q99N05,AlphaFold_DB,AF-Q99N05-F1,A,1,,pending,,,1,held,0.1.0
1472,Q99N09,AlphaFold_DB,AF-Q99N09-F1,A,1,,pending,,,3,held,0.1.0
1477,Q99N48,AlphaFold_DB,AF-Q99N48-F1,A,1,,pending,,,12,held,0.1.0
1478,Q99N90,AlphaFold_DB,AF-Q99N90-F1,A,1,,pending,,,3,held,0.1.0
1479,Q99N90,PDBe_SIFTS,9e9c,CA,1,1,pending,,,3,held,0.1.0
1480,Q99N90,PDBe_SIFTS,9hcf,CA,1,1,pending,,,3,held,0.1.0
1481,Q99N90,PDBe_SIFTS,9hcg,DA,1,1,pending,,,3,held,0.1.0
1482,Q99N90,PDBe_SIFTS,9hch,DA,1,1,pending,,,3,held,0.1.0
1488,Q99P47,AlphaFold_DB,AF-Q99P47-F1,A,1,,pending,,,26,held,0.1.0
1489,Q99PI4,AlphaFold_DB,AF-Q99PI4-F1,A,1,,pending,,,5,held,0.1.0
1490,Q99PL8,AlphaFold_DB,AF-Q99PL8-F1,A,1,,pending,,,5,held,0.1.0
1491,Q99PU5,AlphaFold_DB,AF-Q99PU5-F1,A,1,,pending,,,10,held,0.1.0
1492,Q9CPU0,AlphaFold_DB,AF-Q9CPU0-F1,A,1,,pending,,,3,held,0.1.0
1495,Q9CPU0,PDBe_SIFTS,4kyh,A,1,1,pending,,,3,held,0.1.0
1496,Q9CPU0,PDBe_SIFTS,4kyh,B,1,1,pending,,,3,held,0.1.0
1497,Q9CPU0,PDBe_SIFTS,4kyk,A,1,1,pending,,,3,held,0.1.0
1498,Q9CPU0,PDBe_SIFTS,4kyk,B,1,1,pending,,,3,held,0.1.0
1499,Q9CPU0,PDBe_SIFTS,4opn,A,1,1,pending,,,3,held,0.1.0
1500,Q9CPU0,PDBe_SIFTS,4opn,B,1,1,pending,,,3,held,0.1.0
1501,Q9CPU0,PDBe_SIFTS,4pv5,A,1,1,pending,,,3,held,0.1.0
1502,Q9CPU0,PDBe_SIFTS,4pv5,B,1,1,pending,,,3,held,0.1.0
1503,Q9CPU0,PDBe_SIFTS,4x2a,A,1,1,pending,,,3,held,0.1.0
1504,Q9CPU0,PDBe_SIFTS,4x2a,B,1,1,pending,,,3,held,0.1.0
1505,Q9CPU0,PDBe_SIFTS,6l0u,A,1,1,pending,,,3,held,0.1.0
1506,Q9CPU0,PDBe_SIFTS,6l0u,B,1,1,pending,,,3,held,0.1.0
1507,Q9CPV9,AlphaFold_DB,AF-Q9CPV9-F1,A,1,,pending,,,5,held,0.1.0
1508,Q9CQ00,AlphaFold_DB,AF-Q9CQ00-F1,A,1,,pending,,,1,held,0.1.0
1510,Q9CQ19,AlphaFold_DB,AF-Q9CQ19-F1,A,1,,pending,,,1,held,0.1.0
1513,Q9CQG2,AlphaFold_DB,AF-Q9CQG2-F1,A,1,,pending,,,9,held,0.1.0
1515,Q9CQM5,AlphaFold_DB,AF-Q9CQM5-F1,A,1,,pending,,,6,held,0.1.0
1525,Q9CQS2,AlphaFold_DB,AF-Q9CQS2-F1,A,1,,pending,,,1,held,0.1.0
1527,Q9CR50,AlphaFold_DB,AF-Q9CR50-F1,A,1,,pending,,,29,held,0.1.0
1528,Q9CR50,PDBe_SIFTS,2dkt,A,1,1,pending,,,19,held,0.1.0
1528,Q9CR50,PDBe_SIFTS,2dkt,A,10,1,pending,,,19,held,0.1.0
1528,Q9CR50,PDBe_SIFTS,2dkt,A,11,1,pending,,,19,held,0.1.0
1528,Q9CR50,PDBe_SIFTS,2dkt,A,12,1,pending,,,19,held,0.1.0
1528,Q9CR50,PDBe_SIFTS,2dkt,A,13,1,pending,,,19,held,0.1.0
1528,Q9CR50,PDBe_SIFTS,2dkt,A,14,1,pending,,,19,held,0.1.0
1528,Q9CR50,PDBe_SIFTS,2dkt,A,15,1,pending,,,19,held,0.1.0
1528,Q9CR50,PDBe_SIFTS,2dkt,A,16,1,pending,,,19,held,0.1.0
1528,Q9CR50,PDBe_SIFTS,2dkt,A,17,1,pending,,,19,held,0.1.0
1528,Q9CR50,PDBe_SIFTS,2dkt,A,18,1,pending,,,19,held,0.1.0
1528,Q9CR50,PDBe_SIFTS,2dkt,A,19,1,pending,,,19,held,0.1.0
1528,Q9CR50,PDBe_SIFTS,2dkt,A,2,1,pending,,,19,held,0.1.0
1528,Q9CR50,PDBe_SIFTS,2dkt,A,20,1,pending,,,19,held,0.1.0
1528,Q9CR50,PDBe_SIFTS,2dkt,A,3,1,pending,,,19,held,0.1.0
1528,Q9CR50,PDBe_SIFTS,2dkt,A,4,1,pending,,,19,held,0.1.0
1528,Q9CR50,PDBe_SIFTS,2dkt,A,5,1,pending,,,19,held,0.1.0
1528,Q9CR50,PDBe_SIFTS,2dkt,A,6,1,pending,,,19,held,0.1.0
1528,Q9CR50,PDBe_SIFTS,2dkt,A,7,1,pending,,,19,held,0.1.0
1528,Q9CR50,PDBe_SIFTS,2dkt,A,8,1,pending,,,19,held,0.1.0
1528,Q9CR50,PDBe_SIFTS,2dkt,A,9,1,pending,,,19,held,0.1.0
1529,Q9CR50,PDBe_SIFTS,2ecm,A,1,1,pending,,,6,held,0.1.0
1529,Q9CR50,PDBe_SIFTS,2ecm,A,10,1,pending,,,6,held,0.1.0
1529,Q9CR50,PDBe_SIFTS,2ecm,A,11,1,pending,,,6,held,0.1.0
1529,Q9CR50,PDBe_SIFTS,2ecm,A,12,1,pending,,,6,held,0.1.0
1529,Q9CR50,PDBe_SIFTS,2ecm,A,13,1,pending,,,6,held,0.1.0
1529,Q9CR50,PDBe_SIFTS,2ecm,A,14,1,pending,,,6,held,0.1.0
1529,Q9CR50,PDBe_SIFTS,2ecm,A,15,1,pending,,,6,held,0.1.0
1529,Q9CR50,PDBe_SIFTS,2ecm,A,16,1,pending,,,6,held,0.1.0
1529,Q9CR50,PDBe_SIFTS,2ecm,A,17,1,pending,,,6,held,0.1.0
1529,Q9CR50,PDBe_SIFTS,2ecm,A,18,1,pending,,,6,held,0.1.0
1529,Q9CR50,PDBe_SIFTS,2ecm,A,19,1,pending,,,6,held,0.1.0
1529,Q9CR50,PDBe_SIFTS,2ecm,A,2,1,pending,,,6,held,0.1.0
1529,Q9CR50,PDBe_SIFTS,2ecm,A,20,1,pending,,,6,held,0.1.0
1529,Q9CR50,PDBe_SIFTS,2ecm,A,3,1,pending,,,6,held,0.1.0
1529,Q9CR50,PDBe_SIFTS,2ecm,A,4,1,pending,,,6,held,0.1.0
1529,Q9CR50,PDBe_SIFTS,2ecm,A,5,1,pending,,,6,held,0.1.0
1529,Q9CR50,PDBe_SIFTS,2ecm,A,6,1,pending,,,6,held,0.1.0
1529,Q9CR50,PDBe_SIFTS,2ecm,A,7,1,pending,,,6,held,0.1.0
1529,Q9CR50,PDBe_SIFTS,2ecm,A,8,1,pending,,,6,held,0.1.0
1529,Q9CR50,PDBe_SIFTS,2ecm,A,9,1,pending,,,6,held,0.1.0
1530,Q9CR75,AlphaFold_DB,AF-Q9CR75-F1,A,1,,pending,,,1,held,0.1.0
1532,Q9CR84,AlphaFold_DB,AF-Q9CR84-F1,A,1,,pending,,,1,held,0.1.0
1535,Q9CR98,AlphaFold_DB,AF-Q9CR98-F1,A,1,,pending,,,9,held,0.1.0
1536,Q9CRA4,AlphaFold_DB,AF-Q9CRA4-F1,A,1,,pending,,,5,held,0.1.0
1537,Q9CW03,AlphaFold_DB,AF-Q9CW03-F1,A,1,,pending,,,4,held,0.1.0
1538,Q9CW03,PDBe_SIFTS,2wd5,B,1,1,pending,,,4,held,0.1.0
1539,Q9CW03,PDBe_SIFTS,7dg5,B,1,1,pending,,,4,held,0.1.0
1540,Q9CW03,PDBe_SIFTS,7dg5,D,1,2,pending,,,4,held,0.1.0
1541,Q9CWF2,AlphaFold_DB,AF-Q9CWF2-F1,A,1,,pending,,,5,held,0.1.0
1542,Q9CWF2,PDBe_SIFTS,9w2m,JA,1,1,pending,,,8,held,0.1.0
1543,Q9CWF2,PDBe_SIFTS,9w2m,RA,1,1,pending,,,8,held,0.1.0
1544,Q9CX84,AlphaFold_DB,AF-Q9CX84-F1,A,1,,pending,,,1,held,0.1.0
1546,Q9CY45,AlphaFold_DB,AF-Q9CY45-F1,A,1,,pending,,,5,held,0.1.0
1547,Q9CY64,AlphaFold_DB,AF-Q9CY64-F1,A,1,,pending,,,3,held,0.1.0
1548,Q9CYQ7,AlphaFold_DB,AF-Q9CYQ7-F1,A,1,,pending,,,7,held,0.1.0
1549,Q9CZH3,AlphaFold_DB,AF-Q9CZH3-F1,A,1,,pending,,,3,held,0.1.0
1551,Q9CZI9,AlphaFold_DB,AF-Q9CZI9-F1,A,1,,pending,,,2,held,0.1.0
1552,Q9CZP5,AlphaFold_DB,AF-Q9CZP5-F1,A,1,,pending,,,3,held,0.1.0
1553,Q9CZP5,PDBe_SIFTS,6u1y,A,1,1,pending,,,3,held,0.1.0
1554,Q9CZP5,PDBe_SIFTS,6u1y,B,1,1,pending,,,3,held,0.1.0
1555,Q9CZP5,PDBe_SIFTS,6u1y,C,1,1,pending,,,3,held,0.1.0
1556,Q9CZP5,PDBe_SIFTS,6u1y,D,1,1,pending,,,3,held,0.1.0
1557,Q9CZP5,PDBe_SIFTS,6u1y,E,1,1,pending,,,3,held,0.1.0
1558,Q9CZP5,PDBe_SIFTS,6u1y,F,1,1,pending,,,3,held,0.1.0
1559,Q9CZP5,PDBe_SIFTS,6u1y,G,1,1,pending,,,3,held,0.1.0
1560,Q9CZP5,PDBe_SIFTS,6uko,A,1,1,pending,,,3,held,0.1.0
1561,Q9CZP5,PDBe_SIFTS,6uko,B,1,1,pending,,,3,held,0.1.0
1562,Q9CZP5,PDBe_SIFTS,6uko,C,1,1,pending,,,3,held,0.1.0
1563,Q9CZP5,PDBe_SIFTS,6uko,D,1,1,pending,,,3,held,0.1.0
1564,Q9CZP5,PDBe_SIFTS,6uko,E,1,1,pending,,,3,held,0.1.0
1565,Q9CZP5,PDBe_SIFTS,6uko,F,1,1,pending,,,3,held,0.1.0
1566,Q9CZP5,PDBe_SIFTS,6uko,G,1,1,pending,,,3,held,0.1.0
1567,Q9CZP5,PDBe_SIFTS,6ukp,A,1,1,pending,,,3,held,0.1.0
1568,Q9CZP5,PDBe_SIFTS,6ukp,B,1,1,pending,,,3,held,0.1.0
1569,Q9CZP5,PDBe_SIFTS,6ukp,C,1,1,pending,,,3,held,0.1.0
1570,Q9CZP5,PDBe_SIFTS,6ukp,D,1,1,pending,,,3,held,0.1.0
1571,Q9CZP5,PDBe_SIFTS,6ukp,E,1,1,pending,,,3,held,0.1.0
1572,Q9CZP5,PDBe_SIFTS,6ukp,F,1,1,pending,,,3,held,0.1.0
1573,Q9CZP5,PDBe_SIFTS,6ukp,G,1,1,pending,,,3,held,0.1.0
1574,Q9CZP5,PDBe_SIFTS,6uks,A,1,1,pending,,,3,held,0.1.0
1575,Q9CZP5,PDBe_SIFTS,6uks,B,1,1,pending,,,3,held,0.1.0
1576,Q9CZP5,PDBe_SIFTS,6uks,C,1,1,pending,,,3,held,0.1.0
1577,Q9CZP5,PDBe_SIFTS,6uks,D,1,1,pending,,,3,held,0.1.0
1578,Q9CZP5,PDBe_SIFTS,6uks,E,1,1,pending,,,3,held,0.1.0
1579,Q9CZP5,PDBe_SIFTS,6uks,F,1,1,pending,,,3,held,0.1.0
1580,Q9CZP5,PDBe_SIFTS,6uks,G,1,1,pending,,,3,held,0.1.0
1581,Q9CZP5,PDBe_SIFTS,8t14,A,1,1,pending,,,3,held,0.1.0
1582,Q9CZP5,PDBe_SIFTS,8t14,C,1,1,pending,,,3,held,0.1.0
1583,Q9CZP5,PDBe_SIFTS,8t14,D,1,1,pending,,,3,held,0.1.0
1584,Q9CZP5,PDBe_SIFTS,8t14,E,1,1,pending,,,3,held,0.1.0
1585,Q9CZP5,PDBe_SIFTS,8t14,F,1,1,pending,,,3,held,0.1.0
1586,Q9CZP5,PDBe_SIFTS,8t14,G,1,1,pending,,,3,held,0.1.0
1587,Q9CZP5,PDBe_SIFTS,8t14,B,1,1,pending,,,3,held,0.1.0
1588,Q9CZP5,PDBe_SIFTS,8t5u,A,1,1,pending,,,3,held,0.1.0
1589,Q9CZP5,PDBe_SIFTS,8t5u,B,1,1,pending,,,3,held,0.1.0
1590,Q9CZP5,PDBe_SIFTS,8t5u,C,1,1,pending,,,3,held,0.1.0
1591,Q9CZP5,PDBe_SIFTS,8t5u,D,1,1,pending,,,3,held,0.1.0
1592,Q9CZP5,PDBe_SIFTS,8t5u,E,1,1,pending,,,3,held,0.1.0
1593,Q9CZP5,PDBe_SIFTS,8t5u,F,1,1,pending,,,3,held,0.1.0
1594,Q9CZP5,PDBe_SIFTS,8t5u,G,1,1,pending,,,3,held,0.1.0
1595,Q9CZP5,PDBe_SIFTS,8t7u,A,1,1,pending,,,3,held,0.1.0
1596,Q9CZP5,PDBe_SIFTS,8t7u,C,1,1,pending,,,3,held,0.1.0
1597,Q9CZP5,PDBe_SIFTS,8t7u,D,1,1,pending,,,3,held,0.1.0
1598,Q9CZP5,PDBe_SIFTS,8t7u,E,1,1,pending,,,3,held,0.1.0
1599,Q9CZP5,PDBe_SIFTS,8t7u,F,1,1,pending,,,3,held,0.1.0
1600,Q9CZP5,PDBe_SIFTS,8t7u,G,1,1,pending,,,3,held,0.1.0
1601,Q9CZP5,PDBe_SIFTS,8t7u,B,1,1,pending,,,3,held,0.1.0
1602,Q9CZP5,PDBe_SIFTS,8tby,A,1,1,pending,,,3,held,0.1.0
1603,Q9CZP5,PDBe_SIFTS,8tby,B,1,1,pending,,,3,held,0.1.0
1604,Q9CZP5,PDBe_SIFTS,8tby,C,1,1,pending,,,3,held,0.1.0
1605,Q9CZP5,PDBe_SIFTS,8tby,D,1,1,pending,,,3,held,0.1.0
1606,Q9CZP5,PDBe_SIFTS,8tby,E,1,1,pending,,,3,held,0.1.0
1607,Q9CZP5,PDBe_SIFTS,8tby,F,1,1,pending,,,3,held,0.1.0
1608,Q9CZP5,PDBe_SIFTS,8tby,G,1,1,pending,,,3,held,0.1.0
1609,Q9CZP5,PDBe_SIFTS,8ti0,A,1,1,pending,,,3,held,0.1.0
1610,Q9CZP5,PDBe_SIFTS,8ti0,B,1,1,pending,,,3,held,0.1.0
1611,Q9CZP5,PDBe_SIFTS,8ti0,C,1,1,pending,,,3,held,0.1.0
1612,Q9CZP5,PDBe_SIFTS,8ti0,D,1,1,pending,,,3,held,0.1.0
1613,Q9CZP5,PDBe_SIFTS,8ti0,E,1,1,pending,,,3,held,0.1.0
1614,Q9CZP5,PDBe_SIFTS,8ti0,F,1,1,pending,,,3,held,0.1.0
1615,Q9CZP5,PDBe_SIFTS,8ti0,G,1,1,pending,,,3,held,0.1.0
1616,Q9CZP5,PDBe_SIFTS,8tp1,A,1,1,pending,,,3,held,0.1.0
1617,Q9CZP5,PDBe_SIFTS,8tp1,B,1,1,pending,,,3,held,0.1.0
1618,Q9CZP5,PDBe_SIFTS,8tp1,C,1,1,pending,,,3,held,0.1.0
1619,Q9CZP5,PDBe_SIFTS,8tp1,D,1,1,pending,,,3,held,0.1.0
1620,Q9CZP5,PDBe_SIFTS,8tp1,E,1,1,pending,,,3,held,0.1.0
1621,Q9CZP5,PDBe_SIFTS,8tp1,F,1,1,pending,,,3,held,0.1.0
1622,Q9CZP5,PDBe_SIFTS,8tp1,G,1,1,pending,,,3,held,0.1.0
1623,Q9CZP5,PDBe_SIFTS,8tpl,A,1,1,pending,,,3,held,0.1.0
1624,Q9CZP5,PDBe_SIFTS,8tpl,B,1,1,pending,,,3,held,0.1.0
1625,Q9CZP5,PDBe_SIFTS,8tpl,C,1,1,pending,,,3,held,0.1.0
1626,Q9CZP5,PDBe_SIFTS,8tpl,D,1,1,pending,,,3,held,0.1.0
1627,Q9CZP5,PDBe_SIFTS,8tpl,E,1,1,pending,,,3,held,0.1.0
1628,Q9CZP5,PDBe_SIFTS,8tpl,F,1,1,pending,,,3,held,0.1.0
1629,Q9CZP5,PDBe_SIFTS,8tpl,G,1,1,pending,,,3,held,0.1.0
1631,Q9D0T7,AlphaFold_DB,AF-Q9D0T7-F1,A,1,,pending,,,3,held,0.1.0
1633,Q9D154,AlphaFold_DB,AF-Q9D154-F1,A,1,,pending,,,2,held,0.1.0
1636,Q9D1D1,AlphaFold_DB,AF-Q9D1D1-F1,A,1,,pending,,,12,held,0.1.0
1639,Q9D1G2,AlphaFold_DB,AF-Q9D1G2-F1,A,1,,pending,,,5,held,0.1.0
1642,Q9D236,AlphaFold_DB,AF-Q9D236-F1,A,1,,pending,,,6,held,0.1.0
1643,Q9D2N8,AlphaFold_DB,AF-Q9D2N8-F1,A,1,,pending,,,15,held,0.1.0
1645,Q9D300,AlphaFold_DB,AF-Q9D300-F1,A,1,,pending,,,9,held,0.1.0
1647,Q9D3R9,AlphaFold_DB,AF-Q9D3R9-F1,A,1,,pending,,,3,held,0.1.0
1648,Q9D479,AlphaFold_DB,AF-Q9D479-F1,A,1,,pending,,,7,held,0.1.0
1649,Q9D5Z5,AlphaFold_DB,AF-Q9D5Z5-F1,A,1,,pending,,,9,held,0.1.0
1650,Q9D668,AlphaFold_DB,AF-Q9D668-F1,A,1,,pending,,,1,held,0.1.0
1652,Q9D684,AlphaFold_DB,AF-Q9D684-F1,A,1,,pending,,,5,held,0.1.0
1654,Q9D6A1,AlphaFold_DB,AF-Q9D6A1-F1,A,1,,pending,,,10,held,0.1.0
1655,Q9D6B9,AlphaFold_DB,AF-Q9D6B9-F1,A,1,,pending,,,1,held,0.1.0
1656,Q9D6D8,AlphaFold_DB,AF-Q9D6D8-F1,A,1,,pending,,,7,held,0.1.0
1659,Q9D6X5,AlphaFold_DB,AF-Q9D6X5-F1,A,1,,pending,,,8,held,0.1.0
1660,Q9D6X6,AlphaFold_DB,AF-Q9D6X6-F1,A,1,,pending,,,4,held,0.1.0
1661,Q9D708,AlphaFold_DB,AF-Q9D708-F1,A,1,,pending,,,1,held,0.1.0
1662,Q9D7C9,AlphaFold_DB,AF-Q9D7C9-F1,A,1,,pending,,,3,held,0.1.0
1664,Q9D7I5,AlphaFold_DB,AF-Q9D7I5-F1,A,1,,pending,,,6,held,0.1.0
1666,Q9D7Q1,AlphaFold_DB,AF-Q9D7Q1-F1,A,1,,pending,,,4,held,0.1.0
1667,Q9D7U6,AlphaFold_DB,AF-Q9D7U6-F1,A,1,,pending,,,7,held,0.1.0
1668,Q9D819,AlphaFold_DB,AF-Q9D819-F1,A,1,,pending,,,8,held,0.1.0
1669,Q9D975,AlphaFold_DB,AF-Q9D975-F1,A,1,,pending,,,1,held,0.1.0
1670,Q9DAU7,AlphaFold_DB,AF-Q9DAU7-F1,A,1,,pending,,,12,held,0.1.0
1671,Q9DB28,AlphaFold_DB,AF-Q9DB28-F1,A,1,,pending,,,5,held,0.1.0
1672,Q9DB91,AlphaFold_DB,AF-Q9DB91-F1,A,1,,pending,,,5,held,0.1.0
1673,Q9DB91,PDBe_SIFTS,6w1s,W,1,1,pending,,,1,held,0.1.0
1674,Q9DB91,PDBe_SIFTS,8t1i,X,1,1,pending,,,1,held,0.1.0
1675,Q9DB91,PDBe_SIFTS,8t1l,V,1,1,pending,,,1,held,0.1.0
1677,Q9DBF1,AlphaFold_DB,AF-Q9DBF1-F1,A,1,,pending,,,8,held,0.1.0
1678,Q9DBG1,AlphaFold_DB,AF-Q9DBG1-F1,A,1,,pending,,,3,held,0.1.0
1679,Q9DCC4,AlphaFold_DB,AF-Q9DCC4-F1,A,1,,pending,,,8,held,0.1.0
1680,Q9DCE5,AlphaFold_DB,AF-Q9DCE5-F1,A,1,,pending,,,8,held,0.1.0
1685,Q9EP53,AlphaFold_DB,AF-Q9EP53-F1,A,1,,pending,,,5,held,0.1.0
1686,Q9EP69,AlphaFold_DB,AF-Q9EP69-F1,A,1,,pending,,,6,held,0.1.0
1687,Q9EP75,AlphaFold_DB,AF-Q9EP75-F1,A,1,,pending,,,10,held,0.1.0
1688,Q9EPC5,AlphaFold_DB,AF-Q9EPC5-F1,A,1,,pending,,,5,held,0.1.0
1690,Q9EPX5,AlphaFold_DB,AF-Q9EPX5-F1,A,1,,pending,,,9,held,0.1.0
1693,Q9EQ32,AlphaFold_DB,AF-Q9EQ32-F1,A,1,,pending,,,5,held,0.1.0
1694,Q9EQC7,AlphaFold_DB,AF-Q9EQC7-F1,A,1,,pending,,,26,held,0.1.0
1699,Q9EQH4,AlphaFold_DB,AF-Q9EQH4-F1,A,1,,pending,,,1,held,0.1.0
1702,Q9EQQ9,AlphaFold_DB,AF-Q9EQQ9-F1,A,1,,pending,,,16,held,0.1.0
1704,Q9ER71,AlphaFold_DB,AF-Q9ER71-F1,A,1,,pending,,,6,held,0.1.0
1705,Q9ERV7,AlphaFold_DB,AF-Q9ERV7-F1,A,1,,pending,,,1,held,0.1.0
1706,Q9ERY9,AlphaFold_DB,AF-Q9ERY9-F1,A,1,,pending,,,2,held,0.1.0
1707,Q9ESC7,AlphaFold_DB,AF-Q9ESC7-F1,A,1,,pending,,,5,held,0.1.0
1708,Q9ESH5,AlphaFold_DB,AF-Q9ESH5-F1,A,1,,pending,,,6,held,0.1.0
1711,Q9ESL4,AlphaFold_DB,AF-Q9ESL4-F1,A,1,,pending,,,7,held,0.1.0
1713,Q9ET66,AlphaFold_DB,AF-Q9ET66-F1,A,1,,pending,,,10,held,0.1.0
1714,Q9JHB3,AlphaFold_DB,AF-Q9JHB3-F1,A,1,,pending,,,11,held,0.1.0
1716,Q9JHB4,AlphaFold_DB,AF-Q9JHB4-F1,A,1,,pending,,,13,held,0.1.0
1717,Q9JHF7,AlphaFold_DB,AF-Q9JHF7-F1,A,1,,pending,,,2,held,0.1.0
1721,Q9JHG6,AlphaFold_DB,AF-Q9JHG6-F1,A,1,,pending,,,2,held,0.1.0
1726,Q9JHI8,AlphaFold_DB,AF-Q9JHI8-F1,A,1,,pending,,,15,held,0.1.0
1727,Q9JI75,AlphaFold_DB,AF-Q9JI75-F1,A,1,,pending,,,3,held,0.1.0
1728,Q9JIG8,AlphaFold_DB,AF-Q9JIG8-F1,A,1,,pending,,,2,held,0.1.0
1731,Q9JIT0,AlphaFold_DB,AF-Q9JIT0-F1,A,1,,pending,,,4,held,0.1.0
1733,Q9JJ61,AlphaFold_DB,AF-Q9JJ61-F1,A,1,,pending,,,12,held,0.1.0
1734,Q9JJ66,AlphaFold_DB,AF-Q9JJ66-F1,A,1,,pending,,,6,held,0.1.0
1735,Q9JK53,AlphaFold_DB,AF-Q9JK53-F1,A,1,,pending,,,4,held,0.1.0
1736,Q9JK95,AlphaFold_DB,AF-Q9JK95-F1,A,1,,pending,,,4,held,0.1.0
1737,Q9JKB1,AlphaFold_DB,AF-Q9JKB1-F1,A,1,,pending,,,3,held,0.1.0
1741,Q9JKF4,AlphaFold_DB,AF-Q9JKF4-F1,A,1,,pending,,,10,held,0.1.0
1744,Q9JLC6,AlphaFold_DB,AF-Q9JLC6-F1,A,1,,pending,,,1,held,0.1.0
1745,Q9JLL0,AlphaFold_DB,AF-Q9JLL0-F1,A,1,,pending,,,10,held,0.1.0
1747,Q9JLM8,AlphaFold_DB,AF-Q9JLM8-F1,A,1,,pending,,,3,held,0.1.0
1750,Q9JMG2,AlphaFold_DB,AF-Q9JMG2-F1,A,1,,pending,,,5,held,0.1.0
1752,Q9QUG2,AlphaFold_DB,AF-Q9QUG2-F1,A,1,,pending,,,5,held,0.1.0
1758,Q9QUH0,AlphaFold_DB,AF-Q9QUH0-F1,A,1,,pending,,,5,held,0.1.0
1759,Q9QUN3,AlphaFold_DB,AF-Q9QUN3-F1,A,1,,pending,,,1,held,0.1.0
1760,Q9QUN3,PDBe_SIFTS,2eo6,A,1,1,pending,,,1,held,0.1.0
1760,Q9QUN3,PDBe_SIFTS,2eo6,A,10,1,pending,,,1,held,0.1.0
1760,Q9QUN3,PDBe_SIFTS,2eo6,A,11,1,pending,,,1,held,0.1.0
1760,Q9QUN3,PDBe_SIFTS,2eo6,A,12,1,pending,,,1,held,0.1.0
1760,Q9QUN3,PDBe_SIFTS,2eo6,A,13,1,pending,,,1,held,0.1.0
1760,Q9QUN3,PDBe_SIFTS,2eo6,A,14,1,pending,,,1,held,0.1.0
1760,Q9QUN3,PDBe_SIFTS,2eo6,A,15,1,pending,,,1,held,0.1.0
1760,Q9QUN3,PDBe_SIFTS,2eo6,A,16,1,pending,,,1,held,0.1.0
1760,Q9QUN3,PDBe_SIFTS,2eo6,A,17,1,pending,,,1,held,0.1.0
1760,Q9QUN3,PDBe_SIFTS,2eo6,A,18,1,pending,,,1,held,0.1.0
1760,Q9QUN3,PDBe_SIFTS,2eo6,A,19,1,pending,,,1,held,0.1.0
1760,Q9QUN3,PDBe_SIFTS,2eo6,A,2,1,pending,,,1,held,0.1.0
1760,Q9QUN3,PDBe_SIFTS,2eo6,A,20,1,pending,,,1,held,0.1.0
1760,Q9QUN3,PDBe_SIFTS,2eo6,A,3,1,pending,,,1,held,0.1.0
1760,Q9QUN3,PDBe_SIFTS,2eo6,A,4,1,pending,,,1,held,0.1.0
1760,Q9QUN3,PDBe_SIFTS,2eo6,A,5,1,pending,,,1,held,0.1.0
1760,Q9QUN3,PDBe_SIFTS,2eo6,A,6,1,pending,,,1,held,0.1.0
1760,Q9QUN3,PDBe_SIFTS,2eo6,A,7,1,pending,,,1,held,0.1.0
1760,Q9QUN3,PDBe_SIFTS,2eo6,A,8,1,pending,,,1,held,0.1.0
1760,Q9QUN3,PDBe_SIFTS,2eo6,A,9,1,pending,,,1,held,0.1.0
1763,Q9QXY6,AlphaFold_DB,AF-Q9QXY6-F1,A,1,,pending,,,1,held,0.1.0
1764,Q9QYF1,AlphaFold_DB,AF-Q9QYF1-F1,A,1,,pending,,,6,held,0.1.0
1766,Q9QYH6,AlphaFold_DB,AF-Q9QYH6-F1,A,1,,pending,,,1,held,0.1.0
1767,Q9QZ09,AlphaFold_DB,AF-Q9QZ09-F1,A,1,,pending,,,4,held,0.1.0
1768,Q9QZZ6,AlphaFold_DB,AF-Q9QZZ6-F1,A,1,,pending,,,8,held,0.1.0
1769,Q9R008,AlphaFold_DB,AF-Q9R008-F1,A,1,,pending,,,8,held,0.1.0
1770,Q9R087,AlphaFold_DB,AF-Q9R087-F1,A,1,,pending,,,14,held,0.1.0
1771,Q9R0A1,AlphaFold_DB,AF-Q9R0A1-F1,A,1,,pending,,,8,held,0.1.0
1772,Q9R1J0,AlphaFold_DB,AF-Q9R1J0-F1,A,1,,pending,,,5,held,0.1.0
1773,Q9R1Z8,AlphaFold_DB,AF-Q9R1Z8-F1,A,1,,pending,,,1,held,0.1.0
1774,Q9WTJ5,AlphaFold_DB,AF-Q9WTJ5-F1,A,1,,pending,,,5,held,0.1.0
1775,Q9WTP2,AlphaFold_DB,AF-Q9WTP2-F1,A,1,,pending,,,5,held,0.1.0
1776,Q9WTR1,AlphaFold_DB,AF-Q9WTR1-F1,A,1,,pending,,,9,held,0.1.0
1777,Q9WTR1,PDBe_SIFTS,7xem,A,1,1,pending,,,14,held,0.1.0
1778,Q9WTR1,PDBe_SIFTS,7xem,B,1,1,pending,,,14,held,0.1.0
1779,Q9WTR1,PDBe_SIFTS,7xem,C,1,1,pending,,,14,held,0.1.0
1780,Q9WTR1,PDBe_SIFTS,7xem,D,1,1,pending,,,14,held,0.1.0
1781,Q9WTR1,PDBe_SIFTS,7xeo,A,1,1,pending,,,14,held,0.1.0
1782,Q9WTR1,PDBe_SIFTS,7xeo,B,1,1,pending,,,14,held,0.1.0
1783,Q9WTR1,PDBe_SIFTS,7xeo,C,1,1,pending,,,14,held,0.1.0
1784,Q9WTR1,PDBe_SIFTS,7xeo,D,1,1,pending,,,14,held,0.1.0
1785,Q9WTR1,PDBe_SIFTS,7xer,A,1,1,pending,,,14,held,0.1.0
1786,Q9WTR1,PDBe_SIFTS,7xer,B,1,1,pending,,,14,held,0.1.0
1787,Q9WTR1,PDBe_SIFTS,7xer,C,1,1,pending,,,14,held,0.1.0
1788,Q9WTR1,PDBe_SIFTS,7xer,D,1,1,pending,,,14,held,0.1.0
1789,Q9WTR1,PDBe_SIFTS,7xeu,A,1,1,pending,,,14,held,0.1.0
1790,Q9WTR1,PDBe_SIFTS,7xeu,B,1,1,pending,,,14,held,0.1.0
1791,Q9WTR1,PDBe_SIFTS,7xeu,C,1,1,pending,,,14,held,0.1.0
1792,Q9WTR1,PDBe_SIFTS,7xeu,D,1,1,pending,,,14,held,0.1.0
1793,Q9WTR1,PDBe_SIFTS,7xev,A,1,1,pending,,,14,held,0.1.0
1794,Q9WTR1,PDBe_SIFTS,7xev,B,1,1,pending,,,14,held,0.1.0
1795,Q9WTR1,PDBe_SIFTS,7xev,C,1,1,pending,,,14,held,0.1.0
1796,Q9WTR1,PDBe_SIFTS,7xev,D,1,1,pending,,,14,held,0.1.0
1797,Q9WTR1,PDBe_SIFTS,7xew,A,1,1,pending,,,14,held,0.1.0
1798,Q9WTR1,PDBe_SIFTS,7xew,B,1,1,pending,,,14,held,0.1.0
1799,Q9WTR1,PDBe_SIFTS,7xew,C,1,1,pending,,,14,held,0.1.0
1800,Q9WTR1,PDBe_SIFTS,7xew,D,1,1,pending,,,14,held,0.1.0
1801,Q9WTR1,PDBe_SIFTS,7yep,A,1,1,pending,,,14,held,0.1.0
1802,Q9WTR1,PDBe_SIFTS,7yep,B,1,1,pending,,,14,held,0.1.0
1803,Q9WTR1,PDBe_SIFTS,7yep,C,1,1,pending,,,14,held,0.1.0
1804,Q9WTR1,PDBe_SIFTS,7yep,D,1,1,pending,,,14,held,0.1.0
1805,Q9WU79,AlphaFold_DB,AF-Q9WU79-F1,A,1,,pending,,,8,held,0.1.0
1806,Q9WUP0,AlphaFold_DB,AF-Q9WUP0-F1,A,1,,pending,,,6,held,0.1.0
1807,Q9WUR9,AlphaFold_DB,AF-Q9WUR9-F1,A,1,,pending,,,2,held,0.1.0
1808,Q9WUZ7,AlphaFold_DB,AF-Q9WUZ7-F1,A,1,,pending,,,1,held,0.1.0
1809,Q9WUZ9,AlphaFold_DB,AF-Q9WUZ9-F1,A,1,,pending,,,4,held,0.1.0
1811,Q9WV32,AlphaFold_DB,AF-Q9WV32-F1,A,1,,pending,,,14,held,0.1.0
1813,Q9WV66,AlphaFold_DB,AF-Q9WV66-F1,A,1,,pending,,,8,held,0.1.0
1814,Q9WV71,AlphaFold_DB,AF-Q9WV71-F1,A,1,,pending,,,16,held,0.1.0
1815,Q9WV95,AlphaFold_DB,AF-Q9WV95-F1,A,1,,pending,,,3,held,0.1.0
1816,Q9WVC5,AlphaFold_DB,AF-Q9WVC5-F1,A,1,,pending,,,6,held,0.1.0
1819,Q9WVC6,AlphaFold_DB,AF-Q9WVC6-F1,A,1,,pending,,,2,held,0.1.0
1820,Q9WVF7,AlphaFold_DB,AF-Q9WVF7-F1,A,1,,pending,,,11,held,0.1.0
1821,Q9WVG7,AlphaFold_DB,AF-Q9WVG7-F1,A,1,,pending,,,1,held,0.1.0
1823,Q9WVL3,AlphaFold_DB,AF-Q9WVL3-F1,A,1,,pending,,,18,held,0.1.0
1824,Q9WVL3,PDBe_SIFTS,6ukn,A,1,1,pending,,,20,held,0.1.0
1825,Q9Z0D9,AlphaFold_DB,AF-Q9Z0D9-F1,A,1,,pending,,,2,held,0.1.0
1835,Q9Z0H4,AlphaFold_DB,AF-Q9Z0H4-F1,A,1,,pending,,,3,held,0.1.0
1836,Q9Z0M5,AlphaFold_DB,AF-Q9Z0M5-F1,A,1,,pending,,,1,held,0.1.0
1837,Q9Z0U1,AlphaFold_DB,AF-Q9Z0U1-F1,A,1,,pending,,,1,held,0.1.0
1839,Q9Z126,AlphaFold_DB,AF-Q9Z126-F1,A,1,,pending,,,4,held,0.1.0
1840,Q9Z139,AlphaFold_DB,AF-Q9Z139-F1,A,1,,pending,,,17,held,0.1.0
1842,Q9Z1E4,AlphaFold_DB,AF-Q9Z1E4-F1,A,1,,pending,,,11,held,0.1.0
1843,Q9Z1F6,AlphaFold_DB,AF-Q9Z1F6-F1,A,1,,pending,,,2,held,0.1.0
1845,Q9Z1P5,AlphaFold_DB,AF-Q9Z1P5-F1,A,1,,pending,,,3,held,0.1.0
1847,Q9Z1T2,AlphaFold_DB,AF-Q9Z1T2-F1,A,1,,pending,,,31,held,0.1.0
1848,Q9Z1W4,AlphaFold_DB,AF-Q9Z1W4-F1,A,1,,pending,,,4,held,0.1.0
1849,Q9Z275,AlphaFold_DB,AF-Q9Z275-F1,A,1,,pending,,,4,held,0.1.0
1851,Q9Z2A9,AlphaFold_DB,AF-Q9Z2A9-F1,A,1,,pending,,,2,held,0.1.0
1852,Q9Z2F6,AlphaFold_DB,AF-Q9Z2F6-F1,A,1,,pending,,,4,held,0.1.0
1853,Q9Z2U1,AlphaFold_DB,AF-Q9Z2U1-F1,A,1,,pending,,,3,held,0.1.0
1854,Q9Z2U1,PDBe_SIFTS,3unb,D,1,1,pending,,,3,held,0.1.0
1855,Q9Z2U1,PDBe_SIFTS,3unb,R,1,1,pending,,,3,held,0.1.0
1856,Q9Z2U1,PDBe_SIFTS,3unb,FA,1,2,pending,,,3,held,0.1.0
1857,Q9Z2U1,PDBe_SIFTS,3unb,TA,1,2,pending,,,3,held,0.1.0
1858,Q9Z2U1,PDBe_SIFTS,3une,D,1,1,pending,,,3,held,0.1.0
1859,Q9Z2U1,PDBe_SIFTS,3une,R,1,1,pending,,,3,held,0.1.0
1860,Q9Z2U1,PDBe_SIFTS,3une,FA,1,2,pending,,,3,held,0.1.0
1861,Q9Z2U1,PDBe_SIFTS,3une,TA,1,2,pending,,,3,held,0.1.0
1862,Q9Z2U1,PDBe_SIFTS,3unf,D,1,1,pending,,,3,held,0.1.0
1863,Q9Z2U1,PDBe_SIFTS,3unf,R,1,1,pending,,,3,held,0.1.0
1864,Q9Z2U1,PDBe_SIFTS,3unh,D,1,1,pending,,,3,held,0.1.0
1865,Q9Z2U1,PDBe_SIFTS,3unh,R,1,1,pending,,,3,held,0.1.0
1866,Q9Z2U1,PDBe_SIFTS,8ypk,M,1,1,pending,,,3,held,0.1.0
1867,Q9Z2U1,PDBe_SIFTS,8ypk,R,1,1,pending,,,3,held,0.1.0
1868,Q9Z2U1,PDBe_SIFTS,8yvp,N,1,1,pending,,,3,held,0.1.0
1869,Q9Z2U1,PDBe_SIFTS,8yvp,W,1,1,pending,,,3,held,0.1.0
1871,Q9Z2U2,AlphaFold_DB,AF-Q9Z2U2-F1,A,1,,pending,,,11,held,0.1.0
1872,T1NXB5,AlphaFold_DB,AF-T1NXB5-F1,A,1,,pending,,,4,held,0.1.0
