structure_id,source_kind,structure_file_id,structure_sha256,assembly_definitions,assembly_generators,assembly_operators,deposited_connections,declared_reference_differences,reported_unobserved_residues,reported_unobserved_atoms,final_structural_pass,protocol_version
11gl,pdb_mmcif,654136cd28dc100107fa3a837bc5190cc2bfbf9c5e3f2dea74a8c3ecd9629893,deae70570342789bd17cd216b0198bad3540c9813f3f4393a4f168cc79ef0696,1,1,1,0,2,13,0,False,0.1.0
11gm,pdb_mmcif,dcbc99daf6430f58ca8a3afc9fa551ab2ffccba4e8073219e57266d2395d938b,d3255aaa700c8f0b00e5bb402339681358ddf9ee4f4d5e920872f4a454b775f8,2,2,1,0,4,18,0,False,0.1.0
11gn,pdb_mmcif,6d9c8a9192d85225bb8afccf4d7773b232ce6fbb1103d4d9ee95eb0e4f44068f,c2c7a1465cf0950ceae4262da3ae452246f017b3ba063363751cb6cf55ca3609,2,2,1,0,8,24,0,False,0.1.0
12dl,pdb_mmcif,6fe7ebd059283b2cbb247b5768504faa1d79996a6811cbf27d7c44f9d7198d0a,6fd9d8a48c0f475296d6dc5eae2ab4c247a2e8578eb10c7fec9a6e34210d7b92,1,1,1,79,0,2131,206,False,0.1.0
1ap7,pdb_mmcif,231a69350e2880627898d31c193047d22dd5742b1eb671c3c479e64a8962ced8,10fb8dfa7c231908c84abaa6c123b31c0ddcafe324f637ad7be401509590c2ca,1,1,1,0,1,0,0,False,0.1.0
1awj,pdb_mmcif,73c29f8a2ee46669a8df0dcb30ae73fb59049b3882b1fec7a79b5f4313325409,374d4628121f6cecc292e0c6de44d88a49101d4698381f11f5480da7f0737a78,1,1,1,0,0,0,0,False,0.1.0
1blx,pdb_mmcif,da48c6c4b786aad8ef015a83861b3c03964c1a30b135ecc32db85c757ef752aa,4d30dc3bfc98c7975efceff3788a6d03458540dbe83e9f39808806ea3869c4f7,1,1,1,6,1,27,71,False,0.1.0
1d9s,pdb_mmcif,9166294cabf3a306e407c55c18e64098f1a4c3d7d10a2b9dffba7f989dfacb1f,f9edbfc379284dff2ae168bc059483c76af401ac562de52df817cc06482f8ed0,1,1,1,0,6,0,0,False,0.1.0
1ejl,pdb_mmcif,032ec17d7d76ef3b206bffd0fad7acd6c2ed1d7455940ce3b20c4e2944cd2a27,1db930cf497da163243af99024498d176fa61d6b719a3fa0b4f792d7177b5556,1,1,1,0,0,34,0,False,0.1.0
1ejy,pdb_mmcif,3c443f1ae084f126f4556b7c8633a753c7ae35ac585701a4f32f4ad965a3d4ab,34317596880260ef46d731d71a33c779cb325d32087d1bdfa30d1803efc1902f,1,1,1,0,0,34,0,False,0.1.0
1f2r,pdb_mmcif,bd6756dcb41c34a7aaf71ba3d7e5ad0c13345342b326eb2024b0049243d08d09,8c9efd6724eee42de2093120fe1ee2761f1a8915a726bad58d578327c6dae3d0,1,1,1,0,0,0,0,False,0.1.0
1hqv,pdb_mmcif,403f517db1ef1341c715aa3790e1928431608d37a4501ffab92ed1ff9483171f,042832414fd97028c51ea6f96835bc977327eb53c93fb7a41e299cd7da0b9a53,3,3,4,30,0,13,22,False,0.1.0
1ial,pdb_mmcif,71c12be4cb0d2a6b78a6a1f2242811a390679084cc3ebaed0ac3df0b11feff70,483c9efa13641235dafab7c7a562330b7d25302b3afe1129154df2689b7a8136,1,1,1,0,0,15,0,False,0.1.0
1iq1,pdb_mmcif,f8df2139334f5c60be132696afd6a25bac6201b415ecd588b8a884a61d967502,b449e1642854742af26e23c7307815246e941efad10c0a5b66c293e215621973,1,1,1,0,2,40,8,False,0.1.0
1j0f,pdb_mmcif,f7a2ecdc4f63090c0f686390d97118a6867a827c10f8ae762fa684da61e88ac8,1e0f2879fa99ac53681db3b3fd4041ba8280d9cabf45481a31053979ec28232b,1,1,1,0,7,0,0,False,0.1.0
1jeg,pdb_mmcif,daf7f20df15c4ab2929bd1e863c323f1494717f4cc04814d5b8aba2950f45f41,f9a359873f8cdae57106e84f0a44886e6b786e54aad238f9059c17b59f26292d,1,1,1,0,0,750,0,False,0.1.0
1kn6,pdb_mmcif,9933c610897a3c4217cb298787c685e4d23c4862135b6242c0f932cf055d8f0e,9eceef02e5fdb2d7af2be56264088794aa82455e55746fddcaf2773707e00efe,1,1,1,0,7,340,0,False,0.1.0
1lui,pdb_mmcif,ac31428264eea4e86ad7c6ec25994b2ab6b732f42ceeb82877ff1a5d4b0c04ac,c40d99ffcd1a2da778d944ffedd482ed8366f849039361489f2a2823c6c5ba16,1,1,1,2,1,0,0,False,0.1.0
1luk,pdb_mmcif,3d4b6f91444998646e41a6bac5defc10faa344df3883e3ec0115bb62c50a3272,778b21c746f6852487f21d81cd0d648e04b2e039e50995939c2ada2a72309cb0,1,1,1,2,1,0,0,False,0.1.0
1lum,pdb_mmcif,a3b96e3d952a9cc06f225603a60f4d0dfd95bc4cc6e40387b52f80a70904cda0,d6ecf94805c71f5c3b082f76a9fdc7d0dd3065884757b9b3a6b0390966875146,1,1,1,2,1,0,0,False,0.1.0
1lun,pdb_mmcif,c4a7edd366bd0f0e1932ccf19fbe557f85a1ba0344a9901e5dcad68f65689242,114c2ac9641d1b991d8643f5dd004758ceccfc107d5dc924c0ccf66003b18491,1,1,1,2,1,0,0,False,0.1.0
1mfn,pdb_mmcif,e8f5f8c739c608a3a0121250ae125578aa9be78f65af4cdf14a0258590d9a9e2,11957691a7fbdd394f0c54178e7e694f33f94fed0c60795c692da8fef8815375,1,1,1,0,0,0,0,False,0.1.0
1nph,pdb_mmcif,2b42df23c915d579a2d47e97e763101250c12a3295f23cc6e0ddb7d8a6189f3a,1a04ca3a14817d25421acfc84860a630ab420581319c90bfc0f530f683b303e4,1,1,1,9,0,6,62,False,0.1.0
1oeb,pdb_mmcif,1c694f03393ef2a430fb2d256f82ee9f388ed85d6b230614558837ca95b2eba9,e80d5aa54cd933a14546f5b946cbee3a693a5df4e353baa68a5eebc114479f7b,2,2,1,7,0,12,0,False,0.1.0
1pjm,pdb_mmcif,f1f46e0c3b94158cc1a8f2ce8da63d8ed8c68038b517d8cbe8ce72608a984e46,0f379fea8f5cfbd3cef0d3dd3b4d926d9d44c358af0cd1e61f3f1fc478283105,1,1,1,0,3,33,1,False,0.1.0
1pjn,pdb_mmcif,c1a564aed2ae470a68fd8b37ea63a86653dec3f1d9cdec19e36f5794e5e16920,00ae9f4ae4b2fbb0df6ca3b4321d04dde5de26a6581a6b59e46d6707809bed19,1,1,1,0,2,34,15,False,0.1.0
1q1s,pdb_mmcif,4e0a1218659bd418f13415add88735f5c954f1ffd3b7c9e29e8970897d2ea545,b32e60d8f80c9c617e7601cc48430dde1cdae894308fefe22a23821c3869b1ca,1,1,1,0,18,60,6,False,0.1.0
1q1t,pdb_mmcif,635b386ed429325275485264bc71122bdc84d9ddab0b28f3e489ca6f45989ea5,2a11c03bf3aa7f112b9ec72889c5fb135358a25e4e704007deb96155dcd58b55,1,1,1,0,18,70,10,False,0.1.0
1qav,pdb_mmcif,2327bb14016bffedb40a9b68886019ca8c353cc33f3d10e60e83e78f2ee2728f,611d2cd3955372ca9e3dc7f6f9993ad084ff2049e61c3228b4719230d0d447d2,1,1,1,0,2,0,44,False,0.1.0
1t1v,pdb_mmcif,70da0fca17222bec30ad47a6a0c00607598bb787dcc8cb8b7c69454a2c859fe2,7e714fcf20a5154e87b16ba7c4a732d56e274ce98eafe05d9dbdcbe02fdcd9be,1,1,1,0,0,0,0,False,0.1.0
1ujo,pdb_mmcif,ac45483228cc49254a7797d70a687a340fb759572fd8afcea7f20f8109fe1553,4841e5375fa9940188bc9e90246d4a99d37b43a1a56cad622477a8c73e0d9631,1,1,1,0,13,0,0,False,0.1.0
1uk5,pdb_mmcif,8785cd12be1475601f51e384246134f8d4bee7d5e19b8aeac94785ce5effb7f3,27c9c72b63075afa0d416511279a9ec281f17d0011e762b62fd011be0206a240,1,1,1,0,13,0,0,False,0.1.0
1v9w,pdb_mmcif,fde60214845d3e676328c325055b846653ceafef61f5a4e6fd03d3d5194f753f,63be9d982e2f259aad3531175cb337e847b474ae3cbc1a175d0c7a85d2459d4c,1,1,1,0,7,0,0,False,0.1.0
1wey,pdb_mmcif,92f3ed42d581a5cdbedc4fa34704ab606ab4e09f78123913845aa0738ccb136b,2a031712a54919c042778f9563f02608f8874437c57cc996301b4f57d89b1f43,1,1,1,0,13,0,0,False,0.1.0
1y2a,pdb_mmcif,a2fff1f0f897affa9faa7e64fc4f8ee6ac97c3021bb5826a4798346ab362cfa0,415679f9c6d3742bb299723f2e7d468463ca9e7cd18cd5e2d62ca3998f48105f,1,1,1,0,0,5,0,False,0.1.0
1z86,pdb_mmcif,7de216d3aa822a9a09dc06f43527d06cc89d29d0f7a177ce86b32b1b50874246,3ae299cec871c07a5b738f22d9e4b306ed216e4fc9c7735a0e6a2dd67f97eaa4,1,1,1,0,0,0,0,False,0.1.0
1z87,pdb_mmcif,fde22f8f88e7c0f046c9f0720a633507736045002bbdd23c3bc5ea77e8c37e8b,7d9e22e793db4fa60629fbcc014aeb857b0176dc10d22341af4794029537c5a0,1,1,1,0,0,0,0,False,0.1.0
1zab,pdb_mmcif,dddb6c58b253445c54e1ccdbf3b591d583aedc7ab7c56a8232d008c81ac2b6ed,c9c6e0580528082c0669533b7ef9411cb8c1e376bf82fef74dc6c9e892a6307d,2,2,2,16,0,40,44,False,0.1.0
23qh,pdb_mmcif,c5543182defc102774126857220488f34f7a3fd2effbe8b5b7a154e91818f548,81080641b61f0fb6c41bd3381b423650078c9990ff70494320e6160c3f0fae5c,1,1,1,0,50,126,0,False,0.1.0
24mc,pdb_mmcif,8d98d9b2e25986c6448bae7d16a8e538fa4141d32bb4dc9617f49a42360d6e37,b5bd7b3eac21ed810cf316930ce8efe40f403a7a9861e2828a6ba0a58de5813c,1,1,1,61,0,3194,81,False,0.1.0
2adz,pdb_mmcif,ad726b4a1267dc02bfc581702f8b4a0df08be7f9418b096c8e8189c3329b35f1,0e8252113cd8a41115038ccc9d78146a3d01556a3746a6fdb83f54844b920504,1,1,1,0,0,0,0,False,0.1.0
2bra,pdb_mmcif,23b813b6551f4459bce3fe454befc0ccaf349aa7a895399049411175151a4601,447518d1575a8bea5a33f801557fca2a0531b30db4f31e998ccd5fe0a6ba5705,2,2,1,0,4,17,0,False,0.1.0
2bry,pdb_mmcif,970c0b5da925d9786350c427e7364bb3295cb98b06d9b0a17e47ff3e5c7235e5,ec236297e1e098e9d267d294ff2fbf5b49d1161e7febccec850924ecbc1702e7,2,2,1,0,0,36,14,False,0.1.0
2c1m,pdb_mmcif,6964843b8344c2abe7fdcb011e75a36ea85872f90c55adf487dfa98234e48543,ea8ea9eebf6d74aadc9082b27bec4ad8c8b190e577ef621fe5f224ad2bde7fdb,1,1,1,0,0,0,0,False,0.1.0
2c4c,pdb_mmcif,7e0dff9f08a4f81ea0e980ecf981db47403bf1b0d86bb17c329a7b5b6c855227,20d43c742c5b52bbbeb9053731a860213c31e249120fc7e73859af76e8020673,2,2,1,0,0,41,14,False,0.1.0
2csj,pdb_mmcif,89f83bcd066e51a71735a52570d824deaaa6cb052d84392619055b6f5b14351a,e3955f8835467761514d737008144350f860edfab44fed2dc3adfea61258ec61,1,1,1,0,13,0,0,False,0.1.0
2cwn,pdb_mmcif,9d939c5b7dd53c73e9d619c90e82789742b7ee1a463a824e393d4e858239f524,c598cf03a1cf1ff9aabd8d3b8f1adcf2ec7623352eb3f736b0fdfeb0b7f4ad3c,2,2,1,0,16,31,0,False,0.1.0
2d8c,pdb_mmcif,ba3c0c6e23bc8486b76a6c84e3cdc5a0b09c55fad10f9b81e7d09e22832c6e0a,3217a4883dd0212ca319c88d82ef964828e56cceb828b8afbbb5ada16db9c97b,1,1,1,0,13,0,0,False,0.1.0
2dkt,pdb_mmcif,df299e17890497d514f4b801478bf8b0fc97cb5c136c146af3e1bc078bbcfba7,b76cc7da9ac552cc8f78b6dce7bec5832538f1c32c045d8136dc1d7cbfee3d60,1,1,1,24,13,0,0,False,0.1.0
2dyc,pdb_mmcif,33b8895f3a03e79b7dbbf515b87d24c600a1e354d6d0583b0ee627feffbf0625,6719b0743a4f894221fed9b9f97f52b762ac74c456190abf90b29796a966c3e5,2,2,8,16,7,11,0,False,0.1.0
2e1d,pdb_mmcif,8ea95b4e9211cc88349bb9423a8561eaef213c90eca64643bcef6d5396996a7a,a73e7559bb8834a226314cf491af4e0583929e2760f3847491d6f17308455c03,1,1,1,0,16,20,0,False,0.1.0
2ecm,pdb_mmcif,a00103f70c8a4097b9fcf7d095b29ea1c0dd5c3262bb9497ab7148f9e9afee04,dab522c4199d7851e6c089182b8b61a6805d7f6aea0f77dd5acf1a02e843ab87,1,1,1,8,13,0,0,False,0.1.0
2edg,pdb_mmcif,f885f86723f398d93574b5b0c53133279bcbe9767e79fd67b02eeecc87e59e7a,4bdbb0d3cf2f6bce726dde057b2c963b3c6ce82b82dfb986b36dc77778923ad6,1,1,1,0,7,0,0,False,0.1.0
2eo6,pdb_mmcif,c0e94faf21973e71bb6596210e6adbc8218881011680beea4bfacc78e048de36,9d6459ebe151e99a6283d6974505d52074ffb1a4babd06a0c246479afa124cb5,1,1,1,0,13,0,0,False,0.1.0
2etz,pdb_mmcif,29389f8fe6cc5a5a95f9c2c1e06177ba76cb0443de7d20a864d072b9cb7649d9,227b8b1629559bcfb9901f62d354f9fc18285bc93bd9cdd1c888d65ebe18732e,1,1,1,5,2,0,0,False,0.1.0
2eu0,pdb_mmcif,721367feb6496287725e58199a4e0f4f2e87a0614de5cc4a7ad6b956e551abcd,520c85917c67db0ee0ef486abe17ee4f2cfe34808f6a514a24bd520de1cae359,1,1,1,5,2,0,0,False,0.1.0
2fr5,pdb_mmcif,ea3fb5e6f459f642d632d457c30d22e2e8ecf46bd9ddaac3195c7fea6e362954,2e1dae9b888d2bf7f50db62e9e030896774c03a0681b6453260809a60cbf0e4d,2,2,2,16,0,44,0,False,0.1.0
2fr6,pdb_mmcif,e732ed03850437bef44c9fd525739d292a1e49b77dc9222f73a24a967173d075,6d2886426b0cc30f27e6635a129827e6db1b48655cc8214db64d7f9f9ff666e1,3,4,4,16,0,41,66,False,0.1.0
2ije,pdb_mmcif,115537010ef7d419e960432fb713b92a0c0ab945db753eeec8fae3c35fcdf3c7,6479ad9eac25e95e0ca51184bd65dc3ccd2af768cb7f7b86b8ea491b9c921382,1,1,1,0,5,3,0,False,0.1.0
2k00,pdb_mmcif,f2c92660a503346872a6f5b3b934a33575b8ecfd586384945bea91441059c8fe,73ac1a970deb15713a437f09d8ff98bf3d9c1672e06cebd1932e19ff72256c5c,1,1,1,0,0,0,0,False,0.1.0
2k79,pdb_mmcif,97e29da7f73f85efe86f95923121036a85f6480f7f75f80562407812fe20e018,c5e21af0967e33ffe9a5d3464075e1ffc411c2e123b3a6ee95dffd36cdff2ea5,1,1,1,0,5,2,0,False,0.1.0
2k7a,pdb_mmcif,7f42df244aefa547a533549c0d8cefbb2bbbc03561abe2cfb9a41340b9e10da2,0add7d3f0a332f7571f23510ceb99befc7459a18951b4fcb1dae7bee6a6b7583,1,1,1,0,5,40,0,False,0.1.0
2kdt,pdb_mmcif,98b2a1c7f585d4ec27e83981243030612843dcd0c7cbef76cd3835fbfcb4366e,1d9bfbedee72fa9e002df734252d67a3bcd879a3492b762f9d91d7d4a3dbf448,1,1,1,0,2,40,0,False,0.1.0
2ke3,pdb_mmcif,d8204fac6149b580e4a198dca9695833cbbf1d7de087518f9e7bf5fd208f08ab,8c96aae70153120a2665018d8843243f7cc84418d4a6820df7da5fbcdde01cf7,1,1,1,0,0,0,0,False,0.1.0
2koh,pdb_mmcif,5265618a4b31e16cc9f43e6d9c17442a8e5c62f22f19eaa40003b74301746f48,dba31b2f36104ec81c22eaeb3efa0715ae41f3abe4585b8e63c1a60e5aa2439d,1,1,1,0,2,0,0,False,0.1.0
2l9l,pdb_mmcif,4ee3f68ebf00d8361157f4eaecccc021d36a1866fbb715690a7afafb4ecfcd92,56a34846379d1428f56c05bfa13ac695813b1fa08635f66abb46048ad7203024,1,1,1,1,12,120,0,False,0.1.0
2lsj,pdb_mmcif,a05f7f7feaa9945b4c780239cbd52a42da28fcdf97478f34841c2e2f99fa39e3,a0fa508d5924f44501495b7afc47501e8f2d2e827df6ca94d805e409d5d65622,1,1,1,0,6,660,0,False,0.1.0
2mfn,pdb_mmcif,f272e5c38c2b0e1e268fbd4a6ffeedc2476c0aa31de9953bab3972899a2199ac,636fba7ec7ba74ffb80279bff60d00cbf96418fa4653fcded7c681789eda4c58,1,1,1,0,0,0,0,False,0.1.0
2o26,pdb_mmcif,d33b730eeb4e68f82f5d7cf80992b80b89708281fdaffc83dfc0e6332a7ea868,fbfc48f74e6c8f0d7c61d21c1d6dad4c1cb0779cd2622e1739a6800f8c2ba4f2,2,2,1,48,28,79,0,False,0.1.0
2pdz,pdb_mmcif,82487f4cf950c61776675b4c21028a9ccaf670b2060a940fc9c0f8c14907e179,eca4257ae29f42f3197578ebc9b5fe8a1606a67aff508d4aaccb410cecb221d7,1,1,1,0,0,0,0,False,0.1.0
2rn8,pdb_mmcif,d0dc8099dcc8f1c2e489c18afae7d3161d4b3c726e9c214ee794f69517ec1dbc,7fabf48d53f5f0b3bade6b946ed6575d668e59c470c6d89ec8c86e54df9ee98d,1,1,1,0,2,0,0,False,0.1.0
2rna,pdb_mmcif,ad68aa36839e9e3fcf24af4b9c7ca6f1fc09338ebe194a23686f63fcd3ea1256,de71b04b1c7464d8dabbad1e32effb5cf2d240ea64cd34d8c9a5ce69d4037bb6,1,1,1,0,2,0,0,False,0.1.0
2v0x,pdb_mmcif,3c7e8f2c6f2f7698eb2da8b7c4eb58c23ad688abaf3d25e4bd7861aabca58c90,3300b9621c8c527b94cd0e46b02d3206e6a152e3da312933f99ec1606221e7d3,1,1,1,12,4,70,9,False,0.1.0
2wd5,pdb_mmcif,0dc2a118d632e041dbbff1bb0a442ada786085cd925b8134445a1ddea48db0e1,0f9443d19d613adc9d1893fc301a7bd55defe6132205dc9476f11010837aeb01,1,1,1,0,8,78,0,False,0.1.0
2wt7,pdb_mmcif,6ced2091cbd201c5dc5ff6f7550a88ae60a53b3552c9666d3025585ac42a97d5,2e8509546d92ee6c2be50247dd9c5793475495887de2b37faf5c10d1c6211456,1,1,1,38,1,0,0,False,0.1.0
2xmi,pdb_mmcif,8e0959b03a9f8e1b4c15414cad1fa95a07a172ae51da6917dfcc89a7a1b68aa3,29d5d40c2bd27a3dcdeab06cf5f6b1af10111acef0e80e98c42bf24f1cbdb05f,1,1,1,0,1,5,0,False,0.1.0
2y1p,pdb_mmcif,788a0392b0f632413e39d25445b4d8a2eee5af4e0380ecafcc105965adae395e,ee0768bee24694ee4534d92884071671f9991df55900da2a93b07b00c692519c,1,1,1,0,1,3,0,False,0.1.0
2y3x,pdb_mmcif,1529f76670c1b8cba3a0f0973e14390b50c6bf0ca417c9649b58770c55455221,e02b7f126d6b06a500d6e8714869475a133215a4a0dfebe3d566660f58ec2eae,3,3,1,0,3,23,0,False,0.1.0
2yby,pdb_mmcif,47f450af35dc38c8fd9dc7b1aa92f29279709396dcc72277242ce2b6df2ea3a6,ce0f68f2cd54ef8c714b1403781b2b51634e5793a99eb0717f62f12dfed6bb9e,1,1,1,4,1,1,0,False,0.1.0
2ydb,pdb_mmcif,535f3304df2e1e78958360d877984fa2823bba92acd295162514cee9d29d04ae,a73a06cc2fe9f9b9d3a2437fcdbcf53f5dd8471f0fc0ccea6367fdaa3cc2c504,1,1,1,0,1,8,21,False,0.1.0
2ydc,pdb_mmcif,40ec2bfb4d0657ff600871d7b24125b86ba24818af697bdfc53a0acb7bb9f521,fb5394b4c60386a39af4601b9c98adf298b3fefb2295971d3eca92e3d34b8dfd,1,1,1,0,1,4,0,False,0.1.0
2ydd,pdb_mmcif,7099a99667ebd0a76e28cc6aede3fcb2e5e840452413780896458ebe96cde009,58b2e04b847ee8b622aabcbcf8ef91b27d22f46bfc2f17c00e7c291c5917b3a0,1,1,1,0,1,11,0,False,0.1.0
2ynr,pdb_mmcif,49208f2fab46fbbd636289754f3ce2aa09fa9bae5c2631b14fd9511aadfb3d4c,1cd82dd2a6ab27d22b67c9dd6106082e3e8930e0fc633aaf0b157ead3c16881e,1,1,1,0,36,48,0,False,0.1.0
2yoz,pdb_mmcif,c5f155323bef1afe4a51662ac26d3cae67c056809f80e4160e0aafffb16652ae,da825b92a33ea04871e5ec207cf217ea1c8006844e4f52280d9f8105c9ddf2d4,1,1,1,0,1,10,2,False,0.1.0
2yp0,pdb_mmcif,32c590e42b2847a0b713fa6e6690e60179699e24052cbca91cd4f0cab5082b48,76b2cc8e490e40b165c6fe05ba849dddd87c38932fe50a8a1954044422fbd094,1,1,1,0,1,11,0,False,0.1.0
2ypc,pdb_mmcif,85d7e57082e7f27a25ae98ca05ce0a5be38aa126c588d888eedb665c7b33328a,2be783e67a874e8c58dd6fabd275708c6011b3119750e813050fa19e2c35328a,1,1,1,0,2,7,0,False,0.1.0
2ype,pdb_mmcif,b9053a8f04dcab83bbc34165d927cc5719257aeae51235d727a5a2c4c248b4b6,25b13b329f2890c182fe8802411901f670e56b14c29532991a5421a4080624a4,1,1,1,0,2,7,0,False,0.1.0
2yph,pdb_mmcif,f90d70edc0cfecbf84885f9b6dd4e802d3fdbdafebaf9669b1849f5d57a18c5f,8e4a81e2d0f1e4189e79430d8bb04c1accc6e025f084185873bf958c1e3fda0f,1,1,1,0,2,9,0,False,0.1.0
2yq9,pdb_mmcif,3a82edbb1cebd7bc5d5c4594c5006d21e5d65e5820b7fb9e010c86a60d08b799,c685d45d6e3156f277acf2bcf6443802a3e9bb77333e29aa174e805f54c59300,1,1,1,0,2,8,0,False,0.1.0
2yuo,pdb_mmcif,bd42828ede62a925e61e9b8d91e4fb35db31efcdff17b40a4cef9f7371add743,7d16b11553b9366ed62db5996ccec4d8eddb5434b4ba905d3ee59b52f2381469,1,1,1,0,13,0,0,False,0.1.0
2za0,pdb_mmcif,80c909cf13a7a7fa123c957a4d9268e0564858359c7f418f60bd86ea648b0bf1,8391e8e6ebf9289a88155c66589f6cd3084a538f49cc00d6e5c84cd5c95a7e6b,1,1,1,12,0,12,0,False,0.1.0
3bl8,pdb_mmcif,d5b79bd7f315a8d4a52b64becd998416fd56d621f5dc8d799a6c152b1a8c8663,39b2bd014a4f33b9d9bad98812dae6544f328bf194c793d700e93de3561e444a,2,2,1,23,36,132,25,False,0.1.0
3btr,pdb_mmcif,f3c8398d45d404e63d690509aa41da75e6823b6b885836a981140cf34d17d08d,d6ed6c20602e7c16268bcf5fcd05c5e53679330589516776f2aa615eee529569,1,1,1,0,0,0,0,False,0.1.0
3d4c,pdb_mmcif,397860bb67742c74017cd21885c3c0397d6d005d78d6e5ed0edf4eb714ebf91b,2e50568c89591da16480f67f3604e997ea8defa702faf4bba9786095d1ae86af,1,1,1,14,14,11,0,False,0.1.0
3d4g,pdb_mmcif,66c8fd4b358c244bf43f5c4842170697e23cb18ba63e9f9829d40a0ee3c28a09,fc4f2b6fe7d7d217bc9a6cd4adcc2ca9340333d5a30fb0b19ee82e266de91076,8,8,1,118,112,81,0,False,0.1.0
3ef7,pdb_mmcif,a3f95f9b70c9cbb51917110f7a8c1719b358b8439301ac17a06e14cb516999f9,665e1e1331636aa61ac254969e011cce0b450cfea9211d504d0c6e24f70071e3,3,3,2,46,27,28,0,False,0.1.0
3f0n,pdb_mmcif,fef38e7b8cb310fdf15127104e3687d74e752643514c4bc012b94e66ed726bf7,8a3e01574489ad70f314214a19a982b3549965c81ea94198d7d2b67a522e0050,1,1,1,0,40,68,86,False,0.1.0
3i8t,pdb_mmcif,4f455890af77c40d778534125f313e79e0deaeaf50e02ebc9a7e0ef568045111,6e93bfd9f7772162c370a624f259b2a24eeb83b4045d79e5fec95631ac5a2d0b,1,1,4,1,13,24,0,False,0.1.0
3kho,pdb_mmcif,04a15e21edfa0b9d915db21a12ffd68e279c052f156a97fbb6a340ce0d42a880,64cc364c86d2f59d19ad707711677ae91e6c46986c39a67299b8c64d2a4f3058,1,1,1,4,0,83,1,False,0.1.0
3khq,pdb_mmcif,709d19806e0861cad13d82fc3028d995edc9203acd5b3c3ac9b11a5c491e510a,b166901bc0ed90f4270620a079702c753fe50bc812c8c400264b6bda5fd9fdff,1,1,1,8,0,40,10,False,0.1.0
3knd,pdb_mmcif,01592bb0f287d8371a0bd839b0646e712193e5ba7a7a193d877f67945dfb9a27,49fd95f362ff5e9524e7d2e6c9bf06b76f35d90518b9d26c94246fe9bed31f0a,1,1,1,0,0,97,5,False,0.1.0
3l3q,pdb_mmcif,5d061a60ced6a087ff8451620eb4871422120627b82d929128de827694d92489,a84952c648248dce5b82c150013c7b4363c4bbb58c0755719fa0b8799d6a3721,1,1,1,0,0,15,1,False,0.1.0
3m7o,pdb_mmcif,63c229f3fa33d985ea113f2ca3d9859f9894d23ab90916c988d0e0ef1757f0c9,2ca2efb4b17dbcaa96a5daba17d573ab43b5c99960b69ce973601ac0db282854,4,4,1,20,0,118,0,False,0.1.0
3o7l,pdb_mmcif,f95091f5441def42385d614651d41499912c680d8f9b662ba9f23d73fd633c7f,ed69ccc52ac438dcf2fd249c53fee2c9d5b8ad32de2a723e1150fda0eacdd87b,1,1,1,11,2,38,467,False,0.1.0
3oqs,pdb_mmcif,018b90cad02b38651426aec5bc6e6ce1938626d423dc4e16f530adb5c797500d,be0b9151dd1484d2074bb99e36633612329126a4e20f6b10ae528d1c64543249,1,1,1,0,50,88,0,False,0.1.0
3q5u,pdb_mmcif,6089822b8f56c415822b0f821cee25340612451c85193e17ec90aa5d5c1e781c,b0b405ec01ac283fc548df713cbf141a053fce6cb3382cdbdec69e41340f1929,1,1,1,0,0,42,0,False,0.1.0
3rz9,pdb_mmcif,80fb0c0eceff0fcd4c53f7cc2da21fa83e6b687edf5345b608aba7b74b8c4bff,9ff74db0792714503954934428fd950b8e8ea5975db34554b49acc2fdf66d7ee,1,1,1,0,50,86,34,False,0.1.0
3rzx,pdb_mmcif,68d0736bdeda8dade0122b30b2b06cc54ab6f3545899c6ed5c130fcdf200bcfe,956e63e1ccf59367af2376231e23e2b7ff2e540b83672c03eade1ed3eb2e0d5a,1,1,1,0,50,93,66,False,0.1.0
3s9k,pdb_mmcif,5a51f385d0512a532d939b255e5301fa13f1ef756d7b76c52a2df95828949e02,01905278110912099f740099e7ef3cbcd77ba2733f103d8a8297586ec072e7e9,2,2,2,0,9,4,0,False,0.1.0
3so5,pdb_mmcif,4b0d7d58ea8fa6cf2b2601db693040321131d1135cd0b0c1ed766c7559434719,27ec22fd42376a520bc3b03805f97f950bdc793417b4af769109f65c66e262bd,2,3,2,38,2,7,35,False,0.1.0
3t6q,pdb_mmcif,7cc369d6541bdeb90ca97506edd377a85f756ec3522284a082e1af5f33e0e3d0,2f817097900119f58624702d10c2c6d3f2205475766d32a171f775c19182c5d4,1,1,1,56,4,22,0,False,0.1.0
3tpm,pdb_mmcif,b75e26e0ee42a7d754632fed793c8727cc2d1540960b0634898938333dd67ddb,884f8c224bd91e0534f04749aebc0b25a172aa5a3c4ec4a4c267d3486d35974b,1,1,1,0,0,106,0,False,0.1.0
3tpo,pdb_mmcif,99104007b78a940e0f8a0ec8b6323aa1dfb7130d2f9a0356583cf63f95508601,ba91d6274ef85cc15ea7c898a1898a5066aebf6ba7de3c008a814ff52f1ca3f7,1,1,1,0,2,91,0,False,0.1.0
3ukw,pdb_mmcif,cc6074516ea0926cc5fd18ab22e12573e199571222aeefc9f13565ef37b977cb,8305c7d08b298401ee38f42e1e814b5084c2e5139003cb63828dbdcff919da23,1,1,1,0,50,90,0,False,0.1.0
3ukx,pdb_mmcif,9b33313466226fe7e40a069b849cc507889d3a542d4b14d940b3c8afd896155d,c7fe103b3c116419c5181271a4b8b4e155d723ecf2a38326c6df2121b40ef1ea,1,1,1,0,50,89,0,False,0.1.0
3uky,pdb_mmcif,946f2eadeb06bc6775359c9e9ee7573317b5ccb7417cd64076d950cfb1c9e20f,7fb10fc57b0f177dadb4acb4f208a7e975792cd0bb3fc7af7bd4056460ec7421,1,1,1,0,52,101,0,False,0.1.0
3ukz,pdb_mmcif,2dcf83bca76c2d2f28d47ea3994efe7e60e2af8714f225e0fc1cb7043ceee9ec,f43f67a972f3b676a5f8a1ba61b18d187b7ab3f3242cc76fc3ad2ec262fe6928,1,1,1,0,52,85,0,False,0.1.0
3ul0,pdb_mmcif,4ebfbdbadac562b2d18f01d35c099b089ced17763aef29b26b1026eab8bb8ab2,ff64a2c00c5b7b9835fa1a0d9dcd556cc5d72a191fae320800172bd1218671b2,1,1,1,0,53,86,0,False,0.1.0
3ul1,pdb_mmcif,015f66c4e8688de3cf75000819b676a5726db8d25b7c8ffd64280c60a6dd7b9c,d83cd7717b9d9b6cd3724c1dba5a1efb6a344e444a786ee0ceefdc9243e2b134,1,1,1,0,52,85,5,False,0.1.0
3unb,pdb_mmcif,8e8d47fa97f352fab9c1f016fb4ee9ae85ac7720b4fb323de1b74386ca812454,d412d6455f1922d0b45e64ce886dce9416df7b84f99a290f1415bed5b3ea09e2,2,2,1,32,8,408,0,False,0.1.0
3une,pdb_mmcif,c557b8d40fcc2a3341caa723db01c799daf128dd885c3b4a8f3d06ea98daa2cd,67cbb469e74ffe53d23e606f7e494c3886e88672c1ed71dc5c7c998bd5ce0d52,2,2,1,8,0,396,52,False,0.1.0
3unf,pdb_mmcif,eaa3bf79716e574bf6859ee09fd2fede0000aedf6174d52205dfd696ff5d3eaf,7e133120797140eebcd3eab0732b16552c3ae9901edc11d353b9e4322fb3bf9d,1,1,1,34,0,202,0,False,0.1.0
3unh,pdb_mmcif,51df0ffa062384bb7e6e8ee2b01fc1e75bc72ea24124aa238150bef8d00e7c1f,2467ca41e7f9ed31f3df39a74a83404d68e7f4a88798c5f8001ddce7a67af447,1,1,1,15,0,202,0,False,0.1.0
3uvu,pdb_mmcif,c0a7b631508a0ebce346dd89f1fa789a4f41e1a64f53a8e623aaf1502c5d5570,4e3a25df3a2a3f82f01d07bf4a20aa71415fb092f1bb0a67d0ec0cda2aa5e2af,1,1,1,0,50,85,64,False,0.1.0
3ve6,pdb_mmcif,dc03c243c866544ef5d6137a920db5864642d77f951b0282ae2e91646a02abae,55e5216ad86c1f05da0d0335fe0b116b2cee16ffc67cb45101b7231b45d848d2,1,1,1,0,0,0,0,False,0.1.0
3zbr,pdb_mmcif,3cfa30e0fc32cf70f4fc7b61c74b0321f606c82f590a1d389abcdd93fa8aad2d,3a999ca8a342158554b0e39afbea53360d59b3029c01344f2b4bf00f8edb6e67,2,2,1,0,4,16,0,False,0.1.0
3zbs,pdb_mmcif,5ec505001a30af1a47d508fe717aec13d067da0e6fd7384477c4117217e7456c,84b6e1cf45a694e583c1f885bb0a126ed031fcad54be681a4ad6bdb41df0ca4a,1,1,1,0,2,12,0,False,0.1.0
3zbz,pdb_mmcif,2e03a55b4e985926a39000e109e332595c1ed45e301e7543875b9b1f208dd7f0,ddc97144ae531a783bb2bd05687a3b58e249fdd42d4cc23d582d4bccb3e45f5a,1,1,1,0,2,13,0,False,0.1.0
3zin,pdb_mmcif,c9af295654767614e57b95b55b002f23e42c78f3e2ca6473f99745f05d732be6,003f8f9f6cd283e58954ec0f194216371c77e1fee560f34e619a3af852002d70,1,1,1,0,37,44,0,False,0.1.0
3zio,pdb_mmcif,cc1798f7aff691276f4fb2ad2e0d0abf7f09362b0887cfb37f272db7952808f7,3702794682219988eef24f56e0cec429912e1c3d93702acad2a485a34f66707a,1,1,1,0,35,44,0,False,0.1.0
3zip,pdb_mmcif,e72b871ac3452c54a5659e00d4ba19eb379fd07d09344c889f86ac9f40ae267d,4db2164d5efd6522115583ba1c7ec9f2ddd4f32c61641dd7667e2785359bbf5e,1,1,1,0,35,44,0,False,0.1.0
3ziq,pdb_mmcif,2944606436ce073ff6b8b65aadf54723ff21847cff8ea09ec4c18cc04f3d43ff,fb016cd2ef6c4e73fad9276b8022444a5198beae343879978d230a95ce206949,1,1,1,0,35,43,0,False,0.1.0
3zir,pdb_mmcif,61b06965c8668532c09684fbecb9d05cb117006e84bac31f59bbab8116a22b51,def077169822df2c84dc14f8eccf13ba9585effe02b3d4c9c39d98af4d07190d,1,1,1,0,35,40,0,False,0.1.0
4ba3,pdb_mmcif,c7f8e025c553408d328e10fcacadfb966118ac2c9ab7a794463d7ffc094bdeaa,fb923fa20b4afd46c98e8db6f4045dc87d3de70e3a022fbdabd7ab90ce40e771,1,1,1,0,36,74,5,False,0.1.0
4bpv,pdb_mmcif,a83e5e83a15b1019e68b536e5998b89de7016a624f0e89bc6be47d0b6e993eda,2697a144be46580f9b2a420147fb5ac1cff53ce37ffe375711583f163756ac80,6,6,1,21,6,166,0,False,0.1.0
4bqv,pdb_mmcif,851cf77d77758a882538b2f8960757247dba652509eb4472c3e4a86070072769,9b2d37aff43218b85608cd2726c86f306c2969056c02fdec9f3e8a9cdcff7bce,8,8,1,32,8,48,0,False,0.1.0
4bs5,pdb_mmcif,8958feca564cd48d0d7f60ae082e384185ecb4987fe60231b534f6fc61475b50,228843151ad3a5d45be027870f01a8585b8c57b4ef70ac406d9fc647b572e4b7,1,1,1,4,1,6,0,False,0.1.0
4bs6,pdb_mmcif,554f57bda1766abd11e6fad9e963039f9053f698aacebbb93b525ff60dfb55bc,98a67ef170d18938eaf22a7c318cce357b8fb6c71e3e360a850c623e3a9d8cf2,2,2,1,8,2,12,0,False,0.1.0
4bsq,pdb_mmcif,7b4b27a53414bb37c6de1f15f2363901eceefc18e40bdbbfb977461792bb460d,a509a77077aa50a07e3e40f97b590159f7767c3e5cfeb32b92defc308002b65f,1,1,1,4,1,6,0,False,0.1.0
4bv8,pdb_mmcif,b2d2468f63667fe31fe05c421815e93c58b9e40d6467566c5476671711d5c2f6,fccddc20da9d668b3f05dbd7f49f33922c33211bd1d990ee108e6798e48be71c,2,4,3,12,44,67,111,False,0.1.0
4bv9,pdb_mmcif,07b4e5c88a2d562aa80f750ae44e803cb79e4543d57a8d2766c133b09bc5f77b,1e2fe31b3713b39a10bc9b95f85be7a1ed9aebc4e218a2d242f48487b5ad0fa6,1,1,1,1,44,65,41,False,0.1.0
4bva,pdb_mmcif,9d0ccd4e872d4a8b9b4066afe33c1c2a816980ecc8cb9c996f737b2d2fd85378,ee0b758dfa712cc882b2a75fe02cdbdf8d5dcbf3d89bc7e2fc5d75578cba44a6,1,1,1,12,44,63,16,False,0.1.0
4cbu,pdb_mmcif,de1633fa915ace32b3572ff79c6dae7e0226fd6e6d6f8b6d73697f82f854ed94,421a2c67abf15ad88fa0a0409bb9484fed14e885550d0b82e9a170db92bbb52c,1,1,1,21,4,23,4,False,0.1.0
4cbw,pdb_mmcif,0c73f934b451c44ee56f56ef80db0acc8eb692643e6bb162753afdfe54e15712,e969e7d081ad206d9e78819f9a7295ca746d47e13d7f4f2c34779185a34b50e8,1,1,1,23,6,14,0,False,0.1.0
4cbx,pdb_mmcif,6e52b5420af9b97fceb89e6cb91b26588b1949bc6ffd4f607de873b8685e481d,9e7eecb866f23a4bfdc8c3847ad3ada4065c4b268aaf9264949519f3ec964e96,1,1,1,20,4,25,25,False,0.1.0
4f8k,pdb_mmcif,2ea2a53b8d8756a220409180816076bd638b6a2762c1d4fe333a650f9ef70d51,742414a37f8fac05c3f66c89d9cd8a3aa5f5129a6734f7e212ad3d9260836761,2,2,1,0,6,0,0,False,0.1.0
4fjo,pdb_mmcif,8d30951595f3d04b1d1c969e131aa270aa349596749ad4e8ad7174fe403d1a3f,3172ccdfa832d165df499fe71676cd98651eca9adf7b0d3cd3c1c3092849c893,4,4,1,0,1,0,0,False,0.1.0
4ghu,pdb_mmcif,87f8c5e02d7006982388c38783e0150516d59e85825df3088246c3859e995c4f,c5a8c31f225dbd14e4b392d1cd4614257a242b2c37487600044ee6e80898b55f,1,1,3,1,6,15,3,False,0.1.0
4hop,pdb_mmcif,bb3b810bc330d2f5b6997f4f7ed44d584583d15ed1d44935579d36afbef47f0d,f244069cca609e9be5285156738ba42ccc123c987153ef792a22331f1c94b87c,3,3,1,0,12,8,23,False,0.1.0
4htv,pdb_mmcif,b6fc7bd753284b15e2147ce5355b537d9be0bd3eb3ae97ecfc7645273191d751,ce7ae34d805788788136c97eb659fabe217a7f100f5f421c5e3f17272638635b,1,1,1,0,50,104,0,False,0.1.0
4jc5,pdb_mmcif,a5e13596fc5858dfa5cccf7d4a81f745398c6be51392346968cc8cb61c3111a6,99aca6080d4b0cb3903210a3f6cc7d7136510e4569ce1f68ab1e49d4c027b8de,1,1,1,0,0,30,212,False,0.1.0
4kby,pdb_mmcif,6dd3f405685adc9034361e70deb0494ef7f883bd3f6eaef2d8680d5dc022b77e,d847475efbfa1edf8763751c4a19958d762e42c103ab74edd65d340d44acc4a5,1,1,1,0,0,63,0,False,0.1.0
4kc0,pdb_mmcif,55802dc705c2b124309d44d3f3a4d18249981a8af6cda06cd4a39f1c99f49380,0b0b1700efa00bc9df1723c5fe1d724eba98720a35555ff9761c6333cabb4a30,1,1,1,0,0,54,0,False,0.1.0
4kyh,pdb_mmcif,7148f1f05b60597564148b61e5478bd99f88fb92e3031a0633b4aefd268241ae,edd1f83dc82367bdd456d26e179534314ecbed47a184f49533967ca9d3fc6a23,1,1,1,10,0,15,32,False,0.1.0
4kyk,pdb_mmcif,99efa41032c1bc57555ee7be53212b1e11813504510c8527a98eda6c0a93050d,c7221299b1987cf8d69bcd64bfede6134b99d022dde4d779ee267c2c1260a8be,1,1,1,11,0,12,8,False,0.1.0
4lbq,pdb_mmcif,08433b9a09c125ec177f499c9ffacda8a2a3e8566c96097a04eeb852acd0ee43,504cf162e5bd388c8dcebf80861a763571d9af06180e861acee44217441ec30c,2,2,1,8,0,19,107,False,0.1.0
4loj,pdb_mmcif,661b81fdd3ff5190f6c620e30b99faaef7cdb7759d54007fd91979a8b52c01cc,ea9e7e8e705078d40531a64376b6d03e06df4040213365b25cde8a2e146ee5c4,1,1,1,0,2,17,0,False,0.1.0
4lok,pdb_mmcif,baf7e8f1e5c2f52bc44a19724a0df3847dae74b20a8758fb11630f5926cb8fb3,9fa7f6f75b6282b60659a6859658e506c90b0fa1bfc467fb844ff3962e0a2b78,1,1,1,0,2,15,0,False,0.1.0
4lol,pdb_mmcif,3c936e8f35bf6502a60502176f2c12c55684f256985385ebce229c1649280b1d,4876c623415cf6c50c5d1e7a15c605c7fe9b962e6cbc5ab1a1b846d711d4b1ff,1,1,1,0,2,23,8,False,0.1.0
4m4d,pdb_mmcif,a0a2acd1eb31cbd5f69044b130494bcc2bbc7b6c9e8138229375cb1f1dc29c59,8e5f2da0c520f20c906087aa1bfe57d3f355eef23a725b69b1ea2c0e253b64bb,2,2,1,2,20,44,0,False,0.1.0
4mz5,pdb_mmcif,434ccce7e2a36fd84d2cf945d320fc9cb4f3e310042de2210c43ece261de566f,a6f6fe1a98b8c3741f0ade2fa02ae13a4b04dfbef51e552ae1d7eb192fad546f,1,1,1,0,50,88,0,False,0.1.0
4mz6,pdb_mmcif,478bb652804b299f33a07b404622528df39675b12b99343814c5b143f5392fcc,c4ed94dcc5227b47f4933c79731bced7df88e348abd7af9e2e1d3556cc679f7f,1,1,1,0,52,92,0,False,0.1.0
4mzo,pdb_mmcif,2ac47e0b0f4bf41b946cf0a446b5205e6db8489f78682ec5808f001ee3717a03,6b4a8611d2e96941372626222cc1fcab5c69b77d8c56540e54717eb6f2eb7afa,8,8,1,32,8,54,0,False,0.1.0
4mzs,pdb_mmcif,656a645bb62924a0b7dc2df85da8bd55ec7b43956a4741b99ae1f70e321a2805,92bff1bde5960c70b685cc4a5dd551f8da97bb06155fb253c4eec500cdc87705,2,2,1,8,2,14,0,False,0.1.0
4oih,pdb_mmcif,516c56d57f5cff89dab921b51f7919e13e76eb9d8fc5b29fa7b846c5f961df6e,1241cd57fdb67db8dab436d1c9ea38c30b839145514d52ac0356477cfea5ea2b,1,1,1,0,2,48,0,False,0.1.0
4opn,pdb_mmcif,847ecc79f87817614dc1f7106887a3fd66816f337c38e8179716f255495fbf6d,57d923095e96d6cf2a3889f744fdde458ad09a242e12d3c7487a7895818ade0c,1,1,1,10,0,22,32,False,0.1.0
4pv5,pdb_mmcif,eea28ca6fba3f07b42c1d656816bb601d513851c2db6ad1a8f66517a03618693,aa4ca130c58170aeeaf293617e3e71f8535ce496a43ddda01046a9d40a8230a3,1,1,1,10,0,14,20,False,0.1.0
4txi,pdb_mmcif,9e4f37d920b9c2b6a42ca4546563416e752e3a083dde60fbb01737b71d9f32c6,e6bf0b93fae0ad3b52ea3f2b8b83da8ceb6e9f5bbe4308ae9b2bc70399285cf0,1,1,1,0,1,32,21,False,0.1.0
4txk,pdb_mmcif,d66547d1d6f12cb8468b0f84ac864ede9415264c6961393670ebbc45567e92e8,10a59b3dd2e5bdf84800211850b539d5713a1965aa117493809298324b806860,1,1,1,0,1,34,0,False,0.1.0
4u54,pdb_mmcif,7a2483e87e73b2f4685acf08b4fbedc5b7c251e41e5e78d7ab191f1d8dbfa0dd,ed71f8dc90bc72aadc2c486bc3b4f61aef745ae6f9fb975216a224b92fe1d437,1,1,1,0,0,0,0,False,0.1.0
4u58,pdb_mmcif,ab9aa9c5dbe69a7c47114a82de227c77d6317648f9bee607fcad1f6c61ef55aa,2e892b8d6a6783943c271dad67d569c55c75876f31bc3a40d711b07e40333a32,1,1,1,0,0,0,34,False,0.1.0
4u5l,pdb_mmcif,d92cb53f8397bab00d4d6245308284cd1e785ec5ecf19acba31f60d7c884ea30,03c0574612134211e5aa80f8860cbde97cc6cef5a7246ff16fd943d7ed8e1c86,1,1,1,0,0,0,0,False,0.1.0
4u5n,pdb_mmcif,41eca9874848646b9472a32104ce91e2d3462c7454e151855d3271dc15c78dbc,8b2fbc7cf9ab3721aedac2feffb9215c9ed6d184137742d2fc70e667c99e2000,1,1,1,0,0,0,0,False,0.1.0
4u5o,pdb_mmcif,bd827a3b076bd8bd2d49f3626cf8924ec29a8003241ec6c6ef3869d1f99fa75d,b0e4f27f2f3b6f76f954384fc32d8d1955d5d06cd98b15d75fceb492302a3bb2,1,1,1,0,0,0,0,False,0.1.0
4u5s,pdb_mmcif,da150a43ef051288e29054d75b38340718f2ce3c8788cd1b9b41dce70f818875,a772c030b49bca1ae041bf4ce2bb827d2b8d1a72aefdaf4d68d584c86baf839f,1,1,1,0,0,0,0,False,0.1.0
4u5u,pdb_mmcif,bfac2d0880b8fc43d6ac0d9ae992988848077f46443d96971427b8e1eab2d172,f7b083e2d180974f40db06b76dad9294797a07f361e5e01c910f888f78b1d931,1,1,1,0,0,0,34,False,0.1.0
4u5v,pdb_mmcif,12cd02dc6c65846e72d26ae872e30fb7dd46b075c80415e054f2792c0d0bfa65,6e655dcb97648a4c28ae850fe0d2b17ab67c1c42a38d6a5743073dee675d5763,1,1,1,0,0,0,34,False,0.1.0
4uaf,pdb_mmcif,c912b4eea13ea98d47d4eac022b1fea0e6685e518b922488312615d6325e1dab,125c351a7a87d16a6800bdeda971f95c9c2a6741829de523b3231ae687c289e3,1,1,1,0,11,56,0,False,0.1.0
4v0u,pdb_mmcif,159ccd20c3367c68f021ff3dbcbbd09c2486885ea1249ebbbfb94e7dfce2f3d4,e026c3666c62dec993593631c1d626bdbdb3b0197ed578baf142d069c7b52fba,10,10,1,35,65,520,220,False,0.1.0
4v0v,pdb_mmcif,643a3d83b94cb34058b5088c32c69691941c8267f0be37fca9ab1e99defd343d,f6e087383c7db9b559d65b939ed4ce6a88ded1305987d386ef750ff6d870fe20,2,2,1,16,12,40,8,False,0.1.0
4v0w,pdb_mmcif,1c9da08743f67cffb07b9a4ebaa1506ecbd842de5fcd3caeba82dd59828c7833,46d682d086db5075d6049fa40ce36c9b98da81d23429aa8f9b7d7ac7737025b4,2,2,1,18,12,55,0,False,0.1.0
4v0x,pdb_mmcif,9ebfd71b2ae8b8f93fd7b413aad63c407120504e38970ce6112e8d09a436e050,739a55fb2987f37be02fe55351a1ec1ff835cb22449915bfbb9e139d899143f2,1,1,1,6,6,37,0,False,0.1.0
4wbi,pdb_mmcif,0510e441b3ea766f2e1f032d731e73b25f8d7dc5a2c0a11b73fbaf5417151106,73336a5759de9bea09423d2a146c3fbf0b431d3cac3cb1a13ae95a0c34536a5f,1,1,1,2,3,13,0,False,0.1.0
4wbl,pdb_mmcif,94026102aa00fb76421a582eed7d6ec4ca32e658e87d40a66829f863382fae85,3b6494eaf4206a7c824564888498fd5099bcada347a7467bb6ede8f84e0f86f0,1,1,1,0,2,11,0,False,0.1.0
4wc9,pdb_mmcif,32b39364e23e5975d69c7a2fb9934a1b48a016dbb5ff60a6b90503f868edd6d7,8f10415ca6ef47385e5358f8c25b65e534f0fd3aa8f9dffb87892ccdc9f8a143,1,1,1,0,2,15,0,False,0.1.0
4wca,pdb_mmcif,df37d5337f13d24739a9a41b5a77847e62f585513565cde22c27502975f6ccfd,6bce14aeabea99cc926f6899470b8b767188559b7d8b5e227e00e26d2c33ec57,1,1,1,2,2,14,48,False,0.1.0
4wcb,pdb_mmcif,d0a15f901740ce4271baae750180d0bbc08301265b32ec84bbfb8cda22b7bf79,d6e862893064fdb3c6fcc5b44c8df073a83562cdddf1437047bf106e5f0a0ee7,1,1,1,0,2,7,0,False,0.1.0
4wcc,pdb_mmcif,2dd53138da8ff1505a0eedaa5b77f6b16ae6ce02092be08ceb4d0d04990b3ab3,98ee98d163b6be0a382267e7c90222bd0f986c852b2dc0a414ac3d61d00dafd8,1,1,1,0,1,15,0,False,0.1.0
4wda,pdb_mmcif,7c0c5444ec7af643c78b232eca16bc9436d3cae82904724afe32a7b231f41a12,b43779411f29b7850cca84efb4deba11fdfc5308ea53606ecac28d7afc32478c,1,1,1,0,2,10,0,False,0.1.0
4wdb,pdb_mmcif,f8374397e720d7d8541f1fa426de2a42a20f599b0a7a0e79436b176b59c9f400,e40bbea74dcc79d5b75982bac44587e8f2a60f79ba78ea26ad884a6c610b2ad5,1,1,1,0,2,9,0,False,0.1.0
4wdd,pdb_mmcif,c213cefbfb64d805c2f8422b0efb71e9b740d68f5b835b0daf66a913724f471c,c1fafae0b22298a9dad58ad611b018ec67364af615e6acde1ca5910f35a6a1cf,1,1,1,0,2,14,0,False,0.1.0
4wde,pdb_mmcif,312facd9376d211aea362ee5a155188475e8151494942dfe690a08249ceb276f,ef6afc0fb5de65e27298a834a331edf8337e8713b023d08be784bce2ff077cc1,2,2,1,0,4,15,0,False,0.1.0
4wdf,pdb_mmcif,323d9ddd656c6a46bb92585b3f0d49cbce061342f12635c930e62f553834c8c4,32898b7e1d19ff8fbbb810331d8f59482f3b4a9f6e2829075f2174f17c96da45,1,1,1,0,2,8,0,False,0.1.0
4wdg,pdb_mmcif,fb44c598351e6ed145aed1756cf548440680558f8db280395fd53ee3fb2830f2,f302cb6d54744fab9460867a893fefce0f3125222df2feae81c662907eb60447,1,1,1,0,2,7,0,False,0.1.0
4wdh,pdb_mmcif,d27f389357b9e7652e0892637691e570aa8f1186d2366cc34a048e821832f92d,dc363f8a02a9494a4b686bbbb810e54e50492b2b887079771fa0535e4b87235d,1,1,1,0,2,8,0,False,0.1.0
4wex,pdb_mmcif,12bcf340aa3997ab13db1c50aae4b8fab7e14e1f81b3d3cd7ae41dfa495d92ae,2411cf0d553629714b56aee2159bc40b44fa3bbdaea1a053bd1228c6ef271d89,1,1,1,0,2,8,0,False,0.1.0
4wfr,pdb_mmcif,cc5784e5e51790148d5e39623bd20016803ea126a6f2880b060cd35c5ea3a197,654946057272428ef8a5c0e9b9b3366323dd5d0b8e1d2a0cdc5e7b7b8bcdcb00,1,1,1,0,2,17,0,False,0.1.0
4x2a,pdb_mmcif,9d9a5adcd754f66bfe91f85c57dcfa67c0e3144ed880f8291a5d0e8d23ad59ea,e3f0bfb72988aa412a5f1468fb4da3333e9e44323423f006040802ba225a27b7,1,1,1,12,0,26,1,False,0.1.0
4yi0,pdb_mmcif,b6389952a4aa2164b30ef8b9c2df1258b8e9782998c3d89d4dae9f5356b2b474,a6127c4130ad0025972c66e67c3c6261550a5456a4c36315c0d9b39607c74e4c,1,1,1,0,0,38,25,False,0.1.0
4ymk,pdb_mmcif,278b545eff9d2673eff55d33194b1013523d5f7292a22d525249afb0f0f813b4,da5370a094af15dd1ab1c112a74eb0bd8b6599332ba7498cfa3ab5f869bff0a5,2,2,1,20,14,44,0,False,0.1.0
4yp1,pdb_mmcif,7e06e940113f74aa54df7b4c8caa6dce295b6bedf017ccd1bae1c551d1043750,d38b12e0298869b9e76a4619e5fac85e84c1dbbdfed61bbd1e7508b8d1bf0c44,1,1,1,0,6,60,0,False,0.1.0
4zdu,pdb_mmcif,93238441caf2389fa8b909af24a2476d1bc9b85237ed22a96cab0c10062bf6bb,122775bcd07176df77f92c66eb294a2c3c8f31c3c872ca9e5d539097bdb6598f,1,1,1,0,3,16,14,False,0.1.0
5ae0,pdb_mmcif,df8a4cc0cb4d448a4463dc0ade47578f4246ce1fcfd3ec5f9facdd54e2e3d101,6a02e2e50e79b17d500905e2ce067c6e26f0d98ecba76d583f552ce56d72b8a4,1,1,1,0,1,4,0,False,0.1.0
5b1r,pdb_mmcif,20ba60a6e70366ce8757ed6880c46848f61bb8ea18e95770ae3d665ea32e7ca3,1c579f2412eb777daa9972e54f1fd8d0bfa27e5cff69c417c714f54247340594,1,1,1,3,17,11,0,False,0.1.0
5b56,pdb_mmcif,f822287f8b4714abc606e3235264cdb06f682da8db329e70727d3cc0e5a5a484,56648ff398c5fe57f25e4df7e972819a18c26045add259238692c0908870ee8a,1,1,1,0,0,59,0,False,0.1.0
5ctt,pdb_mmcif,c28550620f1814c2b1326feb6e4bb769f62876cdf6ff2bd0b539b861068a7f0e,6929692b288dec3b986cfcb997c3d92dbe7b2c1d70bb9a64ba2c8a5dcc7203b9,1,1,1,0,27,60,0,False,0.1.0
5d5k,pdb_mmcif,007e155a319b1c8d5dbefbd93e2b9c94193c6fbc7a965bf96378d3c29c980067,a029a2964fcc90c33d46d39fdb4f0795c50994f038ad102da2f67151423cc789,1,1,1,0,26,124,7,False,0.1.0
5e6q,pdb_mmcif,c3cebf0da108219f4ea264f24ea8cbf3472482a81277a64bd3733580f0d8db35,f37a9fc7106c47adcdeb91b7caeb0250f4254da8e1e90839eec327d63dda51ef,1,1,1,0,50,107,88,False,0.1.0
5ed8,pdb_mmcif,003985f98d9a1275ce1462672565dabb72f44f225e62d0b6f2f33085ee1d0e58,2664035cb6b0ffbb706bd29a61356211ee96a063f70e9ce1b6be33bdb3db2b12,1,1,1,5,6,23,60,False,0.1.0
5ed9,pdb_mmcif,f41cc367855a381f595ad0bfdabd8fe3ec5e9f033efdbcb161663ca9753feedf,5232cb8594e0ff2f7754ccb6fd88e6b8818f1176ea6015e1bbc27bf7c8df82ed,1,1,1,0,18,28,0,False,0.1.0
5ekf,pdb_mmcif,888f8be039d728a6058f86c5e4d1624cd7499938e26102b2fb8b63d9a1390f94,64c0b1421f4178493d42138933bf5e10989846256b9a1f47bae7ef0ca0eda1ce,1,1,1,0,50,117,144,False,0.1.0
5ekg,pdb_mmcif,a65ff76644185df137d92d5c0fe279314efb844e6be2c11d7a3ed6bb9706df69,2b850cbff8a3e2552a6a2b00c4fa921076a43e09cadf05ef192f2ec6d94842ac,1,1,1,0,50,109,203,False,0.1.0
5elh,pdb_mmcif,972dec91834aaa6985617d96839ec79004ffc4ad45a6400df076a361bc709c92,e7ed5f1250d1ae39b6960897dc16ebc075c87d3d43ae5ff170ce8faefe666b43,1,1,1,24,2,8,0,False,0.1.0
5elk,pdb_mmcif,8bded36d8bd8bf1633ba958275fb0fa8ff2c45125cda11d28d16cffbb73254ed,072219bc2eb964b1cd82b31cb27606bc3756dba5e55bb0d39bdf66ede20c9939,1,1,1,12,1,12,34,False,0.1.0
5fc8,pdb_mmcif,ed1c75121e049af6c230c5d34001b427d2746a0d474bc2f778d4ac2c8b0be774,4eb973d9753689426bfcf412b5fe850fa2e17683b871f418b151c91dbd54258e,1,1,1,0,51,106,0,False,0.1.0
5gxw,pdb_mmcif,cd1f730b7ec127936dc4e42c41deb77a4e4ceab73142c07e374cb06023ca85f2,19fa708832c1f48d81e68cbf138b83875277d92181d41099c2fbceb25d7b77d0,1,1,1,0,0,0,0,False,0.1.0
5h22,pdb_mmcif,8f9b3c3b06e5e32a72ebc0796b99da9db2f5efdec084b2f5e1f305bafdee92e6,282898489d410364ae513b1856d18406115faf276ac2a27c6205a5b046f7776a,1,1,1,0,0,6,0,False,0.1.0
5hhg,pdb_mmcif,26f6ec64da87b82916ff02d16fea37589e4b71304e9b285f0e736e94030fa0f0,991dfe0f8a23e46f3fbc442df931c78bc90942d665a511bb20c20c11e7f5a0ba,1,1,1,0,0,23,0,False,0.1.0
5huw,pdb_mmcif,158f3de8620788d461e846b3c419993024b34e242856cea12925173da196d93c,505eddaf31b7b9d2ae2e42d0d46747ebb772d0c97f2798d299575774d0785c82,1,1,1,0,0,113,0,False,0.1.0
5huy,pdb_mmcif,2a0de0f3703c2a83edabee37e8936fc1ee31343aa81e379832af02b68aadce9c,8efca7ac3708f41bc340cd085c7b1783d7b52a79578ce16c3507ce508354e399,1,1,1,0,0,121,0,False,0.1.0
5jjg,pdb_mmcif,33aed8bed72762258019a7d952147f759cdec91841cd47adc9d39ec6972b9e99,e1d460f97be4077a03d9a67739972dc324b300e626241a1d7c693828d64efd62,1,1,2,19,1,1,3,False,0.1.0
5k9s,pdb_mmcif,ccaa8a3e05330fba20de068fa2f0c4d85f80378b450cf08a26de3789beb6d826,b525763aaabe0ffd40d4fabc133d8712c9c260613dd639131f1dcc02a288554b,1,1,1,0,0,33,0,False,0.1.0
5klr,pdb_mmcif,c2f14abf902d1ca10b506f05d56718d7a306ae20d042699afb4e227d54dd534e,dcbf513c5ca84991748694438ba62fcc651ca2c72647e85585c39144e6a27000,1,1,1,0,50,92,0,False,0.1.0
5klt,pdb_mmcif,ec3aedbb7256ae455dab14fe2cc6291e698fa207f0803dc9a992f7191efb0150,1dcb213492fbe4485b43f81ddf84596c6f407826b2ac721745524df435f1fff8,1,1,1,0,50,92,0,False,0.1.0
5mvv,pdb_mmcif,c47ec7c6291862d295698e96d0a6bac806e9aa21b93965064b548bf1acd176e3,d082f45a567891c0c3a86691ec95b9b14b14cba39ea2033757edb4a7d418b481,1,1,1,24,4,30,0,False,0.1.0
5nxb,pdb_mmcif,4b79b5c3232c3b2212fb861456a865bcae2d66e1648f0f99d03063a6517b44fd,2ffc5841b517d38b1bf87121773796c0360c7f72cb17233786d6376fa14159ae,1,1,1,34,24,34,80,False,0.1.0
5osq,pdb_mmcif,978b8f49fc7070418e19ca6281c001c606b85e1d435cb6d0522895f5be4e0cdc,5887832e09f8eb132991a995345c1b145a3477e0a828c234733716d543f95bb5,2,2,1,39,34,18,0,False,0.1.0
5svz,pdb_mmcif,2e209d199cad0eb589599ea39f7ad9f40b01a7cb667883190db4a6b860b2df0e,bc7ea54aadde33b01a2a15e04c4fb6299f2feeb8da3f543b5960d5164bcf1344,1,1,1,0,50,91,0,False,0.1.0
5u5p,pdb_mmcif,d686d251f1cb2c8bfdf25308028781c3e276c6e0eea13fd33feb06558edf230a,bddba19a5d6bc513619573aa64dfd5d8741ac5c84f58d9bf13df206568bfe702,1,1,1,0,50,85,13,False,0.1.0
5u5r,pdb_mmcif,45477f58c894e856b0813158a104b5a9d933871659126a7e284e8b6f2ac2c9a5,919f880330675820e4d1b67aa4dbc1b4bb24026680ceba658fed956227cce7e5,1,1,1,0,50,84,51,False,0.1.0
5u85,pdb_mmcif,c2bf0efc22ca03162b4358aeb225f25eea85cc3241cd8024ec78d9cb7b4945ac,7f2827b56cb793c65b2739d40c5ed350d87dd8469e611afc3702db8a7e909ea1,1,1,1,6,2,11,0,False,0.1.0
5umz,pdb_mmcif,8d734569c27291bbb14465849af8561ba770e577339cc2a230ffe7d774e773bc,624a39a4250744147ede119e7f6151e4c9e3362e03f03a5221c590947f11ac06,1,1,1,0,50,95,38,False,0.1.0
5v5o,pdb_mmcif,a8532a8a13542c7b3695bda1da6601b3fb173ace5dec6b5d81ae4993f50afa00,8eea132f4194fb676ddbacd570d10e81ab371b0632c6747169d45aa23dba0f63,1,1,1,0,0,130,0,False,0.1.0
5v5p,pdb_mmcif,178967711e70e70cd3073880df64ed94d122b943e2f447ce713f0a17509de548,e6b6ed5aee44b98524e6b22851144a3833a4e3b245c0d07a007591fa45ab25fb,1,1,1,0,0,133,0,False,0.1.0
5vi4,pdb_mmcif,73d30e59bf7343d6f7d98cad4cb9a109b27912fc8c3af87f068e006669674476,5c0e4af1d25221ff02da562241f2ad3f258de3ed5820b84e503a311a72c40ef3,2,2,1,23,50,207,89,False,0.1.0
5w41,pdb_mmcif,88f855dee9cbfdf005ab1742c05dd48b4f57944cef7f2b165164d591de398451,4812a8f16b6702c3f280458b72b000f815ca2b0a144e660e6f5ec9a107f3c9bd,1,1,1,0,52,117,0,False,0.1.0
5w4e,pdb_mmcif,74c8020c098ae07febad661f2290bb3650233c308badfac39a583b25f223e1e1,520514182a0cdcbdd3fe13deec9aab726e2eb765ec3599abd1151b06d9014e51,1,1,1,0,1,103,99,False,0.1.0
5w4f,pdb_mmcif,4fc88a06e6ad0a205e0cad69384a1006e8b323d11cbf02d33d6293b6379f87c2,af98f89bea607dbae2638d125201cbf065e709ce355d50dac8a2ec1e7b429e28,1,1,1,0,50,131,94,False,0.1.0
5w4g,pdb_mmcif,f7ee89f6bc4a4b228b755bea7fd1570532346d0a5e194e632992e71a27088f40,67e0fc414b8dee8a93a3a807526d10f8e9f86ff40f14a03027b23702d6b68608,1,1,1,0,50,101,116,False,0.1.0
5wum,pdb_mmcif,f64fda742fd04aaf9bf46c667c9fcff9649a4199235c7ddc249a67f9fad649e7,a9620952b1d8dd6615c86791ff196cbe7829116b637afa272390ca439a8cd234,1,1,1,1,0,38,4,False,0.1.0
5wun,pdb_mmcif,a01389f7fdd85880d7fa1fcf282d543573ca2245b29826a5c14d890714365d69,757161b8a778751839b6580f82668f7b696e3d2641ecd8799fca8a463e9c01fc,1,1,1,0,0,41,4,False,0.1.0
5x8n,pdb_mmcif,f0614575087ad4f150d4d66b4a1eb0bcc0bf158b6900832ad14c1fe5619f4f17,79d6432ee672ffa4345c1d17802413e4478e3ee1827d9c9089066314027c7b72,1,1,1,0,0,49,0,False,0.1.0
5xhz,pdb_mmcif,f6f232e288ba05163a7dda46a528aad0b815bcc67affd178c1949f759146be2a,5d00bd711c26c56989e69826b72154aad051b6d0bf3fd9982ded96dce588b4ec,2,2,1,0,12,13,32,False,0.1.0
5xq1,pdb_mmcif,f783e4987c536364d984a39e643bf8bbf383dbca55bdc69ae2c9dd2cb38f7e35,aa00b479ec6bef13b064387f2e9ef7c8642f9925ae6ed63f539a672a67af77da,1,1,1,0,484,130,201,False,0.1.0
5yay,pdb_mmcif,be63a8d12fd1b540eb43a185c836e5014ebb9e57bdb17eea59031fcebbc58cde,b7e07f3733017292f78fb1cda522e49c6b5f82b0e44a9dd275d980bf17974eb8,1,1,1,0,6,26,0,False,0.1.0
5yaz,pdb_mmcif,e8aa78be74f471b4226d64f285c62094d9e68e5ad27ab7d99575d6adf59bae90,77b35605a0a530a4897f1305ee65b078335051d52cd2b9b8a7fd8730357aebdd,1,1,1,0,6,17,39,False,0.1.0
5yzh,pdb_mmcif,ee32b14b01ed531a50e868ef040d408671d23cebff9fccfc3b1d8728ba62dbca,0d876a7aaa2fb1f741aafec47a500846b539c14b45ca871beff75ba35b1932c4,1,1,1,0,0,7,12,False,0.1.0
5yzi,pdb_mmcif,4b00643eaaa5bbb3ded9fe51deca96ea52413f01f8d3fe441a8929b0c5e589ca,f39cd018f2c975c9f002f61ab00299e67b1b221350aaebed29811003b4c0f57e,1,1,1,1,0,11,59,False,0.1.0
6bvt,pdb_mmcif,53b03a244b5675399a86b277c762af0201052be87e504e58fb2380cfbfb30fff,c5dd9937b19211d7ea43bdecbadae905612bbaf23b2e1e31f2769f02f3daf5dd,1,1,1,0,50,84,0,False,0.1.0
6bw0,pdb_mmcif,d9ecf40d98ed77f0fc890f8445a8b72dbd6dea0e8c8e4d0f953d8471afa9f1ef,d6495345d8614ea1f130fb11541058059983cd9811140a7faf5c0606b5d9f0fb,1,1,1,0,51,117,0,False,0.1.0
6bw1,pdb_mmcif,d49f905c2c1ffdd0253b8c76f920846e4c3502ab567d29850d48da2224de1674,5f40f1a339952deb71618e280989cddecaaeaf92b81460f1bb7bc087f83256cd,1,1,1,0,51,117,0,False,0.1.0
6c59,pdb_mmcif,159499ff1d756a0b8f3153c18bf8b379de892ac39c34790d870f7fb084af7294,1be528c5047d7aa417bbae9aaa0ec9c4fe2e6f0ba9c14f4a14627b9e2bcadb36,1,1,1,0,5,12,4,False,0.1.0
6c8c,pdb_mmcif,e253abfa9d5af877fe118df76fb145ba77b4275c5336a7932aa2e1e1e6c7c5b5,6c8f17e2a43c49362ee1fd68b154333d6dbf984f13f43e5c9986b9f3fa3d44a4,1,1,1,0,10,5,29,False,0.1.0
6d7m,pdb_mmcif,e87ee2618b08e8c9530db1b2f246979bf043b0457bd367f4e49c4feaf59cfe27,c48dbd952205ed5eada186be6e65e59af5258ab755c4c5f4ffc9338a9f12ace4,1,1,1,0,3,86,130,False,0.1.0
6d7n,pdb_mmcif,680d98a301fbf8dc0968f5a161ba40c6e9150f0c66cca903df43e1fb7c9593f1,9e12fce1744fa2ef2ad200617ad36d9425cf283f7714dcf6ef12567ad47385fd,1,1,1,0,31,85,96,False,0.1.0
6i4d,pdb_mmcif,4b24ce4e3af3d99809bdc9a72a8e11c0153e7de759fc5b9eb92a5e669c62c949,f7408f11861db82f60f1a7bb4cacb90ff19cc0d13a935edef349644c2262a785,1,1,1,29,6,32,0,False,0.1.0
6i4e,pdb_mmcif,45eda29f3063a139bb151b6be7e6b4132aca73aee5889c2b52aa73195ffabf55,a95fd7d82cd3fa3efb6c7b2e70a46ddf71fc7e881b01aaee2b1300635e131c87,1,1,1,26,4,32,0,False,0.1.0
6i4f,pdb_mmcif,bf455f4b000ccf3c9f0efc022f115b8b4c81315e978753ba50a6fbe014ce369c,ac6a936472f9c247f1ede135aebcf11bd464f2a4344073d61b822332006fcb5b,1,1,1,31,5,31,0,False,0.1.0
6i4g,pdb_mmcif,beff6399bf25a91a17712db8c9886ca51a11dc8b9a3d0a6a4aba766e3904c896,93771fa3d884a3d504ca604bd5fed2d8da698fb51d8ea218dc8797f7f7e01a51,2,2,1,50,10,53,0,False,0.1.0
6i4h,pdb_mmcif,c2d21c2d366731eb6b70bb4becad07a9638c659b4b3253a064b60d973d2350eb,9c2856c0d0df54cb043aadd12675f2ab2d7a83775628ad5155ed6c652fe8f234,1,1,1,21,5,32,0,False,0.1.0
6i4i,pdb_mmcif,2beb4295d583e37b7b2f112b9c8cc43d8f90e5ea544e543b64a06c685a81d625,3318428768cda45d9d83a77b22a87091e6202d497a90c2638cc7fea6a1eba486,1,1,1,28,5,30,11,False,0.1.0
6i4j,pdb_mmcif,a0c6a37981b21bb31cdae708c7c5cf9a80c7c2e8b5bc746c0af325148815a395,a4238e0532bd07d7da04b172ca8ebce67f0d1eef34c47fc3f5137c0b279c6525,1,1,1,26,5,37,0,False,0.1.0
6i4k,pdb_mmcif,58bd268a40d37681cb51a48c68482ff67d54b8b81067b7103384439b4c15d646,7e81ad41b8546599d791fe54196187b7cc2029ce6e0ab11ec94a9475e362baed,1,1,1,21,5,21,0,False,0.1.0
6i4l,pdb_mmcif,94f92b40f8fa175dfdefed25d864c7dd534a5470b9f1e7b75b474c3e9ec6796b,bbb2241dc9a8c04eaa1afd8517115675eb138bfc362e32819c0d84304938d5bf,1,1,1,22,5,31,0,False,0.1.0
6i4m,pdb_mmcif,47f3c144e116042c8ce63133d79ba541ab7bd18f2add939503777b8ca985b66c,24591c66b6fa1783111c775b427859d964b587f0caf3c6b60486e4d1f8c46c39,1,1,1,22,5,20,0,False,0.1.0
6iu7,pdb_mmcif,67c4e36d7abddcbd3374d328920115a386ff6dcee89e93c5ce923e4a0f152a1a,b8389a5f82ca2826b43ad43bb695964fa3cd4d83cdc17c2bf08cf67c7d73061c,1,1,1,0,0,5,0,False,0.1.0
6iua,pdb_mmcif,1b8a2fce851220da1c478fe65b217525e858ca598f57d88f602ad5b4e867914e,a3a81954480969cdf440b904e89ff7b3f812053043c3494a305c3e3fa1f1ffe2,1,1,1,0,1,5,0,False,0.1.0
6iw8,pdb_mmcif,e106f18a45b1c61d64e67c4d6ead8bb3ab5f3f79e4be427bc4a8a82ea2d7b3ab,b00bcd90c0ff59020eae9b6d5a46ce97e84abb5436365463d3f271fc730fa310,1,1,1,0,9,39,0,False,0.1.0
6iwa,pdb_mmcif,840ab541ed25504594fa46db1bab4cbd32098c1b0f2b5a20418601624f833550,533dea86805c9a6fc8da63b85be30a4b252fc20742edfeb45391219d6eba6e46,1,1,1,2,4,6,0,False,0.1.0
6k06,pdb_mmcif,b6abaaa0b63302088b1ec3ac1e54c92043a9b421fc46f4a870e28e84acb8b4ac,c152dc57e2e351a97400ce2693eae8121d83e7ef355328a17100228ece1b8691,1,1,1,0,10,38,0,False,0.1.0
6l0u,pdb_mmcif,5f8b5f04295039e7450201b74ec9cf28e12daa9be7a4abb7a586f281d40bfd5f,dbe41dbdb2ee970bee7d5e2c40db56401cab643a4acdcdf66b6c6358bfcae170,1,1,1,12,0,2,8,False,0.1.0
6mjl,pdb_mmcif,44899f71c823540cdefe21eade26daa55be6d500f155f2d8e352dafc92c6ceee,e4d42c9ff22d2475f0454150d0e75fa5d213a4cf58fddf7ea03cd5886df05406,1,1,1,0,0,0,3,False,0.1.0
6p6a,pdb_mmcif,f04a7b2b65f85d364405c4520ef19eeec7b9f37fc7a9d70ec26c723380eba500,3f4f4e247ca6ff9135bc5315e3a188408903f0b1fcd5b37ff0572672ef78de3b,1,1,1,0,0,49,28,False,0.1.0
6p6e,pdb_mmcif,fa7c13bc2053d91bcffe63dbc849158b6413a02d450ce6fb8d3c9ef1e19719b9,10d2dc564237cf2598dcff8aab12526448db37f4b8dfc938d9649bfe0ca84e33,1,1,1,0,1,70,20,False,0.1.0
6u1y,pdb_mmcif,2d070e7cb744e195da2bbf0a35804107e8bcdc900b79454f63698800f60d2c6c,2f11324e1648e271cdec495e25d1f44b53b77cf6887c420268137e232b945271,1,1,1,42,63,230,0,False,0.1.0
6ukn,pdb_mmcif,a1ab0fe7dae22a353e7f904f911e65e91b8208cc28a8fcfa5d76b179d53d27d7,e932f2ba2f05cddc5ed2235cffe49cb4761796fba60e5c8c941e9bc4ff7969c4,1,1,1,14,9,556,4,False,0.1.0
6uko,pdb_mmcif,d0b20879961de6525f0410d2d7ed81cd6157b3624bb4264e9c25d1970cbd3ebe,daa2c392af127448a77f6210fd325bc49d0e6c769cb494fe3049fe4d6f6059bf,1,1,1,12,42,371,0,False,0.1.0
6ukp,pdb_mmcif,abae0ed6f92a8c730b80d950ca5c146ad6b8e5e83d9e8a76644c8f3fc0e7744b,980f5b4bdb4aeb8dfafb2a483c3d7270edb3d560369136e0c6c258fc2fbda9bc,1,1,1,0,63,420,7,False,0.1.0
6uks,pdb_mmcif,060756c1ac65ccd33a4e1713638c91442521e353af579417b443129add49c1ae,a6ab2cfff013c4e827cf4b9217ed32ddc2480a6ef068e6be1767aa4d83ee862e,1,1,1,21,63,455,0,False,0.1.0
6vgu,pdb_mmcif,cb4827c1fc35ac32a64bf212fa3d34a2015c4007c2e4967115e041dbb7c6b610,546413b091aa0eeb23bd8eff28a5b314b3b58de1cc7351bf9e46bff272592b3a,1,1,1,0,34,56,56,False,0.1.0
6w1s,pdb_mmcif,cb2f3b1989172dde5c49845ff1165f39a53e316cd0050f2c6658711893cd4a7c,7bd5a705f0af24a62ef8faad6c3eae4f2911ecab019ce6ed5a53b5956471d416,1,1,1,4,0,1379,10248,False,0.1.0
6wba,pdb_mmcif,00360aaada1c612f9941d6a1daf29affc9f94e556f3ffee0e665edce5e0a309d,d33a66841b226f0be57cda633cc4443adb907a682dfd962bd586bc36fc5467f4,1,1,1,0,2,37,18,False,0.1.0
6wbb,pdb_mmcif,518770ca5fd8871b728badbe7128cb925173c42d97800b86dfd92dca4795968b,8d01986c2385ac4014d284122d7708523889abd4ee56815ec89ea083255d3b7e,1,1,1,0,2,38,3,False,0.1.0
6wbc,pdb_mmcif,1b82dc78f0a527f93fc8f5480ebbac4e25fee7f3f5ce6a09e396b98517074cd9,96b89778c79dba6647febeb057fa652ee26f40cac3d5fd8fea0504fdbaa6a70a,1,1,1,0,1,35,26,False,0.1.0
6wf2,pdb_mmcif,64b703493d4b30dd5fef84d117373f02da0cd881d438b2b2e85187d73056095f,7c0a72e3c876e4a9ee74abe4af66a1e770e4e6fe6b98a7f167ad8fec30953ce8,2,2,1,18,14,45,0,False,0.1.0
6wx7,pdb_mmcif,097808b50f32e7a841810a86a7d8921bcf8458a0169c8db3d6de318b65120f46,6532934e5e7480c6adcdea932452390fab75bf4f9f048eb6898d7acce57143d3,1,1,1,0,51,161,0,False,0.1.0
6xnn,pdb_mmcif,267e08b3c01f53fb5870580b321bb6f7b9d9d72258cfef86d300ad245e872bfe,454ec3fdcbad94c55bbab03436f5cd0f7e914a35206275949e49aa8c842756f2,1,1,1,0,0,13,0,False,0.1.0
7aqk,pdb_mmcif,2d3b961398868a3e8400c0cd955c1e8578ae521f63a21c55b1619930fdc892ed,a53360113af16d5b90d316b4575a445235e326d578835c7c7771f480966fe8c0,1,1,1,0,0,127,23142,False,0.1.0
7bzz,pdb_mmcif,3e5d481147bd106a001725b6488abf57b999ac0c3d7fb030d039ca0babc29c9d,309bda6bdd1ecc387147d9240ea783ee665ad6f5c890715abff2aa1f69d84df8,2,2,1,45,14,8,12,False,0.1.0
7cso,pdb_mmcif,c1644ac6d8667eced033dd2cba7f915e74c75f09020da5f5d3a7bc7dcf225096,344943e47d65aa77d4b1c32a256f17f77f0434e6421028037dd0d8f980699285,4,4,1,0,24,100,111,False,0.1.0
7csp,pdb_mmcif,0d3a5db03e38937fd7b588cfc8a64ad15802128e4658c1a24d8393d7bc6f70d2,e4753ce77807b7e86bd5aa40423b7bc9b05195ac2aa9cd4608db45c5583d34ce,2,2,1,0,34,97,0,False,0.1.0
7csr,pdb_mmcif,c220b503cf3b9d0867b5561ac1d78116a733f025d5418ae2becbabffc128dc25,639e535f021d4d72848bae42edf67702579f54577706bb808bdc38b1bc08050f,3,3,1,0,21,102,153,False,0.1.0
7d1v,pdb_mmcif,90585be1ab6a9ed6190830536694163a8f71746b385e3007dc7990ab35cd6cfd,03bfb2acb51f526405426113a79f5ce41bfef56b6ff095e0e4a6dbde4bc31973,1,1,1,0,6,6,0,False,0.1.0
7d22,pdb_mmcif,e240e982ba999d75323dd77bb8ec9ad35304af97ea8ec188a08257aca244c1ea,aac73f22fcc75b5f78d74c736812fd38431f24cc8446600404e42fad8fe7e867,1,1,1,0,6,8,0,False,0.1.0
7d24,pdb_mmcif,c8e4664230b9180e88fc9e2c9e391f5982b072d13567d0f88017bb5337e3703e,e1e6c8d4b9511afdc313975536ef5ed2d71e7f1ce65db4220d50ff0488a729d6,1,1,1,0,6,6,0,False,0.1.0
7d25,pdb_mmcif,24d5aad681d54c072619237e43d1f90df6409179c2f1f570305858bbc61a1061,70ee49e8d5fcb84caf6d5a941701220267dd54d3062e5df4ae13b13eb85f01ca,1,1,1,0,6,6,0,False,0.1.0
7d26,pdb_mmcif,41b7e1e89cbbb64cb5b4b1c0338ac6bfc400eb76b934021d4610b14f4706715e,eac07eb663bbced924f8c0913e31894c6c8be9ccd4349fce5e45ff6f46288680,1,1,1,0,6,6,0,False,0.1.0
7ddx,pdb_mmcif,9bae8d4285f6c39d3167e347d7f0496396780bd87bb548b50edda11d06f3ec27,98b5da0a243103e30c6932e462e5bb9da91e9fadea00386e97e071abf576c1dd,1,1,1,0,11,41,42,False,0.1.0
7dg5,pdb_mmcif,fd18d4d1e3467837ea2f47a28d133b45a26db82e5003401d045f1adc517899d9,89510276931df7d946e541985225ba8af2c063631eef2d38b671564ce80954ad,2,2,1,0,2,118,80,False,0.1.0
7eeb,pdb_mmcif,ac86b992b45904b6c4df3def14e4ee0c1197e2ab03486c3cf0c4b9915630e202,291018cf2d9f8e03b8925f96609d3f71917359af8138dac965bba54c1444d75f,1,1,1,94,30,1852,1618,False,0.1.0
7jjm,pdb_mmcif,4b651b3112cc5b04613fdaccc960c03c5e50cda1781a53ec0d45b8d850236f71,992cc1caaaa6a4e3803dc3779824c9635269ac5faa34ec608a17d850be01fbb3,1,1,1,0,2,68,6,False,0.1.0
7jk7,pdb_mmcif,671379bed7c798929c3d3a2a07bce339dc9a51b7b4c7fa96a0ae26123d3809af,f99e9bc135421ae8771d84697f81c460ee06833883d469e2e4aa37608bbae4f4,1,1,1,0,3,62,16,False,0.1.0
7jvo,pdb_mmcif,7258102ab69a1f20f62d16eae0351cb659606149e7c75c13b8ae36e551089771,5029bdfbeace8d9b4ed79b893cedd005f1034fcbcee14056429270bc84616047,1,1,1,0,50,93,63,False,0.1.0
7l04,pdb_mmcif,7351932d9372e79b1a29a5758598b53786f36ca0af1147da4ca80215768c426f,907e9e7f58063a09fb259333643f6330838ee64b51a2dc2bff8b54750a2ef4fa,1,1,1,0,50,84,0,False,0.1.0
7leq,pdb_mmcif,5918a2412d8f7df78dfb0140625fd258d906b0f924d4a24f1c44d4ca176a8566,fbb11d93475723cb8cd1e95f0e71df7296a121f04b57d990b4ac3e5da07bd64e,1,1,1,0,0,12,15,False,0.1.0
7let,pdb_mmcif,363d5c940d3d2b1da9aca8f0653736807a04076df075e13ee98357dad7b96023,c64f13de56510621db141c6fc1743cb17d60e4bc2e1fdf0de90837c806118103,1,1,1,0,0,27,0,False,0.1.0
7leu,pdb_mmcif,3b632b4f96cc1cc1e177f25566f6b62fb546662e04648b116fb378b5332dc9bc,43990ca3cce748aa135696aadd193710e0cb8e0ef2a9f3362d6feee5ef783811,1,1,1,0,0,35,15,False,0.1.0
7m60,pdb_mmcif,74a84cd3bec31e6f6c78f34a48cc203a79f0517af355614936e77e8730cc0550,400984c8b5fd5075dfc54ab3caa0eaa1857a7894e6263972e801a7437f27fcc5,1,1,1,0,2,37,18,False,0.1.0
7p4t,pdb_mmcif,e87c447aa969ac1597dd30c487e3b7238e52cd45014346aaadf2963c2c85b616,6e48d7674f1fe5e794cf632c380e1bac7d790350f2e34805f38b52ba163f5d28,1,1,1,12,0,12,0,False,0.1.0
7pnt,pdb_mmcif,448cb09d84ea2418b16f17af9aa2e276198294a934ae0f1634038f4be72473c7,3fde09a5df9ae6d2c12fa06668317a31e4db3e3606fc16081ce5ad0481892037,1,1,1,836,1,1775,0,False,0.1.0
7pnu,pdb_mmcif,ff8bc0aee9e990306dd95e29a67c8703cdef6b59f53d6909ee757d1626c33476,238ea8ad4fe61aa3be8268ce35d0cacc1d729da75c828f4c9cd78810fff86476,1,1,1,917,1,1671,0,False,0.1.0
7pnv,pdb_mmcif,b7bc0445ac15b5e014bbf85e8500cc1e0a3b8cc1cc4e7ee479baab1c01c9f97b,210348b0cf376a593c85f79036c59a45362f0678c5856ba9f9d1a1c2cb34894a,1,1,1,995,1,1689,0,False,0.1.0
7pnw,pdb_mmcif,8b9290d5b7010111ffa8103047ab35cab5207c0e12a9ba70e12b3648c3062280,40c6f6dcaef64a79e98cde11b6944ae385724de51f1f60ca12a6e1cc661fe07d,1,1,1,1010,1,1445,0,False,0.1.0
7qzk,pdb_mmcif,e4d1bc42ba334e8c310ac136ce45915dba031f353fd7075106c9c7dfa675125a,24931ab3371c3853f41ff91216ad75660f8aabfed3cda409120291086bee5c2f,1,1,1,0,2,8,0,False,0.1.0
7qzs,pdb_mmcif,a59c12b266f85e7efa3e0cc6adbd46287471c3976afc0022e792fe075219b217,bd93c6d89e013a2ef222ed3021f81fc52101ccac25ef03e62f2f7f104e9856d9,1,1,1,0,2,10,0,False,0.1.0
7rfx,pdb_mmcif,099b792b592f67975389eadc713f4d370e86b68fbd9ebbb3734b37729604b4b4,4fa8922e6ae2e50e0fc3a326aa7284496ef75986584c6bbc6b36b7df1c75e541,1,1,1,0,50,87,0,False,0.1.0
7rfz,pdb_mmcif,5d0cb06fbf0084951dac1f7e0d0926469207bfa1848687465a95e86eca509882,f08bca8a9d5ac3fd734c479b986954f9630124c7bf557f98f0e24dccf2d716f1,1,1,1,0,50,87,0,False,0.1.0
7rg0,pdb_mmcif,a572c18358a1d0be09669acfd726db9f9609c7ce6b33805fee5f4f644043fa10,fb6520f9b027f5796d9b181056f22e21fbb48877ff146262029ea228c9d1247f,1,1,1,0,51,99,0,False,0.1.0
7rg1,pdb_mmcif,e78029be6ec804cbf523db6c662283ee9c45a2e3f4634ad76cc417de6e5fea37,e33829f67af40884fba3146cd6683c59a08458e5abefa9dd6d83bd128dabc2c4,1,1,1,0,51,87,0,False,0.1.0
7rg2,pdb_mmcif,afafc7046af69e45c28c9a0efe27336121cd9a90dae740bbd4bf6769094d684a,b07d0b5c24dd6fd772df8e1e8b563ca16b7e424dc142f6528b3fe9d0d3f602f9,1,1,1,0,51,95,0,False,0.1.0
7rg3,pdb_mmcif,e248a7dd9f3a40ab1fc7a7f670710d654ba184214005a63e46a93f49f9e3f690,a201ff1938fb8fe73bd329ba32515e26289ad2beec7f8ea013e43acb60f0bc59,1,1,1,0,52,114,0,False,0.1.0
7rg4,pdb_mmcif,c08caa92845f33666375a6e29a5bf3510fc3ced3d186cc72deb8e98a1f82360a,288431903b0828c39a2b8254234e81e47297e0c8a984ad756f7f7c1c82f4b5b7,1,1,1,0,50,116,0,False,0.1.0
7rg6,pdb_mmcif,1cf09181bb32ae80e8c31716c7ab5496652e4bc1a3e845da8a42ec75f3d6d553,57bef3f8ce8218bf52efcfc84da5c5c39d8e2c26b98bfcbb2886bbb6c9475580,1,1,1,0,50,113,0,False,0.1.0
7tmx,pdb_mmcif,706cda6916ebbe77071072977b7404154b4eee7489b3e5d9bcab7c07888b370d,b04f8eb36ab0b7145841b36a8157c3a71a5046badf249db642af6eb7cef82800,1,1,1,0,2,63,88,False,0.1.0
7tmy,pdb_mmcif,e0d879b83f1771e7367f0714fbbdf4d3c23ce12b65b2df0b8bb4f4bff10462ba,5170a4b466b61616ead74b208d655b918a572747a8a83657b730fc34bfc4ea93,1,1,1,0,0,35,133,False,0.1.0
7umi,pdb_mmcif,145fc3d0233949947437c16ed032ae0f5f7ccec5a1fba0efd406264ebd60c312,63aba2ed464588ec51cb4850d171c106d1d98548a9227867d33c937955a8eb5d,1,1,1,0,7,43,15,False,0.1.0
7v7l,pdb_mmcif,ab9ef86f79f4c7fa43619d3fc111c04464ef539392aa07019bb0d2a82b5df0ab,32de7e7ff0cfb847f9c5c687b57038492cce203f28966c3e3570df62624e6051,1,1,1,0,35,144,0,False,0.1.0
7v7w,pdb_mmcif,0dea3d40da399bf6104672731d7913df9931f53d3f5d2c41a48695b16ea37b76,095d577a7e9e7cdd0e9ba98793676c342a724454d67c9ce90f09eb5e78405a94,1,1,1,0,35,156,0,False,0.1.0
7xem,pdb_mmcif,bc9e329636aa8fdfe35f7077712863d2653ae3ec1648446aac5b2719d48d2cac,5646cd9b3dd1876baddb0e12a4c0b0a077c33af38a65f2fb80caa0b77cd83924,1,1,1,0,0,568,0,False,0.1.0
7xeo,pdb_mmcif,03844d03dd1646623e25df2e1f984fe9bcd4970252ba0fcb813996c8ca43b7e1,6da6be1232fccde7430061399e8dcd93ade4f4d451dabc25b775fd294cf48bbc,1,1,1,0,0,568,0,False,0.1.0
7xer,pdb_mmcif,8c20e1393984644be65a5ef32c58d437a674a310f5cf7e31f0698655de39fbd4,8e87e67439a896b05e1f6882a693a6a993ae741ae014188f9c330e1926610f1a,1,1,1,0,4,568,0,False,0.1.0
7xeu,pdb_mmcif,57214aaab87c93b3388f93a2f91983a99b94a80bda1221aee29381b66eb8a224,89e01a2a3215f450857e48b2def3aba80e30630c00864ba00ed298bb9cd3c0b9,1,1,1,0,0,568,0,False,0.1.0
7xev,pdb_mmcif,2fe864ac586b2d8d13468bd0c383cd8100388180f6dad538136628c1eb87ced3,12cb2cfd0745c3b401424fbcf0f32f6a09bfda3ab3c85039625ee1dda949103b,1,1,1,0,0,568,0,False,0.1.0
7xew,pdb_mmcif,c7d74b38e9ace986f3a0930693a2c16f571a055bb37de03bab330211755e210c,bec1aad695a96ea9dfdcb7e59e62355a5522f74bbad2d9e83a6f8764906e3c17,1,1,1,0,4,568,0,False,0.1.0
7yep,pdb_mmcif,ff57b99117a1c00b876c199def79f95c1b1aaac3dbccfcdee12fb2fd4ed2816d,9aeac21338135d052824a005ec0664156a0fad47a4fb4b2f16b82208788e625f,1,1,1,0,0,568,0,False,0.1.0
7ykf,pdb_mmcif,6d6105428b7e32772c4db44d018e4073e53e74523284ef6446d1f8210c9b1bfa,70dd8478fe8dc221937c1811e112f86aaceaa0f48565f2a535f416dff1e05357,2,2,1,4,8,103,106,False,0.1.0
7yob,pdb_mmcif,d69d6d40f99a6fd402d10f7f7edd3c2eef2e2166363f820519df4064766dc45c,dc7b690adc0ae019c45774ab3802a85c1bf49bcc39a6807ae3249484d9d67b60,2,2,1,0,48,106,263,False,0.1.0
7z0l,pdb_mmcif,077ddd2138333e6075fa8214e5ef254a5e069138cbb44ff820ca4d4e3540e64a,19d0033b131c63350846f16a3728695a91cc3dc996d08796c53221cf146f8ddf,1,1,1,12,87,137,0,False,0.1.0
7zg0,pdb_mmcif,6ae5a8acba3057a2af06bc9c3fb13bed69575bc4122f2238fec1a2c1b216d5a1,45d8d02266e5cbf046dd9b8e0c5b89ad9ea7fa93818f954340faba7409cc3c6f,1,1,1,22,172,414,14,False,0.1.0
7zl8,pdb_mmcif,56dde8769b795b5ecd3013c79f014b21c0e9b6ceffa66d8c714eabddc71cd781,3243b8f042e06e795f8e790f331926abb0c86650f8c9d9a4bc98bc18005e3391,2,2,1,0,48,40,288,False,0.1.0
7zlw,pdb_mmcif,507c60168ed86bca353e4a0814d48ce1294a703a66013d63230365bcce860576,392fb3d8053972fa0abe360d2729d2d78dabb2ee311a4d211c53b1e517274814,1,1,1,2,24,41,0,False,0.1.0
7ztk,pdb_mmcif,24d3e95b56b3f9f856a78ea7d4baf66cb902b9efe39f9a8774a4defc6fc53649,06ccc534f3b0ef1e0083572bf6528c761710a73a3a507ea1e209b1d9d4bd6dd7,1,1,1,0,24,24,42,False,0.1.0
8ca1,pdb_mmcif,c8331bdce5b7ab1ee1bf59076fd86d6cb545fb348a4e639c3cd0a6a4af2e4af0,d9c4d15986e580a8d501050e6706480c4fa79fdafeb70e479ef6f6009af36449,1,1,1,0,0,134,0,False,0.1.0
8e4c,pdb_mmcif,9c846d02994d3a91d39de06c7b15c2302955778b507085522a0d6954903d0f63,572990f4c1f0c9de3510596a96d9447cd9abee1a269439d4a948a86c90734549,1,1,1,13,107,635,41,False,0.1.0
8ech,pdb_mmcif,527c45c419f792f30e24b8ab5717a7cb7c38c7f323f3e592efb3f17fb3a04427,262a49d801dbbcb4ae2a1af93d0b7a99030e7882c76da744f88f6d37a9499e5f,1,1,1,0,51,95,0,False,0.1.0
8ema,pdb_mmcif,6b323d4f2307e71292ffbb46aa67107f9b7c0f31c6f28d0d7a0a8166a1ea47c1,5df52c3d0aeee79a2dbff75acb656a9d0bb50c7f6742391e8ea3979cc7d7da61,1,1,1,20,69,393,0,False,0.1.0
8f2q,pdb_mmcif,fa9c29af79b8ed868759db58cc1121a077432dec28da2f9874d3814211e0adb6,2b8e833fbcc8e949338c13d241f2ff31315f983630a0a6cc0ec0f1c8572850d3,1,1,1,0,50,93,0,False,0.1.0
8fk3,pdb_mmcif,d1e1b6baac8c15f797a7111e460618a7959d1d1241356fc6452dd5f88de20ebe,1fded296620b3e45d8f1f5fbe53c28c26c79d7f948cfda3c5ce6cb55cfdba0f4,1,1,1,0,50,109,94,False,0.1.0
8fua,pdb_mmcif,2fea42db4835062b348cd8299f6c2421e44f4bf0f01fcaa7d3cc52da0da6bdd8,1ff8e7799f2ba7e6eefbde8636b2d6821c6d6334db7bcfaa888291ed619339bb,1,1,1,0,50,114,95,False,0.1.0
8fuc,pdb_mmcif,1495889ac3d2f2427f4a1505612103053ee5c9758e35fcd553ecf351c174b4a8,a6f8065048f1c4ff12508821f621e0e350a79dc7200ae336c6ecc3af523416c4,1,1,1,0,50,97,0,False,0.1.0
8g4x,pdb_mmcif,c5c3dd8c8afd64e2649561f20ede0c17c565e08f1ffdb9490e5ee4059c116723,1310a698be89ae6236c5c7b1415933a4ddb754bbdcbd935f527d9f31f439c40e,1,1,1,39,0,986,40,False,0.1.0
8g5f,pdb_mmcif,b3114ce1fd7c756201591aa614fceb28e9b185659ce9e4ebaf25243555707542,ccb8e6c048c45ce6c355b945721eb20e266a1a99238858ff10d02a61e7c9cec1,1,1,1,30,0,993,36,False,0.1.0
8g5g,pdb_mmcif,161555154c4802ac512b8cc55cf73b4fd72fe04a135df4865a70338b88b3604f,200ef9b4d2d4cd153adfcedf8608c7ecde7ffcdff3eb87af435ebb5dfcbe1ad6,1,1,1,42,0,994,40,False,0.1.0
8g5h,pdb_mmcif,e0e11fa299c722d036de12d10ea32b5dfcafec063a56e3e9090e2986e01697f9,b6a7fbe9b2a3bb6757a6d413f0f3d0f52f399f944694e4ed269baf4071204485,1,1,1,43,0,994,36,False,0.1.0
8g7d,pdb_mmcif,c49d5e18220c9461f281463a4292ac1c6e3f55413ce8f7f44d29d1240dc5ccb4,227bbbcfc0d952d70afb98b31cbb9102fc0ef7dce6b5f82b9933848d83e0dcc3,1,1,1,10,68,664,166,False,0.1.0
8g7y,pdb_mmcif,fdef7e3045371aabd15dddaff59bc28d70afb284ee1ef0f9ae25a9aee2b358fd,d21b3cde58cba47352b44aefbfb789799e1c26982a7f93f1daf4cf57ceb80325,1,1,1,13,159,943,154,False,0.1.0
8g7z,pdb_mmcif,2c9cccd8dfe43033cf09e51bfb436b60758077ec4e6044939de2875ac31238d1,9ef0477cd779314922bd6bc89774bd5ea1bf57e3b235ab49327086802a8837c6,1,1,1,19,206,1253,124,False,0.1.0
8g80,pdb_mmcif,7e737481c7df43c95381b5771b5a1ff5a0c893a99ab185f3dfb6a4b432d3a6b7,84ed0385d809b25805a718e1f17bc53d108cc14af98e29dd7573381cb7c966a4,1,1,1,20,206,1255,137,False,0.1.0
8g81,pdb_mmcif,c94f3121be2fc52ef73bcc17d91c4793451cb0ebd4ae3d591e5eb04742d573f5,647758ea7929748a638225f70db673829a60a90700ec0eb477198ceb5120f1c3,1,1,1,18,206,1248,108,False,0.1.0
8g8q,pdb_mmcif,f3b9925985b7e542b65332630c155a7be99133bc1d08c06d54037f30bc0fb340,5ddd72564460d740bb66bb3915622945b6ff655b7db3cf79dd6a41aecdbd5056,1,1,1,0,50,97,0,False,0.1.0
8g8r,pdb_mmcif,05271ea6952288417436ac2e13b020418e3499750947a8d4bc4000c26de69f9f,5b063482f87ee6c97306da8a42379fb1106738f776ea026a25924bc388a52d22,1,1,1,0,50,99,0,False,0.1.0
8g8s,pdb_mmcif,ec1c958f7af748ca374fbd00228ec08ba0c590d51d75ffbdf052f09ea6afb9bc,f1ff2ccd0f11481384b246ef2b2944c3bfcf136d21d197f8eff96701be89af2f,1,1,1,0,50,102,0,False,0.1.0
8he0,pdb_mmcif,e8e7073ce8fa03a45779e66afc9f9d51f379bbea33087055fd7fb9da5e9a0c6c,9be60b7e0482956cb339410fb4d1106a68a196b008491456a65595463e0c1ed9,1,1,1,0,3,36,0,False,0.1.0
8he3,pdb_mmcif,c48c13732d2887516907e8d8716d8c77d9470dedc9bfbc99625f7a10d3530f6d,ae93a91155d3b85d662b6d7c5577b2a62ac414522080d775c62d089c747aa5ca,1,1,1,0,1,13,17,False,0.1.0
8i79,pdb_mmcif,c9e2c4061e78e110ca2bc7bdc54a6716043ee386cbd9fb8441025b03cc52687d,e10b921121cc2e727e9dd2194072323799ed7c1472bea39afce1528c34e7171d,1,1,1,0,100,1167,1792,False,0.1.0
8ixa,pdb_mmcif,31060067defbf3cc9153e148b19dfe35b39aa2ba6d2aef067e0f83bf3fbbb242,1c28e8d6b768472051c3171b2159a152b89b00a3ce9b7384cf14cb9f96d2da89,1,1,1,0,378,972,0,False,0.1.0
8ixb,pdb_mmcif,229f72b5bea67eefe1f08a1afe698e3351612eae041902d469a22aa487644ad7,08dbcc94beabd2a820eedb3f824fcea723392d4dcdd5800b8331e1a5613498ae,1,1,1,0,168,432,0,False,0.1.0
8ixd,pdb_mmcif,57803f11a92e2797e508a105d6fe8f15db550d1c057d8e1122493446065c1dbd,c47fd95e3e607b8ef5f137ef41c57de60fe6abe1670d6cbde8b79a60858accd4,1,1,1,0,378,954,0,False,0.1.0
8ixe,pdb_mmcif,b6c51bcd9e81ab16bd83a2e1e1f41c52de73aa99b032aa8c7df8eecc1ecf2e74,52b90f32f65631e463c09cbd9c388d5da2310f3f1fbce65929ae173c0a29eb9f,1,1,1,0,168,424,0,False,0.1.0
8ixf,pdb_mmcif,c8266e7011f646dc6d728f58e1957eee7b01dc9736d0f7b65811cd4bf7414238,d56b7c4a7452222857a5568f3d0df572eb88ad31c7d702405298a557b79b513c,1,1,1,0,378,945,0,False,0.1.0
8ixg,pdb_mmcif,41fada26c3d23c1b658c4255447fa0f5fd2e3002e9ca20f5ff156d866fcf38d5,aa0ba90866b36f4cae6f111fbefe16b675addd9c5518b1df15ee6b45a203e1f7,1,1,1,0,168,420,4,False,0.1.0
8kib,pdb_mmcif,276834d81d9b5f3e14c13a7f8c7a61804e2f595a55cf643176c5d4f9874da876,2686c19f96642af144efee8906c447bc92a09c4bfd2a23c95a0b00691ebf6328,2,2,1,0,0,11,45,False,0.1.0
8orx,pdb_mmcif,89415f91e774f31a8b8434a3a1eea647a9a084985f562d4cc32b0de79f64a8f2,535c8f2b2ddd7a5efd312386d826d937fc3b5abf88c719577f90bdd014859687,1,1,1,5,0,203,0,False,0.1.0
8ox3,pdb_mmcif,cbe7dd5695b840c2dba3c78f55aa54e1916c02196fb6d921d1a5a36c84c5cb69,976f367376519f200ae6e6e3f70b803d5d571555ddfea7f4050b05b67d168020,1,1,1,10,0,205,1,False,0.1.0
8q5r,pdb_mmcif,85222400bd950f8dfb33afa84e9ffd789c91b09d9901039c8f9111ab1fa68f1e,13dabd392a9d787424b123b243cde5fb1750c4a9cb2c871112f4236bdb815cb3,1,1,1,4,6,82,0,False,0.1.0
8q8k,pdb_mmcif,c36b40582c00cf9befc3dd27b0bd9ffaafafe601557446974d343a94a94367e4,1e306fb5d115af46ebcc48ee0689efc136332d49e3ee69110135760b21b3dc8c,2,2,1,2,100,196,267,False,0.1.0
8qxw,pdb_mmcif,5a69adc03c125ab1943577ab1985ccd7ec98084d47a6283b332c7b18ff6de59e,05e256489d875283a054d4c0826d284c73528017a55f2a3aeb9fc2d2549110b9,1,1,1,0,50,101,0,False,0.1.0
8qxx,pdb_mmcif,717df426fec25c0d03ba8c75c0715ec5fdfe5022eac5e670812d7457aa49ab48,ce0561f57c6432dd66912a313e141053ee18c93d8a1f5b78128b3422c9a82583,1,1,1,2,50,95,0,False,0.1.0
8rex,pdb_mmcif,b67711f1738b54098e7d2a3d1a90605d8f5369bff738b0488a0a08d0bb243b11,70f0e423530405b8cd8363c848f6ac66a5c90e2ec229233155df287b6167e511,1,1,1,23,46,1613,76,False,0.1.0
8sg7,pdb_mmcif,a948f689383b250e0a8ee90941f0a792d4e083af9954ab1870e6ad55691f28cd,51a0d74ed330962a6db0ee0a950134250476ea9796a4625ab74009a72681c324,1,1,1,0,50,120,70,False,0.1.0
8sud,pdb_mmcif,c374615b7e868f4689a35c7ea1b8dc1cb4dfdb0a02bf006a833db3398737e327,d47d6e9d6b2d3aac0c0d9c75acc2b7dcb784306ec3d079de3f41d7db89fe91f9,1,1,1,0,50,100,0,False,0.1.0
8sv0,pdb_mmcif,ca761c10e9600b76461e3c268a1e0f04016ecf44e91175bcdf0345dfdf169659,e5e0b584726ef5ea90d51b9929a59dff20777b7734ee0d577cad384845455ba9,1,1,1,0,50,87,4,False,0.1.0
8t14,pdb_mmcif,3de5240bcf6e7398241d4224f84458dd74e2a896b412aa9000899b764f539adf,472d53f359b6eb5c35441ff74562debc435a937badc3bdb4c10d201822517417,1,1,1,0,42,154,0,False,0.1.0
8t1i,pdb_mmcif,73f175528853c52b6504c6d9efa66752b2167d8e298f06e367f704ec92a91c9f,eb7944622a6249c4dda4b77e576e972370e4330c73641e3b1acec4ddc110c1c3,1,1,1,3,0,4542,13076,False,0.1.0
8t1l,pdb_mmcif,98c47b2cf40cff88ea2abbe888b35556e1a3878ffd96b378abd97fa0a877665c,b95dfd36fd95fbf0353d1a2c387e255d87d3c9f68229a70f55555922b3b5a7b3,1,1,1,3,0,5919,12950,False,0.1.0
8t5u,pdb_mmcif,fd849c4285891fcdd4e3173ccb6df6eb8d8d6604fc9aafeba681d68d7a28fcb9,4491ac72d3d2a0c7fc502676e0c02de5c36bff78ba0d832ad51b6a3debdb22b9,1,1,1,21,63,469,14,False,0.1.0
8t7u,pdb_mmcif,cfed3b88fad3bcc8a5b7f23796837ae33093d060f87711cd6d0060546c2eb51c,ee62f493aa3b9fb60a954195e4658a5d80b61830196b5e708571652a98f67f37,1,1,1,0,42,147,0,False,0.1.0
8tby,pdb_mmcif,15ac1774b2e984e9690dc909baaacb3b8f0ee09c38c82abd1c474c0c8a3351c6,2b6eeb65f3e8309cee0d456cb7db1fcdee04a5d1597431c6a42703edead15f07,1,1,1,0,42,350,0,False,0.1.0
8ti0,pdb_mmcif,cd2bb6c25c8a83dd379c7f21ce3e0e82edb1373196337a2f4ffe58936a93ccdd,b3d4a84c1901268e05afccacfc81770f3b945f023deee0058c81266dbb3fced6,1,1,1,21,42,448,14,False,0.1.0
8tp1,pdb_mmcif,7e4dbf6ec095803064d6954fd346a131e4ae1b172b4d65cc0cb50e2790705a1a,529107e8720ade9980cea5bbcb72ce4deba237c127b326ce2df097a0450110c4,1,1,1,28,63,56,0,False,0.1.0
8tpl,pdb_mmcif,7b49e3f5ef638d22014e15110b9ef50dac5534d8dd17fbe7c60d095549e077a9,73f5ce3293b7604dfeee9970efa8e069e3dac178e6b4b5c6398a54da51d526da,1,1,1,44,63,56,0,False,0.1.0
8tuq,pdb_mmcif,8e888c107c9d1465cd0ad149e8dc6c140f6859c294a32a2f46cf7713db2e925a,1f768cce7dd6e3717a4b01362f696edc3112799d1b4fea9f704d8bbd94958d36,1,1,1,0,50,84,0,False,0.1.0
8tur,pdb_mmcif,1696ef74b9fcb47ce46db195a00fdececccb4c695fe250ce70c8dc7a34dc977e,1c3ba695034820eef70a2696b82ef24371fb42d8fab032154416911337fe47ef,1,1,1,0,50,102,0,False,0.1.0
8tus,pdb_mmcif,24adb864f51e3a0e50fe281cca4d994a918dd7e97adf6f75e99e4d0d2af4449a,7498964f8e89a5410584021426536834a60d1696119cade009af6078f3e0f09c,1,1,1,0,50,98,0,False,0.1.0
8tut,pdb_mmcif,6a722dd478a9ee74999bd8d4ee5de9b1c07c6bff0e27f105e3b4cbc3087b35b8,aec1351445496c7a095dd27133c6ce1162e1166fc39a86e5f6e9c5168224c8ba,1,1,1,0,50,85,12,False,0.1.0
8tuu,pdb_mmcif,cb2dab15c4fbec223e75653e6089ac4d31bed20239bd9b3fdc0d813bf772fada,c51c7ae588ee0886b5b11db4f0b0af0f03dfdb0df4e331e1a60b1946a1d08c4e,1,1,1,0,50,95,0,False,0.1.0
8tuv,pdb_mmcif,51f5a3642cedc7a1cb6ca895546b6560bd69dacbc52f0fe8248c15cd161d3c06,8c4df92e5235f43dc32890adb17c97800d03ebf72725a0c1fa8fbe394cbc79e8,1,1,1,0,50,212,0,False,0.1.0
8u36,pdb_mmcif,cfec56557339287980e387430139b47d03c87a2992847f9356f5d6bc3b551e7c,f9a18b7e16f0bd29870246df9150e4b8201a851171d4e4b7966fe2e8ede05d91,1,1,1,0,50,94,32,False,0.1.0
8v57,pdb_mmcif,61434f4d6fa218ab4a497bca2c2088cfb940ff7541e0c2360484a871ae88db75,c38a0d3a0f33052bcbabe000fa8a4ff8e2b635e2d610faee2db22f8a21f8f8d1,1,1,1,13,0,14,196,False,0.1.0
8vpr,pdb_mmcif,545f95a5ee4f30a845a68759e62b769b41e786997a48a7a8745805df5e1c18a0,3156a5346e54225b8bd586280fbdebfd2357bc3d092bf2eb8ff75c3f88881735,1,1,1,0,50,99,12,False,0.1.0
8vpu,pdb_mmcif,2a4d0bdd534cb3f4c4248c81e69c41f8073c24f479e2524a9ee359fdc3f81a37,7c922830f19639af50e275fd68f65938a2002497ab924f79698ae81ad3b049c1,1,1,1,0,50,111,0,False,0.1.0
8w49,pdb_mmcif,bada805f0420c4c44bc7effb6b5aaa315299b2ecbae23c3a38f0496510cd94db,5c0cbd920cc19deb48bf4a2c32b950f26799a86c524b291ce65201d763db72e1,2,2,1,23,0,11,51,False,0.1.0
8ypk,pdb_mmcif,1987375797c993dc5b5810c2ac87c1c079e7280f4606ebd895ecd35d3ed8e488,a9c23d4e37f99eb9ca3771060ec9de04017ab2108839a5169f958fc74a055e31,1,1,1,4,0,440,8,False,0.1.0
8yvp,pdb_mmcif,b93936039629ef4a8733ab4681f27881038670e3dd4b0572c9ded46c1afac83e,3edc9415490f0b1b2e89bb6add0f2417412511c23e05b4c00e474d42f696ec28,1,1,1,6,0,438,8,False,0.1.0
9cft,pdb_mmcif,0e7447c16d7dcb227f3f78d426be3acc45b2395b695606183ab76884def541ed,9fec17a9adfdf3186a2cda778e5f4858fa55008a0792b723dc657850d6c577c0,1,1,1,0,50,128,0,False,0.1.0
9cl8,pdb_mmcif,756ffb40a9e7445a7c3804da61243eb708f1ae757c1e3770ee88edc9da4d8980,e9d0954f24bb59d8000ded0d21b13c61b219b33e581e96f783c042170b068936,1,1,1,0,50,93,0,False,0.1.0
9cle,pdb_mmcif,677d4fdcc825e9a51baea73d5b176bef29b9c5a25a30ca22b84f68452906d341,b9ef32b54d11fd350171483f44fcadf044fe4c0d6faedfd8cb9ea3961a8b390e,1,1,1,0,50,89,0,False,0.1.0
9clf,pdb_mmcif,85843df4d098e435c9e118e73b0b2e002e66349f40c354cebf8cb6a411296987,870860e71e34ebb85868b8c1ec194be527cced0694339af4674042c35f597027,1,1,1,0,50,88,0,False,0.1.0
9clg,pdb_mmcif,5fa60c6878ec398a6eab8448abbf5fe6be120a8fc96bc75ab149203673b93176,627de10f75c30e934f3979f246f34e632d7872b388168a81e240e0bcfdb703bd,1,1,1,0,50,88,0,False,0.1.0
9e9c,pdb_mmcif,835174b73e545834e529d26e9b998d9e3ad91383224efed069e601d2b093e743,59012347804532b877f41b5320424796ed78f1cd5d2be5aed858cd5a96884c0a,1,1,1,1257,0,3143,11,False,0.1.0
9ert,pdb_mmcif,3f905c757a3ba13b17486571bc2b72326b281373409df04f21d1b16730caeb61,b80390eb3edcc5ec2947d4d1e7dd67e3aec68d28bee344f544c5d3cc4b0cd501,1,1,1,2,0,10,0,False,0.1.0
9eru,pdb_mmcif,9c0a345590c3dde145fe9b49404f9a0aacf86e7e37a48b8fe9284079ed07befe,df643884278ed5f5e832bb8aa2317d79e2858e2b72a53599efcffb1358ba9955,4,4,1,4,0,53,0,False,0.1.0
9erw,pdb_mmcif,fba56ba9a4d226d43775079292e6ddde18f0eb3f4d4d41e10358aad888b3eec0,7f6f4c6bb9e35fbf051dec925ab6e8b18af6b20862f1e05aa67878425d897abb,1,1,1,2,0,14,0,False,0.1.0
9etj,pdb_mmcif,671a9ee9fcdfe497f856e8d8d322cc4a6821c11a0bc0946b8a699cd72802cec0,2018c7b7936911f5039b3d4e41372f4df60f170106457cc573075c84a1d8e2e8,4,4,1,27,0,52,0,False,0.1.0
9etl,pdb_mmcif,d4a7f798806e0331ece9ee64547f1da2c8dc44640c72d1138b8dd3e3cd9bc305,a05bae9d93c1473710062649a5b5bbc22a0943e0387afa67b882697a94d7d0f7,2,2,1,2,2,28,1,False,0.1.0
9hcf,pdb_mmcif,82c48199fedb9b11f3f6243e3c42532edae75910256f554caeb5b7070365d5ce,3a6a1c646b222aa0dfe1955a1e1a8e87455e0a756c223e06912842f0ba4978b9,1,1,1,1312,3,3164,11,False,0.1.0
9hcg,pdb_mmcif,9977f04f348db2caa0d2680ebe3fdd2a052c692b9f28caf24706effc40861dcb,2df9805f058cb8112b04348a00c955768465aa8710f9704c2f760bfbfe0c9d5a,1,1,1,1302,0,1294,1,False,0.1.0
9hch,pdb_mmcif,503b2025fee6692c75c94dfb8ebeb6024a338e7c34d13c10fba12bc8b9a6971a,d0e9e0f4af7e3b9ab1d18d5640dfaecde2f4cf6b94f6a096f50bea3b04ac6f62,1,1,1,1333,0,3008,1,False,0.1.0
9ijj,pdb_mmcif,6d66db8ea11d5b13f1a60fd57561701018860b27f105ab5dd00cc2ceb78a8426,6a4e66b13407ed25b26d9412bb2e9f85bf5e327790f72a375b7ba87f9c34c2c5,1,1,1,9,0,49007,243,False,0.1.0
9kmi,pdb_mmcif,5d586185e2b7c18211d1850df230182955b8bbc45bd247f5dc5023313a4a97a4,f54edcc98bf66e19c8ab83d5f6a684b013e0a31c646ed95aa16abd06ca0958f0,1,1,1,13,8,83,0,False,0.1.0
9kv6,pdb_mmcif,134d9c57d825f7116db296ca9e2c2e6fd8fac7e1524ccef5f64ebde232229a1c,40f0ef1aaffdd556af6f137969473fba6534fb9dacbe5b4e4cf32a6c3551fca2,1,1,1,3,75,347,627,False,0.1.0
9kyo,pdb_mmcif,742a819c01ff1d127aea7d55f275f630004aa45759a9a73a04640d6e75419d55,81463cf3f892780f913b74aabe98a907fa69dacb5e1abacde7640b1a728641ff,1,1,1,12,8,82,0,False,0.1.0
9ltf,pdb_mmcif,c35d20786bbd3ea2308035d3b4dbdbfca9f77b2a1e6a3d87b00ffcc76699041f,a1a6508b51c649166d3289f06e6e014bcdbc66223b4eb0b78479eaf6689839ec,1,1,2,0,1,11,0,False,0.1.0
9lwo,pdb_mmcif,9711bf225be09ab3af272a7c0c79d787bf651631238a406f0e8c10625c5a7df3,a0df90a36a1c169222a4f739238884df6f5e26e880f6666dffe9cc65dea05076,1,1,1,0,0,211,0,False,0.1.0
9mik,pdb_mmcif,5bfb3853aa5c36d8b78a3b0761c4045266fc93e8c6ccdd9afc75bf2148ea646f,1ca802bba751896c9ddf3cac923b193011bbca3c16fb04dfe32eb164a66e9fe0,1,1,1,0,50,100,3,False,0.1.0
9mka,pdb_mmcif,f6d3963b4fc865d5c58fe8fd8a04cbb74b0ce64aa0bba38debabb43bde2ee17b,52be3324418937e8048e56605ec78a9e34cb769fa67c226d2a83c6a00e5a7d60,1,1,1,0,0,12,4,False,0.1.0
9n54,pdb_mmcif,df7920035b389cfbb5e37c0a80d8f3ee7f80c083f958b4cc458c97a8e0aedb4a,e9976880f1682f59c26c96b7810df2b878d680056facce5f798eac2fedc0e58f,1,1,1,0,50,94,6,False,0.1.0
9nib,pdb_mmcif,23baf999da3f6bb80914110582210cbdea869c42e35503301948b5da7e247c8e,ec1f531cac19a8419d0ebded0567af56e30ff9899a9f87b07afd9a53a1a9be4d,1,1,1,0,66,98,0,False,0.1.0
9nz1,pdb_mmcif,c02e76db39afd5ac85df5ee582f29ffd56dd9f74331bdc9bd3e7c73d6a412562,c1a11a414a3785978eb09a551165b6b70792d0885c0089b2aa394030630fadc4,1,1,1,0,50,128,0,False,0.1.0
9ovz,pdb_mmcif,0a860b2658a9ae89fb980c39707c72db2924ab5a87c0e761510c83ad89858a69,3501b85c52202ce1231dd2a3d72f2a3a0cb278d07ecc6b89b3be41474c5f514b,1,1,1,0,50,96,0,False,0.1.0
9pyr,pdb_mmcif,f0cbf28489bff3e3331c47e063e859f062ae011c594d8873e2c3d6a6eb3d8181,e266c4259208a9f6041b4019704b9b41720ca26818a8fa92b5e6bbb48c342351,1,1,1,0,50,90,0,False,0.1.0
9sfp,pdb_mmcif,f0a3a78c130752d6302ddca803cc88fb95659e263a04e8bfe7d1bae21d6a5a73,b5fe28fa7b11c1d96f466d204665d932c06a0089f12cf0bd7683d305901b7caf,1,1,2,0,0,2163,0,False,0.1.0
9t63,pdb_mmcif,e2f7b80f2cdb364124c04cd8699126a3b5aba5ca7a315895c28df25767335802,40ec3265e421e97d7bc08cbde488912b0e84da4365274ac698ffe0f356b167d2,1,1,1,0,0,1720,43653,False,0.1.0
9t64,pdb_mmcif,9c3ed55cdc41163a353e9387c6890bb85b7661dbade2942e78bb7449e8aabcf3,caca52037efd98278b0c9987fb913c034ec3f4c0628100ae84a911cbf1cd8af1,1,1,1,0,0,3669,103688,False,0.1.0
9t67,pdb_mmcif,1eb99e08e057fff430ded142cbbe2052bf83598b038821004a29b1493b1e4204,8f7fd1709ff2bd494929a6fcd2c4fb52ae9176690f2ed3ea1e6b81cf0c71add2,1,1,1,0,0,3675,103870,False,0.1.0
9t68,pdb_mmcif,784e05d2da4f3518d37925b4c09f6a50d487c3b2b833c0c654d528d54e3897c0,d0a5d7e0f726333d5c8ace19a1b2f8d5ac8f3f3f147b52cb64de81e9802dd56e,1,1,1,0,0,6915,149674,False,0.1.0
9ubw,pdb_mmcif,070c45eb8d6e394466067bc5a20c06a2deacbbbc69d864bbd4b7a85a43339682,70861e4f86deefc618bf6dff96c9b7f0cc845ae6c3a993c3849659dbdc702e45,1,1,1,165,48,88,2170,False,0.1.0
9ubx,pdb_mmcif,e91a330420432d7b049f760bb763c557c52256b6c44784374eb95cf8125b1264,719a3427061cc6c398d578d1256153b45ef5a455ed14edd5d1206c3524fd2aa5,1,1,1,246,72,132,3255,False,0.1.0
9w2m,pdb_mmcif,513bf717942ef33d188d54a9fde7cc06697ebeca7668df87dba403ec5ebb12a6,e18fb4a08c08c66f85dbc71e9b23f9c24fdeb026125d194c514944937fbd8c5a,1,1,1,34,0,2758,196,False,0.1.0
9xrl,pdb_mmcif,976888a4d7af3b47e52fa937f5f0e5c484cfa40dde0f926ef38e29c0a6c59e44,4e00c3b3d071d6229b40aaffdf4d876867ec27a593f9d8e45782d9a54159aac8,1,1,1,61,0,6221,2690,False,0.1.0
9y0r,pdb_mmcif,17768f74dc4aa70218d36b349a94dbb0f498f67d0d931283ad32a0926bc8ae4b,b6f0c794d1eea15368df3fe51124b807596bdb9c0b5665f17b8d5ad91f4e0822,1,1,1,0,50,103,0,False,0.1.0
9y7k,pdb_mmcif,79a39e3f98bcbae094905fe83f1afe330896ecdb47e33575aec9bb03c531011d,edd4a09dda90c7a1de09c5dc1ed2c041334de5d8994741a9de37d97b719e9b3c,1,1,1,0,50,101,0,False,0.1.0
9yj4,pdb_mmcif,d9dd33ffcab85a0ff0c1e55776b77a167668a0e351a7cea387c9c4a3ad7dfba9,09c303b479de00f7295e98722850d4bb8d69fa1b50a80efe6a4b97220a0a6eb0,2,2,1,24,2,10,0,False,0.1.0
9ytz,pdb_mmcif,89af4c949aa9c116043ed6b6ec01c117cb8a5933f486031d4719e3b8c134fe89,e6d3350e19ea4306101fdb3e3d34f90f5146dd40492ef9d0c669a50581cc53f4,1,1,1,0,50,100,0,False,0.1.0
9yy4,pdb_mmcif,cc9c16b6ecc75c85f204f26a156897845c757f9cf2196d83cec3b1e1ca2443fe,8c018094da9b5f065a4118ddc3037692b9b186b59d414dbfe45f840ea0e42f56,1,1,1,0,50,95,0,False,0.1.0
AF-A0A087WRH0-F1,alphafold_mmcif,90ef66827672a73a603201189de08da082b8c21bce02307300a4d4cee70f0aa6,7cc16ce3c7c78032f9647c805667bc371ac3d8af66e62a6cab0e8cc9ded82d3c,0,0,0,0,0,0,0,False,0.1.0
AF-A0A087WRT7-F1,alphafold_mmcif,86a68e048ff73f02bdceda68d9fe588abc393d67d2e5a08a3f20d3997afe9b18,6de3d37aa3719af961a8ccc69a58eac55057032fa5e078a0772a4899e7aea64c,0,0,0,0,0,0,0,False,0.1.0
AF-A0A0G2JDS2-F1,alphafold_mmcif,8a2d64e9ecdc0403375a2053e8e65122f120c3d2f142c99d79ed85485fcf517c,71be64c6f911fa22eeea53479dc1ce8374ea5b07fa9feac3be4ecd77cbd742ac,0,0,0,0,0,0,0,False,0.1.0
AF-A0A0R4J086-F1,alphafold_mmcif,3963bc730346e591ab3e07ec6ecc5f0635a2120343a68a7a1ec35d7d3f9ad151,4ca591f718b8b1d66ce74b57505d4b2cadefff60d546f9be336309be28711f18,0,0,0,0,0,0,0,False,0.1.0
AF-A0A0R4J0H9-F1,alphafold_mmcif,df1c7399d3d4835f5db2162f85704722b1c7afca245f9626f7194c278685b5fe,df34c9852dba8d3e4a6cb0d75e4f354dee35515cc5085eab93615f6facf02138,0,0,0,0,0,0,0,False,0.1.0
AF-A0A0R4J0Y2-F1,alphafold_mmcif,fd9c2be4dd857c01a7661357ce414af38edae5017a8bd93a10c7fcb792bc7b0e,7018b7750893ffae67b7612c870fe4ea5a8a6ad2ce49db44ed9675229093e558,0,0,0,0,0,0,0,False,0.1.0
AF-A0A0R4J1Z0-F1,alphafold_mmcif,4a55e440d4ca851f019f345b33b46a10b52047a709e772530658fb9a45d34bc4,cdfc45f98778514b81ecd68c74d9cfbd475f226bfdb7e5101f5a303538227776,0,0,0,0,0,0,0,False,0.1.0
AF-A0A140T8U8-F1,alphafold_mmcif,68e09726ffce8fdb6e2032ce7c09b660a951a2b7f04038e7e77aa13b2f2f65a2,32ed6ce570e4c40030484905ec29435311e9cb26ca2c059c7c02d4f867f0e0a3,0,0,0,0,0,0,0,False,0.1.0
AF-A0A1B0GQY9-F1,alphafold_mmcif,4ab9ec38bca826f0cd6af2c82d992bd24d09cfaa8741ca1e9f25319f7733a751,26aceb09aa8d1288979000473b5e157e0df313882d8bb194d90723aded4f7ed9,0,0,0,0,0,0,0,False,0.1.0
AF-A0A1B0GST9-F1,alphafold_mmcif,7aea636614f0cc2e653cad2ccbabcae52132a64aeb48e6bd50d26ff879e821c7,f27695d3376759cc7ed4e12b85804548b4bf2ef610f11ef72852d845f1dacda6,0,0,0,0,0,0,0,False,0.1.0
AF-A0A1B0GSZ0-F1,alphafold_mmcif,9d5192cf53295e9981434212da2163de595f6cdfadecbfcaca78779a609d93f0,52ed8c63bce5ea25882900fdc50bf57f1d0679c7c50fab7f90d50d3c7ad3ff27,0,0,0,0,0,0,0,False,0.1.0
AF-A0A1D5RLX6-F1,alphafold_mmcif,5bfc90d223a41018e4fb6610b14f32418562ff7afec087835b3d79e67b6a0bf5,2a0460cfe64b515d32d1870e9eb9e5abedb42974755e00c8ae745fbc236f03f5,0,0,0,0,0,0,0,False,0.1.0
AF-A0A1W2P7H6-F1,alphafold_mmcif,fe973aa47741fbb276d4a807bfac2673048d7f12f211f408506a005ac506399d,0481325c94962673c24682a4e8838cd2e4501513c3430cbdae5a13dba2cc3433,0,0,0,0,0,0,0,False,0.1.0
AF-A2A6T1-F1,alphafold_mmcif,e21f285fa8419a515b22621ec353df71aaac3e35ba6e848f6877ee827b3df904,a1adf5f5ee9daa0b6a0e28731878b84258fecce5db6d5e6c155718344fb25ade,0,0,0,0,0,0,0,False,0.1.0
AF-A2A716-F1,alphafold_mmcif,906dd735c17e4a2aa57b60c43ed7797edbffe3bc2bc557654b7529ca994dbc35,e9d0c8024e604683539d9f82f98b1e6c472ed0875f6708f09c67583cf27268cd,0,0,0,0,0,0,0,False,0.1.0
AF-A2A7F4-F1,alphafold_mmcif,1cab0a969cd8729e5221ba9b2eb0d34fab7699c1fb5e0dd950465ca867873c7e,ccd2b8c509ad2c0207ecfd8bb2eeabef4ea22ce879fe27eb9c89b2fee3620386,0,0,0,0,0,0,0,False,0.1.0
AF-A2A863-F1,alphafold_mmcif,0a86f6a5e1217d8ca5e1fe04366480fad0edb44e8a6b8faed1d4935bc7165eae,8a17998be43b934c2caa57f0743fea7bc3d84481385226cb7fd8f5d2bf8cf6a4,0,0,0,0,0,0,0,False,0.1.0
AF-A2AAY5-F1,alphafold_mmcif,ce897fd89080ae2b2036912799bd0ff1d54d720ff4855633ad24e491b5f4ba28,9bc5cec3817ad57948bc2f3a5c9b84b322687a76649007db01ac239e0de4d92a,0,0,0,0,0,0,0,False,0.1.0
AF-A2AHD1-F1,alphafold_mmcif,8a8a60cea88184d35c18d4619f4ab8ebd709081a5f176f604cee15e7907f7dc6,fc30dcef96c56a6a3966fc36d2d9ad0c482c141d19a9e29ab0fec35201359ed6,0,0,0,0,0,0,0,False,0.1.0
AF-A2AIG8-F1,alphafold_mmcif,255a2e3d31b2ee37ec796eadc8f4711481a434ffd8ffb47abaca66e7e28f3127,93c17ca2012badaab0f0fca113ab3ebb938244d98216bd272290eee33661b091,0,0,0,0,0,0,0,False,0.1.0
AF-A2AJ88-F1,alphafold_mmcif,43c3c456f4212be01992f42259f95d3aada2872dd23ddd8401a5570077d4733d,29a47b859085da597f4da7077d67f2e278a4c1c1a6f0f79f809d8f4aa732647a,0,0,0,0,0,0,0,False,0.1.0
AF-A2AJT4-F1,alphafold_mmcif,d930955cade56f4f962c3741ed17947fb4d743fcbbbebb41bbfaabf98ad0b2d7,5acdd6688028bd576e3e6733792b1cfba1add524bcdc216b7bc15ff104de7e94,0,0,0,0,0,0,0,False,0.1.0
AF-A2AM80-F1,alphafold_mmcif,3db01be1adce0511b0a653ec8fb93292fec16f0f6412a79584e7ee8dd0070dcc,000d831d1062e0ca8bb51b8ebac91149b4f4287c11d8b1a4d991c1c31ddd34ca,0,0,0,0,0,0,0,False,0.1.0
AF-A2AS55-F1,alphafold_mmcif,2f87fe6ac569ccc4e3480de1f870869c48647a354010eec5e103111dcae77036,4fcceee099ce922b61677b768752ccc5d8b6384ef629953499b8b9cb01253e09,0,0,0,0,0,0,0,False,0.1.0
AF-A2AW67-F1,alphafold_mmcif,60b6550169e294abe7dfaf026b343b84fed09b766c3660f5d3eaa90fd2e3cf9d,940d6f1f4fde10ceff366a65dd3291d3673daad6d5cf365c0d5a4844a784c189,0,0,0,0,0,0,0,False,0.1.0
AF-A2BDX4-F1,alphafold_mmcif,305d34b6f8ab9456d08b3b80bc63841fba832415f664705b488dbf01d39673b4,5958c8522d496a76b1d855a8a37872d860f6402a0eb0d904353c32d84d10f913,0,0,0,0,0,0,0,False,0.1.0
AF-A2BI40-F1,alphafold_mmcif,450394011420752e5a8ddf4f16dcc2741d18c179b9615f5998aab4b51f3baa8b,06410bc183fa0889bb6017b683847c19fe5df85b609ecca21a01fa362f60213d,0,0,0,0,0,0,0,False,0.1.0
AF-A2CI98-F1,alphafold_mmcif,047967fbc91a2ae4f4bd96e4c88d786fb69ba07d756fccf948cccfcbd42c4a91,55f19c78094df51a19f0ce7e164b0051c55ca431a8e8edc5c9794d3c9a995bc0,0,0,0,0,0,0,0,False,0.1.0
AF-A2RSY1-F1,alphafold_mmcif,c1564201368fa53d6242fd928e65af66365cbdd97782910ed841804bec7967c9,61a4f7abb1b02e3213fab090f67f6720fa7fb85b1765d484a1f63821a3d2b0f6,0,0,0,0,0,0,0,False,0.1.0
AF-B1ARV3-F1,alphafold_mmcif,d6bb1dbe0716234b1c7b4dc3901cf9fb71afcc794194cf7ea27d0ca0b71ea06e,722f569624950e4f24e802f6e6503d1345764514a82d29e7776ac660f2b58f83,0,0,0,0,0,0,0,False,0.1.0
AF-B1AT66-F1,alphafold_mmcif,86cd473f23dba2235ee5b5031b51bc6dda643db6021aaccb4671a9ae9b3f5c09,1f2cbd41bf7609ffdc478b7fa42163e5c21f8753fc6ea87f5b1fafd28a236c59,0,0,0,0,0,0,0,False,0.1.0
AF-B1AUH1-F1,alphafold_mmcif,f5a81075d3c8c332be70934558dd2b49aed7f86d6ba1ea4828f5a61663910d06,ff70be0f001b198a2c7582a8ada3912f761f1c08b5c99094ab04826bd38f0e3d,0,0,0,0,0,0,0,False,0.1.0
AF-B1AX39-F1,alphafold_mmcif,8de25e464fc8bd733972d100b22a1dd583220d97c44e4599c9b1b2ae95b5587e,00dadf496e61657d3d5369fc3d46230eefe5de6493f12a3ad9ec56bd4976e55c,0,0,0,0,0,0,0,False,0.1.0
AF-B1AXH1-F1,alphafold_mmcif,489eb00f426c3281496e7ed3a9ecd1dc2c9f0e2c176b4820368393c1f788f05f,1e232e4347da70c6c9d0aeb24259b6e0f28876b0bce9750513b7e4b0ee184a92,0,0,0,0,0,0,0,False,0.1.0
AF-B2RUR8-F1,alphafold_mmcif,4d6783a6aaed76fdfb534fcda7ec9fcb6d0344c93bf29ebef406f9c52ee1e724,19980347d95412436ac6f64b7ce3dc0bc9caab135e2ec73f6ed365928b57641c,0,0,0,0,0,0,0,False,0.1.0
AF-D2J0Y4-F1,alphafold_mmcif,810dc7307be206b83d19c900858326ea7147df9b712d818bae430be3b781e188,c1eec93be771b014be6861cf1d7c77685a79e8772522d977c82a29618bff1667,0,0,0,0,0,0,0,False,0.1.0
AF-D3YVV3-F1,alphafold_mmcif,0a35fab8c9de0276493ecdc3c030efa0cdad4f6eef9302692d9390d222181d59,741d5f1a1631eb49b572f742ed3444f4ae8a71f1851114a53bce793120851a44,0,0,0,0,0,0,0,False,0.1.0
AF-D3YWE6-F1,alphafold_mmcif,d523cf852c3383e76f644b80450d34531c6b6344ede636838c2941b99da25633,9d9796fa7d3a3cf2866cd249f86d8bf29ff31fd8689cc14f14f488c1c99e47d5,0,0,0,0,0,0,0,False,0.1.0
AF-D3YX43-F1,alphafold_mmcif,9e930c63f47dbe4fa775beb138afef82c08b15716ced2e7d584b08d14f06392f,46c8c0a80a8a2a758a82ffaf0f6c1948720a0053e7f58f1fdcb5dffd6eaaca0f,0,0,0,0,0,0,0,False,0.1.0
AF-D3YZF7-F1,alphafold_mmcif,18e7e1bf45faf38c60bf62c022af050f28abd7915ce8b863457b12791bc21a24,676b9dc8bf809a260096d40e347a350957486a49f89471a4aee5e5faeef882f4,0,0,0,0,0,0,0,False,0.1.0
AF-D3Z5W0-F1,alphafold_mmcif,541a614c836b1663668fb54ac06c5a44669796a8b6676a2d59e05ba79386587e,9fe8a6dddfb357048575903ae160fd1367112282f21349946e91a803e69db1b6,0,0,0,0,0,0,0,False,0.1.0
AF-D3Z7A9-F1,alphafold_mmcif,414476f4913512dda13a2aec1b465834326fff159999411190e93abba3ea514d,0741ede0a50227091dc1818f1358f06a1746fbd5aa3b2b63910629a663485b86,0,0,0,0,0,0,0,False,0.1.0
AF-E9PX79-F1,alphafold_mmcif,c974cb4e63f503f4e55d4552b5da7fa747074c9820bbb652f955158a96d61151,d9fde9f886be82c6e4d24090423b4f818d9944b176625bccccd03d87f35b0e53,0,0,0,0,0,0,0,False,0.1.0
AF-E9Q079-F1,alphafold_mmcif,2a80786c4845f9cad0820d67dc368317095efb590ff5849ceb7513206388a75a,50cb28f8fccd5b40b0128d5e913e59509728e908ce94a7f24ad3d9642533505b,0,0,0,0,0,0,0,False,0.1.0
AF-E9Q1P8-F1,alphafold_mmcif,a8658332d789c4f8ba127bc9f52c7475f8c46b46dac42811538ab6b8926bb262,e8a88e6f9edc1c15101615c3dc062347bc27e1bacc11f10c858fd4b544c8964a,0,0,0,0,0,0,0,False,0.1.0
AF-E9Q238-F1,alphafold_mmcif,7d67161ecd9dd1a08823386ec3d91e732534179f9faf1272e34086e0e2a65b6d,85895f79d570412fc95bc3ed09f026b2546e101d7f3d26118d4ae6d79c8b4f83,0,0,0,0,0,0,0,False,0.1.0
AF-E9Q2T4-F1,alphafold_mmcif,858a37d94bc35724d9c0681bbaf0831affd58ecb221ed2a719d3dab47eddfc93,f80b292dc19d750221ae965f2f8e697a118d8c664213834a9111dc609570f2fc,0,0,0,0,0,0,0,False,0.1.0
AF-E9Q4M0-F1,alphafold_mmcif,e4e2a5bcb3e1e102fe6f626100633cf2fbb0156fee70b11e1a5cba4056ef23f9,079a70ad19fa9b6c9de2ec1bdb5a658d43870e1ec073412d319469618a4644cc,0,0,0,0,0,0,0,False,0.1.0
AF-E9Q5N9-F1,alphafold_mmcif,547845afa23a5f1ab2f6dabce49a4f487cef5520aa0a9741dcded7717f63b6eb,e195675b974b1021ab502d97aa35d6a19b17207cd29d964edf0618431d6dd8d7,0,0,0,0,0,0,0,False,0.1.0
AF-E9Q8I7-F1,alphafold_mmcif,2ebe533c62d315e51029d3d5ba157d3378754f79b00cc86eb56d7430e241fa8b,0b025364a807c4217d13dc559f3fa81eecbcc5adcda2463223f1786c7b08ca8c,0,0,0,0,0,0,0,False,0.1.0
AF-E9QNZ9-F1,alphafold_mmcif,ea8480f30c4d4086868b099ebb98c1f6f520fcd7c7ed8f5960a9ea8b41fd2b02,5d92441a663f782cdc7bd9199b0adb1f136bc677d6734238672eb16a2ae3e2fc,0,0,0,0,0,0,0,False,0.1.0
AF-F8VPX2-F1,alphafold_mmcif,18b0e0678cb7870bb3749cc9acb9fc87b37122ac36e1fca0e8febe7e1d5b23e7,0fb58c9d1843bb60ec1360dbf640ed596b689e73876050e9a3afa8a5d24b8116,0,0,0,0,0,0,0,False,0.1.0
AF-G3X924-F1,alphafold_mmcif,e626d538c381907a712887c8818d25565e8681ada516e8b9703559e7fc40a0df,0c81d978776c64849cd3981b9214e57026065217c95854268cc80e9546ecc4ce,0,0,0,0,0,0,0,False,0.1.0
AF-G3X9M9-F1,alphafold_mmcif,5edb04f445a10e7842dc724b79ba7ee13cb5fc804c1c5b448d450b77754cf7f4,701b47810234f425d15e33e524d12454568e56bdc58a15a212971f1ae729ff81,0,0,0,0,0,0,0,False,0.1.0
AF-G3XA59-F1,alphafold_mmcif,6240f3d21a0cd0fb274dd242bb6281d28e62f3828a825087c686c22805787a43,9a6f3ec3b672bbe69da2c9c8c312cfa71f9da0a6f45592337f32d7d3f0f3b30a,0,0,0,0,0,0,0,False,0.1.0
AF-J3QNP2-F1,alphafold_mmcif,d4cb7babb073783ba73b5b9e3657471801c04a05f63a6d8933bf0bf5d45b43c7,b924d932ce73952a92efdc2b794088f7a091dbcafa2fcd7a14d0b96527cffed4,0,0,0,0,0,0,0,False,0.1.0
AF-O08575-F1,alphafold_mmcif,b1e170c977c70a098c87fa9e1695852071679599e9c619d2f6a9a3927cebecdf,788c644376e3ec7a169ce9fab34e58c2914802f999037ab2a774a97ebaff8df2,0,0,0,0,0,0,0,False,0.1.0
AF-O08691-F1,alphafold_mmcif,d3222e4464207948bc61fb6b5ebb2d29fd072aca44d76a9c3e39e6876e8ea999,1867ee82bde911cd993d2d4bcd9f564f8d666061190392191970ddec5f9675f8,0,0,0,0,0,0,0,False,0.1.0
AF-O08707-F1,alphafold_mmcif,0f415aacef6b7267f365e080816ab096c681bc90a88e58fe79f300d94f96ec5a,7ebf4504b853c57cd44df0ffca41df109094b92645313f5f845dfd7c07507fa3,0,0,0,0,0,0,0,False,0.1.0
AF-O08746-F1,alphafold_mmcif,19035727b936823e0945b4ad038a397446cb7639db6eb1df68e56a51b241f7ca,6ad22189995326f2f55cb56c3755e9833cf3aaa1f43f7522f7c528b196e2620b,0,0,0,0,0,0,0,False,0.1.0
AF-O08969-F1,alphafold_mmcif,42ca39efbc5d5af313e766640ec6bc9dba9c342ad2d96f8aed76f923aeabf1de,d716fd94676a14b27ce1877738cbbf487dd92dfe880819dd610c680a286a26d0,0,0,0,0,0,0,0,False,0.1.0
AF-O09133-F1,alphafold_mmcif,697ab9df858f66a8994c92f6f41a96b853290ec8b9e576756bdf92e2720cb30d,8bcc05337479986816f824d201cd2e8820d291941b031e2de4b41d48d0648256,0,0,0,0,0,0,0,False,0.1.0
AF-O09174-F1,alphafold_mmcif,5f464d9dcc9023ca3539a0dbe259df5dc70eb9b39567921d30e446adbe642b74,c0cb9c15edfbfba7b89c36e4e21b5637ee7a613bb89ad4be26087542d3ecf161,0,0,0,0,0,0,0,False,0.1.0
AF-O35074-F1,alphafold_mmcif,1a63bcd9d8508a6cde6853705b63d18295164a1dc0f27c953a5192ed5d8e8448,4f50075bb1293ccb0d7c7a764a4a14fab0136a496b15a4b90e6db90a7a0663d4,0,0,0,0,0,0,0,False,0.1.0
AF-O35082-F1,alphafold_mmcif,f1443fc3eabe17da57464a41d8786d7c8a3e46331ac416068ee8fb45ba7cbdfa,eaded6894ca464f6ed765ded53ba47d69900060051d65ed9691f6665df516e0d,0,0,0,0,0,0,0,False,0.1.0
AF-O35103-F1,alphafold_mmcif,3d34ad14578294429ff5923b320ad3d45c99ddbfc72234d4ab6aa3a5d7f181b5,1ca8c15f1d9af893a5b885a19939ba600cf94b2f4b4ec89e192c62bce7eb4111,0,0,0,0,0,0,0,False,0.1.0
AF-O35177-F1,alphafold_mmcif,e2c61e1df8e95ded6b80368aec492f9ab21d4644caff8ef4ea8fceb285a01ac5,dfbd4c99853b301292827744d48fda5fbc7bdf0754be37f265bcb240e1653f71,0,0,0,0,0,0,0,False,0.1.0
AF-O35182-F1,alphafold_mmcif,9be34fbe577a7e57639ee6e0990280fbc628a1dc4046c9cc1065e5e0f2a76d3a,959d88561c3e327a6e7f2969b5eaad05ad7dcbd7b47ac357d64cc5bed6c01aef,0,0,0,0,0,0,0,False,0.1.0
AF-O35228-F1,alphafold_mmcif,16b0f98153c930cc21b567aabecb8842bda811e97f92e0f950c19c4a455e4e83,474298c13290674c2aec683b9b077191579547b7fe7a0e18575dfb43324ca374,0,0,0,0,0,0,0,False,0.1.0
AF-O35316-F1,alphafold_mmcif,06391d524a6b58d019dc238d24d54fc75f4a738c80b2cdefa58ff61f912923cb,096154017cbe3b8018c6d18e69dc6324823c0de5152dca98b3e57ba0350e4ac8,0,0,0,0,0,0,0,False,0.1.0
AF-O35425-F1,alphafold_mmcif,ab07b5048a6128804181c03a2d43d4a0e192ea7ec051de3e97e1e03b0f76b9bb,c88900a1de7dc7ade67451b654b20bb158b8e1eb0c86988da8b112c22834aef3,0,0,0,0,0,0,0,False,0.1.0
AF-O35600-F1,alphafold_mmcif,82bff3811679a20c42c9addb1af76da4baf224032eacc232b09b9c9ca78090d4,80742998dd15029d6239498ec325de86774961e4da47582b943f2e8a5bdc0798,0,0,0,0,0,0,0,False,0.1.0
AF-O35604-F1,alphafold_mmcif,b354aff6f46e52d10fbcdebf5335673a0b1c70f94634c37bcf2079e28b36aed7,34d662e6bf9a572a4d0dbb51b68f032f5af6a3797f9ef7a74b3dcc7a98119ca2,0,0,0,0,0,0,0,False,0.1.0
AF-O35608-F1,alphafold_mmcif,0dc7dd1d18e82c0f766091f85edede9347b7e49c86924a3a344d7b6dfaa53c05,1d701111605160902300f497121fee40c5441f6ee843062f2e1b2ad568b8d0a3,0,0,0,0,0,0,0,False,0.1.0
AF-O35639-F1,alphafold_mmcif,a7ddc8e6a7cc2a228b661e6ac454533e269960a17aaebe156c18c94cda6301e5,ab5cc7cf38c8540029126443d0198984170adb922836521712e9bf09402a8127,0,0,0,0,0,0,0,False,0.1.0
AF-O35640-F1,alphafold_mmcif,c5d598f8b680df9817c026808eb5f75e07d0788352690782565c6fb088453883,0847a7e066ebd7b42c43e93fdecf07920e1a14310d131af550eaa64e41108ebf,0,0,0,0,0,0,0,False,0.1.0
AF-O35655-F1,alphafold_mmcif,bb3f17a480ba9d47d2edcdbcdf2d624022b4992d87f6fda268e80c7e7d616e1f,b2893590676c0157cbabaafebc6f4bbca22067c4fda048ed94af3a3544687a60,0,0,0,0,0,0,0,False,0.1.0
AF-O35682-F1,alphafold_mmcif,c7e6981b72d93fd22e9c0ad1aed9ddde1023aacce00cc94ede87b032c68e7196,74e8aed1bd8012840be9abe3e5cb134309344e65a7c544e3cf272ab796e9afb3,0,0,0,0,0,0,0,False,0.1.0
AF-O35709-F1,alphafold_mmcif,e6a7e633f1a71bc2a4ece9502526d4c4d94d93ccef25439fc7789525f93c3573,39eef396107d5f29bfd2a956bb18f065460c0c6995da1a812a5d2d4e76e2b396,0,0,0,0,0,0,0,False,0.1.0
AF-O35969-F1,alphafold_mmcif,65edd1fb66d7d308fcd39cd9e08344554504c2596c488ddfa17daddf2fc6e0df,3ecaa5ce634964e61c5a423a779038d32e6db4485188222a63e92b1409017807,0,0,0,0,0,0,0,False,0.1.0
AF-O54786-F1,alphafold_mmcif,b35c040e7fec7d7c43af4f81a8cfd6b214716c02ed618b93500a5abda2effc19,6788637831f886452c15069fc789094c1cb5a118101eb49f29668d41f19cea76,0,0,0,0,0,0,0,False,0.1.0
AF-O54824-F1,alphafold_mmcif,0b3c9973b26010b279da9c5fb239a11ba751d943199621296e624b0aa6bd827a,26279ea17635ab1ba114cbde584ba6679b6d78986f686c0a87cf8efb85f4c729,0,0,0,0,0,0,0,False,0.1.0
AF-O54890-F1,alphafold_mmcif,15c40c92da141ad1ff1c04300d29401f1c2a28eda6c40c9e4366d5988ef6e0f5,ced4e3ec7d8f8ab794e464bb26c02becea8900a1a53351ea4701cca0c7f1ba17,0,0,0,0,0,0,0,False,0.1.0
AF-O54983-F1,alphafold_mmcif,15f89ad1fd56a066b0557a289d6f89d1f6e0d24b2628d753363774ef95d38b64,c87fdeb4972a27241a4d4293d8444ba1131755c03b12da2fa77388060fc960ec,0,0,0,0,0,0,0,False,0.1.0
AF-O55137-F1,alphafold_mmcif,18251c4de750040aac9dacf86bf1bec69819661c3409f6859e7590714551a343,ac30bf827601c062402b30af9f04954e70ee6392a60511d372ef22067844608e,0,0,0,0,0,0,0,False,0.1.0
AF-O55240-F1,alphafold_mmcif,d27fded19cc72182d5eae9485dd9bc2366ae1e1c961786ac801b3d7c7116dda3,640a272e5b8cd6e1cf8250b7701ff94e4cff92233b78ab76adbaca9d83cae1ee,0,0,0,0,0,0,0,False,0.1.0
AF-O55242-F1,alphafold_mmcif,0592881040dbd553393d6afae9d8623ac84cc9f9d9dfed8404d9e800acc9b219,8a7cc2fba416e510e5557e747006cd0db23ecbeda367037208eeffc0033b656e,0,0,0,0,0,0,0,False,0.1.0
AF-O70126-F1,alphafold_mmcif,496e79ba656217ac1e16ebbcef167acad5bd66377f14c5900a7a116f6ee6bd91,bb7940e13db3ced6949835aa547cd5af787628c42c0e3eedd9d780236d835b69,0,0,0,0,0,0,0,False,0.1.0
AF-O70299-F1,alphafold_mmcif,7dbb50c90e892516223939c7813833ad749da625f8fc12349030e0cd32869327,80960f6c637e19b177e79e543ae85f561863324a27e73dd31ada95269b1deb1a,0,0,0,0,0,0,0,False,0.1.0
AF-O70370-F1,alphafold_mmcif,ffbfd6cf5aeb8a1b208b68843b224f772d9feb795cc8964b40e72dde12bc727f,0e07d6130046e2aa7cfad2b471e312bc57a1530970f147b720857f82bf222efc,0,0,0,0,0,0,0,False,0.1.0
AF-O70422-F1,alphafold_mmcif,7d4a95fc7cef8f6e116557ac086704694cc8f60f5defd287eaf7fb413a361cd8,e49c0f524db21e61c16b09e18dbd91a2b0dba170c2d6a69dba9f73f12ba7b683,0,0,0,0,0,0,0,False,0.1.0
AF-O70503-F1,alphafold_mmcif,16b77c7e54a8eb56c48b330084e7ec8c177959ca634e2fd1c92b2b91d1f0a2ca,f43f4fa3f9665795725bfad63eb70026cd0dfedbc2e5448f8ce2941486d21105,0,0,0,0,0,0,0,False,0.1.0
AF-O70514-F1,alphafold_mmcif,653d4cfcbc65bd5d691666831e982af87f9ff12f865ad7e40a40cf5ae621184d,7ee24dcdcdd2aad95def02ede690afde3a0c5d13a19e502f86e54323f6768a4a,0,0,0,0,0,0,0,False,0.1.0
AF-O70571-F1,alphafold_mmcif,474f54e2c719073de49a67b8a2586a3eb33323ae14682e03ce9e0d51f97325da,9ee4069d2196163121eb58eae85dfc961e23dbd816aa1b24172c919834df138f,0,0,0,0,0,0,0,False,0.1.0
AF-O88188-F1,alphafold_mmcif,1b52f604da88a0cbce479619c28f918475ce32f713418cb91d921e45c08d1d56,35e5e671b013586c5e075a6e75a64afabf7cab392327f520dacd21bb4c8e469a,0,0,0,0,0,0,0,False,0.1.0
AF-O88428-F1,alphafold_mmcif,b3279964fa3f38532415e2c26b7f1530896f2160b59a3a96588545cfef5d8ebb,1298389e7a555e3953827d269df52301a473515cee789bb66763a5e67cf1bf21,0,0,0,0,0,0,0,False,0.1.0
AF-O88492-F1,alphafold_mmcif,ebd8ab34f087015ab5c3305f60a41c510c8a59ee89aab98b8f83cac175159607,e7ff8870dd4da38ff48960fc5ba08dac69209b3db242b6d0dcdfae67444bad52,0,0,0,0,0,0,0,False,0.1.0
AF-O88507-F1,alphafold_mmcif,d604e99faf3dc5b50b4677cb6a8e60632a44cf8a8118eceb1b7bd8218871d0cf,6d5fe56a05108d44d52341a86ec01aa443227ad95e72fbb9910810f8630be735,0,0,0,0,0,0,0,False,0.1.0
AF-O88551-F1,alphafold_mmcif,0d8a3dcdaac0e64669053ee337d6e1e6e48f6d1c1c7b286f18e2a64ff411ccd9,994e82264802c88e270796fbccde230868522fe250569b8d07a0e7f26f2a1888,0,0,0,0,0,0,0,False,0.1.0
AF-O88593-F1,alphafold_mmcif,e9f8b31f4a062c67320bd68a3ef829944f78f4e8563fb97cdec440160107e1de,1745dcc8d9010972d5fe2983fd5cb0103b91d1490896bbcbce8ab3e5c1682179,0,0,0,0,0,0,0,False,0.1.0
AF-O88736-F1,alphafold_mmcif,525a4629e2cc1f0e39f7ddfef4cc71d9265b05446fb6ba4942163b6a9ca90646,13b8f80ae30e78dcd0f93a67cb71e2c999c626c13e32193993992956582df9b5,0,0,0,0,0,0,0,False,0.1.0
AF-O88745-F1,alphafold_mmcif,55ae0c697c647f4e314b15f060abf5301a6cc6d62522247482f6b14f7d2ec8de,e0689544f640da9a3fd608ff5006c76c2db576b49c1f86eb3e7ef7e81c03693f,0,0,0,0,0,0,0,False,0.1.0
AF-O88822-F1,alphafold_mmcif,3f279136dcef78eeed29d146d7771dc5329a46dad46dfd65169b537430c87197,1b7bca5856504b8eb46d793d15ab2c3a5cfd6efbc87696113c3681bcfa2513ca,0,0,0,0,0,0,0,False,0.1.0
AF-O88844-F1,alphafold_mmcif,27532c8ff9cc07568bdb6ae3fe15b5207b69b865acbe2b934ff6cf885312cb91,069018df8de3b43e846c26b2be01667e79e68cea7d408eab19ba1adfbdf444ed,0,0,0,0,0,0,0,False,0.1.0
AF-O89091-F1,alphafold_mmcif,937494b872af49960489171b58cbbfa49c8bc5f7af8f2de48ec9ee402bfe29c8,be71a13ca272e07eea886ab8e7874d10b8b0735524cd72ad9b32cadde34e4e37,0,0,0,0,0,0,0,False,0.1.0
AF-P00329-F1,alphafold_mmcif,8f57e516acbe0a9d3ea638438cf84620dfc34b58832232886866ea7a57050209,f390689d459991b29ae0f7799659009a87e0a613f12d264333ba03b4d3e52d1d,0,0,0,0,0,0,0,False,0.1.0
AF-P00687-F1,alphafold_mmcif,8a76a6e979415dfe9afd13c511ed3c7c8b4341511c044ca7efee094bd68ca4f5,99e864a52eac315aa21a8f06e3be41e573e0a840539e0641619468065966f4de,0,0,0,0,0,0,0,False,0.1.0
AF-P01101-F1,alphafold_mmcif,d4be4c5943088a8bd89f417e17fcd0e54ed4c5c8f6558fbd1f12a8c69aab6d58,b104816f6dd62623ab8608a7f57c56682bc415062444f0b6f53d682d0da0bbd7,0,0,0,0,0,0,0,False,0.1.0
AF-P02798-F1,alphafold_mmcif,5efaa40be7eeb7098587c62b7070243dcf2b53f60d24734400bb0434b8a076d6,d749325ea111919bd7fad3038c7bffe68853a0a9ac97c51139044270e7b004b5,0,0,0,0,0,0,0,False,0.1.0
AF-P04441-F1,alphafold_mmcif,a20f0490716d8dd36c0046095ddfc10ce90dda233c2ecae428e264dc3a62f8c6,89bbc674e03cf3b600ca988374b950ec49b53f9d03013805bbbe15f75c05a818,0,0,0,0,0,0,0,False,0.1.0
AF-P05063-F1,alphafold_mmcif,e62bc7b4d3e771d294ffb5bbaff55357c79742cdb5025055f04b084d317773af,b21a024aa472f0f0a0b512eee42007fdf23e728441bd546f2e1d4211c9d72455,0,0,0,0,0,0,0,False,0.1.0
AF-P05532-F1,alphafold_mmcif,2a9b58613491acdf9b02adbb772da306d8bedba78cb83a8ef29db5d9e392b1a8,10ca4a063daff0045038311057796b703a30a0244cc2683f533e8bb10b9ed329,0,0,0,0,0,0,0,False,0.1.0
AF-P06801-F1,alphafold_mmcif,602af620515fa1708df46cf0a481a256baa3fe68c46a684d3095d67e41c2d5fb,ed5b049a8854385c599b6c64f7b79300bc7fbe535f440a052387a8be3e11be2c,0,0,0,0,0,0,0,False,0.1.0
AF-P06909-F1,alphafold_mmcif,0f3d7576f6de11faf8be10f845aea6cd22b72e2d3a943ae8e53dc3c4cc236cdf,6c3531e44886351be4734f88584ee9f8a0cf27ecabf2ff891721d33885d4b1bc,0,0,0,0,0,0,0,False,0.1.0
AF-P07901-F1,alphafold_mmcif,66fb4d1b410f2d24812e741a1b666c9c733c7b86fe18a857a0dbb3c3ead74e8e,6a438539e4686c984907cdd590f1917e4d407d33b74083bdc0309502c9004908,0,0,0,0,0,0,0,False,0.1.0
AF-P08103-F1,alphafold_mmcif,7d59fe4f52a03127de4d5ef2b350a4fa0c524cca3beb714e137c30d4ab9cfc63,548d785d5458a210a16f9b27ed844c718c5b5d28a2f5b27959959845dda4ca77,0,0,0,0,0,0,0,False,0.1.0
AF-P08122-F1,alphafold_mmcif,f785ce2d76216fc05a6b349ea231746d32f88a59428279ac06db0dcf748b36fd,25bc4d3c3321d834577456b7ade6efd2a5ea1404cf8164a14d673cb8215f3a45,0,0,0,0,0,0,0,False,0.1.0
AF-P08551-F1,alphafold_mmcif,fa2de9bb16cf586056fd9fa38026091efc42fa787b469e4c8a843c5c698139d9,fa7e1929f2ac8277631c6af2e45868690be085ba143292b858cd8bfeee370c37,0,0,0,0,0,0,0,False,0.1.0
AF-P09470-F1,alphafold_mmcif,10e4d61b3aad0c74a4eb028579fda8bfd4cb47f97ba1df694f328e6104f51ea7,9ca87cef6af76cc0fd5d553443a444da37d3385d049a7c57583c3b613075ca9f,0,0,0,0,0,0,0,False,0.1.0
AF-P0DP59-F1,alphafold_mmcif,74824f770c8450dbd7b5d2e69b54d59bd4d1f9810a38408e0c5ac97d532d6bc4,b150ca305abd06649d558a4ad638daa5f04539809c972dee902dc576dfcb36b7,0,0,0,0,0,0,0,False,0.1.0
AF-P10148-F1,alphafold_mmcif,7f91ef66279acd038882552e3097322cc5773536ee5445729ef1c88bfa4cb4fa,603128575ad9c1e3edc2223d1ea6bce0e4662693eceb5fe206ce1798d6b19f89,0,0,0,0,0,0,0,False,0.1.0
AF-P10639-F1,alphafold_mmcif,78a34dbe11f55f261be4fc7a2c7c157cf07dd9cea350a67349638a9de6f1f24a,f01f46ab2f82abedea28792655153c05f55aece3b2073d0fb68ae28601acac30,0,0,0,0,0,0,0,False,0.1.0
AF-P10649-F1,alphafold_mmcif,5f1a1dcca56d79d9d82fb4ccc98dcb29c9b881d0ee9e75c140e7747aa0915456,861d7856fb73b7ff5ad14ad0f5c21b0996c6e5b30dd3cad574f92eeaecf251c1,0,0,0,0,0,0,0,False,0.1.0
AF-P10761-F1,alphafold_mmcif,78515d15b0e7b0c03085118ba874d2abc6aacbf1f94d930b59bc875262dc28f5,821b7d27c89fa2eb9528c3fad4a8b82ad40448f8de927d05a6d568dbf2d42aca,0,0,0,0,0,0,0,False,0.1.0
AF-P11214-F1,alphafold_mmcif,56e3cfe9bb73ee514e4c84bd9f30189511ec167d15b7dfb0e4cef223d3415b72,5694abbcfe3593b74d4999ff2db7a7f8cbe262ef148a8b3b043f9450ad3c57f6,0,0,0,0,0,0,0,False,0.1.0
AF-P11276-F1,alphafold_mmcif,76a0e3c86b09611f13c65a46880d4775cce8f2cb51af969d58e3a34181ccfc95,eb23a8d1270edd6001e3d419719277a7d4b256737974549715c98989583af9ca,0,0,0,0,0,0,0,False,0.1.0
AF-P11680-F1,alphafold_mmcif,ec08e2a696d2397502232873dfc9897e604e938c83e90fa9649ffb3a799429f6,10fcf9e0cd13ebe33d1c3f525f7bb3e5b0792731e6b4f3d166da97e6c74aa83e,0,0,0,0,0,0,0,False,0.1.0
AF-P11688-F1,alphafold_mmcif,9c216640063a036aca752ce6d4aedd802d3304d2834f7ee6ad5b08242e01680c,1204a9cec084eba34a52144b5863d915a55629e02c4ef1148a79435fcb51a6fb,0,0,0,0,0,0,0,False,0.1.0
AF-P12815-F1,alphafold_mmcif,2f9a287d0a4e1c545ce0b35a076ef50c67edbe5033ed842a38710caec181c69b,1ec0cc166adf9aa549a2c5b76c194235cf4a059d27d36824c1b9322db764709e,0,0,0,0,0,0,0,False,0.1.0
AF-P13020-F1,alphafold_mmcif,481dc586ab70967b6f86f585dbc59bb31bfdbf976281d175b9138a12c66ee627,6e680af7e08b1f99bdb670701e87de701b95af6ee34d665c70fad6db5d422bc6,0,0,0,0,0,0,0,False,0.1.0
AF-P13516-F1,alphafold_mmcif,9d117775f71504896c1d1ac216e16e61afdc90b4937766bdf5efc6363cdddb92,baaa19ed126d42c4c1b87b45dd5a30290ce3997c2d213cd0f153b00e8cfb7390,0,0,0,0,0,0,0,False,0.1.0
AF-P14901-F1,alphafold_mmcif,40c1662deab152848a4993646b3ffe36254cfcd7ef308ef0550572890bd60df2,054c8bdc783ec38f19bd1337f41686b8e037e17dc1e28456898b54d43c4aacd5,0,0,0,0,0,0,0,False,0.1.0
AF-P15105-F1,alphafold_mmcif,1c16f98700dd85f2619190faf8bb4b1602f8903d8cec0748d7097d6da130e2d9,ed80d473822a8c4508765b63ba4b39548b94d00f1772577af679521b65e5aa7f,0,0,0,0,0,0,0,False,0.1.0
AF-P15530-F1,alphafold_mmcif,83b285fcceffde3e0c06e7423c69f2cf08a866e27c797c8db1fe3556279ed35b,280e179b167e3608f5abbd8811e0d766a233b06e93a129d01926b1a035d6101c,0,0,0,0,0,0,0,False,0.1.0
AF-P15532-F1,alphafold_mmcif,b3f966807d613af13f5e144c0d71349c591e065d59c2ac107036a6c19bae79fc,4f89026a205467b01edb73bab641dc9a3797a76e1c3fc8252ed08d14a2936798,0,0,0,0,0,0,0,False,0.1.0
AF-P15535-F1,alphafold_mmcif,a462ccbc27916338c417ac8cda4bbfc2833cc30919c7a83986662c733c0f7b70,69c154fa528d6e5006042f6fb4487c7fe170c9191787ff5bbcb1a9dba6715382,0,0,0,0,0,0,0,False,0.1.0
AF-P16045-F1,alphafold_mmcif,f6bf488008b79f02d51d44fcc8e99853f89eec508eab88877bffbffb109d490f,237403ca8bbc121583f9cb89ff7e4d0894041336792fa461376b499244c95b80,0,0,0,0,0,0,0,False,0.1.0
AF-P16330-F1,alphafold_mmcif,0ccc7d6a100bb2717ab9603016fb627c94e195b970cdb8187fb7a030aea1fa5a,0b76eff1113262f066af7af2c2ced83e58d9bcb527ef07e149ea83397c7f3196,0,0,0,0,0,0,0,False,0.1.0
AF-P16460-F1,alphafold_mmcif,a73083f96c02ab5ec5d6c3338d695938ed787bcf929016c14d946fe3e13c65dd,eaf639ae6e7e725868e1380b687cbaf85f6b03513d10842a86c160c2bb8cbd42,0,0,0,0,0,0,0,False,0.1.0
AF-P17156-F1,alphafold_mmcif,e970be0090d0438fcd37f15e2d572644cf75a21a61335af408914606531bc77c,a1e82c9c7b5883e3f1a1fd0dc3026dc9dd888b10e164e46dd1b13c9b45ffa40e,0,0,0,0,0,0,0,False,0.1.0
AF-P17563-F1,alphafold_mmcif,a374b07c5de37c05893bbe5d00625982307fcd7638136dece07449a10c80b72b,5e313b5e5b6cbf0bcc69fc61ae382738f6b059b67b5a67ada806ef9aa7bf27e3,0,0,0,0,0,0,0,False,0.1.0
AF-P18581-F1,alphafold_mmcif,1546152116e3a3a27e286ed9ae4ff96866a1ac4d4712e62ac3e0d157728f52aa,82fba032e724feb7656120b5d812f9dacc50fbe207d04f47431ad2c6c98f5f2b,0,0,0,0,0,0,0,False,0.1.0
AF-P19246-F1,alphafold_mmcif,f5e722ad4283ed1979e77da862fbe9b64eb87e6b47cb2ceb8dd34c6d6afcbc7c,46b6e8168c7845a52e2ea837fbdb457f0c0a7024b2bc58ec9d3ffcc9539baf8c,0,0,0,0,0,0,0,False,0.1.0
AF-P19788-F1,alphafold_mmcif,1eef7c760df699987b55e7ae19dbd56701470378aa4a0b8b18ca00d3b46e917a,ffc3e54e2f76ab2cddabfc30c19fdb4da2c09df07eda1757039ec7145a03ad7f,0,0,0,0,0,0,0,False,0.1.0
AF-P21237-F1,alphafold_mmcif,f84e749bced44f6233ebfdfb580d21c8e9eaec64e698fb45fe2cba29a0d7d11f,ea2922bd0fdf2087d879ba59fe57e799117c353d3896ab197ebf514b1bb313fe,0,0,0,0,0,0,0,False,0.1.0
AF-P21275-F1,alphafold_mmcif,7eb97e2547f47e33b180e93aaec5866d32c2d1860972512938399b7ceb4ecbbe,ae45d71cdf85b7d12fd98682cc09dfd7af455aee0718052b873d6bfdc7d6e187,0,0,0,0,0,0,0,False,0.1.0
AF-P21460-F1,alphafold_mmcif,6be4d90620050b14c6fb1beb7334aae8712c42998205ec67aa028aa2a43eeed8,b59ac9bea7dfbcf067a0e9f0635db330a8f85503e607bc2352d5c7fbfb089e32,0,0,0,0,0,0,0,False,0.1.0
AF-P21855-F1,alphafold_mmcif,b1fd019aa08c8e3d38174975ef74b63fb12f75a6e10a295759fe338f814b4af7,377f63478fdcf9e977bf783e0b00f878b75b5207ae40086069e616f081fd44a0,0,0,0,0,0,0,0,False,0.1.0
AF-P21956-F1,alphafold_mmcif,db06389a198f506443f521d8d828c4a4455b2a5ff44616e85ff8760926d50245,ca325a2d36f28e3abb3395d56a17d2cae23eb2e9e36373ac355d68d2a00ed0ab,0,0,0,0,0,0,0,False,0.1.0
AF-P21995-F1,alphafold_mmcif,fa130b53dd3b9aedc059c2c9b52a1374a7fe6ddcbfcf4e05190816d303aa42bf,564648db463a5f25200a92ca03fe06bd49fa261dbecab35e52b92da5cc105d5e,0,0,0,0,0,0,0,False,0.1.0
AF-P22272-F1,alphafold_mmcif,01729856844aca688c209b8de7c8ae1cd950b5a1de2372330578c5c8bc1ad5ca,195aa484e7c155c0d1c32cc6593eb1f91b9e936854f119511252a9cf124a2439,0,0,0,0,0,0,0,False,0.1.0
AF-P23440-F1,alphafold_mmcif,b36b17ba1553e10b7a7ffe5262b2aecfb8821dccb7723aefeb571a7a5865d7e1,0003508af7f2c8bafa4883995d0c9fdc2d9bf1cd526f3a29370fba0818cca55e,0,0,0,0,0,0,0,False,0.1.0
AF-P23611-F1,alphafold_mmcif,1166eafedaef047b238db90d7d1b66f4e55efd8613327ce48e0d09900aad6c57,a2f66186d13f41b7a74105535d02d1354fab4fa7e104e634a6dabc94add1fe51,0,0,0,0,0,0,0,False,0.1.0
AF-P24288-F1,alphafold_mmcif,ef31d432482fc8c3a66608089b61f57bd19d53e0d835130b258011db9ce45755,631152a1327c30d3e16eb1a240c8d6518f8ef27a7137a536376626439238e125,0,0,0,0,0,0,0,False,0.1.0
AF-P24549-F1,alphafold_mmcif,cd33617c63e8c59c2656219b90f4a17d519d4cc8394daa01e76c35b7bcf9687c,2dd8d9b0b16a66905c7debab5b9f638c9ea7382d5bf02d5412de550809087842,0,0,0,0,0,0,0,False,0.1.0
AF-P24860-F1,alphafold_mmcif,e574f3fb002bf6349b07d4028aee4da1c8c7e6a1945428cf69483677236a2850,cf319a78f703a53368d1bab6d6690f988fa4566f6689ec970ee619c31c5b334d,0,0,0,0,0,0,0,False,0.1.0
AF-P26049-F1,alphafold_mmcif,49b990a522913497b34e49f6d1f74b422efa4255e99d49996ef5e379f9fd7d91,26ff56fcd055d4a902d6d2b0d116e4e5ee56201f29c8f6e217d5a8452546fcde,0,0,0,0,0,0,0,False,0.1.0
AF-P26450-F1,alphafold_mmcif,c2b8ae40bb94e63c098bba64ca24ace6e591c423c5fd3123c2439f84cee97f05,22312adac9f120bde77e0b40603e6ff946f3cbaf0cd146772be09544eab64b07,0,0,0,0,0,0,0,False,0.1.0
AF-P26618-F1,alphafold_mmcif,683175b577e7f147d46c51876cdddee9a011b732545edcbb49133285b48227f8,142e733d92fc66794e3adb5ba021c0fda2dd8f7f7b19b504f81fbdfc0f5c3286,0,0,0,0,0,0,0,False,0.1.0
AF-P27671-F1,alphafold_mmcif,69bddb42e68cebd3f083f235dc1ac280dc385f06637dd868412a98227023ec3a,a4ace0e0afc1cad2a67fd61a40229a5b4bc54660b8bf411e0fa175e71a6b8f6b,0,0,0,0,0,0,0,False,0.1.0
AF-P27784-F1,alphafold_mmcif,b1446b19637c52809461825a9a8a1c80b944b0c114b584e759a7c25d017e733b,51bce2180071539016e79ec3541f02564b841582a77ac6d416e0cd5bd945663b,0,0,0,0,0,0,0,False,0.1.0
AF-P28301-F1,alphafold_mmcif,285064733ea087d61fbc16712f11f27b427f18c6d6bfb240572586ec797ae267,707ba16dbc9253ab3903ff9f2311b772f1acc97a9260567d21b7a6ba610edbba,0,0,0,0,0,0,0,False,0.1.0
AF-P28652-F1,alphafold_mmcif,77e7168b96c116293377485d220e975e42200fb0034f01aa1d6e8986f7cfb0c1,24c3c9ed12cec2e4e340110ab30a4f385d2544e2145c4fddcc242700470e8dcb,0,0,0,0,0,0,0,False,0.1.0
AF-P28654-F1,alphafold_mmcif,44a4e24eecd673d2656d4932e7a78a5a85639eaca4d88e2c7e2ad8cde13eeb74,e2c0d59730fc25ffdb9baba6530bf0d282852e52254193cb76d49683d65639a2,0,0,0,0,0,0,0,False,0.1.0
AF-P28843-F1,alphafold_mmcif,8460ae157a1dcc78c4973f43a98704885827057f056a4ad87eb98e7be07c323a,2de727b6d47784061b0a1cc4ef98ded4e1d3c7a665a9aa3e1b9ef79e10c5f40a,0,0,0,0,0,0,0,False,0.1.0
AF-P29268-F1,alphafold_mmcif,127f2b091f99871c5371ab1a2b001c4d184ba73d309af70380dee21fa065526e,220ae63242b7bb10c05c9e30cb055a47445b802b5087d3d00409e53b0ac7f91f,0,0,0,0,0,0,0,False,0.1.0
AF-P29352-F1,alphafold_mmcif,6fbf3efd31b9e9a86cab0caac53ba9e2e845724482d254dd21f98c41025d7c80,31ecb6e842bcfa26cd0877faf59825c0b91004f3f5052ad3cd7aaae2c6d3a87e,0,0,0,0,0,0,0,False,0.1.0
AF-P29452-F1,alphafold_mmcif,15defaed8262c7d994bbaa088306e1906a2d0fcfee771de523c1368ccbeb2700,ba342e38113756c2e83f55cab4b21a6b626decffd08b50659cd44ec942daa6f2,0,0,0,0,0,0,0,False,0.1.0
AF-P29754-F1,alphafold_mmcif,eefb7b791f7617572a2cf227bb3c559e006fea8b1adb3be2d91a6cd5db2e5936,bc12e8ad17c82886281007dc616345fb459c8a0b034d55de677df953be351bb9,0,0,0,0,0,0,0,False,0.1.0
AF-P30276-F1,alphafold_mmcif,83f97ccd93e430b2236f99bf8b95d7fd216c16614275ca1df62e9bc588d7ad0b,1ac88200795e64836aea3acc5465401314c150ccf43930d108855f7bb58a46b5,0,0,0,0,0,0,0,False,0.1.0
AF-P30545-F1,alphafold_mmcif,1339f3dc4f67faabfdec928c83b42373e4cae4eec5bc38822770218d847f584b,9f43eef793d57d3db34714269e13518fbacf27572e9b77c74bceadc520746abf,0,0,0,0,0,0,0,False,0.1.0
AF-P30658-F1,alphafold_mmcif,e7b1ae21d38cde75d4ceda4d4cd7502f9b782b3fb5edd4277236f92b6cbc39ad,3c41aec498b466ca1a2561232eb5a707a6e5d04d5ca32fe8472bc09872ac178d,0,0,0,0,0,0,0,False,0.1.0
AF-P30681-F1,alphafold_mmcif,b727b47ed5c6899420ad0e37cb1a3e162e419d9d7f9ada3014b10d066ab5608e,031708fe5d0c7b0d848997809c95718dc8f4308e4723398adbc4c0d4fabf7446,0,0,0,0,0,0,0,False,0.1.0
AF-P30731-F1,alphafold_mmcif,1d34fdf8ea4d49b2ce04f2de4f09cd417d34fc0831dc7f5ccca2e910adf67921,8929b610d477afd63fdd5109b2785a5a3b1a810165bf0b85b6d3255e3b049a59,0,0,0,0,0,0,0,False,0.1.0
AF-P31310-F1,alphafold_mmcif,be3de925095a5ec315de830747bb55b9ad80c1a06f721e16f85d1daad6b8558f,17cc9414426114fecd556bf87a83f7642c9c91086bcd1a670b70af71b0c6c767,0,0,0,0,0,0,0,False,0.1.0
AF-P31428-F1,alphafold_mmcif,5b614d5de023229a4fcb2521f0000ee459574e9dcc89e9cc2146cfaf01fe404f,e1ad3e9d56e12b0519646be9b7bfaaa423a109d4895cbcfed0fcd719c2e84846,0,0,0,0,0,0,0,False,0.1.0
AF-P31648-F1,alphafold_mmcif,c3a7b4b4619dc75869cb72ff4ff750cd256c619260cf4538075372192de9d4a3,caad16db9a42291111aca07cf6848f51ed717b0fc9a40ac437e87931d3a72046,0,0,0,0,0,0,0,False,0.1.0
AF-P31750-F1,alphafold_mmcif,6075df5a5bd1c4917b7577a8b68c76e5fa14d9daa819a43f06e41e747ae7b73b,4a98c669f85809df176fdbd75ed74849077b794dfd27878095c4abdba9ad9005,0,0,0,0,0,0,0,False,0.1.0
AF-P35413-F1,alphafold_mmcif,d61dcba4e99a035d9bd6afa629eb2499ea88d315e694058e09260b6f019be3c4,55774e11b421cb204351a17b8e7eb41e8e86729339d66834d24192b0343b7af5,0,0,0,0,0,0,0,False,0.1.0
AF-P37804-F1,alphafold_mmcif,49b7340da9f955c9f91ae5577f97c4bae62c0df9252f1c526ae460cf246582f5,0cb80073e74c3de2e903ee820baa79f94b5627c0af3c5facfd4e09d495883ee5,0,0,0,0,0,0,0,False,0.1.0
AF-P38060-F1,alphafold_mmcif,d85ba21f2e3860de56cf1f850dfbad4db99f34b4efbee8c299dcfe658e57e61f,1314822b0549122a24ace8abc4360feadf0f7d61824c6ed3a138854f258b913a,0,0,0,0,0,0,0,False,0.1.0
AF-P38585-F1,alphafold_mmcif,9827d64b6efcc3706948df3d4b9ea22af64bac27e16256005381159d29c1aaf2,2e474d8fb19e2e7747dc16802edb24f25880b64020e880f99bf9cef6fdce689b,0,0,0,0,0,0,0,False,0.1.0
AF-P39689-F1,alphafold_mmcif,35fddca6dc6047e22d2367e616acce498303a8fac5cf78bce33950bc881d5cd3,2ef87acf1d334b6378570351d8dc8d86c19520d8a17acf5b85c27ef1cd68cb66,0,0,0,0,0,0,0,False,0.1.0
AF-P40224-F1,alphafold_mmcif,97c19952edf9fe56dce99bebaa80be3dbf8fbf6bcdfdfc6836ad9f2e980756bd,9006064f15d0d7037eb7342337af1926ab71e24cdbd723ab512db1a4cf1381b0,0,0,0,0,0,0,0,False,0.1.0
AF-P40749-F1,alphafold_mmcif,92565f930b547267d6f580285559b12e26705b3d4edb329c3a3404d6a21a40d8,8c9a0d556919f3d981f043935000434cbaaf22917d917c14115e039f2a21dca2,0,0,0,0,0,0,0,False,0.1.0
AF-P40936-F1,alphafold_mmcif,96cf9d69dc83b9bc4b4712e2658d2becc7d9d41b4d831f867fd0c16580c1dc62,f9e4c4f6a0c4fdfce9f88da3362c15aa819bc83afe9cc8d9b9b1e339e807016f,0,0,0,0,0,0,0,False,0.1.0
AF-P41588-F1,alphafold_mmcif,4e7a6f3e6ec0c6fbe0a4d77cd2b89a16852fabcd46f0a0db994ad2c94f9e98a3,96100a9ce58dedda26ffa4debf7f0796dfefb29f1518f9f2a681645f3f8c9d7a,0,0,0,0,0,0,0,False,0.1.0
AF-P43252-F1,alphafold_mmcif,01b08128962106fb636816178fff5c671586d8dfa9f0305b279c56ad1f6a7f62,2596ba633f39973e6c520b284cd3cd3496b9588df8c5174aab692a8c9b5fba6d,0,0,0,0,0,0,0,False,0.1.0
AF-P43883-F1,alphafold_mmcif,a79fbd1ac13f4a8aa1123ea4c966e92c4e90513287750850508132bc8f75fd07,7a71c13ccce5814d576fc942ce9d768c139fc6819590e7a8c0295f09fcb673d7,0,0,0,0,0,0,0,False,0.1.0
AF-P47242-F1,alphafold_mmcif,1230277c73d730288e6253dd9c916e34ef2937e894dec475775b773d9481ff4c,ab0fdca97201ef99bafda469539e78e2426aa92586310b6be826962d21a1a587,0,0,0,0,0,0,0,False,0.1.0
AF-P47801-F1,alphafold_mmcif,a7dc6b62f200bbcb80a4d81f6f428b060ac908408cfb448f1c3bdeb1651d87c0,33adaaed1e2b7b69e90cf3b9e8bc3fc419f6dc90146dbb867b97609139973e7f,0,0,0,0,0,0,0,False,0.1.0
AF-P47880-F1,alphafold_mmcif,27d16a7ee98d33d677af72dc528ef6b95d6b84cb5070124116470c5fb3e90f08,6919c0939457e204cb66aa95ba3f4effdd78993e5d58419ee549093aaf6b94de,0,0,0,0,0,0,0,False,0.1.0
AF-P48168-F1,alphafold_mmcif,815bd45db44cdc8cadea3112149efbae05bd08804fff7e4a7d4a2167646a5297,c69ddd8100ca28b1755030abd20458d1b88738ea6809fff487f00197a4ab6301,0,0,0,0,0,0,0,False,0.1.0
AF-P48193-F1,alphafold_mmcif,489447650371edf9967235907e897455e4ea31b01ab6072834b04b1465f2b965,5153c235d4382659693686d08468f429bfa098d7bcc7620b964e824c6ac7cecf,0,0,0,0,0,0,0,False,0.1.0
AF-P48302-F1,alphafold_mmcif,54c13964c8e5b19ac520ca4307c99bea0bdd7cc6baa9f73a371c972c21e0122c,ee172f107c97366cb973b7e750bf9ebbea16386099a6f32fa42f77d766c17dbe,0,0,0,0,0,0,0,False,0.1.0
AF-P48316-F1,alphafold_mmcif,3f4526adbc2e91e34644ccb95e7f1eb32fd4495921077e5574f75b3dca2d9820,cb8cb475ad6a27b76b796fa68010c7d9f42a3d45b810d46b81d3bf46ed4476aa,0,0,0,0,0,0,0,False,0.1.0
AF-P48744-F1,alphafold_mmcif,1412c86c64faa82c7ea09bd585063a6807b12b6b0acdedfd88fc8c15ef97e307,c558b69b34845a05b34501568b5100a20654d51b49a87257953454fb79960076,0,0,0,0,0,0,0,False,0.1.0
AF-P49710-F1,alphafold_mmcif,a35afc70b811020b7e78d06cd3290a5d18d102ee9aa9bb51331a7db38839b53a,33e63852502fcac3a4c4047eaf3c1d2735fb07f73dc9d6ceb22aab7a089dfbc1,0,0,0,0,0,0,0,False,0.1.0
AF-P49817-F1,alphafold_mmcif,e88a86986c4b892de1421e96118e0643b0c521369dbde401ea6796c2c57b7b18,9e0ef0e8b0bbf0c8f1553626c54e5b42e1da98fb0828b4925f2f4e547e5de8da,0,0,0,0,0,0,0,False,0.1.0
AF-P49919-F1,alphafold_mmcif,52e41fd7b718bda7c515f46f0ae1e433d918cc84168e85ec206abeb4378eef9f,55ac00be62c13bf3e758752c282631c4d48ca4c411c35b080d2cce058a973398,0,0,0,0,0,0,0,False,0.1.0
AF-P50114-F1,alphafold_mmcif,d158787d413bab833dd859b5143c0208e47e8f11a493edd97e31fa3ecc87208a,88e33724e7b923a72b0a79562df1961d8e6045e5c09455e84c5e1693a56dbc58,0,0,0,0,0,0,0,False,0.1.0
AF-P50540-F1,alphafold_mmcif,c139b1154c9bd8d9e81fa2da7d4405b1c67c38333e5e4623988dae378383d90b,acb56701f8d6eb8d8d2fb58ac09b1d9c6621258680111122b9f41381d0887f5e,0,0,0,0,0,0,0,False,0.1.0
AF-P50544-F1,alphafold_mmcif,008696074b2e28b76386c81ff774744e92b6178c5a0cfdf1c127c52cb4499e51,a48447e11faa8785e4b279a89141caf7809092c0b945fb0ffe8d2c863e39c77f,0,0,0,0,0,0,0,False,0.1.0
AF-P50571-F1,alphafold_mmcif,b117e78eaf650dc05d27d40fa539761f90f14c397a4244b20a7521e99de4cbc6,0e57e701d6d1456af70090e7fd590794a0141da01e4b72882e149f0b0c0efbbb,0,0,0,0,0,0,0,False,0.1.0
AF-P51163-F1,alphafold_mmcif,ccaa3b1f31241316637c0b214084fc6c5f4c2aa4583f669ab1d61f0130bb89e9,acfb2c17fa9e8f82ce4686376dc30204ed588623c6037f50c3b6e61cdaae6b1c,0,0,0,0,0,0,0,False,0.1.0
AF-P51569-F1,alphafold_mmcif,92aa57cc40ee653a64279c65261863e1a491e4bf3950999e6546a8c1ab8cd1da,99efc6e0c77da199ed470edca0a6eba391f56f815196336b3b3ecfce0b141388,0,0,0,0,0,0,0,False,0.1.0
AF-P51642-F1,alphafold_mmcif,138b4333787982bb387b34edfab3a4973fb89d3c9b168041e81d648ac69f0167,0ff843136763f5dad2cb943e2547ff98cc7d61a115d31562bb1de6db98bf63e1,0,0,0,0,0,0,0,False,0.1.0
AF-P51670-F1,alphafold_mmcif,bacfc9144866441db3ee49951e94c27de2997df836c5ca731b413c6ecb9499db,ca62205d1c7c7ae2d80328da3332a4ea8455338cb5512560bd335de365401824,0,0,0,0,0,0,0,False,0.1.0
AF-P51860-F1,alphafold_mmcif,c1bb2e7ae6289ea96af271bcca2b9c87d1ba407ae33996fbafe001976d96a614,5ee3eb490daecc122642b8f3896a26a81c0a29dbf7ee26bf029f67f643aae80a,0,0,0,0,0,0,0,False,0.1.0
AF-P51880-F1,alphafold_mmcif,c947b2243cf14da8b7f26d5705cd9bb9d850a00e88f26db190559199d595942b,5156377c25117fd6867105058eb9f8296a9fb85b30d6d7172cda25a8de2f639e,0,0,0,0,0,0,0,False,0.1.0
AF-P51910-F1,alphafold_mmcif,7b6ee80bfa4346f5c7ddfc1f9c8e98e38fed362592b47afcc957b1d9092c7403,2a8d8bbf63306a7b668acd4efdfa9bc3f2fb2df4271796b182249a049752052f,0,0,0,0,0,0,0,False,0.1.0
AF-P51945-F1,alphafold_mmcif,d984836170e09f6417d5f3663ca852d8940591c1aef1c1391ce677d0a1e0f3c5,901f206be4b22e1803a36da26f5c4f629b86409b4188277602956383543ae9f2,0,0,0,0,0,0,0,False,0.1.0
AF-P52019-F1,alphafold_mmcif,9412a841aeaab73bc1d44f19d4d673fb52cfd17b68227e43ba3da51040e60d27,cb8674018ca880352bb671e87a941c8a84dca1c32d530486fca83907abd18436,0,0,0,0,0,0,0,False,0.1.0
AF-P52293-F1,alphafold_mmcif,92bd3cb32e6649019f58c8312da58a11bde67c6e9cf66def3b1302f2a905badd,07bc7c515a566577842cdf7236de2293979bff0429b54dc31b34609e8a5365ed,0,0,0,0,0,0,0,False,0.1.0
AF-P52825-F1,alphafold_mmcif,5e8c674d2396bb96c96831c0cd166bc5fca6af545541dcf1ccae7162e9e871db,f7f4dc133f87d7cc1e0bdadd93f331c7ddec7944b0c28f7ab280e80207c0ced9,0,0,0,0,0,0,0,False,0.1.0
AF-P54130-F1,alphafold_mmcif,0ff1814c6dc51f38f9940244d656145220309883a6dab73134e82f5420410265,4a2deb7902c8bace8d7657db7b51f8aadad1fcd82097766cbe3721516e838e13,0,0,0,0,0,0,0,False,0.1.0
AF-P54320-F1,alphafold_mmcif,d14ec381d035544d147b74ec9975be3f940460bbf8a75b7b73c699a841444d81,a87257ce4f7bd838e9fff23cfe0266cbd4861f6b9a7df46cddd3cb0acd0d6118,0,0,0,0,0,0,0,False,0.1.0
AF-P54369-F1,alphafold_mmcif,724ad4a23d6d73b4a8163f9218644c6cf6aaf91c20ffa57f4ed1186b3f825c1e,a25106a9be734cda4cd0ea23d1c0a057c25935fee57911a083362f6eae655118,0,0,0,0,0,0,0,False,0.1.0
AF-P55271-F1,alphafold_mmcif,d5aee29da9464eae294b2c14c921702c28ba7440a13cebed19551ab3084fcf7b,1f9d44820c0492f63e486d59bcac797860de2d428e612e0d8ecdc5133389ae4a,0,0,0,0,0,0,0,False,0.1.0
AF-P55284-F1,alphafold_mmcif,06df7ce17167fc1c785a2f5c62d5bc52c5e96318a44a011f8efc8a87c9373138,979c94cc170c74eb88473b27a43fc39c5f32a646bedbec86b93772b3f01f9495,0,0,0,0,0,0,0,False,0.1.0
AF-P56375-F1,alphafold_mmcif,d482581507b79daaf3d7930c9fd4fe61fc21f678d577a8ff8b066c6967ab386b,3c6cedfe0d2ae3a2608da4c69907a182c658a9563f32877789caf9f426a0afc3,0,0,0,0,0,0,0,False,0.1.0
AF-P56389-F1,alphafold_mmcif,9143088707f41063582ee350dba8578d38e711645329b5dfd4e020acecf1a0a5,d96b1ae3891198fcdb14e067e1a9ffc02c24b13bba173432d69eb6db43b3b588,0,0,0,0,0,0,0,False,0.1.0
AF-P56392-F1,alphafold_mmcif,6e330aa9f49bede25bcee3ca1bec508482aac7594d9a442e0f71ee2eddca424e,12a77a44ee15d030aac0692256ea40044a4636d186d719c27001aea19bd1d7f0,0,0,0,0,0,0,0,False,0.1.0
AF-P56476-F1,alphafold_mmcif,a86f3a05c10d9f75b9a5bd291369b40de81f842f05f0f42f5942e79322a38362,289a47dbafb34b9d005be0451b2fb8734ff7ab7624c4f5a7cee3478b3020509f,0,0,0,0,0,0,0,False,0.1.0
AF-P56481-F1,alphafold_mmcif,2acc5dc8fd3bc6e7253f10b89887b00ca547adcade76e757dfb60d62fe768495,40c295673cc9af30d5788e91f65c8114c9574907592f1ba2787e638f346b6e07,0,0,0,0,0,0,0,False,0.1.0
AF-P56485-F1,alphafold_mmcif,aeb119496600f1aca90e04dd5ed02d21c9b67ec5a798132e622fe20b18cae98d,a52f14745cf3cd99d1c155e78557f574654e9cb41c33cd4e5b5c960b409720f2,0,0,0,0,0,0,0,False,0.1.0
AF-P57787-F1,alphafold_mmcif,e0276af3dc71e7f7970896efc89f7a52c10e354211edca83ec029a0a6d594924,518cf7fbdd7e1819af041ac45743479f321964f0c867d9d98a0fc082c628fbab,0,0,0,0,0,0,0,False,0.1.0
AF-P58006-F1,alphafold_mmcif,aa7a25f6a9c230baff5338ce33d7346659b26f930cad760c2985c244063e6439,10e2db8954b0a69a085d5a3ea0f1d60458ee81a62c54a46a7d2b29a2c088321d,0,0,0,0,0,0,0,False,0.1.0
AF-P58044-F1,alphafold_mmcif,1de23c5662ef46fae0cdd572b10f497ebd0039e968d0b9934c7508b063277b87,7a67e95fcec610530050d8b6b833b381aa996132d4005e6621a0987474f8bf1b,0,0,0,0,0,0,0,False,0.1.0
AF-P58459-F1,alphafold_mmcif,1e36f049508655127bc1a69c38587bb07ca8aacef88e3d434fd70e03cd1b411d,67f4b690c2694dcd896aacf6d03620936987ed9cda2f10bebd114ce1069756ad,0,0,0,0,0,0,0,False,0.1.0
AF-P58462-F1,alphafold_mmcif,1a4ac328e57b00a5c275693e9ffabade0f2103ef304eec7e7a7a2bf2f68af4d3,e42e8190748e7a92f268da8f3478ef81fc4ab19b5037adad118cfed0d42da0f3,0,0,0,0,0,0,0,False,0.1.0
AF-P58686-F1,alphafold_mmcif,320b60790f3f703bee332e86ebe497e5b86d11eb9b4e43ea3fccd116477627a8,93d9dc69b6ccb00ec361c20f0d1798d01adcf929370c6fa2a238b3f7055c999a,0,0,0,0,0,0,0,False,0.1.0
AF-P58742-F1,alphafold_mmcif,3fd9da68c892bdf5e3301e9c27c77ec0d74355324157fd449fbcf426798d25f3,a09f7f53e43d9434cb33d0dba7bdd04a421abd929fc3afbfd9d9e394922a23fd,0,0,0,0,0,0,0,False,0.1.0
AF-P61014-F1,alphafold_mmcif,69be3491ade551a4d73cb169a42917e1f37457a9df7307553fbeaf626638e360,28b1027155ec1278edf481f5fd264690b8df545470d57498af868ecde81bd6b8,0,0,0,0,0,0,0,False,0.1.0
AF-P61027-F1,alphafold_mmcif,42729016ce071bbe676d7fbfd3e90f732309cbb5a95898c50a2724143a26f031,8fff0f2d8412e60698a9a8185549f1ee5687e4e95b2cb2e5e1dd75d24355c3e8,0,0,0,0,0,0,0,False,0.1.0
AF-P61079-F1,alphafold_mmcif,7e88d7d02081fce58f59fc92443f6cfdeb9af50a3c8f5ee569bce18f50375851,1e27ae144e94cfc5161367dfc1d5cdba45b3d4d60b8fc96b1526e11e43fea2e2,0,0,0,0,0,0,0,False,0.1.0
AF-P61213-F1,alphafold_mmcif,f66b7696ea60b24e97d17c1dad61ca289796c1533fa767983fb12f5cbc20c106,5bff0c485eadd5fc36c3a978dc54113394ffb83c36edebd72d1064416d3a01eb,0,0,0,0,0,0,0,False,0.1.0
AF-P61216-F1,alphafold_mmcif,504bfdc35ef0b942f909754c1ee5e83c70cd077dc11a85d4b9895d1180373ad4,c608a90c06a39eb0ed87730fb3711f61b3f1772c8c45e659ce76708d07d19416,0,0,0,0,0,0,0,False,0.1.0
AF-P61971-F1,alphafold_mmcif,f583647c0e83b4c259aea560415ccf101a5566f08985f9353ea71d4ffb5bab50,4fc7e0b4aa7f8e494037132d63cd4518863f61b8df2758fa4d74feb78abc1824,0,0,0,0,0,0,0,False,0.1.0
AF-P62073-F1,alphafold_mmcif,8a8005a1268c620648f84546936dba864db3f722bfacec18f45836f6c4b4638d,b134703e5c6827d2a28b19885995580fac6c90152a960d83a558ffb82c842cce,0,0,0,0,0,0,0,False,0.1.0
AF-P62080-F1,alphafold_mmcif,88c765cf6a3d57fbe32db38fb132d885fdac6643dbe4551b3266601200989c81,962a56e0e3be7a0a2dd7ec83b5503082a950652e089e011c4e0f1f6c8e0279a0,0,0,0,0,0,0,0,False,0.1.0
AF-P62334-F1,alphafold_mmcif,d9866b1301a8edde17970c53bd9ff800cec82a9342d48a9ee1109c974445fe81,43efad200060155c6289fc56a596ab943c67cb60f6df1b1d2b5dad14b0d5327d,0,0,0,0,0,0,0,False,0.1.0
AF-P62700-F1,alphafold_mmcif,cb5620532b6cf76e7f63a8d01e6ad917e6200b5d44cd6ad8a84cadcefa23bff3,e2dd6537e8d5aa96394b396acc40e303aa66ed1e1dc45098e07a4e53430471f0,0,0,0,0,0,0,0,False,0.1.0
AF-P62827-F1,alphafold_mmcif,ff986b7fb7f497e85102ea1af9e6295e7552bddb2a743fc4f3a0c933e0771e79,218dcf1509bb97afe6d8012eb522202415f515f7455a023f015af36de57a3d0e,0,0,0,0,0,0,0,False,0.1.0
AF-P63037-F1,alphafold_mmcif,025a9f0ea939b2a93c56f19f579e0e639b8475a32eabaf377e71e7a33074db0f,17bda5150e01b123132109a9c29177578d252d6df107bcdd4b4d3b81550042fe,0,0,0,0,0,0,0,False,0.1.0
AF-P63038-F1,alphafold_mmcif,9d18692313f3b7d5841a2ed9c1f9e94bd9667031a7ecd0c8857623007465fcd2,6e9d28265599481c286e9ad6c93fe8fd9b744b998da689f2265b4bf51beac585,0,0,0,0,0,0,0,False,0.1.0
AF-P63078-F1,alphafold_mmcif,3dda96bbe512f56f6c99636c5d55645828f5d287ec4aae67a50ff8c8e3628c00,b6d519e429ede6dee74ad37bd8572bbbe9703f8309b69a964f433b6b08071e65,0,0,0,0,0,0,0,False,0.1.0
AF-P63087-F1,alphafold_mmcif,f72dcf0920510d89ac1918bcffdbe49ff340a11be01fadb3b0ce284691b4c62b,ad66df5907d06c5e1ecc2e7d87037e0a319ba8f9e6eb80904b20865066443f48,0,0,0,0,0,0,0,False,0.1.0
AF-P63168-F1,alphafold_mmcif,beff0263dc98e7dc46715fd229227cc67d670db4388e4a90efebddbee7755305,61d70228d6e71197b5e3bb7f58245ee42a0a8f69748d636ad16a2e479a2546f8,0,0,0,0,0,0,0,False,0.1.0
AF-P63239-F1,alphafold_mmcif,a8d28279e99e97368f27eb552fd049c588973e8007a98b22971df4d9e60ab85e,9ebabad609c759dea6340eaf22a4e76586cc58daae600e1ead83f4f7dc510de1,0,0,0,0,0,0,0,False,0.1.0
AF-P63254-F1,alphafold_mmcif,94fa1ec456c8f094e2c8e277f12b6c7550d22e4a33880fce997ec6f756b00a7f,40966fad8ca6d1f5e8118b729a853dd260fbc909e76740c6fe5a590ef6ca5573,0,0,0,0,0,0,0,False,0.1.0
AF-P63268-F1,alphafold_mmcif,1c46e37a3fe86c6b82fec8e3bb0d9ec0b7ad94711e67842e1d7f8b7269f91bc5,b0a9ee9264dd777b09d2c9949c9a1a7d43bacc1ad7649baf8396d7e1d6d7cc72,0,0,0,0,0,0,0,False,0.1.0
AF-P68368-F1,alphafold_mmcif,92749c9daf4925521c588e65f157f13e59cc98133f73cf4f4635b4f5c6fb31eb,bfc207644ead4e871a70855db9d8adeab56e57e6fddc7b07c8fe223411e950a3,0,0,0,0,0,0,0,False,0.1.0
AF-P70120-F1,alphafold_mmcif,251edddbe072b5a106c97991a5f527e5b6f6fef33fca4667785995b924131036,bee80aeb0987c428800c3d872ea066d6418d1506758fb5127512127aaccd7e88,0,0,0,0,0,0,0,False,0.1.0
AF-P70170-F1,alphafold_mmcif,ce3cc26b3a915c8d2644148c1155886d231cf7d51f8fcbafd179ca045ab0e6f6,accfd8a48347450983239f9c82bad0b6c13913eed017c824d903c4ae3b19b703,0,0,0,0,0,0,0,False,0.1.0
AF-P70210-F1,alphafold_mmcif,0b20730251fea863629c92b42148ab4dca6712e727d00ca7694fe3227670d742,2660b9f649a28ad62ff58a43f26477119b841fca45f76d98f3fa15bbe4bbea89,0,0,0,0,0,0,0,False,0.1.0
AF-P70245-F1,alphafold_mmcif,4bcec3917b89d382ab159b67d663c35efd61bba367ebeb24e700f9c295d0f2b1,1451403367185b7ea5495ae1151826b0ba94e202c647a0f13990217c9cb67e0d,0,0,0,0,0,0,0,False,0.1.0
AF-P70378-F1,alphafold_mmcif,b6864d1f56c6ec7827eb5e12decfcc3821a98d35b00421b1dad809796789fb40,a205f270018eebb2cf91d477710f772e19b49c01e60be35ba3006f16c72dad4b,0,0,0,0,0,0,0,False,0.1.0
AF-P70423-F1,alphafold_mmcif,c78c896c54f2fe993c78a00a150e37dc356319a3c0700045d7caeea005f8469b,25594c72fd0e007ddf524eb53d86b926f6d72de266d974acf945757674c599c7,0,0,0,0,0,0,0,False,0.1.0
AF-P84075-F1,alphafold_mmcif,dd7c85c585bdac2d30c7bbe2afb1f19ac583b933ee90322b9f0bff155830a26a,83e55f1f87c52d458350bb0126ed3ad0852f1f6c4c8b3eae972ef948a7f37d32,0,0,0,0,0,0,0,False,0.1.0
AF-P86046-F1,alphafold_mmcif,88000f3e9ddc1b618bbbb3a442bf4b513018d79bfb87e783a56ebbb8caa6fe5e,26099e84c6eb421ae53a810c6f73157742caf2bf0524b2af2078e4f91fa211d9,0,0,0,0,0,0,0,False,0.1.0
AF-P97297-F1,alphafold_mmcif,9deb031d86a84590a96ab5d6c4a7d9f6e63117f0f751fa37d2c9ae82deb625d1,e1500aa75933770c5891abba8670817dca7912e08372ab706f88d1d4a85c0582,0,0,0,0,0,0,0,False,0.1.0
AF-P97315-F1,alphafold_mmcif,d5c263e790157de2fc7a9517e817c362a71b56bf80897f2b19f4f867299792e5,64a5df91d138037c9e3437a25f30e9bb7f517a946eda641977e3f035b3b70ff6,0,0,0,0,0,0,0,False,0.1.0
AF-P97430-F1,alphafold_mmcif,b2540ef7533d2be0296b3317c273046dbb12d1691028db783eb7004494287942,4d58c9314ae720e0961e55bc41eb2c68c3a2e460936c50044f6926b1a6229c44,0,0,0,0,0,0,0,False,0.1.0
AF-P97769-F1,alphafold_mmcif,a78c2dd193f05a2116eaa062ce6f6a71ada8302668413a3f3a6e704e907a68da,fb3e2274f4fd402f5bb4a058b03c72cf8c19188c6380690042de19fde33cbb50,0,0,0,0,0,0,0,False,0.1.0
AF-P97794-F1,alphafold_mmcif,d69904ab090286db35c685e95a1e58bdefa1dba39f245546c5598947a3abe7d9,8163bde84eaca827aa5242fd1540c4b8649ec05d582e42d2f8d8bf5337cf94d9,0,0,0,0,0,0,0,False,0.1.0
AF-P98083-F1,alphafold_mmcif,7671de074cbd98723ba1ebe9d67f011ba8d35b1c07e36141fc82e913d13903b6,7c8e66846f32127a29fb29cd7e6ecd1c4648a684785b6f1650ae9444cad75df0,0,0,0,0,0,0,0,False,0.1.0
AF-Q00519-F1,alphafold_mmcif,6c671dedd9f73fa8adb4127ea547a47beb154815785678600a66e6f0230e609b,4c912ed3ea880ad8fb6599e0fefcac99d6515cdae0af1894b9e13291b3109745,0,0,0,0,0,0,0,False,0.1.0
AF-Q01320-F1,alphafold_mmcif,1426889e005ee712dc4275014047d9353bac4df733f6424bbdf34dd9d1cdbb41,1d611fd991d545eb4b2053546f7fb89cec96cd7f4ff6a703b20bac521f758a57,0,0,0,0,0,0,0,False,0.1.0
AF-Q01721-F1,alphafold_mmcif,1cbbcd984f55088f7050792b1da8e027ff33ebaea6f20f284b25c5dacbe39f1c,9713f32e6107cba9e4f7b987c8afc82d09ff16f9223abd7c0eadbd447e9ef060,0,0,0,0,0,0,0,False,0.1.0
AF-Q02788-F1,alphafold_mmcif,ac8da829564f336d76c87d8f7bc8990866ec5678fba92caba624465191bc6407,09c37b9082a980ad6c98d2f057a0259c620e873d937d23682f7d4b4e17457123,0,0,0,0,0,0,0,False,0.1.0
AF-Q03160-F1,alphafold_mmcif,6354406ab197c53a4fbdde692c82a7a14514280ff0a8c145ce46ddd3fb90079e,76c04b7fa003b0f61d38e0619f42b30204886196c0d020b5ad6910070f2ab9f0,0,0,0,0,0,0,0,False,0.1.0
AF-Q03526-F1,alphafold_mmcif,8cb043105c4902843c1795039a6dd8327f45a52069b840cb7ab3ed6a58387de6,eb5081ae07c5c0c2933aab22609e0a759a9706f17a73da105bc569ef7fae2ea6,0,0,0,0,0,0,0,False,0.1.0
AF-Q03719-F1,alphafold_mmcif,e733d3e8e0db7ac8053ede152a8aa33c3f69e88ef528becb70c61692e27503aa,7313c14364828aca6f82b15ee6d61279538c5e1946ce011ca45d7ebefe4dafc0,0,0,0,0,0,0,0,False,0.1.0
AF-Q04857-F1,alphafold_mmcif,7a89bdc484a992856f5d6dd370c65cf65bb8d241e0e6c33205b10a1ffb10e2e0,b4360860c6d9df0c4772a6e5e429c2ed3b0050c081a207bf77c45a4b882f0442,0,0,0,0,0,0,0,False,0.1.0
AF-Q05685-F1,alphafold_mmcif,0f7050049fd641ee3366f8fa3ba112b6df18217cd2055f4299778f00e32a6d4d,ef1776e28996a88c4203c06769db79e7cb47b42debd515a1839b6f73bd81aa81,0,0,0,0,0,0,0,False,0.1.0
AF-Q05910-F1,alphafold_mmcif,9eccef0a510f17e5c407e328435d41c6f420f8e60eba417ec59bd3287d7a0dc9,203ddef28c502ea07cbc728adbd91b3f9b5c768e99e1b299a0dff1e306edbefc,0,0,0,0,0,0,0,False,0.1.0
AF-Q05AA6-F1,alphafold_mmcif,17b4a66b8fdade94ea15524897754009fd25bd9d90be67b1b4f6b81ead1a563e,9a23a5e47996c195d3fca3538403315f7491308ee429dffab77f1edf861ea307,0,0,0,0,0,0,0,False,0.1.0
AF-Q07646-F1,alphafold_mmcif,610a3ee8c96275760713a156e00451a2932d2413e8a1fd0227e8dd71b375029b,9c011feb3cb4a7a612a373e51a1759487cb74a250458d6cb62b096d9862f2e93,0,0,0,0,0,0,0,False,0.1.0
AF-Q08091-F1,alphafold_mmcif,6ca760640ed3cf0f8235fbc14bdadf5ca178e4a6d2328f3b46323d35f8a83f74,76e87facafd844038d007294d67050988a8efe668ae23006c25e9b564aca5355,0,0,0,0,0,0,0,False,0.1.0
AF-Q08481-F1,alphafold_mmcif,425c59ab7be5f673b14e3a3aba478a921e017b994418f4c232c5f41e6ac7c23b,960c8ce18e91b5bc22c1f4bf3b2220e73a93fdf01ea7cfec2f14c74d80d816e5,0,0,0,0,0,0,0,False,0.1.0
AF-Q0VAW7-F1,alphafold_mmcif,e27fd055f48f1a797bbd1ab68dce4a464cf6e7e5599df993caedde3acdadbbe5,1149df80e9b5aaacfdd5da751c7d01db10f241ab6df8fb344871628ae3d68cd0,0,0,0,0,0,0,0,False,0.1.0
AF-Q0VBD0-F1,alphafold_mmcif,5622c6bec268bc716914adf40fb6b2e2fb44a56d9c4cf22b902d22860edd7329,ae45b8e7c401332830d790fb21a3c916003b4f9e198748fc7bfb24d8bca9622b,0,0,0,0,0,0,0,False,0.1.0
AF-Q0VBL6-F1,alphafold_mmcif,8a8c0a0d3d47d82a58a83aed54a6e01d376c467388c24d947cd9c6a9d7d494a1,00b9d825d3c78d684fa221c3d1425f84608f16a78e036c8b08329676b0129ef7,0,0,0,0,0,0,0,False,0.1.0
AF-Q0VG18-F1,alphafold_mmcif,2a75ff4c2d4072380eb175c27d1962f425074aa99a93e250236401cd6ba540ef,dcfa136f4ae52cba709c6962355a222e85c5c604633bf26bec14ed3cc49322e8,0,0,0,0,0,0,0,False,0.1.0
AF-Q0VGT2-F1,alphafold_mmcif,90074c25d4d75e3f2f911d3741a663b8dbdc07d90d3f50201aa5336d6d15ed39,7b46cc2d5790fab3525af2b88e64390263105191908063cbb47a47d1b78779fd,0,0,0,0,0,0,0,False,0.1.0
AF-Q0VGT4-F1,alphafold_mmcif,5187678d4760022d13bf4880edade2faea841e12eeebbb2d655b101f05ef51f7,f59d3266236a460b678b8088c47112485b04f4b96a99001f2852d9654fa16ad4,0,0,0,0,0,0,0,False,0.1.0
AF-Q0VGU4-F1,alphafold_mmcif,d231f1d35467678567580ec38a60acd6f7eb387e56163071576eb4f18c2a76b1,46bdd2c360de4797d2d8d1080bf5e84edd0d9571776b51bac093ae6a6ccd366e,0,0,0,0,0,0,0,False,0.1.0
AF-Q14AT5-F1,alphafold_mmcif,ab08689b389e50bd091d580a9fd9bab93f850f050714ed0d3b2c654f6331a72e,8e958a41c2792389c164abe1b44cbd605c5a094cccea78b5795de3710a907032,0,0,0,0,0,0,0,False,0.1.0
AF-Q14C51-F1,alphafold_mmcif,73d8d2f080eb60af34d1e79b7608399cbd47e6973e0799fe7dca015a31cf8b50,0462ee330b1deca0488ddbe5b72e72b5091acfe6335380ae06d98606bce53248,0,0,0,0,0,0,0,False,0.1.0
AF-Q14DH7-F1,alphafold_mmcif,93581c1966b83503e463026336381aba04ca2a109ec38e69a8bc25a07752923d,d146289a79730c8d2a3b76686cc58f1878e9e76142f60ebdca75d06b4e91173a,0,0,0,0,0,0,0,False,0.1.0
AF-Q1JRP2-F1,alphafold_mmcif,051aa3531795738967fb321df8f461f388bf6084e2ec67e4e87fa49ccf08c74c,b1839d2693a9f1ada607cf84df896ae3075eea3d560f769245894a686d21d3f4,0,0,0,0,0,0,0,False,0.1.0
AF-Q3MI99-F1,alphafold_mmcif,7308060023e4ae8e3fd5f105413eb16a6d4d209b512c4be1ada6d7a0ae5dad80,b8e49903d3ee6f04093782357fb2885e91e9f29c0b18aa6ac09ec0d80b83fa75,0,0,0,0,0,0,0,False,0.1.0
AF-Q3T9X0-F1,alphafold_mmcif,188d20d952e4904fb512f5eb1d251ccbb236524591f72369c8bd54b125fd1b3a,291c5a7188b85ee01b82322385a13ab8e8bbcad8226189143f5771f02ab8d636,0,0,0,0,0,0,0,False,0.1.0
AF-Q3TB82-F1,alphafold_mmcif,b22e2bfd2e447d54215a17727b370fd1a4dbc81574a55c8c2e9c93b057933412,a20c9b762a139bd1befd254d84c07ef7034bb3b97164219e40fe87a234a18a5f,0,0,0,0,0,0,0,False,0.1.0
AF-Q3TBT3-F1,alphafold_mmcif,3dc4991d0d47a8a0c0e9f9d8b820024582bed0e23275b44c1cd8d83bab067a4a,bb4faf1788ecb730afd3e43a491d61b3cdac0f73a4f6f03475615f15ee5cde2d,0,0,0,0,0,0,0,False,0.1.0
AF-Q3TCX3-F1,alphafold_mmcif,302d82e394488dc22a42ff94bc2931dbfcdfd3cc523a7b88c0421edd9ea8bd99,882eb4f2f8952087a2bd9463a547e559693313122960b22f30f92a85fe213ad1,0,0,0,0,0,0,0,False,0.1.0
AF-Q3TYX2-F1,alphafold_mmcif,773834541f15307ca9e896c9a266085f17ea4c842d0a4e61303f9263946e3862,c7d31434610bce4f3d2da8eb94d336dea624249cb3d40840a141b157c5d60f9a,0,0,0,0,0,0,0,False,0.1.0
AF-Q3TZA2-F1,alphafold_mmcif,eb2e2a26e2dfbdc075b3a3177b383ac4b00179d457bc5a54ea7d7c1558086799,0ded9e7d29198d0b79fcd8194cc4a380737ed45f9eb27b70ca8702d38701594f,0,0,0,0,0,0,0,False,0.1.0
AF-Q3U4H6-F1,alphafold_mmcif,abb95d6414c85db7b9725916f4cca95c4a00d24f7089fadc26db9f2d656f900c,5718e0f2ae215b4dec5d81cb4f9a04a665e022cc293a4479f51fb30538e93715,0,0,0,0,0,0,0,False,0.1.0
AF-Q3U5C8-F1,alphafold_mmcif,21931fe822fbc1da99fc3fc7858061c762a4909b4e3441d204d2dccdd55b5e26,ef19434e9888fbcb17eb86088a9292fab59f82754044145ed4105e836bfd8393,0,0,0,0,0,0,0,False,0.1.0
AF-Q3UA16-F1,alphafold_mmcif,ac8449171e25f9d02cdfc1401050d3360273cefd7b39641b3de5b356900f3964,69d7027c1443336f4808051ba0792b52b2f30c4aece56b9e8d054c140b4fd56f,0,0,0,0,0,0,0,False,0.1.0
AF-Q3UCQ1-F1,alphafold_mmcif,53573451f6461c3eb27e374f7d07d21d02c43de49100ae75b070b2f15e94fc03,55eb42cf956469c80cb912ac45e8e0e44387e1b18c66577be636e9c8db33f00f,0,0,0,0,0,0,0,False,0.1.0
AF-Q3UDF0-F1,alphafold_mmcif,d91a53f13020001b2ce1ac677454ef934d52e1d12a1bcf90f2c0fe02337467f0,3f08294b54a8dc782ba68493a55b51634304414e272839101e935a826ae48d91,0,0,0,0,0,0,0,False,0.1.0
AF-Q3UG20-F1,alphafold_mmcif,a2b3619719336b73ef05355c3170a04ff07c17c9ab0d62919b5dd5530346ffff,bcd07fd68eea60fb13866b47550806d500d7b6d3555b7bbd6141c168afd66b65,0,0,0,0,0,0,0,False,0.1.0
AF-Q3UH68-F1,alphafold_mmcif,bd509eb154b4c8a9ae488ed5eff15ae3f4a980aec322c768a3ac67160dccf537,3d95e07471bb973c9a049a37515892003ef8d3e5112ceeb43d6d13ff216c4b45,0,0,0,0,0,0,0,False,0.1.0
AF-Q3UHG7-F1,alphafold_mmcif,6f2ce3541aa99c3cb46553cb58a270bce4addbb6fb1d1b684b0ed5238f4f4789,be78b9cd8c9ef23a17cac880a35d92dfc7e133d1e05c991c534162814bdd33fd,0,0,0,0,0,0,0,False,0.1.0
AF-Q3UIJ9-F1,alphafold_mmcif,41277f3138ab99a61bc87b1d046bdd45e89d284a82f1ee98e2b48ab3bba6a918,2a88793e23c3d0a8b4be7bfd324cd49aaab693ddf10dd74384ebed0191be25d1,0,0,0,0,0,0,0,False,0.1.0
AF-Q3UN90-F1,alphafold_mmcif,d4ea25004d9175f6ef048ba5b3d4b6e85a866d358b03be23dfef4eb887a90e58,6589c9657c1871a7a3eb1cdae40e85a594aa4a857fa8acad7da4476b10d8a669,0,0,0,0,0,0,0,False,0.1.0
AF-Q3UQ44-F1,alphafold_mmcif,717a57951a9c1c4c2419414a10e48df6690b4ecd59ea6421a9e273e85f5de83e,51b1b123467a538aa1b9e53c6071b44d940e88f0b5c8dbd9611d698be9ad5df4,0,0,0,0,0,0,0,False,0.1.0
AF-Q3UR32-F1,alphafold_mmcif,9e48ed6a4744c3a7480f6840d4b67912ebff2419bff55d05d2b52f9705c1ed54,3eceaffc4aaa6c279b6188bdd777a6a5295951583650e4b621c721d18332f0a0,0,0,0,0,0,0,0,False,0.1.0
AF-Q3USL1-F1,alphafold_mmcif,7a09404a903e88de7e21cfb63cf0e6bac4840ba0e0138799128943645aeec7db,37a75635470f9caeabf028c7a68d36531499f102d0430af31292a517942c6788,0,0,0,0,0,0,0,False,0.1.0
AF-Q3USW5-F1,alphafold_mmcif,1cede8ab4b79bf9ff2b466b822118f44875009cfa5a79b54bd54da2a00a7a142,965963c5e70b6f5a7b7afa9dcbe75d2a0fe3c72527da99b2f0de1d759e7ba953,0,0,0,0,0,0,0,False,0.1.0
AF-Q3UTY6-F1,alphafold_mmcif,e39b1c074522f82c50b97aa9371061885efd7249c9196be652b30c8fb6f3a8e7,7c9065e58792a365416aba319d44bcfe74db762259900bc178b95c16c98d8de2,0,0,0,0,0,0,0,False,0.1.0
AF-Q3UZ01-F1,alphafold_mmcif,631adb1b61fc66aefb53bb3727cec810c095a3d5459dc6609ff59e4f222b3ea0,266f0fa24bb0e2e4eacf95995817085da6cca73181958563fbdd02f11192f4f3,0,0,0,0,0,0,0,False,0.1.0
AF-Q3V0G7-F1,alphafold_mmcif,70bfa557217ad2c442641e8c35c844d828d0eb70527c9fc3177fd90f09bf918f,8d68d337fd8bacc6186145f155b9fc5447db63eb4cda95084eb6a3f2a037c465,0,0,0,0,0,0,0,False,0.1.0
AF-Q3V1H1-F1,alphafold_mmcif,a3fc6e214229de28f16809dcef7c76c9385102b328b0843e498864c6d872c53d,91dc5462a06807dd9e8f46d40e5ff95c92779319398b72e316c40d1c7313c5b5,0,0,0,0,0,0,0,False,0.1.0
AF-Q3V3G7-F1,alphafold_mmcif,dbfe544fabc985295fbbc11dd2614d91dc55371bac253ad95a9ca33e16a9885e,d1d9a10b09dd0c1c7c7efdeb00ad153e6bae63d31d8f76089cce06376b6a4d85,0,0,0,0,0,0,0,False,0.1.0
AF-Q499E6-F1,alphafold_mmcif,3ea481bbc2a398723108a951e4952d66d2259726f1a61a4a7a4ec34c208751a7,5d9ad73e7e67173f8119e7b8e331f76e6dc884c94b00c6911988830e36142546,0,0,0,0,0,0,0,False,0.1.0
AF-Q4FZC9-F1,alphafold_mmcif,ace4f9dfd2b52983798ed72e3b6fbff6443349b66be4a570af2a5445c381ebe5,fc8eea1df21f68d2d601a4fec9554e5fce2f8af875267ebfe40f7b28d9027451,0,0,0,0,0,0,0,False,0.1.0
AF-Q4G0K9-F1,alphafold_mmcif,787ec1c717681429e8f03734672e7c8657861e369a8eb7dacf6395c5aad2923c,40fe74521ce4258f901ed988f0b59b04daee9613e321e74175ef650656e62b92,0,0,0,0,0,0,0,False,0.1.0
AF-Q4JK59-F1,alphafold_mmcif,bbe8ece9a2d8ee6c914c274c70fb91a600de0d2f36f94e022bef89490f47dfe0,790a9586b90cff4c970a4fb9aaa27054598fd1845ac1d78c0a69d61025a822d5,0,0,0,0,0,0,0,False,0.1.0
AF-Q4LDD4-F1,alphafold_mmcif,d5cfba19d79b2b67c02511b2263ad8b246e8885113d41d785377af6d204d8a16,b08f4223d02f3b359cc0b063aca07f367abff8dd668cebc64aca2fee2447fedd,0,0,0,0,0,0,0,False,0.1.0
AF-Q4V9Z5-F1,alphafold_mmcif,1bdcae1bac043fb66deab46fdadfedc9c427bbc63adb60956ca237124bf3482e,d69ce731f0d0aa7777a09400df3b4584c97dcf26f34af34f4734dfc520c11b06,0,0,0,0,0,0,0,False,0.1.0
AF-Q4VBE4-F1,alphafold_mmcif,a03d944146b32f64757eb7626e9e0cdb55f7eb530b12abd8dc2e250c41eaa528,10ec34efdb8ea348e3f4f1e1beae2d88679870a28e10497c765215983449c7a8,0,0,0,0,0,0,0,False,0.1.0
AF-Q562E2-F1,alphafold_mmcif,20adf187c09afcbbf7d9e230f812d511968bc47865a8b524eaa00e9e6823230d,a64f620f2a051cd41da5ec7e1bb50506eacadd0e15149ace34e7caeff3f6ee3e,0,0,0,0,0,0,0,False,0.1.0
AF-Q571E4-F1,alphafold_mmcif,343dc9898b86a75e8523064b1dcdaf47fbdcfc841ab3a07a57c422e4012bda3f,1deb0c3e2180625c7b66c012c797a316b9a4eaacec1a8991e660c1590d288d99,0,0,0,0,0,0,0,False,0.1.0
AF-Q5BKP2-F1,alphafold_mmcif,d57be58358a4189b67c6baaf4ea247af48112ebe2a04526ab748def92ae18b83,e38dede8c0aa9745b7ada00e093ee122da5de1ffa23be35690dc6f092396fab8,0,0,0,0,0,0,0,False,0.1.0
AF-Q5DTX6-F1,alphafold_mmcif,dba25c9408d47d50547a3070ee240934c06643441d97a9b656050d487b428fe0,097a4220771274acb6d3600324990b72084b98c5f245fb4110f1ec075013291a,0,0,0,0,0,0,0,False,0.1.0
AF-Q5FW85-F1,alphafold_mmcif,2795ae0908db362049ed0147b1679947ea3942cc30838498fec56c9879818333,34fd757def2fe41fb5e42d817af66f88b339a1f63cde329fcb624e0321a701f0,0,0,0,0,0,0,0,False,0.1.0
AF-Q5SSZ5-F1,alphafold_mmcif,8c5e5a78d9c5ec1713980ecca9562273c78d7f984c8b17f24bf10ab6475497ce,ad3850ac222207b9ab97c6f06f2f4e01fbb2ec50e37f4d5bb2538719d7205017,0,0,0,0,0,0,0,False,0.1.0
AF-Q5SUC9-F1,alphafold_mmcif,c549447ee9987182ecb06ab785eea1ac124f32e6ce6690fc9141e8b10033e619,72b0853d31fe225b28e8123a0849495bc6cdf9ca2371f27cb38b9e086d70f313,0,0,0,0,0,0,0,False,0.1.0
AF-Q5SUF2-F1,alphafold_mmcif,fb61a8e1060b2c3ed0e51199da95ad4fe5a5d654193bf43c99bf1049864d48f8,0e5100e8f28a4ca99fb3bb5f647d70ff62ef504a605d258448ca931ae0f0a9c6,0,0,0,0,0,0,0,False,0.1.0
AF-Q5SV41-F1,alphafold_mmcif,ce647304a3ecff27bcd4598218ef1d80cd225049b4c62097793138b55a58f1a1,fc4c65a30267de735fd169568fd4f7ba766e5b43a7037056a583ed2ad8a345e3,0,0,0,0,0,0,0,False,0.1.0
AF-Q60765-F1,alphafold_mmcif,7a3c6fead1d5e4309a1ece30d0231364ba65bfbb88ffeace774fabda803ea649,ae1478f3009a181193159fe25aa3f81f9a31f7d17c5b267ffa82a9390819817a,0,0,0,0,0,0,0,False,0.1.0
AF-Q60773-F1,alphafold_mmcif,63d6f66d05f670efcf67e92399b837e553b122ba952aa3f4b84f0ede7427a8fb,459ec8f0b97295c0761429f688a1a56269af32107dfa9914d98837a0859a30b4,0,0,0,0,0,0,0,False,0.1.0
AF-Q60787-F1,alphafold_mmcif,323d9dc275560c2bd1e7522908b7ce7caec5eb558a75731356cf175b5bbda65c,748d1ef83b7d35ffebcdc74e36aaf9925b47d167b59ee6d239d90fe96b320567,0,0,0,0,0,0,0,False,0.1.0
AF-Q60803-F1,alphafold_mmcif,4f65ca8167feea8901cb19979be4ded0cd0f4979abfb2a5f2eaf6c505428825d,709fe8406790956a381b95afd6d4582c29a7b0df7fa8d4fb050a2d7c0f5a30f6,0,0,0,0,0,0,0,False,0.1.0
AF-Q60805-F1,alphafold_mmcif,b4d97042cfb31fbe7f8bb413c8cd0a53c1cbcdbcbf6786d3a5fa8cd34571b386,02b78b5a64009377c133f1e3b26dca5936dc4d2f6aa34147773f75f28fe68f6a,0,0,0,0,0,0,0,False,0.1.0
AF-Q60848-F1,alphafold_mmcif,f01b91a0135569be46779f11da06a964d4908abe91a822be61b215faf8b0ebf8,988bf993500023adceb9c7984760bdfa4fed8a63c7a333e0e17f67b49b01493b,0,0,0,0,0,0,0,False,0.1.0
AF-Q60857-F1,alphafold_mmcif,908fa2132c457126d35a011395473e1404206be627bc04240830382ae8b52f23,94eae4a4691c0c94beb06e2bdfc04d796f761a4e819f0c809d655537f8c1f68c,0,0,0,0,0,0,0,False,0.1.0
AF-Q61024-F1,alphafold_mmcif,9b57f54330d59ab14ae7ed00c94f392fe1ef467c5720c9a126807a79da90d79b,e19ecce543058fd047ba75c2d50c9ff87af1af0b009834209d808e942595fee5,0,0,0,0,0,0,0,False,0.1.0
AF-Q61033-F1,alphafold_mmcif,942f176e8804770a8c9a67bf81c7e67fc6d8d6ad3ad3edf8d06ccec7adafa7c3,619539c06391601ff882b2a2298520d6d0d41bc78996457585ddf7546c86ee8e,0,0,0,0,0,0,0,False,0.1.0
AF-Q61093-F1,alphafold_mmcif,9d2357d56e1fd7f0f9f138c468c69c5f606a2a5b4e0eb70990cf710619ff871b,ad2d4f7f9de562c9768590cc0a27431e2b6df31187516d6f39d425f393da4444,0,0,0,0,0,0,0,False,0.1.0
AF-Q61147-F1,alphafold_mmcif,15d0b6c7d84561985fdcb6bb01d3fbce6f2fbb675f1ad9d56c2bcd098a85561a,fc9d06c093d296e197508bb0ff5b407d544da4df0fb8628b31cb56ce471dd3d7,0,0,0,0,0,0,0,False,0.1.0
AF-Q61207-F1,alphafold_mmcif,66ee660a32fce426b7adefb110c2db1f95e8e11ebb8775e078d774fa7f124d01,8b886b85c22227ca0dab6cc5d89e5c3dbe888ad9dc5eca782486631a923c3e77,0,0,0,0,0,0,0,False,0.1.0
AF-Q61234-F1,alphafold_mmcif,4bdf0184f957d1e4fc3b17a88c4109ba7a3311ada0a8c02522c3aa4e03a7aad7,971cb90b90a5b0d75914b6b2809fac2fddbe5521701d0cec1204e65e70eee6f2,0,0,0,0,0,0,0,False,0.1.0
AF-Q61292-F1,alphafold_mmcif,46b253f8489ea631acc596dd5364a3ae14183303cebf77f8c86e8d4c30c35d1b,379228f7a2321c90a4dff24085d9987d468928a5fa164d280ede1ee7b69e0cc8,0,0,0,0,0,0,0,False,0.1.0
AF-Q61467-F1,alphafold_mmcif,79b63f98e0ffb78bbbfca7979c8869dc70a76fa1802fd0b2473e75bd7979f26f,c787848f493e06a33afc9a82d6bd9eb792d11da82cd8ef6fa120583aaaff9eb4,0,0,0,0,0,0,0,False,0.1.0
AF-Q61468-F1,alphafold_mmcif,91459f3e46f48d33c45256f3d450f4fb1a113f6b3c3351cd2ad4ae88ea891cbd,4785975289ea93ed7e6ee2c4a4dbe9d19df7520e020af4f922e4e22958a4a6b4,0,0,0,0,0,0,0,False,0.1.0
AF-Q61477-F1,alphafold_mmcif,a723075554fe3c45b952b23d23e6f600a4045ec4caf22c2ed141f40d3c1fe995,d30f927af3346c1f484ec381926b664997a0455b0c00f223dbde2c780831a14e,0,0,0,0,0,0,0,False,0.1.0
AF-Q61481-F1,alphafold_mmcif,ec0769902dd883bf87525107f44bacee759888665587196601afaa9bc82c4990,70fd5a73ed10743b7bd30425f0e0fbfd949355fbd165795213401cd71b86a147,0,0,0,0,0,0,0,False,0.1.0
AF-Q61508-F1,alphafold_mmcif,f92122c0dd7b65c46ffb47aa8adde1358635a6cd0c010ed972e4c45d4518e821,0b766c732872453392d80b182b7013415ff35a6a9a5aa12c920952e0fba20d45,0,0,0,0,0,0,0,False,0.1.0
AF-Q61592-F1,alphafold_mmcif,167fc02ae0a8a575b91442d9adc74fa0dc864dc0cd88b05f4731fbb45913eb05,62ca137537d0d081745f28a5f3e37740491c2360c89ed6913689d6c357511910,0,0,0,0,0,0,0,False,0.1.0
AF-Q61660-F1,alphafold_mmcif,8e528d5dba60781ee673b75e872d796ec49a2b0ba9acd250a5089d7d80e91c5f,31828ce48aad64acc1498390a4fee2632775a76912b65b812d6e36e71d819459,0,0,0,0,0,0,0,False,0.1.0
AF-Q61711-F1,alphafold_mmcif,45712a9e366945971e7b3e02d539f514b6e2ab4a8d71e8b37c7e546d4e2f9703,36a715c19aa806dd17277a38054c10669bd0b66cc8428f60cfbe552c3edd34a2,0,0,0,0,0,0,0,False,0.1.0
AF-Q61805-F1,alphafold_mmcif,d749d6a935a81271b51c147f093118c6850a82491d77c83f28d5f7a906347ca4,e8a07fa85155961fe13f7308a0a3b308aaa863a2163098b584d8ae243472ef3f,0,0,0,0,0,0,0,False,0.1.0
AF-Q62000-F1,alphafold_mmcif,b881456cc37a9c165ad9d0e92fc54409d0c5514d038ef17cc24a8687275e6b1a,6801e67877eed08e8d1716032a472615e512f14c9a95960d839ce6b902f298cc,0,0,0,0,0,0,0,False,0.1.0
AF-Q62273-F1,alphafold_mmcif,72ce5ee2d0dd44647640232f47e14390fbc99a3cd37d25c709025357df65b82a,1781eba64997a8ddff40fcfa20985384770534b2f6494aa48af3b085075fd94e,0,0,0,0,0,0,0,False,0.1.0
AF-Q62312-F1,alphafold_mmcif,413ffd7ed55e8f7144800c6f20acabddccd80f77f5439619f4603dc69dc2d568,b9dd15673c9de579b05a01db438eb528a91ca757da211fa9027563cb2f6acf82,0,0,0,0,0,0,0,False,0.1.0
AF-Q62351-F1,alphafold_mmcif,b939f63bea9ff30eaa18595ef23d659a6ca2ad3a1dca56a3573be6f3981ee690,d69bbb0ad6a27fcb1a1774e3103578a9d1ff2e1bddf2f0a8f90ce5176043de0a,0,0,0,0,0,0,0,False,0.1.0
AF-Q62392-F1,alphafold_mmcif,c703b66898568a81893fcb4c0779a6904b58cf656db7038904c2529937f092e6,25bdfb3dcffed57f0cb3e085077092270a51cd2c10e3afdee00f185295baa3a2,0,0,0,0,0,0,0,False,0.1.0
AF-Q62443-F1,alphafold_mmcif,3f6f838c2a1f03a0aff438b83f737bf4e03b4b1db13a95dc154796a91d94b8d3,4a2ec09437306f69c2f3dd8a2dd5d774a9c0e96a7aa3fe6e728ae6eae4a52046,0,0,0,0,0,0,0,False,0.1.0
AF-Q63918-F1,alphafold_mmcif,1987d16a3704f58209df7884a8f9c1aa2ebfbdca07bdd55d41ce6cab8903a7a7,36de1d8541daa3231d76b9b933112dea9146c5349cd7aec1eb5abe4411816544,0,0,0,0,0,0,0,False,0.1.0
AF-Q64281-F1,alphafold_mmcif,9b5e9bee129d0692ea456e70219fd25b84214284b5cd7f8d0e063310992de3d7,8ed55671b281fa911d129ddaac2712f98b99a61130be320abfdf480dbece68c5,0,0,0,0,0,0,0,False,0.1.0
AF-Q64378-F1,alphafold_mmcif,cc5643cbb654be2ebdcd531b9281b1a8ed378448f5b6f67d9fb78f3e6b1dcc17,9e7f7a927863b8dbec516cc1e59e508ff048399259136752ebf0a1d4cf17b58e,0,0,0,0,0,0,0,False,0.1.0
AF-Q64389-F1,alphafold_mmcif,a5ac8b1cb884247b9f7fa72dce58abc4bd8434fd8ec80c4eef00653810b8e13c,7f60c823d8e96f7b4f36da295085baf05f327701c0f8304473a0cace4b6fd317,0,0,0,0,0,0,0,False,0.1.0
AF-Q64689-F1,alphafold_mmcif,cf39f54307a9cc5bcd1576dc3105a922e2115a0730e7b08386f381e72ab3206e,fac48c8b6809eba21e8c2f46235500cc76e78a86d0ce0a1831c669cf1aa45efc,0,0,0,0,0,0,0,False,0.1.0
AF-Q64700-F1,alphafold_mmcif,06921c0d06aa64b67cf1bfc25dc8a064b88fcf1e34d6318c88565df4c239d355,cd724b994ac42c825ef079435d4ea7bf6e7cddf14e3f1e3a82f5426d0fc3eea0,0,0,0,0,0,0,0,False,0.1.0
AF-Q64GA5-F1,alphafold_mmcif,ed473b48e9939a0b23a927ef9b16fdb074e45008b8f0b7ad5a063c267795c095,62e5cf0e7f6bebad48754443c30463d0d95214cf8809f8b787571e2c4bad7511,0,0,0,0,0,0,0,False,0.1.0
AF-Q66JX5-F1,alphafold_mmcif,b34a6f55f97fc67dc5c8bdd53aa13d0c3f1568cd39d71dfb902ad365ae850d59,b204846c210403788de9a0f87f3286eac84527b9830dfa5ddc825fbd7647b458,0,0,0,0,0,0,0,False,0.1.0
AF-Q673U1-F1,alphafold_mmcif,564948f03c4f95447d3b423e343a97df4e6676351b1d49b291fbd74c755d420a,b2c0beb55b522e624bc9fe3fed57a7f4236eead96a22025c237ef9b6c60badc8,0,0,0,0,0,0,0,False,0.1.0
AF-Q69ZK0-F1,alphafold_mmcif,b46e6d9b1522038a1f8e831e25979b33255e6968b74ec49b0fbf3249e330713c,70d756280e48cb56e05c45b5438da23c48ed9231353842bc53e410828fdba787,0,0,0,0,0,0,0,False,0.1.0
AF-Q69ZK9-F1,alphafold_mmcif,999df7c8d27d96ef0bf30367d43801a6cdcc15cf1c0f151d044ef18d0d489953,90119e76fb7738570ecd58c293bfc07e1d135d74711f7c30a9a5f50a6acd54ad,0,0,0,0,0,0,0,False,0.1.0
AF-Q6DFW4-F1,alphafold_mmcif,8c6d73c0f40a6b4bd48c41b9478742dbdb461d5a95c4910e07ea624897fda741,7ffc91696bdff0bd442ca63e8ad17076f1fcf3ca4bb939a55731f218fbfcf828,0,0,0,0,0,0,0,False,0.1.0
AF-Q6DTY7-F1,alphafold_mmcif,743833c1e837c72db6cdc9b036302ee3c23897dd38a0ca644030b9f0eb6819e9,89efe2cbc5316ac207ce050ae38ddd21d74d3e743e97a10ff7eea927fa250a7e,0,0,0,0,0,0,0,False,0.1.0
AF-Q6NXJ0-F1,alphafold_mmcif,d8a0615b2fbfcb04c09f56cc41fd92de3efba717eb19c3fc3c5951fedb7fb16e,a407bcb2f80f587a6b52d8ca8cc895764a9bb14a41aae2bceabb4ea8518839a0,0,0,0,0,0,0,0,False,0.1.0
AF-Q6NXK8-F1,alphafold_mmcif,c1d2763bd6cf11dbf6b295928c99fb94049b3200055e6ee69b87e5ad7008dfea,73aac4f55438131124985e01894d1214a86b4c167c439361854aa9301756feeb,0,0,0,0,0,0,0,False,0.1.0
AF-Q6NZK8-F1,alphafold_mmcif,89b71cb4696aac368af9fdef209e5f84c2bac975b5258d6b0b0e8c2fc1a2beb6,aa358926dc2ac60745b32b30976d2ba109e3f7038623d890c4923bd8dfe3d94a,0,0,0,0,0,0,0,False,0.1.0
AF-Q6NZQ6-F1,alphafold_mmcif,d54f4adc6028e70d3215fb522ebb7ef899de8f4d84ab96fbe8d40d93ff6f75f4,ba08f38e90d9bbe2fe52187862b52dde2d175faf2be0ea63ece6467e386e6241,0,0,0,0,0,0,0,False,0.1.0
AF-Q6P1C6-F1,alphafold_mmcif,228abd279f7fabd848449d81529d64f147f938534eeeec6d26a6930e07ac4171,27bbc0b3766fff60aa54c30ba039bc8be5b07aaeecd018efc5312e7662675d06,0,0,0,0,0,0,0,False,0.1.0
AF-Q6P566-F1,alphafold_mmcif,6f712a377353d5031ae10107f3c5964b0ae2aae9795aafc5bace9823bd43e9b8,035f08c437654bebff48f91c14003f01fba5298e9f507af58e145bb9bdc24d20,0,0,0,0,0,0,0,False,0.1.0
AF-Q6PAQ9-F1,alphafold_mmcif,b1aa83010bdcfe20bf90cffd92a316f191fea7df0dd3a77c476ae9f1e658c88a,2ba0dae7abb63558a00b70499681c0fd9c1fe1b1cc2af2c23611aa93c5158e1c,0,0,0,0,0,0,0,False,0.1.0
AF-Q6PCM1-F1,alphafold_mmcif,7316728b85e9000223e4e833e6b62a899f3e8a761958ec95fe41fc308ebb772c,e70d5d162d0214b5866e5b992c8bf6a0b4104e2231c65b7610d60e2937bb617d,0,0,0,0,0,0,0,False,0.1.0
AF-Q6PD10-F1,alphafold_mmcif,de5ab57f399a15682b413cbc2a04d9035299cbf1d453bee16df468655051a59d,aacb13ff60b5a53dee957223db532432c7b6a706fb93bbce38dc0bb85ae998ef,0,0,0,0,0,0,0,False,0.1.0
AF-Q6PGB8-F1,alphafold_mmcif,ff7077d743e41ce57af481a67df24655173920996b49a7171bb1328a04e6e355,e8d95a67e0a2b9305fe567bb4277b4a07d32437bfaaf80882db3e3971c9f22fc,0,0,0,0,0,0,0,False,0.1.0
AF-Q6PGK7-F1,alphafold_mmcif,0cf7d5fd73bc0b1ecc603fa5434ef4a4d4a0637bc4c79278992d54f2adb3236c,1bbcfde6d5ada14814dd2a78ea8651af66e1e0cad32664576af5defee2606d5a,0,0,0,0,0,0,0,False,0.1.0
AF-Q6QWF9-F1,alphafold_mmcif,d9694db434c2232d4fea194eb9ae231a086d533ce032cd0709811b816ad6b4a8,b273901eec50b48af3459c0f31bd9f5294fc324dc619300ed154d2460706b2cb,0,0,0,0,0,0,0,False,0.1.0
AF-Q6U7H8-F1,alphafold_mmcif,cbd2f84be1592f445bc25cf6ef811eb39048ee7623317c751ca1192691e9dfa3,543b1d714840e37f2ca3a5465658e0bcc0974eb0d37ddb3497a7be22a67ab656,0,0,0,0,0,0,0,False,0.1.0
AF-Q6ZQ73-F1,alphafold_mmcif,f08510dafd2eee9d95f291a15c38b13afc01e5440267335227141a2e9bbb997d,37513576ba11cb9161bc24f300cdb90617203cd7891d8616ff1b00512ddab9c8,0,0,0,0,0,0,0,False,0.1.0
AF-Q6ZWR4-F1,alphafold_mmcif,4510a619c7f1e495bc0a469c913f1e71fff7c7dd3320cc35fa724ec284b2a866,bd413b52ca0a4727446a68534be012149d301db2c35f682e63e2b4c51f84a4c8,0,0,0,0,0,0,0,False,0.1.0
AF-Q71KT5-F1,alphafold_mmcif,81412b743f54af91937985d4b17912041c3f18791ca5b32c4fa7f5acccbc516f,1cbd04c40533d6ddedeb2ddb4c2d273f81e0ff5b846db00428cfc2d5f92e7009,0,0,0,0,0,0,0,False,0.1.0
AF-Q78TU8-F1,alphafold_mmcif,1803789b674759ebc236742be0d722f913fa9dcbb8be5c42f14881eccc5b7c6f,9bbba901c813b9a5a34baa5f77fd3a49558e9335e0cb70a65bbde0600ffe15ad,0,0,0,0,0,0,0,False,0.1.0
AF-Q7M760-F1,alphafold_mmcif,c0c15284c8581635522e77d044afe1ad571b143902062931c84c90e40cdb0649,0bdde4328b1cb2ce7b8b19f912277c7c605916f872a7163a74202814815973a6,0,0,0,0,0,0,0,False,0.1.0
AF-Q7TMJ8-F1,alphafold_mmcif,d48d20cd6baf257eaf405315e0fecc42afaef1ca1baa72a0b90bcc5ff37cbc1e,c5f22ff0efd8002f49062f03faa0bebf977244818ab72d5da6bd14fb6243dfd3,0,0,0,0,0,0,0,False,0.1.0
AF-Q7TML3-F1,alphafold_mmcif,f5808d9d112f9fd4c9feccd46d6621ff060efdab3f686f53b48ce2b859b63edc,144879066e26e44af146d28a5d7090cf34470fa37d11b77847c9c40de9b42237,0,0,0,0,0,0,0,False,0.1.0
AF-Q7TMM9-F1,alphafold_mmcif,b9f38244c6be940743f37f45d7fc21cc2caca6109d3911857e201709b43a9544,163181025afe63437500f3c740fc22fba9e9f43810480fdb109c5a3661bba81d,0,0,0,0,0,0,0,False,0.1.0
AF-Q7TNV1-F1,alphafold_mmcif,aa3be24e6adc16b5ab5848b27ee5819b06eedb2b12868f06127fb08c81a582e5,dd8463643212c34501636ddb9948759cae9045adfe20ee8c2b28e02d1f32cd77,0,0,0,0,0,0,0,False,0.1.0
AF-Q7TPM6-F1,alphafold_mmcif,be477a9ad190f4bd3030b9f58d8536928c5374d178dbc7ccca0b2b237519eb00,571dc0707e2565358cad22322e26e325673a0623c88961aed83caf313ee25730,0,0,0,0,0,0,0,False,0.1.0
AF-Q7TPQ9-F1,alphafold_mmcif,e505306c5c243b8e29b6e884a91d3fd41be5d7792e4296d35edc3808040b2e02,bd7bc2e83451760370069a64cf32874bf81aa48cc49269d3822bed5d328dcf60,0,0,0,0,0,0,0,False,0.1.0
AF-Q7TSJ2-F1,alphafold_mmcif,279d44d5238af46f2ae513bc4bbb42e75c0ce805854fa4ade6d132ecb822634b,42de1c1c1a4142d9c8d235db097af68d6b57022f98f01c179eb653705b6118e6,0,0,0,0,0,0,0,False,0.1.0
AF-Q7TSK2-F1,alphafold_mmcif,65f4fbed805bb7bb26c4b55a20ecf3383dad0fabb3d6fe4eaa33e8ccd2e3a0c0,171b3d9171a3a6fc7eb417dc57d6a48466ba6d7b11dd1c2de5b198eeb1e77341,0,0,0,0,0,0,0,False,0.1.0
AF-Q7TSQ1-F1,alphafold_mmcif,aa53f7ce78c47c811235e8501741ed848eb229c1dc08808e27febab101418660,aaab8b23d56a0c844cb2b29a4d36da1e00886bbda74b72e24a73678647232279,0,0,0,0,0,0,0,False,0.1.0
AF-Q80TS8-F1,alphafold_mmcif,bab2ed8026da36f175c79188096be3ae3c711e4d19fb7e3c9a69f55b8230a21c,c3aa41099caa9a1ed03dce3ef7879ac6c10ca3323cd1b166fa5da3056ac98983,0,0,0,0,0,0,0,False,0.1.0
AF-Q80UP8-F1,alphafold_mmcif,45262a7a78ada5f96ae17c8fae4b314e9a54eb8e18d1a1c49bcc835ff3f23088,5cca00d0bbe0dc90e8bd4351d7d5dfc93ad947015c4ba2c23d9c26e0cd9adbb5,0,0,0,0,0,0,0,False,0.1.0
AF-Q80WV3-F1,alphafold_mmcif,988495bc8eae224bd5997386070c1ccc3e5f9f4d4cc614864c235c8e0757c35b,3461f293f97bf261adbc067d8748e70c045915cf7ea4b8d71524807dba2a8997,0,0,0,0,0,0,0,False,0.1.0
AF-Q80X95-F1,alphafold_mmcif,075c3580e7f0513021cf9d8b8f3c62891565ef8730fd4212ef54a8f9796b48f3,bea8da48ea83a574f52dce21f85078661423e37958acb5895e7de74ef164c6a2,0,0,0,0,0,0,0,False,0.1.0
AF-Q80XM3-F1,alphafold_mmcif,8b75d75f5c92caad525d355053635082a813e941dd5e9316d24d06fd6d563347,c3f281eae496e3c8424317403473ea690ca38d777964ada5a7d8d24b4c9b75a9,0,0,0,0,0,0,0,False,0.1.0
AF-Q80XM9-F1,alphafold_mmcif,46fb0895f4c4f5c732a9a67bfa6463d6e971e1789ef28c94a0c27040aa73564e,5fd16afafb995134210b93506cfdb0c6a1b8130ba418e97a8f80670f4f7a4ebb,0,0,0,0,0,0,0,False,0.1.0
AF-Q80ZM3-F1,alphafold_mmcif,9faa50d56a0c8629ec4a0104aa99d05b3a1ce1a837dc868b0647e1e511f12082,45759136400ce08f6f9fc850b7c0d4504ed72e5b58ac4e2c3adfb347a17970c3,0,0,0,0,0,0,0,False,0.1.0
AF-Q80ZN9-F1,alphafold_mmcif,f83afc9e533149650336636c2a88baae51404787bac10557ff4e4c87e193ab38,cbcb130765ad366c14a88c2e88b0a14a6fa8cf2d142ed5fb32d8b8e3fd2f1b23,0,0,0,0,0,0,0,False,0.1.0
AF-Q810P3-F1,alphafold_mmcif,dedd9def8e8548e54e4fa8c2de8781cf4cbe90ed0b0a563d4bab7f63301ed352,999039a0f25c8daaa5c4d12afe549b5af88181f55dc14b3f45c14f26d8eb80c9,0,0,0,0,0,0,0,False,0.1.0
AF-Q811W2-F1,alphafold_mmcif,6d3f983ed43ee0b37c82189fa19847c164e2cfea73920fa6a3797ac9ff2effca,c6557d50de1561e890c0285cdaf61c94c7cd44cf0ade1f225cd25a200755e1f5,0,0,0,0,0,0,0,False,0.1.0
AF-Q8BFR5-F1,alphafold_mmcif,c8550d513dc1172a9eb8c9fb8d842852c585d34c59169c4aa658ed572dd9427a,6ff4b5a3e0f679b817a37046b932092e6e78c246510597a2893e75db598dc3a9,0,0,0,0,0,0,0,False,0.1.0
AF-Q8BFY7-F1,alphafold_mmcif,29d3b17f81eb50757de7802cd125881b5eae591cfdc937a52394638e5b0067a4,00bfbf538db75d1de741e8e8bd7fb95280bf36f2027120c50508602ea7f28dbd,0,0,0,0,0,0,0,False,0.1.0
AF-Q8BG26-F1,alphafold_mmcif,a766b4ed7bfe16aee9af37a9c54593dde298bbf40ab9884dbd95dc67812a7c28,04708f478ee177f670a1d53045bf54aee968db8af227b38c39a1981ba6afcdc3,0,0,0,0,0,0,0,False,0.1.0
AF-Q8BG60-F1,alphafold_mmcif,f7067df49fa5b6e317d2cf8a300e22c282d4e9498c3188084e1549c4401570ee,09328f991194258d55ac7ea3159a8cef1ea5e06f395234c6aa84ef5fba1aacba,0,0,0,0,0,0,0,False,0.1.0
AF-Q8BGQ7-F1,alphafold_mmcif,93d7f4f8bebeb77615d2182d91e07e5f289f3def06ea851194d4948ebc211328,f1cfe2797aced0f906b534b584ada6f78da5e016885bd4d1c281674cb44b7ac1,0,0,0,0,0,0,0,False,0.1.0
AF-Q8BGT8-F1,alphafold_mmcif,7ccd064ef9e0e893ae28a6cf22a2fe2fead21a8179dc3688e7502f099a93397d,9ad777f0186c58c1864742e9880e4232d35ef1b07bbf8bcf19c78ce9874820ef,0,0,0,0,0,0,0,False,0.1.0
AF-Q8BH15-F1,alphafold_mmcif,a95a766e122ad6373efcafd469d99e6f796ca4bd94f299301d4c10cabe80e114,7b759cc06f52967c77a45059f90fa84db6afc78f73c9163a0b192404883cd2da,0,0,0,0,0,0,0,False,0.1.0
AF-Q8BH61-F1,alphafold_mmcif,93d79cdf5af0d143061b13c0ee2506b0446455da910529ec1bb7b59cdeffdac3,ce47c54b47d145887a2ea500ddca53619620bce19fd5f41ca8ff407b1cc24c8d,0,0,0,0,0,0,0,False,0.1.0
AF-Q8BHC0-F1,alphafold_mmcif,56fa6bdfdb6c4acb454bbc8b8f980cb4621cb6d16b7ee7be67560671c7516818,f5dc6a390fecc3754874c8653fc18a7a46902428ab9af32d6501afe8017713e2,0,0,0,0,0,0,0,False,0.1.0
AF-Q8BHI4-F1,alphafold_mmcif,984a0bdff728d7b75ea537a2557fd983c20a7e77f5e53d0b3e7678ecc4de8ac0,4463ead3b15bec63863351b68d3968002a7c38424230819f4ac5ff005491fd74,0,0,0,0,0,0,0,False,0.1.0
AF-Q8BHK2-F1,alphafold_mmcif,300972f52f4e8bd984771a2ed030a388640c81fcf6d892f07fe30fced41264a5,aca3487502fa2f3bbf872738e67bd8f6dc94ad1d954cac899a71d4089ce60cd2,0,0,0,0,0,0,0,False,0.1.0
AF-Q8BIP0-F1,alphafold_mmcif,7d5283c4a29276f0a8e477b9047071d5a2b035ba8689a14f533c3331425227f3,57fe22ae96b7faf7f64d40bedaa9d3d167716d1f132268dde9f33acde3b8f431,0,0,0,0,0,0,0,False,0.1.0
AF-Q8BIZ0-F1,alphafold_mmcif,1e828c16f11ff9d47147f8fca21d4d5c1be8c95936ec81f98e707531378ba814,42dcd17e80b8d60d9391756b25b165fcd43b1f69ab39a2951e53d74d4b0363b9,0,0,0,0,0,0,0,False,0.1.0
AF-Q8BJ71-F1,alphafold_mmcif,6c518c7f86cb71e24289bac554a8a4432dd9e82e41b3d93558e2e9d063a4b87b,1b0f9c24dc713a384a989d2a77bb6bd6e1f003cb682ce03a3423989765b12704,0,0,0,0,0,0,0,False,0.1.0
AF-Q8BJK1-F1,alphafold_mmcif,76c563e4e06cacb36985e7ce9a3cb48d2f7540dfcc408e11639893e033cac5af,180579d2ca01f6d44ed36776e8b3eafc7d24d47b626b092e72d633236a12e1ae,0,0,0,0,0,0,0,False,0.1.0
AF-Q8BJS4-F1,alphafold_mmcif,5aafef037e5221291a899e98c4d3aded4d2a760a76e67317d088ce0b7ebe1af8,129f5ccc336d222c776c905dafe480e2dd9c5b05dc04a567a3d6a32be2a3ca33,0,0,0,0,0,0,0,False,0.1.0
AF-Q8BK06-F1,alphafold_mmcif,422dc1597c3ce70e5c1e493d72fead4f67bcdfc0f9dcffd1bd6dab563cec0d86,93054b0dec55cd21eec2a7e8e8b4d64dda6353fc25d1b9f25064865315eba1e7,0,0,0,0,0,0,0,False,0.1.0
AF-Q8BK48-F1,alphafold_mmcif,24d4d298cc165102eff4ff722acc908e9e7c819060613792ddad5bf076c55592,2de288b8a23a18e5d9cf6606724ed217493848cd7b37f7bfab28a3bcee600d74,0,0,0,0,0,0,0,False,0.1.0
AF-Q8BK64-F1,alphafold_mmcif,3955a45886a474508f085202170b95d70c1822515d9df484640437e7aa12863b,6c99bf0f795a47df21d85ee8ae833a6bea57a4f79be7b84a7bc973cd5bb8e16f,0,0,0,0,0,0,0,False,0.1.0
AF-Q8BKT6-F1,alphafold_mmcif,b4df3f5748cd7fd7a00fd607a2cc4fb30fd389cbdca352a8d15841369219ca7e,e30937c0a6aeac024c4de412531374b4b1dbe5c9e85c0434fd7fceb918f7319d,0,0,0,0,0,0,0,False,0.1.0
AF-Q8BKX1-F1,alphafold_mmcif,98366cdbd60840e684f17aef3207f1d6d623f64ca9735bdfa51960878069c376,2b2ba9f87f454489a3ffac9660c67f9a9646bcd041e3e529400bf9fc95af7285,0,0,0,0,0,0,0,False,0.1.0
AF-Q8BL06-F1,alphafold_mmcif,aaac6eda0e665ddc8ec592e125c0bb4744ffbb5c85d68ecf531fbbb5c01b9389,9a2ff545093bc8612dbcdf6b47e05d6e6858937bb40664bc4dbe7c73ed876da9,0,0,0,0,0,0,0,False,0.1.0
AF-Q8BL48-F1,alphafold_mmcif,fd5aa8ce7f57cb2158b5286cf132f2054e8f161948184f62c7310fdcc4e988a2,7f305429d6a1b2b1f870168f3eeae88ef75bb7780c58f16cadeae29aaa497c9d,0,0,0,0,0,0,0,False,0.1.0
AF-Q8BLC3-F1,alphafold_mmcif,e7659777fe21d7065a21bcb8fdebe9ccc73a23374b1d0004d8000d4b3202707b,f02394a9ed2320416bf9752ac6466adf968a743253c28f845aead266af3da09a,0,0,0,0,0,0,0,False,0.1.0
AF-Q8BLF2-F1,alphafold_mmcif,e75ef0b51fd46934f469576318d574060475f8c6b442b41be4c4c6063a25579d,564148303dd3f79e26690e42bb07bad6c8581be7b81d6245979d9b51ae3b6c2c,0,0,0,0,0,0,0,False,0.1.0
AF-Q8BM75-F1,alphafold_mmcif,e8b2f6170a7df0830d200c36f06b4e9a2f1c52842aac025100e0c6b4d43881a8,f9f409299e0d96e21477484c46fdb9bf0758bb16ac96f6c8607e07702aff5bc9,0,0,0,0,0,0,0,False,0.1.0
AF-Q8BMB3-F1,alphafold_mmcif,4122a1671e8a31ab6b148a65b7fdab29488320a0f521df3e5d51202d7cc046e8,3d1cab83af4252e6a14eba3e74280fa30ab87a9a74d8507c0cde2c7bed0e7821,0,0,0,0,0,0,0,False,0.1.0
AF-Q8BQN5-F1,alphafold_mmcif,02826e64861672fe7fb0872b62a7626833ebe3af7d0bb39172f6df6fabe32552,230bd0e106f9dd827824a6799d9179add950f1cbd65d364119ab550d1239852d,0,0,0,0,0,0,0,False,0.1.0
AF-Q8BRH3-F1,alphafold_mmcif,46c4d6a3759f7abf7059ee1a40ea2d2806f2dd1931de0f2844c7eca4b27fd61f,bd853f128cf2517d4356d3534289fda15cbf4c0aefac8443e93ed73a9b4a8b7b,0,0,0,0,0,0,0,False,0.1.0
AF-Q8BS95-F1,alphafold_mmcif,68afe52e9e469eb8e22a324b2adcb06bc1fd1ff93115f1b96ed1486af87a93c2,f0d8dd2920541f02da2c8198c42234eb71616f09733c5e05ee074777319bd1d9,0,0,0,0,0,0,0,False,0.1.0
AF-Q8BSM7-F1,alphafold_mmcif,1e0bb550a895787c74e92a86f8566afbb212790f16dddf426d9b55f08ec63254,b76c53c253c90c77b8bfbbdd3a41323fec152bf7bc42d760ae4c565e6fefa825,0,0,0,0,0,0,0,False,0.1.0
AF-Q8BT51-F1,alphafold_mmcif,a91047196c735b66445a1397e24badbc13a793cc452c0d56adb4516f74e96b16,6033af0a351044dc3152510b57320398fcac18c24b133e8d70af74b8ab697dfa,0,0,0,0,0,0,0,False,0.1.0
AF-Q8BTM8-F1,alphafold_mmcif,502307e533861cd56df041ff1dcabf50f76a6a5cac37a3fd50dccff386983f72,5a8b4ab07d17214495f5acbc600b42d1c2a25b1e5913f198d1fe8783b6b83866,0,0,0,0,0,0,0,False,0.1.0
AF-Q8BTZ7-F1,alphafold_mmcif,17cda1cfbb3a3808f50191ad1838957f2b38bb5e43b09f982669c662bc5547bf,89b747b9c10ee34a78a4d240786867c63317ea17bfd9b46fbc94c4e67be3002f,0,0,0,0,0,0,0,False,0.1.0
AF-Q8BU25-F1,alphafold_mmcif,c68f8d5989b075920f390ce5dfb0fdec9f2232e687cd865cdff1fde993f8dd7f,d10f2865e6abe72bf53e0790fb4781ecc35053af1d0bff1d52b946511bb79de6,0,0,0,0,0,0,0,False,0.1.0
AF-Q8BVZ5-F1,alphafold_mmcif,76fe9afcc52c61c085796ea3f0b13f4b3c236eb363b9236ea22e1b0fdff35a74,6f9d34bf7ed87aad9c1f35492cf8260fbd52cf738e1860b4daef67c59417b0d0,0,0,0,0,0,0,0,False,0.1.0
AF-Q8BWG8-F1,alphafold_mmcif,95e3f294939d4b98e318af8a73799e65e8a8cb5bd59d73031434b079c46417e5,df697b774603481427d871cc03b677f5960f46c403094e1977eed8d54f5beef7,0,0,0,0,0,0,0,False,0.1.0
AF-Q8BWU8-F1,alphafold_mmcif,802db84d2d0ceae0fba36dbb5e2013998f3249e004321e87dfa81fe5b7b63481,a5dc438da109b54a933b5e1bf3b3560b976c640cf0134adfd6db0d4b81fd8c0f,0,0,0,0,0,0,0,False,0.1.0
AF-Q8BWY2-F1,alphafold_mmcif,7e31ab1a9c7f873753d89662afee1cdf27b5648407b6a24e485b6ad5d54227f5,d0bf2bef26d454243b5434b915ba46c8809d45510259cdd11b5d785fb260fbef,0,0,0,0,0,0,0,False,0.1.0
AF-Q8BX05-F1,alphafold_mmcif,2f7619c705201cadb3c040246d8a5ebf2cf3137e2101d79dda3df2b83bbdea92,da54ebaebe57f89171bbd63f26196d1786668ce9aa97e5ba6c9bb9f9a3a9f483,0,0,0,0,0,0,0,False,0.1.0
AF-Q8BX32-F1,alphafold_mmcif,c3bde2a07b04cf351a33ce35d8632945ee52731000c2683cfc3036efa2a0494d,6c3d6b56349b111e0409822856a4a7588737ac999a6c13ee6c7001b926f82db0,0,0,0,0,0,0,0,False,0.1.0
AF-Q8BX35-F1,alphafold_mmcif,45729f350a70b69c08092af8ca3202f9c4d7cc0fb584d09408cda9d25a5a97a8,94e906adaabf3afcfec426fa2dd62f8ed9eb48823a188567ff8454da24ca517f,0,0,0,0,0,0,0,False,0.1.0
AF-Q8BYI9-F1,alphafold_mmcif,1f120c59ba76e400680468e8036e2631705e3d263f98c2cdbb6e799dca275ecf,21e1a8bef5c9ef02ca915750f32d4033cd4396ed13040db94a843f9b5cca2dc5,0,0,0,0,0,0,0,False,0.1.0
AF-Q8BZJ7-F1,alphafold_mmcif,d95f52550c93b689625773370cb67252d7be0fc014314c9be1fbb7fd996a16c0,8909822a55a5959ea1f2054ae2f2377f3c387aaa8fea0a0687d3816b2ae42b7f,0,0,0,0,0,0,0,False,0.1.0
AF-Q8BZT7-F1,alphafold_mmcif,ee8c6bafe5e3a1018fcf6cbd68d29252eedd73d6015796bcce69d8c6a990946c,c60e3f5e6d1454011debac8db9d5edbb7c841b2a950e0e2ac987850858fbde8d,0,0,0,0,0,0,0,False,0.1.0
AF-Q8C033-F1,alphafold_mmcif,1412dcd93795873cafbdd1b843b7e534d33677f34f5076d2f9e7bf58ae956d48,4922b579ce2cf6f60212c35724095135b3a45c7d834912f6cfc1d52a58af6c15,0,0,0,0,0,0,0,False,0.1.0
AF-Q8C080-F1,alphafold_mmcif,9540de6f16038d3032676272164c7ba62234bfa94e6004c7de5cab8d8f14470c,ae315d55d448cebf190d0801134266ebe5b50b3d749355ab77c550067b7bad9e,0,0,0,0,0,0,0,False,0.1.0
AF-Q8C0Q2-F1,alphafold_mmcif,9d9c134952cbc77c4b25ea5678caf6355cffd8f6b39bdf69dc125e35e6bddfcb,9a41961bf626f1a9d180c4b6fe0cb7527f9b094a72b58482cb53cf814cd7c736,0,0,0,0,0,0,0,False,0.1.0
AF-Q8C156-F1,alphafold_mmcif,869e1f961482a5750a5fbfda2503a0c24fecd085b3c0147c609e873810e3e39d,445189fef598ab1ddfb5a8aed015f8e8f65602f41d009cb15f1cc86f2e2f0b78,0,0,0,0,0,0,0,False,0.1.0
AF-Q8C255-F1,alphafold_mmcif,fce1437c1f3ea0781037fc8642b960a25123d6089e8040f7c72d87d93b61cf1c,5dc5fa66ea4bed9c8fb936bf9c02f077f98c5811a6d46bfd239464e8f59f33e5,0,0,0,0,0,0,0,False,0.1.0
AF-Q8C267-F1,alphafold_mmcif,b019fcae35d751872ad1ecd871c72c6da1fec6d495a97b1968331bbed00230c3,08404bf71d797ca6a9533488bb35081f1185daf880d25fbcced37ee113fccff0,0,0,0,0,0,0,0,False,0.1.0
AF-Q8C351-F1,alphafold_mmcif,3844776f58194cc0b8af9964dc79ea1a747b2e17f0ee1ce58e63a690ef04c200,c0070faf2a079120ac401c1d6626c8fd2417a30af6c8532893de075909ac4fd1,0,0,0,0,0,0,0,False,0.1.0
AF-Q8C398-F1,alphafold_mmcif,f2ebe36e4d802d7f7b39560702630376a6c4055e8c796c2d7c4e252b200ea2d3,e615fcc1cc53984424fc06bc21689f4a19536e3f6e711837b70138e6c725c74c,0,0,0,0,0,0,0,False,0.1.0
AF-Q8C581-F1,alphafold_mmcif,3b5f520b9c400cb1f5cef93a4d38bc3442b3367006197dbc0e9575bb66bd47d9,2f687392f883acbc659bff40bc6139bed57991de7b2f343772263b0f25ca80b5,0,0,0,0,0,0,0,False,0.1.0
AF-Q8C5L6-F1,alphafold_mmcif,cb013249154fdd1987944e41fd20dc3a5fe7069397b80fda30eed29d7c57d4b1,34fef7c4cb451a67b86b330c7c7936fc8727411a5e3ac9e8aee255c17c3e50f5,0,0,0,0,0,0,0,False,0.1.0
AF-Q8C6I2-F1,alphafold_mmcif,3eb0dca16c60f6b29fc6776e6323a3c88d2d87296db2d8042d65c41e65a683af,45d0c5e3b0ea57eff2c2b88f5b7954c293d8b779957c5580a1a85ad45cfadff9,0,0,0,0,0,0,0,False,0.1.0
AF-Q8C8T7-F1,alphafold_mmcif,7d89a6743e0d07d2405a0a555c445b6f73f6e216c11ac23bf7c5dd55dd631ddb,4a5643814234989776b7e296e049a5f9c9d6ac194ba278f18bc23071b3246041,0,0,0,0,0,0,0,False,0.1.0
AF-Q8C9W3-F1,alphafold_mmcif,c5e9e67e5a29b116ebf57b75f7b120c3bf068e05e53dfd44103a9dc5ab195c67,539e5c1ac1262ce9c749bfe8d1867024c4af021c4f25a4b982c05f21b287d3db,0,0,0,0,0,0,0,False,0.1.0
AF-Q8CA71-F1,alphafold_mmcif,f2f60e0ccad9eac913839e9e50f5c14dfcf1915769ab08bb1fd134487867da45,a18895426874001a96c7d19df57ba5c08dc31930a7a68428b57a3b3470418680,0,0,0,0,0,0,0,False,0.1.0
AF-Q8CAA5-F1,alphafold_mmcif,21ca1c069e88ef47dea8978e4fd8e5185f58b9fdf62374b3f680a0f448481d4e,054d80b20c72247e99389885a5da0e8634b45547910d0c5504728e9d247e2b8c,0,0,0,0,0,0,0,False,0.1.0
AF-Q8CAL5-F1,alphafold_mmcif,989159618f569550e7bebdf0f93786ec92b8b58b76633a99934a2e2f9a14a1a1,c2287edee952c4647a79e3fe104ce52b0312ef31b905a9f5b3175f06d70c1232,0,0,0,0,0,0,0,False,0.1.0
AF-Q8CAM5-F1,alphafold_mmcif,711d5ccb117a4cc3164a3b11d1db6f77dfb7d3b12c437631e77e889ed8b3a30e,91e5c02fb809c390a0ee0422fce94466014d0500f7b4cae15467538f0d24747e,0,0,0,0,0,0,0,False,0.1.0
AF-Q8CAY6-F1,alphafold_mmcif,70a943394dc360967cca0bb86045656631116b5f663c77b24c38ff6474a4d898,4761941cd98263d460044b82950c8dadba063a17960916ef57bac4875cd19230,0,0,0,0,0,0,0,False,0.1.0
AF-Q8CDJ8-F1,alphafold_mmcif,b93c9419b7678727edc638c887fddd24fe1dfbf13eef4f11425d2eb0015644f6,adbc318d59f7e3cce911b599b582c295a84521cbac6dec7ef9408cb969aed570,0,0,0,0,0,0,0,False,0.1.0
AF-Q8CE50-F1,alphafold_mmcif,a36a4aa3d9ac3403379176e5d93dc144a0eff015c1f6f8f9287cfec1183686ef,3e7f563e0a1088dff94f2911d0c92c22250df09eccc330972622ba7c88dd1793,0,0,0,0,0,0,0,False,0.1.0
AF-Q8CEE6-F1,alphafold_mmcif,153b7c1691568ff069caf2b0c5a42466854b8c591c5bd97a8afe4b1c6531d751,4230d56a45242c9c609887a5a667c8e7b36e43d94069e0afd50621ede2170908,0,0,0,0,0,0,0,False,0.1.0
AF-Q8CF60-F1,alphafold_mmcif,bb65c0d92aeb53a6ac874a5524d479b77975eba3abd396ea1c8a470fc610b161,074265d9336002c54696b722eee284bfc3f129cf67e4d0e00f41558f529f40ee,0,0,0,0,0,0,0,False,0.1.0
AF-Q8CF66-F1,alphafold_mmcif,e0956ed77c4b9b1e7c2b495f75c6a65be604023daaeba4f88e4743ea88a1e243,6d8cb0c08fbcd65a4f253f7d70ec42ef905bfde0f8c79247473d755c04070f6c,0,0,0,0,0,0,0,False,0.1.0
AF-Q8CFD5-F1,alphafold_mmcif,03458cb8954ca91f3836a12e804df27b7c7f41e54d124ef357abaaf64641e19b,9954513d13306554737d0c95366915dfe2f3c3b4099e5595f5a371879f9a05cf,0,0,0,0,0,0,0,False,0.1.0
AF-Q8CFG0-F1,alphafold_mmcif,9f76236d3c2679659792705495322b1363cd327f617b56c74e89b13a53bda5a7,36d58f13a43632bc2324490e8728cba2f34c385e001c2de35296d6d5a2854129,0,0,0,0,0,0,0,False,0.1.0
AF-Q8CFV4-F1,alphafold_mmcif,d621f42dfe1d759ad213a87c2bd69beb8b72224f53773450a4883211c4c50ac6,7364e69e90509deb2668c2cdd56e93cd92e257cfd817fe32ed485b713e7c2045,0,0,0,0,0,0,0,False,0.1.0
AF-Q8CGB6-F1,alphafold_mmcif,0208203a647cdef0605ef73b7a56d8e932fa51408631c7fc881f74b8a2ed9e6f,789eceef8868c01feda1db214bf6bf6559815abb639b872c747658cd1516e8af,0,0,0,0,0,0,0,False,0.1.0
AF-Q8CGE9-F1,alphafold_mmcif,7d2731969036dea5b6f4846adab7e6f196158b4a4af3a043525e33599acaed23,87b352a5f2d26f99e2243c55b7ffd9c50a8994dac57fc25ed75d524305b728f1,0,0,0,0,0,0,0,False,0.1.0
AF-Q8CGF1-F1,alphafold_mmcif,47230c6edb3432cafc50909348f391a19b8b29731004456b7282f9294df7ede3,ec5654fb270ab61f2a99116f0f5eef113ee437d6127d901b368ce10693bc3eff,0,0,0,0,0,0,0,False,0.1.0
AF-Q8CI19-F1,alphafold_mmcif,f599ab85a62bca48ff0dc2b5e66417972e26bfc6698263e54da76a69403d1d29,d16b109ed6483e7e4997d8e4bc752111481837e1d2d1953a2727216b4cd25cef,0,0,0,0,0,0,0,False,0.1.0
AF-Q8CID3-F1,alphafold_mmcif,bb5f524e8f0a744c2e021636be4f9c82170691088af6ea728b22f55dd294a558,95f1a0197d2d0fc98ad3a7a481e852dc17538a7bd0521fb8d704acbeab0b5232,0,0,0,0,0,0,0,False,0.1.0
AF-Q8K007-F1,alphafold_mmcif,86b40ce0dde17cc83739be050e8a95282b5a54013bf0886b2224ef912f40692e,e79bdc948219dbcb0221ad25bd0b5b2b46729239759c6cbb7b6b8cd0f65d7c58,0,0,0,0,0,0,0,False,0.1.0
AF-Q8K0C4-F1,alphafold_mmcif,3330cc4cf22f7994a08542183f231dfaaa8c13b991d411a3dc06e97f3f3e6b49,21df23865be7468fe73da50766b07f7d864d0336bd9bec831a6229183e7ecaa0,0,0,0,0,0,0,0,False,0.1.0
AF-Q8K0E7-F1,alphafold_mmcif,7033c3e1a6c8f72d37ae2e7dc1dd9691b3e812896cd03a2add81087faeda5651,4d976c04be92ce9667dc9bf50087655c9c00dd82d14165f95a4d00657b882d65,0,0,0,0,0,0,0,False,0.1.0
AF-Q8K1A5-F1,alphafold_mmcif,2ba055f9264d4f023e16c3c123d2577259cf5b4bf11d69a2dc18c2290ff56c5d,4e172915892a0ee27410183643b8eb6e9b23d5d9d88bd9847bd3f4528b9a46e6,0,0,0,0,0,0,0,False,0.1.0
AF-Q8K1G2-F1,alphafold_mmcif,181c0c89190a6df5af47bc560c9becf628a2cc2334ebb2b39a2c3cc505aa1eb7,d294df918dbe0dbff0c7ef051974ee71981dbb487896c99224b499ac2547080e,0,0,0,0,0,0,0,False,0.1.0
AF-Q8K1S6-F1,alphafold_mmcif,3a6a419778ff57144d934697231fdabd81aa00b8bd9681341d91fdcb57c6bcb2,35b6a38733a722cbf53c9b29b90cfe183e74282f6e5c132862299a54fec0b612,0,0,0,0,0,0,0,False,0.1.0
AF-Q8K1X4-F1,alphafold_mmcif,b32f5c527e70fdeebf5cb900792a57bc3f3b39dc5930849958d073ac528a0da6,de88ac1614ad19dffcc17fdff8bba5104fe947192048455916269f77eab3ca46,0,0,0,0,0,0,0,False,0.1.0
AF-Q8K299-F1,alphafold_mmcif,e5c46688002bc3e2018256dc0d2ed0f3365926dad48b4425998f4c6ae0dc5685,f4a754d11fea445701f0c7867ef093a3cade6a9f888460adeca7ccefbd23dcc2,0,0,0,0,0,0,0,False,0.1.0
AF-Q8K2D3-F1,alphafold_mmcif,ab15f6b3465e8c3cd24fc40167a2edcb708e4a6c50cfc7fcebf921ba65f55e79,cfe5057a0e55b27a8fb3f39d44f8da39dea1acc4cb68285da6d1eeda3f31176b,0,0,0,0,0,0,0,False,0.1.0
AF-Q8K2I3-F1,alphafold_mmcif,4e9efa368f3ec7d5bff50769c38195db78b87cb83386c6499a3d3dc60162bf9e,b552f8c3e01bb5a7cbdf9e0f18e010dd30f2fc869e93c1bc0927ff3735499b6a,0,0,0,0,0,0,0,False,0.1.0
AF-Q8K2K6-F1,alphafold_mmcif,4d28355f567981cc1a04e5871d61439c96675b9e9663e8f49ec23a44ff035f30,c9b99584abedc0b0953bdf15a4892671b0cb3a2442fb4afb4df0c6be5fe9b0dc,0,0,0,0,0,0,0,False,0.1.0
AF-Q8K353-F1,alphafold_mmcif,4ad81c7fb0ec3315165af29eb5e7b3a3dc1f1e908ac7a5306fb30446d14dc0a9,2610f1ce6c547972d8a81edd431a1d9dee233834b20666cdb693193e64d62823,0,0,0,0,0,0,0,False,0.1.0
AF-Q8K370-F1,alphafold_mmcif,caa0af28813a7a4344cd88eb9976061826613779ba9e8f805deb311efaf3b813,c1574a595e24e3fb22ebac67c189315b891d65c6658470f437229f04368d84f4,0,0,0,0,0,0,0,False,0.1.0
AF-Q8K371-F1,alphafold_mmcif,4ce3d429d33788e2db37a1216e8e81bfa93f67bd73c36a760c528eb27e6685f8,c87af799fdd3859ec951a7c27673c492feb1bc1cba262ee234dd9ceb1e05c104,0,0,0,0,0,0,0,False,0.1.0
AF-Q8K3V7-F1,alphafold_mmcif,577c8d0935d277f6537e17838d2d2ae971929610ee8b3225d56bd3540d453958,535c2b00c33244a3ff436bce3e07f914312be3f015a74c966da3cd0dec00275d,0,0,0,0,0,0,0,False,0.1.0
AF-Q8K406-F1,alphafold_mmcif,651af38df11e339744fe303a95d45f7330b718bfd76dbf96039a7efd1261d92d,539702f66aca4b60af5dcb892a651040741b5b4ef48651a0e714222060bb4db2,0,0,0,0,0,0,0,False,0.1.0
AF-Q8K419-F1,alphafold_mmcif,40b285a25b0336aef6aedb819e829c33f489e5f3c2c485def8dbe30ef270dfae,b0300f13a4796efb1cfe17a56d9a802de3c05d6acefc93d7ca430ef2556017c5,0,0,0,0,0,0,0,False,0.1.0
AF-Q8K482-F1,alphafold_mmcif,57e823a75e19f877240e0f1580e89892ae331217fc98bf70e063bbc65995cbd2,d54ef0c0c277a88014907e21115897dabe7c9dd4e9a9625e881a0a4bb22b6c5e,0,0,0,0,0,0,0,False,0.1.0
AF-Q8K485-F1,alphafold_mmcif,ef5a243fe061690505e5bc71c370dab98d3e08dfef0e279d89ae6bfe9ce3eca6,c41c58c6d73088ee20fc633f51e1201df2b46a430dcf20f00ef1bb09438aa006,0,0,0,0,0,0,0,False,0.1.0
AF-Q8K4G1-F1,alphafold_mmcif,9bdcb2ddfaca5645a7362c51b0424991e33a99ffa234a4ec85c462dd9ca1e1ea,bbaa8d1d60ce7ff381ea3dadfdc429a091235bb2df93a7dcb50be98799a8ccbc,0,0,0,0,0,0,0,False,0.1.0
AF-Q8K4S1-F1,alphafold_mmcif,73e0621cace6ed2cd79be82b64c859d353f6aab4ea7894ef54d89e41bd638bc2,d2168d02ec760df334dd5660b6ae221e08b5468a2a73de2cac95f10160d3533a,0,0,0,0,0,0,0,False,0.1.0
AF-Q8R000-F1,alphafold_mmcif,7d4021da2ae0a196f68d5b2773163695a674ddf872ae0ee0b01abbae43226a22,c10e2321664c8f1a646ba00ae4fd13c26a8f6059cb5dd834db819a3a8b7615a2,0,0,0,0,0,0,0,False,0.1.0
AF-Q8R007-F1,alphafold_mmcif,8ef790f68ce8f521e1894d1f61ef8597feaaf45a9a9c7d1ed0a23eaedea49116,2fc16902a6d4185cf4688e342910f32395acb86413b237a45f7d2cb90e9eeec8,0,0,0,0,0,0,0,False,0.1.0
AF-Q8R080-F1,alphafold_mmcif,c7072bd8e362d70e685a312448b99dd3fb2e98dec6a599bc8bab91a2fe504dc9,c3e946e709d92307c45362b393618badb72dc3e76315d3f4fdc468b89fd49bb5,0,0,0,0,0,0,0,False,0.1.0
AF-Q8R0Z6-F1,alphafold_mmcif,f714e83a95179f89fb9eba48f2ebf4ecac2ca50190aff98b9e8b54e49ca4a49e,c67045005fcad3c0fb5c935dffe0ac8c004623c7ecd2b9fd9cd26cf0bb6cde3e,0,0,0,0,0,0,0,False,0.1.0
AF-Q8R2G6-F1,alphafold_mmcif,9982ad9a30f4c2d20b0e87062b99345c94f2de10671773eae57ab3f99ed1840e,832202ece3b6e9dde4c9624919fc24696d568dc2f1234618ad27f81f69df4974,0,0,0,0,0,0,0,False,0.1.0
AF-Q8R2Y0-F1,alphafold_mmcif,d17541a1baeaa82d7fbb09d0b805b371c13ed0ab5f599f49dd24469caa709f6f,1af95deef5770cf79cbfa1cb8e73a183380a7042891d3873a2a0f939af9a08dc,0,0,0,0,0,0,0,False,0.1.0
AF-Q8R3A2-F1,alphafold_mmcif,bcf91aef30ccf7e78e1142cd90733f77a1dd3226e7f17cc5e627bdc1c05fcbfa,e9527bc0e761856bf230ab21db58c3ee210c87db80937a52400382c23c6b6d5f,0,0,0,0,0,0,0,False,0.1.0
AF-Q8R4U7-F1,alphafold_mmcif,121c127e5e578f91ec08fa802ec2225d3f974cf64146c931dd08affcd9add3f9,5cbc019240910d869b2c6628bc5f50106daaef94fca4f68e681f0e9e1825c165,0,0,0,0,0,0,0,False,0.1.0
AF-Q8R4V5-F1,alphafold_mmcif,3ce7b8198cb8f7babd048f064dade1a7de1722e5104142419e920cd68e82b7c1,653826fe88b69adc9b4c42929ed9eb22ba6ca0ca61c2d6aa102095f182f4f4c7,0,0,0,0,0,0,0,False,0.1.0
AF-Q8R4W6-F1,alphafold_mmcif,0b5f51f703642514cb93fbc2cf94d1bacae769cb0aeb3a9d17c24bace6d41c3e,95eebdcd341f427a330759d5e025c5c37cb3a32a90a42feeb21e433aa81b3441,0,0,0,0,0,0,0,False,0.1.0
AF-Q8R527-F1,alphafold_mmcif,a40a132a3c3cf1104d9e49af1ba3c6e07634b2a997e98c89c2814a00998c4684,531aedfb728bcd7e97d9c8f7da35765243ab3129ddc6391b19e82fc25b66d817,0,0,0,0,0,0,0,False,0.1.0
AF-Q8VBV4-F1,alphafold_mmcif,603de2aa43a5821ac1deec9c67245920175661a5c3549a4911c66c2cded45409,d90fe388ad31682cdad3bc204387ef7976172b8bf80689253be7fbb4e79405f9,0,0,0,0,0,0,0,False,0.1.0
AF-Q8VC26-F1,alphafold_mmcif,70000bd9c0d2b536a9282cb3ae13dd465e9836c0ee7b77f4510b45abed0e89b0,e5905d39e2b25a42da105ca4514719471feef043f5b9f67ab6db44f33848c370,0,0,0,0,0,0,0,False,0.1.0
AF-Q8VCC1-F1,alphafold_mmcif,8e1a6e1276797c98c99f000a2fc42b0ad2d591812a8d6567eab047e60ef1941b,e014a5e28f3c0d95ea89662891ea74d773af728b6a8eb00eba0373a38748ef44,0,0,0,0,0,0,0,False,0.1.0
AF-Q8VCC8-F1,alphafold_mmcif,97999421b7cbc02a01ef88e09638476247334894e1e7b36efb6d5b4c8b64115e,73beef520593ccba77767319367576b3416598965e50dd35b850cd97f20473b7,0,0,0,0,0,0,0,False,0.1.0
AF-Q8VCP9-F1,alphafold_mmcif,b99fb886a8d6d3c6bd0f33a00312585beee50906ad663c1b616a3479123c809a,7c93a36ccca64b01845a85ad01f8bcdfc7e420852b55f19d6dbfb05fb3fc9405,0,0,0,0,0,0,0,False,0.1.0
AF-Q8VCQ6-F1,alphafold_mmcif,7a6b14d9a7817de418a0cdd06f3de35537f39bba4796fcc78c183b81a406cbcc,ea55ca2e44a6b7baea710c01100d06d1c49afa75b8973722c40902fc0c95985c,0,0,0,0,0,0,0,False,0.1.0
AF-Q8VCT9-F1,alphafold_mmcif,023a2971b80bb6289327b2c6fbac61d7d1e4e02fb2a69a3afa14d0da28510b71,1e533a15cec10debe9635ec8963e5c639eaedf9f746177f859991b6a95333871,0,0,0,0,0,0,0,False,0.1.0
AF-Q8VCZ6-F1,alphafold_mmcif,d22ea30b0c56f74113b194877cfa701405c81b29f5a4cea56f108fea7e26142e,c5aa559ec0f30e1fa3afc84cd90e79fb14844bd2d4da4a406d9f9230b87d87cd,0,0,0,0,0,0,0,False,0.1.0
AF-Q8VD53-F1,alphafold_mmcif,442b7dc907c8a8672c4af91ffa61098749743d29fd9fa218d72fedbbdee97a81,f18df2b6611ec71ad5bc41be26252224b9b8cf53370cf39666694fa5ce1b67c1,0,0,0,0,0,0,0,False,0.1.0
AF-Q8VDG5-F1,alphafold_mmcif,2fb3152c1d24923b0983ba8b4093f71c663e859466e4e673f2846fda4e25f239,a8ea90a4abc1f51ed740595a3749e1b5a49775a30214be77200e0d0f3c762cc4,0,0,0,0,0,0,0,False,0.1.0
AF-Q8VDP3-F1,alphafold_mmcif,edb99d6b02b52f96be7850e131a64bfa5a5ed24a3c831cd99397778b2b23fee5,747e7619a2e3ac92b3353dab771b86aed5a22f86dd5db2be03152cff3d893f0f,0,0,0,0,0,0,0,False,0.1.0
AF-Q8VDV0-F1,alphafold_mmcif,5593014981b3cee94e0f2391610738356c6aa1cc70d2c1f47599fb19fc78b201,2dd6b4dbe8f54594ac922e3ca3f1c671a318d22af5257149f34f51fdb3955efb,0,0,0,0,0,0,0,False,0.1.0
AF-Q8VE92-F1,alphafold_mmcif,c6357da3c73f81ad3c8b83e2f6a1e667b00c965df7298e8792612512ee5c745f,c616700d9d66716aea6ed1cbb842e430db9f81daa47d57b924f146b4ffc30135,0,0,0,0,0,0,0,False,0.1.0
AF-Q8VHZ5-F1,alphafold_mmcif,7250d6a0b4ded83a86b6f1722754d68c04917789b92b548774ef866e014ad7a0,022a973a45e09af57f25d910eef647900640fb34b939a0233582c6196c4a926e,0,0,0,0,0,0,0,False,0.1.0
AF-Q8VI64-F1,alphafold_mmcif,b1409d895d370bf6082f2ac8f79ad153ffbd196cf1240b0d021f1aeeb386e26f,7d52bfe11f6d83298fed9fd2a2735d2d36c8e3d4be112fa916afaea6cb1bfbe1,0,0,0,0,0,0,0,False,0.1.0
AF-Q8VIK5-F1,alphafold_mmcif,bf3c9d959ce0683729ad579e2f9850961dcefd94b38059a6700a672b2a64d2ee,4912f08fa1c6cf3a39e545871045178ddda09d34d4080c2399e39d69946c6f7c,0,0,0,0,0,0,0,False,0.1.0
AF-Q91VE2-F1,alphafold_mmcif,93596c9698f8e909b0003b668e7a09d35811b5d77316f785739e30f309c34bc0,539de62e61cd0fd238bfd0288ace29c5d3360ee5f8660c6cbe8bd00f76b18157,0,0,0,0,0,0,0,False,0.1.0
AF-Q91VK1-F1,alphafold_mmcif,fce361aa26d89d30ac409775dadedaa288770a3a63b7a786c26a51ec318fea6b,93a891be980dae8f1738e97c8183d47d7956de22fb441f45afab87f6a2dd482b,0,0,0,0,0,0,0,False,0.1.0
AF-Q91VN1-F1,alphafold_mmcif,32f2fc035a80ecbc9557083cf7f8aa97453dc8ae482aa175fe776ed6dde1c3f2,610f7afa7b3c43ff42957ff776252f1eed175656394a64a26e4b4bc383399ba9,0,0,0,0,0,0,0,False,0.1.0
AF-Q91VW3-F1,alphafold_mmcif,a8e798877537b0a71eb13a20b064a668b877610c261543f08b0ee205a3913e1a,d399cecd297dec73b1fcb8c8c187d5898a70052eebc62ef54440706def7980d4,0,0,0,0,0,0,0,False,0.1.0
AF-Q91W29-F1,alphafold_mmcif,2ada92603a5cd55e809366faf74eb5d82f34ce45b0c86a164c96e797fbd2477c,6e8667e8f39894f02686ae92e8f35a26af92505567d484756e22e8a54c4b4bde,0,0,0,0,0,0,0,False,0.1.0
AF-Q91W86-F1,alphafold_mmcif,6d298b285fb5d881b4cfecf02ddeeaea082826be91492c533dafc2ec7bf4dbb2,ebace29804543a6e310a9e0e230abd435fd1035e3a9c9db3a9b75486beff1812,0,0,0,0,0,0,0,False,0.1.0
AF-Q91WE9-F1,alphafold_mmcif,a337b84d154638edbfb7da9261fb52f33e403ac1b4eb1d6ffef7bd516a9fb7b5,572b30d3371cf106c73c300f588f7e9a31bb159aa6fd09201d49773a161ef865,0,0,0,0,0,0,0,False,0.1.0
AF-Q91WK5-F1,alphafold_mmcif,5ca5f94865db8c8a801b467bb95f70ba261cfff307744a27037fe9893f3ee239,6c04c9b1f9b2ebd4199795391ef6ac52fd8ea88ea2344aea3807c639b01e1e83,0,0,0,0,0,0,0,False,0.1.0
AF-Q91WT9-F1,alphafold_mmcif,bdb727b5dcc5803c9ba760f281dbb0202ca1f710a8c0df66aabb0182028cd6d5,b9457adf1111686d114cc166df815d5a144e808b3e36b4f99b254b1e3b68faa3,0,0,0,0,0,0,0,False,0.1.0
AF-Q91X52-F1,alphafold_mmcif,16de07cc2ad1d7c374ea80e423a438e0683a268c4fc077d540a68b8133fdb247,9b4c6376ea8cf14395223579b694d511c0538a04af3be95ce65eb0c34daac4e4,0,0,0,0,0,0,0,False,0.1.0
AF-Q91XD2-F1,alphafold_mmcif,e15b2619d0354d2481413e344454181287746192e61466cffda45c78dc87adee,5301b17695589934365e08f97cdd8d4831e372c9fb927542b0e66ade93ce42bf,0,0,0,0,0,0,0,False,0.1.0
AF-Q91XE0-F1,alphafold_mmcif,4f1a835e17ec666a0b3d317f83edc9d836718b3ba02dcb4e06aff344bb021b26,eaeee2eec9c813bd31a47abc1f11c140251d55d37ef6209bfa1fd115ec1f2b1e,0,0,0,0,0,0,0,False,0.1.0
AF-Q91XT6-F1,alphafold_mmcif,12d18656329b314ce8d7d80b3cbc560e608b63af6e6ad76b36f0a3727a0e6402,18f7be5f77eabf21b8e61bfaa21d456758da20eba7a3eca5b03f78db82fd31db,0,0,0,0,0,0,0,False,0.1.0
AF-Q91Y86-F1,alphafold_mmcif,c62d681fbf8220eabeb4b2d1d1976133b018c1c05b03872b4c9fd36091f66be2,b7e440e5ae130d0681cc3b4efe49b50ae6b98ea4b80eccbefe16d5b0c49dae15,0,0,0,0,0,0,0,False,0.1.0
AF-Q91ZC0-F1,alphafold_mmcif,d422d4bd86457409d15ab62b4b68faae6c7f5bb23349b6847cfc0de5b414671c,324fe89db76f562b505e51eb459d9896bccec1ced955e5477e765c7514ec8435,0,0,0,0,0,0,0,False,0.1.0
AF-Q91ZP9-F1,alphafold_mmcif,ac2cc51822c3fd9298ec243501496111616777a404c6f7de841a2dfb9f405bd5,9f3d459b4d2651ff600f4403e8b7d666b99f45b39e9af44096c0743f5f200e82,0,0,0,0,0,0,0,False,0.1.0
AF-Q91ZV8-F1,alphafold_mmcif,4268306aba26f54be733306d34d35eff0862737deb6bba300cd61f00b384094d,b4378bcafe31d4eaeba54d1bef785779b4213a621afe3495bb63e03a78e74634,0,0,0,0,0,0,0,False,0.1.0
AF-Q91ZX1-F1,alphafold_mmcif,7151c8e5db6bca284371407c4f67d1cb1527842b898568f96fd4e997729c12b2,11ac0f5ddeb8be747b332bf5395272b6c5fa3b2c9bffef51fb89942036b26dea,0,0,0,0,0,0,0,False,0.1.0
AF-Q920C1-F1,alphafold_mmcif,f0e5088d3ece891429da0e4c5c74b8921212cb49f0ef659cb8fd177e253222f3,dee44338535587d03b1c54184e8f22b2e573e85c6e49085f408f314ae95e7f08,0,0,0,0,0,0,0,False,0.1.0
AF-Q920C4-F1,alphafold_mmcif,0a763593e9553afda32521ed6f33111b273f9bc7f6d5c158f89cd3d7ec01ab71,464f2e9d50306506bdc1213e3a7c65c94550558670d11016c3a221a2b5b475d8,0,0,0,0,0,0,0,False,0.1.0
AF-Q920E5-F1,alphafold_mmcif,63d899787490da72a712e15ab74ef54f72e5fa1914b3046a05e2dc7b18b9bca4,9b965c73105fef2982d6e938263a9bce3f32fe28fe78b16c8d5ecb41f163d7f5,0,0,0,0,0,0,0,False,0.1.0
AF-Q920L5-F1,alphafold_mmcif,647cb7240d8c6e8d9379c56cf08c0aa109a23f67d7b67d564b970c32feba9c50,a64f015290b32222bf6c6da98b13429d7cdb677aa121cb0cff1c673c4ce189ea,0,0,0,0,0,0,0,False,0.1.0
AF-Q923B1-F1,alphafold_mmcif,a4ac7ea12bde03e8e9743ea37f1147805d1d53c95ded938a9ca2e352a4ce5e8d,d65ff059466fc4d25fefa7b0510cbc3892e7954b137f5ddbea6d1fa191810a24,0,0,0,0,0,0,0,False,0.1.0
AF-Q923W9-F1,alphafold_mmcif,6d043005a8d4d41b543d38e1bf1142e43678109a4fc08ca467853540909dc1b5,31adbfc1e4dcf1836bef1ec6cdb8245ffa7a546407d7cf19a91b9d1d1233825e,0,0,0,0,0,0,0,False,0.1.0
AF-Q923X1-F1,alphafold_mmcif,a418a901b75d419dc9b40670b93757675323d9ecd7c987e20aa1aa4d8fe2797b,94f9147b3b1033b57aa3c9f5a5c585f5b1d2834ffc21b26f72184618c1763e5c,0,0,0,0,0,0,0,False,0.1.0
AF-Q924X6-F1,alphafold_mmcif,7ef08fccada615c4c2963c62d917f818c7012bbf04ad35520e435b21e0d4393a,eff63dd2c7897fcbf585a07552b0b99434d1d505762abada3f71c9a0d105be5b,0,0,0,0,0,0,0,False,0.1.0
AF-Q925N0-F1,alphafold_mmcif,551a975bed115e03ef86051b53a96b81841f13c72fa39a79f4cad133adf0f570,fd7fbf5e6196f1068ad0d925f0b91e53e4ede1201b5617dc8b92979800777a38,0,0,0,0,0,0,0,False,0.1.0
AF-Q925N2-F1,alphafold_mmcif,30b246a2c347a67102c3ff7dac9809146098dc897b2e5468093e32bac1e47723,63bfbec0e67576d9b44910427a33afff7c2d659c364aad473d9ea29952025252,0,0,0,0,0,0,0,False,0.1.0
AF-Q93092-F1,alphafold_mmcif,cf7cbcb41f87128f20a85a5dc0c424bfab1e6f64aa229437f9f9e729429cd07f,3d4bf312faf7d0f8c28b8f28e8b4985a75956da9108315530bfd5967d86b14f6,0,0,0,0,0,0,0,False,0.1.0
AF-Q99J79-F1,alphafold_mmcif,198c90da376093fd9e951f7f21c15d563ae584a552c5ddd7b72beff7aac43507,5861932b6322abb1c179625ceb772211f6ff28147da2c0bf204fad99bd1b6024,0,0,0,0,0,0,0,False,0.1.0
AF-Q99JF5-F1,alphafold_mmcif,cd589c1b8ddb643ff593ac79d665ecb04fe785eff2a55accc639b2c317945306,c8440c2272d7b7ce0b8800c1873eda3e1254d7b72d837db390b65a3714e366e2,0,0,0,0,0,0,0,False,0.1.0
AF-Q99LF1-F1,alphafold_mmcif,27c8d745cbdaeb0ff8342eb9f4cc8f69278a92036e15d574114c881715b2f6db,3a6be393f865e48b13f3a2295b6b33674001c622edb8ca3b11a75f3d2d8d83ad,0,0,0,0,0,0,0,False,0.1.0
AF-Q99MQ4-F1,alphafold_mmcif,8681b47f51b5b38d3795fba21c346b341c331cf35cdd6b8614dd591358e2b2de,32e4837714fa4967fdadba82c87bbd3583f310824af7bcc5270efb85b1f4d4c1,0,0,0,0,0,0,0,False,0.1.0
AF-Q99MR1-F1,alphafold_mmcif,8aacb61083b82d2b807ed82d654effa572d5f65f82e162036b8d1da79cb5c08e,cc5704972334a3e7a196f755b5920b8146d4ced63b5f2d6c566d44bc86db27c6,0,0,0,0,0,0,0,False,0.1.0
AF-Q99N05-F1,alphafold_mmcif,f34e3f1736f22c3be0410193ce884f514c679a579c48a923f640a661bdc95886,3af0b710e5e5b70d5505002fcf5681c7a2a6aabb3caf06df381fc55625a019d6,0,0,0,0,0,0,0,False,0.1.0
AF-Q99N09-F1,alphafold_mmcif,6f04ea17bed8cf7ef18c385b1b6e90d2badebd036ec549004de7c93e6c808922,2d29b819b8822247c65b88b4d42a310b41d6e587b704a72df7022a384e2c8943,0,0,0,0,0,0,0,False,0.1.0
AF-Q99N48-F1,alphafold_mmcif,ae02444dda62d4a35b35a385d4c2e7e9507071e422181c5fae910f702d3e3dcb,1d7a5347de3a548b3c4d248255bf0bb16b201600bfef0f0657320bd1a3f798b9,0,0,0,0,0,0,0,False,0.1.0
AF-Q99N90-F1,alphafold_mmcif,357524058cb22fcc3c36f1f6e372a91e22d7073d88130cc8227bc7a1d9be265f,0f08d20a7b821a61c1e7c37130425d7484c4a4a81c9688ea7eb0fad68db9dd27,0,0,0,0,0,0,0,False,0.1.0
AF-Q99N91-F1,alphafold_mmcif,7cc7d6044e1c250784dc18f9376abdcc52d89d7afd7160812676b933c9e3aef8,924c9d3bdee6a76f5a03f94a4065ce2cb7e376573350a14868e6609643a988a5,0,0,0,0,0,0,0,False,0.1.0
AF-Q99P47-F1,alphafold_mmcif,4a1c4dd011f281bcac4d46d666f672dae7a03d2c76e19d92ecc57031de9767f9,73107d0835d133a0ccc65e0318b281c627d6cecab3f3c1834dcaf4ea22bea647,0,0,0,0,0,0,0,False,0.1.0
AF-Q99PI4-F1,alphafold_mmcif,ac81ea3b676085339c2b11b94844156a5f0b24370bab9c9107b3f729fdfc979f,6fa63059442d72cab7d61fd4754edd989cb6bcd30ca9f9363792444ecc6da086,0,0,0,0,0,0,0,False,0.1.0
AF-Q99PL8-F1,alphafold_mmcif,36891501e8838a248fd052c26be0407999494fd9458166bfa40fb26b0b6932d9,fffb4a446f04104c90992c853cca437ad95ad17ebaab4ba7750f45eca340c0ed,0,0,0,0,0,0,0,False,0.1.0
AF-Q99PU5-F1,alphafold_mmcif,dc5621224267c3a36aa9c8867e1f8fd6e2e65ed381c2d7ee9a347f7a69ce194e,23b27b8ccbae63251448be1d9b350f6c72d50dba08966321bd833742286d3919,0,0,0,0,0,0,0,False,0.1.0
AF-Q9CPU0-F1,alphafold_mmcif,ad175249200543bafb1fa19295dbf88b37eec88252461e99105918e56d8eeb35,d4e3f21fdc4dcc139e6f7073d97204b547062386212a05a1ac175b9658f1a972,0,0,0,0,0,0,0,False,0.1.0
AF-Q9CPV9-F1,alphafold_mmcif,a9c4b8ce2e81def977b59f4375080e44d408c5bb5d32618b33973d30d6a597de,6781c6d333766dad6f9028c3e87045ea4472e05027524e914bd3dffd6e2a0660,0,0,0,0,0,0,0,False,0.1.0
AF-Q9CQ00-F1,alphafold_mmcif,3fb304e18ade97edce168414b3c4a21a2753d35630af6af8601d2b3f116562fe,6578c7ef6d6eaebb34032ca101098b70090b47b74cda61a154e8e5b2b1f49b6d,0,0,0,0,0,0,0,False,0.1.0
AF-Q9CQ02-F1,alphafold_mmcif,aabbd77f6874f9a3f9182ee47a7c3e48d8da09428d1deb1fb7c60e5fe82e142f,af2a7f1766117caa3886e4f0596945c54f6b64f8e5e8dd001fe104e012713ae5,0,0,0,0,0,0,0,False,0.1.0
AF-Q9CQ19-F1,alphafold_mmcif,a659aa714f05ceee5a3cc780b6aada40ca2f7521ba81ca2deace56772578ab86,05628b05c8b1f5ee678f4205d66f6c850569f7c403281b789c712f8b6a9e2994,0,0,0,0,0,0,0,False,0.1.0
AF-Q9CQ86-F1,alphafold_mmcif,7a590287e3c53e183ae5680a1cd963854a254b87a9dbdee73a12462697b9093c,fa0e7356e8d2de25eeec432e3bdd2c51b8adcc321e284c77bd236d450b0c2518,0,0,0,0,0,0,0,False,0.1.0
AF-Q9CQG2-F1,alphafold_mmcif,e4943b22824c20f9ae949e030701303597e597a0a589976c6c8720fc006c3693,c6b87a4424a4180983b637e79ddaf0d24ff501383b688ec90c09f7ddab9e2eca,0,0,0,0,0,0,0,False,0.1.0
AF-Q9CQJ5-F1,alphafold_mmcif,5c499b671d693853f5635215ea03c682bf679d1a864a0e56aaa1ece04b91a2fc,c7f146ddbc8d2924078dc1efc77a0bf5c1ce67897fbb07f3ad5ab99496d8fe8b,0,0,0,0,0,0,0,False,0.1.0
AF-Q9CQM5-F1,alphafold_mmcif,c63be352a7121043dad1b7db53302523ea58b6aaa56b0a00cc699d817b969d3c,d401d2e2a9bf567cbd3276b1a5bdf58a75e813838b77a1fc03964cecf8feb112,0,0,0,0,0,0,0,False,0.1.0
AF-Q9CQP8-F1,alphafold_mmcif,55a790a05dd685008d4ab0efeb7e82640dbdf1f51204542d0e0c5cae144c933e,e33cbaddc262f45f40cdf06e6ac7bcafc93f190d8b9cec9463a5055d9dcc75c2,0,0,0,0,0,0,0,False,0.1.0
AF-Q9CQS2-F1,alphafold_mmcif,6814e42832153e658bc3ec4960e4643b6054b1c37c29ce54dc47a69b28cf0cd9,36ffa3b41b80086c5c1a27a75ac15c403327d07da298d1427c270235e148068f,0,0,0,0,0,0,0,False,0.1.0
AF-Q9CR10-F1,alphafold_mmcif,1ab50f2e50706a1d619a045277c5662ed015aebdb7e40bc6fd0193a3e418cfb5,730fd73d68936047e88bd04b8c2198003a9d374cac779e20cb0a16f313c89db4,0,0,0,0,0,0,0,False,0.1.0
AF-Q9CR50-F1,alphafold_mmcif,e592fbdb4376806b6ac5afff5df9a5477ecad953fef2a084c6d1bed302fa90f5,6a2d18b74a3c4ed5f1bbcf48dd89466e35640649baf732ecd3e1350062c7e57b,0,0,0,0,0,0,0,False,0.1.0
AF-Q9CR75-F1,alphafold_mmcif,997f20f1d59a35ca9049a86d44dc71e9c6c2ab7eea7bc9b828de1f2a18cd9910,9373d98e0ee807b0c7e7f6c4adc4ecd397a137973bf5fd5ce933f0ee645265bc,0,0,0,0,0,0,0,False,0.1.0
AF-Q9CR84-F1,alphafold_mmcif,f9c363bc1416fae7623f180feb2f8227d56aad59dd9b3b927697c3198d495897,d8f9bb5bc2100c7c6cf41eb65a65866cdede42a0ec4de9eef8e3651193c09499,0,0,0,0,0,0,0,False,0.1.0
AF-Q9CR96-F1,alphafold_mmcif,033aac5cbda2e9ca1f811726a218e3547210b6ef3869d3cab11b5cdb12e5f98e,be73a8099c3e5d31feb01508cb732df04e68d5ec10a4f712b9e1ab3941a7d13d,0,0,0,0,0,0,0,False,0.1.0
AF-Q9CR98-F1,alphafold_mmcif,fa3be9794b709faaa6b1e4fdc6aa94c103e197ab13780b17c5a4c11a25dcb88e,b4572caeb037bad47cda171190777bc8fc80a7cdfa4520167bc608af23f37dff,0,0,0,0,0,0,0,False,0.1.0
AF-Q9CRA4-F1,alphafold_mmcif,3a93fa5dccdcf146dad1f83c1f83d6ebf1eb178a5d65a803b9d4d85a6f8d5425,48cabc2def050f9c6d0c1ced78aac0152c21f491e4ea8ce4cef16832a373e436,0,0,0,0,0,0,0,False,0.1.0
AF-Q9CW03-F1,alphafold_mmcif,649570aa5e01a63104654f5edac38a33cdd456a2380a8e9a10dd8da0d6303bf7,f01db827a7e8560a6b67d72d010f6c62e639b98cfeb8ee91443148d69f639ea4,0,0,0,0,0,0,0,False,0.1.0
AF-Q9CWF2-F1,alphafold_mmcif,9aa13f19c7abac0173dff930c5adef816e95ee91ad6d4ea9ac5238100daea8d3,3c80d2b73865371f0a3a8b551fe6a686bd3413b319ea75581b6c5c068ae470f4,0,0,0,0,0,0,0,False,0.1.0
AF-Q9CX84-F1,alphafold_mmcif,34c7cd607d07b5f99e3818f5e6fb4d2f13032203878084b9b49a1f52305b4144,8dcbc08bc4313c6f59752557df136290ac2761c2db5e2b44234200a0261830bb,0,0,0,0,0,0,0,False,0.1.0
AF-Q9CXC9-F1,alphafold_mmcif,712ff073f83f6a6f3d7f9c6e43f78fe39c535df54ef6c7be8373b2bab665814b,2af10696bf00d66cf1f3cdb81f1df8ea52fb6b30e562549fbc03d935d19a0e13,0,0,0,0,0,0,0,False,0.1.0
AF-Q9CY45-F1,alphafold_mmcif,5c4257fcee9b254d057c23cd792ec62d475621dd1de44f2339c6221306bbd496,157417109503e2fe7ce5e56baead9a6b4343225b9fda8b4dd65f259c102734aa,0,0,0,0,0,0,0,False,0.1.0
AF-Q9CY64-F1,alphafold_mmcif,f84228fe90e8a0ef87be614cdd0bb303cc825beaf8e790058adb1fc3e74f12c9,7da2e2777de29e64a0b2ab956eea74d529bb356d2e084cdf3684cd1b20eb1849,0,0,0,0,0,0,0,False,0.1.0
AF-Q9CYQ7-F1,alphafold_mmcif,f7b0d9f8dc1f05d51bd21cc7b1c4d0496ce325a9cc5b443073748ee4d2582230,861be05e2b56ef889acc69a5117c5aaee7bb8604557964730335c47190269578,0,0,0,0,0,0,0,False,0.1.0
AF-Q9CZH3-F1,alphafold_mmcif,e7ad7f3e68e7f28c6ee45424fff02e245003022c338202a23abd865a8c75da37,c71c442ef26cef949724709bc90154faaddf2f3ad9831242ab3952a33cfd7284,0,0,0,0,0,0,0,False,0.1.0
AF-Q9CZI9-F1,alphafold_mmcif,ecddfbf250eddb167cab6dbe9b4046ffb75abf5c41068a172b7f742b49c6d77e,f100ea5d4ae4c3e6ad5ca4bf51e7b44b6836526213b29a65717bc1cf22dd6b1e,0,0,0,0,0,0,0,False,0.1.0
AF-Q9CZP5-F1,alphafold_mmcif,404890326079aafe6ba99345b3dfddb8f2ab4d644dd4d0fda35830193966a87a,26cf8ce6d10acfbe577aa3115fe0500291bbcee6863fbc2d4c2ecdb86f315abe,0,0,0,0,0,0,0,False,0.1.0
AF-Q9D0P7-F1,alphafold_mmcif,f243676bf816a9d8809955d34099f44f5ec414994f8f2d6ff7e5821b1e8495f7,2d77129f3495047f0b6648ab0ff9ed5e21e2714ef7badf9de25b09c74180fabb,0,0,0,0,0,0,0,False,0.1.0
AF-Q9D0T7-F1,alphafold_mmcif,1215ca60db1e514fce6c537b327cb8abd667ae5cba6c095994dd33655495a6d6,a71a3fd1544a6ebb6a4c1387104955dbd0c6d64082118bc8c3e02571d39f553c,0,0,0,0,0,0,0,False,0.1.0
AF-Q9D154-F1,alphafold_mmcif,ac9cd1855000feb3c8d8a933dfa20cb3a8550f83675d547d7c002c38258063be,3870acbbcdbaae04a5550dbc20e67fc12f48c7c899f222cd157bf913f28f8440,0,0,0,0,0,0,0,False,0.1.0
AF-Q9D164-F1,alphafold_mmcif,8b83ef55b69e2cfd450f280080e95979e1a08b30c3f2daaecaef0641beb80b89,239e20dd48e413df6f33d2071d502469a441b2d4c226064ca354ab456a429266,0,0,0,0,0,0,0,False,0.1.0
AF-Q9D1D1-F1,alphafold_mmcif,e83d6490993d7263eac5e566102b936a8d5b507fec39747fe65116b60815b611,6071d4ebddbbb8e05ca28a33f5a2b30e6c0448ccd537ef30092e53248d42769e,0,0,0,0,0,0,0,False,0.1.0
AF-Q9D1G2-F1,alphafold_mmcif,cfa220c1f6cde91c0079f9e875dfa0ca59749459f067fb9738eee78aba8094b4,3a5e3e6fddbad8160c2c6ecab862ace6172576bc6979380a5a21746ec691d460,0,0,0,0,0,0,0,False,0.1.0
AF-Q9D236-F1,alphafold_mmcif,7e1cf38a35a4427314415c476edf55bce3d82ad0f259bfd0ccfdef0552745283,f86387ee6cb5793ed8c8348b25e38108d5e4d4a8abbf6438980c8897b4db487a,0,0,0,0,0,0,0,False,0.1.0
AF-Q9D2N8-F1,alphafold_mmcif,04f376e7b748c2b431a40cd53c72cd961bbe8ebb21df2f0b4458ef6410381cf8,691d8438e1a3fc0a99e6f48c9f2d81adb3850761c763d0c6952141a5d809bac8,0,0,0,0,0,0,0,False,0.1.0
AF-Q9D300-F1,alphafold_mmcif,df24e0001b7bc387c6f644d0c40655023da2d60a56d2bb59ad54d1c147101096,8441ff8ec932e3e026b34c511dd26ec133f49aea64330da12f2d321dd3536c7a,0,0,0,0,0,0,0,False,0.1.0
AF-Q9D3R9-F1,alphafold_mmcif,fc4dbf8a84ff7fd82291d335dba2634927328c6f07688261f208155e129e9a91,be60ed0a50ece4bb363a6e7ada451f438859ae3f6cd88a52b035cdd5724c327b,0,0,0,0,0,0,0,False,0.1.0
AF-Q9D479-F1,alphafold_mmcif,6c3566d15945aaa58d52c1f6cf5599b333c836864e49d7973e18975d5b12cf5d,c9590592980e062dae936853a11e3f6a939c12c054fcd9e077edbfd05b7359ad,0,0,0,0,0,0,0,False,0.1.0
AF-Q9D5Z5-F1,alphafold_mmcif,1b98def65dfbd1b16446d67c2a6ed4a878c496b7b039e39cf3bdacda2843950a,9cd5354a59dc145438b862897c3bb5c196af3edf7f0c3722fad56044a196420b,0,0,0,0,0,0,0,False,0.1.0
AF-Q9D668-F1,alphafold_mmcif,f92ccfb59c00ef10f4d9b803cecefd799cab8b689bedfe1c632b374346a29463,5cda993c345c0942017b095cbd958f477980002c1adc59eb5093f35e06824de8,0,0,0,0,0,0,0,False,0.1.0
AF-Q9D684-F1,alphafold_mmcif,50bcfce872aa9ebffeef629f2fe0aa13e34ac31e58f7fe5c5f8cb6a942fa9486,f90319dfe8cb1a4162c78a241ae626c270f34d12619df58548b0c4ebb291823e,0,0,0,0,0,0,0,False,0.1.0
AF-Q9D6A1-F1,alphafold_mmcif,dcb9fdf237318c6df9f2df593f584228702f17c0184da54d356cb3fcb22f227b,c25b720828400911d2758c3c98a65c180d32c95fb3dcfaa89ec24fb92207dfb5,0,0,0,0,0,0,0,False,0.1.0
AF-Q9D6B9-F1,alphafold_mmcif,344800b8ddeb4da4283a8d575c2c733b9c25779728dca06f10e987e6f7e07c76,eb9e943f4d9b063d0960ea8baa2a860eb51b702535320e261d0ea23cec39e783,0,0,0,0,0,0,0,False,0.1.0
AF-Q9D6D8-F1,alphafold_mmcif,79a905a2e774dad3b592ce2694070c324fb569df83676f05582cffdc81c3f62e,4e38ec564f37cff343618005af79a4e674ac13f1071a4381abc69b0f3f4e8448,0,0,0,0,0,0,0,False,0.1.0
AF-Q9D6W7-F1,alphafold_mmcif,ead30d7a1c0f139e61bb5fb8478b721d073ea1700d7b342b837bf7693d7eda8c,e7ea9e9cfe896f1ead0b9dcccdb404e61c3a97f145192283b8de34a61c70c5c0,0,0,0,0,0,0,0,False,0.1.0
AF-Q9D6X5-F1,alphafold_mmcif,20c5dde30fcff7f6ec12b7233ba04635f79fe1eece339ec806b7b40d214c390e,73ed2307c1ccd95a8426238e19f8e2770ab3708adc7f882c923769ca412926a4,0,0,0,0,0,0,0,False,0.1.0
AF-Q9D6X6-F1,alphafold_mmcif,19d787d2462dcaeb0a4c9eb857dbaf2100b251416fd6d499c7333a6ea8319f6b,012e9e351984fa445b3368deea0c3bca93eb7a2c2eb35882434378b581e93a8d,0,0,0,0,0,0,0,False,0.1.0
AF-Q9D708-F1,alphafold_mmcif,5d7c23bb1224c14d178eaabbab470e83082f1b64eba43366fce965b80943ec4a,c1c93f66ef6e75d5a98fde5de7e67d95e983bad9ec2159c8b194dc5e9f445ff8,0,0,0,0,0,0,0,False,0.1.0
AF-Q9D7C9-F1,alphafold_mmcif,6594d98cd1d8265a1d05207cc1f4a190707c08d27e61e563ebcff23de42d9867,9e09b3d5c342feea3e3946ddeb6579f7123280b1f692b920ace70da9387b0390,0,0,0,0,0,0,0,False,0.1.0
AF-Q9D7I5-F1,alphafold_mmcif,70729bfca0817bb9e9fd80323c1c710536444e0d8809ec3baced81a8ffd58a14,60f5b143c8cd7468907dd14542c75cdfdae961dd58094cd611908d18fba7108d,0,0,0,0,0,0,0,False,0.1.0
AF-Q9D7Q1-F1,alphafold_mmcif,c753e002be927c6854209f24c105dbca99ef52a070a0a263e7bd324126a2b99b,4111d0fac4fd24de3e603f070a98378187a247df49051ea86b4c3b91bd221107,0,0,0,0,0,0,0,False,0.1.0
AF-Q9D7U6-F1,alphafold_mmcif,a9df890c57379a8e1fe1e38842f14571be6373069a6aecba2c650db3f12b926a,c99043e71cac1bda6e152a553a8bf3dc42a3e60037243b75d6ecdaedab083d37,0,0,0,0,0,0,0,False,0.1.0
AF-Q9D819-F1,alphafold_mmcif,be33e84ffadbe16fb8cf41a31fce1053834449e5e6da2d286d784493268a9b74,aabd5e5fffe409fc3af1cc8a060f911ab6fa185104c33a45602bce1c46aea12b,0,0,0,0,0,0,0,False,0.1.0
AF-Q9D975-F1,alphafold_mmcif,664cc503c34d61de548140cdcf714c23decd81966454a57cf7d5ef9ee9ed739d,37733ad6ce4157746e028f88f2aec37ea20893b618d19290dd86eb826274b3f6,0,0,0,0,0,0,0,False,0.1.0
AF-Q9DAU7-F1,alphafold_mmcif,43bd0bd337ae06fd23436892af9a709b03505feb6c37c650b84d0efb15411a6b,0adc5500777f3f57de815ba0549f95a2f97059fac7787974219ab78602f27441,0,0,0,0,0,0,0,False,0.1.0
AF-Q9DB28-F1,alphafold_mmcif,ccd8e1754acdfbf2c8cad138ad101c6232b81b64fa7b3ac0a17d44bfa4f8d3c4,4de9391a3061c3312ee1a9f3c23e101794606af7104e2f0d7fe8131f6cae6f24,0,0,0,0,0,0,0,False,0.1.0
AF-Q9DB91-F1,alphafold_mmcif,1c1a601369f806eedf550e14dc3c7c4f2790760198b4ccbb252382579af960c4,f0598d6d883df0723fa53b0c3f8aee864d921e026260e9cfa0cb666940917d1b,0,0,0,0,0,0,0,False,0.1.0
AF-Q9DBF1-F1,alphafold_mmcif,83d9c14caeb04c5acd21b6db195e26a819c3f41158ea2f640a9b017d9dd06ee7,ab9d534ef9f437a45a026571c21f454b1fe7ee86aca3220f6e65451713ab6181,0,0,0,0,0,0,0,False,0.1.0
AF-Q9DBG1-F1,alphafold_mmcif,9adcb8fb8c4b952b067ed81b62f07786ad83e009d9827cd76f645aacc1a1b971,53ba70e2e8ab25176a26af4f07abc9a9babe8afa27ea71c180cd5c24c38fd2c7,0,0,0,0,0,0,0,False,0.1.0
AF-Q9DCC4-F1,alphafold_mmcif,d940297f8b2d725d326197a53aa026cab81e070c3a15b054d99bf0ec0083b327,fc1780ff10e1d2a8a969dc4bfacd7595c424dcc606bd6acd922e907d4a4cd9d2,0,0,0,0,0,0,0,False,0.1.0
AF-Q9DCE5-F1,alphafold_mmcif,482db306df46a5cd1138317fd27850f585d219d13c690c9566697b868393ff77,72ed8c5cd321528e170f343b379584a4e512781b6b7f07a6d0449773c20bcd47,0,0,0,0,0,0,0,False,0.1.0
AF-Q9DCU2-F1,alphafold_mmcif,dfeec95590604067c4812baba28d45352ad52ed0edbf7807bc5103a9421a0dc5,687dc237c844ffc256545a2687a99c6b50bc221f38ca9472ea29776275714934,0,0,0,0,0,0,0,False,0.1.0
AF-Q9EP53-F1,alphafold_mmcif,5570026ba1fde4421479e0a708ae0b4bd9822fb1506e5230c75eb25da2fa77cc,9198a5c720a84af9e7803c589056dbbf6e30a08e66a854b0aa2f8d47259e342f,0,0,0,0,0,0,0,False,0.1.0
AF-Q9EP69-F1,alphafold_mmcif,2755c5ec682033d19b4d75de669b1e2f86440a66e7bb4e4a814de6a2efa5d7d4,6845f90af1ec63ecce3f9de2fa29d7b776e12f4d2c176e1ed4483a3e58892532,0,0,0,0,0,0,0,False,0.1.0
AF-Q9EP75-F1,alphafold_mmcif,5043e4577f244b6de460a558ecab575cd2903134ea47e1f6d9e13903b2a76dc6,2992d453b3325459ab8c2c84969742ef6d231b677d754c5581a69c78ba4d1ffa,0,0,0,0,0,0,0,False,0.1.0
AF-Q9EPC5-F1,alphafold_mmcif,acf22d1293ec47827a44d203f870355877b7373f0463474e62824406cd3932f1,d2acd0a1cf806d78ca9fd6aa619437e89dc71a55c3d6c1cf55d40c342795e6de,0,0,0,0,0,0,0,False,0.1.0
AF-Q9EPW2-F1,alphafold_mmcif,2db0b6f3b4bcfc86df5d66505dd758ccc79710ad744c37212702a0f2e50766c1,ada4d772a5c7658bb52bbfe4e3f3bbaac9808a2e68b361ec5abddbdfc2c40ec9,0,0,0,0,0,0,0,False,0.1.0
AF-Q9EPX5-F1,alphafold_mmcif,34dd0a1c37953b5f962d6b798329ca8e2abc2ff2863d0d05ee0fbba7543aca17,e8393d5952a82c612458e14f2b861c49d957e0952c36ca8db1aaa6b3bebd2f52,0,0,0,0,0,0,0,False,0.1.0
AF-Q9EQ32-F1,alphafold_mmcif,9c89bd0866e9d64f1b786563c9e3a57d1de5598f2bcbda9e3bab7dc1c6ebb1c6,055600fcc34bb8be47e49a057fc1101138dc53c321dcf60944cfefaba82992bb,0,0,0,0,0,0,0,False,0.1.0
AF-Q9EQC7-F1,alphafold_mmcif,64aa8f29dab1b2af36ade164efd77a99e74ee8303361cc1dd0238070f2c14e3f,008be2d5c6c53f7eb8ece771865a6ea36b5807768f0b0f3bb14ed66f408bdb53,0,0,0,0,0,0,0,False,0.1.0
AF-Q9EQH4-F1,alphafold_mmcif,56171b4eccace76d59e7b806ef3e85a4b3739171da2e10422fcc0a5b6be6a4d7,85fb39ea93b401474cc2a0bc1be7889e1f1de684d500bbcf50cf897f7667c02b,0,0,0,0,0,0,0,False,0.1.0
AF-Q9EQQ9-F1,alphafold_mmcif,00ddea2d144690d6151630bc6cc4c56f3fa55486391c079d259dee98b00b9cd5,e7b67ec09e710d227d426f28ca8a4d8a3af79027b4f151614f5d6e22eb31c6ac,0,0,0,0,0,0,0,False,0.1.0
AF-Q9ER71-F1,alphafold_mmcif,1f3d75a9bf7c023e6f7ad3ae9c58acbbf848fee72de41e8362c6ace38e697129,f93b46e4df102d2e99a07a913fd7b715bba086e34f9112144e5a886f7bce8930,0,0,0,0,0,0,0,False,0.1.0
AF-Q9ERV7-F1,alphafold_mmcif,a1b3d00057f598ec95200905ad1d02378eaa856b8a5a3d7dbf30940951005d09,271a5700866315300b8f28f12ad57484992b98bf89e8fdf2a1189addca76c27b,0,0,0,0,0,0,0,False,0.1.0
AF-Q9ERY9-F1,alphafold_mmcif,9959ffb0b938f22584f8bbe87ff468dca1d636ce934db2e9187d17a499847305,16f727b215f5c6a038af3bae19519df0cec207a51027b41b7718dc340a79e2b6,0,0,0,0,0,0,0,False,0.1.0
AF-Q9ESC7-F1,alphafold_mmcif,439783ba3a6c1ca71eb2fce59839e6ce54bbe26ac0675373e9ef492af48428b6,9b5e346eb376ac5024c4d03c2251c31bd9b50830dbdc251bf6a02ab61b07debe,0,0,0,0,0,0,0,False,0.1.0
AF-Q9ESH5-F1,alphafold_mmcif,d9ffbfcddf9b04cba18670b3bd2d65072c8977a4b796a76b4a9715fd7bf18998,6cf49c5dc746dd2e5d799466bd062949a6f917bbbf5606b816c29cc287234523,0,0,0,0,0,0,0,False,0.1.0
AF-Q9ESL4-F1,alphafold_mmcif,b18704f6b325c3eaed33362541a93b8e6a9748b7fc90c137a54525b3a4977863,c03e60e4399989b3d194ac186b94bbfc019553f32a9da7622ba3f04848ec8da8,0,0,0,0,0,0,0,False,0.1.0
AF-Q9ET66-F1,alphafold_mmcif,7798a96b9a992e1435bd4982855ca6a87b3195215810ade9c2c62e22b3722d3c,da47130baa75788a92148b14f17a3c37ea379da54556814cbd66ee9d26e14be6,0,0,0,0,0,0,0,False,0.1.0
AF-Q9JHB3-F1,alphafold_mmcif,46fc4a278bd3281d117af8d0a0940daea3a098162d892e04b221d691036ef4de,7fc612e42405c16437d55d11e0a2b20fa25727ca45a0585044916652a94d54db,0,0,0,0,0,0,0,False,0.1.0
AF-Q9JHB4-F1,alphafold_mmcif,3b89bd2a4e3958154440ab4a58b97b7cc5dcb11e173e07a87d57dc56eed1da88,325bb75fa685e68630f5aef0009325c2552239cb2d6a73bf63f7c73516edcf55,0,0,0,0,0,0,0,False,0.1.0
AF-Q9JHF7-F1,alphafold_mmcif,b652d2f9972c95dac6a2000b66fea2e657e60d52bac64df9d485b34970c171b4,de1a8a41058277380a1752980bb64a93d5f6b4a4cbc1366fb825b0c9dea42114,0,0,0,0,0,0,0,False,0.1.0
AF-Q9JHG6-F1,alphafold_mmcif,6e2482021de2ecb834182937b8771640bd06594cadfdb3c1f3f8a0e85f2aa70a,421a28713ad533839245f9ac213fe06e73d7b9e42e97cc96d930b470e07a4b8d,0,0,0,0,0,0,0,False,0.1.0
AF-Q9JHI8-F1,alphafold_mmcif,04149b1ffeb809783549d953df9384705f3bc8726f2e32bd9a3059088c7edfa3,545b4b32c1eed444b17c0a6689879e302c858f82e52413fbdc327c1b668e2ecd,0,0,0,0,0,0,0,False,0.1.0
AF-Q9JI75-F1,alphafold_mmcif,cb12eeb1a747fadb3050ecf94d00cac5850770a41baafab5744ebbe2645f3227,c47b3959fb94e354fd1d293e93df04c3435fc71219722ca3aaeabb197c4ed6a8,0,0,0,0,0,0,0,False,0.1.0
AF-Q9JIG8-F1,alphafold_mmcif,1cc56323489b3739252f98fc4511bc48cf0bc74f62ac463e62f7c6fac28c3b35,4218e839c60cf834c4994bcf4ab91173bd4b5774d55a908c4d8558f75c3e9692,0,0,0,0,0,0,0,False,0.1.0
AF-Q9JIT0-F1,alphafold_mmcif,6bc5aabece04fd03b3124e703662e85f54df0c96bc147a43bc66faf03db83cce,adc181ca8e928c603ef32fdce8045d845b81a8ce5b176d403204bd348514a696,0,0,0,0,0,0,0,False,0.1.0
AF-Q9JIZ9-F1,alphafold_mmcif,949519cb9382c685e1e2fc980ef0347c0abbe7013b8b498cf857a190fbe59779,996981e1ac466a141f7ea8dcd6ed3f670b7d9d8e2c0df93634f6189fe85f7f76,0,0,0,0,0,0,0,False,0.1.0
AF-Q9JJ61-F1,alphafold_mmcif,a20da8232ce460b76d35a5b1b20d18fa0e0bf0826484023f5caa718954aa1c43,70a8bd1f1d34da34abef3ff2674a3e03ef1c40cba8907639deb70b921a3b293d,0,0,0,0,0,0,0,False,0.1.0
AF-Q9JJ66-F1,alphafold_mmcif,edb24524f0d26fa451af25b4c718ade0f11486eb87c159106c38ae007460259b,f00be2eeaac74edf3f7c07d278950a2441b8eb56564174720f2e239d6154d364,0,0,0,0,0,0,0,False,0.1.0
AF-Q9JK53-F1,alphafold_mmcif,43938e8d86c97f4ed074ac4939bfd26d3c888a9b81789b2ebe7b8b382098f3e6,037fda6a4b45525a4fb776745ccc004ed369eb776f9464415b7f9caa9026c50e,0,0,0,0,0,0,0,False,0.1.0
AF-Q9JK95-F1,alphafold_mmcif,cd164bb605b61db385e86c3ab23cf6515c3d18d4eb1b2f8a6f037625bbe5b760,abeabd851e6d66129141adcbf98e24902eafe453d152e6243f48a19e95b55ec6,0,0,0,0,0,0,0,False,0.1.0
AF-Q9JKB1-F1,alphafold_mmcif,7aeec3a43edffd245d7c74a88b5f48bebfe8bfb7c376868afd37cbf639c3f080,b10280f0aa9d8c9a2b7b79d925c52b48433a89e21a2ff34bab119f8b1d0b336a,0,0,0,0,0,0,0,False,0.1.0
AF-Q9JKC6-F1,alphafold_mmcif,b0b9424bcb5433d8de13545a83017898fd8a929ce5d5aeeeb774f19bb08f3121,6ae7898b5127239c9c6a1a8f48b1fcd2691377bdc66889c00b4633f0576c8410,0,0,0,0,0,0,0,False,0.1.0
AF-Q9JKF4-F1,alphafold_mmcif,310d9c7fb86caee3b0caf9855ebe4c50a1f93edfab8617697030129386d14746,5feb9fa6b65fdabbb88e93edf46272ea79a275351f0b758ed8f5a340513b1364,0,0,0,0,0,0,0,False,0.1.0
AF-Q9JLC6-F1,alphafold_mmcif,712fd08dd6362067161571ce02d7928599e57894848eda51911b38ea0b959489,99c4649c2300b604a4c08728c0ad4507c54e318693367022eb1d443e9a60f604,0,0,0,0,0,0,0,False,0.1.0
AF-Q9JLL0-F1,alphafold_mmcif,4e07f55908a2c981b38680bd41b5206ae2ff3d67c4b3c142a014640813f6fcd0,39f734048c50157f1c987e8b13a9b44360e445f67735b279e6ecc04b22b6ba07,0,0,0,0,0,0,0,False,0.1.0
AF-Q9JLM8-F1,alphafold_mmcif,3eeae9a981d9818119ea42231d1c32918504f5abae92af0a04dc34b75cb80d02,92fad6053d6eb6ea0b0d679ae62b9ed912d546ce6e82f2b9e0ea62a0a405f4e5,0,0,0,0,0,0,0,False,0.1.0
AF-Q9JLV1-F1,alphafold_mmcif,12d21cc4162cf867fb4651cd9f7875e2eb0622adf0f81786b2e87ac38a782622,940d76dd2a62a20b03d11e15a116138bf45f1c66e6ba8e91536a86bff286b1d3,0,0,0,0,0,0,0,False,0.1.0
AF-Q9JMG2-F1,alphafold_mmcif,b92156a9efcafe9a3f1e1e50336e890ac9e88ed3111fe706368e70b083a7d31c,d6812626d4b06ff55af51eb26ff1d6f765c55bf6e85409005d2cf0bc284f4c1e,0,0,0,0,0,0,0,False,0.1.0
AF-Q9QUG2-F1,alphafold_mmcif,f9b734329b0db2a1419e066a1359058f7042f4bea9cbdfd09d4ea621dbb6c100,a03da4c923ede977581b185ac6a7b1e45b4de24ac79adc2b86ed348368d41590,0,0,0,0,0,0,0,False,0.1.0
AF-Q9QUH0-F1,alphafold_mmcif,e1a3fd870829b83b5be414955893ecbd4fe819f48c4b0aed595593001e959123,0a41ae79a354436bd14357f93bd452015c8fd8bf52bd928fd5f451f65ca4e3e8,0,0,0,0,0,0,0,False,0.1.0
AF-Q9QUN3-F1,alphafold_mmcif,bb38d7ef3387ee71ac36786fec926568906996be2c5ac761a31d2532cc20afdf,224c6507b281268fc141d584e049e9b0f865dd65346bc23f92c90d3b699a2813,0,0,0,0,0,0,0,False,0.1.0
AF-Q9QXE4-F1,alphafold_mmcif,b6784bfca5f92f9490defa87c222529487edc0eef4e4d4969a959e6d2625c52b,3b5e5990b0c966b8bf61f9bb5f54d6b4802c9f0b0aa7875f9aaa4b0402f5cbe3,0,0,0,0,0,0,0,False,0.1.0
AF-Q9QXY6-F1,alphafold_mmcif,0c9d35462d4fc289c396d27f0b6df84e102a4b9b17bebde68a8830547ab1097f,7ebc34163676646053d0258791f8d0dcebc12607b004b9a005e40e4496f7b33c,0,0,0,0,0,0,0,False,0.1.0
AF-Q9QYF1-F1,alphafold_mmcif,f453deaa7e2064610aa3e712883475179eb37d48439995e0ae1c135fee0b589f,3e35dcc599bcc5e55ab3be5e393c483c483b3346ee8588f1e3dd586c6edf39fe,0,0,0,0,0,0,0,False,0.1.0
AF-Q9QYH6-F1,alphafold_mmcif,f8ad8f2770d6da2268b21383da73fafb4f3783005b4109b3c02001542288c84f,ffc9329325b493c35c798cd32607fd98af2a184364776da828921b918e58dfa4,0,0,0,0,0,0,0,False,0.1.0
AF-Q9QZ09-F1,alphafold_mmcif,280118a3f99bbf81abb33b6d501be9b51e231d75bc58115c73c0bf6692c0b50d,e7b106c08af0bab3208904ca983f3f85c15ae593e7bd2939479c0bb60ad05e71,0,0,0,0,0,0,0,False,0.1.0
AF-Q9QZZ6-F1,alphafold_mmcif,7717e022cbdb624afb3a918168262a1294ea967987b4d2324335b9b68570e3e1,4b2fdd805743a7a36b913096adb72edcec49309f9fe58317f261fb0f2eca4569,0,0,0,0,0,0,0,False,0.1.0
AF-Q9R008-F1,alphafold_mmcif,a29184cef60335fab76ef81073fbc101d88813aae2aac55b514ac63f933cda50,ba51d516dacaa94d4daafe6af0153df3b183cf85426ae682d8c4cd83a33eae30,0,0,0,0,0,0,0,False,0.1.0
AF-Q9R087-F1,alphafold_mmcif,87690d7e77eaa583a426cc8da34e38570b42cc4c926f79e65a371208dc80ea76,0310c73a2fe5dea6fa767e8fb46f2a2066a11b4959ea7fbfe42311685653ba3f,0,0,0,0,0,0,0,False,0.1.0
AF-Q9R0A1-F1,alphafold_mmcif,847ff21656370c7dd91444708a5ba3f93621715256f7d2db2a35cdb4352fcad3,044f4fa0168623d5331eac66bfe25939f221db1535cad85b888157a8278a3720,0,0,0,0,0,0,0,False,0.1.0
AF-Q9R1J0-F1,alphafold_mmcif,03d91b4191476ebf79761159d3d4886a83dad2d31401862f67a4bb8ab5262379,eba43c5db5a9382db7c2fa3d5208694dc6f006c901f1bb3b87c92571f32b7c1a,0,0,0,0,0,0,0,False,0.1.0
AF-Q9R1Z8-F1,alphafold_mmcif,cd34f13a885945a3dc4981e6ff858b59d6350cbfad4786d9a437b1dc5328247e,24a287a60927c12105031732afadc5bd10fb5cc24096612f7632ca7ed4c6eb32,0,0,0,0,0,0,0,False,0.1.0
AF-Q9WTJ5-F1,alphafold_mmcif,80d41269600c6f818177f74713ed51461ab527bc28d5ea002fc24e35eb1f606f,b1f321c2352702672cb47136efc7e04ed1e8cc303e959c4438686c1a57e9b81b,0,0,0,0,0,0,0,False,0.1.0
AF-Q9WTP2-F1,alphafold_mmcif,d4eb788bd9d0b8f44859a760460e878025a0f331b419f54f89f79c33d919769f,8f9b00c0bcfd77e17707431bba82af4ab9d0d489aa45d7989e7bf8863a7af4be,0,0,0,0,0,0,0,False,0.1.0
AF-Q9WTR1-F1,alphafold_mmcif,3e403419be3db0c1203eb8f4f3dc7ca03dc44e85b43a532c6f79f6dfa28fde86,1f6a833c0104f47ae3db256455eedf93e574b0132764fc46167ad73028ac3c6f,0,0,0,0,0,0,0,False,0.1.0
AF-Q9WU79-F1,alphafold_mmcif,aa7f8a0c8bce4b4067229397e6e64dafef55bfffae90ee459a7ab2f4b7d03be3,59745d82a466cd8fa2608ac1e24b749efcc78c62cc4fc08202e915e17dbd02cf,0,0,0,0,0,0,0,False,0.1.0
AF-Q9WUP0-F1,alphafold_mmcif,c1e77092eba1c41173bbcb4611a7cb29730d180307af4c1de393d550ec0adf7d,c8eb0b4290e311bcc3bfd33b67b09c12c4f4a7c70fea98c8e686695180ccc3d7,0,0,0,0,0,0,0,False,0.1.0
AF-Q9WUR9-F1,alphafold_mmcif,0173e15e9f3726668031bbc71810a25d476adfd15d7d099b7d72becfbcd19ff9,2f7caead276ae100b67b78455d8ad54dbd8278607b383237ea93023694f57750,0,0,0,0,0,0,0,False,0.1.0
AF-Q9WUZ7-F1,alphafold_mmcif,215eaf5b829bca8a8b559f980314d918c46f36aba90a7eae8acfc7c0a92bfe24,e2ad5c539900af45b269d8f406fabdf8b7304b5e939e4173be30d97820e604eb,0,0,0,0,0,0,0,False,0.1.0
AF-Q9WUZ9-F1,alphafold_mmcif,85b007b574f32628e4c9680f6989a446e9e1e52c1d826bb793de2ae8b84cf379,24866825828dc3111e01a60d3b77d7a977a1e21fbef01c33c8eb44251dd4d141,0,0,0,0,0,0,0,False,0.1.0
AF-Q9WV32-F1,alphafold_mmcif,12de9769e7af7e599f90832e2da716e8c74c6f662ca80afaf5ed87fd91732466,fa757ac87c6329e0096b80b165ee09023c1b1d4abd9613fe393498216316e734,0,0,0,0,0,0,0,False,0.1.0
AF-Q9WV66-F1,alphafold_mmcif,7de1b43e111a3600f86adf86b68110c43d9da71bf374d3fa6da3354cf3a9a93f,9a66360871ea8c97d0224bf82783cb6838df8e5923025bc943326d9e0ae587ac,0,0,0,0,0,0,0,False,0.1.0
AF-Q9WV71-F1,alphafold_mmcif,0ae4a458ff7a549b5729a1c38b6273b1e803e41b99591d2d52613e94d55ea4f3,5959f1cf4c22bd989d15e490f2d8799dd364a5a9b41565b0f9771b117432a602,0,0,0,0,0,0,0,False,0.1.0
AF-Q9WV95-F1,alphafold_mmcif,994764694932ffeb706bb420b9ba8c2e63a737a2709d17920dc094fe40d59128,6a101c99fdc27a4e7a8e914bb89982f17bba93a63563e4057b7d4606a563347c,0,0,0,0,0,0,0,False,0.1.0
AF-Q9WVC5-F1,alphafold_mmcif,6fdf29b7ca847e2589152f8fdf1a05689276ba6d8aa1a5f353f3854e37047a0d,c6446f53fdea8d1a4add8f649942cc5162cab61e79884d4bad33e1e8db7d172d,0,0,0,0,0,0,0,False,0.1.0
AF-Q9WVC6-F1,alphafold_mmcif,57bb9771cbfd73b747fd75e817fd5a6b9530a446b10a51f8f7561a4e4745c6bd,c0d00ee0af00c563d03737fad3e866f8318ff9c158f84365a091ddad549f4261,0,0,0,0,0,0,0,False,0.1.0
AF-Q9WVF7-F1,alphafold_mmcif,d101909ead38ef25a017871ce69f5f10c9dfb623fab014b443214abc88cc6926,bfc61c11e785a251164866791b9b4d575ca59106d7c385d022230baf6c9efede,0,0,0,0,0,0,0,False,0.1.0
AF-Q9WVG7-F1,alphafold_mmcif,521aabc9e4ef202edb1ac51aa2060c8a8daaf62ec1f4688619aaa37a884f3215,669a8119bb3b7fa2abe532b5601cf671e0afa785ad93af87d604902e3918fc0d,0,0,0,0,0,0,0,False,0.1.0
AF-Q9WVL3-F1,alphafold_mmcif,9f7f31dde42ca062aeb548349369aa9e802dee6d3974abcc9681e84fe2326b6a,134b80c405bd3ed4727cc47b1c372ba94a877b898122532c95059a0ae35d836b,0,0,0,0,0,0,0,False,0.1.0
AF-Q9Z0D9-F1,alphafold_mmcif,27b549b852a6bd22463f5985d8cd5258de581b2c563a3f64469d2da5eb9e1ebd,7e63da98aae1c3b25ea631c282858eb1956021c695af7f398aa4e63d01425c1e,0,0,0,0,0,0,0,False,0.1.0
AF-Q9Z0H4-F1,alphafold_mmcif,c212dd0dc448f7cd84410bdbe66899bd7708ab5fef147ee1dac11fefc51711ce,75f1b88ec211f64ec32df6198c7a05cf5159e2ffc39a029b485fd824eb977e95,0,0,0,0,0,0,0,False,0.1.0
AF-Q9Z0M5-F1,alphafold_mmcif,4be77367f7459c48bcc468a17de0861680e607ccb533eb9bca6f3ea1a615ee1a,4763086620f7b83c60b251a690129e8391643623f6cb25d7d56894d7b8df4825,0,0,0,0,0,0,0,False,0.1.0
AF-Q9Z0U1-F1,alphafold_mmcif,6fe2a526707493f7b4aaef9c74586a56eb075b670d42380f53169bb78747f913,9dfedcc5ec1555d2b2065f99e8c44da6d02bcc556f0a3d5edac60dd7953803b9,0,0,0,0,0,0,0,False,0.1.0
AF-Q9Z126-F1,alphafold_mmcif,447d4b8461ea77c5db9cf50f6e98a2a4f7bf98b72784d90920af9dac12a62647,73b2c7f76cdfaf0a50e8f0ae87a13a0305d6545f8c5535f33c2eb5e7a365174d,0,0,0,0,0,0,0,False,0.1.0
AF-Q9Z139-F1,alphafold_mmcif,c2dae1cd313a39c0b0fb71f6b75dd1c1c74aa57fc6c30343dca5767743bebaad,833b318d7efd669fb6881d665c4f12453c111c11c4a94ad6c5096b04b3f85137,0,0,0,0,0,0,0,False,0.1.0
AF-Q9Z180-F1,alphafold_mmcif,5f79f70d4813250ab583fb81db882c1cc0b68748c388d16888e74945aaeff7ee,80334dcb537a65667a295f123c6d04ac354af62b892e0570391ac7c5fe830f37,0,0,0,0,0,0,0,False,0.1.0
AF-Q9Z1E4-F1,alphafold_mmcif,1fdd6989d2ca864d4a1ffc608b28d23081967f57394a253d8c3a1e441018eba2,743f1a21492daccbe4fbe0676dd74bd20b9047ffd918ef9fc454923abe61101e,0,0,0,0,0,0,0,False,0.1.0
AF-Q9Z1F6-F1,alphafold_mmcif,f7f04baa5393bd2610fcec4a6b861466520e1e30063faf7a65c8a85366c4faab,fed85e812b9a1172ca3a83f787bd9a70522d88fea7bf2927984bd9cb27fa6c1f,0,0,0,0,0,0,0,False,0.1.0
AF-Q9Z1P5-F1,alphafold_mmcif,ea83816214b6a82a877e0e0c88347d3f9e966fe004b70ea71166424f66ae6fcf,81afdbd5eafd0c3dcf13c7b0e2552f16ccfb54b8c2f290fb0314937b3de895dd,0,0,0,0,0,0,0,False,0.1.0
AF-Q9Z1S0-F1,alphafold_mmcif,4e8d035f320ebe5e9dba582b586df4167552e17667026a4b4209e8b1ab99814e,2eb4c398d415942bb3d415942bd14a4e1d53455d564e3b4b9e6b23e8db1b72b2,0,0,0,0,0,0,0,False,0.1.0
AF-Q9Z1T2-F1,alphafold_mmcif,c35a73eef16c13c9f113d06178ba56b0aa4b2a0dc9e447cb78e08198433d0ccd,618ab18af34c68393540eb64740185eba923f17d2715c22a070ac94e8cbc0bee,0,0,0,0,0,0,0,False,0.1.0
AF-Q9Z1W4-F1,alphafold_mmcif,35ac53c465a959794c306b1b2719c7d668b5466fa1c8cdf698d2edf717b68501,132c2514695ab74cb8190be27a5ef6f7440101225a8be1559d2554070c1a53e4,0,0,0,0,0,0,0,False,0.1.0
AF-Q9Z275-F1,alphafold_mmcif,bd8679e1706832dd58cecd60b196fddb649272b629be2e4c4014d77b5c0de2b4,5fbb38bcdc8249972e5cf20661fa3787c0d6f205e67472999299ac75ca738258,0,0,0,0,0,0,0,False,0.1.0
AF-Q9Z2A9-F1,alphafold_mmcif,1ec1e05f3d09400e80cb3bc9217ed14134b8c3203a05fa638c659aed7d28c1cd,ed86561395cd1484021e4b476d257a1e63e75f3684202a054f4f7b153a22592b,0,0,0,0,0,0,0,False,0.1.0
AF-Q9Z2F6-F1,alphafold_mmcif,1408acc007f14f604b8aa5b2e56fbfbc014e88ae8ffc044afc93e9da80e16e6b,b494c3229925fb6c5e1f3f0de4ca972ca359f4575af0db8fa0b0da86d64ff5a9,0,0,0,0,0,0,0,False,0.1.0
AF-Q9Z2U1-F1,alphafold_mmcif,64627913a593ccd60a50ae4cbeecfdd5b0c8016e5eb7723a237fec0bd62a4a34,d90734bd4724adb4830227a0cc82d059a72c079e534537d218686bcd139638a9,0,0,0,0,0,0,0,False,0.1.0
AF-Q9Z2U2-F1,alphafold_mmcif,fcc90c2a4c838272c226cc023d8d2911d05dc7b49352fe129252ec3ab919e0a6,fcd482fdd6eb5cff6a38c4e8315c58fc4da580f1a5061acdfbb09b06dc6bf291,0,0,0,0,0,0,0,False,0.1.0
AF-T1NXB5-F1,alphafold_mmcif,541f17a0987c3cbce1098df2d0f450f1a3b23444731c86af0c540c25f42c477d,ab895e2a88985f4e9d315ef08eaa29a6cd89b12c9b3bd8af0a2000d10473da44,0,0,0,0,0,0,0,False,0.1.0
