url,sha256,http_status,retrieved_utc,service_release,protein_accession,service
https://alphafold.ebi.ac.uk/api/prediction/A0A087WRH0,83b46f73a0effb39213368521f50cc209587c10e0b48d7ca74a03fe17f1cfc6e,200,2026-10-09T07:18:48.115420+00:00,not_supplied_by_service,A0A087WRH0,AlphaFold_DB
https://alphafold.ebi.ac.uk/api/prediction/A0A087WRT7,1421e1c1e934e9dbea0e226bb6b2cb0c8faaae275c9723386a6d958a6cfd56c7,200,2026-10-09T07:18:48.070071+00:00,not_supplied_by_service,A0A087WRT7,AlphaFold_DB
https://alphafold.ebi.ac.uk/api/prediction/A0A0A0MQ82,44136fa355b3678a1146ad16f7e8649e94fb4fc21fe77e8310c060f61caaff8a,404,2026-10-09T07:18:48.068833+00:00,not_supplied_by_service,A0A0A0MQ82,AlphaFold_DB
https://alphafold.ebi.ac.uk/api/prediction/A0A0G2JDS2,1c36542b63f0562900c1d8d61f278023148e8eab50f2df9a1204a7648c248005,200,2026-10-09T07:18:58.943111+00:00,not_supplied_by_service,A0A0G2JDS2,AlphaFold_DB
https://alphafold.ebi.ac.uk/api/prediction/A0A0R4J086,ffdb85b78529c5f6ff77ccf23bd8d9730656fff5e6d59e499741f1caed751d08,200,2026-10-09T07:18:58.839171+00:00,not_supplied_by_service,A0A0R4J086,AlphaFold_DB
https://alphafold.ebi.ac.uk/api/prediction/A0A0R4J0H9,b419e11670cc8318f3602a82ffce1602073c7cea0a91d77526734a324b79d74d,200,2026-10-09T07:18:58.878099+00:00,not_supplied_by_service,A0A0R4J0H9,AlphaFold_DB
https://alphafold.ebi.ac.uk/api/prediction/A0A0R4J0Y2,51c03b436eee7c6c3ee4b6d3026897c58de5eeedf844b53abb61bfa25df7471a,200,2026-10-09T07:19:09.286070+00:00,not_supplied_by_service,A0A0R4J0Y2,AlphaFold_DB
https://alphafold.ebi.ac.uk/api/prediction/A0A0R4J1Z0,cc6352fd8b84e8d269a4946dfe734775bfe6a25757504c96c7679e889f7ab835,200,2026-10-09T07:19:09.359642+00:00,not_supplied_by_service,A0A0R4J1Z0,AlphaFold_DB
https://alphafold.ebi.ac.uk/api/prediction/A0A140T8U8,7f3637b5836b9ac99c58a53a263deea6169b2f8b82a67baa6e277793e8555fbb,200,2026-10-09T07:19:09.388056+00:00,not_supplied_by_service,A0A140T8U8,AlphaFold_DB
https://alphafold.ebi.ac.uk/api/prediction/A0A1B0GQY9,f215689a45579b7a686ac24d297dfeb5eb695240040edf6347a2ac16a444cb6f,200,2026-10-09T07:19:21.043612+00:00,not_supplied_by_service,A0A1B0GQY9,AlphaFold_DB
https://alphafold.ebi.ac.uk/api/prediction/A0A1B0GST9,6a7f178456446672a0bf2d87c3b5308d313648401d911dc9f1858f3c3bf70693,200,2026-10-09T07:19:21.037144+00:00,not_supplied_by_service,A0A1B0GST9,AlphaFold_DB
https://alphafold.ebi.ac.uk/api/prediction/A0A1B0GSZ0,d6e1d411575839725a657741282ddf6bcb53560255a4b39999ed3102c3d1641d,200,2026-10-09T07:19:21.043502+00:00,not_supplied_by_service,A0A1B0GSZ0,AlphaFold_DB
https://alphafold.ebi.ac.uk/api/prediction/A0A1D5RLX6,931459d715f4a4ae8711beaac479ccd5ac4c31fa064cd135d8f531cef8d3215d,200,2026-10-09T07:19:31.930492+00:00,not_supplied_by_service,A0A1D5RLX6,AlphaFold_DB
https://alphafold.ebi.ac.uk/api/prediction/A0A1W2P7H6,93d6b169a1dcc4f5d36258c567e45d8379f5448d7e95b6640810a904ad5dc226,200,2026-10-09T07:19:31.966291+00:00,not_supplied_by_service,A0A1W2P7H6,AlphaFold_DB
https://alphafold.ebi.ac.uk/api/prediction/A0ACM8Q264,44136fa355b3678a1146ad16f7e8649e94fb4fc21fe77e8310c060f61caaff8a,404,2026-10-09T07:19:32.006229+00:00,not_supplied_by_service,A0ACM8Q264,AlphaFold_DB
https://alphafold.ebi.ac.uk/api/prediction/A2A6T1,94f499bec93461512c33b71d49ad65828c2eb1afd758e01b8943c9157dec71f3,200,2026-10-09T07:19:42.623393+00:00,not_supplied_by_service,A2A6T1,AlphaFold_DB
https://alphafold.ebi.ac.uk/api/prediction/A2A716,1f8c988fd7082c2a7611e303920e0264d274862148c5c7300b79272370ef6afa,200,2026-10-09T07:19:42.629900+00:00,not_supplied_by_service,A2A716,AlphaFold_DB
https://alphafold.ebi.ac.uk/api/prediction/A2A7F4,831a19a62f1df5b1a568e52fa69946ff3a02558a90996b25d9fb7af57ac1c19b,200,2026-10-09T07:19:42.746700+00:00,not_supplied_by_service,A2A7F4,AlphaFold_DB
https://alphafold.ebi.ac.uk/api/prediction/A2A863,f8c21cf1d22ac331d5e85369e4f775f9b3305df1c287bca78206b34d8c08ac46,200,2026-10-09T07:19:54.550489+00:00,not_supplied_by_service,A2A863,AlphaFold_DB
https://alphafold.ebi.ac.uk/api/prediction/A2AAY5,7730bc802e1196c26556d2760320f732df61b4ecb3c86cd848c1a59ee7ad03f8,200,2026-10-09T07:19:54.432312+00:00,not_supplied_by_service,A2AAY5,AlphaFold_DB
https://alphafold.ebi.ac.uk/api/prediction/A2AHD1,6b3c806a42e4cded3fe13c683fb024cdf9570446c4ec59dda2a6dc60a1dd27ba,200,2026-10-09T07:19:54.430306+00:00,not_supplied_by_service,A2AHD1,AlphaFold_DB
https://alphafold.ebi.ac.uk/api/prediction/A2AIG8,83afd6a29c8c86659da066c42d2c7a113f6df326c28075a6e69101251259402a,200,2026-10-09T07:20:06.672619+00:00,not_supplied_by_service,A2AIG8,AlphaFold_DB
https://alphafold.ebi.ac.uk/api/prediction/A2AJ88,7ab951d356aa768332f80ef555d27ba41ff78ffc9e05a441ff78beaf51b509c4,200,2026-10-09T07:20:06.723769+00:00,not_supplied_by_service,A2AJ88,AlphaFold_DB
https://alphafold.ebi.ac.uk/api/prediction/A2AJT4,1e12aed7b9d71afd3817a0493d051ef33c44dd2f360684152142422008b69883,200,2026-10-09T07:20:06.626229+00:00,not_supplied_by_service,A2AJT4,AlphaFold_DB
https://alphafold.ebi.ac.uk/api/prediction/A2AM80,43ad1f63088fee224d9b66d52bf198def439fdcae1a1cf5f945d6b53a19ebd9d,200,2026-10-09T07:20:17.527572+00:00,not_supplied_by_service,A2AM80,AlphaFold_DB
https://alphafold.ebi.ac.uk/api/prediction/A2AS55,93fa707fea4495c3b875a87b1576146fd403e0691241ae0faaafef96c3c89c83,200,2026-10-09T07:20:17.471264+00:00,not_supplied_by_service,A2AS55,AlphaFold_DB
https://alphafold.ebi.ac.uk/api/prediction/A2AVA0,65012bb67262e20a34c0ecc11a660ba193e3dba2617f3c04e66fb153f3402b81,200,2026-10-09T07:20:17.464985+00:00,not_supplied_by_service,A2AVA0,AlphaFold_DB
https://alphafold.ebi.ac.uk/api/prediction/A2AW67,585ca849844cdd33d49f08442f6e8971ad9638d18b9aededc0205a42f9c2702a,200,2026-10-09T07:20:28.320135+00:00,not_supplied_by_service,A2AW67,AlphaFold_DB
https://alphafold.ebi.ac.uk/api/prediction/A2BDX4,67d5ed43b8b51949f8695646423a1b44dddeda91705436be780ef75f6d8b5679,200,2026-10-09T07:20:28.229571+00:00,not_supplied_by_service,A2BDX4,AlphaFold_DB
https://alphafold.ebi.ac.uk/api/prediction/A2BI40,3190b22317dd35e632a98e7eea676a9a2d205a7209a543652d4231bdd1692010,200,2026-10-09T07:20:28.234710+00:00,not_supplied_by_service,A2BI40,AlphaFold_DB
https://alphafold.ebi.ac.uk/api/prediction/A2CI98,bfbd5d6d0e1683e48df89d9544ddaf37e0ad7b6ee229eef0bd444d6512a5857b,200,2026-10-09T07:20:38.853180+00:00,not_supplied_by_service,A2CI98,AlphaFold_DB
https://alphafold.ebi.ac.uk/api/prediction/A2RSY1,4f09a6d19d550f81a91767cd1846aafb5e8c2836800e8e173bf21d64e336ffc8,200,2026-10-09T07:20:38.876813+00:00,not_supplied_by_service,A2RSY1,AlphaFold_DB
https://alphafold.ebi.ac.uk/api/prediction/B1ARV3,81c6d2ae53b0bc543016c72bb656dbb90d80a70fadea9867cb6dd15a51bda07e,200,2026-10-09T07:20:38.850509+00:00,not_supplied_by_service,B1ARV3,AlphaFold_DB
https://alphafold.ebi.ac.uk/api/prediction/B1AT66,51a0c799730465ea1c47c9340664b6b335eb87db71af3ec98204cc58f77706bf,200,2026-10-09T07:20:49.518858+00:00,not_supplied_by_service,B1AT66,AlphaFold_DB
https://alphafold.ebi.ac.uk/api/prediction/B1AUH1,763fbd7ec470bda638bdae9fe178d9343869852fbcde77f11db642aca6dfbc37,200,2026-10-09T07:20:49.606081+00:00,not_supplied_by_service,B1AUH1,AlphaFold_DB
https://alphafold.ebi.ac.uk/api/prediction/B1AX39,f62fd9511de28c9f02cd5f8f2031894fb910ba200b25c987d081bd749cadecf0,200,2026-10-09T07:20:49.539158+00:00,not_supplied_by_service,B1AX39,AlphaFold_DB
https://alphafold.ebi.ac.uk/api/prediction/B1AXH1,e44563de4ec7788bcfcac9b224be15cd0ea9421831b55335bda8ef1871bcbf4c,200,2026-10-09T07:21:00.140503+00:00,not_supplied_by_service,B1AXH1,AlphaFold_DB
https://alphafold.ebi.ac.uk/api/prediction/B2RUR8,ae7c8fe98224df9fd4712eb8cd8e6c4b322822ded6c37441644c60065d6c45a9,200,2026-10-09T07:21:00.213197+00:00,not_supplied_by_service,B2RUR8,AlphaFold_DB
https://alphafold.ebi.ac.uk/api/prediction/D2J0Y4,0123ec919ba049e2f22353c377f8f965cace86c900fcd64099a895a7aee99377,200,2026-10-09T07:21:00.208749+00:00,not_supplied_by_service,D2J0Y4,AlphaFold_DB
https://alphafold.ebi.ac.uk/api/prediction/D3YVV3,9a10ef6fe44083c03da40a5704e239c4befb1d69859bbba8ee6a683b871e1a3b,200,2026-10-09T07:21:10.621637+00:00,not_supplied_by_service,D3YVV3,AlphaFold_DB
https://alphafold.ebi.ac.uk/api/prediction/D3YWE6,fa59e5c7a478ed4a7443a25b7ca38de3f27ae89dcdb22eaaddb08700ef585a59,200,2026-10-09T07:21:10.664444+00:00,not_supplied_by_service,D3YWE6,AlphaFold_DB
https://alphafold.ebi.ac.uk/api/prediction/D3YX43,6e2f4689272155fd01ae0db8d99262785f915752a471e9fa5eac254f5b7d2cb8,200,2026-10-09T07:21:10.708849+00:00,not_supplied_by_service,D3YX43,AlphaFold_DB
https://alphafold.ebi.ac.uk/api/prediction/D3YZF7,d864d44a99e1b4ad7b8bad8f1ff1cbc1fae323ff8af47635279c211f81bc573c,200,2026-10-09T07:21:21.036377+00:00,not_supplied_by_service,D3YZF7,AlphaFold_DB
https://alphafold.ebi.ac.uk/api/prediction/D3Z5W0,c58101364c063e68f6b3cf54524b583b4217cc7db1bb1849e705a0931434b91c,200,2026-10-09T07:21:21.167703+00:00,not_supplied_by_service,D3Z5W0,AlphaFold_DB
https://alphafold.ebi.ac.uk/api/prediction/D3Z7A9,de4e9a620e460bd6b2bf91f6021e0c9a18f0d6f3ad8bcd2a525507f6570b83db,200,2026-10-09T07:21:21.162122+00:00,not_supplied_by_service,D3Z7A9,AlphaFold_DB
https://alphafold.ebi.ac.uk/api/prediction/E9PX79,50d243298c48cae485d61af11889303e306231ed22e32b0a236bb98f82d63732,200,2026-10-09T07:21:32.945929+00:00,not_supplied_by_service,E9PX79,AlphaFold_DB
https://alphafold.ebi.ac.uk/api/prediction/E9Q079,60e85d2df52a3ab0e1d1e7e5e92aabc01da6a60a58f5232325168ece142e1f06,200,2026-10-09T07:21:32.959599+00:00,not_supplied_by_service,E9Q079,AlphaFold_DB
https://alphafold.ebi.ac.uk/api/prediction/E9Q1P8,dfa92ebc72a9491043c8ec7ba499b04560e3710891b6241327177e9f7d403fcf,200,2026-10-09T07:21:32.962368+00:00,not_supplied_by_service,E9Q1P8,AlphaFold_DB
https://alphafold.ebi.ac.uk/api/prediction/E9Q238,e9140788886e699a78bda2e67a223c3dfca06d3add88a0805db6b1ee9cf558df,200,2026-10-09T07:21:43.561804+00:00,not_supplied_by_service,E9Q238,AlphaFold_DB
https://alphafold.ebi.ac.uk/api/prediction/E9Q2T4,b9b2f9d51f6692e4428bc317501e492c5d988baaccf65bc0047fce256d2a9474,200,2026-10-09T07:21:43.517808+00:00,not_supplied_by_service,E9Q2T4,AlphaFold_DB
https://alphafold.ebi.ac.uk/api/prediction/E9Q4M0,8e6e5cea8634783e130efb7156541177bbfb9c984f52b0a1274b159aba887436,200,2026-10-09T07:21:43.568134+00:00,not_supplied_by_service,E9Q4M0,AlphaFold_DB
https://alphafold.ebi.ac.uk/api/prediction/E9Q5N9,38b567b28b0c18ab5b5c3a95eff45662ccad22997e5f9c885ab23a06046c4262,200,2026-10-09T07:21:54.118227+00:00,not_supplied_by_service,E9Q5N9,AlphaFold_DB
https://alphafold.ebi.ac.uk/api/prediction/E9Q616,44136fa355b3678a1146ad16f7e8649e94fb4fc21fe77e8310c060f61caaff8a,404,2026-10-09T07:21:54.192701+00:00,not_supplied_by_service,E9Q616,AlphaFold_DB
https://alphafold.ebi.ac.uk/api/prediction/E9Q8I7,131fab01502f527347691ae2d662f965431813e56f860d0a949c609d8e43ab81,200,2026-10-09T07:21:54.127057+00:00,not_supplied_by_service,E9Q8I7,AlphaFold_DB
https://alphafold.ebi.ac.uk/api/prediction/E9QL24,44136fa355b3678a1146ad16f7e8649e94fb4fc21fe77e8310c060f61caaff8a,404,2026-10-09T07:22:05.526292+00:00,not_supplied_by_service,E9QL24,AlphaFold_DB
https://alphafold.ebi.ac.uk/api/prediction/E9QNZ9,7fbcf06fcad6049666fd62794034ad14fc6cbafe7b75e22c522a1e0d70a206d7,200,2026-10-09T07:22:05.498757+00:00,not_supplied_by_service,E9QNZ9,AlphaFold_DB
https://alphafold.ebi.ac.uk/api/prediction/F6Q528,44136fa355b3678a1146ad16f7e8649e94fb4fc21fe77e8310c060f61caaff8a,404,2026-10-09T07:22:05.552916+00:00,not_supplied_by_service,F6Q528,AlphaFold_DB
https://alphafold.ebi.ac.uk/api/prediction/F6QBI9,44136fa355b3678a1146ad16f7e8649e94fb4fc21fe77e8310c060f61caaff8a,404,2026-10-09T07:22:18.020346+00:00,not_supplied_by_service,F6QBI9,AlphaFold_DB
https://alphafold.ebi.ac.uk/api/prediction/F6RKY9,44136fa355b3678a1146ad16f7e8649e94fb4fc21fe77e8310c060f61caaff8a,404,2026-10-09T07:22:18.019710+00:00,not_supplied_by_service,F6RKY9,AlphaFold_DB
https://alphafold.ebi.ac.uk/api/prediction/F6UQ86,44136fa355b3678a1146ad16f7e8649e94fb4fc21fe77e8310c060f61caaff8a,404,2026-10-09T07:22:17.940225+00:00,not_supplied_by_service,F6UQ86,AlphaFold_DB
https://alphafold.ebi.ac.uk/api/prediction/F6V7N2,44136fa355b3678a1146ad16f7e8649e94fb4fc21fe77e8310c060f61caaff8a,404,2026-10-09T07:22:28.900247+00:00,not_supplied_by_service,F6V7N2,AlphaFold_DB
https://alphafold.ebi.ac.uk/api/prediction/F6VBL2,44136fa355b3678a1146ad16f7e8649e94fb4fc21fe77e8310c060f61caaff8a,404,2026-10-09T07:22:28.980975+00:00,not_supplied_by_service,F6VBL2,AlphaFold_DB
https://alphafold.ebi.ac.uk/api/prediction/F6VF06,44136fa355b3678a1146ad16f7e8649e94fb4fc21fe77e8310c060f61caaff8a,404,2026-10-09T07:22:28.944037+00:00,not_supplied_by_service,F6VF06,AlphaFold_DB
https://alphafold.ebi.ac.uk/api/prediction/F6XT39,44136fa355b3678a1146ad16f7e8649e94fb4fc21fe77e8310c060f61caaff8a,404,2026-10-09T07:22:41.475029+00:00,not_supplied_by_service,F6XT39,AlphaFold_DB
https://alphafold.ebi.ac.uk/api/prediction/F6Y4Q7,44136fa355b3678a1146ad16f7e8649e94fb4fc21fe77e8310c060f61caaff8a,404,2026-10-09T07:22:41.500560+00:00,not_supplied_by_service,F6Y4Q7,AlphaFold_DB
https://alphafold.ebi.ac.uk/api/prediction/F6Z929,44136fa355b3678a1146ad16f7e8649e94fb4fc21fe77e8310c060f61caaff8a,404,2026-10-09T07:22:41.421420+00:00,not_supplied_by_service,F6Z929,AlphaFold_DB
https://alphafold.ebi.ac.uk/api/prediction/F6ZBH5,44136fa355b3678a1146ad16f7e8649e94fb4fc21fe77e8310c060f61caaff8a,404,2026-10-09T07:22:41.311484+00:00,not_supplied_by_service,F6ZBH5,AlphaFold_DB
https://alphafold.ebi.ac.uk/api/prediction/F7APZ6,44136fa355b3678a1146ad16f7e8649e94fb4fc21fe77e8310c060f61caaff8a,404,2026-10-09T07:22:41.031767+00:00,not_supplied_by_service,F7APZ6,AlphaFold_DB
https://alphafold.ebi.ac.uk/api/prediction/F7AZR3,44136fa355b3678a1146ad16f7e8649e94fb4fc21fe77e8310c060f61caaff8a,404,2026-10-09T07:22:41.174646+00:00,not_supplied_by_service,F7AZR3,AlphaFold_DB
https://alphafold.ebi.ac.uk/api/prediction/F7B5R5,44136fa355b3678a1146ad16f7e8649e94fb4fc21fe77e8310c060f61caaff8a,404,2026-10-09T07:22:41.273085+00:00,not_supplied_by_service,F7B5R5,AlphaFold_DB
https://alphafold.ebi.ac.uk/api/prediction/F7BSI7,44136fa355b3678a1146ad16f7e8649e94fb4fc21fe77e8310c060f61caaff8a,404,2026-10-09T07:22:41.052065+00:00,not_supplied_by_service,F7BSI7,AlphaFold_DB
https://alphafold.ebi.ac.uk/api/prediction/F7C8H2,44136fa355b3678a1146ad16f7e8649e94fb4fc21fe77e8310c060f61caaff8a,404,2026-10-09T07:22:41.269710+00:00,not_supplied_by_service,F7C8H2,AlphaFold_DB
https://alphafold.ebi.ac.uk/api/prediction/F7CE23,44136fa355b3678a1146ad16f7e8649e94fb4fc21fe77e8310c060f61caaff8a,404,2026-10-09T07:22:41.028190+00:00,not_supplied_by_service,F7CE23,AlphaFold_DB
https://alphafold.ebi.ac.uk/api/prediction/F7D735,44136fa355b3678a1146ad16f7e8649e94fb4fc21fe77e8310c060f61caaff8a,404,2026-10-09T07:22:41.029911+00:00,not_supplied_by_service,F7D735,AlphaFold_DB
https://alphafold.ebi.ac.uk/api/prediction/F7DDL9,44136fa355b3678a1146ad16f7e8649e94fb4fc21fe77e8310c060f61caaff8a,404,2026-10-09T07:22:41.032778+00:00,not_supplied_by_service,F7DDL9,AlphaFold_DB
https://alphafold.ebi.ac.uk/api/prediction/F8VPX2,c6c8646c398ac6afa67a4d02903d0025fc29c2f1184f3e1b1beb27b8a782e2eb,200,2026-10-09T07:22:41.276362+00:00,not_supplied_by_service,F8VPX2,AlphaFold_DB
https://alphafold.ebi.ac.uk/api/prediction/F8WHI1,44136fa355b3678a1146ad16f7e8649e94fb4fc21fe77e8310c060f61caaff8a,404,2026-10-09T07:22:40.966233+00:00,not_supplied_by_service,F8WHI1,AlphaFold_DB
https://alphafold.ebi.ac.uk/api/prediction/G3X924,350101039c9b740e8ec2e392066157c2af4959d1a9818b99032fc90294a0ca97,200,2026-10-09T07:22:41.267900+00:00,not_supplied_by_service,G3X924,AlphaFold_DB
https://alphafold.ebi.ac.uk/api/prediction/G3X9M9,73eb3ab5301cc727dc5d8ed1e48345e2a67a832a20a4c1bebd28b5cef087c0e2,200,2026-10-09T07:22:41.451670+00:00,not_supplied_by_service,G3X9M9,AlphaFold_DB
https://alphafold.ebi.ac.uk/api/prediction/G3XA59,546e0a4f154450c3899482427cd65d06ea509c84ec10dea40e9f8a4804f92634,200,2026-10-09T07:22:53.368905+00:00,not_supplied_by_service,G3XA59,AlphaFold_DB
https://alphafold.ebi.ac.uk/api/prediction/G5E898,44136fa355b3678a1146ad16f7e8649e94fb4fc21fe77e8310c060f61caaff8a,404,2026-10-09T07:22:53.222419+00:00,not_supplied_by_service,G5E898,AlphaFold_DB
https://alphafold.ebi.ac.uk/api/prediction/J3QNP2,bfdec872d51f5b235afab163aad8e9e733254e4f45d039e6bad721a4053a13d7,200,2026-10-09T07:22:53.423022+00:00,not_supplied_by_service,J3QNP2,AlphaFold_DB
https://alphafold.ebi.ac.uk/api/prediction/O08550,44136fa355b3678a1146ad16f7e8649e94fb4fc21fe77e8310c060f61caaff8a,404,2026-10-09T07:22:53.366164+00:00,not_supplied_by_service,O08550,AlphaFold_DB
https://alphafold.ebi.ac.uk/api/prediction/O08575,55f0edbc78bd2297d8637a61dd8b7608be6724ed4d2e8de663f340d8249a9aee,200,2026-10-09T07:22:53.135574+00:00,not_supplied_by_service,O08575,AlphaFold_DB
https://alphafold.ebi.ac.uk/api/prediction/O08691,f6a9f527b55a42862cd0c712b50f055b57220e6f1d708d9a7c96ff54dca0c282,200,2026-10-09T07:22:53.455114+00:00,not_supplied_by_service,O08691,AlphaFold_DB
https://alphafold.ebi.ac.uk/api/prediction/O08707,74746a8fbc6d9aa828c0911023cc3feb59fea490bca6d767b1896e2385c5571f,200,2026-10-09T07:22:53.248030+00:00,not_supplied_by_service,O08707,AlphaFold_DB
https://alphafold.ebi.ac.uk/api/prediction/O08746,8f0d8b213efe37cd5f1ce1e6f75032a1c9266d7969fb9102e9c64aedd086d6fa,200,2026-10-09T07:22:53.247594+00:00,not_supplied_by_service,O08746,AlphaFold_DB
https://alphafold.ebi.ac.uk/api/prediction/O08969,65b8e48dbad412d69a6f232f983aea0fb504483e9a70258b2fe33a261ae8acff,200,2026-10-09T07:22:53.419759+00:00,not_supplied_by_service,O08969,AlphaFold_DB
https://alphafold.ebi.ac.uk/api/prediction/O09133,7cd1b008c1280a9f91984c6712962bc1f04393d93a2d82739397b63e36151af0,200,2026-10-09T07:22:53.221795+00:00,not_supplied_by_service,O09133,AlphaFold_DB
https://alphafold.ebi.ac.uk/api/prediction/O09174,d8036c5b10ba45ae2297bc9e49f037fd1c606d8c879645d99aa5afee55a7c01e,200,2026-10-09T07:22:53.349071+00:00,not_supplied_by_service,O09174,AlphaFold_DB
https://alphafold.ebi.ac.uk/api/prediction/O35074,02581413e683877c663e18df61b009a177dd9ed7ee2436fe37a1e6c00f163e8e,200,2026-10-09T07:22:53.220646+00:00,not_supplied_by_service,O35074,AlphaFold_DB
https://alphafold.ebi.ac.uk/api/prediction/O35082,5a15acd49a6270e093a0b9d4e5f20ac98c12a2e80a58bf23334740d3fe3109b7,200,2026-10-09T07:22:53.220932+00:00,not_supplied_by_service,O35082,AlphaFold_DB
https://alphafold.ebi.ac.uk/api/prediction/O35103,a71a9f74d60054a49dca4645cdf4165e5c6971a8a81434b6d295559e1ef4aca0,200,2026-10-09T07:22:53.350710+00:00,not_supplied_by_service,O35103,AlphaFold_DB
https://alphafold.ebi.ac.uk/api/prediction/O35177,066e4d77c3a69ebceaeb4896571c21985a6c26f04bbe94fc6449b1e547566d0e,200,2026-10-09T07:22:53.248401+00:00,not_supplied_by_service,O35177,AlphaFold_DB
https://alphafold.ebi.ac.uk/api/prediction/O35182,7d0ae133e7ab39e6ca6909500ec5f71a651a3b6131899ca556b74116efc52ef8,200,2026-10-09T07:22:53.221949+00:00,not_supplied_by_service,O35182,AlphaFold_DB
https://alphafold.ebi.ac.uk/api/prediction/O35228,34c9e56d347689f2337ad38b7fe68d4574e1773af772f38c936207bd56baf324,200,2026-10-09T07:23:05.496162+00:00,not_supplied_by_service,O35228,AlphaFold_DB
https://alphafold.ebi.ac.uk/api/prediction/O35316,cee16709a2915af9cc3707d6b651e06cb8b353a0f2a9ff6a18e7372041c91680,200,2026-10-09T07:23:05.661182+00:00,not_supplied_by_service,O35316,AlphaFold_DB
https://alphafold.ebi.ac.uk/api/prediction/O35425,fee596f1a62536be832907b7f32d96b7a4c1ee8ca212377ba790645e00ceb3d4,200,2026-10-09T07:23:05.567821+00:00,not_supplied_by_service,O35425,AlphaFold_DB
https://alphafold.ebi.ac.uk/api/prediction/O35600,7b20d763371cc4362d1b26c9fe3e50c60b375e4f28db5747716657930d855806,200,2026-10-09T07:23:05.466709+00:00,not_supplied_by_service,O35600,AlphaFold_DB
https://alphafold.ebi.ac.uk/api/prediction/O35604,54e97b4aff248c8aa1af2970c5395db7e7034422c8c5826d3fb9d2761ede5062,200,2026-10-09T07:23:05.762237+00:00,not_supplied_by_service,O35604,AlphaFold_DB
https://alphafold.ebi.ac.uk/api/prediction/O35608,36bc762452c86c55ec33b4273eea512c197a8e50cb83d8edc1cde62401f1c261,200,2026-10-09T07:23:05.431599+00:00,not_supplied_by_service,O35608,AlphaFold_DB
https://alphafold.ebi.ac.uk/api/prediction/O35639,33df19ca7a9631d029ddc292177d5e6c9e7ae1544129a482f07afc6177c5184d,200,2026-10-09T07:23:05.627711+00:00,not_supplied_by_service,O35639,AlphaFold_DB
https://alphafold.ebi.ac.uk/api/prediction/O35640,fd9391befd24068ad386de957fbed71706493227a08ced45f153efe4a3445229,200,2026-10-09T07:23:05.591005+00:00,not_supplied_by_service,O35640,AlphaFold_DB
https://alphafold.ebi.ac.uk/api/prediction/O35655,4a522a8fd3ce82b8500b22fd7e0b73db88f5c576e8498f4b1243595a64b94233,200,2026-10-09T07:23:05.432214+00:00,not_supplied_by_service,O35655,AlphaFold_DB
https://alphafold.ebi.ac.uk/api/prediction/O35682,e661e58ae503bc1e28ba45a9ffd2563597dfa37dd847d4f9b0968376d6351b0c,200,2026-10-09T07:23:05.576127+00:00,not_supplied_by_service,O35682,AlphaFold_DB
https://alphafold.ebi.ac.uk/api/prediction/O35709,d8770ebc681c1762413d66d8533836cdc24152bcfad01b2b800343fe7c340c6f,200,2026-10-09T07:23:05.531097+00:00,not_supplied_by_service,O35709,AlphaFold_DB
https://alphafold.ebi.ac.uk/api/prediction/O35969,dfb594e0fb526aa108fe673c1c8150004459456c5cd07dc32318d6634fea93c6,200,2026-10-09T07:23:05.654238+00:00,not_supplied_by_service,O35969,AlphaFold_DB
https://alphafold.ebi.ac.uk/api/prediction/O54786,7334e4cd6b6cc2825a5b510f17444290b36965fe7f54cddc246c483c1e6839a9,200,2026-10-09T07:23:05.470686+00:00,not_supplied_by_service,O54786,AlphaFold_DB
https://alphafold.ebi.ac.uk/api/prediction/O54824,a26be1dd041d8b98d89288c22a2e13d87a9f486ada72840eb8427af131044cf1,200,2026-10-09T07:23:05.480109+00:00,not_supplied_by_service,O54824,AlphaFold_DB
https://alphafold.ebi.ac.uk/api/prediction/O54890,4e4b2cb88b43ec01571e884e6c92f69974a0b16caecbe9810bd87f59d43429a0,200,2026-10-09T07:23:05.574736+00:00,not_supplied_by_service,O54890,AlphaFold_DB
https://alphafold.ebi.ac.uk/api/prediction/O54983,0203ba4c9f47ea30292253dd09630e9dbe5485764f65342cbf8d8329cdd78fc2,200,2026-10-09T07:23:05.530863+00:00,not_supplied_by_service,O54983,AlphaFold_DB
https://alphafold.ebi.ac.uk/api/prediction/O55137,c94a788da66ac3bb21d11d988556be47ca75dacb3edc57583a51a8f4a10ecb74,200,2026-10-09T07:23:18.165739+00:00,not_supplied_by_service,O55137,AlphaFold_DB
https://alphafold.ebi.ac.uk/api/prediction/O55240,16512e3e62023abf324f64fce7f549c3377ecc33a06bb56d94b39e7d6f3582fa,200,2026-10-09T07:23:18.017313+00:00,not_supplied_by_service,O55240,AlphaFold_DB
https://alphafold.ebi.ac.uk/api/prediction/O55242,91f47c6a6ad004f632ae8de07c17947f2c794b76910d9dc741d1d024f835ed40,200,2026-10-09T07:23:18.158699+00:00,not_supplied_by_service,O55242,AlphaFold_DB
https://alphafold.ebi.ac.uk/api/prediction/O70126,ea1fb1df1c68eb4c880e98a672bbd466fe156b03e07a528af8fcce7b6f2d98ed,200,2026-10-09T07:23:18.016897+00:00,not_supplied_by_service,O70126,AlphaFold_DB
https://alphafold.ebi.ac.uk/api/prediction/O70299,dd633fecf503c1854086cf1ace5ddd2d23ed4353940a10f33b0a8e311e73cbc0,200,2026-10-09T07:23:18.092582+00:00,not_supplied_by_service,O70299,AlphaFold_DB
https://alphafold.ebi.ac.uk/api/prediction/O70370,84fafa4a2499f49b6839bc925314c09f00e18508eaa646f7c059b3c12f6182a3,200,2026-10-09T07:23:18.044518+00:00,not_supplied_by_service,O70370,AlphaFold_DB
https://alphafold.ebi.ac.uk/api/prediction/O70422,eeb70505e5ade4d999a73ae76ea3af01f28ffe2a961fb4bd6687a6ba1280645d,200,2026-10-09T07:23:18.019294+00:00,not_supplied_by_service,O70422,AlphaFold_DB
https://alphafold.ebi.ac.uk/api/prediction/O70503,f062a613aeff453e9d328c016e021d97a3cbb7410d2f2fea7e97d2958f26c9e6,200,2026-10-09T07:23:18.168298+00:00,not_supplied_by_service,O70503,AlphaFold_DB
https://alphafold.ebi.ac.uk/api/prediction/O70514,a8169a17b11fa91506583ad9fd2f912ba3af6060e6e350e1d5b7cda28c5f3308,200,2026-10-09T07:23:18.095264+00:00,not_supplied_by_service,O70514,AlphaFold_DB
https://alphafold.ebi.ac.uk/api/prediction/O70571,cddaa4dc2ccbc9445a2401c7d8841d25e08cd3de82ddb6f80b065c4cbd55e2bd,200,2026-10-09T07:23:18.225699+00:00,not_supplied_by_service,O70571,AlphaFold_DB
https://alphafold.ebi.ac.uk/api/prediction/O88188,95803beb0f00497cc472fec9b358be222b51a759e3b72a32f0e6c2e712ab3c12,200,2026-10-09T07:23:18.016724+00:00,not_supplied_by_service,O88188,AlphaFold_DB
https://alphafold.ebi.ac.uk/api/prediction/O88428,ff84fd8920b86b172f3dc280901a99d68df2a111a6b7886518b9502333188625,200,2026-10-09T07:23:18.230938+00:00,not_supplied_by_service,O88428,AlphaFold_DB
https://alphafold.ebi.ac.uk/api/prediction/O88492,920e284b2a69976dd76c2c4db1f1ffd541292d954ede88e85e00670ccf3ea01b,200,2026-10-09T07:23:18.233385+00:00,not_supplied_by_service,O88492,AlphaFold_DB
https://alphafold.ebi.ac.uk/api/prediction/O88507,d8cad4f30e3f953318e02f3143db2ac0fb469bca4fefb77f7b6772623ccfd7c4,200,2026-10-09T07:23:17.986632+00:00,not_supplied_by_service,O88507,AlphaFold_DB
https://alphafold.ebi.ac.uk/api/prediction/O88551,5bfbe5a3dfe61a44b3a786a30c20f78a58b2b093a61417909f5b9e23b5eed8e7,200,2026-10-09T07:23:18.085815+00:00,not_supplied_by_service,O88551,AlphaFold_DB
https://alphafold.ebi.ac.uk/api/prediction/O88593,d8913366dd5e5ad8c4afa7f01adb8fae146054a73eb21d195fa3d8dcc3b21cbc,200,2026-10-09T07:23:17.939804+00:00,not_supplied_by_service,O88593,AlphaFold_DB
https://alphafold.ebi.ac.uk/api/prediction/O88736,da495c841b50f405367b0f15b5b98da3228b59a24d9bb84b77ad0d7a8cb854a5,200,2026-10-09T07:23:30.216146+00:00,not_supplied_by_service,O88736,AlphaFold_DB
https://alphafold.ebi.ac.uk/api/prediction/O88745,e92abd6ec3cd3364d7844353fe8a7a18a6218d9ba650db83cd272693f5ef3151,200,2026-10-09T07:23:30.572482+00:00,not_supplied_by_service,O88745,AlphaFold_DB
https://alphafold.ebi.ac.uk/api/prediction/O88822,4cbee20a725ce9881dc604813428bb33f2d61695dbb5a19632fd1b3fa079477a,200,2026-10-09T07:23:30.606062+00:00,not_supplied_by_service,O88822,AlphaFold_DB
https://alphafold.ebi.ac.uk/api/prediction/O88844,eb58a11d187ef566f1d983104a8c19d6f3d90575394eea00f7556d0159d45dfa,200,2026-10-09T07:23:30.217196+00:00,not_supplied_by_service,O88844,AlphaFold_DB
https://alphafold.ebi.ac.uk/api/prediction/O89091,e1760be1b56d1b3a2d9b5c3a66601f87b5959c4005f6a912cde171f851378e18,200,2026-10-09T07:23:30.377237+00:00,not_supplied_by_service,O89091,AlphaFold_DB
https://alphafold.ebi.ac.uk/api/prediction/P00329,a57a2ecccd8a379ed4c2414104fb4cce829cbdcff23a05bf502ba3633ee07370,200,2026-10-09T07:23:30.459413+00:00,not_supplied_by_service,P00329,AlphaFold_DB
https://alphafold.ebi.ac.uk/api/prediction/P00687,af0739c28ec7a3c36a51654e886728e848824ed9bc9a958a4fa6225d6d5bea64,200,2026-10-09T07:23:30.204597+00:00,not_supplied_by_service,P00687,AlphaFold_DB
https://alphafold.ebi.ac.uk/api/prediction/P01101,2bd5c89e5394fd295e0b2106bd8afc1f8fba465d769410dcd82592e69734910a,200,2026-10-09T07:23:30.216894+00:00,not_supplied_by_service,P01101,AlphaFold_DB
https://alphafold.ebi.ac.uk/api/prediction/P02798,99ed3e6d870cb85dec1ee9b1654fbd9424e4e6eac84a55bb3e8d58976994b86e,200,2026-10-09T07:23:30.357103+00:00,not_supplied_by_service,P02798,AlphaFold_DB
https://alphafold.ebi.ac.uk/api/prediction/P04441,52bd8ade50bef9cd0e574d66b40e1bb1c4d4ac6404c0db0b204b26e984df96ce,200,2026-10-09T07:23:30.223223+00:00,not_supplied_by_service,P04441,AlphaFold_DB
https://alphafold.ebi.ac.uk/api/prediction/P05063,778a4944a1022a49c57310901b4e28aef14ff270a35bdadaef5595ccbc081627,200,2026-10-09T07:23:30.359982+00:00,not_supplied_by_service,P05063,AlphaFold_DB
https://alphafold.ebi.ac.uk/api/prediction/P05532,94761a3ee6e9af6f4bef06fea22779c06b1a591c3e2951c54173ae490126ef4c,200,2026-10-09T07:23:30.531003+00:00,not_supplied_by_service,P05532,AlphaFold_DB
https://alphafold.ebi.ac.uk/api/prediction/P06801,6bd9d49badfa4d0a770f0c3c4ce769f3007a71019bd1bd6d45b5e4d78e8bfa0d,200,2026-10-09T07:23:30.221624+00:00,not_supplied_by_service,P06801,AlphaFold_DB
https://alphafold.ebi.ac.uk/api/prediction/P06909,3ee216c50d163288e2514d3b29a301415de44853be0b76859c138da4c910d029,200,2026-10-09T07:23:30.218921+00:00,not_supplied_by_service,P06909,AlphaFold_DB
https://alphafold.ebi.ac.uk/api/prediction/P07901,134fb42ca1171288fc0d2d35e02cacaf6fd8fa8c8ca2feede50e09069fccb77f,200,2026-10-09T07:23:30.193259+00:00,not_supplied_by_service,P07901,AlphaFold_DB
https://alphafold.ebi.ac.uk/api/prediction/P08103,a7af3defc388f179c60eacce8bf15fe1f530651e6b1d7b57bcc5a286517007da,200,2026-10-09T07:23:30.396008+00:00,not_supplied_by_service,P08103,AlphaFold_DB
https://alphafold.ebi.ac.uk/api/prediction/P08122,f5d4d6ab7485b82939d290b66ed47055ae3bd606bfaff6cfc2481fe6f81b9356,200,2026-10-09T07:23:42.797290+00:00,not_supplied_by_service,P08122,AlphaFold_DB
https://alphafold.ebi.ac.uk/api/prediction/P08551,5562e96f557d4557eb7c067380941623e008cacc12b17cb7e436609850cfa8b2,200,2026-10-09T07:23:42.663768+00:00,not_supplied_by_service,P08551,AlphaFold_DB
https://alphafold.ebi.ac.uk/api/prediction/P09470,a6a5d3990faf7aaa19dc97d3508e24c54cfaa24f0578097024671e58d51fc84b,200,2026-10-09T07:23:42.880109+00:00,not_supplied_by_service,P09470,AlphaFold_DB
https://alphafold.ebi.ac.uk/api/prediction/P0DP59,ecc9d12408c079dda3e776099a9275128964688f811a945fc21a8bf35a3043ee,200,2026-10-09T07:23:42.693721+00:00,not_supplied_by_service,P0DP59,AlphaFold_DB
https://alphafold.ebi.ac.uk/api/prediction/P10148,6e99978a041347d8d27449a6516f3ccab38c0a9bcdfdccd74409f7c637469de7,200,2026-10-09T07:23:42.842918+00:00,not_supplied_by_service,P10148,AlphaFold_DB
https://alphafold.ebi.ac.uk/api/prediction/P10639,7fb03437047ae7680d874465f5bfd9836182c5497eb6d8bd8c390464c65dcad3,200,2026-10-09T07:23:42.664562+00:00,not_supplied_by_service,P10639,AlphaFold_DB
https://alphafold.ebi.ac.uk/api/prediction/P10649,100c80502a7ad47f9688aaebd9def9bed97dc79b997c7ec8c02d614fb7854822,200,2026-10-09T07:23:42.663856+00:00,not_supplied_by_service,P10649,AlphaFold_DB
https://alphafold.ebi.ac.uk/api/prediction/P10761,18ba08e22433a6379af5d370d51cb4d40d090b036e203636a60b66de1a93fd83,200,2026-10-09T07:23:42.889954+00:00,not_supplied_by_service,P10761,AlphaFold_DB
https://alphafold.ebi.ac.uk/api/prediction/P11214,321a9c04b882daeba8f03293515a8c736dd69ffba136a861e9ab2577d610af51,200,2026-10-09T07:23:42.844908+00:00,not_supplied_by_service,P11214,AlphaFold_DB
https://alphafold.ebi.ac.uk/api/prediction/P11276,0e304d8b9a622663010d9939ec36efeaa5b9abe9a0a5b411dc0a72fc696a5223,200,2026-10-09T07:23:42.661740+00:00,not_supplied_by_service,P11276,AlphaFold_DB
https://alphafold.ebi.ac.uk/api/prediction/P11680,50487ae94295a7d9ec547fc67669651773815d27458e9ce8271bd26b6e006fb3,200,2026-10-09T07:23:42.794680+00:00,not_supplied_by_service,P11680,AlphaFold_DB
https://alphafold.ebi.ac.uk/api/prediction/P11688,71437034172114b2b10e415a7d30300f37ea49645c374d72f10b2798475a4fe6,200,2026-10-09T07:23:42.695803+00:00,not_supplied_by_service,P11688,AlphaFold_DB
https://alphafold.ebi.ac.uk/api/prediction/P12815,799196acb8a85a1cba6e624b26de32b4af4c0264539e9fffeacde45414b0ecca,200,2026-10-09T07:23:42.654815+00:00,not_supplied_by_service,P12815,AlphaFold_DB
https://alphafold.ebi.ac.uk/api/prediction/P13020,4e11da950bc6e435da2c73d13c0eb9a1a18e39c6ac475d61e79eab2e08ef1815,200,2026-10-09T07:23:42.650757+00:00,not_supplied_by_service,P13020,AlphaFold_DB
https://alphafold.ebi.ac.uk/api/prediction/P13516,e924874fba47277727e4f1b19cdd1de2cbf6458ddaecff9769268315e6c0529a,200,2026-10-09T07:23:42.654672+00:00,not_supplied_by_service,P13516,AlphaFold_DB
https://alphafold.ebi.ac.uk/api/prediction/P14901,0251fc7ca9f84aba1444eb38aa955356fbff28d1280356f8d62d1140be2d2b84,200,2026-10-09T07:23:42.759118+00:00,not_supplied_by_service,P14901,AlphaFold_DB
https://alphafold.ebi.ac.uk/api/prediction/P15105,913dfce80c41e2e47f6244d6b1678d2f1e16e0c9614254e2a61b23fdfbb373ad,200,2026-10-09T07:23:58.339597+00:00,not_supplied_by_service,P15105,AlphaFold_DB
https://alphafold.ebi.ac.uk/api/prediction/P15530,809d3c6ab2b2e1c6b66a37af71669d05f81ba5114a05580f4b5294d1b2e35cff,200,2026-10-09T07:23:58.428650+00:00,not_supplied_by_service,P15530,AlphaFold_DB
https://alphafold.ebi.ac.uk/api/prediction/P15532,7d75a87e3e5677b555d6f131a4bcb0df2fa6ebb50b7816113dd97846c68104a7,200,2026-10-09T07:23:58.436122+00:00,not_supplied_by_service,P15532,AlphaFold_DB
https://alphafold.ebi.ac.uk/api/prediction/P15535,b3194251a2319f42436cb286853889dfb347e4a557bb0d3e49286a218db14d31,200,2026-10-09T07:23:58.314750+00:00,not_supplied_by_service,P15535,AlphaFold_DB
https://alphafold.ebi.ac.uk/api/prediction/P16045,5d139609e713004b2ab6226a3f0374f456c3cd517cdd124fb252409d19b99965,200,2026-10-09T07:23:58.373754+00:00,not_supplied_by_service,P16045,AlphaFold_DB
https://alphafold.ebi.ac.uk/api/prediction/P16330,7eb66dab05f4c0163522f70236efbcce6f1ae046735c311a5baa74e805b9ad46,200,2026-10-09T07:23:58.417713+00:00,not_supplied_by_service,P16330,AlphaFold_DB
https://alphafold.ebi.ac.uk/api/prediction/P16460,7162f306867dd65ab4476449a8bd15a375fe8989a00c56a65debb68df2ba5e40,200,2026-10-09T07:23:58.660043+00:00,not_supplied_by_service,P16460,AlphaFold_DB
https://alphafold.ebi.ac.uk/api/prediction/P17156,443a06f451a4076319fee06a07ebfcbe94815cb016611098d887a90700cb5ff0,200,2026-10-09T07:23:58.487580+00:00,not_supplied_by_service,P17156,AlphaFold_DB
https://alphafold.ebi.ac.uk/api/prediction/P17563,1a71e37ac8faa85b706d9afdf727eacaf436f7b0028bb15b4fd57b014cac7491,200,2026-10-09T07:23:58.415380+00:00,not_supplied_by_service,P17563,AlphaFold_DB
https://alphafold.ebi.ac.uk/api/prediction/P18581,c46973dbc9bda6491d9ef8a2fc4249d9a9f3c2833cdc90ebf32e371fdddb5e75,200,2026-10-09T07:23:58.567638+00:00,not_supplied_by_service,P18581,AlphaFold_DB
https://alphafold.ebi.ac.uk/api/prediction/P19246,53f94c5f4991c83e3f4e36075d249e490f705a8d3dd35412e6ea65b9016343e3,200,2026-10-09T07:23:58.518642+00:00,not_supplied_by_service,P19246,AlphaFold_DB
https://alphafold.ebi.ac.uk/api/prediction/P19788,83d266b76ced231d08bb33d9590b4483eb2adcec38e09d66072ace0ac0dd5d5e,200,2026-10-09T07:23:58.479207+00:00,not_supplied_by_service,P19788,AlphaFold_DB
https://alphafold.ebi.ac.uk/api/prediction/P21237,c1e6d667b876dc957c59b4452d6a4fa60f16855e64f24bc7503d15af15f66b97,200,2026-10-09T07:23:58.507258+00:00,not_supplied_by_service,P21237,AlphaFold_DB
https://alphafold.ebi.ac.uk/api/prediction/P21275,ad3462b9d258622b1718a1a0e34fec570574944c76d32eacba4d1e0399eca209,200,2026-10-09T07:23:58.417450+00:00,not_supplied_by_service,P21275,AlphaFold_DB
https://alphafold.ebi.ac.uk/api/prediction/P21460,7673a17a68a71170beaa18450c4cb402b1eddd031612ac86d901ffd08414b54b,200,2026-10-09T07:23:58.561132+00:00,not_supplied_by_service,P21460,AlphaFold_DB
https://alphafold.ebi.ac.uk/api/prediction/P21855,c296a349cd47df6c2c447484e54ca32ad2239dace0b94bff41725469e1f734ef,200,2026-10-09T07:23:58.409478+00:00,not_supplied_by_service,P21855,AlphaFold_DB
https://alphafold.ebi.ac.uk/api/prediction/P21956,e6e1e8a9b17a8a4a37c1b7b814783f834516a77e2f07f35c6208222f97df28a1,200,2026-10-09T07:24:10.578668+00:00,not_supplied_by_service,P21956,AlphaFold_DB
https://alphafold.ebi.ac.uk/api/prediction/P21995,058eff61373856ff2ad500539c1e336fb5da331ed9a036160c4ba9d0335eadb8,200,2026-10-09T07:24:10.757668+00:00,not_supplied_by_service,P21995,AlphaFold_DB
https://alphafold.ebi.ac.uk/api/prediction/P22272,fdb0325a5eeb64c45f51c0e0e43cef668b3a3a0e39c4380e7d9ce15d40dee1a0,200,2026-10-09T07:24:10.612319+00:00,not_supplied_by_service,P22272,AlphaFold_DB
https://alphafold.ebi.ac.uk/api/prediction/P23440,084de8e72f50dc390b19fb7f8d3f205b33f7916b1828b3653539971a5b2c16f9,200,2026-10-09T07:24:10.869013+00:00,not_supplied_by_service,P23440,AlphaFold_DB
https://alphafold.ebi.ac.uk/api/prediction/P23611,41671484ef9681d75923e120dd5f71eec2b8d26ca035d4915a9deb71827788e9,200,2026-10-09T07:24:10.773821+00:00,not_supplied_by_service,P23611,AlphaFold_DB
https://alphafold.ebi.ac.uk/api/prediction/P24288,0ccb7533b24208701dd93bb09c87a7c5c0ae4d3bb97139631155b7e150c2aca6,200,2026-10-09T07:24:10.575060+00:00,not_supplied_by_service,P24288,AlphaFold_DB
https://alphafold.ebi.ac.uk/api/prediction/P24549,ef7620d1defab6fda4bc4893eaf6a5382572dba2ef2a2eca215da6fcf3467e8d,200,2026-10-09T07:24:10.629388+00:00,not_supplied_by_service,P24549,AlphaFold_DB
https://alphafold.ebi.ac.uk/api/prediction/P24860,1b930e9b2fff4b6ab1570b49e8b6657ce33fc006c403f25daf8fed10988ef7e8,200,2026-10-09T07:24:10.665504+00:00,not_supplied_by_service,P24860,AlphaFold_DB
https://alphafold.ebi.ac.uk/api/prediction/P26049,12c52623809fc0530a43a1a42e4ccc61f6a3718ed71d25503b7099cc9ba26e66,200,2026-10-09T07:24:10.643275+00:00,not_supplied_by_service,P26049,AlphaFold_DB
https://alphafold.ebi.ac.uk/api/prediction/P26450,b94b61a2f1c7cc42299909a5590e659e3a3acdf9d03b81a77649240de80277bb,200,2026-10-09T07:24:10.612097+00:00,not_supplied_by_service,P26450,AlphaFold_DB
https://alphafold.ebi.ac.uk/api/prediction/P26618,1cb0120fd57699b8669ca3850dd9a0e4db87943264b0d3c6f3bf2024b6d3ba46,200,2026-10-09T07:24:10.687631+00:00,not_supplied_by_service,P26618,AlphaFold_DB
https://alphafold.ebi.ac.uk/api/prediction/P27671,63f6ac07f36f601f4f78d9c28e200663fb824bc82401607fba036c47759b65d3,200,2026-10-09T07:24:10.579130+00:00,not_supplied_by_service,P27671,AlphaFold_DB
https://alphafold.ebi.ac.uk/api/prediction/P27784,6ddebe94ecfcdd37ec42b67f49df465a5944271d199930a687b29a10aa861576,200,2026-10-09T07:24:10.574903+00:00,not_supplied_by_service,P27784,AlphaFold_DB
https://alphafold.ebi.ac.uk/api/prediction/P28301,1ad6390ebeb3a37aaa2f1e3d213608c19d721f333a7c062762a0194c05f42d39,200,2026-10-09T07:24:10.673820+00:00,not_supplied_by_service,P28301,AlphaFold_DB
https://alphafold.ebi.ac.uk/api/prediction/P28652,b7ff4f032762092709a07719b9a5dc48189eeed0c93ab481db5355b944697967,200,2026-10-09T07:24:10.578994+00:00,not_supplied_by_service,P28652,AlphaFold_DB
https://alphafold.ebi.ac.uk/api/prediction/P28654,a9ad4015868c4129ac2286e9f86c8c5fcc6a4e4e164fa2cd23bfd85f36a5f75d,200,2026-10-09T07:24:10.795863+00:00,not_supplied_by_service,P28654,AlphaFold_DB
https://alphafold.ebi.ac.uk/api/prediction/P28843,8aac83271cd1c097cab316c45079a08b6acb2e0fb70330ed23579658192edf4b,200,2026-10-09T07:24:22.888760+00:00,not_supplied_by_service,P28843,AlphaFold_DB
https://alphafold.ebi.ac.uk/api/prediction/P29268,b59d836e1a90b8fccc94a025ec3b92ac1f15ebb4cba46b80da29467ae881beb3,200,2026-10-09T07:24:22.712202+00:00,not_supplied_by_service,P29268,AlphaFold_DB
https://alphafold.ebi.ac.uk/api/prediction/P29352,e37d43330db2e4ef08572a2552ee2f803d6a0768c2a2706634cd5a48638d518e,200,2026-10-09T07:24:22.775718+00:00,not_supplied_by_service,P29352,AlphaFold_DB
https://alphafold.ebi.ac.uk/api/prediction/P29452,01bd92c5c01b8a61a842680969adb530ec73ed06a7fcfd23272117a9eeb560a9,200,2026-10-09T07:24:22.857631+00:00,not_supplied_by_service,P29452,AlphaFold_DB
https://alphafold.ebi.ac.uk/api/prediction/P29754,cb62cb6a3252a8150ba33157740b34bc2bbd68a47412dbffa2e17b10ba64ea33,200,2026-10-09T07:24:22.805016+00:00,not_supplied_by_service,P29754,AlphaFold_DB
https://alphafold.ebi.ac.uk/api/prediction/P30276,9138c360707d770324eec621f6cf3e0f65ef8434b551f3383c2481c803955180,200,2026-10-09T07:24:22.754947+00:00,not_supplied_by_service,P30276,AlphaFold_DB
https://alphafold.ebi.ac.uk/api/prediction/P30545,37fa9659042786c5872b93512c9a31dd7515dd85d985a80d7a9dc9d9160d12fc,200,2026-10-09T07:24:22.776818+00:00,not_supplied_by_service,P30545,AlphaFold_DB
https://alphafold.ebi.ac.uk/api/prediction/P30658,c38617dd7c48daf05b824d4de99af687fb25d9e358cd7cb531bc05877072bc27,200,2026-10-09T07:24:22.871669+00:00,not_supplied_by_service,P30658,AlphaFold_DB
https://alphafold.ebi.ac.uk/api/prediction/P30681,96f1e005e2e892a3b5021ff9a40bb4946c92afc91bf46360bccc59823f261e62,200,2026-10-09T07:24:22.756123+00:00,not_supplied_by_service,P30681,AlphaFold_DB
https://alphafold.ebi.ac.uk/api/prediction/P30731,4172428a11360f92514ffc59c231b7e6730b7afccb96c07d01a05b1c2e3ff1e6,200,2026-10-09T07:24:22.827094+00:00,not_supplied_by_service,P30731,AlphaFold_DB
https://alphafold.ebi.ac.uk/api/prediction/P31310,a095f2c232e74ac952ccd93051c6e5da6309cecea728006578b0b996d174d2e0,200,2026-10-09T07:24:22.815522+00:00,not_supplied_by_service,P31310,AlphaFold_DB
https://alphafold.ebi.ac.uk/api/prediction/P31428,7b6e26abefa8259c2c41ec673cd5ee13fc9d1549da1d951f086c14e28288dee0,200,2026-10-09T07:24:22.764259+00:00,not_supplied_by_service,P31428,AlphaFold_DB
https://alphafold.ebi.ac.uk/api/prediction/P31648,d2ddbf36f36bf95baf395e3fe5942177a644120a5a62f8248aa4344f622078e9,200,2026-10-09T07:24:22.851455+00:00,not_supplied_by_service,P31648,AlphaFold_DB
https://alphafold.ebi.ac.uk/api/prediction/P31750,20040fd969150add9bf0ddcc59451345eb3ce96095964a68da51aca007c1de56,200,2026-10-09T07:24:22.767615+00:00,not_supplied_by_service,P31750,AlphaFold_DB
https://alphafold.ebi.ac.uk/api/prediction/P35413,32f9aed1385a083d7f85a8582910dc69f647b599aec099c7ac8bb39e8ed0fa5f,200,2026-10-09T07:24:22.760523+00:00,not_supplied_by_service,P35413,AlphaFold_DB
https://alphafold.ebi.ac.uk/api/prediction/P37804,3af9722b7e4854c224c8b8d6d86ceb128b28d77d19bb229e3ca6d514d7daad48,200,2026-10-09T07:24:22.789476+00:00,not_supplied_by_service,P37804,AlphaFold_DB
https://alphafold.ebi.ac.uk/api/prediction/P38060,3818807a82f3d634a76d8eda890ee4193223d1ced129905759ac8b5b73127df7,200,2026-10-09T07:24:35.008030+00:00,not_supplied_by_service,P38060,AlphaFold_DB
https://alphafold.ebi.ac.uk/api/prediction/P38585,f879f4b121819cd4a75ed7947d0edd87153b75ef1cf8a8192710d75472ce31a7,200,2026-10-09T07:24:35.012468+00:00,not_supplied_by_service,P38585,AlphaFold_DB
https://alphafold.ebi.ac.uk/api/prediction/P39689,189bb6b8761d2347f46e3224a43423c2921356458acaf3640e2c2c276ead6069,200,2026-10-09T07:24:35.049326+00:00,not_supplied_by_service,P39689,AlphaFold_DB
https://alphafold.ebi.ac.uk/api/prediction/P40224,122e3bce5a7969df885964aa9296e79ded93a852b70728d72ca677b118226b2f,200,2026-10-09T07:24:35.012080+00:00,not_supplied_by_service,P40224,AlphaFold_DB
https://alphafold.ebi.ac.uk/api/prediction/P40749,db3bb4c42a5fbff710829e7cdbd1fe2a8b1f8c5d98c6ab6eec3ae35239c9bfbf,200,2026-10-09T07:24:35.127733+00:00,not_supplied_by_service,P40749,AlphaFold_DB
https://alphafold.ebi.ac.uk/api/prediction/P40936,3b1f377a63ca2aaf51ffe6cb625e041e88c3a676cd33a325beba872b7b0d6109,200,2026-10-09T07:24:35.129104+00:00,not_supplied_by_service,P40936,AlphaFold_DB
https://alphafold.ebi.ac.uk/api/prediction/P41588,2d4d320eb3b538b48d8bba0085fe8cef8b9f8dfcc34543a09e5de94be30d1622,200,2026-10-09T07:24:35.015929+00:00,not_supplied_by_service,P41588,AlphaFold_DB
https://alphafold.ebi.ac.uk/api/prediction/P43252,8b27616e071a4c5a5d125a68215231ccdd49a10f056da465625c0df6286893e2,200,2026-10-09T07:24:35.170264+00:00,not_supplied_by_service,P43252,AlphaFold_DB
https://alphafold.ebi.ac.uk/api/prediction/P43883,0f2524c855bc8a19352b456c98727111ef8a300ba5be80e864efc6361abb8a5d,200,2026-10-09T07:24:35.220692+00:00,not_supplied_by_service,P43883,AlphaFold_DB
https://alphafold.ebi.ac.uk/api/prediction/P47242,9b6a6036933061e920a4138bfcc813ca33c7e204e0d9684aa9615ceb8765715a,200,2026-10-09T07:24:35.124508+00:00,not_supplied_by_service,P47242,AlphaFold_DB
https://alphafold.ebi.ac.uk/api/prediction/P47801,a07d6e441202a8a31a0043b4f6756091c2ca9463731514b098e6a6f41e3aa801,200,2026-10-09T07:24:34.998410+00:00,not_supplied_by_service,P47801,AlphaFold_DB
https://alphafold.ebi.ac.uk/api/prediction/P47880,440b068bfe9739264c86ac162327eb98f66618eca450eecf91438d9eff1fda9e,200,2026-10-09T07:24:35.013955+00:00,not_supplied_by_service,P47880,AlphaFold_DB
https://alphafold.ebi.ac.uk/api/prediction/P48168,e38495cb1e6166bd73b9181f465f2869ff435f2cc809e17660817cbdf28ac9f0,200,2026-10-09T07:24:35.012986+00:00,not_supplied_by_service,P48168,AlphaFold_DB
https://alphafold.ebi.ac.uk/api/prediction/P48193,f7120fa1c3780d605ce2f2b3feddfe9cd190a15183dd0285c86ac91257d316a6,200,2026-10-09T07:24:35.008175+00:00,not_supplied_by_service,P48193,AlphaFold_DB
https://alphafold.ebi.ac.uk/api/prediction/P48302,db9cfcf12b6358f9aab01240138f0082e00e8167a37baf6062a5fce3ad150de0,200,2026-10-09T07:24:35.051402+00:00,not_supplied_by_service,P48302,AlphaFold_DB
https://alphafold.ebi.ac.uk/api/prediction/P48316,57548ee743290ab5e831009bccccb5ddd44caf1f6e9147c3016874edb978e0fa,200,2026-10-09T07:24:35.165369+00:00,not_supplied_by_service,P48316,AlphaFold_DB
https://alphafold.ebi.ac.uk/api/prediction/P48744,cfbd660b0592a8fd3ec14389fe7808204ca0ae020eaabf08823110f0f18151bd,200,2026-10-09T07:24:47.822873+00:00,not_supplied_by_service,P48744,AlphaFold_DB
https://alphafold.ebi.ac.uk/api/prediction/P49710,c05202cdb5eec510dfdaae4cbea65a11156e10391939d055a40bad301be1a563,200,2026-10-09T07:24:48.020136+00:00,not_supplied_by_service,P49710,AlphaFold_DB
https://alphafold.ebi.ac.uk/api/prediction/P49817,2cf5680043633259e393695d62bd14f723aed3f9ea025151a8eb6e5e545eff98,200,2026-10-09T07:24:47.948287+00:00,not_supplied_by_service,P49817,AlphaFold_DB
https://alphafold.ebi.ac.uk/api/prediction/P49919,1ff2b710aeaf2c3932edb0bf3fa1a2614d0c8530fb5013129ed88692f3ec8ad4,200,2026-10-09T07:24:47.993313+00:00,not_supplied_by_service,P49919,AlphaFold_DB
https://alphafold.ebi.ac.uk/api/prediction/P50114,63b8e646c8761c1c5fd39ee9aa977067b85d59118ee9e5b366e536e014f20260,200,2026-10-09T07:24:47.801698+00:00,not_supplied_by_service,P50114,AlphaFold_DB
https://alphafold.ebi.ac.uk/api/prediction/P50540,9892e46a5caa2766c95a0ef857d5788322fd5ebc6adc03b70233a4e84b768c07,200,2026-10-09T07:24:47.718821+00:00,not_supplied_by_service,P50540,AlphaFold_DB
https://alphafold.ebi.ac.uk/api/prediction/P50544,de7ae9141b1e2e0b18dcc3a4d094d31cd3d59b37d7d02b125e36156091d9b4b8,200,2026-10-09T07:24:47.682078+00:00,not_supplied_by_service,P50544,AlphaFold_DB
https://alphafold.ebi.ac.uk/api/prediction/P50571,b2563d494a0aa6d933b83267b63a8eaac6084b08bb0821c0412796b3a05f3de3,200,2026-10-09T07:24:47.636843+00:00,not_supplied_by_service,P50571,AlphaFold_DB
https://alphafold.ebi.ac.uk/api/prediction/P51163,5a6201c492cc6eccf37e8543884ef4e42794caeea413aa12984c6d613640644c,200,2026-10-09T07:24:47.797339+00:00,not_supplied_by_service,P51163,AlphaFold_DB
https://alphafold.ebi.ac.uk/api/prediction/P51569,eb8e78a587bff93d74cabd309af6b1e5d236a9a5193ad59d188dc957b0a13054,200,2026-10-09T07:24:47.947116+00:00,not_supplied_by_service,P51569,AlphaFold_DB
https://alphafold.ebi.ac.uk/api/prediction/P51642,62523eba176f514f9e29cd6f80bf75b43c4609acc16b51271dfbce3d62db978c,200,2026-10-09T07:24:47.681350+00:00,not_supplied_by_service,P51642,AlphaFold_DB
https://alphafold.ebi.ac.uk/api/prediction/P51670,993b6efd959fdf1f9e3df6bdebc142f9c873b8f18c60e74b03e8a248df95a71c,200,2026-10-09T07:24:48.015931+00:00,not_supplied_by_service,P51670,AlphaFold_DB
https://alphafold.ebi.ac.uk/api/prediction/P51860,8dc8144419486f8ebcfaef544f3c0fb58f56421cb4b7e43d2fa4875f63f32f54,200,2026-10-09T07:24:47.809709+00:00,not_supplied_by_service,P51860,AlphaFold_DB
https://alphafold.ebi.ac.uk/api/prediction/P51880,5529b2094aca41a8c77256b7e94e51fcedf947af827e92babbf5d69eec09690d,200,2026-10-09T07:24:47.942268+00:00,not_supplied_by_service,P51880,AlphaFold_DB
https://alphafold.ebi.ac.uk/api/prediction/P51910,54e43da4ace1b8682fe678c318f8d44bc0c89444b836d61b77a9f83d0e09f4b9,200,2026-10-09T07:24:47.804546+00:00,not_supplied_by_service,P51910,AlphaFold_DB
https://alphafold.ebi.ac.uk/api/prediction/P51945,3e09c589e63692feca03ee07f2e760853cbe25fd0eaa0932b9092d081fc852e5,200,2026-10-09T07:24:47.718948+00:00,not_supplied_by_service,P51945,AlphaFold_DB
https://alphafold.ebi.ac.uk/api/prediction/P52019,8eb26391ed9ea590c4db154801656abc3f5f1d4997be774a88fc9b83f31f8c3e,200,2026-10-09T07:25:00.100241+00:00,not_supplied_by_service,P52019,AlphaFold_DB
https://alphafold.ebi.ac.uk/api/prediction/P52293,4cbf02bd20b7988e4dc797e9e6a09733fbf3254619805b12e8498e0994d6974f,200,2026-10-09T07:24:59.978910+00:00,not_supplied_by_service,P52293,AlphaFold_DB
https://alphafold.ebi.ac.uk/api/prediction/P52825,1837ad48c8ed4acd5d6340bfba66a97da24076aed533124655dc13ba46a6fbcc,200,2026-10-09T07:25:00.042884+00:00,not_supplied_by_service,P52825,AlphaFold_DB
https://alphafold.ebi.ac.uk/api/prediction/P54130,da5b017a8412f6ce4f800ab7543325394ac317b0669d445c0c8354f4b2d59068,200,2026-10-09T07:25:00.129496+00:00,not_supplied_by_service,P54130,AlphaFold_DB
https://alphafold.ebi.ac.uk/api/prediction/P54320,2dd05d0be6adf6834708991201b79b3d6ad5672738013edf1a8bf21753459642,200,2026-10-09T07:24:59.926621+00:00,not_supplied_by_service,P54320,AlphaFold_DB
https://alphafold.ebi.ac.uk/api/prediction/P54369,5fa0e860e7683a9b661aa7d6bd0fcf2e25efb8ce477c82432281869d50de2c78,200,2026-10-09T07:24:59.951329+00:00,not_supplied_by_service,P54369,AlphaFold_DB
https://alphafold.ebi.ac.uk/api/prediction/P55271,e0cc81789c088e34fd706ed2ab36f85dfc9c2e43b81aa12dc8bd7b082d3ef135,200,2026-10-09T07:24:59.957083+00:00,not_supplied_by_service,P55271,AlphaFold_DB
https://alphafold.ebi.ac.uk/api/prediction/P55284,8eb78310218c063cde54460aee0689147a6f28002e41f233afb4166e1a768366,200,2026-10-09T07:24:59.977841+00:00,not_supplied_by_service,P55284,AlphaFold_DB
https://alphafold.ebi.ac.uk/api/prediction/P56375,9debcb44f2d19ecb9781bf0bbdff322a182f2069e6f3348bb86f7c97743d7aac,200,2026-10-09T07:25:00.039955+00:00,not_supplied_by_service,P56375,AlphaFold_DB
https://alphafold.ebi.ac.uk/api/prediction/P56389,52551f29fb125e1bb7a78e26e039cbb1a8886baf5409bf13cc09baf6aeceeda1,200,2026-10-09T07:25:00.124672+00:00,not_supplied_by_service,P56389,AlphaFold_DB
https://alphafold.ebi.ac.uk/api/prediction/P56392,c9942c2f55fc60f5e689db2aa840f11bed8948b2c7c113dd78d73a5b6497a027,200,2026-10-09T07:24:59.956281+00:00,not_supplied_by_service,P56392,AlphaFold_DB
https://alphafold.ebi.ac.uk/api/prediction/P56476,cc80985126d5cadefbf130a818de5bf8082b14bced48e8eb95deb2b1c3a2c15e,200,2026-10-09T07:25:00.071094+00:00,not_supplied_by_service,P56476,AlphaFold_DB
https://alphafold.ebi.ac.uk/api/prediction/P56481,654b0e459d4a2e1253134f638bbc6a888714354356f54d32a5b8dc9799511fc5,200,2026-10-09T07:25:00.036027+00:00,not_supplied_by_service,P56481,AlphaFold_DB
https://alphafold.ebi.ac.uk/api/prediction/P56485,82bf9e466c7d0c8c1f89bb6215fe395b62d039c8c8d8e6af1f459203d3f162db,200,2026-10-09T07:24:59.956809+00:00,not_supplied_by_service,P56485,AlphaFold_DB
https://alphafold.ebi.ac.uk/api/prediction/P57787,4435d9881ac8662a9f1ca2484bdccaec59a18ef050087ca5ec65b09fae72253c,200,2026-10-09T07:24:59.958171+00:00,not_supplied_by_service,P57787,AlphaFold_DB
https://alphafold.ebi.ac.uk/api/prediction/P58006,8e8d7ee2d8c22c6c2b69a5eeb618e65a7c5513da97505917c164703c7aea989e,200,2026-10-09T07:24:59.958638+00:00,not_supplied_by_service,P58006,AlphaFold_DB
https://alphafold.ebi.ac.uk/api/prediction/P58044,88632e6096d43cee75e2a1d3073621f0af222bce7b4cfd6954ef1823dc8569ff,200,2026-10-09T07:25:12.070900+00:00,not_supplied_by_service,P58044,AlphaFold_DB
https://alphafold.ebi.ac.uk/api/prediction/P58459,b5d94057c63ec91ea243668c2ff52d2e2aa15df24f16fc54d78b6b4d850c109c,200,2026-10-09T07:25:12.332380+00:00,not_supplied_by_service,P58459,AlphaFold_DB
https://alphafold.ebi.ac.uk/api/prediction/P58462,36509efbf84ca07edfa823ea4a8ffc683f251bc3dc645aad97a55eca85cbd925,200,2026-10-09T07:25:12.085624+00:00,not_supplied_by_service,P58462,AlphaFold_DB
https://alphafold.ebi.ac.uk/api/prediction/P58686,8bb2adb733b793936e4efea503983dc4b05a0b973f1d407805e3cb13c06d200a,200,2026-10-09T07:25:12.193403+00:00,not_supplied_by_service,P58686,AlphaFold_DB
https://alphafold.ebi.ac.uk/api/prediction/P58742,cbe958bec9ab5e6e5392870fac1cbe340a4510830f789f07fedd12774371918c,200,2026-10-09T07:25:12.070586+00:00,not_supplied_by_service,P58742,AlphaFold_DB
https://alphafold.ebi.ac.uk/api/prediction/P61014,ed08dc99d5f84b046e72b5714951b1d71d1ea7b92b3fe18a136d9f7232d20bee,200,2026-10-09T07:25:12.264580+00:00,not_supplied_by_service,P61014,AlphaFold_DB
https://alphafold.ebi.ac.uk/api/prediction/P61027,ab24b4202bcae7d72184d36b9ae41c1599111b13ac6b9693f4510b3e890e75c7,200,2026-10-09T07:25:12.268394+00:00,not_supplied_by_service,P61027,AlphaFold_DB
https://alphafold.ebi.ac.uk/api/prediction/P61079,8a195b4b5ee60426d040501cc4947089f4311fcbb776058579a0d3f0c6a46195,200,2026-10-09T07:25:12.113058+00:00,not_supplied_by_service,P61079,AlphaFold_DB
https://alphafold.ebi.ac.uk/api/prediction/P61213,f2900ccd04c852385e38ad9d03531565f1cfba3053618bcc5774607ea44b90fd,200,2026-10-09T07:25:12.071192+00:00,not_supplied_by_service,P61213,AlphaFold_DB
https://alphafold.ebi.ac.uk/api/prediction/P61216,584f2a29d4b191d8897a9a1a63e734cb7dd3382072bd9ad7b286921c16f7cc42,200,2026-10-09T07:25:12.065091+00:00,not_supplied_by_service,P61216,AlphaFold_DB
https://alphafold.ebi.ac.uk/api/prediction/P61971,a51af898076f60d4ac510d28e58651784a97d47a8ca58ad2de6291c41f7ce397,200,2026-10-09T07:25:12.199535+00:00,not_supplied_by_service,P61971,AlphaFold_DB
https://alphafold.ebi.ac.uk/api/prediction/P62073,f1775811c2df061c3a4df06c6693c7cb9cc61cd01e6bf2e96ab1dd8a7cff2cf2,200,2026-10-09T07:25:12.187214+00:00,not_supplied_by_service,P62073,AlphaFold_DB
https://alphafold.ebi.ac.uk/api/prediction/P62080,5f40cc0f0a7048da31ece7ea9c83a2a81b90f78916261b432dcbec9b412724cd,200,2026-10-09T07:25:12.105383+00:00,not_supplied_by_service,P62080,AlphaFold_DB
https://alphafold.ebi.ac.uk/api/prediction/P62334,58434773dc33c458cff34285a8d396f4541a184e373cb28d26088e7596bf6b42,200,2026-10-09T07:25:12.116034+00:00,not_supplied_by_service,P62334,AlphaFold_DB
https://alphafold.ebi.ac.uk/api/prediction/P62700,d02a9bc9c233b7821c854eeb3aa73807ef095972566dcafebfd3c4df466e6903,200,2026-10-09T07:25:12.066800+00:00,not_supplied_by_service,P62700,AlphaFold_DB
https://alphafold.ebi.ac.uk/api/prediction/P62827,95dab6abe00194ba6962cdb4f9a0d63c1823f17a441243056223322b138b138d,200,2026-10-09T07:25:12.088080+00:00,not_supplied_by_service,P62827,AlphaFold_DB
https://alphafold.ebi.ac.uk/api/prediction/P63037,07d06a1c49d51c93f5c4edcf4ed71ec4e23eb47b84265748bdeb4c8de5ef8134,200,2026-10-09T07:25:24.904807+00:00,not_supplied_by_service,P63037,AlphaFold_DB
https://alphafold.ebi.ac.uk/api/prediction/P63038,16df9324207afc98041409334a696013f432b783b48dbea03514efd12dc1a77f,200,2026-10-09T07:25:24.999154+00:00,not_supplied_by_service,P63038,AlphaFold_DB
https://alphafold.ebi.ac.uk/api/prediction/P63078,d96c68e62f00aba5e25d5d8ef133f5255af1d63752bdd95e7d8528642a71e64d,200,2026-10-09T07:25:24.952888+00:00,not_supplied_by_service,P63078,AlphaFold_DB
https://alphafold.ebi.ac.uk/api/prediction/P63087,6f51579f3c22fc55956a26d2db13c16f76162aa154cf7e1e059922051bf93e7a,200,2026-10-09T07:25:24.958935+00:00,not_supplied_by_service,P63087,AlphaFold_DB
https://alphafold.ebi.ac.uk/api/prediction/P63168,0d0b568a8ee4aba01e41c5271bb03faa05055f0b3064ba1f4d68332cb133a137,200,2026-10-09T07:25:24.863135+00:00,not_supplied_by_service,P63168,AlphaFold_DB
https://alphafold.ebi.ac.uk/api/prediction/P63239,c93bb8e1a087045e5d826540ce14d6f17e3ac8683ca2203a16216ef8cf0af6e1,200,2026-10-09T07:25:24.841646+00:00,not_supplied_by_service,P63239,AlphaFold_DB
https://alphafold.ebi.ac.uk/api/prediction/P63254,e664f83aba3411b934209d3cdbe0853c0c55f6ee6d7e93a75ea42625f645cbac,200,2026-10-09T07:25:25.005197+00:00,not_supplied_by_service,P63254,AlphaFold_DB
https://alphafold.ebi.ac.uk/api/prediction/P63268,3935a919f6014a4fdd66362990b7c3e6acc851d9c4110393f72ed673a9cc41cf,200,2026-10-09T07:25:24.694800+00:00,not_supplied_by_service,P63268,AlphaFold_DB
https://alphafold.ebi.ac.uk/api/prediction/P68368,4245592ce09af1be4bde4f4eaecc0da5c4c3d1606dd20da3d4874ea7b66de3e7,200,2026-10-09T07:25:24.694931+00:00,not_supplied_by_service,P68368,AlphaFold_DB
https://alphafold.ebi.ac.uk/api/prediction/P70120,b3e59f41b151883441087a2e4f17e0ba7f9dac9715193284459149147929a7f3,200,2026-10-09T07:25:25.001292+00:00,not_supplied_by_service,P70120,AlphaFold_DB
https://alphafold.ebi.ac.uk/api/prediction/P70170,65653d7c1f08b51a7f21fb5b9a597c0642da4b5d23844abca18a7577f0fa44e2,200,2026-10-09T07:25:24.807516+00:00,not_supplied_by_service,P70170,AlphaFold_DB
https://alphafold.ebi.ac.uk/api/prediction/P70210,c5b86aa4ca48f8a3748aa2695b1dd35384abbbc59c472f5fd70f8cd4896889b0,200,2026-10-09T07:25:24.916070+00:00,not_supplied_by_service,P70210,AlphaFold_DB
https://alphafold.ebi.ac.uk/api/prediction/P70245,5b1ee1721df1bde7be8c84befc3c131bb7d9010592702f80d3015b2cfc8df361,200,2026-10-09T07:25:24.853343+00:00,not_supplied_by_service,P70245,AlphaFold_DB
https://alphafold.ebi.ac.uk/api/prediction/P70378,c304f2c12d5bf1e6e9b4cca17a5a4eb3eeb6385a0632491e440e91cb20c1851e,200,2026-10-09T07:25:24.956947+00:00,not_supplied_by_service,P70378,AlphaFold_DB
https://alphafold.ebi.ac.uk/api/prediction/P70423,458ab8c02c7f3c5df1ea820c636ee9e243a6c7cfd9f449fdd56a303adcb721d2,200,2026-10-09T07:25:24.814342+00:00,not_supplied_by_service,P70423,AlphaFold_DB
https://alphafold.ebi.ac.uk/api/prediction/P84075,1864dc038c202847cfccbe9b1e64427d36ebe1fe20a9e6b60776aae75734194f,200,2026-10-09T07:25:24.835630+00:00,not_supplied_by_service,P84075,AlphaFold_DB
https://alphafold.ebi.ac.uk/api/prediction/P86046,83f5cf4f8ec7dc043bfdd1d6e545562af6c01dbc178e01028b91cfe90dec9684,200,2026-10-09T07:25:37.564965+00:00,not_supplied_by_service,P86046,AlphaFold_DB
https://alphafold.ebi.ac.uk/api/prediction/P97297,f7fc5ee42e4f0c47a7116f2c6d1c3e4c4de98a54919a5472e4f57b13817b7274,200,2026-10-09T07:25:37.366880+00:00,not_supplied_by_service,P97297,AlphaFold_DB
https://alphafold.ebi.ac.uk/api/prediction/P97315,5d2986a1483a3a9fb4bf95f3acc1f218804a17656b631a7a60547fa54e2f1cf7,200,2026-10-09T07:25:37.369780+00:00,not_supplied_by_service,P97315,AlphaFold_DB
https://alphafold.ebi.ac.uk/api/prediction/P97430,baf118dd7d56d7ee296f94c84851708c813c4f3aa7a7e02f21fc4a19a2852984,200,2026-10-09T07:25:37.369149+00:00,not_supplied_by_service,P97430,AlphaFold_DB
https://alphafold.ebi.ac.uk/api/prediction/P97769,3add78465bbf293c0958477f45f0e1fe9461ecde435924e8e3f2e5d1503e3b83,200,2026-10-09T07:25:37.369567+00:00,not_supplied_by_service,P97769,AlphaFold_DB
https://alphafold.ebi.ac.uk/api/prediction/P97794,82ae3473f584223413254a240d333daedbd4d8ad1a798c36ff79d860294fe5e4,200,2026-10-09T07:25:37.367371+00:00,not_supplied_by_service,P97794,AlphaFold_DB
https://alphafold.ebi.ac.uk/api/prediction/P98083,ad0e913f8473115ebdca334e1d452c53ef6212d6834828c15c083a98daa122d0,200,2026-10-09T07:25:37.361759+00:00,not_supplied_by_service,P98083,AlphaFold_DB
https://alphafold.ebi.ac.uk/api/prediction/Q00519,86f68cb33b28eac8f4151f4a726816ad79145d776fd90f0973b9bbedf6bf5c3d,200,2026-10-09T07:25:37.482510+00:00,not_supplied_by_service,Q00519,AlphaFold_DB
https://alphafold.ebi.ac.uk/api/prediction/Q01320,e87c19c52a03cbcd55b72969a8619f542a1275cae4129b3b78b22b407f692935,200,2026-10-09T07:25:37.372276+00:00,not_supplied_by_service,Q01320,AlphaFold_DB
https://alphafold.ebi.ac.uk/api/prediction/Q01721,5580907775e51c75af1a2ff0b54765053c6ea550d4e9bf8a9322632a9ca7a6d2,200,2026-10-09T07:25:37.391275+00:00,not_supplied_by_service,Q01721,AlphaFold_DB
https://alphafold.ebi.ac.uk/api/prediction/Q02788,a55a7a4f547f313dcb6bebea332a6170a457d26cf25199714326562936003bd8,200,2026-10-09T07:25:37.366314+00:00,not_supplied_by_service,Q02788,AlphaFold_DB
https://alphafold.ebi.ac.uk/api/prediction/Q03160,350eecdc6b78f81493572ff677d69683b9db3c62814378a5b7bc8eef0014ffce,200,2026-10-09T07:25:37.494293+00:00,not_supplied_by_service,Q03160,AlphaFold_DB
https://alphafold.ebi.ac.uk/api/prediction/Q03526,01a93a47f5ef40c47a751f22814c9b6239ae6fe9668fdba4dc9bf3c2a9ddfe91,200,2026-10-09T07:25:37.568893+00:00,not_supplied_by_service,Q03526,AlphaFold_DB
https://alphafold.ebi.ac.uk/api/prediction/Q03719,9d204f8b52fb4184c7277165fbb4b9fb6a66653250d3fd7e58ef06c802ea7856,200,2026-10-09T07:25:37.553902+00:00,not_supplied_by_service,Q03719,AlphaFold_DB
https://alphafold.ebi.ac.uk/api/prediction/Q04857,8d21dd908b2c0f1eacbedefc262f8e73edb4cb05c3ff949c3a213d4860eb4605,200,2026-10-09T07:25:37.528282+00:00,not_supplied_by_service,Q04857,AlphaFold_DB
https://alphafold.ebi.ac.uk/api/prediction/Q05685,fe2c0f78ff8351df7150275758ddfd913bfd104d2bfa50f3cd78432d69f3b9a2,200,2026-10-09T07:25:37.371318+00:00,not_supplied_by_service,Q05685,AlphaFold_DB
https://alphafold.ebi.ac.uk/api/prediction/Q05910,f694b327a844715574910a809650ee75e6acc48b198993cae18089038e59bfc6,200,2026-10-09T07:25:49.353310+00:00,not_supplied_by_service,Q05910,AlphaFold_DB
https://alphafold.ebi.ac.uk/api/prediction/Q05AA6,f4a4fc117d4dbad22f457008b28d9c272b78c612a8566b58292abca6a2e61bc3,200,2026-10-09T07:25:49.154049+00:00,not_supplied_by_service,Q05AA6,AlphaFold_DB
https://alphafold.ebi.ac.uk/api/prediction/Q07646,10699acf1d1eaf55a7b256e47c2ffea36572e739676d6effe84a115d3eb2e094,200,2026-10-09T07:25:49.481370+00:00,not_supplied_by_service,Q07646,AlphaFold_DB
https://alphafold.ebi.ac.uk/api/prediction/Q08091,c6fbfbb5df03d10929e483e8cb27b3400efed18d3517705987d6f6d1cf55b9df,200,2026-10-09T07:25:49.484320+00:00,not_supplied_by_service,Q08091,AlphaFold_DB
https://alphafold.ebi.ac.uk/api/prediction/Q08481,413529831f28d1c5f53c4fda7ca4776ae496398b555a9192da328cf1d7d88db6,200,2026-10-09T07:25:49.620173+00:00,not_supplied_by_service,Q08481,AlphaFold_DB
https://alphafold.ebi.ac.uk/api/prediction/Q0VAW7,5cfe64b70632245cce5aaadc609da5a5ce8d6bfb69bd88191cd7b9ae1b6b47a0,200,2026-10-09T07:25:49.344170+00:00,not_supplied_by_service,Q0VAW7,AlphaFold_DB
https://alphafold.ebi.ac.uk/api/prediction/Q0VBD0,1dfe2327d643a54741d143b5367ed85a1550895a17b350431627db519bb7c2f7,200,2026-10-09T07:25:49.333375+00:00,not_supplied_by_service,Q0VBD0,AlphaFold_DB
https://alphafold.ebi.ac.uk/api/prediction/Q0VBL6,fba08a5abc6e5816e92227fe9d76d13bf957ee85c4d58776b23cc037ff231ee5,200,2026-10-09T07:25:49.364968+00:00,not_supplied_by_service,Q0VBL6,AlphaFold_DB
https://alphafold.ebi.ac.uk/api/prediction/Q0VG18,816dcf42f11809d9caaf4762c5beabd7351e614fe1ad38ce153345ba28d24978,200,2026-10-09T07:25:49.347925+00:00,not_supplied_by_service,Q0VG18,AlphaFold_DB
https://alphafold.ebi.ac.uk/api/prediction/Q0VGT2,4d5335a9f01e90a0e94e2c7c2ed502bec3a79b910814311d8ae4361015bb157f,200,2026-10-09T07:25:49.155262+00:00,not_supplied_by_service,Q0VGT2,AlphaFold_DB
https://alphafold.ebi.ac.uk/api/prediction/Q0VGT4,5686a056b49e1ce99e19ba131625ff99a94c0ec57b35f41db1fceba29268ef93,200,2026-10-09T07:25:49.361761+00:00,not_supplied_by_service,Q0VGT4,AlphaFold_DB
https://alphafold.ebi.ac.uk/api/prediction/Q0VGU4,f77cbe4de631957ffcc14f12d835db86934842585cc75a7a5bd3e5e122c25e68,200,2026-10-09T07:25:49.362053+00:00,not_supplied_by_service,Q0VGU4,AlphaFold_DB
https://alphafold.ebi.ac.uk/api/prediction/Q14AT5,d828a338978c4cc793d4d279c4696fca9073fcc4015daddba767469399bce315,200,2026-10-09T07:25:49.530877+00:00,not_supplied_by_service,Q14AT5,AlphaFold_DB
https://alphafold.ebi.ac.uk/api/prediction/Q14C51,f599834716f9f2323b1686178419ac5b43f8102439cc3a19b92d5c766f22db41,200,2026-10-09T07:25:49.525233+00:00,not_supplied_by_service,Q14C51,AlphaFold_DB
https://alphafold.ebi.ac.uk/api/prediction/Q14DH7,d8f59992f87ba9fa3f9d6f15ba0e7e67ee25374aef240a1bda20a5bf4418690a,200,2026-10-09T07:25:49.487497+00:00,not_supplied_by_service,Q14DH7,AlphaFold_DB
https://alphafold.ebi.ac.uk/api/prediction/Q1JRP2,046d18a39eea4fe1dfb84dceff2525824811129740ae55629d7a37c39d515ffc,200,2026-10-09T07:25:49.521787+00:00,not_supplied_by_service,Q1JRP2,AlphaFold_DB
https://alphafold.ebi.ac.uk/api/prediction/Q3MI99,5914357c912de249f8cb6f74a58b6567e290c0d732a532af5b042c2024710ecd,200,2026-10-09T07:26:01.548137+00:00,not_supplied_by_service,Q3MI99,AlphaFold_DB
https://alphafold.ebi.ac.uk/api/prediction/Q3T9X0,188ec7453a088a5434aa56b0a59839f2b27ae0a8c06eef06a561df07c7ac2274,200,2026-10-09T07:26:01.547351+00:00,not_supplied_by_service,Q3T9X0,AlphaFold_DB
https://alphafold.ebi.ac.uk/api/prediction/Q3TB82,3a0373cfd2fff6c1abbc6f5a1092800b28751dc207e026505a8347f15975a2f5,200,2026-10-09T07:26:01.539671+00:00,not_supplied_by_service,Q3TB82,AlphaFold_DB
https://alphafold.ebi.ac.uk/api/prediction/Q3TBT3,bda8747dd44ce629a5ece197fbbbb8b4de89de16ce3ea22bc86f9e11e0210224,200,2026-10-09T07:26:01.561976+00:00,not_supplied_by_service,Q3TBT3,AlphaFold_DB
https://alphafold.ebi.ac.uk/api/prediction/Q3TCX3,1992f0c2ee21f8da74601c8dd05a95090b9d5d7f2cac6784cd3bba2eb27138f1,200,2026-10-09T07:26:01.642818+00:00,not_supplied_by_service,Q3TCX3,AlphaFold_DB
https://alphafold.ebi.ac.uk/api/prediction/Q3TYX2,3c40e6b37364129e615f77a30573343e6c7a533eb8704098b52822825a51c06d,200,2026-10-09T07:26:01.539819+00:00,not_supplied_by_service,Q3TYX2,AlphaFold_DB
https://alphafold.ebi.ac.uk/api/prediction/Q3TZA2,1d0339998b1e8bb2287421ac86b45d582478e1a07151d0e50bab93bd8c49c100,200,2026-10-09T07:26:01.539615+00:00,not_supplied_by_service,Q3TZA2,AlphaFold_DB
https://alphafold.ebi.ac.uk/api/prediction/Q3U4H6,2f0097d22cd45d9686b91350ec22ea5a082a7eca727f3337d562918dd3ab7a14,200,2026-10-09T07:26:01.630655+00:00,not_supplied_by_service,Q3U4H6,AlphaFold_DB
https://alphafold.ebi.ac.uk/api/prediction/Q3U5C8,2253c866f2397578abe05614c281702ff63b2ac5ca4ec26f64731a4a238d36e5,200,2026-10-09T07:26:01.566980+00:00,not_supplied_by_service,Q3U5C8,AlphaFold_DB
https://alphafold.ebi.ac.uk/api/prediction/Q3UA16,79638c4d59bc283624e81632ea3eae8ab41f9f29e4bbcc913c4f578cff4f29cf,200,2026-10-09T07:26:01.476241+00:00,not_supplied_by_service,Q3UA16,AlphaFold_DB
https://alphafold.ebi.ac.uk/api/prediction/Q3UCQ1,98d55ce2a73c5b1dcc30ab3d58df1aa1926dcbae92170cffcbd757bb5216b160,200,2026-10-09T07:26:01.543519+00:00,not_supplied_by_service,Q3UCQ1,AlphaFold_DB
https://alphafold.ebi.ac.uk/api/prediction/Q3UDF0,fd4175a0c342c70e37ad22a3679c949302afc6531d6443e7efce28d0d984b864,200,2026-10-09T07:26:01.545210+00:00,not_supplied_by_service,Q3UDF0,AlphaFold_DB
https://alphafold.ebi.ac.uk/api/prediction/Q3UG20,8fe6018f632c875aa8364edf2a7a43b1127b5db1fdebaca15d8862ff437d226e,200,2026-10-09T07:26:01.595881+00:00,not_supplied_by_service,Q3UG20,AlphaFold_DB
https://alphafold.ebi.ac.uk/api/prediction/Q3UH68,b1855fb2500a3cb822a642c15ad516b12d039ec3f062b6947d8adac405f7e17c,200,2026-10-09T07:26:01.538818+00:00,not_supplied_by_service,Q3UH68,AlphaFold_DB
https://alphafold.ebi.ac.uk/api/prediction/Q3UHG7,c1d0046a56ba7024bae3b1b0e2cf8060ccbfaa0378cf9e2f8859f17980993160,200,2026-10-09T07:26:01.540654+00:00,not_supplied_by_service,Q3UHG7,AlphaFold_DB
https://alphafold.ebi.ac.uk/api/prediction/Q3UIJ9,afb8a07bc31a92888282bf0ffcee10445cf6c86ba25f8740f27f132db8e8ebe2,200,2026-10-09T07:26:01.526746+00:00,not_supplied_by_service,Q3UIJ9,AlphaFold_DB
https://alphafold.ebi.ac.uk/api/prediction/Q3UN90,934a8fd67168d8e26c6f306d34fff4629088f1f9331089cbbb730fa26143e9fe,200,2026-10-09T07:26:13.814722+00:00,not_supplied_by_service,Q3UN90,AlphaFold_DB
https://alphafold.ebi.ac.uk/api/prediction/Q3UQ44,7a75b0ef21ad6cf7fda8c96a52a053b9f6fd83780622de8e8bea13af5b2dcf82,200,2026-10-09T07:26:13.982185+00:00,not_supplied_by_service,Q3UQ44,AlphaFold_DB
https://alphafold.ebi.ac.uk/api/prediction/Q3UR32,0fded76c9fa20e3a74ef692bdf98d0153d51e96568f7ce71ffcd1ecf7e95b44b,200,2026-10-09T07:26:14.022973+00:00,not_supplied_by_service,Q3UR32,AlphaFold_DB
https://alphafold.ebi.ac.uk/api/prediction/Q3USL1,ea6ce3a8f4ace53bc40316022034efe06b111e39978f22e965549d68c5de6e22,200,2026-10-09T07:26:13.649369+00:00,not_supplied_by_service,Q3USL1,AlphaFold_DB
https://alphafold.ebi.ac.uk/api/prediction/Q3USW5,7a4937b87997fc6979644469d6869b35340f698a7dcd64052446299b6ad90fa6,200,2026-10-09T07:26:13.978736+00:00,not_supplied_by_service,Q3USW5,AlphaFold_DB
https://alphafold.ebi.ac.uk/api/prediction/Q3UTY6,9269e6ac3c3814e877c06fe9f3d8a536e6076e254291b23ed4c3f19011233526,200,2026-10-09T07:26:13.538841+00:00,not_supplied_by_service,Q3UTY6,AlphaFold_DB
https://alphafold.ebi.ac.uk/api/prediction/Q3UZ01,970041bf14767bd0f169413af39669ca55b16fb7709ee680e938e40337c8afe6,200,2026-10-09T07:26:13.815870+00:00,not_supplied_by_service,Q3UZ01,AlphaFold_DB
https://alphafold.ebi.ac.uk/api/prediction/Q3V0G7,db2bf0aaf25705b62a112d992ec2f2672ce713fc19a95e6264a988c96c027e18,200,2026-10-09T07:26:13.635400+00:00,not_supplied_by_service,Q3V0G7,AlphaFold_DB
https://alphafold.ebi.ac.uk/api/prediction/Q3V1H1,2320fa1cc42a748b7d65462e68efee562509713b52a729e2f768cbe7eee108c3,200,2026-10-09T07:26:13.803863+00:00,not_supplied_by_service,Q3V1H1,AlphaFold_DB
https://alphafold.ebi.ac.uk/api/prediction/Q3V3G7,70a6431a8365bcd942e7de8e9d3952ebc71ca79ddb316843a49503328631cccb,200,2026-10-09T07:26:13.646808+00:00,not_supplied_by_service,Q3V3G7,AlphaFold_DB
https://alphafold.ebi.ac.uk/api/prediction/Q499E6,0508d86a8339bd691e72d8145714e861f10d794eedc35b3b1dc1f997ac41e0c0,200,2026-10-09T07:26:13.490877+00:00,not_supplied_by_service,Q499E6,AlphaFold_DB
https://alphafold.ebi.ac.uk/api/prediction/Q4FZC9,b0069423913f6f1535d5d6a9ce8cd2b849ff430e8150c669e9bf9ab1e076ed06,200,2026-10-09T07:26:13.649033+00:00,not_supplied_by_service,Q4FZC9,AlphaFold_DB
https://alphafold.ebi.ac.uk/api/prediction/Q4G0K9,33b61912c001ae58615d26276544a8c7af051cf0326a33364f85c142c063d5ea,200,2026-10-09T07:26:13.821511+00:00,not_supplied_by_service,Q4G0K9,AlphaFold_DB
https://alphafold.ebi.ac.uk/api/prediction/Q4JK59,3a4adc32b292840ae460e949ba8fe3a3ecc98cf95f3cec63f75709ab1556d72f,200,2026-10-09T07:26:13.569604+00:00,not_supplied_by_service,Q4JK59,AlphaFold_DB
https://alphafold.ebi.ac.uk/api/prediction/Q4LDD4,86a3f1a7fad79e49202bc70c9997a8945f5ef37eba2be189da59d39c872916cd,200,2026-10-09T07:26:14.030306+00:00,not_supplied_by_service,Q4LDD4,AlphaFold_DB
https://alphafold.ebi.ac.uk/api/prediction/Q4V9Z5,3135d8da47b7b4d92e68ecacfff87395adab794104506dfe81c436e14241856f,200,2026-10-09T07:26:13.743042+00:00,not_supplied_by_service,Q4V9Z5,AlphaFold_DB
https://alphafold.ebi.ac.uk/api/prediction/Q4VBE4,d4674f6b2502c17fec3174da86586c5545037e4ef3f30a44dfdb269214a2abaf,200,2026-10-09T07:26:26.012732+00:00,not_supplied_by_service,Q4VBE4,AlphaFold_DB
https://alphafold.ebi.ac.uk/api/prediction/Q562E2,299159b7297357017bef1ba5b7751b9dcae68c19d6fb03d91f9a62c24d297338,200,2026-10-09T07:26:26.229604+00:00,not_supplied_by_service,Q562E2,AlphaFold_DB
https://alphafold.ebi.ac.uk/api/prediction/Q571E4,c598257edf3158aac9a2f2eb5a4fbfbbceeb95eb751adcd8102014928d56a45a,200,2026-10-09T07:26:26.218815+00:00,not_supplied_by_service,Q571E4,AlphaFold_DB
https://alphafold.ebi.ac.uk/api/prediction/Q5BKP2,345d96db1e794fbd6fb7520e862bba36981d9d87d485a5a68f5d37a358d599a4,200,2026-10-09T07:26:26.431875+00:00,not_supplied_by_service,Q5BKP2,AlphaFold_DB
https://alphafold.ebi.ac.uk/api/prediction/Q5DTX6,207243d584e7cc6ef0111a9d3b18a0216b45af311ced532418d6dbd7d674dbf1,200,2026-10-09T07:26:26.179741+00:00,not_supplied_by_service,Q5DTX6,AlphaFold_DB
https://alphafold.ebi.ac.uk/api/prediction/Q5FW85,c7c6a2c194ad643d4fd92ee9d5f7e94dea757d83c280165ff7d3cd70d8efbd22,200,2026-10-09T07:26:26.303683+00:00,not_supplied_by_service,Q5FW85,AlphaFold_DB
https://alphafold.ebi.ac.uk/api/prediction/Q5SSZ5,cbfa678f558e807a1317c10f5a9cd3c8a7e8c66b1175a02f1aeed4d3073640a4,200,2026-10-09T07:26:26.490804+00:00,not_supplied_by_service,Q5SSZ5,AlphaFold_DB
https://alphafold.ebi.ac.uk/api/prediction/Q5SUC9,9af21b03430771487ab4c21f2b75e8b37865a2b47ec8b5451f6c7d34b1d0729a,200,2026-10-09T07:26:26.275089+00:00,not_supplied_by_service,Q5SUC9,AlphaFold_DB
https://alphafold.ebi.ac.uk/api/prediction/Q5SUF2,fd9ee863090d7d685a7a9a31a84caf231bd6d0273535bce31b1d119e02dcb367,200,2026-10-09T07:26:26.329509+00:00,not_supplied_by_service,Q5SUF2,AlphaFold_DB
https://alphafold.ebi.ac.uk/api/prediction/Q5SV41,6cf3d667992955f97e64e653146fe23cebbfe590cbdd8e26fd443bd8ac07944a,200,2026-10-09T07:26:26.222612+00:00,not_supplied_by_service,Q5SV41,AlphaFold_DB
https://alphafold.ebi.ac.uk/api/prediction/Q60765,7ff1441ec91b2a86308e521f9f70adfd7b26c7f94499a9bf5f8ed6c58e77fb60,200,2026-10-09T07:26:26.488125+00:00,not_supplied_by_service,Q60765,AlphaFold_DB
https://alphafold.ebi.ac.uk/api/prediction/Q60773,4d59b90185ccbff46bd26e9c58eb679636483f70f0a5f26ebfb51e524b16d9d1,200,2026-10-09T07:26:26.307780+00:00,not_supplied_by_service,Q60773,AlphaFold_DB
https://alphafold.ebi.ac.uk/api/prediction/Q60787,f0bef4dd334d50e2f37ea6cb754a2c60ae885de66bce7caf68456d58dfd9c5a8,200,2026-10-09T07:26:26.274862+00:00,not_supplied_by_service,Q60787,AlphaFold_DB
https://alphafold.ebi.ac.uk/api/prediction/Q60803,38ad3e3d99373922dac4cd2a7ee6906a3ce9c750f0675e0f31c032a59ddca8bf,200,2026-10-09T07:26:26.497689+00:00,not_supplied_by_service,Q60803,AlphaFold_DB
https://alphafold.ebi.ac.uk/api/prediction/Q60805,659f673244a61457bf0dcc26d71543e81c7414b957624573975dc4b4873e4ce0,200,2026-10-09T07:26:26.327061+00:00,not_supplied_by_service,Q60805,AlphaFold_DB
https://alphafold.ebi.ac.uk/api/prediction/Q60848,1ddf277c74a600d609ba6f6554f68411429d038190645079308e0ae9c77140b9,200,2026-10-09T07:26:26.449407+00:00,not_supplied_by_service,Q60848,AlphaFold_DB
https://alphafold.ebi.ac.uk/api/prediction/Q60857,65606148b9073e15e57002b8c6d0ca1c27b9794a9b1b8ce64fbdc6d58c0af660,200,2026-10-09T07:26:38.331059+00:00,not_supplied_by_service,Q60857,AlphaFold_DB
https://alphafold.ebi.ac.uk/api/prediction/Q61024,7818daca87cee0a0ef4f0d0e16aba907f4fdd1e2e28066f1bfca959371e23974,200,2026-10-09T07:26:38.424900+00:00,not_supplied_by_service,Q61024,AlphaFold_DB
https://alphafold.ebi.ac.uk/api/prediction/Q61033,12b7e4864c2332b15713800664349ea92a6d67a638cb7bd7d77ca95b49dcf6ce,200,2026-10-09T07:26:38.333199+00:00,not_supplied_by_service,Q61033,AlphaFold_DB
https://alphafold.ebi.ac.uk/api/prediction/Q61093,06bb4c981825763933a5274773f80cc071c808b449fb023c32758b6f0c7b356b,200,2026-10-09T07:26:38.466147+00:00,not_supplied_by_service,Q61093,AlphaFold_DB
https://alphafold.ebi.ac.uk/api/prediction/Q61147,986d8397428a9479e76563e4106a8cd430e6914012848a981d336806d6d220e5,200,2026-10-09T07:26:38.363839+00:00,not_supplied_by_service,Q61147,AlphaFold_DB
https://alphafold.ebi.ac.uk/api/prediction/Q61207,816b81a081478b4ab2124c1286eac78c2b08a0f24f15a47a097e40083675a06c,200,2026-10-09T07:26:38.331163+00:00,not_supplied_by_service,Q61207,AlphaFold_DB
https://alphafold.ebi.ac.uk/api/prediction/Q61234,fc0f544bf15ab2a7ef7792c52b9d32bcc0ff2f4aaef8cd44e55da4d3751fc8c5,200,2026-10-09T07:26:38.410299+00:00,not_supplied_by_service,Q61234,AlphaFold_DB
https://alphafold.ebi.ac.uk/api/prediction/Q61292,a904887e16d8ecefea9f7388caf575b14309097e073251e3ec971c1f3ff478c8,200,2026-10-09T07:26:38.333345+00:00,not_supplied_by_service,Q61292,AlphaFold_DB
https://alphafold.ebi.ac.uk/api/prediction/Q61467,91c8a26b35f4533501a3672f3a2cd560c5bf128e784a49c6b0c10c3ee4428079,200,2026-10-09T07:26:38.216067+00:00,not_supplied_by_service,Q61467,AlphaFold_DB
https://alphafold.ebi.ac.uk/api/prediction/Q61468,f1c00b072e903258b8d183d97c4b20842ac69fbce0870215197cf5deffa2f7fe,200,2026-10-09T07:26:38.464720+00:00,not_supplied_by_service,Q61468,AlphaFold_DB
https://alphafold.ebi.ac.uk/api/prediction/Q61477,1406c2d2f12e19d6e5ad47a6bc9b4a597efb87573be2bd7adb87411c69fc43c8,200,2026-10-09T07:26:38.486723+00:00,not_supplied_by_service,Q61477,AlphaFold_DB
https://alphafold.ebi.ac.uk/api/prediction/Q61481,d92344d6b4ed97498abe291f63142b4c3477b2f92d239fe51a7a30889f4cb52d,200,2026-10-09T07:26:38.364756+00:00,not_supplied_by_service,Q61481,AlphaFold_DB
https://alphafold.ebi.ac.uk/api/prediction/Q61508,04349723d90fc70678cd97ec3efb73328f523a625e2da7735b79af39d10b05d3,200,2026-10-09T07:26:38.590772+00:00,not_supplied_by_service,Q61508,AlphaFold_DB
https://alphafold.ebi.ac.uk/api/prediction/Q61554,44136fa355b3678a1146ad16f7e8649e94fb4fc21fe77e8310c060f61caaff8a,404,2026-10-09T07:26:38.454391+00:00,not_supplied_by_service,Q61554,AlphaFold_DB
https://alphafold.ebi.ac.uk/api/prediction/Q61592,0e6ae32dc3d336adfbd0ead5cdae4811dc33ef8c1687fad69aae345f551b11f8,200,2026-10-09T07:26:38.332971+00:00,not_supplied_by_service,Q61592,AlphaFold_DB
https://alphafold.ebi.ac.uk/api/prediction/Q61660,38a0e1f0850445200855b7a12228fcfe400683332c3856150599a7f18321f1ef,200,2026-10-09T07:26:38.355830+00:00,not_supplied_by_service,Q61660,AlphaFold_DB
https://alphafold.ebi.ac.uk/api/prediction/Q61711,45ad5b09f0b22918099d2a31257b14410fb03f6874ffe91ea405b065d4738c37,200,2026-10-09T07:26:49.847975+00:00,not_supplied_by_service,Q61711,AlphaFold_DB
https://alphafold.ebi.ac.uk/api/prediction/Q61805,b7618a1766852450d0d24d6fdd20547db25c7e3cfe34749d6200257fc829127c,200,2026-10-09T07:26:49.985377+00:00,not_supplied_by_service,Q61805,AlphaFold_DB
https://alphafold.ebi.ac.uk/api/prediction/Q62000,21f902d7d2ed2bae39e8c038cd605cd7e7b4bf9eedcf6507e9e66e5bc7198ea4,200,2026-10-09T07:26:49.848510+00:00,not_supplied_by_service,Q62000,AlphaFold_DB
https://alphafold.ebi.ac.uk/api/prediction/Q62273,f827f6d9a6ee69e71732e3a1b5f414deca29ca01126189c0dc32a2668a286a5f,200,2026-10-09T07:26:49.888191+00:00,not_supplied_by_service,Q62273,AlphaFold_DB
https://alphafold.ebi.ac.uk/api/prediction/Q62312,c8c7093d53fa9f1c1d9a57615e19ad1d290db80cfcac3c4f7d88176d0e890636,200,2026-10-09T07:26:50.009765+00:00,not_supplied_by_service,Q62312,AlphaFold_DB
https://alphafold.ebi.ac.uk/api/prediction/Q62351,30f9235a9e430af8030b93881d4405dcd47ed152adedefb6f1b7116e3daa7ecd,200,2026-10-09T07:26:50.067827+00:00,not_supplied_by_service,Q62351,AlphaFold_DB
https://alphafold.ebi.ac.uk/api/prediction/Q62392,fb45c71f5d5f92c4c616cc8c58cc2f8bbf73acb97b8dec94a346b6b331f5448a,200,2026-10-09T07:26:49.838736+00:00,not_supplied_by_service,Q62392,AlphaFold_DB
https://alphafold.ebi.ac.uk/api/prediction/Q62443,ed41d98f6489e31d48c7c381fb5477e2e4b6fd7c80d36764a15aa5e9a16edc04,200,2026-10-09T07:26:49.882903+00:00,not_supplied_by_service,Q62443,AlphaFold_DB
https://alphafold.ebi.ac.uk/api/prediction/Q63918,80908fb805efcc06ca95ada714841a289b008fe7d085e1ab10bd87d2d5523a5a,200,2026-10-09T07:26:50.031838+00:00,not_supplied_by_service,Q63918,AlphaFold_DB
https://alphafold.ebi.ac.uk/api/prediction/Q64281,cf93b3ee3aa5dc7749754af3e6234e91f4134a2255cacad01bfd25484890b8c9,200,2026-10-09T07:26:49.848322+00:00,not_supplied_by_service,Q64281,AlphaFold_DB
https://alphafold.ebi.ac.uk/api/prediction/Q64378,d36036059aa77c609f4f759c650d2f3df4a623c9111d12630f235baa85c870de,200,2026-10-09T07:26:49.978755+00:00,not_supplied_by_service,Q64378,AlphaFold_DB
https://alphafold.ebi.ac.uk/api/prediction/Q64389,85b4ba6c7dce64543a44f8c599a3da98800a47a8bd9d9d40ca9f05460b44db25,200,2026-10-09T07:26:50.083646+00:00,not_supplied_by_service,Q64389,AlphaFold_DB
https://alphafold.ebi.ac.uk/api/prediction/Q64689,131f7ac04d7f9dd19cf4c37fcab879e3e0fb3c35cbe7b1f94c7e150f1e3a0861,200,2026-10-09T07:26:49.798793+00:00,not_supplied_by_service,Q64689,AlphaFold_DB
https://alphafold.ebi.ac.uk/api/prediction/Q64700,b91a5a8414a9d5b2b3f01a2afed76a53fdf630cd8af73ba7c2c11f80b19983d6,200,2026-10-09T07:26:49.842720+00:00,not_supplied_by_service,Q64700,AlphaFold_DB
https://alphafold.ebi.ac.uk/api/prediction/Q64GA5,34621f90fe3e7cf18b8c1e4b25e25efb564cbfdff4134c66708dced9343ba07d,200,2026-10-09T07:26:49.877646+00:00,not_supplied_by_service,Q64GA5,AlphaFold_DB
https://alphafold.ebi.ac.uk/api/prediction/Q66JX5,7a783ea4d8b091053191077d64a8c8304863e1e346a9123a52a892e7baed10db,200,2026-10-09T07:26:50.106943+00:00,not_supplied_by_service,Q66JX5,AlphaFold_DB
https://alphafold.ebi.ac.uk/api/prediction/Q673U1,4b48fc21de8f5d7ebaf2a318cb63c85f167898fc1aef7d7b3e9c0bfe1ce91b8e,200,2026-10-09T07:27:01.895966+00:00,not_supplied_by_service,Q673U1,AlphaFold_DB
https://alphafold.ebi.ac.uk/api/prediction/Q69ZK0,23794ef3dc8cd4dc5c5dcbb0714195b5d6621929a332d5c1cda71437c43561a6,200,2026-10-09T07:27:01.633351+00:00,not_supplied_by_service,Q69ZK0,AlphaFold_DB
https://alphafold.ebi.ac.uk/api/prediction/Q69ZK9,59fd1de81db99995c09e4b6b917f401671965915fc7d9ecdfc24965df46b20c6,200,2026-10-09T07:27:01.944923+00:00,not_supplied_by_service,Q69ZK9,AlphaFold_DB
https://alphafold.ebi.ac.uk/api/prediction/Q6DFW4,37311e0f3af53bdd41b280151c89c188ff658d31d5d3828e5a0988147ef75648,200,2026-10-09T07:27:01.749247+00:00,not_supplied_by_service,Q6DFW4,AlphaFold_DB
https://alphafold.ebi.ac.uk/api/prediction/Q6DTY7,e219408976e4364e6003a815e104e8f406d260f7ab69338323b4b739d5456cbd,200,2026-10-09T07:27:01.947726+00:00,not_supplied_by_service,Q6DTY7,AlphaFold_DB
https://alphafold.ebi.ac.uk/api/prediction/Q6NXJ0,064979f065c4aa3ec1b70c57f3027fa5768cf10c3a29c1d3784c868ca201aff4,200,2026-10-09T07:27:01.757987+00:00,not_supplied_by_service,Q6NXJ0,AlphaFold_DB
https://alphafold.ebi.ac.uk/api/prediction/Q6NXK8,7f2f29a2cb7122d8c7b4e793c52e31fd34b12a42d803382bcc04d0b3bec7ef6e,200,2026-10-09T07:27:01.785363+00:00,not_supplied_by_service,Q6NXK8,AlphaFold_DB
https://alphafold.ebi.ac.uk/api/prediction/Q6NZK8,61a9131c46542ac0d0619d2c39dccb687046be8ab75670b8f7606059adbb494e,200,2026-10-09T07:27:01.976913+00:00,not_supplied_by_service,Q6NZK8,AlphaFold_DB
https://alphafold.ebi.ac.uk/api/prediction/Q6NZQ6,1124234cbb7d7569c272bedde15d49b6951310db0cd00223999e6732a19df37f,200,2026-10-09T07:27:01.897651+00:00,not_supplied_by_service,Q6NZQ6,AlphaFold_DB
https://alphafold.ebi.ac.uk/api/prediction/Q6P1C6,e7928afdc7c09a7b585482c53de32063096e865faba019eeecb420c3ea5c9aa0,200,2026-10-09T07:27:01.755665+00:00,not_supplied_by_service,Q6P1C6,AlphaFold_DB
https://alphafold.ebi.ac.uk/api/prediction/Q6P566,361683b2a8cbbbc7bcaa30a0a962c2fbdac6d26d0ceb92022f6217a3316ca930,200,2026-10-09T07:27:01.777818+00:00,not_supplied_by_service,Q6P566,AlphaFold_DB
https://alphafold.ebi.ac.uk/api/prediction/Q6PAQ9,229fc7d8077b85900d88e62513eb5a7df660a3e5ef68919d32fc083f04daec5d,200,2026-10-09T07:27:01.742800+00:00,not_supplied_by_service,Q6PAQ9,AlphaFold_DB
https://alphafold.ebi.ac.uk/api/prediction/Q6PCM1,8c73f744c545a5954934b7b12ce02358aa18e959756861b18a11fa096231e3de,200,2026-10-09T07:27:01.903925+00:00,not_supplied_by_service,Q6PCM1,AlphaFold_DB
https://alphafold.ebi.ac.uk/api/prediction/Q6PD10,1ef6b21b6ed67486cd437020cbd9d1d20eecfef5a0d71a47114ceae733e72f89,200,2026-10-09T07:27:01.778151+00:00,not_supplied_by_service,Q6PD10,AlphaFold_DB
https://alphafold.ebi.ac.uk/api/prediction/Q6PGB8,11fe657c8ee1e22f2fcfaac62ccd2771f63ff8286fe7b2899d84bad73bf762e8,200,2026-10-09T07:27:01.746781+00:00,not_supplied_by_service,Q6PGB8,AlphaFold_DB
https://alphafold.ebi.ac.uk/api/prediction/Q6PGK7,0c38098f93a24a73a52e78273de89951f3705e493f4eaaa5657766e8a74a0878,200,2026-10-09T07:27:01.640690+00:00,not_supplied_by_service,Q6PGK7,AlphaFold_DB
https://alphafold.ebi.ac.uk/api/prediction/Q6QWF9,a751d7e2521d240c6b5b7eaeffcb01a020733933e9528fe9f6da6c8c765440b6,200,2026-10-09T07:27:13.134571+00:00,not_supplied_by_service,Q6QWF9,AlphaFold_DB
https://alphafold.ebi.ac.uk/api/prediction/Q6U7H8,d21871d1f19ca617ecc4c04ce4113d1601d64aa7e4bdbb4f6b522b12055296c4,200,2026-10-09T07:27:13.213191+00:00,not_supplied_by_service,Q6U7H8,AlphaFold_DB
https://alphafold.ebi.ac.uk/api/prediction/Q6ZQ73,1c41d1c2cb2d98bb6dc839ca76bdf8d0987c8e3462b876fd288ab7991aecf44d,200,2026-10-09T07:27:13.229456+00:00,not_supplied_by_service,Q6ZQ73,AlphaFold_DB
https://alphafold.ebi.ac.uk/api/prediction/Q6ZWR4,edf982e1adf2a1b7700c8ce956069cc8116cc75477e4a6fe06b19f8ed24596dc,200,2026-10-09T07:27:13.372790+00:00,not_supplied_by_service,Q6ZWR4,AlphaFold_DB
https://alphafold.ebi.ac.uk/api/prediction/Q71KT5,6a9ca58f6e07a3062af06464f819d32d3835d3567fa7fe0469ef5edf7c149e8f,200,2026-10-09T07:27:13.362834+00:00,not_supplied_by_service,Q71KT5,AlphaFold_DB
https://alphafold.ebi.ac.uk/api/prediction/Q78TU8,7b721abd8d4e0a0824d9aed7badf5ef8c43d22dfe1eedc60f2a9835583d35670,200,2026-10-09T07:27:13.131139+00:00,not_supplied_by_service,Q78TU8,AlphaFold_DB
https://alphafold.ebi.ac.uk/api/prediction/Q7M760,ba7f57d542693d4e08791280e5300c82574eebb22f7eef22baae15567ec5c36a,200,2026-10-09T07:27:13.131249+00:00,not_supplied_by_service,Q7M760,AlphaFold_DB
https://alphafold.ebi.ac.uk/api/prediction/Q7TMJ8,aa4306b0357fafe0a2baf62dc0e29baf9e70bd52ec0b8f34a73d262ae9076704,200,2026-10-09T07:27:13.314311+00:00,not_supplied_by_service,Q7TMJ8,AlphaFold_DB
https://alphafold.ebi.ac.uk/api/prediction/Q7TML3,e2924ae592cf2eb85d9089526473f93e2d2c997ac4d5a30f315664cd8eda6cae,200,2026-10-09T07:27:13.223185+00:00,not_supplied_by_service,Q7TML3,AlphaFold_DB
https://alphafold.ebi.ac.uk/api/prediction/Q7TMM9,b874168abeb9760ae9beaff5f77e2b0bd54723d2381be1b1235dbaeea6e44521,200,2026-10-09T07:27:13.354086+00:00,not_supplied_by_service,Q7TMM9,AlphaFold_DB
https://alphafold.ebi.ac.uk/api/prediction/Q7TNV1,0785dedef30b05c51376559c753f3208d638af1ad1534b39a5aec4531ddaa0ca,200,2026-10-09T07:27:13.458911+00:00,not_supplied_by_service,Q7TNV1,AlphaFold_DB
https://alphafold.ebi.ac.uk/api/prediction/Q7TPM6,c2d92bfb5e5512467bf83e15eab5d7001794941cae2e9cfeb0634af45e5ed718,200,2026-10-09T07:27:13.366812+00:00,not_supplied_by_service,Q7TPM6,AlphaFold_DB
https://alphafold.ebi.ac.uk/api/prediction/Q7TPQ9,9caafd744756a074b0b6b471e16899b3827b7dd8a35803b6f7308fe765d465dd,200,2026-10-09T07:27:13.227158+00:00,not_supplied_by_service,Q7TPQ9,AlphaFold_DB
https://alphafold.ebi.ac.uk/api/prediction/Q7TSJ2,5600707d4102b8aeb17a110381af213838a90d2673e7e835c96deb2a0e259543,200,2026-10-09T07:27:13.378457+00:00,not_supplied_by_service,Q7TSJ2,AlphaFold_DB
https://alphafold.ebi.ac.uk/api/prediction/Q7TSK2,b3e462cd6d6eacad6f2a707a23db83be06d3bb1a9cbc0874762fbc11bb2161cc,200,2026-10-09T07:27:13.130994+00:00,not_supplied_by_service,Q7TSK2,AlphaFold_DB
https://alphafold.ebi.ac.uk/api/prediction/Q7TSQ1,cd57d8e7ded0f0dc8522e86aa212acee4fc5e843fb20f55d63162d42a4024bbc,200,2026-10-09T07:27:13.377744+00:00,not_supplied_by_service,Q7TSQ1,AlphaFold_DB
https://alphafold.ebi.ac.uk/api/prediction/Q80TS8,a0d40eed164e0ff1e4526fc667ee1c60bb63831f769f48c87f88f2ea4c10dafc,200,2026-10-09T07:27:25.277787+00:00,not_supplied_by_service,Q80TS8,AlphaFold_DB
https://alphafold.ebi.ac.uk/api/prediction/Q80UP8,228bcbf7d47ba5c4b73db2714673ba46fe475b53c367b5239547c295d7774e32,200,2026-10-09T07:27:25.379757+00:00,not_supplied_by_service,Q80UP8,AlphaFold_DB
https://alphafold.ebi.ac.uk/api/prediction/Q80WV3,b6454b2b7891973958341b3b4b9b7ac83918f50d013e8c31fcd95ca5f795cf74,200,2026-10-09T07:27:25.243554+00:00,not_supplied_by_service,Q80WV3,AlphaFold_DB
https://alphafold.ebi.ac.uk/api/prediction/Q80X95,11d1393b2a9e7d066d451cc64a37d114b5e507c14bcc3005093c714541b11f72,200,2026-10-09T07:27:25.243140+00:00,not_supplied_by_service,Q80X95,AlphaFold_DB
https://alphafold.ebi.ac.uk/api/prediction/Q80XM3,0af860205c1254ac2c0e401eb7e8bcaf317a6b6e11142792787baba5d791a8b1,200,2026-10-09T07:27:25.272616+00:00,not_supplied_by_service,Q80XM3,AlphaFold_DB
https://alphafold.ebi.ac.uk/api/prediction/Q80XM9,2a459da7807237f48c626d026257eb1f8c3985a3170ecbf3d371c5b2ebc31001,200,2026-10-09T07:27:25.321225+00:00,not_supplied_by_service,Q80XM9,AlphaFold_DB
https://alphafold.ebi.ac.uk/api/prediction/Q80ZM3,3e774e0073325cc1201ee654ba45096026554563b6c6b31b8d8817e092cb8247,200,2026-10-09T07:27:25.244564+00:00,not_supplied_by_service,Q80ZM3,AlphaFold_DB
https://alphafold.ebi.ac.uk/api/prediction/Q80ZN9,73fdf634c8803946bca9927e6ce9219d74aaa6b54628cc41b730bf44430d29e5,200,2026-10-09T07:27:25.375907+00:00,not_supplied_by_service,Q80ZN9,AlphaFold_DB
https://alphafold.ebi.ac.uk/api/prediction/Q810P3,4eea8201ef6ebab612afaf95f995afae4dff903b363a6b1c2287bb021d00d4e4,200,2026-10-09T07:27:25.252330+00:00,not_supplied_by_service,Q810P3,AlphaFold_DB
https://alphafold.ebi.ac.uk/api/prediction/Q811W2,635293e2701c4db235aea832665cbde2484e9acdaeda9647a61ffce81803fa93,200,2026-10-09T07:27:25.243675+00:00,not_supplied_by_service,Q811W2,AlphaFold_DB
https://alphafold.ebi.ac.uk/api/prediction/Q8BFR5,219ea7f481cf95e8ca9b7ad4cd8a01c75c5e14df48ad61e33521285436abf2f8,200,2026-10-09T07:27:25.314452+00:00,not_supplied_by_service,Q8BFR5,AlphaFold_DB
https://alphafold.ebi.ac.uk/api/prediction/Q8BFY7,ebba0d1b2ccab762c6d1589059100a3f5bde26d2979300cd206ca814d009bd34,200,2026-10-09T07:27:25.408658+00:00,not_supplied_by_service,Q8BFY7,AlphaFold_DB
https://alphafold.ebi.ac.uk/api/prediction/Q8BG26,fc459cf946b06b1f0138407f0a39fdde4fe8b45de3a33d5e499eff6b4ace861f,200,2026-10-09T07:27:25.389015+00:00,not_supplied_by_service,Q8BG26,AlphaFold_DB
https://alphafold.ebi.ac.uk/api/prediction/Q8BG60,d99ec8f6d73f9a11bee6680f26cd1522d17481adb5b454759b9d1d4f7cb7b2d5,200,2026-10-09T07:27:25.417691+00:00,not_supplied_by_service,Q8BG60,AlphaFold_DB
https://alphafold.ebi.ac.uk/api/prediction/Q8BGQ7,4055503380422faa3c5ab3a43f9c5610da65b0c0a51323f797f563e01daeb123,200,2026-10-09T07:27:25.410875+00:00,not_supplied_by_service,Q8BGQ7,AlphaFold_DB
https://alphafold.ebi.ac.uk/api/prediction/Q8BGT8,1775a20e8cf8805863ba82171954f957edad205f5423706e696130b7bdbb8ded,200,2026-10-09T07:27:25.244028+00:00,not_supplied_by_service,Q8BGT8,AlphaFold_DB
https://alphafold.ebi.ac.uk/api/prediction/Q8BH15,100c3bc93ebcf03f40f166b675c8c8f1d8af3a90a1f2e5f9fc3c177ebbe80131,200,2026-10-09T07:27:37.230940+00:00,not_supplied_by_service,Q8BH15,AlphaFold_DB
https://alphafold.ebi.ac.uk/api/prediction/Q8BH61,a54bae6d31a1622e7073826ea86be8a3c03be52f8db3dfc89d40d9cddedba42b,200,2026-10-09T07:27:37.439323+00:00,not_supplied_by_service,Q8BH61,AlphaFold_DB
https://alphafold.ebi.ac.uk/api/prediction/Q8BHC0,f2623b81924bd86df3eec34d8232ce39a433288aba28bb6f720f2fa0f251074e,200,2026-10-09T07:27:37.174776+00:00,not_supplied_by_service,Q8BHC0,AlphaFold_DB
https://alphafold.ebi.ac.uk/api/prediction/Q8BHI4,ba018771bc766c499769a22eb3aa4082f7ed3b0a40034b588ca3333eb5537699,200,2026-10-09T07:27:37.282327+00:00,not_supplied_by_service,Q8BHI4,AlphaFold_DB
https://alphafold.ebi.ac.uk/api/prediction/Q8BHK2,43a3dcf8e9974c611de737d5f15d576e1c762588c71b264503d958601da74d9f,200,2026-10-09T07:27:37.226716+00:00,not_supplied_by_service,Q8BHK2,AlphaFold_DB
https://alphafold.ebi.ac.uk/api/prediction/Q8BIP0,b8323749d20b0a2e47b1bff4357fe223180b15867bd868eea4fcb0ac8b0f5b82,200,2026-10-09T07:27:37.337925+00:00,not_supplied_by_service,Q8BIP0,AlphaFold_DB
https://alphafold.ebi.ac.uk/api/prediction/Q8BIZ0,c791a3a5f6a9ec362444c24d2a4859dc8b35d98ac8bb7413a2853078c3a54bf1,200,2026-10-09T07:27:37.233095+00:00,not_supplied_by_service,Q8BIZ0,AlphaFold_DB
https://alphafold.ebi.ac.uk/api/prediction/Q8BJ71,c1b6b75683ddabb56e45a9d5cfb42f9532e7226bded920af4cbccd7bb343f0fd,200,2026-10-09T07:27:37.441260+00:00,not_supplied_by_service,Q8BJ71,AlphaFold_DB
https://alphafold.ebi.ac.uk/api/prediction/Q8BJK1,e15e1aaef6568bed9c02c067bd1d5d5fdfeed09b57ad05e16e49a2bfb3e3f712,200,2026-10-09T07:27:37.383548+00:00,not_supplied_by_service,Q8BJK1,AlphaFold_DB
https://alphafold.ebi.ac.uk/api/prediction/Q8BJS4,1bda8413957df2ba755e3bd04536e2a3075c7613b6296c0263365c261be156cb,200,2026-10-09T07:27:37.387392+00:00,not_supplied_by_service,Q8BJS4,AlphaFold_DB
https://alphafold.ebi.ac.uk/api/prediction/Q8BK06,883ce62bb272c0c9bd55e5ad7eb351d91ecfcbc1131e3077a49f106db184dca3,200,2026-10-09T07:27:37.228831+00:00,not_supplied_by_service,Q8BK06,AlphaFold_DB
https://alphafold.ebi.ac.uk/api/prediction/Q8BK48,754f8d13cf46402f1ef1aa3add31d651ba753494ee0dc39d3872fedb4c7691de,200,2026-10-09T07:27:37.285753+00:00,not_supplied_by_service,Q8BK48,AlphaFold_DB
https://alphafold.ebi.ac.uk/api/prediction/Q8BK64,fcdd976222db8009a12339e26caf8f53496b212e990c6dd9a563623c5b192ffb,200,2026-10-09T07:27:37.282149+00:00,not_supplied_by_service,Q8BK64,AlphaFold_DB
https://alphafold.ebi.ac.uk/api/prediction/Q8BKT6,96af3622c8ab5c76165031acdca995c5e241b70eb19229207b1ae7b9d3ec4e92,200,2026-10-09T07:27:37.289510+00:00,not_supplied_by_service,Q8BKT6,AlphaFold_DB
https://alphafold.ebi.ac.uk/api/prediction/Q8BKX1,7edc6ecd3f72a0e274cb29e4f200e9f61994c2c70487540cb3a290b40a601982,200,2026-10-09T07:27:37.241959+00:00,not_supplied_by_service,Q8BKX1,AlphaFold_DB
https://alphafold.ebi.ac.uk/api/prediction/Q8BL06,318dbb7daa6dfcf4306cf9eea3b63abb926e0fc0456a157f63f4b60c8c353d0b,200,2026-10-09T07:27:37.285561+00:00,not_supplied_by_service,Q8BL06,AlphaFold_DB
https://alphafold.ebi.ac.uk/api/prediction/Q8BL48,7da76197db830955904682db63596f5a918bb953f85a4773905748d33f852ecf,200,2026-10-09T07:27:49.039869+00:00,not_supplied_by_service,Q8BL48,AlphaFold_DB
https://alphafold.ebi.ac.uk/api/prediction/Q8BLC3,0aed26d49acdc87b2408a207bb4113cd6ac77b894ae64669ac1eb3a2657bbe31,200,2026-10-09T07:27:48.996573+00:00,not_supplied_by_service,Q8BLC3,AlphaFold_DB
https://alphafold.ebi.ac.uk/api/prediction/Q8BLF2,db6ebc5a0e37dc83d07ae714509b6c06454b57cc987749e945bb6c3def0699bf,200,2026-10-09T07:27:49.002258+00:00,not_supplied_by_service,Q8BLF2,AlphaFold_DB
https://alphafold.ebi.ac.uk/api/prediction/Q8BM75,c84c79267ab666f687323cf76ec3e5b1ef18346f495eacdd368a7f650d4eba19,200,2026-10-09T07:27:49.029473+00:00,not_supplied_by_service,Q8BM75,AlphaFold_DB
https://alphafold.ebi.ac.uk/api/prediction/Q8BMB3,60bc06db36830815e7f2ede9151e65b12f3ffff45934bdd9e14b44802bb1e491,200,2026-10-09T07:27:49.053898+00:00,not_supplied_by_service,Q8BMB3,AlphaFold_DB
https://alphafold.ebi.ac.uk/api/prediction/Q8BQN5,cc168fbb8c600d06c7fd038879249c2fa933c50b0ff9ba0482c523ca37bfeab0,200,2026-10-09T07:27:49.048221+00:00,not_supplied_by_service,Q8BQN5,AlphaFold_DB
https://alphafold.ebi.ac.uk/api/prediction/Q8BRH3,669fb09caf32a5f28d20dfc25f7dcc1b19d8e8afe2ba65f80fc9a94996d1fc98,200,2026-10-09T07:27:49.136539+00:00,not_supplied_by_service,Q8BRH3,AlphaFold_DB
https://alphafold.ebi.ac.uk/api/prediction/Q8BS95,cc191b56a6f908d22796d78d72bc511c9e0bb563ef05182e538d23b83c8ff7ef,200,2026-10-09T07:27:48.978481+00:00,not_supplied_by_service,Q8BS95,AlphaFold_DB
https://alphafold.ebi.ac.uk/api/prediction/Q8BSM7,f81a8a8eeeaf384b807f66b12465828b623dd4bff5f3a7b50acf8999e2505e0f,200,2026-10-09T07:27:49.076422+00:00,not_supplied_by_service,Q8BSM7,AlphaFold_DB
https://alphafold.ebi.ac.uk/api/prediction/Q8BT51,262003809fabc7d6ac803df3ba9c02645ce119aa2ea065e5b28ba2a8fe9cf13e,200,2026-10-09T07:27:48.997140+00:00,not_supplied_by_service,Q8BT51,AlphaFold_DB
https://alphafold.ebi.ac.uk/api/prediction/Q8BTM8,74a90f7b686022cb3931ec4e9606aa93c843e4141d2bc6c0097a4f1d52595355,200,2026-10-09T07:27:49.163364+00:00,not_supplied_by_service,Q8BTM8,AlphaFold_DB
https://alphafold.ebi.ac.uk/api/prediction/Q8BTZ7,1457f0d5f3fc493b8d7c2d9c7a240d35728fad04eff41c1819ac3640af830be6,200,2026-10-09T07:27:48.991480+00:00,not_supplied_by_service,Q8BTZ7,AlphaFold_DB
https://alphafold.ebi.ac.uk/api/prediction/Q8BU25,5a0efd5987f2c3570bd9d24a64b336c5ea0331de3c404d33df792813c49a4740,200,2026-10-09T07:27:49.047541+00:00,not_supplied_by_service,Q8BU25,AlphaFold_DB
https://alphafold.ebi.ac.uk/api/prediction/Q8BVZ5,1d882d03811d59581dcd10b2e9147ff84e766c520e724fbe80536573c0fb265c,200,2026-10-09T07:27:49.123209+00:00,not_supplied_by_service,Q8BVZ5,AlphaFold_DB
https://alphafold.ebi.ac.uk/api/prediction/Q8BWG8,ba7ea3c77c55448596656a548aeff743ca336be4e98f8a1faeb5c9048e85aa29,200,2026-10-09T07:27:49.026954+00:00,not_supplied_by_service,Q8BWG8,AlphaFold_DB
https://alphafold.ebi.ac.uk/api/prediction/Q8BWU8,8ab28434e95fd8f03892badb37f23170cf9ecb7f9ee7123880420a1a227e8b1a,200,2026-10-09T07:27:49.046421+00:00,not_supplied_by_service,Q8BWU8,AlphaFold_DB
https://alphafold.ebi.ac.uk/api/prediction/Q8BWY2,be9d4956d159b2bdd6953480cc35a722b3cbba2900b7c124878000bdeaaba2ef,200,2026-10-09T07:28:00.983477+00:00,not_supplied_by_service,Q8BWY2,AlphaFold_DB
https://alphafold.ebi.ac.uk/api/prediction/Q8BX05,1534a635c7093f1160900ca2cb53bfc5e5ccacc79696729b87e340a8da8b29a0,200,2026-10-09T07:28:01.028535+00:00,not_supplied_by_service,Q8BX05,AlphaFold_DB
https://alphafold.ebi.ac.uk/api/prediction/Q8BX32,fbf6b6f90d68d8373178d974d4f1bfb0f0c8bc9ea120cf25af12f06b6a688128,200,2026-10-09T07:28:00.982827+00:00,not_supplied_by_service,Q8BX32,AlphaFold_DB
https://alphafold.ebi.ac.uk/api/prediction/Q8BX35,097908639b0c39cd5432584b1c2ec45b1dfdb1a116917b65739aef2e00155ad9,200,2026-10-09T07:28:01.112883+00:00,not_supplied_by_service,Q8BX35,AlphaFold_DB
https://alphafold.ebi.ac.uk/api/prediction/Q8BYI9,13e30effe78aa69872d8ed69fe1b3b2439e69a63e5b80441a519b51ef6df3186,200,2026-10-09T07:28:01.020568+00:00,not_supplied_by_service,Q8BYI9,AlphaFold_DB
https://alphafold.ebi.ac.uk/api/prediction/Q8BZJ7,2824ce03f97fafa4480f505e7060f8332712264a60f7ee5279937f7d34311b7b,200,2026-10-09T07:28:01.189980+00:00,not_supplied_by_service,Q8BZJ7,AlphaFold_DB
https://alphafold.ebi.ac.uk/api/prediction/Q8BZT7,584b0433706b932f3948d8f74c5de87fabc14f24e54108cfe377220c390316be,200,2026-10-09T07:28:01.148706+00:00,not_supplied_by_service,Q8BZT7,AlphaFold_DB
https://alphafold.ebi.ac.uk/api/prediction/Q8C033,5b577ddac431279ff77c3a1fbfb5a4568c527ff9d3cc3616652b7072696973af,200,2026-10-09T07:28:01.019156+00:00,not_supplied_by_service,Q8C033,AlphaFold_DB
https://alphafold.ebi.ac.uk/api/prediction/Q8C080,a067d2b450bb5cbdd27bc4fe603f5ae7b8c4f61f2a2eca7175c751084dc6bb0b,200,2026-10-09T07:28:00.984004+00:00,not_supplied_by_service,Q8C080,AlphaFold_DB
https://alphafold.ebi.ac.uk/api/prediction/Q8C0Q2,30efb287dbcc7a65c15f75925e57b3673687c38080d69f0ebc12982808138d4a,200,2026-10-09T07:28:01.118165+00:00,not_supplied_by_service,Q8C0Q2,AlphaFold_DB
https://alphafold.ebi.ac.uk/api/prediction/Q8C156,1b3332110948caca2c8d7b449e3ea505b898d148fe0c03f6d32314ea2d4fac7b,200,2026-10-09T07:28:01.185746+00:00,not_supplied_by_service,Q8C156,AlphaFold_DB
https://alphafold.ebi.ac.uk/api/prediction/Q8C255,acdbdabb9590a929352f393da83569d6f1b971326298593ae75e667d9845e4ca,200,2026-10-09T07:28:00.980503+00:00,not_supplied_by_service,Q8C255,AlphaFold_DB
https://alphafold.ebi.ac.uk/api/prediction/Q8C267,888bc96df50adfe7ce1e223bc96004c1b426140f17ca0fc094be29e3e645fdec,200,2026-10-09T07:28:00.983618+00:00,not_supplied_by_service,Q8C267,AlphaFold_DB
https://alphafold.ebi.ac.uk/api/prediction/Q8C351,f44332b37941df86011b418e1801938738c36ef5fb87c055da115f3ba63e6b33,200,2026-10-09T07:28:00.980780+00:00,not_supplied_by_service,Q8C351,AlphaFold_DB
https://alphafold.ebi.ac.uk/api/prediction/Q8C398,418f21dba8f704a1a58aef2cb83732cb4aef44eda5c87c3247ee7112d3967319,200,2026-10-09T07:28:01.120901+00:00,not_supplied_by_service,Q8C398,AlphaFold_DB
https://alphafold.ebi.ac.uk/api/prediction/Q8C581,9056997e8979ae67cb6b9c8aedfc8a0b116e3af6f55628391eadae3fdd5edf9c,200,2026-10-09T07:28:01.024796+00:00,not_supplied_by_service,Q8C581,AlphaFold_DB
https://alphafold.ebi.ac.uk/api/prediction/Q8C5L6,3edf8485f0aaa25554d0b985f00c5818c94630ebb2140646f37a66f90dce9b8a,200,2026-10-09T07:28:13.054904+00:00,not_supplied_by_service,Q8C5L6,AlphaFold_DB
https://alphafold.ebi.ac.uk/api/prediction/Q8C6I2,0d6c077951c6299fcad09ade7db16a7cb01ac1d9ae0cf55c7a56a5cdec8e8ee0,200,2026-10-09T07:28:13.128043+00:00,not_supplied_by_service,Q8C6I2,AlphaFold_DB
https://alphafold.ebi.ac.uk/api/prediction/Q8C8T7,6589830f7ee16b0a616cbe2f9b26d9c05ce3d9ffa85a52129fffc575a57e7321,200,2026-10-09T07:28:13.311771+00:00,not_supplied_by_service,Q8C8T7,AlphaFold_DB
https://alphafold.ebi.ac.uk/api/prediction/Q8C9W3,60882a5686b8efa93a789334a7a204833e1d38bd536d692c4b02b7847d3c5e52,200,2026-10-09T07:28:13.127989+00:00,not_supplied_by_service,Q8C9W3,AlphaFold_DB
https://alphafold.ebi.ac.uk/api/prediction/Q8CA71,3fa115e9b3366cf28f7a684ef7b6a703a3e6626d46548c2b1360afdc71858af2,200,2026-10-09T07:28:13.160838+00:00,not_supplied_by_service,Q8CA71,AlphaFold_DB
https://alphafold.ebi.ac.uk/api/prediction/Q8CAA5,39af774213197085a91aff57164db669b8ca42349115be3282f65ab89008eab0,200,2026-10-09T07:28:13.054811+00:00,not_supplied_by_service,Q8CAA5,AlphaFold_DB
https://alphafold.ebi.ac.uk/api/prediction/Q8CAL5,0dddca345ae210048d5e5b34f1553bd2647764695cc94fc1efd9254fd649f212,200,2026-10-09T07:28:13.306542+00:00,not_supplied_by_service,Q8CAL5,AlphaFold_DB
https://alphafold.ebi.ac.uk/api/prediction/Q8CAM5,0e6a66f86b87a785a814846032022c226a81a4a20a26d1e45f849aca94e75091,200,2026-10-09T07:28:13.055031+00:00,not_supplied_by_service,Q8CAM5,AlphaFold_DB
https://alphafold.ebi.ac.uk/api/prediction/Q8CAY6,cac900c9da7c80faee3b12892b9df29eef4f6537c3cb002ff723c454310d5af2,200,2026-10-09T07:28:13.257107+00:00,not_supplied_by_service,Q8CAY6,AlphaFold_DB
https://alphafold.ebi.ac.uk/api/prediction/Q8CDJ8,35a4039dde4f455e2317a5971ebb5d2bc862769b9b9bc130753e0ee3f25b1615,200,2026-10-09T07:28:13.324190+00:00,not_supplied_by_service,Q8CDJ8,AlphaFold_DB
https://alphafold.ebi.ac.uk/api/prediction/Q8CE50,67d204972ea1b6d42afc5f484dc34da0f50b8a6acffcd4af8e585c86083cc9b0,200,2026-10-09T07:28:13.315380+00:00,not_supplied_by_service,Q8CE50,AlphaFold_DB
https://alphafold.ebi.ac.uk/api/prediction/Q8CEE6,79d91f213a0ba1657a73fda428e597d29bdb540924ec2de5584985a32f50799b,200,2026-10-09T07:28:13.127578+00:00,not_supplied_by_service,Q8CEE6,AlphaFold_DB
https://alphafold.ebi.ac.uk/api/prediction/Q8CF60,15c436d0f5eca2b72de29958383b09017c47f7e5d81dc3f5a4b6d0e715108f6a,200,2026-10-09T07:28:13.128251+00:00,not_supplied_by_service,Q8CF60,AlphaFold_DB
https://alphafold.ebi.ac.uk/api/prediction/Q8CF66,aeb0d3cc97ee67dad27ba1df5be7e2e796387ffcdb85c764697c57178242af72,200,2026-10-09T07:28:13.258749+00:00,not_supplied_by_service,Q8CF66,AlphaFold_DB
https://alphafold.ebi.ac.uk/api/prediction/Q8CFD5,3a9b40836811eecde6c63607cd637c15edf4553351fad4c231c8fa794b3e9459,200,2026-10-09T07:28:13.116516+00:00,not_supplied_by_service,Q8CFD5,AlphaFold_DB
https://alphafold.ebi.ac.uk/api/prediction/Q8CFG0,faf852d8470094dcfb4430788d14ccb046a26d38d95177ae8f195a8f183b61ed,200,2026-10-09T07:28:13.155586+00:00,not_supplied_by_service,Q8CFG0,AlphaFold_DB
https://alphafold.ebi.ac.uk/api/prediction/Q8CFV4,4350d57a5885f3fa539aac96994978f297c77baf051226d7a7489f9c3b4ded2d,200,2026-10-09T07:28:25.079954+00:00,not_supplied_by_service,Q8CFV4,AlphaFold_DB
https://alphafold.ebi.ac.uk/api/prediction/Q8CGB6,f4bbdcf01e841b7374ae53be7fbde6d7a332be4cc1d0bd6e09435d213fafb76a,200,2026-10-09T07:28:25.276508+00:00,not_supplied_by_service,Q8CGB6,AlphaFold_DB
https://alphafold.ebi.ac.uk/api/prediction/Q8CGE9,848f83c8c51aade42ba6ba554d4331cb562a27d31c306119f46e13d0957024f0,200,2026-10-09T07:28:25.156008+00:00,not_supplied_by_service,Q8CGE9,AlphaFold_DB
https://alphafold.ebi.ac.uk/api/prediction/Q8CGF1,d8c06537d8bf619d179feeacc56de48e47c0cd44bee2a5bd1ca185f24c263c99,200,2026-10-09T07:28:25.085024+00:00,not_supplied_by_service,Q8CGF1,AlphaFold_DB
https://alphafold.ebi.ac.uk/api/prediction/Q8CI19,db5af90bfc5ca3ef6cd69732ab412d4912f8f6544dde36d7306d7c9d5db8eeea,200,2026-10-09T07:28:25.171624+00:00,not_supplied_by_service,Q8CI19,AlphaFold_DB
https://alphafold.ebi.ac.uk/api/prediction/Q8CID3,6071ccba41cc4f8679093dc6dbcec471d72405de078df237d4dfa53e77fdf115,200,2026-10-09T07:28:25.250558+00:00,not_supplied_by_service,Q8CID3,AlphaFold_DB
https://alphafold.ebi.ac.uk/api/prediction/Q8K007,be005510471698642b9e5b0ee6915075d23dc13c58946af8aaf6f0b06a3571a4,200,2026-10-09T07:28:25.171274+00:00,not_supplied_by_service,Q8K007,AlphaFold_DB
https://alphafold.ebi.ac.uk/api/prediction/Q8K0C4,05b5b06ee9c9c891b4c5484268976fcc4cca948014890a30e0ad60249382dcde,200,2026-10-09T07:28:25.002899+00:00,not_supplied_by_service,Q8K0C4,AlphaFold_DB
https://alphafold.ebi.ac.uk/api/prediction/Q8K0E7,9c4f52e49bb5a2e5b59b39894edeb182ec541cf2ec96b0518bdfc1b44fafa168,200,2026-10-09T07:28:25.221520+00:00,not_supplied_by_service,Q8K0E7,AlphaFold_DB
https://alphafold.ebi.ac.uk/api/prediction/Q8K1A5,8c2d09ca564c418cab2bccbc6a15ee292482ecd9edf6f9e1e072d0592040d760,200,2026-10-09T07:28:24.910040+00:00,not_supplied_by_service,Q8K1A5,AlphaFold_DB
https://alphafold.ebi.ac.uk/api/prediction/Q8K1G2,10e85f781848d35c6dcd8cd1ae5e7c34bf9b1e430c39dd4f79db61df789cacce,200,2026-10-09T07:28:25.252333+00:00,not_supplied_by_service,Q8K1G2,AlphaFold_DB
https://alphafold.ebi.ac.uk/api/prediction/Q8K1S6,0cf7b6f50dbd1a662722b7d4c46c677fec271fabbd472121d3111f707d1297fa,200,2026-10-09T07:28:25.223292+00:00,not_supplied_by_service,Q8K1S6,AlphaFold_DB
https://alphafold.ebi.ac.uk/api/prediction/Q8K1X4,0d6bd98954b7f1a372de4c5d4edb9117336031e11baaa4bcd721d0babcab96a3,200,2026-10-09T07:28:24.911886+00:00,not_supplied_by_service,Q8K1X4,AlphaFold_DB
https://alphafold.ebi.ac.uk/api/prediction/Q8K299,2a9427ba4fa15227083332ed406e63e1bc0f52b1d3c86c91974e258173835cb6,200,2026-10-09T07:28:24.994729+00:00,not_supplied_by_service,Q8K299,AlphaFold_DB
https://alphafold.ebi.ac.uk/api/prediction/Q8K2D3,8ce75553321c7a7e46301a13f925f02fbf207eb86e2cfda0e6af48ad9286543b,200,2026-10-09T07:28:25.082068+00:00,not_supplied_by_service,Q8K2D3,AlphaFold_DB
https://alphafold.ebi.ac.uk/api/prediction/Q8K2I3,7a537a182df987b1d7de656f64a57e70a9ad08f9086e3b234817a4fcd622f504,200,2026-10-09T07:28:25.002649+00:00,not_supplied_by_service,Q8K2I3,AlphaFold_DB
https://alphafold.ebi.ac.uk/api/prediction/Q8K2K6,67bfea636df62dc1c3cda4337e19a130d8a727f0f01840e6481c97c434cb6751,200,2026-10-09T07:28:36.863334+00:00,not_supplied_by_service,Q8K2K6,AlphaFold_DB
https://alphafold.ebi.ac.uk/api/prediction/Q8K353,505d77e53c4ae798e8425d39d3bfcdd152d52b19c2101a199411e8ed3319b70a,200,2026-10-09T07:28:36.880464+00:00,not_supplied_by_service,Q8K353,AlphaFold_DB
https://alphafold.ebi.ac.uk/api/prediction/Q8K370,b5efe29be623a52db1653108f0daa3990c27b0bc51661dad032ca692c7205da0,200,2026-10-09T07:28:36.865557+00:00,not_supplied_by_service,Q8K370,AlphaFold_DB
https://alphafold.ebi.ac.uk/api/prediction/Q8K371,6b93d0e864a54f6a3104b8b6629e2a79b4531ef92ecb7bd3351eb8d3b3f81fe5,200,2026-10-09T07:28:36.868170+00:00,not_supplied_by_service,Q8K371,AlphaFold_DB
https://alphafold.ebi.ac.uk/api/prediction/Q8K3V7,b11a7a4e04d8c0d9eb1e8ed59f6114ce0b60b126110f6e7c9b8f56c1d4129240,200,2026-10-09T07:28:36.869502+00:00,not_supplied_by_service,Q8K3V7,AlphaFold_DB
https://alphafold.ebi.ac.uk/api/prediction/Q8K406,8480d935951093608db700eb41e8ee16061703559e5e80fce5222b787dda2027,200,2026-10-09T07:28:36.867093+00:00,not_supplied_by_service,Q8K406,AlphaFold_DB
https://alphafold.ebi.ac.uk/api/prediction/Q8K419,a67db7ec0250746d9f99fe6758d978999a7b0fee4a45af566f052417a5acf104,200,2026-10-09T07:28:37.003764+00:00,not_supplied_by_service,Q8K419,AlphaFold_DB
https://alphafold.ebi.ac.uk/api/prediction/Q8K482,ff6c16f44a39ccbdd3d372c4934201d58adfc2021c061533916d048f1cc4d3ca,200,2026-10-09T07:28:37.118252+00:00,not_supplied_by_service,Q8K482,AlphaFold_DB
https://alphafold.ebi.ac.uk/api/prediction/Q8K485,8bdcd42ec5c9fe49015ca794aded122aa427e3a24f401c5925dcf7c1bd1b7958,200,2026-10-09T07:28:37.046301+00:00,not_supplied_by_service,Q8K485,AlphaFold_DB
https://alphafold.ebi.ac.uk/api/prediction/Q8K4G1,c464d698115a99c732b2a9f0f7349e229831274aaaf6d769fe5a71c2f3d47628,200,2026-10-09T07:28:36.863087+00:00,not_supplied_by_service,Q8K4G1,AlphaFold_DB
https://alphafold.ebi.ac.uk/api/prediction/Q8K4S1,948ba0b5c34199803330a9b44122157f6b5ef6bb16da15e9444db5cf41043ad9,200,2026-10-09T07:28:36.614767+00:00,not_supplied_by_service,Q8K4S1,AlphaFold_DB
https://alphafold.ebi.ac.uk/api/prediction/Q8R000,9f0708dd7877448a75207aeca2884de300adf16bdc66196ccca0d1c270256040,200,2026-10-09T07:28:37.083470+00:00,not_supplied_by_service,Q8R000,AlphaFold_DB
https://alphafold.ebi.ac.uk/api/prediction/Q8R007,b156fa5da8f0aeb8c229d833353b9f392464a15771fbf04eb71f67378c08a8f0,200,2026-10-09T07:28:36.993405+00:00,not_supplied_by_service,Q8R007,AlphaFold_DB
https://alphafold.ebi.ac.uk/api/prediction/Q8R080,d26dd2c6816153a7ecf1dd5d8da683a3d091837f5d7720212b4b554c515c198e,200,2026-10-09T07:28:37.048272+00:00,not_supplied_by_service,Q8R080,AlphaFold_DB
https://alphafold.ebi.ac.uk/api/prediction/Q8R0Z6,0632471766f39aa5be7560b58e878dbda46839f8631d3804c820060f6885f655,200,2026-10-09T07:28:36.876676+00:00,not_supplied_by_service,Q8R0Z6,AlphaFold_DB
https://alphafold.ebi.ac.uk/api/prediction/Q8R2G6,fb3efe0c1061e792b0947a3db08b841b36d08bbc5215eeae6b79b6beab384e2d,200,2026-10-09T07:28:36.867789+00:00,not_supplied_by_service,Q8R2G6,AlphaFold_DB
https://alphafold.ebi.ac.uk/api/prediction/Q8R2Y0,7ac04960eabcea937b0ffac39d4dd6ee47cf9eded513fcbe89b7366bfbeca2c9,200,2026-10-09T07:28:48.705753+00:00,not_supplied_by_service,Q8R2Y0,AlphaFold_DB
https://alphafold.ebi.ac.uk/api/prediction/Q8R3A2,28c5839a267afd335e942e98f1f7337ff4c84cbdcf7e804176002e06b2f37ceb,200,2026-10-09T07:28:48.738138+00:00,not_supplied_by_service,Q8R3A2,AlphaFold_DB
https://alphafold.ebi.ac.uk/api/prediction/Q8R4U7,afa77edadee5bc3022584e5b93f31e0dd99aa517f5f15935e16f9d8e1c0cb8fe,200,2026-10-09T07:28:48.821075+00:00,not_supplied_by_service,Q8R4U7,AlphaFold_DB
https://alphafold.ebi.ac.uk/api/prediction/Q8R4V5,7f6f17aa6439ee6fd3f68d7073d37ff170bcfd92041a14d205d22244162dfd95,200,2026-10-09T07:28:48.789288+00:00,not_supplied_by_service,Q8R4V5,AlphaFold_DB
https://alphafold.ebi.ac.uk/api/prediction/Q8R4W6,7a41f56bda01049d1ba90a96e1b5cc0255ebea0cd9273e2847c82d3a3cd8680d,200,2026-10-09T07:28:48.702788+00:00,not_supplied_by_service,Q8R4W6,AlphaFold_DB
https://alphafold.ebi.ac.uk/api/prediction/Q8R527,7643624fedf68b092e9f791e90684b3b820da7021da2a3f39d40efdc07f0e8d4,200,2026-10-09T07:28:48.705978+00:00,not_supplied_by_service,Q8R527,AlphaFold_DB
https://alphafold.ebi.ac.uk/api/prediction/Q8VBV4,493af6f8b4a317e59e581f077c03f0104e6fdde438d077850055ccbd72619b50,200,2026-10-09T07:28:48.703319+00:00,not_supplied_by_service,Q8VBV4,AlphaFold_DB
https://alphafold.ebi.ac.uk/api/prediction/Q8VC26,ff040d83b88387d7854ea7ed6959329f36a7f36e12c97c4b31eeec21d868e644,200,2026-10-09T07:28:48.730942+00:00,not_supplied_by_service,Q8VC26,AlphaFold_DB
https://alphafold.ebi.ac.uk/api/prediction/Q8VCC1,30b45969f7c751bab120c92554feeb14661d931f1ff99b57647c78de18a58032,200,2026-10-09T07:28:48.640652+00:00,not_supplied_by_service,Q8VCC1,AlphaFold_DB
https://alphafold.ebi.ac.uk/api/prediction/Q8VCC8,1ef682fce50d81b7a749dde48ffb3c4d09a382f47cb86cea03668d95a3032c60,200,2026-10-09T07:28:48.702927+00:00,not_supplied_by_service,Q8VCC8,AlphaFold_DB
https://alphafold.ebi.ac.uk/api/prediction/Q8VCI0,4886d440f649168ee0436ecb9851c36bd7d1c480ac5c908cf9ec989124bb430f,200,2026-10-09T07:28:48.819262+00:00,not_supplied_by_service,Q8VCI0,AlphaFold_DB
https://alphafold.ebi.ac.uk/api/prediction/Q8VCP9,412047f6d0544f2dacadc90c940c8a7b58b1f87faf0df8927024d4f1bd9feb4c,200,2026-10-09T07:28:48.913478+00:00,not_supplied_by_service,Q8VCP9,AlphaFold_DB
https://alphafold.ebi.ac.uk/api/prediction/Q8VCQ6,086921edc1d68995085dc1c8864f3d76eb7fcf25ba248cc3be0fb3f3c43e0d21,200,2026-10-09T07:28:48.867763+00:00,not_supplied_by_service,Q8VCQ6,AlphaFold_DB
https://alphafold.ebi.ac.uk/api/prediction/Q8VCT9,b0afcfb9cfc00905c8b47ffaef62a7a64bf08d35845f97db55b23151fcff4371,200,2026-10-09T07:28:48.782573+00:00,not_supplied_by_service,Q8VCT9,AlphaFold_DB
https://alphafold.ebi.ac.uk/api/prediction/Q8VCZ6,ac73c290b0ff093fbd646c21e45f5bd4a3a0d5412d380ee43e0f731e2fbf5590,200,2026-10-09T07:28:48.705114+00:00,not_supplied_by_service,Q8VCZ6,AlphaFold_DB
https://alphafold.ebi.ac.uk/api/prediction/Q8VD53,8f5898cc05d2bd9c7b5e2d08759e7f1fe2a57101182e9df00b8ed55792f52da1,200,2026-10-09T07:28:48.864410+00:00,not_supplied_by_service,Q8VD53,AlphaFold_DB
https://alphafold.ebi.ac.uk/api/prediction/Q8VDG5,35f4766e2b1c507552c6298d039e3ea52d6a43ead4b81b12f7da990b7bca731d,200,2026-10-09T07:29:00.902691+00:00,not_supplied_by_service,Q8VDG5,AlphaFold_DB
https://alphafold.ebi.ac.uk/api/prediction/Q8VDP3,90799ae2923c0344dbf2bde7b2a1c3685398f958224717bc660abdeb48ce1950,200,2026-10-09T07:29:00.905859+00:00,not_supplied_by_service,Q8VDP3,AlphaFold_DB
https://alphafold.ebi.ac.uk/api/prediction/Q8VDV0,03f3729993f3513b8bb0149914d653b09a55909da496b981c6f15dc4ce442717,200,2026-10-09T07:29:00.955697+00:00,not_supplied_by_service,Q8VDV0,AlphaFold_DB
https://alphafold.ebi.ac.uk/api/prediction/Q8VE92,2264804360e615593c66d2eab050d5f25b23f255f6ce1f916119e2fbb8b49fda,200,2026-10-09T07:29:00.906092+00:00,not_supplied_by_service,Q8VE92,AlphaFold_DB
https://alphafold.ebi.ac.uk/api/prediction/Q8VHZ5,8cb23aaf65efd44d87b27805bdd222024c4f38112bc9ef555b6691fa97e86bab,200,2026-10-09T07:29:00.918673+00:00,not_supplied_by_service,Q8VHZ5,AlphaFold_DB
https://alphafold.ebi.ac.uk/api/prediction/Q8VI64,ba52dfc8e13b305f6da4ddd97b2b63510d67e80e7ffcd6b48080ea0e654e592f,200,2026-10-09T07:29:00.968809+00:00,not_supplied_by_service,Q8VI64,AlphaFold_DB
https://alphafold.ebi.ac.uk/api/prediction/Q8VIK5,236743eae5f6167703351a8c0d0f057fe2fbccee788b85395c59dc557bafb414,200,2026-10-09T07:29:01.028375+00:00,not_supplied_by_service,Q8VIK5,AlphaFold_DB
https://alphafold.ebi.ac.uk/api/prediction/Q91VE2,768ee58c7533c24e9cc1a6eea76163e71c9a9fa5eccaaa39db916dea76e61114,200,2026-10-09T07:29:00.905148+00:00,not_supplied_by_service,Q91VE2,AlphaFold_DB
https://alphafold.ebi.ac.uk/api/prediction/Q91VK1,c7d143a97893c7fa6004c08d75c2303df8bdfb25961908489deb2ce6117254a4,200,2026-10-09T07:29:00.917827+00:00,not_supplied_by_service,Q91VK1,AlphaFold_DB
https://alphafold.ebi.ac.uk/api/prediction/Q91VN1,4fd04e6af707b0703b6c50fe4f508d1340598c9fb6257c04a943e3f6831e278d,200,2026-10-09T07:29:00.902487+00:00,not_supplied_by_service,Q91VN1,AlphaFold_DB
https://alphafold.ebi.ac.uk/api/prediction/Q91VW3,bf4699d905a3bd60d7c3c0a98269f055829c771f9a648099229e92cf9cae306a,200,2026-10-09T07:29:00.932569+00:00,not_supplied_by_service,Q91VW3,AlphaFold_DB
https://alphafold.ebi.ac.uk/api/prediction/Q91W29,e8856fef18749d4f5d6097223ee5484578b023085ea71c79a4d30eb277af35c5,200,2026-10-09T07:29:00.827890+00:00,not_supplied_by_service,Q91W29,AlphaFold_DB
https://alphafold.ebi.ac.uk/api/prediction/Q91W86,c85db41dd98581148d5a477b3d08510ea86477d43279a8d6d7ca095bac0446bb,200,2026-10-09T07:29:00.888164+00:00,not_supplied_by_service,Q91W86,AlphaFold_DB
https://alphafold.ebi.ac.uk/api/prediction/Q91WE9,69cdc48f8f80173eed7c936005bcb9caafcf0edd9fc2d68a1391ef6e59e0444b,200,2026-10-09T07:29:00.892191+00:00,not_supplied_by_service,Q91WE9,AlphaFold_DB
https://alphafold.ebi.ac.uk/api/prediction/Q91WK5,f05df0589a0b0c75a3de001daa2e7566085fffca1b52e748b13b627192c7a235,200,2026-10-09T07:29:00.904076+00:00,not_supplied_by_service,Q91WK5,AlphaFold_DB
https://alphafold.ebi.ac.uk/api/prediction/Q91WT9,926796aac821b191717c290949db09950b1557d727faf6616a80d86f5f04e11d,200,2026-10-09T07:29:00.902281+00:00,not_supplied_by_service,Q91WT9,AlphaFold_DB
https://alphafold.ebi.ac.uk/api/prediction/Q91X52,80d602c0a4b62d0fa0ed973de780d9be89a260101a4c4601c591507b924c59fe,200,2026-10-09T07:29:12.833196+00:00,not_supplied_by_service,Q91X52,AlphaFold_DB
https://alphafold.ebi.ac.uk/api/prediction/Q91XD2,2fbc11a04c0f5977a4de93b1196fff1b4a88ba8ea13febf8ca5bc1bda1f37894,200,2026-10-09T07:29:13.067397+00:00,not_supplied_by_service,Q91XD2,AlphaFold_DB
https://alphafold.ebi.ac.uk/api/prediction/Q91XE0,ce388d43f4ed1a2e4b4aef8417f02f134de42f243335863e5be7a0cda76e8947,200,2026-10-09T07:29:13.027618+00:00,not_supplied_by_service,Q91XE0,AlphaFold_DB
https://alphafold.ebi.ac.uk/api/prediction/Q91XT6,99eeeaa7bb3ee68cdca8004c667dc07e3e573b4ea39c7ae36259c807a600ebe6,200,2026-10-09T07:29:12.891136+00:00,not_supplied_by_service,Q91XT6,AlphaFold_DB
https://alphafold.ebi.ac.uk/api/prediction/Q91Y86,089de8022ef94a3ad24ab17901f3b4ecf1d7c7279cc63c6fb2cd3797debfdd72,200,2026-10-09T07:29:12.968746+00:00,not_supplied_by_service,Q91Y86,AlphaFold_DB
https://alphafold.ebi.ac.uk/api/prediction/Q91ZC0,110b5367d80149c047377e5b545648c561cd6c050e0ffb0240faad3ed6578464,200,2026-10-09T07:29:13.063206+00:00,not_supplied_by_service,Q91ZC0,AlphaFold_DB
https://alphafold.ebi.ac.uk/api/prediction/Q91ZP9,3838e6aaa1f12ba87df7514e811d620e33b55ebb91a4d6ca07b087172018d6ed,200,2026-10-09T07:29:13.032785+00:00,not_supplied_by_service,Q91ZP9,AlphaFold_DB
https://alphafold.ebi.ac.uk/api/prediction/Q91ZV8,e1a470d57d8b819aa51701032ffac1f6d08d3dab494fd19d4b83f7c2d500dfbd,200,2026-10-09T07:29:12.903648+00:00,not_supplied_by_service,Q91ZV8,AlphaFold_DB
https://alphafold.ebi.ac.uk/api/prediction/Q91ZX1,8720d31052a678d0b1009c0c124e1d06592bd3df0d3befa4d5af693e79701543,200,2026-10-09T07:29:12.894808+00:00,not_supplied_by_service,Q91ZX1,AlphaFold_DB
https://alphafold.ebi.ac.uk/api/prediction/Q920C1,b6165ec0172511b5a417d53adce6a918313ca344b5f9649e3ca2a2af4152446f,200,2026-10-09T07:29:12.905194+00:00,not_supplied_by_service,Q920C1,AlphaFold_DB
https://alphafold.ebi.ac.uk/api/prediction/Q920C4,c216be2d637cc1000509043cf4944dc75d205def8c892e3db0de07902f74a0d7,200,2026-10-09T07:29:12.983528+00:00,not_supplied_by_service,Q920C4,AlphaFold_DB
https://alphafold.ebi.ac.uk/api/prediction/Q920E5,b43d94b467179d273beedb055a8cdb7e647dbc776ae64662292ca34b3f56fff8,200,2026-10-09T07:29:12.887385+00:00,not_supplied_by_service,Q920E5,AlphaFold_DB
https://alphafold.ebi.ac.uk/api/prediction/Q920L5,6042ffb7d2c6b4f597a85c7bf81bb3f0d696c835ee050af52f306185cdb28df3,200,2026-10-09T07:29:12.892939+00:00,not_supplied_by_service,Q920L5,AlphaFold_DB
https://alphafold.ebi.ac.uk/api/prediction/Q923B1,202550e37d035ec58d21779b828c58c2619ae26524526ad52ee9f0a547d26f44,200,2026-10-09T07:29:13.005286+00:00,not_supplied_by_service,Q923B1,AlphaFold_DB
https://alphafold.ebi.ac.uk/api/prediction/Q923W9,2c6e3816da33f16320de91967cd94d8ef6ffc2dc1c018eb36b246450f327a7a4,200,2026-10-09T07:29:12.912901+00:00,not_supplied_by_service,Q923W9,AlphaFold_DB
https://alphafold.ebi.ac.uk/api/prediction/Q923X1,30b42925d9cf460602b487f2e0e92799871f00835d46e6a9a7b13ff5c2594d07,200,2026-10-09T07:29:12.910941+00:00,not_supplied_by_service,Q923X1,AlphaFold_DB
https://alphafold.ebi.ac.uk/api/prediction/Q924X6,d90209ef2a36185b6eacd4a715b5e8f604180d724965dea71dbfa2df9c8547e9,200,2026-10-09T07:29:25.139704+00:00,not_supplied_by_service,Q924X6,AlphaFold_DB
https://alphafold.ebi.ac.uk/api/prediction/Q925N0,663f0a5116d4d6c43ee308e11fb20d3931a7b789f68042a67fae8570a23a8219,200,2026-10-09T07:29:25.181062+00:00,not_supplied_by_service,Q925N0,AlphaFold_DB
https://alphafold.ebi.ac.uk/api/prediction/Q925N2,6a613a635249e667c7536765f31f63fa76957cfe7f5a67bdfb5989f1788cb6b2,200,2026-10-09T07:29:25.187780+00:00,not_supplied_by_service,Q925N2,AlphaFold_DB
https://alphafold.ebi.ac.uk/api/prediction/Q93092,958a53171fd6139c7c726f6c979844cf38f8611519e832dd2a3fc25d09dec573,200,2026-10-09T07:29:25.137961+00:00,not_supplied_by_service,Q93092,AlphaFold_DB
https://alphafold.ebi.ac.uk/api/prediction/Q99J79,be7f8a112ba19db11bdf0ee598a3df3d444f3ca7e297797d5b7fd5eed9f56a3b,200,2026-10-09T07:29:25.134973+00:00,not_supplied_by_service,Q99J79,AlphaFold_DB
https://alphafold.ebi.ac.uk/api/prediction/Q99JF5,11787866d439adc063788645c723aff8a2ca9457eb52062d523fd82b3646a008,200,2026-10-09T07:29:25.219748+00:00,not_supplied_by_service,Q99JF5,AlphaFold_DB
https://alphafold.ebi.ac.uk/api/prediction/Q99LF1,e1cd254112c72efb1ea8afbb9d4d83225654261216c7a4d2c98368018a21317f,200,2026-10-09T07:29:25.343041+00:00,not_supplied_by_service,Q99LF1,AlphaFold_DB
https://alphafold.ebi.ac.uk/api/prediction/Q99MQ4,8fb3a2744165ef5f7ba751495c6418bd5b0cadef2a3fd5b233dec86dbfe0d929,200,2026-10-09T07:29:25.237413+00:00,not_supplied_by_service,Q99MQ4,AlphaFold_DB
https://alphafold.ebi.ac.uk/api/prediction/Q99MR1,d6e9ce4a35a7202301e4ecf741ba6f7ff6415ba1d3b558cac3f68a453dd95516,200,2026-10-09T07:29:25.182952+00:00,not_supplied_by_service,Q99MR1,AlphaFold_DB
https://alphafold.ebi.ac.uk/api/prediction/Q99N05,82dad28ac8d586c15334d6d9d3d0abef7307b6c5f6f464ebc116e1e587122802,200,2026-10-09T07:29:25.385740+00:00,not_supplied_by_service,Q99N05,AlphaFold_DB
https://alphafold.ebi.ac.uk/api/prediction/Q99N09,afdda7ada44696fa1e7385276285c8079d1bf20a52b2ccfaf175aca207c952a5,200,2026-10-09T07:29:25.165300+00:00,not_supplied_by_service,Q99N09,AlphaFold_DB
https://alphafold.ebi.ac.uk/api/prediction/Q99N48,e8a4d9fdf748cb276209598720e35706891044bf9f4d1c4c2e813cf44553596a,200,2026-10-09T07:29:25.289463+00:00,not_supplied_by_service,Q99N48,AlphaFold_DB
https://alphafold.ebi.ac.uk/api/prediction/Q99N90,8b9a7977693cefb576211988a52d178b15bb5bc6c2f60be122209ca19cb1d93d,200,2026-10-09T07:29:25.233666+00:00,not_supplied_by_service,Q99N90,AlphaFold_DB
https://alphafold.ebi.ac.uk/api/prediction/Q99N91,0555628246f5c4571ca134e04118cc065c38045d1fe66390c3588b3e29edd067,200,2026-10-09T07:29:25.313472+00:00,not_supplied_by_service,Q99N91,AlphaFold_DB
https://alphafold.ebi.ac.uk/api/prediction/Q99P47,7fe25e8bfa3b2137b9e5847707af2270ade5cb429e6c10fde51a24ead196221e,200,2026-10-09T07:29:25.176957+00:00,not_supplied_by_service,Q99P47,AlphaFold_DB
https://alphafold.ebi.ac.uk/api/prediction/Q99PI4,d4cef3fe211a3c30bf3fa1eef7c83c59a528d5fdeec25b1b41d24426153892f6,200,2026-10-09T07:29:25.129796+00:00,not_supplied_by_service,Q99PI4,AlphaFold_DB
https://alphafold.ebi.ac.uk/api/prediction/Q99PL8,e7946902e41764f55d652a94ac2c6caec6061a21a10ad3804d08cc341b452ed4,200,2026-10-09T07:29:37.041327+00:00,not_supplied_by_service,Q99PL8,AlphaFold_DB
https://alphafold.ebi.ac.uk/api/prediction/Q99PU5,8438f23042e64fcf20788a73630aec30bc5ffffe181347630f7ab4624d28750a,200,2026-10-09T07:29:37.039816+00:00,not_supplied_by_service,Q99PU5,AlphaFold_DB
https://alphafold.ebi.ac.uk/api/prediction/Q9CPU0,4e29992ee1a1efcfb534505f38633f6c0b5ad63ea8655cee69fa22c1ac899a1e,200,2026-10-09T07:29:37.189541+00:00,not_supplied_by_service,Q9CPU0,AlphaFold_DB
https://alphafold.ebi.ac.uk/api/prediction/Q9CPV9,86f3043c52c93dd69a36594946578791f377148368f01823b55cf4c14f86c060,200,2026-10-09T07:29:37.058632+00:00,not_supplied_by_service,Q9CPV9,AlphaFold_DB
https://alphafold.ebi.ac.uk/api/prediction/Q9CQ00,6eb769e3c582626dde6f0d7a7c847f9916544ae7f9f31da6ebb404ea7c1d2a2c,200,2026-10-09T07:29:37.193496+00:00,not_supplied_by_service,Q9CQ00,AlphaFold_DB
https://alphafold.ebi.ac.uk/api/prediction/Q9CQ02,bde887b43d745116075c4318a2da615f9dac65ecd6f49ba0f155f475ca48963a,200,2026-10-09T07:29:37.147322+00:00,not_supplied_by_service,Q9CQ02,AlphaFold_DB
https://alphafold.ebi.ac.uk/api/prediction/Q9CQ19,b7a325f17a196e818dc12ce05f3c4c2b17b71fd193c382a5dafbb320871fb4e3,200,2026-10-09T07:29:37.145827+00:00,not_supplied_by_service,Q9CQ19,AlphaFold_DB
https://alphafold.ebi.ac.uk/api/prediction/Q9CQ86,d189237c51cc3e2c2eb8e652a562adb090da2028baa092801530a7744ca7d69b,200,2026-10-09T07:29:37.213663+00:00,not_supplied_by_service,Q9CQ86,AlphaFold_DB
https://alphafold.ebi.ac.uk/api/prediction/Q9CQG2,d72307cfab913c219f346d41aea3b5cb40b63a017882bbd7b3ac67d2e7d3a560,200,2026-10-09T07:29:37.155603+00:00,not_supplied_by_service,Q9CQG2,AlphaFold_DB
https://alphafold.ebi.ac.uk/api/prediction/Q9CQJ5,e7b155e481580c2ddc3c3e7621a271082ea67f96b084d5d7e42eaf6bc5ca9da7,200,2026-10-09T07:29:37.105515+00:00,not_supplied_by_service,Q9CQJ5,AlphaFold_DB
https://alphafold.ebi.ac.uk/api/prediction/Q9CQM5,ed34572596e7e5a43ffde3120f6e09b10ab42ab785ea0a7962dcddf36547e570,200,2026-10-09T07:29:37.187329+00:00,not_supplied_by_service,Q9CQM5,AlphaFold_DB
https://alphafold.ebi.ac.uk/api/prediction/Q9CQP8,6d887c37eff2a351003fc3dbc1342b59271fe316d1eb06f3e489a840a3e37e0d,200,2026-10-09T07:29:37.063397+00:00,not_supplied_by_service,Q9CQP8,AlphaFold_DB
https://alphafold.ebi.ac.uk/api/prediction/Q9CQS2,6cb4e4458c55047d712557d3f5e1fe60e0135b01463b0638d958744922d93482,200,2026-10-09T07:29:37.114371+00:00,not_supplied_by_service,Q9CQS2,AlphaFold_DB
https://alphafold.ebi.ac.uk/api/prediction/Q9CR10,af907e83603a72d75009240296e0281d5124f02739e0b58e61fd80d7b60186f1,200,2026-10-09T07:29:37.284838+00:00,not_supplied_by_service,Q9CR10,AlphaFold_DB
https://alphafold.ebi.ac.uk/api/prediction/Q9CR50,ef02476798d1c52a0e18255b41bf214cf6a04b9e2f9a4da9a4b29117cce07c9a,200,2026-10-09T07:29:37.113831+00:00,not_supplied_by_service,Q9CR50,AlphaFold_DB
https://alphafold.ebi.ac.uk/api/prediction/Q9CR75,5a940d63773e42b6607fbb8ca66fd932a288c42b794873b93a76378184181008,200,2026-10-09T07:29:37.116189+00:00,not_supplied_by_service,Q9CR75,AlphaFold_DB
https://alphafold.ebi.ac.uk/api/prediction/Q9CR84,43951599b929eb466fac6fef46c367e8cb635f2fba61105c1fe85e712ee8938a,200,2026-10-09T07:29:48.825704+00:00,not_supplied_by_service,Q9CR84,AlphaFold_DB
https://alphafold.ebi.ac.uk/api/prediction/Q9CR96,78bb19cbb43ad1fb3211f5a04dfabd6915c3d758af53f514ef3afb6403f53d01,200,2026-10-09T07:29:48.824771+00:00,not_supplied_by_service,Q9CR96,AlphaFold_DB
https://alphafold.ebi.ac.uk/api/prediction/Q9CR98,997e46a259b78769e5988d9ba0470ac5c30f4a5b9d4b60ade725b370e74c5705,200,2026-10-09T07:29:48.825543+00:00,not_supplied_by_service,Q9CR98,AlphaFold_DB
https://alphafold.ebi.ac.uk/api/prediction/Q9CRA4,02956e5e866aaa134e15f188a65973cd15014c3e6f13cc9ea8d303d186c2bda4,200,2026-10-09T07:29:48.845077+00:00,not_supplied_by_service,Q9CRA4,AlphaFold_DB
https://alphafold.ebi.ac.uk/api/prediction/Q9CW03,cb6a5bf3b97c4b0a44a96d1f19da8a58b5ab46cf7952e15524619c0bfa40777f,200,2026-10-09T07:29:48.882657+00:00,not_supplied_by_service,Q9CW03,AlphaFold_DB
https://alphafold.ebi.ac.uk/api/prediction/Q9CWF2,abff975ccdc26f7d903ad6425432044ba1b0c97b144826c0af2a366b30af8f40,200,2026-10-09T07:29:48.824932+00:00,not_supplied_by_service,Q9CWF2,AlphaFold_DB
https://alphafold.ebi.ac.uk/api/prediction/Q9CX84,b42a0ea4594ad6e88382127bdf0d8576449f8fde461364b0fc235cfe759e730a,200,2026-10-09T07:29:48.955534+00:00,not_supplied_by_service,Q9CX84,AlphaFold_DB
https://alphafold.ebi.ac.uk/api/prediction/Q9CXC9,5ab11fd0c2e864bf29708333003fecf8350b49dd2521dc37ed352b0119eea788,200,2026-10-09T07:29:48.979596+00:00,not_supplied_by_service,Q9CXC9,AlphaFold_DB
https://alphafold.ebi.ac.uk/api/prediction/Q9CY45,92ffbc9e6cae4e16e1c6da06c3d256b1d6e28922e46d0c2c0b629d29f24f4c78,200,2026-10-09T07:29:48.826052+00:00,not_supplied_by_service,Q9CY45,AlphaFold_DB
https://alphafold.ebi.ac.uk/api/prediction/Q9CY64,35286968e79fca653c93e499015a570d284cfcc5130df160f504d71a45247b1c,200,2026-10-09T07:29:48.988870+00:00,not_supplied_by_service,Q9CY64,AlphaFold_DB
https://alphafold.ebi.ac.uk/api/prediction/Q9CYQ7,810c31eb9d835d2f8bd5eeb8eecebd55076e3149caf40e6994e1d70a275ceeee,200,2026-10-09T07:29:48.991285+00:00,not_supplied_by_service,Q9CYQ7,AlphaFold_DB
https://alphafold.ebi.ac.uk/api/prediction/Q9CZH3,6528bd2e685a6cc58ce12b1f25cb8e0875414c9a6b5369b1949b7503eb598857,200,2026-10-09T07:29:48.987421+00:00,not_supplied_by_service,Q9CZH3,AlphaFold_DB
https://alphafold.ebi.ac.uk/api/prediction/Q9CZI9,f0e973e79e1df33eb3ea833084c9d8f23493724e5b51d806c91f7372e3550288,200,2026-10-09T07:29:48.825817+00:00,not_supplied_by_service,Q9CZI9,AlphaFold_DB
https://alphafold.ebi.ac.uk/api/prediction/Q9CZP5,dd3e3fe7006cc0f41d02a5cd980602d964e194b7fb60a4fccb4e3267e890337c,200,2026-10-09T07:29:48.846294+00:00,not_supplied_by_service,Q9CZP5,AlphaFold_DB
https://alphafold.ebi.ac.uk/api/prediction/Q9D0P7,5b2b1aa6ae579648beecc048bab4c5e6802ad5c609c6f479b20495f256728cfe,200,2026-10-09T07:29:48.783690+00:00,not_supplied_by_service,Q9D0P7,AlphaFold_DB
https://alphafold.ebi.ac.uk/api/prediction/Q9D0T7,60c0e4b3f7447223f63fe31eb18edfcfe979b2d39b31badf6c0cff6f74182bc8,200,2026-10-09T07:29:49.029861+00:00,not_supplied_by_service,Q9D0T7,AlphaFold_DB
https://alphafold.ebi.ac.uk/api/prediction/Q9D154,9ec05066bd670508cfe6e1798e3964bced160e9a0fb29df8edddf6c76441c25e,200,2026-10-09T07:30:00.741605+00:00,not_supplied_by_service,Q9D154,AlphaFold_DB
https://alphafold.ebi.ac.uk/api/prediction/Q9D164,3b85d22429541c35c8e40cf5927e0a947d93e4a27085aee49978c5171b2bca3c,200,2026-10-09T07:30:00.726001+00:00,not_supplied_by_service,Q9D164,AlphaFold_DB
https://alphafold.ebi.ac.uk/api/prediction/Q9D1D1,81d50818985a6824591a093bbc01efd4a921508852c0bf304cc7a80f13af1297,200,2026-10-09T07:30:00.584907+00:00,not_supplied_by_service,Q9D1D1,AlphaFold_DB
https://alphafold.ebi.ac.uk/api/prediction/Q9D1G2,482a2c197aec3b8cc18c50cea8aa7586dc162776c637d74b7ec3ff0af589b516,200,2026-10-09T07:30:00.524726+00:00,not_supplied_by_service,Q9D1G2,AlphaFold_DB
https://alphafold.ebi.ac.uk/api/prediction/Q9D236,5f9463f5bf11f5adaed732478f1aa1bb5b4b32f28d15ef1b0492c2f09a0607c8,200,2026-10-09T07:30:00.645066+00:00,not_supplied_by_service,Q9D236,AlphaFold_DB
https://alphafold.ebi.ac.uk/api/prediction/Q9D2N8,68e7839302f6f4e3bb0e9da88c9f684e0c877deee83078471e79b26c0ee3071d,200,2026-10-09T07:30:00.647199+00:00,not_supplied_by_service,Q9D2N8,AlphaFold_DB
https://alphafold.ebi.ac.uk/api/prediction/Q9D300,a97d6444be139f206a62605a43edb8887313629c8fbf5aaa579de79a762ae1ea,200,2026-10-09T07:30:00.677074+00:00,not_supplied_by_service,Q9D300,AlphaFold_DB
https://alphafold.ebi.ac.uk/api/prediction/Q9D3R9,4c7a12851c1211dd5dae26584a9716379c544d4280f97fca86b15c813f160030,200,2026-10-09T07:30:00.821719+00:00,not_supplied_by_service,Q9D3R9,AlphaFold_DB
https://alphafold.ebi.ac.uk/api/prediction/Q9D479,ec31651007efeddcdd6375f372e5105a8d4834a3fc13352df5e34f49e7da0365,200,2026-10-09T07:30:00.526882+00:00,not_supplied_by_service,Q9D479,AlphaFold_DB
https://alphafold.ebi.ac.uk/api/prediction/Q9D5Z5,9fcbfe73923508bcbcc6e5295da035ca098e433dd24823aa78fce09ce7df2e31,200,2026-10-09T07:30:00.525074+00:00,not_supplied_by_service,Q9D5Z5,AlphaFold_DB
https://alphafold.ebi.ac.uk/api/prediction/Q9D668,4234c4946ff328a9bc69dcb118a3283db6299aa8235f14c8d448e58fb8ab3c0a,200,2026-10-09T07:30:00.525868+00:00,not_supplied_by_service,Q9D668,AlphaFold_DB
https://alphafold.ebi.ac.uk/api/prediction/Q9D684,7db2b195cbd489694a8bc3b7ba96d5b007e87ba4fa38eb296d1449c2b83358c3,200,2026-10-09T07:30:00.526749+00:00,not_supplied_by_service,Q9D684,AlphaFold_DB
https://alphafold.ebi.ac.uk/api/prediction/Q9D6A1,ac2e49fd4d6dd892420c0f181ade2ca4311e2d3315cc57f2af3b9964b2523ae4,200,2026-10-09T07:30:00.684017+00:00,not_supplied_by_service,Q9D6A1,AlphaFold_DB
https://alphafold.ebi.ac.uk/api/prediction/Q9D6B9,9dbb142b7d2ad8b669029cfc9d43ebdfdf6e28b2c2d54332013dcbeb980e7e8a,200,2026-10-09T07:30:00.584717+00:00,not_supplied_by_service,Q9D6B9,AlphaFold_DB
https://alphafold.ebi.ac.uk/api/prediction/Q9D6D8,5929eebdf1e29a20b761dabf1a0aa0954f492e344e709fcbafb328dbcc9231e0,200,2026-10-09T07:30:00.526377+00:00,not_supplied_by_service,Q9D6D8,AlphaFold_DB
https://alphafold.ebi.ac.uk/api/prediction/Q9D6W7,034a499c3c345d744a639bb292dac558ed71ea28c14b25b16310a594353aff6a,200,2026-10-09T07:30:00.531660+00:00,not_supplied_by_service,Q9D6W7,AlphaFold_DB
https://alphafold.ebi.ac.uk/api/prediction/Q9D6X5,37a2f9176fc37678adda4fb9647ad33f2895f5b397d35180c192e9b5ce49e05b,200,2026-10-09T07:30:12.710874+00:00,not_supplied_by_service,Q9D6X5,AlphaFold_DB
https://alphafold.ebi.ac.uk/api/prediction/Q9D6X6,584d20358c12a9edc712acbbcc1be3c6ec9fcee6c54a17b83a98fbbdb90797f7,200,2026-10-09T07:30:12.847746+00:00,not_supplied_by_service,Q9D6X6,AlphaFold_DB
https://alphafold.ebi.ac.uk/api/prediction/Q9D708,8e695733f053f3e5144b2bda311ef1d81ffa64555bf56430e20459decda00f46,200,2026-10-09T07:30:12.912202+00:00,not_supplied_by_service,Q9D708,AlphaFold_DB
https://alphafold.ebi.ac.uk/api/prediction/Q9D7C9,0ecf63e794e73751e78680248cc1091b75b59e6efb722a9d5276f0450867c934,200,2026-10-09T07:30:12.835318+00:00,not_supplied_by_service,Q9D7C9,AlphaFold_DB
https://alphafold.ebi.ac.uk/api/prediction/Q9D7I5,3d41305fb2a39c8966f20beaf28919b221f4f94e6588a5d91b7b62482d57b182,200,2026-10-09T07:30:12.849794+00:00,not_supplied_by_service,Q9D7I5,AlphaFold_DB
https://alphafold.ebi.ac.uk/api/prediction/Q9D7Q1,2c2a5ffaeb7f658f030b2ed0cbd6e791bd951e6556057ddf5660420903596103,200,2026-10-09T07:30:12.928956+00:00,not_supplied_by_service,Q9D7Q1,AlphaFold_DB
https://alphafold.ebi.ac.uk/api/prediction/Q9D7U6,5d2605cf79a70994094bb02bfe38f4ef2ce528c32c954a5eda24bc83fee793d4,200,2026-10-09T07:30:12.915331+00:00,not_supplied_by_service,Q9D7U6,AlphaFold_DB
https://alphafold.ebi.ac.uk/api/prediction/Q9D819,6b95812c1e4fbda3b3d2fb00f63b3d758da5679fb8cc8dd7d477be736794bb77,200,2026-10-09T07:30:12.849643+00:00,not_supplied_by_service,Q9D819,AlphaFold_DB
https://alphafold.ebi.ac.uk/api/prediction/Q9D975,480809ed7de5e78a044bd5b43370941a1d8d4301b63d3b55e2cedc923bdc2fd1,200,2026-10-09T07:30:13.006119+00:00,not_supplied_by_service,Q9D975,AlphaFold_DB
https://alphafold.ebi.ac.uk/api/prediction/Q9DAU7,156f03b22df626e9f9075e648468cecb7a0fac68540fb0cf0392c88f85862bae,200,2026-10-09T07:30:12.942655+00:00,not_supplied_by_service,Q9DAU7,AlphaFold_DB
https://alphafold.ebi.ac.uk/api/prediction/Q9DB28,9188fc85c70658181427f9bbfc048dea4a50b32ecb42052f342852cacc5c5b68,200,2026-10-09T07:30:12.785310+00:00,not_supplied_by_service,Q9DB28,AlphaFold_DB
https://alphafold.ebi.ac.uk/api/prediction/Q9DB91,35c3f26759a9613129ffa29d56e3e549d8e1defb6f2e7d4b88843a4e0132dd87,200,2026-10-09T07:30:12.783565+00:00,not_supplied_by_service,Q9DB91,AlphaFold_DB
https://alphafold.ebi.ac.uk/api/prediction/Q9DBF1,0fc0bcd79d49944a871bb99638b1ae583221b6971908c6fc8548ac6da64cb5c7,200,2026-10-09T07:30:12.846376+00:00,not_supplied_by_service,Q9DBF1,AlphaFold_DB
https://alphafold.ebi.ac.uk/api/prediction/Q9DBG1,de06d17973c7de554f0a802ee9690e1ddbb8dd9d17437ae1586b326a23a8e486,200,2026-10-09T07:30:12.909710+00:00,not_supplied_by_service,Q9DBG1,AlphaFold_DB
https://alphafold.ebi.ac.uk/api/prediction/Q9DCC4,fb4d246f9c9df8b2c2c168b4db355a3621f197847258f00b944bc29dd39c3836,200,2026-10-09T07:30:12.992169+00:00,not_supplied_by_service,Q9DCC4,AlphaFold_DB
https://alphafold.ebi.ac.uk/api/prediction/Q9DCE5,2e04d346c590827e11f5a0958ebb3c82dcdf9da68b6bd157934715aaf60210b7,200,2026-10-09T07:30:12.850303+00:00,not_supplied_by_service,Q9DCE5,AlphaFold_DB
https://alphafold.ebi.ac.uk/api/prediction/Q9DCU2,0f22a7e4145719d3bad3325a4e7c962420dd66941574e761523ce20e597842f0,200,2026-10-09T07:30:25.136652+00:00,not_supplied_by_service,Q9DCU2,AlphaFold_DB
https://alphafold.ebi.ac.uk/api/prediction/Q9EP53,67396d6849e4efd73d12619897fc17e60233356c762d13c66f0894c7e2ab6161,200,2026-10-09T07:30:25.407964+00:00,not_supplied_by_service,Q9EP53,AlphaFold_DB
https://alphafold.ebi.ac.uk/api/prediction/Q9EP69,cec5eed04a7cfd6a757da462642cf86e8e0ac3d5581dad89d26a7e8c6b15600c,200,2026-10-09T07:30:25.405831+00:00,not_supplied_by_service,Q9EP69,AlphaFold_DB
https://alphafold.ebi.ac.uk/api/prediction/Q9EP75,3430c7ac122a934c9c32371d49acb034ad85c9fd56ef55b4430e1ddfa6dccdc8,200,2026-10-09T07:30:25.453758+00:00,not_supplied_by_service,Q9EP75,AlphaFold_DB
https://alphafold.ebi.ac.uk/api/prediction/Q9EPC5,584ef4b74fd53e75f9b01d7bfdf2a0d19444d877b31e579d565e961ad54caf08,200,2026-10-09T07:30:25.322260+00:00,not_supplied_by_service,Q9EPC5,AlphaFold_DB
https://alphafold.ebi.ac.uk/api/prediction/Q9EPW2,49efd820196ae8f2aaba5b4740515d80f813187f81bdd7be632caa9197f8cd4b,200,2026-10-09T07:30:25.066702+00:00,not_supplied_by_service,Q9EPW2,AlphaFold_DB
https://alphafold.ebi.ac.uk/api/prediction/Q9EPX5,5dab36ab874d69dd87080e67114f49639b9f586628ffde54a3d066f11b6d22bb,200,2026-10-09T07:30:25.440565+00:00,not_supplied_by_service,Q9EPX5,AlphaFold_DB
https://alphafold.ebi.ac.uk/api/prediction/Q9EQ32,65ac73f5296ad09f8767e245431969b268abc308b49681916b7ee293f8d91c21,200,2026-10-09T07:30:25.412793+00:00,not_supplied_by_service,Q9EQ32,AlphaFold_DB
https://alphafold.ebi.ac.uk/api/prediction/Q9EQC7,967587202efa0ab3be5334a5de8edcb9a2ddc2b91f6a2a41619c34526426e2dd,200,2026-10-09T07:30:25.006769+00:00,not_supplied_by_service,Q9EQC7,AlphaFold_DB
https://alphafold.ebi.ac.uk/api/prediction/Q9EQH4,d0416a1a82a952e0cfc3186f37733ce831349f65a94fdaeea018bfb8092b823d,200,2026-10-09T07:30:25.197939+00:00,not_supplied_by_service,Q9EQH4,AlphaFold_DB
https://alphafold.ebi.ac.uk/api/prediction/Q9EQQ9,4952b8d919f8c8550e4374f54d56df1b2467434e64b23d7c7dd10e8afed0ef9c,200,2026-10-09T07:30:25.195781+00:00,not_supplied_by_service,Q9EQQ9,AlphaFold_DB
https://alphafold.ebi.ac.uk/api/prediction/Q9ER71,8f1953f9c32aa9f8236715929f288c72aef653ccbd016a1c71e417215ea9d8a5,200,2026-10-09T07:30:25.070590+00:00,not_supplied_by_service,Q9ER71,AlphaFold_DB
https://alphafold.ebi.ac.uk/api/prediction/Q9ERV7,1dc5d0a3156eede6b984dabf45a942e831a9bcd90ab8533abaee2977a58c7f2b,200,2026-10-09T07:30:25.235777+00:00,not_supplied_by_service,Q9ERV7,AlphaFold_DB
https://alphafold.ebi.ac.uk/api/prediction/Q9ERY9,3482c0687e574dde47f0165ded9c6404c8698931c709c6b798b9a061be736985,200,2026-10-09T07:30:25.325189+00:00,not_supplied_by_service,Q9ERY9,AlphaFold_DB
https://alphafold.ebi.ac.uk/api/prediction/Q9ESC7,75e16a11827e6283093ef2662d27e64a86ff7cd835b6fb437e0c5c5f86458236,200,2026-10-09T07:30:25.236025+00:00,not_supplied_by_service,Q9ESC7,AlphaFold_DB
https://alphafold.ebi.ac.uk/api/prediction/Q9ESH5,6f85218c883cbf175f2356bdd2e293a6908ba3c6df84af79760f7ff30228418a,200,2026-10-09T07:30:25.317956+00:00,not_supplied_by_service,Q9ESH5,AlphaFold_DB
https://alphafold.ebi.ac.uk/api/prediction/Q9ESL4,422eb7f8a4d9600e96a6fbf97431a7278eae101951da1590079a7268c63c7b73,200,2026-10-09T07:30:36.838787+00:00,not_supplied_by_service,Q9ESL4,AlphaFold_DB
https://alphafold.ebi.ac.uk/api/prediction/Q9ET66,dc4f50532174f21a5f75d5e25d1a0521d8637302ebcfffa7d17bf618c2fd0065,200,2026-10-09T07:30:36.893716+00:00,not_supplied_by_service,Q9ET66,AlphaFold_DB
https://alphafold.ebi.ac.uk/api/prediction/Q9JHB3,2097eda4a2043f8b4765ab2c38c57d8a13155256d236c3cc009eb34b33415e9f,200,2026-10-09T07:30:36.892849+00:00,not_supplied_by_service,Q9JHB3,AlphaFold_DB
https://alphafold.ebi.ac.uk/api/prediction/Q9JHB4,8406b34f2f5c60d768756b93c28e339f6d0695eece65c0d05f471d04c2d07e67,200,2026-10-09T07:30:36.895197+00:00,not_supplied_by_service,Q9JHB4,AlphaFold_DB
https://alphafold.ebi.ac.uk/api/prediction/Q9JHF7,d69e74a3cbb35f1463d09dc2602cc45c4bf03274a2d35dbfdebefaec30ae769d,200,2026-10-09T07:30:36.899086+00:00,not_supplied_by_service,Q9JHF7,AlphaFold_DB
https://alphafold.ebi.ac.uk/api/prediction/Q9JHG6,0a814c8b44eb993c15b2dcf5c42af804e0778dc8c571c88f2985857e68b4b2c1,200,2026-10-09T07:30:36.979680+00:00,not_supplied_by_service,Q9JHG6,AlphaFold_DB
https://alphafold.ebi.ac.uk/api/prediction/Q9JHI8,65f0303d3991a3458b39f22086e90ca04d00519601785945e909ad2ee538c530,200,2026-10-09T07:30:37.067358+00:00,not_supplied_by_service,Q9JHI8,AlphaFold_DB
https://alphafold.ebi.ac.uk/api/prediction/Q9JI75,f6fc2d3b18d2ef05d6760247e88b24c51b7660029cdeb80d46938b63d7146964,200,2026-10-09T07:30:36.949311+00:00,not_supplied_by_service,Q9JI75,AlphaFold_DB
https://alphafold.ebi.ac.uk/api/prediction/Q9JIG8,439ff78f3adfbd6febc80c07402f8d784e41528ebf298bf06e42bf8e775ef594,200,2026-10-09T07:30:36.977285+00:00,not_supplied_by_service,Q9JIG8,AlphaFold_DB
https://alphafold.ebi.ac.uk/api/prediction/Q9JIT0,f1053d04c2c86d737f798c7a0819d87d712c8d486d9abf8cd630d201b36b5f46,200,2026-10-09T07:30:36.896065+00:00,not_supplied_by_service,Q9JIT0,AlphaFold_DB
https://alphafold.ebi.ac.uk/api/prediction/Q9JIZ9,a4ffe47be5b551e401d4fb392579b789b4cd50bd2d87b6c25b221f8b5da75b54,200,2026-10-09T07:30:36.967250+00:00,not_supplied_by_service,Q9JIZ9,AlphaFold_DB
https://alphafold.ebi.ac.uk/api/prediction/Q9JJ61,98b23ec77f079c78cad9e3547d3e95e4dcb14600a47a507e2ebaab6a53b66ecc,200,2026-10-09T07:30:36.886113+00:00,not_supplied_by_service,Q9JJ61,AlphaFold_DB
https://alphafold.ebi.ac.uk/api/prediction/Q9JJ66,10b64a6f492e2149d1a11425fa7290f38836173f0df655b033ab112fc1cdbe88,200,2026-10-09T07:30:36.880411+00:00,not_supplied_by_service,Q9JJ66,AlphaFold_DB
https://alphafold.ebi.ac.uk/api/prediction/Q9JK53,da6faf36dc770c00ebaa93f4fb0c7fbcbaebb2a9da4a37ba107dca7e15ccfc16,200,2026-10-09T07:30:37.077276+00:00,not_supplied_by_service,Q9JK53,AlphaFold_DB
https://alphafold.ebi.ac.uk/api/prediction/Q9JK95,7457d5adff99bfbdbd25570fdd4df97419e270c69db82307790afd308822c52e,200,2026-10-09T07:30:36.892691+00:00,not_supplied_by_service,Q9JK95,AlphaFold_DB
https://alphafold.ebi.ac.uk/api/prediction/Q9JKB1,566461b4aa678ffa2e0ade610e55181c124d00d5b3267b97e6204bf62d6b6d56,200,2026-10-09T07:30:36.948892+00:00,not_supplied_by_service,Q9JKB1,AlphaFold_DB
https://alphafold.ebi.ac.uk/api/prediction/Q9JKC6,83f489e58d33bbd94ed1d67f2e82a6a34b2f2866b25dbbaa8c600ee0fc426452,200,2026-10-09T07:30:48.987673+00:00,not_supplied_by_service,Q9JKC6,AlphaFold_DB
https://alphafold.ebi.ac.uk/api/prediction/Q9JKF4,97f139bf9133cc5d07cd1e1d1dc86f7fee705a4b8d22ba4251dc694a1651d3d5,200,2026-10-09T07:30:48.855460+00:00,not_supplied_by_service,Q9JKF4,AlphaFold_DB
https://alphafold.ebi.ac.uk/api/prediction/Q9JLC6,efd4f4f4f55c604d4eecc8fa5257c285f3f94250af6e2af3deb6a2e5279572fb,200,2026-10-09T07:30:48.990839+00:00,not_supplied_by_service,Q9JLC6,AlphaFold_DB
https://alphafold.ebi.ac.uk/api/prediction/Q9JLL0,77a5e861277c2e2d366dc4154e681deeb9e3d67b93d8e1bf13b0dc8033ce65f8,200,2026-10-09T07:30:49.067612+00:00,not_supplied_by_service,Q9JLL0,AlphaFold_DB
https://alphafold.ebi.ac.uk/api/prediction/Q9JLM8,d8e6b7123529985ca3c1b6c748b954a26e72a5efac8cdadba57d0ee7e1ee032e,200,2026-10-09T07:30:48.857289+00:00,not_supplied_by_service,Q9JLM8,AlphaFold_DB
https://alphafold.ebi.ac.uk/api/prediction/Q9JLV1,951d43d58e5783b40a4d3d710501a65390c2a683562493a37718d4b8fcea2384,200,2026-10-09T07:30:48.934230+00:00,not_supplied_by_service,Q9JLV1,AlphaFold_DB
https://alphafold.ebi.ac.uk/api/prediction/Q9JMG2,919091dbdbf9c7830ac5b98911d4ab62c749f4f130dfb031266e315bc7998622,200,2026-10-09T07:30:48.855258+00:00,not_supplied_by_service,Q9JMG2,AlphaFold_DB
https://alphafold.ebi.ac.uk/api/prediction/Q9QUG2,c7572e46be5f3edc6e332b81455d95574dca2a3905773c9c16a178d631b437e7,200,2026-10-09T07:30:49.036144+00:00,not_supplied_by_service,Q9QUG2,AlphaFold_DB
https://alphafold.ebi.ac.uk/api/prediction/Q9QUH0,624f639dc482c28f9bc79508c825902b3d32e3e958019e160529072fa50009ec,200,2026-10-09T07:30:48.880833+00:00,not_supplied_by_service,Q9QUH0,AlphaFold_DB
https://alphafold.ebi.ac.uk/api/prediction/Q9QUN3,1387141209176074fdc431f3bfca746e335e3fc17cd13b39c425d9368b0b0a24,200,2026-10-09T07:30:48.818782+00:00,not_supplied_by_service,Q9QUN3,AlphaFold_DB
https://alphafold.ebi.ac.uk/api/prediction/Q9QXE4,909cfac22f2669a5b37a09390c5705f7a87016f01b08526cf607c3183a219fb1,200,2026-10-09T07:30:48.852569+00:00,not_supplied_by_service,Q9QXE4,AlphaFold_DB
https://alphafold.ebi.ac.uk/api/prediction/Q9QXY6,c1919115d0e086baac3dc36bbb74b3916efa900006709ed4d23c1cc3b30a8bbe,200,2026-10-09T07:30:48.594737+00:00,not_supplied_by_service,Q9QXY6,AlphaFold_DB
https://alphafold.ebi.ac.uk/api/prediction/Q9QYF1,089acd86cce964f624e8074c1128d8a877576378d47c24612d455c86f0ed3c90,200,2026-10-09T07:30:49.125676+00:00,not_supplied_by_service,Q9QYF1,AlphaFold_DB
https://alphafold.ebi.ac.uk/api/prediction/Q9QYH6,3d62e338084148a98ce860c63512e45cbccb72540375c8f0504dd2c4a6960634,200,2026-10-09T07:30:48.997551+00:00,not_supplied_by_service,Q9QYH6,AlphaFold_DB
https://alphafold.ebi.ac.uk/api/prediction/Q9QZ09,a7ec21ecd8c78f71b60e004647c8451e3aa354903826bb9654cd60efa4075e58,200,2026-10-09T07:30:48.876092+00:00,not_supplied_by_service,Q9QZ09,AlphaFold_DB
https://alphafold.ebi.ac.uk/api/prediction/Q9QZZ6,77ee18f56dcd217c7e5f08a31b3f5653f0b02f83d4e63da1d424bfeb718429e6,200,2026-10-09T07:30:48.780892+00:00,not_supplied_by_service,Q9QZZ6,AlphaFold_DB
https://alphafold.ebi.ac.uk/api/prediction/Q9R008,f84ecbdc1c3f685ee099cb5d910ddfbd4049b6c72f023d0d949e1b0613a8a2ad,200,2026-10-09T07:31:00.657501+00:00,not_supplied_by_service,Q9R008,AlphaFold_DB
https://alphafold.ebi.ac.uk/api/prediction/Q9R087,5f167e8a758b0284a5cf1799aeb61c1f91a51fab7efccc8a939d7cf7ac910413,200,2026-10-09T07:31:00.562768+00:00,not_supplied_by_service,Q9R087,AlphaFold_DB
https://alphafold.ebi.ac.uk/api/prediction/Q9R0A1,3fb995baae684e6d51f3a687d3e551aa99744e40a15debd3fbef50bcb86fb7ed,200,2026-10-09T07:31:00.738634+00:00,not_supplied_by_service,Q9R0A1,AlphaFold_DB
https://alphafold.ebi.ac.uk/api/prediction/Q9R1J0,eb198d53b6ab81d1b0bd02a78018c3d965b019020dcd710404bd184adb86543c,200,2026-10-09T07:31:00.622153+00:00,not_supplied_by_service,Q9R1J0,AlphaFold_DB
https://alphafold.ebi.ac.uk/api/prediction/Q9R1Z8,9619dd2170a74e14ad2a3bcab0142d49a2f950757459cccf363fa6c265f637be,200,2026-10-09T07:31:00.403013+00:00,not_supplied_by_service,Q9R1Z8,AlphaFold_DB
https://alphafold.ebi.ac.uk/api/prediction/Q9WTJ5,a85fb241297b4f235ffe92706104efa930c2569749922e9ac22b70d51473a179,200,2026-10-09T07:31:00.654555+00:00,not_supplied_by_service,Q9WTJ5,AlphaFold_DB
https://alphafold.ebi.ac.uk/api/prediction/Q9WTP2,d970e7be2e206c1147e7736ca9b67275e762c0bfd56eb355627a700e230d04e4,200,2026-10-09T07:31:00.510791+00:00,not_supplied_by_service,Q9WTP2,AlphaFold_DB
https://alphafold.ebi.ac.uk/api/prediction/Q9WTR1,98447adf663e2d919a375bf41ff44506197d4a60e8850faa55a1ffa4c0e38dee,200,2026-10-09T07:31:00.554459+00:00,not_supplied_by_service,Q9WTR1,AlphaFold_DB
https://alphafold.ebi.ac.uk/api/prediction/Q9WU79,28009bee10df0d5f64293740e4321091a5465c63075089e98cd1fe327207b743,200,2026-10-09T07:31:00.731940+00:00,not_supplied_by_service,Q9WU79,AlphaFold_DB
https://alphafold.ebi.ac.uk/api/prediction/Q9WUP0,8148e82d51bde4c1c17d664211dfa9d445188abc69770bcea8ae081e4aa3edfa,200,2026-10-09T07:31:00.403159+00:00,not_supplied_by_service,Q9WUP0,AlphaFold_DB
https://alphafold.ebi.ac.uk/api/prediction/Q9WUR9,1948cd1167821aa7f93363848ec927472c57809aeb805aa964fa515b5cc2e806,200,2026-10-09T07:31:00.556300+00:00,not_supplied_by_service,Q9WUR9,AlphaFold_DB
https://alphafold.ebi.ac.uk/api/prediction/Q9WUZ7,3c9624e2e7b710d1bd59cf02d4843eb99a6fc90aba67e0c7c76e9036bb42a38e,200,2026-10-09T07:31:00.713557+00:00,not_supplied_by_service,Q9WUZ7,AlphaFold_DB
https://alphafold.ebi.ac.uk/api/prediction/Q9WUZ9,f5bffbae683e37d1341c96ea3aef56937607f7f9beec13a6575afb4b23f80347,200,2026-10-09T07:31:00.689946+00:00,not_supplied_by_service,Q9WUZ9,AlphaFold_DB
https://alphafold.ebi.ac.uk/api/prediction/Q9WV32,0b44343034385a5ae90d4087f4a437c563665f4963aa2ca70f83ebfe56bef964,200,2026-10-09T07:31:00.515642+00:00,not_supplied_by_service,Q9WV32,AlphaFold_DB
https://alphafold.ebi.ac.uk/api/prediction/Q9WV66,94d4edc4b3a4390c978ec18a5548f62d3d82db74c95e70a46a94affce14995e9,200,2026-10-09T07:31:00.618584+00:00,not_supplied_by_service,Q9WV66,AlphaFold_DB
https://alphafold.ebi.ac.uk/api/prediction/Q9WV71,47f6b2e13163fa9282b5fa8a775bfa43b8a5d5402ea765dc1f0406daf9eeb609,200,2026-10-09T07:31:00.427722+00:00,not_supplied_by_service,Q9WV71,AlphaFold_DB
https://alphafold.ebi.ac.uk/api/prediction/Q9WV95,037673953d3a1603bcf51079aa4bde8d874ebf64c0c36be49c6b2a64122b5fe2,200,2026-10-09T07:31:12.540686+00:00,not_supplied_by_service,Q9WV95,AlphaFold_DB
https://alphafold.ebi.ac.uk/api/prediction/Q9WVC5,01749c27879e8156bf6f4a1f69b5aa71c1d4044332e8ec76592ac23e5c3b04bc,200,2026-10-09T07:31:12.405812+00:00,not_supplied_by_service,Q9WVC5,AlphaFold_DB
https://alphafold.ebi.ac.uk/api/prediction/Q9WVC6,4ade174cba52cd5855e4b42b9f79c0fbd04e5877e32338612dd40f27da7afbe6,200,2026-10-09T07:31:12.510338+00:00,not_supplied_by_service,Q9WVC6,AlphaFold_DB
https://alphafold.ebi.ac.uk/api/prediction/Q9WVF7,05b0ae414e9896dd2c74dda0cda5a9453f2f83a95f566f0711b3e86853fd8b16,200,2026-10-09T07:31:12.582681+00:00,not_supplied_by_service,Q9WVF7,AlphaFold_DB
https://alphafold.ebi.ac.uk/api/prediction/Q9WVG7,4d262f74d58e76a80713e69fb7a30e1b9ac957c0a072fea2d3813e4cb2d37f98,200,2026-10-09T07:31:12.451100+00:00,not_supplied_by_service,Q9WVG7,AlphaFold_DB
https://alphafold.ebi.ac.uk/api/prediction/Q9WVL3,5a2dc3d4d1012cce6e3c914e3f2c3ee4a67c55ba527d253ace8192491f3f37d2,200,2026-10-09T07:31:12.490821+00:00,not_supplied_by_service,Q9WVL3,AlphaFold_DB
https://alphafold.ebi.ac.uk/api/prediction/Q9Z0D9,64486ff067cdf47a331d774d5d419c785a2efc85786a3e136d9a97e85638c831,200,2026-10-09T07:31:12.408892+00:00,not_supplied_by_service,Q9Z0D9,AlphaFold_DB
https://alphafold.ebi.ac.uk/api/prediction/Q9Z0H4,5d7ad1bdeaf780f96c37cc9a2daaa84acc2891b5ab2421bd1fdb0c61d8f57e5e,200,2026-10-09T07:31:12.479631+00:00,not_supplied_by_service,Q9Z0H4,AlphaFold_DB
https://alphafold.ebi.ac.uk/api/prediction/Q9Z0M5,34d5d7bb1f2f3b56f08e398e888b266dc9942c00d4a4d49e548d297bc37ba9cf,200,2026-10-09T07:31:12.489651+00:00,not_supplied_by_service,Q9Z0M5,AlphaFold_DB
https://alphafold.ebi.ac.uk/api/prediction/Q9Z0U1,d3a94b630935f87ceca97ef75ce5afee1c2d3a625a9997c18c8feedc20f853cc,200,2026-10-09T07:31:12.446615+00:00,not_supplied_by_service,Q9Z0U1,AlphaFold_DB
https://alphafold.ebi.ac.uk/api/prediction/Q9Z126,09309a7ae4b9eed352e03ca371ff297863c3e48f26497efb164d2b1bfce0ef1f,200,2026-10-09T07:31:12.509744+00:00,not_supplied_by_service,Q9Z126,AlphaFold_DB
https://alphafold.ebi.ac.uk/api/prediction/Q9Z139,29940cc03ba1ef88d96fdd93ba902f77f050891785e4ada41e419508c5a16c89,200,2026-10-09T07:31:12.450008+00:00,not_supplied_by_service,Q9Z139,AlphaFold_DB
https://alphafold.ebi.ac.uk/api/prediction/Q9Z180,1ba31977b1fe7419343771f5a0310c3a772a005a2bd3456a2bbdacd9a3bade9b,200,2026-10-09T07:31:12.456688+00:00,not_supplied_by_service,Q9Z180,AlphaFold_DB
https://alphafold.ebi.ac.uk/api/prediction/Q9Z1E4,da6d66006b7e48846001ab490da9b92ced064fff2bb5d9ccea2c4453a21f66e2,200,2026-10-09T07:31:12.639775+00:00,not_supplied_by_service,Q9Z1E4,AlphaFold_DB
https://alphafold.ebi.ac.uk/api/prediction/Q9Z1F6,5704805d9f145b1c004b38ba42a0b0a3cc6c4c4f6a81050256b3c7da09de958f,200,2026-10-09T07:31:12.552732+00:00,not_supplied_by_service,Q9Z1F6,AlphaFold_DB
https://alphafold.ebi.ac.uk/api/prediction/Q9Z1P5,3f62f3bf3d384a300ea98427d55b3a296c6adf7492fe40feab77eb1c584d8bc6,200,2026-10-09T07:31:12.588964+00:00,not_supplied_by_service,Q9Z1P5,AlphaFold_DB
https://alphafold.ebi.ac.uk/api/prediction/Q9Z1S0,f03bcfc46be9b52a682e8b1fa22e00218e1ebf2f85b6bb985394fd901a5b73ee,200,2026-10-09T07:31:23.831360+00:00,not_supplied_by_service,Q9Z1S0,AlphaFold_DB
https://alphafold.ebi.ac.uk/api/prediction/Q9Z1T2,301e240ff58fd157f6c657d532b8961bba21d2089d2132499ae471d88014f617,200,2026-10-09T07:31:23.849578+00:00,not_supplied_by_service,Q9Z1T2,AlphaFold_DB
https://alphafold.ebi.ac.uk/api/prediction/Q9Z1W4,a44c64c2428d138afafc6f5f2bb96e39dd61a043f9d372c3fa777d22a1693c23,200,2026-10-09T07:31:23.922322+00:00,not_supplied_by_service,Q9Z1W4,AlphaFold_DB
https://alphafold.ebi.ac.uk/api/prediction/Q9Z275,1400ebf0296499f2865b01569f5a5ae963c9871b43e7eb6a14d7707ba8c2b053,200,2026-10-09T07:31:23.874573+00:00,not_supplied_by_service,Q9Z275,AlphaFold_DB
https://alphafold.ebi.ac.uk/api/prediction/Q9Z2A9,1b387fe34ee6f1757c3c8c6537a5700318ccc25dd875fd6dd8ad365744a1fc6f,200,2026-10-09T07:31:24.001229+00:00,not_supplied_by_service,Q9Z2A9,AlphaFold_DB
https://alphafold.ebi.ac.uk/api/prediction/Q9Z2F6,a7c4124c309ade8bb365fb24c5ed537211f2d3a7a8e1a18a03b9e95e79e9c9bb,200,2026-10-09T07:31:23.769282+00:00,not_supplied_by_service,Q9Z2F6,AlphaFold_DB
https://alphafold.ebi.ac.uk/api/prediction/Q9Z2U1,20cb66a8fac0579c28c3bd910c99db3fb4a40f4335b3342d3e0b19e9d226f0ad,200,2026-10-09T07:31:23.920420+00:00,not_supplied_by_service,Q9Z2U1,AlphaFold_DB
https://alphafold.ebi.ac.uk/api/prediction/Q9Z2U2,296fb9ad862105a37b8c02767498c46bc3f70fe82bd1294301b065c3f4b333e6,200,2026-10-09T07:31:24.003159+00:00,not_supplied_by_service,Q9Z2U2,AlphaFold_DB
https://alphafold.ebi.ac.uk/api/prediction/T1NXB5,547239232734f072b313e63b8945f8042268b1aa70666abefdfb675efbf57158,200,2026-10-09T07:31:24.029763+00:00,not_supplied_by_service,T1NXB5,AlphaFold_DB
https://www.ebi.ac.uk/pdbe/api/mappings/best_structures/A0A087WRH0,bfcfc5f99948c8bb91701ed43b6343e0ff35b747de68db58971d8af560dfae33,404,2026-10-09T07:18:41.981668+00:00,not_supplied_by_service,A0A087WRH0,PDBe_SIFTS
https://www.ebi.ac.uk/pdbe/api/mappings/best_structures/A0A087WRT7,bfcfc5f99948c8bb91701ed43b6343e0ff35b747de68db58971d8af560dfae33,404,2026-10-09T07:18:42.058707+00:00,not_supplied_by_service,A0A087WRT7,PDBe_SIFTS
https://www.ebi.ac.uk/pdbe/api/mappings/best_structures/A0A0A0MQ82,bfcfc5f99948c8bb91701ed43b6343e0ff35b747de68db58971d8af560dfae33,404,2026-10-09T07:18:42.196837+00:00,not_supplied_by_service,A0A0A0MQ82,PDBe_SIFTS
https://www.ebi.ac.uk/pdbe/api/mappings/best_structures/A0A0G2JDS2,bfcfc5f99948c8bb91701ed43b6343e0ff35b747de68db58971d8af560dfae33,404,2026-10-09T07:18:53.584595+00:00,not_supplied_by_service,A0A0G2JDS2,PDBe_SIFTS
https://www.ebi.ac.uk/pdbe/api/mappings/best_structures/A0A0R4J086,bfcfc5f99948c8bb91701ed43b6343e0ff35b747de68db58971d8af560dfae33,404,2026-10-09T07:18:53.568701+00:00,not_supplied_by_service,A0A0R4J086,PDBe_SIFTS
https://www.ebi.ac.uk/pdbe/api/mappings/best_structures/A0A0R4J0H9,bfcfc5f99948c8bb91701ed43b6343e0ff35b747de68db58971d8af560dfae33,404,2026-10-09T07:18:53.718650+00:00,not_supplied_by_service,A0A0R4J0H9,PDBe_SIFTS
https://www.ebi.ac.uk/pdbe/api/mappings/best_structures/A0A0R4J0Y2,bfcfc5f99948c8bb91701ed43b6343e0ff35b747de68db58971d8af560dfae33,404,2026-10-09T07:19:04.179644+00:00,not_supplied_by_service,A0A0R4J0Y2,PDBe_SIFTS
https://www.ebi.ac.uk/pdbe/api/mappings/best_structures/A0A0R4J1Z0,bfcfc5f99948c8bb91701ed43b6343e0ff35b747de68db58971d8af560dfae33,404,2026-10-09T07:19:04.320946+00:00,not_supplied_by_service,A0A0R4J1Z0,PDBe_SIFTS
https://www.ebi.ac.uk/pdbe/api/mappings/best_structures/A0A140T8U8,bfcfc5f99948c8bb91701ed43b6343e0ff35b747de68db58971d8af560dfae33,404,2026-10-09T07:19:04.301388+00:00,not_supplied_by_service,A0A140T8U8,PDBe_SIFTS
https://www.ebi.ac.uk/pdbe/api/mappings/best_structures/A0A1B0GQY9,bfcfc5f99948c8bb91701ed43b6343e0ff35b747de68db58971d8af560dfae33,404,2026-10-09T07:19:15.057370+00:00,not_supplied_by_service,A0A1B0GQY9,PDBe_SIFTS
https://www.ebi.ac.uk/pdbe/api/mappings/best_structures/A0A1B0GST9,bfcfc5f99948c8bb91701ed43b6343e0ff35b747de68db58971d8af560dfae33,404,2026-10-09T07:19:15.035716+00:00,not_supplied_by_service,A0A1B0GST9,PDBe_SIFTS
https://www.ebi.ac.uk/pdbe/api/mappings/best_structures/A0A1B0GSZ0,bfcfc5f99948c8bb91701ed43b6343e0ff35b747de68db58971d8af560dfae33,404,2026-10-09T07:19:15.003761+00:00,not_supplied_by_service,A0A1B0GSZ0,PDBe_SIFTS
https://www.ebi.ac.uk/pdbe/api/mappings/best_structures/A0A1D5RLX6,bfcfc5f99948c8bb91701ed43b6343e0ff35b747de68db58971d8af560dfae33,404,2026-10-09T07:19:27.029536+00:00,not_supplied_by_service,A0A1D5RLX6,PDBe_SIFTS
https://www.ebi.ac.uk/pdbe/api/mappings/best_structures/A0A1W2P7H6,bfcfc5f99948c8bb91701ed43b6343e0ff35b747de68db58971d8af560dfae33,404,2026-10-09T07:19:26.935346+00:00,not_supplied_by_service,A0A1W2P7H6,PDBe_SIFTS
https://www.ebi.ac.uk/pdbe/api/mappings/best_structures/A0ACM8Q264,bfcfc5f99948c8bb91701ed43b6343e0ff35b747de68db58971d8af560dfae33,404,2026-10-09T07:19:26.954616+00:00,not_supplied_by_service,A0ACM8Q264,PDBe_SIFTS
https://www.ebi.ac.uk/pdbe/api/mappings/best_structures/A2A6T1,bfcfc5f99948c8bb91701ed43b6343e0ff35b747de68db58971d8af560dfae33,404,2026-10-09T07:19:37.611776+00:00,not_supplied_by_service,A2A6T1,PDBe_SIFTS
https://www.ebi.ac.uk/pdbe/api/mappings/best_structures/A2A716,bfcfc5f99948c8bb91701ed43b6343e0ff35b747de68db58971d8af560dfae33,404,2026-10-09T07:19:37.459864+00:00,not_supplied_by_service,A2A716,PDBe_SIFTS
https://www.ebi.ac.uk/pdbe/api/mappings/best_structures/A2A7F4,bfcfc5f99948c8bb91701ed43b6343e0ff35b747de68db58971d8af560dfae33,404,2026-10-09T07:19:37.685344+00:00,not_supplied_by_service,A2A7F4,PDBe_SIFTS
https://www.ebi.ac.uk/pdbe/api/mappings/best_structures/A2A863,bfcfc5f99948c8bb91701ed43b6343e0ff35b747de68db58971d8af560dfae33,404,2026-10-09T07:19:49.537685+00:00,not_supplied_by_service,A2A863,PDBe_SIFTS
https://www.ebi.ac.uk/pdbe/api/mappings/best_structures/A2AAY5,bfcfc5f99948c8bb91701ed43b6343e0ff35b747de68db58971d8af560dfae33,404,2026-10-09T07:19:49.518295+00:00,not_supplied_by_service,A2AAY5,PDBe_SIFTS
https://www.ebi.ac.uk/pdbe/api/mappings/best_structures/A2AHD1,bfcfc5f99948c8bb91701ed43b6343e0ff35b747de68db58971d8af560dfae33,404,2026-10-09T07:19:49.344313+00:00,not_supplied_by_service,A2AHD1,PDBe_SIFTS
https://www.ebi.ac.uk/pdbe/api/mappings/best_structures/A2AIG8,bfcfc5f99948c8bb91701ed43b6343e0ff35b747de68db58971d8af560dfae33,404,2026-10-09T07:20:00.785815+00:00,not_supplied_by_service,A2AIG8,PDBe_SIFTS
https://www.ebi.ac.uk/pdbe/api/mappings/best_structures/A2AJ88,bfcfc5f99948c8bb91701ed43b6343e0ff35b747de68db58971d8af560dfae33,404,2026-10-09T07:20:00.897190+00:00,not_supplied_by_service,A2AJ88,PDBe_SIFTS
https://www.ebi.ac.uk/pdbe/api/mappings/best_structures/A2AJT4,bfcfc5f99948c8bb91701ed43b6343e0ff35b747de68db58971d8af560dfae33,404,2026-10-09T07:20:00.983333+00:00,not_supplied_by_service,A2AJT4,PDBe_SIFTS
https://www.ebi.ac.uk/pdbe/api/mappings/best_structures/A2AM80,bfcfc5f99948c8bb91701ed43b6343e0ff35b747de68db58971d8af560dfae33,404,2026-10-09T07:20:12.393871+00:00,not_supplied_by_service,A2AM80,PDBe_SIFTS
https://www.ebi.ac.uk/pdbe/api/mappings/best_structures/A2AS55,bfcfc5f99948c8bb91701ed43b6343e0ff35b747de68db58971d8af560dfae33,404,2026-10-09T07:20:12.401034+00:00,not_supplied_by_service,A2AS55,PDBe_SIFTS
https://www.ebi.ac.uk/pdbe/api/mappings/best_structures/A2AVA0,bfcfc5f99948c8bb91701ed43b6343e0ff35b747de68db58971d8af560dfae33,404,2026-10-09T07:20:12.329584+00:00,not_supplied_by_service,A2AVA0,PDBe_SIFTS
https://www.ebi.ac.uk/pdbe/api/mappings/best_structures/A2AW67,bfcfc5f99948c8bb91701ed43b6343e0ff35b747de68db58971d8af560dfae33,404,2026-10-09T07:20:23.109230+00:00,not_supplied_by_service,A2AW67,PDBe_SIFTS
https://www.ebi.ac.uk/pdbe/api/mappings/best_structures/A2BDX4,bfcfc5f99948c8bb91701ed43b6343e0ff35b747de68db58971d8af560dfae33,404,2026-10-09T07:20:23.057891+00:00,not_supplied_by_service,A2BDX4,PDBe_SIFTS
https://www.ebi.ac.uk/pdbe/api/mappings/best_structures/A2BI40,bfcfc5f99948c8bb91701ed43b6343e0ff35b747de68db58971d8af560dfae33,404,2026-10-09T07:20:23.125082+00:00,not_supplied_by_service,A2BI40,PDBe_SIFTS
https://www.ebi.ac.uk/pdbe/api/mappings/best_structures/A2CI98,bfcfc5f99948c8bb91701ed43b6343e0ff35b747de68db58971d8af560dfae33,404,2026-10-09T07:20:33.726197+00:00,not_supplied_by_service,A2CI98,PDBe_SIFTS
https://www.ebi.ac.uk/pdbe/api/mappings/best_structures/A2RSY1,bfcfc5f99948c8bb91701ed43b6343e0ff35b747de68db58971d8af560dfae33,404,2026-10-09T07:20:33.922911+00:00,not_supplied_by_service,A2RSY1,PDBe_SIFTS
https://www.ebi.ac.uk/pdbe/api/mappings/best_structures/B1ARV3,bfcfc5f99948c8bb91701ed43b6343e0ff35b747de68db58971d8af560dfae33,404,2026-10-09T07:20:33.940892+00:00,not_supplied_by_service,B1ARV3,PDBe_SIFTS
https://www.ebi.ac.uk/pdbe/api/mappings/best_structures/B1AT66,bfcfc5f99948c8bb91701ed43b6343e0ff35b747de68db58971d8af560dfae33,404,2026-10-09T07:20:44.423837+00:00,not_supplied_by_service,B1AT66,PDBe_SIFTS
https://www.ebi.ac.uk/pdbe/api/mappings/best_structures/B1AUH1,bfcfc5f99948c8bb91701ed43b6343e0ff35b747de68db58971d8af560dfae33,404,2026-10-09T07:20:44.454271+00:00,not_supplied_by_service,B1AUH1,PDBe_SIFTS
https://www.ebi.ac.uk/pdbe/api/mappings/best_structures/B1AX39,bfcfc5f99948c8bb91701ed43b6343e0ff35b747de68db58971d8af560dfae33,404,2026-10-09T07:20:44.467270+00:00,not_supplied_by_service,B1AX39,PDBe_SIFTS
https://www.ebi.ac.uk/pdbe/api/mappings/best_structures/B1AXH1,bfcfc5f99948c8bb91701ed43b6343e0ff35b747de68db58971d8af560dfae33,404,2026-10-09T07:20:55.065073+00:00,not_supplied_by_service,B1AXH1,PDBe_SIFTS
https://www.ebi.ac.uk/pdbe/api/mappings/best_structures/B2RUR8,bfcfc5f99948c8bb91701ed43b6343e0ff35b747de68db58971d8af560dfae33,404,2026-10-09T07:20:55.080219+00:00,not_supplied_by_service,B2RUR8,PDBe_SIFTS
https://www.ebi.ac.uk/pdbe/api/mappings/best_structures/D2J0Y4,bfcfc5f99948c8bb91701ed43b6343e0ff35b747de68db58971d8af560dfae33,404,2026-10-09T07:20:55.169807+00:00,not_supplied_by_service,D2J0Y4,PDBe_SIFTS
https://www.ebi.ac.uk/pdbe/api/mappings/best_structures/D3YVV3,bfcfc5f99948c8bb91701ed43b6343e0ff35b747de68db58971d8af560dfae33,404,2026-10-09T07:21:05.695304+00:00,not_supplied_by_service,D3YVV3,PDBe_SIFTS
https://www.ebi.ac.uk/pdbe/api/mappings/best_structures/D3YWE6,bfcfc5f99948c8bb91701ed43b6343e0ff35b747de68db58971d8af560dfae33,404,2026-10-09T07:21:05.798750+00:00,not_supplied_by_service,D3YWE6,PDBe_SIFTS
https://www.ebi.ac.uk/pdbe/api/mappings/best_structures/D3YX43,bfcfc5f99948c8bb91701ed43b6343e0ff35b747de68db58971d8af560dfae33,404,2026-10-09T07:21:05.894105+00:00,not_supplied_by_service,D3YX43,PDBe_SIFTS
https://www.ebi.ac.uk/pdbe/api/mappings/best_structures/D3YZF7,bfcfc5f99948c8bb91701ed43b6343e0ff35b747de68db58971d8af560dfae33,404,2026-10-09T07:21:16.075006+00:00,not_supplied_by_service,D3YZF7,PDBe_SIFTS
https://www.ebi.ac.uk/pdbe/api/mappings/best_structures/D3Z5W0,bfcfc5f99948c8bb91701ed43b6343e0ff35b747de68db58971d8af560dfae33,404,2026-10-09T07:21:16.165705+00:00,not_supplied_by_service,D3Z5W0,PDBe_SIFTS
https://www.ebi.ac.uk/pdbe/api/mappings/best_structures/D3Z7A9,bfcfc5f99948c8bb91701ed43b6343e0ff35b747de68db58971d8af560dfae33,404,2026-10-09T07:21:16.043848+00:00,not_supplied_by_service,D3Z7A9,PDBe_SIFTS
https://www.ebi.ac.uk/pdbe/api/mappings/best_structures/E9PX79,bfcfc5f99948c8bb91701ed43b6343e0ff35b747de68db58971d8af560dfae33,404,2026-10-09T07:21:27.580354+00:00,not_supplied_by_service,E9PX79,PDBe_SIFTS
https://www.ebi.ac.uk/pdbe/api/mappings/best_structures/E9Q079,bfcfc5f99948c8bb91701ed43b6343e0ff35b747de68db58971d8af560dfae33,404,2026-10-09T07:21:27.771471+00:00,not_supplied_by_service,E9Q079,PDBe_SIFTS
https://www.ebi.ac.uk/pdbe/api/mappings/best_structures/E9Q1P8,bfcfc5f99948c8bb91701ed43b6343e0ff35b747de68db58971d8af560dfae33,404,2026-10-09T07:21:27.771578+00:00,not_supplied_by_service,E9Q1P8,PDBe_SIFTS
https://www.ebi.ac.uk/pdbe/api/mappings/best_structures/E9Q238,b9bfc860a5818ba3fbbd10b241f2449b5455dac48357fd1fb740fe0e03e34975,200,2026-10-09T07:21:38.442248+00:00,not_supplied_by_service,E9Q238,PDBe_SIFTS
https://www.ebi.ac.uk/pdbe/api/mappings/best_structures/E9Q2T4,bfcfc5f99948c8bb91701ed43b6343e0ff35b747de68db58971d8af560dfae33,404,2026-10-09T07:21:38.609044+00:00,not_supplied_by_service,E9Q2T4,PDBe_SIFTS
https://www.ebi.ac.uk/pdbe/api/mappings/best_structures/E9Q4M0,bfcfc5f99948c8bb91701ed43b6343e0ff35b747de68db58971d8af560dfae33,404,2026-10-09T07:21:38.483746+00:00,not_supplied_by_service,E9Q4M0,PDBe_SIFTS
https://www.ebi.ac.uk/pdbe/api/mappings/best_structures/E9Q5N9,bfcfc5f99948c8bb91701ed43b6343e0ff35b747de68db58971d8af560dfae33,404,2026-10-09T07:21:48.933560+00:00,not_supplied_by_service,E9Q5N9,PDBe_SIFTS
https://www.ebi.ac.uk/pdbe/api/mappings/best_structures/E9Q616,bfcfc5f99948c8bb91701ed43b6343e0ff35b747de68db58971d8af560dfae33,404,2026-10-09T07:21:49.043825+00:00,not_supplied_by_service,E9Q616,PDBe_SIFTS
https://www.ebi.ac.uk/pdbe/api/mappings/best_structures/E9Q8I7,bfcfc5f99948c8bb91701ed43b6343e0ff35b747de68db58971d8af560dfae33,404,2026-10-09T07:21:48.941778+00:00,not_supplied_by_service,E9Q8I7,PDBe_SIFTS
https://www.ebi.ac.uk/pdbe/api/mappings/best_structures/E9QL24,bfcfc5f99948c8bb91701ed43b6343e0ff35b747de68db58971d8af560dfae33,404,2026-10-09T07:21:59.812221+00:00,not_supplied_by_service,E9QL24,PDBe_SIFTS
https://www.ebi.ac.uk/pdbe/api/mappings/best_structures/E9QNZ9,bfcfc5f99948c8bb91701ed43b6343e0ff35b747de68db58971d8af560dfae33,404,2026-10-09T07:21:59.711151+00:00,not_supplied_by_service,E9QNZ9,PDBe_SIFTS
https://www.ebi.ac.uk/pdbe/api/mappings/best_structures/F6Q528,bfcfc5f99948c8bb91701ed43b6343e0ff35b747de68db58971d8af560dfae33,404,2026-10-09T07:21:59.729257+00:00,not_supplied_by_service,F6Q528,PDBe_SIFTS
https://www.ebi.ac.uk/pdbe/api/mappings/best_structures/F6QBI9,bfcfc5f99948c8bb91701ed43b6343e0ff35b747de68db58971d8af560dfae33,404,2026-10-09T07:22:12.861392+00:00,not_supplied_by_service,F6QBI9,PDBe_SIFTS
https://www.ebi.ac.uk/pdbe/api/mappings/best_structures/F6RKY9,bfcfc5f99948c8bb91701ed43b6343e0ff35b747de68db58971d8af560dfae33,404,2026-10-09T07:22:12.935304+00:00,not_supplied_by_service,F6RKY9,PDBe_SIFTS
https://www.ebi.ac.uk/pdbe/api/mappings/best_structures/F6UQ86,bfcfc5f99948c8bb91701ed43b6343e0ff35b747de68db58971d8af560dfae33,404,2026-10-09T07:22:12.980022+00:00,not_supplied_by_service,F6UQ86,PDBe_SIFTS
https://www.ebi.ac.uk/pdbe/api/mappings/best_structures/F6V7N2,bfcfc5f99948c8bb91701ed43b6343e0ff35b747de68db58971d8af560dfae33,404,2026-10-09T07:22:23.434263+00:00,not_supplied_by_service,F6V7N2,PDBe_SIFTS
https://www.ebi.ac.uk/pdbe/api/mappings/best_structures/F6VBL2,bfcfc5f99948c8bb91701ed43b6343e0ff35b747de68db58971d8af560dfae33,404,2026-10-09T07:22:23.454657+00:00,not_supplied_by_service,F6VBL2,PDBe_SIFTS
https://www.ebi.ac.uk/pdbe/api/mappings/best_structures/F6VF06,bfcfc5f99948c8bb91701ed43b6343e0ff35b747de68db58971d8af560dfae33,404,2026-10-09T07:22:23.575914+00:00,not_supplied_by_service,F6VF06,PDBe_SIFTS
https://www.ebi.ac.uk/pdbe/api/mappings/best_structures/F6XT39,bfcfc5f99948c8bb91701ed43b6343e0ff35b747de68db58971d8af560dfae33,404,2026-10-09T07:22:36.353512+00:00,not_supplied_by_service,F6XT39,PDBe_SIFTS
https://www.ebi.ac.uk/pdbe/api/mappings/best_structures/F6Y4Q7,bfcfc5f99948c8bb91701ed43b6343e0ff35b747de68db58971d8af560dfae33,404,2026-10-09T07:22:36.362645+00:00,not_supplied_by_service,F6Y4Q7,PDBe_SIFTS
https://www.ebi.ac.uk/pdbe/api/mappings/best_structures/F6Z929,bfcfc5f99948c8bb91701ed43b6343e0ff35b747de68db58971d8af560dfae33,404,2026-10-09T07:22:36.393977+00:00,not_supplied_by_service,F6Z929,PDBe_SIFTS
https://www.ebi.ac.uk/pdbe/api/mappings/best_structures/F6ZBH5,bfcfc5f99948c8bb91701ed43b6343e0ff35b747de68db58971d8af560dfae33,404,2026-10-09T07:22:36.357006+00:00,not_supplied_by_service,F6ZBH5,PDBe_SIFTS
https://www.ebi.ac.uk/pdbe/api/mappings/best_structures/F7APZ6,bfcfc5f99948c8bb91701ed43b6343e0ff35b747de68db58971d8af560dfae33,404,2026-10-09T07:22:36.415990+00:00,not_supplied_by_service,F7APZ6,PDBe_SIFTS
https://www.ebi.ac.uk/pdbe/api/mappings/best_structures/F7AZR3,bfcfc5f99948c8bb91701ed43b6343e0ff35b747de68db58971d8af560dfae33,404,2026-10-09T07:22:36.435180+00:00,not_supplied_by_service,F7AZR3,PDBe_SIFTS
https://www.ebi.ac.uk/pdbe/api/mappings/best_structures/F7B5R5,bfcfc5f99948c8bb91701ed43b6343e0ff35b747de68db58971d8af560dfae33,404,2026-10-09T07:22:36.376034+00:00,not_supplied_by_service,F7B5R5,PDBe_SIFTS
https://www.ebi.ac.uk/pdbe/api/mappings/best_structures/F7BSI7,bfcfc5f99948c8bb91701ed43b6343e0ff35b747de68db58971d8af560dfae33,404,2026-10-09T07:22:36.389397+00:00,not_supplied_by_service,F7BSI7,PDBe_SIFTS
https://www.ebi.ac.uk/pdbe/api/mappings/best_structures/F7C8H2,bfcfc5f99948c8bb91701ed43b6343e0ff35b747de68db58971d8af560dfae33,404,2026-10-09T07:22:36.443959+00:00,not_supplied_by_service,F7C8H2,PDBe_SIFTS
https://www.ebi.ac.uk/pdbe/api/mappings/best_structures/F7CE23,bfcfc5f99948c8bb91701ed43b6343e0ff35b747de68db58971d8af560dfae33,404,2026-10-09T07:22:36.409222+00:00,not_supplied_by_service,F7CE23,PDBe_SIFTS
https://www.ebi.ac.uk/pdbe/api/mappings/best_structures/F7D735,bfcfc5f99948c8bb91701ed43b6343e0ff35b747de68db58971d8af560dfae33,404,2026-10-09T07:22:36.402295+00:00,not_supplied_by_service,F7D735,PDBe_SIFTS
https://www.ebi.ac.uk/pdbe/api/mappings/best_structures/F7DDL9,bfcfc5f99948c8bb91701ed43b6343e0ff35b747de68db58971d8af560dfae33,404,2026-10-09T07:22:36.353572+00:00,not_supplied_by_service,F7DDL9,PDBe_SIFTS
https://www.ebi.ac.uk/pdbe/api/mappings/best_structures/F8VPX2,bfcfc5f99948c8bb91701ed43b6343e0ff35b747de68db58971d8af560dfae33,404,2026-10-09T07:22:36.386940+00:00,not_supplied_by_service,F8VPX2,PDBe_SIFTS
https://www.ebi.ac.uk/pdbe/api/mappings/best_structures/F8WHI1,bfcfc5f99948c8bb91701ed43b6343e0ff35b747de68db58971d8af560dfae33,404,2026-10-09T07:22:36.216308+00:00,not_supplied_by_service,F8WHI1,PDBe_SIFTS
https://www.ebi.ac.uk/pdbe/api/mappings/best_structures/G3X924,bfcfc5f99948c8bb91701ed43b6343e0ff35b747de68db58971d8af560dfae33,404,2026-10-09T07:22:36.430871+00:00,not_supplied_by_service,G3X924,PDBe_SIFTS
https://www.ebi.ac.uk/pdbe/api/mappings/best_structures/G3X9M9,bfcfc5f99948c8bb91701ed43b6343e0ff35b747de68db58971d8af560dfae33,404,2026-10-09T07:22:36.502088+00:00,not_supplied_by_service,G3X9M9,PDBe_SIFTS
https://www.ebi.ac.uk/pdbe/api/mappings/best_structures/G3XA59,37c7cd663aa768b98c3f434b6c075b97acf6171a7dea89b0a79811f0afa3e67e,200,2026-10-09T07:22:47.599138+00:00,not_supplied_by_service,G3XA59,PDBe_SIFTS
https://www.ebi.ac.uk/pdbe/api/mappings/best_structures/G5E898,bfcfc5f99948c8bb91701ed43b6343e0ff35b747de68db58971d8af560dfae33,404,2026-10-09T07:22:47.600989+00:00,not_supplied_by_service,G5E898,PDBe_SIFTS
https://www.ebi.ac.uk/pdbe/api/mappings/best_structures/J3QNP2,bfcfc5f99948c8bb91701ed43b6343e0ff35b747de68db58971d8af560dfae33,404,2026-10-09T07:22:47.599391+00:00,not_supplied_by_service,J3QNP2,PDBe_SIFTS
https://www.ebi.ac.uk/pdbe/api/mappings/best_structures/O08550,bfcfc5f99948c8bb91701ed43b6343e0ff35b747de68db58971d8af560dfae33,404,2026-10-09T07:22:48.161849+00:00,not_supplied_by_service,O08550,PDBe_SIFTS
https://www.ebi.ac.uk/pdbe/api/mappings/best_structures/O08575,bfcfc5f99948c8bb91701ed43b6343e0ff35b747de68db58971d8af560dfae33,404,2026-10-09T07:22:47.464629+00:00,not_supplied_by_service,O08575,PDBe_SIFTS
https://www.ebi.ac.uk/pdbe/api/mappings/best_structures/O08691,bfcfc5f99948c8bb91701ed43b6343e0ff35b747de68db58971d8af560dfae33,404,2026-10-09T07:22:48.056584+00:00,not_supplied_by_service,O08691,PDBe_SIFTS
https://www.ebi.ac.uk/pdbe/api/mappings/best_structures/O08707,bfcfc5f99948c8bb91701ed43b6343e0ff35b747de68db58971d8af560dfae33,404,2026-10-09T07:22:48.041914+00:00,not_supplied_by_service,O08707,PDBe_SIFTS
https://www.ebi.ac.uk/pdbe/api/mappings/best_structures/O08746,bfcfc5f99948c8bb91701ed43b6343e0ff35b747de68db58971d8af560dfae33,404,2026-10-09T07:22:47.969663+00:00,not_supplied_by_service,O08746,PDBe_SIFTS
https://www.ebi.ac.uk/pdbe/api/mappings/best_structures/O08969,bfcfc5f99948c8bb91701ed43b6343e0ff35b747de68db58971d8af560dfae33,404,2026-10-09T07:22:47.599950+00:00,not_supplied_by_service,O08969,PDBe_SIFTS
https://www.ebi.ac.uk/pdbe/api/mappings/best_structures/O09133,bfcfc5f99948c8bb91701ed43b6343e0ff35b747de68db58971d8af560dfae33,404,2026-10-09T07:22:47.599243+00:00,not_supplied_by_service,O09133,PDBe_SIFTS
https://www.ebi.ac.uk/pdbe/api/mappings/best_structures/O09174,bfcfc5f99948c8bb91701ed43b6343e0ff35b747de68db58971d8af560dfae33,404,2026-10-09T07:22:47.777986+00:00,not_supplied_by_service,O09174,PDBe_SIFTS
https://www.ebi.ac.uk/pdbe/api/mappings/best_structures/O35074,bfcfc5f99948c8bb91701ed43b6343e0ff35b747de68db58971d8af560dfae33,404,2026-10-09T07:22:47.865174+00:00,not_supplied_by_service,O35074,PDBe_SIFTS
https://www.ebi.ac.uk/pdbe/api/mappings/best_structures/O35082,bfcfc5f99948c8bb91701ed43b6343e0ff35b747de68db58971d8af560dfae33,404,2026-10-09T07:22:47.599047+00:00,not_supplied_by_service,O35082,PDBe_SIFTS
https://www.ebi.ac.uk/pdbe/api/mappings/best_structures/O35103,bfcfc5f99948c8bb91701ed43b6343e0ff35b747de68db58971d8af560dfae33,404,2026-10-09T07:22:47.598982+00:00,not_supplied_by_service,O35103,PDBe_SIFTS
https://www.ebi.ac.uk/pdbe/api/mappings/best_structures/O35177,bfcfc5f99948c8bb91701ed43b6343e0ff35b747de68db58971d8af560dfae33,404,2026-10-09T07:22:47.873656+00:00,not_supplied_by_service,O35177,PDBe_SIFTS
https://www.ebi.ac.uk/pdbe/api/mappings/best_structures/O35182,bfcfc5f99948c8bb91701ed43b6343e0ff35b747de68db58971d8af560dfae33,404,2026-10-09T07:22:47.767573+00:00,not_supplied_by_service,O35182,PDBe_SIFTS
https://www.ebi.ac.uk/pdbe/api/mappings/best_structures/O35228,b8836fd62e6917a2a38d3768c37014bdc0de3b6a32db3db2e63ff419cea74cec,200,2026-10-09T07:22:59.892493+00:00,not_supplied_by_service,O35228,PDBe_SIFTS
https://www.ebi.ac.uk/pdbe/api/mappings/best_structures/O35316,651f08ddbf142757a235379930a4fdd2f91563a00df1e75e11abc2095e6a354c,200,2026-10-09T07:23:00.394652+00:00,not_supplied_by_service,O35316,PDBe_SIFTS
https://www.ebi.ac.uk/pdbe/api/mappings/best_structures/O35425,bfcfc5f99948c8bb91701ed43b6343e0ff35b747de68db58971d8af560dfae33,404,2026-10-09T07:23:00.343741+00:00,not_supplied_by_service,O35425,PDBe_SIFTS
https://www.ebi.ac.uk/pdbe/api/mappings/best_structures/O35600,bfcfc5f99948c8bb91701ed43b6343e0ff35b747de68db58971d8af560dfae33,404,2026-10-09T07:23:00.192710+00:00,not_supplied_by_service,O35600,PDBe_SIFTS
https://www.ebi.ac.uk/pdbe/api/mappings/best_structures/O35604,bfcfc5f99948c8bb91701ed43b6343e0ff35b747de68db58971d8af560dfae33,404,2026-10-09T07:23:00.385712+00:00,not_supplied_by_service,O35604,PDBe_SIFTS
https://www.ebi.ac.uk/pdbe/api/mappings/best_structures/O35608,bfcfc5f99948c8bb91701ed43b6343e0ff35b747de68db58971d8af560dfae33,404,2026-10-09T07:23:00.039592+00:00,not_supplied_by_service,O35608,PDBe_SIFTS
https://www.ebi.ac.uk/pdbe/api/mappings/best_structures/O35639,bfcfc5f99948c8bb91701ed43b6343e0ff35b747de68db58971d8af560dfae33,404,2026-10-09T07:23:00.026306+00:00,not_supplied_by_service,O35639,PDBe_SIFTS
https://www.ebi.ac.uk/pdbe/api/mappings/best_structures/O35640,bfcfc5f99948c8bb91701ed43b6343e0ff35b747de68db58971d8af560dfae33,404,2026-10-09T07:22:59.892634+00:00,not_supplied_by_service,O35640,PDBe_SIFTS
https://www.ebi.ac.uk/pdbe/api/mappings/best_structures/O35655,bfcfc5f99948c8bb91701ed43b6343e0ff35b747de68db58971d8af560dfae33,404,2026-10-09T07:22:59.565314+00:00,not_supplied_by_service,O35655,PDBe_SIFTS
https://www.ebi.ac.uk/pdbe/api/mappings/best_structures/O35682,bfcfc5f99948c8bb91701ed43b6343e0ff35b747de68db58971d8af560dfae33,404,2026-10-09T07:22:59.883158+00:00,not_supplied_by_service,O35682,PDBe_SIFTS
https://www.ebi.ac.uk/pdbe/api/mappings/best_structures/O35709,bfcfc5f99948c8bb91701ed43b6343e0ff35b747de68db58971d8af560dfae33,404,2026-10-09T07:23:00.207481+00:00,not_supplied_by_service,O35709,PDBe_SIFTS
https://www.ebi.ac.uk/pdbe/api/mappings/best_structures/O35969,bfcfc5f99948c8bb91701ed43b6343e0ff35b747de68db58971d8af560dfae33,404,2026-10-09T07:23:00.388360+00:00,not_supplied_by_service,O35969,PDBe_SIFTS
https://www.ebi.ac.uk/pdbe/api/mappings/best_structures/O54786,703b31dcf74e4e4641647106f3a8fa5e9d411d1b91db54b865adf9aaa040b8f8,200,2026-10-09T07:22:59.893032+00:00,not_supplied_by_service,O54786,PDBe_SIFTS
https://www.ebi.ac.uk/pdbe/api/mappings/best_structures/O54824,bfcfc5f99948c8bb91701ed43b6343e0ff35b747de68db58971d8af560dfae33,404,2026-10-09T07:23:00.038572+00:00,not_supplied_by_service,O54824,PDBe_SIFTS
https://www.ebi.ac.uk/pdbe/api/mappings/best_structures/O54890,5260fd1461e45de8c94d0270e2dfe27bb5d64802b776b618d101f061bf446655,200,2026-10-09T07:22:59.892252+00:00,not_supplied_by_service,O54890,PDBe_SIFTS
https://www.ebi.ac.uk/pdbe/api/mappings/best_structures/O54983,0a6545ce678caf9afa84120051983ed6f52864152bd17bfa2ab19bcdcca10562,200,2026-10-09T07:22:59.892938+00:00,not_supplied_by_service,O54983,PDBe_SIFTS
https://www.ebi.ac.uk/pdbe/api/mappings/best_structures/O55137,bfcfc5f99948c8bb91701ed43b6343e0ff35b747de68db58971d8af560dfae33,404,2026-10-09T07:23:12.863600+00:00,not_supplied_by_service,O55137,PDBe_SIFTS
https://www.ebi.ac.uk/pdbe/api/mappings/best_structures/O55240,bfcfc5f99948c8bb91701ed43b6343e0ff35b747de68db58971d8af560dfae33,404,2026-10-09T07:23:12.383248+00:00,not_supplied_by_service,O55240,PDBe_SIFTS
https://www.ebi.ac.uk/pdbe/api/mappings/best_structures/O55242,bfcfc5f99948c8bb91701ed43b6343e0ff35b747de68db58971d8af560dfae33,404,2026-10-09T07:23:12.761722+00:00,not_supplied_by_service,O55242,PDBe_SIFTS
https://www.ebi.ac.uk/pdbe/api/mappings/best_structures/O70126,bfcfc5f99948c8bb91701ed43b6343e0ff35b747de68db58971d8af560dfae33,404,2026-10-09T07:23:12.937779+00:00,not_supplied_by_service,O70126,PDBe_SIFTS
https://www.ebi.ac.uk/pdbe/api/mappings/best_structures/O70299,bfcfc5f99948c8bb91701ed43b6343e0ff35b747de68db58971d8af560dfae33,404,2026-10-09T07:23:12.991674+00:00,not_supplied_by_service,O70299,PDBe_SIFTS
https://www.ebi.ac.uk/pdbe/api/mappings/best_structures/O70370,0dbe3410bd8ab0b60cef5e29e3a908ed17f8955d6200bfe5981256c9161fe6cf,200,2026-10-09T07:23:12.388385+00:00,not_supplied_by_service,O70370,PDBe_SIFTS
https://www.ebi.ac.uk/pdbe/api/mappings/best_structures/O70422,bfcfc5f99948c8bb91701ed43b6343e0ff35b747de68db58971d8af560dfae33,404,2026-10-09T07:23:12.513854+00:00,not_supplied_by_service,O70422,PDBe_SIFTS
https://www.ebi.ac.uk/pdbe/api/mappings/best_structures/O70503,bfcfc5f99948c8bb91701ed43b6343e0ff35b747de68db58971d8af560dfae33,404,2026-10-09T07:23:12.388128+00:00,not_supplied_by_service,O70503,PDBe_SIFTS
https://www.ebi.ac.uk/pdbe/api/mappings/best_structures/O70514,bfcfc5f99948c8bb91701ed43b6343e0ff35b747de68db58971d8af560dfae33,404,2026-10-09T07:23:12.472528+00:00,not_supplied_by_service,O70514,PDBe_SIFTS
https://www.ebi.ac.uk/pdbe/api/mappings/best_structures/O70571,bfcfc5f99948c8bb91701ed43b6343e0ff35b747de68db58971d8af560dfae33,404,2026-10-09T07:23:12.388244+00:00,not_supplied_by_service,O70571,PDBe_SIFTS
https://www.ebi.ac.uk/pdbe/api/mappings/best_structures/O88188,8df3b973aa39b125e8bc92f2881db8a105ff55d76b2582326035a06c8fcdf461,200,2026-10-09T07:23:12.168068+00:00,not_supplied_by_service,O88188,PDBe_SIFTS
https://www.ebi.ac.uk/pdbe/api/mappings/best_structures/O88428,bfcfc5f99948c8bb91701ed43b6343e0ff35b747de68db58971d8af560dfae33,404,2026-10-09T07:23:12.465826+00:00,not_supplied_by_service,O88428,PDBe_SIFTS
https://www.ebi.ac.uk/pdbe/api/mappings/best_structures/O88492,bfcfc5f99948c8bb91701ed43b6343e0ff35b747de68db58971d8af560dfae33,404,2026-10-09T07:23:12.775840+00:00,not_supplied_by_service,O88492,PDBe_SIFTS
https://www.ebi.ac.uk/pdbe/api/mappings/best_structures/O88507,bfcfc5f99948c8bb91701ed43b6343e0ff35b747de68db58971d8af560dfae33,404,2026-10-09T07:23:12.163370+00:00,not_supplied_by_service,O88507,PDBe_SIFTS
https://www.ebi.ac.uk/pdbe/api/mappings/best_structures/O88551,bfcfc5f99948c8bb91701ed43b6343e0ff35b747de68db58971d8af560dfae33,404,2026-10-09T07:23:12.896240+00:00,not_supplied_by_service,O88551,PDBe_SIFTS
https://www.ebi.ac.uk/pdbe/api/mappings/best_structures/O88593,bfcfc5f99948c8bb91701ed43b6343e0ff35b747de68db58971d8af560dfae33,404,2026-10-09T07:23:12.645622+00:00,not_supplied_by_service,O88593,PDBe_SIFTS
https://www.ebi.ac.uk/pdbe/api/mappings/best_structures/O88736,bfcfc5f99948c8bb91701ed43b6343e0ff35b747de68db58971d8af560dfae33,404,2026-10-09T07:23:24.642837+00:00,not_supplied_by_service,O88736,PDBe_SIFTS
https://www.ebi.ac.uk/pdbe/api/mappings/best_structures/O88745,bfcfc5f99948c8bb91701ed43b6343e0ff35b747de68db58971d8af560dfae33,404,2026-10-09T07:23:24.918702+00:00,not_supplied_by_service,O88745,PDBe_SIFTS
https://www.ebi.ac.uk/pdbe/api/mappings/best_structures/O88822,bfcfc5f99948c8bb91701ed43b6343e0ff35b747de68db58971d8af560dfae33,404,2026-10-09T07:23:24.923067+00:00,not_supplied_by_service,O88822,PDBe_SIFTS
https://www.ebi.ac.uk/pdbe/api/mappings/best_structures/O88844,b2e802966b18bc2da311a15040c28e02dbad46c7e5972f5250778af852cb50a3,200,2026-10-09T07:23:24.924271+00:00,not_supplied_by_service,O88844,PDBe_SIFTS
https://www.ebi.ac.uk/pdbe/api/mappings/best_structures/O89091,bfcfc5f99948c8bb91701ed43b6343e0ff35b747de68db58971d8af560dfae33,404,2026-10-09T07:23:25.143911+00:00,not_supplied_by_service,O89091,PDBe_SIFTS
https://www.ebi.ac.uk/pdbe/api/mappings/best_structures/P00329,bfcfc5f99948c8bb91701ed43b6343e0ff35b747de68db58971d8af560dfae33,404,2026-10-09T07:23:25.057503+00:00,not_supplied_by_service,P00329,PDBe_SIFTS
https://www.ebi.ac.uk/pdbe/api/mappings/best_structures/P00687,bfcfc5f99948c8bb91701ed43b6343e0ff35b747de68db58971d8af560dfae33,404,2026-10-09T07:23:24.968742+00:00,not_supplied_by_service,P00687,PDBe_SIFTS
https://www.ebi.ac.uk/pdbe/api/mappings/best_structures/P01101,ae919934ebba9122faff512ac27252f388886bcbeda39581cca30f5fb7e2db87,200,2026-10-09T07:23:25.032810+00:00,not_supplied_by_service,P01101,PDBe_SIFTS
https://www.ebi.ac.uk/pdbe/api/mappings/best_structures/P02798,bfcfc5f99948c8bb91701ed43b6343e0ff35b747de68db58971d8af560dfae33,404,2026-10-09T07:23:24.919694+00:00,not_supplied_by_service,P02798,PDBe_SIFTS
https://www.ebi.ac.uk/pdbe/api/mappings/best_structures/P04441,bfcfc5f99948c8bb91701ed43b6343e0ff35b747de68db58971d8af560dfae33,404,2026-10-09T07:23:25.058977+00:00,not_supplied_by_service,P04441,PDBe_SIFTS
https://www.ebi.ac.uk/pdbe/api/mappings/best_structures/P05063,bfcfc5f99948c8bb91701ed43b6343e0ff35b747de68db58971d8af560dfae33,404,2026-10-09T07:23:25.127185+00:00,not_supplied_by_service,P05063,PDBe_SIFTS
https://www.ebi.ac.uk/pdbe/api/mappings/best_structures/P05532,8a97d06b066afe18357a0097e22ae6f40fd3c3f4da5295f8b05b9c4aa739352a,200,2026-10-09T07:23:25.075216+00:00,not_supplied_by_service,P05532,PDBe_SIFTS
https://www.ebi.ac.uk/pdbe/api/mappings/best_structures/P06801,bfcfc5f99948c8bb91701ed43b6343e0ff35b747de68db58971d8af560dfae33,404,2026-10-09T07:23:25.025078+00:00,not_supplied_by_service,P06801,PDBe_SIFTS
https://www.ebi.ac.uk/pdbe/api/mappings/best_structures/P06909,e3473264a65024589d69b31597787109ea4d70c348879bacb8624b68a963c18d,200,2026-10-09T07:23:24.836072+00:00,not_supplied_by_service,P06909,PDBe_SIFTS
https://www.ebi.ac.uk/pdbe/api/mappings/best_structures/P07901,9816dae05f2547151633d23fb559504775d55cc70aec930603d544a11ccfc156,200,2026-10-09T07:23:24.972801+00:00,not_supplied_by_service,P07901,PDBe_SIFTS
https://www.ebi.ac.uk/pdbe/api/mappings/best_structures/P08103,bfcfc5f99948c8bb91701ed43b6343e0ff35b747de68db58971d8af560dfae33,404,2026-10-09T07:23:25.140612+00:00,not_supplied_by_service,P08103,PDBe_SIFTS
https://www.ebi.ac.uk/pdbe/api/mappings/best_structures/P08122,bfcfc5f99948c8bb91701ed43b6343e0ff35b747de68db58971d8af560dfae33,404,2026-10-09T07:23:36.695278+00:00,not_supplied_by_service,P08122,PDBe_SIFTS
https://www.ebi.ac.uk/pdbe/api/mappings/best_structures/P08551,bfcfc5f99948c8bb91701ed43b6343e0ff35b747de68db58971d8af560dfae33,404,2026-10-09T07:23:37.293485+00:00,not_supplied_by_service,P08551,PDBe_SIFTS
https://www.ebi.ac.uk/pdbe/api/mappings/best_structures/P09470,bfcfc5f99948c8bb91701ed43b6343e0ff35b747de68db58971d8af560dfae33,404,2026-10-09T07:23:37.286738+00:00,not_supplied_by_service,P09470,PDBe_SIFTS
https://www.ebi.ac.uk/pdbe/api/mappings/best_structures/P0DP59,bfcfc5f99948c8bb91701ed43b6343e0ff35b747de68db58971d8af560dfae33,404,2026-10-09T07:23:37.360960+00:00,not_supplied_by_service,P0DP59,PDBe_SIFTS
https://www.ebi.ac.uk/pdbe/api/mappings/best_structures/P10148,bfcfc5f99948c8bb91701ed43b6343e0ff35b747de68db58971d8af560dfae33,404,2026-10-09T07:23:37.296890+00:00,not_supplied_by_service,P10148,PDBe_SIFTS
https://www.ebi.ac.uk/pdbe/api/mappings/best_structures/P10639,bfcfc5f99948c8bb91701ed43b6343e0ff35b747de68db58971d8af560dfae33,404,2026-10-09T07:23:37.384689+00:00,not_supplied_by_service,P10639,PDBe_SIFTS
https://www.ebi.ac.uk/pdbe/api/mappings/best_structures/P10649,bfcfc5f99948c8bb91701ed43b6343e0ff35b747de68db58971d8af560dfae33,404,2026-10-09T07:23:36.652622+00:00,not_supplied_by_service,P10649,PDBe_SIFTS
https://www.ebi.ac.uk/pdbe/api/mappings/best_structures/P10761,7433c644d2e9c1d14b51007dcd0e663bf71eddfada0e9d30aec66612143e9dd4,200,2026-10-09T07:23:36.655640+00:00,not_supplied_by_service,P10761,PDBe_SIFTS
https://www.ebi.ac.uk/pdbe/api/mappings/best_structures/P11214,bfcfc5f99948c8bb91701ed43b6343e0ff35b747de68db58971d8af560dfae33,404,2026-10-09T07:23:36.695158+00:00,not_supplied_by_service,P11214,PDBe_SIFTS
https://www.ebi.ac.uk/pdbe/api/mappings/best_structures/P11276,556d2b3e9b3ab4ae8c85303f68b50fa89675ee9624b3b5fbcc72a7834b07f279,200,2026-10-09T07:23:36.999530+00:00,not_supplied_by_service,P11276,PDBe_SIFTS
https://www.ebi.ac.uk/pdbe/api/mappings/best_structures/P11680,bfcfc5f99948c8bb91701ed43b6343e0ff35b747de68db58971d8af560dfae33,404,2026-10-09T07:23:37.276520+00:00,not_supplied_by_service,P11680,PDBe_SIFTS
https://www.ebi.ac.uk/pdbe/api/mappings/best_structures/P11688,bfcfc5f99948c8bb91701ed43b6343e0ff35b747de68db58971d8af560dfae33,404,2026-10-09T07:23:37.384588+00:00,not_supplied_by_service,P11688,PDBe_SIFTS
https://www.ebi.ac.uk/pdbe/api/mappings/best_structures/P12815,6544e7d3bf80e3ac703ccdf1c563bfa6ae6d01cfae89a1fa42d1c09396f0649f,200,2026-10-09T07:23:37.503073+00:00,not_supplied_by_service,P12815,PDBe_SIFTS
https://www.ebi.ac.uk/pdbe/api/mappings/best_structures/P13020,db7394dec752aab8f2038d526cb1a98fa3525a4520172afdc5a2bad77eeeb947,200,2026-10-09T07:23:37.482820+00:00,not_supplied_by_service,P13020,PDBe_SIFTS
https://www.ebi.ac.uk/pdbe/api/mappings/best_structures/P13516,ad041b91d199ee40deae54ec0d77a7faea229dc356cefd999be94ba4ca847bed,200,2026-10-09T07:23:37.497812+00:00,not_supplied_by_service,P13516,PDBe_SIFTS
https://www.ebi.ac.uk/pdbe/api/mappings/best_structures/P14901,bfcfc5f99948c8bb91701ed43b6343e0ff35b747de68db58971d8af560dfae33,404,2026-10-09T07:23:37.526044+00:00,not_supplied_by_service,P14901,PDBe_SIFTS
https://www.ebi.ac.uk/pdbe/api/mappings/best_structures/P15105,bfcfc5f99948c8bb91701ed43b6343e0ff35b747de68db58971d8af560dfae33,404,2026-10-09T07:23:49.823813+00:00,not_supplied_by_service,P15105,PDBe_SIFTS
https://www.ebi.ac.uk/pdbe/api/mappings/best_structures/P15530,6a34fa9aa0b8671eed10ac883e92d1ac0b6ce9ba979d007430530b4ce30f7da1,200,2026-10-09T07:23:49.838508+00:00,not_supplied_by_service,P15530,PDBe_SIFTS
https://www.ebi.ac.uk/pdbe/api/mappings/best_structures/P15532,a9698800793d9319f6161a45e3d1d2f9857df408b22cb1f14b952b058d4c5d67,200,2026-10-09T07:23:49.321879+00:00,not_supplied_by_service,P15532,PDBe_SIFTS
https://www.ebi.ac.uk/pdbe/api/mappings/best_structures/P15535,bfcfc5f99948c8bb91701ed43b6343e0ff35b747de68db58971d8af560dfae33,404,2026-10-09T07:23:49.320904+00:00,not_supplied_by_service,P15535,PDBe_SIFTS
https://www.ebi.ac.uk/pdbe/api/mappings/best_structures/P16045,46fc5d969d6457a5d8341a53d3d47f136d559d8dc164aa9f893dd526e44a0da9,200,2026-10-09T07:23:49.489959+00:00,not_supplied_by_service,P16045,PDBe_SIFTS
https://www.ebi.ac.uk/pdbe/api/mappings/best_structures/P16330,3848bce054d63f2de198b0de72d72e593adac69c19753481ace36bfbabbe6ba6,200,2026-10-09T07:23:49.433307+00:00,not_supplied_by_service,P16330,PDBe_SIFTS
https://www.ebi.ac.uk/pdbe/api/mappings/best_structures/P16460,bfcfc5f99948c8bb91701ed43b6343e0ff35b747de68db58971d8af560dfae33,404,2026-10-09T07:23:49.652637+00:00,not_supplied_by_service,P16460,PDBe_SIFTS
https://www.ebi.ac.uk/pdbe/api/mappings/best_structures/P17156,bfcfc5f99948c8bb91701ed43b6343e0ff35b747de68db58971d8af560dfae33,404,2026-10-09T07:23:49.323631+00:00,not_supplied_by_service,P17156,PDBe_SIFTS
https://www.ebi.ac.uk/pdbe/api/mappings/best_structures/P17563,bfcfc5f99948c8bb91701ed43b6343e0ff35b747de68db58971d8af560dfae33,404,2026-10-09T07:23:49.618506+00:00,not_supplied_by_service,P17563,PDBe_SIFTS
https://www.ebi.ac.uk/pdbe/api/mappings/best_structures/P18581,bfcfc5f99948c8bb91701ed43b6343e0ff35b747de68db58971d8af560dfae33,404,2026-10-09T07:23:49.318974+00:00,not_supplied_by_service,P18581,PDBe_SIFTS
https://www.ebi.ac.uk/pdbe/api/mappings/best_structures/P19246,bfcfc5f99948c8bb91701ed43b6343e0ff35b747de68db58971d8af560dfae33,404,2026-10-09T07:23:49.325722+00:00,not_supplied_by_service,P19246,PDBe_SIFTS
https://www.ebi.ac.uk/pdbe/api/mappings/best_structures/P19788,bfcfc5f99948c8bb91701ed43b6343e0ff35b747de68db58971d8af560dfae33,404,2026-10-09T07:23:49.639923+00:00,not_supplied_by_service,P19788,PDBe_SIFTS
https://www.ebi.ac.uk/pdbe/api/mappings/best_structures/P21237,bfcfc5f99948c8bb91701ed43b6343e0ff35b747de68db58971d8af560dfae33,404,2026-10-09T07:23:49.409124+00:00,not_supplied_by_service,P21237,PDBe_SIFTS
https://www.ebi.ac.uk/pdbe/api/mappings/best_structures/P21275,bfcfc5f99948c8bb91701ed43b6343e0ff35b747de68db58971d8af560dfae33,404,2026-10-09T07:23:49.907324+00:00,not_supplied_by_service,P21275,PDBe_SIFTS
https://www.ebi.ac.uk/pdbe/api/mappings/best_structures/P21460,f457846f51db69d987c2c4eab1a77d4cb7d3483ca4a6272627a1e2af68d7fc41,200,2026-10-09T07:23:49.326886+00:00,not_supplied_by_service,P21460,PDBe_SIFTS
https://www.ebi.ac.uk/pdbe/api/mappings/best_structures/P21855,7e4e0987becd6afea20b9c60650b944633e7b612befec60cad49e890eba2ed45,200,2026-10-09T07:23:49.393783+00:00,not_supplied_by_service,P21855,PDBe_SIFTS
https://www.ebi.ac.uk/pdbe/api/mappings/best_structures/P21956,a993b614b01d7c3ef4f18bec7a03c6b174a57e321320a17b3cd65d2320d9cf76,200,2026-10-09T07:24:04.907209+00:00,not_supplied_by_service,P21956,PDBe_SIFTS
https://www.ebi.ac.uk/pdbe/api/mappings/best_structures/P21995,bfcfc5f99948c8bb91701ed43b6343e0ff35b747de68db58971d8af560dfae33,404,2026-10-09T07:24:05.377464+00:00,not_supplied_by_service,P21995,PDBe_SIFTS
https://www.ebi.ac.uk/pdbe/api/mappings/best_structures/P22272,bfcfc5f99948c8bb91701ed43b6343e0ff35b747de68db58971d8af560dfae33,404,2026-10-09T07:24:04.999981+00:00,not_supplied_by_service,P22272,PDBe_SIFTS
https://www.ebi.ac.uk/pdbe/api/mappings/best_structures/P23440,bfcfc5f99948c8bb91701ed43b6343e0ff35b747de68db58971d8af560dfae33,404,2026-10-09T07:24:04.913151+00:00,not_supplied_by_service,P23440,PDBe_SIFTS
https://www.ebi.ac.uk/pdbe/api/mappings/best_structures/P23611,bfcfc5f99948c8bb91701ed43b6343e0ff35b747de68db58971d8af560dfae33,404,2026-10-09T07:24:05.698879+00:00,not_supplied_by_service,P23611,PDBe_SIFTS
https://www.ebi.ac.uk/pdbe/api/mappings/best_structures/P24288,bfcfc5f99948c8bb91701ed43b6343e0ff35b747de68db58971d8af560dfae33,404,2026-10-09T07:24:05.287766+00:00,not_supplied_by_service,P24288,PDBe_SIFTS
https://www.ebi.ac.uk/pdbe/api/mappings/best_structures/P24549,3f06953e8d94fab66d80955fd6e169be9c8fb29d06b36cffd778c32918189aeb,200,2026-10-09T07:24:05.107037+00:00,not_supplied_by_service,P24549,PDBe_SIFTS
https://www.ebi.ac.uk/pdbe/api/mappings/best_structures/P24860,bfcfc5f99948c8bb91701ed43b6343e0ff35b747de68db58971d8af560dfae33,404,2026-10-09T07:24:05.559621+00:00,not_supplied_by_service,P24860,PDBe_SIFTS
https://www.ebi.ac.uk/pdbe/api/mappings/best_structures/P26049,07b81b8c01a355298c1278df49a54ab916bb160b596b44599d1505744fd4fa58,200,2026-10-09T07:24:04.907299+00:00,not_supplied_by_service,P26049,PDBe_SIFTS
https://www.ebi.ac.uk/pdbe/api/mappings/best_structures/P26450,bfcfc5f99948c8bb91701ed43b6343e0ff35b747de68db58971d8af560dfae33,404,2026-10-09T07:24:04.912910+00:00,not_supplied_by_service,P26450,PDBe_SIFTS
https://www.ebi.ac.uk/pdbe/api/mappings/best_structures/P26618,bfcfc5f99948c8bb91701ed43b6343e0ff35b747de68db58971d8af560dfae33,404,2026-10-09T07:24:05.076374+00:00,not_supplied_by_service,P26618,PDBe_SIFTS
https://www.ebi.ac.uk/pdbe/api/mappings/best_structures/P27671,8a82d84432abd279428d12ed85d09052ff1b82f506b0585be6f0be42b622f4e1,200,2026-10-09T07:24:05.101269+00:00,not_supplied_by_service,P27671,PDBe_SIFTS
https://www.ebi.ac.uk/pdbe/api/mappings/best_structures/P27784,bfcfc5f99948c8bb91701ed43b6343e0ff35b747de68db58971d8af560dfae33,404,2026-10-09T07:24:05.192676+00:00,not_supplied_by_service,P27784,PDBe_SIFTS
https://www.ebi.ac.uk/pdbe/api/mappings/best_structures/P28301,bfcfc5f99948c8bb91701ed43b6343e0ff35b747de68db58971d8af560dfae33,404,2026-10-09T07:24:05.300239+00:00,not_supplied_by_service,P28301,PDBe_SIFTS
https://www.ebi.ac.uk/pdbe/api/mappings/best_structures/P28652,bfcfc5f99948c8bb91701ed43b6343e0ff35b747de68db58971d8af560dfae33,404,2026-10-09T07:24:05.275049+00:00,not_supplied_by_service,P28652,PDBe_SIFTS
https://www.ebi.ac.uk/pdbe/api/mappings/best_structures/P28654,bfcfc5f99948c8bb91701ed43b6343e0ff35b747de68db58971d8af560dfae33,404,2026-10-09T07:24:05.461049+00:00,not_supplied_by_service,P28654,PDBe_SIFTS
https://www.ebi.ac.uk/pdbe/api/mappings/best_structures/P28843,bfcfc5f99948c8bb91701ed43b6343e0ff35b747de68db58971d8af560dfae33,404,2026-10-09T07:24:17.030407+00:00,not_supplied_by_service,P28843,PDBe_SIFTS
https://www.ebi.ac.uk/pdbe/api/mappings/best_structures/P29268,bfcfc5f99948c8bb91701ed43b6343e0ff35b747de68db58971d8af560dfae33,404,2026-10-09T07:24:17.071149+00:00,not_supplied_by_service,P29268,PDBe_SIFTS
https://www.ebi.ac.uk/pdbe/api/mappings/best_structures/P29352,21a261cae306c78757f56e1135d0a811afbe5a221f0c0d28199e7e7ee3cc5cc6,200,2026-10-09T07:24:17.643184+00:00,not_supplied_by_service,P29352,PDBe_SIFTS
https://www.ebi.ac.uk/pdbe/api/mappings/best_structures/P29452,bfcfc5f99948c8bb91701ed43b6343e0ff35b747de68db58971d8af560dfae33,404,2026-10-09T07:24:17.303060+00:00,not_supplied_by_service,P29452,PDBe_SIFTS
https://www.ebi.ac.uk/pdbe/api/mappings/best_structures/P29754,bfcfc5f99948c8bb91701ed43b6343e0ff35b747de68db58971d8af560dfae33,404,2026-10-09T07:24:17.640542+00:00,not_supplied_by_service,P29754,PDBe_SIFTS
https://www.ebi.ac.uk/pdbe/api/mappings/best_structures/P30276,bfcfc5f99948c8bb91701ed43b6343e0ff35b747de68db58971d8af560dfae33,404,2026-10-09T07:24:17.530173+00:00,not_supplied_by_service,P30276,PDBe_SIFTS
https://www.ebi.ac.uk/pdbe/api/mappings/best_structures/P30545,bfcfc5f99948c8bb91701ed43b6343e0ff35b747de68db58971d8af560dfae33,404,2026-10-09T07:24:17.330382+00:00,not_supplied_by_service,P30545,PDBe_SIFTS
https://www.ebi.ac.uk/pdbe/api/mappings/best_structures/P30658,bfcfc5f99948c8bb91701ed43b6343e0ff35b747de68db58971d8af560dfae33,404,2026-10-09T07:24:17.891185+00:00,not_supplied_by_service,P30658,PDBe_SIFTS
https://www.ebi.ac.uk/pdbe/api/mappings/best_structures/P30681,bfcfc5f99948c8bb91701ed43b6343e0ff35b747de68db58971d8af560dfae33,404,2026-10-09T07:24:17.071401+00:00,not_supplied_by_service,P30681,PDBe_SIFTS
https://www.ebi.ac.uk/pdbe/api/mappings/best_structures/P30731,bfcfc5f99948c8bb91701ed43b6343e0ff35b747de68db58971d8af560dfae33,404,2026-10-09T07:24:17.877589+00:00,not_supplied_by_service,P30731,PDBe_SIFTS
https://www.ebi.ac.uk/pdbe/api/mappings/best_structures/P31310,bfcfc5f99948c8bb91701ed43b6343e0ff35b747de68db58971d8af560dfae33,404,2026-10-09T07:24:17.276037+00:00,not_supplied_by_service,P31310,PDBe_SIFTS
https://www.ebi.ac.uk/pdbe/api/mappings/best_structures/P31428,bfcfc5f99948c8bb91701ed43b6343e0ff35b747de68db58971d8af560dfae33,404,2026-10-09T07:24:17.686662+00:00,not_supplied_by_service,P31428,PDBe_SIFTS
https://www.ebi.ac.uk/pdbe/api/mappings/best_structures/P31648,bfcfc5f99948c8bb91701ed43b6343e0ff35b747de68db58971d8af560dfae33,404,2026-10-09T07:24:17.308672+00:00,not_supplied_by_service,P31648,PDBe_SIFTS
https://www.ebi.ac.uk/pdbe/api/mappings/best_structures/P31750,bfcfc5f99948c8bb91701ed43b6343e0ff35b747de68db58971d8af560dfae33,404,2026-10-09T07:24:17.026214+00:00,not_supplied_by_service,P31750,PDBe_SIFTS
https://www.ebi.ac.uk/pdbe/api/mappings/best_structures/P35413,bfcfc5f99948c8bb91701ed43b6343e0ff35b747de68db58971d8af560dfae33,404,2026-10-09T07:24:17.271383+00:00,not_supplied_by_service,P35413,PDBe_SIFTS
https://www.ebi.ac.uk/pdbe/api/mappings/best_structures/P37804,5e4fe96a1aa39585ff9aa1bb1115ff157ab24b9c8bad0b25c8faeb57afe73690,200,2026-10-09T07:24:17.558221+00:00,not_supplied_by_service,P37804,PDBe_SIFTS
https://www.ebi.ac.uk/pdbe/api/mappings/best_structures/P38060,bfcfc5f99948c8bb91701ed43b6343e0ff35b747de68db58971d8af560dfae33,404,2026-10-09T07:24:29.259340+00:00,not_supplied_by_service,P38060,PDBe_SIFTS
https://www.ebi.ac.uk/pdbe/api/mappings/best_structures/P38585,bfcfc5f99948c8bb91701ed43b6343e0ff35b747de68db58971d8af560dfae33,404,2026-10-09T07:24:29.712732+00:00,not_supplied_by_service,P38585,PDBe_SIFTS
https://www.ebi.ac.uk/pdbe/api/mappings/best_structures/P39689,bfcfc5f99948c8bb91701ed43b6343e0ff35b747de68db58971d8af560dfae33,404,2026-10-09T07:24:29.779052+00:00,not_supplied_by_service,P39689,PDBe_SIFTS
https://www.ebi.ac.uk/pdbe/api/mappings/best_structures/P40224,bfcfc5f99948c8bb91701ed43b6343e0ff35b747de68db58971d8af560dfae33,404,2026-10-09T07:24:29.874589+00:00,not_supplied_by_service,P40224,PDBe_SIFTS
https://www.ebi.ac.uk/pdbe/api/mappings/best_structures/P40749,bfcfc5f99948c8bb91701ed43b6343e0ff35b747de68db58971d8af560dfae33,404,2026-10-09T07:24:29.601857+00:00,not_supplied_by_service,P40749,PDBe_SIFTS
https://www.ebi.ac.uk/pdbe/api/mappings/best_structures/P40936,bfcfc5f99948c8bb91701ed43b6343e0ff35b747de68db58971d8af560dfae33,404,2026-10-09T07:24:29.593021+00:00,not_supplied_by_service,P40936,PDBe_SIFTS
https://www.ebi.ac.uk/pdbe/api/mappings/best_structures/P41588,bfcfc5f99948c8bb91701ed43b6343e0ff35b747de68db58971d8af560dfae33,404,2026-10-09T07:24:29.437147+00:00,not_supplied_by_service,P41588,PDBe_SIFTS
https://www.ebi.ac.uk/pdbe/api/mappings/best_structures/P43252,ab7025f1fdee3b87c9fd19852dcb962931cf9bfc9ef3dd739255db77fe486133,200,2026-10-09T07:24:29.381147+00:00,not_supplied_by_service,P43252,PDBe_SIFTS
https://www.ebi.ac.uk/pdbe/api/mappings/best_structures/P43883,bfcfc5f99948c8bb91701ed43b6343e0ff35b747de68db58971d8af560dfae33,404,2026-10-09T07:24:29.324148+00:00,not_supplied_by_service,P43883,PDBe_SIFTS
https://www.ebi.ac.uk/pdbe/api/mappings/best_structures/P47242,bfcfc5f99948c8bb91701ed43b6343e0ff35b747de68db58971d8af560dfae33,404,2026-10-09T07:24:29.405418+00:00,not_supplied_by_service,P47242,PDBe_SIFTS
https://www.ebi.ac.uk/pdbe/api/mappings/best_structures/P47801,bfcfc5f99948c8bb91701ed43b6343e0ff35b747de68db58971d8af560dfae33,404,2026-10-09T07:24:29.409313+00:00,not_supplied_by_service,P47801,PDBe_SIFTS
https://www.ebi.ac.uk/pdbe/api/mappings/best_structures/P47880,bfcfc5f99948c8bb91701ed43b6343e0ff35b747de68db58971d8af560dfae33,404,2026-10-09T07:24:29.436220+00:00,not_supplied_by_service,P47880,PDBe_SIFTS
https://www.ebi.ac.uk/pdbe/api/mappings/best_structures/P48168,bfcfc5f99948c8bb91701ed43b6343e0ff35b747de68db58971d8af560dfae33,404,2026-10-09T07:24:29.490250+00:00,not_supplied_by_service,P48168,PDBe_SIFTS
https://www.ebi.ac.uk/pdbe/api/mappings/best_structures/P48193,bfcfc5f99948c8bb91701ed43b6343e0ff35b747de68db58971d8af560dfae33,404,2026-10-09T07:24:29.496612+00:00,not_supplied_by_service,P48193,PDBe_SIFTS
https://www.ebi.ac.uk/pdbe/api/mappings/best_structures/P48302,bfcfc5f99948c8bb91701ed43b6343e0ff35b747de68db58971d8af560dfae33,404,2026-10-09T07:24:29.485544+00:00,not_supplied_by_service,P48302,PDBe_SIFTS
https://www.ebi.ac.uk/pdbe/api/mappings/best_structures/P48316,bfcfc5f99948c8bb91701ed43b6343e0ff35b747de68db58971d8af560dfae33,404,2026-10-09T07:24:29.599225+00:00,not_supplied_by_service,P48316,PDBe_SIFTS
https://www.ebi.ac.uk/pdbe/api/mappings/best_structures/P48744,bfcfc5f99948c8bb91701ed43b6343e0ff35b747de68db58971d8af560dfae33,404,2026-10-09T07:24:41.626327+00:00,not_supplied_by_service,P48744,PDBe_SIFTS
https://www.ebi.ac.uk/pdbe/api/mappings/best_structures/P49710,bfcfc5f99948c8bb91701ed43b6343e0ff35b747de68db58971d8af560dfae33,404,2026-10-09T07:24:41.626003+00:00,not_supplied_by_service,P49710,PDBe_SIFTS
https://www.ebi.ac.uk/pdbe/api/mappings/best_structures/P49817,bfcfc5f99948c8bb91701ed43b6343e0ff35b747de68db58971d8af560dfae33,404,2026-10-09T07:24:42.228494+00:00,not_supplied_by_service,P49817,PDBe_SIFTS
https://www.ebi.ac.uk/pdbe/api/mappings/best_structures/P49919,bfcfc5f99948c8bb91701ed43b6343e0ff35b747de68db58971d8af560dfae33,404,2026-10-09T07:24:42.073306+00:00,not_supplied_by_service,P49919,PDBe_SIFTS
https://www.ebi.ac.uk/pdbe/api/mappings/best_structures/P50114,bfcfc5f99948c8bb91701ed43b6343e0ff35b747de68db58971d8af560dfae33,404,2026-10-09T07:24:42.141786+00:00,not_supplied_by_service,P50114,PDBe_SIFTS
https://www.ebi.ac.uk/pdbe/api/mappings/best_structures/P50540,bfcfc5f99948c8bb91701ed43b6343e0ff35b747de68db58971d8af560dfae33,404,2026-10-09T07:24:41.614705+00:00,not_supplied_by_service,P50540,PDBe_SIFTS
https://www.ebi.ac.uk/pdbe/api/mappings/best_structures/P50544,fa7ee2d7e414708e8683b9e5c8d5cd753b627e76104ca8f162e4e2a94e5bdf03,200,2026-10-09T07:24:41.963396+00:00,not_supplied_by_service,P50544,PDBe_SIFTS
https://www.ebi.ac.uk/pdbe/api/mappings/best_structures/P50571,bfcfc5f99948c8bb91701ed43b6343e0ff35b747de68db58971d8af560dfae33,404,2026-10-09T07:24:41.886872+00:00,not_supplied_by_service,P50571,PDBe_SIFTS
https://www.ebi.ac.uk/pdbe/api/mappings/best_structures/P51163,bfcfc5f99948c8bb91701ed43b6343e0ff35b747de68db58971d8af560dfae33,404,2026-10-09T07:24:41.630224+00:00,not_supplied_by_service,P51163,PDBe_SIFTS
https://www.ebi.ac.uk/pdbe/api/mappings/best_structures/P51569,bfcfc5f99948c8bb91701ed43b6343e0ff35b747de68db58971d8af560dfae33,404,2026-10-09T07:24:41.904126+00:00,not_supplied_by_service,P51569,PDBe_SIFTS
https://www.ebi.ac.uk/pdbe/api/mappings/best_structures/P51642,bfcfc5f99948c8bb91701ed43b6343e0ff35b747de68db58971d8af560dfae33,404,2026-10-09T07:24:41.984350+00:00,not_supplied_by_service,P51642,PDBe_SIFTS
https://www.ebi.ac.uk/pdbe/api/mappings/best_structures/P51670,bfcfc5f99948c8bb91701ed43b6343e0ff35b747de68db58971d8af560dfae33,404,2026-10-09T07:24:41.724622+00:00,not_supplied_by_service,P51670,PDBe_SIFTS
https://www.ebi.ac.uk/pdbe/api/mappings/best_structures/P51860,bfcfc5f99948c8bb91701ed43b6343e0ff35b747de68db58971d8af560dfae33,404,2026-10-09T07:24:41.903190+00:00,not_supplied_by_service,P51860,PDBe_SIFTS
https://www.ebi.ac.uk/pdbe/api/mappings/best_structures/P51880,bfcfc5f99948c8bb91701ed43b6343e0ff35b747de68db58971d8af560dfae33,404,2026-10-09T07:24:41.639687+00:00,not_supplied_by_service,P51880,PDBe_SIFTS
https://www.ebi.ac.uk/pdbe/api/mappings/best_structures/P51910,bfcfc5f99948c8bb91701ed43b6343e0ff35b747de68db58971d8af560dfae33,404,2026-10-09T07:24:41.626542+00:00,not_supplied_by_service,P51910,PDBe_SIFTS
https://www.ebi.ac.uk/pdbe/api/mappings/best_structures/P51945,bfcfc5f99948c8bb91701ed43b6343e0ff35b747de68db58971d8af560dfae33,404,2026-10-09T07:24:41.992501+00:00,not_supplied_by_service,P51945,PDBe_SIFTS
https://www.ebi.ac.uk/pdbe/api/mappings/best_structures/P52019,bfcfc5f99948c8bb91701ed43b6343e0ff35b747de68db58971d8af560dfae33,404,2026-10-09T07:24:54.464124+00:00,not_supplied_by_service,P52019,PDBe_SIFTS
https://www.ebi.ac.uk/pdbe/api/mappings/best_structures/P52293,a8da0c77e00b15e89c0c2f5bac9893e95ed0fb9d7b7ef74a66386acaaecc8879,200,2026-10-09T07:24:54.716957+00:00,not_supplied_by_service,P52293,PDBe_SIFTS
https://www.ebi.ac.uk/pdbe/api/mappings/best_structures/P52825,bfcfc5f99948c8bb91701ed43b6343e0ff35b747de68db58971d8af560dfae33,404,2026-10-09T07:24:54.771198+00:00,not_supplied_by_service,P52825,PDBe_SIFTS
https://www.ebi.ac.uk/pdbe/api/mappings/best_structures/P54130,bfcfc5f99948c8bb91701ed43b6343e0ff35b747de68db58971d8af560dfae33,404,2026-10-09T07:24:54.862339+00:00,not_supplied_by_service,P54130,PDBe_SIFTS
https://www.ebi.ac.uk/pdbe/api/mappings/best_structures/P54320,bfcfc5f99948c8bb91701ed43b6343e0ff35b747de68db58971d8af560dfae33,404,2026-10-09T07:24:54.449221+00:00,not_supplied_by_service,P54320,PDBe_SIFTS
https://www.ebi.ac.uk/pdbe/api/mappings/best_structures/P54369,bfcfc5f99948c8bb91701ed43b6343e0ff35b747de68db58971d8af560dfae33,404,2026-10-09T07:24:55.000691+00:00,not_supplied_by_service,P54369,PDBe_SIFTS
https://www.ebi.ac.uk/pdbe/api/mappings/best_structures/P55271,3cbea6db23c1221edd52087229de1bbc88c98c9c82a25f378cbafdc4733d9aff,200,2026-10-09T07:24:55.008257+00:00,not_supplied_by_service,P55271,PDBe_SIFTS
https://www.ebi.ac.uk/pdbe/api/mappings/best_structures/P55284,f34ad4553a230c50897394bcae66e5bc682f341c3e18ad3551021d27f5f33a70,200,2026-10-09T07:24:54.808097+00:00,not_supplied_by_service,P55284,PDBe_SIFTS
https://www.ebi.ac.uk/pdbe/api/mappings/best_structures/P56375,bfcfc5f99948c8bb91701ed43b6343e0ff35b747de68db58971d8af560dfae33,404,2026-10-09T07:24:54.464062+00:00,not_supplied_by_service,P56375,PDBe_SIFTS
https://www.ebi.ac.uk/pdbe/api/mappings/best_structures/P56389,60fd56b4085a5e24065f7b307f314a675a383df69bce5000a23d501e3f2c4eb0,200,2026-10-09T07:24:54.505140+00:00,not_supplied_by_service,P56389,PDBe_SIFTS
https://www.ebi.ac.uk/pdbe/api/mappings/best_structures/P56392,bfcfc5f99948c8bb91701ed43b6343e0ff35b747de68db58971d8af560dfae33,404,2026-10-09T07:24:54.821097+00:00,not_supplied_by_service,P56392,PDBe_SIFTS
https://www.ebi.ac.uk/pdbe/api/mappings/best_structures/P56476,bfcfc5f99948c8bb91701ed43b6343e0ff35b747de68db58971d8af560dfae33,404,2026-10-09T07:24:54.768653+00:00,not_supplied_by_service,P56476,PDBe_SIFTS
https://www.ebi.ac.uk/pdbe/api/mappings/best_structures/P56481,bfcfc5f99948c8bb91701ed43b6343e0ff35b747de68db58971d8af560dfae33,404,2026-10-09T07:24:54.464304+00:00,not_supplied_by_service,P56481,PDBe_SIFTS
https://www.ebi.ac.uk/pdbe/api/mappings/best_structures/P56485,bfcfc5f99948c8bb91701ed43b6343e0ff35b747de68db58971d8af560dfae33,404,2026-10-09T07:24:54.666794+00:00,not_supplied_by_service,P56485,PDBe_SIFTS
https://www.ebi.ac.uk/pdbe/api/mappings/best_structures/P57787,bfcfc5f99948c8bb91701ed43b6343e0ff35b747de68db58971d8af560dfae33,404,2026-10-09T07:24:54.499811+00:00,not_supplied_by_service,P57787,PDBe_SIFTS
https://www.ebi.ac.uk/pdbe/api/mappings/best_structures/P58006,bfcfc5f99948c8bb91701ed43b6343e0ff35b747de68db58971d8af560dfae33,404,2026-10-09T07:24:54.747261+00:00,not_supplied_by_service,P58006,PDBe_SIFTS
https://www.ebi.ac.uk/pdbe/api/mappings/best_structures/P58044,bfcfc5f99948c8bb91701ed43b6343e0ff35b747de68db58971d8af560dfae33,404,2026-10-09T07:25:06.442047+00:00,not_supplied_by_service,P58044,PDBe_SIFTS
https://www.ebi.ac.uk/pdbe/api/mappings/best_structures/P58459,bfcfc5f99948c8bb91701ed43b6343e0ff35b747de68db58971d8af560dfae33,404,2026-10-09T07:25:06.632480+00:00,not_supplied_by_service,P58459,PDBe_SIFTS
https://www.ebi.ac.uk/pdbe/api/mappings/best_structures/P58462,bfcfc5f99948c8bb91701ed43b6343e0ff35b747de68db58971d8af560dfae33,404,2026-10-09T07:25:06.725224+00:00,not_supplied_by_service,P58462,PDBe_SIFTS
https://www.ebi.ac.uk/pdbe/api/mappings/best_structures/P58686,bfcfc5f99948c8bb91701ed43b6343e0ff35b747de68db58971d8af560dfae33,404,2026-10-09T07:25:06.716537+00:00,not_supplied_by_service,P58686,PDBe_SIFTS
https://www.ebi.ac.uk/pdbe/api/mappings/best_structures/P58742,bfcfc5f99948c8bb91701ed43b6343e0ff35b747de68db58971d8af560dfae33,404,2026-10-09T07:25:06.768764+00:00,not_supplied_by_service,P58742,PDBe_SIFTS
https://www.ebi.ac.uk/pdbe/api/mappings/best_structures/P61014,f4539e46c8c7e7e730ab43c6d70e7db72a929d9a53252344c646a4f14b928604,200,2026-10-09T07:25:07.117757+00:00,not_supplied_by_service,P61014,PDBe_SIFTS
https://www.ebi.ac.uk/pdbe/api/mappings/best_structures/P61027,bfcfc5f99948c8bb91701ed43b6343e0ff35b747de68db58971d8af560dfae33,404,2026-10-09T07:25:06.947325+00:00,not_supplied_by_service,P61027,PDBe_SIFTS
https://www.ebi.ac.uk/pdbe/api/mappings/best_structures/P61079,822b764c5204619e3aa4c6e5025c4fe951f00b596cbcdf1b1ffcedf76ac1e296,200,2026-10-09T07:25:06.638670+00:00,not_supplied_by_service,P61079,PDBe_SIFTS
https://www.ebi.ac.uk/pdbe/api/mappings/best_structures/P61213,bfcfc5f99948c8bb91701ed43b6343e0ff35b747de68db58971d8af560dfae33,404,2026-10-09T07:25:06.831636+00:00,not_supplied_by_service,P61213,PDBe_SIFTS
https://www.ebi.ac.uk/pdbe/api/mappings/best_structures/P61216,bfcfc5f99948c8bb91701ed43b6343e0ff35b747de68db58971d8af560dfae33,404,2026-10-09T07:25:06.619705+00:00,not_supplied_by_service,P61216,PDBe_SIFTS
https://www.ebi.ac.uk/pdbe/api/mappings/best_structures/P61971,bfcfc5f99948c8bb91701ed43b6343e0ff35b747de68db58971d8af560dfae33,404,2026-10-09T07:25:07.018959+00:00,not_supplied_by_service,P61971,PDBe_SIFTS
https://www.ebi.ac.uk/pdbe/api/mappings/best_structures/P62073,bfcfc5f99948c8bb91701ed43b6343e0ff35b747de68db58971d8af560dfae33,404,2026-10-09T07:25:07.118955+00:00,not_supplied_by_service,P62073,PDBe_SIFTS
https://www.ebi.ac.uk/pdbe/api/mappings/best_structures/P62080,bfcfc5f99948c8bb91701ed43b6343e0ff35b747de68db58971d8af560dfae33,404,2026-10-09T07:25:06.445543+00:00,not_supplied_by_service,P62080,PDBe_SIFTS
https://www.ebi.ac.uk/pdbe/api/mappings/best_structures/P62334,bfcfc5f99948c8bb91701ed43b6343e0ff35b747de68db58971d8af560dfae33,404,2026-10-09T07:25:06.618694+00:00,not_supplied_by_service,P62334,PDBe_SIFTS
https://www.ebi.ac.uk/pdbe/api/mappings/best_structures/P62700,bfcfc5f99948c8bb91701ed43b6343e0ff35b747de68db58971d8af560dfae33,404,2026-10-09T07:25:07.009398+00:00,not_supplied_by_service,P62700,PDBe_SIFTS
https://www.ebi.ac.uk/pdbe/api/mappings/best_structures/P62827,bfcfc5f99948c8bb91701ed43b6343e0ff35b747de68db58971d8af560dfae33,404,2026-10-09T07:25:06.444286+00:00,not_supplied_by_service,P62827,PDBe_SIFTS
https://www.ebi.ac.uk/pdbe/api/mappings/best_structures/P63037,bfcfc5f99948c8bb91701ed43b6343e0ff35b747de68db58971d8af560dfae33,404,2026-10-09T07:25:18.659238+00:00,not_supplied_by_service,P63037,PDBe_SIFTS
https://www.ebi.ac.uk/pdbe/api/mappings/best_structures/P63038,bfcfc5f99948c8bb91701ed43b6343e0ff35b747de68db58971d8af560dfae33,404,2026-10-09T07:25:19.290055+00:00,not_supplied_by_service,P63038,PDBe_SIFTS
https://www.ebi.ac.uk/pdbe/api/mappings/best_structures/P63078,bfcfc5f99948c8bb91701ed43b6343e0ff35b747de68db58971d8af560dfae33,404,2026-10-09T07:25:19.155877+00:00,not_supplied_by_service,P63078,PDBe_SIFTS
https://www.ebi.ac.uk/pdbe/api/mappings/best_structures/P63087,bbf71c5ad6e1e3732cec607f218258ba5d7a15c12a277f95a13e95a62771a52b,200,2026-10-09T07:25:19.050078+00:00,not_supplied_by_service,P63087,PDBe_SIFTS
https://www.ebi.ac.uk/pdbe/api/mappings/best_structures/P63168,bfcfc5f99948c8bb91701ed43b6343e0ff35b747de68db58971d8af560dfae33,404,2026-10-09T07:25:18.780850+00:00,not_supplied_by_service,P63168,PDBe_SIFTS
https://www.ebi.ac.uk/pdbe/api/mappings/best_structures/P63239,efe906325c3073fc68f7e362cbae525ba63552b2760537ecd0874d5854cbe54e,200,2026-10-09T07:25:18.787066+00:00,not_supplied_by_service,P63239,PDBe_SIFTS
https://www.ebi.ac.uk/pdbe/api/mappings/best_structures/P63254,bfcfc5f99948c8bb91701ed43b6343e0ff35b747de68db58971d8af560dfae33,404,2026-10-09T07:25:19.045764+00:00,not_supplied_by_service,P63254,PDBe_SIFTS
https://www.ebi.ac.uk/pdbe/api/mappings/best_structures/P63268,bfcfc5f99948c8bb91701ed43b6343e0ff35b747de68db58971d8af560dfae33,404,2026-10-09T07:25:18.659390+00:00,not_supplied_by_service,P63268,PDBe_SIFTS
https://www.ebi.ac.uk/pdbe/api/mappings/best_structures/P68368,7999d313721ada60f3e1356cd8595855d826d2a05efae6693f76754896ba3b93,200,2026-10-09T07:25:18.899943+00:00,not_supplied_by_service,P68368,PDBe_SIFTS
https://www.ebi.ac.uk/pdbe/api/mappings/best_structures/P70120,bfcfc5f99948c8bb91701ed43b6343e0ff35b747de68db58971d8af560dfae33,404,2026-10-09T07:25:19.134764+00:00,not_supplied_by_service,P70120,PDBe_SIFTS
https://www.ebi.ac.uk/pdbe/api/mappings/best_structures/P70170,bfcfc5f99948c8bb91701ed43b6343e0ff35b747de68db58971d8af560dfae33,404,2026-10-09T07:25:18.961040+00:00,not_supplied_by_service,P70170,PDBe_SIFTS
https://www.ebi.ac.uk/pdbe/api/mappings/best_structures/P70210,bfcfc5f99948c8bb91701ed43b6343e0ff35b747de68db58971d8af560dfae33,404,2026-10-09T07:25:19.272989+00:00,not_supplied_by_service,P70210,PDBe_SIFTS
https://www.ebi.ac.uk/pdbe/api/mappings/best_structures/P70245,bfcfc5f99948c8bb91701ed43b6343e0ff35b747de68db58971d8af560dfae33,404,2026-10-09T07:25:18.662329+00:00,not_supplied_by_service,P70245,PDBe_SIFTS
https://www.ebi.ac.uk/pdbe/api/mappings/best_structures/P70378,bfcfc5f99948c8bb91701ed43b6343e0ff35b747de68db58971d8af560dfae33,404,2026-10-09T07:25:18.786174+00:00,not_supplied_by_service,P70378,PDBe_SIFTS
https://www.ebi.ac.uk/pdbe/api/mappings/best_structures/P70423,bfcfc5f99948c8bb91701ed43b6343e0ff35b747de68db58971d8af560dfae33,404,2026-10-09T07:25:18.784562+00:00,not_supplied_by_service,P70423,PDBe_SIFTS
https://www.ebi.ac.uk/pdbe/api/mappings/best_structures/P84075,bfcfc5f99948c8bb91701ed43b6343e0ff35b747de68db58971d8af560dfae33,404,2026-10-09T07:25:18.780744+00:00,not_supplied_by_service,P84075,PDBe_SIFTS
https://www.ebi.ac.uk/pdbe/api/mappings/best_structures/P86046,bfcfc5f99948c8bb91701ed43b6343e0ff35b747de68db58971d8af560dfae33,404,2026-10-09T07:25:31.865600+00:00,not_supplied_by_service,P86046,PDBe_SIFTS
https://www.ebi.ac.uk/pdbe/api/mappings/best_structures/P97297,bfcfc5f99948c8bb91701ed43b6343e0ff35b747de68db58971d8af560dfae33,404,2026-10-09T07:25:31.651104+00:00,not_supplied_by_service,P97297,PDBe_SIFTS
https://www.ebi.ac.uk/pdbe/api/mappings/best_structures/P97315,bfcfc5f99948c8bb91701ed43b6343e0ff35b747de68db58971d8af560dfae33,404,2026-10-09T07:25:31.861091+00:00,not_supplied_by_service,P97315,PDBe_SIFTS
https://www.ebi.ac.uk/pdbe/api/mappings/best_structures/P97430,bfcfc5f99948c8bb91701ed43b6343e0ff35b747de68db58971d8af560dfae33,404,2026-10-09T07:25:31.824604+00:00,not_supplied_by_service,P97430,PDBe_SIFTS
https://www.ebi.ac.uk/pdbe/api/mappings/best_structures/P97769,bfcfc5f99948c8bb91701ed43b6343e0ff35b747de68db58971d8af560dfae33,404,2026-10-09T07:25:31.954586+00:00,not_supplied_by_service,P97769,PDBe_SIFTS
https://www.ebi.ac.uk/pdbe/api/mappings/best_structures/P97794,bfcfc5f99948c8bb91701ed43b6343e0ff35b747de68db58971d8af560dfae33,404,2026-10-09T07:25:31.871406+00:00,not_supplied_by_service,P97794,PDBe_SIFTS
https://www.ebi.ac.uk/pdbe/api/mappings/best_structures/P98083,bfcfc5f99948c8bb91701ed43b6343e0ff35b747de68db58971d8af560dfae33,404,2026-10-09T07:25:31.867227+00:00,not_supplied_by_service,P98083,PDBe_SIFTS
https://www.ebi.ac.uk/pdbe/api/mappings/best_structures/Q00519,bfcfc5f99948c8bb91701ed43b6343e0ff35b747de68db58971d8af560dfae33,404,2026-10-09T07:25:32.107901+00:00,not_supplied_by_service,Q00519,PDBe_SIFTS
https://www.ebi.ac.uk/pdbe/api/mappings/best_structures/Q01320,bfcfc5f99948c8bb91701ed43b6343e0ff35b747de68db58971d8af560dfae33,404,2026-10-09T07:25:31.826944+00:00,not_supplied_by_service,Q01320,PDBe_SIFTS
https://www.ebi.ac.uk/pdbe/api/mappings/best_structures/Q01721,bfcfc5f99948c8bb91701ed43b6343e0ff35b747de68db58971d8af560dfae33,404,2026-10-09T07:25:31.866022+00:00,not_supplied_by_service,Q01721,PDBe_SIFTS
https://www.ebi.ac.uk/pdbe/api/mappings/best_structures/Q02788,bfcfc5f99948c8bb91701ed43b6343e0ff35b747de68db58971d8af560dfae33,404,2026-10-09T07:25:31.816408+00:00,not_supplied_by_service,Q02788,PDBe_SIFTS
https://www.ebi.ac.uk/pdbe/api/mappings/best_structures/Q03160,bfcfc5f99948c8bb91701ed43b6343e0ff35b747de68db58971d8af560dfae33,404,2026-10-09T07:25:32.003659+00:00,not_supplied_by_service,Q03160,PDBe_SIFTS
https://www.ebi.ac.uk/pdbe/api/mappings/best_structures/Q03526,588e8bf2fd1b3f0903bcd071d7d2bde27328307dde604ab98f4ae128db011d2d,200,2026-10-09T07:25:32.218941+00:00,not_supplied_by_service,Q03526,PDBe_SIFTS
https://www.ebi.ac.uk/pdbe/api/mappings/best_structures/Q03719,bfcfc5f99948c8bb91701ed43b6343e0ff35b747de68db58971d8af560dfae33,404,2026-10-09T07:25:32.006400+00:00,not_supplied_by_service,Q03719,PDBe_SIFTS
https://www.ebi.ac.uk/pdbe/api/mappings/best_structures/Q04857,bfcfc5f99948c8bb91701ed43b6343e0ff35b747de68db58971d8af560dfae33,404,2026-10-09T07:25:32.075027+00:00,not_supplied_by_service,Q04857,PDBe_SIFTS
https://www.ebi.ac.uk/pdbe/api/mappings/best_structures/Q05685,bfcfc5f99948c8bb91701ed43b6343e0ff35b747de68db58971d8af560dfae33,404,2026-10-09T07:25:31.948269+00:00,not_supplied_by_service,Q05685,PDBe_SIFTS
https://www.ebi.ac.uk/pdbe/api/mappings/best_structures/Q05910,bfcfc5f99948c8bb91701ed43b6343e0ff35b747de68db58971d8af560dfae33,404,2026-10-09T07:25:43.662141+00:00,not_supplied_by_service,Q05910,PDBe_SIFTS
https://www.ebi.ac.uk/pdbe/api/mappings/best_structures/Q05AA6,bfcfc5f99948c8bb91701ed43b6343e0ff35b747de68db58971d8af560dfae33,404,2026-10-09T07:25:43.659786+00:00,not_supplied_by_service,Q05AA6,PDBe_SIFTS
https://www.ebi.ac.uk/pdbe/api/mappings/best_structures/Q07646,bfcfc5f99948c8bb91701ed43b6343e0ff35b747de68db58971d8af560dfae33,404,2026-10-09T07:25:44.170993+00:00,not_supplied_by_service,Q07646,PDBe_SIFTS
https://www.ebi.ac.uk/pdbe/api/mappings/best_structures/Q08091,bfcfc5f99948c8bb91701ed43b6343e0ff35b747de68db58971d8af560dfae33,404,2026-10-09T07:25:44.179925+00:00,not_supplied_by_service,Q08091,PDBe_SIFTS
https://www.ebi.ac.uk/pdbe/api/mappings/best_structures/Q08481,bfcfc5f99948c8bb91701ed43b6343e0ff35b747de68db58971d8af560dfae33,404,2026-10-09T07:25:44.732343+00:00,not_supplied_by_service,Q08481,PDBe_SIFTS
https://www.ebi.ac.uk/pdbe/api/mappings/best_structures/Q0VAW7,bfcfc5f99948c8bb91701ed43b6343e0ff35b747de68db58971d8af560dfae33,404,2026-10-09T07:25:44.176311+00:00,not_supplied_by_service,Q0VAW7,PDBe_SIFTS
https://www.ebi.ac.uk/pdbe/api/mappings/best_structures/Q0VBD0,bfcfc5f99948c8bb91701ed43b6343e0ff35b747de68db58971d8af560dfae33,404,2026-10-09T07:25:44.173885+00:00,not_supplied_by_service,Q0VBD0,PDBe_SIFTS
https://www.ebi.ac.uk/pdbe/api/mappings/best_structures/Q0VBL6,0284a2a0cda3247b9fc573bf04bafb9658ce3b314081a73b78dae0a75fc21204,200,2026-10-09T07:25:44.680277+00:00,not_supplied_by_service,Q0VBL6,PDBe_SIFTS
https://www.ebi.ac.uk/pdbe/api/mappings/best_structures/Q0VG18,bfcfc5f99948c8bb91701ed43b6343e0ff35b747de68db58971d8af560dfae33,404,2026-10-09T07:25:44.178946+00:00,not_supplied_by_service,Q0VG18,PDBe_SIFTS
https://www.ebi.ac.uk/pdbe/api/mappings/best_structures/Q0VGT2,bfcfc5f99948c8bb91701ed43b6343e0ff35b747de68db58971d8af560dfae33,404,2026-10-09T07:25:43.659668+00:00,not_supplied_by_service,Q0VGT2,PDBe_SIFTS
https://www.ebi.ac.uk/pdbe/api/mappings/best_structures/Q0VGT4,bfcfc5f99948c8bb91701ed43b6343e0ff35b747de68db58971d8af560dfae33,404,2026-10-09T07:25:44.179991+00:00,not_supplied_by_service,Q0VGT4,PDBe_SIFTS
https://www.ebi.ac.uk/pdbe/api/mappings/best_structures/Q0VGU4,f02621955f9f002e58d9ad89fafdbc7d539788151350419fc6b86070893bb62f,200,2026-10-09T07:25:44.377271+00:00,not_supplied_by_service,Q0VGU4,PDBe_SIFTS
https://www.ebi.ac.uk/pdbe/api/mappings/best_structures/Q14AT5,bfcfc5f99948c8bb91701ed43b6343e0ff35b747de68db58971d8af560dfae33,404,2026-10-09T07:25:44.543373+00:00,not_supplied_by_service,Q14AT5,PDBe_SIFTS
https://www.ebi.ac.uk/pdbe/api/mappings/best_structures/Q14C51,5ad053967d13695a26bd4beb76334b5f84836d568373c17bac98ab59f8986a13,200,2026-10-09T07:25:44.448054+00:00,not_supplied_by_service,Q14C51,PDBe_SIFTS
https://www.ebi.ac.uk/pdbe/api/mappings/best_structures/Q14DH7,bfcfc5f99948c8bb91701ed43b6343e0ff35b747de68db58971d8af560dfae33,404,2026-10-09T07:25:44.174004+00:00,not_supplied_by_service,Q14DH7,PDBe_SIFTS
https://www.ebi.ac.uk/pdbe/api/mappings/best_structures/Q1JRP2,bfcfc5f99948c8bb91701ed43b6343e0ff35b747de68db58971d8af560dfae33,404,2026-10-09T07:25:44.555120+00:00,not_supplied_by_service,Q1JRP2,PDBe_SIFTS
https://www.ebi.ac.uk/pdbe/api/mappings/best_structures/Q3MI99,bfcfc5f99948c8bb91701ed43b6343e0ff35b747de68db58971d8af560dfae33,404,2026-10-09T07:25:56.030659+00:00,not_supplied_by_service,Q3MI99,PDBe_SIFTS
https://www.ebi.ac.uk/pdbe/api/mappings/best_structures/Q3T9X0,bfcfc5f99948c8bb91701ed43b6343e0ff35b747de68db58971d8af560dfae33,404,2026-10-09T07:25:56.294821+00:00,not_supplied_by_service,Q3T9X0,PDBe_SIFTS
https://www.ebi.ac.uk/pdbe/api/mappings/best_structures/Q3TB82,bfcfc5f99948c8bb91701ed43b6343e0ff35b747de68db58971d8af560dfae33,404,2026-10-09T07:25:56.089086+00:00,not_supplied_by_service,Q3TB82,PDBe_SIFTS
https://www.ebi.ac.uk/pdbe/api/mappings/best_structures/Q3TBT3,51cef5679f773116e5236c59dc80fcd68d18ee879663edfcab592754a10f600b,200,2026-10-09T07:25:56.108737+00:00,not_supplied_by_service,Q3TBT3,PDBe_SIFTS
https://www.ebi.ac.uk/pdbe/api/mappings/best_structures/Q3TCX3,bfcfc5f99948c8bb91701ed43b6343e0ff35b747de68db58971d8af560dfae33,404,2026-10-09T07:25:56.299459+00:00,not_supplied_by_service,Q3TCX3,PDBe_SIFTS
https://www.ebi.ac.uk/pdbe/api/mappings/best_structures/Q3TYX2,bfcfc5f99948c8bb91701ed43b6343e0ff35b747de68db58971d8af560dfae33,404,2026-10-09T07:25:56.200302+00:00,not_supplied_by_service,Q3TYX2,PDBe_SIFTS
https://www.ebi.ac.uk/pdbe/api/mappings/best_structures/Q3TZA2,bfcfc5f99948c8bb91701ed43b6343e0ff35b747de68db58971d8af560dfae33,404,2026-10-09T07:25:56.096109+00:00,not_supplied_by_service,Q3TZA2,PDBe_SIFTS
https://www.ebi.ac.uk/pdbe/api/mappings/best_structures/Q3U4H6,bfcfc5f99948c8bb91701ed43b6343e0ff35b747de68db58971d8af560dfae33,404,2026-10-09T07:25:56.148960+00:00,not_supplied_by_service,Q3U4H6,PDBe_SIFTS
https://www.ebi.ac.uk/pdbe/api/mappings/best_structures/Q3U5C8,587538fa0deadd8da8c645551ee470c662ebb5e5988962d18b647a071f711b6f,200,2026-10-09T07:25:56.065650+00:00,not_supplied_by_service,Q3U5C8,PDBe_SIFTS
https://www.ebi.ac.uk/pdbe/api/mappings/best_structures/Q3UA16,bfcfc5f99948c8bb91701ed43b6343e0ff35b747de68db58971d8af560dfae33,404,2026-10-09T07:25:56.010209+00:00,not_supplied_by_service,Q3UA16,PDBe_SIFTS
https://www.ebi.ac.uk/pdbe/api/mappings/best_structures/Q3UCQ1,bfcfc5f99948c8bb91701ed43b6343e0ff35b747de68db58971d8af560dfae33,404,2026-10-09T07:25:56.022094+00:00,not_supplied_by_service,Q3UCQ1,PDBe_SIFTS
https://www.ebi.ac.uk/pdbe/api/mappings/best_structures/Q3UDF0,bfcfc5f99948c8bb91701ed43b6343e0ff35b747de68db58971d8af560dfae33,404,2026-10-09T07:25:56.415299+00:00,not_supplied_by_service,Q3UDF0,PDBe_SIFTS
https://www.ebi.ac.uk/pdbe/api/mappings/best_structures/Q3UG20,bfcfc5f99948c8bb91701ed43b6343e0ff35b747de68db58971d8af560dfae33,404,2026-10-09T07:25:56.349111+00:00,not_supplied_by_service,Q3UG20,PDBe_SIFTS
https://www.ebi.ac.uk/pdbe/api/mappings/best_structures/Q3UH68,bfcfc5f99948c8bb91701ed43b6343e0ff35b747de68db58971d8af560dfae33,404,2026-10-09T07:25:56.293334+00:00,not_supplied_by_service,Q3UH68,PDBe_SIFTS
https://www.ebi.ac.uk/pdbe/api/mappings/best_structures/Q3UHG7,bfcfc5f99948c8bb91701ed43b6343e0ff35b747de68db58971d8af560dfae33,404,2026-10-09T07:25:56.227886+00:00,not_supplied_by_service,Q3UHG7,PDBe_SIFTS
https://www.ebi.ac.uk/pdbe/api/mappings/best_structures/Q3UIJ9,bfcfc5f99948c8bb91701ed43b6343e0ff35b747de68db58971d8af560dfae33,404,2026-10-09T07:25:56.319801+00:00,not_supplied_by_service,Q3UIJ9,PDBe_SIFTS
https://www.ebi.ac.uk/pdbe/api/mappings/best_structures/Q3UN90,bfcfc5f99948c8bb91701ed43b6343e0ff35b747de68db58971d8af560dfae33,404,2026-10-09T07:26:08.243762+00:00,not_supplied_by_service,Q3UN90,PDBe_SIFTS
https://www.ebi.ac.uk/pdbe/api/mappings/best_structures/Q3UQ44,bfcfc5f99948c8bb91701ed43b6343e0ff35b747de68db58971d8af560dfae33,404,2026-10-09T07:26:08.658739+00:00,not_supplied_by_service,Q3UQ44,PDBe_SIFTS
https://www.ebi.ac.uk/pdbe/api/mappings/best_structures/Q3UR32,bfcfc5f99948c8bb91701ed43b6343e0ff35b747de68db58971d8af560dfae33,404,2026-10-09T07:26:08.688267+00:00,not_supplied_by_service,Q3UR32,PDBe_SIFTS
https://www.ebi.ac.uk/pdbe/api/mappings/best_structures/Q3USL1,bfcfc5f99948c8bb91701ed43b6343e0ff35b747de68db58971d8af560dfae33,404,2026-10-09T07:26:07.785061+00:00,not_supplied_by_service,Q3USL1,PDBe_SIFTS
https://www.ebi.ac.uk/pdbe/api/mappings/best_structures/Q3USW5,bfcfc5f99948c8bb91701ed43b6343e0ff35b747de68db58971d8af560dfae33,404,2026-10-09T07:26:08.654494+00:00,not_supplied_by_service,Q3USW5,PDBe_SIFTS
https://www.ebi.ac.uk/pdbe/api/mappings/best_structures/Q3UTY6,bfcfc5f99948c8bb91701ed43b6343e0ff35b747de68db58971d8af560dfae33,404,2026-10-09T07:26:08.247215+00:00,not_supplied_by_service,Q3UTY6,PDBe_SIFTS
https://www.ebi.ac.uk/pdbe/api/mappings/best_structures/Q3UZ01,bfcfc5f99948c8bb91701ed43b6343e0ff35b747de68db58971d8af560dfae33,404,2026-10-09T07:26:08.748070+00:00,not_supplied_by_service,Q3UZ01,PDBe_SIFTS
https://www.ebi.ac.uk/pdbe/api/mappings/best_structures/Q3V0G7,bfcfc5f99948c8bb91701ed43b6343e0ff35b747de68db58971d8af560dfae33,404,2026-10-09T07:26:08.247131+00:00,not_supplied_by_service,Q3V0G7,PDBe_SIFTS
https://www.ebi.ac.uk/pdbe/api/mappings/best_structures/Q3V1H1,bfcfc5f99948c8bb91701ed43b6343e0ff35b747de68db58971d8af560dfae33,404,2026-10-09T07:26:08.243515+00:00,not_supplied_by_service,Q3V1H1,PDBe_SIFTS
https://www.ebi.ac.uk/pdbe/api/mappings/best_structures/Q3V3G7,bfcfc5f99948c8bb91701ed43b6343e0ff35b747de68db58971d8af560dfae33,404,2026-10-09T07:26:08.318812+00:00,not_supplied_by_service,Q3V3G7,PDBe_SIFTS
https://www.ebi.ac.uk/pdbe/api/mappings/best_structures/Q499E6,bfcfc5f99948c8bb91701ed43b6343e0ff35b747de68db58971d8af560dfae33,404,2026-10-09T07:26:07.781295+00:00,not_supplied_by_service,Q499E6,PDBe_SIFTS
https://www.ebi.ac.uk/pdbe/api/mappings/best_structures/Q4FZC9,bfcfc5f99948c8bb91701ed43b6343e0ff35b747de68db58971d8af560dfae33,404,2026-10-09T07:26:08.585348+00:00,not_supplied_by_service,Q4FZC9,PDBe_SIFTS
https://www.ebi.ac.uk/pdbe/api/mappings/best_structures/Q4G0K9,bfcfc5f99948c8bb91701ed43b6343e0ff35b747de68db58971d8af560dfae33,404,2026-10-09T07:26:08.777337+00:00,not_supplied_by_service,Q4G0K9,PDBe_SIFTS
https://www.ebi.ac.uk/pdbe/api/mappings/best_structures/Q4JK59,bfcfc5f99948c8bb91701ed43b6343e0ff35b747de68db58971d8af560dfae33,404,2026-10-09T07:26:08.622420+00:00,not_supplied_by_service,Q4JK59,PDBe_SIFTS
https://www.ebi.ac.uk/pdbe/api/mappings/best_structures/Q4LDD4,14ce1ee71a8acd2a7b0f88265f446e5084e7dbc65de512495c88496f9eba873f,200,2026-10-09T07:26:08.752170+00:00,not_supplied_by_service,Q4LDD4,PDBe_SIFTS
https://www.ebi.ac.uk/pdbe/api/mappings/best_structures/Q4V9Z5,bfcfc5f99948c8bb91701ed43b6343e0ff35b747de68db58971d8af560dfae33,404,2026-10-09T07:26:08.851138+00:00,not_supplied_by_service,Q4V9Z5,PDBe_SIFTS
https://www.ebi.ac.uk/pdbe/api/mappings/best_structures/Q4VBE4,bfcfc5f99948c8bb91701ed43b6343e0ff35b747de68db58971d8af560dfae33,404,2026-10-09T07:26:20.660343+00:00,not_supplied_by_service,Q4VBE4,PDBe_SIFTS
https://www.ebi.ac.uk/pdbe/api/mappings/best_structures/Q562E2,bfcfc5f99948c8bb91701ed43b6343e0ff35b747de68db58971d8af560dfae33,404,2026-10-09T07:26:20.882648+00:00,not_supplied_by_service,Q562E2,PDBe_SIFTS
https://www.ebi.ac.uk/pdbe/api/mappings/best_structures/Q571E4,bfcfc5f99948c8bb91701ed43b6343e0ff35b747de68db58971d8af560dfae33,404,2026-10-09T07:26:20.667889+00:00,not_supplied_by_service,Q571E4,PDBe_SIFTS
https://www.ebi.ac.uk/pdbe/api/mappings/best_structures/Q5BKP2,bfcfc5f99948c8bb91701ed43b6343e0ff35b747de68db58971d8af560dfae33,404,2026-10-09T07:26:20.928013+00:00,not_supplied_by_service,Q5BKP2,PDBe_SIFTS
https://www.ebi.ac.uk/pdbe/api/mappings/best_structures/Q5DTX6,bfcfc5f99948c8bb91701ed43b6343e0ff35b747de68db58971d8af560dfae33,404,2026-10-09T07:26:20.907298+00:00,not_supplied_by_service,Q5DTX6,PDBe_SIFTS
https://www.ebi.ac.uk/pdbe/api/mappings/best_structures/Q5FW85,bfcfc5f99948c8bb91701ed43b6343e0ff35b747de68db58971d8af560dfae33,404,2026-10-09T07:26:20.909543+00:00,not_supplied_by_service,Q5FW85,PDBe_SIFTS
https://www.ebi.ac.uk/pdbe/api/mappings/best_structures/Q5SSZ5,bfcfc5f99948c8bb91701ed43b6343e0ff35b747de68db58971d8af560dfae33,404,2026-10-09T07:26:20.913062+00:00,not_supplied_by_service,Q5SSZ5,PDBe_SIFTS
https://www.ebi.ac.uk/pdbe/api/mappings/best_structures/Q5SUC9,bfcfc5f99948c8bb91701ed43b6343e0ff35b747de68db58971d8af560dfae33,404,2026-10-09T07:26:20.979048+00:00,not_supplied_by_service,Q5SUC9,PDBe_SIFTS
https://www.ebi.ac.uk/pdbe/api/mappings/best_structures/Q5SUF2,bfcfc5f99948c8bb91701ed43b6343e0ff35b747de68db58971d8af560dfae33,404,2026-10-09T07:26:20.874153+00:00,not_supplied_by_service,Q5SUF2,PDBe_SIFTS
https://www.ebi.ac.uk/pdbe/api/mappings/best_structures/Q5SV41,bfcfc5f99948c8bb91701ed43b6343e0ff35b747de68db58971d8af560dfae33,404,2026-10-09T07:26:20.887800+00:00,not_supplied_by_service,Q5SV41,PDBe_SIFTS
https://www.ebi.ac.uk/pdbe/api/mappings/best_structures/Q60765,bfcfc5f99948c8bb91701ed43b6343e0ff35b747de68db58971d8af560dfae33,404,2026-10-09T07:26:20.816005+00:00,not_supplied_by_service,Q60765,PDBe_SIFTS
https://www.ebi.ac.uk/pdbe/api/mappings/best_structures/Q60773,98522caab2fd07653d14eeedb735c30bb0dc3e49af2a537e8cd2d6f4728333a1,200,2026-10-09T07:26:20.927835+00:00,not_supplied_by_service,Q60773,PDBe_SIFTS
https://www.ebi.ac.uk/pdbe/api/mappings/best_structures/Q60787,3db9caeae2314da592185ebbe9dab4bd2307428b695fcd872dcdb9a627f03303,200,2026-10-09T07:26:20.902396+00:00,not_supplied_by_service,Q60787,PDBe_SIFTS
https://www.ebi.ac.uk/pdbe/api/mappings/best_structures/Q60803,696648d17f9c13c3b1e50a9903398bdf4eadf88b2b1ce49cad2de6bc874ab599,200,2026-10-09T07:26:20.745790+00:00,not_supplied_by_service,Q60803,PDBe_SIFTS
https://www.ebi.ac.uk/pdbe/api/mappings/best_structures/Q60805,bfcfc5f99948c8bb91701ed43b6343e0ff35b747de68db58971d8af560dfae33,404,2026-10-09T07:26:20.879328+00:00,not_supplied_by_service,Q60805,PDBe_SIFTS
https://www.ebi.ac.uk/pdbe/api/mappings/best_structures/Q60848,bfcfc5f99948c8bb91701ed43b6343e0ff35b747de68db58971d8af560dfae33,404,2026-10-09T07:26:20.749832+00:00,not_supplied_by_service,Q60848,PDBe_SIFTS
https://www.ebi.ac.uk/pdbe/api/mappings/best_structures/Q60857,bfcfc5f99948c8bb91701ed43b6343e0ff35b747de68db58971d8af560dfae33,404,2026-10-09T07:26:32.943151+00:00,not_supplied_by_service,Q60857,PDBe_SIFTS
https://www.ebi.ac.uk/pdbe/api/mappings/best_structures/Q61024,bfcfc5f99948c8bb91701ed43b6343e0ff35b747de68db58971d8af560dfae33,404,2026-10-09T07:26:33.000816+00:00,not_supplied_by_service,Q61024,PDBe_SIFTS
https://www.ebi.ac.uk/pdbe/api/mappings/best_structures/Q61033,e7ee8694df4a22f073d15bac2879b1bd3b0affb7ad7d108ae888f4a37abbffea,200,2026-10-09T07:26:33.370563+00:00,not_supplied_by_service,Q61033,PDBe_SIFTS
https://www.ebi.ac.uk/pdbe/api/mappings/best_structures/Q61093,bfcfc5f99948c8bb91701ed43b6343e0ff35b747de68db58971d8af560dfae33,404,2026-10-09T07:26:33.210855+00:00,not_supplied_by_service,Q61093,PDBe_SIFTS
https://www.ebi.ac.uk/pdbe/api/mappings/best_structures/Q61147,bfcfc5f99948c8bb91701ed43b6343e0ff35b747de68db58971d8af560dfae33,404,2026-10-09T07:26:33.301859+00:00,not_supplied_by_service,Q61147,PDBe_SIFTS
https://www.ebi.ac.uk/pdbe/api/mappings/best_structures/Q61207,83e26118cf66dae020994940a7e36c6e6ac2f0e4a41e0e132a8a707dda521d2c,200,2026-10-09T07:26:33.305275+00:00,not_supplied_by_service,Q61207,PDBe_SIFTS
https://www.ebi.ac.uk/pdbe/api/mappings/best_structures/Q61234,262cecb29ab5c1fb279c548052f4aae3f5806789438b7811c3ab9edebf3dbd69,200,2026-10-09T07:26:33.221291+00:00,not_supplied_by_service,Q61234,PDBe_SIFTS
https://www.ebi.ac.uk/pdbe/api/mappings/best_structures/Q61292,bfcfc5f99948c8bb91701ed43b6343e0ff35b747de68db58971d8af560dfae33,404,2026-10-09T07:26:33.297399+00:00,not_supplied_by_service,Q61292,PDBe_SIFTS
https://www.ebi.ac.uk/pdbe/api/mappings/best_structures/Q61467,bfcfc5f99948c8bb91701ed43b6343e0ff35b747de68db58971d8af560dfae33,404,2026-10-09T07:26:33.511905+00:00,not_supplied_by_service,Q61467,PDBe_SIFTS
https://www.ebi.ac.uk/pdbe/api/mappings/best_structures/Q61468,bfcfc5f99948c8bb91701ed43b6343e0ff35b747de68db58971d8af560dfae33,404,2026-10-09T07:26:33.130387+00:00,not_supplied_by_service,Q61468,PDBe_SIFTS
https://www.ebi.ac.uk/pdbe/api/mappings/best_structures/Q61477,bfcfc5f99948c8bb91701ed43b6343e0ff35b747de68db58971d8af560dfae33,404,2026-10-09T07:26:33.148425+00:00,not_supplied_by_service,Q61477,PDBe_SIFTS
https://www.ebi.ac.uk/pdbe/api/mappings/best_structures/Q61481,bfcfc5f99948c8bb91701ed43b6343e0ff35b747de68db58971d8af560dfae33,404,2026-10-09T07:26:33.222151+00:00,not_supplied_by_service,Q61481,PDBe_SIFTS
https://www.ebi.ac.uk/pdbe/api/mappings/best_structures/Q61508,bfcfc5f99948c8bb91701ed43b6343e0ff35b747de68db58971d8af560dfae33,404,2026-10-09T07:26:33.115152+00:00,not_supplied_by_service,Q61508,PDBe_SIFTS
https://www.ebi.ac.uk/pdbe/api/mappings/best_structures/Q61554,bfcfc5f99948c8bb91701ed43b6343e0ff35b747de68db58971d8af560dfae33,404,2026-10-09T07:26:33.159662+00:00,not_supplied_by_service,Q61554,PDBe_SIFTS
https://www.ebi.ac.uk/pdbe/api/mappings/best_structures/Q61592,bfcfc5f99948c8bb91701ed43b6343e0ff35b747de68db58971d8af560dfae33,404,2026-10-09T07:26:33.502609+00:00,not_supplied_by_service,Q61592,PDBe_SIFTS
https://www.ebi.ac.uk/pdbe/api/mappings/best_structures/Q61660,bfcfc5f99948c8bb91701ed43b6343e0ff35b747de68db58971d8af560dfae33,404,2026-10-09T07:26:33.154850+00:00,not_supplied_by_service,Q61660,PDBe_SIFTS
https://www.ebi.ac.uk/pdbe/api/mappings/best_structures/Q61711,bfcfc5f99948c8bb91701ed43b6343e0ff35b747de68db58971d8af560dfae33,404,2026-10-09T07:26:44.285268+00:00,not_supplied_by_service,Q61711,PDBe_SIFTS
https://www.ebi.ac.uk/pdbe/api/mappings/best_structures/Q61805,fe9ee20f02cc5db36e91657665ca28b29a401cae94d4566cbbeff6bfde467cd2,200,2026-10-09T07:26:44.805834+00:00,not_supplied_by_service,Q61805,PDBe_SIFTS
https://www.ebi.ac.uk/pdbe/api/mappings/best_structures/Q62000,bfcfc5f99948c8bb91701ed43b6343e0ff35b747de68db58971d8af560dfae33,404,2026-10-09T07:26:44.867944+00:00,not_supplied_by_service,Q62000,PDBe_SIFTS
https://www.ebi.ac.uk/pdbe/api/mappings/best_structures/Q62273,bfcfc5f99948c8bb91701ed43b6343e0ff35b747de68db58971d8af560dfae33,404,2026-10-09T07:26:44.509013+00:00,not_supplied_by_service,Q62273,PDBe_SIFTS
https://www.ebi.ac.uk/pdbe/api/mappings/best_structures/Q62312,8023263b3e9785e976673454210f20b04fa49dcf6d09bcc0ce7c4f53794c7c7e,200,2026-10-09T07:26:45.001955+00:00,not_supplied_by_service,Q62312,PDBe_SIFTS
https://www.ebi.ac.uk/pdbe/api/mappings/best_structures/Q62351,bfcfc5f99948c8bb91701ed43b6343e0ff35b747de68db58971d8af560dfae33,404,2026-10-09T07:26:44.556863+00:00,not_supplied_by_service,Q62351,PDBe_SIFTS
https://www.ebi.ac.uk/pdbe/api/mappings/best_structures/Q62392,bfcfc5f99948c8bb91701ed43b6343e0ff35b747de68db58971d8af560dfae33,404,2026-10-09T07:26:44.884236+00:00,not_supplied_by_service,Q62392,PDBe_SIFTS
https://www.ebi.ac.uk/pdbe/api/mappings/best_structures/Q62443,bfcfc5f99948c8bb91701ed43b6343e0ff35b747de68db58971d8af560dfae33,404,2026-10-09T07:26:44.986671+00:00,not_supplied_by_service,Q62443,PDBe_SIFTS
https://www.ebi.ac.uk/pdbe/api/mappings/best_structures/Q63918,bfcfc5f99948c8bb91701ed43b6343e0ff35b747de68db58971d8af560dfae33,404,2026-10-09T07:26:44.505939+00:00,not_supplied_by_service,Q63918,PDBe_SIFTS
https://www.ebi.ac.uk/pdbe/api/mappings/best_structures/Q64281,bfcfc5f99948c8bb91701ed43b6343e0ff35b747de68db58971d8af560dfae33,404,2026-10-09T07:26:44.591112+00:00,not_supplied_by_service,Q64281,PDBe_SIFTS
https://www.ebi.ac.uk/pdbe/api/mappings/best_structures/Q64378,bfcfc5f99948c8bb91701ed43b6343e0ff35b747de68db58971d8af560dfae33,404,2026-10-09T07:26:44.503930+00:00,not_supplied_by_service,Q64378,PDBe_SIFTS
https://www.ebi.ac.uk/pdbe/api/mappings/best_structures/Q64389,bfcfc5f99948c8bb91701ed43b6343e0ff35b747de68db58971d8af560dfae33,404,2026-10-09T07:26:44.770756+00:00,not_supplied_by_service,Q64389,PDBe_SIFTS
https://www.ebi.ac.uk/pdbe/api/mappings/best_structures/Q64689,bfcfc5f99948c8bb91701ed43b6343e0ff35b747de68db58971d8af560dfae33,404,2026-10-09T07:26:44.595491+00:00,not_supplied_by_service,Q64689,PDBe_SIFTS
https://www.ebi.ac.uk/pdbe/api/mappings/best_structures/Q64700,bfcfc5f99948c8bb91701ed43b6343e0ff35b747de68db58971d8af560dfae33,404,2026-10-09T07:26:44.505654+00:00,not_supplied_by_service,Q64700,PDBe_SIFTS
https://www.ebi.ac.uk/pdbe/api/mappings/best_structures/Q64GA5,bfcfc5f99948c8bb91701ed43b6343e0ff35b747de68db58971d8af560dfae33,404,2026-10-09T07:26:44.288572+00:00,not_supplied_by_service,Q64GA5,PDBe_SIFTS
https://www.ebi.ac.uk/pdbe/api/mappings/best_structures/Q66JX5,bfcfc5f99948c8bb91701ed43b6343e0ff35b747de68db58971d8af560dfae33,404,2026-10-09T07:26:44.501260+00:00,not_supplied_by_service,Q66JX5,PDBe_SIFTS
https://www.ebi.ac.uk/pdbe/api/mappings/best_structures/Q673U1,bfcfc5f99948c8bb91701ed43b6343e0ff35b747de68db58971d8af560dfae33,404,2026-10-09T07:26:56.271252+00:00,not_supplied_by_service,Q673U1,PDBe_SIFTS
https://www.ebi.ac.uk/pdbe/api/mappings/best_structures/Q69ZK0,bfcfc5f99948c8bb91701ed43b6343e0ff35b747de68db58971d8af560dfae33,404,2026-10-09T07:26:56.218993+00:00,not_supplied_by_service,Q69ZK0,PDBe_SIFTS
https://www.ebi.ac.uk/pdbe/api/mappings/best_structures/Q69ZK9,3c79b4e41aa990e342e8737466696fbd5c818b111296524a744c88a887d64787,200,2026-10-09T07:26:56.644290+00:00,not_supplied_by_service,Q69ZK9,PDBe_SIFTS
https://www.ebi.ac.uk/pdbe/api/mappings/best_structures/Q6DFW4,bfcfc5f99948c8bb91701ed43b6343e0ff35b747de68db58971d8af560dfae33,404,2026-10-09T07:26:56.783706+00:00,not_supplied_by_service,Q6DFW4,PDBe_SIFTS
https://www.ebi.ac.uk/pdbe/api/mappings/best_structures/Q6DTY7,bfcfc5f99948c8bb91701ed43b6343e0ff35b747de68db58971d8af560dfae33,404,2026-10-09T07:26:56.496857+00:00,not_supplied_by_service,Q6DTY7,PDBe_SIFTS
https://www.ebi.ac.uk/pdbe/api/mappings/best_structures/Q6NXJ0,bfcfc5f99948c8bb91701ed43b6343e0ff35b747de68db58971d8af560dfae33,404,2026-10-09T07:26:56.229569+00:00,not_supplied_by_service,Q6NXJ0,PDBe_SIFTS
https://www.ebi.ac.uk/pdbe/api/mappings/best_structures/Q6NXK8,bfcfc5f99948c8bb91701ed43b6343e0ff35b747de68db58971d8af560dfae33,404,2026-10-09T07:26:56.756736+00:00,not_supplied_by_service,Q6NXK8,PDBe_SIFTS
https://www.ebi.ac.uk/pdbe/api/mappings/best_structures/Q6NZK8,bfcfc5f99948c8bb91701ed43b6343e0ff35b747de68db58971d8af560dfae33,404,2026-10-09T07:26:56.529388+00:00,not_supplied_by_service,Q6NZK8,PDBe_SIFTS
https://www.ebi.ac.uk/pdbe/api/mappings/best_structures/Q6NZQ6,bfcfc5f99948c8bb91701ed43b6343e0ff35b747de68db58971d8af560dfae33,404,2026-10-09T07:26:56.877204+00:00,not_supplied_by_service,Q6NZQ6,PDBe_SIFTS
https://www.ebi.ac.uk/pdbe/api/mappings/best_structures/Q6P1C6,b6da1e008d27c10a0918d0fe95530b33941c0f34645807fd22c4bf9e937a7a50,200,2026-10-09T07:26:56.271064+00:00,not_supplied_by_service,Q6P1C6,PDBe_SIFTS
https://www.ebi.ac.uk/pdbe/api/mappings/best_structures/Q6P566,bfcfc5f99948c8bb91701ed43b6343e0ff35b747de68db58971d8af560dfae33,404,2026-10-09T07:26:56.275160+00:00,not_supplied_by_service,Q6P566,PDBe_SIFTS
https://www.ebi.ac.uk/pdbe/api/mappings/best_structures/Q6PAQ9,bfcfc5f99948c8bb91701ed43b6343e0ff35b747de68db58971d8af560dfae33,404,2026-10-09T07:26:56.274875+00:00,not_supplied_by_service,Q6PAQ9,PDBe_SIFTS
https://www.ebi.ac.uk/pdbe/api/mappings/best_structures/Q6PCM1,bfcfc5f99948c8bb91701ed43b6343e0ff35b747de68db58971d8af560dfae33,404,2026-10-09T07:26:56.640546+00:00,not_supplied_by_service,Q6PCM1,PDBe_SIFTS
https://www.ebi.ac.uk/pdbe/api/mappings/best_structures/Q6PD10,bfcfc5f99948c8bb91701ed43b6343e0ff35b747de68db58971d8af560dfae33,404,2026-10-09T07:26:56.356424+00:00,not_supplied_by_service,Q6PD10,PDBe_SIFTS
https://www.ebi.ac.uk/pdbe/api/mappings/best_structures/Q6PGB8,bfcfc5f99948c8bb91701ed43b6343e0ff35b747de68db58971d8af560dfae33,404,2026-10-09T07:26:56.355264+00:00,not_supplied_by_service,Q6PGB8,PDBe_SIFTS
https://www.ebi.ac.uk/pdbe/api/mappings/best_structures/Q6PGK7,bfcfc5f99948c8bb91701ed43b6343e0ff35b747de68db58971d8af560dfae33,404,2026-10-09T07:26:56.502190+00:00,not_supplied_by_service,Q6PGK7,PDBe_SIFTS
https://www.ebi.ac.uk/pdbe/api/mappings/best_structures/Q6QWF9,bfcfc5f99948c8bb91701ed43b6343e0ff35b747de68db58971d8af560dfae33,404,2026-10-09T07:27:07.784603+00:00,not_supplied_by_service,Q6QWF9,PDBe_SIFTS
https://www.ebi.ac.uk/pdbe/api/mappings/best_structures/Q6U7H8,bfcfc5f99948c8bb91701ed43b6343e0ff35b747de68db58971d8af560dfae33,404,2026-10-09T07:27:08.281135+00:00,not_supplied_by_service,Q6U7H8,PDBe_SIFTS
https://www.ebi.ac.uk/pdbe/api/mappings/best_structures/Q6ZQ73,bfcfc5f99948c8bb91701ed43b6343e0ff35b747de68db58971d8af560dfae33,404,2026-10-09T07:27:08.357595+00:00,not_supplied_by_service,Q6ZQ73,PDBe_SIFTS
https://www.ebi.ac.uk/pdbe/api/mappings/best_structures/Q6ZWR4,bfcfc5f99948c8bb91701ed43b6343e0ff35b747de68db58971d8af560dfae33,404,2026-10-09T07:27:08.232304+00:00,not_supplied_by_service,Q6ZWR4,PDBe_SIFTS
https://www.ebi.ac.uk/pdbe/api/mappings/best_structures/Q71KT5,bfcfc5f99948c8bb91701ed43b6343e0ff35b747de68db58971d8af560dfae33,404,2026-10-09T07:27:08.239292+00:00,not_supplied_by_service,Q71KT5,PDBe_SIFTS
https://www.ebi.ac.uk/pdbe/api/mappings/best_structures/Q78TU8,bfcfc5f99948c8bb91701ed43b6343e0ff35b747de68db58971d8af560dfae33,404,2026-10-09T07:27:08.581216+00:00,not_supplied_by_service,Q78TU8,PDBe_SIFTS
https://www.ebi.ac.uk/pdbe/api/mappings/best_structures/Q7M760,bfcfc5f99948c8bb91701ed43b6343e0ff35b747de68db58971d8af560dfae33,404,2026-10-09T07:27:08.351613+00:00,not_supplied_by_service,Q7M760,PDBe_SIFTS
https://www.ebi.ac.uk/pdbe/api/mappings/best_structures/Q7TMJ8,bfcfc5f99948c8bb91701ed43b6343e0ff35b747de68db58971d8af560dfae33,404,2026-10-09T07:27:08.088523+00:00,not_supplied_by_service,Q7TMJ8,PDBe_SIFTS
https://www.ebi.ac.uk/pdbe/api/mappings/best_structures/Q7TML3,bfcfc5f99948c8bb91701ed43b6343e0ff35b747de68db58971d8af560dfae33,404,2026-10-09T07:27:08.487530+00:00,not_supplied_by_service,Q7TML3,PDBe_SIFTS
https://www.ebi.ac.uk/pdbe/api/mappings/best_structures/Q7TMM9,d1ded94a8dbb3367b80b532590c70bbc4159b573e7c9e4d120c5e89089ed561b,200,2026-10-09T07:27:08.309138+00:00,not_supplied_by_service,Q7TMM9,PDBe_SIFTS
https://www.ebi.ac.uk/pdbe/api/mappings/best_structures/Q7TNV1,bfcfc5f99948c8bb91701ed43b6343e0ff35b747de68db58971d8af560dfae33,404,2026-10-09T07:27:08.235286+00:00,not_supplied_by_service,Q7TNV1,PDBe_SIFTS
https://www.ebi.ac.uk/pdbe/api/mappings/best_structures/Q7TPM6,bfcfc5f99948c8bb91701ed43b6343e0ff35b747de68db58971d8af560dfae33,404,2026-10-09T07:27:08.334185+00:00,not_supplied_by_service,Q7TPM6,PDBe_SIFTS
https://www.ebi.ac.uk/pdbe/api/mappings/best_structures/Q7TPQ9,bfcfc5f99948c8bb91701ed43b6343e0ff35b747de68db58971d8af560dfae33,404,2026-10-09T07:27:08.247428+00:00,not_supplied_by_service,Q7TPQ9,PDBe_SIFTS
https://www.ebi.ac.uk/pdbe/api/mappings/best_structures/Q7TSJ2,bfcfc5f99948c8bb91701ed43b6343e0ff35b747de68db58971d8af560dfae33,404,2026-10-09T07:27:08.235144+00:00,not_supplied_by_service,Q7TSJ2,PDBe_SIFTS
https://www.ebi.ac.uk/pdbe/api/mappings/best_structures/Q7TSK2,bfcfc5f99948c8bb91701ed43b6343e0ff35b747de68db58971d8af560dfae33,404,2026-10-09T07:27:08.234222+00:00,not_supplied_by_service,Q7TSK2,PDBe_SIFTS
https://www.ebi.ac.uk/pdbe/api/mappings/best_structures/Q7TSQ1,bfcfc5f99948c8bb91701ed43b6343e0ff35b747de68db58971d8af560dfae33,404,2026-10-09T07:27:08.332783+00:00,not_supplied_by_service,Q7TSQ1,PDBe_SIFTS
https://www.ebi.ac.uk/pdbe/api/mappings/best_structures/Q80TS8,bfcfc5f99948c8bb91701ed43b6343e0ff35b747de68db58971d8af560dfae33,404,2026-10-09T07:27:20.045653+00:00,not_supplied_by_service,Q80TS8,PDBe_SIFTS
https://www.ebi.ac.uk/pdbe/api/mappings/best_structures/Q80UP8,bfcfc5f99948c8bb91701ed43b6343e0ff35b747de68db58971d8af560dfae33,404,2026-10-09T07:27:20.415332+00:00,not_supplied_by_service,Q80UP8,PDBe_SIFTS
https://www.ebi.ac.uk/pdbe/api/mappings/best_structures/Q80WV3,bfcfc5f99948c8bb91701ed43b6343e0ff35b747de68db58971d8af560dfae33,404,2026-10-09T07:27:19.875418+00:00,not_supplied_by_service,Q80WV3,PDBe_SIFTS
https://www.ebi.ac.uk/pdbe/api/mappings/best_structures/Q80X95,bfcfc5f99948c8bb91701ed43b6343e0ff35b747de68db58971d8af560dfae33,404,2026-10-09T07:27:20.339112+00:00,not_supplied_by_service,Q80X95,PDBe_SIFTS
https://www.ebi.ac.uk/pdbe/api/mappings/best_structures/Q80XM3,bfcfc5f99948c8bb91701ed43b6343e0ff35b747de68db58971d8af560dfae33,404,2026-10-09T07:27:20.337636+00:00,not_supplied_by_service,Q80XM3,PDBe_SIFTS
https://www.ebi.ac.uk/pdbe/api/mappings/best_structures/Q80XM9,bfcfc5f99948c8bb91701ed43b6343e0ff35b747de68db58971d8af560dfae33,404,2026-10-09T07:27:20.405579+00:00,not_supplied_by_service,Q80XM9,PDBe_SIFTS
https://www.ebi.ac.uk/pdbe/api/mappings/best_structures/Q80ZM3,bfcfc5f99948c8bb91701ed43b6343e0ff35b747de68db58971d8af560dfae33,404,2026-10-09T07:27:20.335000+00:00,not_supplied_by_service,Q80ZM3,PDBe_SIFTS
https://www.ebi.ac.uk/pdbe/api/mappings/best_structures/Q80ZN9,bfcfc5f99948c8bb91701ed43b6343e0ff35b747de68db58971d8af560dfae33,404,2026-10-09T07:27:20.501627+00:00,not_supplied_by_service,Q80ZN9,PDBe_SIFTS
https://www.ebi.ac.uk/pdbe/api/mappings/best_structures/Q810P3,bfcfc5f99948c8bb91701ed43b6343e0ff35b747de68db58971d8af560dfae33,404,2026-10-09T07:27:19.878925+00:00,not_supplied_by_service,Q810P3,PDBe_SIFTS
https://www.ebi.ac.uk/pdbe/api/mappings/best_structures/Q811W2,bfcfc5f99948c8bb91701ed43b6343e0ff35b747de68db58971d8af560dfae33,404,2026-10-09T07:27:20.139555+00:00,not_supplied_by_service,Q811W2,PDBe_SIFTS
https://www.ebi.ac.uk/pdbe/api/mappings/best_structures/Q8BFR5,bfcfc5f99948c8bb91701ed43b6343e0ff35b747de68db58971d8af560dfae33,404,2026-10-09T07:27:20.329585+00:00,not_supplied_by_service,Q8BFR5,PDBe_SIFTS
https://www.ebi.ac.uk/pdbe/api/mappings/best_structures/Q8BFY7,bfcfc5f99948c8bb91701ed43b6343e0ff35b747de68db58971d8af560dfae33,404,2026-10-09T07:27:19.879142+00:00,not_supplied_by_service,Q8BFY7,PDBe_SIFTS
https://www.ebi.ac.uk/pdbe/api/mappings/best_structures/Q8BG26,bfcfc5f99948c8bb91701ed43b6343e0ff35b747de68db58971d8af560dfae33,404,2026-10-09T07:27:20.548111+00:00,not_supplied_by_service,Q8BG26,PDBe_SIFTS
https://www.ebi.ac.uk/pdbe/api/mappings/best_structures/Q8BG60,bfcfc5f99948c8bb91701ed43b6343e0ff35b747de68db58971d8af560dfae33,404,2026-10-09T07:27:20.437039+00:00,not_supplied_by_service,Q8BG60,PDBe_SIFTS
https://www.ebi.ac.uk/pdbe/api/mappings/best_structures/Q8BGQ7,bfcfc5f99948c8bb91701ed43b6343e0ff35b747de68db58971d8af560dfae33,404,2026-10-09T07:27:20.562896+00:00,not_supplied_by_service,Q8BGQ7,PDBe_SIFTS
https://www.ebi.ac.uk/pdbe/api/mappings/best_structures/Q8BGT8,bfcfc5f99948c8bb91701ed43b6343e0ff35b747de68db58971d8af560dfae33,404,2026-10-09T07:27:20.045713+00:00,not_supplied_by_service,Q8BGT8,PDBe_SIFTS
https://www.ebi.ac.uk/pdbe/api/mappings/best_structures/Q8BH15,bfcfc5f99948c8bb91701ed43b6343e0ff35b747de68db58971d8af560dfae33,404,2026-10-09T07:27:32.093181+00:00,not_supplied_by_service,Q8BH15,PDBe_SIFTS
https://www.ebi.ac.uk/pdbe/api/mappings/best_structures/Q8BH61,bfcfc5f99948c8bb91701ed43b6343e0ff35b747de68db58971d8af560dfae33,404,2026-10-09T07:27:32.160142+00:00,not_supplied_by_service,Q8BH61,PDBe_SIFTS
https://www.ebi.ac.uk/pdbe/api/mappings/best_structures/Q8BHC0,7d169c8611365f7e7b44e4a05aa03e5627383fbbc8f52306a88d702681c11a6a,200,2026-10-09T07:27:31.828843+00:00,not_supplied_by_service,Q8BHC0,PDBe_SIFTS
https://www.ebi.ac.uk/pdbe/api/mappings/best_structures/Q8BHI4,bfcfc5f99948c8bb91701ed43b6343e0ff35b747de68db58971d8af560dfae33,404,2026-10-09T07:27:32.163045+00:00,not_supplied_by_service,Q8BHI4,PDBe_SIFTS
https://www.ebi.ac.uk/pdbe/api/mappings/best_structures/Q8BHK2,bfcfc5f99948c8bb91701ed43b6343e0ff35b747de68db58971d8af560dfae33,404,2026-10-09T07:27:32.294304+00:00,not_supplied_by_service,Q8BHK2,PDBe_SIFTS
https://www.ebi.ac.uk/pdbe/api/mappings/best_structures/Q8BIP0,bfcfc5f99948c8bb91701ed43b6343e0ff35b747de68db58971d8af560dfae33,404,2026-10-09T07:27:32.301183+00:00,not_supplied_by_service,Q8BIP0,PDBe_SIFTS
https://www.ebi.ac.uk/pdbe/api/mappings/best_structures/Q8BIZ0,bfcfc5f99948c8bb91701ed43b6343e0ff35b747de68db58971d8af560dfae33,404,2026-10-09T07:27:32.135594+00:00,not_supplied_by_service,Q8BIZ0,PDBe_SIFTS
https://www.ebi.ac.uk/pdbe/api/mappings/best_structures/Q8BJ71,bfcfc5f99948c8bb91701ed43b6343e0ff35b747de68db58971d8af560dfae33,404,2026-10-09T07:27:32.126855+00:00,not_supplied_by_service,Q8BJ71,PDBe_SIFTS
https://www.ebi.ac.uk/pdbe/api/mappings/best_structures/Q8BJK1,9bede5f3a810338c0550ac89f972ebdd0a07df4e374d6b62c83ffc033febdb07,200,2026-10-09T07:27:32.169339+00:00,not_supplied_by_service,Q8BJK1,PDBe_SIFTS
https://www.ebi.ac.uk/pdbe/api/mappings/best_structures/Q8BJS4,f61cc4443e409c07869f98308889323ef027388bb3de5d12d7479978950e27c3,200,2026-10-09T07:27:32.055666+00:00,not_supplied_by_service,Q8BJS4,PDBe_SIFTS
https://www.ebi.ac.uk/pdbe/api/mappings/best_structures/Q8BK06,bfcfc5f99948c8bb91701ed43b6343e0ff35b747de68db58971d8af560dfae33,404,2026-10-09T07:27:32.106246+00:00,not_supplied_by_service,Q8BK06,PDBe_SIFTS
https://www.ebi.ac.uk/pdbe/api/mappings/best_structures/Q8BK48,bfcfc5f99948c8bb91701ed43b6343e0ff35b747de68db58971d8af560dfae33,404,2026-10-09T07:27:32.116158+00:00,not_supplied_by_service,Q8BK48,PDBe_SIFTS
https://www.ebi.ac.uk/pdbe/api/mappings/best_structures/Q8BK64,bfcfc5f99948c8bb91701ed43b6343e0ff35b747de68db58971d8af560dfae33,404,2026-10-09T07:27:32.138630+00:00,not_supplied_by_service,Q8BK64,PDBe_SIFTS
https://www.ebi.ac.uk/pdbe/api/mappings/best_structures/Q8BKT6,bfcfc5f99948c8bb91701ed43b6343e0ff35b747de68db58971d8af560dfae33,404,2026-10-09T07:27:32.166954+00:00,not_supplied_by_service,Q8BKT6,PDBe_SIFTS
https://www.ebi.ac.uk/pdbe/api/mappings/best_structures/Q8BKX1,bfcfc5f99948c8bb91701ed43b6343e0ff35b747de68db58971d8af560dfae33,404,2026-10-09T07:27:32.133796+00:00,not_supplied_by_service,Q8BKX1,PDBe_SIFTS
https://www.ebi.ac.uk/pdbe/api/mappings/best_structures/Q8BL06,bfcfc5f99948c8bb91701ed43b6343e0ff35b747de68db58971d8af560dfae33,404,2026-10-09T07:27:32.095722+00:00,not_supplied_by_service,Q8BL06,PDBe_SIFTS
https://www.ebi.ac.uk/pdbe/api/mappings/best_structures/Q8BL48,441b352e878997fdf662ef344343d85eea05b94f499250af30ffce1d6e64b07a,200,2026-10-09T07:27:43.312017+00:00,not_supplied_by_service,Q8BL48,PDBe_SIFTS
https://www.ebi.ac.uk/pdbe/api/mappings/best_structures/Q8BLC3,bfcfc5f99948c8bb91701ed43b6343e0ff35b747de68db58971d8af560dfae33,404,2026-10-09T07:27:44.048641+00:00,not_supplied_by_service,Q8BLC3,PDBe_SIFTS
https://www.ebi.ac.uk/pdbe/api/mappings/best_structures/Q8BLF2,bfcfc5f99948c8bb91701ed43b6343e0ff35b747de68db58971d8af560dfae33,404,2026-10-09T07:27:43.892306+00:00,not_supplied_by_service,Q8BLF2,PDBe_SIFTS
https://www.ebi.ac.uk/pdbe/api/mappings/best_structures/Q8BM75,bfcfc5f99948c8bb91701ed43b6343e0ff35b747de68db58971d8af560dfae33,404,2026-10-09T07:27:43.783727+00:00,not_supplied_by_service,Q8BM75,PDBe_SIFTS
https://www.ebi.ac.uk/pdbe/api/mappings/best_structures/Q8BMB3,bfcfc5f99948c8bb91701ed43b6343e0ff35b747de68db58971d8af560dfae33,404,2026-10-09T07:27:43.265607+00:00,not_supplied_by_service,Q8BMB3,PDBe_SIFTS
https://www.ebi.ac.uk/pdbe/api/mappings/best_structures/Q8BQN5,bfcfc5f99948c8bb91701ed43b6343e0ff35b747de68db58971d8af560dfae33,404,2026-10-09T07:27:43.760487+00:00,not_supplied_by_service,Q8BQN5,PDBe_SIFTS
https://www.ebi.ac.uk/pdbe/api/mappings/best_structures/Q8BRH3,bfcfc5f99948c8bb91701ed43b6343e0ff35b747de68db58971d8af560dfae33,404,2026-10-09T07:27:44.023121+00:00,not_supplied_by_service,Q8BRH3,PDBe_SIFTS
https://www.ebi.ac.uk/pdbe/api/mappings/best_structures/Q8BS95,bfcfc5f99948c8bb91701ed43b6343e0ff35b747de68db58971d8af560dfae33,404,2026-10-09T07:27:44.103866+00:00,not_supplied_by_service,Q8BS95,PDBe_SIFTS
https://www.ebi.ac.uk/pdbe/api/mappings/best_structures/Q8BSM7,bfcfc5f99948c8bb91701ed43b6343e0ff35b747de68db58971d8af560dfae33,404,2026-10-09T07:27:43.950325+00:00,not_supplied_by_service,Q8BSM7,PDBe_SIFTS
https://www.ebi.ac.uk/pdbe/api/mappings/best_structures/Q8BT51,bfcfc5f99948c8bb91701ed43b6343e0ff35b747de68db58971d8af560dfae33,404,2026-10-09T07:27:44.025488+00:00,not_supplied_by_service,Q8BT51,PDBe_SIFTS
https://www.ebi.ac.uk/pdbe/api/mappings/best_structures/Q8BTM8,bfcfc5f99948c8bb91701ed43b6343e0ff35b747de68db58971d8af560dfae33,404,2026-10-09T07:27:43.765210+00:00,not_supplied_by_service,Q8BTM8,PDBe_SIFTS
https://www.ebi.ac.uk/pdbe/api/mappings/best_structures/Q8BTZ7,bfcfc5f99948c8bb91701ed43b6343e0ff35b747de68db58971d8af560dfae33,404,2026-10-09T07:27:43.884077+00:00,not_supplied_by_service,Q8BTZ7,PDBe_SIFTS
https://www.ebi.ac.uk/pdbe/api/mappings/best_structures/Q8BU25,bfcfc5f99948c8bb91701ed43b6343e0ff35b747de68db58971d8af560dfae33,404,2026-10-09T07:27:43.768666+00:00,not_supplied_by_service,Q8BU25,PDBe_SIFTS
https://www.ebi.ac.uk/pdbe/api/mappings/best_structures/Q8BVZ5,97a65416bfd481e68f5dd4a02a4a7f8960e2cfb7182822d2ed13a53ce08bedde,200,2026-10-09T07:27:43.604411+00:00,not_supplied_by_service,Q8BVZ5,PDBe_SIFTS
https://www.ebi.ac.uk/pdbe/api/mappings/best_structures/Q8BWG8,bfcfc5f99948c8bb91701ed43b6343e0ff35b747de68db58971d8af560dfae33,404,2026-10-09T07:27:43.261075+00:00,not_supplied_by_service,Q8BWG8,PDBe_SIFTS
https://www.ebi.ac.uk/pdbe/api/mappings/best_structures/Q8BWU8,bfcfc5f99948c8bb91701ed43b6343e0ff35b747de68db58971d8af560dfae33,404,2026-10-09T07:27:43.604859+00:00,not_supplied_by_service,Q8BWU8,PDBe_SIFTS
https://www.ebi.ac.uk/pdbe/api/mappings/best_structures/Q8BWY2,bfcfc5f99948c8bb91701ed43b6343e0ff35b747de68db58971d8af560dfae33,404,2026-10-09T07:27:55.680744+00:00,not_supplied_by_service,Q8BWY2,PDBe_SIFTS
https://www.ebi.ac.uk/pdbe/api/mappings/best_structures/Q8BX05,bfcfc5f99948c8bb91701ed43b6343e0ff35b747de68db58971d8af560dfae33,404,2026-10-09T07:27:55.694257+00:00,not_supplied_by_service,Q8BX05,PDBe_SIFTS
https://www.ebi.ac.uk/pdbe/api/mappings/best_structures/Q8BX32,bfcfc5f99948c8bb91701ed43b6343e0ff35b747de68db58971d8af560dfae33,404,2026-10-09T07:27:55.800992+00:00,not_supplied_by_service,Q8BX32,PDBe_SIFTS
https://www.ebi.ac.uk/pdbe/api/mappings/best_structures/Q8BX35,bfcfc5f99948c8bb91701ed43b6343e0ff35b747de68db58971d8af560dfae33,404,2026-10-09T07:27:56.040293+00:00,not_supplied_by_service,Q8BX35,PDBe_SIFTS
https://www.ebi.ac.uk/pdbe/api/mappings/best_structures/Q8BYI9,bfcfc5f99948c8bb91701ed43b6343e0ff35b747de68db58971d8af560dfae33,404,2026-10-09T07:27:55.686989+00:00,not_supplied_by_service,Q8BYI9,PDBe_SIFTS
https://www.ebi.ac.uk/pdbe/api/mappings/best_structures/Q8BZJ7,bfcfc5f99948c8bb91701ed43b6343e0ff35b747de68db58971d8af560dfae33,404,2026-10-09T07:27:55.686798+00:00,not_supplied_by_service,Q8BZJ7,PDBe_SIFTS
https://www.ebi.ac.uk/pdbe/api/mappings/best_structures/Q8BZT7,bfcfc5f99948c8bb91701ed43b6343e0ff35b747de68db58971d8af560dfae33,404,2026-10-09T07:27:55.788135+00:00,not_supplied_by_service,Q8BZT7,PDBe_SIFTS
https://www.ebi.ac.uk/pdbe/api/mappings/best_structures/Q8C033,bfcfc5f99948c8bb91701ed43b6343e0ff35b747de68db58971d8af560dfae33,404,2026-10-09T07:27:55.801061+00:00,not_supplied_by_service,Q8C033,PDBe_SIFTS
https://www.ebi.ac.uk/pdbe/api/mappings/best_structures/Q8C080,bfcfc5f99948c8bb91701ed43b6343e0ff35b747de68db58971d8af560dfae33,404,2026-10-09T07:27:55.972729+00:00,not_supplied_by_service,Q8C080,PDBe_SIFTS
https://www.ebi.ac.uk/pdbe/api/mappings/best_structures/Q8C0Q2,bfcfc5f99948c8bb91701ed43b6343e0ff35b747de68db58971d8af560dfae33,404,2026-10-09T07:27:55.783765+00:00,not_supplied_by_service,Q8C0Q2,PDBe_SIFTS
https://www.ebi.ac.uk/pdbe/api/mappings/best_structures/Q8C156,bfcfc5f99948c8bb91701ed43b6343e0ff35b747de68db58971d8af560dfae33,404,2026-10-09T07:27:55.693689+00:00,not_supplied_by_service,Q8C156,PDBe_SIFTS
https://www.ebi.ac.uk/pdbe/api/mappings/best_structures/Q8C255,bfcfc5f99948c8bb91701ed43b6343e0ff35b747de68db58971d8af560dfae33,404,2026-10-09T07:27:55.678742+00:00,not_supplied_by_service,Q8C255,PDBe_SIFTS
https://www.ebi.ac.uk/pdbe/api/mappings/best_structures/Q8C267,bfcfc5f99948c8bb91701ed43b6343e0ff35b747de68db58971d8af560dfae33,404,2026-10-09T07:27:55.923250+00:00,not_supplied_by_service,Q8C267,PDBe_SIFTS
https://www.ebi.ac.uk/pdbe/api/mappings/best_structures/Q8C351,2450ca2fcbad6220da42e16356011a50cadbc592a65091c42ee3effe900a3f86,200,2026-10-09T07:27:55.804791+00:00,not_supplied_by_service,Q8C351,PDBe_SIFTS
https://www.ebi.ac.uk/pdbe/api/mappings/best_structures/Q8C398,bfcfc5f99948c8bb91701ed43b6343e0ff35b747de68db58971d8af560dfae33,404,2026-10-09T07:27:55.781973+00:00,not_supplied_by_service,Q8C398,PDBe_SIFTS
https://www.ebi.ac.uk/pdbe/api/mappings/best_structures/Q8C581,bfcfc5f99948c8bb91701ed43b6343e0ff35b747de68db58971d8af560dfae33,404,2026-10-09T07:27:55.979625+00:00,not_supplied_by_service,Q8C581,PDBe_SIFTS
https://www.ebi.ac.uk/pdbe/api/mappings/best_structures/Q8C5L6,bfcfc5f99948c8bb91701ed43b6343e0ff35b747de68db58971d8af560dfae33,404,2026-10-09T07:28:07.783305+00:00,not_supplied_by_service,Q8C5L6,PDBe_SIFTS
https://www.ebi.ac.uk/pdbe/api/mappings/best_structures/Q8C6I2,bfcfc5f99948c8bb91701ed43b6343e0ff35b747de68db58971d8af560dfae33,404,2026-10-09T07:28:07.901114+00:00,not_supplied_by_service,Q8C6I2,PDBe_SIFTS
https://www.ebi.ac.uk/pdbe/api/mappings/best_structures/Q8C8T7,bfcfc5f99948c8bb91701ed43b6343e0ff35b747de68db58971d8af560dfae33,404,2026-10-09T07:28:07.784182+00:00,not_supplied_by_service,Q8C8T7,PDBe_SIFTS
https://www.ebi.ac.uk/pdbe/api/mappings/best_structures/Q8C9W3,bfcfc5f99948c8bb91701ed43b6343e0ff35b747de68db58971d8af560dfae33,404,2026-10-09T07:28:08.019078+00:00,not_supplied_by_service,Q8C9W3,PDBe_SIFTS
https://www.ebi.ac.uk/pdbe/api/mappings/best_structures/Q8CA71,bfcfc5f99948c8bb91701ed43b6343e0ff35b747de68db58971d8af560dfae33,404,2026-10-09T07:28:07.897972+00:00,not_supplied_by_service,Q8CA71,PDBe_SIFTS
https://www.ebi.ac.uk/pdbe/api/mappings/best_structures/Q8CAA5,bfcfc5f99948c8bb91701ed43b6343e0ff35b747de68db58971d8af560dfae33,404,2026-10-09T07:28:07.908964+00:00,not_supplied_by_service,Q8CAA5,PDBe_SIFTS
https://www.ebi.ac.uk/pdbe/api/mappings/best_structures/Q8CAL5,bfcfc5f99948c8bb91701ed43b6343e0ff35b747de68db58971d8af560dfae33,404,2026-10-09T07:28:08.199215+00:00,not_supplied_by_service,Q8CAL5,PDBe_SIFTS
https://www.ebi.ac.uk/pdbe/api/mappings/best_structures/Q8CAM5,bfcfc5f99948c8bb91701ed43b6343e0ff35b747de68db58971d8af560dfae33,404,2026-10-09T07:28:07.817582+00:00,not_supplied_by_service,Q8CAM5,PDBe_SIFTS
https://www.ebi.ac.uk/pdbe/api/mappings/best_structures/Q8CAY6,bfcfc5f99948c8bb91701ed43b6343e0ff35b747de68db58971d8af560dfae33,404,2026-10-09T07:28:07.801419+00:00,not_supplied_by_service,Q8CAY6,PDBe_SIFTS
https://www.ebi.ac.uk/pdbe/api/mappings/best_structures/Q8CDJ8,bfcfc5f99948c8bb91701ed43b6343e0ff35b747de68db58971d8af560dfae33,404,2026-10-09T07:28:08.292786+00:00,not_supplied_by_service,Q8CDJ8,PDBe_SIFTS
https://www.ebi.ac.uk/pdbe/api/mappings/best_structures/Q8CE50,bfcfc5f99948c8bb91701ed43b6343e0ff35b747de68db58971d8af560dfae33,404,2026-10-09T07:28:08.088546+00:00,not_supplied_by_service,Q8CE50,PDBe_SIFTS
https://www.ebi.ac.uk/pdbe/api/mappings/best_structures/Q8CEE6,bfcfc5f99948c8bb91701ed43b6343e0ff35b747de68db58971d8af560dfae33,404,2026-10-09T07:28:07.902090+00:00,not_supplied_by_service,Q8CEE6,PDBe_SIFTS
https://www.ebi.ac.uk/pdbe/api/mappings/best_structures/Q8CF60,bfcfc5f99948c8bb91701ed43b6343e0ff35b747de68db58971d8af560dfae33,404,2026-10-09T07:28:08.032834+00:00,not_supplied_by_service,Q8CF60,PDBe_SIFTS
https://www.ebi.ac.uk/pdbe/api/mappings/best_structures/Q8CF66,bfcfc5f99948c8bb91701ed43b6343e0ff35b747de68db58971d8af560dfae33,404,2026-10-09T07:28:08.034671+00:00,not_supplied_by_service,Q8CF66,PDBe_SIFTS
https://www.ebi.ac.uk/pdbe/api/mappings/best_structures/Q8CFD5,bfcfc5f99948c8bb91701ed43b6343e0ff35b747de68db58971d8af560dfae33,404,2026-10-09T07:28:07.899994+00:00,not_supplied_by_service,Q8CFD5,PDBe_SIFTS
https://www.ebi.ac.uk/pdbe/api/mappings/best_structures/Q8CFG0,bfcfc5f99948c8bb91701ed43b6343e0ff35b747de68db58971d8af560dfae33,404,2026-10-09T07:28:07.826995+00:00,not_supplied_by_service,Q8CFG0,PDBe_SIFTS
https://www.ebi.ac.uk/pdbe/api/mappings/best_structures/Q8CFV4,bfcfc5f99948c8bb91701ed43b6343e0ff35b747de68db58971d8af560dfae33,404,2026-10-09T07:28:19.065404+00:00,not_supplied_by_service,Q8CFV4,PDBe_SIFTS
https://www.ebi.ac.uk/pdbe/api/mappings/best_structures/Q8CGB6,bfcfc5f99948c8bb91701ed43b6343e0ff35b747de68db58971d8af560dfae33,404,2026-10-09T07:28:19.829065+00:00,not_supplied_by_service,Q8CGB6,PDBe_SIFTS
https://www.ebi.ac.uk/pdbe/api/mappings/best_structures/Q8CGE9,bfcfc5f99948c8bb91701ed43b6343e0ff35b747de68db58971d8af560dfae33,404,2026-10-09T07:28:19.750702+00:00,not_supplied_by_service,Q8CGE9,PDBe_SIFTS
https://www.ebi.ac.uk/pdbe/api/mappings/best_structures/Q8CGF1,bfcfc5f99948c8bb91701ed43b6343e0ff35b747de68db58971d8af560dfae33,404,2026-10-09T07:28:20.025962+00:00,not_supplied_by_service,Q8CGF1,PDBe_SIFTS
https://www.ebi.ac.uk/pdbe/api/mappings/best_structures/Q8CI19,bfcfc5f99948c8bb91701ed43b6343e0ff35b747de68db58971d8af560dfae33,404,2026-10-09T07:28:20.160777+00:00,not_supplied_by_service,Q8CI19,PDBe_SIFTS
https://www.ebi.ac.uk/pdbe/api/mappings/best_structures/Q8CID3,bfcfc5f99948c8bb91701ed43b6343e0ff35b747de68db58971d8af560dfae33,404,2026-10-09T07:28:20.037759+00:00,not_supplied_by_service,Q8CID3,PDBe_SIFTS
https://www.ebi.ac.uk/pdbe/api/mappings/best_structures/Q8K007,bfcfc5f99948c8bb91701ed43b6343e0ff35b747de68db58971d8af560dfae33,404,2026-10-09T07:28:19.753022+00:00,not_supplied_by_service,Q8K007,PDBe_SIFTS
https://www.ebi.ac.uk/pdbe/api/mappings/best_structures/Q8K0C4,bfcfc5f99948c8bb91701ed43b6343e0ff35b747de68db58971d8af560dfae33,404,2026-10-09T07:28:20.254780+00:00,not_supplied_by_service,Q8K0C4,PDBe_SIFTS
https://www.ebi.ac.uk/pdbe/api/mappings/best_structures/Q8K0E7,bfcfc5f99948c8bb91701ed43b6343e0ff35b747de68db58971d8af560dfae33,404,2026-10-09T07:28:19.107033+00:00,not_supplied_by_service,Q8K0E7,PDBe_SIFTS
https://www.ebi.ac.uk/pdbe/api/mappings/best_structures/Q8K1A5,bfcfc5f99948c8bb91701ed43b6343e0ff35b747de68db58971d8af560dfae33,404,2026-10-09T07:28:19.064242+00:00,not_supplied_by_service,Q8K1A5,PDBe_SIFTS
https://www.ebi.ac.uk/pdbe/api/mappings/best_structures/Q8K1G2,bfcfc5f99948c8bb91701ed43b6343e0ff35b747de68db58971d8af560dfae33,404,2026-10-09T07:28:19.587277+00:00,not_supplied_by_service,Q8K1G2,PDBe_SIFTS
https://www.ebi.ac.uk/pdbe/api/mappings/best_structures/Q8K1S6,bfcfc5f99948c8bb91701ed43b6343e0ff35b747de68db58971d8af560dfae33,404,2026-10-09T07:28:19.746015+00:00,not_supplied_by_service,Q8K1S6,PDBe_SIFTS
https://www.ebi.ac.uk/pdbe/api/mappings/best_structures/Q8K1X4,bfcfc5f99948c8bb91701ed43b6343e0ff35b747de68db58971d8af560dfae33,404,2026-10-09T07:28:19.832918+00:00,not_supplied_by_service,Q8K1X4,PDBe_SIFTS
https://www.ebi.ac.uk/pdbe/api/mappings/best_structures/Q8K299,5dbded7049191c5e8beccee6a97f11ded92880d59214d08c0e3d8ff6c0b10ac0,200,2026-10-09T07:28:20.164560+00:00,not_supplied_by_service,Q8K299,PDBe_SIFTS
https://www.ebi.ac.uk/pdbe/api/mappings/best_structures/Q8K2D3,bfcfc5f99948c8bb91701ed43b6343e0ff35b747de68db58971d8af560dfae33,404,2026-10-09T07:28:19.962044+00:00,not_supplied_by_service,Q8K2D3,PDBe_SIFTS
https://www.ebi.ac.uk/pdbe/api/mappings/best_structures/Q8K2I3,bfcfc5f99948c8bb91701ed43b6343e0ff35b747de68db58971d8af560dfae33,404,2026-10-09T07:28:20.304108+00:00,not_supplied_by_service,Q8K2I3,PDBe_SIFTS
https://www.ebi.ac.uk/pdbe/api/mappings/best_structures/Q8K2K6,bfcfc5f99948c8bb91701ed43b6343e0ff35b747de68db58971d8af560dfae33,404,2026-10-09T07:28:31.119067+00:00,not_supplied_by_service,Q8K2K6,PDBe_SIFTS
https://www.ebi.ac.uk/pdbe/api/mappings/best_structures/Q8K353,bfcfc5f99948c8bb91701ed43b6343e0ff35b747de68db58971d8af560dfae33,404,2026-10-09T07:28:31.408731+00:00,not_supplied_by_service,Q8K353,PDBe_SIFTS
https://www.ebi.ac.uk/pdbe/api/mappings/best_structures/Q8K370,bfcfc5f99948c8bb91701ed43b6343e0ff35b747de68db58971d8af560dfae33,404,2026-10-09T07:28:31.856542+00:00,not_supplied_by_service,Q8K370,PDBe_SIFTS
https://www.ebi.ac.uk/pdbe/api/mappings/best_structures/Q8K371,bfcfc5f99948c8bb91701ed43b6343e0ff35b747de68db58971d8af560dfae33,404,2026-10-09T07:28:31.859799+00:00,not_supplied_by_service,Q8K371,PDBe_SIFTS
https://www.ebi.ac.uk/pdbe/api/mappings/best_structures/Q8K3V7,bfcfc5f99948c8bb91701ed43b6343e0ff35b747de68db58971d8af560dfae33,404,2026-10-09T07:28:31.941330+00:00,not_supplied_by_service,Q8K3V7,PDBe_SIFTS
https://www.ebi.ac.uk/pdbe/api/mappings/best_structures/Q8K406,bfcfc5f99948c8bb91701ed43b6343e0ff35b747de68db58971d8af560dfae33,404,2026-10-09T07:28:31.688682+00:00,not_supplied_by_service,Q8K406,PDBe_SIFTS
https://www.ebi.ac.uk/pdbe/api/mappings/best_structures/Q8K419,9a56a148c210863e81f91a3834ab512a4c3a1102b5b9d3e9f389fc2b7c83dbb2,200,2026-10-09T07:28:31.976279+00:00,not_supplied_by_service,Q8K419,PDBe_SIFTS
https://www.ebi.ac.uk/pdbe/api/mappings/best_structures/Q8K482,bfcfc5f99948c8bb91701ed43b6343e0ff35b747de68db58971d8af560dfae33,404,2026-10-09T07:28:31.735139+00:00,not_supplied_by_service,Q8K482,PDBe_SIFTS
https://www.ebi.ac.uk/pdbe/api/mappings/best_structures/Q8K485,bfcfc5f99948c8bb91701ed43b6343e0ff35b747de68db58971d8af560dfae33,404,2026-10-09T07:28:31.410880+00:00,not_supplied_by_service,Q8K485,PDBe_SIFTS
https://www.ebi.ac.uk/pdbe/api/mappings/best_structures/Q8K4G1,bfcfc5f99948c8bb91701ed43b6343e0ff35b747de68db58971d8af560dfae33,404,2026-10-09T07:28:31.406644+00:00,not_supplied_by_service,Q8K4G1,PDBe_SIFTS
https://www.ebi.ac.uk/pdbe/api/mappings/best_structures/Q8K4S1,bfcfc5f99948c8bb91701ed43b6343e0ff35b747de68db58971d8af560dfae33,404,2026-10-09T07:28:31.617526+00:00,not_supplied_by_service,Q8K4S1,PDBe_SIFTS
https://www.ebi.ac.uk/pdbe/api/mappings/best_structures/Q8R000,bfcfc5f99948c8bb91701ed43b6343e0ff35b747de68db58971d8af560dfae33,404,2026-10-09T07:28:31.407682+00:00,not_supplied_by_service,Q8R000,PDBe_SIFTS
https://www.ebi.ac.uk/pdbe/api/mappings/best_structures/Q8R007,bfcfc5f99948c8bb91701ed43b6343e0ff35b747de68db58971d8af560dfae33,404,2026-10-09T07:28:31.613530+00:00,not_supplied_by_service,Q8R007,PDBe_SIFTS
https://www.ebi.ac.uk/pdbe/api/mappings/best_structures/Q8R080,bfcfc5f99948c8bb91701ed43b6343e0ff35b747de68db58971d8af560dfae33,404,2026-10-09T07:28:31.411205+00:00,not_supplied_by_service,Q8R080,PDBe_SIFTS
https://www.ebi.ac.uk/pdbe/api/mappings/best_structures/Q8R0Z6,bfcfc5f99948c8bb91701ed43b6343e0ff35b747de68db58971d8af560dfae33,404,2026-10-09T07:28:31.410556+00:00,not_supplied_by_service,Q8R0Z6,PDBe_SIFTS
https://www.ebi.ac.uk/pdbe/api/mappings/best_structures/Q8R2G6,bfcfc5f99948c8bb91701ed43b6343e0ff35b747de68db58971d8af560dfae33,404,2026-10-09T07:28:31.682847+00:00,not_supplied_by_service,Q8R2G6,PDBe_SIFTS
https://www.ebi.ac.uk/pdbe/api/mappings/best_structures/Q8R2Y0,bfcfc5f99948c8bb91701ed43b6343e0ff35b747de68db58971d8af560dfae33,404,2026-10-09T07:28:43.353174+00:00,not_supplied_by_service,Q8R2Y0,PDBe_SIFTS
https://www.ebi.ac.uk/pdbe/api/mappings/best_structures/Q8R3A2,bfcfc5f99948c8bb91701ed43b6343e0ff35b747de68db58971d8af560dfae33,404,2026-10-09T07:28:43.355016+00:00,not_supplied_by_service,Q8R3A2,PDBe_SIFTS
https://www.ebi.ac.uk/pdbe/api/mappings/best_structures/Q8R4U7,bfcfc5f99948c8bb91701ed43b6343e0ff35b747de68db58971d8af560dfae33,404,2026-10-09T07:28:43.892747+00:00,not_supplied_by_service,Q8R4U7,PDBe_SIFTS
https://www.ebi.ac.uk/pdbe/api/mappings/best_structures/Q8R4V5,bfcfc5f99948c8bb91701ed43b6343e0ff35b747de68db58971d8af560dfae33,404,2026-10-09T07:28:43.758767+00:00,not_supplied_by_service,Q8R4V5,PDBe_SIFTS
https://www.ebi.ac.uk/pdbe/api/mappings/best_structures/Q8R4W6,bfcfc5f99948c8bb91701ed43b6343e0ff35b747de68db58971d8af560dfae33,404,2026-10-09T07:28:43.778995+00:00,not_supplied_by_service,Q8R4W6,PDBe_SIFTS
https://www.ebi.ac.uk/pdbe/api/mappings/best_structures/Q8R527,bfcfc5f99948c8bb91701ed43b6343e0ff35b747de68db58971d8af560dfae33,404,2026-10-09T07:28:43.791774+00:00,not_supplied_by_service,Q8R527,PDBe_SIFTS
https://www.ebi.ac.uk/pdbe/api/mappings/best_structures/Q8VBV4,bfcfc5f99948c8bb91701ed43b6343e0ff35b747de68db58971d8af560dfae33,404,2026-10-09T07:28:43.606216+00:00,not_supplied_by_service,Q8VBV4,PDBe_SIFTS
https://www.ebi.ac.uk/pdbe/api/mappings/best_structures/Q8VC26,bfcfc5f99948c8bb91701ed43b6343e0ff35b747de68db58971d8af560dfae33,404,2026-10-09T07:28:43.834000+00:00,not_supplied_by_service,Q8VC26,PDBe_SIFTS
https://www.ebi.ac.uk/pdbe/api/mappings/best_structures/Q8VCC1,bfcfc5f99948c8bb91701ed43b6343e0ff35b747de68db58971d8af560dfae33,404,2026-10-09T07:28:43.788224+00:00,not_supplied_by_service,Q8VCC1,PDBe_SIFTS
https://www.ebi.ac.uk/pdbe/api/mappings/best_structures/Q8VCC8,bfcfc5f99948c8bb91701ed43b6343e0ff35b747de68db58971d8af560dfae33,404,2026-10-09T07:28:43.341014+00:00,not_supplied_by_service,Q8VCC8,PDBe_SIFTS
https://www.ebi.ac.uk/pdbe/api/mappings/best_structures/Q8VCI0,bfcfc5f99948c8bb91701ed43b6343e0ff35b747de68db58971d8af560dfae33,404,2026-10-09T07:28:43.890457+00:00,not_supplied_by_service,Q8VCI0,PDBe_SIFTS
https://www.ebi.ac.uk/pdbe/api/mappings/best_structures/Q8VCP9,bfcfc5f99948c8bb91701ed43b6343e0ff35b747de68db58971d8af560dfae33,404,2026-10-09T07:28:43.891359+00:00,not_supplied_by_service,Q8VCP9,PDBe_SIFTS
https://www.ebi.ac.uk/pdbe/api/mappings/best_structures/Q8VCQ6,ed3cb237f8255fd035dd7996e515b2a952fa1d8d633322ded8b111212ea5e027,200,2026-10-09T07:28:43.865657+00:00,not_supplied_by_service,Q8VCQ6,PDBe_SIFTS
https://www.ebi.ac.uk/pdbe/api/mappings/best_structures/Q8VCT9,bfcfc5f99948c8bb91701ed43b6343e0ff35b747de68db58971d8af560dfae33,404,2026-10-09T07:28:43.622667+00:00,not_supplied_by_service,Q8VCT9,PDBe_SIFTS
https://www.ebi.ac.uk/pdbe/api/mappings/best_structures/Q8VCZ6,96b7d722b6a817276e78bdd3efe5850003c99598c2b1713d9d12ea464ba70a16,200,2026-10-09T07:28:43.352873+00:00,not_supplied_by_service,Q8VCZ6,PDBe_SIFTS
https://www.ebi.ac.uk/pdbe/api/mappings/best_structures/Q8VD53,bfcfc5f99948c8bb91701ed43b6343e0ff35b747de68db58971d8af560dfae33,404,2026-10-09T07:28:43.342025+00:00,not_supplied_by_service,Q8VD53,PDBe_SIFTS
https://www.ebi.ac.uk/pdbe/api/mappings/best_structures/Q8VDG5,bfcfc5f99948c8bb91701ed43b6343e0ff35b747de68db58971d8af560dfae33,404,2026-10-09T07:28:55.535920+00:00,not_supplied_by_service,Q8VDG5,PDBe_SIFTS
https://www.ebi.ac.uk/pdbe/api/mappings/best_structures/Q8VDP3,c9850bb6f48d3c2be6b049ed1d31e043f1e2f199e0691ce98157aa638d69fd89,200,2026-10-09T07:28:56.001000+00:00,not_supplied_by_service,Q8VDP3,PDBe_SIFTS
https://www.ebi.ac.uk/pdbe/api/mappings/best_structures/Q8VDV0,bfcfc5f99948c8bb91701ed43b6343e0ff35b747de68db58971d8af560dfae33,404,2026-10-09T07:28:55.891306+00:00,not_supplied_by_service,Q8VDV0,PDBe_SIFTS
https://www.ebi.ac.uk/pdbe/api/mappings/best_structures/Q8VE92,bfcfc5f99948c8bb91701ed43b6343e0ff35b747de68db58971d8af560dfae33,404,2026-10-09T07:28:55.813563+00:00,not_supplied_by_service,Q8VE92,PDBe_SIFTS
https://www.ebi.ac.uk/pdbe/api/mappings/best_structures/Q8VHZ5,bfcfc5f99948c8bb91701ed43b6343e0ff35b747de68db58971d8af560dfae33,404,2026-10-09T07:28:55.533954+00:00,not_supplied_by_service,Q8VHZ5,PDBe_SIFTS
https://www.ebi.ac.uk/pdbe/api/mappings/best_structures/Q8VI64,bfcfc5f99948c8bb91701ed43b6343e0ff35b747de68db58971d8af560dfae33,404,2026-10-09T07:28:55.819627+00:00,not_supplied_by_service,Q8VI64,PDBe_SIFTS
https://www.ebi.ac.uk/pdbe/api/mappings/best_structures/Q8VIK5,bfcfc5f99948c8bb91701ed43b6343e0ff35b747de68db58971d8af560dfae33,404,2026-10-09T07:28:55.902994+00:00,not_supplied_by_service,Q8VIK5,PDBe_SIFTS
https://www.ebi.ac.uk/pdbe/api/mappings/best_structures/Q91VE2,bfcfc5f99948c8bb91701ed43b6343e0ff35b747de68db58971d8af560dfae33,404,2026-10-09T07:28:56.038464+00:00,not_supplied_by_service,Q91VE2,PDBe_SIFTS
https://www.ebi.ac.uk/pdbe/api/mappings/best_structures/Q91VK1,bfcfc5f99948c8bb91701ed43b6343e0ff35b747de68db58971d8af560dfae33,404,2026-10-09T07:28:55.523551+00:00,not_supplied_by_service,Q91VK1,PDBe_SIFTS
https://www.ebi.ac.uk/pdbe/api/mappings/best_structures/Q91VN1,bfcfc5f99948c8bb91701ed43b6343e0ff35b747de68db58971d8af560dfae33,404,2026-10-09T07:28:55.511943+00:00,not_supplied_by_service,Q91VN1,PDBe_SIFTS
https://www.ebi.ac.uk/pdbe/api/mappings/best_structures/Q91VW3,279acaa723c135e8887e29441e4f126373e189a0106cc0e4d8834bfc501fdbe2,200,2026-10-09T07:28:55.834651+00:00,not_supplied_by_service,Q91VW3,PDBe_SIFTS
https://www.ebi.ac.uk/pdbe/api/mappings/best_structures/Q91W29,bfcfc5f99948c8bb91701ed43b6343e0ff35b747de68db58971d8af560dfae33,404,2026-10-09T07:28:55.529031+00:00,not_supplied_by_service,Q91W29,PDBe_SIFTS
https://www.ebi.ac.uk/pdbe/api/mappings/best_structures/Q91W86,bfcfc5f99948c8bb91701ed43b6343e0ff35b747de68db58971d8af560dfae33,404,2026-10-09T07:28:56.014799+00:00,not_supplied_by_service,Q91W86,PDBe_SIFTS
https://www.ebi.ac.uk/pdbe/api/mappings/best_structures/Q91WE9,bfcfc5f99948c8bb91701ed43b6343e0ff35b747de68db58971d8af560dfae33,404,2026-10-09T07:28:55.802321+00:00,not_supplied_by_service,Q91WE9,PDBe_SIFTS
https://www.ebi.ac.uk/pdbe/api/mappings/best_structures/Q91WK5,435405f5c41623a87754ad0a2975272fc559e350b4e70b5fc2295e0a21a6c726,200,2026-10-09T07:28:55.512895+00:00,not_supplied_by_service,Q91WK5,PDBe_SIFTS
https://www.ebi.ac.uk/pdbe/api/mappings/best_structures/Q91WT9,bfcfc5f99948c8bb91701ed43b6343e0ff35b747de68db58971d8af560dfae33,404,2026-10-09T07:28:55.771908+00:00,not_supplied_by_service,Q91WT9,PDBe_SIFTS
https://www.ebi.ac.uk/pdbe/api/mappings/best_structures/Q91X52,bfcfc5f99948c8bb91701ed43b6343e0ff35b747de68db58971d8af560dfae33,404,2026-10-09T07:29:07.003962+00:00,not_supplied_by_service,Q91X52,PDBe_SIFTS
https://www.ebi.ac.uk/pdbe/api/mappings/best_structures/Q91XD2,bfcfc5f99948c8bb91701ed43b6343e0ff35b747de68db58971d8af560dfae33,404,2026-10-09T07:29:07.780236+00:00,not_supplied_by_service,Q91XD2,PDBe_SIFTS
https://www.ebi.ac.uk/pdbe/api/mappings/best_structures/Q91XE0,bfcfc5f99948c8bb91701ed43b6343e0ff35b747de68db58971d8af560dfae33,404,2026-10-09T07:29:07.862608+00:00,not_supplied_by_service,Q91XE0,PDBe_SIFTS
https://www.ebi.ac.uk/pdbe/api/mappings/best_structures/Q91XT6,bfcfc5f99948c8bb91701ed43b6343e0ff35b747de68db58971d8af560dfae33,404,2026-10-09T07:29:07.651898+00:00,not_supplied_by_service,Q91XT6,PDBe_SIFTS
https://www.ebi.ac.uk/pdbe/api/mappings/best_structures/Q91Y86,bfcfc5f99948c8bb91701ed43b6343e0ff35b747de68db58971d8af560dfae33,404,2026-10-09T07:29:07.368996+00:00,not_supplied_by_service,Q91Y86,PDBe_SIFTS
https://www.ebi.ac.uk/pdbe/api/mappings/best_structures/Q91ZC0,bfcfc5f99948c8bb91701ed43b6343e0ff35b747de68db58971d8af560dfae33,404,2026-10-09T07:29:07.681308+00:00,not_supplied_by_service,Q91ZC0,PDBe_SIFTS
https://www.ebi.ac.uk/pdbe/api/mappings/best_structures/Q91ZP9,bfcfc5f99948c8bb91701ed43b6343e0ff35b747de68db58971d8af560dfae33,404,2026-10-09T07:29:07.687972+00:00,not_supplied_by_service,Q91ZP9,PDBe_SIFTS
https://www.ebi.ac.uk/pdbe/api/mappings/best_structures/Q91ZV8,bfcfc5f99948c8bb91701ed43b6343e0ff35b747de68db58971d8af560dfae33,404,2026-10-09T07:29:07.684229+00:00,not_supplied_by_service,Q91ZV8,PDBe_SIFTS
https://www.ebi.ac.uk/pdbe/api/mappings/best_structures/Q91ZX1,bfcfc5f99948c8bb91701ed43b6343e0ff35b747de68db58971d8af560dfae33,404,2026-10-09T07:29:07.371272+00:00,not_supplied_by_service,Q91ZX1,PDBe_SIFTS
https://www.ebi.ac.uk/pdbe/api/mappings/best_structures/Q920C1,bfcfc5f99948c8bb91701ed43b6343e0ff35b747de68db58971d8af560dfae33,404,2026-10-09T07:29:07.552794+00:00,not_supplied_by_service,Q920C1,PDBe_SIFTS
https://www.ebi.ac.uk/pdbe/api/mappings/best_structures/Q920C4,bfcfc5f99948c8bb91701ed43b6343e0ff35b747de68db58971d8af560dfae33,404,2026-10-09T07:29:07.371107+00:00,not_supplied_by_service,Q920C4,PDBe_SIFTS
https://www.ebi.ac.uk/pdbe/api/mappings/best_structures/Q920E5,bfcfc5f99948c8bb91701ed43b6343e0ff35b747de68db58971d8af560dfae33,404,2026-10-09T07:29:07.370821+00:00,not_supplied_by_service,Q920E5,PDBe_SIFTS
https://www.ebi.ac.uk/pdbe/api/mappings/best_structures/Q920L5,bfcfc5f99948c8bb91701ed43b6343e0ff35b747de68db58971d8af560dfae33,404,2026-10-09T07:29:07.368877+00:00,not_supplied_by_service,Q920L5,PDBe_SIFTS
https://www.ebi.ac.uk/pdbe/api/mappings/best_structures/Q923B1,bfcfc5f99948c8bb91701ed43b6343e0ff35b747de68db58971d8af560dfae33,404,2026-10-09T07:29:07.732839+00:00,not_supplied_by_service,Q923B1,PDBe_SIFTS
https://www.ebi.ac.uk/pdbe/api/mappings/best_structures/Q923W9,bfcfc5f99948c8bb91701ed43b6343e0ff35b747de68db58971d8af560dfae33,404,2026-10-09T07:29:07.371670+00:00,not_supplied_by_service,Q923W9,PDBe_SIFTS
https://www.ebi.ac.uk/pdbe/api/mappings/best_structures/Q923X1,bfcfc5f99948c8bb91701ed43b6343e0ff35b747de68db58971d8af560dfae33,404,2026-10-09T07:29:07.353921+00:00,not_supplied_by_service,Q923X1,PDBe_SIFTS
https://www.ebi.ac.uk/pdbe/api/mappings/best_structures/Q924X6,bfcfc5f99948c8bb91701ed43b6343e0ff35b747de68db58971d8af560dfae33,404,2026-10-09T07:29:18.942327+00:00,not_supplied_by_service,Q924X6,PDBe_SIFTS
https://www.ebi.ac.uk/pdbe/api/mappings/best_structures/Q925N0,bfcfc5f99948c8bb91701ed43b6343e0ff35b747de68db58971d8af560dfae33,404,2026-10-09T07:29:19.265579+00:00,not_supplied_by_service,Q925N0,PDBe_SIFTS
https://www.ebi.ac.uk/pdbe/api/mappings/best_structures/Q925N2,bfcfc5f99948c8bb91701ed43b6343e0ff35b747de68db58971d8af560dfae33,404,2026-10-09T07:29:19.258661+00:00,not_supplied_by_service,Q925N2,PDBe_SIFTS
https://www.ebi.ac.uk/pdbe/api/mappings/best_structures/Q93092,18b5840c6bb0ebfaaff849de1e4d5c04fa101cfc3bccd8f6954e65b7f6b15a3c,200,2026-10-09T07:29:19.261195+00:00,not_supplied_by_service,Q93092,PDBe_SIFTS
https://www.ebi.ac.uk/pdbe/api/mappings/best_structures/Q99J79,bfcfc5f99948c8bb91701ed43b6343e0ff35b747de68db58971d8af560dfae33,404,2026-10-09T07:29:19.433923+00:00,not_supplied_by_service,Q99J79,PDBe_SIFTS
https://www.ebi.ac.uk/pdbe/api/mappings/best_structures/Q99JF5,83f7d07663c39865cea09b28d9f1dfb0a6356ad9447ae72b8d5d19a2c721d629,200,2026-10-09T07:29:19.566789+00:00,not_supplied_by_service,Q99JF5,PDBe_SIFTS
https://www.ebi.ac.uk/pdbe/api/mappings/best_structures/Q99LF1,bfcfc5f99948c8bb91701ed43b6343e0ff35b747de68db58971d8af560dfae33,404,2026-10-09T07:29:19.610000+00:00,not_supplied_by_service,Q99LF1,PDBe_SIFTS
https://www.ebi.ac.uk/pdbe/api/mappings/best_structures/Q99MQ4,bfcfc5f99948c8bb91701ed43b6343e0ff35b747de68db58971d8af560dfae33,404,2026-10-09T07:29:19.422152+00:00,not_supplied_by_service,Q99MQ4,PDBe_SIFTS
https://www.ebi.ac.uk/pdbe/api/mappings/best_structures/Q99MR1,bfcfc5f99948c8bb91701ed43b6343e0ff35b747de68db58971d8af560dfae33,404,2026-10-09T07:29:19.525857+00:00,not_supplied_by_service,Q99MR1,PDBe_SIFTS
https://www.ebi.ac.uk/pdbe/api/mappings/best_structures/Q99N05,bfcfc5f99948c8bb91701ed43b6343e0ff35b747de68db58971d8af560dfae33,404,2026-10-09T07:29:19.703366+00:00,not_supplied_by_service,Q99N05,PDBe_SIFTS
https://www.ebi.ac.uk/pdbe/api/mappings/best_structures/Q99N09,bfcfc5f99948c8bb91701ed43b6343e0ff35b747de68db58971d8af560dfae33,404,2026-10-09T07:29:19.671319+00:00,not_supplied_by_service,Q99N09,PDBe_SIFTS
https://www.ebi.ac.uk/pdbe/api/mappings/best_structures/Q99N48,bfcfc5f99948c8bb91701ed43b6343e0ff35b747de68db58971d8af560dfae33,404,2026-10-09T07:29:19.433991+00:00,not_supplied_by_service,Q99N48,PDBe_SIFTS
https://www.ebi.ac.uk/pdbe/api/mappings/best_structures/Q99N90,87a5a08a39a2739d80daeca66401f698a7319d44f4aeab2aaa668a5574d9e949,200,2026-10-09T07:29:19.714301+00:00,not_supplied_by_service,Q99N90,PDBe_SIFTS
https://www.ebi.ac.uk/pdbe/api/mappings/best_structures/Q99N91,fb48068d2ca610490b8e0aec2a793645fd7207d2f0d24b83b01e6c389921604a,200,2026-10-09T07:29:19.666847+00:00,not_supplied_by_service,Q99N91,PDBe_SIFTS
https://www.ebi.ac.uk/pdbe/api/mappings/best_structures/Q99P47,bfcfc5f99948c8bb91701ed43b6343e0ff35b747de68db58971d8af560dfae33,404,2026-10-09T07:29:19.435832+00:00,not_supplied_by_service,Q99P47,PDBe_SIFTS
https://www.ebi.ac.uk/pdbe/api/mappings/best_structures/Q99PI4,bfcfc5f99948c8bb91701ed43b6343e0ff35b747de68db58971d8af560dfae33,404,2026-10-09T07:29:19.434234+00:00,not_supplied_by_service,Q99PI4,PDBe_SIFTS
https://www.ebi.ac.uk/pdbe/api/mappings/best_structures/Q99PL8,bfcfc5f99948c8bb91701ed43b6343e0ff35b747de68db58971d8af560dfae33,404,2026-10-09T07:29:32.051216+00:00,not_supplied_by_service,Q99PL8,PDBe_SIFTS
https://www.ebi.ac.uk/pdbe/api/mappings/best_structures/Q99PU5,bfcfc5f99948c8bb91701ed43b6343e0ff35b747de68db58971d8af560dfae33,404,2026-10-09T07:29:31.691870+00:00,not_supplied_by_service,Q99PU5,PDBe_SIFTS
https://www.ebi.ac.uk/pdbe/api/mappings/best_structures/Q9CPU0,34662bd62778c291f66fe9d8ae120b6e1b38f2f48e5f186c4a0f10fd928973ca,200,2026-10-09T07:29:32.246719+00:00,not_supplied_by_service,Q9CPU0,PDBe_SIFTS
https://www.ebi.ac.uk/pdbe/api/mappings/best_structures/Q9CPV9,bfcfc5f99948c8bb91701ed43b6343e0ff35b747de68db58971d8af560dfae33,404,2026-10-09T07:29:32.224066+00:00,not_supplied_by_service,Q9CPV9,PDBe_SIFTS
https://www.ebi.ac.uk/pdbe/api/mappings/best_structures/Q9CQ00,bfcfc5f99948c8bb91701ed43b6343e0ff35b747de68db58971d8af560dfae33,404,2026-10-09T07:29:32.156458+00:00,not_supplied_by_service,Q9CQ00,PDBe_SIFTS
https://www.ebi.ac.uk/pdbe/api/mappings/best_structures/Q9CQ02,bfcfc5f99948c8bb91701ed43b6343e0ff35b747de68db58971d8af560dfae33,404,2026-10-09T07:29:32.194145+00:00,not_supplied_by_service,Q9CQ02,PDBe_SIFTS
https://www.ebi.ac.uk/pdbe/api/mappings/best_structures/Q9CQ19,bfcfc5f99948c8bb91701ed43b6343e0ff35b747de68db58971d8af560dfae33,404,2026-10-09T07:29:32.159168+00:00,not_supplied_by_service,Q9CQ19,PDBe_SIFTS
https://www.ebi.ac.uk/pdbe/api/mappings/best_structures/Q9CQ86,bfcfc5f99948c8bb91701ed43b6343e0ff35b747de68db58971d8af560dfae33,404,2026-10-09T07:29:32.304891+00:00,not_supplied_by_service,Q9CQ86,PDBe_SIFTS
https://www.ebi.ac.uk/pdbe/api/mappings/best_structures/Q9CQG2,bfcfc5f99948c8bb91701ed43b6343e0ff35b747de68db58971d8af560dfae33,404,2026-10-09T07:29:31.806604+00:00,not_supplied_by_service,Q9CQG2,PDBe_SIFTS
https://www.ebi.ac.uk/pdbe/api/mappings/best_structures/Q9CQJ5,bfcfc5f99948c8bb91701ed43b6343e0ff35b747de68db58971d8af560dfae33,404,2026-10-09T07:29:31.961982+00:00,not_supplied_by_service,Q9CQJ5,PDBe_SIFTS
https://www.ebi.ac.uk/pdbe/api/mappings/best_structures/Q9CQM5,7f18c821e8c9ffd836e15f02b224a7021d255fd1b1980480829bfc69b71cefe7,200,2026-10-09T07:29:32.055945+00:00,not_supplied_by_service,Q9CQM5,PDBe_SIFTS
https://www.ebi.ac.uk/pdbe/api/mappings/best_structures/Q9CQP8,9ac5f2f44627ea4b47e9cc389fb75e4b7a98bae3883457803acf422b78a30973,200,2026-10-09T07:29:32.059812+00:00,not_supplied_by_service,Q9CQP8,PDBe_SIFTS
https://www.ebi.ac.uk/pdbe/api/mappings/best_structures/Q9CQS2,bfcfc5f99948c8bb91701ed43b6343e0ff35b747de68db58971d8af560dfae33,404,2026-10-09T07:29:31.960334+00:00,not_supplied_by_service,Q9CQS2,PDBe_SIFTS
https://www.ebi.ac.uk/pdbe/api/mappings/best_structures/Q9CR10,bfcfc5f99948c8bb91701ed43b6343e0ff35b747de68db58971d8af560dfae33,404,2026-10-09T07:29:31.799181+00:00,not_supplied_by_service,Q9CR10,PDBe_SIFTS
https://www.ebi.ac.uk/pdbe/api/mappings/best_structures/Q9CR50,3fec5d20965b6195afc2b7564838c10b5860f9e1c6cb9436e47d3282947a048d,200,2026-10-09T07:29:31.921449+00:00,not_supplied_by_service,Q9CR50,PDBe_SIFTS
https://www.ebi.ac.uk/pdbe/api/mappings/best_structures/Q9CR75,bfcfc5f99948c8bb91701ed43b6343e0ff35b747de68db58971d8af560dfae33,404,2026-10-09T07:29:31.923956+00:00,not_supplied_by_service,Q9CR75,PDBe_SIFTS
https://www.ebi.ac.uk/pdbe/api/mappings/best_structures/Q9CR84,bfcfc5f99948c8bb91701ed43b6343e0ff35b747de68db58971d8af560dfae33,404,2026-10-09T07:29:43.498217+00:00,not_supplied_by_service,Q9CR84,PDBe_SIFTS
https://www.ebi.ac.uk/pdbe/api/mappings/best_structures/Q9CR96,bfcfc5f99948c8bb91701ed43b6343e0ff35b747de68db58971d8af560dfae33,404,2026-10-09T07:29:43.501077+00:00,not_supplied_by_service,Q9CR96,PDBe_SIFTS
https://www.ebi.ac.uk/pdbe/api/mappings/best_structures/Q9CR98,bfcfc5f99948c8bb91701ed43b6343e0ff35b747de68db58971d8af560dfae33,404,2026-10-09T07:29:43.501025+00:00,not_supplied_by_service,Q9CR98,PDBe_SIFTS
https://www.ebi.ac.uk/pdbe/api/mappings/best_structures/Q9CRA4,bfcfc5f99948c8bb91701ed43b6343e0ff35b747de68db58971d8af560dfae33,404,2026-10-09T07:29:43.547937+00:00,not_supplied_by_service,Q9CRA4,PDBe_SIFTS
https://www.ebi.ac.uk/pdbe/api/mappings/best_structures/Q9CW03,ce24b26289b56fc63025d757dc1dfa9796d33e52754446fc8395b36600b3d877,200,2026-10-09T07:29:43.662777+00:00,not_supplied_by_service,Q9CW03,PDBe_SIFTS
https://www.ebi.ac.uk/pdbe/api/mappings/best_structures/Q9CWF2,90ef509fb41146f03efe4c42bface351ceb63fb4214f6efce3e3b090d1fd0a41,200,2026-10-09T07:29:43.972555+00:00,not_supplied_by_service,Q9CWF2,PDBe_SIFTS
https://www.ebi.ac.uk/pdbe/api/mappings/best_structures/Q9CX84,bfcfc5f99948c8bb91701ed43b6343e0ff35b747de68db58971d8af560dfae33,404,2026-10-09T07:29:43.846418+00:00,not_supplied_by_service,Q9CX84,PDBe_SIFTS
https://www.ebi.ac.uk/pdbe/api/mappings/best_structures/Q9CXC9,bfcfc5f99948c8bb91701ed43b6343e0ff35b747de68db58971d8af560dfae33,404,2026-10-09T07:29:43.713770+00:00,not_supplied_by_service,Q9CXC9,PDBe_SIFTS
https://www.ebi.ac.uk/pdbe/api/mappings/best_structures/Q9CY45,bfcfc5f99948c8bb91701ed43b6343e0ff35b747de68db58971d8af560dfae33,404,2026-10-09T07:29:43.497594+00:00,not_supplied_by_service,Q9CY45,PDBe_SIFTS
https://www.ebi.ac.uk/pdbe/api/mappings/best_structures/Q9CY64,bfcfc5f99948c8bb91701ed43b6343e0ff35b747de68db58971d8af560dfae33,404,2026-10-09T07:29:43.499935+00:00,not_supplied_by_service,Q9CY64,PDBe_SIFTS
https://www.ebi.ac.uk/pdbe/api/mappings/best_structures/Q9CYQ7,bfcfc5f99948c8bb91701ed43b6343e0ff35b747de68db58971d8af560dfae33,404,2026-10-09T07:29:43.853925+00:00,not_supplied_by_service,Q9CYQ7,PDBe_SIFTS
https://www.ebi.ac.uk/pdbe/api/mappings/best_structures/Q9CZH3,bfcfc5f99948c8bb91701ed43b6343e0ff35b747de68db58971d8af560dfae33,404,2026-10-09T07:29:43.936876+00:00,not_supplied_by_service,Q9CZH3,PDBe_SIFTS
https://www.ebi.ac.uk/pdbe/api/mappings/best_structures/Q9CZI9,bfcfc5f99948c8bb91701ed43b6343e0ff35b747de68db58971d8af560dfae33,404,2026-10-09T07:29:43.496713+00:00,not_supplied_by_service,Q9CZI9,PDBe_SIFTS
https://www.ebi.ac.uk/pdbe/api/mappings/best_structures/Q9CZP5,06b417750c3751c99368daa495c122fd84a85e76730bdd27d08012904cbd6e83,200,2026-10-09T07:29:43.840340+00:00,not_supplied_by_service,Q9CZP5,PDBe_SIFTS
https://www.ebi.ac.uk/pdbe/api/mappings/best_structures/Q9D0P7,bfcfc5f99948c8bb91701ed43b6343e0ff35b747de68db58971d8af560dfae33,404,2026-10-09T07:29:43.497950+00:00,not_supplied_by_service,Q9D0P7,PDBe_SIFTS
https://www.ebi.ac.uk/pdbe/api/mappings/best_structures/Q9D0T7,bfcfc5f99948c8bb91701ed43b6343e0ff35b747de68db58971d8af560dfae33,404,2026-10-09T07:29:43.524036+00:00,not_supplied_by_service,Q9D0T7,PDBe_SIFTS
https://www.ebi.ac.uk/pdbe/api/mappings/best_structures/Q9D154,bfcfc5f99948c8bb91701ed43b6343e0ff35b747de68db58971d8af560dfae33,404,2026-10-09T07:29:55.434032+00:00,not_supplied_by_service,Q9D154,PDBe_SIFTS
https://www.ebi.ac.uk/pdbe/api/mappings/best_structures/Q9D164,bfcfc5f99948c8bb91701ed43b6343e0ff35b747de68db58971d8af560dfae33,404,2026-10-09T07:29:55.443746+00:00,not_supplied_by_service,Q9D164,PDBe_SIFTS
https://www.ebi.ac.uk/pdbe/api/mappings/best_structures/Q9D1D1,bfcfc5f99948c8bb91701ed43b6343e0ff35b747de68db58971d8af560dfae33,404,2026-10-09T07:29:55.586170+00:00,not_supplied_by_service,Q9D1D1,PDBe_SIFTS
https://www.ebi.ac.uk/pdbe/api/mappings/best_structures/Q9D1G2,bfcfc5f99948c8bb91701ed43b6343e0ff35b747de68db58971d8af560dfae33,404,2026-10-09T07:29:55.158978+00:00,not_supplied_by_service,Q9D1G2,PDBe_SIFTS
https://www.ebi.ac.uk/pdbe/api/mappings/best_structures/Q9D236,bfcfc5f99948c8bb91701ed43b6343e0ff35b747de68db58971d8af560dfae33,404,2026-10-09T07:29:55.726303+00:00,not_supplied_by_service,Q9D236,PDBe_SIFTS
https://www.ebi.ac.uk/pdbe/api/mappings/best_structures/Q9D2N8,bfcfc5f99948c8bb91701ed43b6343e0ff35b747de68db58971d8af560dfae33,404,2026-10-09T07:29:55.546858+00:00,not_supplied_by_service,Q9D2N8,PDBe_SIFTS
https://www.ebi.ac.uk/pdbe/api/mappings/best_structures/Q9D300,bfcfc5f99948c8bb91701ed43b6343e0ff35b747de68db58971d8af560dfae33,404,2026-10-09T07:29:55.772676+00:00,not_supplied_by_service,Q9D300,PDBe_SIFTS
https://www.ebi.ac.uk/pdbe/api/mappings/best_structures/Q9D3R9,bfcfc5f99948c8bb91701ed43b6343e0ff35b747de68db58971d8af560dfae33,404,2026-10-09T07:29:55.536181+00:00,not_supplied_by_service,Q9D3R9,PDBe_SIFTS
https://www.ebi.ac.uk/pdbe/api/mappings/best_structures/Q9D479,bfcfc5f99948c8bb91701ed43b6343e0ff35b747de68db58971d8af560dfae33,404,2026-10-09T07:29:55.240038+00:00,not_supplied_by_service,Q9D479,PDBe_SIFTS
https://www.ebi.ac.uk/pdbe/api/mappings/best_structures/Q9D5Z5,bfcfc5f99948c8bb91701ed43b6343e0ff35b747de68db58971d8af560dfae33,404,2026-10-09T07:29:55.186055+00:00,not_supplied_by_service,Q9D5Z5,PDBe_SIFTS
https://www.ebi.ac.uk/pdbe/api/mappings/best_structures/Q9D668,bfcfc5f99948c8bb91701ed43b6343e0ff35b747de68db58971d8af560dfae33,404,2026-10-09T07:29:55.237593+00:00,not_supplied_by_service,Q9D668,PDBe_SIFTS
https://www.ebi.ac.uk/pdbe/api/mappings/best_structures/Q9D684,bfcfc5f99948c8bb91701ed43b6343e0ff35b747de68db58971d8af560dfae33,404,2026-10-09T07:29:55.248561+00:00,not_supplied_by_service,Q9D684,PDBe_SIFTS
https://www.ebi.ac.uk/pdbe/api/mappings/best_structures/Q9D6A1,bfcfc5f99948c8bb91701ed43b6343e0ff35b747de68db58971d8af560dfae33,404,2026-10-09T07:29:55.326277+00:00,not_supplied_by_service,Q9D6A1,PDBe_SIFTS
https://www.ebi.ac.uk/pdbe/api/mappings/best_structures/Q9D6B9,bfcfc5f99948c8bb91701ed43b6343e0ff35b747de68db58971d8af560dfae33,404,2026-10-09T07:29:55.314190+00:00,not_supplied_by_service,Q9D6B9,PDBe_SIFTS
https://www.ebi.ac.uk/pdbe/api/mappings/best_structures/Q9D6D8,bfcfc5f99948c8bb91701ed43b6343e0ff35b747de68db58971d8af560dfae33,404,2026-10-09T07:29:55.222064+00:00,not_supplied_by_service,Q9D6D8,PDBe_SIFTS
https://www.ebi.ac.uk/pdbe/api/mappings/best_structures/Q9D6W7,bfcfc5f99948c8bb91701ed43b6343e0ff35b747de68db58971d8af560dfae33,404,2026-10-09T07:29:55.253552+00:00,not_supplied_by_service,Q9D6W7,PDBe_SIFTS
https://www.ebi.ac.uk/pdbe/api/mappings/best_structures/Q9D6X5,bfcfc5f99948c8bb91701ed43b6343e0ff35b747de68db58971d8af560dfae33,404,2026-10-09T07:30:07.038236+00:00,not_supplied_by_service,Q9D6X5,PDBe_SIFTS
https://www.ebi.ac.uk/pdbe/api/mappings/best_structures/Q9D6X6,bfcfc5f99948c8bb91701ed43b6343e0ff35b747de68db58971d8af560dfae33,404,2026-10-09T07:30:07.536858+00:00,not_supplied_by_service,Q9D6X6,PDBe_SIFTS
https://www.ebi.ac.uk/pdbe/api/mappings/best_structures/Q9D708,bfcfc5f99948c8bb91701ed43b6343e0ff35b747de68db58971d8af560dfae33,404,2026-10-09T07:30:07.513387+00:00,not_supplied_by_service,Q9D708,PDBe_SIFTS
https://www.ebi.ac.uk/pdbe/api/mappings/best_structures/Q9D7C9,bfcfc5f99948c8bb91701ed43b6343e0ff35b747de68db58971d8af560dfae33,404,2026-10-09T07:30:07.618767+00:00,not_supplied_by_service,Q9D7C9,PDBe_SIFTS
https://www.ebi.ac.uk/pdbe/api/mappings/best_structures/Q9D7I5,bfcfc5f99948c8bb91701ed43b6343e0ff35b747de68db58971d8af560dfae33,404,2026-10-09T07:30:07.304701+00:00,not_supplied_by_service,Q9D7I5,PDBe_SIFTS
https://www.ebi.ac.uk/pdbe/api/mappings/best_structures/Q9D7Q1,bfcfc5f99948c8bb91701ed43b6343e0ff35b747de68db58971d8af560dfae33,404,2026-10-09T07:30:07.160220+00:00,not_supplied_by_service,Q9D7Q1,PDBe_SIFTS
https://www.ebi.ac.uk/pdbe/api/mappings/best_structures/Q9D7U6,bfcfc5f99948c8bb91701ed43b6343e0ff35b747de68db58971d8af560dfae33,404,2026-10-09T07:30:07.127294+00:00,not_supplied_by_service,Q9D7U6,PDBe_SIFTS
https://www.ebi.ac.uk/pdbe/api/mappings/best_structures/Q9D819,bfcfc5f99948c8bb91701ed43b6343e0ff35b747de68db58971d8af560dfae33,404,2026-10-09T07:30:07.037303+00:00,not_supplied_by_service,Q9D819,PDBe_SIFTS
https://www.ebi.ac.uk/pdbe/api/mappings/best_structures/Q9D975,bfcfc5f99948c8bb91701ed43b6343e0ff35b747de68db58971d8af560dfae33,404,2026-10-09T07:30:07.165555+00:00,not_supplied_by_service,Q9D975,PDBe_SIFTS
https://www.ebi.ac.uk/pdbe/api/mappings/best_structures/Q9DAU7,bfcfc5f99948c8bb91701ed43b6343e0ff35b747de68db58971d8af560dfae33,404,2026-10-09T07:30:07.110727+00:00,not_supplied_by_service,Q9DAU7,PDBe_SIFTS
https://www.ebi.ac.uk/pdbe/api/mappings/best_structures/Q9DB28,bfcfc5f99948c8bb91701ed43b6343e0ff35b747de68db58971d8af560dfae33,404,2026-10-09T07:30:07.198196+00:00,not_supplied_by_service,Q9DB28,PDBe_SIFTS
https://www.ebi.ac.uk/pdbe/api/mappings/best_structures/Q9DB91,dad36fa5fdbfc08cbbda46932113db3c7167ccb9b78f17409ce9d16d15b3312f,200,2026-10-09T07:30:07.300604+00:00,not_supplied_by_service,Q9DB91,PDBe_SIFTS
https://www.ebi.ac.uk/pdbe/api/mappings/best_structures/Q9DBF1,bfcfc5f99948c8bb91701ed43b6343e0ff35b747de68db58971d8af560dfae33,404,2026-10-09T07:30:07.406318+00:00,not_supplied_by_service,Q9DBF1,PDBe_SIFTS
https://www.ebi.ac.uk/pdbe/api/mappings/best_structures/Q9DBG1,bfcfc5f99948c8bb91701ed43b6343e0ff35b747de68db58971d8af560dfae33,404,2026-10-09T07:30:07.103949+00:00,not_supplied_by_service,Q9DBG1,PDBe_SIFTS
https://www.ebi.ac.uk/pdbe/api/mappings/best_structures/Q9DCC4,bfcfc5f99948c8bb91701ed43b6343e0ff35b747de68db58971d8af560dfae33,404,2026-10-09T07:30:07.109571+00:00,not_supplied_by_service,Q9DCC4,PDBe_SIFTS
https://www.ebi.ac.uk/pdbe/api/mappings/best_structures/Q9DCE5,bfcfc5f99948c8bb91701ed43b6343e0ff35b747de68db58971d8af560dfae33,404,2026-10-09T07:30:07.303358+00:00,not_supplied_by_service,Q9DCE5,PDBe_SIFTS
https://www.ebi.ac.uk/pdbe/api/mappings/best_structures/Q9DCU2,bfcfc5f99948c8bb91701ed43b6343e0ff35b747de68db58971d8af560dfae33,404,2026-10-09T07:30:19.751216+00:00,not_supplied_by_service,Q9DCU2,PDBe_SIFTS
https://www.ebi.ac.uk/pdbe/api/mappings/best_structures/Q9EP53,bfcfc5f99948c8bb91701ed43b6343e0ff35b747de68db58971d8af560dfae33,404,2026-10-09T07:30:20.197085+00:00,not_supplied_by_service,Q9EP53,PDBe_SIFTS
https://www.ebi.ac.uk/pdbe/api/mappings/best_structures/Q9EP69,bfcfc5f99948c8bb91701ed43b6343e0ff35b747de68db58971d8af560dfae33,404,2026-10-09T07:30:20.496885+00:00,not_supplied_by_service,Q9EP69,PDBe_SIFTS
https://www.ebi.ac.uk/pdbe/api/mappings/best_structures/Q9EP75,bfcfc5f99948c8bb91701ed43b6343e0ff35b747de68db58971d8af560dfae33,404,2026-10-09T07:30:20.409163+00:00,not_supplied_by_service,Q9EP75,PDBe_SIFTS
https://www.ebi.ac.uk/pdbe/api/mappings/best_structures/Q9EPC5,bfcfc5f99948c8bb91701ed43b6343e0ff35b747de68db58971d8af560dfae33,404,2026-10-09T07:30:20.292749+00:00,not_supplied_by_service,Q9EPC5,PDBe_SIFTS
https://www.ebi.ac.uk/pdbe/api/mappings/best_structures/Q9EPW2,bfcfc5f99948c8bb91701ed43b6343e0ff35b747de68db58971d8af560dfae33,404,2026-10-09T07:30:20.108220+00:00,not_supplied_by_service,Q9EPW2,PDBe_SIFTS
https://www.ebi.ac.uk/pdbe/api/mappings/best_structures/Q9EPX5,bfcfc5f99948c8bb91701ed43b6343e0ff35b747de68db58971d8af560dfae33,404,2026-10-09T07:30:19.919179+00:00,not_supplied_by_service,Q9EPX5,PDBe_SIFTS
https://www.ebi.ac.uk/pdbe/api/mappings/best_structures/Q9EQ32,bfcfc5f99948c8bb91701ed43b6343e0ff35b747de68db58971d8af560dfae33,404,2026-10-09T07:30:20.276013+00:00,not_supplied_by_service,Q9EQ32,PDBe_SIFTS
https://www.ebi.ac.uk/pdbe/api/mappings/best_structures/Q9EQC7,bfcfc5f99948c8bb91701ed43b6343e0ff35b747de68db58971d8af560dfae33,404,2026-10-09T07:30:19.926808+00:00,not_supplied_by_service,Q9EQC7,PDBe_SIFTS
https://www.ebi.ac.uk/pdbe/api/mappings/best_structures/Q9EQH4,bfcfc5f99948c8bb91701ed43b6343e0ff35b747de68db58971d8af560dfae33,404,2026-10-09T07:30:19.975353+00:00,not_supplied_by_service,Q9EQH4,PDBe_SIFTS
https://www.ebi.ac.uk/pdbe/api/mappings/best_structures/Q9EQQ9,bfcfc5f99948c8bb91701ed43b6343e0ff35b747de68db58971d8af560dfae33,404,2026-10-09T07:30:20.195720+00:00,not_supplied_by_service,Q9EQQ9,PDBe_SIFTS
https://www.ebi.ac.uk/pdbe/api/mappings/best_structures/Q9ER71,bfcfc5f99948c8bb91701ed43b6343e0ff35b747de68db58971d8af560dfae33,404,2026-10-09T07:30:20.278981+00:00,not_supplied_by_service,Q9ER71,PDBe_SIFTS
https://www.ebi.ac.uk/pdbe/api/mappings/best_structures/Q9ERV7,bfcfc5f99948c8bb91701ed43b6343e0ff35b747de68db58971d8af560dfae33,404,2026-10-09T07:30:19.851177+00:00,not_supplied_by_service,Q9ERV7,PDBe_SIFTS
https://www.ebi.ac.uk/pdbe/api/mappings/best_structures/Q9ERY9,bfcfc5f99948c8bb91701ed43b6343e0ff35b747de68db58971d8af560dfae33,404,2026-10-09T07:30:19.983612+00:00,not_supplied_by_service,Q9ERY9,PDBe_SIFTS
https://www.ebi.ac.uk/pdbe/api/mappings/best_structures/Q9ESC7,bfcfc5f99948c8bb91701ed43b6343e0ff35b747de68db58971d8af560dfae33,404,2026-10-09T07:30:19.854896+00:00,not_supplied_by_service,Q9ESC7,PDBe_SIFTS
https://www.ebi.ac.uk/pdbe/api/mappings/best_structures/Q9ESH5,bfcfc5f99948c8bb91701ed43b6343e0ff35b747de68db58971d8af560dfae33,404,2026-10-09T07:30:19.921350+00:00,not_supplied_by_service,Q9ESH5,PDBe_SIFTS
https://www.ebi.ac.uk/pdbe/api/mappings/best_structures/Q9ESL4,bfcfc5f99948c8bb91701ed43b6343e0ff35b747de68db58971d8af560dfae33,404,2026-10-09T07:30:31.515128+00:00,not_supplied_by_service,Q9ESL4,PDBe_SIFTS
https://www.ebi.ac.uk/pdbe/api/mappings/best_structures/Q9ET66,bfcfc5f99948c8bb91701ed43b6343e0ff35b747de68db58971d8af560dfae33,404,2026-10-09T07:30:31.762966+00:00,not_supplied_by_service,Q9ET66,PDBe_SIFTS
https://www.ebi.ac.uk/pdbe/api/mappings/best_structures/Q9JHB3,bfcfc5f99948c8bb91701ed43b6343e0ff35b747de68db58971d8af560dfae33,404,2026-10-09T07:30:32.086282+00:00,not_supplied_by_service,Q9JHB3,PDBe_SIFTS
https://www.ebi.ac.uk/pdbe/api/mappings/best_structures/Q9JHB4,bfcfc5f99948c8bb91701ed43b6343e0ff35b747de68db58971d8af560dfae33,404,2026-10-09T07:30:31.736159+00:00,not_supplied_by_service,Q9JHB4,PDBe_SIFTS
https://www.ebi.ac.uk/pdbe/api/mappings/best_structures/Q9JHF7,bfcfc5f99948c8bb91701ed43b6343e0ff35b747de68db58971d8af560dfae33,404,2026-10-09T07:30:31.733628+00:00,not_supplied_by_service,Q9JHF7,PDBe_SIFTS
https://www.ebi.ac.uk/pdbe/api/mappings/best_structures/Q9JHG6,eb76cda44c7bc3515503f32fcb1398f4a5c301b50833e80211229a03d6da48f1,200,2026-10-09T07:30:31.909296+00:00,not_supplied_by_service,Q9JHG6,PDBe_SIFTS
https://www.ebi.ac.uk/pdbe/api/mappings/best_structures/Q9JHI8,bfcfc5f99948c8bb91701ed43b6343e0ff35b747de68db58971d8af560dfae33,404,2026-10-09T07:30:31.986256+00:00,not_supplied_by_service,Q9JHI8,PDBe_SIFTS
https://www.ebi.ac.uk/pdbe/api/mappings/best_structures/Q9JI75,bfcfc5f99948c8bb91701ed43b6343e0ff35b747de68db58971d8af560dfae33,404,2026-10-09T07:30:32.092506+00:00,not_supplied_by_service,Q9JI75,PDBe_SIFTS
https://www.ebi.ac.uk/pdbe/api/mappings/best_structures/Q9JIG8,bfcfc5f99948c8bb91701ed43b6343e0ff35b747de68db58971d8af560dfae33,404,2026-10-09T07:30:31.587361+00:00,not_supplied_by_service,Q9JIG8,PDBe_SIFTS
https://www.ebi.ac.uk/pdbe/api/mappings/best_structures/Q9JIT0,bfcfc5f99948c8bb91701ed43b6343e0ff35b747de68db58971d8af560dfae33,404,2026-10-09T07:30:31.863620+00:00,not_supplied_by_service,Q9JIT0,PDBe_SIFTS
https://www.ebi.ac.uk/pdbe/api/mappings/best_structures/Q9JIZ9,bfcfc5f99948c8bb91701ed43b6343e0ff35b747de68db58971d8af560dfae33,404,2026-10-09T07:30:32.079173+00:00,not_supplied_by_service,Q9JIZ9,PDBe_SIFTS
https://www.ebi.ac.uk/pdbe/api/mappings/best_structures/Q9JJ61,bfcfc5f99948c8bb91701ed43b6343e0ff35b747de68db58971d8af560dfae33,404,2026-10-09T07:30:31.577642+00:00,not_supplied_by_service,Q9JJ61,PDBe_SIFTS
https://www.ebi.ac.uk/pdbe/api/mappings/best_structures/Q9JJ66,bfcfc5f99948c8bb91701ed43b6343e0ff35b747de68db58971d8af560dfae33,404,2026-10-09T07:30:31.586311+00:00,not_supplied_by_service,Q9JJ66,PDBe_SIFTS
https://www.ebi.ac.uk/pdbe/api/mappings/best_structures/Q9JK53,bfcfc5f99948c8bb91701ed43b6343e0ff35b747de68db58971d8af560dfae33,404,2026-10-09T07:30:31.868929+00:00,not_supplied_by_service,Q9JK53,PDBe_SIFTS
https://www.ebi.ac.uk/pdbe/api/mappings/best_structures/Q9JK95,bfcfc5f99948c8bb91701ed43b6343e0ff35b747de68db58971d8af560dfae33,404,2026-10-09T07:30:31.586618+00:00,not_supplied_by_service,Q9JK95,PDBe_SIFTS
https://www.ebi.ac.uk/pdbe/api/mappings/best_structures/Q9JKB1,bfcfc5f99948c8bb91701ed43b6343e0ff35b747de68db58971d8af560dfae33,404,2026-10-09T07:30:31.586871+00:00,not_supplied_by_service,Q9JKB1,PDBe_SIFTS
https://www.ebi.ac.uk/pdbe/api/mappings/best_structures/Q9JKC6,bfcfc5f99948c8bb91701ed43b6343e0ff35b747de68db58971d8af560dfae33,404,2026-10-09T07:30:42.979633+00:00,not_supplied_by_service,Q9JKC6,PDBe_SIFTS
https://www.ebi.ac.uk/pdbe/api/mappings/best_structures/Q9JKF4,bfcfc5f99948c8bb91701ed43b6343e0ff35b747de68db58971d8af560dfae33,404,2026-10-09T07:30:43.247614+00:00,not_supplied_by_service,Q9JKF4,PDBe_SIFTS
https://www.ebi.ac.uk/pdbe/api/mappings/best_structures/Q9JLC6,bfcfc5f99948c8bb91701ed43b6343e0ff35b747de68db58971d8af560dfae33,404,2026-10-09T07:30:43.250159+00:00,not_supplied_by_service,Q9JLC6,PDBe_SIFTS
https://www.ebi.ac.uk/pdbe/api/mappings/best_structures/Q9JLL0,bfcfc5f99948c8bb91701ed43b6343e0ff35b747de68db58971d8af560dfae33,404,2026-10-09T07:30:43.195308+00:00,not_supplied_by_service,Q9JLL0,PDBe_SIFTS
https://www.ebi.ac.uk/pdbe/api/mappings/best_structures/Q9JLM8,bfcfc5f99948c8bb91701ed43b6343e0ff35b747de68db58971d8af560dfae33,404,2026-10-09T07:30:43.555802+00:00,not_supplied_by_service,Q9JLM8,PDBe_SIFTS
https://www.ebi.ac.uk/pdbe/api/mappings/best_structures/Q9JLV1,2ae0ea192fb7a6a8c4aff167ebb56d7200d895db6d7785fe91f3af9653d58e9f,200,2026-10-09T07:30:43.589481+00:00,not_supplied_by_service,Q9JLV1,PDBe_SIFTS
https://www.ebi.ac.uk/pdbe/api/mappings/best_structures/Q9JMG2,bfcfc5f99948c8bb91701ed43b6343e0ff35b747de68db58971d8af560dfae33,404,2026-10-09T07:30:43.728056+00:00,not_supplied_by_service,Q9JMG2,PDBe_SIFTS
https://www.ebi.ac.uk/pdbe/api/mappings/best_structures/Q9QUG2,d8ae0c6a75c6d298aec007b0013fb64c49aba64093b33d5f26ae9af87d80e979,200,2026-10-09T07:30:42.980560+00:00,not_supplied_by_service,Q9QUG2,PDBe_SIFTS
https://www.ebi.ac.uk/pdbe/api/mappings/best_structures/Q9QUH0,bfcfc5f99948c8bb91701ed43b6343e0ff35b747de68db58971d8af560dfae33,404,2026-10-09T07:30:43.188358+00:00,not_supplied_by_service,Q9QUH0,PDBe_SIFTS
https://www.ebi.ac.uk/pdbe/api/mappings/best_structures/Q9QUN3,4b9fc379a696681ccaba90bc10f4a0d2e4e66111f5cea03bd3e26f87bd420a6e,200,2026-10-09T07:30:42.979682+00:00,not_supplied_by_service,Q9QUN3,PDBe_SIFTS
https://www.ebi.ac.uk/pdbe/api/mappings/best_structures/Q9QXE4,bfcfc5f99948c8bb91701ed43b6343e0ff35b747de68db58971d8af560dfae33,404,2026-10-09T07:30:42.984598+00:00,not_supplied_by_service,Q9QXE4,PDBe_SIFTS
https://www.ebi.ac.uk/pdbe/api/mappings/best_structures/Q9QXY6,bfcfc5f99948c8bb91701ed43b6343e0ff35b747de68db58971d8af560dfae33,404,2026-10-09T07:30:43.554160+00:00,not_supplied_by_service,Q9QXY6,PDBe_SIFTS
https://www.ebi.ac.uk/pdbe/api/mappings/best_structures/Q9QYF1,bfcfc5f99948c8bb91701ed43b6343e0ff35b747de68db58971d8af560dfae33,404,2026-10-09T07:30:43.276821+00:00,not_supplied_by_service,Q9QYF1,PDBe_SIFTS
https://www.ebi.ac.uk/pdbe/api/mappings/best_structures/Q9QYH6,bfcfc5f99948c8bb91701ed43b6343e0ff35b747de68db58971d8af560dfae33,404,2026-10-09T07:30:43.463137+00:00,not_supplied_by_service,Q9QYH6,PDBe_SIFTS
https://www.ebi.ac.uk/pdbe/api/mappings/best_structures/Q9QZ09,bfcfc5f99948c8bb91701ed43b6343e0ff35b747de68db58971d8af560dfae33,404,2026-10-09T07:30:43.195581+00:00,not_supplied_by_service,Q9QZ09,PDBe_SIFTS
https://www.ebi.ac.uk/pdbe/api/mappings/best_structures/Q9QZZ6,bfcfc5f99948c8bb91701ed43b6343e0ff35b747de68db58971d8af560dfae33,404,2026-10-09T07:30:43.187421+00:00,not_supplied_by_service,Q9QZZ6,PDBe_SIFTS
https://www.ebi.ac.uk/pdbe/api/mappings/best_structures/Q9R008,bfcfc5f99948c8bb91701ed43b6343e0ff35b747de68db58971d8af560dfae33,404,2026-10-09T07:30:55.220721+00:00,not_supplied_by_service,Q9R008,PDBe_SIFTS
https://www.ebi.ac.uk/pdbe/api/mappings/best_structures/Q9R087,bfcfc5f99948c8bb91701ed43b6343e0ff35b747de68db58971d8af560dfae33,404,2026-10-09T07:30:55.652431+00:00,not_supplied_by_service,Q9R087,PDBe_SIFTS
https://www.ebi.ac.uk/pdbe/api/mappings/best_structures/Q9R0A1,bfcfc5f99948c8bb91701ed43b6343e0ff35b747de68db58971d8af560dfae33,404,2026-10-09T07:30:55.217821+00:00,not_supplied_by_service,Q9R0A1,PDBe_SIFTS
https://www.ebi.ac.uk/pdbe/api/mappings/best_structures/Q9R1J0,bfcfc5f99948c8bb91701ed43b6343e0ff35b747de68db58971d8af560dfae33,404,2026-10-09T07:30:55.281428+00:00,not_supplied_by_service,Q9R1J0,PDBe_SIFTS
https://www.ebi.ac.uk/pdbe/api/mappings/best_structures/Q9R1Z8,bfcfc5f99948c8bb91701ed43b6343e0ff35b747de68db58971d8af560dfae33,404,2026-10-09T07:30:55.616885+00:00,not_supplied_by_service,Q9R1Z8,PDBe_SIFTS
https://www.ebi.ac.uk/pdbe/api/mappings/best_structures/Q9WTJ5,bfcfc5f99948c8bb91701ed43b6343e0ff35b747de68db58971d8af560dfae33,404,2026-10-09T07:30:55.511702+00:00,not_supplied_by_service,Q9WTJ5,PDBe_SIFTS
https://www.ebi.ac.uk/pdbe/api/mappings/best_structures/Q9WTP2,bfcfc5f99948c8bb91701ed43b6343e0ff35b747de68db58971d8af560dfae33,404,2026-10-09T07:30:55.417617+00:00,not_supplied_by_service,Q9WTP2,PDBe_SIFTS
https://www.ebi.ac.uk/pdbe/api/mappings/best_structures/Q9WTR1,d29eedddd4aa52138bb228269884a50802fcbe3e4357644ef3df91b9a036c5bf,200,2026-10-09T07:30:55.225898+00:00,not_supplied_by_service,Q9WTR1,PDBe_SIFTS
https://www.ebi.ac.uk/pdbe/api/mappings/best_structures/Q9WU79,bfcfc5f99948c8bb91701ed43b6343e0ff35b747de68db58971d8af560dfae33,404,2026-10-09T07:30:55.412190+00:00,not_supplied_by_service,Q9WU79,PDBe_SIFTS
https://www.ebi.ac.uk/pdbe/api/mappings/best_structures/Q9WUP0,bfcfc5f99948c8bb91701ed43b6343e0ff35b747de68db58971d8af560dfae33,404,2026-10-09T07:30:55.227001+00:00,not_supplied_by_service,Q9WUP0,PDBe_SIFTS
https://www.ebi.ac.uk/pdbe/api/mappings/best_structures/Q9WUR9,bfcfc5f99948c8bb91701ed43b6343e0ff35b747de68db58971d8af560dfae33,404,2026-10-09T07:30:55.487378+00:00,not_supplied_by_service,Q9WUR9,PDBe_SIFTS
https://www.ebi.ac.uk/pdbe/api/mappings/best_structures/Q9WUZ7,bfcfc5f99948c8bb91701ed43b6343e0ff35b747de68db58971d8af560dfae33,404,2026-10-09T07:30:55.503954+00:00,not_supplied_by_service,Q9WUZ7,PDBe_SIFTS
https://www.ebi.ac.uk/pdbe/api/mappings/best_structures/Q9WUZ9,bfcfc5f99948c8bb91701ed43b6343e0ff35b747de68db58971d8af560dfae33,404,2026-10-09T07:30:55.680343+00:00,not_supplied_by_service,Q9WUZ9,PDBe_SIFTS
https://www.ebi.ac.uk/pdbe/api/mappings/best_structures/Q9WV32,a91a3775fac33c2d68d64f9e46271eaf6256711a6ef42098c9586cc6c71e2564,200,2026-10-09T07:30:55.224416+00:00,not_supplied_by_service,Q9WV32,PDBe_SIFTS
https://www.ebi.ac.uk/pdbe/api/mappings/best_structures/Q9WV66,bfcfc5f99948c8bb91701ed43b6343e0ff35b747de68db58971d8af560dfae33,404,2026-10-09T07:30:55.215223+00:00,not_supplied_by_service,Q9WV66,PDBe_SIFTS
https://www.ebi.ac.uk/pdbe/api/mappings/best_structures/Q9WV71,bfcfc5f99948c8bb91701ed43b6343e0ff35b747de68db58971d8af560dfae33,404,2026-10-09T07:30:55.572382+00:00,not_supplied_by_service,Q9WV71,PDBe_SIFTS
https://www.ebi.ac.uk/pdbe/api/mappings/best_structures/Q9WV95,bfcfc5f99948c8bb91701ed43b6343e0ff35b747de68db58971d8af560dfae33,404,2026-10-09T07:31:07.110873+00:00,not_supplied_by_service,Q9WV95,PDBe_SIFTS
https://www.ebi.ac.uk/pdbe/api/mappings/best_structures/Q9WVC5,bfcfc5f99948c8bb91701ed43b6343e0ff35b747de68db58971d8af560dfae33,404,2026-10-09T07:31:07.059207+00:00,not_supplied_by_service,Q9WVC5,PDBe_SIFTS
https://www.ebi.ac.uk/pdbe/api/mappings/best_structures/Q9WVC6,bfcfc5f99948c8bb91701ed43b6343e0ff35b747de68db58971d8af560dfae33,404,2026-10-09T07:31:07.111055+00:00,not_supplied_by_service,Q9WVC6,PDBe_SIFTS
https://www.ebi.ac.uk/pdbe/api/mappings/best_structures/Q9WVF7,bfcfc5f99948c8bb91701ed43b6343e0ff35b747de68db58971d8af560dfae33,404,2026-10-09T07:31:07.103066+00:00,not_supplied_by_service,Q9WVF7,PDBe_SIFTS
https://www.ebi.ac.uk/pdbe/api/mappings/best_structures/Q9WVG7,bfcfc5f99948c8bb91701ed43b6343e0ff35b747de68db58971d8af560dfae33,404,2026-10-09T07:31:07.654708+00:00,not_supplied_by_service,Q9WVG7,PDBe_SIFTS
https://www.ebi.ac.uk/pdbe/api/mappings/best_structures/Q9WVL3,d7f92d4d28a5be2de27357a860b8b580250761f0f96b536e1cec0bc0dc2e293f,200,2026-10-09T07:31:07.608946+00:00,not_supplied_by_service,Q9WVL3,PDBe_SIFTS
https://www.ebi.ac.uk/pdbe/api/mappings/best_structures/Q9Z0D9,bfcfc5f99948c8bb91701ed43b6343e0ff35b747de68db58971d8af560dfae33,404,2026-10-09T07:31:07.569553+00:00,not_supplied_by_service,Q9Z0D9,PDBe_SIFTS
https://www.ebi.ac.uk/pdbe/api/mappings/best_structures/Q9Z0H4,bfcfc5f99948c8bb91701ed43b6343e0ff35b747de68db58971d8af560dfae33,404,2026-10-09T07:31:07.668022+00:00,not_supplied_by_service,Q9Z0H4,PDBe_SIFTS
https://www.ebi.ac.uk/pdbe/api/mappings/best_structures/Q9Z0M5,bfcfc5f99948c8bb91701ed43b6343e0ff35b747de68db58971d8af560dfae33,404,2026-10-09T07:31:07.362968+00:00,not_supplied_by_service,Q9Z0M5,PDBe_SIFTS
https://www.ebi.ac.uk/pdbe/api/mappings/best_structures/Q9Z0U1,5c678bb50f287747183e856e79f9ff9a39885d601113b79ce77db8161b92fa91,200,2026-10-09T07:31:07.492378+00:00,not_supplied_by_service,Q9Z0U1,PDBe_SIFTS
https://www.ebi.ac.uk/pdbe/api/mappings/best_structures/Q9Z126,bfcfc5f99948c8bb91701ed43b6343e0ff35b747de68db58971d8af560dfae33,404,2026-10-09T07:31:07.234176+00:00,not_supplied_by_service,Q9Z126,PDBe_SIFTS
https://www.ebi.ac.uk/pdbe/api/mappings/best_structures/Q9Z139,bfcfc5f99948c8bb91701ed43b6343e0ff35b747de68db58971d8af560dfae33,404,2026-10-09T07:31:07.437952+00:00,not_supplied_by_service,Q9Z139,PDBe_SIFTS
https://www.ebi.ac.uk/pdbe/api/mappings/best_structures/Q9Z180,bfcfc5f99948c8bb91701ed43b6343e0ff35b747de68db58971d8af560dfae33,404,2026-10-09T07:31:07.061575+00:00,not_supplied_by_service,Q9Z180,PDBe_SIFTS
https://www.ebi.ac.uk/pdbe/api/mappings/best_structures/Q9Z1E4,bfcfc5f99948c8bb91701ed43b6343e0ff35b747de68db58971d8af560dfae33,404,2026-10-09T07:31:07.455651+00:00,not_supplied_by_service,Q9Z1E4,PDBe_SIFTS
https://www.ebi.ac.uk/pdbe/api/mappings/best_structures/Q9Z1F6,bfcfc5f99948c8bb91701ed43b6343e0ff35b747de68db58971d8af560dfae33,404,2026-10-09T07:31:07.257844+00:00,not_supplied_by_service,Q9Z1F6,PDBe_SIFTS
https://www.ebi.ac.uk/pdbe/api/mappings/best_structures/Q9Z1P5,bfcfc5f99948c8bb91701ed43b6343e0ff35b747de68db58971d8af560dfae33,404,2026-10-09T07:31:07.110700+00:00,not_supplied_by_service,Q9Z1P5,PDBe_SIFTS
https://www.ebi.ac.uk/pdbe/api/mappings/best_structures/Q9Z1S0,bfcfc5f99948c8bb91701ed43b6343e0ff35b747de68db58971d8af560dfae33,404,2026-10-09T07:31:18.538867+00:00,not_supplied_by_service,Q9Z1S0,PDBe_SIFTS
https://www.ebi.ac.uk/pdbe/api/mappings/best_structures/Q9Z1T2,bfcfc5f99948c8bb91701ed43b6343e0ff35b747de68db58971d8af560dfae33,404,2026-10-09T07:31:18.520790+00:00,not_supplied_by_service,Q9Z1T2,PDBe_SIFTS
https://www.ebi.ac.uk/pdbe/api/mappings/best_structures/Q9Z1W4,bfcfc5f99948c8bb91701ed43b6343e0ff35b747de68db58971d8af560dfae33,404,2026-10-09T07:31:18.728460+00:00,not_supplied_by_service,Q9Z1W4,PDBe_SIFTS
https://www.ebi.ac.uk/pdbe/api/mappings/best_structures/Q9Z275,bfcfc5f99948c8bb91701ed43b6343e0ff35b747de68db58971d8af560dfae33,404,2026-10-09T07:31:18.629447+00:00,not_supplied_by_service,Q9Z275,PDBe_SIFTS
https://www.ebi.ac.uk/pdbe/api/mappings/best_structures/Q9Z2A9,bfcfc5f99948c8bb91701ed43b6343e0ff35b747de68db58971d8af560dfae33,404,2026-10-09T07:31:18.605997+00:00,not_supplied_by_service,Q9Z2A9,PDBe_SIFTS
https://www.ebi.ac.uk/pdbe/api/mappings/best_structures/Q9Z2F6,bfcfc5f99948c8bb91701ed43b6343e0ff35b747de68db58971d8af560dfae33,404,2026-10-09T07:31:18.427068+00:00,not_supplied_by_service,Q9Z2F6,PDBe_SIFTS
https://www.ebi.ac.uk/pdbe/api/mappings/best_structures/Q9Z2U1,3e2e5c35cee2303e9810217fef9288181d08f0176f9f7525707f6397b1edcc4e,200,2026-10-09T07:31:18.695577+00:00,not_supplied_by_service,Q9Z2U1,PDBe_SIFTS
https://www.ebi.ac.uk/pdbe/api/mappings/best_structures/Q9Z2U2,bfcfc5f99948c8bb91701ed43b6343e0ff35b747de68db58971d8af560dfae33,404,2026-10-09T07:31:18.728598+00:00,not_supplied_by_service,Q9Z2U2,PDBe_SIFTS
https://www.ebi.ac.uk/pdbe/api/mappings/best_structures/T1NXB5,bfcfc5f99948c8bb91701ed43b6343e0ff35b747de68db58971d8af560dfae33,404,2026-10-09T07:31:18.600069+00:00,not_supplied_by_service,T1NXB5,PDBe_SIFTS
