protein_accession,source,structure_id,chain_id,model_version,species_taxid,sequence_start,sequence_end,sequence_match,model_sequence_sha256,reported_sequence_checksum,experimental_method,resolution,reported_coverage,cif_url,pdb_url,confidence_url,pae_url,candidate_status,reason,query_url,response_sha256,structural_eligibility,protocol_version
A0A087WRH0,AlphaFold_DB,AF-A0A087WRH0-F1,A,6,10090,1,451,exact_full,cc944b615a217b70b12ed76986f5a53ed50af715653d2bf494af7f74027e4492,9c7b50ed21662479d5904669797d9583,predicted,,,https://alphafold.ebi.ac.uk/files/AF-A0A087WRH0-F1-model_v6.cif,https://alphafold.ebi.ac.uk/files/AF-A0A087WRH0-F1-model_v6.pdb,https://alphafold.ebi.ac.uk/files/AF-A0A087WRH0-F1-confidence_v6.json,https://alphafold.ebi.ac.uk/files/AF-A0A087WRH0-F1-predicted_aligned_error_v6.json,candidate,EXACT_FULL_SEQUENCE_LOCAL_QUALITY_PENDING,https://alphafold.ebi.ac.uk/api/prediction/A0A087WRH0,83b46f73a0effb39213368521f50cc209587c10e0b48d7ca74a03fe17f1cfc6e,not_assessed,0.1.0
A0A087WRT7,AlphaFold_DB,AF-A0A087WRT7-F1,A,6,10090,1,236,exact_full,98da8ef48273c89925cc19e38851f7141d23d1ee6e796a183cf2e085f0590804,12e0915875465b8cea4ca765484e567c,predicted,,,https://alphafold.ebi.ac.uk/files/AF-A0A087WRT7-F1-model_v6.cif,https://alphafold.ebi.ac.uk/files/AF-A0A087WRT7-F1-model_v6.pdb,https://alphafold.ebi.ac.uk/files/AF-A0A087WRT7-F1-confidence_v6.json,https://alphafold.ebi.ac.uk/files/AF-A0A087WRT7-F1-predicted_aligned_error_v6.json,candidate,EXACT_FULL_SEQUENCE_LOCAL_QUALITY_PENDING,https://alphafold.ebi.ac.uk/api/prediction/A0A087WRT7,1421e1c1e934e9dbea0e226bb6b2cb0c8faaae275c9723386a6d958a6cfd56c7,not_assessed,0.1.0
A0A0G2JDS2,AlphaFold_DB,AF-A0A0G2JDS2-F1,A,6,10090,1,431,exact_full,18f368b98ef1e05d86f940e066dc79a3b8c834874f63d4c7ba470000fd85d740,e9c657ec290d58679fe074fd119f1f6f,predicted,,,https://alphafold.ebi.ac.uk/files/AF-A0A0G2JDS2-F1-model_v6.cif,https://alphafold.ebi.ac.uk/files/AF-A0A0G2JDS2-F1-model_v6.pdb,https://alphafold.ebi.ac.uk/files/AF-A0A0G2JDS2-F1-confidence_v6.json,https://alphafold.ebi.ac.uk/files/AF-A0A0G2JDS2-F1-predicted_aligned_error_v6.json,candidate,EXACT_FULL_SEQUENCE_LOCAL_QUALITY_PENDING,https://alphafold.ebi.ac.uk/api/prediction/A0A0G2JDS2,1c36542b63f0562900c1d8d61f278023148e8eab50f2df9a1204a7648c248005,not_assessed,0.1.0
A0A0R4J086,AlphaFold_DB,AF-A0A0R4J086-F1,A,6,10090,1,406,exact_full,60645be94b7e56b032427f5906e47582ce119fe4f42187c7207620db1a1f8924,ac844fe85e798eba6e84f4f65ca1aad7,predicted,,,https://alphafold.ebi.ac.uk/files/AF-A0A0R4J086-F1-model_v6.cif,https://alphafold.ebi.ac.uk/files/AF-A0A0R4J086-F1-model_v6.pdb,https://alphafold.ebi.ac.uk/files/AF-A0A0R4J086-F1-confidence_v6.json,https://alphafold.ebi.ac.uk/files/AF-A0A0R4J086-F1-predicted_aligned_error_v6.json,candidate,EXACT_FULL_SEQUENCE_LOCAL_QUALITY_PENDING,https://alphafold.ebi.ac.uk/api/prediction/A0A0R4J086,ffdb85b78529c5f6ff77ccf23bd8d9730656fff5e6d59e499741f1caed751d08,not_assessed,0.1.0
A0A0R4J0H9,AlphaFold_DB,AF-A0A0R4J0H9-F1,A,6,10090,1,239,exact_full,c73bbd8f22adb29eb329e12c1edf3759af690435223503db346386a83ea2538d,1ef9468125999fd6d114fcdb498af93e,predicted,,,https://alphafold.ebi.ac.uk/files/AF-A0A0R4J0H9-F1-model_v6.cif,https://alphafold.ebi.ac.uk/files/AF-A0A0R4J0H9-F1-model_v6.pdb,https://alphafold.ebi.ac.uk/files/AF-A0A0R4J0H9-F1-confidence_v6.json,https://alphafold.ebi.ac.uk/files/AF-A0A0R4J0H9-F1-predicted_aligned_error_v6.json,candidate,EXACT_FULL_SEQUENCE_LOCAL_QUALITY_PENDING,https://alphafold.ebi.ac.uk/api/prediction/A0A0R4J0H9,b419e11670cc8318f3602a82ffce1602073c7cea0a91d77526734a324b79d74d,not_assessed,0.1.0
A0A0R4J0Y2,AlphaFold_DB,AF-A0A0R4J0Y2-F1,A,6,10090,1,337,exact_full,f37865dbd5c9b57ddf0e8f68ed87f64ea8d6d91e66efb4c1e6cdd793f647d613,f58e98a56efc67b61aaa08f1a613bc6e,predicted,,,https://alphafold.ebi.ac.uk/files/AF-A0A0R4J0Y2-F1-model_v6.cif,https://alphafold.ebi.ac.uk/files/AF-A0A0R4J0Y2-F1-model_v6.pdb,https://alphafold.ebi.ac.uk/files/AF-A0A0R4J0Y2-F1-confidence_v6.json,https://alphafold.ebi.ac.uk/files/AF-A0A0R4J0Y2-F1-predicted_aligned_error_v6.json,candidate,EXACT_FULL_SEQUENCE_LOCAL_QUALITY_PENDING,https://alphafold.ebi.ac.uk/api/prediction/A0A0R4J0Y2,51c03b436eee7c6c3ee4b6d3026897c58de5eeedf844b53abb61bfa25df7471a,not_assessed,0.1.0
A0A0R4J1Z0,AlphaFold_DB,AF-A0A0R4J1Z0-F1,A,6,10090,1,331,exact_full,4ac10e7160e8403c2e67bd62be8f27d843eff3d148e72358f6bdff128290bdff,5f104dc8d459e746126ad4bc66ceb5c4,predicted,,,https://alphafold.ebi.ac.uk/files/AF-A0A0R4J1Z0-F1-model_v6.cif,https://alphafold.ebi.ac.uk/files/AF-A0A0R4J1Z0-F1-model_v6.pdb,https://alphafold.ebi.ac.uk/files/AF-A0A0R4J1Z0-F1-confidence_v6.json,https://alphafold.ebi.ac.uk/files/AF-A0A0R4J1Z0-F1-predicted_aligned_error_v6.json,candidate,EXACT_FULL_SEQUENCE_LOCAL_QUALITY_PENDING,https://alphafold.ebi.ac.uk/api/prediction/A0A0R4J1Z0,cc6352fd8b84e8d269a4946dfe734775bfe6a25757504c96c7679e889f7ab835,not_assessed,0.1.0
A0A140T8U8,AlphaFold_DB,AF-A0A140T8U8-F1,A,6,10090,1,332,exact_full,524c72fe5bc920eb51d28196eef439af13f58344ca83642fd4b166074203b15e,f59b30561c2cb5e9bf54a4c98504c04a,predicted,,,https://alphafold.ebi.ac.uk/files/AF-A0A140T8U8-F1-model_v6.cif,https://alphafold.ebi.ac.uk/files/AF-A0A140T8U8-F1-model_v6.pdb,https://alphafold.ebi.ac.uk/files/AF-A0A140T8U8-F1-confidence_v6.json,https://alphafold.ebi.ac.uk/files/AF-A0A140T8U8-F1-predicted_aligned_error_v6.json,candidate,EXACT_FULL_SEQUENCE_LOCAL_QUALITY_PENDING,https://alphafold.ebi.ac.uk/api/prediction/A0A140T8U8,7f3637b5836b9ac99c58a53a263deea6169b2f8b82a67baa6e277793e8555fbb,not_assessed,0.1.0
A0A1B0GQY9,AlphaFold_DB,AF-A0A1B0GQY9-F1,A,6,10090,1,621,exact_full,fe1baa9fc2c066dac1a3d0c85a18538c658af4f601da2e0bb558a08fc58f3406,d19fbe02e26724dbc877e34af7d2b9f0,predicted,,,https://alphafold.ebi.ac.uk/files/AF-A0A1B0GQY9-F1-model_v6.cif,https://alphafold.ebi.ac.uk/files/AF-A0A1B0GQY9-F1-model_v6.pdb,https://alphafold.ebi.ac.uk/files/AF-A0A1B0GQY9-F1-confidence_v6.json,https://alphafold.ebi.ac.uk/files/AF-A0A1B0GQY9-F1-predicted_aligned_error_v6.json,candidate,EXACT_FULL_SEQUENCE_LOCAL_QUALITY_PENDING,https://alphafold.ebi.ac.uk/api/prediction/A0A1B0GQY9,f215689a45579b7a686ac24d297dfeb5eb695240040edf6347a2ac16a444cb6f,not_assessed,0.1.0
A0A1B0GST9,AlphaFold_DB,AF-A0A1B0GST9-F1,A,6,10090,1,59,exact_full,d4f394311f78ba8eb9f8e8398f4d63ec7ec9581b97aef36f9da2fcf782ffe8ca,bf6b0d1c7d979392e0800e849e1d6738,predicted,,,https://alphafold.ebi.ac.uk/files/AF-A0A1B0GST9-F1-model_v6.cif,https://alphafold.ebi.ac.uk/files/AF-A0A1B0GST9-F1-model_v6.pdb,https://alphafold.ebi.ac.uk/files/AF-A0A1B0GST9-F1-confidence_v6.json,https://alphafold.ebi.ac.uk/files/AF-A0A1B0GST9-F1-predicted_aligned_error_v6.json,candidate,EXACT_FULL_SEQUENCE_LOCAL_QUALITY_PENDING,https://alphafold.ebi.ac.uk/api/prediction/A0A1B0GST9,6a7f178456446672a0bf2d87c3b5308d313648401d911dc9f1858f3c3bf70693,not_assessed,0.1.0
A0A1B0GSZ0,AlphaFold_DB,AF-A0A1B0GSZ0-F1,A,6,10090,1,75,exact_full,29f66365a7ae669061153926cd066769a1ccb141299dac29f9e51b5c334be557,65fb33376cc7289fc47e1a054bf6c7e7,predicted,,,https://alphafold.ebi.ac.uk/files/AF-A0A1B0GSZ0-F1-model_v6.cif,https://alphafold.ebi.ac.uk/files/AF-A0A1B0GSZ0-F1-model_v6.pdb,https://alphafold.ebi.ac.uk/files/AF-A0A1B0GSZ0-F1-confidence_v6.json,https://alphafold.ebi.ac.uk/files/AF-A0A1B0GSZ0-F1-predicted_aligned_error_v6.json,candidate,EXACT_FULL_SEQUENCE_LOCAL_QUALITY_PENDING,https://alphafold.ebi.ac.uk/api/prediction/A0A1B0GSZ0,d6e1d411575839725a657741282ddf6bcb53560255a4b39999ed3102c3d1641d,not_assessed,0.1.0
A0A1D5RLX6,AlphaFold_DB,AF-A0A1D5RLX6-F1,A,6,10090,1,1047,exact_full,64f44eaf695a7fdc7dfcfc0d258814e9dd86667ba3085393dc8b3a3390740a3a,8fcc77e9ae5303026560cae358cf181a,predicted,,,https://alphafold.ebi.ac.uk/files/AF-A0A1D5RLX6-F1-model_v6.cif,https://alphafold.ebi.ac.uk/files/AF-A0A1D5RLX6-F1-model_v6.pdb,https://alphafold.ebi.ac.uk/files/AF-A0A1D5RLX6-F1-confidence_v6.json,https://alphafold.ebi.ac.uk/files/AF-A0A1D5RLX6-F1-predicted_aligned_error_v6.json,candidate,EXACT_FULL_SEQUENCE_LOCAL_QUALITY_PENDING,https://alphafold.ebi.ac.uk/api/prediction/A0A1D5RLX6,931459d715f4a4ae8711beaac479ccd5ac4c31fa064cd135d8f531cef8d3215d,not_assessed,0.1.0
A0A1W2P7H6,AlphaFold_DB,AF-A0A1W2P7H6-F1,A,6,10090,1,457,exact_full,d47bf8ad75f281baf045f22d5bf33d88e761e88fafe3dfc1eb86988ebe92304c,5a706d5129845e6a5b938b3cc9eaf4f3,predicted,,,https://alphafold.ebi.ac.uk/files/AF-A0A1W2P7H6-F1-model_v6.cif,https://alphafold.ebi.ac.uk/files/AF-A0A1W2P7H6-F1-model_v6.pdb,https://alphafold.ebi.ac.uk/files/AF-A0A1W2P7H6-F1-confidence_v6.json,https://alphafold.ebi.ac.uk/files/AF-A0A1W2P7H6-F1-predicted_aligned_error_v6.json,candidate,EXACT_FULL_SEQUENCE_LOCAL_QUALITY_PENDING,https://alphafold.ebi.ac.uk/api/prediction/A0A1W2P7H6,93d6b169a1dcc4f5d36258c567e45d8379f5448d7e95b6640810a904ad5dc226,not_assessed,0.1.0
A2A6T1,AlphaFold_DB,AF-A2A6T1-F1,A,6,10090,1,465,exact_full,bca4d682d905cb35f9295f3c14188029c2c89ceea3c1459f271dfc8802588a2d,a5290855ac1c15e3c0552f93020e645a,predicted,,,https://alphafold.ebi.ac.uk/files/AF-A2A6T1-F1-model_v6.cif,https://alphafold.ebi.ac.uk/files/AF-A2A6T1-F1-model_v6.pdb,https://alphafold.ebi.ac.uk/files/AF-A2A6T1-F1-confidence_v6.json,https://alphafold.ebi.ac.uk/files/AF-A2A6T1-F1-predicted_aligned_error_v6.json,candidate,EXACT_FULL_SEQUENCE_LOCAL_QUALITY_PENDING,https://alphafold.ebi.ac.uk/api/prediction/A2A6T1,94f499bec93461512c33b71d49ad65828c2eb1afd758e01b8943c9157dec71f3,not_assessed,0.1.0
A2A716,AlphaFold_DB,AF-A2A716-F1,A,6,10090,1,837,exact_full,d2e42d8a83cdaa489899cffe72395c639232d1b25063cf404491fac7622b17cc,ad94fd58f9a67eee887c7574af88ba82,predicted,,,https://alphafold.ebi.ac.uk/files/AF-A2A716-F1-model_v6.cif,https://alphafold.ebi.ac.uk/files/AF-A2A716-F1-model_v6.pdb,https://alphafold.ebi.ac.uk/files/AF-A2A716-F1-confidence_v6.json,https://alphafold.ebi.ac.uk/files/AF-A2A716-F1-predicted_aligned_error_v6.json,candidate,EXACT_FULL_SEQUENCE_LOCAL_QUALITY_PENDING,https://alphafold.ebi.ac.uk/api/prediction/A2A716,1f8c988fd7082c2a7611e303920e0264d274862148c5c7300b79272370ef6afa,not_assessed,0.1.0
A2A7F4,AlphaFold_DB,AF-A2A7F4-F1,A,6,10090,1,1918,exact_full,dbdedfc0e43d300407e324c27d873fb3ce2f83fe27cc8d54d47739b44a25dbc2,bdf698e2ff5e5e3d4572089d0b565736,predicted,,,https://alphafold.ebi.ac.uk/files/AF-A2A7F4-F1-model_v6.cif,https://alphafold.ebi.ac.uk/files/AF-A2A7F4-F1-model_v6.pdb,https://alphafold.ebi.ac.uk/files/AF-A2A7F4-F1-confidence_v6.json,https://alphafold.ebi.ac.uk/files/AF-A2A7F4-F1-predicted_aligned_error_v6.json,candidate,EXACT_FULL_SEQUENCE_LOCAL_QUALITY_PENDING,https://alphafold.ebi.ac.uk/api/prediction/A2A7F4,831a19a62f1df5b1a568e52fa69946ff3a02558a90996b25d9fb7af57ac1c19b,not_assessed,0.1.0
A2A863,AlphaFold_DB,AF-A2A863-2-F1,A,6,10090,1,1753,not_assessed,edd06f7658a64f18d7d0a35a23a1ffd1b63b1b9411abcb39d0d6d4990d63ddcc,d1009825e6b2e3344637ea9e84a35e88,predicted,,,https://alphafold.ebi.ac.uk/files/AF-A2A863-2-F1-model_v6.cif,https://alphafold.ebi.ac.uk/files/AF-A2A863-2-F1-model_v6.pdb,https://alphafold.ebi.ac.uk/files/AF-A2A863-2-F1-confidence_v6.json,https://alphafold.ebi.ac.uk/files/AF-A2A863-2-F1-predicted_aligned_error_v6.json,held,ALPHAFOLD_ACCESSION_DIFFERS_FROM_CANONICAL,https://alphafold.ebi.ac.uk/api/prediction/A2A863,f8c21cf1d22ac331d5e85369e4f775f9b3305df1c287bca78206b34d8c08ac46,not_assessed,0.1.0
A2A863,AlphaFold_DB,AF-A2A863-3-F1,A,6,10090,1,1806,not_assessed,48d1c1017245af47b0cfc13435ac4c7d2e6e1c849ec2ddf76ad6eb0b6173ca92,9ffc52357c7b65d3e262d7cbb0b09f35,predicted,,,https://alphafold.ebi.ac.uk/files/AF-A2A863-3-F1-model_v6.cif,https://alphafold.ebi.ac.uk/files/AF-A2A863-3-F1-model_v6.pdb,https://alphafold.ebi.ac.uk/files/AF-A2A863-3-F1-confidence_v6.json,https://alphafold.ebi.ac.uk/files/AF-A2A863-3-F1-predicted_aligned_error_v6.json,held,ALPHAFOLD_ACCESSION_DIFFERS_FROM_CANONICAL,https://alphafold.ebi.ac.uk/api/prediction/A2A863,f8c21cf1d22ac331d5e85369e4f775f9b3305df1c287bca78206b34d8c08ac46,not_assessed,0.1.0
A2A863,AlphaFold_DB,AF-A2A863-F1,A,6,10090,1,1818,exact_full,f168fa99c915fce1830a22e7345f16516f428391ff26da8eca338018f5cc5089,ac72c60d4776625e0c54acab2ff261c6,predicted,,,https://alphafold.ebi.ac.uk/files/AF-A2A863-F1-model_v6.cif,https://alphafold.ebi.ac.uk/files/AF-A2A863-F1-model_v6.pdb,https://alphafold.ebi.ac.uk/files/AF-A2A863-F1-confidence_v6.json,https://alphafold.ebi.ac.uk/files/AF-A2A863-F1-predicted_aligned_error_v6.json,candidate,EXACT_FULL_SEQUENCE_LOCAL_QUALITY_PENDING,https://alphafold.ebi.ac.uk/api/prediction/A2A863,f8c21cf1d22ac331d5e85369e4f775f9b3305df1c287bca78206b34d8c08ac46,not_assessed,0.1.0
A2AAY5,AlphaFold_DB,AF-A2AAY5-F1,A,6,10090,1,908,exact_full,f2cb1939694962c5feb4d7f313a74bac5d42ac4c82765d6b5954317be6caa53f,9b1af6b68688477c9249265fa7660860,predicted,,,https://alphafold.ebi.ac.uk/files/AF-A2AAY5-F1-model_v6.cif,https://alphafold.ebi.ac.uk/files/AF-A2AAY5-F1-model_v6.pdb,https://alphafold.ebi.ac.uk/files/AF-A2AAY5-F1-confidence_v6.json,https://alphafold.ebi.ac.uk/files/AF-A2AAY5-F1-predicted_aligned_error_v6.json,candidate,EXACT_FULL_SEQUENCE_LOCAL_QUALITY_PENDING,https://alphafold.ebi.ac.uk/api/prediction/A2AAY5,7730bc802e1196c26556d2760320f732df61b4ecb3c86cd848c1a59ee7ad03f8,not_assessed,0.1.0
A2AHD1,AlphaFold_DB,AF-A2AHD1-F1,A,6,10090,1,251,exact_full,3a76dc527edb310c924aee76e8688444daa3a43560f87a978f229f82a4651707,fcbf19e27a2536ef8cb59d74ad43f264,predicted,,,https://alphafold.ebi.ac.uk/files/AF-A2AHD1-F1-model_v6.cif,https://alphafold.ebi.ac.uk/files/AF-A2AHD1-F1-model_v6.pdb,https://alphafold.ebi.ac.uk/files/AF-A2AHD1-F1-confidence_v6.json,https://alphafold.ebi.ac.uk/files/AF-A2AHD1-F1-predicted_aligned_error_v6.json,candidate,EXACT_FULL_SEQUENCE_LOCAL_QUALITY_PENDING,https://alphafold.ebi.ac.uk/api/prediction/A2AHD1,6b3c806a42e4cded3fe13c683fb024cdf9570446c4ec59dda2a6dc60a1dd27ba,not_assessed,0.1.0
A2AIG8,AlphaFold_DB,AF-A2AIG8-2-F1,A,6,10090,1,479,not_assessed,911514bf7f558fbbfdc5993042d83967c6041636a69184d903273bd2013bea7b,d359b080bcebf467ce9c8c0e56d6490f,predicted,,,https://alphafold.ebi.ac.uk/files/AF-A2AIG8-2-F1-model_v6.cif,https://alphafold.ebi.ac.uk/files/AF-A2AIG8-2-F1-model_v6.pdb,https://alphafold.ebi.ac.uk/files/AF-A2AIG8-2-F1-confidence_v6.json,https://alphafold.ebi.ac.uk/files/AF-A2AIG8-2-F1-predicted_aligned_error_v6.json,held,ALPHAFOLD_ACCESSION_DIFFERS_FROM_CANONICAL,https://alphafold.ebi.ac.uk/api/prediction/A2AIG8,83afd6a29c8c86659da066c42d2c7a113f6df326c28075a6e69101251259402a,not_assessed,0.1.0
A2AIG8,AlphaFold_DB,AF-A2AIG8-F1,A,6,10090,1,502,exact_full,28e1a09014771aa0381a0b753c69be6ece6a72515404b389b018ee671ddda8a5,d0c041058ed534f5f4df0a1037bb6d89,predicted,,,https://alphafold.ebi.ac.uk/files/AF-A2AIG8-F1-model_v6.cif,https://alphafold.ebi.ac.uk/files/AF-A2AIG8-F1-model_v6.pdb,https://alphafold.ebi.ac.uk/files/AF-A2AIG8-F1-confidence_v6.json,https://alphafold.ebi.ac.uk/files/AF-A2AIG8-F1-predicted_aligned_error_v6.json,candidate,EXACT_FULL_SEQUENCE_LOCAL_QUALITY_PENDING,https://alphafold.ebi.ac.uk/api/prediction/A2AIG8,83afd6a29c8c86659da066c42d2c7a113f6df326c28075a6e69101251259402a,not_assessed,0.1.0
A2AJ88,AlphaFold_DB,AF-A2AJ88-2-F1,A,6,10090,1,1326,not_assessed,841f6e3857af4b640aafed7778fec82f3a24804e010f0f4917eef2a57a19a8c2,a25a9711b1bc4e64e12d26061f038a74,predicted,,,https://alphafold.ebi.ac.uk/files/AF-A2AJ88-2-F1-model_v6.cif,https://alphafold.ebi.ac.uk/files/AF-A2AJ88-2-F1-model_v6.pdb,https://alphafold.ebi.ac.uk/files/AF-A2AJ88-2-F1-confidence_v6.json,https://alphafold.ebi.ac.uk/files/AF-A2AJ88-2-F1-predicted_aligned_error_v6.json,held,ALPHAFOLD_ACCESSION_DIFFERS_FROM_CANONICAL,https://alphafold.ebi.ac.uk/api/prediction/A2AJ88,7ab951d356aa768332f80ef555d27ba41ff78ffc9e05a441ff78beaf51b509c4,not_assessed,0.1.0
A2AJ88,AlphaFold_DB,AF-A2AJ88-3-F1,A,6,10090,1,833,not_assessed,9cb9ef09f36bb2dc3d0dc4ce43bdbb31dd26b426ba1681a54e3cfa4bef43cd67,c307eec39277e3ca03b2630dc339119d,predicted,,,https://alphafold.ebi.ac.uk/files/AF-A2AJ88-3-F1-model_v6.cif,https://alphafold.ebi.ac.uk/files/AF-A2AJ88-3-F1-model_v6.pdb,https://alphafold.ebi.ac.uk/files/AF-A2AJ88-3-F1-confidence_v6.json,https://alphafold.ebi.ac.uk/files/AF-A2AJ88-3-F1-predicted_aligned_error_v6.json,held,ALPHAFOLD_ACCESSION_DIFFERS_FROM_CANONICAL,https://alphafold.ebi.ac.uk/api/prediction/A2AJ88,7ab951d356aa768332f80ef555d27ba41ff78ffc9e05a441ff78beaf51b509c4,not_assessed,0.1.0
A2AJ88,AlphaFold_DB,AF-A2AJ88-F1,A,6,10090,1,1352,exact_full,553b2a452648c6c0df8560b695d74a4f43e214c5430dc54feb9a6e9852ab4fdd,38d3c5729708a417c869222e461971e8,predicted,,,https://alphafold.ebi.ac.uk/files/AF-A2AJ88-F1-model_v6.cif,https://alphafold.ebi.ac.uk/files/AF-A2AJ88-F1-model_v6.pdb,https://alphafold.ebi.ac.uk/files/AF-A2AJ88-F1-confidence_v6.json,https://alphafold.ebi.ac.uk/files/AF-A2AJ88-F1-predicted_aligned_error_v6.json,candidate,EXACT_FULL_SEQUENCE_LOCAL_QUALITY_PENDING,https://alphafold.ebi.ac.uk/api/prediction/A2AJ88,7ab951d356aa768332f80ef555d27ba41ff78ffc9e05a441ff78beaf51b509c4,not_assessed,0.1.0
A2AJT4,AlphaFold_DB,AF-A2AJT4-F1,A,6,10090,1,805,exact_full,498c7dc249598545079554f40175252c4847d201c45c99752c87939d68cff41b,45a292d1e9d8b5ef69108a97e52a6c31,predicted,,,https://alphafold.ebi.ac.uk/files/AF-A2AJT4-F1-model_v6.cif,https://alphafold.ebi.ac.uk/files/AF-A2AJT4-F1-model_v6.pdb,https://alphafold.ebi.ac.uk/files/AF-A2AJT4-F1-confidence_v6.json,https://alphafold.ebi.ac.uk/files/AF-A2AJT4-F1-predicted_aligned_error_v6.json,candidate,EXACT_FULL_SEQUENCE_LOCAL_QUALITY_PENDING,https://alphafold.ebi.ac.uk/api/prediction/A2AJT4,1e12aed7b9d71afd3817a0493d051ef33c44dd2f360684152142422008b69883,not_assessed,0.1.0
A2AM80,AlphaFold_DB,AF-A2AM80-F1,A,6,10090,1,330,exact_full,0bade9bf4eca349b473e86c24a5dc5792e55f7602e9b6fdaf8010b7ace58cce3,cfacc4357e20f52044741a175652bb8d,predicted,,,https://alphafold.ebi.ac.uk/files/AF-A2AM80-F1-model_v6.cif,https://alphafold.ebi.ac.uk/files/AF-A2AM80-F1-model_v6.pdb,https://alphafold.ebi.ac.uk/files/AF-A2AM80-F1-confidence_v6.json,https://alphafold.ebi.ac.uk/files/AF-A2AM80-F1-predicted_aligned_error_v6.json,candidate,EXACT_FULL_SEQUENCE_LOCAL_QUALITY_PENDING,https://alphafold.ebi.ac.uk/api/prediction/A2AM80,43ad1f63088fee224d9b66d52bf198def439fdcae1a1cf5f945d6b53a19ebd9d,not_assessed,0.1.0
A2AS55,AlphaFold_DB,AF-A2AS55-2-F1,A,6,10090,1,187,not_assessed,5b43403f2117e56fd2736a355df530a47bf14305928aba81ead185811e7093bd,69adc0cccfab3ae50becfeac21d94e57,predicted,,,https://alphafold.ebi.ac.uk/files/AF-A2AS55-2-F1-model_v6.cif,https://alphafold.ebi.ac.uk/files/AF-A2AS55-2-F1-model_v6.pdb,https://alphafold.ebi.ac.uk/files/AF-A2AS55-2-F1-confidence_v6.json,https://alphafold.ebi.ac.uk/files/AF-A2AS55-2-F1-predicted_aligned_error_v6.json,held,ALPHAFOLD_ACCESSION_DIFFERS_FROM_CANONICAL,https://alphafold.ebi.ac.uk/api/prediction/A2AS55,93fa707fea4495c3b875a87b1576146fd403e0691241ae0faaafef96c3c89c83,not_assessed,0.1.0
A2AS55,AlphaFold_DB,AF-A2AS55-F1,A,6,10090,1,361,exact_full,e630765c530aac71a1853adc9b99f62e2556a26f419a0c9f0ef99159576c83c6,dd0aa7b6e444437588d15e79303e09f7,predicted,,,https://alphafold.ebi.ac.uk/files/AF-A2AS55-F1-model_v6.cif,https://alphafold.ebi.ac.uk/files/AF-A2AS55-F1-model_v6.pdb,https://alphafold.ebi.ac.uk/files/AF-A2AS55-F1-confidence_v6.json,https://alphafold.ebi.ac.uk/files/AF-A2AS55-F1-predicted_aligned_error_v6.json,candidate,EXACT_FULL_SEQUENCE_LOCAL_QUALITY_PENDING,https://alphafold.ebi.ac.uk/api/prediction/A2AS55,93fa707fea4495c3b875a87b1576146fd403e0691241ae0faaafef96c3c89c83,not_assessed,0.1.0
A2AVA0,AlphaFold_DB,AF-A2AVA0-2-F1,A,6,10090,1,440,not_assessed,34b5e36b58919d0b35039e06d2e550834ae5c8239672a754fe36bd3c4d70be59,db18221ee73ceea98623c44ae0d47e80,predicted,,,https://alphafold.ebi.ac.uk/files/AF-A2AVA0-2-F1-model_v6.cif,https://alphafold.ebi.ac.uk/files/AF-A2AVA0-2-F1-model_v6.pdb,https://alphafold.ebi.ac.uk/files/AF-A2AVA0-2-F1-confidence_v6.json,https://alphafold.ebi.ac.uk/files/AF-A2AVA0-2-F1-predicted_aligned_error_v6.json,held,ALPHAFOLD_ACCESSION_DIFFERS_FROM_CANONICAL,https://alphafold.ebi.ac.uk/api/prediction/A2AVA0,65012bb67262e20a34c0ecc11a660ba193e3dba2617f3c04e66fb153f3402b81,not_assessed,0.1.0
A2AW67,AlphaFold_DB,AF-A2AW67-F1,A,6,10090,1,498,exact_full,117e2e36d53aafd51bd643b2739dc4d310ba64aec19ed0ce517f5756d1967625,df9781e2671f862d0772aaaa830a2ec6,predicted,,,https://alphafold.ebi.ac.uk/files/AF-A2AW67-F1-model_v6.cif,https://alphafold.ebi.ac.uk/files/AF-A2AW67-F1-model_v6.pdb,https://alphafold.ebi.ac.uk/files/AF-A2AW67-F1-confidence_v6.json,https://alphafold.ebi.ac.uk/files/AF-A2AW67-F1-predicted_aligned_error_v6.json,candidate,EXACT_FULL_SEQUENCE_LOCAL_QUALITY_PENDING,https://alphafold.ebi.ac.uk/api/prediction/A2AW67,585ca849844cdd33d49f08442f6e8971ad9638d18b9aededc0205a42f9c2702a,not_assessed,0.1.0
A2BDX4,AlphaFold_DB,AF-A2BDX4-F1,A,6,10090,1,514,exact_full,cad992e8369ab24a92ee20e892c29b523ae7068daf259ec728b5c718a3ab6964,c609c0ee8614d7b1ee86f35625607627,predicted,,,https://alphafold.ebi.ac.uk/files/AF-A2BDX4-F1-model_v6.cif,https://alphafold.ebi.ac.uk/files/AF-A2BDX4-F1-model_v6.pdb,https://alphafold.ebi.ac.uk/files/AF-A2BDX4-F1-confidence_v6.json,https://alphafold.ebi.ac.uk/files/AF-A2BDX4-F1-predicted_aligned_error_v6.json,candidate,EXACT_FULL_SEQUENCE_LOCAL_QUALITY_PENDING,https://alphafold.ebi.ac.uk/api/prediction/A2BDX4,67d5ed43b8b51949f8695646423a1b44dddeda91705436be780ef75f6d8b5679,not_assessed,0.1.0
A2BI40,AlphaFold_DB,AF-A2BI40-F1,A,6,10090,1,215,exact_full,775d9bfbbe85720782f7ab3b4257fdf25f75d7670126bf4026db48db2cf86436,a29b2f864bf8f9437ce75d4e7c3b5215,predicted,,,https://alphafold.ebi.ac.uk/files/AF-A2BI40-F1-model_v6.cif,https://alphafold.ebi.ac.uk/files/AF-A2BI40-F1-model_v6.pdb,https://alphafold.ebi.ac.uk/files/AF-A2BI40-F1-confidence_v6.json,https://alphafold.ebi.ac.uk/files/AF-A2BI40-F1-predicted_aligned_error_v6.json,candidate,EXACT_FULL_SEQUENCE_LOCAL_QUALITY_PENDING,https://alphafold.ebi.ac.uk/api/prediction/A2BI40,3190b22317dd35e632a98e7eea676a9a2d205a7209a543652d4231bdd1692010,not_assessed,0.1.0
A2CI98,AlphaFold_DB,AF-A2CI98-F1,A,6,10090,1,653,exact_full,4f345011820366a9ecea5718c3183739efa1249076788eced0eff9b271c33c22,d4d6e23ff505e18f8bdd70a4e5fa9544,predicted,,,https://alphafold.ebi.ac.uk/files/AF-A2CI98-F1-model_v6.cif,https://alphafold.ebi.ac.uk/files/AF-A2CI98-F1-model_v6.pdb,https://alphafold.ebi.ac.uk/files/AF-A2CI98-F1-confidence_v6.json,https://alphafold.ebi.ac.uk/files/AF-A2CI98-F1-predicted_aligned_error_v6.json,candidate,EXACT_FULL_SEQUENCE_LOCAL_QUALITY_PENDING,https://alphafold.ebi.ac.uk/api/prediction/A2CI98,bfbd5d6d0e1683e48df89d9544ddaf37e0ad7b6ee229eef0bd444d6512a5857b,not_assessed,0.1.0
A2RSY1,AlphaFold_DB,AF-A2RSY1-2-F1,A,6,10090,1,877,not_assessed,d3106d3ec3e62fad9622a49d48ee286ce20bc72b02abf39842437f331f99c398,6c62a660f48ca2198ac7dbaec706c728,predicted,,,https://alphafold.ebi.ac.uk/files/AF-A2RSY1-2-F1-model_v6.cif,https://alphafold.ebi.ac.uk/files/AF-A2RSY1-2-F1-model_v6.pdb,https://alphafold.ebi.ac.uk/files/AF-A2RSY1-2-F1-confidence_v6.json,https://alphafold.ebi.ac.uk/files/AF-A2RSY1-2-F1-predicted_aligned_error_v6.json,held,ALPHAFOLD_ACCESSION_DIFFERS_FROM_CANONICAL,https://alphafold.ebi.ac.uk/api/prediction/A2RSY1,4f09a6d19d550f81a91767cd1846aafb5e8c2836800e8e173bf21d64e336ffc8,not_assessed,0.1.0
A2RSY1,AlphaFold_DB,AF-A2RSY1-3-F1,A,6,10090,1,778,not_assessed,9c4dd2523aa2238413c55875133a557ef0e1f327fde8693c22863bf0104ee488,13e7dfcbc90f88bd8a544712ebace849,predicted,,,https://alphafold.ebi.ac.uk/files/AF-A2RSY1-3-F1-model_v6.cif,https://alphafold.ebi.ac.uk/files/AF-A2RSY1-3-F1-model_v6.pdb,https://alphafold.ebi.ac.uk/files/AF-A2RSY1-3-F1-confidence_v6.json,https://alphafold.ebi.ac.uk/files/AF-A2RSY1-3-F1-predicted_aligned_error_v6.json,held,ALPHAFOLD_ACCESSION_DIFFERS_FROM_CANONICAL,https://alphafold.ebi.ac.uk/api/prediction/A2RSY1,4f09a6d19d550f81a91767cd1846aafb5e8c2836800e8e173bf21d64e336ffc8,not_assessed,0.1.0
A2RSY1,AlphaFold_DB,AF-A2RSY1-F1,A,6,10090,1,903,exact_full,6022145b9c49e4895f53df4caa2529bc6821c12b5e907a65b509b6882cec1a15,42f6e25bec9060c3a21e3bd89899a889,predicted,,,https://alphafold.ebi.ac.uk/files/AF-A2RSY1-F1-model_v6.cif,https://alphafold.ebi.ac.uk/files/AF-A2RSY1-F1-model_v6.pdb,https://alphafold.ebi.ac.uk/files/AF-A2RSY1-F1-confidence_v6.json,https://alphafold.ebi.ac.uk/files/AF-A2RSY1-F1-predicted_aligned_error_v6.json,candidate,EXACT_FULL_SEQUENCE_LOCAL_QUALITY_PENDING,https://alphafold.ebi.ac.uk/api/prediction/A2RSY1,4f09a6d19d550f81a91767cd1846aafb5e8c2836800e8e173bf21d64e336ffc8,not_assessed,0.1.0
B1ARV3,AlphaFold_DB,AF-B1ARV3-F1,A,6,10090,1,523,exact_full,fd2cef14fa21065c7eb575aa4c26ccc8cd9204b696094c68a767640b0244c913,9e8a1c6dd02ea237f4e9e72ba6fee1b2,predicted,,,https://alphafold.ebi.ac.uk/files/AF-B1ARV3-F1-model_v6.cif,https://alphafold.ebi.ac.uk/files/AF-B1ARV3-F1-model_v6.pdb,https://alphafold.ebi.ac.uk/files/AF-B1ARV3-F1-confidence_v6.json,https://alphafold.ebi.ac.uk/files/AF-B1ARV3-F1-predicted_aligned_error_v6.json,candidate,EXACT_FULL_SEQUENCE_LOCAL_QUALITY_PENDING,https://alphafold.ebi.ac.uk/api/prediction/B1ARV3,81c6d2ae53b0bc543016c72bb656dbb90d80a70fadea9867cb6dd15a51bda07e,not_assessed,0.1.0
B1AT66,AlphaFold_DB,AF-B1AT66-2-F1,A,6,10090,1,523,not_assessed,bd10e0e2487a74eaf18e4e71cc9c5a5efd1ede931c24333f81cffb013e629843,e65f9f7181aeb9c5da7d97259455369f,predicted,,,https://alphafold.ebi.ac.uk/files/AF-B1AT66-2-F1-model_v6.cif,https://alphafold.ebi.ac.uk/files/AF-B1AT66-2-F1-model_v6.pdb,https://alphafold.ebi.ac.uk/files/AF-B1AT66-2-F1-confidence_v6.json,https://alphafold.ebi.ac.uk/files/AF-B1AT66-2-F1-predicted_aligned_error_v6.json,held,ALPHAFOLD_ACCESSION_DIFFERS_FROM_CANONICAL,https://alphafold.ebi.ac.uk/api/prediction/B1AT66,51a0c799730465ea1c47c9340664b6b335eb87db71af3ec98204cc58f77706bf,not_assessed,0.1.0
B1AT66,AlphaFold_DB,AF-B1AT66-F1,A,6,10090,1,607,exact_full,f49cc8919cf612450c63f1963dc3ef483cb90b094bb94e133adb40fec0cc7dbf,2f47b58d96405d8ab4b0b0654de24372,predicted,,,https://alphafold.ebi.ac.uk/files/AF-B1AT66-F1-model_v6.cif,https://alphafold.ebi.ac.uk/files/AF-B1AT66-F1-model_v6.pdb,https://alphafold.ebi.ac.uk/files/AF-B1AT66-F1-confidence_v6.json,https://alphafold.ebi.ac.uk/files/AF-B1AT66-F1-predicted_aligned_error_v6.json,candidate,EXACT_FULL_SEQUENCE_LOCAL_QUALITY_PENDING,https://alphafold.ebi.ac.uk/api/prediction/B1AT66,51a0c799730465ea1c47c9340664b6b335eb87db71af3ec98204cc58f77706bf,not_assessed,0.1.0
B1AUH1,AlphaFold_DB,AF-B1AUH1-2-F1,A,6,10090,1,1436,not_assessed,83b1f28211b8630d51775e2cd57a2ea0ca8da804a76c4d9a233cf627b04d7f11,4e58cd5d9af7045d6f4522e5b22fbacc,predicted,,,https://alphafold.ebi.ac.uk/files/AF-B1AUH1-2-F1-model_v6.cif,https://alphafold.ebi.ac.uk/files/AF-B1AUH1-2-F1-model_v6.pdb,https://alphafold.ebi.ac.uk/files/AF-B1AUH1-2-F1-confidence_v6.json,https://alphafold.ebi.ac.uk/files/AF-B1AUH1-2-F1-predicted_aligned_error_v6.json,held,ALPHAFOLD_ACCESSION_DIFFERS_FROM_CANONICAL,https://alphafold.ebi.ac.uk/api/prediction/B1AUH1,763fbd7ec470bda638bdae9fe178d9343869852fbcde77f11db642aca6dfbc37,not_assessed,0.1.0
B1AUH1,AlphaFold_DB,AF-B1AUH1-F1,A,6,10090,1,1446,exact_full,cec4d7aa001f44bd700ada7eea6f9f6b249d78554897899906a8e2f56d8ac111,2d29954f4de747cf6b8fa647e1fe62d1,predicted,,,https://alphafold.ebi.ac.uk/files/AF-B1AUH1-F1-model_v6.cif,https://alphafold.ebi.ac.uk/files/AF-B1AUH1-F1-model_v6.pdb,https://alphafold.ebi.ac.uk/files/AF-B1AUH1-F1-confidence_v6.json,https://alphafold.ebi.ac.uk/files/AF-B1AUH1-F1-predicted_aligned_error_v6.json,candidate,EXACT_FULL_SEQUENCE_LOCAL_QUALITY_PENDING,https://alphafold.ebi.ac.uk/api/prediction/B1AUH1,763fbd7ec470bda638bdae9fe178d9343869852fbcde77f11db642aca6dfbc37,not_assessed,0.1.0
B1AX39,AlphaFold_DB,AF-B1AX39-3-F1,A,6,10090,1,220,not_assessed,d543773f293032497d70c123ecb894236aa13fed6393697fa106284e7abafe1b,4b4b101f20735ebe66f7cf55dba1fc0b,predicted,,,https://alphafold.ebi.ac.uk/files/AF-B1AX39-3-F1-model_v6.cif,https://alphafold.ebi.ac.uk/files/AF-B1AX39-3-F1-model_v6.pdb,https://alphafold.ebi.ac.uk/files/AF-B1AX39-3-F1-confidence_v6.json,https://alphafold.ebi.ac.uk/files/AF-B1AX39-3-F1-predicted_aligned_error_v6.json,held,ALPHAFOLD_ACCESSION_DIFFERS_FROM_CANONICAL,https://alphafold.ebi.ac.uk/api/prediction/B1AX39,f62fd9511de28c9f02cd5f8f2031894fb910ba200b25c987d081bd749cadecf0,not_assessed,0.1.0
B1AX39,AlphaFold_DB,AF-B1AX39-F1,A,6,10090,1,541,exact_full,061cbbaaebba79f848af7e20309280866a46d3ffadc9a94f5accfef49972f6bb,11e69658e57541c16a479e77829580e6,predicted,,,https://alphafold.ebi.ac.uk/files/AF-B1AX39-F1-model_v6.cif,https://alphafold.ebi.ac.uk/files/AF-B1AX39-F1-model_v6.pdb,https://alphafold.ebi.ac.uk/files/AF-B1AX39-F1-confidence_v6.json,https://alphafold.ebi.ac.uk/files/AF-B1AX39-F1-predicted_aligned_error_v6.json,candidate,EXACT_FULL_SEQUENCE_LOCAL_QUALITY_PENDING,https://alphafold.ebi.ac.uk/api/prediction/B1AX39,f62fd9511de28c9f02cd5f8f2031894fb910ba200b25c987d081bd749cadecf0,not_assessed,0.1.0
B1AXH1,AlphaFold_DB,AF-B1AXH1-F1,A,6,10090,1,1219,exact_full,6d998198aea6472638beb8ea1d7ed4cdffcf97d75f5369f5dd8c5d242382d9c6,b90df2117ce9ac74e8ccf41f8c095b74,predicted,,,https://alphafold.ebi.ac.uk/files/AF-B1AXH1-F1-model_v6.cif,https://alphafold.ebi.ac.uk/files/AF-B1AXH1-F1-model_v6.pdb,https://alphafold.ebi.ac.uk/files/AF-B1AXH1-F1-confidence_v6.json,https://alphafold.ebi.ac.uk/files/AF-B1AXH1-F1-predicted_aligned_error_v6.json,candidate,EXACT_FULL_SEQUENCE_LOCAL_QUALITY_PENDING,https://alphafold.ebi.ac.uk/api/prediction/B1AXH1,e44563de4ec7788bcfcac9b224be15cd0ea9421831b55335bda8ef1871bcbf4c,not_assessed,0.1.0
B2RUR8,AlphaFold_DB,AF-B2RUR8-F1,A,6,10090,1,840,exact_full,e573abd9956695d1e23914d8ab704f0132dac29920d3d3f9f6780e6aaf2c5848,167116bc6d776da84d0d499080884757,predicted,,,https://alphafold.ebi.ac.uk/files/AF-B2RUR8-F1-model_v6.cif,https://alphafold.ebi.ac.uk/files/AF-B2RUR8-F1-model_v6.pdb,https://alphafold.ebi.ac.uk/files/AF-B2RUR8-F1-confidence_v6.json,https://alphafold.ebi.ac.uk/files/AF-B2RUR8-F1-predicted_aligned_error_v6.json,candidate,EXACT_FULL_SEQUENCE_LOCAL_QUALITY_PENDING,https://alphafold.ebi.ac.uk/api/prediction/B2RUR8,ae7c8fe98224df9fd4712eb8cd8e6c4b322822ded6c37441644c60065d6c45a9,not_assessed,0.1.0
D2J0Y4,AlphaFold_DB,AF-D2J0Y4-F1,A,6,10090,1,644,exact_full,18fe771c77dad98b995a2c606d92c75c868feea607f893c8da71588bef265612,ec654d8f14ede5df3a64a128b1f2d550,predicted,,,https://alphafold.ebi.ac.uk/files/AF-D2J0Y4-F1-model_v6.cif,https://alphafold.ebi.ac.uk/files/AF-D2J0Y4-F1-model_v6.pdb,https://alphafold.ebi.ac.uk/files/AF-D2J0Y4-F1-confidence_v6.json,https://alphafold.ebi.ac.uk/files/AF-D2J0Y4-F1-predicted_aligned_error_v6.json,candidate,EXACT_FULL_SEQUENCE_LOCAL_QUALITY_PENDING,https://alphafold.ebi.ac.uk/api/prediction/D2J0Y4,0123ec919ba049e2f22353c377f8f965cace86c900fcd64099a895a7aee99377,not_assessed,0.1.0
D3YVV3,AlphaFold_DB,AF-D3YVV3-F1,A,6,10090,1,309,exact_full,b4b4c275ffcd43995027a5c52f69ab158173e949dd32323f7c30cb7b07857d82,01e7fb162f28f0b807e44d01ab5adc4a,predicted,,,https://alphafold.ebi.ac.uk/files/AF-D3YVV3-F1-model_v6.cif,https://alphafold.ebi.ac.uk/files/AF-D3YVV3-F1-model_v6.pdb,https://alphafold.ebi.ac.uk/files/AF-D3YVV3-F1-confidence_v6.json,https://alphafold.ebi.ac.uk/files/AF-D3YVV3-F1-predicted_aligned_error_v6.json,candidate,EXACT_FULL_SEQUENCE_LOCAL_QUALITY_PENDING,https://alphafold.ebi.ac.uk/api/prediction/D3YVV3,9a10ef6fe44083c03da40a5704e239c4befb1d69859bbba8ee6a683b871e1a3b,not_assessed,0.1.0
D3YWE6,AlphaFold_DB,AF-D3YWE6-F1,A,6,10090,1,1297,exact_full,eb3a1b313fbd4f03739dabece2030695743c119da350dc09bb6d24585e9bb751,c604d03d86bd7ca20504a0aeaa390a55,predicted,,,https://alphafold.ebi.ac.uk/files/AF-D3YWE6-F1-model_v6.cif,https://alphafold.ebi.ac.uk/files/AF-D3YWE6-F1-model_v6.pdb,https://alphafold.ebi.ac.uk/files/AF-D3YWE6-F1-confidence_v6.json,https://alphafold.ebi.ac.uk/files/AF-D3YWE6-F1-predicted_aligned_error_v6.json,candidate,EXACT_FULL_SEQUENCE_LOCAL_QUALITY_PENDING,https://alphafold.ebi.ac.uk/api/prediction/D3YWE6,fa59e5c7a478ed4a7443a25b7ca38de3f27ae89dcdb22eaaddb08700ef585a59,not_assessed,0.1.0
D3YX43,AlphaFold_DB,AF-D3YX43-F1,A,6,10090,1,558,exact_full,f70c888246c5174c6f59acaa211a8d724e12cc765621004bb4777a0fb56cebf5,fb85acd3e3cf8449ab65453420c849b1,predicted,,,https://alphafold.ebi.ac.uk/files/AF-D3YX43-F1-model_v6.cif,https://alphafold.ebi.ac.uk/files/AF-D3YX43-F1-model_v6.pdb,https://alphafold.ebi.ac.uk/files/AF-D3YX43-F1-confidence_v6.json,https://alphafold.ebi.ac.uk/files/AF-D3YX43-F1-predicted_aligned_error_v6.json,candidate,EXACT_FULL_SEQUENCE_LOCAL_QUALITY_PENDING,https://alphafold.ebi.ac.uk/api/prediction/D3YX43,6e2f4689272155fd01ae0db8d99262785f915752a471e9fa5eac254f5b7d2cb8,not_assessed,0.1.0
D3YZF7,AlphaFold_DB,AF-D3YZF7-F1,A,6,10090,1,868,exact_full,caa0528bac43bd426b3516044d056e48fef06c5dbf950a5b30fefdb834e2bba3,ab85b13e29a3eaee46e26726107cf1e3,predicted,,,https://alphafold.ebi.ac.uk/files/AF-D3YZF7-F1-model_v6.cif,https://alphafold.ebi.ac.uk/files/AF-D3YZF7-F1-model_v6.pdb,https://alphafold.ebi.ac.uk/files/AF-D3YZF7-F1-confidence_v6.json,https://alphafold.ebi.ac.uk/files/AF-D3YZF7-F1-predicted_aligned_error_v6.json,candidate,EXACT_FULL_SEQUENCE_LOCAL_QUALITY_PENDING,https://alphafold.ebi.ac.uk/api/prediction/D3YZF7,d864d44a99e1b4ad7b8bad8f1ff1cbc1fae323ff8af47635279c211f81bc573c,not_assessed,0.1.0
D3Z5W0,AlphaFold_DB,AF-D3Z5W0-F1,A,6,10090,1,336,exact_full,336011580a931905e12b024b9add6891820a0d65a7b370ed2aea287739305486,151153c48141101f3d3e883b4c97dae1,predicted,,,https://alphafold.ebi.ac.uk/files/AF-D3Z5W0-F1-model_v6.cif,https://alphafold.ebi.ac.uk/files/AF-D3Z5W0-F1-model_v6.pdb,https://alphafold.ebi.ac.uk/files/AF-D3Z5W0-F1-confidence_v6.json,https://alphafold.ebi.ac.uk/files/AF-D3Z5W0-F1-predicted_aligned_error_v6.json,candidate,EXACT_FULL_SEQUENCE_LOCAL_QUALITY_PENDING,https://alphafold.ebi.ac.uk/api/prediction/D3Z5W0,c58101364c063e68f6b3cf54524b583b4217cc7db1bb1849e705a0931434b91c,not_assessed,0.1.0
D3Z7A9,AlphaFold_DB,AF-D3Z7A9-F1,A,6,10090,1,295,exact_full,a037a4bbe9dc06c334073c170bdefd0ae7148909c4de8807d0fe713a3c687253,b880009978baaba2dffddaead523a29c,predicted,,,https://alphafold.ebi.ac.uk/files/AF-D3Z7A9-F1-model_v6.cif,https://alphafold.ebi.ac.uk/files/AF-D3Z7A9-F1-model_v6.pdb,https://alphafold.ebi.ac.uk/files/AF-D3Z7A9-F1-confidence_v6.json,https://alphafold.ebi.ac.uk/files/AF-D3Z7A9-F1-predicted_aligned_error_v6.json,candidate,EXACT_FULL_SEQUENCE_LOCAL_QUALITY_PENDING,https://alphafold.ebi.ac.uk/api/prediction/D3Z7A9,de4e9a620e460bd6b2bf91f6021e0c9a18f0d6f3ad8bcd2a525507f6570b83db,not_assessed,0.1.0
E9PX79,AlphaFold_DB,AF-E9PX79-F1,A,6,10090,1,788,exact_full,a8939b347145d2d886f28fb2f7e7e3aad5d1dceff0bc754994810c6ac1cd400a,f4784aac093aa2f4e3ea27d0ecc4172c,predicted,,,https://alphafold.ebi.ac.uk/files/AF-E9PX79-F1-model_v6.cif,https://alphafold.ebi.ac.uk/files/AF-E9PX79-F1-model_v6.pdb,https://alphafold.ebi.ac.uk/files/AF-E9PX79-F1-confidence_v6.json,https://alphafold.ebi.ac.uk/files/AF-E9PX79-F1-predicted_aligned_error_v6.json,candidate,EXACT_FULL_SEQUENCE_LOCAL_QUALITY_PENDING,https://alphafold.ebi.ac.uk/api/prediction/E9PX79,50d243298c48cae485d61af11889303e306231ed22e32b0a236bb98f82d63732,not_assessed,0.1.0
E9Q079,AlphaFold_DB,AF-E9Q079-F1,A,6,10090,1,131,exact_full,fd282769d9320b3d4ce98e350a7601c34e226cdba11c90d5fe98574ac808630e,9c50aeefaf627a8f7d4ae422f0e34f76,predicted,,,https://alphafold.ebi.ac.uk/files/AF-E9Q079-F1-model_v6.cif,https://alphafold.ebi.ac.uk/files/AF-E9Q079-F1-model_v6.pdb,https://alphafold.ebi.ac.uk/files/AF-E9Q079-F1-confidence_v6.json,https://alphafold.ebi.ac.uk/files/AF-E9Q079-F1-predicted_aligned_error_v6.json,candidate,EXACT_FULL_SEQUENCE_LOCAL_QUALITY_PENDING,https://alphafold.ebi.ac.uk/api/prediction/E9Q079,60e85d2df52a3ab0e1d1e7e5e92aabc01da6a60a58f5232325168ece142e1f06,not_assessed,0.1.0
E9Q1P8,AlphaFold_DB,AF-E9Q1P8-F1,A,6,10090,1,570,exact_full,aa323c1ceed5cfc3bd3a79b930c156cd6f1783e4dcd613b3389d2bb372f505c9,1bbf59630ac79fe7c559f2ae0479782f,predicted,,,https://alphafold.ebi.ac.uk/files/AF-E9Q1P8-F1-model_v6.cif,https://alphafold.ebi.ac.uk/files/AF-E9Q1P8-F1-model_v6.pdb,https://alphafold.ebi.ac.uk/files/AF-E9Q1P8-F1-confidence_v6.json,https://alphafold.ebi.ac.uk/files/AF-E9Q1P8-F1-predicted_aligned_error_v6.json,candidate,EXACT_FULL_SEQUENCE_LOCAL_QUALITY_PENDING,https://alphafold.ebi.ac.uk/api/prediction/E9Q1P8,dfa92ebc72a9491043c8ec7ba499b04560e3710891b6241327177e9f7d403fcf,not_assessed,0.1.0
E9Q238,AlphaFold_DB,AF-E9Q238-F1,A,6,10090,1,1360,exact_full,b71ce5550ba76f9af4b5668e99b64feb7ba0b208542c19e43cc69fa03d68d798,fbab679c9f796ab25e492b08414a423c,predicted,,,https://alphafold.ebi.ac.uk/files/AF-E9Q238-F1-model_v6.cif,https://alphafold.ebi.ac.uk/files/AF-E9Q238-F1-model_v6.pdb,https://alphafold.ebi.ac.uk/files/AF-E9Q238-F1-confidence_v6.json,https://alphafold.ebi.ac.uk/files/AF-E9Q238-F1-predicted_aligned_error_v6.json,candidate,EXACT_FULL_SEQUENCE_LOCAL_QUALITY_PENDING,https://alphafold.ebi.ac.uk/api/prediction/E9Q238,e9140788886e699a78bda2e67a223c3dfca06d3add88a0805db6b1ee9cf558df,not_assessed,0.1.0
E9Q238,PDBe_SIFTS,5yay,A,,10090,1088,1338,not_assessed,,,X-ray diffraction,1.55,0.185,,,,,candidate,MOUSE_SIFTS_CANDIDATE_LOCAL_REVIEW_PENDING,https://www.ebi.ac.uk/pdbe/api/mappings/best_structures/E9Q238,b9bfc860a5818ba3fbbd10b241f2449b5455dac48357fd1fb740fe0e03e34975,not_assessed,0.1.0
E9Q238,PDBe_SIFTS,5yaz,A,,10090,1088,1338,not_assessed,,,X-ray diffraction,1.9,0.185,,,,,candidate,MOUSE_SIFTS_CANDIDATE_LOCAL_REVIEW_PENDING,https://www.ebi.ac.uk/pdbe/api/mappings/best_structures/E9Q238,b9bfc860a5818ba3fbbd10b241f2449b5455dac48357fd1fb740fe0e03e34975,not_assessed,0.1.0
E9Q238,PDBe_SIFTS,7ddx,A,,10090,1088,1338,not_assessed,,,X-ray diffraction,2.5,0.185,,,,,candidate,MOUSE_SIFTS_CANDIDATE_LOCAL_REVIEW_PENDING,https://www.ebi.ac.uk/pdbe/api/mappings/best_structures/E9Q238,b9bfc860a5818ba3fbbd10b241f2449b5455dac48357fd1fb740fe0e03e34975,not_assessed,0.1.0
E9Q2T4,AlphaFold_DB,AF-E9Q2T4-F1,A,6,10090,1,99,exact_full,ed4e4032b8ac294a9d5c092a32b77223daa7376577b8c318083a7c9fcd6aedac,5171f9714c032c461a354f6ab37d3401,predicted,,,https://alphafold.ebi.ac.uk/files/AF-E9Q2T4-F1-model_v6.cif,https://alphafold.ebi.ac.uk/files/AF-E9Q2T4-F1-model_v6.pdb,https://alphafold.ebi.ac.uk/files/AF-E9Q2T4-F1-confidence_v6.json,https://alphafold.ebi.ac.uk/files/AF-E9Q2T4-F1-predicted_aligned_error_v6.json,candidate,EXACT_FULL_SEQUENCE_LOCAL_QUALITY_PENDING,https://alphafold.ebi.ac.uk/api/prediction/E9Q2T4,b9b2f9d51f6692e4428bc317501e492c5d988baaccf65bc0047fce256d2a9474,not_assessed,0.1.0
E9Q4M0,AlphaFold_DB,AF-E9Q4M0-F1,A,6,10090,1,433,exact_full,1ae1de8c8df7ae8a72b6188be2c73e8eddf6a4584e28298877c5d82ce26ff869,1d41e2aeaa8088f44f89dd020c175f6e,predicted,,,https://alphafold.ebi.ac.uk/files/AF-E9Q4M0-F1-model_v6.cif,https://alphafold.ebi.ac.uk/files/AF-E9Q4M0-F1-model_v6.pdb,https://alphafold.ebi.ac.uk/files/AF-E9Q4M0-F1-confidence_v6.json,https://alphafold.ebi.ac.uk/files/AF-E9Q4M0-F1-predicted_aligned_error_v6.json,candidate,EXACT_FULL_SEQUENCE_LOCAL_QUALITY_PENDING,https://alphafold.ebi.ac.uk/api/prediction/E9Q4M0,8e6e5cea8634783e130efb7156541177bbfb9c984f52b0a1274b159aba887436,not_assessed,0.1.0
E9Q5N9,AlphaFold_DB,AF-E9Q5N9-F1,A,6,10090,1,508,exact_full,6912b243ab6dee46ab8faa27425b4b12ba0bc60e656ffa4918afe3038576d287,285de9694421b1aaf2e2d5fe010cd67a,predicted,,,https://alphafold.ebi.ac.uk/files/AF-E9Q5N9-F1-model_v6.cif,https://alphafold.ebi.ac.uk/files/AF-E9Q5N9-F1-model_v6.pdb,https://alphafold.ebi.ac.uk/files/AF-E9Q5N9-F1-confidence_v6.json,https://alphafold.ebi.ac.uk/files/AF-E9Q5N9-F1-predicted_aligned_error_v6.json,candidate,EXACT_FULL_SEQUENCE_LOCAL_QUALITY_PENDING,https://alphafold.ebi.ac.uk/api/prediction/E9Q5N9,38b567b28b0c18ab5b5c3a95eff45662ccad22997e5f9c885ab23a06046c4262,not_assessed,0.1.0
E9Q8I7,AlphaFold_DB,AF-E9Q8I7-F1,A,6,10090,1,918,exact_full,2ac6c3a6155ce2a9bf8993dc7811d12dea1ab242fa5d0c8e8baf5b6828f69cf2,3c28360b90f4e0fead34e1a5a7ecc33a,predicted,,,https://alphafold.ebi.ac.uk/files/AF-E9Q8I7-F1-model_v6.cif,https://alphafold.ebi.ac.uk/files/AF-E9Q8I7-F1-model_v6.pdb,https://alphafold.ebi.ac.uk/files/AF-E9Q8I7-F1-confidence_v6.json,https://alphafold.ebi.ac.uk/files/AF-E9Q8I7-F1-predicted_aligned_error_v6.json,candidate,EXACT_FULL_SEQUENCE_LOCAL_QUALITY_PENDING,https://alphafold.ebi.ac.uk/api/prediction/E9Q8I7,131fab01502f527347691ae2d662f965431813e56f860d0a949c609d8e43ab81,not_assessed,0.1.0
E9QNZ9,AlphaFold_DB,AF-E9QNZ9-F1,A,6,10090,1,384,exact_full,0d80ed4d3826c26e63fba04072c82b4811cd00b1d347ed43151e24f3c73706f6,78c28427f549f64fd5f150a124eb6784,predicted,,,https://alphafold.ebi.ac.uk/files/AF-E9QNZ9-F1-model_v6.cif,https://alphafold.ebi.ac.uk/files/AF-E9QNZ9-F1-model_v6.pdb,https://alphafold.ebi.ac.uk/files/AF-E9QNZ9-F1-confidence_v6.json,https://alphafold.ebi.ac.uk/files/AF-E9QNZ9-F1-predicted_aligned_error_v6.json,candidate,EXACT_FULL_SEQUENCE_LOCAL_QUALITY_PENDING,https://alphafold.ebi.ac.uk/api/prediction/E9QNZ9,7fbcf06fcad6049666fd62794034ad14fc6cbafe7b75e22c522a1e0d70a206d7,not_assessed,0.1.0
F8VPX2,AlphaFold_DB,AF-F8VPX2-F1,A,6,10090,1,458,exact_full,b0d83872cbbb81f0e356177db2848a2889777784823980c8eb87961f1f9864bf,767d85d6c28f6740422bbd362df1ab19,predicted,,,https://alphafold.ebi.ac.uk/files/AF-F8VPX2-F1-model_v6.cif,https://alphafold.ebi.ac.uk/files/AF-F8VPX2-F1-model_v6.pdb,https://alphafold.ebi.ac.uk/files/AF-F8VPX2-F1-confidence_v6.json,https://alphafold.ebi.ac.uk/files/AF-F8VPX2-F1-predicted_aligned_error_v6.json,candidate,EXACT_FULL_SEQUENCE_LOCAL_QUALITY_PENDING,https://alphafold.ebi.ac.uk/api/prediction/F8VPX2,c6c8646c398ac6afa67a4d02903d0025fc29c2f1184f3e1b1beb27b8a782e2eb,not_assessed,0.1.0
G3X924,AlphaFold_DB,AF-G3X924-F1,A,6,10090,1,438,exact_full,6887f2006882fd3f73c646180edf25c2961fbdd580c2ef5e0f0192c90a9fd496,76594164119a22f72c8f90cf0deb69ed,predicted,,,https://alphafold.ebi.ac.uk/files/AF-G3X924-F1-model_v6.cif,https://alphafold.ebi.ac.uk/files/AF-G3X924-F1-model_v6.pdb,https://alphafold.ebi.ac.uk/files/AF-G3X924-F1-confidence_v6.json,https://alphafold.ebi.ac.uk/files/AF-G3X924-F1-predicted_aligned_error_v6.json,candidate,EXACT_FULL_SEQUENCE_LOCAL_QUALITY_PENDING,https://alphafold.ebi.ac.uk/api/prediction/G3X924,350101039c9b740e8ec2e392066157c2af4959d1a9818b99032fc90294a0ca97,not_assessed,0.1.0
G3X9M9,AlphaFold_DB,AF-G3X9M9-F1,A,6,10090,1,364,exact_full,8703e7d2d39762d399a9594fb912f5e54c6e20e27fadc2a7dd53232b2bd87eec,32aa4ed2cdabd17ed711702cbb13128a,predicted,,,https://alphafold.ebi.ac.uk/files/AF-G3X9M9-F1-model_v6.cif,https://alphafold.ebi.ac.uk/files/AF-G3X9M9-F1-model_v6.pdb,https://alphafold.ebi.ac.uk/files/AF-G3X9M9-F1-confidence_v6.json,https://alphafold.ebi.ac.uk/files/AF-G3X9M9-F1-predicted_aligned_error_v6.json,candidate,EXACT_FULL_SEQUENCE_LOCAL_QUALITY_PENDING,https://alphafold.ebi.ac.uk/api/prediction/G3X9M9,73eb3ab5301cc727dc5d8ed1e48345e2a67a832a20a4c1bebd28b5cef087c0e2,not_assessed,0.1.0
G3XA59,AlphaFold_DB,AF-G3XA59-F1,A,6,10090,1,663,exact_full,40e68c15d85725b306080e2d5da62e1146b1b636f029d4952450099140139c99,b0cddb6120915198f94e1e77f7e0acae,predicted,,,https://alphafold.ebi.ac.uk/files/AF-G3XA59-F1-model_v6.cif,https://alphafold.ebi.ac.uk/files/AF-G3XA59-F1-model_v6.pdb,https://alphafold.ebi.ac.uk/files/AF-G3XA59-F1-confidence_v6.json,https://alphafold.ebi.ac.uk/files/AF-G3XA59-F1-predicted_aligned_error_v6.json,candidate,EXACT_FULL_SEQUENCE_LOCAL_QUALITY_PENDING,https://alphafold.ebi.ac.uk/api/prediction/G3XA59,546e0a4f154450c3899482427cd65d06ea509c84ec10dea40e9f8a4804f92634,not_assessed,0.1.0
G3XA59,PDBe_SIFTS,8rex,E,,10090,1,629,not_assessed,,,Electron Microscopy,3.0,0.947,,,,,candidate,MOUSE_SIFTS_CANDIDATE_LOCAL_REVIEW_PENDING,https://www.ebi.ac.uk/pdbe/api/mappings/best_structures/G3XA59,37c7cd663aa768b98c3f434b6c075b97acf6171a7dea89b0a79811f0afa3e67e,not_assessed,0.1.0
J3QNP2,AlphaFold_DB,AF-J3QNP2-F1,A,6,10090,1,93,exact_full,b770aedd95fcc8c77412f4ef02c8aacf9c2f2adc9abc407b6511abcd0e4bef35,30f770feeb8d97cfaf96928b6ecc8a0d,predicted,,,https://alphafold.ebi.ac.uk/files/AF-J3QNP2-F1-model_v6.cif,https://alphafold.ebi.ac.uk/files/AF-J3QNP2-F1-model_v6.pdb,https://alphafold.ebi.ac.uk/files/AF-J3QNP2-F1-confidence_v6.json,https://alphafold.ebi.ac.uk/files/AF-J3QNP2-F1-predicted_aligned_error_v6.json,candidate,EXACT_FULL_SEQUENCE_LOCAL_QUALITY_PENDING,https://alphafold.ebi.ac.uk/api/prediction/J3QNP2,bfdec872d51f5b235afab163aad8e9e733254e4f45d039e6bad721a4053a13d7,not_assessed,0.1.0
O08575,AlphaFold_DB,AF-O08575-2-F1,A,6,10090,1,503,not_assessed,aadce719cc6b0dd4b86469f8ba2e63124f223ffcec237c14a8a7c9427dc27947,4f1346fa7528be55736df1966a3935d5,predicted,,,https://alphafold.ebi.ac.uk/files/AF-O08575-2-F1-model_v6.cif,https://alphafold.ebi.ac.uk/files/AF-O08575-2-F1-model_v6.pdb,https://alphafold.ebi.ac.uk/files/AF-O08575-2-F1-confidence_v6.json,https://alphafold.ebi.ac.uk/files/AF-O08575-2-F1-predicted_aligned_error_v6.json,held,ALPHAFOLD_ACCESSION_DIFFERS_FROM_CANONICAL,https://alphafold.ebi.ac.uk/api/prediction/O08575,55f0edbc78bd2297d8637a61dd8b7608be6724ed4d2e8de663f340d8249a9aee,not_assessed,0.1.0
O08575,AlphaFold_DB,AF-O08575-F1,A,6,10090,1,532,exact_full,b6b6a4b6ac31a76328250e9fe8a57f1d7491cc3421154f6d05fc55400cfb9581,eac07af93fd0c4d51d084a4bcdf8a863,predicted,,,https://alphafold.ebi.ac.uk/files/AF-O08575-F1-model_v6.cif,https://alphafold.ebi.ac.uk/files/AF-O08575-F1-model_v6.pdb,https://alphafold.ebi.ac.uk/files/AF-O08575-F1-confidence_v6.json,https://alphafold.ebi.ac.uk/files/AF-O08575-F1-predicted_aligned_error_v6.json,candidate,EXACT_FULL_SEQUENCE_LOCAL_QUALITY_PENDING,https://alphafold.ebi.ac.uk/api/prediction/O08575,55f0edbc78bd2297d8637a61dd8b7608be6724ed4d2e8de663f340d8249a9aee,not_assessed,0.1.0
O08691,AlphaFold_DB,AF-O08691-F1,A,6,10090,1,354,exact_full,46321bd31693f885b4b8e1a1ebc6273a8aca56410ba30d385d5655a99c5f4d95,26017c9fb208b9c3c03bc201f3fd9d7e,predicted,,,https://alphafold.ebi.ac.uk/files/AF-O08691-F1-model_v6.cif,https://alphafold.ebi.ac.uk/files/AF-O08691-F1-model_v6.pdb,https://alphafold.ebi.ac.uk/files/AF-O08691-F1-confidence_v6.json,https://alphafold.ebi.ac.uk/files/AF-O08691-F1-predicted_aligned_error_v6.json,candidate,EXACT_FULL_SEQUENCE_LOCAL_QUALITY_PENDING,https://alphafold.ebi.ac.uk/api/prediction/O08691,f6a9f527b55a42862cd0c712b50f055b57220e6f1d708d9a7c96ff54dca0c282,not_assessed,0.1.0
O08707,AlphaFold_DB,AF-O08707-F1,A,6,10090,1,378,exact_full,2fd333c6fb5a8ae3dda16b000edb666a2afe5c6a4e4b6d8d9912da87303f1d09,532bb49bb8acf6c5876223d01c5a09f7,predicted,,,https://alphafold.ebi.ac.uk/files/AF-O08707-F1-model_v6.cif,https://alphafold.ebi.ac.uk/files/AF-O08707-F1-model_v6.pdb,https://alphafold.ebi.ac.uk/files/AF-O08707-F1-confidence_v6.json,https://alphafold.ebi.ac.uk/files/AF-O08707-F1-predicted_aligned_error_v6.json,candidate,EXACT_FULL_SEQUENCE_LOCAL_QUALITY_PENDING,https://alphafold.ebi.ac.uk/api/prediction/O08707,74746a8fbc6d9aa828c0911023cc3feb59fea490bca6d767b1896e2385c5571f,not_assessed,0.1.0
O08746,AlphaFold_DB,AF-O08746-2-F1,A,6,10090,1,937,not_assessed,07d1a4aeb07864b7136c32dcae2603d80d604220cd0798887b94b0a372168ab8,3a482d57c6c3d3865be985b64aa80455,predicted,,,https://alphafold.ebi.ac.uk/files/AF-O08746-2-F1-model_v6.cif,https://alphafold.ebi.ac.uk/files/AF-O08746-2-F1-model_v6.pdb,https://alphafold.ebi.ac.uk/files/AF-O08746-2-F1-confidence_v6.json,https://alphafold.ebi.ac.uk/files/AF-O08746-2-F1-predicted_aligned_error_v6.json,held,ALPHAFOLD_ACCESSION_DIFFERS_FROM_CANONICAL,https://alphafold.ebi.ac.uk/api/prediction/O08746,8f0d8b213efe37cd5f1ce1e6f75032a1c9266d7969fb9102e9c64aedd086d6fa,not_assessed,0.1.0
O08746,AlphaFold_DB,AF-O08746-F1,A,6,10090,1,956,exact_full,990f7e0449500d0ca06ccb0ee09aca34663797d195b7c693e6f169697fcbc281,b632daee4dee638d335419eb89feb7a2,predicted,,,https://alphafold.ebi.ac.uk/files/AF-O08746-F1-model_v6.cif,https://alphafold.ebi.ac.uk/files/AF-O08746-F1-model_v6.pdb,https://alphafold.ebi.ac.uk/files/AF-O08746-F1-confidence_v6.json,https://alphafold.ebi.ac.uk/files/AF-O08746-F1-predicted_aligned_error_v6.json,candidate,EXACT_FULL_SEQUENCE_LOCAL_QUALITY_PENDING,https://alphafold.ebi.ac.uk/api/prediction/O08746,8f0d8b213efe37cd5f1ce1e6f75032a1c9266d7969fb9102e9c64aedd086d6fa,not_assessed,0.1.0
O08969,AlphaFold_DB,AF-O08969-F1,A,6,10090,1,144,exact_full,283f8b2ada37fd410afbab74d5516342936d33782d3fbfb6c6595947ad3815f4,92d9d99f8155f164e077b4888e67ce3c,predicted,,,https://alphafold.ebi.ac.uk/files/AF-O08969-F1-model_v6.cif,https://alphafold.ebi.ac.uk/files/AF-O08969-F1-model_v6.pdb,https://alphafold.ebi.ac.uk/files/AF-O08969-F1-confidence_v6.json,https://alphafold.ebi.ac.uk/files/AF-O08969-F1-predicted_aligned_error_v6.json,candidate,EXACT_FULL_SEQUENCE_LOCAL_QUALITY_PENDING,https://alphafold.ebi.ac.uk/api/prediction/O08969,65b8e48dbad412d69a6f232f983aea0fb504483e9a70258b2fe33a261ae8acff,not_assessed,0.1.0
O09133,AlphaFold_DB,AF-O09133-F1,A,6,10090,1,150,exact_full,9df0c746a1b1b57c9370d82edef98a06139695461aefcfb9118729f6f66a9d68,dbf06e207321622b875b562e1f14f776,predicted,,,https://alphafold.ebi.ac.uk/files/AF-O09133-F1-model_v6.cif,https://alphafold.ebi.ac.uk/files/AF-O09133-F1-model_v6.pdb,https://alphafold.ebi.ac.uk/files/AF-O09133-F1-confidence_v6.json,https://alphafold.ebi.ac.uk/files/AF-O09133-F1-predicted_aligned_error_v6.json,candidate,EXACT_FULL_SEQUENCE_LOCAL_QUALITY_PENDING,https://alphafold.ebi.ac.uk/api/prediction/O09133,7cd1b008c1280a9f91984c6712962bc1f04393d93a2d82739397b63e36151af0,not_assessed,0.1.0
O09174,AlphaFold_DB,AF-O09174-F1,A,6,10090,1,381,exact_full,330d23b5e912c79d47848880b394f8f0dc34a6845fefad82e3735f64fe662977,6e370f3eb812ebb1f59bd012c8d66a21,predicted,,,https://alphafold.ebi.ac.uk/files/AF-O09174-F1-model_v6.cif,https://alphafold.ebi.ac.uk/files/AF-O09174-F1-model_v6.pdb,https://alphafold.ebi.ac.uk/files/AF-O09174-F1-confidence_v6.json,https://alphafold.ebi.ac.uk/files/AF-O09174-F1-predicted_aligned_error_v6.json,candidate,EXACT_FULL_SEQUENCE_LOCAL_QUALITY_PENDING,https://alphafold.ebi.ac.uk/api/prediction/O09174,d8036c5b10ba45ae2297bc9e49f037fd1c606d8c879645d99aa5afee55a7c01e,not_assessed,0.1.0
O35074,AlphaFold_DB,AF-O35074-F1,A,6,10090,1,501,exact_full,a27e83287d15db006902b7a05ca1150e6fe6c2ec918a9adcf530030ebedb1176,5b27d29a98c0bd279a828a6af062828a,predicted,,,https://alphafold.ebi.ac.uk/files/AF-O35074-F1-model_v6.cif,https://alphafold.ebi.ac.uk/files/AF-O35074-F1-model_v6.pdb,https://alphafold.ebi.ac.uk/files/AF-O35074-F1-confidence_v6.json,https://alphafold.ebi.ac.uk/files/AF-O35074-F1-predicted_aligned_error_v6.json,candidate,EXACT_FULL_SEQUENCE_LOCAL_QUALITY_PENDING,https://alphafold.ebi.ac.uk/api/prediction/O35074,02581413e683877c663e18df61b009a177dd9ed7ee2436fe37a1e6c00f163e8e,not_assessed,0.1.0
O35082,AlphaFold_DB,AF-O35082-2-F1,A,6,10090,1,550,not_assessed,b08ff34d2e7fb8801c527eb22f72f92cca88320d490bab48d9fb13f3c2b32508,a82ee09d5c981ffd4f4e43cb38590f8c,predicted,,,https://alphafold.ebi.ac.uk/files/AF-O35082-2-F1-model_v6.cif,https://alphafold.ebi.ac.uk/files/AF-O35082-2-F1-model_v6.pdb,https://alphafold.ebi.ac.uk/files/AF-O35082-2-F1-confidence_v6.json,https://alphafold.ebi.ac.uk/files/AF-O35082-2-F1-predicted_aligned_error_v6.json,held,ALPHAFOLD_ACCESSION_DIFFERS_FROM_CANONICAL,https://alphafold.ebi.ac.uk/api/prediction/O35082,5a15acd49a6270e093a0b9d4e5f20ac98c12a2e80a58bf23334740d3fe3109b7,not_assessed,0.1.0
O35082,AlphaFold_DB,AF-O35082-F1,A,6,10090,1,1014,exact_full,5725700c5310dc400877f198f0d45f5ebf0e369044c839dd321773920d86280e,407533d594759a6768a0fdd667513354,predicted,,,https://alphafold.ebi.ac.uk/files/AF-O35082-F1-model_v6.cif,https://alphafold.ebi.ac.uk/files/AF-O35082-F1-model_v6.pdb,https://alphafold.ebi.ac.uk/files/AF-O35082-F1-confidence_v6.json,https://alphafold.ebi.ac.uk/files/AF-O35082-F1-predicted_aligned_error_v6.json,candidate,EXACT_FULL_SEQUENCE_LOCAL_QUALITY_PENDING,https://alphafold.ebi.ac.uk/api/prediction/O35082,5a15acd49a6270e093a0b9d4e5f20ac98c12a2e80a58bf23334740d3fe3109b7,not_assessed,0.1.0
O35103,AlphaFold_DB,AF-O35103-F1,A,6,10090,1,423,exact_full,c6b7118f437acf426750f4b95701ffb69f5a460f947a34a2574ea073ba4a297b,b9766334c209142ae561476bb97a813a,predicted,,,https://alphafold.ebi.ac.uk/files/AF-O35103-F1-model_v6.cif,https://alphafold.ebi.ac.uk/files/AF-O35103-F1-model_v6.pdb,https://alphafold.ebi.ac.uk/files/AF-O35103-F1-confidence_v6.json,https://alphafold.ebi.ac.uk/files/AF-O35103-F1-predicted_aligned_error_v6.json,candidate,EXACT_FULL_SEQUENCE_LOCAL_QUALITY_PENDING,https://alphafold.ebi.ac.uk/api/prediction/O35103,a71a9f74d60054a49dca4645cdf4165e5c6971a8a81434b6d295559e1ef4aca0,not_assessed,0.1.0
O35177,AlphaFold_DB,AF-O35177-F1,A,6,10090,1,833,exact_full,3bb275cd479e5da2b83c08a1e32f1152073abe3ec63f2481e2c11d89d09c4ecf,97c56b3f85a8e4d29f57d1a7256764fc,predicted,,,https://alphafold.ebi.ac.uk/files/AF-O35177-F1-model_v6.cif,https://alphafold.ebi.ac.uk/files/AF-O35177-F1-model_v6.pdb,https://alphafold.ebi.ac.uk/files/AF-O35177-F1-confidence_v6.json,https://alphafold.ebi.ac.uk/files/AF-O35177-F1-predicted_aligned_error_v6.json,candidate,EXACT_FULL_SEQUENCE_LOCAL_QUALITY_PENDING,https://alphafold.ebi.ac.uk/api/prediction/O35177,066e4d77c3a69ebceaeb4896571c21985a6c26f04bbe94fc6449b1e547566d0e,not_assessed,0.1.0
O35182,AlphaFold_DB,AF-O35182-F1,A,6,10090,1,495,exact_full,8f867f98f2ca9656d76a9e71720281d11be0bddd00fc817fceed2fac85f1ad07,3be4c191146296877402d94a6cfd593e,predicted,,,https://alphafold.ebi.ac.uk/files/AF-O35182-F1-model_v6.cif,https://alphafold.ebi.ac.uk/files/AF-O35182-F1-model_v6.pdb,https://alphafold.ebi.ac.uk/files/AF-O35182-F1-confidence_v6.json,https://alphafold.ebi.ac.uk/files/AF-O35182-F1-predicted_aligned_error_v6.json,candidate,EXACT_FULL_SEQUENCE_LOCAL_QUALITY_PENDING,https://alphafold.ebi.ac.uk/api/prediction/O35182,7d0ae133e7ab39e6ca6909500ec5f71a651a3b6131899ca556b74116efc52ef8,not_assessed,0.1.0
O35228,AlphaFold_DB,AF-O35228-F1,A,6,10090,1,228,exact_full,066415073362a34b72723ff7823dfa873f18d0b6acf043362f93229cb230cdec,d961848b960764b2cd92f7668c530a34,predicted,,,https://alphafold.ebi.ac.uk/files/AF-O35228-F1-model_v6.cif,https://alphafold.ebi.ac.uk/files/AF-O35228-F1-model_v6.pdb,https://alphafold.ebi.ac.uk/files/AF-O35228-F1-confidence_v6.json,https://alphafold.ebi.ac.uk/files/AF-O35228-F1-predicted_aligned_error_v6.json,candidate,EXACT_FULL_SEQUENCE_LOCAL_QUALITY_PENDING,https://alphafold.ebi.ac.uk/api/prediction/O35228,34c9e56d347689f2337ad38b7fe68d4574e1773af772f38c936207bd56baf324,not_assessed,0.1.0
O35228,PDBe_SIFTS,7z0l,B,,10090,19,228,not_assessed,,,Electron Microscopy,4.0,1.0,,,,,candidate,MOUSE_SIFTS_CANDIDATE_LOCAL_REVIEW_PENDING,https://www.ebi.ac.uk/pdbe/api/mappings/best_structures/O35228,b8836fd62e6917a2a38d3768c37014bdc0de3b6a32db3db2e63ff419cea74cec,not_assessed,0.1.0
O35228,PDBe_SIFTS,7zg0,C,,10090,18,228,not_assessed,,,X-ray diffraction,3.18,1.0,,,,,candidate,MOUSE_SIFTS_CANDIDATE_LOCAL_REVIEW_PENDING,https://www.ebi.ac.uk/pdbe/api/mappings/best_structures/O35228,b8836fd62e6917a2a38d3768c37014bdc0de3b6a32db3db2e63ff419cea74cec,not_assessed,0.1.0
O35228,PDBe_SIFTS,7zg0,D,,10090,18,228,not_assessed,,,X-ray diffraction,3.18,1.0,,,,,candidate,MOUSE_SIFTS_CANDIDATE_LOCAL_REVIEW_PENDING,https://www.ebi.ac.uk/pdbe/api/mappings/best_structures/O35228,b8836fd62e6917a2a38d3768c37014bdc0de3b6a32db3db2e63ff419cea74cec,not_assessed,0.1.0
O35316,AlphaFold_DB,AF-O35316-F1,A,6,10090,1,621,exact_full,fcddd97db4ddf1be0111f6f464623e478de654683cb9ca70e7f88749902dbe6a,1db7503ef1387a4f715dc451ad989d3c,predicted,,,https://alphafold.ebi.ac.uk/files/AF-O35316-F1-model_v6.cif,https://alphafold.ebi.ac.uk/files/AF-O35316-F1-model_v6.pdb,https://alphafold.ebi.ac.uk/files/AF-O35316-F1-confidence_v6.json,https://alphafold.ebi.ac.uk/files/AF-O35316-F1-predicted_aligned_error_v6.json,candidate,EXACT_FULL_SEQUENCE_LOCAL_QUALITY_PENDING,https://alphafold.ebi.ac.uk/api/prediction/O35316,cee16709a2915af9cc3707d6b651e06cb8b353a0f2a9ff6a18e7372041c91680,not_assessed,0.1.0
O35316,PDBe_SIFTS,9kmi,A,,10090,1,621,not_assessed,,,Electron Microscopy,3.05,1.0,,,,,candidate,MOUSE_SIFTS_CANDIDATE_LOCAL_REVIEW_PENDING,https://www.ebi.ac.uk/pdbe/api/mappings/best_structures/O35316,651f08ddbf142757a235379930a4fdd2f91563a00df1e75e11abc2095e6a354c,not_assessed,0.1.0
O35316,PDBe_SIFTS,9kyo,A,,10090,1,621,not_assessed,,,Electron Microscopy,2.84,1.0,,,,,candidate,MOUSE_SIFTS_CANDIDATE_LOCAL_REVIEW_PENDING,https://www.ebi.ac.uk/pdbe/api/mappings/best_structures/O35316,651f08ddbf142757a235379930a4fdd2f91563a00df1e75e11abc2095e6a354c,not_assessed,0.1.0
O35425,AlphaFold_DB,AF-O35425-2-F1,A,6,10090,1,199,not_assessed,1c8855cd57806954e82bcf9cca93e42d56b474a03151025025171619cf72d9d5,1aec54e29e2607c6f563545e0760a65b,predicted,,,https://alphafold.ebi.ac.uk/files/AF-O35425-2-F1-model_v6.cif,https://alphafold.ebi.ac.uk/files/AF-O35425-2-F1-model_v6.pdb,https://alphafold.ebi.ac.uk/files/AF-O35425-2-F1-confidence_v6.json,https://alphafold.ebi.ac.uk/files/AF-O35425-2-F1-predicted_aligned_error_v6.json,held,ALPHAFOLD_ACCESSION_DIFFERS_FROM_CANONICAL,https://alphafold.ebi.ac.uk/api/prediction/O35425,fee596f1a62536be832907b7f32d96b7a4c1ee8ca212377ba790645e00ceb3d4,not_assessed,0.1.0
O35425,AlphaFold_DB,AF-O35425-F1,A,6,10090,1,213,exact_full,3f41779ccd58db252f87ac455519eab9a38f01f1dec61248463d1d48973b4b8c,b37464fd083ecafcf14b642561d41e66,predicted,,,https://alphafold.ebi.ac.uk/files/AF-O35425-F1-model_v6.cif,https://alphafold.ebi.ac.uk/files/AF-O35425-F1-model_v6.pdb,https://alphafold.ebi.ac.uk/files/AF-O35425-F1-confidence_v6.json,https://alphafold.ebi.ac.uk/files/AF-O35425-F1-predicted_aligned_error_v6.json,candidate,EXACT_FULL_SEQUENCE_LOCAL_QUALITY_PENDING,https://alphafold.ebi.ac.uk/api/prediction/O35425,fee596f1a62536be832907b7f32d96b7a4c1ee8ca212377ba790645e00ceb3d4,not_assessed,0.1.0
O35600,AlphaFold_DB,AF-O35600-F1,A,6,10090,1,2310,exact_full,7f98c448cb380daa1b960ea036ce80b7257b6c0a319fa06950a651eca549ac23,c8c7c617cc2605f414be047645d7a98e,predicted,,,https://alphafold.ebi.ac.uk/files/AF-O35600-F1-model_v6.cif,https://alphafold.ebi.ac.uk/files/AF-O35600-F1-model_v6.pdb,https://alphafold.ebi.ac.uk/files/AF-O35600-F1-confidence_v6.json,https://alphafold.ebi.ac.uk/files/AF-O35600-F1-predicted_aligned_error_v6.json,candidate,EXACT_FULL_SEQUENCE_LOCAL_QUALITY_PENDING,https://alphafold.ebi.ac.uk/api/prediction/O35600,7b20d763371cc4362d1b26c9fe3e50c60b375e4f28db5747716657930d855806,not_assessed,0.1.0
O35604,AlphaFold_DB,AF-O35604-F1,A,6,10090,1,1277,exact_full,0ef6420d93ef0122f3f6817edcbf114a35c536d9dd535c22e45818cc3563433f,4b984dc03a6704f87e83f46a1f975465,predicted,,,https://alphafold.ebi.ac.uk/files/AF-O35604-F1-model_v6.cif,https://alphafold.ebi.ac.uk/files/AF-O35604-F1-model_v6.pdb,https://alphafold.ebi.ac.uk/files/AF-O35604-F1-confidence_v6.json,https://alphafold.ebi.ac.uk/files/AF-O35604-F1-predicted_aligned_error_v6.json,candidate,EXACT_FULL_SEQUENCE_LOCAL_QUALITY_PENDING,https://alphafold.ebi.ac.uk/api/prediction/O35604,54e97b4aff248c8aa1af2970c5395db7e7034422c8c5826d3fb9d2761ede5062,not_assessed,0.1.0
O35608,AlphaFold_DB,AF-O35608-F1,A,6,10090,1,496,exact_full,b0045def48fe05807453306f7e34770d0527a07b16677fb3bad35958ac95f777,be544f11b556104a2b10e2955178dfcb,predicted,,,https://alphafold.ebi.ac.uk/files/AF-O35608-F1-model_v6.cif,https://alphafold.ebi.ac.uk/files/AF-O35608-F1-model_v6.pdb,https://alphafold.ebi.ac.uk/files/AF-O35608-F1-confidence_v6.json,https://alphafold.ebi.ac.uk/files/AF-O35608-F1-predicted_aligned_error_v6.json,candidate,EXACT_FULL_SEQUENCE_LOCAL_QUALITY_PENDING,https://alphafold.ebi.ac.uk/api/prediction/O35608,36bc762452c86c55ec33b4273eea512c197a8e50cb83d8edc1cde62401f1c261,not_assessed,0.1.0
O35639,AlphaFold_DB,AF-O35639-F1,A,6,10090,1,323,exact_full,091faf894b5a98e0e75a8e613dc36536b8f3b78eb4ea89264737cdcf8329d099,56b967e893ce77ae37c0da01fd7c6c82,predicted,,,https://alphafold.ebi.ac.uk/files/AF-O35639-F1-model_v6.cif,https://alphafold.ebi.ac.uk/files/AF-O35639-F1-model_v6.pdb,https://alphafold.ebi.ac.uk/files/AF-O35639-F1-confidence_v6.json,https://alphafold.ebi.ac.uk/files/AF-O35639-F1-predicted_aligned_error_v6.json,candidate,EXACT_FULL_SEQUENCE_LOCAL_QUALITY_PENDING,https://alphafold.ebi.ac.uk/api/prediction/O35639,33df19ca7a9631d029ddc292177d5e6c9e7ae1544129a482f07afc6177c5184d,not_assessed,0.1.0
O35640,AlphaFold_DB,AF-O35640-F1,A,6,10090,1,327,exact_full,d7223830560f53c4be90cd56a302005a90174fd64b11cc4384f00f3f01783e54,bd95c7bb313d345352a810bcf3c8bee7,predicted,,,https://alphafold.ebi.ac.uk/files/AF-O35640-F1-model_v6.cif,https://alphafold.ebi.ac.uk/files/AF-O35640-F1-model_v6.pdb,https://alphafold.ebi.ac.uk/files/AF-O35640-F1-confidence_v6.json,https://alphafold.ebi.ac.uk/files/AF-O35640-F1-predicted_aligned_error_v6.json,candidate,EXACT_FULL_SEQUENCE_LOCAL_QUALITY_PENDING,https://alphafold.ebi.ac.uk/api/prediction/O35640,fd9391befd24068ad386de957fbed71706493227a08ced45f153efe4a3445229,not_assessed,0.1.0
O35655,AlphaFold_DB,AF-O35655-F1,A,6,10090,1,650,exact_full,9eaff8d24699d7635973546426edb905dbb10cef7b9a673279bd25577ba59ec9,96762a8b1a175829e4f5c75a3043fe3a,predicted,,,https://alphafold.ebi.ac.uk/files/AF-O35655-F1-model_v6.cif,https://alphafold.ebi.ac.uk/files/AF-O35655-F1-model_v6.pdb,https://alphafold.ebi.ac.uk/files/AF-O35655-F1-confidence_v6.json,https://alphafold.ebi.ac.uk/files/AF-O35655-F1-predicted_aligned_error_v6.json,candidate,EXACT_FULL_SEQUENCE_LOCAL_QUALITY_PENDING,https://alphafold.ebi.ac.uk/api/prediction/O35655,4a522a8fd3ce82b8500b22fd7e0b73db88f5c576e8498f4b1243595a64b94233,not_assessed,0.1.0
O35682,AlphaFold_DB,AF-O35682-F1,A,6,10090,1,320,exact_full,b23b6cd004bce8be76963dd15c474a5ccf7f6af0dd3104322c19603637d1bad7,5d4f8653d30bf198839eba60d926ec6d,predicted,,,https://alphafold.ebi.ac.uk/files/AF-O35682-F1-model_v6.cif,https://alphafold.ebi.ac.uk/files/AF-O35682-F1-model_v6.pdb,https://alphafold.ebi.ac.uk/files/AF-O35682-F1-confidence_v6.json,https://alphafold.ebi.ac.uk/files/AF-O35682-F1-predicted_aligned_error_v6.json,candidate,EXACT_FULL_SEQUENCE_LOCAL_QUALITY_PENDING,https://alphafold.ebi.ac.uk/api/prediction/O35682,e661e58ae503bc1e28ba45a9ffd2563597dfa37dd847d4f9b0968376d6351b0c,not_assessed,0.1.0
O35709,AlphaFold_DB,AF-O35709-F1,A,6,10090,1,589,exact_full,b4d4479253e6fbc2782174912ef87fd2eb012cc74d882644543f20a33cc28d73,17911daf3e29811f169ac922138d9bad,predicted,,,https://alphafold.ebi.ac.uk/files/AF-O35709-F1-model_v6.cif,https://alphafold.ebi.ac.uk/files/AF-O35709-F1-model_v6.pdb,https://alphafold.ebi.ac.uk/files/AF-O35709-F1-confidence_v6.json,https://alphafold.ebi.ac.uk/files/AF-O35709-F1-predicted_aligned_error_v6.json,candidate,EXACT_FULL_SEQUENCE_LOCAL_QUALITY_PENDING,https://alphafold.ebi.ac.uk/api/prediction/O35709,d8770ebc681c1762413d66d8533836cdc24152bcfad01b2b800343fe7c340c6f,not_assessed,0.1.0
O35969,AlphaFold_DB,AF-0000000007636823,A,1,287,1,236,not_assessed,af633f91d73bfde12fe06a0480977e2cf9800396ec5fd6ab8699627b184cd05d,429c9be2ecec1ab11be07c2c1897fa80,predicted,,,https://alphafold.ebi.ac.uk/files/AF-0000000007636823-model_v1.cif,https://alphafold.ebi.ac.uk/files/AF-0000000007636823-model_v1.pdb,https://alphafold.ebi.ac.uk/files/AF-0000000007636823-confidence_v1.json,https://alphafold.ebi.ac.uk/files/AF-0000000007636823-predicted_aligned_error_v1.json,held,ALPHAFOLD_MOUSE_TAXONOMY_NOT_CONFIRMED,https://alphafold.ebi.ac.uk/api/prediction/O35969,dfb594e0fb526aa108fe673c1c8150004459456c5cd07dc32318d6634fea93c6,not_assessed,0.1.0
O35969,AlphaFold_DB,AF-O35969-2-F1,A,6,10090,1,252,not_assessed,a196d30d176a281e438731e08ee65b987185f1ebf477fe22004532ad33f56e03,08e688306c1e3a708c358ed4c19b82bb,predicted,,,https://alphafold.ebi.ac.uk/files/AF-O35969-2-F1-model_v6.cif,https://alphafold.ebi.ac.uk/files/AF-O35969-2-F1-model_v6.pdb,https://alphafold.ebi.ac.uk/files/AF-O35969-2-F1-confidence_v6.json,https://alphafold.ebi.ac.uk/files/AF-O35969-2-F1-predicted_aligned_error_v6.json,held,ALPHAFOLD_ACCESSION_DIFFERS_FROM_CANONICAL,https://alphafold.ebi.ac.uk/api/prediction/O35969,dfb594e0fb526aa108fe673c1c8150004459456c5cd07dc32318d6634fea93c6,not_assessed,0.1.0
O35969,AlphaFold_DB,AF-O35969-F1,A,6,10090,1,236,exact_full,af633f91d73bfde12fe06a0480977e2cf9800396ec5fd6ab8699627b184cd05d,429c9be2ecec1ab11be07c2c1897fa80,predicted,,,https://alphafold.ebi.ac.uk/files/AF-O35969-F1-model_v6.cif,https://alphafold.ebi.ac.uk/files/AF-O35969-F1-model_v6.pdb,https://alphafold.ebi.ac.uk/files/AF-O35969-F1-confidence_v6.json,https://alphafold.ebi.ac.uk/files/AF-O35969-F1-predicted_aligned_error_v6.json,candidate,EXACT_FULL_SEQUENCE_LOCAL_QUALITY_PENDING,https://alphafold.ebi.ac.uk/api/prediction/O35969,dfb594e0fb526aa108fe673c1c8150004459456c5cd07dc32318d6634fea93c6,not_assessed,0.1.0
O54786,AlphaFold_DB,AF-O54786-2-F1,A,6,10090,1,265,not_assessed,07c7d1c8b379b05090c8654d978b66f87dddb98d3d0fc592aecc4436125ec0e7,d740dc5decb063c200e2c75e5ba9c936,predicted,,,https://alphafold.ebi.ac.uk/files/AF-O54786-2-F1-model_v6.cif,https://alphafold.ebi.ac.uk/files/AF-O54786-2-F1-model_v6.pdb,https://alphafold.ebi.ac.uk/files/AF-O54786-2-F1-confidence_v6.json,https://alphafold.ebi.ac.uk/files/AF-O54786-2-F1-predicted_aligned_error_v6.json,held,ALPHAFOLD_ACCESSION_DIFFERS_FROM_CANONICAL,https://alphafold.ebi.ac.uk/api/prediction/O54786,7334e4cd6b6cc2825a5b510f17444290b36965fe7f54cddc246c483c1e6839a9,not_assessed,0.1.0
O54786,AlphaFold_DB,AF-O54786-F1,A,6,10090,1,331,exact_full,32fde437cbd46123e5c0724200dee65c0a2f1856b3fcd7e83af05c99361d3acf,15ea2965fcf8ddfc2fb2661259bc52da,predicted,,,https://alphafold.ebi.ac.uk/files/AF-O54786-F1-model_v6.cif,https://alphafold.ebi.ac.uk/files/AF-O54786-F1-model_v6.pdb,https://alphafold.ebi.ac.uk/files/AF-O54786-F1-confidence_v6.json,https://alphafold.ebi.ac.uk/files/AF-O54786-F1-predicted_aligned_error_v6.json,candidate,EXACT_FULL_SEQUENCE_LOCAL_QUALITY_PENDING,https://alphafold.ebi.ac.uk/api/prediction/O54786,7334e4cd6b6cc2825a5b510f17444290b36965fe7f54cddc246c483c1e6839a9,not_assessed,0.1.0
O54786,PDBe_SIFTS,1f2r,I,,10090,1,100,not_assessed,,,Solution NMR,,0.302,,,,,candidate,MOUSE_SIFTS_CANDIDATE_LOCAL_REVIEW_PENDING,https://www.ebi.ac.uk/pdbe/api/mappings/best_structures/O54786,703b31dcf74e4e4641647106f3a8fa5e9d411d1b91db54b865adf9aaa040b8f8,not_assessed,0.1.0
O54824,AlphaFold_DB,AF-O54824-2-F1,A,6,10090,1,624,not_assessed,d9e929c8ad3537852b62b00104234f96d8646d3a6e8ad0bdebb467a901fd425a,daf2e2ab233d44ab9c2e46ce0439f98a,predicted,,,https://alphafold.ebi.ac.uk/files/AF-O54824-2-F1-model_v6.cif,https://alphafold.ebi.ac.uk/files/AF-O54824-2-F1-model_v6.pdb,https://alphafold.ebi.ac.uk/files/AF-O54824-2-F1-confidence_v6.json,https://alphafold.ebi.ac.uk/files/AF-O54824-2-F1-predicted_aligned_error_v6.json,held,ALPHAFOLD_ACCESSION_DIFFERS_FROM_CANONICAL,https://alphafold.ebi.ac.uk/api/prediction/O54824,a26be1dd041d8b98d89288c22a2e13d87a9f486ada72840eb8427af131044cf1,not_assessed,0.1.0
O54824,AlphaFold_DB,AF-O54824-F1,A,6,10090,1,1322,exact_full,4eaa8d75d686827bcda4b182fc46cd89511b2ffe6feb3166f4898d71b09d8666,cd9dce5ca5b83340101e3913f377c5d3,predicted,,,https://alphafold.ebi.ac.uk/files/AF-O54824-F1-model_v6.cif,https://alphafold.ebi.ac.uk/files/AF-O54824-F1-model_v6.pdb,https://alphafold.ebi.ac.uk/files/AF-O54824-F1-confidence_v6.json,https://alphafold.ebi.ac.uk/files/AF-O54824-F1-predicted_aligned_error_v6.json,candidate,EXACT_FULL_SEQUENCE_LOCAL_QUALITY_PENDING,https://alphafold.ebi.ac.uk/api/prediction/O54824,a26be1dd041d8b98d89288c22a2e13d87a9f486ada72840eb8427af131044cf1,not_assessed,0.1.0
O54890,AlphaFold_DB,AF-O54890-F1,A,6,10090,1,787,exact_full,9f9944cb830781cee04599166f5220c9ca11c3f432aff3a5d2dc2fac846d0879,67b74846b1b741dc87ef8cd100e0d48e,predicted,,,https://alphafold.ebi.ac.uk/files/AF-O54890-F1-model_v6.cif,https://alphafold.ebi.ac.uk/files/AF-O54890-F1-model_v6.pdb,https://alphafold.ebi.ac.uk/files/AF-O54890-F1-confidence_v6.json,https://alphafold.ebi.ac.uk/files/AF-O54890-F1-predicted_aligned_error_v6.json,candidate,EXACT_FULL_SEQUENCE_LOCAL_QUALITY_PENDING,https://alphafold.ebi.ac.uk/api/prediction/O54890,4e4b2cb88b43ec01571e884e6c92f69974a0b16caecbe9810bd87f59d43429a0,not_assessed,0.1.0
O54890,PDBe_SIFTS,5xq1,A,,10090,773,787,not_assessed,,,X-ray diffraction,2.954,0.02,,,,,candidate,MOUSE_SIFTS_CANDIDATE_LOCAL_REVIEW_PENDING,https://www.ebi.ac.uk/pdbe/api/mappings/best_structures/O54890,5260fd1461e45de8c94d0270e2dfe27bb5d64802b776b618d101f061bf446655,not_assessed,0.1.0
O54890,PDBe_SIFTS,5xq1,B,,10090,773,787,not_assessed,,,X-ray diffraction,2.954,0.02,,,,,candidate,MOUSE_SIFTS_CANDIDATE_LOCAL_REVIEW_PENDING,https://www.ebi.ac.uk/pdbe/api/mappings/best_structures/O54890,5260fd1461e45de8c94d0270e2dfe27bb5d64802b776b618d101f061bf446655,not_assessed,0.1.0
O54890,PDBe_SIFTS,6vgu,A,,10090,745,775,not_assessed,,,X-ray diffraction,2.78,0.041,,,,,candidate,MOUSE_SIFTS_CANDIDATE_LOCAL_REVIEW_PENDING,https://www.ebi.ac.uk/pdbe/api/mappings/best_structures/O54890,5260fd1461e45de8c94d0270e2dfe27bb5d64802b776b618d101f061bf446655,not_assessed,0.1.0
O54983,AlphaFold_DB,AF-O54983-F1,A,6,10090,1,313,exact_full,436eb17861ead97e00cbaa470ae589968b261c24ea115dc7292ae1ec638aefdb,bb5f83f99735beca812b7e3249747475,predicted,,,https://alphafold.ebi.ac.uk/files/AF-O54983-F1-model_v6.cif,https://alphafold.ebi.ac.uk/files/AF-O54983-F1-model_v6.pdb,https://alphafold.ebi.ac.uk/files/AF-O54983-F1-confidence_v6.json,https://alphafold.ebi.ac.uk/files/AF-O54983-F1-predicted_aligned_error_v6.json,candidate,EXACT_FULL_SEQUENCE_LOCAL_QUALITY_PENDING,https://alphafold.ebi.ac.uk/api/prediction/O54983,0203ba4c9f47ea30292253dd09630e9dbe5485764f65342cbf8d8329cdd78fc2,not_assessed,0.1.0
O54983,PDBe_SIFTS,4bv8,A,,10090,1,313,not_assessed,,,X-ray diffraction,2.3,1.0,,,,,candidate,MOUSE_SIFTS_CANDIDATE_LOCAL_REVIEW_PENDING,https://www.ebi.ac.uk/pdbe/api/mappings/best_structures/O54983,0a6545ce678caf9afa84120051983ed6f52864152bd17bfa2ab19bcdcca10562,not_assessed,0.1.0
O54983,PDBe_SIFTS,4bv8,B,,10090,1,313,not_assessed,,,X-ray diffraction,2.3,1.0,,,,,candidate,MOUSE_SIFTS_CANDIDATE_LOCAL_REVIEW_PENDING,https://www.ebi.ac.uk/pdbe/api/mappings/best_structures/O54983,0a6545ce678caf9afa84120051983ed6f52864152bd17bfa2ab19bcdcca10562,not_assessed,0.1.0
O54983,PDBe_SIFTS,4bv9,A,,10090,1,313,not_assessed,,,X-ray diffraction,2.193,1.0,,,,,candidate,MOUSE_SIFTS_CANDIDATE_LOCAL_REVIEW_PENDING,https://www.ebi.ac.uk/pdbe/api/mappings/best_structures/O54983,0a6545ce678caf9afa84120051983ed6f52864152bd17bfa2ab19bcdcca10562,not_assessed,0.1.0
O54983,PDBe_SIFTS,4bv9,B,,10090,1,313,not_assessed,,,X-ray diffraction,2.193,1.0,,,,,candidate,MOUSE_SIFTS_CANDIDATE_LOCAL_REVIEW_PENDING,https://www.ebi.ac.uk/pdbe/api/mappings/best_structures/O54983,0a6545ce678caf9afa84120051983ed6f52864152bd17bfa2ab19bcdcca10562,not_assessed,0.1.0
O54983,PDBe_SIFTS,4bva,A,,10090,1,313,not_assessed,,,X-ray diffraction,1.75,1.0,,,,,candidate,MOUSE_SIFTS_CANDIDATE_LOCAL_REVIEW_PENDING,https://www.ebi.ac.uk/pdbe/api/mappings/best_structures/O54983,0a6545ce678caf9afa84120051983ed6f52864152bd17bfa2ab19bcdcca10562,not_assessed,0.1.0
O54983,PDBe_SIFTS,4bva,B,,10090,1,313,not_assessed,,,X-ray diffraction,1.75,1.0,,,,,candidate,MOUSE_SIFTS_CANDIDATE_LOCAL_REVIEW_PENDING,https://www.ebi.ac.uk/pdbe/api/mappings/best_structures/O54983,0a6545ce678caf9afa84120051983ed6f52864152bd17bfa2ab19bcdcca10562,not_assessed,0.1.0
O55137,AlphaFold_DB,AF-O55137-F1,A,6,10090,1,419,exact_full,21dae3e53b7dc1f0f35b862cab08ddeaec747c34af37f02111e533d672295917,a59a18e8a7ebccaa93e3ccd2e43c463e,predicted,,,https://alphafold.ebi.ac.uk/files/AF-O55137-F1-model_v6.cif,https://alphafold.ebi.ac.uk/files/AF-O55137-F1-model_v6.pdb,https://alphafold.ebi.ac.uk/files/AF-O55137-F1-confidence_v6.json,https://alphafold.ebi.ac.uk/files/AF-O55137-F1-predicted_aligned_error_v6.json,candidate,EXACT_FULL_SEQUENCE_LOCAL_QUALITY_PENDING,https://alphafold.ebi.ac.uk/api/prediction/O55137,c94a788da66ac3bb21d11d988556be47ca75dacb3edc57583a51a8f4a10ecb74,not_assessed,0.1.0
O55240,AlphaFold_DB,AF-O55240-F1,A,6,10090,1,318,exact_full,5d30ed8e707eda895d00227accf37848bb279ff5efca56070da4d247c3e823f8,fcfb436281204c4be7dec94255643da5,predicted,,,https://alphafold.ebi.ac.uk/files/AF-O55240-F1-model_v6.cif,https://alphafold.ebi.ac.uk/files/AF-O55240-F1-model_v6.pdb,https://alphafold.ebi.ac.uk/files/AF-O55240-F1-confidence_v6.json,https://alphafold.ebi.ac.uk/files/AF-O55240-F1-predicted_aligned_error_v6.json,candidate,EXACT_FULL_SEQUENCE_LOCAL_QUALITY_PENDING,https://alphafold.ebi.ac.uk/api/prediction/O55240,16512e3e62023abf324f64fce7f549c3377ecc33a06bb56d94b39e7d6f3582fa,not_assessed,0.1.0
O55242,AlphaFold_DB,AF-O55242-2-F1,A,6,10090,1,192,not_assessed,3cbae40607848de0add172e635a0b0f919b0d647d7fd2372234a7ce3390c3eda,45e2befe4145285a70b83c65dc4251d5,predicted,,,https://alphafold.ebi.ac.uk/files/AF-O55242-2-F1-model_v6.cif,https://alphafold.ebi.ac.uk/files/AF-O55242-2-F1-model_v6.pdb,https://alphafold.ebi.ac.uk/files/AF-O55242-2-F1-confidence_v6.json,https://alphafold.ebi.ac.uk/files/AF-O55242-2-F1-predicted_aligned_error_v6.json,held,ALPHAFOLD_ACCESSION_DIFFERS_FROM_CANONICAL,https://alphafold.ebi.ac.uk/api/prediction/O55242,91f47c6a6ad004f632ae8de07c17947f2c794b76910d9dc741d1d024f835ed40,not_assessed,0.1.0
O55242,AlphaFold_DB,AF-O55242-F1,A,6,10090,1,223,exact_full,6259d74de2a690406d820a5b6a0ff78f8126f103c6fcc8bd1f7db93b92b87d4f,704c853d33a06ac34e9a844b6e5b60f6,predicted,,,https://alphafold.ebi.ac.uk/files/AF-O55242-F1-model_v6.cif,https://alphafold.ebi.ac.uk/files/AF-O55242-F1-model_v6.pdb,https://alphafold.ebi.ac.uk/files/AF-O55242-F1-confidence_v6.json,https://alphafold.ebi.ac.uk/files/AF-O55242-F1-predicted_aligned_error_v6.json,candidate,EXACT_FULL_SEQUENCE_LOCAL_QUALITY_PENDING,https://alphafold.ebi.ac.uk/api/prediction/O55242,91f47c6a6ad004f632ae8de07c17947f2c794b76910d9dc741d1d024f835ed40,not_assessed,0.1.0
O70126,AlphaFold_DB,AF-O70126-F1,A,6,10090,1,345,exact_full,929e4e27e6ca38f2350e4796d2ac60b7b32a22ee74e53645e91521c06bb2a38f,5c69908be3f9401703217aa6448e7ce7,predicted,,,https://alphafold.ebi.ac.uk/files/AF-O70126-F1-model_v6.cif,https://alphafold.ebi.ac.uk/files/AF-O70126-F1-model_v6.pdb,https://alphafold.ebi.ac.uk/files/AF-O70126-F1-confidence_v6.json,https://alphafold.ebi.ac.uk/files/AF-O70126-F1-predicted_aligned_error_v6.json,candidate,EXACT_FULL_SEQUENCE_LOCAL_QUALITY_PENDING,https://alphafold.ebi.ac.uk/api/prediction/O70126,ea1fb1df1c68eb4c880e98a672bbd466fe156b03e07a528af8fcce7b6f2d98ed,not_assessed,0.1.0
O70299,AlphaFold_DB,AF-O70299-F1,A,6,10090,1,359,exact_full,e3e7ebb87173d6ba54ca2074622163bc9d21c41d6c1c42b37ce9ea1a2c97bfd6,de869d7237be02953017b063e973d70b,predicted,,,https://alphafold.ebi.ac.uk/files/AF-O70299-F1-model_v6.cif,https://alphafold.ebi.ac.uk/files/AF-O70299-F1-model_v6.pdb,https://alphafold.ebi.ac.uk/files/AF-O70299-F1-confidence_v6.json,https://alphafold.ebi.ac.uk/files/AF-O70299-F1-predicted_aligned_error_v6.json,candidate,EXACT_FULL_SEQUENCE_LOCAL_QUALITY_PENDING,https://alphafold.ebi.ac.uk/api/prediction/O70299,dd633fecf503c1854086cf1ace5ddd2d23ed4353940a10f33b0a8e311e73cbc0,not_assessed,0.1.0
O70370,AlphaFold_DB,AF-0000000010760958,A,1,287,1,340,not_assessed,16b7bac8e1c980be9cc98aceb5a5f8a719f9c5a14fb7d56aec8032e808dadc53,2e9422505f19b8f635969b40de03186b,predicted,,,https://alphafold.ebi.ac.uk/files/AF-0000000010760958-model_v1.cif,https://alphafold.ebi.ac.uk/files/AF-0000000010760958-model_v1.pdb,https://alphafold.ebi.ac.uk/files/AF-0000000010760958-confidence_v1.json,https://alphafold.ebi.ac.uk/files/AF-0000000010760958-predicted_aligned_error_v1.json,held,ALPHAFOLD_MOUSE_TAXONOMY_NOT_CONFIRMED,https://alphafold.ebi.ac.uk/api/prediction/O70370,84fafa4a2499f49b6839bc925314c09f00e18508eaa646f7c059b3c12f6182a3,not_assessed,0.1.0
O70370,AlphaFold_DB,AF-O70370-F1,A,6,10090,1,340,exact_full,16b7bac8e1c980be9cc98aceb5a5f8a719f9c5a14fb7d56aec8032e808dadc53,2e9422505f19b8f635969b40de03186b,predicted,,,https://alphafold.ebi.ac.uk/files/AF-O70370-F1-model_v6.cif,https://alphafold.ebi.ac.uk/files/AF-O70370-F1-model_v6.pdb,https://alphafold.ebi.ac.uk/files/AF-O70370-F1-confidence_v6.json,https://alphafold.ebi.ac.uk/files/AF-O70370-F1-predicted_aligned_error_v6.json,candidate,EXACT_FULL_SEQUENCE_LOCAL_QUALITY_PENDING,https://alphafold.ebi.ac.uk/api/prediction/O70370,84fafa4a2499f49b6839bc925314c09f00e18508eaa646f7c059b3c12f6182a3,not_assessed,0.1.0
O70370,PDBe_SIFTS,4bpv,A,,10090,116,340,not_assessed,,,X-ray diffraction,2.0,0.697,,,,,candidate,MOUSE_SIFTS_CANDIDATE_LOCAL_REVIEW_PENDING,https://www.ebi.ac.uk/pdbe/api/mappings/best_structures/O70370,0dbe3410bd8ab0b60cef5e29e3a908ed17f8955d6200bfe5981256c9161fe6cf,not_assessed,0.1.0
O70370,PDBe_SIFTS,4bpv,B,,10090,116,340,not_assessed,,,X-ray diffraction,2.0,0.697,,,,,candidate,MOUSE_SIFTS_CANDIDATE_LOCAL_REVIEW_PENDING,https://www.ebi.ac.uk/pdbe/api/mappings/best_structures/O70370,0dbe3410bd8ab0b60cef5e29e3a908ed17f8955d6200bfe5981256c9161fe6cf,not_assessed,0.1.0
O70370,PDBe_SIFTS,4bpv,C,,10090,116,340,not_assessed,,,X-ray diffraction,2.0,0.697,,,,,candidate,MOUSE_SIFTS_CANDIDATE_LOCAL_REVIEW_PENDING,https://www.ebi.ac.uk/pdbe/api/mappings/best_structures/O70370,0dbe3410bd8ab0b60cef5e29e3a908ed17f8955d6200bfe5981256c9161fe6cf,not_assessed,0.1.0
O70370,PDBe_SIFTS,4bpv,D,,10090,116,340,not_assessed,,,X-ray diffraction,2.0,0.697,,,,,candidate,MOUSE_SIFTS_CANDIDATE_LOCAL_REVIEW_PENDING,https://www.ebi.ac.uk/pdbe/api/mappings/best_structures/O70370,0dbe3410bd8ab0b60cef5e29e3a908ed17f8955d6200bfe5981256c9161fe6cf,not_assessed,0.1.0
O70370,PDBe_SIFTS,4bpv,E,,10090,116,340,not_assessed,,,X-ray diffraction,2.0,0.697,,,,,candidate,MOUSE_SIFTS_CANDIDATE_LOCAL_REVIEW_PENDING,https://www.ebi.ac.uk/pdbe/api/mappings/best_structures/O70370,0dbe3410bd8ab0b60cef5e29e3a908ed17f8955d6200bfe5981256c9161fe6cf,not_assessed,0.1.0
O70370,PDBe_SIFTS,4bpv,K,,10090,116,340,not_assessed,,,X-ray diffraction,2.0,0.697,,,,,candidate,MOUSE_SIFTS_CANDIDATE_LOCAL_REVIEW_PENDING,https://www.ebi.ac.uk/pdbe/api/mappings/best_structures/O70370,0dbe3410bd8ab0b60cef5e29e3a908ed17f8955d6200bfe5981256c9161fe6cf,not_assessed,0.1.0
O70370,PDBe_SIFTS,4bqv,A,,10090,116,340,not_assessed,,,X-ray diffraction,1.7,0.697,,,,,candidate,MOUSE_SIFTS_CANDIDATE_LOCAL_REVIEW_PENDING,https://www.ebi.ac.uk/pdbe/api/mappings/best_structures/O70370,0dbe3410bd8ab0b60cef5e29e3a908ed17f8955d6200bfe5981256c9161fe6cf,not_assessed,0.1.0
O70370,PDBe_SIFTS,4bqv,B,,10090,116,340,not_assessed,,,X-ray diffraction,1.7,0.697,,,,,candidate,MOUSE_SIFTS_CANDIDATE_LOCAL_REVIEW_PENDING,https://www.ebi.ac.uk/pdbe/api/mappings/best_structures/O70370,0dbe3410bd8ab0b60cef5e29e3a908ed17f8955d6200bfe5981256c9161fe6cf,not_assessed,0.1.0
O70370,PDBe_SIFTS,4bqv,C,,10090,116,340,not_assessed,,,X-ray diffraction,1.7,0.697,,,,,candidate,MOUSE_SIFTS_CANDIDATE_LOCAL_REVIEW_PENDING,https://www.ebi.ac.uk/pdbe/api/mappings/best_structures/O70370,0dbe3410bd8ab0b60cef5e29e3a908ed17f8955d6200bfe5981256c9161fe6cf,not_assessed,0.1.0
O70370,PDBe_SIFTS,4bqv,D,,10090,116,340,not_assessed,,,X-ray diffraction,1.7,0.697,,,,,candidate,MOUSE_SIFTS_CANDIDATE_LOCAL_REVIEW_PENDING,https://www.ebi.ac.uk/pdbe/api/mappings/best_structures/O70370,0dbe3410bd8ab0b60cef5e29e3a908ed17f8955d6200bfe5981256c9161fe6cf,not_assessed,0.1.0
O70370,PDBe_SIFTS,4bqv,E,,10090,116,340,not_assessed,,,X-ray diffraction,1.7,0.697,,,,,candidate,MOUSE_SIFTS_CANDIDATE_LOCAL_REVIEW_PENDING,https://www.ebi.ac.uk/pdbe/api/mappings/best_structures/O70370,0dbe3410bd8ab0b60cef5e29e3a908ed17f8955d6200bfe5981256c9161fe6cf,not_assessed,0.1.0
O70370,PDBe_SIFTS,4bqv,F,,10090,116,340,not_assessed,,,X-ray diffraction,1.7,0.697,,,,,candidate,MOUSE_SIFTS_CANDIDATE_LOCAL_REVIEW_PENDING,https://www.ebi.ac.uk/pdbe/api/mappings/best_structures/O70370,0dbe3410bd8ab0b60cef5e29e3a908ed17f8955d6200bfe5981256c9161fe6cf,not_assessed,0.1.0
O70370,PDBe_SIFTS,4bqv,G,,10090,116,340,not_assessed,,,X-ray diffraction,1.7,0.697,,,,,candidate,MOUSE_SIFTS_CANDIDATE_LOCAL_REVIEW_PENDING,https://www.ebi.ac.uk/pdbe/api/mappings/best_structures/O70370,0dbe3410bd8ab0b60cef5e29e3a908ed17f8955d6200bfe5981256c9161fe6cf,not_assessed,0.1.0
O70370,PDBe_SIFTS,4bqv,H,,10090,116,340,not_assessed,,,X-ray diffraction,1.7,0.697,,,,,candidate,MOUSE_SIFTS_CANDIDATE_LOCAL_REVIEW_PENDING,https://www.ebi.ac.uk/pdbe/api/mappings/best_structures/O70370,0dbe3410bd8ab0b60cef5e29e3a908ed17f8955d6200bfe5981256c9161fe6cf,not_assessed,0.1.0
O70370,PDBe_SIFTS,4bs5,A,,10090,116,340,not_assessed,,,X-ray diffraction,1.25,0.697,,,,,candidate,MOUSE_SIFTS_CANDIDATE_LOCAL_REVIEW_PENDING,https://www.ebi.ac.uk/pdbe/api/mappings/best_structures/O70370,0dbe3410bd8ab0b60cef5e29e3a908ed17f8955d6200bfe5981256c9161fe6cf,not_assessed,0.1.0
O70370,PDBe_SIFTS,4bs6,A,,10090,116,340,not_assessed,,,X-ray diffraction,1.2,0.697,,,,,candidate,MOUSE_SIFTS_CANDIDATE_LOCAL_REVIEW_PENDING,https://www.ebi.ac.uk/pdbe/api/mappings/best_structures/O70370,0dbe3410bd8ab0b60cef5e29e3a908ed17f8955d6200bfe5981256c9161fe6cf,not_assessed,0.1.0
O70370,PDBe_SIFTS,4bs6,B,,10090,116,340,not_assessed,,,X-ray diffraction,1.2,0.697,,,,,candidate,MOUSE_SIFTS_CANDIDATE_LOCAL_REVIEW_PENDING,https://www.ebi.ac.uk/pdbe/api/mappings/best_structures/O70370,0dbe3410bd8ab0b60cef5e29e3a908ed17f8955d6200bfe5981256c9161fe6cf,not_assessed,0.1.0
O70370,PDBe_SIFTS,4bsq,A,,10090,116,340,not_assessed,,,X-ray diffraction,1.96,0.697,,,,,candidate,MOUSE_SIFTS_CANDIDATE_LOCAL_REVIEW_PENDING,https://www.ebi.ac.uk/pdbe/api/mappings/best_structures/O70370,0dbe3410bd8ab0b60cef5e29e3a908ed17f8955d6200bfe5981256c9161fe6cf,not_assessed,0.1.0
O70370,PDBe_SIFTS,4mzo,A,,10090,116,340,not_assessed,,,X-ray diffraction,1.47,0.697,,,,,candidate,MOUSE_SIFTS_CANDIDATE_LOCAL_REVIEW_PENDING,https://www.ebi.ac.uk/pdbe/api/mappings/best_structures/O70370,0dbe3410bd8ab0b60cef5e29e3a908ed17f8955d6200bfe5981256c9161fe6cf,not_assessed,0.1.0
O70370,PDBe_SIFTS,4mzo,B,,10090,116,340,not_assessed,,,X-ray diffraction,1.47,0.697,,,,,candidate,MOUSE_SIFTS_CANDIDATE_LOCAL_REVIEW_PENDING,https://www.ebi.ac.uk/pdbe/api/mappings/best_structures/O70370,0dbe3410bd8ab0b60cef5e29e3a908ed17f8955d6200bfe5981256c9161fe6cf,not_assessed,0.1.0
O70370,PDBe_SIFTS,4mzo,C,,10090,116,340,not_assessed,,,X-ray diffraction,1.47,0.697,,,,,candidate,MOUSE_SIFTS_CANDIDATE_LOCAL_REVIEW_PENDING,https://www.ebi.ac.uk/pdbe/api/mappings/best_structures/O70370,0dbe3410bd8ab0b60cef5e29e3a908ed17f8955d6200bfe5981256c9161fe6cf,not_assessed,0.1.0
O70370,PDBe_SIFTS,4mzo,D,,10090,116,340,not_assessed,,,X-ray diffraction,1.47,0.697,,,,,candidate,MOUSE_SIFTS_CANDIDATE_LOCAL_REVIEW_PENDING,https://www.ebi.ac.uk/pdbe/api/mappings/best_structures/O70370,0dbe3410bd8ab0b60cef5e29e3a908ed17f8955d6200bfe5981256c9161fe6cf,not_assessed,0.1.0
O70370,PDBe_SIFTS,4mzo,E,,10090,116,340,not_assessed,,,X-ray diffraction,1.47,0.697,,,,,candidate,MOUSE_SIFTS_CANDIDATE_LOCAL_REVIEW_PENDING,https://www.ebi.ac.uk/pdbe/api/mappings/best_structures/O70370,0dbe3410bd8ab0b60cef5e29e3a908ed17f8955d6200bfe5981256c9161fe6cf,not_assessed,0.1.0
O70370,PDBe_SIFTS,4mzo,F,,10090,116,340,not_assessed,,,X-ray diffraction,1.47,0.697,,,,,candidate,MOUSE_SIFTS_CANDIDATE_LOCAL_REVIEW_PENDING,https://www.ebi.ac.uk/pdbe/api/mappings/best_structures/O70370,0dbe3410bd8ab0b60cef5e29e3a908ed17f8955d6200bfe5981256c9161fe6cf,not_assessed,0.1.0
O70370,PDBe_SIFTS,4mzo,G,,10090,116,340,not_assessed,,,X-ray diffraction,1.47,0.697,,,,,candidate,MOUSE_SIFTS_CANDIDATE_LOCAL_REVIEW_PENDING,https://www.ebi.ac.uk/pdbe/api/mappings/best_structures/O70370,0dbe3410bd8ab0b60cef5e29e3a908ed17f8955d6200bfe5981256c9161fe6cf,not_assessed,0.1.0
O70370,PDBe_SIFTS,4mzo,H,,10090,116,340,not_assessed,,,X-ray diffraction,1.47,0.697,,,,,candidate,MOUSE_SIFTS_CANDIDATE_LOCAL_REVIEW_PENDING,https://www.ebi.ac.uk/pdbe/api/mappings/best_structures/O70370,0dbe3410bd8ab0b60cef5e29e3a908ed17f8955d6200bfe5981256c9161fe6cf,not_assessed,0.1.0
O70370,PDBe_SIFTS,4mzs,A,,10090,116,340,not_assessed,,,X-ray diffraction,1.85,0.697,,,,,candidate,MOUSE_SIFTS_CANDIDATE_LOCAL_REVIEW_PENDING,https://www.ebi.ac.uk/pdbe/api/mappings/best_structures/O70370,0dbe3410bd8ab0b60cef5e29e3a908ed17f8955d6200bfe5981256c9161fe6cf,not_assessed,0.1.0
O70370,PDBe_SIFTS,4mzs,B,,10090,116,340,not_assessed,,,X-ray diffraction,1.85,0.697,,,,,candidate,MOUSE_SIFTS_CANDIDATE_LOCAL_REVIEW_PENDING,https://www.ebi.ac.uk/pdbe/api/mappings/best_structures/O70370,0dbe3410bd8ab0b60cef5e29e3a908ed17f8955d6200bfe5981256c9161fe6cf,not_assessed,0.1.0
O70422,AlphaFold_DB,AF-O70422-F1,A,6,10090,1,463,exact_full,4a5c0ba5b717f98716dc865eecc3411120bc431eeb4f09705bcd08330e5d6702,5e1edd00b7bdd60591b29560522c0f7e,predicted,,,https://alphafold.ebi.ac.uk/files/AF-O70422-F1-model_v6.cif,https://alphafold.ebi.ac.uk/files/AF-O70422-F1-model_v6.pdb,https://alphafold.ebi.ac.uk/files/AF-O70422-F1-confidence_v6.json,https://alphafold.ebi.ac.uk/files/AF-O70422-F1-predicted_aligned_error_v6.json,candidate,EXACT_FULL_SEQUENCE_LOCAL_QUALITY_PENDING,https://alphafold.ebi.ac.uk/api/prediction/O70422,eeb70505e5ade4d999a73ae76ea3af01f28ffe2a961fb4bd6687a6ba1280645d,not_assessed,0.1.0
O70503,AlphaFold_DB,AF-O70503-2-F1,A,6,10090,1,177,not_assessed,a7df6df910c5bfffead1653bd5ad0a09a2c0417c17b00e2d840e77e4da9b0762,cf5d5262665f2387c850d0f2cafd5e68,predicted,,,https://alphafold.ebi.ac.uk/files/AF-O70503-2-F1-model_v6.cif,https://alphafold.ebi.ac.uk/files/AF-O70503-2-F1-model_v6.pdb,https://alphafold.ebi.ac.uk/files/AF-O70503-2-F1-confidence_v6.json,https://alphafold.ebi.ac.uk/files/AF-O70503-2-F1-predicted_aligned_error_v6.json,held,ALPHAFOLD_ACCESSION_DIFFERS_FROM_CANONICAL,https://alphafold.ebi.ac.uk/api/prediction/O70503,f062a613aeff453e9d328c016e021d97a3cbb7410d2f2fea7e97d2958f26c9e6,not_assessed,0.1.0
O70503,AlphaFold_DB,AF-O70503-F1,A,6,10090,1,312,exact_full,903fdc011a96f70dbb06991a5f2bdbb6720b4236c49b1b85cf5217afedc1cf4d,1f42a193c85f84b3fac76700d99dd2a5,predicted,,,https://alphafold.ebi.ac.uk/files/AF-O70503-F1-model_v6.cif,https://alphafold.ebi.ac.uk/files/AF-O70503-F1-model_v6.pdb,https://alphafold.ebi.ac.uk/files/AF-O70503-F1-confidence_v6.json,https://alphafold.ebi.ac.uk/files/AF-O70503-F1-predicted_aligned_error_v6.json,candidate,EXACT_FULL_SEQUENCE_LOCAL_QUALITY_PENDING,https://alphafold.ebi.ac.uk/api/prediction/O70503,f062a613aeff453e9d328c016e021d97a3cbb7410d2f2fea7e97d2958f26c9e6,not_assessed,0.1.0
O70514,AlphaFold_DB,AF-O70514-F1,A,6,10090,1,251,exact_full,0d3ade62002f3b8e7063a22ce530d055a5df22ce71c287269a6e2568d9d6fd88,0a03b3f6e47d62f02bcc31fefd70a251,predicted,,,https://alphafold.ebi.ac.uk/files/AF-O70514-F1-model_v6.cif,https://alphafold.ebi.ac.uk/files/AF-O70514-F1-model_v6.pdb,https://alphafold.ebi.ac.uk/files/AF-O70514-F1-confidence_v6.json,https://alphafold.ebi.ac.uk/files/AF-O70514-F1-predicted_aligned_error_v6.json,candidate,EXACT_FULL_SEQUENCE_LOCAL_QUALITY_PENDING,https://alphafold.ebi.ac.uk/api/prediction/O70514,a8169a17b11fa91506583ad9fd2f912ba3af6060e6e350e1d5b7cda28c5f3308,not_assessed,0.1.0
O70571,AlphaFold_DB,AF-O70571-F1,A,6,10090,1,412,exact_full,f6ac4224290d7003b5180320e8b4faf80010b5dc65a6abd28213e2f3e0f11e36,b0c17e4da936d718efa405f4575486db,predicted,,,https://alphafold.ebi.ac.uk/files/AF-O70571-F1-model_v6.cif,https://alphafold.ebi.ac.uk/files/AF-O70571-F1-model_v6.pdb,https://alphafold.ebi.ac.uk/files/AF-O70571-F1-confidence_v6.json,https://alphafold.ebi.ac.uk/files/AF-O70571-F1-predicted_aligned_error_v6.json,candidate,EXACT_FULL_SEQUENCE_LOCAL_QUALITY_PENDING,https://alphafold.ebi.ac.uk/api/prediction/O70571,cddaa4dc2ccbc9445a2401c7d8841d25e08cd3de82ddb6f80b065c4cbd55e2bd,not_assessed,0.1.0
O88188,AlphaFold_DB,AF-O88188-F1,A,6,10090,1,162,exact_full,b1777e9766f80378f64cd19a14d4f2c128e5116edc695faf7abd30f8fc6a2e62,65f3db289f203c5b2260e19519fbdab6,predicted,,,https://alphafold.ebi.ac.uk/files/AF-O88188-F1-model_v6.cif,https://alphafold.ebi.ac.uk/files/AF-O88188-F1-model_v6.pdb,https://alphafold.ebi.ac.uk/files/AF-O88188-F1-confidence_v6.json,https://alphafold.ebi.ac.uk/files/AF-O88188-F1-predicted_aligned_error_v6.json,candidate,EXACT_FULL_SEQUENCE_LOCAL_QUALITY_PENDING,https://alphafold.ebi.ac.uk/api/prediction/O88188,95803beb0f00497cc472fec9b358be222b51a759e3b72a32f0e6c2e712ab3c12,not_assessed,0.1.0
O88188,PDBe_SIFTS,3m7o,A,,10090,1,162,not_assessed,,,X-ray diffraction,1.65,1.0,,,,,candidate,MOUSE_SIFTS_CANDIDATE_LOCAL_REVIEW_PENDING,https://www.ebi.ac.uk/pdbe/api/mappings/best_structures/O88188,8df3b973aa39b125e8bc92f2881db8a105ff55d76b2582326035a06c8fcdf461,not_assessed,0.1.0
O88188,PDBe_SIFTS,3m7o,B,,10090,1,162,not_assessed,,,X-ray diffraction,1.65,1.0,,,,,candidate,MOUSE_SIFTS_CANDIDATE_LOCAL_REVIEW_PENDING,https://www.ebi.ac.uk/pdbe/api/mappings/best_structures/O88188,8df3b973aa39b125e8bc92f2881db8a105ff55d76b2582326035a06c8fcdf461,not_assessed,0.1.0
O88188,PDBe_SIFTS,3m7o,C,,10090,1,162,not_assessed,,,X-ray diffraction,1.65,1.0,,,,,candidate,MOUSE_SIFTS_CANDIDATE_LOCAL_REVIEW_PENDING,https://www.ebi.ac.uk/pdbe/api/mappings/best_structures/O88188,8df3b973aa39b125e8bc92f2881db8a105ff55d76b2582326035a06c8fcdf461,not_assessed,0.1.0
O88188,PDBe_SIFTS,3m7o,D,,10090,1,162,not_assessed,,,X-ray diffraction,1.65,1.0,,,,,candidate,MOUSE_SIFTS_CANDIDATE_LOCAL_REVIEW_PENDING,https://www.ebi.ac.uk/pdbe/api/mappings/best_structures/O88188,8df3b973aa39b125e8bc92f2881db8a105ff55d76b2582326035a06c8fcdf461,not_assessed,0.1.0
O88188,PDBe_SIFTS,3t6q,C,,10090,20,162,not_assessed,,,X-ray diffraction,1.9,1.0,,,,,candidate,MOUSE_SIFTS_CANDIDATE_LOCAL_REVIEW_PENDING,https://www.ebi.ac.uk/pdbe/api/mappings/best_structures/O88188,8df3b973aa39b125e8bc92f2881db8a105ff55d76b2582326035a06c8fcdf461,not_assessed,0.1.0
O88188,PDBe_SIFTS,3t6q,D,,10090,20,162,not_assessed,,,X-ray diffraction,1.9,1.0,,,,,candidate,MOUSE_SIFTS_CANDIDATE_LOCAL_REVIEW_PENDING,https://www.ebi.ac.uk/pdbe/api/mappings/best_structures/O88188,8df3b973aa39b125e8bc92f2881db8a105ff55d76b2582326035a06c8fcdf461,not_assessed,0.1.0
O88428,AlphaFold_DB,AF-O88428-F1,A,6,10090,1,621,exact_full,b08ae1f13fa2b632cbb0dbe754bc495a74b2d8e8a20cd68d1ecdd7d9f17cb85a,ad2a3d40461227cc6fc6856216789abb,predicted,,,https://alphafold.ebi.ac.uk/files/AF-O88428-F1-model_v6.cif,https://alphafold.ebi.ac.uk/files/AF-O88428-F1-model_v6.pdb,https://alphafold.ebi.ac.uk/files/AF-O88428-F1-confidence_v6.json,https://alphafold.ebi.ac.uk/files/AF-O88428-F1-predicted_aligned_error_v6.json,candidate,EXACT_FULL_SEQUENCE_LOCAL_QUALITY_PENDING,https://alphafold.ebi.ac.uk/api/prediction/O88428,ff84fd8920b86b172f3dc280901a99d68df2a111a6b7886518b9502333188625,not_assessed,0.1.0
O88492,AlphaFold_DB,AF-O88492-2-F1,A,6,10090,1,1002,not_assessed,4d930cdddb77f9940ec84cb59bedc591c63f5d2c92703d5e968b77fbd76c3d70,4641d04642530b108e83c0fc3c46dabc,predicted,,,https://alphafold.ebi.ac.uk/files/AF-O88492-2-F1-model_v6.cif,https://alphafold.ebi.ac.uk/files/AF-O88492-2-F1-model_v6.pdb,https://alphafold.ebi.ac.uk/files/AF-O88492-2-F1-confidence_v6.json,https://alphafold.ebi.ac.uk/files/AF-O88492-2-F1-predicted_aligned_error_v6.json,held,ALPHAFOLD_ACCESSION_DIFFERS_FROM_CANONICAL,https://alphafold.ebi.ac.uk/api/prediction/O88492,920e284b2a69976dd76c2c4db1f1ffd541292d954ede88e85e00670ccf3ea01b,not_assessed,0.1.0
O88492,AlphaFold_DB,AF-O88492-F1,A,6,10090,1,1403,exact_full,f8b3b81cbce1808eb3a34327bd56700ae3a4df11f9c866ec821a57affc903052,97252aa6467b52078b63e72a49dcb5ac,predicted,,,https://alphafold.ebi.ac.uk/files/AF-O88492-F1-model_v6.cif,https://alphafold.ebi.ac.uk/files/AF-O88492-F1-model_v6.pdb,https://alphafold.ebi.ac.uk/files/AF-O88492-F1-confidence_v6.json,https://alphafold.ebi.ac.uk/files/AF-O88492-F1-predicted_aligned_error_v6.json,candidate,EXACT_FULL_SEQUENCE_LOCAL_QUALITY_PENDING,https://alphafold.ebi.ac.uk/api/prediction/O88492,920e284b2a69976dd76c2c4db1f1ffd541292d954ede88e85e00670ccf3ea01b,not_assessed,0.1.0
O88507,AlphaFold_DB,AF-O88507-F1,A,6,10090,1,372,exact_full,1281e91a2231ddce29a89434d5dd03c9d3051d82e51355a335e96ef37713f48a,062bce2dde72e6f0ea312cd108166b24,predicted,,,https://alphafold.ebi.ac.uk/files/AF-O88507-F1-model_v6.cif,https://alphafold.ebi.ac.uk/files/AF-O88507-F1-model_v6.pdb,https://alphafold.ebi.ac.uk/files/AF-O88507-F1-confidence_v6.json,https://alphafold.ebi.ac.uk/files/AF-O88507-F1-predicted_aligned_error_v6.json,candidate,EXACT_FULL_SEQUENCE_LOCAL_QUALITY_PENDING,https://alphafold.ebi.ac.uk/api/prediction/O88507,d8cad4f30e3f953318e02f3143db2ac0fb469bca4fefb77f7b6772623ccfd7c4,not_assessed,0.1.0
O88551,AlphaFold_DB,AF-O88551-F1,A,6,10090,1,211,exact_full,2e984010e6493b1c3c2a05a8de01eabdb06fc4bd885ea7dd6be6967d32e5a5fd,5b9cfcd7ac7a5d544138ab0e8e676e8a,predicted,,,https://alphafold.ebi.ac.uk/files/AF-O88551-F1-model_v6.cif,https://alphafold.ebi.ac.uk/files/AF-O88551-F1-model_v6.pdb,https://alphafold.ebi.ac.uk/files/AF-O88551-F1-confidence_v6.json,https://alphafold.ebi.ac.uk/files/AF-O88551-F1-predicted_aligned_error_v6.json,candidate,EXACT_FULL_SEQUENCE_LOCAL_QUALITY_PENDING,https://alphafold.ebi.ac.uk/api/prediction/O88551,5bfbe5a3dfe61a44b3a786a30c20f78a58b2b093a61417909f5b9e23b5eed8e7,not_assessed,0.1.0
O88593,AlphaFold_DB,AF-O88593-F1,A,6,10090,1,182,exact_full,7439b2a131c41a00f2622ea6010d953f760e0409096e447a2fb77db9a594eeb9,540ba6c0a11305efe8a68a2f74cf5cd1,predicted,,,https://alphafold.ebi.ac.uk/files/AF-O88593-F1-model_v6.cif,https://alphafold.ebi.ac.uk/files/AF-O88593-F1-model_v6.pdb,https://alphafold.ebi.ac.uk/files/AF-O88593-F1-confidence_v6.json,https://alphafold.ebi.ac.uk/files/AF-O88593-F1-predicted_aligned_error_v6.json,candidate,EXACT_FULL_SEQUENCE_LOCAL_QUALITY_PENDING,https://alphafold.ebi.ac.uk/api/prediction/O88593,d8913366dd5e5ad8c4afa7f01adb8fae146054a73eb21d195fa3d8dcc3b21cbc,not_assessed,0.1.0
O88736,AlphaFold_DB,AF-O88736-F1,A,6,10090,1,334,exact_full,a907b38b2bfcd651eed6d5306e3c7dcd79509fa2d47d361dd0abbd280f2932f2,5ceda6eb5016596a651bfeb6b5b26fa5,predicted,,,https://alphafold.ebi.ac.uk/files/AF-O88736-F1-model_v6.cif,https://alphafold.ebi.ac.uk/files/AF-O88736-F1-model_v6.pdb,https://alphafold.ebi.ac.uk/files/AF-O88736-F1-confidence_v6.json,https://alphafold.ebi.ac.uk/files/AF-O88736-F1-predicted_aligned_error_v6.json,candidate,EXACT_FULL_SEQUENCE_LOCAL_QUALITY_PENDING,https://alphafold.ebi.ac.uk/api/prediction/O88736,da495c841b50f405367b0f15b5b98da3228b59a24d9bb84b77ad0d7a8cb854a5,not_assessed,0.1.0
O88745,AlphaFold_DB,AF-O88745-F1,A,6,10090,1,98,exact_full,a8eaf1bab2f3e2946702d70e279a7d80e917e191e22f703a2a3dddbb22be261d,b3f03a4b6dcb1946fc54e6b5f593fbc5,predicted,,,https://alphafold.ebi.ac.uk/files/AF-O88745-F1-model_v6.cif,https://alphafold.ebi.ac.uk/files/AF-O88745-F1-model_v6.pdb,https://alphafold.ebi.ac.uk/files/AF-O88745-F1-confidence_v6.json,https://alphafold.ebi.ac.uk/files/AF-O88745-F1-predicted_aligned_error_v6.json,candidate,EXACT_FULL_SEQUENCE_LOCAL_QUALITY_PENDING,https://alphafold.ebi.ac.uk/api/prediction/O88745,e92abd6ec3cd3364d7844353fe8a7a18a6218d9ba650db83cd272693f5ef3151,not_assessed,0.1.0
O88822,AlphaFold_DB,AF-O88822-F1,A,6,10090,1,299,exact_full,154f66f67f9e7bca1fa9b14fc481b6fcf6e9812f64aced5105240ecb969d09e6,dacdfa7bab6973e58bf9958ffbf76b0c,predicted,,,https://alphafold.ebi.ac.uk/files/AF-O88822-F1-model_v6.cif,https://alphafold.ebi.ac.uk/files/AF-O88822-F1-model_v6.pdb,https://alphafold.ebi.ac.uk/files/AF-O88822-F1-confidence_v6.json,https://alphafold.ebi.ac.uk/files/AF-O88822-F1-predicted_aligned_error_v6.json,candidate,EXACT_FULL_SEQUENCE_LOCAL_QUALITY_PENDING,https://alphafold.ebi.ac.uk/api/prediction/O88822,4cbee20a725ce9881dc604813428bb33f2d61695dbb5a19632fd1b3fa079477a,not_assessed,0.1.0
O88844,AlphaFold_DB,AF-O88844-F1,A,6,10090,1,414,exact_full,3f966ceddeed50d91cf675ec19ce5884179ce8e0ecf121f5ce433efc97029d16,ec1f18edc8e6b07f3b3bb1f8e691d675,predicted,,,https://alphafold.ebi.ac.uk/files/AF-O88844-F1-model_v6.cif,https://alphafold.ebi.ac.uk/files/AF-O88844-F1-model_v6.pdb,https://alphafold.ebi.ac.uk/files/AF-O88844-F1-confidence_v6.json,https://alphafold.ebi.ac.uk/files/AF-O88844-F1-predicted_aligned_error_v6.json,candidate,EXACT_FULL_SEQUENCE_LOCAL_QUALITY_PENDING,https://alphafold.ebi.ac.uk/api/prediction/O88844,eb58a11d187ef566f1d983104a8c19d6f3d90575394eea00f7556d0159d45dfa,not_assessed,0.1.0
O88844,PDBe_SIFTS,5yzh,A,,10090,1,414,not_assessed,,,X-ray diffraction,1.994,1.0,,,,,candidate,MOUSE_SIFTS_CANDIDATE_LOCAL_REVIEW_PENDING,https://www.ebi.ac.uk/pdbe/api/mappings/best_structures/O88844,b2e802966b18bc2da311a15040c28e02dbad46c7e5972f5250778af852cb50a3,not_assessed,0.1.0
O88844,PDBe_SIFTS,5yzh,B,,10090,1,414,not_assessed,,,X-ray diffraction,1.994,1.0,,,,,candidate,MOUSE_SIFTS_CANDIDATE_LOCAL_REVIEW_PENDING,https://www.ebi.ac.uk/pdbe/api/mappings/best_structures/O88844,b2e802966b18bc2da311a15040c28e02dbad46c7e5972f5250778af852cb50a3,not_assessed,0.1.0
O88844,PDBe_SIFTS,5yzi,A,,10090,1,414,not_assessed,,,X-ray diffraction,2.519,1.0,,,,,candidate,MOUSE_SIFTS_CANDIDATE_LOCAL_REVIEW_PENDING,https://www.ebi.ac.uk/pdbe/api/mappings/best_structures/O88844,b2e802966b18bc2da311a15040c28e02dbad46c7e5972f5250778af852cb50a3,not_assessed,0.1.0
O88844,PDBe_SIFTS,5yzi,B,,10090,1,414,not_assessed,,,X-ray diffraction,2.519,1.0,,,,,candidate,MOUSE_SIFTS_CANDIDATE_LOCAL_REVIEW_PENDING,https://www.ebi.ac.uk/pdbe/api/mappings/best_structures/O88844,b2e802966b18bc2da311a15040c28e02dbad46c7e5972f5250778af852cb50a3,not_assessed,0.1.0
O88844,PDBe_SIFTS,8kib,A,,10090,1,414,not_assessed,,,X-ray diffraction,1.7,1.0,,,,,candidate,MOUSE_SIFTS_CANDIDATE_LOCAL_REVIEW_PENDING,https://www.ebi.ac.uk/pdbe/api/mappings/best_structures/O88844,b2e802966b18bc2da311a15040c28e02dbad46c7e5972f5250778af852cb50a3,not_assessed,0.1.0
O88844,PDBe_SIFTS,8kib,B,,10090,1,414,not_assessed,,,X-ray diffraction,1.7,1.0,,,,,candidate,MOUSE_SIFTS_CANDIDATE_LOCAL_REVIEW_PENDING,https://www.ebi.ac.uk/pdbe/api/mappings/best_structures/O88844,b2e802966b18bc2da311a15040c28e02dbad46c7e5972f5250778af852cb50a3,not_assessed,0.1.0
O88844,PDBe_SIFTS,8kib,C,,10090,1,414,not_assessed,,,X-ray diffraction,1.7,1.0,,,,,candidate,MOUSE_SIFTS_CANDIDATE_LOCAL_REVIEW_PENDING,https://www.ebi.ac.uk/pdbe/api/mappings/best_structures/O88844,b2e802966b18bc2da311a15040c28e02dbad46c7e5972f5250778af852cb50a3,not_assessed,0.1.0
O88844,PDBe_SIFTS,8kib,D,,10090,1,414,not_assessed,,,X-ray diffraction,1.7,1.0,,,,,candidate,MOUSE_SIFTS_CANDIDATE_LOCAL_REVIEW_PENDING,https://www.ebi.ac.uk/pdbe/api/mappings/best_structures/O88844,b2e802966b18bc2da311a15040c28e02dbad46c7e5972f5250778af852cb50a3,not_assessed,0.1.0
O88844,PDBe_SIFTS,8w49,A,,10090,1,414,not_assessed,,,X-ray diffraction,1.77,1.0,,,,,candidate,MOUSE_SIFTS_CANDIDATE_LOCAL_REVIEW_PENDING,https://www.ebi.ac.uk/pdbe/api/mappings/best_structures/O88844,b2e802966b18bc2da311a15040c28e02dbad46c7e5972f5250778af852cb50a3,not_assessed,0.1.0
O88844,PDBe_SIFTS,8w49,B,,10090,1,414,not_assessed,,,X-ray diffraction,1.77,1.0,,,,,candidate,MOUSE_SIFTS_CANDIDATE_LOCAL_REVIEW_PENDING,https://www.ebi.ac.uk/pdbe/api/mappings/best_structures/O88844,b2e802966b18bc2da311a15040c28e02dbad46c7e5972f5250778af852cb50a3,not_assessed,0.1.0
O88844,PDBe_SIFTS,8w49,C,,10090,1,414,not_assessed,,,X-ray diffraction,1.77,1.0,,,,,candidate,MOUSE_SIFTS_CANDIDATE_LOCAL_REVIEW_PENDING,https://www.ebi.ac.uk/pdbe/api/mappings/best_structures/O88844,b2e802966b18bc2da311a15040c28e02dbad46c7e5972f5250778af852cb50a3,not_assessed,0.1.0
O88844,PDBe_SIFTS,8w49,D,,10090,1,414,not_assessed,,,X-ray diffraction,1.77,1.0,,,,,candidate,MOUSE_SIFTS_CANDIDATE_LOCAL_REVIEW_PENDING,https://www.ebi.ac.uk/pdbe/api/mappings/best_structures/O88844,b2e802966b18bc2da311a15040c28e02dbad46c7e5972f5250778af852cb50a3,not_assessed,0.1.0
O89091,AlphaFold_DB,AF-O89091-F1,A,6,10090,1,479,exact_full,50cf2aae2bd5678c5a865ec9e7a0a5b833d4bdf3f5370382daf94ecd6f0bc91b,0e741052f5007514d28e29475a7210a4,predicted,,,https://alphafold.ebi.ac.uk/files/AF-O89091-F1-model_v6.cif,https://alphafold.ebi.ac.uk/files/AF-O89091-F1-model_v6.pdb,https://alphafold.ebi.ac.uk/files/AF-O89091-F1-confidence_v6.json,https://alphafold.ebi.ac.uk/files/AF-O89091-F1-predicted_aligned_error_v6.json,candidate,EXACT_FULL_SEQUENCE_LOCAL_QUALITY_PENDING,https://alphafold.ebi.ac.uk/api/prediction/O89091,e1760be1b56d1b3a2d9b5c3a66601f87b5959c4005f6a912cde171f851378e18,not_assessed,0.1.0
P00329,AlphaFold_DB,AF-P00329-F1,A,6,10090,1,375,exact_full,7cbc4e4220f64af722855a777ab1eac3f7f6f4e2610862983e10ec5430cc29ab,f092db069103578c700d581fa0f837d6,predicted,,,https://alphafold.ebi.ac.uk/files/AF-P00329-F1-model_v6.cif,https://alphafold.ebi.ac.uk/files/AF-P00329-F1-model_v6.pdb,https://alphafold.ebi.ac.uk/files/AF-P00329-F1-confidence_v6.json,https://alphafold.ebi.ac.uk/files/AF-P00329-F1-predicted_aligned_error_v6.json,candidate,EXACT_FULL_SEQUENCE_LOCAL_QUALITY_PENDING,https://alphafold.ebi.ac.uk/api/prediction/P00329,a57a2ecccd8a379ed4c2414104fb4cce829cbdcff23a05bf502ba3633ee07370,not_assessed,0.1.0
P00687,AlphaFold_DB,AF-P00687-F1,A,6,10090,1,511,exact_full,4560c8fbe99634a68618bb512f4765c3f72644e34809ee3d68c9d07f34836797,af97e528f359e9b713bd713d432d2a74,predicted,,,https://alphafold.ebi.ac.uk/files/AF-P00687-F1-model_v6.cif,https://alphafold.ebi.ac.uk/files/AF-P00687-F1-model_v6.pdb,https://alphafold.ebi.ac.uk/files/AF-P00687-F1-confidence_v6.json,https://alphafold.ebi.ac.uk/files/AF-P00687-F1-predicted_aligned_error_v6.json,candidate,EXACT_FULL_SEQUENCE_LOCAL_QUALITY_PENDING,https://alphafold.ebi.ac.uk/api/prediction/P00687,af0739c28ec7a3c36a51654e886728e848824ed9bc9a958a4fa6225d6d5bea64,not_assessed,0.1.0
P01101,AlphaFold_DB,AF-0000000005750746,A,1,1280,1,380,not_assessed,eaec11a0cd08b39f1725c3774470598cea2b84a6216cabb5f084c0ea3c5ee663,00e3330dd5fcffcc052b175b9691294a,predicted,,,https://alphafold.ebi.ac.uk/files/AF-0000000005750746-model_v1.cif,https://alphafold.ebi.ac.uk/files/AF-0000000005750746-model_v1.pdb,https://alphafold.ebi.ac.uk/files/AF-0000000005750746-confidence_v1.json,https://alphafold.ebi.ac.uk/files/AF-0000000005750746-predicted_aligned_error_v1.json,held,ALPHAFOLD_MOUSE_TAXONOMY_NOT_CONFIRMED,https://alphafold.ebi.ac.uk/api/prediction/P01101,2bd5c89e5394fd295e0b2106bd8afc1f8fba465d769410dcd82592e69734910a,not_assessed,0.1.0
P01101,AlphaFold_DB,AF-P01101-F1,A,6,10090,1,380,exact_full,eaec11a0cd08b39f1725c3774470598cea2b84a6216cabb5f084c0ea3c5ee663,00e3330dd5fcffcc052b175b9691294a,predicted,,,https://alphafold.ebi.ac.uk/files/AF-P01101-F1-model_v6.cif,https://alphafold.ebi.ac.uk/files/AF-P01101-F1-model_v6.pdb,https://alphafold.ebi.ac.uk/files/AF-P01101-F1-confidence_v6.json,https://alphafold.ebi.ac.uk/files/AF-P01101-F1-predicted_aligned_error_v6.json,candidate,EXACT_FULL_SEQUENCE_LOCAL_QUALITY_PENDING,https://alphafold.ebi.ac.uk/api/prediction/P01101,2bd5c89e5394fd295e0b2106bd8afc1f8fba465d769410dcd82592e69734910a,not_assessed,0.1.0
P01101,PDBe_SIFTS,2wt7,A,,10090,138,200,not_assessed,,,X-ray diffraction,2.3,0.166,,,,,candidate,MOUSE_SIFTS_CANDIDATE_LOCAL_REVIEW_PENDING,https://www.ebi.ac.uk/pdbe/api/mappings/best_structures/P01101,ae919934ebba9122faff512ac27252f388886bcbeda39581cca30f5fb7e2db87,not_assessed,0.1.0
P02798,AlphaFold_DB,AF-P02798-F1,A,6,10090,1,61,exact_full,c8f212b9811797b4a0bdc4330c63d7fe1e47fd2d55302520c95a725d8b1f2b3c,d88f6dac9adf1c957b96197d9d1ec3c9,predicted,,,https://alphafold.ebi.ac.uk/files/AF-P02798-F1-model_v6.cif,https://alphafold.ebi.ac.uk/files/AF-P02798-F1-model_v6.pdb,https://alphafold.ebi.ac.uk/files/AF-P02798-F1-confidence_v6.json,https://alphafold.ebi.ac.uk/files/AF-P02798-F1-predicted_aligned_error_v6.json,candidate,EXACT_FULL_SEQUENCE_LOCAL_QUALITY_PENDING,https://alphafold.ebi.ac.uk/api/prediction/P02798,99ed3e6d870cb85dec1ee9b1654fbd9424e4e6eac84a55bb3e8d58976994b86e,not_assessed,0.1.0
P04441,AlphaFold_DB,AF-P04441-2-F1,A,6,10090,1,215,not_assessed,19c00b1fa712473fc3bb7777fe230ae7157abdd419861111dcc7cd7567e46bba,044e1cc8fe67db932fdd21126f09bd42,predicted,,,https://alphafold.ebi.ac.uk/files/AF-P04441-2-F1-model_v6.cif,https://alphafold.ebi.ac.uk/files/AF-P04441-2-F1-model_v6.pdb,https://alphafold.ebi.ac.uk/files/AF-P04441-2-F1-confidence_v6.json,https://alphafold.ebi.ac.uk/files/AF-P04441-2-F1-predicted_aligned_error_v6.json,held,ALPHAFOLD_ACCESSION_DIFFERS_FROM_CANONICAL,https://alphafold.ebi.ac.uk/api/prediction/P04441,52bd8ade50bef9cd0e574d66b40e1bb1c4d4ac6404c0db0b204b26e984df96ce,not_assessed,0.1.0
P04441,AlphaFold_DB,AF-P04441-F1,A,6,10090,1,279,exact_full,20169cf2c9b6fa5d18e5fa6b29350a5bf9bc26dc046b2332d51a307fdc90ece9,4f6ecd317de4312fd4f7e9450f7270c1,predicted,,,https://alphafold.ebi.ac.uk/files/AF-P04441-F1-model_v6.cif,https://alphafold.ebi.ac.uk/files/AF-P04441-F1-model_v6.pdb,https://alphafold.ebi.ac.uk/files/AF-P04441-F1-confidence_v6.json,https://alphafold.ebi.ac.uk/files/AF-P04441-F1-predicted_aligned_error_v6.json,candidate,EXACT_FULL_SEQUENCE_LOCAL_QUALITY_PENDING,https://alphafold.ebi.ac.uk/api/prediction/P04441,52bd8ade50bef9cd0e574d66b40e1bb1c4d4ac6404c0db0b204b26e984df96ce,not_assessed,0.1.0
P05063,AlphaFold_DB,AF-0000000012546974,A,1,866789,1,363,not_assessed,a4a8ff262eeaa9aba4e1e21bc5f22e3a1d49a5ac8e179d34254a338f757ec750,b56bfcb70607ada3dbcfdc084aa3c672,predicted,,,https://alphafold.ebi.ac.uk/files/AF-0000000012546974-model_v1.cif,https://alphafold.ebi.ac.uk/files/AF-0000000012546974-model_v1.pdb,https://alphafold.ebi.ac.uk/files/AF-0000000012546974-confidence_v1.json,https://alphafold.ebi.ac.uk/files/AF-0000000012546974-predicted_aligned_error_v1.json,held,ALPHAFOLD_MOUSE_TAXONOMY_NOT_CONFIRMED,https://alphafold.ebi.ac.uk/api/prediction/P05063,778a4944a1022a49c57310901b4e28aef14ff270a35bdadaef5595ccbc081627,not_assessed,0.1.0
P05063,AlphaFold_DB,AF-P05063-F1,A,6,10090,1,363,exact_full,a4a8ff262eeaa9aba4e1e21bc5f22e3a1d49a5ac8e179d34254a338f757ec750,b56bfcb70607ada3dbcfdc084aa3c672,predicted,,,https://alphafold.ebi.ac.uk/files/AF-P05063-F1-model_v6.cif,https://alphafold.ebi.ac.uk/files/AF-P05063-F1-model_v6.pdb,https://alphafold.ebi.ac.uk/files/AF-P05063-F1-confidence_v6.json,https://alphafold.ebi.ac.uk/files/AF-P05063-F1-predicted_aligned_error_v6.json,candidate,EXACT_FULL_SEQUENCE_LOCAL_QUALITY_PENDING,https://alphafold.ebi.ac.uk/api/prediction/P05063,778a4944a1022a49c57310901b4e28aef14ff270a35bdadaef5595ccbc081627,not_assessed,0.1.0
P05532,AlphaFold_DB,AF-P05532-2-F1,A,6,10090,1,975,not_assessed,f60d46b34b4c4377f6e244b7ad51f4913973757022f6d7975ae5d960b4699e0b,84db70bc9051e6af77fa16f2ba517fe1,predicted,,,https://alphafold.ebi.ac.uk/files/AF-P05532-2-F1-model_v6.cif,https://alphafold.ebi.ac.uk/files/AF-P05532-2-F1-model_v6.pdb,https://alphafold.ebi.ac.uk/files/AF-P05532-2-F1-confidence_v6.json,https://alphafold.ebi.ac.uk/files/AF-P05532-2-F1-predicted_aligned_error_v6.json,held,ALPHAFOLD_ACCESSION_DIFFERS_FROM_CANONICAL,https://alphafold.ebi.ac.uk/api/prediction/P05532,94761a3ee6e9af6f4bef06fea22779c06b1a591c3e2951c54173ae490126ef4c,not_assessed,0.1.0
P05532,AlphaFold_DB,AF-P05532-3-F1,A,6,10090,1,202,not_assessed,9c0c6b951160f82432d9ff5c6ea0bdbbee4011a98eda2bc0d3287badf8507af2,a480748508be9244808aae36e85d5327,predicted,,,https://alphafold.ebi.ac.uk/files/AF-P05532-3-F1-model_v6.cif,https://alphafold.ebi.ac.uk/files/AF-P05532-3-F1-model_v6.pdb,https://alphafold.ebi.ac.uk/files/AF-P05532-3-F1-confidence_v6.json,https://alphafold.ebi.ac.uk/files/AF-P05532-3-F1-predicted_aligned_error_v6.json,held,ALPHAFOLD_ACCESSION_DIFFERS_FROM_CANONICAL,https://alphafold.ebi.ac.uk/api/prediction/P05532,94761a3ee6e9af6f4bef06fea22779c06b1a591c3e2951c54173ae490126ef4c,not_assessed,0.1.0
P05532,AlphaFold_DB,AF-P05532-F1,A,6,10090,1,979,exact_full,ee225ae2672f518c0c72f002df49ab5359317763112e773d5fdbf4e547b3da0c,f258544343197ee87e0841391434250a,predicted,,,https://alphafold.ebi.ac.uk/files/AF-P05532-F1-model_v6.cif,https://alphafold.ebi.ac.uk/files/AF-P05532-F1-model_v6.pdb,https://alphafold.ebi.ac.uk/files/AF-P05532-F1-confidence_v6.json,https://alphafold.ebi.ac.uk/files/AF-P05532-F1-predicted_aligned_error_v6.json,candidate,EXACT_FULL_SEQUENCE_LOCAL_QUALITY_PENDING,https://alphafold.ebi.ac.uk/api/prediction/P05532,94761a3ee6e9af6f4bef06fea22779c06b1a591c3e2951c54173ae490126ef4c,not_assessed,0.1.0
P05532,PDBe_SIFTS,2o26,U,,10090,25,314,not_assessed,,,X-ray diffraction,2.5,0.304,,,,,candidate,MOUSE_SIFTS_CANDIDATE_LOCAL_REVIEW_PENDING,https://www.ebi.ac.uk/pdbe/api/mappings/best_structures/P05532,8a97d06b066afe18357a0097e22ae6f40fd3c3f4da5295f8b05b9c4aa739352a,not_assessed,0.1.0
P05532,PDBe_SIFTS,2o26,W,,10090,25,314,not_assessed,,,X-ray diffraction,2.5,0.304,,,,,candidate,MOUSE_SIFTS_CANDIDATE_LOCAL_REVIEW_PENDING,https://www.ebi.ac.uk/pdbe/api/mappings/best_structures/P05532,8a97d06b066afe18357a0097e22ae6f40fd3c3f4da5295f8b05b9c4aa739352a,not_assessed,0.1.0
P05532,PDBe_SIFTS,2o26,X,,10090,25,314,not_assessed,,,X-ray diffraction,2.5,0.304,,,,,candidate,MOUSE_SIFTS_CANDIDATE_LOCAL_REVIEW_PENDING,https://www.ebi.ac.uk/pdbe/api/mappings/best_structures/P05532,8a97d06b066afe18357a0097e22ae6f40fd3c3f4da5295f8b05b9c4aa739352a,not_assessed,0.1.0
P05532,PDBe_SIFTS,2o26,Y,,10090,25,314,not_assessed,,,X-ray diffraction,2.5,0.304,,,,,candidate,MOUSE_SIFTS_CANDIDATE_LOCAL_REVIEW_PENDING,https://www.ebi.ac.uk/pdbe/api/mappings/best_structures/P05532,8a97d06b066afe18357a0097e22ae6f40fd3c3f4da5295f8b05b9c4aa739352a,not_assessed,0.1.0
P06801,AlphaFold_DB,AF-P06801-F1,A,6,10090,1,572,exact_full,0585726e8b1d2ca7f69076df8590df1fa5d26960f8cb8f51564c9a5a97c2aa63,f4a6bd14c4e58007a8c9ca7371c6a5cf,predicted,,,https://alphafold.ebi.ac.uk/files/AF-P06801-F1-model_v6.cif,https://alphafold.ebi.ac.uk/files/AF-P06801-F1-model_v6.pdb,https://alphafold.ebi.ac.uk/files/AF-P06801-F1-confidence_v6.json,https://alphafold.ebi.ac.uk/files/AF-P06801-F1-predicted_aligned_error_v6.json,candidate,EXACT_FULL_SEQUENCE_LOCAL_QUALITY_PENDING,https://alphafold.ebi.ac.uk/api/prediction/P06801,6bd9d49badfa4d0a770f0c3c4ce769f3007a71019bd1bd6d45b5e4d78e8bfa0d,not_assessed,0.1.0
P06909,AlphaFold_DB,AF-P06909-F1,A,6,10090,1,1234,exact_full,9eef60b7ef953dde2e3c85e9cac86665c304707e568651e6015eb7f670c3efa5,0652a47decc23d6f9dfde76461b245c7,predicted,,,https://alphafold.ebi.ac.uk/files/AF-P06909-F1-model_v6.cif,https://alphafold.ebi.ac.uk/files/AF-P06909-F1-model_v6.pdb,https://alphafold.ebi.ac.uk/files/AF-P06909-F1-confidence_v6.json,https://alphafold.ebi.ac.uk/files/AF-P06909-F1-predicted_aligned_error_v6.json,candidate,EXACT_FULL_SEQUENCE_LOCAL_QUALITY_PENDING,https://alphafold.ebi.ac.uk/api/prediction/P06909,3ee216c50d163288e2514d3b29a301415de44853be0b76859c138da4c910d029,not_assessed,0.1.0
P06909,PDBe_SIFTS,2yby,A,,10090,321,444,not_assessed,,,X-ray diffraction,1.58,0.102,,,,,candidate,MOUSE_SIFTS_CANDIDATE_LOCAL_REVIEW_PENDING,https://www.ebi.ac.uk/pdbe/api/mappings/best_structures/P06909,e3473264a65024589d69b31597787109ea4d70c348879bacb8624b68a963c18d,not_assessed,0.1.0
P07901,AlphaFold_DB,AF-P07901-F1,A,6,10090,1,733,exact_full,f1d1bb3c69b772cd305fde59a0e78a22ce8854677d31239456167d11fd19dd0f,3dfdfdbe3590a3c27b684de37560622e,predicted,,,https://alphafold.ebi.ac.uk/files/AF-P07901-F1-model_v6.cif,https://alphafold.ebi.ac.uk/files/AF-P07901-F1-model_v6.pdb,https://alphafold.ebi.ac.uk/files/AF-P07901-F1-confidence_v6.json,https://alphafold.ebi.ac.uk/files/AF-P07901-F1-predicted_aligned_error_v6.json,candidate,EXACT_FULL_SEQUENCE_LOCAL_QUALITY_PENDING,https://alphafold.ebi.ac.uk/api/prediction/P07901,134fb42ca1171288fc0d2d35e02cacaf6fd8fa8c8ca2feede50e09069fccb77f,not_assessed,0.1.0
P07901,PDBe_SIFTS,5h22,A,,10090,10,224,not_assessed,,,X-ray diffraction,1.499,0.293,,,,,candidate,MOUSE_SIFTS_CANDIDATE_LOCAL_REVIEW_PENDING,https://www.ebi.ac.uk/pdbe/api/mappings/best_structures/P07901,9816dae05f2547151633d23fb559504775d55cc70aec930603d544a11ccfc156,not_assessed,0.1.0
P07901,PDBe_SIFTS,7d1v,A,,10090,16,224,not_assessed,,,X-ray diffraction,1.332,0.285,,,,,candidate,MOUSE_SIFTS_CANDIDATE_LOCAL_REVIEW_PENDING,https://www.ebi.ac.uk/pdbe/api/mappings/best_structures/P07901,9816dae05f2547151633d23fb559504775d55cc70aec930603d544a11ccfc156,not_assessed,0.1.0
P07901,PDBe_SIFTS,7d22,A,,10090,16,224,not_assessed,,,X-ray diffraction,1.6,0.285,,,,,candidate,MOUSE_SIFTS_CANDIDATE_LOCAL_REVIEW_PENDING,https://www.ebi.ac.uk/pdbe/api/mappings/best_structures/P07901,9816dae05f2547151633d23fb559504775d55cc70aec930603d544a11ccfc156,not_assessed,0.1.0
P07901,PDBe_SIFTS,7d24,A,,10090,16,224,not_assessed,,,X-ray diffraction,1.55,0.285,,,,,candidate,MOUSE_SIFTS_CANDIDATE_LOCAL_REVIEW_PENDING,https://www.ebi.ac.uk/pdbe/api/mappings/best_structures/P07901,9816dae05f2547151633d23fb559504775d55cc70aec930603d544a11ccfc156,not_assessed,0.1.0
P07901,PDBe_SIFTS,7d25,A,,10090,16,224,not_assessed,,,X-ray diffraction,1.65,0.285,,,,,candidate,MOUSE_SIFTS_CANDIDATE_LOCAL_REVIEW_PENDING,https://www.ebi.ac.uk/pdbe/api/mappings/best_structures/P07901,9816dae05f2547151633d23fb559504775d55cc70aec930603d544a11ccfc156,not_assessed,0.1.0
P07901,PDBe_SIFTS,7d26,A,,10090,16,224,not_assessed,,,X-ray diffraction,1.75,0.285,,,,,candidate,MOUSE_SIFTS_CANDIDATE_LOCAL_REVIEW_PENDING,https://www.ebi.ac.uk/pdbe/api/mappings/best_structures/P07901,9816dae05f2547151633d23fb559504775d55cc70aec930603d544a11ccfc156,not_assessed,0.1.0
P08103,AlphaFold_DB,AF-P08103-2-F1,A,6,10090,1,503,not_assessed,fee734185f9ca499b0f42e44f5b47287c55c7b3fd6554456be6a61b7340d6939,fc7cba78e74d7163a42ce8f92b317a0e,predicted,,,https://alphafold.ebi.ac.uk/files/AF-P08103-2-F1-model_v6.cif,https://alphafold.ebi.ac.uk/files/AF-P08103-2-F1-model_v6.pdb,https://alphafold.ebi.ac.uk/files/AF-P08103-2-F1-confidence_v6.json,https://alphafold.ebi.ac.uk/files/AF-P08103-2-F1-predicted_aligned_error_v6.json,held,ALPHAFOLD_ACCESSION_DIFFERS_FROM_CANONICAL,https://alphafold.ebi.ac.uk/api/prediction/P08103,a7af3defc388f179c60eacce8bf15fe1f530651e6b1d7b57bcc5a286517007da,not_assessed,0.1.0
P08103,AlphaFold_DB,AF-P08103-F1,A,6,10090,1,524,exact_full,e427d27c2060ade112a04635530482d792e63d0d51201ef23c3b8ba4e40ee5c9,2e987ab21349d68c1ebc8cf703ba1b5c,predicted,,,https://alphafold.ebi.ac.uk/files/AF-P08103-F1-model_v6.cif,https://alphafold.ebi.ac.uk/files/AF-P08103-F1-model_v6.pdb,https://alphafold.ebi.ac.uk/files/AF-P08103-F1-confidence_v6.json,https://alphafold.ebi.ac.uk/files/AF-P08103-F1-predicted_aligned_error_v6.json,candidate,EXACT_FULL_SEQUENCE_LOCAL_QUALITY_PENDING,https://alphafold.ebi.ac.uk/api/prediction/P08103,a7af3defc388f179c60eacce8bf15fe1f530651e6b1d7b57bcc5a286517007da,not_assessed,0.1.0
P08122,AlphaFold_DB,AF-P08122-F1,A,6,10090,1,1707,exact_full,21007c30ba0d9a6404e616943d6dbb4466e32972589f22f204261d9c76ed0fb2,85f723bdc84cc04c25af6ead9378c074,predicted,,,https://alphafold.ebi.ac.uk/files/AF-P08122-F1-model_v6.cif,https://alphafold.ebi.ac.uk/files/AF-P08122-F1-model_v6.pdb,https://alphafold.ebi.ac.uk/files/AF-P08122-F1-confidence_v6.json,https://alphafold.ebi.ac.uk/files/AF-P08122-F1-predicted_aligned_error_v6.json,candidate,EXACT_FULL_SEQUENCE_LOCAL_QUALITY_PENDING,https://alphafold.ebi.ac.uk/api/prediction/P08122,f5d4d6ab7485b82939d290b66ed47055ae3bd606bfaff6cfc2481fe6f81b9356,not_assessed,0.1.0
P08551,AlphaFold_DB,AF-P08551-F1,A,6,10090,1,543,exact_full,ce1d75d985c8662e66cba54d7cf1d8e072b6ea4878432096769ade376b587d7f,bcff8c56a2d8ca3fbea7492500e7d32e,predicted,,,https://alphafold.ebi.ac.uk/files/AF-P08551-F1-model_v6.cif,https://alphafold.ebi.ac.uk/files/AF-P08551-F1-model_v6.pdb,https://alphafold.ebi.ac.uk/files/AF-P08551-F1-confidence_v6.json,https://alphafold.ebi.ac.uk/files/AF-P08551-F1-predicted_aligned_error_v6.json,candidate,EXACT_FULL_SEQUENCE_LOCAL_QUALITY_PENDING,https://alphafold.ebi.ac.uk/api/prediction/P08551,5562e96f557d4557eb7c067380941623e008cacc12b17cb7e436609850cfa8b2,not_assessed,0.1.0
P09470,AlphaFold_DB,AF-P09470-2-F1,A,6,10090,1,732,not_assessed,f4d1390776098751ace54fd0db7e2fdd3cca2f7fc2a27e3298f9b8c0c0f99bc5,6d30f89d490c69c4d8072e4e5b8cbead,predicted,,,https://alphafold.ebi.ac.uk/files/AF-P09470-2-F1-model_v6.cif,https://alphafold.ebi.ac.uk/files/AF-P09470-2-F1-model_v6.pdb,https://alphafold.ebi.ac.uk/files/AF-P09470-2-F1-confidence_v6.json,https://alphafold.ebi.ac.uk/files/AF-P09470-2-F1-predicted_aligned_error_v6.json,held,ALPHAFOLD_ACCESSION_DIFFERS_FROM_CANONICAL,https://alphafold.ebi.ac.uk/api/prediction/P09470,a6a5d3990faf7aaa19dc97d3508e24c54cfaa24f0578097024671e58d51fc84b,not_assessed,0.1.0
P09470,AlphaFold_DB,AF-P09470-F1,A,6,10090,1,1312,exact_full,93f6d6761a9b2b5a23ace0c82aeeeb126360c4f02e5f41647fa9a7955d2bdc69,4bcfd7662e543518596d0cb33e649758,predicted,,,https://alphafold.ebi.ac.uk/files/AF-P09470-F1-model_v6.cif,https://alphafold.ebi.ac.uk/files/AF-P09470-F1-model_v6.pdb,https://alphafold.ebi.ac.uk/files/AF-P09470-F1-confidence_v6.json,https://alphafold.ebi.ac.uk/files/AF-P09470-F1-predicted_aligned_error_v6.json,candidate,EXACT_FULL_SEQUENCE_LOCAL_QUALITY_PENDING,https://alphafold.ebi.ac.uk/api/prediction/P09470,a6a5d3990faf7aaa19dc97d3508e24c54cfaa24f0578097024671e58d51fc84b,not_assessed,0.1.0
P0DP59,AlphaFold_DB,AF-P0DP59-F1,A,6,10090,1,97,exact_full,0d44da178c7f14d769d8804f031467d226b80b77dc7151b0ebe24b39799b0743,917c7bd9c917f5602ce19f6a3c695859,predicted,,,https://alphafold.ebi.ac.uk/files/AF-P0DP59-F1-model_v6.cif,https://alphafold.ebi.ac.uk/files/AF-P0DP59-F1-model_v6.pdb,https://alphafold.ebi.ac.uk/files/AF-P0DP59-F1-confidence_v6.json,https://alphafold.ebi.ac.uk/files/AF-P0DP59-F1-predicted_aligned_error_v6.json,candidate,EXACT_FULL_SEQUENCE_LOCAL_QUALITY_PENDING,https://alphafold.ebi.ac.uk/api/prediction/P0DP59,ecc9d12408c079dda3e776099a9275128964688f811a945fc21a8bf35a3043ee,not_assessed,0.1.0
P10148,AlphaFold_DB,AF-P10148-F1,A,6,10090,1,148,exact_full,38a0e3dcd5cabb638ae05962c55e2e09613c0f35efb171070616e86ec1991bf8,c2107567d0074dd6710630810aeed8ce,predicted,,,https://alphafold.ebi.ac.uk/files/AF-P10148-F1-model_v6.cif,https://alphafold.ebi.ac.uk/files/AF-P10148-F1-model_v6.pdb,https://alphafold.ebi.ac.uk/files/AF-P10148-F1-confidence_v6.json,https://alphafold.ebi.ac.uk/files/AF-P10148-F1-predicted_aligned_error_v6.json,candidate,EXACT_FULL_SEQUENCE_LOCAL_QUALITY_PENDING,https://alphafold.ebi.ac.uk/api/prediction/P10148,6e99978a041347d8d27449a6516f3ccab38c0a9bcdfdccd74409f7c637469de7,not_assessed,0.1.0
P10639,AlphaFold_DB,AF-P10639-F1,A,6,10090,1,105,exact_full,86e3d74eaa1e621ecefa9bf3d634c1575ac75f1c256da4c693b2b913ceee3cb3,c507a0deb4e10782232cbc15203431c6,predicted,,,https://alphafold.ebi.ac.uk/files/AF-P10639-F1-model_v6.cif,https://alphafold.ebi.ac.uk/files/AF-P10639-F1-model_v6.pdb,https://alphafold.ebi.ac.uk/files/AF-P10639-F1-confidence_v6.json,https://alphafold.ebi.ac.uk/files/AF-P10639-F1-predicted_aligned_error_v6.json,candidate,EXACT_FULL_SEQUENCE_LOCAL_QUALITY_PENDING,https://alphafold.ebi.ac.uk/api/prediction/P10639,7fb03437047ae7680d874465f5bfd9836182c5497eb6d8bd8c390464c65dcad3,not_assessed,0.1.0
P10649,AlphaFold_DB,AF-0000000013465377,A,1,287,1,218,not_assessed,03d6e22b417d73308890679f7d7662a95738c57770831198855dbbe2eb6c9060,e2bbcf48562d544d8a4952cdbbdcb6f1,predicted,,,https://alphafold.ebi.ac.uk/files/AF-0000000013465377-model_v1.cif,https://alphafold.ebi.ac.uk/files/AF-0000000013465377-model_v1.pdb,https://alphafold.ebi.ac.uk/files/AF-0000000013465377-confidence_v1.json,https://alphafold.ebi.ac.uk/files/AF-0000000013465377-predicted_aligned_error_v1.json,held,ALPHAFOLD_MOUSE_TAXONOMY_NOT_CONFIRMED,https://alphafold.ebi.ac.uk/api/prediction/P10649,100c80502a7ad47f9688aaebd9def9bed97dc79b997c7ec8c02d614fb7854822,not_assessed,0.1.0
P10649,AlphaFold_DB,AF-P10649-F1,A,6,10090,1,218,exact_full,03d6e22b417d73308890679f7d7662a95738c57770831198855dbbe2eb6c9060,e2bbcf48562d544d8a4952cdbbdcb6f1,predicted,,,https://alphafold.ebi.ac.uk/files/AF-P10649-F1-model_v6.cif,https://alphafold.ebi.ac.uk/files/AF-P10649-F1-model_v6.pdb,https://alphafold.ebi.ac.uk/files/AF-P10649-F1-confidence_v6.json,https://alphafold.ebi.ac.uk/files/AF-P10649-F1-predicted_aligned_error_v6.json,candidate,EXACT_FULL_SEQUENCE_LOCAL_QUALITY_PENDING,https://alphafold.ebi.ac.uk/api/prediction/P10649,100c80502a7ad47f9688aaebd9def9bed97dc79b997c7ec8c02d614fb7854822,not_assessed,0.1.0
P10761,AlphaFold_DB,AF-P10761-F1,A,6,10090,1,424,exact_full,f09d506fb765e74dc3acc003d216bf55a288fa43e15a8661e23dd34be9320ff9,0e97e033d5ea562c1a45dbaa4aa13b67,predicted,,,https://alphafold.ebi.ac.uk/files/AF-P10761-F1-model_v6.cif,https://alphafold.ebi.ac.uk/files/AF-P10761-F1-model_v6.pdb,https://alphafold.ebi.ac.uk/files/AF-P10761-F1-confidence_v6.json,https://alphafold.ebi.ac.uk/files/AF-P10761-F1-predicted_aligned_error_v6.json,candidate,EXACT_FULL_SEQUENCE_LOCAL_QUALITY_PENDING,https://alphafold.ebi.ac.uk/api/prediction/P10761,18ba08e22433a6379af5d370d51cb4d40d090b036e203636a60b66de1a93fd83,not_assessed,0.1.0
P10761,PDBe_SIFTS,3d4c,A,,10090,39,143,not_assessed,,,X-ray diffraction,2.9,0.261,,,,,candidate,MOUSE_SIFTS_CANDIDATE_LOCAL_REVIEW_PENDING,https://www.ebi.ac.uk/pdbe/api/mappings/best_structures/P10761,7433c644d2e9c1d14b51007dcd0e663bf71eddfada0e9d30aec66612143e9dd4,not_assessed,0.1.0
P10761,PDBe_SIFTS,3d4c,A,,83333,39,143,not_assessed,,,X-ray diffraction,2.9,0.261,,,,,excluded,NON_MOUSE_PDB_CHAIN,https://www.ebi.ac.uk/pdbe/api/mappings/best_structures/P10761,7433c644d2e9c1d14b51007dcd0e663bf71eddfada0e9d30aec66612143e9dd4,not_assessed,0.1.0
P10761,PDBe_SIFTS,3d4g,A,,10090,39,143,not_assessed,,,X-ray diffraction,2.3,0.261,,,,,candidate,MOUSE_SIFTS_CANDIDATE_LOCAL_REVIEW_PENDING,https://www.ebi.ac.uk/pdbe/api/mappings/best_structures/P10761,7433c644d2e9c1d14b51007dcd0e663bf71eddfada0e9d30aec66612143e9dd4,not_assessed,0.1.0
P10761,PDBe_SIFTS,3d4g,A,,83333,39,143,not_assessed,,,X-ray diffraction,2.3,0.261,,,,,excluded,NON_MOUSE_PDB_CHAIN,https://www.ebi.ac.uk/pdbe/api/mappings/best_structures/P10761,7433c644d2e9c1d14b51007dcd0e663bf71eddfada0e9d30aec66612143e9dd4,not_assessed,0.1.0
P10761,PDBe_SIFTS,3d4g,B,,10090,39,143,not_assessed,,,X-ray diffraction,2.3,0.261,,,,,candidate,MOUSE_SIFTS_CANDIDATE_LOCAL_REVIEW_PENDING,https://www.ebi.ac.uk/pdbe/api/mappings/best_structures/P10761,7433c644d2e9c1d14b51007dcd0e663bf71eddfada0e9d30aec66612143e9dd4,not_assessed,0.1.0
P10761,PDBe_SIFTS,3d4g,B,,83333,39,143,not_assessed,,,X-ray diffraction,2.3,0.261,,,,,excluded,NON_MOUSE_PDB_CHAIN,https://www.ebi.ac.uk/pdbe/api/mappings/best_structures/P10761,7433c644d2e9c1d14b51007dcd0e663bf71eddfada0e9d30aec66612143e9dd4,not_assessed,0.1.0
P10761,PDBe_SIFTS,3d4g,C,,10090,39,143,not_assessed,,,X-ray diffraction,2.3,0.261,,,,,candidate,MOUSE_SIFTS_CANDIDATE_LOCAL_REVIEW_PENDING,https://www.ebi.ac.uk/pdbe/api/mappings/best_structures/P10761,7433c644d2e9c1d14b51007dcd0e663bf71eddfada0e9d30aec66612143e9dd4,not_assessed,0.1.0
P10761,PDBe_SIFTS,3d4g,C,,83333,39,143,not_assessed,,,X-ray diffraction,2.3,0.261,,,,,excluded,NON_MOUSE_PDB_CHAIN,https://www.ebi.ac.uk/pdbe/api/mappings/best_structures/P10761,7433c644d2e9c1d14b51007dcd0e663bf71eddfada0e9d30aec66612143e9dd4,not_assessed,0.1.0
P10761,PDBe_SIFTS,3d4g,D,,10090,39,143,not_assessed,,,X-ray diffraction,2.3,0.261,,,,,candidate,MOUSE_SIFTS_CANDIDATE_LOCAL_REVIEW_PENDING,https://www.ebi.ac.uk/pdbe/api/mappings/best_structures/P10761,7433c644d2e9c1d14b51007dcd0e663bf71eddfada0e9d30aec66612143e9dd4,not_assessed,0.1.0
P10761,PDBe_SIFTS,3d4g,D,,83333,39,143,not_assessed,,,X-ray diffraction,2.3,0.261,,,,,excluded,NON_MOUSE_PDB_CHAIN,https://www.ebi.ac.uk/pdbe/api/mappings/best_structures/P10761,7433c644d2e9c1d14b51007dcd0e663bf71eddfada0e9d30aec66612143e9dd4,not_assessed,0.1.0
P10761,PDBe_SIFTS,3d4g,E,,10090,39,143,not_assessed,,,X-ray diffraction,2.3,0.261,,,,,candidate,MOUSE_SIFTS_CANDIDATE_LOCAL_REVIEW_PENDING,https://www.ebi.ac.uk/pdbe/api/mappings/best_structures/P10761,7433c644d2e9c1d14b51007dcd0e663bf71eddfada0e9d30aec66612143e9dd4,not_assessed,0.1.0
P10761,PDBe_SIFTS,3d4g,E,,83333,39,143,not_assessed,,,X-ray diffraction,2.3,0.261,,,,,excluded,NON_MOUSE_PDB_CHAIN,https://www.ebi.ac.uk/pdbe/api/mappings/best_structures/P10761,7433c644d2e9c1d14b51007dcd0e663bf71eddfada0e9d30aec66612143e9dd4,not_assessed,0.1.0
P10761,PDBe_SIFTS,3d4g,F,,10090,39,143,not_assessed,,,X-ray diffraction,2.3,0.261,,,,,candidate,MOUSE_SIFTS_CANDIDATE_LOCAL_REVIEW_PENDING,https://www.ebi.ac.uk/pdbe/api/mappings/best_structures/P10761,7433c644d2e9c1d14b51007dcd0e663bf71eddfada0e9d30aec66612143e9dd4,not_assessed,0.1.0
P10761,PDBe_SIFTS,3d4g,F,,83333,39,143,not_assessed,,,X-ray diffraction,2.3,0.261,,,,,excluded,NON_MOUSE_PDB_CHAIN,https://www.ebi.ac.uk/pdbe/api/mappings/best_structures/P10761,7433c644d2e9c1d14b51007dcd0e663bf71eddfada0e9d30aec66612143e9dd4,not_assessed,0.1.0
P10761,PDBe_SIFTS,3d4g,G,,10090,39,143,not_assessed,,,X-ray diffraction,2.3,0.261,,,,,candidate,MOUSE_SIFTS_CANDIDATE_LOCAL_REVIEW_PENDING,https://www.ebi.ac.uk/pdbe/api/mappings/best_structures/P10761,7433c644d2e9c1d14b51007dcd0e663bf71eddfada0e9d30aec66612143e9dd4,not_assessed,0.1.0
P10761,PDBe_SIFTS,3d4g,G,,83333,39,143,not_assessed,,,X-ray diffraction,2.3,0.261,,,,,excluded,NON_MOUSE_PDB_CHAIN,https://www.ebi.ac.uk/pdbe/api/mappings/best_structures/P10761,7433c644d2e9c1d14b51007dcd0e663bf71eddfada0e9d30aec66612143e9dd4,not_assessed,0.1.0
P10761,PDBe_SIFTS,3d4g,H,,10090,39,143,not_assessed,,,X-ray diffraction,2.3,0.261,,,,,candidate,MOUSE_SIFTS_CANDIDATE_LOCAL_REVIEW_PENDING,https://www.ebi.ac.uk/pdbe/api/mappings/best_structures/P10761,7433c644d2e9c1d14b51007dcd0e663bf71eddfada0e9d30aec66612143e9dd4,not_assessed,0.1.0
P10761,PDBe_SIFTS,3d4g,H,,83333,39,143,not_assessed,,,X-ray diffraction,2.3,0.261,,,,,excluded,NON_MOUSE_PDB_CHAIN,https://www.ebi.ac.uk/pdbe/api/mappings/best_structures/P10761,7433c644d2e9c1d14b51007dcd0e663bf71eddfada0e9d30aec66612143e9dd4,not_assessed,0.1.0
P10761,PDBe_SIFTS,3ef7,A,,10090,39,143,not_assessed,,,X-ray diffraction,3.1,0.261,,,,,candidate,MOUSE_SIFTS_CANDIDATE_LOCAL_REVIEW_PENDING,https://www.ebi.ac.uk/pdbe/api/mappings/best_structures/P10761,7433c644d2e9c1d14b51007dcd0e663bf71eddfada0e9d30aec66612143e9dd4,not_assessed,0.1.0
P10761,PDBe_SIFTS,3ef7,A,,83333,39,143,not_assessed,,,X-ray diffraction,3.1,0.261,,,,,excluded,NON_MOUSE_PDB_CHAIN,https://www.ebi.ac.uk/pdbe/api/mappings/best_structures/P10761,7433c644d2e9c1d14b51007dcd0e663bf71eddfada0e9d30aec66612143e9dd4,not_assessed,0.1.0
P10761,PDBe_SIFTS,3ef7,B,,10090,39,143,not_assessed,,,X-ray diffraction,3.1,0.261,,,,,candidate,MOUSE_SIFTS_CANDIDATE_LOCAL_REVIEW_PENDING,https://www.ebi.ac.uk/pdbe/api/mappings/best_structures/P10761,7433c644d2e9c1d14b51007dcd0e663bf71eddfada0e9d30aec66612143e9dd4,not_assessed,0.1.0
P10761,PDBe_SIFTS,3ef7,B,,83333,39,143,not_assessed,,,X-ray diffraction,3.1,0.261,,,,,excluded,NON_MOUSE_PDB_CHAIN,https://www.ebi.ac.uk/pdbe/api/mappings/best_structures/P10761,7433c644d2e9c1d14b51007dcd0e663bf71eddfada0e9d30aec66612143e9dd4,not_assessed,0.1.0
P10761,PDBe_SIFTS,5osq,A,,10090,42,143,not_assessed,,,X-ray diffraction,2.05,0.254,,,,,candidate,MOUSE_SIFTS_CANDIDATE_LOCAL_REVIEW_PENDING,https://www.ebi.ac.uk/pdbe/api/mappings/best_structures/P10761,7433c644d2e9c1d14b51007dcd0e663bf71eddfada0e9d30aec66612143e9dd4,not_assessed,0.1.0
P10761,PDBe_SIFTS,5osq,A,,83333,42,143,not_assessed,,,X-ray diffraction,2.05,0.254,,,,,excluded,NON_MOUSE_PDB_CHAIN,https://www.ebi.ac.uk/pdbe/api/mappings/best_structures/P10761,7433c644d2e9c1d14b51007dcd0e663bf71eddfada0e9d30aec66612143e9dd4,not_assessed,0.1.0
P10761,PDBe_SIFTS,5osq,B,,10090,42,143,not_assessed,,,X-ray diffraction,2.05,0.254,,,,,candidate,MOUSE_SIFTS_CANDIDATE_LOCAL_REVIEW_PENDING,https://www.ebi.ac.uk/pdbe/api/mappings/best_structures/P10761,7433c644d2e9c1d14b51007dcd0e663bf71eddfada0e9d30aec66612143e9dd4,not_assessed,0.1.0
P10761,PDBe_SIFTS,5osq,B,,83333,42,143,not_assessed,,,X-ray diffraction,2.05,0.254,,,,,excluded,NON_MOUSE_PDB_CHAIN,https://www.ebi.ac.uk/pdbe/api/mappings/best_structures/P10761,7433c644d2e9c1d14b51007dcd0e663bf71eddfada0e9d30aec66612143e9dd4,not_assessed,0.1.0
P11214,AlphaFold_DB,AF-P11214-F1,A,6,10090,1,559,exact_full,48149e90b91f50ec2c4798faceaf00085919c6dd79abc59ba30ff06db3d36a8d,a9b1e73b39feb500f112db494e257ef4,predicted,,,https://alphafold.ebi.ac.uk/files/AF-P11214-F1-model_v6.cif,https://alphafold.ebi.ac.uk/files/AF-P11214-F1-model_v6.pdb,https://alphafold.ebi.ac.uk/files/AF-P11214-F1-confidence_v6.json,https://alphafold.ebi.ac.uk/files/AF-P11214-F1-predicted_aligned_error_v6.json,candidate,EXACT_FULL_SEQUENCE_LOCAL_QUALITY_PENDING,https://alphafold.ebi.ac.uk/api/prediction/P11214,321a9c04b882daeba8f03293515a8c736dd69ffba136a861e9ab2577d610af51,not_assessed,0.1.0
P11276,AlphaFold_DB,AF-P11276-F1,A,6,10090,1,2477,exact_full,0a5271c41828df0961876ede3cd1c77b07b49f2cb1a0598d6c9f7c2a144059f7,ec2a748d4e3fa836934d2a74cf497586,predicted,,,https://alphafold.ebi.ac.uk/files/AF-P11276-F1-model_v6.cif,https://alphafold.ebi.ac.uk/files/AF-P11276-F1-model_v6.pdb,https://alphafold.ebi.ac.uk/files/AF-P11276-F1-confidence_v6.json,https://alphafold.ebi.ac.uk/files/AF-P11276-F1-predicted_aligned_error_v6.json,candidate,EXACT_FULL_SEQUENCE_LOCAL_QUALITY_PENDING,https://alphafold.ebi.ac.uk/api/prediction/P11276,0e304d8b9a622663010d9939ec36efeaa5b9abe9a0a5b411dc0a72fc696a5223,not_assessed,0.1.0
P11276,PDBe_SIFTS,1mfn,A,,10090,1447,1630,not_assessed,,,Solution NMR,,0.075,,,,,candidate,MOUSE_SIFTS_CANDIDATE_LOCAL_REVIEW_PENDING,https://www.ebi.ac.uk/pdbe/api/mappings/best_structures/P11276,556d2b3e9b3ab4ae8c85303f68b50fa89675ee9624b3b5fbcc72a7834b07f279,not_assessed,0.1.0
P11276,PDBe_SIFTS,2mfn,A,,10090,1447,1630,not_assessed,,,Solution NMR,,0.075,,,,,candidate,MOUSE_SIFTS_CANDIDATE_LOCAL_REVIEW_PENDING,https://www.ebi.ac.uk/pdbe/api/mappings/best_structures/P11276,556d2b3e9b3ab4ae8c85303f68b50fa89675ee9624b3b5fbcc72a7834b07f279,not_assessed,0.1.0
P11680,AlphaFold_DB,AF-P11680-F1,A,6,10090,1,464,exact_full,7d1b3827edc6c18cbe274a61ec834576713947519df10ccfbeef38a97c78d079,37ea550dac78176a6888b611203eec9f,predicted,,,https://alphafold.ebi.ac.uk/files/AF-P11680-F1-model_v6.cif,https://alphafold.ebi.ac.uk/files/AF-P11680-F1-model_v6.pdb,https://alphafold.ebi.ac.uk/files/AF-P11680-F1-confidence_v6.json,https://alphafold.ebi.ac.uk/files/AF-P11680-F1-predicted_aligned_error_v6.json,candidate,EXACT_FULL_SEQUENCE_LOCAL_QUALITY_PENDING,https://alphafold.ebi.ac.uk/api/prediction/P11680,50487ae94295a7d9ec547fc67669651773815d27458e9ce8271bd26b6e006fb3,not_assessed,0.1.0
P11688,AlphaFold_DB,AF-P11688-F1,A,6,10090,1,1053,exact_full,05aca7507c54403069cb8cffe36447c1141aa1e4c1e9d6bd87c18321d5107dd4,5434ad1e69aa6330dba2b6069db23626,predicted,,,https://alphafold.ebi.ac.uk/files/AF-P11688-F1-model_v6.cif,https://alphafold.ebi.ac.uk/files/AF-P11688-F1-model_v6.pdb,https://alphafold.ebi.ac.uk/files/AF-P11688-F1-confidence_v6.json,https://alphafold.ebi.ac.uk/files/AF-P11688-F1-predicted_aligned_error_v6.json,candidate,EXACT_FULL_SEQUENCE_LOCAL_QUALITY_PENDING,https://alphafold.ebi.ac.uk/api/prediction/P11688,71437034172114b2b10e415a7d30300f37ea49645c374d72f10b2798475a4fe6,not_assessed,0.1.0
P12815,AlphaFold_DB,AF-P12815-2-F1,A,6,10090,1,189,not_assessed,ee43261b937f4e4719548d6c21ce62a78b189502b3bf98ca253679089a31ac15,36a622c9b262cc162a1a199da7572d40,predicted,,,https://alphafold.ebi.ac.uk/files/AF-P12815-2-F1-model_v6.cif,https://alphafold.ebi.ac.uk/files/AF-P12815-2-F1-model_v6.pdb,https://alphafold.ebi.ac.uk/files/AF-P12815-2-F1-confidence_v6.json,https://alphafold.ebi.ac.uk/files/AF-P12815-2-F1-predicted_aligned_error_v6.json,held,ALPHAFOLD_ACCESSION_DIFFERS_FROM_CANONICAL,https://alphafold.ebi.ac.uk/api/prediction/P12815,799196acb8a85a1cba6e624b26de32b4af4c0264539e9fffeacde45414b0ecca,not_assessed,0.1.0
P12815,AlphaFold_DB,AF-P12815-F1,A,6,10090,1,191,exact_full,504662e8cd0cc103c57568309a7318d9bec1fe58014869a10d9a36b05c11a652,6241ee0cc4c8fb47383b3565a63684aa,predicted,,,https://alphafold.ebi.ac.uk/files/AF-P12815-F1-model_v6.cif,https://alphafold.ebi.ac.uk/files/AF-P12815-F1-model_v6.pdb,https://alphafold.ebi.ac.uk/files/AF-P12815-F1-confidence_v6.json,https://alphafold.ebi.ac.uk/files/AF-P12815-F1-predicted_aligned_error_v6.json,candidate,EXACT_FULL_SEQUENCE_LOCAL_QUALITY_PENDING,https://alphafold.ebi.ac.uk/api/prediction/P12815,799196acb8a85a1cba6e624b26de32b4af4c0264539e9fffeacde45414b0ecca,not_assessed,0.1.0
P12815,PDBe_SIFTS,1hqv,A,,10090,1,191,not_assessed,,,X-ray diffraction,2.3,1.0,,,,,candidate,MOUSE_SIFTS_CANDIDATE_LOCAL_REVIEW_PENDING,https://www.ebi.ac.uk/pdbe/api/mappings/best_structures/P12815,6544e7d3bf80e3ac703ccdf1c563bfa6ae6d01cfae89a1fa42d1c09396f0649f,not_assessed,0.1.0
P12815,PDBe_SIFTS,5jjg,A,,10090,24,191,not_assessed,,,X-ray diffraction,1.72,0.88,,,,,candidate,MOUSE_SIFTS_CANDIDATE_LOCAL_REVIEW_PENDING,https://www.ebi.ac.uk/pdbe/api/mappings/best_structures/P12815,6544e7d3bf80e3ac703ccdf1c563bfa6ae6d01cfae89a1fa42d1c09396f0649f,not_assessed,0.1.0
P13020,AlphaFold_DB,AF-0000000005750740,A,1,1280,1,780,not_assessed,3c57aac42cb2822f9a71ef46cec5f0b83d4f9712c3bd92293027a965d6dddc93,abb9b37a4c6973e9eb534222bc7f47ac,predicted,,,https://alphafold.ebi.ac.uk/files/AF-0000000005750740-model_v1.cif,https://alphafold.ebi.ac.uk/files/AF-0000000005750740-model_v1.pdb,https://alphafold.ebi.ac.uk/files/AF-0000000005750740-confidence_v1.json,https://alphafold.ebi.ac.uk/files/AF-0000000005750740-predicted_aligned_error_v1.json,held,ALPHAFOLD_MOUSE_TAXONOMY_NOT_CONFIRMED,https://alphafold.ebi.ac.uk/api/prediction/P13020,4e11da950bc6e435da2c73d13c0eb9a1a18e39c6ac475d61e79eab2e08ef1815,not_assessed,0.1.0
P13020,AlphaFold_DB,AF-P13020-2-F1,A,6,10090,1,731,not_assessed,37b628ba230eed01d6a969b6faa31767f77aaad02379619e53b044a434664edd,b996acee4520671681c73750061cc949,predicted,,,https://alphafold.ebi.ac.uk/files/AF-P13020-2-F1-model_v6.cif,https://alphafold.ebi.ac.uk/files/AF-P13020-2-F1-model_v6.pdb,https://alphafold.ebi.ac.uk/files/AF-P13020-2-F1-confidence_v6.json,https://alphafold.ebi.ac.uk/files/AF-P13020-2-F1-predicted_aligned_error_v6.json,held,ALPHAFOLD_ACCESSION_DIFFERS_FROM_CANONICAL,https://alphafold.ebi.ac.uk/api/prediction/P13020,4e11da950bc6e435da2c73d13c0eb9a1a18e39c6ac475d61e79eab2e08ef1815,not_assessed,0.1.0
P13020,AlphaFold_DB,AF-P13020-F1,A,6,10090,1,780,exact_full,3c57aac42cb2822f9a71ef46cec5f0b83d4f9712c3bd92293027a965d6dddc93,abb9b37a4c6973e9eb534222bc7f47ac,predicted,,,https://alphafold.ebi.ac.uk/files/AF-P13020-F1-model_v6.cif,https://alphafold.ebi.ac.uk/files/AF-P13020-F1-model_v6.pdb,https://alphafold.ebi.ac.uk/files/AF-P13020-F1-confidence_v6.json,https://alphafold.ebi.ac.uk/files/AF-P13020-F1-predicted_aligned_error_v6.json,candidate,EXACT_FULL_SEQUENCE_LOCAL_QUALITY_PENDING,https://alphafold.ebi.ac.uk/api/prediction/P13020,4e11da950bc6e435da2c73d13c0eb9a1a18e39c6ac475d61e79eab2e08ef1815,not_assessed,0.1.0
P13020,PDBe_SIFTS,1nph,A,,10090,439,767,not_assessed,,,X-ray diffraction,3.0,0.436,,,,,candidate,MOUSE_SIFTS_CANDIDATE_LOCAL_REVIEW_PENDING,https://www.ebi.ac.uk/pdbe/api/mappings/best_structures/P13020,db7394dec752aab8f2038d526cb1a98fa3525a4520172afdc5a2bad77eeeb947,not_assessed,0.1.0
P13020,PDBe_SIFTS,4cbu,G,,10090,50,174,not_assessed,,,X-ray diffraction,1.3,0.166,,,,,candidate,MOUSE_SIFTS_CANDIDATE_LOCAL_REVIEW_PENDING,https://www.ebi.ac.uk/pdbe/api/mappings/best_structures/P13020,db7394dec752aab8f2038d526cb1a98fa3525a4520172afdc5a2bad77eeeb947,not_assessed,0.1.0
P13020,PDBe_SIFTS,4cbw,G,,10090,50,174,not_assessed,,,X-ray diffraction,2.501,0.166,,,,,candidate,MOUSE_SIFTS_CANDIDATE_LOCAL_REVIEW_PENDING,https://www.ebi.ac.uk/pdbe/api/mappings/best_structures/P13020,db7394dec752aab8f2038d526cb1a98fa3525a4520172afdc5a2bad77eeeb947,not_assessed,0.1.0
P13020,PDBe_SIFTS,4cbx,G,,10090,50,174,not_assessed,,,X-ray diffraction,2.2,0.166,,,,,candidate,MOUSE_SIFTS_CANDIDATE_LOCAL_REVIEW_PENDING,https://www.ebi.ac.uk/pdbe/api/mappings/best_structures/P13020,db7394dec752aab8f2038d526cb1a98fa3525a4520172afdc5a2bad77eeeb947,not_assessed,0.1.0
P13020,PDBe_SIFTS,5mvv,G,,10090,50,174,not_assessed,,,X-ray diffraction,1.4,0.166,,,,,candidate,MOUSE_SIFTS_CANDIDATE_LOCAL_REVIEW_PENDING,https://www.ebi.ac.uk/pdbe/api/mappings/best_structures/P13020,db7394dec752aab8f2038d526cb1a98fa3525a4520172afdc5a2bad77eeeb947,not_assessed,0.1.0
P13020,PDBe_SIFTS,6i4d,G,,10090,50,174,not_assessed,,,X-ray diffraction,1.24,0.166,,,,,candidate,MOUSE_SIFTS_CANDIDATE_LOCAL_REVIEW_PENDING,https://www.ebi.ac.uk/pdbe/api/mappings/best_structures/P13020,db7394dec752aab8f2038d526cb1a98fa3525a4520172afdc5a2bad77eeeb947,not_assessed,0.1.0
P13020,PDBe_SIFTS,6i4e,G,,10090,50,174,not_assessed,,,X-ray diffraction,1.22,0.166,,,,,candidate,MOUSE_SIFTS_CANDIDATE_LOCAL_REVIEW_PENDING,https://www.ebi.ac.uk/pdbe/api/mappings/best_structures/P13020,db7394dec752aab8f2038d526cb1a98fa3525a4520172afdc5a2bad77eeeb947,not_assessed,0.1.0
P13020,PDBe_SIFTS,6i4f,G,,10090,50,174,not_assessed,,,X-ray diffraction,1.5,0.166,,,,,candidate,MOUSE_SIFTS_CANDIDATE_LOCAL_REVIEW_PENDING,https://www.ebi.ac.uk/pdbe/api/mappings/best_structures/P13020,db7394dec752aab8f2038d526cb1a98fa3525a4520172afdc5a2bad77eeeb947,not_assessed,0.1.0
P13020,PDBe_SIFTS,6i4g,G,,10090,50,174,not_assessed,,,X-ray diffraction,2.0,0.166,,,,,candidate,MOUSE_SIFTS_CANDIDATE_LOCAL_REVIEW_PENDING,https://www.ebi.ac.uk/pdbe/api/mappings/best_structures/P13020,db7394dec752aab8f2038d526cb1a98fa3525a4520172afdc5a2bad77eeeb947,not_assessed,0.1.0
P13020,PDBe_SIFTS,6i4g,H,,10090,50,174,not_assessed,,,X-ray diffraction,2.0,0.166,,,,,candidate,MOUSE_SIFTS_CANDIDATE_LOCAL_REVIEW_PENDING,https://www.ebi.ac.uk/pdbe/api/mappings/best_structures/P13020,db7394dec752aab8f2038d526cb1a98fa3525a4520172afdc5a2bad77eeeb947,not_assessed,0.1.0
P13020,PDBe_SIFTS,6i4h,G,,10090,50,174,not_assessed,,,X-ray diffraction,1.4,0.166,,,,,candidate,MOUSE_SIFTS_CANDIDATE_LOCAL_REVIEW_PENDING,https://www.ebi.ac.uk/pdbe/api/mappings/best_structures/P13020,db7394dec752aab8f2038d526cb1a98fa3525a4520172afdc5a2bad77eeeb947,not_assessed,0.1.0
P13020,PDBe_SIFTS,6i4i,G,,10090,50,174,not_assessed,,,X-ray diffraction,1.9,0.166,,,,,candidate,MOUSE_SIFTS_CANDIDATE_LOCAL_REVIEW_PENDING,https://www.ebi.ac.uk/pdbe/api/mappings/best_structures/P13020,db7394dec752aab8f2038d526cb1a98fa3525a4520172afdc5a2bad77eeeb947,not_assessed,0.1.0
P13020,PDBe_SIFTS,6i4j,G,,10090,50,174,not_assessed,,,X-ray diffraction,1.5,0.166,,,,,candidate,MOUSE_SIFTS_CANDIDATE_LOCAL_REVIEW_PENDING,https://www.ebi.ac.uk/pdbe/api/mappings/best_structures/P13020,db7394dec752aab8f2038d526cb1a98fa3525a4520172afdc5a2bad77eeeb947,not_assessed,0.1.0
P13020,PDBe_SIFTS,6i4k,G,,10090,50,174,not_assessed,,,X-ray diffraction,1.83,0.166,,,,,candidate,MOUSE_SIFTS_CANDIDATE_LOCAL_REVIEW_PENDING,https://www.ebi.ac.uk/pdbe/api/mappings/best_structures/P13020,db7394dec752aab8f2038d526cb1a98fa3525a4520172afdc5a2bad77eeeb947,not_assessed,0.1.0
P13020,PDBe_SIFTS,6i4l,G,,10090,50,174,not_assessed,,,X-ray diffraction,1.83,0.166,,,,,candidate,MOUSE_SIFTS_CANDIDATE_LOCAL_REVIEW_PENDING,https://www.ebi.ac.uk/pdbe/api/mappings/best_structures/P13020,db7394dec752aab8f2038d526cb1a98fa3525a4520172afdc5a2bad77eeeb947,not_assessed,0.1.0
P13020,PDBe_SIFTS,6i4m,G,,10090,50,174,not_assessed,,,X-ray diffraction,1.873,0.166,,,,,candidate,MOUSE_SIFTS_CANDIDATE_LOCAL_REVIEW_PENDING,https://www.ebi.ac.uk/pdbe/api/mappings/best_structures/P13020,db7394dec752aab8f2038d526cb1a98fa3525a4520172afdc5a2bad77eeeb947,not_assessed,0.1.0
P13516,AlphaFold_DB,AF-P13516-F1,A,6,10090,1,355,exact_full,bf114ffa114b7996462883b937903b16ba2759e23676a360e25ac462c499edf7,c5977d4c815f248b62b2fa0b7410aaa6,predicted,,,https://alphafold.ebi.ac.uk/files/AF-P13516-F1-model_v6.cif,https://alphafold.ebi.ac.uk/files/AF-P13516-F1-model_v6.pdb,https://alphafold.ebi.ac.uk/files/AF-P13516-F1-confidence_v6.json,https://alphafold.ebi.ac.uk/files/AF-P13516-F1-predicted_aligned_error_v6.json,candidate,EXACT_FULL_SEQUENCE_LOCAL_QUALITY_PENDING,https://alphafold.ebi.ac.uk/api/prediction/P13516,e924874fba47277727e4f1b19cdd1de2cbf6458ddaecff9769268315e6c0529a,not_assessed,0.1.0
P13516,PDBe_SIFTS,4ymk,A,,10090,24,355,not_assessed,,,X-ray diffraction,2.605,0.935,,,,,candidate,MOUSE_SIFTS_CANDIDATE_LOCAL_REVIEW_PENDING,https://www.ebi.ac.uk/pdbe/api/mappings/best_structures/P13516,ad041b91d199ee40deae54ec0d77a7faea229dc356cefd999be94ba4ca847bed,not_assessed,0.1.0
P13516,PDBe_SIFTS,4ymk,D,,10090,24,355,not_assessed,,,X-ray diffraction,2.605,0.935,,,,,candidate,MOUSE_SIFTS_CANDIDATE_LOCAL_REVIEW_PENDING,https://www.ebi.ac.uk/pdbe/api/mappings/best_structures/P13516,ad041b91d199ee40deae54ec0d77a7faea229dc356cefd999be94ba4ca847bed,not_assessed,0.1.0
P13516,PDBe_SIFTS,6wf2,A,,10090,24,355,not_assessed,,,X-ray diffraction,3.51,0.935,,,,,candidate,MOUSE_SIFTS_CANDIDATE_LOCAL_REVIEW_PENDING,https://www.ebi.ac.uk/pdbe/api/mappings/best_structures/P13516,ad041b91d199ee40deae54ec0d77a7faea229dc356cefd999be94ba4ca847bed,not_assessed,0.1.0
P13516,PDBe_SIFTS,6wf2,B,,10090,24,355,not_assessed,,,X-ray diffraction,3.51,0.935,,,,,candidate,MOUSE_SIFTS_CANDIDATE_LOCAL_REVIEW_PENDING,https://www.ebi.ac.uk/pdbe/api/mappings/best_structures/P13516,ad041b91d199ee40deae54ec0d77a7faea229dc356cefd999be94ba4ca847bed,not_assessed,0.1.0
P14901,AlphaFold_DB,AF-P14901-F1,A,6,10090,1,289,exact_full,25407ad5b91307a34d0b9fc10bb32b6732b211a82ced1193f2fd35355e5f5444,fb6996797f56600ce239fec9eeb32932,predicted,,,https://alphafold.ebi.ac.uk/files/AF-P14901-F1-model_v6.cif,https://alphafold.ebi.ac.uk/files/AF-P14901-F1-model_v6.pdb,https://alphafold.ebi.ac.uk/files/AF-P14901-F1-confidence_v6.json,https://alphafold.ebi.ac.uk/files/AF-P14901-F1-predicted_aligned_error_v6.json,candidate,EXACT_FULL_SEQUENCE_LOCAL_QUALITY_PENDING,https://alphafold.ebi.ac.uk/api/prediction/P14901,0251fc7ca9f84aba1444eb38aa955356fbff28d1280356f8d62d1140be2d2b84,not_assessed,0.1.0
P15105,AlphaFold_DB,AF-0000000001641583,A,1,83332,1,373,not_assessed,33c1f3bfe0b69d47408a637b1e7e8e150392fe9993768461b7825ed152e09c84,04efd0f7e47af50d95149fa9dfe39166,predicted,,,https://alphafold.ebi.ac.uk/files/AF-0000000001641583-model_v1.cif,https://alphafold.ebi.ac.uk/files/AF-0000000001641583-model_v1.pdb,https://alphafold.ebi.ac.uk/files/AF-0000000001641583-confidence_v1.json,https://alphafold.ebi.ac.uk/files/AF-0000000001641583-predicted_aligned_error_v1.json,held,ALPHAFOLD_MOUSE_TAXONOMY_NOT_CONFIRMED,https://alphafold.ebi.ac.uk/api/prediction/P15105,913dfce80c41e2e47f6244d6b1678d2f1e16e0c9614254e2a61b23fdfbb373ad,not_assessed,0.1.0
P15105,AlphaFold_DB,AF-P15105-F1,A,6,10090,1,373,exact_full,33c1f3bfe0b69d47408a637b1e7e8e150392fe9993768461b7825ed152e09c84,04efd0f7e47af50d95149fa9dfe39166,predicted,,,https://alphafold.ebi.ac.uk/files/AF-P15105-F1-model_v6.cif,https://alphafold.ebi.ac.uk/files/AF-P15105-F1-model_v6.pdb,https://alphafold.ebi.ac.uk/files/AF-P15105-F1-confidence_v6.json,https://alphafold.ebi.ac.uk/files/AF-P15105-F1-predicted_aligned_error_v6.json,candidate,EXACT_FULL_SEQUENCE_LOCAL_QUALITY_PENDING,https://alphafold.ebi.ac.uk/api/prediction/P15105,913dfce80c41e2e47f6244d6b1678d2f1e16e0c9614254e2a61b23fdfbb373ad,not_assessed,0.1.0
P15530,AlphaFold_DB,AF-P15530-F1,A,6,10090,1,228,exact_full,531e84efb4bd9b71bbcd4c214f3020b31b32d6d1ec8ad9366a3d56bfd257d74c,4a5e199cc847516d755185e7cdfb906c,predicted,,,https://alphafold.ebi.ac.uk/files/AF-P15530-F1-model_v6.cif,https://alphafold.ebi.ac.uk/files/AF-P15530-F1-model_v6.pdb,https://alphafold.ebi.ac.uk/files/AF-P15530-F1-confidence_v6.json,https://alphafold.ebi.ac.uk/files/AF-P15530-F1-predicted_aligned_error_v6.json,candidate,EXACT_FULL_SEQUENCE_LOCAL_QUALITY_PENDING,https://alphafold.ebi.ac.uk/api/prediction/P15530,809d3c6ab2b2e1c6b66a37af71669d05f81ba5114a05580f4b5294d1b2e35cff,not_assessed,0.1.0
P15530,PDBe_SIFTS,3kho,A,,10090,27,159,not_assessed,,,X-ray diffraction,3.11,0.655,,,,,candidate,MOUSE_SIFTS_CANDIDATE_LOCAL_REVIEW_PENDING,https://www.ebi.ac.uk/pdbe/api/mappings/best_structures/P15530,6a34fa9aa0b8671eed10ac883e92d1ac0b6ce9ba979d007430530b4ce30f7da1,not_assessed,0.1.0
P15530,PDBe_SIFTS,3kho,B,,10090,27,159,not_assessed,,,X-ray diffraction,3.11,0.655,,,,,candidate,MOUSE_SIFTS_CANDIDATE_LOCAL_REVIEW_PENDING,https://www.ebi.ac.uk/pdbe/api/mappings/best_structures/P15530,6a34fa9aa0b8671eed10ac883e92d1ac0b6ce9ba979d007430530b4ce30f7da1,not_assessed,0.1.0
P15530,PDBe_SIFTS,3khq,A,,10090,27,159,not_assessed,,,X-ray diffraction,1.7,0.655,,,,,candidate,MOUSE_SIFTS_CANDIDATE_LOCAL_REVIEW_PENDING,https://www.ebi.ac.uk/pdbe/api/mappings/best_structures/P15530,6a34fa9aa0b8671eed10ac883e92d1ac0b6ce9ba979d007430530b4ce30f7da1,not_assessed,0.1.0
P15530,PDBe_SIFTS,8e4c,D,,10090,1,228,not_assessed,,,Electron Microscopy,4.0,1.0,,,,,candidate,MOUSE_SIFTS_CANDIDATE_LOCAL_REVIEW_PENDING,https://www.ebi.ac.uk/pdbe/api/mappings/best_structures/P15530,6a34fa9aa0b8671eed10ac883e92d1ac0b6ce9ba979d007430530b4ce30f7da1,not_assessed,0.1.0
P15530,PDBe_SIFTS,8ema,D,,10090,1,228,not_assessed,,,Electron Microscopy,8.2,1.0,,,,,candidate,MOUSE_SIFTS_CANDIDATE_LOCAL_REVIEW_PENDING,https://www.ebi.ac.uk/pdbe/api/mappings/best_structures/P15530,6a34fa9aa0b8671eed10ac883e92d1ac0b6ce9ba979d007430530b4ce30f7da1,not_assessed,0.1.0
P15532,AlphaFold_DB,AF-P15532-F1,A,6,10090,1,152,exact_full,35005c7a742e32c17806cfb620003b9423c36f667bdf12e42753cb80d1d04fe4,14e5c942df65e84390f73e2c350c57e6,predicted,,,https://alphafold.ebi.ac.uk/files/AF-P15532-F1-model_v6.cif,https://alphafold.ebi.ac.uk/files/AF-P15532-F1-model_v6.pdb,https://alphafold.ebi.ac.uk/files/AF-P15532-F1-confidence_v6.json,https://alphafold.ebi.ac.uk/files/AF-P15532-F1-predicted_aligned_error_v6.json,candidate,EXACT_FULL_SEQUENCE_LOCAL_QUALITY_PENDING,https://alphafold.ebi.ac.uk/api/prediction/P15532,7d75a87e3e5677b555d6f131a4bcb0df2fa6ebb50b7816113dd97846c68104a7,not_assessed,0.1.0
P15532,PDBe_SIFTS,7zl8,A,,10090,1,152,not_assessed,,,X-ray diffraction,1.96,1.0,,,,,candidate,MOUSE_SIFTS_CANDIDATE_LOCAL_REVIEW_PENDING,https://www.ebi.ac.uk/pdbe/api/mappings/best_structures/P15532,a9698800793d9319f6161a45e3d1d2f9857df408b22cb1f14b952b058d4c5d67,not_assessed,0.1.0
P15532,PDBe_SIFTS,7zl8,B,,10090,1,152,not_assessed,,,X-ray diffraction,1.96,1.0,,,,,candidate,MOUSE_SIFTS_CANDIDATE_LOCAL_REVIEW_PENDING,https://www.ebi.ac.uk/pdbe/api/mappings/best_structures/P15532,a9698800793d9319f6161a45e3d1d2f9857df408b22cb1f14b952b058d4c5d67,not_assessed,0.1.0
P15532,PDBe_SIFTS,7zl8,C,,10090,1,152,not_assessed,,,X-ray diffraction,1.96,1.0,,,,,candidate,MOUSE_SIFTS_CANDIDATE_LOCAL_REVIEW_PENDING,https://www.ebi.ac.uk/pdbe/api/mappings/best_structures/P15532,a9698800793d9319f6161a45e3d1d2f9857df408b22cb1f14b952b058d4c5d67,not_assessed,0.1.0
P15532,PDBe_SIFTS,7zl8,D,,10090,1,152,not_assessed,,,X-ray diffraction,1.96,1.0,,,,,candidate,MOUSE_SIFTS_CANDIDATE_LOCAL_REVIEW_PENDING,https://www.ebi.ac.uk/pdbe/api/mappings/best_structures/P15532,a9698800793d9319f6161a45e3d1d2f9857df408b22cb1f14b952b058d4c5d67,not_assessed,0.1.0
P15532,PDBe_SIFTS,7zl8,E,,10090,1,152,not_assessed,,,X-ray diffraction,1.96,1.0,,,,,candidate,MOUSE_SIFTS_CANDIDATE_LOCAL_REVIEW_PENDING,https://www.ebi.ac.uk/pdbe/api/mappings/best_structures/P15532,a9698800793d9319f6161a45e3d1d2f9857df408b22cb1f14b952b058d4c5d67,not_assessed,0.1.0
P15532,PDBe_SIFTS,7zl8,F,,10090,1,152,not_assessed,,,X-ray diffraction,1.96,1.0,,,,,candidate,MOUSE_SIFTS_CANDIDATE_LOCAL_REVIEW_PENDING,https://www.ebi.ac.uk/pdbe/api/mappings/best_structures/P15532,a9698800793d9319f6161a45e3d1d2f9857df408b22cb1f14b952b058d4c5d67,not_assessed,0.1.0
P15532,PDBe_SIFTS,7zl8,G,,10090,1,152,not_assessed,,,X-ray diffraction,1.96,1.0,,,,,candidate,MOUSE_SIFTS_CANDIDATE_LOCAL_REVIEW_PENDING,https://www.ebi.ac.uk/pdbe/api/mappings/best_structures/P15532,a9698800793d9319f6161a45e3d1d2f9857df408b22cb1f14b952b058d4c5d67,not_assessed,0.1.0
P15532,PDBe_SIFTS,7zl8,H,,10090,1,152,not_assessed,,,X-ray diffraction,1.96,1.0,,,,,candidate,MOUSE_SIFTS_CANDIDATE_LOCAL_REVIEW_PENDING,https://www.ebi.ac.uk/pdbe/api/mappings/best_structures/P15532,a9698800793d9319f6161a45e3d1d2f9857df408b22cb1f14b952b058d4c5d67,not_assessed,0.1.0
P15532,PDBe_SIFTS,7zl8,I,,10090,1,152,not_assessed,,,X-ray diffraction,1.96,1.0,,,,,candidate,MOUSE_SIFTS_CANDIDATE_LOCAL_REVIEW_PENDING,https://www.ebi.ac.uk/pdbe/api/mappings/best_structures/P15532,a9698800793d9319f6161a45e3d1d2f9857df408b22cb1f14b952b058d4c5d67,not_assessed,0.1.0
P15532,PDBe_SIFTS,7zl8,J,,10090,1,152,not_assessed,,,X-ray diffraction,1.96,1.0,,,,,candidate,MOUSE_SIFTS_CANDIDATE_LOCAL_REVIEW_PENDING,https://www.ebi.ac.uk/pdbe/api/mappings/best_structures/P15532,a9698800793d9319f6161a45e3d1d2f9857df408b22cb1f14b952b058d4c5d67,not_assessed,0.1.0
P15532,PDBe_SIFTS,7zl8,K,,10090,1,152,not_assessed,,,X-ray diffraction,1.96,1.0,,,,,candidate,MOUSE_SIFTS_CANDIDATE_LOCAL_REVIEW_PENDING,https://www.ebi.ac.uk/pdbe/api/mappings/best_structures/P15532,a9698800793d9319f6161a45e3d1d2f9857df408b22cb1f14b952b058d4c5d67,not_assessed,0.1.0
P15532,PDBe_SIFTS,7zl8,L,,10090,1,152,not_assessed,,,X-ray diffraction,1.96,1.0,,,,,candidate,MOUSE_SIFTS_CANDIDATE_LOCAL_REVIEW_PENDING,https://www.ebi.ac.uk/pdbe/api/mappings/best_structures/P15532,a9698800793d9319f6161a45e3d1d2f9857df408b22cb1f14b952b058d4c5d67,not_assessed,0.1.0
P15532,PDBe_SIFTS,7zlw,A,,10090,1,152,not_assessed,,,X-ray diffraction,2.2,1.0,,,,,candidate,MOUSE_SIFTS_CANDIDATE_LOCAL_REVIEW_PENDING,https://www.ebi.ac.uk/pdbe/api/mappings/best_structures/P15532,a9698800793d9319f6161a45e3d1d2f9857df408b22cb1f14b952b058d4c5d67,not_assessed,0.1.0
P15532,PDBe_SIFTS,7zlw,B,,10090,1,152,not_assessed,,,X-ray diffraction,2.2,1.0,,,,,candidate,MOUSE_SIFTS_CANDIDATE_LOCAL_REVIEW_PENDING,https://www.ebi.ac.uk/pdbe/api/mappings/best_structures/P15532,a9698800793d9319f6161a45e3d1d2f9857df408b22cb1f14b952b058d4c5d67,not_assessed,0.1.0
P15532,PDBe_SIFTS,7zlw,C,,10090,1,152,not_assessed,,,X-ray diffraction,2.2,1.0,,,,,candidate,MOUSE_SIFTS_CANDIDATE_LOCAL_REVIEW_PENDING,https://www.ebi.ac.uk/pdbe/api/mappings/best_structures/P15532,a9698800793d9319f6161a45e3d1d2f9857df408b22cb1f14b952b058d4c5d67,not_assessed,0.1.0
P15532,PDBe_SIFTS,7zlw,D,,10090,1,152,not_assessed,,,X-ray diffraction,2.2,1.0,,,,,candidate,MOUSE_SIFTS_CANDIDATE_LOCAL_REVIEW_PENDING,https://www.ebi.ac.uk/pdbe/api/mappings/best_structures/P15532,a9698800793d9319f6161a45e3d1d2f9857df408b22cb1f14b952b058d4c5d67,not_assessed,0.1.0
P15532,PDBe_SIFTS,7zlw,E,,10090,1,152,not_assessed,,,X-ray diffraction,2.2,1.0,,,,,candidate,MOUSE_SIFTS_CANDIDATE_LOCAL_REVIEW_PENDING,https://www.ebi.ac.uk/pdbe/api/mappings/best_structures/P15532,a9698800793d9319f6161a45e3d1d2f9857df408b22cb1f14b952b058d4c5d67,not_assessed,0.1.0
P15532,PDBe_SIFTS,7zlw,F,,10090,1,152,not_assessed,,,X-ray diffraction,2.2,1.0,,,,,candidate,MOUSE_SIFTS_CANDIDATE_LOCAL_REVIEW_PENDING,https://www.ebi.ac.uk/pdbe/api/mappings/best_structures/P15532,a9698800793d9319f6161a45e3d1d2f9857df408b22cb1f14b952b058d4c5d67,not_assessed,0.1.0
P15532,PDBe_SIFTS,7ztk,A,,10090,1,152,not_assessed,,,X-ray diffraction,2.6,1.0,,,,,candidate,MOUSE_SIFTS_CANDIDATE_LOCAL_REVIEW_PENDING,https://www.ebi.ac.uk/pdbe/api/mappings/best_structures/P15532,a9698800793d9319f6161a45e3d1d2f9857df408b22cb1f14b952b058d4c5d67,not_assessed,0.1.0
P15532,PDBe_SIFTS,7ztk,B,,10090,1,152,not_assessed,,,X-ray diffraction,2.6,1.0,,,,,candidate,MOUSE_SIFTS_CANDIDATE_LOCAL_REVIEW_PENDING,https://www.ebi.ac.uk/pdbe/api/mappings/best_structures/P15532,a9698800793d9319f6161a45e3d1d2f9857df408b22cb1f14b952b058d4c5d67,not_assessed,0.1.0
P15532,PDBe_SIFTS,7ztk,C,,10090,1,152,not_assessed,,,X-ray diffraction,2.6,1.0,,,,,candidate,MOUSE_SIFTS_CANDIDATE_LOCAL_REVIEW_PENDING,https://www.ebi.ac.uk/pdbe/api/mappings/best_structures/P15532,a9698800793d9319f6161a45e3d1d2f9857df408b22cb1f14b952b058d4c5d67,not_assessed,0.1.0
P15532,PDBe_SIFTS,7ztk,D,,10090,1,152,not_assessed,,,X-ray diffraction,2.6,1.0,,,,,candidate,MOUSE_SIFTS_CANDIDATE_LOCAL_REVIEW_PENDING,https://www.ebi.ac.uk/pdbe/api/mappings/best_structures/P15532,a9698800793d9319f6161a45e3d1d2f9857df408b22cb1f14b952b058d4c5d67,not_assessed,0.1.0
P15532,PDBe_SIFTS,7ztk,E,,10090,1,152,not_assessed,,,X-ray diffraction,2.6,1.0,,,,,candidate,MOUSE_SIFTS_CANDIDATE_LOCAL_REVIEW_PENDING,https://www.ebi.ac.uk/pdbe/api/mappings/best_structures/P15532,a9698800793d9319f6161a45e3d1d2f9857df408b22cb1f14b952b058d4c5d67,not_assessed,0.1.0
P15532,PDBe_SIFTS,7ztk,F,,10090,1,152,not_assessed,,,X-ray diffraction,2.6,1.0,,,,,candidate,MOUSE_SIFTS_CANDIDATE_LOCAL_REVIEW_PENDING,https://www.ebi.ac.uk/pdbe/api/mappings/best_structures/P15532,a9698800793d9319f6161a45e3d1d2f9857df408b22cb1f14b952b058d4c5d67,not_assessed,0.1.0
P15535,AlphaFold_DB,AF-P15535-2-F1,A,6,10090,1,386,not_assessed,ff7137d935e46edb629f823da1026ad151395d20ca29ec02e6d34bf50091b4ad,cd40b6f6b1a3e02f57f7accee8319a12,predicted,,,https://alphafold.ebi.ac.uk/files/AF-P15535-2-F1-model_v6.cif,https://alphafold.ebi.ac.uk/files/AF-P15535-2-F1-model_v6.pdb,https://alphafold.ebi.ac.uk/files/AF-P15535-2-F1-confidence_v6.json,https://alphafold.ebi.ac.uk/files/AF-P15535-2-F1-predicted_aligned_error_v6.json,held,ALPHAFOLD_ACCESSION_DIFFERS_FROM_CANONICAL,https://alphafold.ebi.ac.uk/api/prediction/P15535,b3194251a2319f42436cb286853889dfb347e4a557bb0d3e49286a218db14d31,not_assessed,0.1.0
P15535,AlphaFold_DB,AF-P15535-F1,A,6,10090,1,399,exact_full,4515d19acbb9029f7f718963e9758a87602d997ac3f0f45ff44fb552d725b146,253dd1809a16ccd017547d02fd49215c,predicted,,,https://alphafold.ebi.ac.uk/files/AF-P15535-F1-model_v6.cif,https://alphafold.ebi.ac.uk/files/AF-P15535-F1-model_v6.pdb,https://alphafold.ebi.ac.uk/files/AF-P15535-F1-confidence_v6.json,https://alphafold.ebi.ac.uk/files/AF-P15535-F1-predicted_aligned_error_v6.json,candidate,EXACT_FULL_SEQUENCE_LOCAL_QUALITY_PENDING,https://alphafold.ebi.ac.uk/api/prediction/P15535,b3194251a2319f42436cb286853889dfb347e4a557bb0d3e49286a218db14d31,not_assessed,0.1.0
P16045,AlphaFold_DB,AF-P16045-F1,A,6,10090,1,135,exact_full,a177517589c5742b260059314c09bacc6afaaad0e91e3dbf914c8b44f61b2045,abfd76e2ed747969f0625723a2fe16bc,predicted,,,https://alphafold.ebi.ac.uk/files/AF-P16045-F1-model_v6.cif,https://alphafold.ebi.ac.uk/files/AF-P16045-F1-model_v6.pdb,https://alphafold.ebi.ac.uk/files/AF-P16045-F1-confidence_v6.json,https://alphafold.ebi.ac.uk/files/AF-P16045-F1-predicted_aligned_error_v6.json,candidate,EXACT_FULL_SEQUENCE_LOCAL_QUALITY_PENDING,https://alphafold.ebi.ac.uk/api/prediction/P16045,5d139609e713004b2ab6226a3f0374f456c3cd517cdd124fb252409d19b99965,not_assessed,0.1.0
P16045,PDBe_SIFTS,4lbq,A,,10090,1,135,not_assessed,,,X-ray diffraction,2.4,1.0,,,,,candidate,MOUSE_SIFTS_CANDIDATE_LOCAL_REVIEW_PENDING,https://www.ebi.ac.uk/pdbe/api/mappings/best_structures/P16045,46fc5d969d6457a5d8341a53d3d47f136d559d8dc164aa9f893dd526e44a0da9,not_assessed,0.1.0
P16045,PDBe_SIFTS,4lbq,B,,10090,1,135,not_assessed,,,X-ray diffraction,2.4,1.0,,,,,candidate,MOUSE_SIFTS_CANDIDATE_LOCAL_REVIEW_PENDING,https://www.ebi.ac.uk/pdbe/api/mappings/best_structures/P16045,46fc5d969d6457a5d8341a53d3d47f136d559d8dc164aa9f893dd526e44a0da9,not_assessed,0.1.0
P16045,PDBe_SIFTS,4lbq,C,,10090,1,135,not_assessed,,,X-ray diffraction,2.4,1.0,,,,,candidate,MOUSE_SIFTS_CANDIDATE_LOCAL_REVIEW_PENDING,https://www.ebi.ac.uk/pdbe/api/mappings/best_structures/P16045,46fc5d969d6457a5d8341a53d3d47f136d559d8dc164aa9f893dd526e44a0da9,not_assessed,0.1.0
P16045,PDBe_SIFTS,4lbq,D,,10090,1,135,not_assessed,,,X-ray diffraction,2.4,1.0,,,,,candidate,MOUSE_SIFTS_CANDIDATE_LOCAL_REVIEW_PENDING,https://www.ebi.ac.uk/pdbe/api/mappings/best_structures/P16045,46fc5d969d6457a5d8341a53d3d47f136d559d8dc164aa9f893dd526e44a0da9,not_assessed,0.1.0
P16330,AlphaFold_DB,AF-P16330-2-F1,A,6,10090,1,400,not_assessed,4b5b6e4edf9abeed38868308971ad045d0fad108f8967174922b88ff3d1671d6,5ca2736543576ae1827f75315c23f78f,predicted,,,https://alphafold.ebi.ac.uk/files/AF-P16330-2-F1-model_v6.cif,https://alphafold.ebi.ac.uk/files/AF-P16330-2-F1-model_v6.pdb,https://alphafold.ebi.ac.uk/files/AF-P16330-2-F1-confidence_v6.json,https://alphafold.ebi.ac.uk/files/AF-P16330-2-F1-predicted_aligned_error_v6.json,held,ALPHAFOLD_ACCESSION_DIFFERS_FROM_CANONICAL,https://alphafold.ebi.ac.uk/api/prediction/P16330,7eb66dab05f4c0163522f70236efbcce6f1ae046735c311a5baa74e805b9ad46,not_assessed,0.1.0
P16330,AlphaFold_DB,AF-P16330-F1,A,6,10090,1,420,exact_full,377174b0ce9ec2748c915a4b1f6264803ab1df93c63b02755602f905e015df96,b0a80126098f1d1c84ed67d35084369a,predicted,,,https://alphafold.ebi.ac.uk/files/AF-P16330-F1-model_v6.cif,https://alphafold.ebi.ac.uk/files/AF-P16330-F1-model_v6.pdb,https://alphafold.ebi.ac.uk/files/AF-P16330-F1-confidence_v6.json,https://alphafold.ebi.ac.uk/files/AF-P16330-F1-predicted_aligned_error_v6.json,candidate,EXACT_FULL_SEQUENCE_LOCAL_QUALITY_PENDING,https://alphafold.ebi.ac.uk/api/prediction/P16330,7eb66dab05f4c0163522f70236efbcce6f1ae046735c311a5baa74e805b9ad46,not_assessed,0.1.0
P16330,PDBe_SIFTS,2xmi,A,,10090,179,398,not_assessed,,,X-ray diffraction,1.74,0.524,,,,,candidate,MOUSE_SIFTS_CANDIDATE_LOCAL_REVIEW_PENDING,https://www.ebi.ac.uk/pdbe/api/mappings/best_structures/P16330,3848bce054d63f2de198b0de72d72e593adac69c19753481ace36bfbabbe6ba6,not_assessed,0.1.0
P16330,PDBe_SIFTS,2y1p,A,,10090,179,398,not_assessed,,,X-ray diffraction,1.82,0.524,,,,,candidate,MOUSE_SIFTS_CANDIDATE_LOCAL_REVIEW_PENDING,https://www.ebi.ac.uk/pdbe/api/mappings/best_structures/P16330,3848bce054d63f2de198b0de72d72e593adac69c19753481ace36bfbabbe6ba6,not_assessed,0.1.0
P16330,PDBe_SIFTS,2y3x,A,,10090,179,398,not_assessed,,,X-ray diffraction,2.1,0.524,,,,,candidate,MOUSE_SIFTS_CANDIDATE_LOCAL_REVIEW_PENDING,https://www.ebi.ac.uk/pdbe/api/mappings/best_structures/P16330,3848bce054d63f2de198b0de72d72e593adac69c19753481ace36bfbabbe6ba6,not_assessed,0.1.0
P16330,PDBe_SIFTS,2y3x,B,,10090,179,398,not_assessed,,,X-ray diffraction,2.1,0.524,,,,,candidate,MOUSE_SIFTS_CANDIDATE_LOCAL_REVIEW_PENDING,https://www.ebi.ac.uk/pdbe/api/mappings/best_structures/P16330,3848bce054d63f2de198b0de72d72e593adac69c19753481ace36bfbabbe6ba6,not_assessed,0.1.0
P16330,PDBe_SIFTS,2y3x,E,,10090,179,398,not_assessed,,,X-ray diffraction,2.1,0.524,,,,,candidate,MOUSE_SIFTS_CANDIDATE_LOCAL_REVIEW_PENDING,https://www.ebi.ac.uk/pdbe/api/mappings/best_structures/P16330,3848bce054d63f2de198b0de72d72e593adac69c19753481ace36bfbabbe6ba6,not_assessed,0.1.0
P16330,PDBe_SIFTS,2ydb,A,,10090,179,398,not_assessed,,,X-ray diffraction,2.15,0.524,,,,,candidate,MOUSE_SIFTS_CANDIDATE_LOCAL_REVIEW_PENDING,https://www.ebi.ac.uk/pdbe/api/mappings/best_structures/P16330,3848bce054d63f2de198b0de72d72e593adac69c19753481ace36bfbabbe6ba6,not_assessed,0.1.0
P16330,PDBe_SIFTS,2ydc,A,,10090,179,398,not_assessed,,,X-ray diffraction,2.05,0.524,,,,,candidate,MOUSE_SIFTS_CANDIDATE_LOCAL_REVIEW_PENDING,https://www.ebi.ac.uk/pdbe/api/mappings/best_structures/P16330,3848bce054d63f2de198b0de72d72e593adac69c19753481ace36bfbabbe6ba6,not_assessed,0.1.0
P16330,PDBe_SIFTS,2ydd,A,,10090,179,398,not_assessed,,,X-ray diffraction,2.4,0.524,,,,,candidate,MOUSE_SIFTS_CANDIDATE_LOCAL_REVIEW_PENDING,https://www.ebi.ac.uk/pdbe/api/mappings/best_structures/P16330,3848bce054d63f2de198b0de72d72e593adac69c19753481ace36bfbabbe6ba6,not_assessed,0.1.0
P16330,PDBe_SIFTS,2yoz,A,,10090,179,398,not_assessed,,,X-ray diffraction,2.1,0.524,,,,,candidate,MOUSE_SIFTS_CANDIDATE_LOCAL_REVIEW_PENDING,https://www.ebi.ac.uk/pdbe/api/mappings/best_structures/P16330,3848bce054d63f2de198b0de72d72e593adac69c19753481ace36bfbabbe6ba6,not_assessed,0.1.0
P16330,PDBe_SIFTS,2yp0,A,,10090,179,398,not_assessed,,,X-ray diffraction,2.3,0.524,,,,,candidate,MOUSE_SIFTS_CANDIDATE_LOCAL_REVIEW_PENDING,https://www.ebi.ac.uk/pdbe/api/mappings/best_structures/P16330,3848bce054d63f2de198b0de72d72e593adac69c19753481ace36bfbabbe6ba6,not_assessed,0.1.0
P16330,PDBe_SIFTS,2ypc,A,,10090,179,398,not_assessed,,,X-ray diffraction,1.894,0.524,,,,,candidate,MOUSE_SIFTS_CANDIDATE_LOCAL_REVIEW_PENDING,https://www.ebi.ac.uk/pdbe/api/mappings/best_structures/P16330,3848bce054d63f2de198b0de72d72e593adac69c19753481ace36bfbabbe6ba6,not_assessed,0.1.0
P16330,PDBe_SIFTS,2ype,A,,10090,179,398,not_assessed,,,X-ray diffraction,1.9,0.524,,,,,candidate,MOUSE_SIFTS_CANDIDATE_LOCAL_REVIEW_PENDING,https://www.ebi.ac.uk/pdbe/api/mappings/best_structures/P16330,3848bce054d63f2de198b0de72d72e593adac69c19753481ace36bfbabbe6ba6,not_assessed,0.1.0
P16330,PDBe_SIFTS,2yph,A,,10090,179,398,not_assessed,,,X-ray diffraction,2.1,0.524,,,,,candidate,MOUSE_SIFTS_CANDIDATE_LOCAL_REVIEW_PENDING,https://www.ebi.ac.uk/pdbe/api/mappings/best_structures/P16330,3848bce054d63f2de198b0de72d72e593adac69c19753481ace36bfbabbe6ba6,not_assessed,0.1.0
P16330,PDBe_SIFTS,2yq9,A,,10090,179,398,not_assessed,,,X-ray diffraction,1.9,0.524,,,,,candidate,MOUSE_SIFTS_CANDIDATE_LOCAL_REVIEW_PENDING,https://www.ebi.ac.uk/pdbe/api/mappings/best_structures/P16330,3848bce054d63f2de198b0de72d72e593adac69c19753481ace36bfbabbe6ba6,not_assessed,0.1.0
P16330,PDBe_SIFTS,3zbr,A,,10090,179,398,not_assessed,,,X-ray diffraction,2.304,0.524,,,,,candidate,MOUSE_SIFTS_CANDIDATE_LOCAL_REVIEW_PENDING,https://www.ebi.ac.uk/pdbe/api/mappings/best_structures/P16330,3848bce054d63f2de198b0de72d72e593adac69c19753481ace36bfbabbe6ba6,not_assessed,0.1.0
P16330,PDBe_SIFTS,3zbr,B,,10090,179,398,not_assessed,,,X-ray diffraction,2.304,0.524,,,,,candidate,MOUSE_SIFTS_CANDIDATE_LOCAL_REVIEW_PENDING,https://www.ebi.ac.uk/pdbe/api/mappings/best_structures/P16330,3848bce054d63f2de198b0de72d72e593adac69c19753481ace36bfbabbe6ba6,not_assessed,0.1.0
P16330,PDBe_SIFTS,3zbs,A,,10090,179,398,not_assessed,,,X-ray diffraction,2.45,0.524,,,,,candidate,MOUSE_SIFTS_CANDIDATE_LOCAL_REVIEW_PENDING,https://www.ebi.ac.uk/pdbe/api/mappings/best_structures/P16330,3848bce054d63f2de198b0de72d72e593adac69c19753481ace36bfbabbe6ba6,not_assessed,0.1.0
P16330,PDBe_SIFTS,3zbz,A,,10090,179,398,not_assessed,,,X-ray diffraction,2.1,0.524,,,,,candidate,MOUSE_SIFTS_CANDIDATE_LOCAL_REVIEW_PENDING,https://www.ebi.ac.uk/pdbe/api/mappings/best_structures/P16330,3848bce054d63f2de198b0de72d72e593adac69c19753481ace36bfbabbe6ba6,not_assessed,0.1.0
P16330,PDBe_SIFTS,4wbi,A,,10090,179,398,not_assessed,,,X-ray diffraction,2.0,0.524,,,,,candidate,MOUSE_SIFTS_CANDIDATE_LOCAL_REVIEW_PENDING,https://www.ebi.ac.uk/pdbe/api/mappings/best_structures/P16330,3848bce054d63f2de198b0de72d72e593adac69c19753481ace36bfbabbe6ba6,not_assessed,0.1.0
P16330,PDBe_SIFTS,4wbl,A,,10090,179,398,not_assessed,,,X-ray diffraction,2.501,0.524,,,,,candidate,MOUSE_SIFTS_CANDIDATE_LOCAL_REVIEW_PENDING,https://www.ebi.ac.uk/pdbe/api/mappings/best_structures/P16330,3848bce054d63f2de198b0de72d72e593adac69c19753481ace36bfbabbe6ba6,not_assessed,0.1.0
P16330,PDBe_SIFTS,4wc9,A,,10090,179,398,not_assessed,,,X-ray diffraction,2.0,0.524,,,,,candidate,MOUSE_SIFTS_CANDIDATE_LOCAL_REVIEW_PENDING,https://www.ebi.ac.uk/pdbe/api/mappings/best_structures/P16330,3848bce054d63f2de198b0de72d72e593adac69c19753481ace36bfbabbe6ba6,not_assessed,0.1.0
P16330,PDBe_SIFTS,4wca,A,,10090,179,398,not_assessed,,,X-ray diffraction,1.85,0.524,,,,,candidate,MOUSE_SIFTS_CANDIDATE_LOCAL_REVIEW_PENDING,https://www.ebi.ac.uk/pdbe/api/mappings/best_structures/P16330,3848bce054d63f2de198b0de72d72e593adac69c19753481ace36bfbabbe6ba6,not_assessed,0.1.0
P16330,PDBe_SIFTS,4wcb,A,,10090,179,398,not_assessed,,,X-ray diffraction,1.57,0.524,,,,,candidate,MOUSE_SIFTS_CANDIDATE_LOCAL_REVIEW_PENDING,https://www.ebi.ac.uk/pdbe/api/mappings/best_structures/P16330,3848bce054d63f2de198b0de72d72e593adac69c19753481ace36bfbabbe6ba6,not_assessed,0.1.0
P16330,PDBe_SIFTS,4wcc,A,,10090,179,398,not_assessed,,,X-ray diffraction,2.7,0.524,,,,,candidate,MOUSE_SIFTS_CANDIDATE_LOCAL_REVIEW_PENDING,https://www.ebi.ac.uk/pdbe/api/mappings/best_structures/P16330,3848bce054d63f2de198b0de72d72e593adac69c19753481ace36bfbabbe6ba6,not_assessed,0.1.0
P16330,PDBe_SIFTS,4wda,A,,10090,179,398,not_assessed,,,X-ray diffraction,1.85,0.524,,,,,candidate,MOUSE_SIFTS_CANDIDATE_LOCAL_REVIEW_PENDING,https://www.ebi.ac.uk/pdbe/api/mappings/best_structures/P16330,3848bce054d63f2de198b0de72d72e593adac69c19753481ace36bfbabbe6ba6,not_assessed,0.1.0
P16330,PDBe_SIFTS,4wdb,A,,10090,179,398,not_assessed,,,X-ray diffraction,1.6,0.524,,,,,candidate,MOUSE_SIFTS_CANDIDATE_LOCAL_REVIEW_PENDING,https://www.ebi.ac.uk/pdbe/api/mappings/best_structures/P16330,3848bce054d63f2de198b0de72d72e593adac69c19753481ace36bfbabbe6ba6,not_assessed,0.1.0
P16330,PDBe_SIFTS,4wdd,A,,10090,179,398,not_assessed,,,X-ray diffraction,2.101,0.524,,,,,candidate,MOUSE_SIFTS_CANDIDATE_LOCAL_REVIEW_PENDING,https://www.ebi.ac.uk/pdbe/api/mappings/best_structures/P16330,3848bce054d63f2de198b0de72d72e593adac69c19753481ace36bfbabbe6ba6,not_assessed,0.1.0
P16330,PDBe_SIFTS,4wde,A,,10090,179,398,not_assessed,,,X-ray diffraction,2.4,0.524,,,,,candidate,MOUSE_SIFTS_CANDIDATE_LOCAL_REVIEW_PENDING,https://www.ebi.ac.uk/pdbe/api/mappings/best_structures/P16330,3848bce054d63f2de198b0de72d72e593adac69c19753481ace36bfbabbe6ba6,not_assessed,0.1.0
P16330,PDBe_SIFTS,4wde,B,,10090,179,398,not_assessed,,,X-ray diffraction,2.4,0.524,,,,,candidate,MOUSE_SIFTS_CANDIDATE_LOCAL_REVIEW_PENDING,https://www.ebi.ac.uk/pdbe/api/mappings/best_structures/P16330,3848bce054d63f2de198b0de72d72e593adac69c19753481ace36bfbabbe6ba6,not_assessed,0.1.0
P16330,PDBe_SIFTS,4wdf,A,,10090,179,398,not_assessed,,,X-ray diffraction,2.0,0.524,,,,,candidate,MOUSE_SIFTS_CANDIDATE_LOCAL_REVIEW_PENDING,https://www.ebi.ac.uk/pdbe/api/mappings/best_structures/P16330,3848bce054d63f2de198b0de72d72e593adac69c19753481ace36bfbabbe6ba6,not_assessed,0.1.0
P16330,PDBe_SIFTS,4wdg,A,,10090,179,398,not_assessed,,,X-ray diffraction,2.05,0.524,,,,,candidate,MOUSE_SIFTS_CANDIDATE_LOCAL_REVIEW_PENDING,https://www.ebi.ac.uk/pdbe/api/mappings/best_structures/P16330,3848bce054d63f2de198b0de72d72e593adac69c19753481ace36bfbabbe6ba6,not_assessed,0.1.0
P16330,PDBe_SIFTS,4wdh,A,,10090,179,398,not_assessed,,,X-ray diffraction,1.9,0.524,,,,,candidate,MOUSE_SIFTS_CANDIDATE_LOCAL_REVIEW_PENDING,https://www.ebi.ac.uk/pdbe/api/mappings/best_structures/P16330,3848bce054d63f2de198b0de72d72e593adac69c19753481ace36bfbabbe6ba6,not_assessed,0.1.0
P16330,PDBe_SIFTS,4wex,A,,10090,179,398,not_assessed,,,X-ray diffraction,2.1,0.524,,,,,candidate,MOUSE_SIFTS_CANDIDATE_LOCAL_REVIEW_PENDING,https://www.ebi.ac.uk/pdbe/api/mappings/best_structures/P16330,3848bce054d63f2de198b0de72d72e593adac69c19753481ace36bfbabbe6ba6,not_assessed,0.1.0
P16330,PDBe_SIFTS,4wfr,A,,10090,179,398,not_assessed,,,X-ray diffraction,2.0,0.524,,,,,candidate,MOUSE_SIFTS_CANDIDATE_LOCAL_REVIEW_PENDING,https://www.ebi.ac.uk/pdbe/api/mappings/best_structures/P16330,3848bce054d63f2de198b0de72d72e593adac69c19753481ace36bfbabbe6ba6,not_assessed,0.1.0
P16330,PDBe_SIFTS,5ae0,A,,10090,179,398,not_assessed,,,X-ray diffraction,1.04,0.524,,,,,candidate,MOUSE_SIFTS_CANDIDATE_LOCAL_REVIEW_PENDING,https://www.ebi.ac.uk/pdbe/api/mappings/best_structures/P16330,3848bce054d63f2de198b0de72d72e593adac69c19753481ace36bfbabbe6ba6,not_assessed,0.1.0
P16330,PDBe_SIFTS,7qzk,A,,10090,179,398,not_assessed,,,X-ray diffraction,1.66,0.524,,,,,candidate,MOUSE_SIFTS_CANDIDATE_LOCAL_REVIEW_PENDING,https://www.ebi.ac.uk/pdbe/api/mappings/best_structures/P16330,3848bce054d63f2de198b0de72d72e593adac69c19753481ace36bfbabbe6ba6,not_assessed,0.1.0
P16330,PDBe_SIFTS,7qzs,A,,10090,179,398,not_assessed,,,X-ray diffraction,1.8,0.524,,,,,candidate,MOUSE_SIFTS_CANDIDATE_LOCAL_REVIEW_PENDING,https://www.ebi.ac.uk/pdbe/api/mappings/best_structures/P16330,3848bce054d63f2de198b0de72d72e593adac69c19753481ace36bfbabbe6ba6,not_assessed,0.1.0
P16330,PDBe_SIFTS,9ert,A,,10090,179,398,not_assessed,,,X-ray diffraction,2.75,0.524,,,,,candidate,MOUSE_SIFTS_CANDIDATE_LOCAL_REVIEW_PENDING,https://www.ebi.ac.uk/pdbe/api/mappings/best_structures/P16330,3848bce054d63f2de198b0de72d72e593adac69c19753481ace36bfbabbe6ba6,not_assessed,0.1.0
P16330,PDBe_SIFTS,9eru,A,,10090,179,398,not_assessed,,,X-ray diffraction,2.5,0.524,,,,,candidate,MOUSE_SIFTS_CANDIDATE_LOCAL_REVIEW_PENDING,https://www.ebi.ac.uk/pdbe/api/mappings/best_structures/P16330,3848bce054d63f2de198b0de72d72e593adac69c19753481ace36bfbabbe6ba6,not_assessed,0.1.0
P16330,PDBe_SIFTS,9eru,B,,10090,179,398,not_assessed,,,X-ray diffraction,2.5,0.524,,,,,candidate,MOUSE_SIFTS_CANDIDATE_LOCAL_REVIEW_PENDING,https://www.ebi.ac.uk/pdbe/api/mappings/best_structures/P16330,3848bce054d63f2de198b0de72d72e593adac69c19753481ace36bfbabbe6ba6,not_assessed,0.1.0
P16330,PDBe_SIFTS,9eru,D,,10090,179,398,not_assessed,,,X-ray diffraction,2.5,0.524,,,,,candidate,MOUSE_SIFTS_CANDIDATE_LOCAL_REVIEW_PENDING,https://www.ebi.ac.uk/pdbe/api/mappings/best_structures/P16330,3848bce054d63f2de198b0de72d72e593adac69c19753481ace36bfbabbe6ba6,not_assessed,0.1.0
P16330,PDBe_SIFTS,9eru,F,,10090,179,398,not_assessed,,,X-ray diffraction,2.5,0.524,,,,,candidate,MOUSE_SIFTS_CANDIDATE_LOCAL_REVIEW_PENDING,https://www.ebi.ac.uk/pdbe/api/mappings/best_structures/P16330,3848bce054d63f2de198b0de72d72e593adac69c19753481ace36bfbabbe6ba6,not_assessed,0.1.0
P16330,PDBe_SIFTS,9erw,B,,10090,179,398,not_assessed,,,X-ray diffraction,1.73,0.524,,,,,candidate,MOUSE_SIFTS_CANDIDATE_LOCAL_REVIEW_PENDING,https://www.ebi.ac.uk/pdbe/api/mappings/best_structures/P16330,3848bce054d63f2de198b0de72d72e593adac69c19753481ace36bfbabbe6ba6,not_assessed,0.1.0
P16330,PDBe_SIFTS,9etj,A,,10090,179,398,not_assessed,,,X-ray diffraction,2.55,0.524,,,,,candidate,MOUSE_SIFTS_CANDIDATE_LOCAL_REVIEW_PENDING,https://www.ebi.ac.uk/pdbe/api/mappings/best_structures/P16330,3848bce054d63f2de198b0de72d72e593adac69c19753481ace36bfbabbe6ba6,not_assessed,0.1.0
P16330,PDBe_SIFTS,9etj,B,,10090,179,398,not_assessed,,,X-ray diffraction,2.55,0.524,,,,,candidate,MOUSE_SIFTS_CANDIDATE_LOCAL_REVIEW_PENDING,https://www.ebi.ac.uk/pdbe/api/mappings/best_structures/P16330,3848bce054d63f2de198b0de72d72e593adac69c19753481ace36bfbabbe6ba6,not_assessed,0.1.0
P16330,PDBe_SIFTS,9etj,E,,10090,179,398,not_assessed,,,X-ray diffraction,2.55,0.524,,,,,candidate,MOUSE_SIFTS_CANDIDATE_LOCAL_REVIEW_PENDING,https://www.ebi.ac.uk/pdbe/api/mappings/best_structures/P16330,3848bce054d63f2de198b0de72d72e593adac69c19753481ace36bfbabbe6ba6,not_assessed,0.1.0
P16330,PDBe_SIFTS,9etj,G,,10090,179,398,not_assessed,,,X-ray diffraction,2.55,0.524,,,,,candidate,MOUSE_SIFTS_CANDIDATE_LOCAL_REVIEW_PENDING,https://www.ebi.ac.uk/pdbe/api/mappings/best_structures/P16330,3848bce054d63f2de198b0de72d72e593adac69c19753481ace36bfbabbe6ba6,not_assessed,0.1.0
P16330,PDBe_SIFTS,9etl,A,,10090,179,398,not_assessed,,,X-ray diffraction,1.5,0.524,,,,,candidate,MOUSE_SIFTS_CANDIDATE_LOCAL_REVIEW_PENDING,https://www.ebi.ac.uk/pdbe/api/mappings/best_structures/P16330,3848bce054d63f2de198b0de72d72e593adac69c19753481ace36bfbabbe6ba6,not_assessed,0.1.0
P16330,PDBe_SIFTS,9etl,B,,10090,179,398,not_assessed,,,X-ray diffraction,1.5,0.524,,,,,candidate,MOUSE_SIFTS_CANDIDATE_LOCAL_REVIEW_PENDING,https://www.ebi.ac.uk/pdbe/api/mappings/best_structures/P16330,3848bce054d63f2de198b0de72d72e593adac69c19753481ace36bfbabbe6ba6,not_assessed,0.1.0
P16460,AlphaFold_DB,AF-P16460-F1,A,6,10090,1,412,exact_full,ba9ec36c49000c2fa42cefb09ebfe8f81ad98fbc7fa6b2c5a3e5bb7d55d164e2,8e4eeb1778f93bad98f002dc94c77477,predicted,,,https://alphafold.ebi.ac.uk/files/AF-P16460-F1-model_v6.cif,https://alphafold.ebi.ac.uk/files/AF-P16460-F1-model_v6.pdb,https://alphafold.ebi.ac.uk/files/AF-P16460-F1-confidence_v6.json,https://alphafold.ebi.ac.uk/files/AF-P16460-F1-predicted_aligned_error_v6.json,candidate,EXACT_FULL_SEQUENCE_LOCAL_QUALITY_PENDING,https://alphafold.ebi.ac.uk/api/prediction/P16460,7162f306867dd65ab4476449a8bd15a375fe8989a00c56a65debb68df2ba5e40,not_assessed,0.1.0
P17156,AlphaFold_DB,AF-P17156-F1,A,6,10090,1,633,exact_full,4fca2e70ca5b4dfbc0128aea2d0ee6d3d09d0d52f65c076ad6fa88f9d799fe93,f9fba51a37f97829da5e49506fdd8e90,predicted,,,https://alphafold.ebi.ac.uk/files/AF-P17156-F1-model_v6.cif,https://alphafold.ebi.ac.uk/files/AF-P17156-F1-model_v6.pdb,https://alphafold.ebi.ac.uk/files/AF-P17156-F1-confidence_v6.json,https://alphafold.ebi.ac.uk/files/AF-P17156-F1-predicted_aligned_error_v6.json,candidate,EXACT_FULL_SEQUENCE_LOCAL_QUALITY_PENDING,https://alphafold.ebi.ac.uk/api/prediction/P17156,443a06f451a4076319fee06a07ebfcbe94815cb016611098d887a90700cb5ff0,not_assessed,0.1.0
P17563,AlphaFold_DB,AF-P17563-F1,A,6,10090,1,472,exact_full,fd12492e27055e6afde6862f6ad5e2f8dd7d148012065e97621469648b81a633,07a05ef2e867d73912f4f2f6324fe89f,predicted,,,https://alphafold.ebi.ac.uk/files/AF-P17563-F1-model_v6.cif,https://alphafold.ebi.ac.uk/files/AF-P17563-F1-model_v6.pdb,https://alphafold.ebi.ac.uk/files/AF-P17563-F1-confidence_v6.json,https://alphafold.ebi.ac.uk/files/AF-P17563-F1-predicted_aligned_error_v6.json,candidate,EXACT_FULL_SEQUENCE_LOCAL_QUALITY_PENDING,https://alphafold.ebi.ac.uk/api/prediction/P17563,1a71e37ac8faa85b706d9afdf727eacaf436f7b0028bb15b4fd57b014cac7491,not_assessed,0.1.0
P18581,AlphaFold_DB,AF-P18581-2-F1,A,6,10090,1,658,not_assessed,ad0532c9641c796bd8f7240e8e8f2d1cd2fcea1e09ad5f725bc11815afcc0170,271b561f47ac4ab111696c36cec9dcfd,predicted,,,https://alphafold.ebi.ac.uk/files/AF-P18581-2-F1-model_v6.cif,https://alphafold.ebi.ac.uk/files/AF-P18581-2-F1-model_v6.pdb,https://alphafold.ebi.ac.uk/files/AF-P18581-2-F1-confidence_v6.json,https://alphafold.ebi.ac.uk/files/AF-P18581-2-F1-predicted_aligned_error_v6.json,held,ALPHAFOLD_ACCESSION_DIFFERS_FROM_CANONICAL,https://alphafold.ebi.ac.uk/api/prediction/P18581,c46973dbc9bda6491d9ef8a2fc4249d9a9f3c2833cdc90ebf32e371fdddb5e75,not_assessed,0.1.0
P18581,AlphaFold_DB,AF-P18581-F1,A,6,10090,1,657,exact_full,ba6cbaf9290f84086861f45f59bc4505527ca4ddb7512fe55e158ea64821dea1,c437136be890188c4e6026fc306b8a38,predicted,,,https://alphafold.ebi.ac.uk/files/AF-P18581-F1-model_v6.cif,https://alphafold.ebi.ac.uk/files/AF-P18581-F1-model_v6.pdb,https://alphafold.ebi.ac.uk/files/AF-P18581-F1-confidence_v6.json,https://alphafold.ebi.ac.uk/files/AF-P18581-F1-predicted_aligned_error_v6.json,candidate,EXACT_FULL_SEQUENCE_LOCAL_QUALITY_PENDING,https://alphafold.ebi.ac.uk/api/prediction/P18581,c46973dbc9bda6491d9ef8a2fc4249d9a9f3c2833cdc90ebf32e371fdddb5e75,not_assessed,0.1.0
P19246,AlphaFold_DB,AF-P19246-F1,A,6,10090,1,1090,exact_full,60a3c3af1b43dff4a07a63019cce65579cad1aadceb7312e5c56de6ba88de137,2eeb557b1a9d25c3234a14b05a934b5f,predicted,,,https://alphafold.ebi.ac.uk/files/AF-P19246-F1-model_v6.cif,https://alphafold.ebi.ac.uk/files/AF-P19246-F1-model_v6.pdb,https://alphafold.ebi.ac.uk/files/AF-P19246-F1-confidence_v6.json,https://alphafold.ebi.ac.uk/files/AF-P19246-F1-predicted_aligned_error_v6.json,candidate,EXACT_FULL_SEQUENCE_LOCAL_QUALITY_PENDING,https://alphafold.ebi.ac.uk/api/prediction/P19246,53f94c5f4991c83e3f4e36075d249e490f705a8d3dd35412e6ea65b9016343e3,not_assessed,0.1.0
P19788,AlphaFold_DB,AF-P19788-F1,A,6,10090,1,104,exact_full,089859fe9c144ce59711c700ffcb3c86077db27e1dcf160e7d985525fb007d16,ae635a2a9b271f1cf5507bcd770bfb02,predicted,,,https://alphafold.ebi.ac.uk/files/AF-P19788-F1-model_v6.cif,https://alphafold.ebi.ac.uk/files/AF-P19788-F1-model_v6.pdb,https://alphafold.ebi.ac.uk/files/AF-P19788-F1-confidence_v6.json,https://alphafold.ebi.ac.uk/files/AF-P19788-F1-predicted_aligned_error_v6.json,candidate,EXACT_FULL_SEQUENCE_LOCAL_QUALITY_PENDING,https://alphafold.ebi.ac.uk/api/prediction/P19788,83d266b76ced231d08bb33d9590b4483eb2adcec38e09d66072ace0ac0dd5d5e,not_assessed,0.1.0
P21237,AlphaFold_DB,AF-P21237-2-F1,A,6,10090,1,257,not_assessed,4ce61b64d72e7520dd5e5be084473e32892f1c84a284c8448ceb9a670339debb,7c55ef45dd3abf76e41ef51bfacbd54d,predicted,,,https://alphafold.ebi.ac.uk/files/AF-P21237-2-F1-model_v6.cif,https://alphafold.ebi.ac.uk/files/AF-P21237-2-F1-model_v6.pdb,https://alphafold.ebi.ac.uk/files/AF-P21237-2-F1-confidence_v6.json,https://alphafold.ebi.ac.uk/files/AF-P21237-2-F1-predicted_aligned_error_v6.json,held,ALPHAFOLD_ACCESSION_DIFFERS_FROM_CANONICAL,https://alphafold.ebi.ac.uk/api/prediction/P21237,c1e6d667b876dc957c59b4452d6a4fa60f16855e64f24bc7503d15af15f66b97,not_assessed,0.1.0
P21237,AlphaFold_DB,AF-P21237-F1,A,6,10090,1,249,exact_full,ea8fee4ea8bab761e828dbad4fd8c72c352c9c53a58270902664b6b8504dd0b8,a8d0b03c4931ff959c20ca00ee768534,predicted,,,https://alphafold.ebi.ac.uk/files/AF-P21237-F1-model_v6.cif,https://alphafold.ebi.ac.uk/files/AF-P21237-F1-model_v6.pdb,https://alphafold.ebi.ac.uk/files/AF-P21237-F1-confidence_v6.json,https://alphafold.ebi.ac.uk/files/AF-P21237-F1-predicted_aligned_error_v6.json,candidate,EXACT_FULL_SEQUENCE_LOCAL_QUALITY_PENDING,https://alphafold.ebi.ac.uk/api/prediction/P21237,c1e6d667b876dc957c59b4452d6a4fa60f16855e64f24bc7503d15af15f66b97,not_assessed,0.1.0
P21275,AlphaFold_DB,AF-P21275-F1,A,6,10090,1,408,exact_full,323326a5d11e077501015d0eab803702f027d19ce85be69b311f122fccec2b64,fc064a0817595a7665cd15c5482722eb,predicted,,,https://alphafold.ebi.ac.uk/files/AF-P21275-F1-model_v6.cif,https://alphafold.ebi.ac.uk/files/AF-P21275-F1-model_v6.pdb,https://alphafold.ebi.ac.uk/files/AF-P21275-F1-confidence_v6.json,https://alphafold.ebi.ac.uk/files/AF-P21275-F1-predicted_aligned_error_v6.json,candidate,EXACT_FULL_SEQUENCE_LOCAL_QUALITY_PENDING,https://alphafold.ebi.ac.uk/api/prediction/P21275,ad3462b9d258622b1718a1a0e34fec570574944c76d32eacba4d1e0399eca209,not_assessed,0.1.0
P21460,AlphaFold_DB,AF-P21460-F1,A,6,10090,1,140,exact_full,81feede371e13e53140bc3472cf00754e51cbc04ac4e558a7b9da2f926d8fff8,3659dec92bf23226f2ae5f99251c3e44,predicted,,,https://alphafold.ebi.ac.uk/files/AF-P21460-F1-model_v6.cif,https://alphafold.ebi.ac.uk/files/AF-P21460-F1-model_v6.pdb,https://alphafold.ebi.ac.uk/files/AF-P21460-F1-confidence_v6.json,https://alphafold.ebi.ac.uk/files/AF-P21460-F1-predicted_aligned_error_v6.json,candidate,EXACT_FULL_SEQUENCE_LOCAL_QUALITY_PENDING,https://alphafold.ebi.ac.uk/api/prediction/P21460,7673a17a68a71170beaa18450c4cb402b1eddd031612ac86d901ffd08414b54b,not_assessed,0.1.0
P21460,PDBe_SIFTS,8v57,C,,10090,21,140,not_assessed,,,X-ray diffraction,2.75,1.0,,,,,candidate,MOUSE_SIFTS_CANDIDATE_LOCAL_REVIEW_PENDING,https://www.ebi.ac.uk/pdbe/api/mappings/best_structures/P21460,f457846f51db69d987c2c4eab1a77d4cb7d3483ca4a6272627a1e2af68d7fc41,not_assessed,0.1.0
P21460,PDBe_SIFTS,8v57,D,,10090,21,140,not_assessed,,,X-ray diffraction,2.75,1.0,,,,,candidate,MOUSE_SIFTS_CANDIDATE_LOCAL_REVIEW_PENDING,https://www.ebi.ac.uk/pdbe/api/mappings/best_structures/P21460,f457846f51db69d987c2c4eab1a77d4cb7d3483ca4a6272627a1e2af68d7fc41,not_assessed,0.1.0
P21855,AlphaFold_DB,AF-P21855-F1,A,6,10090,1,354,exact_full,115c1993cf36d1b5ecf690a2bab25606c113ea5888a3f538d97488a65102634d,4c712c453d8b0e43526ee682aa84bb85,predicted,,,https://alphafold.ebi.ac.uk/files/AF-P21855-F1-model_v6.cif,https://alphafold.ebi.ac.uk/files/AF-P21855-F1-model_v6.pdb,https://alphafold.ebi.ac.uk/files/AF-P21855-F1-confidence_v6.json,https://alphafold.ebi.ac.uk/files/AF-P21855-F1-predicted_aligned_error_v6.json,candidate,EXACT_FULL_SEQUENCE_LOCAL_QUALITY_PENDING,https://alphafold.ebi.ac.uk/api/prediction/P21855,c296a349cd47df6c2c447484e54ca32ad2239dace0b94bff41725469e1f734ef,not_assessed,0.1.0
P21855,PDBe_SIFTS,5b1r,A,,10090,232,354,not_assessed,,,X-ray diffraction,1.2,0.347,,,,,candidate,MOUSE_SIFTS_CANDIDATE_LOCAL_REVIEW_PENDING,https://www.ebi.ac.uk/pdbe/api/mappings/best_structures/P21855,7e4e0987becd6afea20b9c60650b944633e7b612befec60cad49e890eba2ed45,not_assessed,0.1.0
P21956,AlphaFold_DB,AF-P21956-2-F1,A,6,10090,1,426,not_assessed,3b5f539ec0d320b5cfb24ea9c395f5ed2c614e49cad5bfef861a02e630231836,a453371c0723d92e0cc56f3c928c10e6,predicted,,,https://alphafold.ebi.ac.uk/files/AF-P21956-2-F1-model_v6.cif,https://alphafold.ebi.ac.uk/files/AF-P21956-2-F1-model_v6.pdb,https://alphafold.ebi.ac.uk/files/AF-P21956-2-F1-confidence_v6.json,https://alphafold.ebi.ac.uk/files/AF-P21956-2-F1-predicted_aligned_error_v6.json,held,ALPHAFOLD_ACCESSION_DIFFERS_FROM_CANONICAL,https://alphafold.ebi.ac.uk/api/prediction/P21956,e6e1e8a9b17a8a4a37c1b7b814783f834516a77e2f07f35c6208222f97df28a1,not_assessed,0.1.0
P21956,AlphaFold_DB,AF-P21956-F1,A,6,10090,1,463,exact_full,02a53a4fff1685ef8e30e8ae19537bce0c419088be33a34df406488c646b5fd2,f3e2dc9565dbd9b5090075f342687806,predicted,,,https://alphafold.ebi.ac.uk/files/AF-P21956-F1-model_v6.cif,https://alphafold.ebi.ac.uk/files/AF-P21956-F1-model_v6.pdb,https://alphafold.ebi.ac.uk/files/AF-P21956-F1-confidence_v6.json,https://alphafold.ebi.ac.uk/files/AF-P21956-F1-predicted_aligned_error_v6.json,candidate,EXACT_FULL_SEQUENCE_LOCAL_QUALITY_PENDING,https://alphafold.ebi.ac.uk/api/prediction/P21956,e6e1e8a9b17a8a4a37c1b7b814783f834516a77e2f07f35c6208222f97df28a1,not_assessed,0.1.0
P21956,PDBe_SIFTS,2l9l,A,,10090,306,463,not_assessed,,,Solution NMR,,0.358,,,,,candidate,MOUSE_SIFTS_CANDIDATE_LOCAL_REVIEW_PENDING,https://www.ebi.ac.uk/pdbe/api/mappings/best_structures/P21956,a993b614b01d7c3ef4f18bec7a03c6b174a57e321320a17b3cd65d2320d9cf76,not_assessed,0.1.0
P21995,AlphaFold_DB,AF-P21995-F1,A,6,10090,1,330,exact_full,1f1372529dc510ee11c7a4ce05bdb1edc3385e602af6fccde242074be3f7bc02,dbcef9e341f0dae4e7a0fb31811971ca,predicted,,,https://alphafold.ebi.ac.uk/files/AF-P21995-F1-model_v6.cif,https://alphafold.ebi.ac.uk/files/AF-P21995-F1-model_v6.pdb,https://alphafold.ebi.ac.uk/files/AF-P21995-F1-confidence_v6.json,https://alphafold.ebi.ac.uk/files/AF-P21995-F1-predicted_aligned_error_v6.json,candidate,EXACT_FULL_SEQUENCE_LOCAL_QUALITY_PENDING,https://alphafold.ebi.ac.uk/api/prediction/P21995,058eff61373856ff2ad500539c1e336fb5da331ed9a036160c4ba9d0335eadb8,not_assessed,0.1.0
P22272,AlphaFold_DB,AF-P22272-F1,A,6,10090,1,460,exact_full,8b3919ec3549f8f244c6fb03b8d6200c9e1714a49d07195082574b730b4aaa7a,08e1009c5620f5af152bc0d2f0d5a9ab,predicted,,,https://alphafold.ebi.ac.uk/files/AF-P22272-F1-model_v6.cif,https://alphafold.ebi.ac.uk/files/AF-P22272-F1-model_v6.pdb,https://alphafold.ebi.ac.uk/files/AF-P22272-F1-confidence_v6.json,https://alphafold.ebi.ac.uk/files/AF-P22272-F1-predicted_aligned_error_v6.json,candidate,EXACT_FULL_SEQUENCE_LOCAL_QUALITY_PENDING,https://alphafold.ebi.ac.uk/api/prediction/P22272,fdb0325a5eeb64c45f51c0e0e43cef668b3a3a0e39c4380e7d9ce15d40dee1a0,not_assessed,0.1.0
P23440,AlphaFold_DB,AF-P23440-2-F1,A,6,10090,1,800,not_assessed,cb440a411599719b769488f1f26b19b2d574dbf98bb890b50d5dc4e31cc9b74d,2cf75eb57077d8786b6be1a277bf6a47,predicted,,,https://alphafold.ebi.ac.uk/files/AF-P23440-2-F1-model_v6.cif,https://alphafold.ebi.ac.uk/files/AF-P23440-2-F1-model_v6.pdb,https://alphafold.ebi.ac.uk/files/AF-P23440-2-F1-confidence_v6.json,https://alphafold.ebi.ac.uk/files/AF-P23440-2-F1-predicted_aligned_error_v6.json,held,ALPHAFOLD_ACCESSION_DIFFERS_FROM_CANONICAL,https://alphafold.ebi.ac.uk/api/prediction/P23440,084de8e72f50dc390b19fb7f8d3f205b33f7916b1828b3653539971a5b2c16f9,not_assessed,0.1.0
P23440,AlphaFold_DB,AF-P23440-F1,A,6,10090,1,856,exact_full,64dd387d62398738142998751717d0938b9b615153bae109aeb6a24ce9a106cc,9a03b7c07a7d8b977d964b702684d42e,predicted,,,https://alphafold.ebi.ac.uk/files/AF-P23440-F1-model_v6.cif,https://alphafold.ebi.ac.uk/files/AF-P23440-F1-model_v6.pdb,https://alphafold.ebi.ac.uk/files/AF-P23440-F1-confidence_v6.json,https://alphafold.ebi.ac.uk/files/AF-P23440-F1-predicted_aligned_error_v6.json,candidate,EXACT_FULL_SEQUENCE_LOCAL_QUALITY_PENDING,https://alphafold.ebi.ac.uk/api/prediction/P23440,084de8e72f50dc390b19fb7f8d3f205b33f7916b1828b3653539971a5b2c16f9,not_assessed,0.1.0
P23611,AlphaFold_DB,AF-P23611-F1,A,6,10090,1,424,exact_full,1b5ce196b074de1e2d749c76987557585925beb2cd14bb7f7ce8e33ab075789b,423f086611031b4fc4d371b216f1697b,predicted,,,https://alphafold.ebi.ac.uk/files/AF-P23611-F1-model_v6.cif,https://alphafold.ebi.ac.uk/files/AF-P23611-F1-model_v6.pdb,https://alphafold.ebi.ac.uk/files/AF-P23611-F1-confidence_v6.json,https://alphafold.ebi.ac.uk/files/AF-P23611-F1-predicted_aligned_error_v6.json,candidate,EXACT_FULL_SEQUENCE_LOCAL_QUALITY_PENDING,https://alphafold.ebi.ac.uk/api/prediction/P23611,41671484ef9681d75923e120dd5f71eec2b8d26ca035d4915a9deb71827788e9,not_assessed,0.1.0
P24288,AlphaFold_DB,AF-P24288-F1,A,6,10090,1,386,exact_full,151b7c41ef029e659d989bbc2f39047c49c0987d20ba2664a410d0edaddd7aef,841c190cf145fa5d301904862fcbe805,predicted,,,https://alphafold.ebi.ac.uk/files/AF-P24288-F1-model_v6.cif,https://alphafold.ebi.ac.uk/files/AF-P24288-F1-model_v6.pdb,https://alphafold.ebi.ac.uk/files/AF-P24288-F1-confidence_v6.json,https://alphafold.ebi.ac.uk/files/AF-P24288-F1-predicted_aligned_error_v6.json,candidate,EXACT_FULL_SEQUENCE_LOCAL_QUALITY_PENDING,https://alphafold.ebi.ac.uk/api/prediction/P24288,0ccb7533b24208701dd93bb09c87a7c5c0ae4d3bb97139631155b7e150c2aca6,not_assessed,0.1.0
P24549,AlphaFold_DB,AF-P24549-F1,A,6,10090,1,501,exact_full,21c42a9fb20c2561286b936c5ad986e2a9529a725c3f3c8212990b04663c558d,e4ff8a879b13a58cd19b402c5955c31f,predicted,,,https://alphafold.ebi.ac.uk/files/AF-P24549-F1-model_v6.cif,https://alphafold.ebi.ac.uk/files/AF-P24549-F1-model_v6.pdb,https://alphafold.ebi.ac.uk/files/AF-P24549-F1-confidence_v6.json,https://alphafold.ebi.ac.uk/files/AF-P24549-F1-predicted_aligned_error_v6.json,candidate,EXACT_FULL_SEQUENCE_LOCAL_QUALITY_PENDING,https://alphafold.ebi.ac.uk/api/prediction/P24549,ef7620d1defab6fda4bc4893eaf6a5382572dba2ef2a2eca215da6fcf3467e8d,not_assessed,0.1.0
P24549,PDBe_SIFTS,7yob,A,,10090,1,501,not_assessed,,,X-ray diffraction,2.89,1.0,,,,,candidate,MOUSE_SIFTS_CANDIDATE_LOCAL_REVIEW_PENDING,https://www.ebi.ac.uk/pdbe/api/mappings/best_structures/P24549,3f06953e8d94fab66d80955fd6e169be9c8fb29d06b36cffd778c32918189aeb,not_assessed,0.1.0
P24549,PDBe_SIFTS,7yob,B,,10090,1,501,not_assessed,,,X-ray diffraction,2.89,1.0,,,,,candidate,MOUSE_SIFTS_CANDIDATE_LOCAL_REVIEW_PENDING,https://www.ebi.ac.uk/pdbe/api/mappings/best_structures/P24549,3f06953e8d94fab66d80955fd6e169be9c8fb29d06b36cffd778c32918189aeb,not_assessed,0.1.0
P24549,PDBe_SIFTS,7yob,C,,10090,1,501,not_assessed,,,X-ray diffraction,2.89,1.0,,,,,candidate,MOUSE_SIFTS_CANDIDATE_LOCAL_REVIEW_PENDING,https://www.ebi.ac.uk/pdbe/api/mappings/best_structures/P24549,3f06953e8d94fab66d80955fd6e169be9c8fb29d06b36cffd778c32918189aeb,not_assessed,0.1.0
P24549,PDBe_SIFTS,7yob,D,,10090,1,501,not_assessed,,,X-ray diffraction,2.89,1.0,,,,,candidate,MOUSE_SIFTS_CANDIDATE_LOCAL_REVIEW_PENDING,https://www.ebi.ac.uk/pdbe/api/mappings/best_structures/P24549,3f06953e8d94fab66d80955fd6e169be9c8fb29d06b36cffd778c32918189aeb,not_assessed,0.1.0
P24549,PDBe_SIFTS,7yob,E,,10090,1,501,not_assessed,,,X-ray diffraction,2.89,1.0,,,,,candidate,MOUSE_SIFTS_CANDIDATE_LOCAL_REVIEW_PENDING,https://www.ebi.ac.uk/pdbe/api/mappings/best_structures/P24549,3f06953e8d94fab66d80955fd6e169be9c8fb29d06b36cffd778c32918189aeb,not_assessed,0.1.0
P24549,PDBe_SIFTS,7yob,F,,10090,1,501,not_assessed,,,X-ray diffraction,2.89,1.0,,,,,candidate,MOUSE_SIFTS_CANDIDATE_LOCAL_REVIEW_PENDING,https://www.ebi.ac.uk/pdbe/api/mappings/best_structures/P24549,3f06953e8d94fab66d80955fd6e169be9c8fb29d06b36cffd778c32918189aeb,not_assessed,0.1.0
P24549,PDBe_SIFTS,7yob,G,,10090,1,501,not_assessed,,,X-ray diffraction,2.89,1.0,,,,,candidate,MOUSE_SIFTS_CANDIDATE_LOCAL_REVIEW_PENDING,https://www.ebi.ac.uk/pdbe/api/mappings/best_structures/P24549,3f06953e8d94fab66d80955fd6e169be9c8fb29d06b36cffd778c32918189aeb,not_assessed,0.1.0
P24549,PDBe_SIFTS,7yob,H,,10090,1,501,not_assessed,,,X-ray diffraction,2.89,1.0,,,,,candidate,MOUSE_SIFTS_CANDIDATE_LOCAL_REVIEW_PENDING,https://www.ebi.ac.uk/pdbe/api/mappings/best_structures/P24549,3f06953e8d94fab66d80955fd6e169be9c8fb29d06b36cffd778c32918189aeb,not_assessed,0.1.0
P24860,AlphaFold_DB,AF-P24860-F1,A,6,10090,1,430,exact_full,aa5e20bfac8349c8d149f50c06161845e81eefdd08ffbdc5db3eec164519afec,c7c1229025da123bd31f1f7c04086358,predicted,,,https://alphafold.ebi.ac.uk/files/AF-P24860-F1-model_v6.cif,https://alphafold.ebi.ac.uk/files/AF-P24860-F1-model_v6.pdb,https://alphafold.ebi.ac.uk/files/AF-P24860-F1-confidence_v6.json,https://alphafold.ebi.ac.uk/files/AF-P24860-F1-predicted_aligned_error_v6.json,candidate,EXACT_FULL_SEQUENCE_LOCAL_QUALITY_PENDING,https://alphafold.ebi.ac.uk/api/prediction/P24860,1b930e9b2fff4b6ab1570b49e8b6657ce33fc006c403f25daf8fed10988ef7e8,not_assessed,0.1.0
P26049,AlphaFold_DB,AF-P26049-F1,A,6,10090,1,492,exact_full,23dfab9fa2ab414fb9e4abad771f99dcab015c5d3946480039aad57fa70f1152,7bd09b4b7b2f8838b200100db22e8067,predicted,,,https://alphafold.ebi.ac.uk/files/AF-P26049-F1-model_v6.cif,https://alphafold.ebi.ac.uk/files/AF-P26049-F1-model_v6.pdb,https://alphafold.ebi.ac.uk/files/AF-P26049-F1-confidence_v6.json,https://alphafold.ebi.ac.uk/files/AF-P26049-F1-predicted_aligned_error_v6.json,candidate,EXACT_FULL_SEQUENCE_LOCAL_QUALITY_PENDING,https://alphafold.ebi.ac.uk/api/prediction/P26049,12c52623809fc0530a43a1a42e4ccc61f6a3718ed71d25503b7099cc9ba26e66,not_assessed,0.1.0
P26049,PDBe_SIFTS,8g4x,C,,10090,1,492,not_assessed,,,Electron Microscopy,2.56,1.0,,,,,candidate,MOUSE_SIFTS_CANDIDATE_LOCAL_REVIEW_PENDING,https://www.ebi.ac.uk/pdbe/api/mappings/best_structures/P26049,07b81b8c01a355298c1278df49a54ab916bb160b596b44599d1505744fd4fa58,not_assessed,0.1.0
P26049,PDBe_SIFTS,8g5f,A,,10090,1,492,not_assessed,,,Electron Microscopy,2.64,1.0,,,,,candidate,MOUSE_SIFTS_CANDIDATE_LOCAL_REVIEW_PENDING,https://www.ebi.ac.uk/pdbe/api/mappings/best_structures/P26049,07b81b8c01a355298c1278df49a54ab916bb160b596b44599d1505744fd4fa58,not_assessed,0.1.0
P26049,PDBe_SIFTS,8g5g,C,,10090,1,492,not_assessed,,,Electron Microscopy,2.94,1.0,,,,,candidate,MOUSE_SIFTS_CANDIDATE_LOCAL_REVIEW_PENDING,https://www.ebi.ac.uk/pdbe/api/mappings/best_structures/P26049,07b81b8c01a355298c1278df49a54ab916bb160b596b44599d1505744fd4fa58,not_assessed,0.1.0
P26049,PDBe_SIFTS,8g5h,A,,10090,1,492,not_assessed,,,Electron Microscopy,2.89,1.0,,,,,candidate,MOUSE_SIFTS_CANDIDATE_LOCAL_REVIEW_PENDING,https://www.ebi.ac.uk/pdbe/api/mappings/best_structures/P26049,07b81b8c01a355298c1278df49a54ab916bb160b596b44599d1505744fd4fa58,not_assessed,0.1.0
P26450,AlphaFold_DB,AF-P26450-F1,A,6,10090,1,724,exact_full,eb6bb60e4207d512d61418a1b134ccd3e37d0ed6cce966ba51db5f15f96b77a4,166e5376a1c60b05724ad5c8946c1315,predicted,,,https://alphafold.ebi.ac.uk/files/AF-P26450-F1-model_v6.cif,https://alphafold.ebi.ac.uk/files/AF-P26450-F1-model_v6.pdb,https://alphafold.ebi.ac.uk/files/AF-P26450-F1-confidence_v6.json,https://alphafold.ebi.ac.uk/files/AF-P26450-F1-predicted_aligned_error_v6.json,candidate,EXACT_FULL_SEQUENCE_LOCAL_QUALITY_PENDING,https://alphafold.ebi.ac.uk/api/prediction/P26450,b94b61a2f1c7cc42299909a5590e659e3a3acdf9d03b81a77649240de80277bb,not_assessed,0.1.0
P26618,AlphaFold_DB,AF-P26618-2-F1,A,6,10090,1,790,not_assessed,62418600c9a771ccf516eea989f51c9bb76c3e5f73e0a8ec5084afe8ea78f7f0,8b3a3c81b14af24f8bb8b7ea344f0e16,predicted,,,https://alphafold.ebi.ac.uk/files/AF-P26618-2-F1-model_v6.cif,https://alphafold.ebi.ac.uk/files/AF-P26618-2-F1-model_v6.pdb,https://alphafold.ebi.ac.uk/files/AF-P26618-2-F1-confidence_v6.json,https://alphafold.ebi.ac.uk/files/AF-P26618-2-F1-predicted_aligned_error_v6.json,held,ALPHAFOLD_ACCESSION_DIFFERS_FROM_CANONICAL,https://alphafold.ebi.ac.uk/api/prediction/P26618,1cb0120fd57699b8669ca3850dd9a0e4db87943264b0d3c6f3bf2024b6d3ba46,not_assessed,0.1.0
P26618,AlphaFold_DB,AF-P26618-F1,A,6,10090,1,1089,exact_full,394e06de2d1d4686f88d32c90f8d912b72e2265ff7d30e25e23bfcc08fbbed0a,f5dcece9edaba48053e6a229d05c2f0b,predicted,,,https://alphafold.ebi.ac.uk/files/AF-P26618-F1-model_v6.cif,https://alphafold.ebi.ac.uk/files/AF-P26618-F1-model_v6.pdb,https://alphafold.ebi.ac.uk/files/AF-P26618-F1-confidence_v6.json,https://alphafold.ebi.ac.uk/files/AF-P26618-F1-predicted_aligned_error_v6.json,candidate,EXACT_FULL_SEQUENCE_LOCAL_QUALITY_PENDING,https://alphafold.ebi.ac.uk/api/prediction/P26618,1cb0120fd57699b8669ca3850dd9a0e4db87943264b0d3c6f3bf2024b6d3ba46,not_assessed,0.1.0
P27671,AlphaFold_DB,AF-P27671-F1,A,6,10090,1,1262,exact_full,f9ab90e11dba4eb97ed6a3710f3bd2ee198cbaec658beb900b311d78f3829b64,ebb45aa836d9d4c94a897e7e466a2a73,predicted,,,https://alphafold.ebi.ac.uk/files/AF-P27671-F1-model_v6.cif,https://alphafold.ebi.ac.uk/files/AF-P27671-F1-model_v6.pdb,https://alphafold.ebi.ac.uk/files/AF-P27671-F1-confidence_v6.json,https://alphafold.ebi.ac.uk/files/AF-P27671-F1-predicted_aligned_error_v6.json,candidate,EXACT_FULL_SEQUENCE_LOCAL_QUALITY_PENDING,https://alphafold.ebi.ac.uk/api/prediction/P27671,63f6ac07f36f601f4f78d9c28e200663fb824bc82401607fba036c47759b65d3,not_assessed,0.1.0
P27671,PDBe_SIFTS,2ije,S,,10090,1028,1262,not_assessed,,,X-ray diffraction,2.2,0.186,,,,,candidate,MOUSE_SIFTS_CANDIDATE_LOCAL_REVIEW_PENDING,https://www.ebi.ac.uk/pdbe/api/mappings/best_structures/P27671,8a82d84432abd279428d12ed85d09052ff1b82f506b0585be6f0be42b622f4e1,not_assessed,0.1.0
P27784,AlphaFold_DB,AF-P27784-F1,A,6,10090,1,116,exact_full,1944c448c06d0fa232eec149779d105a8b7f4bc610d6308de6b1f257546128ec,d2eb15b792844242c3021ab72f4535b9,predicted,,,https://alphafold.ebi.ac.uk/files/AF-P27784-F1-model_v6.cif,https://alphafold.ebi.ac.uk/files/AF-P27784-F1-model_v6.pdb,https://alphafold.ebi.ac.uk/files/AF-P27784-F1-confidence_v6.json,https://alphafold.ebi.ac.uk/files/AF-P27784-F1-predicted_aligned_error_v6.json,candidate,EXACT_FULL_SEQUENCE_LOCAL_QUALITY_PENDING,https://alphafold.ebi.ac.uk/api/prediction/P27784,6ddebe94ecfcdd37ec42b67f49df465a5944271d199930a687b29a10aa861576,not_assessed,0.1.0
P28301,AlphaFold_DB,AF-P28301-F1,A,6,10090,1,411,exact_full,f014ec9393910757c8efd6ea31d798b8d09d64f7d0804bfa4d5d65525f104ffe,2c26dafcb8e9e821f2689c1e551c28ca,predicted,,,https://alphafold.ebi.ac.uk/files/AF-P28301-F1-model_v6.cif,https://alphafold.ebi.ac.uk/files/AF-P28301-F1-model_v6.pdb,https://alphafold.ebi.ac.uk/files/AF-P28301-F1-confidence_v6.json,https://alphafold.ebi.ac.uk/files/AF-P28301-F1-predicted_aligned_error_v6.json,candidate,EXACT_FULL_SEQUENCE_LOCAL_QUALITY_PENDING,https://alphafold.ebi.ac.uk/api/prediction/P28301,1ad6390ebeb3a37aaa2f1e3d213608c19d721f333a7c062762a0194c05f42d39,not_assessed,0.1.0
P28652,AlphaFold_DB,AF-P28652-F1,A,6,10090,1,542,exact_full,e4bdb82108eeb52a1796e553a82d39f9c350c04dc8428d7499be46faecb0e927,d5547f0a62de2ee53b7abffe1b83040b,predicted,,,https://alphafold.ebi.ac.uk/files/AF-P28652-F1-model_v6.cif,https://alphafold.ebi.ac.uk/files/AF-P28652-F1-model_v6.pdb,https://alphafold.ebi.ac.uk/files/AF-P28652-F1-confidence_v6.json,https://alphafold.ebi.ac.uk/files/AF-P28652-F1-predicted_aligned_error_v6.json,candidate,EXACT_FULL_SEQUENCE_LOCAL_QUALITY_PENDING,https://alphafold.ebi.ac.uk/api/prediction/P28652,b7ff4f032762092709a07719b9a5dc48189eeed0c93ab481db5355b944697967,not_assessed,0.1.0
P28654,AlphaFold_DB,AF-P28654-F1,A,6,10090,1,354,exact_full,37ec2f20f7d06940bca96ffc8a93a22adc9218cd31f0378c8119fc88e6310810,982051badd4eab9eed23a3acaace104e,predicted,,,https://alphafold.ebi.ac.uk/files/AF-P28654-F1-model_v6.cif,https://alphafold.ebi.ac.uk/files/AF-P28654-F1-model_v6.pdb,https://alphafold.ebi.ac.uk/files/AF-P28654-F1-confidence_v6.json,https://alphafold.ebi.ac.uk/files/AF-P28654-F1-predicted_aligned_error_v6.json,candidate,EXACT_FULL_SEQUENCE_LOCAL_QUALITY_PENDING,https://alphafold.ebi.ac.uk/api/prediction/P28654,a9ad4015868c4129ac2286e9f86c8c5fcc6a4e4e164fa2cd23bfd85f36a5f75d,not_assessed,0.1.0
P28843,AlphaFold_DB,AF-P28843-F1,A,6,10090,1,760,exact_full,737c17fb2053fe9e3a5d5288713eced2dd94f8cb55ca341dca0b89123618020c,b1fe0cc347e0d6afd8daa175c3927738,predicted,,,https://alphafold.ebi.ac.uk/files/AF-P28843-F1-model_v6.cif,https://alphafold.ebi.ac.uk/files/AF-P28843-F1-model_v6.pdb,https://alphafold.ebi.ac.uk/files/AF-P28843-F1-confidence_v6.json,https://alphafold.ebi.ac.uk/files/AF-P28843-F1-predicted_aligned_error_v6.json,candidate,EXACT_FULL_SEQUENCE_LOCAL_QUALITY_PENDING,https://alphafold.ebi.ac.uk/api/prediction/P28843,8aac83271cd1c097cab316c45079a08b6acb2e0fb70330ed23579658192edf4b,not_assessed,0.1.0
P29268,AlphaFold_DB,AF-P29268-F1,A,6,10090,1,348,exact_full,71672f6b259f4b5b3f6f8cbb81033ed9e3ce0cd0eed152849d6aa5f899c5e412,57cf2e92224616bd859884c16e418774,predicted,,,https://alphafold.ebi.ac.uk/files/AF-P29268-F1-model_v6.cif,https://alphafold.ebi.ac.uk/files/AF-P29268-F1-model_v6.pdb,https://alphafold.ebi.ac.uk/files/AF-P29268-F1-confidence_v6.json,https://alphafold.ebi.ac.uk/files/AF-P29268-F1-predicted_aligned_error_v6.json,candidate,EXACT_FULL_SEQUENCE_LOCAL_QUALITY_PENDING,https://alphafold.ebi.ac.uk/api/prediction/P29268,b59d836e1a90b8fccc94a025ec3b92ac1f15ebb4cba46b80da29467ae881beb3,not_assessed,0.1.0
P29352,AlphaFold_DB,AF-P29352-F1,A,6,10090,1,802,exact_full,7705820807d9bb63be87a6c4e51f5e97f17f647a91fae27d6d814f3da25d0859,17aa5c1c1f66dfea637f5d673d252171,predicted,,,https://alphafold.ebi.ac.uk/files/AF-P29352-F1-model_v6.cif,https://alphafold.ebi.ac.uk/files/AF-P29352-F1-model_v6.pdb,https://alphafold.ebi.ac.uk/files/AF-P29352-F1-confidence_v6.json,https://alphafold.ebi.ac.uk/files/AF-P29352-F1-predicted_aligned_error_v6.json,candidate,EXACT_FULL_SEQUENCE_LOCAL_QUALITY_PENDING,https://alphafold.ebi.ac.uk/api/prediction/P29352,e37d43330db2e4ef08572a2552ee2f803d6a0768c2a2706634cd5a48638d518e,not_assessed,0.1.0
P29352,PDBe_SIFTS,1jeg,B,,10090,605,629,not_assessed,,,Solution NMR,,0.031,,,,,candidate,MOUSE_SIFTS_CANDIDATE_LOCAL_REVIEW_PENDING,https://www.ebi.ac.uk/pdbe/api/mappings/best_structures/P29352,21a261cae306c78757f56e1135d0a811afbe5a221f0c0d28199e7e7ee3cc5cc6,not_assessed,0.1.0
P29452,AlphaFold_DB,AF-P29452-F1,A,6,10090,1,402,exact_full,92be6fb471e8ee1302fbe8b0f2ada9afd9383c4792d122f4953e2f98e9964929,03a1c6a2c6ff1f6909bc6f2b5b6ddaca,predicted,,,https://alphafold.ebi.ac.uk/files/AF-P29452-F1-model_v6.cif,https://alphafold.ebi.ac.uk/files/AF-P29452-F1-model_v6.pdb,https://alphafold.ebi.ac.uk/files/AF-P29452-F1-confidence_v6.json,https://alphafold.ebi.ac.uk/files/AF-P29452-F1-predicted_aligned_error_v6.json,candidate,EXACT_FULL_SEQUENCE_LOCAL_QUALITY_PENDING,https://alphafold.ebi.ac.uk/api/prediction/P29452,01bd92c5c01b8a61a842680969adb530ec73ed06a7fcfd23272117a9eeb560a9,not_assessed,0.1.0
P29754,AlphaFold_DB,AF-P29754-F1,A,6,10090,1,359,exact_full,e137edb3a92b72f51ed242ce20b7eedb8b2b3ad6260f13053d260ab2bcac9c2f,655be7667160b75cb2a41fe22440dc83,predicted,,,https://alphafold.ebi.ac.uk/files/AF-P29754-F1-model_v6.cif,https://alphafold.ebi.ac.uk/files/AF-P29754-F1-model_v6.pdb,https://alphafold.ebi.ac.uk/files/AF-P29754-F1-confidence_v6.json,https://alphafold.ebi.ac.uk/files/AF-P29754-F1-predicted_aligned_error_v6.json,candidate,EXACT_FULL_SEQUENCE_LOCAL_QUALITY_PENDING,https://alphafold.ebi.ac.uk/api/prediction/P29754,cb62cb6a3252a8150ba33157740b34bc2bbd68a47412dbffa2e17b10ba64ea33,not_assessed,0.1.0
P30276,AlphaFold_DB,AF-P30276-F1,A,6,10090,1,398,exact_full,f0ab9ced38d989b5fdee00345d88be89cce4ed8c7b68eb45463e0d3680761ffb,2aad3fdefe976cc5701f40cdde74f7c2,predicted,,,https://alphafold.ebi.ac.uk/files/AF-P30276-F1-model_v6.cif,https://alphafold.ebi.ac.uk/files/AF-P30276-F1-model_v6.pdb,https://alphafold.ebi.ac.uk/files/AF-P30276-F1-confidence_v6.json,https://alphafold.ebi.ac.uk/files/AF-P30276-F1-predicted_aligned_error_v6.json,candidate,EXACT_FULL_SEQUENCE_LOCAL_QUALITY_PENDING,https://alphafold.ebi.ac.uk/api/prediction/P30276,9138c360707d770324eec621f6cf3e0f65ef8434b551f3383c2481c803955180,not_assessed,0.1.0
P30545,AlphaFold_DB,AF-P30545-F1,A,6,10090,1,453,exact_full,5207b42d70e64477c11dd94bf6e5fa5316b044a2fd101b4f84a3b654f67ff194,a478be456af1e0e19177e571b5dfc0c4,predicted,,,https://alphafold.ebi.ac.uk/files/AF-P30545-F1-model_v6.cif,https://alphafold.ebi.ac.uk/files/AF-P30545-F1-model_v6.pdb,https://alphafold.ebi.ac.uk/files/AF-P30545-F1-confidence_v6.json,https://alphafold.ebi.ac.uk/files/AF-P30545-F1-predicted_aligned_error_v6.json,candidate,EXACT_FULL_SEQUENCE_LOCAL_QUALITY_PENDING,https://alphafold.ebi.ac.uk/api/prediction/P30545,37fa9659042786c5872b93512c9a31dd7515dd85d985a80d7a9dc9d9160d12fc,not_assessed,0.1.0
P30658,AlphaFold_DB,AF-P30658-F1,A,6,10090,1,519,exact_full,73b4328b0c07f307304d2f61863d53c3fa81a8a54c650786ad6281b29db55305,c8bdf542e4ed24acbb97f437bee9456a,predicted,,,https://alphafold.ebi.ac.uk/files/AF-P30658-F1-model_v6.cif,https://alphafold.ebi.ac.uk/files/AF-P30658-F1-model_v6.pdb,https://alphafold.ebi.ac.uk/files/AF-P30658-F1-confidence_v6.json,https://alphafold.ebi.ac.uk/files/AF-P30658-F1-predicted_aligned_error_v6.json,candidate,EXACT_FULL_SEQUENCE_LOCAL_QUALITY_PENDING,https://alphafold.ebi.ac.uk/api/prediction/P30658,c38617dd7c48daf05b824d4de99af687fb25d9e358cd7cb531bc05877072bc27,not_assessed,0.1.0
P30681,AlphaFold_DB,AF-P30681-F1,A,6,10090,1,210,exact_full,f2e37c409e9dbf84554ecb6a396c6f2f707ab9ae5b67e7a392bb3b6910e226a2,fbf406f5d18ba5b7d54e2579eec6e0b4,predicted,,,https://alphafold.ebi.ac.uk/files/AF-P30681-F1-model_v6.cif,https://alphafold.ebi.ac.uk/files/AF-P30681-F1-model_v6.pdb,https://alphafold.ebi.ac.uk/files/AF-P30681-F1-confidence_v6.json,https://alphafold.ebi.ac.uk/files/AF-P30681-F1-predicted_aligned_error_v6.json,candidate,EXACT_FULL_SEQUENCE_LOCAL_QUALITY_PENDING,https://alphafold.ebi.ac.uk/api/prediction/P30681,96f1e005e2e892a3b5021ff9a40bb4946c92afc91bf46360bccc59823f261e62,not_assessed,0.1.0
P30731,AlphaFold_DB,AF-P30731-2-F1,A,6,10090,1,381,not_assessed,70f447d769e36a233bd857f57c9a1c0accafc02d671e72315d20195e7f60d215,163f7b85ff4be4a53a30c05cb042d217,predicted,,,https://alphafold.ebi.ac.uk/files/AF-P30731-2-F1-model_v6.cif,https://alphafold.ebi.ac.uk/files/AF-P30731-2-F1-model_v6.pdb,https://alphafold.ebi.ac.uk/files/AF-P30731-2-F1-confidence_v6.json,https://alphafold.ebi.ac.uk/files/AF-P30731-2-F1-predicted_aligned_error_v6.json,held,ALPHAFOLD_ACCESSION_DIFFERS_FROM_CANONICAL,https://alphafold.ebi.ac.uk/api/prediction/P30731,4172428a11360f92514ffc59c231b7e6730b7afccb96c07d01a05b1c2e3ff1e6,not_assessed,0.1.0
P30731,AlphaFold_DB,AF-P30731-3-F1,A,6,10090,1,491,not_assessed,a2eaf533aefc969fc956ec00b1760e34ad21cd79951e269c721af246ab7aacb5,b4ee72ea5d94726d29a14d769b682885,predicted,,,https://alphafold.ebi.ac.uk/files/AF-P30731-3-F1-model_v6.cif,https://alphafold.ebi.ac.uk/files/AF-P30731-3-F1-model_v6.pdb,https://alphafold.ebi.ac.uk/files/AF-P30731-3-F1-confidence_v6.json,https://alphafold.ebi.ac.uk/files/AF-P30731-3-F1-predicted_aligned_error_v6.json,held,ALPHAFOLD_ACCESSION_DIFFERS_FROM_CANONICAL,https://alphafold.ebi.ac.uk/api/prediction/P30731,4172428a11360f92514ffc59c231b7e6730b7afccb96c07d01a05b1c2e3ff1e6,not_assessed,0.1.0
P30731,AlphaFold_DB,AF-P30731-4-F1,A,6,10090,1,443,not_assessed,f115a16da0337dbf5a337b7ba2d9feb054016b6b409e4b4b0d1506ba0d3ed0f8,15f21b0215cdb45baa1347073a913e31,predicted,,,https://alphafold.ebi.ac.uk/files/AF-P30731-4-F1-model_v6.cif,https://alphafold.ebi.ac.uk/files/AF-P30731-4-F1-model_v6.pdb,https://alphafold.ebi.ac.uk/files/AF-P30731-4-F1-confidence_v6.json,https://alphafold.ebi.ac.uk/files/AF-P30731-4-F1-predicted_aligned_error_v6.json,held,ALPHAFOLD_ACCESSION_DIFFERS_FROM_CANONICAL,https://alphafold.ebi.ac.uk/api/prediction/P30731,4172428a11360f92514ffc59c231b7e6730b7afccb96c07d01a05b1c2e3ff1e6,not_assessed,0.1.0
P30731,AlphaFold_DB,AF-P30731-F1,A,6,10090,1,423,exact_full,f80b93bf72d0d556a1e004a52265fced9543db6fafaaef5872df4ed01f408637,a932b6fa0964f30ffa72d894482da043,predicted,,,https://alphafold.ebi.ac.uk/files/AF-P30731-F1-model_v6.cif,https://alphafold.ebi.ac.uk/files/AF-P30731-F1-model_v6.pdb,https://alphafold.ebi.ac.uk/files/AF-P30731-F1-confidence_v6.json,https://alphafold.ebi.ac.uk/files/AF-P30731-F1-predicted_aligned_error_v6.json,candidate,EXACT_FULL_SEQUENCE_LOCAL_QUALITY_PENDING,https://alphafold.ebi.ac.uk/api/prediction/P30731,4172428a11360f92514ffc59c231b7e6730b7afccb96c07d01a05b1c2e3ff1e6,not_assessed,0.1.0
P31310,AlphaFold_DB,AF-P31310-2-F1,A,6,10090,1,94,not_assessed,9dac3bcf1b056e2cbdd3f25a4fd7230dfdc2c13ab98e9e174f53c5c2208fd407,f23a96135cda06de3b549bfca44f905b,predicted,,,https://alphafold.ebi.ac.uk/files/AF-P31310-2-F1-model_v6.cif,https://alphafold.ebi.ac.uk/files/AF-P31310-2-F1-model_v6.pdb,https://alphafold.ebi.ac.uk/files/AF-P31310-2-F1-confidence_v6.json,https://alphafold.ebi.ac.uk/files/AF-P31310-2-F1-predicted_aligned_error_v6.json,held,ALPHAFOLD_ACCESSION_DIFFERS_FROM_CANONICAL,https://alphafold.ebi.ac.uk/api/prediction/P31310,a095f2c232e74ac952ccd93051c6e5da6309cecea728006578b0b996d174d2e0,not_assessed,0.1.0
P31310,AlphaFold_DB,AF-P31310-F1,A,6,10090,1,416,exact_full,ce2cfd10b399d9584d7817888192698370cc0ec48031bfb151c2ae4a81e8a068,f9009403287cc4d781dbb568c0ebff3e,predicted,,,https://alphafold.ebi.ac.uk/files/AF-P31310-F1-model_v6.cif,https://alphafold.ebi.ac.uk/files/AF-P31310-F1-model_v6.pdb,https://alphafold.ebi.ac.uk/files/AF-P31310-F1-confidence_v6.json,https://alphafold.ebi.ac.uk/files/AF-P31310-F1-predicted_aligned_error_v6.json,candidate,EXACT_FULL_SEQUENCE_LOCAL_QUALITY_PENDING,https://alphafold.ebi.ac.uk/api/prediction/P31310,a095f2c232e74ac952ccd93051c6e5da6309cecea728006578b0b996d174d2e0,not_assessed,0.1.0
P31428,AlphaFold_DB,AF-P31428-F1,A,6,10090,1,410,exact_full,05476bdeaf10e8d00afe5029fc9dd4536f6272de58f8f456b33eada3df235c42,d94e9a966d19f03d11984fd3a00b4968,predicted,,,https://alphafold.ebi.ac.uk/files/AF-P31428-F1-model_v6.cif,https://alphafold.ebi.ac.uk/files/AF-P31428-F1-model_v6.pdb,https://alphafold.ebi.ac.uk/files/AF-P31428-F1-confidence_v6.json,https://alphafold.ebi.ac.uk/files/AF-P31428-F1-predicted_aligned_error_v6.json,candidate,EXACT_FULL_SEQUENCE_LOCAL_QUALITY_PENDING,https://alphafold.ebi.ac.uk/api/prediction/P31428,7b6e26abefa8259c2c41ec673cd5ee13fc9d1549da1d951f086c14e28288dee0,not_assessed,0.1.0
P31648,AlphaFold_DB,AF-P31648-F1,A,6,10090,1,599,exact_full,76d0d41ec28f9556a1ee6c0c4e357c3a848b7dabe37549a54f4f1e773d27ef8f,74a97f4f35a37a0a5c66d3f9ea7c08ca,predicted,,,https://alphafold.ebi.ac.uk/files/AF-P31648-F1-model_v6.cif,https://alphafold.ebi.ac.uk/files/AF-P31648-F1-model_v6.pdb,https://alphafold.ebi.ac.uk/files/AF-P31648-F1-confidence_v6.json,https://alphafold.ebi.ac.uk/files/AF-P31648-F1-predicted_aligned_error_v6.json,candidate,EXACT_FULL_SEQUENCE_LOCAL_QUALITY_PENDING,https://alphafold.ebi.ac.uk/api/prediction/P31648,d2ddbf36f36bf95baf395e3fe5942177a644120a5a62f8248aa4344f622078e9,not_assessed,0.1.0
P31750,AlphaFold_DB,AF-P31750-F1,A,6,10090,1,480,exact_full,09d85d8c69f222d97ccd4ae131b056aa48cfcbde86718577193b0f20330dac57,f08744bf30c9a49f0841aa4bb73ea078,predicted,,,https://alphafold.ebi.ac.uk/files/AF-P31750-F1-model_v6.cif,https://alphafold.ebi.ac.uk/files/AF-P31750-F1-model_v6.pdb,https://alphafold.ebi.ac.uk/files/AF-P31750-F1-confidence_v6.json,https://alphafold.ebi.ac.uk/files/AF-P31750-F1-predicted_aligned_error_v6.json,candidate,EXACT_FULL_SEQUENCE_LOCAL_QUALITY_PENDING,https://alphafold.ebi.ac.uk/api/prediction/P31750,20040fd969150add9bf0ddcc59451345eb3ce96095964a68da51aca007c1de56,not_assessed,0.1.0
P35413,AlphaFold_DB,AF-P35413-F1,A,6,10090,1,330,exact_full,7d092b84bb6f60e0c8ef919a237bbffa577f4e0b0bbd1ac9b5a262a5645ba1f1,cd06b0d8bcafdca5ed68c8506676e915,predicted,,,https://alphafold.ebi.ac.uk/files/AF-P35413-F1-model_v6.cif,https://alphafold.ebi.ac.uk/files/AF-P35413-F1-model_v6.pdb,https://alphafold.ebi.ac.uk/files/AF-P35413-F1-confidence_v6.json,https://alphafold.ebi.ac.uk/files/AF-P35413-F1-predicted_aligned_error_v6.json,candidate,EXACT_FULL_SEQUENCE_LOCAL_QUALITY_PENDING,https://alphafold.ebi.ac.uk/api/prediction/P35413,32f9aed1385a083d7f85a8582910dc69f647b599aec099c7ac8bb39e8ed0fa5f,not_assessed,0.1.0
P37804,AlphaFold_DB,AF-0000000012472050,A,1,99287,1,201,not_assessed,48ef26c2574196c5e0abc9956ac14301fe5ccac0e6e8af381d512d9a7363949b,fa55eecb00bd498bb741c66e70602f20,predicted,,,https://alphafold.ebi.ac.uk/files/AF-0000000012472050-model_v1.cif,https://alphafold.ebi.ac.uk/files/AF-0000000012472050-model_v1.pdb,https://alphafold.ebi.ac.uk/files/AF-0000000012472050-confidence_v1.json,https://alphafold.ebi.ac.uk/files/AF-0000000012472050-predicted_aligned_error_v1.json,held,ALPHAFOLD_MOUSE_TAXONOMY_NOT_CONFIRMED,https://alphafold.ebi.ac.uk/api/prediction/P37804,3af9722b7e4854c224c8b8d6d86ceb128b28d77d19bb229e3ca6d514d7daad48,not_assessed,0.1.0
P37804,AlphaFold_DB,AF-P37804-F1,A,6,10090,1,201,exact_full,48ef26c2574196c5e0abc9956ac14301fe5ccac0e6e8af381d512d9a7363949b,fa55eecb00bd498bb741c66e70602f20,predicted,,,https://alphafold.ebi.ac.uk/files/AF-P37804-F1-model_v6.cif,https://alphafold.ebi.ac.uk/files/AF-P37804-F1-model_v6.pdb,https://alphafold.ebi.ac.uk/files/AF-P37804-F1-confidence_v6.json,https://alphafold.ebi.ac.uk/files/AF-P37804-F1-predicted_aligned_error_v6.json,candidate,EXACT_FULL_SEQUENCE_LOCAL_QUALITY_PENDING,https://alphafold.ebi.ac.uk/api/prediction/P37804,3af9722b7e4854c224c8b8d6d86ceb128b28d77d19bb229e3ca6d514d7daad48,not_assessed,0.1.0
P37804,PDBe_SIFTS,1ujo,A,,10090,24,154,not_assessed,,,Solution NMR,,0.652,,,,,candidate,MOUSE_SIFTS_CANDIDATE_LOCAL_REVIEW_PENDING,https://www.ebi.ac.uk/pdbe/api/mappings/best_structures/P37804,5e4fe96a1aa39585ff9aa1bb1115ff157ab24b9c8bad0b25c8faeb57afe73690,not_assessed,0.1.0
P38060,AlphaFold_DB,AF-P38060-F1,A,6,10090,1,325,exact_full,f9e3a534f553eb42507be60168ddcb5c1bee23204ab94b49ac8ca1c6f3306cc4,ba5544d4a12bdc447ebb954ad8588e35,predicted,,,https://alphafold.ebi.ac.uk/files/AF-P38060-F1-model_v6.cif,https://alphafold.ebi.ac.uk/files/AF-P38060-F1-model_v6.pdb,https://alphafold.ebi.ac.uk/files/AF-P38060-F1-confidence_v6.json,https://alphafold.ebi.ac.uk/files/AF-P38060-F1-predicted_aligned_error_v6.json,candidate,EXACT_FULL_SEQUENCE_LOCAL_QUALITY_PENDING,https://alphafold.ebi.ac.uk/api/prediction/P38060,3818807a82f3d634a76d8eda890ee4193223d1ced129905759ac8b5b73127df7,not_assessed,0.1.0
P38585,AlphaFold_DB,AF-P38585-F1,A,6,10090,1,377,exact_full,249f5cd34ed8c5455658b911850cf143d9e9b63641f4c35bd1500befa3557e56,f923f07fbc4ecbdbd1e6e9dcdc6570f8,predicted,,,https://alphafold.ebi.ac.uk/files/AF-P38585-F1-model_v6.cif,https://alphafold.ebi.ac.uk/files/AF-P38585-F1-model_v6.pdb,https://alphafold.ebi.ac.uk/files/AF-P38585-F1-confidence_v6.json,https://alphafold.ebi.ac.uk/files/AF-P38585-F1-predicted_aligned_error_v6.json,candidate,EXACT_FULL_SEQUENCE_LOCAL_QUALITY_PENDING,https://alphafold.ebi.ac.uk/api/prediction/P38585,f879f4b121819cd4a75ed7947d0edd87153b75ef1cf8a8192710d75472ce31a7,not_assessed,0.1.0
P39689,AlphaFold_DB,AF-P39689-F1,A,6,10090,1,159,exact_full,6ed27e9888a459b05d7d1ec6682f6e4eb159507e7abb22643209cdcf5a4e5e47,aeee41bad6e5b74d899804be9899c7a1,predicted,,,https://alphafold.ebi.ac.uk/files/AF-P39689-F1-model_v6.cif,https://alphafold.ebi.ac.uk/files/AF-P39689-F1-model_v6.pdb,https://alphafold.ebi.ac.uk/files/AF-P39689-F1-confidence_v6.json,https://alphafold.ebi.ac.uk/files/AF-P39689-F1-predicted_aligned_error_v6.json,candidate,EXACT_FULL_SEQUENCE_LOCAL_QUALITY_PENDING,https://alphafold.ebi.ac.uk/api/prediction/P39689,189bb6b8761d2347f46e3224a43423c2921356458acaf3640e2c2c276ead6069,not_assessed,0.1.0
P40224,AlphaFold_DB,AF-P40224-1-F1,A,6,10090,1,89,not_assessed,593f600ca57e9b7d3177c5c26faf7745fe7bdf9a82f2be6b4401f54ba93360f6,f9c8a75cb38112d991964e17fcbab108,predicted,,,https://alphafold.ebi.ac.uk/files/AF-P40224-1-F1-model_v6.cif,https://alphafold.ebi.ac.uk/files/AF-P40224-1-F1-model_v6.pdb,https://alphafold.ebi.ac.uk/files/AF-P40224-1-F1-confidence_v6.json,https://alphafold.ebi.ac.uk/files/AF-P40224-1-F1-predicted_aligned_error_v6.json,held,ALPHAFOLD_ACCESSION_DIFFERS_FROM_CANONICAL,https://alphafold.ebi.ac.uk/api/prediction/P40224,122e3bce5a7969df885964aa9296e79ded93a852b70728d72ca677b118226b2f,not_assessed,0.1.0
P40224,AlphaFold_DB,AF-P40224-F1,A,6,10090,1,93,exact_full,896cef610d272191ca4ee81382c706ab3e54a2739e1472068fe6e9ae60857e63,683c31dfe308c6955577a04f540f517e,predicted,,,https://alphafold.ebi.ac.uk/files/AF-P40224-F1-model_v6.cif,https://alphafold.ebi.ac.uk/files/AF-P40224-F1-model_v6.pdb,https://alphafold.ebi.ac.uk/files/AF-P40224-F1-confidence_v6.json,https://alphafold.ebi.ac.uk/files/AF-P40224-F1-predicted_aligned_error_v6.json,candidate,EXACT_FULL_SEQUENCE_LOCAL_QUALITY_PENDING,https://alphafold.ebi.ac.uk/api/prediction/P40224,122e3bce5a7969df885964aa9296e79ded93a852b70728d72ca677b118226b2f,not_assessed,0.1.0
P40749,AlphaFold_DB,AF-P40749-F1,A,6,10090,1,425,exact_full,10e1a93075d691d7154dcbd19758d8c2daf8cdd25fdf3258e8fd59a5f311c1eb,b2855fa00d6bae8851673d5c835df72b,predicted,,,https://alphafold.ebi.ac.uk/files/AF-P40749-F1-model_v6.cif,https://alphafold.ebi.ac.uk/files/AF-P40749-F1-model_v6.pdb,https://alphafold.ebi.ac.uk/files/AF-P40749-F1-confidence_v6.json,https://alphafold.ebi.ac.uk/files/AF-P40749-F1-predicted_aligned_error_v6.json,candidate,EXACT_FULL_SEQUENCE_LOCAL_QUALITY_PENDING,https://alphafold.ebi.ac.uk/api/prediction/P40749,db3bb4c42a5fbff710829e7cdbd1fe2a8b1f8c5d98c6ab6eec3ae35239c9bfbf,not_assessed,0.1.0
P40936,AlphaFold_DB,AF-P40936-F1,A,6,10090,1,264,exact_full,1e567a0845b65a3bd0059bf6f46f385343f32d819f2a73d32a58040211526a70,18d51542f4451a55a661b02cea166efd,predicted,,,https://alphafold.ebi.ac.uk/files/AF-P40936-F1-model_v6.cif,https://alphafold.ebi.ac.uk/files/AF-P40936-F1-model_v6.pdb,https://alphafold.ebi.ac.uk/files/AF-P40936-F1-confidence_v6.json,https://alphafold.ebi.ac.uk/files/AF-P40936-F1-predicted_aligned_error_v6.json,candidate,EXACT_FULL_SEQUENCE_LOCAL_QUALITY_PENDING,https://alphafold.ebi.ac.uk/api/prediction/P40936,3b1f377a63ca2aaf51ffe6cb625e041e88c3a676cd33a325beba872b7b0d6109,not_assessed,0.1.0
P41588,AlphaFold_DB,AF-P41588-F1,A,6,10090,1,437,exact_full,87389bc0d31c852e5ff225bc5c8dc6a0d572f2e11b8a230d88acbe520608f9b7,4d31c5f9c2df1108510bb62656c5d8be,predicted,,,https://alphafold.ebi.ac.uk/files/AF-P41588-F1-model_v6.cif,https://alphafold.ebi.ac.uk/files/AF-P41588-F1-model_v6.pdb,https://alphafold.ebi.ac.uk/files/AF-P41588-F1-confidence_v6.json,https://alphafold.ebi.ac.uk/files/AF-P41588-F1-predicted_aligned_error_v6.json,candidate,EXACT_FULL_SEQUENCE_LOCAL_QUALITY_PENDING,https://alphafold.ebi.ac.uk/api/prediction/P41588,2d4d320eb3b538b48d8bba0085fe8cef8b9f8dfcc34543a09e5de94be30d1622,not_assessed,0.1.0
P43252,AlphaFold_DB,AF-P43252-F1,A,6,10090,1,415,exact_full,0ff0b730fdac2f34acc13253978444858111fddd2516676a964b2823b487fb9e,0c47387d267fb0f37123e1af89dec0de,predicted,,,https://alphafold.ebi.ac.uk/files/AF-P43252-F1-model_v6.cif,https://alphafold.ebi.ac.uk/files/AF-P43252-F1-model_v6.pdb,https://alphafold.ebi.ac.uk/files/AF-P43252-F1-confidence_v6.json,https://alphafold.ebi.ac.uk/files/AF-P43252-F1-predicted_aligned_error_v6.json,candidate,EXACT_FULL_SEQUENCE_LOCAL_QUALITY_PENDING,https://alphafold.ebi.ac.uk/api/prediction/P43252,8b27616e071a4c5a5d125a68215231ccdd49a10f056da465625c0df6286893e2,not_assessed,0.1.0
P43252,PDBe_SIFTS,4f8k,A,,10090,409,415,not_assessed,,,X-ray diffraction,1.7,0.017,,,,,candidate,MOUSE_SIFTS_CANDIDATE_LOCAL_REVIEW_PENDING,https://www.ebi.ac.uk/pdbe/api/mappings/best_structures/P43252,ab7025f1fdee3b87c9fd19852dcb962931cf9bfc9ef3dd739255db77fe486133,not_assessed,0.1.0
P43252,PDBe_SIFTS,4f8k,B,,10090,409,415,not_assessed,,,X-ray diffraction,1.7,0.017,,,,,candidate,MOUSE_SIFTS_CANDIDATE_LOCAL_REVIEW_PENDING,https://www.ebi.ac.uk/pdbe/api/mappings/best_structures/P43252,ab7025f1fdee3b87c9fd19852dcb962931cf9bfc9ef3dd739255db77fe486133,not_assessed,0.1.0
P43883,AlphaFold_DB,AF-0000000008948178,A,1,83332,1,425,not_assessed,aa32cf08d44d43e7f9506013ba31143e679798baafd2cd978cbdd13e58181d6c,aedafb5d275be4684d4e59df0985aed7,predicted,,,https://alphafold.ebi.ac.uk/files/AF-0000000008948178-model_v1.cif,https://alphafold.ebi.ac.uk/files/AF-0000000008948178-model_v1.pdb,https://alphafold.ebi.ac.uk/files/AF-0000000008948178-confidence_v1.json,https://alphafold.ebi.ac.uk/files/AF-0000000008948178-predicted_aligned_error_v1.json,held,ALPHAFOLD_MOUSE_TAXONOMY_NOT_CONFIRMED,https://alphafold.ebi.ac.uk/api/prediction/P43883,0f2524c855bc8a19352b456c98727111ef8a300ba5be80e864efc6361abb8a5d,not_assessed,0.1.0
P43883,AlphaFold_DB,AF-P43883-F1,A,6,10090,1,425,exact_full,aa32cf08d44d43e7f9506013ba31143e679798baafd2cd978cbdd13e58181d6c,aedafb5d275be4684d4e59df0985aed7,predicted,,,https://alphafold.ebi.ac.uk/files/AF-P43883-F1-model_v6.cif,https://alphafold.ebi.ac.uk/files/AF-P43883-F1-model_v6.pdb,https://alphafold.ebi.ac.uk/files/AF-P43883-F1-confidence_v6.json,https://alphafold.ebi.ac.uk/files/AF-P43883-F1-predicted_aligned_error_v6.json,candidate,EXACT_FULL_SEQUENCE_LOCAL_QUALITY_PENDING,https://alphafold.ebi.ac.uk/api/prediction/P43883,0f2524c855bc8a19352b456c98727111ef8a300ba5be80e864efc6361abb8a5d,not_assessed,0.1.0
P47242,AlphaFold_DB,AF-P47242-F1,A,6,10090,1,342,exact_full,768373ef3dbb867a672035c557fcbfed23f3ed3dce928de41662268ed32644e5,f2d36412d16935738317f7211c3e678e,predicted,,,https://alphafold.ebi.ac.uk/files/AF-P47242-F1-model_v6.cif,https://alphafold.ebi.ac.uk/files/AF-P47242-F1-model_v6.pdb,https://alphafold.ebi.ac.uk/files/AF-P47242-F1-confidence_v6.json,https://alphafold.ebi.ac.uk/files/AF-P47242-F1-predicted_aligned_error_v6.json,candidate,EXACT_FULL_SEQUENCE_LOCAL_QUALITY_PENDING,https://alphafold.ebi.ac.uk/api/prediction/P47242,9b6a6036933061e920a4138bfcc813ca33c7e204e0d9684aa9615ceb8765715a,not_assessed,0.1.0
P47801,AlphaFold_DB,AF-P47801-F1,A,6,10090,1,160,exact_full,84c4244a775fb8023754fa73344e6ea5044200ac5fabd034a31c6c50e1cdf67c,2c043ed80e757da4fcc913784e1933b9,predicted,,,https://alphafold.ebi.ac.uk/files/AF-P47801-F1-model_v6.cif,https://alphafold.ebi.ac.uk/files/AF-P47801-F1-model_v6.pdb,https://alphafold.ebi.ac.uk/files/AF-P47801-F1-confidence_v6.json,https://alphafold.ebi.ac.uk/files/AF-P47801-F1-predicted_aligned_error_v6.json,candidate,EXACT_FULL_SEQUENCE_LOCAL_QUALITY_PENDING,https://alphafold.ebi.ac.uk/api/prediction/P47801,a07d6e441202a8a31a0043b4f6756091c2ca9463731514b098e6a6f41e3aa801,not_assessed,0.1.0
P47880,AlphaFold_DB,AF-0000000014020244,A,1,1280,1,238,not_assessed,ecedd2a729791ca399cce78f71b555f2bc365f3dcba1169013c7f1afaae2f1bf,95a8e1754226606c8252502b26e9b4a2,predicted,,,https://alphafold.ebi.ac.uk/files/AF-0000000014020244-model_v1.cif,https://alphafold.ebi.ac.uk/files/AF-0000000014020244-model_v1.pdb,https://alphafold.ebi.ac.uk/files/AF-0000000014020244-confidence_v1.json,https://alphafold.ebi.ac.uk/files/AF-0000000014020244-predicted_aligned_error_v1.json,held,ALPHAFOLD_MOUSE_TAXONOMY_NOT_CONFIRMED,https://alphafold.ebi.ac.uk/api/prediction/P47880,440b068bfe9739264c86ac162327eb98f66618eca450eecf91438d9eff1fda9e,not_assessed,0.1.0
P47880,AlphaFold_DB,AF-P47880-F1,A,6,10090,1,238,exact_full,ecedd2a729791ca399cce78f71b555f2bc365f3dcba1169013c7f1afaae2f1bf,95a8e1754226606c8252502b26e9b4a2,predicted,,,https://alphafold.ebi.ac.uk/files/AF-P47880-F1-model_v6.cif,https://alphafold.ebi.ac.uk/files/AF-P47880-F1-model_v6.pdb,https://alphafold.ebi.ac.uk/files/AF-P47880-F1-confidence_v6.json,https://alphafold.ebi.ac.uk/files/AF-P47880-F1-predicted_aligned_error_v6.json,candidate,EXACT_FULL_SEQUENCE_LOCAL_QUALITY_PENDING,https://alphafold.ebi.ac.uk/api/prediction/P47880,440b068bfe9739264c86ac162327eb98f66618eca450eecf91438d9eff1fda9e,not_assessed,0.1.0
P48168,AlphaFold_DB,AF-P48168-F1,A,6,10090,1,496,exact_full,100c995a23542ce73300fa7e36b52168d6a4313b5bde3efd4216a56b25655854,b8fbe30ff39fa7127cff2f21a34a0a97,predicted,,,https://alphafold.ebi.ac.uk/files/AF-P48168-F1-model_v6.cif,https://alphafold.ebi.ac.uk/files/AF-P48168-F1-model_v6.pdb,https://alphafold.ebi.ac.uk/files/AF-P48168-F1-confidence_v6.json,https://alphafold.ebi.ac.uk/files/AF-P48168-F1-predicted_aligned_error_v6.json,candidate,EXACT_FULL_SEQUENCE_LOCAL_QUALITY_PENDING,https://alphafold.ebi.ac.uk/api/prediction/P48168,e38495cb1e6166bd73b9181f465f2869ff435f2cc809e17660817cbdf28ac9f0,not_assessed,0.1.0
P48193,AlphaFold_DB,AF-P48193-2-F1,A,6,10090,1,804,not_assessed,490877032dd55d618773ee03553693fc5fb32eaec0aa65f35f8715e8b82e151c,e174fdf4863bc9a6afb43c3aecd48a07,predicted,,,https://alphafold.ebi.ac.uk/files/AF-P48193-2-F1-model_v6.cif,https://alphafold.ebi.ac.uk/files/AF-P48193-2-F1-model_v6.pdb,https://alphafold.ebi.ac.uk/files/AF-P48193-2-F1-confidence_v6.json,https://alphafold.ebi.ac.uk/files/AF-P48193-2-F1-predicted_aligned_error_v6.json,held,ALPHAFOLD_ACCESSION_DIFFERS_FROM_CANONICAL,https://alphafold.ebi.ac.uk/api/prediction/P48193,f7120fa1c3780d605ce2f2b3feddfe9cd190a15183dd0285c86ac91257d316a6,not_assessed,0.1.0
P48193,AlphaFold_DB,AF-P48193-F1,A,6,10090,1,858,exact_full,fdb4dbc6267d0d98e4b2254cbf4a22e88fc43689e982ea67dba26b20cd1b99c1,b400612c2ce1ab62c0a27c8c4e17594d,predicted,,,https://alphafold.ebi.ac.uk/files/AF-P48193-F1-model_v6.cif,https://alphafold.ebi.ac.uk/files/AF-P48193-F1-model_v6.pdb,https://alphafold.ebi.ac.uk/files/AF-P48193-F1-confidence_v6.json,https://alphafold.ebi.ac.uk/files/AF-P48193-F1-predicted_aligned_error_v6.json,candidate,EXACT_FULL_SEQUENCE_LOCAL_QUALITY_PENDING,https://alphafold.ebi.ac.uk/api/prediction/P48193,f7120fa1c3780d605ce2f2b3feddfe9cd190a15183dd0285c86ac91257d316a6,not_assessed,0.1.0
P48302,AlphaFold_DB,AF-P48302-F1,A,6,10090,1,442,exact_full,b4f23bdecea857b3356f51318fca144809858244fbb816ef9047b35d5b74eafe,a62af1d41f612735bd0e2cd0a0ed3c16,predicted,,,https://alphafold.ebi.ac.uk/files/AF-P48302-F1-model_v6.cif,https://alphafold.ebi.ac.uk/files/AF-P48302-F1-model_v6.pdb,https://alphafold.ebi.ac.uk/files/AF-P48302-F1-confidence_v6.json,https://alphafold.ebi.ac.uk/files/AF-P48302-F1-predicted_aligned_error_v6.json,candidate,EXACT_FULL_SEQUENCE_LOCAL_QUALITY_PENDING,https://alphafold.ebi.ac.uk/api/prediction/P48302,db9cfcf12b6358f9aab01240138f0082e00e8167a37baf6062a5fce3ad150de0,not_assessed,0.1.0
P48316,AlphaFold_DB,AF-P48316-F1,A,6,10090,1,165,exact_full,4124f8c0b8ae0ea8c20eade3d06eb12966c239486bf90e7c3202a774f57c305a,0ad84332ceda6796370bb539a594a75d,predicted,,,https://alphafold.ebi.ac.uk/files/AF-P48316-F1-model_v6.cif,https://alphafold.ebi.ac.uk/files/AF-P48316-F1-model_v6.pdb,https://alphafold.ebi.ac.uk/files/AF-P48316-F1-confidence_v6.json,https://alphafold.ebi.ac.uk/files/AF-P48316-F1-predicted_aligned_error_v6.json,candidate,EXACT_FULL_SEQUENCE_LOCAL_QUALITY_PENDING,https://alphafold.ebi.ac.uk/api/prediction/P48316,57548ee743290ab5e831009bccccb5ddd44caf1f6e9147c3016874edb978e0fa,not_assessed,0.1.0
P48744,AlphaFold_DB,AF-P48744-F1,A,6,10090,1,131,exact_full,6a0c0633498632ae0130d70313485304c01b6c88911c8c0b21e7b795db8f5ab2,ee70ec7608eed0a53d2492a3db314eda,predicted,,,https://alphafold.ebi.ac.uk/files/AF-P48744-F1-model_v6.cif,https://alphafold.ebi.ac.uk/files/AF-P48744-F1-model_v6.pdb,https://alphafold.ebi.ac.uk/files/AF-P48744-F1-confidence_v6.json,https://alphafold.ebi.ac.uk/files/AF-P48744-F1-predicted_aligned_error_v6.json,candidate,EXACT_FULL_SEQUENCE_LOCAL_QUALITY_PENDING,https://alphafold.ebi.ac.uk/api/prediction/P48744,cfbd660b0592a8fd3ec14389fe7808204ca0ae020eaabf08823110f0f18151bd,not_assessed,0.1.0
P49710,AlphaFold_DB,AF-P49710-F1,A,6,10090,1,486,exact_full,d758715c65589c80ab740a5a76e1dbf9077db275717cd4594df50013355dd16a,e0f245a8ef9ec65fdbeac9fc77e6f328,predicted,,,https://alphafold.ebi.ac.uk/files/AF-P49710-F1-model_v6.cif,https://alphafold.ebi.ac.uk/files/AF-P49710-F1-model_v6.pdb,https://alphafold.ebi.ac.uk/files/AF-P49710-F1-confidence_v6.json,https://alphafold.ebi.ac.uk/files/AF-P49710-F1-predicted_aligned_error_v6.json,candidate,EXACT_FULL_SEQUENCE_LOCAL_QUALITY_PENDING,https://alphafold.ebi.ac.uk/api/prediction/P49710,c05202cdb5eec510dfdaae4cbea65a11156e10391939d055a40bad301be1a563,not_assessed,0.1.0
P49817,AlphaFold_DB,AF-P49817-2-F1,A,6,10090,1,147,not_assessed,cf123054c38a2456bc617ded76e675954605778e8c183a67c2e51ee02911062a,fe00a73771ca464c7ac6be61d5783fc7,predicted,,,https://alphafold.ebi.ac.uk/files/AF-P49817-2-F1-model_v6.cif,https://alphafold.ebi.ac.uk/files/AF-P49817-2-F1-model_v6.pdb,https://alphafold.ebi.ac.uk/files/AF-P49817-2-F1-confidence_v6.json,https://alphafold.ebi.ac.uk/files/AF-P49817-2-F1-predicted_aligned_error_v6.json,held,ALPHAFOLD_ACCESSION_DIFFERS_FROM_CANONICAL,https://alphafold.ebi.ac.uk/api/prediction/P49817,2cf5680043633259e393695d62bd14f723aed3f9ea025151a8eb6e5e545eff98,not_assessed,0.1.0
P49817,AlphaFold_DB,AF-P49817-F1,A,6,10090,1,178,exact_full,ce5f97103cb6ba7d50fad629677e65a5d0ff1ae99128cc4a0c4aae045e50222a,d5f8871eef73db9f04d8f96aa6394df9,predicted,,,https://alphafold.ebi.ac.uk/files/AF-P49817-F1-model_v6.cif,https://alphafold.ebi.ac.uk/files/AF-P49817-F1-model_v6.pdb,https://alphafold.ebi.ac.uk/files/AF-P49817-F1-confidence_v6.json,https://alphafold.ebi.ac.uk/files/AF-P49817-F1-predicted_aligned_error_v6.json,candidate,EXACT_FULL_SEQUENCE_LOCAL_QUALITY_PENDING,https://alphafold.ebi.ac.uk/api/prediction/P49817,2cf5680043633259e393695d62bd14f723aed3f9ea025151a8eb6e5e545eff98,not_assessed,0.1.0
P49919,AlphaFold_DB,AF-P49919-2-F1,A,6,10090,1,335,not_assessed,2137b7b044c83851d66cbeb4dc1be02cf37808c0a6f69a7b4d005f791044a410,87e6700d45887f2f9347a712bf1bfe7d,predicted,,,https://alphafold.ebi.ac.uk/files/AF-P49919-2-F1-model_v6.cif,https://alphafold.ebi.ac.uk/files/AF-P49919-2-F1-model_v6.pdb,https://alphafold.ebi.ac.uk/files/AF-P49919-2-F1-confidence_v6.json,https://alphafold.ebi.ac.uk/files/AF-P49919-2-F1-predicted_aligned_error_v6.json,held,ALPHAFOLD_ACCESSION_DIFFERS_FROM_CANONICAL,https://alphafold.ebi.ac.uk/api/prediction/P49919,1ff2b710aeaf2c3932edb0bf3fa1a2614d0c8530fb5013129ed88692f3ec8ad4,not_assessed,0.1.0
P49919,AlphaFold_DB,AF-P49919-F1,A,6,10090,1,348,exact_full,3d1c528816fe7e7f568dd81949b6e04a3e334e495c7af99d1130a274ac395270,59322a5fe06423d7236f62bec7d3e58e,predicted,,,https://alphafold.ebi.ac.uk/files/AF-P49919-F1-model_v6.cif,https://alphafold.ebi.ac.uk/files/AF-P49919-F1-model_v6.pdb,https://alphafold.ebi.ac.uk/files/AF-P49919-F1-confidence_v6.json,https://alphafold.ebi.ac.uk/files/AF-P49919-F1-predicted_aligned_error_v6.json,candidate,EXACT_FULL_SEQUENCE_LOCAL_QUALITY_PENDING,https://alphafold.ebi.ac.uk/api/prediction/P49919,1ff2b710aeaf2c3932edb0bf3fa1a2614d0c8530fb5013129ed88692f3ec8ad4,not_assessed,0.1.0
P50114,AlphaFold_DB,AF-P50114-F1,A,6,10090,1,92,exact_full,4f0ae37e10a62cc0b4487f5eb71dcf5480dc5af615b732b503ffc098e615c345,23807503808ab48d05c5bb204140ed3e,predicted,,,https://alphafold.ebi.ac.uk/files/AF-P50114-F1-model_v6.cif,https://alphafold.ebi.ac.uk/files/AF-P50114-F1-model_v6.pdb,https://alphafold.ebi.ac.uk/files/AF-P50114-F1-confidence_v6.json,https://alphafold.ebi.ac.uk/files/AF-P50114-F1-predicted_aligned_error_v6.json,candidate,EXACT_FULL_SEQUENCE_LOCAL_QUALITY_PENDING,https://alphafold.ebi.ac.uk/api/prediction/P50114,63b8e646c8761c1c5fd39ee9aa977067b85d59118ee9e5b366e536e014f20260,not_assessed,0.1.0
P50540,AlphaFold_DB,AF-P50540-2-F1,A,6,10090,1,192,not_assessed,7aa53625e9741a37f0d87dd2999855bf2f450c255712fd261c02196f58d42511,bc38a71032bc9752f5d1fdb1f2d10ac8,predicted,,,https://alphafold.ebi.ac.uk/files/AF-P50540-2-F1-model_v6.cif,https://alphafold.ebi.ac.uk/files/AF-P50540-2-F1-model_v6.pdb,https://alphafold.ebi.ac.uk/files/AF-P50540-2-F1-confidence_v6.json,https://alphafold.ebi.ac.uk/files/AF-P50540-2-F1-predicted_aligned_error_v6.json,held,ALPHAFOLD_ACCESSION_DIFFERS_FROM_CANONICAL,https://alphafold.ebi.ac.uk/api/prediction/P50540,9892e46a5caa2766c95a0ef857d5788322fd5ebc6adc03b70233a4e84b768c07,not_assessed,0.1.0
P50540,AlphaFold_DB,AF-P50540-F1,A,6,10090,1,228,exact_full,3127a6de48ae2914c08f73e74c39cb7965e781e5744a50e72e4f31f8043ec42a,99a711500a77462df4cbc6869fa6ca78,predicted,,,https://alphafold.ebi.ac.uk/files/AF-P50540-F1-model_v6.cif,https://alphafold.ebi.ac.uk/files/AF-P50540-F1-model_v6.pdb,https://alphafold.ebi.ac.uk/files/AF-P50540-F1-confidence_v6.json,https://alphafold.ebi.ac.uk/files/AF-P50540-F1-predicted_aligned_error_v6.json,candidate,EXACT_FULL_SEQUENCE_LOCAL_QUALITY_PENDING,https://alphafold.ebi.ac.uk/api/prediction/P50540,9892e46a5caa2766c95a0ef857d5788322fd5ebc6adc03b70233a4e84b768c07,not_assessed,0.1.0
P50544,AlphaFold_DB,AF-P50544-F1,A,6,10090,1,656,exact_full,7177d8e0eef94a3a8c9a70d903afb7f022073dfd07db70cb9b72a0d1c53633ef,b3d22fdbc8a0f61b62787831b47940be,predicted,,,https://alphafold.ebi.ac.uk/files/AF-P50544-F1-model_v6.cif,https://alphafold.ebi.ac.uk/files/AF-P50544-F1-model_v6.pdb,https://alphafold.ebi.ac.uk/files/AF-P50544-F1-confidence_v6.json,https://alphafold.ebi.ac.uk/files/AF-P50544-F1-predicted_aligned_error_v6.json,candidate,EXACT_FULL_SEQUENCE_LOCAL_QUALITY_PENDING,https://alphafold.ebi.ac.uk/api/prediction/P50544,de7ae9141b1e2e0b18dcc3a4d094d31cd3d59b37d7d02b125e36156091d9b4b8,not_assessed,0.1.0
P50544,PDBe_SIFTS,8ca1,A,,10090,1,656,not_assessed,,,Electron Microscopy,4.3,1.0,,,,,candidate,MOUSE_SIFTS_CANDIDATE_LOCAL_REVIEW_PENDING,https://www.ebi.ac.uk/pdbe/api/mappings/best_structures/P50544,fa7ee2d7e414708e8683b9e5c8d5cd753b627e76104ca8f162e4e2a94e5bdf03,not_assessed,0.1.0
P50544,PDBe_SIFTS,8ca1,B,,10090,1,656,not_assessed,,,Electron Microscopy,4.3,1.0,,,,,candidate,MOUSE_SIFTS_CANDIDATE_LOCAL_REVIEW_PENDING,https://www.ebi.ac.uk/pdbe/api/mappings/best_structures/P50544,fa7ee2d7e414708e8683b9e5c8d5cd753b627e76104ca8f162e4e2a94e5bdf03,not_assessed,0.1.0
P50571,AlphaFold_DB,AF-P50571-F1,A,6,10090,1,474,exact_full,8f535203eec6c47713ed28771df4339f2e9fea8d5e190ddea09402920cc6a6e6,613a849aba1166550519fe6091020dfd,predicted,,,https://alphafold.ebi.ac.uk/files/AF-P50571-F1-model_v6.cif,https://alphafold.ebi.ac.uk/files/AF-P50571-F1-model_v6.pdb,https://alphafold.ebi.ac.uk/files/AF-P50571-F1-confidence_v6.json,https://alphafold.ebi.ac.uk/files/AF-P50571-F1-predicted_aligned_error_v6.json,candidate,EXACT_FULL_SEQUENCE_LOCAL_QUALITY_PENDING,https://alphafold.ebi.ac.uk/api/prediction/P50571,b2563d494a0aa6d933b83267b63a8eaac6084b08bb0821c0412796b3a05f3de3,not_assessed,0.1.0
P51163,AlphaFold_DB,AF-P51163-F1,A,6,10090,1,265,exact_full,743c70a048f441313c4b6df8d855aeb47c17a7245bd1878e7183e3d05338a9c0,d743ce43f346d5507ddc3e05dda6ed22,predicted,,,https://alphafold.ebi.ac.uk/files/AF-P51163-F1-model_v6.cif,https://alphafold.ebi.ac.uk/files/AF-P51163-F1-model_v6.pdb,https://alphafold.ebi.ac.uk/files/AF-P51163-F1-confidence_v6.json,https://alphafold.ebi.ac.uk/files/AF-P51163-F1-predicted_aligned_error_v6.json,candidate,EXACT_FULL_SEQUENCE_LOCAL_QUALITY_PENDING,https://alphafold.ebi.ac.uk/api/prediction/P51163,5a6201c492cc6eccf37e8543884ef4e42794caeea413aa12984c6d613640644c,not_assessed,0.1.0
P51569,AlphaFold_DB,AF-P51569-F1,A,6,10090,1,419,exact_full,36b6598d7cb726f51c76bc017420756b1d4dad3a0f08784ee823ba808335f050,c5aa5c28c4e0b9401e23928c24b710cf,predicted,,,https://alphafold.ebi.ac.uk/files/AF-P51569-F1-model_v6.cif,https://alphafold.ebi.ac.uk/files/AF-P51569-F1-model_v6.pdb,https://alphafold.ebi.ac.uk/files/AF-P51569-F1-confidence_v6.json,https://alphafold.ebi.ac.uk/files/AF-P51569-F1-predicted_aligned_error_v6.json,candidate,EXACT_FULL_SEQUENCE_LOCAL_QUALITY_PENDING,https://alphafold.ebi.ac.uk/api/prediction/P51569,eb8e78a587bff93d74cabd309af6b1e5d236a9a5193ad59d188dc957b0a13054,not_assessed,0.1.0
P51642,AlphaFold_DB,AF-P51642-F1,A,6,10090,1,198,exact_full,25088472ed9238508a7825f688bad7fbed2e4bf3ea0abab77615ebc5634bd560,87fa834f588863964a206c3b296fe96b,predicted,,,https://alphafold.ebi.ac.uk/files/AF-P51642-F1-model_v6.cif,https://alphafold.ebi.ac.uk/files/AF-P51642-F1-model_v6.pdb,https://alphafold.ebi.ac.uk/files/AF-P51642-F1-confidence_v6.json,https://alphafold.ebi.ac.uk/files/AF-P51642-F1-predicted_aligned_error_v6.json,candidate,EXACT_FULL_SEQUENCE_LOCAL_QUALITY_PENDING,https://alphafold.ebi.ac.uk/api/prediction/P51642,62523eba176f514f9e29cd6f80bf75b43c4609acc16b51271dfbce3d62db978c,not_assessed,0.1.0
P51670,AlphaFold_DB,AF-P51670-F1,A,6,10090,1,122,exact_full,ddbf6c0f4e4ed37982792b1ae0bc98904086677901dd938ca2517df00052e631,570229183009c1694c70546973964fd2,predicted,,,https://alphafold.ebi.ac.uk/files/AF-P51670-F1-model_v6.cif,https://alphafold.ebi.ac.uk/files/AF-P51670-F1-model_v6.pdb,https://alphafold.ebi.ac.uk/files/AF-P51670-F1-confidence_v6.json,https://alphafold.ebi.ac.uk/files/AF-P51670-F1-predicted_aligned_error_v6.json,candidate,EXACT_FULL_SEQUENCE_LOCAL_QUALITY_PENDING,https://alphafold.ebi.ac.uk/api/prediction/P51670,993b6efd959fdf1f9e3df6bdebc142f9c873b8f18c60e74b03e8a248df95a71c,not_assessed,0.1.0
P51860,AlphaFold_DB,AF-P51860-F1,A,6,10090,1,460,exact_full,4e5442421f37ccc05c6ac678cb152e2736f25ce72ae2078f078e36f805415ad3,ccc1c34f4c49ffb7a3aa8c06ecf6bd58,predicted,,,https://alphafold.ebi.ac.uk/files/AF-P51860-F1-model_v6.cif,https://alphafold.ebi.ac.uk/files/AF-P51860-F1-model_v6.pdb,https://alphafold.ebi.ac.uk/files/AF-P51860-F1-confidence_v6.json,https://alphafold.ebi.ac.uk/files/AF-P51860-F1-predicted_aligned_error_v6.json,candidate,EXACT_FULL_SEQUENCE_LOCAL_QUALITY_PENDING,https://alphafold.ebi.ac.uk/api/prediction/P51860,8dc8144419486f8ebcfaef544f3c0fb58f56421cb4b7e43d2fa4875f63f32f54,not_assessed,0.1.0
P51880,AlphaFold_DB,AF-P51880-F1,A,6,10090,1,132,exact_full,f0913d7c57631a495cafbbed53e50babd6e637831f0369cacaae36066f0a2677,d46de880c73453000363366043ed8b94,predicted,,,https://alphafold.ebi.ac.uk/files/AF-P51880-F1-model_v6.cif,https://alphafold.ebi.ac.uk/files/AF-P51880-F1-model_v6.pdb,https://alphafold.ebi.ac.uk/files/AF-P51880-F1-confidence_v6.json,https://alphafold.ebi.ac.uk/files/AF-P51880-F1-predicted_aligned_error_v6.json,candidate,EXACT_FULL_SEQUENCE_LOCAL_QUALITY_PENDING,https://alphafold.ebi.ac.uk/api/prediction/P51880,5529b2094aca41a8c77256b7e94e51fcedf947af827e92babbf5d69eec09690d,not_assessed,0.1.0
P51910,AlphaFold_DB,AF-P51910-F1,A,6,10090,1,189,exact_full,05b1d704df87478030a5dc0c9c9247a53efe47bb26fd53d1a88df4243c049664,c2145969c62e85025e7f57e571c5d3aa,predicted,,,https://alphafold.ebi.ac.uk/files/AF-P51910-F1-model_v6.cif,https://alphafold.ebi.ac.uk/files/AF-P51910-F1-model_v6.pdb,https://alphafold.ebi.ac.uk/files/AF-P51910-F1-confidence_v6.json,https://alphafold.ebi.ac.uk/files/AF-P51910-F1-predicted_aligned_error_v6.json,candidate,EXACT_FULL_SEQUENCE_LOCAL_QUALITY_PENDING,https://alphafold.ebi.ac.uk/api/prediction/P51910,54e43da4ace1b8682fe678c318f8d44bc0c89444b836d61b77a9f83d0e09f4b9,not_assessed,0.1.0
P51945,AlphaFold_DB,AF-P51945-F1,A,6,10090,1,294,exact_full,68ec586939486efc1488e67dadf39459547207f605df43c3aa2b9151f784dcd7,79f6612fe55b244ac91927d8cb242feb,predicted,,,https://alphafold.ebi.ac.uk/files/AF-P51945-F1-model_v6.cif,https://alphafold.ebi.ac.uk/files/AF-P51945-F1-model_v6.pdb,https://alphafold.ebi.ac.uk/files/AF-P51945-F1-confidence_v6.json,https://alphafold.ebi.ac.uk/files/AF-P51945-F1-predicted_aligned_error_v6.json,candidate,EXACT_FULL_SEQUENCE_LOCAL_QUALITY_PENDING,https://alphafold.ebi.ac.uk/api/prediction/P51945,3e09c589e63692feca03ee07f2e760853cbe25fd0eaa0932b9092d081fc852e5,not_assessed,0.1.0
P52019,AlphaFold_DB,AF-P52019-F1,A,6,10090,1,572,exact_full,8f7f23429adfc1d24df22d9d1bf59ebb04e0f664704966c3aec80672727b7564,d04ba37a11fdaecbfb58946c18edb6bf,predicted,,,https://alphafold.ebi.ac.uk/files/AF-P52019-F1-model_v6.cif,https://alphafold.ebi.ac.uk/files/AF-P52019-F1-model_v6.pdb,https://alphafold.ebi.ac.uk/files/AF-P52019-F1-confidence_v6.json,https://alphafold.ebi.ac.uk/files/AF-P52019-F1-predicted_aligned_error_v6.json,candidate,EXACT_FULL_SEQUENCE_LOCAL_QUALITY_PENDING,https://alphafold.ebi.ac.uk/api/prediction/P52019,8eb26391ed9ea590c4db154801656abc3f5f1d4997be774a88fc9b83f31f8c3e,not_assessed,0.1.0
P52293,AlphaFold_DB,AF-P52293-F1,A,6,10090,1,529,exact_full,3798fd5c05a29601f15d3cb0bb341fd1b624a97a04366b024584130d0448f665,20a38e2dd832245db7beae835b3b0e08,predicted,,,https://alphafold.ebi.ac.uk/files/AF-P52293-F1-model_v6.cif,https://alphafold.ebi.ac.uk/files/AF-P52293-F1-model_v6.pdb,https://alphafold.ebi.ac.uk/files/AF-P52293-F1-confidence_v6.json,https://alphafold.ebi.ac.uk/files/AF-P52293-F1-predicted_aligned_error_v6.json,candidate,EXACT_FULL_SEQUENCE_LOCAL_QUALITY_PENDING,https://alphafold.ebi.ac.uk/api/prediction/P52293,4cbf02bd20b7988e4dc797e9e6a09733fbf3254619805b12e8498e0994d6974f,not_assessed,0.1.0
P52293,PDBe_SIFTS,1ejl,I,,10090,70,529,not_assessed,,,X-ray diffraction,2.8,0.87,,,,,candidate,MOUSE_SIFTS_CANDIDATE_LOCAL_REVIEW_PENDING,https://www.ebi.ac.uk/pdbe/api/mappings/best_structures/P52293,a8da0c77e00b15e89c0c2f5bac9893e95ed0fb9d7b7ef74a66386acaaecc8879,not_assessed,0.1.0
P52293,PDBe_SIFTS,1ejy,I,,10090,70,529,not_assessed,,,X-ray diffraction,2.9,0.87,,,,,candidate,MOUSE_SIFTS_CANDIDATE_LOCAL_REVIEW_PENDING,https://www.ebi.ac.uk/pdbe/api/mappings/best_structures/P52293,a8da0c77e00b15e89c0c2f5bac9893e95ed0fb9d7b7ef74a66386acaaecc8879,not_assessed,0.1.0
P52293,PDBe_SIFTS,1ial,A,,10090,44,496,not_assessed,,,X-ray diffraction,2.5,0.856,,,,,candidate,MOUSE_SIFTS_CANDIDATE_LOCAL_REVIEW_PENDING,https://www.ebi.ac.uk/pdbe/api/mappings/best_structures/P52293,a8da0c77e00b15e89c0c2f5bac9893e95ed0fb9d7b7ef74a66386acaaecc8879,not_assessed,0.1.0
P52293,PDBe_SIFTS,1iq1,A,,10090,44,54,not_assessed,,,X-ray diffraction,2.8,0.021,,,,,candidate,MOUSE_SIFTS_CANDIDATE_LOCAL_REVIEW_PENDING,https://www.ebi.ac.uk/pdbe/api/mappings/best_structures/P52293,a8da0c77e00b15e89c0c2f5bac9893e95ed0fb9d7b7ef74a66386acaaecc8879,not_assessed,0.1.0
P52293,PDBe_SIFTS,1iq1,B,,10090,44,54,not_assessed,,,X-ray diffraction,2.8,0.021,,,,,candidate,MOUSE_SIFTS_CANDIDATE_LOCAL_REVIEW_PENDING,https://www.ebi.ac.uk/pdbe/api/mappings/best_structures/P52293,a8da0c77e00b15e89c0c2f5bac9893e95ed0fb9d7b7ef74a66386acaaecc8879,not_assessed,0.1.0
P52293,PDBe_SIFTS,1iq1,C,,10090,70,529,not_assessed,,,X-ray diffraction,2.8,0.87,,,,,candidate,MOUSE_SIFTS_CANDIDATE_LOCAL_REVIEW_PENDING,https://www.ebi.ac.uk/pdbe/api/mappings/best_structures/P52293,a8da0c77e00b15e89c0c2f5bac9893e95ed0fb9d7b7ef74a66386acaaecc8879,not_assessed,0.1.0
P52293,PDBe_SIFTS,1pjm,B,,10090,70,529,not_assessed,,,X-ray diffraction,2.5,0.87,,,,,candidate,MOUSE_SIFTS_CANDIDATE_LOCAL_REVIEW_PENDING,https://www.ebi.ac.uk/pdbe/api/mappings/best_structures/P52293,a8da0c77e00b15e89c0c2f5bac9893e95ed0fb9d7b7ef74a66386acaaecc8879,not_assessed,0.1.0
P52293,PDBe_SIFTS,1pjn,B,,10090,70,529,not_assessed,,,X-ray diffraction,2.5,0.87,,,,,candidate,MOUSE_SIFTS_CANDIDATE_LOCAL_REVIEW_PENDING,https://www.ebi.ac.uk/pdbe/api/mappings/best_structures/P52293,a8da0c77e00b15e89c0c2f5bac9893e95ed0fb9d7b7ef74a66386acaaecc8879,not_assessed,0.1.0
P52293,PDBe_SIFTS,1q1s,C,,10090,70,529,not_assessed,,,X-ray diffraction,2.3,0.87,,,,,candidate,MOUSE_SIFTS_CANDIDATE_LOCAL_REVIEW_PENDING,https://www.ebi.ac.uk/pdbe/api/mappings/best_structures/P52293,a8da0c77e00b15e89c0c2f5bac9893e95ed0fb9d7b7ef74a66386acaaecc8879,not_assessed,0.1.0
P52293,PDBe_SIFTS,1q1t,C,,10090,70,529,not_assessed,,,X-ray diffraction,2.5,0.87,,,,,candidate,MOUSE_SIFTS_CANDIDATE_LOCAL_REVIEW_PENDING,https://www.ebi.ac.uk/pdbe/api/mappings/best_structures/P52293,a8da0c77e00b15e89c0c2f5bac9893e95ed0fb9d7b7ef74a66386acaaecc8879,not_assessed,0.1.0
P52293,PDBe_SIFTS,1y2a,C,,10090,70,497,not_assessed,,,X-ray diffraction,2.2,0.809,,,,,candidate,MOUSE_SIFTS_CANDIDATE_LOCAL_REVIEW_PENDING,https://www.ebi.ac.uk/pdbe/api/mappings/best_structures/P52293,a8da0c77e00b15e89c0c2f5bac9893e95ed0fb9d7b7ef74a66386acaaecc8879,not_assessed,0.1.0
P52293,PDBe_SIFTS,23qh,E,,10090,70,529,not_assessed,,,X-ray diffraction,2.1,0.87,,,,,candidate,MOUSE_SIFTS_CANDIDATE_LOCAL_REVIEW_PENDING,https://www.ebi.ac.uk/pdbe/api/mappings/best_structures/P52293,a8da0c77e00b15e89c0c2f5bac9893e95ed0fb9d7b7ef74a66386acaaecc8879,not_assessed,0.1.0
P52293,PDBe_SIFTS,2c1m,A,,10090,75,498,not_assessed,,,X-ray diffraction,2.2,0.802,,,,,candidate,MOUSE_SIFTS_CANDIDATE_LOCAL_REVIEW_PENDING,https://www.ebi.ac.uk/pdbe/api/mappings/best_structures/P52293,a8da0c77e00b15e89c0c2f5bac9893e95ed0fb9d7b7ef74a66386acaaecc8879,not_assessed,0.1.0
P52293,PDBe_SIFTS,2ynr,A,,10090,72,496,not_assessed,,,X-ray diffraction,2.3,0.803,,,,,candidate,MOUSE_SIFTS_CANDIDATE_LOCAL_REVIEW_PENDING,https://www.ebi.ac.uk/pdbe/api/mappings/best_structures/P52293,a8da0c77e00b15e89c0c2f5bac9893e95ed0fb9d7b7ef74a66386acaaecc8879,not_assessed,0.1.0
P52293,PDBe_SIFTS,3btr,C,,10090,70,496,not_assessed,,,X-ray diffraction,2.6,0.807,,,,,candidate,MOUSE_SIFTS_CANDIDATE_LOCAL_REVIEW_PENDING,https://www.ebi.ac.uk/pdbe/api/mappings/best_structures/P52293,a8da0c77e00b15e89c0c2f5bac9893e95ed0fb9d7b7ef74a66386acaaecc8879,not_assessed,0.1.0
P52293,PDBe_SIFTS,3knd,A,,10090,70,529,not_assessed,,,X-ray diffraction,2.151,0.87,,,,,candidate,MOUSE_SIFTS_CANDIDATE_LOCAL_REVIEW_PENDING,https://www.ebi.ac.uk/pdbe/api/mappings/best_structures/P52293,a8da0c77e00b15e89c0c2f5bac9893e95ed0fb9d7b7ef74a66386acaaecc8879,not_assessed,0.1.0
P52293,PDBe_SIFTS,3l3q,A,,10090,71,497,not_assessed,,,X-ray diffraction,2.3,0.807,,,,,candidate,MOUSE_SIFTS_CANDIDATE_LOCAL_REVIEW_PENDING,https://www.ebi.ac.uk/pdbe/api/mappings/best_structures/P52293,a8da0c77e00b15e89c0c2f5bac9893e95ed0fb9d7b7ef74a66386acaaecc8879,not_assessed,0.1.0
P52293,PDBe_SIFTS,3oqs,A,,10090,70,529,not_assessed,,,X-ray diffraction,2.0,0.87,,,,,candidate,MOUSE_SIFTS_CANDIDATE_LOCAL_REVIEW_PENDING,https://www.ebi.ac.uk/pdbe/api/mappings/best_structures/P52293,a8da0c77e00b15e89c0c2f5bac9893e95ed0fb9d7b7ef74a66386acaaecc8879,not_assessed,0.1.0
P52293,PDBe_SIFTS,3q5u,A,,10090,70,529,not_assessed,,,X-ray diffraction,2.5,0.87,,,,,candidate,MOUSE_SIFTS_CANDIDATE_LOCAL_REVIEW_PENDING,https://www.ebi.ac.uk/pdbe/api/mappings/best_structures/P52293,a8da0c77e00b15e89c0c2f5bac9893e95ed0fb9d7b7ef74a66386acaaecc8879,not_assessed,0.1.0
P52293,PDBe_SIFTS,3rz9,A,,10090,70,529,not_assessed,,,X-ray diffraction,2.29,0.87,,,,,candidate,MOUSE_SIFTS_CANDIDATE_LOCAL_REVIEW_PENDING,https://www.ebi.ac.uk/pdbe/api/mappings/best_structures/P52293,a8da0c77e00b15e89c0c2f5bac9893e95ed0fb9d7b7ef74a66386acaaecc8879,not_assessed,0.1.0
P52293,PDBe_SIFTS,3rzx,A,,10090,70,529,not_assessed,,,X-ray diffraction,2.61,0.87,,,,,candidate,MOUSE_SIFTS_CANDIDATE_LOCAL_REVIEW_PENDING,https://www.ebi.ac.uk/pdbe/api/mappings/best_structures/P52293,a8da0c77e00b15e89c0c2f5bac9893e95ed0fb9d7b7ef74a66386acaaecc8879,not_assessed,0.1.0
P52293,PDBe_SIFTS,3tpm,A,,10090,75,496,not_assessed,,,X-ray diffraction,2.1,0.798,,,,,candidate,MOUSE_SIFTS_CANDIDATE_LOCAL_REVIEW_PENDING,https://www.ebi.ac.uk/pdbe/api/mappings/best_structures/P52293,a8da0c77e00b15e89c0c2f5bac9893e95ed0fb9d7b7ef74a66386acaaecc8879,not_assessed,0.1.0
P52293,PDBe_SIFTS,3tpo,A,,10090,1,529,not_assessed,,,X-ray diffraction,2.1,1.0,,,,,candidate,MOUSE_SIFTS_CANDIDATE_LOCAL_REVIEW_PENDING,https://www.ebi.ac.uk/pdbe/api/mappings/best_structures/P52293,a8da0c77e00b15e89c0c2f5bac9893e95ed0fb9d7b7ef74a66386acaaecc8879,not_assessed,0.1.0
P52293,PDBe_SIFTS,3ukw,B,,10090,70,529,not_assessed,,,X-ray diffraction,2.1,0.87,,,,,candidate,MOUSE_SIFTS_CANDIDATE_LOCAL_REVIEW_PENDING,https://www.ebi.ac.uk/pdbe/api/mappings/best_structures/P52293,a8da0c77e00b15e89c0c2f5bac9893e95ed0fb9d7b7ef74a66386acaaecc8879,not_assessed,0.1.0
P52293,PDBe_SIFTS,3ukx,B,,10090,70,529,not_assessed,,,X-ray diffraction,2.2,0.87,,,,,candidate,MOUSE_SIFTS_CANDIDATE_LOCAL_REVIEW_PENDING,https://www.ebi.ac.uk/pdbe/api/mappings/best_structures/P52293,a8da0c77e00b15e89c0c2f5bac9893e95ed0fb9d7b7ef74a66386acaaecc8879,not_assessed,0.1.0
P52293,PDBe_SIFTS,3uky,B,,10090,70,529,not_assessed,,,X-ray diffraction,2.35,0.87,,,,,candidate,MOUSE_SIFTS_CANDIDATE_LOCAL_REVIEW_PENDING,https://www.ebi.ac.uk/pdbe/api/mappings/best_structures/P52293,a8da0c77e00b15e89c0c2f5bac9893e95ed0fb9d7b7ef74a66386acaaecc8879,not_assessed,0.1.0
P52293,PDBe_SIFTS,3ukz,B,,10090,70,529,not_assessed,,,X-ray diffraction,2.3,0.87,,,,,candidate,MOUSE_SIFTS_CANDIDATE_LOCAL_REVIEW_PENDING,https://www.ebi.ac.uk/pdbe/api/mappings/best_structures/P52293,a8da0c77e00b15e89c0c2f5bac9893e95ed0fb9d7b7ef74a66386acaaecc8879,not_assessed,0.1.0
P52293,PDBe_SIFTS,3ul0,B,,10090,70,529,not_assessed,,,X-ray diffraction,2.0,0.87,,,,,candidate,MOUSE_SIFTS_CANDIDATE_LOCAL_REVIEW_PENDING,https://www.ebi.ac.uk/pdbe/api/mappings/best_structures/P52293,a8da0c77e00b15e89c0c2f5bac9893e95ed0fb9d7b7ef74a66386acaaecc8879,not_assessed,0.1.0
P52293,PDBe_SIFTS,3ul1,B,,10090,70,529,not_assessed,,,X-ray diffraction,1.9,0.87,,,,,candidate,MOUSE_SIFTS_CANDIDATE_LOCAL_REVIEW_PENDING,https://www.ebi.ac.uk/pdbe/api/mappings/best_structures/P52293,a8da0c77e00b15e89c0c2f5bac9893e95ed0fb9d7b7ef74a66386acaaecc8879,not_assessed,0.1.0
P52293,PDBe_SIFTS,3uvu,A,,10090,70,529,not_assessed,,,X-ray diffraction,2.38,0.87,,,,,candidate,MOUSE_SIFTS_CANDIDATE_LOCAL_REVIEW_PENDING,https://www.ebi.ac.uk/pdbe/api/mappings/best_structures/P52293,a8da0c77e00b15e89c0c2f5bac9893e95ed0fb9d7b7ef74a66386acaaecc8879,not_assessed,0.1.0
P52293,PDBe_SIFTS,3ve6,A,,10090,71,496,not_assessed,,,X-ray diffraction,2.829,0.805,,,,,candidate,MOUSE_SIFTS_CANDIDATE_LOCAL_REVIEW_PENDING,https://www.ebi.ac.uk/pdbe/api/mappings/best_structures/P52293,a8da0c77e00b15e89c0c2f5bac9893e95ed0fb9d7b7ef74a66386acaaecc8879,not_assessed,0.1.0
P52293,PDBe_SIFTS,3zin,A,,10090,72,497,not_assessed,,,X-ray diffraction,2.0,0.805,,,,,candidate,MOUSE_SIFTS_CANDIDATE_LOCAL_REVIEW_PENDING,https://www.ebi.ac.uk/pdbe/api/mappings/best_structures/P52293,a8da0c77e00b15e89c0c2f5bac9893e95ed0fb9d7b7ef74a66386acaaecc8879,not_assessed,0.1.0
P52293,PDBe_SIFTS,3zio,A,,10090,72,497,not_assessed,,,X-ray diffraction,2.1,0.805,,,,,candidate,MOUSE_SIFTS_CANDIDATE_LOCAL_REVIEW_PENDING,https://www.ebi.ac.uk/pdbe/api/mappings/best_structures/P52293,a8da0c77e00b15e89c0c2f5bac9893e95ed0fb9d7b7ef74a66386acaaecc8879,not_assessed,0.1.0
P52293,PDBe_SIFTS,3zip,A,,10090,72,497,not_assessed,,,X-ray diffraction,2.4,0.805,,,,,candidate,MOUSE_SIFTS_CANDIDATE_LOCAL_REVIEW_PENDING,https://www.ebi.ac.uk/pdbe/api/mappings/best_structures/P52293,a8da0c77e00b15e89c0c2f5bac9893e95ed0fb9d7b7ef74a66386acaaecc8879,not_assessed,0.1.0
P52293,PDBe_SIFTS,3ziq,A,,10090,72,497,not_assessed,,,X-ray diffraction,2.1,0.805,,,,,candidate,MOUSE_SIFTS_CANDIDATE_LOCAL_REVIEW_PENDING,https://www.ebi.ac.uk/pdbe/api/mappings/best_structures/P52293,a8da0c77e00b15e89c0c2f5bac9893e95ed0fb9d7b7ef74a66386acaaecc8879,not_assessed,0.1.0
P52293,PDBe_SIFTS,3zir,A,,10090,72,497,not_assessed,,,X-ray diffraction,2.3,0.805,,,,,candidate,MOUSE_SIFTS_CANDIDATE_LOCAL_REVIEW_PENDING,https://www.ebi.ac.uk/pdbe/api/mappings/best_structures/P52293,a8da0c77e00b15e89c0c2f5bac9893e95ed0fb9d7b7ef74a66386acaaecc8879,not_assessed,0.1.0
P52293,PDBe_SIFTS,4ba3,A,,10090,70,529,not_assessed,,,X-ray diffraction,2.1,0.87,,,,,candidate,MOUSE_SIFTS_CANDIDATE_LOCAL_REVIEW_PENDING,https://www.ebi.ac.uk/pdbe/api/mappings/best_structures/P52293,a8da0c77e00b15e89c0c2f5bac9893e95ed0fb9d7b7ef74a66386acaaecc8879,not_assessed,0.1.0
P52293,PDBe_SIFTS,4htv,A,,10090,70,528,not_assessed,,,X-ray diffraction,3.0,0.868,,,,,candidate,MOUSE_SIFTS_CANDIDATE_LOCAL_REVIEW_PENDING,https://www.ebi.ac.uk/pdbe/api/mappings/best_structures/P52293,a8da0c77e00b15e89c0c2f5bac9893e95ed0fb9d7b7ef74a66386acaaecc8879,not_assessed,0.1.0
P52293,PDBe_SIFTS,4mz5,E,,10090,70,528,not_assessed,,,X-ray diffraction,2.1,0.868,,,,,candidate,MOUSE_SIFTS_CANDIDATE_LOCAL_REVIEW_PENDING,https://www.ebi.ac.uk/pdbe/api/mappings/best_structures/P52293,a8da0c77e00b15e89c0c2f5bac9893e95ed0fb9d7b7ef74a66386acaaecc8879,not_assessed,0.1.0
P52293,PDBe_SIFTS,4mz6,E,,10090,70,528,not_assessed,,,X-ray diffraction,1.88,0.868,,,,,candidate,MOUSE_SIFTS_CANDIDATE_LOCAL_REVIEW_PENDING,https://www.ebi.ac.uk/pdbe/api/mappings/best_structures/P52293,a8da0c77e00b15e89c0c2f5bac9893e95ed0fb9d7b7ef74a66386acaaecc8879,not_assessed,0.1.0
P52293,PDBe_SIFTS,4oih,A,,10090,70,529,not_assessed,,,X-ray diffraction,2.1,0.87,,,,,candidate,MOUSE_SIFTS_CANDIDATE_LOCAL_REVIEW_PENDING,https://www.ebi.ac.uk/pdbe/api/mappings/best_structures/P52293,a8da0c77e00b15e89c0c2f5bac9893e95ed0fb9d7b7ef74a66386acaaecc8879,not_assessed,0.1.0
P52293,PDBe_SIFTS,4u54,A,,10090,74,498,not_assessed,,,X-ray diffraction,2.41,0.803,,,,,candidate,MOUSE_SIFTS_CANDIDATE_LOCAL_REVIEW_PENDING,https://www.ebi.ac.uk/pdbe/api/mappings/best_structures/P52293,a8da0c77e00b15e89c0c2f5bac9893e95ed0fb9d7b7ef74a66386acaaecc8879,not_assessed,0.1.0
P52293,PDBe_SIFTS,4u58,A,,10090,72,497,not_assessed,,,X-ray diffraction,2.56,0.805,,,,,candidate,MOUSE_SIFTS_CANDIDATE_LOCAL_REVIEW_PENDING,https://www.ebi.ac.uk/pdbe/api/mappings/best_structures/P52293,a8da0c77e00b15e89c0c2f5bac9893e95ed0fb9d7b7ef74a66386acaaecc8879,not_assessed,0.1.0
P52293,PDBe_SIFTS,4u5l,A,,10090,72,497,not_assessed,,,X-ray diffraction,2.53,0.805,,,,,candidate,MOUSE_SIFTS_CANDIDATE_LOCAL_REVIEW_PENDING,https://www.ebi.ac.uk/pdbe/api/mappings/best_structures/P52293,a8da0c77e00b15e89c0c2f5bac9893e95ed0fb9d7b7ef74a66386acaaecc8879,not_assessed,0.1.0
P52293,PDBe_SIFTS,4u5n,A,,10090,72,497,not_assessed,,,X-ray diffraction,2.31,0.805,,,,,candidate,MOUSE_SIFTS_CANDIDATE_LOCAL_REVIEW_PENDING,https://www.ebi.ac.uk/pdbe/api/mappings/best_structures/P52293,a8da0c77e00b15e89c0c2f5bac9893e95ed0fb9d7b7ef74a66386acaaecc8879,not_assessed,0.1.0
P52293,PDBe_SIFTS,4u5o,A,,10090,72,497,not_assessed,,,X-ray diffraction,2.0,0.805,,,,,candidate,MOUSE_SIFTS_CANDIDATE_LOCAL_REVIEW_PENDING,https://www.ebi.ac.uk/pdbe/api/mappings/best_structures/P52293,a8da0c77e00b15e89c0c2f5bac9893e95ed0fb9d7b7ef74a66386acaaecc8879,not_assessed,0.1.0
P52293,PDBe_SIFTS,4u5s,A,,10090,72,497,not_assessed,,,X-ray diffraction,2.12,0.805,,,,,candidate,MOUSE_SIFTS_CANDIDATE_LOCAL_REVIEW_PENDING,https://www.ebi.ac.uk/pdbe/api/mappings/best_structures/P52293,a8da0c77e00b15e89c0c2f5bac9893e95ed0fb9d7b7ef74a66386acaaecc8879,not_assessed,0.1.0
P52293,PDBe_SIFTS,4u5u,A,,10090,72,497,not_assessed,,,X-ray diffraction,1.96,0.805,,,,,candidate,MOUSE_SIFTS_CANDIDATE_LOCAL_REVIEW_PENDING,https://www.ebi.ac.uk/pdbe/api/mappings/best_structures/P52293,a8da0c77e00b15e89c0c2f5bac9893e95ed0fb9d7b7ef74a66386acaaecc8879,not_assessed,0.1.0
P52293,PDBe_SIFTS,4u5v,A,,10090,72,497,not_assessed,,,X-ray diffraction,1.968,0.805,,,,,candidate,MOUSE_SIFTS_CANDIDATE_LOCAL_REVIEW_PENDING,https://www.ebi.ac.uk/pdbe/api/mappings/best_structures/P52293,a8da0c77e00b15e89c0c2f5bac9893e95ed0fb9d7b7ef74a66386acaaecc8879,not_assessed,0.1.0
P52293,PDBe_SIFTS,4uaf,B,,10090,69,529,not_assessed,,,X-ray diffraction,1.698,0.871,,,,,candidate,MOUSE_SIFTS_CANDIDATE_LOCAL_REVIEW_PENDING,https://www.ebi.ac.uk/pdbe/api/mappings/best_structures/P52293,a8da0c77e00b15e89c0c2f5bac9893e95ed0fb9d7b7ef74a66386acaaecc8879,not_assessed,0.1.0
P52293,PDBe_SIFTS,4yi0,C,,10090,70,529,not_assessed,,,X-ray diffraction,1.806,0.87,,,,,candidate,MOUSE_SIFTS_CANDIDATE_LOCAL_REVIEW_PENDING,https://www.ebi.ac.uk/pdbe/api/mappings/best_structures/P52293,a8da0c77e00b15e89c0c2f5bac9893e95ed0fb9d7b7ef74a66386acaaecc8879,not_assessed,0.1.0
P52293,PDBe_SIFTS,4zdu,A,,10090,72,498,not_assessed,,,X-ray diffraction,2.3,0.807,,,,,candidate,MOUSE_SIFTS_CANDIDATE_LOCAL_REVIEW_PENDING,https://www.ebi.ac.uk/pdbe/api/mappings/best_structures/P52293,a8da0c77e00b15e89c0c2f5bac9893e95ed0fb9d7b7ef74a66386acaaecc8879,not_assessed,0.1.0
P52293,PDBe_SIFTS,5b56,A,,10090,70,529,not_assessed,,,X-ray diffraction,2.3,0.87,,,,,candidate,MOUSE_SIFTS_CANDIDATE_LOCAL_REVIEW_PENDING,https://www.ebi.ac.uk/pdbe/api/mappings/best_structures/P52293,a8da0c77e00b15e89c0c2f5bac9893e95ed0fb9d7b7ef74a66386acaaecc8879,not_assessed,0.1.0
P52293,PDBe_SIFTS,5b56,B,,10090,70,529,not_assessed,,,X-ray diffraction,2.3,0.87,,,,,candidate,MOUSE_SIFTS_CANDIDATE_LOCAL_REVIEW_PENDING,https://www.ebi.ac.uk/pdbe/api/mappings/best_structures/P52293,a8da0c77e00b15e89c0c2f5bac9893e95ed0fb9d7b7ef74a66386acaaecc8879,not_assessed,0.1.0
P52293,PDBe_SIFTS,5ctt,A,,10090,72,497,not_assessed,,,X-ray diffraction,1.7,0.805,,,,,candidate,MOUSE_SIFTS_CANDIDATE_LOCAL_REVIEW_PENDING,https://www.ebi.ac.uk/pdbe/api/mappings/best_structures/P52293,a8da0c77e00b15e89c0c2f5bac9893e95ed0fb9d7b7ef74a66386acaaecc8879,not_assessed,0.1.0
P52293,PDBe_SIFTS,5d5k,C,,10090,70,529,not_assessed,,,X-ray diffraction,1.9,0.87,,,,,candidate,MOUSE_SIFTS_CANDIDATE_LOCAL_REVIEW_PENDING,https://www.ebi.ac.uk/pdbe/api/mappings/best_structures/P52293,a8da0c77e00b15e89c0c2f5bac9893e95ed0fb9d7b7ef74a66386acaaecc8879,not_assessed,0.1.0
P52293,PDBe_SIFTS,5e6q,B,,10090,70,529,not_assessed,,,X-ray diffraction,2.305,0.87,,,,,candidate,MOUSE_SIFTS_CANDIDATE_LOCAL_REVIEW_PENDING,https://www.ebi.ac.uk/pdbe/api/mappings/best_structures/P52293,a8da0c77e00b15e89c0c2f5bac9893e95ed0fb9d7b7ef74a66386acaaecc8879,not_assessed,0.1.0
P52293,PDBe_SIFTS,5ekf,A,,10090,70,529,not_assessed,,,X-ray diffraction,2.0,0.87,,,,,candidate,MOUSE_SIFTS_CANDIDATE_LOCAL_REVIEW_PENDING,https://www.ebi.ac.uk/pdbe/api/mappings/best_structures/P52293,a8da0c77e00b15e89c0c2f5bac9893e95ed0fb9d7b7ef74a66386acaaecc8879,not_assessed,0.1.0
P52293,PDBe_SIFTS,5ekg,A,,10090,70,529,not_assessed,,,X-ray diffraction,2.8,0.87,,,,,candidate,MOUSE_SIFTS_CANDIDATE_LOCAL_REVIEW_PENDING,https://www.ebi.ac.uk/pdbe/api/mappings/best_structures/P52293,a8da0c77e00b15e89c0c2f5bac9893e95ed0fb9d7b7ef74a66386acaaecc8879,not_assessed,0.1.0
P52293,PDBe_SIFTS,5fc8,E,,10090,71,529,not_assessed,,,X-ray diffraction,2.1,0.868,,,,,candidate,MOUSE_SIFTS_CANDIDATE_LOCAL_REVIEW_PENDING,https://www.ebi.ac.uk/pdbe/api/mappings/best_structures/P52293,a8da0c77e00b15e89c0c2f5bac9893e95ed0fb9d7b7ef74a66386acaaecc8879,not_assessed,0.1.0
P52293,PDBe_SIFTS,5gxw,A,,10090,70,497,not_assessed,,,X-ray diffraction,2.394,0.809,,,,,candidate,MOUSE_SIFTS_CANDIDATE_LOCAL_REVIEW_PENDING,https://www.ebi.ac.uk/pdbe/api/mappings/best_structures/P52293,a8da0c77e00b15e89c0c2f5bac9893e95ed0fb9d7b7ef74a66386acaaecc8879,not_assessed,0.1.0
P52293,PDBe_SIFTS,5hhg,E,,10090,71,497,not_assessed,,,X-ray diffraction,2.2,0.807,,,,,candidate,MOUSE_SIFTS_CANDIDATE_LOCAL_REVIEW_PENDING,https://www.ebi.ac.uk/pdbe/api/mappings/best_structures/P52293,a8da0c77e00b15e89c0c2f5bac9893e95ed0fb9d7b7ef74a66386acaaecc8879,not_assessed,0.1.0
P52293,PDBe_SIFTS,5huw,C,,10090,2,529,not_assessed,,,X-ray diffraction,1.95,0.998,,,,,candidate,MOUSE_SIFTS_CANDIDATE_LOCAL_REVIEW_PENDING,https://www.ebi.ac.uk/pdbe/api/mappings/best_structures/P52293,a8da0c77e00b15e89c0c2f5bac9893e95ed0fb9d7b7ef74a66386acaaecc8879,not_assessed,0.1.0
P52293,PDBe_SIFTS,5huy,C,,10090,2,529,not_assessed,,,X-ray diffraction,1.979,0.998,,,,,candidate,MOUSE_SIFTS_CANDIDATE_LOCAL_REVIEW_PENDING,https://www.ebi.ac.uk/pdbe/api/mappings/best_structures/P52293,a8da0c77e00b15e89c0c2f5bac9893e95ed0fb9d7b7ef74a66386acaaecc8879,not_assessed,0.1.0
P52293,PDBe_SIFTS,5k9s,A,,10090,72,529,not_assessed,,,X-ray diffraction,2.4,0.866,,,,,candidate,MOUSE_SIFTS_CANDIDATE_LOCAL_REVIEW_PENDING,https://www.ebi.ac.uk/pdbe/api/mappings/best_structures/P52293,a8da0c77e00b15e89c0c2f5bac9893e95ed0fb9d7b7ef74a66386acaaecc8879,not_assessed,0.1.0
P52293,PDBe_SIFTS,5klr,B,,10090,70,529,not_assessed,,,X-ray diffraction,2.2,0.87,,,,,candidate,MOUSE_SIFTS_CANDIDATE_LOCAL_REVIEW_PENDING,https://www.ebi.ac.uk/pdbe/api/mappings/best_structures/P52293,a8da0c77e00b15e89c0c2f5bac9893e95ed0fb9d7b7ef74a66386acaaecc8879,not_assessed,0.1.0
P52293,PDBe_SIFTS,5klt,B,,10090,70,529,not_assessed,,,X-ray diffraction,2.6,0.87,,,,,candidate,MOUSE_SIFTS_CANDIDATE_LOCAL_REVIEW_PENDING,https://www.ebi.ac.uk/pdbe/api/mappings/best_structures/P52293,a8da0c77e00b15e89c0c2f5bac9893e95ed0fb9d7b7ef74a66386acaaecc8879,not_assessed,0.1.0
P52293,PDBe_SIFTS,5svz,A,,10090,70,529,not_assessed,,,X-ray diffraction,2.0,0.87,,,,,candidate,MOUSE_SIFTS_CANDIDATE_LOCAL_REVIEW_PENDING,https://www.ebi.ac.uk/pdbe/api/mappings/best_structures/P52293,a8da0c77e00b15e89c0c2f5bac9893e95ed0fb9d7b7ef74a66386acaaecc8879,not_assessed,0.1.0
P52293,PDBe_SIFTS,5u5p,A,,10090,70,529,not_assessed,,,X-ray diffraction,2.171,0.87,,,,,candidate,MOUSE_SIFTS_CANDIDATE_LOCAL_REVIEW_PENDING,https://www.ebi.ac.uk/pdbe/api/mappings/best_structures/P52293,a8da0c77e00b15e89c0c2f5bac9893e95ed0fb9d7b7ef74a66386acaaecc8879,not_assessed,0.1.0
P52293,PDBe_SIFTS,5u5r,A,,10090,70,529,not_assessed,,,X-ray diffraction,2.1,0.87,,,,,candidate,MOUSE_SIFTS_CANDIDATE_LOCAL_REVIEW_PENDING,https://www.ebi.ac.uk/pdbe/api/mappings/best_structures/P52293,a8da0c77e00b15e89c0c2f5bac9893e95ed0fb9d7b7ef74a66386acaaecc8879,not_assessed,0.1.0
P52293,PDBe_SIFTS,5umz,B,,10090,70,528,not_assessed,,,X-ray diffraction,1.9,0.868,,,,,candidate,MOUSE_SIFTS_CANDIDATE_LOCAL_REVIEW_PENDING,https://www.ebi.ac.uk/pdbe/api/mappings/best_structures/P52293,a8da0c77e00b15e89c0c2f5bac9893e95ed0fb9d7b7ef74a66386acaaecc8879,not_assessed,0.1.0
P52293,PDBe_SIFTS,5v5o,C,,10090,2,529,not_assessed,,,X-ray diffraction,2.243,0.998,,,,,candidate,MOUSE_SIFTS_CANDIDATE_LOCAL_REVIEW_PENDING,https://www.ebi.ac.uk/pdbe/api/mappings/best_structures/P52293,a8da0c77e00b15e89c0c2f5bac9893e95ed0fb9d7b7ef74a66386acaaecc8879,not_assessed,0.1.0
P52293,PDBe_SIFTS,5v5p,C,,10090,2,529,not_assessed,,,X-ray diffraction,2.15,0.998,,,,,candidate,MOUSE_SIFTS_CANDIDATE_LOCAL_REVIEW_PENDING,https://www.ebi.ac.uk/pdbe/api/mappings/best_structures/P52293,a8da0c77e00b15e89c0c2f5bac9893e95ed0fb9d7b7ef74a66386acaaecc8879,not_assessed,0.1.0
P52293,PDBe_SIFTS,5w41,A,,10090,70,529,not_assessed,,,X-ray diffraction,2.2,0.87,,,,,candidate,MOUSE_SIFTS_CANDIDATE_LOCAL_REVIEW_PENDING,https://www.ebi.ac.uk/pdbe/api/mappings/best_structures/P52293,a8da0c77e00b15e89c0c2f5bac9893e95ed0fb9d7b7ef74a66386acaaecc8879,not_assessed,0.1.0
P52293,PDBe_SIFTS,5w4e,B,,10090,63,529,not_assessed,,,X-ray diffraction,2.18,0.883,,,,,candidate,MOUSE_SIFTS_CANDIDATE_LOCAL_REVIEW_PENDING,https://www.ebi.ac.uk/pdbe/api/mappings/best_structures/P52293,a8da0c77e00b15e89c0c2f5bac9893e95ed0fb9d7b7ef74a66386acaaecc8879,not_assessed,0.1.0
P52293,PDBe_SIFTS,5w4e,B,,105987,63,529,not_assessed,,,X-ray diffraction,2.18,0.883,,,,,excluded,NON_MOUSE_PDB_CHAIN,https://www.ebi.ac.uk/pdbe/api/mappings/best_structures/P52293,a8da0c77e00b15e89c0c2f5bac9893e95ed0fb9d7b7ef74a66386acaaecc8879,not_assessed,0.1.0
P52293,PDBe_SIFTS,5w4f,B,,10090,70,529,not_assessed,,,X-ray diffraction,1.984,0.87,,,,,candidate,MOUSE_SIFTS_CANDIDATE_LOCAL_REVIEW_PENDING,https://www.ebi.ac.uk/pdbe/api/mappings/best_structures/P52293,a8da0c77e00b15e89c0c2f5bac9893e95ed0fb9d7b7ef74a66386acaaecc8879,not_assessed,0.1.0
P52293,PDBe_SIFTS,5w4g,B,,10090,70,529,not_assessed,,,X-ray diffraction,2.038,0.87,,,,,candidate,MOUSE_SIFTS_CANDIDATE_LOCAL_REVIEW_PENDING,https://www.ebi.ac.uk/pdbe/api/mappings/best_structures/P52293,a8da0c77e00b15e89c0c2f5bac9893e95ed0fb9d7b7ef74a66386acaaecc8879,not_assessed,0.1.0
P52293,PDBe_SIFTS,5wum,A,,10090,70,529,not_assessed,,,X-ray diffraction,2.0,0.87,,,,,candidate,MOUSE_SIFTS_CANDIDATE_LOCAL_REVIEW_PENDING,https://www.ebi.ac.uk/pdbe/api/mappings/best_structures/P52293,a8da0c77e00b15e89c0c2f5bac9893e95ed0fb9d7b7ef74a66386acaaecc8879,not_assessed,0.1.0
P52293,PDBe_SIFTS,5wun,A,,10090,70,529,not_assessed,,,X-ray diffraction,2.2,0.87,,,,,candidate,MOUSE_SIFTS_CANDIDATE_LOCAL_REVIEW_PENDING,https://www.ebi.ac.uk/pdbe/api/mappings/best_structures/P52293,a8da0c77e00b15e89c0c2f5bac9893e95ed0fb9d7b7ef74a66386acaaecc8879,not_assessed,0.1.0
P52293,PDBe_SIFTS,5x8n,A,,10090,70,529,not_assessed,,,X-ray diffraction,2.15,0.87,,,,,candidate,MOUSE_SIFTS_CANDIDATE_LOCAL_REVIEW_PENDING,https://www.ebi.ac.uk/pdbe/api/mappings/best_structures/P52293,a8da0c77e00b15e89c0c2f5bac9893e95ed0fb9d7b7ef74a66386acaaecc8879,not_assessed,0.1.0
P52293,PDBe_SIFTS,6bvt,E,,10090,70,529,not_assessed,,,X-ray diffraction,2.5,0.87,,,,,candidate,MOUSE_SIFTS_CANDIDATE_LOCAL_REVIEW_PENDING,https://www.ebi.ac.uk/pdbe/api/mappings/best_structures/P52293,a8da0c77e00b15e89c0c2f5bac9893e95ed0fb9d7b7ef74a66386acaaecc8879,not_assessed,0.1.0
P52293,PDBe_SIFTS,6bw0,E,,10090,70,529,not_assessed,,,X-ray diffraction,2.1,0.87,,,,,candidate,MOUSE_SIFTS_CANDIDATE_LOCAL_REVIEW_PENDING,https://www.ebi.ac.uk/pdbe/api/mappings/best_structures/P52293,a8da0c77e00b15e89c0c2f5bac9893e95ed0fb9d7b7ef74a66386acaaecc8879,not_assessed,0.1.0
P52293,PDBe_SIFTS,6bw1,E,,10090,70,529,not_assessed,,,X-ray diffraction,2.2,0.87,,,,,candidate,MOUSE_SIFTS_CANDIDATE_LOCAL_REVIEW_PENDING,https://www.ebi.ac.uk/pdbe/api/mappings/best_structures/P52293,a8da0c77e00b15e89c0c2f5bac9893e95ed0fb9d7b7ef74a66386acaaecc8879,not_assessed,0.1.0
P52293,PDBe_SIFTS,6d7m,B,,10090,37,529,not_assessed,,,X-ray diffraction,2.187,0.928,,,,,candidate,MOUSE_SIFTS_CANDIDATE_LOCAL_REVIEW_PENDING,https://www.ebi.ac.uk/pdbe/api/mappings/best_structures/P52293,a8da0c77e00b15e89c0c2f5bac9893e95ed0fb9d7b7ef74a66386acaaecc8879,not_assessed,0.1.0
P52293,PDBe_SIFTS,6d7n,B,,10090,70,529,not_assessed,,,X-ray diffraction,2.3,0.87,,,,,candidate,MOUSE_SIFTS_CANDIDATE_LOCAL_REVIEW_PENDING,https://www.ebi.ac.uk/pdbe/api/mappings/best_structures/P52293,a8da0c77e00b15e89c0c2f5bac9893e95ed0fb9d7b7ef74a66386acaaecc8879,not_assessed,0.1.0
P52293,PDBe_SIFTS,6d7n,B,,38727,70,529,not_assessed,,,X-ray diffraction,2.3,0.87,,,,,excluded,NON_MOUSE_PDB_CHAIN,https://www.ebi.ac.uk/pdbe/api/mappings/best_structures/P52293,a8da0c77e00b15e89c0c2f5bac9893e95ed0fb9d7b7ef74a66386acaaecc8879,not_assessed,0.1.0
P52293,PDBe_SIFTS,6iu7,A,,10090,72,498,not_assessed,,,X-ray diffraction,1.9,0.807,,,,,candidate,MOUSE_SIFTS_CANDIDATE_LOCAL_REVIEW_PENDING,https://www.ebi.ac.uk/pdbe/api/mappings/best_structures/P52293,a8da0c77e00b15e89c0c2f5bac9893e95ed0fb9d7b7ef74a66386acaaecc8879,not_assessed,0.1.0
P52293,PDBe_SIFTS,6iua,A,,10090,72,498,not_assessed,,,X-ray diffraction,1.7,0.807,,,,,candidate,MOUSE_SIFTS_CANDIDATE_LOCAL_REVIEW_PENDING,https://www.ebi.ac.uk/pdbe/api/mappings/best_structures/P52293,a8da0c77e00b15e89c0c2f5bac9893e95ed0fb9d7b7ef74a66386acaaecc8879,not_assessed,0.1.0
P52293,PDBe_SIFTS,6iw8,C,,10090,70,498,not_assessed,,,X-ray diffraction,2.8,0.811,,,,,candidate,MOUSE_SIFTS_CANDIDATE_LOCAL_REVIEW_PENDING,https://www.ebi.ac.uk/pdbe/api/mappings/best_structures/P52293,a8da0c77e00b15e89c0c2f5bac9893e95ed0fb9d7b7ef74a66386acaaecc8879,not_assessed,0.1.0
P52293,PDBe_SIFTS,6iwa,C,,10090,70,498,not_assessed,,,X-ray diffraction,2.4,0.811,,,,,candidate,MOUSE_SIFTS_CANDIDATE_LOCAL_REVIEW_PENDING,https://www.ebi.ac.uk/pdbe/api/mappings/best_structures/P52293,a8da0c77e00b15e89c0c2f5bac9893e95ed0fb9d7b7ef74a66386acaaecc8879,not_assessed,0.1.0
P52293,PDBe_SIFTS,6k06,C,,10090,70,498,not_assessed,,,X-ray diffraction,1.75,0.811,,,,,candidate,MOUSE_SIFTS_CANDIDATE_LOCAL_REVIEW_PENDING,https://www.ebi.ac.uk/pdbe/api/mappings/best_structures/P52293,a8da0c77e00b15e89c0c2f5bac9893e95ed0fb9d7b7ef74a66386acaaecc8879,not_assessed,0.1.0
P52293,PDBe_SIFTS,6mjl,B,,10090,72,497,not_assessed,,,X-ray diffraction,2.5,0.805,,,,,candidate,MOUSE_SIFTS_CANDIDATE_LOCAL_REVIEW_PENDING,https://www.ebi.ac.uk/pdbe/api/mappings/best_structures/P52293,a8da0c77e00b15e89c0c2f5bac9893e95ed0fb9d7b7ef74a66386acaaecc8879,not_assessed,0.1.0
P52293,PDBe_SIFTS,6p6a,B,,10090,70,529,not_assessed,,,X-ray diffraction,2.151,0.87,,,,,candidate,MOUSE_SIFTS_CANDIDATE_LOCAL_REVIEW_PENDING,https://www.ebi.ac.uk/pdbe/api/mappings/best_structures/P52293,a8da0c77e00b15e89c0c2f5bac9893e95ed0fb9d7b7ef74a66386acaaecc8879,not_assessed,0.1.0
P52293,PDBe_SIFTS,6p6e,A,,10090,70,529,not_assessed,,,X-ray diffraction,1.99,0.87,,,,,candidate,MOUSE_SIFTS_CANDIDATE_LOCAL_REVIEW_PENDING,https://www.ebi.ac.uk/pdbe/api/mappings/best_structures/P52293,a8da0c77e00b15e89c0c2f5bac9893e95ed0fb9d7b7ef74a66386acaaecc8879,not_assessed,0.1.0
P52293,PDBe_SIFTS,6wba,A,,10090,70,529,not_assessed,,,X-ray diffraction,2.151,0.87,,,,,candidate,MOUSE_SIFTS_CANDIDATE_LOCAL_REVIEW_PENDING,https://www.ebi.ac.uk/pdbe/api/mappings/best_structures/P52293,a8da0c77e00b15e89c0c2f5bac9893e95ed0fb9d7b7ef74a66386acaaecc8879,not_assessed,0.1.0
P52293,PDBe_SIFTS,6wbb,I,,10090,70,529,not_assessed,,,X-ray diffraction,2.663,0.87,,,,,candidate,MOUSE_SIFTS_CANDIDATE_LOCAL_REVIEW_PENDING,https://www.ebi.ac.uk/pdbe/api/mappings/best_structures/P52293,a8da0c77e00b15e89c0c2f5bac9893e95ed0fb9d7b7ef74a66386acaaecc8879,not_assessed,0.1.0
P52293,PDBe_SIFTS,6wbc,A,,10090,70,529,not_assessed,,,X-ray diffraction,2.15,0.87,,,,,candidate,MOUSE_SIFTS_CANDIDATE_LOCAL_REVIEW_PENDING,https://www.ebi.ac.uk/pdbe/api/mappings/best_structures/P52293,a8da0c77e00b15e89c0c2f5bac9893e95ed0fb9d7b7ef74a66386acaaecc8879,not_assessed,0.1.0
P52293,PDBe_SIFTS,6wx7,A,,10090,70,529,not_assessed,,,X-ray diffraction,2.7,0.87,,,,,candidate,MOUSE_SIFTS_CANDIDATE_LOCAL_REVIEW_PENDING,https://www.ebi.ac.uk/pdbe/api/mappings/best_structures/P52293,a8da0c77e00b15e89c0c2f5bac9893e95ed0fb9d7b7ef74a66386acaaecc8879,not_assessed,0.1.0
P52293,PDBe_SIFTS,7jjm,B,,10090,62,529,not_assessed,,,X-ray diffraction,2.06,0.885,,,,,candidate,MOUSE_SIFTS_CANDIDATE_LOCAL_REVIEW_PENDING,https://www.ebi.ac.uk/pdbe/api/mappings/best_structures/P52293,a8da0c77e00b15e89c0c2f5bac9893e95ed0fb9d7b7ef74a66386acaaecc8879,not_assessed,0.1.0
P52293,PDBe_SIFTS,7jk7,B,,10090,62,529,not_assessed,,,X-ray diffraction,1.96,0.885,,,,,candidate,MOUSE_SIFTS_CANDIDATE_LOCAL_REVIEW_PENDING,https://www.ebi.ac.uk/pdbe/api/mappings/best_structures/P52293,a8da0c77e00b15e89c0c2f5bac9893e95ed0fb9d7b7ef74a66386acaaecc8879,not_assessed,0.1.0
P52293,PDBe_SIFTS,7jvo,A,,10090,70,529,not_assessed,,,X-ray diffraction,2.2,0.87,,,,,candidate,MOUSE_SIFTS_CANDIDATE_LOCAL_REVIEW_PENDING,https://www.ebi.ac.uk/pdbe/api/mappings/best_structures/P52293,a8da0c77e00b15e89c0c2f5bac9893e95ed0fb9d7b7ef74a66386acaaecc8879,not_assessed,0.1.0
P52293,PDBe_SIFTS,7l04,E,,10090,70,529,not_assessed,,,X-ray diffraction,2.26,0.87,,,,,candidate,MOUSE_SIFTS_CANDIDATE_LOCAL_REVIEW_PENDING,https://www.ebi.ac.uk/pdbe/api/mappings/best_structures/P52293,a8da0c77e00b15e89c0c2f5bac9893e95ed0fb9d7b7ef74a66386acaaecc8879,not_assessed,0.1.0
P52293,PDBe_SIFTS,7leq,E,,10090,70,497,not_assessed,,,X-ray diffraction,2.24,0.809,,,,,candidate,MOUSE_SIFTS_CANDIDATE_LOCAL_REVIEW_PENDING,https://www.ebi.ac.uk/pdbe/api/mappings/best_structures/P52293,a8da0c77e00b15e89c0c2f5bac9893e95ed0fb9d7b7ef74a66386acaaecc8879,not_assessed,0.1.0
P52293,PDBe_SIFTS,7let,E,,10090,70,497,not_assessed,,,X-ray diffraction,2.4,0.809,,,,,candidate,MOUSE_SIFTS_CANDIDATE_LOCAL_REVIEW_PENDING,https://www.ebi.ac.uk/pdbe/api/mappings/best_structures/P52293,a8da0c77e00b15e89c0c2f5bac9893e95ed0fb9d7b7ef74a66386acaaecc8879,not_assessed,0.1.0
P52293,PDBe_SIFTS,7leu,E,,10090,70,497,not_assessed,,,X-ray diffraction,2.82,0.809,,,,,candidate,MOUSE_SIFTS_CANDIDATE_LOCAL_REVIEW_PENDING,https://www.ebi.ac.uk/pdbe/api/mappings/best_structures/P52293,a8da0c77e00b15e89c0c2f5bac9893e95ed0fb9d7b7ef74a66386acaaecc8879,not_assessed,0.1.0
P52293,PDBe_SIFTS,7m60,A,,10090,70,529,not_assessed,,,X-ray diffraction,2.3,0.87,,,,,candidate,MOUSE_SIFTS_CANDIDATE_LOCAL_REVIEW_PENDING,https://www.ebi.ac.uk/pdbe/api/mappings/best_structures/P52293,a8da0c77e00b15e89c0c2f5bac9893e95ed0fb9d7b7ef74a66386acaaecc8879,not_assessed,0.1.0
P52293,PDBe_SIFTS,7rfx,A,,10090,70,529,not_assessed,,,X-ray diffraction,2.1,0.87,,,,,candidate,MOUSE_SIFTS_CANDIDATE_LOCAL_REVIEW_PENDING,https://www.ebi.ac.uk/pdbe/api/mappings/best_structures/P52293,a8da0c77e00b15e89c0c2f5bac9893e95ed0fb9d7b7ef74a66386acaaecc8879,not_assessed,0.1.0
P52293,PDBe_SIFTS,7rfz,A,,10090,70,529,not_assessed,,,X-ray diffraction,1.95,0.87,,,,,candidate,MOUSE_SIFTS_CANDIDATE_LOCAL_REVIEW_PENDING,https://www.ebi.ac.uk/pdbe/api/mappings/best_structures/P52293,a8da0c77e00b15e89c0c2f5bac9893e95ed0fb9d7b7ef74a66386acaaecc8879,not_assessed,0.1.0
P52293,PDBe_SIFTS,7rg0,A,,10090,70,529,not_assessed,,,X-ray diffraction,2.0,0.87,,,,,candidate,MOUSE_SIFTS_CANDIDATE_LOCAL_REVIEW_PENDING,https://www.ebi.ac.uk/pdbe/api/mappings/best_structures/P52293,a8da0c77e00b15e89c0c2f5bac9893e95ed0fb9d7b7ef74a66386acaaecc8879,not_assessed,0.1.0
P52293,PDBe_SIFTS,7rg1,A,,10090,70,529,not_assessed,,,X-ray diffraction,1.85,0.87,,,,,candidate,MOUSE_SIFTS_CANDIDATE_LOCAL_REVIEW_PENDING,https://www.ebi.ac.uk/pdbe/api/mappings/best_structures/P52293,a8da0c77e00b15e89c0c2f5bac9893e95ed0fb9d7b7ef74a66386acaaecc8879,not_assessed,0.1.0
P52293,PDBe_SIFTS,7rg2,A,,10090,70,529,not_assessed,,,X-ray diffraction,2.0,0.87,,,,,candidate,MOUSE_SIFTS_CANDIDATE_LOCAL_REVIEW_PENDING,https://www.ebi.ac.uk/pdbe/api/mappings/best_structures/P52293,a8da0c77e00b15e89c0c2f5bac9893e95ed0fb9d7b7ef74a66386acaaecc8879,not_assessed,0.1.0
P52293,PDBe_SIFTS,7rg3,A,,10090,70,529,not_assessed,,,X-ray diffraction,2.0,0.87,,,,,candidate,MOUSE_SIFTS_CANDIDATE_LOCAL_REVIEW_PENDING,https://www.ebi.ac.uk/pdbe/api/mappings/best_structures/P52293,a8da0c77e00b15e89c0c2f5bac9893e95ed0fb9d7b7ef74a66386acaaecc8879,not_assessed,0.1.0
P52293,PDBe_SIFTS,7rg4,E,,10090,70,529,not_assessed,,,X-ray diffraction,2.6,0.87,,,,,candidate,MOUSE_SIFTS_CANDIDATE_LOCAL_REVIEW_PENDING,https://www.ebi.ac.uk/pdbe/api/mappings/best_structures/P52293,a8da0c77e00b15e89c0c2f5bac9893e95ed0fb9d7b7ef74a66386acaaecc8879,not_assessed,0.1.0
P52293,PDBe_SIFTS,7rg6,A,,10090,70,529,not_assessed,,,X-ray diffraction,2.1,0.87,,,,,candidate,MOUSE_SIFTS_CANDIDATE_LOCAL_REVIEW_PENDING,https://www.ebi.ac.uk/pdbe/api/mappings/best_structures/P52293,a8da0c77e00b15e89c0c2f5bac9893e95ed0fb9d7b7ef74a66386acaaecc8879,not_assessed,0.1.0
P52293,PDBe_SIFTS,7tmx,I,,10090,70,529,not_assessed,,,X-ray diffraction,2.3,0.87,,,,,candidate,MOUSE_SIFTS_CANDIDATE_LOCAL_REVIEW_PENDING,https://www.ebi.ac.uk/pdbe/api/mappings/best_structures/P52293,a8da0c77e00b15e89c0c2f5bac9893e95ed0fb9d7b7ef74a66386acaaecc8879,not_assessed,0.1.0
P52293,PDBe_SIFTS,7tmy,I,,10090,70,529,not_assessed,,,X-ray diffraction,2.21,0.87,,,,,candidate,MOUSE_SIFTS_CANDIDATE_LOCAL_REVIEW_PENDING,https://www.ebi.ac.uk/pdbe/api/mappings/best_structures/P52293,a8da0c77e00b15e89c0c2f5bac9893e95ed0fb9d7b7ef74a66386acaaecc8879,not_assessed,0.1.0
P52293,PDBe_SIFTS,7umi,E,,10090,70,529,not_assessed,,,X-ray diffraction,1.99,0.87,,,,,candidate,MOUSE_SIFTS_CANDIDATE_LOCAL_REVIEW_PENDING,https://www.ebi.ac.uk/pdbe/api/mappings/best_structures/P52293,a8da0c77e00b15e89c0c2f5bac9893e95ed0fb9d7b7ef74a66386acaaecc8879,not_assessed,0.1.0
P52293,PDBe_SIFTS,8ech,E,,10090,70,529,not_assessed,,,X-ray diffraction,2.05,0.87,,,,,candidate,MOUSE_SIFTS_CANDIDATE_LOCAL_REVIEW_PENDING,https://www.ebi.ac.uk/pdbe/api/mappings/best_structures/P52293,a8da0c77e00b15e89c0c2f5bac9893e95ed0fb9d7b7ef74a66386acaaecc8879,not_assessed,0.1.0
P52293,PDBe_SIFTS,8f2q,A,,10090,70,529,not_assessed,,,X-ray diffraction,2.7,0.87,,,,,candidate,MOUSE_SIFTS_CANDIDATE_LOCAL_REVIEW_PENDING,https://www.ebi.ac.uk/pdbe/api/mappings/best_structures/P52293,a8da0c77e00b15e89c0c2f5bac9893e95ed0fb9d7b7ef74a66386acaaecc8879,not_assessed,0.1.0
P52293,PDBe_SIFTS,8fk3,A,,10090,70,529,not_assessed,,,X-ray diffraction,2.6,0.87,,,,,candidate,MOUSE_SIFTS_CANDIDATE_LOCAL_REVIEW_PENDING,https://www.ebi.ac.uk/pdbe/api/mappings/best_structures/P52293,a8da0c77e00b15e89c0c2f5bac9893e95ed0fb9d7b7ef74a66386acaaecc8879,not_assessed,0.1.0
P52293,PDBe_SIFTS,8fua,A,,10090,70,529,not_assessed,,,X-ray diffraction,1.9,0.87,,,,,candidate,MOUSE_SIFTS_CANDIDATE_LOCAL_REVIEW_PENDING,https://www.ebi.ac.uk/pdbe/api/mappings/best_structures/P52293,a8da0c77e00b15e89c0c2f5bac9893e95ed0fb9d7b7ef74a66386acaaecc8879,not_assessed,0.1.0
P52293,PDBe_SIFTS,8fuc,B,,10090,70,529,not_assessed,,,X-ray diffraction,2.1,0.87,,,,,candidate,MOUSE_SIFTS_CANDIDATE_LOCAL_REVIEW_PENDING,https://www.ebi.ac.uk/pdbe/api/mappings/best_structures/P52293,a8da0c77e00b15e89c0c2f5bac9893e95ed0fb9d7b7ef74a66386acaaecc8879,not_assessed,0.1.0
P52293,PDBe_SIFTS,8g8q,A,,10090,70,529,not_assessed,,,X-ray diffraction,2.6,0.87,,,,,candidate,MOUSE_SIFTS_CANDIDATE_LOCAL_REVIEW_PENDING,https://www.ebi.ac.uk/pdbe/api/mappings/best_structures/P52293,a8da0c77e00b15e89c0c2f5bac9893e95ed0fb9d7b7ef74a66386acaaecc8879,not_assessed,0.1.0
P52293,PDBe_SIFTS,8g8r,A,,10090,70,529,not_assessed,,,X-ray diffraction,2.6,0.87,,,,,candidate,MOUSE_SIFTS_CANDIDATE_LOCAL_REVIEW_PENDING,https://www.ebi.ac.uk/pdbe/api/mappings/best_structures/P52293,a8da0c77e00b15e89c0c2f5bac9893e95ed0fb9d7b7ef74a66386acaaecc8879,not_assessed,0.1.0
P52293,PDBe_SIFTS,8g8s,A,,10090,70,529,not_assessed,,,X-ray diffraction,2.1,0.87,,,,,candidate,MOUSE_SIFTS_CANDIDATE_LOCAL_REVIEW_PENDING,https://www.ebi.ac.uk/pdbe/api/mappings/best_structures/P52293,a8da0c77e00b15e89c0c2f5bac9893e95ed0fb9d7b7ef74a66386acaaecc8879,not_assessed,0.1.0
P52293,PDBe_SIFTS,8he0,A,,10090,72,498,not_assessed,,,X-ray diffraction,1.8,0.807,,,,,candidate,MOUSE_SIFTS_CANDIDATE_LOCAL_REVIEW_PENDING,https://www.ebi.ac.uk/pdbe/api/mappings/best_structures/P52293,a8da0c77e00b15e89c0c2f5bac9893e95ed0fb9d7b7ef74a66386acaaecc8879,not_assessed,0.1.0
P52293,PDBe_SIFTS,8he3,A,,10090,72,498,not_assessed,,,X-ray diffraction,1.9,0.807,,,,,candidate,MOUSE_SIFTS_CANDIDATE_LOCAL_REVIEW_PENDING,https://www.ebi.ac.uk/pdbe/api/mappings/best_structures/P52293,a8da0c77e00b15e89c0c2f5bac9893e95ed0fb9d7b7ef74a66386acaaecc8879,not_assessed,0.1.0
P52293,PDBe_SIFTS,8q8k,A,,10090,70,529,not_assessed,,,X-ray diffraction,2.7,0.87,,,,,candidate,MOUSE_SIFTS_CANDIDATE_LOCAL_REVIEW_PENDING,https://www.ebi.ac.uk/pdbe/api/mappings/best_structures/P52293,a8da0c77e00b15e89c0c2f5bac9893e95ed0fb9d7b7ef74a66386acaaecc8879,not_assessed,0.1.0
P52293,PDBe_SIFTS,8q8k,B,,10090,70,529,not_assessed,,,X-ray diffraction,2.7,0.87,,,,,candidate,MOUSE_SIFTS_CANDIDATE_LOCAL_REVIEW_PENDING,https://www.ebi.ac.uk/pdbe/api/mappings/best_structures/P52293,a8da0c77e00b15e89c0c2f5bac9893e95ed0fb9d7b7ef74a66386acaaecc8879,not_assessed,0.1.0
P52293,PDBe_SIFTS,8qxw,A,,10090,70,529,not_assessed,,,X-ray diffraction,2.0,0.87,,,,,candidate,MOUSE_SIFTS_CANDIDATE_LOCAL_REVIEW_PENDING,https://www.ebi.ac.uk/pdbe/api/mappings/best_structures/P52293,a8da0c77e00b15e89c0c2f5bac9893e95ed0fb9d7b7ef74a66386acaaecc8879,not_assessed,0.1.0
P52293,PDBe_SIFTS,8qxx,A,,10090,70,529,not_assessed,,,X-ray diffraction,1.9,0.87,,,,,candidate,MOUSE_SIFTS_CANDIDATE_LOCAL_REVIEW_PENDING,https://www.ebi.ac.uk/pdbe/api/mappings/best_structures/P52293,a8da0c77e00b15e89c0c2f5bac9893e95ed0fb9d7b7ef74a66386acaaecc8879,not_assessed,0.1.0
P52293,PDBe_SIFTS,8sg7,B,,10090,70,529,not_assessed,,,X-ray diffraction,2.4,0.87,,,,,candidate,MOUSE_SIFTS_CANDIDATE_LOCAL_REVIEW_PENDING,https://www.ebi.ac.uk/pdbe/api/mappings/best_structures/P52293,a8da0c77e00b15e89c0c2f5bac9893e95ed0fb9d7b7ef74a66386acaaecc8879,not_assessed,0.1.0
P52293,PDBe_SIFTS,8sud,A,,10090,70,529,not_assessed,,,X-ray diffraction,2.1,0.87,,,,,candidate,MOUSE_SIFTS_CANDIDATE_LOCAL_REVIEW_PENDING,https://www.ebi.ac.uk/pdbe/api/mappings/best_structures/P52293,a8da0c77e00b15e89c0c2f5bac9893e95ed0fb9d7b7ef74a66386acaaecc8879,not_assessed,0.1.0
P52293,PDBe_SIFTS,8sv0,B,,10090,70,529,not_assessed,,,X-ray diffraction,2.2,0.87,,,,,candidate,MOUSE_SIFTS_CANDIDATE_LOCAL_REVIEW_PENDING,https://www.ebi.ac.uk/pdbe/api/mappings/best_structures/P52293,a8da0c77e00b15e89c0c2f5bac9893e95ed0fb9d7b7ef74a66386acaaecc8879,not_assessed,0.1.0
P52293,PDBe_SIFTS,8tuq,A,,10090,70,529,not_assessed,,,X-ray diffraction,2.0,0.87,,,,,candidate,MOUSE_SIFTS_CANDIDATE_LOCAL_REVIEW_PENDING,https://www.ebi.ac.uk/pdbe/api/mappings/best_structures/P52293,a8da0c77e00b15e89c0c2f5bac9893e95ed0fb9d7b7ef74a66386acaaecc8879,not_assessed,0.1.0
P52293,PDBe_SIFTS,8tur,A,,10090,70,529,not_assessed,,,X-ray diffraction,2.15,0.87,,,,,candidate,MOUSE_SIFTS_CANDIDATE_LOCAL_REVIEW_PENDING,https://www.ebi.ac.uk/pdbe/api/mappings/best_structures/P52293,a8da0c77e00b15e89c0c2f5bac9893e95ed0fb9d7b7ef74a66386acaaecc8879,not_assessed,0.1.0
P52293,PDBe_SIFTS,8tus,A,,10090,70,529,not_assessed,,,X-ray diffraction,2.6,0.87,,,,,candidate,MOUSE_SIFTS_CANDIDATE_LOCAL_REVIEW_PENDING,https://www.ebi.ac.uk/pdbe/api/mappings/best_structures/P52293,a8da0c77e00b15e89c0c2f5bac9893e95ed0fb9d7b7ef74a66386acaaecc8879,not_assessed,0.1.0
P52293,PDBe_SIFTS,8tut,A,,10090,70,529,not_assessed,,,X-ray diffraction,2.55,0.87,,,,,candidate,MOUSE_SIFTS_CANDIDATE_LOCAL_REVIEW_PENDING,https://www.ebi.ac.uk/pdbe/api/mappings/best_structures/P52293,a8da0c77e00b15e89c0c2f5bac9893e95ed0fb9d7b7ef74a66386acaaecc8879,not_assessed,0.1.0
P52293,PDBe_SIFTS,8tuu,A,,10090,70,529,not_assessed,,,X-ray diffraction,2.5,0.87,,,,,candidate,MOUSE_SIFTS_CANDIDATE_LOCAL_REVIEW_PENDING,https://www.ebi.ac.uk/pdbe/api/mappings/best_structures/P52293,a8da0c77e00b15e89c0c2f5bac9893e95ed0fb9d7b7ef74a66386acaaecc8879,not_assessed,0.1.0
P52293,PDBe_SIFTS,8tuv,A,,10090,70,529,not_assessed,,,X-ray diffraction,2.3,0.87,,,,,candidate,MOUSE_SIFTS_CANDIDATE_LOCAL_REVIEW_PENDING,https://www.ebi.ac.uk/pdbe/api/mappings/best_structures/P52293,a8da0c77e00b15e89c0c2f5bac9893e95ed0fb9d7b7ef74a66386acaaecc8879,not_assessed,0.1.0
P52293,PDBe_SIFTS,8u36,A,,10090,70,529,not_assessed,,,X-ray diffraction,2.6,0.87,,,,,candidate,MOUSE_SIFTS_CANDIDATE_LOCAL_REVIEW_PENDING,https://www.ebi.ac.uk/pdbe/api/mappings/best_structures/P52293,a8da0c77e00b15e89c0c2f5bac9893e95ed0fb9d7b7ef74a66386acaaecc8879,not_assessed,0.1.0
P52293,PDBe_SIFTS,8vpr,A,,10090,70,529,not_assessed,,,X-ray diffraction,2.7,0.87,,,,,candidate,MOUSE_SIFTS_CANDIDATE_LOCAL_REVIEW_PENDING,https://www.ebi.ac.uk/pdbe/api/mappings/best_structures/P52293,a8da0c77e00b15e89c0c2f5bac9893e95ed0fb9d7b7ef74a66386acaaecc8879,not_assessed,0.1.0
P52293,PDBe_SIFTS,8vpu,A,,10090,70,529,not_assessed,,,X-ray diffraction,2.1,0.87,,,,,candidate,MOUSE_SIFTS_CANDIDATE_LOCAL_REVIEW_PENDING,https://www.ebi.ac.uk/pdbe/api/mappings/best_structures/P52293,a8da0c77e00b15e89c0c2f5bac9893e95ed0fb9d7b7ef74a66386acaaecc8879,not_assessed,0.1.0
P52293,PDBe_SIFTS,9cft,A,,10090,70,529,not_assessed,,,X-ray diffraction,2.3,0.87,,,,,candidate,MOUSE_SIFTS_CANDIDATE_LOCAL_REVIEW_PENDING,https://www.ebi.ac.uk/pdbe/api/mappings/best_structures/P52293,a8da0c77e00b15e89c0c2f5bac9893e95ed0fb9d7b7ef74a66386acaaecc8879,not_assessed,0.1.0
P52293,PDBe_SIFTS,9cl8,A,,10090,70,529,not_assessed,,,X-ray diffraction,2.11,0.87,,,,,candidate,MOUSE_SIFTS_CANDIDATE_LOCAL_REVIEW_PENDING,https://www.ebi.ac.uk/pdbe/api/mappings/best_structures/P52293,a8da0c77e00b15e89c0c2f5bac9893e95ed0fb9d7b7ef74a66386acaaecc8879,not_assessed,0.1.0
P52293,PDBe_SIFTS,9cle,A,,10090,70,529,not_assessed,,,X-ray diffraction,2.34,0.87,,,,,candidate,MOUSE_SIFTS_CANDIDATE_LOCAL_REVIEW_PENDING,https://www.ebi.ac.uk/pdbe/api/mappings/best_structures/P52293,a8da0c77e00b15e89c0c2f5bac9893e95ed0fb9d7b7ef74a66386acaaecc8879,not_assessed,0.1.0
P52293,PDBe_SIFTS,9clf,A,,10090,70,529,not_assessed,,,X-ray diffraction,2.36,0.87,,,,,candidate,MOUSE_SIFTS_CANDIDATE_LOCAL_REVIEW_PENDING,https://www.ebi.ac.uk/pdbe/api/mappings/best_structures/P52293,a8da0c77e00b15e89c0c2f5bac9893e95ed0fb9d7b7ef74a66386acaaecc8879,not_assessed,0.1.0
P52293,PDBe_SIFTS,9clg,A,,10090,70,529,not_assessed,,,X-ray diffraction,2.42,0.87,,,,,candidate,MOUSE_SIFTS_CANDIDATE_LOCAL_REVIEW_PENDING,https://www.ebi.ac.uk/pdbe/api/mappings/best_structures/P52293,a8da0c77e00b15e89c0c2f5bac9893e95ed0fb9d7b7ef74a66386acaaecc8879,not_assessed,0.1.0
P52293,PDBe_SIFTS,9mik,E,,10090,70,529,not_assessed,,,X-ray diffraction,2.6,0.87,,,,,candidate,MOUSE_SIFTS_CANDIDATE_LOCAL_REVIEW_PENDING,https://www.ebi.ac.uk/pdbe/api/mappings/best_structures/P52293,a8da0c77e00b15e89c0c2f5bac9893e95ed0fb9d7b7ef74a66386acaaecc8879,not_assessed,0.1.0
P52293,PDBe_SIFTS,9mka,E,,10090,71,497,not_assessed,,,X-ray diffraction,2.5,0.807,,,,,candidate,MOUSE_SIFTS_CANDIDATE_LOCAL_REVIEW_PENDING,https://www.ebi.ac.uk/pdbe/api/mappings/best_structures/P52293,a8da0c77e00b15e89c0c2f5bac9893e95ed0fb9d7b7ef74a66386acaaecc8879,not_assessed,0.1.0
P52293,PDBe_SIFTS,9n54,E,,10090,70,529,not_assessed,,,X-ray diffraction,2.2,0.87,,,,,candidate,MOUSE_SIFTS_CANDIDATE_LOCAL_REVIEW_PENDING,https://www.ebi.ac.uk/pdbe/api/mappings/best_structures/P52293,a8da0c77e00b15e89c0c2f5bac9893e95ed0fb9d7b7ef74a66386acaaecc8879,not_assessed,0.1.0
P52293,PDBe_SIFTS,9nib,A,,10090,70,529,not_assessed,,,X-ray diffraction,2.2,0.87,,,,,candidate,MOUSE_SIFTS_CANDIDATE_LOCAL_REVIEW_PENDING,https://www.ebi.ac.uk/pdbe/api/mappings/best_structures/P52293,a8da0c77e00b15e89c0c2f5bac9893e95ed0fb9d7b7ef74a66386acaaecc8879,not_assessed,0.1.0
P52293,PDBe_SIFTS,9nz1,A,,10090,70,529,not_assessed,,,X-ray diffraction,2.68,0.87,,,,,candidate,MOUSE_SIFTS_CANDIDATE_LOCAL_REVIEW_PENDING,https://www.ebi.ac.uk/pdbe/api/mappings/best_structures/P52293,a8da0c77e00b15e89c0c2f5bac9893e95ed0fb9d7b7ef74a66386acaaecc8879,not_assessed,0.1.0
P52293,PDBe_SIFTS,9ovz,A,,10090,70,529,not_assessed,,,X-ray diffraction,2.4,0.87,,,,,candidate,MOUSE_SIFTS_CANDIDATE_LOCAL_REVIEW_PENDING,https://www.ebi.ac.uk/pdbe/api/mappings/best_structures/P52293,a8da0c77e00b15e89c0c2f5bac9893e95ed0fb9d7b7ef74a66386acaaecc8879,not_assessed,0.1.0
P52293,PDBe_SIFTS,9pyr,E,,10090,70,529,not_assessed,,,X-ray diffraction,2.6,0.87,,,,,candidate,MOUSE_SIFTS_CANDIDATE_LOCAL_REVIEW_PENDING,https://www.ebi.ac.uk/pdbe/api/mappings/best_structures/P52293,a8da0c77e00b15e89c0c2f5bac9893e95ed0fb9d7b7ef74a66386acaaecc8879,not_assessed,0.1.0
P52293,PDBe_SIFTS,9y0r,A,,10090,70,529,not_assessed,,,X-ray diffraction,2.2,0.87,,,,,candidate,MOUSE_SIFTS_CANDIDATE_LOCAL_REVIEW_PENDING,https://www.ebi.ac.uk/pdbe/api/mappings/best_structures/P52293,a8da0c77e00b15e89c0c2f5bac9893e95ed0fb9d7b7ef74a66386acaaecc8879,not_assessed,0.1.0
P52293,PDBe_SIFTS,9y7k,A,,10090,70,529,not_assessed,,,X-ray diffraction,2.25,0.87,,,,,candidate,MOUSE_SIFTS_CANDIDATE_LOCAL_REVIEW_PENDING,https://www.ebi.ac.uk/pdbe/api/mappings/best_structures/P52293,a8da0c77e00b15e89c0c2f5bac9893e95ed0fb9d7b7ef74a66386acaaecc8879,not_assessed,0.1.0
P52293,PDBe_SIFTS,9ytz,E,,10090,70,529,not_assessed,,,X-ray diffraction,2.85,0.87,,,,,candidate,MOUSE_SIFTS_CANDIDATE_LOCAL_REVIEW_PENDING,https://www.ebi.ac.uk/pdbe/api/mappings/best_structures/P52293,a8da0c77e00b15e89c0c2f5bac9893e95ed0fb9d7b7ef74a66386acaaecc8879,not_assessed,0.1.0
P52293,PDBe_SIFTS,9yy4,A,,10090,70,529,not_assessed,,,X-ray diffraction,2.35,0.87,,,,,candidate,MOUSE_SIFTS_CANDIDATE_LOCAL_REVIEW_PENDING,https://www.ebi.ac.uk/pdbe/api/mappings/best_structures/P52293,a8da0c77e00b15e89c0c2f5bac9893e95ed0fb9d7b7ef74a66386acaaecc8879,not_assessed,0.1.0
P52825,AlphaFold_DB,AF-P52825-F1,A,6,10090,1,658,exact_full,6ab685d9e150875e23f8a59af22b67ec51c4bc7d558c768b4030330b7c409035,5ff0bb8e77501e60fb72b311984429f0,predicted,,,https://alphafold.ebi.ac.uk/files/AF-P52825-F1-model_v6.cif,https://alphafold.ebi.ac.uk/files/AF-P52825-F1-model_v6.pdb,https://alphafold.ebi.ac.uk/files/AF-P52825-F1-confidence_v6.json,https://alphafold.ebi.ac.uk/files/AF-P52825-F1-predicted_aligned_error_v6.json,candidate,EXACT_FULL_SEQUENCE_LOCAL_QUALITY_PENDING,https://alphafold.ebi.ac.uk/api/prediction/P52825,1837ad48c8ed4acd5d6340bfba66a97da24076aed533124655dc13ba46a6fbcc,not_assessed,0.1.0
P54130,AlphaFold_DB,AF-P54130-F1,A,6,10090,1,208,exact_full,66588813bad3d5f94e345f8fd3ec5300e921757a03ed28ea9316079221e16465,20ec6d7340eb6d8ddd640902b2c784af,predicted,,,https://alphafold.ebi.ac.uk/files/AF-P54130-F1-model_v6.cif,https://alphafold.ebi.ac.uk/files/AF-P54130-F1-model_v6.pdb,https://alphafold.ebi.ac.uk/files/AF-P54130-F1-confidence_v6.json,https://alphafold.ebi.ac.uk/files/AF-P54130-F1-predicted_aligned_error_v6.json,candidate,EXACT_FULL_SEQUENCE_LOCAL_QUALITY_PENDING,https://alphafold.ebi.ac.uk/api/prediction/P54130,da5b017a8412f6ce4f800ab7543325394ac317b0669d445c0c8354f4b2d59068,not_assessed,0.1.0
P54320,AlphaFold_DB,AF-P54320-F1,A,6,10090,1,860,exact_full,0a7fe16c8f0a357539c84bf3ea594aa2f3b16dc73f9f9c2d3e2e704dc5437823,820bfd49763cfdbe4c5e4c260977298e,predicted,,,https://alphafold.ebi.ac.uk/files/AF-P54320-F1-model_v6.cif,https://alphafold.ebi.ac.uk/files/AF-P54320-F1-model_v6.pdb,https://alphafold.ebi.ac.uk/files/AF-P54320-F1-confidence_v6.json,https://alphafold.ebi.ac.uk/files/AF-P54320-F1-predicted_aligned_error_v6.json,candidate,EXACT_FULL_SEQUENCE_LOCAL_QUALITY_PENDING,https://alphafold.ebi.ac.uk/api/prediction/P54320,2dd05d0be6adf6834708991201b79b3d6ad5672738013edf1a8bf21753459642,not_assessed,0.1.0
P54369,AlphaFold_DB,AF-P54369-F1,A,6,10090,1,227,exact_full,5f9317a592bbf7ba1870fc7b4b2840d8f3200cdc794f46f26f5683bb542b4929,ef76471cde89141189ed2766928d4c33,predicted,,,https://alphafold.ebi.ac.uk/files/AF-P54369-F1-model_v6.cif,https://alphafold.ebi.ac.uk/files/AF-P54369-F1-model_v6.pdb,https://alphafold.ebi.ac.uk/files/AF-P54369-F1-confidence_v6.json,https://alphafold.ebi.ac.uk/files/AF-P54369-F1-predicted_aligned_error_v6.json,candidate,EXACT_FULL_SEQUENCE_LOCAL_QUALITY_PENDING,https://alphafold.ebi.ac.uk/api/prediction/P54369,5fa0e860e7683a9b661aa7d6bd0fcf2e25efb8ce477c82432281869d50de2c78,not_assessed,0.1.0
P55271,AlphaFold_DB,AF-P55271-F1,A,6,10090,1,130,exact_full,2f2f4e074e607e64d5cf954ee57c6eb1459666375c90571ab5edfa4102c1f92f,58a0b55939231cb3d6be8844464e7904,predicted,,,https://alphafold.ebi.ac.uk/files/AF-P55271-F1-model_v6.cif,https://alphafold.ebi.ac.uk/files/AF-P55271-F1-model_v6.pdb,https://alphafold.ebi.ac.uk/files/AF-P55271-F1-confidence_v6.json,https://alphafold.ebi.ac.uk/files/AF-P55271-F1-predicted_aligned_error_v6.json,candidate,EXACT_FULL_SEQUENCE_LOCAL_QUALITY_PENDING,https://alphafold.ebi.ac.uk/api/prediction/P55271,e0cc81789c088e34fd706ed2ab36f85dfc9c2e43b81aa12dc8bd7b082d3ef135,not_assessed,0.1.0
P55271,PDBe_SIFTS,1d9s,A,,10090,1,130,not_assessed,,,Solution NMR,,1.0,,,,,candidate,MOUSE_SIFTS_CANDIDATE_LOCAL_REVIEW_PENDING,https://www.ebi.ac.uk/pdbe/api/mappings/best_structures/P55271,3cbea6db23c1221edd52087229de1bbc88c98c9c82a25f378cbafdc4733d9aff,not_assessed,0.1.0
P55284,AlphaFold_DB,AF-P55284-F1,A,6,10090,1,784,exact_full,adb42ed35ac0701910c9c88dab3ab3862918197ea9960a9e16c102b80b06bd9b,a4550d0118d2ab11868365775ee6a740,predicted,,,https://alphafold.ebi.ac.uk/files/AF-P55284-F1-model_v6.cif,https://alphafold.ebi.ac.uk/files/AF-P55284-F1-model_v6.pdb,https://alphafold.ebi.ac.uk/files/AF-P55284-F1-confidence_v6.json,https://alphafold.ebi.ac.uk/files/AF-P55284-F1-predicted_aligned_error_v6.json,candidate,EXACT_FULL_SEQUENCE_LOCAL_QUALITY_PENDING,https://alphafold.ebi.ac.uk/api/prediction/P55284,8eb78310218c063cde54460aee0689147a6f28002e41f233afb4166e1a768366,not_assessed,0.1.0
P55284,PDBe_SIFTS,2koh,B,,10090,769,784,not_assessed,,,Solution NMR,,0.021,,,,,candidate,MOUSE_SIFTS_CANDIDATE_LOCAL_REVIEW_PENDING,https://www.ebi.ac.uk/pdbe/api/mappings/best_structures/P55284,f34ad4553a230c50897394bcae66e5bc682f341c3e18ad3551021d27f5f33a70,not_assessed,0.1.0
P56375,AlphaFold_DB,AF-P56375-F1,A,6,10090,1,106,exact_full,e198bbf0a52d630138fb37703b00fa6371f73d7a3cd197a5612da1360d8fe334,b143500c5e31c4e3afe14c984ddccc8e,predicted,,,https://alphafold.ebi.ac.uk/files/AF-P56375-F1-model_v6.cif,https://alphafold.ebi.ac.uk/files/AF-P56375-F1-model_v6.pdb,https://alphafold.ebi.ac.uk/files/AF-P56375-F1-confidence_v6.json,https://alphafold.ebi.ac.uk/files/AF-P56375-F1-predicted_aligned_error_v6.json,candidate,EXACT_FULL_SEQUENCE_LOCAL_QUALITY_PENDING,https://alphafold.ebi.ac.uk/api/prediction/P56375,9debcb44f2d19ecb9781bf0bbdff322a182f2069e6f3348bb86f7c97743d7aac,not_assessed,0.1.0
P56389,AlphaFold_DB,AF-P56389-F1,A,6,10090,1,146,exact_full,309c5b59acf262ed2b7aef6239b7f66e7897d132ee18e8f2e03c10e0bd90d386,f4b6b60cc70b089d10b15c3429ebdd20,predicted,,,https://alphafold.ebi.ac.uk/files/AF-P56389-F1-model_v6.cif,https://alphafold.ebi.ac.uk/files/AF-P56389-F1-model_v6.pdb,https://alphafold.ebi.ac.uk/files/AF-P56389-F1-confidence_v6.json,https://alphafold.ebi.ac.uk/files/AF-P56389-F1-predicted_aligned_error_v6.json,candidate,EXACT_FULL_SEQUENCE_LOCAL_QUALITY_PENDING,https://alphafold.ebi.ac.uk/api/prediction/P56389,52551f29fb125e1bb7a78e26e039cbb1a8886baf5409bf13cc09baf6aeceeda1,not_assessed,0.1.0
P56389,PDBe_SIFTS,1zab,A,,10090,1,146,not_assessed,,,X-ray diffraction,2.36,1.0,,,,,candidate,MOUSE_SIFTS_CANDIDATE_LOCAL_REVIEW_PENDING,https://www.ebi.ac.uk/pdbe/api/mappings/best_structures/P56389,60fd56b4085a5e24065f7b307f314a675a383df69bce5000a23d501e3f2c4eb0,not_assessed,0.1.0
P56389,PDBe_SIFTS,1zab,B,,10090,1,146,not_assessed,,,X-ray diffraction,2.36,1.0,,,,,candidate,MOUSE_SIFTS_CANDIDATE_LOCAL_REVIEW_PENDING,https://www.ebi.ac.uk/pdbe/api/mappings/best_structures/P56389,60fd56b4085a5e24065f7b307f314a675a383df69bce5000a23d501e3f2c4eb0,not_assessed,0.1.0
P56389,PDBe_SIFTS,1zab,C,,10090,1,146,not_assessed,,,X-ray diffraction,2.36,1.0,,,,,candidate,MOUSE_SIFTS_CANDIDATE_LOCAL_REVIEW_PENDING,https://www.ebi.ac.uk/pdbe/api/mappings/best_structures/P56389,60fd56b4085a5e24065f7b307f314a675a383df69bce5000a23d501e3f2c4eb0,not_assessed,0.1.0
P56389,PDBe_SIFTS,1zab,D,,10090,1,146,not_assessed,,,X-ray diffraction,2.36,1.0,,,,,candidate,MOUSE_SIFTS_CANDIDATE_LOCAL_REVIEW_PENDING,https://www.ebi.ac.uk/pdbe/api/mappings/best_structures/P56389,60fd56b4085a5e24065f7b307f314a675a383df69bce5000a23d501e3f2c4eb0,not_assessed,0.1.0
P56389,PDBe_SIFTS,2fr5,A,,10090,1,146,not_assessed,,,X-ray diffraction,1.48,1.0,,,,,candidate,MOUSE_SIFTS_CANDIDATE_LOCAL_REVIEW_PENDING,https://www.ebi.ac.uk/pdbe/api/mappings/best_structures/P56389,60fd56b4085a5e24065f7b307f314a675a383df69bce5000a23d501e3f2c4eb0,not_assessed,0.1.0
P56389,PDBe_SIFTS,2fr5,B,,10090,1,146,not_assessed,,,X-ray diffraction,1.48,1.0,,,,,candidate,MOUSE_SIFTS_CANDIDATE_LOCAL_REVIEW_PENDING,https://www.ebi.ac.uk/pdbe/api/mappings/best_structures/P56389,60fd56b4085a5e24065f7b307f314a675a383df69bce5000a23d501e3f2c4eb0,not_assessed,0.1.0
P56389,PDBe_SIFTS,2fr5,C,,10090,1,146,not_assessed,,,X-ray diffraction,1.48,1.0,,,,,candidate,MOUSE_SIFTS_CANDIDATE_LOCAL_REVIEW_PENDING,https://www.ebi.ac.uk/pdbe/api/mappings/best_structures/P56389,60fd56b4085a5e24065f7b307f314a675a383df69bce5000a23d501e3f2c4eb0,not_assessed,0.1.0
P56389,PDBe_SIFTS,2fr5,D,,10090,1,146,not_assessed,,,X-ray diffraction,1.48,1.0,,,,,candidate,MOUSE_SIFTS_CANDIDATE_LOCAL_REVIEW_PENDING,https://www.ebi.ac.uk/pdbe/api/mappings/best_structures/P56389,60fd56b4085a5e24065f7b307f314a675a383df69bce5000a23d501e3f2c4eb0,not_assessed,0.1.0
P56389,PDBe_SIFTS,2fr6,A,,10090,1,146,not_assessed,,,X-ray diffraction,2.07,1.0,,,,,candidate,MOUSE_SIFTS_CANDIDATE_LOCAL_REVIEW_PENDING,https://www.ebi.ac.uk/pdbe/api/mappings/best_structures/P56389,60fd56b4085a5e24065f7b307f314a675a383df69bce5000a23d501e3f2c4eb0,not_assessed,0.1.0
P56389,PDBe_SIFTS,2fr6,B,,10090,1,146,not_assessed,,,X-ray diffraction,2.07,1.0,,,,,candidate,MOUSE_SIFTS_CANDIDATE_LOCAL_REVIEW_PENDING,https://www.ebi.ac.uk/pdbe/api/mappings/best_structures/P56389,60fd56b4085a5e24065f7b307f314a675a383df69bce5000a23d501e3f2c4eb0,not_assessed,0.1.0
P56389,PDBe_SIFTS,2fr6,C,,10090,1,146,not_assessed,,,X-ray diffraction,2.07,1.0,,,,,candidate,MOUSE_SIFTS_CANDIDATE_LOCAL_REVIEW_PENDING,https://www.ebi.ac.uk/pdbe/api/mappings/best_structures/P56389,60fd56b4085a5e24065f7b307f314a675a383df69bce5000a23d501e3f2c4eb0,not_assessed,0.1.0
P56389,PDBe_SIFTS,2fr6,D,,10090,1,146,not_assessed,,,X-ray diffraction,2.07,1.0,,,,,candidate,MOUSE_SIFTS_CANDIDATE_LOCAL_REVIEW_PENDING,https://www.ebi.ac.uk/pdbe/api/mappings/best_structures/P56389,60fd56b4085a5e24065f7b307f314a675a383df69bce5000a23d501e3f2c4eb0,not_assessed,0.1.0
P56392,AlphaFold_DB,AF-P56392-F1,A,6,10090,1,80,exact_full,7505b0b9db493ca72ddb21a92adb91d1829be1fb60ba81e0082c17f6c62ffb99,94c2a8de6ac0446a9a70eaa62239a75a,predicted,,,https://alphafold.ebi.ac.uk/files/AF-P56392-F1-model_v6.cif,https://alphafold.ebi.ac.uk/files/AF-P56392-F1-model_v6.pdb,https://alphafold.ebi.ac.uk/files/AF-P56392-F1-confidence_v6.json,https://alphafold.ebi.ac.uk/files/AF-P56392-F1-predicted_aligned_error_v6.json,candidate,EXACT_FULL_SEQUENCE_LOCAL_QUALITY_PENDING,https://alphafold.ebi.ac.uk/api/prediction/P56392,c9942c2f55fc60f5e689db2aa840f11bed8948b2c7c113dd78d73a5b6497a027,not_assessed,0.1.0
P56476,AlphaFold_DB,AF-P56476-2-F1,A,6,10090,1,490,not_assessed,f0d507283ab9dee9a0b680f3858c7adeeddf75ce8d25c393fba2a6dba6796847,e8e9d88ca77cb196b7f4b4a07ac87a83,predicted,,,https://alphafold.ebi.ac.uk/files/AF-P56476-2-F1-model_v6.cif,https://alphafold.ebi.ac.uk/files/AF-P56476-2-F1-model_v6.pdb,https://alphafold.ebi.ac.uk/files/AF-P56476-2-F1-confidence_v6.json,https://alphafold.ebi.ac.uk/files/AF-P56476-2-F1-predicted_aligned_error_v6.json,held,ALPHAFOLD_ACCESSION_DIFFERS_FROM_CANONICAL,https://alphafold.ebi.ac.uk/api/prediction/P56476,cc80985126d5cadefbf130a818de5bf8082b14bced48e8eb95deb2b1c3a2c15e,not_assessed,0.1.0
P56476,AlphaFold_DB,AF-P56476-F1,A,6,10090,1,465,exact_full,6407e6e813238c969ca179141bcb96eae77a6045dcf6d626b83fc594b2f18e97,e70d30530c6544343a6315adeff2a353,predicted,,,https://alphafold.ebi.ac.uk/files/AF-P56476-F1-model_v6.cif,https://alphafold.ebi.ac.uk/files/AF-P56476-F1-model_v6.pdb,https://alphafold.ebi.ac.uk/files/AF-P56476-F1-confidence_v6.json,https://alphafold.ebi.ac.uk/files/AF-P56476-F1-predicted_aligned_error_v6.json,candidate,EXACT_FULL_SEQUENCE_LOCAL_QUALITY_PENDING,https://alphafold.ebi.ac.uk/api/prediction/P56476,cc80985126d5cadefbf130a818de5bf8082b14bced48e8eb95deb2b1c3a2c15e,not_assessed,0.1.0
P56481,AlphaFold_DB,AF-P56481-F1,A,6,10090,1,453,exact_full,cfbb872cde4acc32996c8bbcde471a38d3577514597bd1b161637312d2658ce5,4b21d0baed20f6c7d2ba0c3044bb4870,predicted,,,https://alphafold.ebi.ac.uk/files/AF-P56481-F1-model_v6.cif,https://alphafold.ebi.ac.uk/files/AF-P56481-F1-model_v6.pdb,https://alphafold.ebi.ac.uk/files/AF-P56481-F1-confidence_v6.json,https://alphafold.ebi.ac.uk/files/AF-P56481-F1-predicted_aligned_error_v6.json,candidate,EXACT_FULL_SEQUENCE_LOCAL_QUALITY_PENDING,https://alphafold.ebi.ac.uk/api/prediction/P56481,654b0e459d4a2e1253134f638bbc6a888714354356f54d32a5b8dc9799511fc5,not_assessed,0.1.0
P56485,AlphaFold_DB,AF-P56485-F1,A,6,10090,1,362,exact_full,e8b0df899f463a7b9babf122a4b47e4e2b3f7714a40b1233a22e2eb91dffd420,696e426b6811da0f95cc7de9f48c8b68,predicted,,,https://alphafold.ebi.ac.uk/files/AF-P56485-F1-model_v6.cif,https://alphafold.ebi.ac.uk/files/AF-P56485-F1-model_v6.pdb,https://alphafold.ebi.ac.uk/files/AF-P56485-F1-confidence_v6.json,https://alphafold.ebi.ac.uk/files/AF-P56485-F1-predicted_aligned_error_v6.json,candidate,EXACT_FULL_SEQUENCE_LOCAL_QUALITY_PENDING,https://alphafold.ebi.ac.uk/api/prediction/P56485,82bf9e466c7d0c8c1f89bb6215fe395b62d039c8c8d8e6af1f459203d3f162db,not_assessed,0.1.0
P57787,AlphaFold_DB,AF-P57787-F1,A,6,10090,1,470,exact_full,d28cb0e342a24d1b1399db8d22d311e977728ce0a2163e067a3cf01205b5c428,ad33d8c28173801513b4439bb57ae598,predicted,,,https://alphafold.ebi.ac.uk/files/AF-P57787-F1-model_v6.cif,https://alphafold.ebi.ac.uk/files/AF-P57787-F1-model_v6.pdb,https://alphafold.ebi.ac.uk/files/AF-P57787-F1-confidence_v6.json,https://alphafold.ebi.ac.uk/files/AF-P57787-F1-predicted_aligned_error_v6.json,candidate,EXACT_FULL_SEQUENCE_LOCAL_QUALITY_PENDING,https://alphafold.ebi.ac.uk/api/prediction/P57787,4435d9881ac8662a9f1ca2484bdccaec59a18ef050087ca5ec65b09fae72253c,not_assessed,0.1.0
P58006,AlphaFold_DB,AF-P58006-F1,A,6,10090,1,492,exact_full,e711df862f7610aff8bada24d4ed5d11f662a0a1f0a729871b0126f184e6ada2,7262450f5141569bbcdbdeb7796446f1,predicted,,,https://alphafold.ebi.ac.uk/files/AF-P58006-F1-model_v6.cif,https://alphafold.ebi.ac.uk/files/AF-P58006-F1-model_v6.pdb,https://alphafold.ebi.ac.uk/files/AF-P58006-F1-confidence_v6.json,https://alphafold.ebi.ac.uk/files/AF-P58006-F1-predicted_aligned_error_v6.json,candidate,EXACT_FULL_SEQUENCE_LOCAL_QUALITY_PENDING,https://alphafold.ebi.ac.uk/api/prediction/P58006,8e8d7ee2d8c22c6c2b69a5eeb618e65a7c5513da97505917c164703c7aea989e,not_assessed,0.1.0
P58044,AlphaFold_DB,AF-0000000011341358,A,1,866789,1,227,not_assessed,413635d254318eec74d0f9855ee081ef06192f88c7c9d3195c15d8eb276106fe,cfcf5df503ac73c43dd17c96c0e817bf,predicted,,,https://alphafold.ebi.ac.uk/files/AF-0000000011341358-model_v1.cif,https://alphafold.ebi.ac.uk/files/AF-0000000011341358-model_v1.pdb,https://alphafold.ebi.ac.uk/files/AF-0000000011341358-confidence_v1.json,https://alphafold.ebi.ac.uk/files/AF-0000000011341358-predicted_aligned_error_v1.json,held,ALPHAFOLD_MOUSE_TAXONOMY_NOT_CONFIRMED,https://alphafold.ebi.ac.uk/api/prediction/P58044,88632e6096d43cee75e2a1d3073621f0af222bce7b4cfd6954ef1823dc8569ff,not_assessed,0.1.0
P58044,AlphaFold_DB,AF-P58044-F1,A,6,10090,1,227,exact_full,413635d254318eec74d0f9855ee081ef06192f88c7c9d3195c15d8eb276106fe,cfcf5df503ac73c43dd17c96c0e817bf,predicted,,,https://alphafold.ebi.ac.uk/files/AF-P58044-F1-model_v6.cif,https://alphafold.ebi.ac.uk/files/AF-P58044-F1-model_v6.pdb,https://alphafold.ebi.ac.uk/files/AF-P58044-F1-confidence_v6.json,https://alphafold.ebi.ac.uk/files/AF-P58044-F1-predicted_aligned_error_v6.json,candidate,EXACT_FULL_SEQUENCE_LOCAL_QUALITY_PENDING,https://alphafold.ebi.ac.uk/api/prediction/P58044,88632e6096d43cee75e2a1d3073621f0af222bce7b4cfd6954ef1823dc8569ff,not_assessed,0.1.0
P58459,AlphaFold_DB,AF-P58459-2-F1,A,6,10090,1,147,not_assessed,4d6c6ef91bff606af5d66f9102b5d25c88a739e318c2d4c99e5cd325c81d7be1,3c343c5e8052ff2e20aa86812f47db2d,predicted,,,https://alphafold.ebi.ac.uk/files/AF-P58459-2-F1-model_v6.cif,https://alphafold.ebi.ac.uk/files/AF-P58459-2-F1-model_v6.pdb,https://alphafold.ebi.ac.uk/files/AF-P58459-2-F1-confidence_v6.json,https://alphafold.ebi.ac.uk/files/AF-P58459-2-F1-predicted_aligned_error_v6.json,held,ALPHAFOLD_ACCESSION_DIFFERS_FROM_CANONICAL,https://alphafold.ebi.ac.uk/api/prediction/P58459,b5d94057c63ec91ea243668c2ff52d2e2aa15df24f16fc54d78b6b4d850c109c,not_assessed,0.1.0
P58459,AlphaFold_DB,AF-P58459-3-F1,A,6,10090,1,213,not_assessed,3035229b884eb9829e826188ea7254e14b2dd9bdd093eb7b614cf5acfffbe9de,fe9a46d9b763c2028752cbd49d05d629,predicted,,,https://alphafold.ebi.ac.uk/files/AF-P58459-3-F1-model_v6.cif,https://alphafold.ebi.ac.uk/files/AF-P58459-3-F1-model_v6.pdb,https://alphafold.ebi.ac.uk/files/AF-P58459-3-F1-confidence_v6.json,https://alphafold.ebi.ac.uk/files/AF-P58459-3-F1-predicted_aligned_error_v6.json,held,ALPHAFOLD_ACCESSION_DIFFERS_FROM_CANONICAL,https://alphafold.ebi.ac.uk/api/prediction/P58459,b5d94057c63ec91ea243668c2ff52d2e2aa15df24f16fc54d78b6b4d850c109c,not_assessed,0.1.0
P58459,AlphaFold_DB,AF-P58459-F1,A,6,10090,1,1104,exact_full,049b0759bc878349ffc1ddb5f9f48cac5a02d917cc6e37f2fdc232ac265fa2ee,8e8c8ac650596ff65913f336d8bf9e47,predicted,,,https://alphafold.ebi.ac.uk/files/AF-P58459-F1-model_v6.cif,https://alphafold.ebi.ac.uk/files/AF-P58459-F1-model_v6.pdb,https://alphafold.ebi.ac.uk/files/AF-P58459-F1-confidence_v6.json,https://alphafold.ebi.ac.uk/files/AF-P58459-F1-predicted_aligned_error_v6.json,candidate,EXACT_FULL_SEQUENCE_LOCAL_QUALITY_PENDING,https://alphafold.ebi.ac.uk/api/prediction/P58459,b5d94057c63ec91ea243668c2ff52d2e2aa15df24f16fc54d78b6b4d850c109c,not_assessed,0.1.0
P58462,AlphaFold_DB,AF-P58462-2-F1,A,6,10090,1,641,not_assessed,f3d69e4593934e6b4a8ecd3b88c06f7568064fe630c613ec332c47bd070e9ffd,990df72ce32829c8a1057a7452624c76,predicted,,,https://alphafold.ebi.ac.uk/files/AF-P58462-2-F1-model_v6.cif,https://alphafold.ebi.ac.uk/files/AF-P58462-2-F1-model_v6.pdb,https://alphafold.ebi.ac.uk/files/AF-P58462-2-F1-confidence_v6.json,https://alphafold.ebi.ac.uk/files/AF-P58462-2-F1-predicted_aligned_error_v6.json,held,ALPHAFOLD_ACCESSION_DIFFERS_FROM_CANONICAL,https://alphafold.ebi.ac.uk/api/prediction/P58462,36509efbf84ca07edfa823ea4a8ffc683f251bc3dc645aad97a55eca85cbd925,not_assessed,0.1.0
P58462,AlphaFold_DB,AF-P58462-3-F1,A,6,10090,1,455,not_assessed,abc1e688624b7dd7c509f11140b6a493960403d8ffd5e414ca0698c968fc6588,9a2c173029038add0d1d82167fdb7981,predicted,,,https://alphafold.ebi.ac.uk/files/AF-P58462-3-F1-model_v6.cif,https://alphafold.ebi.ac.uk/files/AF-P58462-3-F1-model_v6.pdb,https://alphafold.ebi.ac.uk/files/AF-P58462-3-F1-confidence_v6.json,https://alphafold.ebi.ac.uk/files/AF-P58462-3-F1-predicted_aligned_error_v6.json,held,ALPHAFOLD_ACCESSION_DIFFERS_FROM_CANONICAL,https://alphafold.ebi.ac.uk/api/prediction/P58462,36509efbf84ca07edfa823ea4a8ffc683f251bc3dc645aad97a55eca85cbd925,not_assessed,0.1.0
P58462,AlphaFold_DB,AF-P58462-4-F1,A,6,10090,1,575,not_assessed,9603f81e0f068ff0d15f0515f67af12b7f8ed711aecb71c65ab58e6e138d67bc,ccec0f241e3fd34f0d6367240e4cc1b4,predicted,,,https://alphafold.ebi.ac.uk/files/AF-P58462-4-F1-model_v6.cif,https://alphafold.ebi.ac.uk/files/AF-P58462-4-F1-model_v6.pdb,https://alphafold.ebi.ac.uk/files/AF-P58462-4-F1-confidence_v6.json,https://alphafold.ebi.ac.uk/files/AF-P58462-4-F1-predicted_aligned_error_v6.json,held,ALPHAFOLD_ACCESSION_DIFFERS_FROM_CANONICAL,https://alphafold.ebi.ac.uk/api/prediction/P58462,36509efbf84ca07edfa823ea4a8ffc683f251bc3dc645aad97a55eca85cbd925,not_assessed,0.1.0
P58462,AlphaFold_DB,AF-P58462-5-F1,A,6,10090,1,721,not_assessed,4f22c766867358e331858dd1f5684de00406efc25883cd0c633447481696fe83,276ce33c83593754a6b0025f6dd4c758,predicted,,,https://alphafold.ebi.ac.uk/files/AF-P58462-5-F1-model_v6.cif,https://alphafold.ebi.ac.uk/files/AF-P58462-5-F1-model_v6.pdb,https://alphafold.ebi.ac.uk/files/AF-P58462-5-F1-confidence_v6.json,https://alphafold.ebi.ac.uk/files/AF-P58462-5-F1-predicted_aligned_error_v6.json,held,ALPHAFOLD_ACCESSION_DIFFERS_FROM_CANONICAL,https://alphafold.ebi.ac.uk/api/prediction/P58462,36509efbf84ca07edfa823ea4a8ffc683f251bc3dc645aad97a55eca85cbd925,not_assessed,0.1.0
P58462,AlphaFold_DB,AF-P58462-F1,A,6,10090,1,705,exact_full,569dbc525b866f05cd82db9f604bc661e5a47d56a0f7e98797547cb4e9e25039,09256a56bf4c504ec241b95a696c42b2,predicted,,,https://alphafold.ebi.ac.uk/files/AF-P58462-F1-model_v6.cif,https://alphafold.ebi.ac.uk/files/AF-P58462-F1-model_v6.pdb,https://alphafold.ebi.ac.uk/files/AF-P58462-F1-confidence_v6.json,https://alphafold.ebi.ac.uk/files/AF-P58462-F1-predicted_aligned_error_v6.json,candidate,EXACT_FULL_SEQUENCE_LOCAL_QUALITY_PENDING,https://alphafold.ebi.ac.uk/api/prediction/P58462,36509efbf84ca07edfa823ea4a8ffc683f251bc3dc645aad97a55eca85cbd925,not_assessed,0.1.0
P58686,AlphaFold_DB,AF-P58686-F1,A,6,10090,1,83,exact_full,16a5f05480caea43f996905bf9a5ddebfc2a494ce04053484092de5b48648538,555277513c33f96072814904ed73691e,predicted,,,https://alphafold.ebi.ac.uk/files/AF-P58686-F1-model_v6.cif,https://alphafold.ebi.ac.uk/files/AF-P58686-F1-model_v6.pdb,https://alphafold.ebi.ac.uk/files/AF-P58686-F1-confidence_v6.json,https://alphafold.ebi.ac.uk/files/AF-P58686-F1-predicted_aligned_error_v6.json,candidate,EXACT_FULL_SEQUENCE_LOCAL_QUALITY_PENDING,https://alphafold.ebi.ac.uk/api/prediction/P58686,8bb2adb733b793936e4efea503983dc4b05a0b973f1d407805e3cb13c06d200a,not_assessed,0.1.0
P58742,AlphaFold_DB,AF-P58742-F1,A,6,10090,1,546,exact_full,c6a66accec1e0092e2aa0ecaa446145f8f9036c583cd9d61af7044d5ee0090e7,ac8a550eaa4c6bb35132741d1b00d525,predicted,,,https://alphafold.ebi.ac.uk/files/AF-P58742-F1-model_v6.cif,https://alphafold.ebi.ac.uk/files/AF-P58742-F1-model_v6.pdb,https://alphafold.ebi.ac.uk/files/AF-P58742-F1-confidence_v6.json,https://alphafold.ebi.ac.uk/files/AF-P58742-F1-predicted_aligned_error_v6.json,candidate,EXACT_FULL_SEQUENCE_LOCAL_QUALITY_PENDING,https://alphafold.ebi.ac.uk/api/prediction/P58742,cbe958bec9ab5e6e5392870fac1cbe340a4510830f789f07fedd12774371918c,not_assessed,0.1.0
P61014,AlphaFold_DB,AF-P61014-F1,A,6,10090,1,52,exact_full,37caf6f03b44e5739dee41daa0f5cdc14855f676edfea795eac3511e6406f875,1ed06aae903e3ecb1742ae28f00dd3fd,predicted,,,https://alphafold.ebi.ac.uk/files/AF-P61014-F1-model_v6.cif,https://alphafold.ebi.ac.uk/files/AF-P61014-F1-model_v6.pdb,https://alphafold.ebi.ac.uk/files/AF-P61014-F1-confidence_v6.json,https://alphafold.ebi.ac.uk/files/AF-P61014-F1-predicted_aligned_error_v6.json,candidate,EXACT_FULL_SEQUENCE_LOCAL_QUALITY_PENDING,https://alphafold.ebi.ac.uk/api/prediction/P61014,ed08dc99d5f84b046e72b5714951b1d71d1ea7b92b3fe18a136d9f7232d20bee,not_assessed,0.1.0
P61014,PDBe_SIFTS,3o7l,I,,10090,4,18,not_assessed,,,X-ray diffraction,2.8,0.288,,,,,candidate,MOUSE_SIFTS_CANDIDATE_LOCAL_REVIEW_PENDING,https://www.ebi.ac.uk/pdbe/api/mappings/best_structures/P61014,f4539e46c8c7e7e730ab43c6d70e7db72a929d9a53252344c646a4f14b928604,not_assessed,0.1.0
P61027,AlphaFold_DB,AF-P61027-F1,A,6,10090,1,200,exact_full,c467d6dd089c9200c86666823ce9767cd208b60339f0c35f182ba91ec7672a2d,16eea18215faa9a6990b77a931aeee59,predicted,,,https://alphafold.ebi.ac.uk/files/AF-P61027-F1-model_v6.cif,https://alphafold.ebi.ac.uk/files/AF-P61027-F1-model_v6.pdb,https://alphafold.ebi.ac.uk/files/AF-P61027-F1-confidence_v6.json,https://alphafold.ebi.ac.uk/files/AF-P61027-F1-predicted_aligned_error_v6.json,candidate,EXACT_FULL_SEQUENCE_LOCAL_QUALITY_PENDING,https://alphafold.ebi.ac.uk/api/prediction/P61027,ab24b4202bcae7d72184d36b9ae41c1599111b13ac6b9693f4510b3e890e75c7,not_assessed,0.1.0
P61079,AlphaFold_DB,AF-P61079-F1,A,6,10090,1,147,exact_full,cc0a7e0fd540eb9df9dd713319b98dd5f8811e6eea4e88ba94396ea82a12edfd,383b5f66ed235d0114cece8eea12e15b,predicted,,,https://alphafold.ebi.ac.uk/files/AF-P61079-F1-model_v6.cif,https://alphafold.ebi.ac.uk/files/AF-P61079-F1-model_v6.pdb,https://alphafold.ebi.ac.uk/files/AF-P61079-F1-confidence_v6.json,https://alphafold.ebi.ac.uk/files/AF-P61079-F1-predicted_aligned_error_v6.json,candidate,EXACT_FULL_SEQUENCE_LOCAL_QUALITY_PENDING,https://alphafold.ebi.ac.uk/api/prediction/P61079,8a195b4b5ee60426d040501cc4947089f4311fcbb776058579a0d3f0c6a46195,not_assessed,0.1.0
P61079,PDBe_SIFTS,12dl,CA,,10090,1,147,not_assessed,,,Electron Microscopy,3.5,1.0,,,,,candidate,MOUSE_SIFTS_CANDIDATE_LOCAL_REVIEW_PENDING,https://www.ebi.ac.uk/pdbe/api/mappings/best_structures/P61079,822b764c5204619e3aa4c6e5025c4fe951f00b596cbcdf1b1ffcedf76ac1e296,not_assessed,0.1.0
P61079,PDBe_SIFTS,12dl,CB,,10090,1,147,not_assessed,,,Electron Microscopy,3.5,1.0,,,,,candidate,MOUSE_SIFTS_CANDIDATE_LOCAL_REVIEW_PENDING,https://www.ebi.ac.uk/pdbe/api/mappings/best_structures/P61079,822b764c5204619e3aa4c6e5025c4fe951f00b596cbcdf1b1ffcedf76ac1e296,not_assessed,0.1.0
P61079,PDBe_SIFTS,24mc,a,,10090,1,147,not_assessed,,,Electron Microscopy,3.4,1.0,,,,,candidate,MOUSE_SIFTS_CANDIDATE_LOCAL_REVIEW_PENDING,https://www.ebi.ac.uk/pdbe/api/mappings/best_structures/P61079,822b764c5204619e3aa4c6e5025c4fe951f00b596cbcdf1b1ffcedf76ac1e296,not_assessed,0.1.0
P61079,PDBe_SIFTS,24mc,c,,10090,1,147,not_assessed,,,Electron Microscopy,3.4,1.0,,,,,candidate,MOUSE_SIFTS_CANDIDATE_LOCAL_REVIEW_PENDING,https://www.ebi.ac.uk/pdbe/api/mappings/best_structures/P61079,822b764c5204619e3aa4c6e5025c4fe951f00b596cbcdf1b1ffcedf76ac1e296,not_assessed,0.1.0
P61079,PDBe_SIFTS,9sfp,c,,10090,1,147,not_assessed,,,Electron Microscopy,4.2,1.0,,,,,candidate,MOUSE_SIFTS_CANDIDATE_LOCAL_REVIEW_PENDING,https://www.ebi.ac.uk/pdbe/api/mappings/best_structures/P61079,822b764c5204619e3aa4c6e5025c4fe951f00b596cbcdf1b1ffcedf76ac1e296,not_assessed,0.1.0
P61079,PDBe_SIFTS,9t63,b,,10090,1,147,not_assessed,,,Electron Microscopy,4.7,1.0,,,,,candidate,MOUSE_SIFTS_CANDIDATE_LOCAL_REVIEW_PENDING,https://www.ebi.ac.uk/pdbe/api/mappings/best_structures/P61079,822b764c5204619e3aa4c6e5025c4fe951f00b596cbcdf1b1ffcedf76ac1e296,not_assessed,0.1.0
P61079,PDBe_SIFTS,9t64,AI,,10090,1,147,not_assessed,,,Electron Microscopy,7.3,1.0,,,,,candidate,MOUSE_SIFTS_CANDIDATE_LOCAL_REVIEW_PENDING,https://www.ebi.ac.uk/pdbe/api/mappings/best_structures/P61079,822b764c5204619e3aa4c6e5025c4fe951f00b596cbcdf1b1ffcedf76ac1e296,not_assessed,0.1.0
P61079,PDBe_SIFTS,9t64,b,,10090,1,147,not_assessed,,,Electron Microscopy,7.3,1.0,,,,,candidate,MOUSE_SIFTS_CANDIDATE_LOCAL_REVIEW_PENDING,https://www.ebi.ac.uk/pdbe/api/mappings/best_structures/P61079,822b764c5204619e3aa4c6e5025c4fe951f00b596cbcdf1b1ffcedf76ac1e296,not_assessed,0.1.0
P61079,PDBe_SIFTS,9t64,p,,10090,1,147,not_assessed,,,Electron Microscopy,7.3,1.0,,,,,candidate,MOUSE_SIFTS_CANDIDATE_LOCAL_REVIEW_PENDING,https://www.ebi.ac.uk/pdbe/api/mappings/best_structures/P61079,822b764c5204619e3aa4c6e5025c4fe951f00b596cbcdf1b1ffcedf76ac1e296,not_assessed,0.1.0
P61079,PDBe_SIFTS,9t67,AI,,10090,1,147,not_assessed,,,Electron Microscopy,7.7,1.0,,,,,candidate,MOUSE_SIFTS_CANDIDATE_LOCAL_REVIEW_PENDING,https://www.ebi.ac.uk/pdbe/api/mappings/best_structures/P61079,822b764c5204619e3aa4c6e5025c4fe951f00b596cbcdf1b1ffcedf76ac1e296,not_assessed,0.1.0
P61079,PDBe_SIFTS,9t67,b,,10090,1,147,not_assessed,,,Electron Microscopy,7.7,1.0,,,,,candidate,MOUSE_SIFTS_CANDIDATE_LOCAL_REVIEW_PENDING,https://www.ebi.ac.uk/pdbe/api/mappings/best_structures/P61079,822b764c5204619e3aa4c6e5025c4fe951f00b596cbcdf1b1ffcedf76ac1e296,not_assessed,0.1.0
P61079,PDBe_SIFTS,9t67,p,,10090,1,147,not_assessed,,,Electron Microscopy,7.7,1.0,,,,,candidate,MOUSE_SIFTS_CANDIDATE_LOCAL_REVIEW_PENDING,https://www.ebi.ac.uk/pdbe/api/mappings/best_structures/P61079,822b764c5204619e3aa4c6e5025c4fe951f00b596cbcdf1b1ffcedf76ac1e296,not_assessed,0.1.0
P61079,PDBe_SIFTS,9t68,AI,,10090,1,147,not_assessed,,,Electron Microscopy,8.0,1.0,,,,,candidate,MOUSE_SIFTS_CANDIDATE_LOCAL_REVIEW_PENDING,https://www.ebi.ac.uk/pdbe/api/mappings/best_structures/P61079,822b764c5204619e3aa4c6e5025c4fe951f00b596cbcdf1b1ffcedf76ac1e296,not_assessed,0.1.0
P61079,PDBe_SIFTS,9t68,b,,10090,1,147,not_assessed,,,Electron Microscopy,8.0,1.0,,,,,candidate,MOUSE_SIFTS_CANDIDATE_LOCAL_REVIEW_PENDING,https://www.ebi.ac.uk/pdbe/api/mappings/best_structures/P61079,822b764c5204619e3aa4c6e5025c4fe951f00b596cbcdf1b1ffcedf76ac1e296,not_assessed,0.1.0
P61079,PDBe_SIFTS,9t68,p,,10090,1,147,not_assessed,,,Electron Microscopy,8.0,1.0,,,,,candidate,MOUSE_SIFTS_CANDIDATE_LOCAL_REVIEW_PENDING,https://www.ebi.ac.uk/pdbe/api/mappings/best_structures/P61079,822b764c5204619e3aa4c6e5025c4fe951f00b596cbcdf1b1ffcedf76ac1e296,not_assessed,0.1.0
P61079,PDBe_SIFTS,9w2m,O,,10090,1,147,not_assessed,,,Electron Microscopy,4.2,1.0,,,,,candidate,MOUSE_SIFTS_CANDIDATE_LOCAL_REVIEW_PENDING,https://www.ebi.ac.uk/pdbe/api/mappings/best_structures/P61079,822b764c5204619e3aa4c6e5025c4fe951f00b596cbcdf1b1ffcedf76ac1e296,not_assessed,0.1.0
P61079,PDBe_SIFTS,9w2m,o,,10090,1,147,not_assessed,,,Electron Microscopy,4.2,1.0,,,,,candidate,MOUSE_SIFTS_CANDIDATE_LOCAL_REVIEW_PENDING,https://www.ebi.ac.uk/pdbe/api/mappings/best_structures/P61079,822b764c5204619e3aa4c6e5025c4fe951f00b596cbcdf1b1ffcedf76ac1e296,not_assessed,0.1.0
P61079,PDBe_SIFTS,9xrl,AD,,10090,1,147,not_assessed,,,Electron Microscopy,3.74,1.0,,,,,candidate,MOUSE_SIFTS_CANDIDATE_LOCAL_REVIEW_PENDING,https://www.ebi.ac.uk/pdbe/api/mappings/best_structures/P61079,822b764c5204619e3aa4c6e5025c4fe951f00b596cbcdf1b1ffcedf76ac1e296,not_assessed,0.1.0
P61079,PDBe_SIFTS,9xrl,AM,,10090,1,147,not_assessed,,,Electron Microscopy,3.74,1.0,,,,,candidate,MOUSE_SIFTS_CANDIDATE_LOCAL_REVIEW_PENDING,https://www.ebi.ac.uk/pdbe/api/mappings/best_structures/P61079,822b764c5204619e3aa4c6e5025c4fe951f00b596cbcdf1b1ffcedf76ac1e296,not_assessed,0.1.0
P61079,PDBe_SIFTS,9xrl,AS,,10090,1,147,not_assessed,,,Electron Microscopy,3.74,1.0,,,,,candidate,MOUSE_SIFTS_CANDIDATE_LOCAL_REVIEW_PENDING,https://www.ebi.ac.uk/pdbe/api/mappings/best_structures/P61079,822b764c5204619e3aa4c6e5025c4fe951f00b596cbcdf1b1ffcedf76ac1e296,not_assessed,0.1.0
P61213,AlphaFold_DB,AF-P61213-F1,A,6,10090,1,200,exact_full,2c0f5ea77240005951c2cc576dc76e6ab654b211c7166845d5de7b4a1d9ec2d0,00a148cf3e55900eb26bded932c0de4e,predicted,,,https://alphafold.ebi.ac.uk/files/AF-P61213-F1-model_v6.cif,https://alphafold.ebi.ac.uk/files/AF-P61213-F1-model_v6.pdb,https://alphafold.ebi.ac.uk/files/AF-P61213-F1-confidence_v6.json,https://alphafold.ebi.ac.uk/files/AF-P61213-F1-predicted_aligned_error_v6.json,candidate,EXACT_FULL_SEQUENCE_LOCAL_QUALITY_PENDING,https://alphafold.ebi.ac.uk/api/prediction/P61213,f2900ccd04c852385e38ad9d03531565f1cfba3053618bcc5774607ea44b90fd,not_assessed,0.1.0
P61216,AlphaFold_DB,AF-P61216-F1,A,6,10090,1,124,exact_full,da5d3ee89cf9e4c8b5dc1abe3474e5d25de2e725aa9bde97e3afd00b1f166ac2,ca1985170ee38e02cabac8397bcf6e7a,predicted,,,https://alphafold.ebi.ac.uk/files/AF-P61216-F1-model_v6.cif,https://alphafold.ebi.ac.uk/files/AF-P61216-F1-model_v6.pdb,https://alphafold.ebi.ac.uk/files/AF-P61216-F1-confidence_v6.json,https://alphafold.ebi.ac.uk/files/AF-P61216-F1-predicted_aligned_error_v6.json,candidate,EXACT_FULL_SEQUENCE_LOCAL_QUALITY_PENDING,https://alphafold.ebi.ac.uk/api/prediction/P61216,584f2a29d4b191d8897a9a1a63e734cb7dd3382072bd9ad7b286921c16f7cc42,not_assessed,0.1.0
P61971,AlphaFold_DB,AF-P61971-F1,A,6,10090,1,127,exact_full,decb771d32e70a2f214aff7e89fd2c5cc24e1adb3bb4cc15f5b03981abeb9c28,c63b8af3ac3ad4b5df58fd3e3a745a60,predicted,,,https://alphafold.ebi.ac.uk/files/AF-P61971-F1-model_v6.cif,https://alphafold.ebi.ac.uk/files/AF-P61971-F1-model_v6.pdb,https://alphafold.ebi.ac.uk/files/AF-P61971-F1-confidence_v6.json,https://alphafold.ebi.ac.uk/files/AF-P61971-F1-predicted_aligned_error_v6.json,candidate,EXACT_FULL_SEQUENCE_LOCAL_QUALITY_PENDING,https://alphafold.ebi.ac.uk/api/prediction/P61971,a51af898076f60d4ac510d28e58651784a97d47a8ca58ad2de6291c41f7ce397,not_assessed,0.1.0
P62073,AlphaFold_DB,AF-P62073-F1,A,6,10090,1,90,exact_full,3220f2917bf7d48a95fbd8fdabaeeb674091f197e13b1a54fe96bb65cc9cf7d3,73acf7b40721690502a4ebcb1f2f9237,predicted,,,https://alphafold.ebi.ac.uk/files/AF-P62073-F1-model_v6.cif,https://alphafold.ebi.ac.uk/files/AF-P62073-F1-model_v6.pdb,https://alphafold.ebi.ac.uk/files/AF-P62073-F1-confidence_v6.json,https://alphafold.ebi.ac.uk/files/AF-P62073-F1-predicted_aligned_error_v6.json,candidate,EXACT_FULL_SEQUENCE_LOCAL_QUALITY_PENDING,https://alphafold.ebi.ac.uk/api/prediction/P62073,f1775811c2df061c3a4df06c6693c7cb9cc61cd01e6bf2e96ab1dd8a7cff2cf2,not_assessed,0.1.0
P62080,AlphaFold_DB,AF-P62080-F1,A,6,10090,1,268,exact_full,729dd94688bb1a56353dfe839621e879b27bbbc7baf5ea1f33bcad509a66518e,7f5e318e8719ee7fcf86fc3e81dc8d03,predicted,,,https://alphafold.ebi.ac.uk/files/AF-P62080-F1-model_v6.cif,https://alphafold.ebi.ac.uk/files/AF-P62080-F1-model_v6.pdb,https://alphafold.ebi.ac.uk/files/AF-P62080-F1-confidence_v6.json,https://alphafold.ebi.ac.uk/files/AF-P62080-F1-predicted_aligned_error_v6.json,candidate,EXACT_FULL_SEQUENCE_LOCAL_QUALITY_PENDING,https://alphafold.ebi.ac.uk/api/prediction/P62080,5f40cc0f0a7048da31ece7ea9c83a2a81b90f78916261b432dcbec9b412724cd,not_assessed,0.1.0
P62334,AlphaFold_DB,AF-P62334-F1,A,6,10090,1,389,exact_full,91cb679fe93130419a040e44d6c7ddae1c5a54848a5d884e1f419a3481163e6d,da15264d81f540f034b4c9f8aab41d10,predicted,,,https://alphafold.ebi.ac.uk/files/AF-P62334-F1-model_v6.cif,https://alphafold.ebi.ac.uk/files/AF-P62334-F1-model_v6.pdb,https://alphafold.ebi.ac.uk/files/AF-P62334-F1-confidence_v6.json,https://alphafold.ebi.ac.uk/files/AF-P62334-F1-predicted_aligned_error_v6.json,candidate,EXACT_FULL_SEQUENCE_LOCAL_QUALITY_PENDING,https://alphafold.ebi.ac.uk/api/prediction/P62334,58434773dc33c458cff34285a8d396f4541a184e373cb28d26088e7596bf6b42,not_assessed,0.1.0
P62700,AlphaFold_DB,AF-P62700-F1,A,6,10090,1,121,exact_full,d9bdff12079cd7732b16dbc42d392e4ecd6b67eb5b87f08c25cf9619b2453be8,692d4fd1eb7593ac65a598695faa76d7,predicted,,,https://alphafold.ebi.ac.uk/files/AF-P62700-F1-model_v6.cif,https://alphafold.ebi.ac.uk/files/AF-P62700-F1-model_v6.pdb,https://alphafold.ebi.ac.uk/files/AF-P62700-F1-confidence_v6.json,https://alphafold.ebi.ac.uk/files/AF-P62700-F1-predicted_aligned_error_v6.json,candidate,EXACT_FULL_SEQUENCE_LOCAL_QUALITY_PENDING,https://alphafold.ebi.ac.uk/api/prediction/P62700,d02a9bc9c233b7821c854eeb3aa73807ef095972566dcafebfd3c4df466e6903,not_assessed,0.1.0
P62827,AlphaFold_DB,AF-P62827-F1,A,6,10090,1,216,exact_full,ccbbcb644fc94ada9c6fea150eec2e40cdb7c88ba7bffce8b71d19d8cd3e14f6,47fdbe2a237c269edfa2519ccde0994d,predicted,,,https://alphafold.ebi.ac.uk/files/AF-P62827-F1-model_v6.cif,https://alphafold.ebi.ac.uk/files/AF-P62827-F1-model_v6.pdb,https://alphafold.ebi.ac.uk/files/AF-P62827-F1-confidence_v6.json,https://alphafold.ebi.ac.uk/files/AF-P62827-F1-predicted_aligned_error_v6.json,candidate,EXACT_FULL_SEQUENCE_LOCAL_QUALITY_PENDING,https://alphafold.ebi.ac.uk/api/prediction/P62827,95dab6abe00194ba6962cdb4f9a0d63c1823f17a441243056223322b138b138d,not_assessed,0.1.0
P63037,AlphaFold_DB,AF-P63037-F1,A,6,10090,1,397,exact_full,42e986063f6bff5447e36ed46e1f9456126105a65f09dfdd9ddf63a748ffd80d,91fa6f2f28984b88c90f9857b2280b5a,predicted,,,https://alphafold.ebi.ac.uk/files/AF-P63037-F1-model_v6.cif,https://alphafold.ebi.ac.uk/files/AF-P63037-F1-model_v6.pdb,https://alphafold.ebi.ac.uk/files/AF-P63037-F1-confidence_v6.json,https://alphafold.ebi.ac.uk/files/AF-P63037-F1-predicted_aligned_error_v6.json,candidate,EXACT_FULL_SEQUENCE_LOCAL_QUALITY_PENDING,https://alphafold.ebi.ac.uk/api/prediction/P63037,07d06a1c49d51c93f5c4edcf4ed71ec4e23eb47b84265748bdeb4c8de5ef8134,not_assessed,0.1.0
P63038,AlphaFold_DB,AF-P63038-2-F1,A,6,10090,1,258,not_assessed,27d7bda3aa98077e8559ef345bd5436693fc609b7ba56e9ae0a2063603537ac3,53321a779d0f815161be25e6465e68a7,predicted,,,https://alphafold.ebi.ac.uk/files/AF-P63038-2-F1-model_v6.cif,https://alphafold.ebi.ac.uk/files/AF-P63038-2-F1-model_v6.pdb,https://alphafold.ebi.ac.uk/files/AF-P63038-2-F1-confidence_v6.json,https://alphafold.ebi.ac.uk/files/AF-P63038-2-F1-predicted_aligned_error_v6.json,held,ALPHAFOLD_ACCESSION_DIFFERS_FROM_CANONICAL,https://alphafold.ebi.ac.uk/api/prediction/P63038,16df9324207afc98041409334a696013f432b783b48dbea03514efd12dc1a77f,not_assessed,0.1.0
P63038,AlphaFold_DB,AF-P63038-F1,A,6,10090,1,573,exact_full,26e5b60bd4f7fbd52518ee8c97c33752dac76cd8186c31f4ade5381a9ca8d74f,5352a48e57ad3645e8b0b510a8271195,predicted,,,https://alphafold.ebi.ac.uk/files/AF-P63038-F1-model_v6.cif,https://alphafold.ebi.ac.uk/files/AF-P63038-F1-model_v6.pdb,https://alphafold.ebi.ac.uk/files/AF-P63038-F1-confidence_v6.json,https://alphafold.ebi.ac.uk/files/AF-P63038-F1-predicted_aligned_error_v6.json,candidate,EXACT_FULL_SEQUENCE_LOCAL_QUALITY_PENDING,https://alphafold.ebi.ac.uk/api/prediction/P63038,16df9324207afc98041409334a696013f432b783b48dbea03514efd12dc1a77f,not_assessed,0.1.0
P63078,AlphaFold_DB,AF-P63078-F1,A,6,10090,1,70,exact_full,eee108afa21534df677d6a899c3cfa3334856967d9cb268ec23a3bbade1dd16e,639cfee7040313b813a27572a24ea566,predicted,,,https://alphafold.ebi.ac.uk/files/AF-P63078-F1-model_v6.cif,https://alphafold.ebi.ac.uk/files/AF-P63078-F1-model_v6.pdb,https://alphafold.ebi.ac.uk/files/AF-P63078-F1-confidence_v6.json,https://alphafold.ebi.ac.uk/files/AF-P63078-F1-predicted_aligned_error_v6.json,candidate,EXACT_FULL_SEQUENCE_LOCAL_QUALITY_PENDING,https://alphafold.ebi.ac.uk/api/prediction/P63078,d96c68e62f00aba5e25d5d8ef133f5255af1d63752bdd95e7d8528642a71e64d,not_assessed,0.1.0
P63087,AlphaFold_DB,AF-P63087-2-F1,A,6,10090,1,337,not_assessed,48fc5de0e008ea7f0877bc41ba874587db50e0050a0d88edf22977a5b852f78a,e5e5412caa1003bbe002de84f36c5e0b,predicted,,,https://alphafold.ebi.ac.uk/files/AF-P63087-2-F1-model_v6.cif,https://alphafold.ebi.ac.uk/files/AF-P63087-2-F1-model_v6.pdb,https://alphafold.ebi.ac.uk/files/AF-P63087-2-F1-confidence_v6.json,https://alphafold.ebi.ac.uk/files/AF-P63087-2-F1-predicted_aligned_error_v6.json,held,ALPHAFOLD_ACCESSION_DIFFERS_FROM_CANONICAL,https://alphafold.ebi.ac.uk/api/prediction/P63087,6f51579f3c22fc55956a26d2db13c16f76162aa154cf7e1e059922051bf93e7a,not_assessed,0.1.0
P63087,AlphaFold_DB,AF-P63087-F1,A,6,10090,1,323,exact_full,98a3c69ccb36683cd931eaa1cf347821a5be18272231757cb8e523c6d2397dd9,2f72884fbb5196db6d7feda3f62ad96e,predicted,,,https://alphafold.ebi.ac.uk/files/AF-P63087-F1-model_v6.cif,https://alphafold.ebi.ac.uk/files/AF-P63087-F1-model_v6.pdb,https://alphafold.ebi.ac.uk/files/AF-P63087-F1-confidence_v6.json,https://alphafold.ebi.ac.uk/files/AF-P63087-F1-predicted_aligned_error_v6.json,candidate,EXACT_FULL_SEQUENCE_LOCAL_QUALITY_PENDING,https://alphafold.ebi.ac.uk/api/prediction/P63087,6f51579f3c22fc55956a26d2db13c16f76162aa154cf7e1e059922051bf93e7a,not_assessed,0.1.0
P63087,PDBe_SIFTS,4v0u,D,,10090,1,323,not_assessed,,,X-ray diffraction,7.88,1.0,,,,,candidate,MOUSE_SIFTS_CANDIDATE_LOCAL_REVIEW_PENDING,https://www.ebi.ac.uk/pdbe/api/mappings/best_structures/P63087,bbf71c5ad6e1e3732cec607f218258ba5d7a15c12a277f95a13e95a62771a52b,not_assessed,0.1.0
P63087,PDBe_SIFTS,4v0u,F,,10090,1,323,not_assessed,,,X-ray diffraction,7.88,1.0,,,,,candidate,MOUSE_SIFTS_CANDIDATE_LOCAL_REVIEW_PENDING,https://www.ebi.ac.uk/pdbe/api/mappings/best_structures/P63087,bbf71c5ad6e1e3732cec607f218258ba5d7a15c12a277f95a13e95a62771a52b,not_assessed,0.1.0
P63087,PDBe_SIFTS,4v0u,H,,10090,1,323,not_assessed,,,X-ray diffraction,7.88,1.0,,,,,candidate,MOUSE_SIFTS_CANDIDATE_LOCAL_REVIEW_PENDING,https://www.ebi.ac.uk/pdbe/api/mappings/best_structures/P63087,bbf71c5ad6e1e3732cec607f218258ba5d7a15c12a277f95a13e95a62771a52b,not_assessed,0.1.0
P63087,PDBe_SIFTS,4v0u,J,,10090,1,323,not_assessed,,,X-ray diffraction,7.88,1.0,,,,,candidate,MOUSE_SIFTS_CANDIDATE_LOCAL_REVIEW_PENDING,https://www.ebi.ac.uk/pdbe/api/mappings/best_structures/P63087,bbf71c5ad6e1e3732cec607f218258ba5d7a15c12a277f95a13e95a62771a52b,not_assessed,0.1.0
P63087,PDBe_SIFTS,4v0u,N,,10090,1,323,not_assessed,,,X-ray diffraction,7.88,1.0,,,,,candidate,MOUSE_SIFTS_CANDIDATE_LOCAL_REVIEW_PENDING,https://www.ebi.ac.uk/pdbe/api/mappings/best_structures/P63087,bbf71c5ad6e1e3732cec607f218258ba5d7a15c12a277f95a13e95a62771a52b,not_assessed,0.1.0
P63087,PDBe_SIFTS,4v0v,A,,10090,7,300,not_assessed,,,X-ray diffraction,1.61,0.91,,,,,candidate,MOUSE_SIFTS_CANDIDATE_LOCAL_REVIEW_PENDING,https://www.ebi.ac.uk/pdbe/api/mappings/best_structures/P63087,bbf71c5ad6e1e3732cec607f218258ba5d7a15c12a277f95a13e95a62771a52b,not_assessed,0.1.0
P63087,PDBe_SIFTS,4v0v,C,,10090,7,300,not_assessed,,,X-ray diffraction,1.61,0.91,,,,,candidate,MOUSE_SIFTS_CANDIDATE_LOCAL_REVIEW_PENDING,https://www.ebi.ac.uk/pdbe/api/mappings/best_structures/P63087,bbf71c5ad6e1e3732cec607f218258ba5d7a15c12a277f95a13e95a62771a52b,not_assessed,0.1.0
P63087,PDBe_SIFTS,4v0w,A,,10090,7,300,not_assessed,,,X-ray diffraction,1.55,0.91,,,,,candidate,MOUSE_SIFTS_CANDIDATE_LOCAL_REVIEW_PENDING,https://www.ebi.ac.uk/pdbe/api/mappings/best_structures/P63087,bbf71c5ad6e1e3732cec607f218258ba5d7a15c12a277f95a13e95a62771a52b,not_assessed,0.1.0
P63087,PDBe_SIFTS,4v0w,C,,10090,7,300,not_assessed,,,X-ray diffraction,1.55,0.91,,,,,candidate,MOUSE_SIFTS_CANDIDATE_LOCAL_REVIEW_PENDING,https://www.ebi.ac.uk/pdbe/api/mappings/best_structures/P63087,bbf71c5ad6e1e3732cec607f218258ba5d7a15c12a277f95a13e95a62771a52b,not_assessed,0.1.0
P63087,PDBe_SIFTS,4v0x,A,,10090,7,300,not_assessed,,,X-ray diffraction,1.85,0.91,,,,,candidate,MOUSE_SIFTS_CANDIDATE_LOCAL_REVIEW_PENDING,https://www.ebi.ac.uk/pdbe/api/mappings/best_structures/P63087,bbf71c5ad6e1e3732cec607f218258ba5d7a15c12a277f95a13e95a62771a52b,not_assessed,0.1.0
P63087,PDBe_SIFTS,9ijj,4a,,10090,1,323,not_assessed,,,Electron Microscopy,7.7,1.0,,,,,candidate,MOUSE_SIFTS_CANDIDATE_LOCAL_REVIEW_PENDING,https://www.ebi.ac.uk/pdbe/api/mappings/best_structures/P63087,bbf71c5ad6e1e3732cec607f218258ba5d7a15c12a277f95a13e95a62771a52b,not_assessed,0.1.0
P63168,AlphaFold_DB,AF-P63168-F1,A,6,10090,1,89,exact_full,7cfce2e0f534e9eea1e79a256434e9de63086ca35e653e27b6e44306a9c2ae3f,37021ccb6be8109f61da44f2f90b0f6d,predicted,,,https://alphafold.ebi.ac.uk/files/AF-P63168-F1-model_v6.cif,https://alphafold.ebi.ac.uk/files/AF-P63168-F1-model_v6.pdb,https://alphafold.ebi.ac.uk/files/AF-P63168-F1-confidence_v6.json,https://alphafold.ebi.ac.uk/files/AF-P63168-F1-predicted_aligned_error_v6.json,candidate,EXACT_FULL_SEQUENCE_LOCAL_QUALITY_PENDING,https://alphafold.ebi.ac.uk/api/prediction/P63168,0d0b568a8ee4aba01e41c5271bb03faa05055f0b3064ba1f4d68332cb133a137,not_assessed,0.1.0
P63239,AlphaFold_DB,AF-P63239-F1,A,6,10090,1,753,exact_full,779c1fdb90f865d657cb973a52dfeca22f673e0b8fe6e2faf9528d7c10709b4c,48226d1544b7a78883cdb95958ac7597,predicted,,,https://alphafold.ebi.ac.uk/files/AF-P63239-F1-model_v6.cif,https://alphafold.ebi.ac.uk/files/AF-P63239-F1-model_v6.pdb,https://alphafold.ebi.ac.uk/files/AF-P63239-F1-confidence_v6.json,https://alphafold.ebi.ac.uk/files/AF-P63239-F1-predicted_aligned_error_v6.json,candidate,EXACT_FULL_SEQUENCE_LOCAL_QUALITY_PENDING,https://alphafold.ebi.ac.uk/api/prediction/P63239,c93bb8e1a087045e5d826540ce14d6f17e3ac8683ca2203a16216ef8cf0af6e1,not_assessed,0.1.0
P63239,PDBe_SIFTS,1kn6,A,,10090,28,110,not_assessed,,,Solution NMR,,0.114,,,,,candidate,MOUSE_SIFTS_CANDIDATE_LOCAL_REVIEW_PENDING,https://www.ebi.ac.uk/pdbe/api/mappings/best_structures/P63239,efe906325c3073fc68f7e362cbae525ba63552b2760537ecd0874d5854cbe54e,not_assessed,0.1.0
P63239,PDBe_SIFTS,2kdt,A,,10090,711,753,not_assessed,,,Solution NMR,,0.059,,,,,candidate,MOUSE_SIFTS_CANDIDATE_LOCAL_REVIEW_PENDING,https://www.ebi.ac.uk/pdbe/api/mappings/best_structures/P63239,efe906325c3073fc68f7e362cbae525ba63552b2760537ecd0874d5854cbe54e,not_assessed,0.1.0
P63239,PDBe_SIFTS,2ke3,A,,10090,711,753,not_assessed,,,Solution NMR,,0.059,,,,,candidate,MOUSE_SIFTS_CANDIDATE_LOCAL_REVIEW_PENDING,https://www.ebi.ac.uk/pdbe/api/mappings/best_structures/P63239,efe906325c3073fc68f7e362cbae525ba63552b2760537ecd0874d5854cbe54e,not_assessed,0.1.0
P63254,AlphaFold_DB,AF-P63254-F1,A,6,10090,1,77,exact_full,2fd22841bf0384a3075d6b37608c198805c88f05cab67c7aa4c7053372d4bfd1,96bb7f58d524a637712235f2be89f46b,predicted,,,https://alphafold.ebi.ac.uk/files/AF-P63254-F1-model_v6.cif,https://alphafold.ebi.ac.uk/files/AF-P63254-F1-model_v6.pdb,https://alphafold.ebi.ac.uk/files/AF-P63254-F1-confidence_v6.json,https://alphafold.ebi.ac.uk/files/AF-P63254-F1-predicted_aligned_error_v6.json,candidate,EXACT_FULL_SEQUENCE_LOCAL_QUALITY_PENDING,https://alphafold.ebi.ac.uk/api/prediction/P63254,e664f83aba3411b934209d3cdbe0853c0c55f6ee6d7e93a75ea42625f645cbac,not_assessed,0.1.0
P63268,AlphaFold_DB,AF-P63268-F1,A,6,10090,1,376,exact_full,ad1048821ace554de11e29d757125b383a963320fc0bebde978976fd0621f82b,ee02c7cd85ef361c167613930651ff58,predicted,,,https://alphafold.ebi.ac.uk/files/AF-P63268-F1-model_v6.cif,https://alphafold.ebi.ac.uk/files/AF-P63268-F1-model_v6.pdb,https://alphafold.ebi.ac.uk/files/AF-P63268-F1-confidence_v6.json,https://alphafold.ebi.ac.uk/files/AF-P63268-F1-predicted_aligned_error_v6.json,candidate,EXACT_FULL_SEQUENCE_LOCAL_QUALITY_PENDING,https://alphafold.ebi.ac.uk/api/prediction/P63268,3935a919f6014a4fdd66362990b7c3e6acc851d9c4110393f72ed673a9cc41cf,not_assessed,0.1.0
P68368,AlphaFold_DB,AF-P68368-F1,A,6,10090,1,448,exact_full,e0e3f19ee5d0a262954e18d58b2b784c946b986043f82e18744ffc415344b597,b9a8709a9f7680d393b869e20e010c07,predicted,,,https://alphafold.ebi.ac.uk/files/AF-P68368-F1-model_v6.cif,https://alphafold.ebi.ac.uk/files/AF-P68368-F1-model_v6.pdb,https://alphafold.ebi.ac.uk/files/AF-P68368-F1-confidence_v6.json,https://alphafold.ebi.ac.uk/files/AF-P68368-F1-predicted_aligned_error_v6.json,candidate,EXACT_FULL_SEQUENCE_LOCAL_QUALITY_PENDING,https://alphafold.ebi.ac.uk/api/prediction/P68368,4245592ce09af1be4bde4f4eaecc0da5c4c3d1606dd20da3d4874ea7b66de3e7,not_assessed,0.1.0
P68368,PDBe_SIFTS,8ixf,A,,10090,1,448,not_assessed,,,Electron Microscopy,4.4,1.0,,,,,candidate,MOUSE_SIFTS_CANDIDATE_LOCAL_REVIEW_PENDING,https://www.ebi.ac.uk/pdbe/api/mappings/best_structures/P68368,7999d313721ada60f3e1356cd8595855d826d2a05efae6693f76754896ba3b93,not_assessed,0.1.0
P68368,PDBe_SIFTS,8ixf,B,,10090,1,448,not_assessed,,,Electron Microscopy,4.4,1.0,,,,,candidate,MOUSE_SIFTS_CANDIDATE_LOCAL_REVIEW_PENDING,https://www.ebi.ac.uk/pdbe/api/mappings/best_structures/P68368,7999d313721ada60f3e1356cd8595855d826d2a05efae6693f76754896ba3b93,not_assessed,0.1.0
P68368,PDBe_SIFTS,8ixf,C,,10090,1,448,not_assessed,,,Electron Microscopy,4.4,1.0,,,,,candidate,MOUSE_SIFTS_CANDIDATE_LOCAL_REVIEW_PENDING,https://www.ebi.ac.uk/pdbe/api/mappings/best_structures/P68368,7999d313721ada60f3e1356cd8595855d826d2a05efae6693f76754896ba3b93,not_assessed,0.1.0
P68368,PDBe_SIFTS,8ixf,D,,10090,1,448,not_assessed,,,Electron Microscopy,4.4,1.0,,,,,candidate,MOUSE_SIFTS_CANDIDATE_LOCAL_REVIEW_PENDING,https://www.ebi.ac.uk/pdbe/api/mappings/best_structures/P68368,7999d313721ada60f3e1356cd8595855d826d2a05efae6693f76754896ba3b93,not_assessed,0.1.0
P68368,PDBe_SIFTS,8ixf,E,,10090,1,448,not_assessed,,,Electron Microscopy,4.4,1.0,,,,,candidate,MOUSE_SIFTS_CANDIDATE_LOCAL_REVIEW_PENDING,https://www.ebi.ac.uk/pdbe/api/mappings/best_structures/P68368,7999d313721ada60f3e1356cd8595855d826d2a05efae6693f76754896ba3b93,not_assessed,0.1.0
P68368,PDBe_SIFTS,8ixf,F,,10090,1,448,not_assessed,,,Electron Microscopy,4.4,1.0,,,,,candidate,MOUSE_SIFTS_CANDIDATE_LOCAL_REVIEW_PENDING,https://www.ebi.ac.uk/pdbe/api/mappings/best_structures/P68368,7999d313721ada60f3e1356cd8595855d826d2a05efae6693f76754896ba3b93,not_assessed,0.1.0
P68368,PDBe_SIFTS,8ixf,G,,10090,1,448,not_assessed,,,Electron Microscopy,4.4,1.0,,,,,candidate,MOUSE_SIFTS_CANDIDATE_LOCAL_REVIEW_PENDING,https://www.ebi.ac.uk/pdbe/api/mappings/best_structures/P68368,7999d313721ada60f3e1356cd8595855d826d2a05efae6693f76754896ba3b93,not_assessed,0.1.0
P68368,PDBe_SIFTS,8ixf,H,,10090,1,448,not_assessed,,,Electron Microscopy,4.4,1.0,,,,,candidate,MOUSE_SIFTS_CANDIDATE_LOCAL_REVIEW_PENDING,https://www.ebi.ac.uk/pdbe/api/mappings/best_structures/P68368,7999d313721ada60f3e1356cd8595855d826d2a05efae6693f76754896ba3b93,not_assessed,0.1.0
P68368,PDBe_SIFTS,8ixf,I,,10090,1,448,not_assessed,,,Electron Microscopy,4.4,1.0,,,,,candidate,MOUSE_SIFTS_CANDIDATE_LOCAL_REVIEW_PENDING,https://www.ebi.ac.uk/pdbe/api/mappings/best_structures/P68368,7999d313721ada60f3e1356cd8595855d826d2a05efae6693f76754896ba3b93,not_assessed,0.1.0
P68368,PDBe_SIFTS,8ixg,B,,10090,1,448,not_assessed,,,Electron Microscopy,4.4,1.0,,,,,candidate,MOUSE_SIFTS_CANDIDATE_LOCAL_REVIEW_PENDING,https://www.ebi.ac.uk/pdbe/api/mappings/best_structures/P68368,7999d313721ada60f3e1356cd8595855d826d2a05efae6693f76754896ba3b93,not_assessed,0.1.0
P68368,PDBe_SIFTS,8ixg,H,,10090,1,448,not_assessed,,,Electron Microscopy,4.4,1.0,,,,,candidate,MOUSE_SIFTS_CANDIDATE_LOCAL_REVIEW_PENDING,https://www.ebi.ac.uk/pdbe/api/mappings/best_structures/P68368,7999d313721ada60f3e1356cd8595855d826d2a05efae6693f76754896ba3b93,not_assessed,0.1.0
P68368,PDBe_SIFTS,8ixg,J,,10090,1,448,not_assessed,,,Electron Microscopy,4.4,1.0,,,,,candidate,MOUSE_SIFTS_CANDIDATE_LOCAL_REVIEW_PENDING,https://www.ebi.ac.uk/pdbe/api/mappings/best_structures/P68368,7999d313721ada60f3e1356cd8595855d826d2a05efae6693f76754896ba3b93,not_assessed,0.1.0
P68368,PDBe_SIFTS,8ixg,K,,10090,1,448,not_assessed,,,Electron Microscopy,4.4,1.0,,,,,candidate,MOUSE_SIFTS_CANDIDATE_LOCAL_REVIEW_PENDING,https://www.ebi.ac.uk/pdbe/api/mappings/best_structures/P68368,7999d313721ada60f3e1356cd8595855d826d2a05efae6693f76754896ba3b93,not_assessed,0.1.0
P70120,AlphaFold_DB,AF-P70120-F1,A,6,10090,1,167,exact_full,c2a8084d9b9fa4d7749dd39f3a31ce2eff6250b7e6c343fe4916eca098928999,6db29c5819deb3c8aca5c89b6b62e683,predicted,,,https://alphafold.ebi.ac.uk/files/AF-P70120-F1-model_v6.cif,https://alphafold.ebi.ac.uk/files/AF-P70120-F1-model_v6.pdb,https://alphafold.ebi.ac.uk/files/AF-P70120-F1-confidence_v6.json,https://alphafold.ebi.ac.uk/files/AF-P70120-F1-predicted_aligned_error_v6.json,candidate,EXACT_FULL_SEQUENCE_LOCAL_QUALITY_PENDING,https://alphafold.ebi.ac.uk/api/prediction/P70120,b3e59f41b151883441087a2e4f17e0ba7f9dac9715193284459149147929a7f3,not_assessed,0.1.0
P70170,AlphaFold_DB,AF-P70170-2-F1,A,6,10090,1,1546,not_assessed,a06165802ce1cd2c1330aab0a7c1133fb6363d3a6b57d55a1392ee8fdb703f0f,650aa64543a531a44818cbbe84275a19,predicted,,,https://alphafold.ebi.ac.uk/files/AF-P70170-2-F1-model_v6.cif,https://alphafold.ebi.ac.uk/files/AF-P70170-2-F1-model_v6.pdb,https://alphafold.ebi.ac.uk/files/AF-P70170-2-F1-confidence_v6.json,https://alphafold.ebi.ac.uk/files/AF-P70170-2-F1-predicted_aligned_error_v6.json,held,ALPHAFOLD_ACCESSION_DIFFERS_FROM_CANONICAL,https://alphafold.ebi.ac.uk/api/prediction/P70170,65653d7c1f08b51a7f21fb5b9a597c0642da4b5d23844abca18a7577f0fa44e2,not_assessed,0.1.0
P70170,AlphaFold_DB,AF-P70170-3-F1,A,6,10090,1,1511,not_assessed,35931098f2da8dc01b239022ed68f36b6c0f97a73eaf586dbd1256305afb260a,333418972dcfdf5e4c5cd5c68e093d16,predicted,,,https://alphafold.ebi.ac.uk/files/AF-P70170-3-F1-model_v6.cif,https://alphafold.ebi.ac.uk/files/AF-P70170-3-F1-model_v6.pdb,https://alphafold.ebi.ac.uk/files/AF-P70170-3-F1-confidence_v6.json,https://alphafold.ebi.ac.uk/files/AF-P70170-3-F1-predicted_aligned_error_v6.json,held,ALPHAFOLD_ACCESSION_DIFFERS_FROM_CANONICAL,https://alphafold.ebi.ac.uk/api/prediction/P70170,65653d7c1f08b51a7f21fb5b9a597c0642da4b5d23844abca18a7577f0fa44e2,not_assessed,0.1.0
P70170,AlphaFold_DB,AF-P70170-F1,A,6,10090,1,1546,exact_full,020c8b8a22a46053717d30010e8157d79c4510d3f699691d63d8f68953729d90,fd157123bb6648e712a9d37ba6e1bcae,predicted,,,https://alphafold.ebi.ac.uk/files/AF-P70170-F1-model_v6.cif,https://alphafold.ebi.ac.uk/files/AF-P70170-F1-model_v6.pdb,https://alphafold.ebi.ac.uk/files/AF-P70170-F1-confidence_v6.json,https://alphafold.ebi.ac.uk/files/AF-P70170-F1-predicted_aligned_error_v6.json,candidate,EXACT_FULL_SEQUENCE_LOCAL_QUALITY_PENDING,https://alphafold.ebi.ac.uk/api/prediction/P70170,65653d7c1f08b51a7f21fb5b9a597c0642da4b5d23844abca18a7577f0fa44e2,not_assessed,0.1.0
P70210,AlphaFold_DB,AF-P70210-F1,A,6,10090,1,439,exact_full,99d1854450b8fd1f24a383e9e078f722d20856789005c1736d80de30534ac3b3,3969d53e0c83c50a233912df9a317d4b,predicted,,,https://alphafold.ebi.ac.uk/files/AF-P70210-F1-model_v6.cif,https://alphafold.ebi.ac.uk/files/AF-P70210-F1-model_v6.pdb,https://alphafold.ebi.ac.uk/files/AF-P70210-F1-confidence_v6.json,https://alphafold.ebi.ac.uk/files/AF-P70210-F1-predicted_aligned_error_v6.json,candidate,EXACT_FULL_SEQUENCE_LOCAL_QUALITY_PENDING,https://alphafold.ebi.ac.uk/api/prediction/P70210,c5b86aa4ca48f8a3748aa2695b1dd35384abbbc59c472f5fd70f8cd4896889b0,not_assessed,0.1.0
P70245,AlphaFold_DB,AF-P70245-F1,A,6,10090,1,230,exact_full,27be1662408acd126cd5328cef47db96e78d8c53a4e9bf38a1643a0e85e5129b,81bd18602040c39f0cf844495755e7fd,predicted,,,https://alphafold.ebi.ac.uk/files/AF-P70245-F1-model_v6.cif,https://alphafold.ebi.ac.uk/files/AF-P70245-F1-model_v6.pdb,https://alphafold.ebi.ac.uk/files/AF-P70245-F1-confidence_v6.json,https://alphafold.ebi.ac.uk/files/AF-P70245-F1-predicted_aligned_error_v6.json,candidate,EXACT_FULL_SEQUENCE_LOCAL_QUALITY_PENDING,https://alphafold.ebi.ac.uk/api/prediction/P70245,5b1ee1721df1bde7be8c84befc3c131bb7d9010592702f80d3015b2cfc8df361,not_assessed,0.1.0
P70378,AlphaFold_DB,AF-P70378-F1,A,6,10090,1,225,exact_full,e9d5e04a263b3364fa832b00fba4ad987dc5d1e9d0eab885af7404c3ec5cfd7b,8b8173dfdb2f1f5fa25dbeea83648d32,predicted,,,https://alphafold.ebi.ac.uk/files/AF-P70378-F1-model_v6.cif,https://alphafold.ebi.ac.uk/files/AF-P70378-F1-model_v6.pdb,https://alphafold.ebi.ac.uk/files/AF-P70378-F1-confidence_v6.json,https://alphafold.ebi.ac.uk/files/AF-P70378-F1-predicted_aligned_error_v6.json,candidate,EXACT_FULL_SEQUENCE_LOCAL_QUALITY_PENDING,https://alphafold.ebi.ac.uk/api/prediction/P70378,c304f2c12d5bf1e6e9b4cca17a5a4eb3eeb6385a0632491e440e91cb20c1851e,not_assessed,0.1.0
P70423,AlphaFold_DB,AF-P70423-F1,A,6,10090,1,618,exact_full,38c5f431ebcb847108a7f37ec9eca61d8b5bd2cdb844f696ff4f6af036caa637,a927174727b55fc6ff88c607eecf56a8,predicted,,,https://alphafold.ebi.ac.uk/files/AF-P70423-F1-model_v6.cif,https://alphafold.ebi.ac.uk/files/AF-P70423-F1-model_v6.pdb,https://alphafold.ebi.ac.uk/files/AF-P70423-F1-confidence_v6.json,https://alphafold.ebi.ac.uk/files/AF-P70423-F1-predicted_aligned_error_v6.json,candidate,EXACT_FULL_SEQUENCE_LOCAL_QUALITY_PENDING,https://alphafold.ebi.ac.uk/api/prediction/P70423,458ab8c02c7f3c5df1ea820c636ee9e243a6c7cfd9f449fdd56a303adcb721d2,not_assessed,0.1.0
P84075,AlphaFold_DB,AF-P84075-F1,A,6,10090,1,193,exact_full,e4cd35418df3e1f0af5b8607e28dc9337274d30fe103de291eed82f4a1eddabe,d7eb357e22d27e11fb6c1581452d7fb5,predicted,,,https://alphafold.ebi.ac.uk/files/AF-P84075-F1-model_v6.cif,https://alphafold.ebi.ac.uk/files/AF-P84075-F1-model_v6.pdb,https://alphafold.ebi.ac.uk/files/AF-P84075-F1-confidence_v6.json,https://alphafold.ebi.ac.uk/files/AF-P84075-F1-predicted_aligned_error_v6.json,candidate,EXACT_FULL_SEQUENCE_LOCAL_QUALITY_PENDING,https://alphafold.ebi.ac.uk/api/prediction/P84075,1864dc038c202847cfccbe9b1e64427d36ebe1fe20a9e6b60776aae75734194f,not_assessed,0.1.0
P86046,AlphaFold_DB,AF-P86046-F1,A,6,10090,1,360,exact_full,8f231eebcc8f08284c49b914c1b75892c7e3cd50f862a773718dfdfefc02ecee,533d368a140d65409594b4ca8e0d9651,predicted,,,https://alphafold.ebi.ac.uk/files/AF-P86046-F1-model_v6.cif,https://alphafold.ebi.ac.uk/files/AF-P86046-F1-model_v6.pdb,https://alphafold.ebi.ac.uk/files/AF-P86046-F1-confidence_v6.json,https://alphafold.ebi.ac.uk/files/AF-P86046-F1-predicted_aligned_error_v6.json,candidate,EXACT_FULL_SEQUENCE_LOCAL_QUALITY_PENDING,https://alphafold.ebi.ac.uk/api/prediction/P86046,83f5cf4f8ec7dc043bfdd1d6e545562af6c01dbc178e01028b91cfe90dec9684,not_assessed,0.1.0
P97297,AlphaFold_DB,AF-P97297-F1,A,6,10090,1,184,exact_full,751a1c6dac3c776d2037bab718f60e38459ee851ddf5d03c21aabd176e1d72b7,7f622ed4b0a0c94636036658d21bb2b8,predicted,,,https://alphafold.ebi.ac.uk/files/AF-P97297-F1-model_v6.cif,https://alphafold.ebi.ac.uk/files/AF-P97297-F1-model_v6.pdb,https://alphafold.ebi.ac.uk/files/AF-P97297-F1-confidence_v6.json,https://alphafold.ebi.ac.uk/files/AF-P97297-F1-predicted_aligned_error_v6.json,candidate,EXACT_FULL_SEQUENCE_LOCAL_QUALITY_PENDING,https://alphafold.ebi.ac.uk/api/prediction/P97297,f7fc5ee42e4f0c47a7116f2c6d1c3e4c4de98a54919a5472e4f57b13817b7274,not_assessed,0.1.0
P97315,AlphaFold_DB,AF-P97315-F1,A,6,10090,1,193,exact_full,5b6c6e60474a3f9ad2be27113d00147dc31744cb2a3df792293179d4f733f594,604a87bea6a9041fdf89431725c4fb6e,predicted,,,https://alphafold.ebi.ac.uk/files/AF-P97315-F1-model_v6.cif,https://alphafold.ebi.ac.uk/files/AF-P97315-F1-model_v6.pdb,https://alphafold.ebi.ac.uk/files/AF-P97315-F1-confidence_v6.json,https://alphafold.ebi.ac.uk/files/AF-P97315-F1-predicted_aligned_error_v6.json,candidate,EXACT_FULL_SEQUENCE_LOCAL_QUALITY_PENDING,https://alphafold.ebi.ac.uk/api/prediction/P97315,5d2986a1483a3a9fb4bf95f3acc1f218804a17656b631a7a60547fa54e2f1cf7,not_assessed,0.1.0
P97430,AlphaFold_DB,AF-P97430-F1,A,6,10090,1,131,exact_full,bbbdeb5ac39cb8544757bad2a6b12c86400dcceead7518bcddc7e050f08f02b5,bc27e4b51b2f1c558319183cbe7e50c5,predicted,,,https://alphafold.ebi.ac.uk/files/AF-P97430-F1-model_v6.cif,https://alphafold.ebi.ac.uk/files/AF-P97430-F1-model_v6.pdb,https://alphafold.ebi.ac.uk/files/AF-P97430-F1-confidence_v6.json,https://alphafold.ebi.ac.uk/files/AF-P97430-F1-predicted_aligned_error_v6.json,candidate,EXACT_FULL_SEQUENCE_LOCAL_QUALITY_PENDING,https://alphafold.ebi.ac.uk/api/prediction/P97430,baf118dd7d56d7ee296f94c84851708c813c4f3aa7a7e02f21fc4a19a2852984,not_assessed,0.1.0
P97769,AlphaFold_DB,AF-P97769-F1,A,6,10090,1,203,exact_full,ebfb612d569d4bd46d13a01330259b3bb36c4be171767434bf0a938878cebbc4,10d355e7848e77cf942cec650d2a3437,predicted,,,https://alphafold.ebi.ac.uk/files/AF-P97769-F1-model_v6.cif,https://alphafold.ebi.ac.uk/files/AF-P97769-F1-model_v6.pdb,https://alphafold.ebi.ac.uk/files/AF-P97769-F1-confidence_v6.json,https://alphafold.ebi.ac.uk/files/AF-P97769-F1-predicted_aligned_error_v6.json,candidate,EXACT_FULL_SEQUENCE_LOCAL_QUALITY_PENDING,https://alphafold.ebi.ac.uk/api/prediction/P97769,3add78465bbf293c0958477f45f0e1fe9461ecde435924e8e3f2e5d1503e3b83,not_assessed,0.1.0
P97794,AlphaFold_DB,AF-P97794-F1,A,6,10090,1,424,exact_full,fb3afdc79f57d78fc4bf9a9594b83d63b6252c826c1b3d4a8d282bff27954d5f,2e51bc6603560be25a7cea48ae6755cd,predicted,,,https://alphafold.ebi.ac.uk/files/AF-P97794-F1-model_v6.cif,https://alphafold.ebi.ac.uk/files/AF-P97794-F1-model_v6.pdb,https://alphafold.ebi.ac.uk/files/AF-P97794-F1-confidence_v6.json,https://alphafold.ebi.ac.uk/files/AF-P97794-F1-predicted_aligned_error_v6.json,candidate,EXACT_FULL_SEQUENCE_LOCAL_QUALITY_PENDING,https://alphafold.ebi.ac.uk/api/prediction/P97794,82ae3473f584223413254a240d333daedbd4d8ad1a798c36ff79d860294fe5e4,not_assessed,0.1.0
P98083,AlphaFold_DB,AF-P98083-2-F1,A,6,10090,1,469,not_assessed,f501fa9c10bd575068e46a14ef8ba54e84be361be7768af3e4c52288affb0055,4115ff5b413d4fba6cb1b624a215ee8f,predicted,,,https://alphafold.ebi.ac.uk/files/AF-P98083-2-F1-model_v6.cif,https://alphafold.ebi.ac.uk/files/AF-P98083-2-F1-model_v6.pdb,https://alphafold.ebi.ac.uk/files/AF-P98083-2-F1-confidence_v6.json,https://alphafold.ebi.ac.uk/files/AF-P98083-2-F1-predicted_aligned_error_v6.json,held,ALPHAFOLD_ACCESSION_DIFFERS_FROM_CANONICAL,https://alphafold.ebi.ac.uk/api/prediction/P98083,ad0e913f8473115ebdca334e1d452c53ef6212d6834828c15c083a98daa122d0,not_assessed,0.1.0
P98083,AlphaFold_DB,AF-P98083-3-F1,A,6,10090,1,424,not_assessed,740c50626f3c1bd33d3ae315b63febd527b4d9367acad993333680d7cc43949c,a720938f4a7fc37113d929635d6355db,predicted,,,https://alphafold.ebi.ac.uk/files/AF-P98083-3-F1-model_v6.cif,https://alphafold.ebi.ac.uk/files/AF-P98083-3-F1-model_v6.pdb,https://alphafold.ebi.ac.uk/files/AF-P98083-3-F1-confidence_v6.json,https://alphafold.ebi.ac.uk/files/AF-P98083-3-F1-predicted_aligned_error_v6.json,held,ALPHAFOLD_ACCESSION_DIFFERS_FROM_CANONICAL,https://alphafold.ebi.ac.uk/api/prediction/P98083,ad0e913f8473115ebdca334e1d452c53ef6212d6834828c15c083a98daa122d0,not_assessed,0.1.0
P98083,AlphaFold_DB,AF-P98083-F1,A,6,10090,1,579,exact_full,f4f3d350fe0d0557c04b93f7bb29fa3e74a0dd6f32ab69d308de6890e0decb62,ed09d91a707f94e46f35ce3d2dfafed7,predicted,,,https://alphafold.ebi.ac.uk/files/AF-P98083-F1-model_v6.cif,https://alphafold.ebi.ac.uk/files/AF-P98083-F1-model_v6.pdb,https://alphafold.ebi.ac.uk/files/AF-P98083-F1-confidence_v6.json,https://alphafold.ebi.ac.uk/files/AF-P98083-F1-predicted_aligned_error_v6.json,candidate,EXACT_FULL_SEQUENCE_LOCAL_QUALITY_PENDING,https://alphafold.ebi.ac.uk/api/prediction/P98083,ad0e913f8473115ebdca334e1d452c53ef6212d6834828c15c083a98daa122d0,not_assessed,0.1.0
Q00519,AlphaFold_DB,AF-Q00519-F1,A,6,10090,1,1335,exact_full,dce5f71e22b102c9adb6874417b913a93c1251e19d860627ee26c2bd912cdf85,0ccffe9ef1575e5d4d9732116c944ceb,predicted,,,https://alphafold.ebi.ac.uk/files/AF-Q00519-F1-model_v6.cif,https://alphafold.ebi.ac.uk/files/AF-Q00519-F1-model_v6.pdb,https://alphafold.ebi.ac.uk/files/AF-Q00519-F1-confidence_v6.json,https://alphafold.ebi.ac.uk/files/AF-Q00519-F1-predicted_aligned_error_v6.json,candidate,EXACT_FULL_SEQUENCE_LOCAL_QUALITY_PENDING,https://alphafold.ebi.ac.uk/api/prediction/Q00519,86f68cb33b28eac8f4151f4a726816ad79145d776fd90f0973b9bbedf6bf5c3d,not_assessed,0.1.0
Q01320,AlphaFold_DB,AF-Q01320-F1,A,6,10090,1,1528,exact_full,283cdb55588eece3632f01278089d94794836b441d93a231f111a3efbc083e7b,318306e83530cb706180952152299ce0,predicted,,,https://alphafold.ebi.ac.uk/files/AF-Q01320-F1-model_v6.cif,https://alphafold.ebi.ac.uk/files/AF-Q01320-F1-model_v6.pdb,https://alphafold.ebi.ac.uk/files/AF-Q01320-F1-confidence_v6.json,https://alphafold.ebi.ac.uk/files/AF-Q01320-F1-predicted_aligned_error_v6.json,candidate,EXACT_FULL_SEQUENCE_LOCAL_QUALITY_PENDING,https://alphafold.ebi.ac.uk/api/prediction/Q01320,e87c19c52a03cbcd55b72969a8619f542a1275cae4129b3b78b22b407f692935,not_assessed,0.1.0
Q01721,AlphaFold_DB,AF-Q01721-F1,A,6,10090,1,343,exact_full,736341e38af4001a7c4ad866c016f4564e20fe7edf0b4c83282e06a381992c43,235687ad26216aee8678f9ddbbe2cc12,predicted,,,https://alphafold.ebi.ac.uk/files/AF-Q01721-F1-model_v6.cif,https://alphafold.ebi.ac.uk/files/AF-Q01721-F1-model_v6.pdb,https://alphafold.ebi.ac.uk/files/AF-Q01721-F1-confidence_v6.json,https://alphafold.ebi.ac.uk/files/AF-Q01721-F1-predicted_aligned_error_v6.json,candidate,EXACT_FULL_SEQUENCE_LOCAL_QUALITY_PENDING,https://alphafold.ebi.ac.uk/api/prediction/Q01721,5580907775e51c75af1a2ff0b54765053c6ea550d4e9bf8a9322632a9ca7a6d2,not_assessed,0.1.0
Q02788,AlphaFold_DB,AF-Q02788-F1,A,6,10090,1,1034,exact_full,fc7194802dec5afc1bc2b7d1a7105eaa2827124919d0f28e546a7edcd820b21f,fbebb7272d2746384f62fc2d630ce9ee,predicted,,,https://alphafold.ebi.ac.uk/files/AF-Q02788-F1-model_v6.cif,https://alphafold.ebi.ac.uk/files/AF-Q02788-F1-model_v6.pdb,https://alphafold.ebi.ac.uk/files/AF-Q02788-F1-confidence_v6.json,https://alphafold.ebi.ac.uk/files/AF-Q02788-F1-predicted_aligned_error_v6.json,candidate,EXACT_FULL_SEQUENCE_LOCAL_QUALITY_PENDING,https://alphafold.ebi.ac.uk/api/prediction/Q02788,a55a7a4f547f313dcb6bebea332a6170a457d26cf25199714326562936003bd8,not_assessed,0.1.0
Q03160,AlphaFold_DB,AF-Q03160-F1,A,6,10090,1,535,exact_full,0de94fb6302894a9cb4be6e052d91e18bc2107ca9574bfbe193d96002f971820,cd72ae7c5b7b05b3e040122a5b139403,predicted,,,https://alphafold.ebi.ac.uk/files/AF-Q03160-F1-model_v6.cif,https://alphafold.ebi.ac.uk/files/AF-Q03160-F1-model_v6.pdb,https://alphafold.ebi.ac.uk/files/AF-Q03160-F1-confidence_v6.json,https://alphafold.ebi.ac.uk/files/AF-Q03160-F1-predicted_aligned_error_v6.json,candidate,EXACT_FULL_SEQUENCE_LOCAL_QUALITY_PENDING,https://alphafold.ebi.ac.uk/api/prediction/Q03160,350eecdc6b78f81493572ff677d69683b9db3c62814378a5b7bc8eef0014ffce,not_assessed,0.1.0
Q03526,AlphaFold_DB,AF-Q03526-F1,A,6,10090,1,625,exact_full,2f2711b378464a06e7d9ec2ae7bbb67f0313425a9ad4cee2bd98a96c80be11db,2503c4b992b6551de64afe35a57686b7,predicted,,,https://alphafold.ebi.ac.uk/files/AF-Q03526-F1-model_v6.cif,https://alphafold.ebi.ac.uk/files/AF-Q03526-F1-model_v6.pdb,https://alphafold.ebi.ac.uk/files/AF-Q03526-F1-confidence_v6.json,https://alphafold.ebi.ac.uk/files/AF-Q03526-F1-predicted_aligned_error_v6.json,candidate,EXACT_FULL_SEQUENCE_LOCAL_QUALITY_PENDING,https://alphafold.ebi.ac.uk/api/prediction/Q03526,01a93a47f5ef40c47a751f22814c9b6239ae6fe9668fdba4dc9bf3c2a9ddfe91,not_assessed,0.1.0
Q03526,PDBe_SIFTS,1awj,A,,10090,160,236,not_assessed,,,Solution NMR,,0.123,,,,,candidate,MOUSE_SIFTS_CANDIDATE_LOCAL_REVIEW_PENDING,https://www.ebi.ac.uk/pdbe/api/mappings/best_structures/Q03526,588e8bf2fd1b3f0903bcd071d7d2bde27328307dde604ab98f4ae128db011d2d,not_assessed,0.1.0
Q03526,PDBe_SIFTS,1lui,A,,10090,238,344,not_assessed,,,Solution NMR,,0.171,,,,,candidate,MOUSE_SIFTS_CANDIDATE_LOCAL_REVIEW_PENDING,https://www.ebi.ac.uk/pdbe/api/mappings/best_structures/Q03526,588e8bf2fd1b3f0903bcd071d7d2bde27328307dde604ab98f4ae128db011d2d,not_assessed,0.1.0
Q03526,PDBe_SIFTS,1luk,A,,10090,238,344,not_assessed,,,Solution NMR,,0.171,,,,,candidate,MOUSE_SIFTS_CANDIDATE_LOCAL_REVIEW_PENDING,https://www.ebi.ac.uk/pdbe/api/mappings/best_structures/Q03526,588e8bf2fd1b3f0903bcd071d7d2bde27328307dde604ab98f4ae128db011d2d,not_assessed,0.1.0
Q03526,PDBe_SIFTS,1lum,A,,10090,238,344,not_assessed,,,Solution NMR,,0.171,,,,,candidate,MOUSE_SIFTS_CANDIDATE_LOCAL_REVIEW_PENDING,https://www.ebi.ac.uk/pdbe/api/mappings/best_structures/Q03526,588e8bf2fd1b3f0903bcd071d7d2bde27328307dde604ab98f4ae128db011d2d,not_assessed,0.1.0
Q03526,PDBe_SIFTS,1lun,A,,10090,238,344,not_assessed,,,Solution NMR,,0.171,,,,,candidate,MOUSE_SIFTS_CANDIDATE_LOCAL_REVIEW_PENDING,https://www.ebi.ac.uk/pdbe/api/mappings/best_structures/Q03526,588e8bf2fd1b3f0903bcd071d7d2bde27328307dde604ab98f4ae128db011d2d,not_assessed,0.1.0
Q03526,PDBe_SIFTS,2etz,A,,10090,238,344,not_assessed,,,Solution NMR,,0.171,,,,,candidate,MOUSE_SIFTS_CANDIDATE_LOCAL_REVIEW_PENDING,https://www.ebi.ac.uk/pdbe/api/mappings/best_structures/Q03526,588e8bf2fd1b3f0903bcd071d7d2bde27328307dde604ab98f4ae128db011d2d,not_assessed,0.1.0
Q03526,PDBe_SIFTS,2eu0,A,,10090,238,344,not_assessed,,,Solution NMR,,0.171,,,,,candidate,MOUSE_SIFTS_CANDIDATE_LOCAL_REVIEW_PENDING,https://www.ebi.ac.uk/pdbe/api/mappings/best_structures/Q03526,588e8bf2fd1b3f0903bcd071d7d2bde27328307dde604ab98f4ae128db011d2d,not_assessed,0.1.0
Q03526,PDBe_SIFTS,2k79,A,,10090,177,237,not_assessed,,,Solution NMR,,0.098,,,,,candidate,MOUSE_SIFTS_CANDIDATE_LOCAL_REVIEW_PENDING,https://www.ebi.ac.uk/pdbe/api/mappings/best_structures/Q03526,588e8bf2fd1b3f0903bcd071d7d2bde27328307dde604ab98f4ae128db011d2d,not_assessed,0.1.0
Q03526,PDBe_SIFTS,2k79,B,,10090,238,344,not_assessed,,,Solution NMR,,0.171,,,,,candidate,MOUSE_SIFTS_CANDIDATE_LOCAL_REVIEW_PENDING,https://www.ebi.ac.uk/pdbe/api/mappings/best_structures/Q03526,588e8bf2fd1b3f0903bcd071d7d2bde27328307dde604ab98f4ae128db011d2d,not_assessed,0.1.0
Q03526,PDBe_SIFTS,2k7a,A,,10090,177,237,not_assessed,,,Solution NMR,,0.098,,,,,candidate,MOUSE_SIFTS_CANDIDATE_LOCAL_REVIEW_PENDING,https://www.ebi.ac.uk/pdbe/api/mappings/best_structures/Q03526,588e8bf2fd1b3f0903bcd071d7d2bde27328307dde604ab98f4ae128db011d2d,not_assessed,0.1.0
Q03526,PDBe_SIFTS,2k7a,B,,10090,238,344,not_assessed,,,Solution NMR,,0.171,,,,,candidate,MOUSE_SIFTS_CANDIDATE_LOCAL_REVIEW_PENDING,https://www.ebi.ac.uk/pdbe/api/mappings/best_structures/Q03526,588e8bf2fd1b3f0903bcd071d7d2bde27328307dde604ab98f4ae128db011d2d,not_assessed,0.1.0
Q03526,PDBe_SIFTS,2rn8,A,,10090,177,238,not_assessed,,,Solution NMR,,0.099,,,,,candidate,MOUSE_SIFTS_CANDIDATE_LOCAL_REVIEW_PENDING,https://www.ebi.ac.uk/pdbe/api/mappings/best_structures/Q03526,588e8bf2fd1b3f0903bcd071d7d2bde27328307dde604ab98f4ae128db011d2d,not_assessed,0.1.0
Q03526,PDBe_SIFTS,2rna,A,,10090,177,238,not_assessed,,,Solution NMR,,0.099,,,,,candidate,MOUSE_SIFTS_CANDIDATE_LOCAL_REVIEW_PENDING,https://www.ebi.ac.uk/pdbe/api/mappings/best_structures/Q03526,588e8bf2fd1b3f0903bcd071d7d2bde27328307dde604ab98f4ae128db011d2d,not_assessed,0.1.0
Q03526,PDBe_SIFTS,3s9k,A,,10090,236,344,not_assessed,,,X-ray diffraction,2.354,0.174,,,,,candidate,MOUSE_SIFTS_CANDIDATE_LOCAL_REVIEW_PENDING,https://www.ebi.ac.uk/pdbe/api/mappings/best_structures/Q03526,588e8bf2fd1b3f0903bcd071d7d2bde27328307dde604ab98f4ae128db011d2d,not_assessed,0.1.0
Q03719,AlphaFold_DB,AF-Q03719-F1,A,6,10090,1,651,exact_full,0045fb315d9d2303bf9b54f1ecca72513f74f6d8082e5acd70d8cf2767a05567,d7c62fbc1455c130463cfb034b8656fc,predicted,,,https://alphafold.ebi.ac.uk/files/AF-Q03719-F1-model_v6.cif,https://alphafold.ebi.ac.uk/files/AF-Q03719-F1-model_v6.pdb,https://alphafold.ebi.ac.uk/files/AF-Q03719-F1-confidence_v6.json,https://alphafold.ebi.ac.uk/files/AF-Q03719-F1-predicted_aligned_error_v6.json,candidate,EXACT_FULL_SEQUENCE_LOCAL_QUALITY_PENDING,https://alphafold.ebi.ac.uk/api/prediction/Q03719,9d204f8b52fb4184c7277165fbb4b9fb6a66653250d3fd7e58ef06c802ea7856,not_assessed,0.1.0
Q04857,AlphaFold_DB,AF-Q04857-F1,A,6,10090,1,1025,exact_full,399799453c981a0c68016747e6dc05a2ed8165d4e93de4f673a3045f9e2f9ae2,43b019f8417055b17684b94fda842cbe,predicted,,,https://alphafold.ebi.ac.uk/files/AF-Q04857-F1-model_v6.cif,https://alphafold.ebi.ac.uk/files/AF-Q04857-F1-model_v6.pdb,https://alphafold.ebi.ac.uk/files/AF-Q04857-F1-confidence_v6.json,https://alphafold.ebi.ac.uk/files/AF-Q04857-F1-predicted_aligned_error_v6.json,candidate,EXACT_FULL_SEQUENCE_LOCAL_QUALITY_PENDING,https://alphafold.ebi.ac.uk/api/prediction/Q04857,8d21dd908b2c0f1eacbedefc262f8e73edb4cb05c3ff949c3a213d4860eb4605,not_assessed,0.1.0
Q05685,AlphaFold_DB,AF-Q05685-F1,A,6,10090,1,251,exact_full,38fa89ae300ed9aaa0d128f19b864fab20b0891acdef665c1526e2aa50838bdc,5b4fed0ef4d6a15df8afed476bc724a2,predicted,,,https://alphafold.ebi.ac.uk/files/AF-Q05685-F1-model_v6.cif,https://alphafold.ebi.ac.uk/files/AF-Q05685-F1-model_v6.pdb,https://alphafold.ebi.ac.uk/files/AF-Q05685-F1-confidence_v6.json,https://alphafold.ebi.ac.uk/files/AF-Q05685-F1-predicted_aligned_error_v6.json,candidate,EXACT_FULL_SEQUENCE_LOCAL_QUALITY_PENDING,https://alphafold.ebi.ac.uk/api/prediction/Q05685,fe2c0f78ff8351df7150275758ddfd913bfd104d2bfa50f3cd78432d69f3b9a2,not_assessed,0.1.0
Q05910,AlphaFold_DB,AF-Q05910-F1,A,6,10090,1,826,exact_full,b6071748a9b3d51f76c81157ba899e2a5a19d3bf76ab1cb26ec88133962b29ad,3812f314bccfb976d975c17757bb13fa,predicted,,,https://alphafold.ebi.ac.uk/files/AF-Q05910-F1-model_v6.cif,https://alphafold.ebi.ac.uk/files/AF-Q05910-F1-model_v6.pdb,https://alphafold.ebi.ac.uk/files/AF-Q05910-F1-confidence_v6.json,https://alphafold.ebi.ac.uk/files/AF-Q05910-F1-predicted_aligned_error_v6.json,candidate,EXACT_FULL_SEQUENCE_LOCAL_QUALITY_PENDING,https://alphafold.ebi.ac.uk/api/prediction/Q05910,f694b327a844715574910a809650ee75e6acc48b198993cae18089038e59bfc6,not_assessed,0.1.0
Q05AA6,AlphaFold_DB,AF-Q05AA6-F1,A,6,10090,1,957,exact_full,703df87791e8dde8d3d39a1fd947bc9bdf897da68fdaeb46397e780ebaa8f5e2,92539009d71f0911244df7083226fb1e,predicted,,,https://alphafold.ebi.ac.uk/files/AF-Q05AA6-F1-model_v6.cif,https://alphafold.ebi.ac.uk/files/AF-Q05AA6-F1-model_v6.pdb,https://alphafold.ebi.ac.uk/files/AF-Q05AA6-F1-confidence_v6.json,https://alphafold.ebi.ac.uk/files/AF-Q05AA6-F1-predicted_aligned_error_v6.json,candidate,EXACT_FULL_SEQUENCE_LOCAL_QUALITY_PENDING,https://alphafold.ebi.ac.uk/api/prediction/Q05AA6,f4a4fc117d4dbad22f457008b28d9c272b78c612a8566b58292abca6a2e61bc3,not_assessed,0.1.0
Q07646,AlphaFold_DB,AF-Q07646-2-F1,A,6,10090,1,326,not_assessed,a41a3e03a5901c18d88cc26835d4861edd3697dcb00906bba9ac3c6e876407b1,a4b0bad185d9c82233a1e8af1452cb93,predicted,,,https://alphafold.ebi.ac.uk/files/AF-Q07646-2-F1-model_v6.cif,https://alphafold.ebi.ac.uk/files/AF-Q07646-2-F1-model_v6.pdb,https://alphafold.ebi.ac.uk/files/AF-Q07646-2-F1-confidence_v6.json,https://alphafold.ebi.ac.uk/files/AF-Q07646-2-F1-predicted_aligned_error_v6.json,held,ALPHAFOLD_ACCESSION_DIFFERS_FROM_CANONICAL,https://alphafold.ebi.ac.uk/api/prediction/Q07646,10699acf1d1eaf55a7b256e47c2ffea36572e739676d6effe84a115d3eb2e094,not_assessed,0.1.0
Q07646,AlphaFold_DB,AF-Q07646-F1,A,6,10090,1,335,exact_full,b7df599170d537feba3b6b3170518f379e6adfb0401d739a74050fc640c78e2f,894fee175d7fce72a613a830f8f40dd5,predicted,,,https://alphafold.ebi.ac.uk/files/AF-Q07646-F1-model_v6.cif,https://alphafold.ebi.ac.uk/files/AF-Q07646-F1-model_v6.pdb,https://alphafold.ebi.ac.uk/files/AF-Q07646-F1-confidence_v6.json,https://alphafold.ebi.ac.uk/files/AF-Q07646-F1-predicted_aligned_error_v6.json,candidate,EXACT_FULL_SEQUENCE_LOCAL_QUALITY_PENDING,https://alphafold.ebi.ac.uk/api/prediction/Q07646,10699acf1d1eaf55a7b256e47c2ffea36572e739676d6effe84a115d3eb2e094,not_assessed,0.1.0
Q08091,AlphaFold_DB,AF-Q08091-2-F1,A,6,10090,1,257,not_assessed,e7bc91f29a97ff43ef38ba5092abe8a4bf47ca45a67805444f10293cae7bd1ed,bb3e6f750a7aae03c9df6606774620c8,predicted,,,https://alphafold.ebi.ac.uk/files/AF-Q08091-2-F1-model_v6.cif,https://alphafold.ebi.ac.uk/files/AF-Q08091-2-F1-model_v6.pdb,https://alphafold.ebi.ac.uk/files/AF-Q08091-2-F1-confidence_v6.json,https://alphafold.ebi.ac.uk/files/AF-Q08091-2-F1-predicted_aligned_error_v6.json,held,ALPHAFOLD_ACCESSION_DIFFERS_FROM_CANONICAL,https://alphafold.ebi.ac.uk/api/prediction/Q08091,c6fbfbb5df03d10929e483e8cb27b3400efed18d3517705987d6f6d1cf55b9df,not_assessed,0.1.0
Q08091,AlphaFold_DB,AF-Q08091-F1,A,6,10090,1,297,exact_full,05122ac54515730b3b68740454367bb59088f444113584092ab3fd702e6776d0,643d3d31106dbf13bb112a65f88d0efc,predicted,,,https://alphafold.ebi.ac.uk/files/AF-Q08091-F1-model_v6.cif,https://alphafold.ebi.ac.uk/files/AF-Q08091-F1-model_v6.pdb,https://alphafold.ebi.ac.uk/files/AF-Q08091-F1-confidence_v6.json,https://alphafold.ebi.ac.uk/files/AF-Q08091-F1-predicted_aligned_error_v6.json,candidate,EXACT_FULL_SEQUENCE_LOCAL_QUALITY_PENDING,https://alphafold.ebi.ac.uk/api/prediction/Q08091,c6fbfbb5df03d10929e483e8cb27b3400efed18d3517705987d6f6d1cf55b9df,not_assessed,0.1.0
Q08481,AlphaFold_DB,AF-Q08481-2-F1,A,6,10090,1,697,not_assessed,0203befdc716ce341f5f8510200d57970253e11d0b260e4d300a9dfb066b9d8a,0eff1e48177c4f43d233615195ff4973,predicted,,,https://alphafold.ebi.ac.uk/files/AF-Q08481-2-F1-model_v6.cif,https://alphafold.ebi.ac.uk/files/AF-Q08481-2-F1-model_v6.pdb,https://alphafold.ebi.ac.uk/files/AF-Q08481-2-F1-confidence_v6.json,https://alphafold.ebi.ac.uk/files/AF-Q08481-2-F1-predicted_aligned_error_v6.json,held,ALPHAFOLD_ACCESSION_DIFFERS_FROM_CANONICAL,https://alphafold.ebi.ac.uk/api/prediction/Q08481,413529831f28d1c5f53c4fda7ca4776ae496398b555a9192da328cf1d7d88db6,not_assessed,0.1.0
Q08481,AlphaFold_DB,AF-Q08481-3-F1,A,6,10090,1,716,not_assessed,7c3e804b9c527d818d00b82f490ac52e40677df8bbbd9c51f0c49f26ea3e51ec,dcb79b22a1d7fb3974d24580f5a1dd8e,predicted,,,https://alphafold.ebi.ac.uk/files/AF-Q08481-3-F1-model_v6.cif,https://alphafold.ebi.ac.uk/files/AF-Q08481-3-F1-model_v6.pdb,https://alphafold.ebi.ac.uk/files/AF-Q08481-3-F1-confidence_v6.json,https://alphafold.ebi.ac.uk/files/AF-Q08481-3-F1-predicted_aligned_error_v6.json,held,ALPHAFOLD_ACCESSION_DIFFERS_FROM_CANONICAL,https://alphafold.ebi.ac.uk/api/prediction/Q08481,413529831f28d1c5f53c4fda7ca4776ae496398b555a9192da328cf1d7d88db6,not_assessed,0.1.0
Q08481,AlphaFold_DB,AF-Q08481-4-F1,A,6,10090,1,626,not_assessed,48229231cd59c48e330b175754ba25a0e7383248866f351b647179e9d8a4bb39,aad19810beeee6301f0392f69d20b31d,predicted,,,https://alphafold.ebi.ac.uk/files/AF-Q08481-4-F1-model_v6.cif,https://alphafold.ebi.ac.uk/files/AF-Q08481-4-F1-model_v6.pdb,https://alphafold.ebi.ac.uk/files/AF-Q08481-4-F1-confidence_v6.json,https://alphafold.ebi.ac.uk/files/AF-Q08481-4-F1-predicted_aligned_error_v6.json,held,ALPHAFOLD_ACCESSION_DIFFERS_FROM_CANONICAL,https://alphafold.ebi.ac.uk/api/prediction/Q08481,413529831f28d1c5f53c4fda7ca4776ae496398b555a9192da328cf1d7d88db6,not_assessed,0.1.0
Q08481,AlphaFold_DB,AF-Q08481-F1,A,6,10090,1,727,exact_full,92d9f5efd4b98f87b747a06b330413c180cde3b66ef67ec9b81020c8a57b0452,0e10a6be16fad791f2d8ba95259fc0b9,predicted,,,https://alphafold.ebi.ac.uk/files/AF-Q08481-F1-model_v6.cif,https://alphafold.ebi.ac.uk/files/AF-Q08481-F1-model_v6.pdb,https://alphafold.ebi.ac.uk/files/AF-Q08481-F1-confidence_v6.json,https://alphafold.ebi.ac.uk/files/AF-Q08481-F1-predicted_aligned_error_v6.json,candidate,EXACT_FULL_SEQUENCE_LOCAL_QUALITY_PENDING,https://alphafold.ebi.ac.uk/api/prediction/Q08481,413529831f28d1c5f53c4fda7ca4776ae496398b555a9192da328cf1d7d88db6,not_assessed,0.1.0
Q0VAW7,AlphaFold_DB,AF-Q0VAW7-2-F1,A,6,10090,1,873,not_assessed,e11c51f86083104f9f400f409a7c322a419e6a2eec4bf97c09f62984d0f047eb,67083a94bc15d1092e83462f294f26d7,predicted,,,https://alphafold.ebi.ac.uk/files/AF-Q0VAW7-2-F1-model_v6.cif,https://alphafold.ebi.ac.uk/files/AF-Q0VAW7-2-F1-model_v6.pdb,https://alphafold.ebi.ac.uk/files/AF-Q0VAW7-2-F1-confidence_v6.json,https://alphafold.ebi.ac.uk/files/AF-Q0VAW7-2-F1-predicted_aligned_error_v6.json,held,ALPHAFOLD_ACCESSION_DIFFERS_FROM_CANONICAL,https://alphafold.ebi.ac.uk/api/prediction/Q0VAW7,5cfe64b70632245cce5aaadc609da5a5ce8d6bfb69bd88191cd7b9ae1b6b47a0,not_assessed,0.1.0
Q0VAW7,AlphaFold_DB,AF-Q0VAW7-F1,A,6,10090,1,879,exact_full,61d50283f33f5cc22d21898d4eb539092c3b5955b85a90f03b8096952317484e,77f2d5c9c6274486a9a2761541b2b2f4,predicted,,,https://alphafold.ebi.ac.uk/files/AF-Q0VAW7-F1-model_v6.cif,https://alphafold.ebi.ac.uk/files/AF-Q0VAW7-F1-model_v6.pdb,https://alphafold.ebi.ac.uk/files/AF-Q0VAW7-F1-confidence_v6.json,https://alphafold.ebi.ac.uk/files/AF-Q0VAW7-F1-predicted_aligned_error_v6.json,candidate,EXACT_FULL_SEQUENCE_LOCAL_QUALITY_PENDING,https://alphafold.ebi.ac.uk/api/prediction/Q0VAW7,5cfe64b70632245cce5aaadc609da5a5ce8d6bfb69bd88191cd7b9ae1b6b47a0,not_assessed,0.1.0
Q0VBD0,AlphaFold_DB,AF-Q0VBD0-F1,A,6,10090,1,767,exact_full,9fd64b3c7b93d0bb849d5ae31c46f4a55d127b3ee794d9b66ca5fe5c05df8cb9,d17be74da8e2917769fa06b1bd214507,predicted,,,https://alphafold.ebi.ac.uk/files/AF-Q0VBD0-F1-model_v6.cif,https://alphafold.ebi.ac.uk/files/AF-Q0VBD0-F1-model_v6.pdb,https://alphafold.ebi.ac.uk/files/AF-Q0VBD0-F1-confidence_v6.json,https://alphafold.ebi.ac.uk/files/AF-Q0VBD0-F1-predicted_aligned_error_v6.json,candidate,EXACT_FULL_SEQUENCE_LOCAL_QUALITY_PENDING,https://alphafold.ebi.ac.uk/api/prediction/Q0VBD0,1dfe2327d643a54741d143b5367ed85a1550895a17b350431627db519bb7c2f7,not_assessed,0.1.0
Q0VBL6,AlphaFold_DB,AF-Q0VBL6-2-F1,A,6,10090,1,307,not_assessed,41b959a43de2ca33813f6e07def59a4f278970dca73c60cc005bdd048bb06ddf,4645c675893b35b8bcf3f2c5d9f58e19,predicted,,,https://alphafold.ebi.ac.uk/files/AF-Q0VBL6-2-F1-model_v6.cif,https://alphafold.ebi.ac.uk/files/AF-Q0VBL6-2-F1-model_v6.pdb,https://alphafold.ebi.ac.uk/files/AF-Q0VBL6-2-F1-confidence_v6.json,https://alphafold.ebi.ac.uk/files/AF-Q0VBL6-2-F1-predicted_aligned_error_v6.json,held,ALPHAFOLD_ACCESSION_DIFFERS_FROM_CANONICAL,https://alphafold.ebi.ac.uk/api/prediction/Q0VBL6,fba08a5abc6e5816e92227fe9d76d13bf957ee85c4d58776b23cc037ff231ee5,not_assessed,0.1.0
Q0VBL6,AlphaFold_DB,AF-Q0VBL6-3-F1,A,6,10090,1,664,not_assessed,723af62c01a3204f2bd360edec86b0b32a263efbd400cf1a32c13fc1591868f0,2a6e9bf6af17a15605a3d15f78c6299b,predicted,,,https://alphafold.ebi.ac.uk/files/AF-Q0VBL6-3-F1-model_v6.cif,https://alphafold.ebi.ac.uk/files/AF-Q0VBL6-3-F1-model_v6.pdb,https://alphafold.ebi.ac.uk/files/AF-Q0VBL6-3-F1-confidence_v6.json,https://alphafold.ebi.ac.uk/files/AF-Q0VBL6-3-F1-predicted_aligned_error_v6.json,held,ALPHAFOLD_ACCESSION_DIFFERS_FROM_CANONICAL,https://alphafold.ebi.ac.uk/api/prediction/Q0VBL6,fba08a5abc6e5816e92227fe9d76d13bf957ee85c4d58776b23cc037ff231ee5,not_assessed,0.1.0
Q0VBL6,AlphaFold_DB,AF-Q0VBL6-F1,A,6,10090,1,662,exact_full,13426177c3f45828dbefd180e33aa8c3dbec58cbf6dda2f32cf3f398a20f7efe,a6fb01df34a7f03efc5855be9994193a,predicted,,,https://alphafold.ebi.ac.uk/files/AF-Q0VBL6-F1-model_v6.cif,https://alphafold.ebi.ac.uk/files/AF-Q0VBL6-F1-model_v6.pdb,https://alphafold.ebi.ac.uk/files/AF-Q0VBL6-F1-confidence_v6.json,https://alphafold.ebi.ac.uk/files/AF-Q0VBL6-F1-predicted_aligned_error_v6.json,candidate,EXACT_FULL_SEQUENCE_LOCAL_QUALITY_PENDING,https://alphafold.ebi.ac.uk/api/prediction/Q0VBL6,fba08a5abc6e5816e92227fe9d76d13bf957ee85c4d58776b23cc037ff231ee5,not_assessed,0.1.0
Q0VBL6,PDBe_SIFTS,7v7l,B,,10090,4,358,not_assessed,,,X-ray diffraction,2.3,0.536,,,,,candidate,MOUSE_SIFTS_CANDIDATE_LOCAL_REVIEW_PENDING,https://www.ebi.ac.uk/pdbe/api/mappings/best_structures/Q0VBL6,0284a2a0cda3247b9fc573bf04bafb9658ce3b314081a73b78dae0a75fc21204,not_assessed,0.1.0
Q0VBL6,PDBe_SIFTS,7v7w,B,,10090,4,358,not_assessed,,,X-ray diffraction,2.507,0.536,,,,,candidate,MOUSE_SIFTS_CANDIDATE_LOCAL_REVIEW_PENDING,https://www.ebi.ac.uk/pdbe/api/mappings/best_structures/Q0VBL6,0284a2a0cda3247b9fc573bf04bafb9658ce3b314081a73b78dae0a75fc21204,not_assessed,0.1.0
Q0VG18,AlphaFold_DB,AF-Q0VG18-F1,A,6,10090,1,120,exact_full,268016b56153cf892dd520c20352cc0b9512f45e6eb14f7141685eeb3f6c84ba,31f0c50b2651ce97c15f044a214d0d68,predicted,,,https://alphafold.ebi.ac.uk/files/AF-Q0VG18-F1-model_v6.cif,https://alphafold.ebi.ac.uk/files/AF-Q0VG18-F1-model_v6.pdb,https://alphafold.ebi.ac.uk/files/AF-Q0VG18-F1-confidence_v6.json,https://alphafold.ebi.ac.uk/files/AF-Q0VG18-F1-predicted_aligned_error_v6.json,candidate,EXACT_FULL_SEQUENCE_LOCAL_QUALITY_PENDING,https://alphafold.ebi.ac.uk/api/prediction/Q0VG18,816dcf42f11809d9caaf4762c5beabd7351e614fe1ad38ce153345ba28d24978,not_assessed,0.1.0
Q0VGT2,AlphaFold_DB,AF-Q0VGT2-F1,A,6,10090,1,1544,exact_full,6748552c7eaa2dd4b895cc5a998bca5bdc8fd2053e80de8aca5906774184e1b0,c721e69ae62bd3a53b037b138c6fc119,predicted,,,https://alphafold.ebi.ac.uk/files/AF-Q0VGT2-F1-model_v6.cif,https://alphafold.ebi.ac.uk/files/AF-Q0VGT2-F1-model_v6.pdb,https://alphafold.ebi.ac.uk/files/AF-Q0VGT2-F1-confidence_v6.json,https://alphafold.ebi.ac.uk/files/AF-Q0VGT2-F1-predicted_aligned_error_v6.json,candidate,EXACT_FULL_SEQUENCE_LOCAL_QUALITY_PENDING,https://alphafold.ebi.ac.uk/api/prediction/Q0VGT2,4d5335a9f01e90a0e94e2c7c2ed502bec3a79b910814311d8ae4361015bb157f,not_assessed,0.1.0
Q0VGT4,AlphaFold_DB,AF-Q0VGT4-2-F1,A,6,10090,1,856,not_assessed,f8adf2778d58924b2e73be92478d578205f490a7978452849187827b9db23798,f3f5fc856b34e41615340f90ce118605,predicted,,,https://alphafold.ebi.ac.uk/files/AF-Q0VGT4-2-F1-model_v6.cif,https://alphafold.ebi.ac.uk/files/AF-Q0VGT4-2-F1-model_v6.pdb,https://alphafold.ebi.ac.uk/files/AF-Q0VGT4-2-F1-confidence_v6.json,https://alphafold.ebi.ac.uk/files/AF-Q0VGT4-2-F1-predicted_aligned_error_v6.json,held,ALPHAFOLD_ACCESSION_DIFFERS_FROM_CANONICAL,https://alphafold.ebi.ac.uk/api/prediction/Q0VGT4,5686a056b49e1ce99e19ba131625ff99a94c0ec57b35f41db1fceba29268ef93,not_assessed,0.1.0
Q0VGT4,AlphaFold_DB,AF-Q0VGT4-F1,A,6,10090,1,1863,exact_full,d9fd3a34124bcb07cc34b4cc89e5c4f2e12d130e3b5375575e8ee7cd45ea162c,54d3d5348957f4524a8aa4f24c69f3cb,predicted,,,https://alphafold.ebi.ac.uk/files/AF-Q0VGT4-F1-model_v6.cif,https://alphafold.ebi.ac.uk/files/AF-Q0VGT4-F1-model_v6.pdb,https://alphafold.ebi.ac.uk/files/AF-Q0VGT4-F1-confidence_v6.json,https://alphafold.ebi.ac.uk/files/AF-Q0VGT4-F1-predicted_aligned_error_v6.json,candidate,EXACT_FULL_SEQUENCE_LOCAL_QUALITY_PENDING,https://alphafold.ebi.ac.uk/api/prediction/Q0VGT4,5686a056b49e1ce99e19ba131625ff99a94c0ec57b35f41db1fceba29268ef93,not_assessed,0.1.0
Q0VGU4,AlphaFold_DB,AF-Q0VGU4-F1,A,6,10090,1,617,exact_full,48f76f67b1fae87d020300ff0f19740171b75dd8d7ea73576c6f05741a5e5697,5bfdb3faf6fa3cd4d6ebbff7adaff543,predicted,,,https://alphafold.ebi.ac.uk/files/AF-Q0VGU4-F1-model_v6.cif,https://alphafold.ebi.ac.uk/files/AF-Q0VGU4-F1-model_v6.pdb,https://alphafold.ebi.ac.uk/files/AF-Q0VGU4-F1-confidence_v6.json,https://alphafold.ebi.ac.uk/files/AF-Q0VGU4-F1-predicted_aligned_error_v6.json,candidate,EXACT_FULL_SEQUENCE_LOCAL_QUALITY_PENDING,https://alphafold.ebi.ac.uk/api/prediction/Q0VGU4,f77cbe4de631957ffcc14f12d835db86934842585cc75a7a5bd3e5e122c25e68,not_assessed,0.1.0
Q0VGU4,PDBe_SIFTS,9kv6,D,,10090,556,576,not_assessed,,,Electron Microscopy,2.88,0.035,,,,,candidate,MOUSE_SIFTS_CANDIDATE_LOCAL_REVIEW_PENDING,https://www.ebi.ac.uk/pdbe/api/mappings/best_structures/Q0VGU4,f02621955f9f002e58d9ad89fafdbc7d539788151350419fc6b86070893bb62f,not_assessed,0.1.0
Q14AT5,AlphaFold_DB,AF-Q14AT5-2-F1,A,6,10090,1,843,not_assessed,1c322307ab2ba12728d5baabcafc74808b235a4a90293d721e8118918e307b54,bb72a4b29be3712a877b37aaabe38b8d,predicted,,,https://alphafold.ebi.ac.uk/files/AF-Q14AT5-2-F1-model_v6.cif,https://alphafold.ebi.ac.uk/files/AF-Q14AT5-2-F1-model_v6.pdb,https://alphafold.ebi.ac.uk/files/AF-Q14AT5-2-F1-confidence_v6.json,https://alphafold.ebi.ac.uk/files/AF-Q14AT5-2-F1-predicted_aligned_error_v6.json,held,ALPHAFOLD_ACCESSION_DIFFERS_FROM_CANONICAL,https://alphafold.ebi.ac.uk/api/prediction/Q14AT5,d828a338978c4cc793d4d279c4696fca9073fcc4015daddba767469399bce315,not_assessed,0.1.0
Q14AT5,AlphaFold_DB,AF-Q14AT5-F1,A,6,10090,1,859,exact_full,0ce12e813bf1bf987877b120c4c941c4ee598eabe07532225f7eabbda19fc4f3,90a48dfcf38c7ef9fdeaf995bd801b25,predicted,,,https://alphafold.ebi.ac.uk/files/AF-Q14AT5-F1-model_v6.cif,https://alphafold.ebi.ac.uk/files/AF-Q14AT5-F1-model_v6.pdb,https://alphafold.ebi.ac.uk/files/AF-Q14AT5-F1-confidence_v6.json,https://alphafold.ebi.ac.uk/files/AF-Q14AT5-F1-predicted_aligned_error_v6.json,candidate,EXACT_FULL_SEQUENCE_LOCAL_QUALITY_PENDING,https://alphafold.ebi.ac.uk/api/prediction/Q14AT5,d828a338978c4cc793d4d279c4696fca9073fcc4015daddba767469399bce315,not_assessed,0.1.0
Q14C51,AlphaFold_DB,AF-Q14C51-F1,A,6,10090,1,685,exact_full,cbdb60bf9b339e5298e9c0816ca0fde26b0ecaff57688919da4706b90bd9089f,02a5f80ef02d1c95fe232fbeb26d5ada,predicted,,,https://alphafold.ebi.ac.uk/files/AF-Q14C51-F1-model_v6.cif,https://alphafold.ebi.ac.uk/files/AF-Q14C51-F1-model_v6.pdb,https://alphafold.ebi.ac.uk/files/AF-Q14C51-F1-confidence_v6.json,https://alphafold.ebi.ac.uk/files/AF-Q14C51-F1-predicted_aligned_error_v6.json,candidate,EXACT_FULL_SEQUENCE_LOCAL_QUALITY_PENDING,https://alphafold.ebi.ac.uk/api/prediction/Q14C51,f599834716f9f2323b1686178419ac5b43f8102439cc3a19b92d5c766f22db41,not_assessed,0.1.0
Q14C51,PDBe_SIFTS,7pnt,4,,10090,1,685,not_assessed,,,Electron Microscopy,3.19,1.0,,,,,candidate,MOUSE_SIFTS_CANDIDATE_LOCAL_REVIEW_PENDING,https://www.ebi.ac.uk/pdbe/api/mappings/best_structures/Q14C51,5ad053967d13695a26bd4beb76334b5f84836d568373c17bac98ab59f8986a13,not_assessed,0.1.0
Q14C51,PDBe_SIFTS,7pnu,4,,10090,1,685,not_assessed,,,Electron Microscopy,3.06,1.0,,,,,candidate,MOUSE_SIFTS_CANDIDATE_LOCAL_REVIEW_PENDING,https://www.ebi.ac.uk/pdbe/api/mappings/best_structures/Q14C51,5ad053967d13695a26bd4beb76334b5f84836d568373c17bac98ab59f8986a13,not_assessed,0.1.0
Q14C51,PDBe_SIFTS,7pnv,4,,10090,1,685,not_assessed,,,Electron Microscopy,3.06,1.0,,,,,candidate,MOUSE_SIFTS_CANDIDATE_LOCAL_REVIEW_PENDING,https://www.ebi.ac.uk/pdbe/api/mappings/best_structures/Q14C51,5ad053967d13695a26bd4beb76334b5f84836d568373c17bac98ab59f8986a13,not_assessed,0.1.0
Q14C51,PDBe_SIFTS,7pnw,4,,10090,1,685,not_assessed,,,Electron Microscopy,3.09,1.0,,,,,candidate,MOUSE_SIFTS_CANDIDATE_LOCAL_REVIEW_PENDING,https://www.ebi.ac.uk/pdbe/api/mappings/best_structures/Q14C51,5ad053967d13695a26bd4beb76334b5f84836d568373c17bac98ab59f8986a13,not_assessed,0.1.0
Q14DH7,AlphaFold_DB,AF-Q14DH7-2-F1,A,6,10090,1,497,not_assessed,44cce1da9db621dc0605399bf6bd4c312e9b999c8dbca563fe3e59d464989763,a8d4008900c42301c82490f6ed0fe5f7,predicted,,,https://alphafold.ebi.ac.uk/files/AF-Q14DH7-2-F1-model_v6.cif,https://alphafold.ebi.ac.uk/files/AF-Q14DH7-2-F1-model_v6.pdb,https://alphafold.ebi.ac.uk/files/AF-Q14DH7-2-F1-confidence_v6.json,https://alphafold.ebi.ac.uk/files/AF-Q14DH7-2-F1-predicted_aligned_error_v6.json,held,ALPHAFOLD_ACCESSION_DIFFERS_FROM_CANONICAL,https://alphafold.ebi.ac.uk/api/prediction/Q14DH7,d8f59992f87ba9fa3f9d6f15ba0e7e67ee25374aef240a1bda20a5bf4418690a,not_assessed,0.1.0
Q14DH7,AlphaFold_DB,AF-Q14DH7-F1,A,6,10090,1,682,exact_full,a4b3ae9d68fe895ec95d4e75e00ad073681a871b2310cced130ad63a257154af,c83039adcc7105cf680f91f38b11823b,predicted,,,https://alphafold.ebi.ac.uk/files/AF-Q14DH7-F1-model_v6.cif,https://alphafold.ebi.ac.uk/files/AF-Q14DH7-F1-model_v6.pdb,https://alphafold.ebi.ac.uk/files/AF-Q14DH7-F1-confidence_v6.json,https://alphafold.ebi.ac.uk/files/AF-Q14DH7-F1-predicted_aligned_error_v6.json,candidate,EXACT_FULL_SEQUENCE_LOCAL_QUALITY_PENDING,https://alphafold.ebi.ac.uk/api/prediction/Q14DH7,d8f59992f87ba9fa3f9d6f15ba0e7e67ee25374aef240a1bda20a5bf4418690a,not_assessed,0.1.0
Q1JRP2,AlphaFold_DB,AF-Q1JRP2-F1,A,6,10090,1,431,exact_full,9f8b499fe2760ae001818cb82caa96f9d56293cd161c342b0efd90f0b4891c18,ff72487f109ccc2dff82481b8fbc5c95,predicted,,,https://alphafold.ebi.ac.uk/files/AF-Q1JRP2-F1-model_v6.cif,https://alphafold.ebi.ac.uk/files/AF-Q1JRP2-F1-model_v6.pdb,https://alphafold.ebi.ac.uk/files/AF-Q1JRP2-F1-confidence_v6.json,https://alphafold.ebi.ac.uk/files/AF-Q1JRP2-F1-predicted_aligned_error_v6.json,candidate,EXACT_FULL_SEQUENCE_LOCAL_QUALITY_PENDING,https://alphafold.ebi.ac.uk/api/prediction/Q1JRP2,046d18a39eea4fe1dfb84dceff2525824811129740ae55629d7a37c39d515ffc,not_assessed,0.1.0
Q3MI99,AlphaFold_DB,AF-Q3MI99-F1,A,6,10090,1,408,exact_full,88a9bf03a20494995c8db6436c8d19585a1565046c658c92cd04865a046d908d,45c8663ce9c65d13eb3139a55e026b1c,predicted,,,https://alphafold.ebi.ac.uk/files/AF-Q3MI99-F1-model_v6.cif,https://alphafold.ebi.ac.uk/files/AF-Q3MI99-F1-model_v6.pdb,https://alphafold.ebi.ac.uk/files/AF-Q3MI99-F1-confidence_v6.json,https://alphafold.ebi.ac.uk/files/AF-Q3MI99-F1-predicted_aligned_error_v6.json,candidate,EXACT_FULL_SEQUENCE_LOCAL_QUALITY_PENDING,https://alphafold.ebi.ac.uk/api/prediction/Q3MI99,5914357c912de249f8cb6f74a58b6567e290c0d732a532af5b042c2024710ecd,not_assessed,0.1.0
Q3T9X0,AlphaFold_DB,AF-Q3T9X0-2-F1,A,6,10090,1,523,not_assessed,5a402f87c19389a41fe22b78b3dab19aa5e663aa7c2cd9da38123a642eb235e8,7dbe35403e8c4147d9c72270eefb2bbe,predicted,,,https://alphafold.ebi.ac.uk/files/AF-Q3T9X0-2-F1-model_v6.cif,https://alphafold.ebi.ac.uk/files/AF-Q3T9X0-2-F1-model_v6.pdb,https://alphafold.ebi.ac.uk/files/AF-Q3T9X0-2-F1-confidence_v6.json,https://alphafold.ebi.ac.uk/files/AF-Q3T9X0-2-F1-predicted_aligned_error_v6.json,held,ALPHAFOLD_ACCESSION_DIFFERS_FROM_CANONICAL,https://alphafold.ebi.ac.uk/api/prediction/Q3T9X0,188ec7453a088a5434aa56b0a59839f2b27ae0a8c06eef06a561df07c7ac2274,not_assessed,0.1.0
Q3T9X0,AlphaFold_DB,AF-Q3T9X0-3-F1,A,6,10090,1,431,not_assessed,383b42f7efbf36e79782bdef09c20eb0bf1903050fd84be8f03aa976b63c3462,c866dcd33c9bc24797a1d84a6a3bb72e,predicted,,,https://alphafold.ebi.ac.uk/files/AF-Q3T9X0-3-F1-model_v6.cif,https://alphafold.ebi.ac.uk/files/AF-Q3T9X0-3-F1-model_v6.pdb,https://alphafold.ebi.ac.uk/files/AF-Q3T9X0-3-F1-confidence_v6.json,https://alphafold.ebi.ac.uk/files/AF-Q3T9X0-3-F1-predicted_aligned_error_v6.json,held,ALPHAFOLD_ACCESSION_DIFFERS_FROM_CANONICAL,https://alphafold.ebi.ac.uk/api/prediction/Q3T9X0,188ec7453a088a5434aa56b0a59839f2b27ae0a8c06eef06a561df07c7ac2274,not_assessed,0.1.0
Q3T9X0,AlphaFold_DB,AF-Q3T9X0-4-F1,A,6,10090,1,416,not_assessed,63a840cd6be3d3798092bf8eabda7eec29e706e81ec9b75482c448004105131b,0c4a5fb464fbea8ed7571ff67154ad50,predicted,,,https://alphafold.ebi.ac.uk/files/AF-Q3T9X0-4-F1-model_v6.cif,https://alphafold.ebi.ac.uk/files/AF-Q3T9X0-4-F1-model_v6.pdb,https://alphafold.ebi.ac.uk/files/AF-Q3T9X0-4-F1-confidence_v6.json,https://alphafold.ebi.ac.uk/files/AF-Q3T9X0-4-F1-predicted_aligned_error_v6.json,held,ALPHAFOLD_ACCESSION_DIFFERS_FROM_CANONICAL,https://alphafold.ebi.ac.uk/api/prediction/Q3T9X0,188ec7453a088a5434aa56b0a59839f2b27ae0a8c06eef06a561df07c7ac2274,not_assessed,0.1.0
Q3T9X0,AlphaFold_DB,AF-Q3T9X0-F1,A,6,10090,1,538,exact_full,dd1e54145542a8168e88098e7107d38b93a4ca04ef9ec96e1c276c7ee465b48c,ed1f17911d2d451235b1ef63ebc4f6b3,predicted,,,https://alphafold.ebi.ac.uk/files/AF-Q3T9X0-F1-model_v6.cif,https://alphafold.ebi.ac.uk/files/AF-Q3T9X0-F1-model_v6.pdb,https://alphafold.ebi.ac.uk/files/AF-Q3T9X0-F1-confidence_v6.json,https://alphafold.ebi.ac.uk/files/AF-Q3T9X0-F1-predicted_aligned_error_v6.json,candidate,EXACT_FULL_SEQUENCE_LOCAL_QUALITY_PENDING,https://alphafold.ebi.ac.uk/api/prediction/Q3T9X0,188ec7453a088a5434aa56b0a59839f2b27ae0a8c06eef06a561df07c7ac2274,not_assessed,0.1.0
Q3TB82,AlphaFold_DB,AF-Q3TB82-F1,A,6,10090,1,279,exact_full,2933fd934a696b50b5bbb628f1d1d5aefa05e0d24498ce2ee51a0f77b703c264,0c84892cc55b3c7242428e9150ce3053,predicted,,,https://alphafold.ebi.ac.uk/files/AF-Q3TB82-F1-model_v6.cif,https://alphafold.ebi.ac.uk/files/AF-Q3TB82-F1-model_v6.pdb,https://alphafold.ebi.ac.uk/files/AF-Q3TB82-F1-confidence_v6.json,https://alphafold.ebi.ac.uk/files/AF-Q3TB82-F1-predicted_aligned_error_v6.json,candidate,EXACT_FULL_SEQUENCE_LOCAL_QUALITY_PENDING,https://alphafold.ebi.ac.uk/api/prediction/Q3TB82,3a0373cfd2fff6c1abbc6f5a1092800b28751dc207e026505a8347f15975a2f5,not_assessed,0.1.0
Q3TBT3,AlphaFold_DB,AF-Q3TBT3-2-F1,A,6,10090,1,427,not_assessed,849affea85a3f9d66c1a771cec2c84494316e41373043ba2d10dfa28466bd02e,1ed88b71feaa9c5e62cf55335b128dbc,predicted,,,https://alphafold.ebi.ac.uk/files/AF-Q3TBT3-2-F1-model_v6.cif,https://alphafold.ebi.ac.uk/files/AF-Q3TBT3-2-F1-model_v6.pdb,https://alphafold.ebi.ac.uk/files/AF-Q3TBT3-2-F1-confidence_v6.json,https://alphafold.ebi.ac.uk/files/AF-Q3TBT3-2-F1-predicted_aligned_error_v6.json,held,ALPHAFOLD_ACCESSION_DIFFERS_FROM_CANONICAL,https://alphafold.ebi.ac.uk/api/prediction/Q3TBT3,bda8747dd44ce629a5ece197fbbbb8b4de89de16ce3ea22bc86f9e11e0210224,not_assessed,0.1.0
Q3TBT3,AlphaFold_DB,AF-Q3TBT3-3-F1,A,6,10090,1,337,not_assessed,283edd446cc37773a68d4c40747004fc8acb851058dbb4aebbd91c8600f14f83,3c1252814dafccbc39626950be63fb67,predicted,,,https://alphafold.ebi.ac.uk/files/AF-Q3TBT3-3-F1-model_v6.cif,https://alphafold.ebi.ac.uk/files/AF-Q3TBT3-3-F1-model_v6.pdb,https://alphafold.ebi.ac.uk/files/AF-Q3TBT3-3-F1-confidence_v6.json,https://alphafold.ebi.ac.uk/files/AF-Q3TBT3-3-F1-predicted_aligned_error_v6.json,held,ALPHAFOLD_ACCESSION_DIFFERS_FROM_CANONICAL,https://alphafold.ebi.ac.uk/api/prediction/Q3TBT3,bda8747dd44ce629a5ece197fbbbb8b4de89de16ce3ea22bc86f9e11e0210224,not_assessed,0.1.0
Q3TBT3,AlphaFold_DB,AF-Q3TBT3-F1,A,6,10090,1,378,exact_full,caa4732cdeb812172a074f0b967aaeba90b31770663d49c2e8e9aaa7b37ed541,fbf5510c571503a38c229c4dbfa352e7,predicted,,,https://alphafold.ebi.ac.uk/files/AF-Q3TBT3-F1-model_v6.cif,https://alphafold.ebi.ac.uk/files/AF-Q3TBT3-F1-model_v6.pdb,https://alphafold.ebi.ac.uk/files/AF-Q3TBT3-F1-confidence_v6.json,https://alphafold.ebi.ac.uk/files/AF-Q3TBT3-F1-predicted_aligned_error_v6.json,candidate,EXACT_FULL_SEQUENCE_LOCAL_QUALITY_PENDING,https://alphafold.ebi.ac.uk/api/prediction/Q3TBT3,bda8747dd44ce629a5ece197fbbbb8b4de89de16ce3ea22bc86f9e11e0210224,not_assessed,0.1.0
Q3TBT3,PDBe_SIFTS,11gl,A,,10090,153,336,not_assessed,,,X-ray diffraction,1.98,0.487,,,,,candidate,MOUSE_SIFTS_CANDIDATE_LOCAL_REVIEW_PENDING,https://www.ebi.ac.uk/pdbe/api/mappings/best_structures/Q3TBT3,51cef5679f773116e5236c59dc80fcd68d18ee879663edfcab592754a10f600b,not_assessed,0.1.0
Q3TBT3,PDBe_SIFTS,11gl,B,,10090,153,336,not_assessed,,,X-ray diffraction,1.98,0.487,,,,,candidate,MOUSE_SIFTS_CANDIDATE_LOCAL_REVIEW_PENDING,https://www.ebi.ac.uk/pdbe/api/mappings/best_structures/Q3TBT3,51cef5679f773116e5236c59dc80fcd68d18ee879663edfcab592754a10f600b,not_assessed,0.1.0
Q3TBT3,PDBe_SIFTS,11gm,A,,10090,153,336,not_assessed,,,X-ray diffraction,1.84,0.487,,,,,candidate,MOUSE_SIFTS_CANDIDATE_LOCAL_REVIEW_PENDING,https://www.ebi.ac.uk/pdbe/api/mappings/best_structures/Q3TBT3,51cef5679f773116e5236c59dc80fcd68d18ee879663edfcab592754a10f600b,not_assessed,0.1.0
Q3TBT3,PDBe_SIFTS,11gm,B,,10090,153,336,not_assessed,,,X-ray diffraction,1.84,0.487,,,,,candidate,MOUSE_SIFTS_CANDIDATE_LOCAL_REVIEW_PENDING,https://www.ebi.ac.uk/pdbe/api/mappings/best_structures/Q3TBT3,51cef5679f773116e5236c59dc80fcd68d18ee879663edfcab592754a10f600b,not_assessed,0.1.0
Q3TBT3,PDBe_SIFTS,11gm,C,,10090,153,336,not_assessed,,,X-ray diffraction,1.84,0.487,,,,,candidate,MOUSE_SIFTS_CANDIDATE_LOCAL_REVIEW_PENDING,https://www.ebi.ac.uk/pdbe/api/mappings/best_structures/Q3TBT3,51cef5679f773116e5236c59dc80fcd68d18ee879663edfcab592754a10f600b,not_assessed,0.1.0
Q3TBT3,PDBe_SIFTS,11gm,D,,10090,153,336,not_assessed,,,X-ray diffraction,1.84,0.487,,,,,candidate,MOUSE_SIFTS_CANDIDATE_LOCAL_REVIEW_PENDING,https://www.ebi.ac.uk/pdbe/api/mappings/best_structures/Q3TBT3,51cef5679f773116e5236c59dc80fcd68d18ee879663edfcab592754a10f600b,not_assessed,0.1.0
Q3TBT3,PDBe_SIFTS,11gn,A,,10090,153,336,not_assessed,,,X-ray diffraction,1.29,0.487,,,,,candidate,MOUSE_SIFTS_CANDIDATE_LOCAL_REVIEW_PENDING,https://www.ebi.ac.uk/pdbe/api/mappings/best_structures/Q3TBT3,51cef5679f773116e5236c59dc80fcd68d18ee879663edfcab592754a10f600b,not_assessed,0.1.0
Q3TBT3,PDBe_SIFTS,11gn,B,,10090,153,336,not_assessed,,,X-ray diffraction,1.29,0.487,,,,,candidate,MOUSE_SIFTS_CANDIDATE_LOCAL_REVIEW_PENDING,https://www.ebi.ac.uk/pdbe/api/mappings/best_structures/Q3TBT3,51cef5679f773116e5236c59dc80fcd68d18ee879663edfcab592754a10f600b,not_assessed,0.1.0
Q3TBT3,PDBe_SIFTS,11gn,D,,10090,153,336,not_assessed,,,X-ray diffraction,1.29,0.487,,,,,candidate,MOUSE_SIFTS_CANDIDATE_LOCAL_REVIEW_PENDING,https://www.ebi.ac.uk/pdbe/api/mappings/best_structures/Q3TBT3,51cef5679f773116e5236c59dc80fcd68d18ee879663edfcab592754a10f600b,not_assessed,0.1.0
Q3TBT3,PDBe_SIFTS,11gn,E,,10090,153,336,not_assessed,,,X-ray diffraction,1.29,0.487,,,,,candidate,MOUSE_SIFTS_CANDIDATE_LOCAL_REVIEW_PENDING,https://www.ebi.ac.uk/pdbe/api/mappings/best_structures/Q3TBT3,51cef5679f773116e5236c59dc80fcd68d18ee879663edfcab592754a10f600b,not_assessed,0.1.0
Q3TBT3,PDBe_SIFTS,4jc5,A,,10090,149,348,not_assessed,,,X-ray diffraction,2.75,0.529,,,,,candidate,MOUSE_SIFTS_CANDIDATE_LOCAL_REVIEW_PENDING,https://www.ebi.ac.uk/pdbe/api/mappings/best_structures/Q3TBT3,51cef5679f773116e5236c59dc80fcd68d18ee879663edfcab592754a10f600b,not_assessed,0.1.0
Q3TBT3,PDBe_SIFTS,4jc5,B,,10090,149,348,not_assessed,,,X-ray diffraction,2.75,0.529,,,,,candidate,MOUSE_SIFTS_CANDIDATE_LOCAL_REVIEW_PENDING,https://www.ebi.ac.uk/pdbe/api/mappings/best_structures/Q3TBT3,51cef5679f773116e5236c59dc80fcd68d18ee879663edfcab592754a10f600b,not_assessed,0.1.0
Q3TBT3,PDBe_SIFTS,4kby,A,,10090,138,344,not_assessed,,,X-ray diffraction,2.36,0.548,,,,,candidate,MOUSE_SIFTS_CANDIDATE_LOCAL_REVIEW_PENDING,https://www.ebi.ac.uk/pdbe/api/mappings/best_structures/Q3TBT3,51cef5679f773116e5236c59dc80fcd68d18ee879663edfcab592754a10f600b,not_assessed,0.1.0
Q3TBT3,PDBe_SIFTS,4kby,B,,10090,138,344,not_assessed,,,X-ray diffraction,2.36,0.548,,,,,candidate,MOUSE_SIFTS_CANDIDATE_LOCAL_REVIEW_PENDING,https://www.ebi.ac.uk/pdbe/api/mappings/best_structures/Q3TBT3,51cef5679f773116e5236c59dc80fcd68d18ee879663edfcab592754a10f600b,not_assessed,0.1.0
Q3TBT3,PDBe_SIFTS,4kc0,A,,10090,138,344,not_assessed,,,X-ray diffraction,2.2,0.548,,,,,candidate,MOUSE_SIFTS_CANDIDATE_LOCAL_REVIEW_PENDING,https://www.ebi.ac.uk/pdbe/api/mappings/best_structures/Q3TBT3,51cef5679f773116e5236c59dc80fcd68d18ee879663edfcab592754a10f600b,not_assessed,0.1.0
Q3TBT3,PDBe_SIFTS,4kc0,B,,10090,138,344,not_assessed,,,X-ray diffraction,2.2,0.548,,,,,candidate,MOUSE_SIFTS_CANDIDATE_LOCAL_REVIEW_PENDING,https://www.ebi.ac.uk/pdbe/api/mappings/best_structures/Q3TBT3,51cef5679f773116e5236c59dc80fcd68d18ee879663edfcab592754a10f600b,not_assessed,0.1.0
Q3TBT3,PDBe_SIFTS,4loj,A,,10090,154,340,not_assessed,,,X-ray diffraction,1.77,0.495,,,,,candidate,MOUSE_SIFTS_CANDIDATE_LOCAL_REVIEW_PENDING,https://www.ebi.ac.uk/pdbe/api/mappings/best_structures/Q3TBT3,51cef5679f773116e5236c59dc80fcd68d18ee879663edfcab592754a10f600b,not_assessed,0.1.0
Q3TBT3,PDBe_SIFTS,4loj,B,,10090,154,340,not_assessed,,,X-ray diffraction,1.77,0.495,,,,,candidate,MOUSE_SIFTS_CANDIDATE_LOCAL_REVIEW_PENDING,https://www.ebi.ac.uk/pdbe/api/mappings/best_structures/Q3TBT3,51cef5679f773116e5236c59dc80fcd68d18ee879663edfcab592754a10f600b,not_assessed,0.1.0
Q3TBT3,PDBe_SIFTS,4lok,A,,10090,154,340,not_assessed,,,X-ray diffraction,2.07,0.495,,,,,candidate,MOUSE_SIFTS_CANDIDATE_LOCAL_REVIEW_PENDING,https://www.ebi.ac.uk/pdbe/api/mappings/best_structures/Q3TBT3,51cef5679f773116e5236c59dc80fcd68d18ee879663edfcab592754a10f600b,not_assessed,0.1.0
Q3TBT3,PDBe_SIFTS,4lok,B,,10090,154,340,not_assessed,,,X-ray diffraction,2.07,0.495,,,,,candidate,MOUSE_SIFTS_CANDIDATE_LOCAL_REVIEW_PENDING,https://www.ebi.ac.uk/pdbe/api/mappings/best_structures/Q3TBT3,51cef5679f773116e5236c59dc80fcd68d18ee879663edfcab592754a10f600b,not_assessed,0.1.0
Q3TBT3,PDBe_SIFTS,4lol,A,,10090,154,340,not_assessed,,,X-ray diffraction,2.43,0.495,,,,,candidate,MOUSE_SIFTS_CANDIDATE_LOCAL_REVIEW_PENDING,https://www.ebi.ac.uk/pdbe/api/mappings/best_structures/Q3TBT3,51cef5679f773116e5236c59dc80fcd68d18ee879663edfcab592754a10f600b,not_assessed,0.1.0
Q3TBT3,PDBe_SIFTS,4lol,B,,10090,154,340,not_assessed,,,X-ray diffraction,2.43,0.495,,,,,candidate,MOUSE_SIFTS_CANDIDATE_LOCAL_REVIEW_PENDING,https://www.ebi.ac.uk/pdbe/api/mappings/best_structures/Q3TBT3,51cef5679f773116e5236c59dc80fcd68d18ee879663edfcab592754a10f600b,not_assessed,0.1.0
Q3TBT3,PDBe_SIFTS,4yp1,A,,10090,138,344,not_assessed,,,X-ray diffraction,2.65,0.548,,,,,candidate,MOUSE_SIFTS_CANDIDATE_LOCAL_REVIEW_PENDING,https://www.ebi.ac.uk/pdbe/api/mappings/best_structures/Q3TBT3,51cef5679f773116e5236c59dc80fcd68d18ee879663edfcab592754a10f600b,not_assessed,0.1.0
Q3TBT3,PDBe_SIFTS,4yp1,B,,10090,138,344,not_assessed,,,X-ray diffraction,2.65,0.548,,,,,candidate,MOUSE_SIFTS_CANDIDATE_LOCAL_REVIEW_PENDING,https://www.ebi.ac.uk/pdbe/api/mappings/best_structures/Q3TBT3,51cef5679f773116e5236c59dc80fcd68d18ee879663edfcab592754a10f600b,not_assessed,0.1.0
Q3TBT3,PDBe_SIFTS,6xnn,A,,10090,154,340,not_assessed,,,X-ray diffraction,2.49,0.495,,,,,candidate,MOUSE_SIFTS_CANDIDATE_LOCAL_REVIEW_PENDING,https://www.ebi.ac.uk/pdbe/api/mappings/best_structures/Q3TBT3,51cef5679f773116e5236c59dc80fcd68d18ee879663edfcab592754a10f600b,not_assessed,0.1.0
Q3TBT3,PDBe_SIFTS,6xnn,B,,10090,154,340,not_assessed,,,X-ray diffraction,2.49,0.495,,,,,candidate,MOUSE_SIFTS_CANDIDATE_LOCAL_REVIEW_PENDING,https://www.ebi.ac.uk/pdbe/api/mappings/best_structures/Q3TBT3,51cef5679f773116e5236c59dc80fcd68d18ee879663edfcab592754a10f600b,not_assessed,0.1.0
Q3TBT3,PDBe_SIFTS,9ltf,A,,10090,151,338,not_assessed,,,X-ray diffraction,1.92,0.497,,,,,candidate,MOUSE_SIFTS_CANDIDATE_LOCAL_REVIEW_PENDING,https://www.ebi.ac.uk/pdbe/api/mappings/best_structures/Q3TBT3,51cef5679f773116e5236c59dc80fcd68d18ee879663edfcab592754a10f600b,not_assessed,0.1.0
Q3TCX3,AlphaFold_DB,AF-Q3TCX3-2-F1,A,6,10090,1,487,not_assessed,3badf988d66d0b8ee088d540e68caf64a0456aa5c3a7eae451b9cece304c39d6,5e1f277ccb3c2239935193f50d8763c1,predicted,,,https://alphafold.ebi.ac.uk/files/AF-Q3TCX3-2-F1-model_v6.cif,https://alphafold.ebi.ac.uk/files/AF-Q3TCX3-2-F1-model_v6.pdb,https://alphafold.ebi.ac.uk/files/AF-Q3TCX3-2-F1-confidence_v6.json,https://alphafold.ebi.ac.uk/files/AF-Q3TCX3-2-F1-predicted_aligned_error_v6.json,held,ALPHAFOLD_ACCESSION_DIFFERS_FROM_CANONICAL,https://alphafold.ebi.ac.uk/api/prediction/Q3TCX3,1992f0c2ee21f8da74601c8dd05a95090b9d5d7f2cac6784cd3bba2eb27138f1,not_assessed,0.1.0
Q3TCX3,AlphaFold_DB,AF-Q3TCX3-3-F1,A,6,10090,1,430,not_assessed,36e1b7fadb2badfcd6d0263736d86fc1aba3f74c4838ceefb9c7575444da2397,35930ab3f5c349d5abcf2285874fbe83,predicted,,,https://alphafold.ebi.ac.uk/files/AF-Q3TCX3-3-F1-model_v6.cif,https://alphafold.ebi.ac.uk/files/AF-Q3TCX3-3-F1-model_v6.pdb,https://alphafold.ebi.ac.uk/files/AF-Q3TCX3-3-F1-confidence_v6.json,https://alphafold.ebi.ac.uk/files/AF-Q3TCX3-3-F1-predicted_aligned_error_v6.json,held,ALPHAFOLD_ACCESSION_DIFFERS_FROM_CANONICAL,https://alphafold.ebi.ac.uk/api/prediction/Q3TCX3,1992f0c2ee21f8da74601c8dd05a95090b9d5d7f2cac6784cd3bba2eb27138f1,not_assessed,0.1.0
Q3TCX3,AlphaFold_DB,AF-Q3TCX3-4-F1,A,6,10090,1,131,not_assessed,676a71aa0b7717309ac74142125cc1b4b3994fa31eda5ab93d8b1af62040dc9f,d176c9462c505618b0d899f0d4a8039e,predicted,,,https://alphafold.ebi.ac.uk/files/AF-Q3TCX3-4-F1-model_v6.cif,https://alphafold.ebi.ac.uk/files/AF-Q3TCX3-4-F1-model_v6.pdb,https://alphafold.ebi.ac.uk/files/AF-Q3TCX3-4-F1-confidence_v6.json,https://alphafold.ebi.ac.uk/files/AF-Q3TCX3-4-F1-predicted_aligned_error_v6.json,held,ALPHAFOLD_ACCESSION_DIFFERS_FROM_CANONICAL,https://alphafold.ebi.ac.uk/api/prediction/Q3TCX3,1992f0c2ee21f8da74601c8dd05a95090b9d5d7f2cac6784cd3bba2eb27138f1,not_assessed,0.1.0
Q3TCX3,AlphaFold_DB,AF-Q3TCX3-F1,A,6,10090,1,612,exact_full,320b7499f7ffefb49b6a5b8d00abd600547904ebc7ae2ddba3c99a4226f034e2,1d708ebf47c0208797a14f3e825ef85b,predicted,,,https://alphafold.ebi.ac.uk/files/AF-Q3TCX3-F1-model_v6.cif,https://alphafold.ebi.ac.uk/files/AF-Q3TCX3-F1-model_v6.pdb,https://alphafold.ebi.ac.uk/files/AF-Q3TCX3-F1-confidence_v6.json,https://alphafold.ebi.ac.uk/files/AF-Q3TCX3-F1-predicted_aligned_error_v6.json,candidate,EXACT_FULL_SEQUENCE_LOCAL_QUALITY_PENDING,https://alphafold.ebi.ac.uk/api/prediction/Q3TCX3,1992f0c2ee21f8da74601c8dd05a95090b9d5d7f2cac6784cd3bba2eb27138f1,not_assessed,0.1.0
Q3TYX2,AlphaFold_DB,AF-Q3TYX2-F1,A,6,10090,1,239,exact_full,b06e64e05f1ea5aac29592260c3de854d990ea5f412cdde457626b7122b9236c,63fe935d6bdd4a0d7f17d075de85ddfb,predicted,,,https://alphafold.ebi.ac.uk/files/AF-Q3TYX2-F1-model_v6.cif,https://alphafold.ebi.ac.uk/files/AF-Q3TYX2-F1-model_v6.pdb,https://alphafold.ebi.ac.uk/files/AF-Q3TYX2-F1-confidence_v6.json,https://alphafold.ebi.ac.uk/files/AF-Q3TYX2-F1-predicted_aligned_error_v6.json,candidate,EXACT_FULL_SEQUENCE_LOCAL_QUALITY_PENDING,https://alphafold.ebi.ac.uk/api/prediction/Q3TYX2,3c40e6b37364129e615f77a30573343e6c7a533eb8704098b52822825a51c06d,not_assessed,0.1.0
Q3TZA2,AlphaFold_DB,AF-Q3TZA2-F1,A,6,10090,1,342,exact_full,23028fda54913c6d7d74ea8ef5d3d56623cb1a10ed1bcdf62b160aceb79770c2,240cf86d87dd4f5d1bb92f58f36cc0b1,predicted,,,https://alphafold.ebi.ac.uk/files/AF-Q3TZA2-F1-model_v6.cif,https://alphafold.ebi.ac.uk/files/AF-Q3TZA2-F1-model_v6.pdb,https://alphafold.ebi.ac.uk/files/AF-Q3TZA2-F1-confidence_v6.json,https://alphafold.ebi.ac.uk/files/AF-Q3TZA2-F1-predicted_aligned_error_v6.json,candidate,EXACT_FULL_SEQUENCE_LOCAL_QUALITY_PENDING,https://alphafold.ebi.ac.uk/api/prediction/Q3TZA2,1d0339998b1e8bb2287421ac86b45d582478e1a07151d0e50bab93bd8c49c100,not_assessed,0.1.0
Q3U4H6,AlphaFold_DB,AF-Q3U4H6-2-F1,A,6,10090,1,559,not_assessed,5e1693e8e1d76b92fb07be3b47d73ea27a77db75389bd271b51a25288360070d,8b3cca0d0f2805dc4d9250412eb552af,predicted,,,https://alphafold.ebi.ac.uk/files/AF-Q3U4H6-2-F1-model_v6.cif,https://alphafold.ebi.ac.uk/files/AF-Q3U4H6-2-F1-model_v6.pdb,https://alphafold.ebi.ac.uk/files/AF-Q3U4H6-2-F1-confidence_v6.json,https://alphafold.ebi.ac.uk/files/AF-Q3U4H6-2-F1-predicted_aligned_error_v6.json,held,ALPHAFOLD_ACCESSION_DIFFERS_FROM_CANONICAL,https://alphafold.ebi.ac.uk/api/prediction/Q3U4H6,2f0097d22cd45d9686b91350ec22ea5a082a7eca727f3337d562918dd3ab7a14,not_assessed,0.1.0
Q3U4H6,AlphaFold_DB,AF-Q3U4H6-F1,A,6,10090,1,486,exact_full,d9f9cc03d6fb4c5ea8f11a656581397f259d8b803f8dbaa53c1e2f2e82276538,92be7f9cbc9b5dd134da715d0c80b7a5,predicted,,,https://alphafold.ebi.ac.uk/files/AF-Q3U4H6-F1-model_v6.cif,https://alphafold.ebi.ac.uk/files/AF-Q3U4H6-F1-model_v6.pdb,https://alphafold.ebi.ac.uk/files/AF-Q3U4H6-F1-confidence_v6.json,https://alphafold.ebi.ac.uk/files/AF-Q3U4H6-F1-predicted_aligned_error_v6.json,candidate,EXACT_FULL_SEQUENCE_LOCAL_QUALITY_PENDING,https://alphafold.ebi.ac.uk/api/prediction/Q3U4H6,2f0097d22cd45d9686b91350ec22ea5a082a7eca727f3337d562918dd3ab7a14,not_assessed,0.1.0
Q3U5C8,AlphaFold_DB,AF-Q3U5C8-F1,A,6,10090,1,713,exact_full,73721d4f5b676b8957e44d157233bc71ccd36c4511099a3fe9e339052d0e4b27,c8c01b457b93f3081cb0f8ae2a389fb7,predicted,,,https://alphafold.ebi.ac.uk/files/AF-Q3U5C8-F1-model_v6.cif,https://alphafold.ebi.ac.uk/files/AF-Q3U5C8-F1-model_v6.pdb,https://alphafold.ebi.ac.uk/files/AF-Q3U5C8-F1-confidence_v6.json,https://alphafold.ebi.ac.uk/files/AF-Q3U5C8-F1-predicted_aligned_error_v6.json,candidate,EXACT_FULL_SEQUENCE_LOCAL_QUALITY_PENDING,https://alphafold.ebi.ac.uk/api/prediction/Q3U5C8,2253c866f2397578abe05614c281702ff63b2ac5ca4ec26f64731a4a238d36e5,not_assessed,0.1.0
Q3U5C8,PDBe_SIFTS,7cso,A,,10090,261,713,not_assessed,,,X-ray diffraction,2.39,0.635,,,,,candidate,MOUSE_SIFTS_CANDIDATE_LOCAL_REVIEW_PENDING,https://www.ebi.ac.uk/pdbe/api/mappings/best_structures/Q3U5C8,587538fa0deadd8da8c645551ee470c662ebb5e5988962d18b647a071f711b6f,not_assessed,0.1.0
Q3U5C8,PDBe_SIFTS,7cso,B,,10090,261,713,not_assessed,,,X-ray diffraction,2.39,0.635,,,,,candidate,MOUSE_SIFTS_CANDIDATE_LOCAL_REVIEW_PENDING,https://www.ebi.ac.uk/pdbe/api/mappings/best_structures/Q3U5C8,587538fa0deadd8da8c645551ee470c662ebb5e5988962d18b647a071f711b6f,not_assessed,0.1.0
Q3U5C8,PDBe_SIFTS,7cso,C,,10090,261,713,not_assessed,,,X-ray diffraction,2.39,0.635,,,,,candidate,MOUSE_SIFTS_CANDIDATE_LOCAL_REVIEW_PENDING,https://www.ebi.ac.uk/pdbe/api/mappings/best_structures/Q3U5C8,587538fa0deadd8da8c645551ee470c662ebb5e5988962d18b647a071f711b6f,not_assessed,0.1.0
Q3U5C8,PDBe_SIFTS,7cso,D,,10090,261,713,not_assessed,,,X-ray diffraction,2.39,0.635,,,,,candidate,MOUSE_SIFTS_CANDIDATE_LOCAL_REVIEW_PENDING,https://www.ebi.ac.uk/pdbe/api/mappings/best_structures/Q3U5C8,587538fa0deadd8da8c645551ee470c662ebb5e5988962d18b647a071f711b6f,not_assessed,0.1.0
Q3U5C8,PDBe_SIFTS,7csp,A,,10090,209,713,not_assessed,,,X-ray diffraction,3.0,0.693,,,,,candidate,MOUSE_SIFTS_CANDIDATE_LOCAL_REVIEW_PENDING,https://www.ebi.ac.uk/pdbe/api/mappings/best_structures/Q3U5C8,587538fa0deadd8da8c645551ee470c662ebb5e5988962d18b647a071f711b6f,not_assessed,0.1.0
Q3U5C8,PDBe_SIFTS,7csp,B,,10090,209,713,not_assessed,,,X-ray diffraction,3.0,0.693,,,,,candidate,MOUSE_SIFTS_CANDIDATE_LOCAL_REVIEW_PENDING,https://www.ebi.ac.uk/pdbe/api/mappings/best_structures/Q3U5C8,587538fa0deadd8da8c645551ee470c662ebb5e5988962d18b647a071f711b6f,not_assessed,0.1.0
Q3U5C8,PDBe_SIFTS,7csr,A,,10090,261,713,not_assessed,,,X-ray diffraction,3.0,0.635,,,,,candidate,MOUSE_SIFTS_CANDIDATE_LOCAL_REVIEW_PENDING,https://www.ebi.ac.uk/pdbe/api/mappings/best_structures/Q3U5C8,587538fa0deadd8da8c645551ee470c662ebb5e5988962d18b647a071f711b6f,not_assessed,0.1.0
Q3U5C8,PDBe_SIFTS,7csr,B,,10090,261,713,not_assessed,,,X-ray diffraction,3.0,0.635,,,,,candidate,MOUSE_SIFTS_CANDIDATE_LOCAL_REVIEW_PENDING,https://www.ebi.ac.uk/pdbe/api/mappings/best_structures/Q3U5C8,587538fa0deadd8da8c645551ee470c662ebb5e5988962d18b647a071f711b6f,not_assessed,0.1.0
Q3U5C8,PDBe_SIFTS,7csr,C,,10090,261,713,not_assessed,,,X-ray diffraction,3.0,0.635,,,,,candidate,MOUSE_SIFTS_CANDIDATE_LOCAL_REVIEW_PENDING,https://www.ebi.ac.uk/pdbe/api/mappings/best_structures/Q3U5C8,587538fa0deadd8da8c645551ee470c662ebb5e5988962d18b647a071f711b6f,not_assessed,0.1.0
Q3U5C8,PDBe_SIFTS,7ykf,B,,10090,152,163,not_assessed,,,X-ray diffraction,2.28,0.017,,,,,candidate,MOUSE_SIFTS_CANDIDATE_LOCAL_REVIEW_PENDING,https://www.ebi.ac.uk/pdbe/api/mappings/best_structures/Q3U5C8,587538fa0deadd8da8c645551ee470c662ebb5e5988962d18b647a071f711b6f,not_assessed,0.1.0
Q3U5C8,PDBe_SIFTS,7ykf,D,,10090,152,163,not_assessed,,,X-ray diffraction,2.28,0.017,,,,,candidate,MOUSE_SIFTS_CANDIDATE_LOCAL_REVIEW_PENDING,https://www.ebi.ac.uk/pdbe/api/mappings/best_structures/Q3U5C8,587538fa0deadd8da8c645551ee470c662ebb5e5988962d18b647a071f711b6f,not_assessed,0.1.0
Q3UA16,AlphaFold_DB,AF-Q3UA16-2-F1,A,6,10090,1,178,not_assessed,79d96d46b47313ae9165bd41b912288b4da2fb43096d16f20f153eb76bfc899c,245cb8ad1bb38cf6552c75dd8e04255a,predicted,,,https://alphafold.ebi.ac.uk/files/AF-Q3UA16-2-F1-model_v6.cif,https://alphafold.ebi.ac.uk/files/AF-Q3UA16-2-F1-model_v6.pdb,https://alphafold.ebi.ac.uk/files/AF-Q3UA16-2-F1-confidence_v6.json,https://alphafold.ebi.ac.uk/files/AF-Q3UA16-2-F1-predicted_aligned_error_v6.json,held,ALPHAFOLD_ACCESSION_DIFFERS_FROM_CANONICAL,https://alphafold.ebi.ac.uk/api/prediction/Q3UA16,79638c4d59bc283624e81632ea3eae8ab41f9f29e4bbcc913c4f578cff4f29cf,not_assessed,0.1.0
Q3UA16,AlphaFold_DB,AF-Q3UA16-3-F1,A,6,10090,1,226,not_assessed,30a4b6f207bd34e9db5dbba1a79642cd0c6721a05e6bbb6ffc81872b77c639d3,f383e49ea91ee669720a3b53f106c183,predicted,,,https://alphafold.ebi.ac.uk/files/AF-Q3UA16-3-F1-model_v6.cif,https://alphafold.ebi.ac.uk/files/AF-Q3UA16-3-F1-model_v6.pdb,https://alphafold.ebi.ac.uk/files/AF-Q3UA16-3-F1-confidence_v6.json,https://alphafold.ebi.ac.uk/files/AF-Q3UA16-3-F1-predicted_aligned_error_v6.json,held,ALPHAFOLD_ACCESSION_DIFFERS_FROM_CANONICAL,https://alphafold.ebi.ac.uk/api/prediction/Q3UA16,79638c4d59bc283624e81632ea3eae8ab41f9f29e4bbcc913c4f578cff4f29cf,not_assessed,0.1.0
Q3UA16,AlphaFold_DB,AF-Q3UA16-F1,A,6,10090,1,226,exact_full,60351a240d3a1c6bff19aa0cb625a6ecff3e2e7872cd5fd0c62b9d4332746592,633c3e91f67a39e78842872185ed8cbc,predicted,,,https://alphafold.ebi.ac.uk/files/AF-Q3UA16-F1-model_v6.cif,https://alphafold.ebi.ac.uk/files/AF-Q3UA16-F1-model_v6.pdb,https://alphafold.ebi.ac.uk/files/AF-Q3UA16-F1-confidence_v6.json,https://alphafold.ebi.ac.uk/files/AF-Q3UA16-F1-predicted_aligned_error_v6.json,candidate,EXACT_FULL_SEQUENCE_LOCAL_QUALITY_PENDING,https://alphafold.ebi.ac.uk/api/prediction/Q3UA16,79638c4d59bc283624e81632ea3eae8ab41f9f29e4bbcc913c4f578cff4f29cf,not_assessed,0.1.0
Q3UCQ1,AlphaFold_DB,AF-Q3UCQ1-2-F1,A,6,10090,1,581,not_assessed,b1f051915a8c7b7c15470051c6d00ff3ba9d47da5f7a4812dbfb7a771e442a3b,975039760d997f6acedf5f2ba734f5d5,predicted,,,https://alphafold.ebi.ac.uk/files/AF-Q3UCQ1-2-F1-model_v6.cif,https://alphafold.ebi.ac.uk/files/AF-Q3UCQ1-2-F1-model_v6.pdb,https://alphafold.ebi.ac.uk/files/AF-Q3UCQ1-2-F1-confidence_v6.json,https://alphafold.ebi.ac.uk/files/AF-Q3UCQ1-2-F1-predicted_aligned_error_v6.json,held,ALPHAFOLD_ACCESSION_DIFFERS_FROM_CANONICAL,https://alphafold.ebi.ac.uk/api/prediction/Q3UCQ1,98d55ce2a73c5b1dcc30ab3d58df1aa1926dcbae92170cffcbd757bb5216b160,not_assessed,0.1.0
Q3UCQ1,AlphaFold_DB,AF-Q3UCQ1-F1,A,6,10090,1,651,exact_full,7eaf629486f2e63c8a807857b6b3e62b0d547aa54fb0dc6624447b9d876812b5,b93ec22999b50ddfaed2117ae63cfdba,predicted,,,https://alphafold.ebi.ac.uk/files/AF-Q3UCQ1-F1-model_v6.cif,https://alphafold.ebi.ac.uk/files/AF-Q3UCQ1-F1-model_v6.pdb,https://alphafold.ebi.ac.uk/files/AF-Q3UCQ1-F1-confidence_v6.json,https://alphafold.ebi.ac.uk/files/AF-Q3UCQ1-F1-predicted_aligned_error_v6.json,candidate,EXACT_FULL_SEQUENCE_LOCAL_QUALITY_PENDING,https://alphafold.ebi.ac.uk/api/prediction/Q3UCQ1,98d55ce2a73c5b1dcc30ab3d58df1aa1926dcbae92170cffcbd757bb5216b160,not_assessed,0.1.0
Q3UDF0,AlphaFold_DB,AF-Q3UDF0-2-F1,A,6,10090,1,443,not_assessed,e00011aabdb57b5f9151a2aad6130a3e74de4be70447bbb123351ace93b88f3d,1f65ced8d87b813b84eac79fa6b02c56,predicted,,,https://alphafold.ebi.ac.uk/files/AF-Q3UDF0-2-F1-model_v6.cif,https://alphafold.ebi.ac.uk/files/AF-Q3UDF0-2-F1-model_v6.pdb,https://alphafold.ebi.ac.uk/files/AF-Q3UDF0-2-F1-confidence_v6.json,https://alphafold.ebi.ac.uk/files/AF-Q3UDF0-2-F1-predicted_aligned_error_v6.json,held,ALPHAFOLD_ACCESSION_DIFFERS_FROM_CANONICAL,https://alphafold.ebi.ac.uk/api/prediction/Q3UDF0,fd4175a0c342c70e37ad22a3679c949302afc6531d6443e7efce28d0d984b864,not_assessed,0.1.0
Q3UDF0,AlphaFold_DB,AF-Q3UDF0-F1,A,6,10090,1,497,exact_full,505d0c40f46b4568a2f65ef069083f4a1a789b05f49eba0308159322b17fc0fd,8bca855fb543b02f94b160831da8263f,predicted,,,https://alphafold.ebi.ac.uk/files/AF-Q3UDF0-F1-model_v6.cif,https://alphafold.ebi.ac.uk/files/AF-Q3UDF0-F1-model_v6.pdb,https://alphafold.ebi.ac.uk/files/AF-Q3UDF0-F1-confidence_v6.json,https://alphafold.ebi.ac.uk/files/AF-Q3UDF0-F1-predicted_aligned_error_v6.json,candidate,EXACT_FULL_SEQUENCE_LOCAL_QUALITY_PENDING,https://alphafold.ebi.ac.uk/api/prediction/Q3UDF0,fd4175a0c342c70e37ad22a3679c949302afc6531d6443e7efce28d0d984b864,not_assessed,0.1.0
Q3UG20,AlphaFold_DB,AF-Q3UG20-2-F1,A,6,10090,1,1288,not_assessed,470964e22a476a504662c9580872581c8ba7008a3f7de3b4a3dc50cc150beabb,06ed056784fe137773bd27826feaa984,predicted,,,https://alphafold.ebi.ac.uk/files/AF-Q3UG20-2-F1-model_v6.cif,https://alphafold.ebi.ac.uk/files/AF-Q3UG20-2-F1-model_v6.pdb,https://alphafold.ebi.ac.uk/files/AF-Q3UG20-2-F1-confidence_v6.json,https://alphafold.ebi.ac.uk/files/AF-Q3UG20-2-F1-predicted_aligned_error_v6.json,held,ALPHAFOLD_ACCESSION_DIFFERS_FROM_CANONICAL,https://alphafold.ebi.ac.uk/api/prediction/Q3UG20,8fe6018f632c875aa8364edf2a7a43b1127b5db1fdebaca15d8862ff437d226e,not_assessed,0.1.0
Q3UG20,AlphaFold_DB,AF-Q3UG20-F1,A,6,10090,1,1868,exact_full,a2c0b43f50044492b5e50519222592b0c8a59448af57f8ce4a4d87d39524acd6,a09bf9dc35b3864345309d42ae28d8eb,predicted,,,https://alphafold.ebi.ac.uk/files/AF-Q3UG20-F1-model_v6.cif,https://alphafold.ebi.ac.uk/files/AF-Q3UG20-F1-model_v6.pdb,https://alphafold.ebi.ac.uk/files/AF-Q3UG20-F1-confidence_v6.json,https://alphafold.ebi.ac.uk/files/AF-Q3UG20-F1-predicted_aligned_error_v6.json,candidate,EXACT_FULL_SEQUENCE_LOCAL_QUALITY_PENDING,https://alphafold.ebi.ac.uk/api/prediction/Q3UG20,8fe6018f632c875aa8364edf2a7a43b1127b5db1fdebaca15d8862ff437d226e,not_assessed,0.1.0
Q3UH68,AlphaFold_DB,AF-Q3UH68-2-F1,A,6,10090,1,901,not_assessed,bf6cf2119203bb86fdc35f7cf34057637bc06ba02e8707ea28e6dc815311dfe5,ba2803a19210b67e6559257141586169,predicted,,,https://alphafold.ebi.ac.uk/files/AF-Q3UH68-2-F1-model_v6.cif,https://alphafold.ebi.ac.uk/files/AF-Q3UH68-2-F1-model_v6.pdb,https://alphafold.ebi.ac.uk/files/AF-Q3UH68-2-F1-confidence_v6.json,https://alphafold.ebi.ac.uk/files/AF-Q3UH68-2-F1-predicted_aligned_error_v6.json,held,ALPHAFOLD_ACCESSION_DIFFERS_FROM_CANONICAL,https://alphafold.ebi.ac.uk/api/prediction/Q3UH68,b1855fb2500a3cb822a642c15ad516b12d039ec3f062b6947d8adac405f7e17c,not_assessed,0.1.0
Q3UH68,AlphaFold_DB,AF-Q3UH68-3-F1,A,6,10090,1,901,not_assessed,57c9ddada82a0e3985bba370dc7edf7d4e167872995072382914bb1429538704,710816f697dbe45d4d3fe382afc0bb50,predicted,,,https://alphafold.ebi.ac.uk/files/AF-Q3UH68-3-F1-model_v6.cif,https://alphafold.ebi.ac.uk/files/AF-Q3UH68-3-F1-model_v6.pdb,https://alphafold.ebi.ac.uk/files/AF-Q3UH68-3-F1-confidence_v6.json,https://alphafold.ebi.ac.uk/files/AF-Q3UH68-3-F1-predicted_aligned_error_v6.json,held,ALPHAFOLD_ACCESSION_DIFFERS_FROM_CANONICAL,https://alphafold.ebi.ac.uk/api/prediction/Q3UH68,b1855fb2500a3cb822a642c15ad516b12d039ec3f062b6947d8adac405f7e17c,not_assessed,0.1.0
Q3UH68,AlphaFold_DB,AF-Q3UH68-F1,A,6,10090,1,1057,exact_full,e1b344347ff93b51dd06822104b2e98fcab7ec5693ebd6ce799d4534a2220061,f09aedc09a19764611714209a585e61b,predicted,,,https://alphafold.ebi.ac.uk/files/AF-Q3UH68-F1-model_v6.cif,https://alphafold.ebi.ac.uk/files/AF-Q3UH68-F1-model_v6.pdb,https://alphafold.ebi.ac.uk/files/AF-Q3UH68-F1-confidence_v6.json,https://alphafold.ebi.ac.uk/files/AF-Q3UH68-F1-predicted_aligned_error_v6.json,candidate,EXACT_FULL_SEQUENCE_LOCAL_QUALITY_PENDING,https://alphafold.ebi.ac.uk/api/prediction/Q3UH68,b1855fb2500a3cb822a642c15ad516b12d039ec3f062b6947d8adac405f7e17c,not_assessed,0.1.0
Q3UHG7,AlphaFold_DB,AF-Q3UHG7-2-F1,A,6,10090,1,391,not_assessed,61902f16fef16c2ed6432b302d8c43168eb1aa866ca399667c60166b1bf30155,aeabe92cef49ad5616d0a04a55c13da0,predicted,,,https://alphafold.ebi.ac.uk/files/AF-Q3UHG7-2-F1-model_v6.cif,https://alphafold.ebi.ac.uk/files/AF-Q3UHG7-2-F1-model_v6.pdb,https://alphafold.ebi.ac.uk/files/AF-Q3UHG7-2-F1-confidence_v6.json,https://alphafold.ebi.ac.uk/files/AF-Q3UHG7-2-F1-predicted_aligned_error_v6.json,held,ALPHAFOLD_ACCESSION_DIFFERS_FROM_CANONICAL,https://alphafold.ebi.ac.uk/api/prediction/Q3UHG7,c1d0046a56ba7024bae3b1b0e2cf8060ccbfaa0378cf9e2f8859f17980993160,not_assessed,0.1.0
Q3UHG7,AlphaFold_DB,AF-Q3UHG7-F1,A,6,10090,1,455,exact_full,ae2123cf76a71dca9563a80ba392e1e355e6d65c00c81d9c6956cee5e04e2d94,960a20ccfd278f452d0d78cf02b18e08,predicted,,,https://alphafold.ebi.ac.uk/files/AF-Q3UHG7-F1-model_v6.cif,https://alphafold.ebi.ac.uk/files/AF-Q3UHG7-F1-model_v6.pdb,https://alphafold.ebi.ac.uk/files/AF-Q3UHG7-F1-confidence_v6.json,https://alphafold.ebi.ac.uk/files/AF-Q3UHG7-F1-predicted_aligned_error_v6.json,candidate,EXACT_FULL_SEQUENCE_LOCAL_QUALITY_PENDING,https://alphafold.ebi.ac.uk/api/prediction/Q3UHG7,c1d0046a56ba7024bae3b1b0e2cf8060ccbfaa0378cf9e2f8859f17980993160,not_assessed,0.1.0
Q3UIJ9,AlphaFold_DB,AF-Q3UIJ9-F1,A,6,10090,1,466,exact_full,760b2c12ab55a14efc3347b9255e4dbea632453c57a386e09829131138558315,847c6c47ebc21b22fccc2cbef960e5c4,predicted,,,https://alphafold.ebi.ac.uk/files/AF-Q3UIJ9-F1-model_v6.cif,https://alphafold.ebi.ac.uk/files/AF-Q3UIJ9-F1-model_v6.pdb,https://alphafold.ebi.ac.uk/files/AF-Q3UIJ9-F1-confidence_v6.json,https://alphafold.ebi.ac.uk/files/AF-Q3UIJ9-F1-predicted_aligned_error_v6.json,candidate,EXACT_FULL_SEQUENCE_LOCAL_QUALITY_PENDING,https://alphafold.ebi.ac.uk/api/prediction/Q3UIJ9,afb8a07bc31a92888282bf0ffcee10445cf6c86ba25f8740f27f132db8e8ebe2,not_assessed,0.1.0
Q3UN90,AlphaFold_DB,AF-Q3UN90-F1,A,6,10090,1,78,exact_full,57f0d52b9617fdebeb763547b1b9936c1ff4c8fce9a93e1db6f1e6ab1cdfe9f1,21397bce3f64113dbf0d1ca57361f685,predicted,,,https://alphafold.ebi.ac.uk/files/AF-Q3UN90-F1-model_v6.cif,https://alphafold.ebi.ac.uk/files/AF-Q3UN90-F1-model_v6.pdb,https://alphafold.ebi.ac.uk/files/AF-Q3UN90-F1-confidence_v6.json,https://alphafold.ebi.ac.uk/files/AF-Q3UN90-F1-predicted_aligned_error_v6.json,candidate,EXACT_FULL_SEQUENCE_LOCAL_QUALITY_PENDING,https://alphafold.ebi.ac.uk/api/prediction/Q3UN90,934a8fd67168d8e26c6f306d34fff4629088f1f9331089cbbb730fa26143e9fe,not_assessed,0.1.0
Q3UQ44,AlphaFold_DB,AF-Q3UQ44-F1,A,6,10090,1,1575,exact_full,caea880f208750bc093d374907a1eacbf27b711c26538467953da678ac89b422,01b7ef81108e975f4ce259b9ae587aad,predicted,,,https://alphafold.ebi.ac.uk/files/AF-Q3UQ44-F1-model_v6.cif,https://alphafold.ebi.ac.uk/files/AF-Q3UQ44-F1-model_v6.pdb,https://alphafold.ebi.ac.uk/files/AF-Q3UQ44-F1-confidence_v6.json,https://alphafold.ebi.ac.uk/files/AF-Q3UQ44-F1-predicted_aligned_error_v6.json,candidate,EXACT_FULL_SEQUENCE_LOCAL_QUALITY_PENDING,https://alphafold.ebi.ac.uk/api/prediction/Q3UQ44,7a75b0ef21ad6cf7fda8c96a52a053b9f6fd83780622de8e8bea13af5b2dcf82,not_assessed,0.1.0
Q3UR32,AlphaFold_DB,AF-Q3UR32-F1,A,6,10090,1,397,exact_full,45988481d02e86dfbb79211591ebcb3f50d4e74cf918aa2f545cc95a1ee31c74,b716f45976bf7d01306feabb658d2bb8,predicted,,,https://alphafold.ebi.ac.uk/files/AF-Q3UR32-F1-model_v6.cif,https://alphafold.ebi.ac.uk/files/AF-Q3UR32-F1-model_v6.pdb,https://alphafold.ebi.ac.uk/files/AF-Q3UR32-F1-confidence_v6.json,https://alphafold.ebi.ac.uk/files/AF-Q3UR32-F1-predicted_aligned_error_v6.json,candidate,EXACT_FULL_SEQUENCE_LOCAL_QUALITY_PENDING,https://alphafold.ebi.ac.uk/api/prediction/Q3UR32,0fded76c9fa20e3a74ef692bdf98d0153d51e96568f7ce71ffcd1ecf7e95b44b,not_assessed,0.1.0
Q3USL1,AlphaFold_DB,AF-Q3USL1-F1,A,6,10090,1,350,exact_full,7d7d9dec842ff9c27fc89be9267fa249a0a1201236763bf7df49589dcbf5c3f5,851a4c32c40f25d87a79d4fbd36a20a0,predicted,,,https://alphafold.ebi.ac.uk/files/AF-Q3USL1-F1-model_v6.cif,https://alphafold.ebi.ac.uk/files/AF-Q3USL1-F1-model_v6.pdb,https://alphafold.ebi.ac.uk/files/AF-Q3USL1-F1-confidence_v6.json,https://alphafold.ebi.ac.uk/files/AF-Q3USL1-F1-predicted_aligned_error_v6.json,candidate,EXACT_FULL_SEQUENCE_LOCAL_QUALITY_PENDING,https://alphafold.ebi.ac.uk/api/prediction/Q3USL1,ea6ce3a8f4ace53bc40316022034efe06b111e39978f22e965549d68c5de6e22,not_assessed,0.1.0
Q3USW5,AlphaFold_DB,AF-Q3USW5-F1,A,6,10090,1,665,exact_full,0e251d2274b6e8a1b216410f01f72d023daf41d642746e478e0c1dc6ba338e93,0b97d846429aad0d2eb0991ce9a293eb,predicted,,,https://alphafold.ebi.ac.uk/files/AF-Q3USW5-F1-model_v6.cif,https://alphafold.ebi.ac.uk/files/AF-Q3USW5-F1-model_v6.pdb,https://alphafold.ebi.ac.uk/files/AF-Q3USW5-F1-confidence_v6.json,https://alphafold.ebi.ac.uk/files/AF-Q3USW5-F1-predicted_aligned_error_v6.json,candidate,EXACT_FULL_SEQUENCE_LOCAL_QUALITY_PENDING,https://alphafold.ebi.ac.uk/api/prediction/Q3USW5,7a4937b87997fc6979644469d6869b35340f698a7dcd64052446299b6ad90fa6,not_assessed,0.1.0
Q3UTY6,AlphaFold_DB,AF-Q3UTY6-2-F1,A,6,10090,1,658,not_assessed,36b6957fe0e208b122097e77e0d233348b7663cd174b0e65a1b5f12765245ff0,e7816d124dea00abc78b5c5a3a95a4c5,predicted,,,https://alphafold.ebi.ac.uk/files/AF-Q3UTY6-2-F1-model_v6.cif,https://alphafold.ebi.ac.uk/files/AF-Q3UTY6-2-F1-model_v6.pdb,https://alphafold.ebi.ac.uk/files/AF-Q3UTY6-2-F1-confidence_v6.json,https://alphafold.ebi.ac.uk/files/AF-Q3UTY6-2-F1-predicted_aligned_error_v6.json,held,ALPHAFOLD_ACCESSION_DIFFERS_FROM_CANONICAL,https://alphafold.ebi.ac.uk/api/prediction/Q3UTY6,9269e6ac3c3814e877c06fe9f3d8a536e6076e254291b23ed4c3f19011233526,not_assessed,0.1.0
Q3UTY6,AlphaFold_DB,AF-Q3UTY6-F1,A,6,10090,1,1018,exact_full,b5caf363f985176eab3bd71521795829831441e1f33e9be349d9aec01ef76d3a,cfd11905aea88629a514404c2f9e7d06,predicted,,,https://alphafold.ebi.ac.uk/files/AF-Q3UTY6-F1-model_v6.cif,https://alphafold.ebi.ac.uk/files/AF-Q3UTY6-F1-model_v6.pdb,https://alphafold.ebi.ac.uk/files/AF-Q3UTY6-F1-confidence_v6.json,https://alphafold.ebi.ac.uk/files/AF-Q3UTY6-F1-predicted_aligned_error_v6.json,candidate,EXACT_FULL_SEQUENCE_LOCAL_QUALITY_PENDING,https://alphafold.ebi.ac.uk/api/prediction/Q3UTY6,9269e6ac3c3814e877c06fe9f3d8a536e6076e254291b23ed4c3f19011233526,not_assessed,0.1.0
Q3UZ01,AlphaFold_DB,AF-Q3UZ01-2-F1,A,6,10090,1,513,not_assessed,d0d0d29b84171cbe9eb797e7edaecf4a28dbeeeb710738c676a8f9c61032a11b,260b4332dfcc3760909688b1b650a028,predicted,,,https://alphafold.ebi.ac.uk/files/AF-Q3UZ01-2-F1-model_v6.cif,https://alphafold.ebi.ac.uk/files/AF-Q3UZ01-2-F1-model_v6.pdb,https://alphafold.ebi.ac.uk/files/AF-Q3UZ01-2-F1-confidence_v6.json,https://alphafold.ebi.ac.uk/files/AF-Q3UZ01-2-F1-predicted_aligned_error_v6.json,held,ALPHAFOLD_ACCESSION_DIFFERS_FROM_CANONICAL,https://alphafold.ebi.ac.uk/api/prediction/Q3UZ01,970041bf14767bd0f169413af39669ca55b16fb7709ee680e938e40337c8afe6,not_assessed,0.1.0
Q3UZ01,AlphaFold_DB,AF-Q3UZ01-F1,A,6,10090,1,514,exact_full,efb517357576b6cbe4310e7456a5b0a14da78af06bb6862853cd80d00e29446d,a9eccc5d25b4ef3cf7e2782194cfe704,predicted,,,https://alphafold.ebi.ac.uk/files/AF-Q3UZ01-F1-model_v6.cif,https://alphafold.ebi.ac.uk/files/AF-Q3UZ01-F1-model_v6.pdb,https://alphafold.ebi.ac.uk/files/AF-Q3UZ01-F1-confidence_v6.json,https://alphafold.ebi.ac.uk/files/AF-Q3UZ01-F1-predicted_aligned_error_v6.json,candidate,EXACT_FULL_SEQUENCE_LOCAL_QUALITY_PENDING,https://alphafold.ebi.ac.uk/api/prediction/Q3UZ01,970041bf14767bd0f169413af39669ca55b16fb7709ee680e938e40337c8afe6,not_assessed,0.1.0
Q3V0G7,AlphaFold_DB,AF-Q3V0G7-2-F1,A,6,10090,1,993,not_assessed,a397380e37b81d437dde1190be37a192f84b3b2a1a042fae47e8e743c0b072c7,64cf36e127348dc355fa908ef16855ef,predicted,,,https://alphafold.ebi.ac.uk/files/AF-Q3V0G7-2-F1-model_v6.cif,https://alphafold.ebi.ac.uk/files/AF-Q3V0G7-2-F1-model_v6.pdb,https://alphafold.ebi.ac.uk/files/AF-Q3V0G7-2-F1-confidence_v6.json,https://alphafold.ebi.ac.uk/files/AF-Q3V0G7-2-F1-predicted_aligned_error_v6.json,held,ALPHAFOLD_ACCESSION_DIFFERS_FROM_CANONICAL,https://alphafold.ebi.ac.uk/api/prediction/Q3V0G7,db2bf0aaf25705b62a112d992ec2f2672ce713fc19a95e6264a988c96c027e18,not_assessed,0.1.0
Q3V0G7,AlphaFold_DB,AF-Q3V0G7-F1,A,6,10090,1,1038,exact_full,3fcbb4f1b589b20a5ca53721b62bb6257fafa2216d534a66e124b11fff069bb4,6db0772784297c856c0cf43ef6f8d05a,predicted,,,https://alphafold.ebi.ac.uk/files/AF-Q3V0G7-F1-model_v6.cif,https://alphafold.ebi.ac.uk/files/AF-Q3V0G7-F1-model_v6.pdb,https://alphafold.ebi.ac.uk/files/AF-Q3V0G7-F1-confidence_v6.json,https://alphafold.ebi.ac.uk/files/AF-Q3V0G7-F1-predicted_aligned_error_v6.json,candidate,EXACT_FULL_SEQUENCE_LOCAL_QUALITY_PENDING,https://alphafold.ebi.ac.uk/api/prediction/Q3V0G7,db2bf0aaf25705b62a112d992ec2f2672ce713fc19a95e6264a988c96c027e18,not_assessed,0.1.0
Q3V1H1,AlphaFold_DB,AF-Q3V1H1-F1,A,6,10090,1,664,exact_full,8cadd91190d906a9eff0bcb869436aa12d6c739fbc7d1cffe094a2db4e96c30f,38036958391835f1fdcede7b177aca1c,predicted,,,https://alphafold.ebi.ac.uk/files/AF-Q3V1H1-F1-model_v6.cif,https://alphafold.ebi.ac.uk/files/AF-Q3V1H1-F1-model_v6.pdb,https://alphafold.ebi.ac.uk/files/AF-Q3V1H1-F1-confidence_v6.json,https://alphafold.ebi.ac.uk/files/AF-Q3V1H1-F1-predicted_aligned_error_v6.json,candidate,EXACT_FULL_SEQUENCE_LOCAL_QUALITY_PENDING,https://alphafold.ebi.ac.uk/api/prediction/Q3V1H1,2320fa1cc42a748b7d65462e68efee562509713b52a729e2f768cbe7eee108c3,not_assessed,0.1.0
Q3V3G7,AlphaFold_DB,AF-Q3V3G7-2-F1,A,6,10090,1,312,not_assessed,cf19387e1578adfba453b60684704c6fa5d33de17b5f408d694d9c7dfede6ebf,a63a1ec5d39b8e275286e5e766fa1d28,predicted,,,https://alphafold.ebi.ac.uk/files/AF-Q3V3G7-2-F1-model_v6.cif,https://alphafold.ebi.ac.uk/files/AF-Q3V3G7-2-F1-model_v6.pdb,https://alphafold.ebi.ac.uk/files/AF-Q3V3G7-2-F1-confidence_v6.json,https://alphafold.ebi.ac.uk/files/AF-Q3V3G7-2-F1-predicted_aligned_error_v6.json,held,ALPHAFOLD_ACCESSION_DIFFERS_FROM_CANONICAL,https://alphafold.ebi.ac.uk/api/prediction/Q3V3G7,70a6431a8365bcd942e7de8e9d3952ebc71ca79ddb316843a49503328631cccb,not_assessed,0.1.0
Q3V3G7,AlphaFold_DB,AF-Q3V3G7-F1,A,6,10090,1,320,exact_full,3c6e3834e6c475f2a3f2c66ec441f087fa81ca449152033d55a65fa848bc08fa,b3537d5ef2837f6b3905df4015f28132,predicted,,,https://alphafold.ebi.ac.uk/files/AF-Q3V3G7-F1-model_v6.cif,https://alphafold.ebi.ac.uk/files/AF-Q3V3G7-F1-model_v6.pdb,https://alphafold.ebi.ac.uk/files/AF-Q3V3G7-F1-confidence_v6.json,https://alphafold.ebi.ac.uk/files/AF-Q3V3G7-F1-predicted_aligned_error_v6.json,candidate,EXACT_FULL_SEQUENCE_LOCAL_QUALITY_PENDING,https://alphafold.ebi.ac.uk/api/prediction/Q3V3G7,70a6431a8365bcd942e7de8e9d3952ebc71ca79ddb316843a49503328631cccb,not_assessed,0.1.0
Q499E6,AlphaFold_DB,AF-Q499E6-2-F1,A,6,10090,1,158,not_assessed,e66cf5d0e8c4e5d0ae5268a0b82130ece6ea4c025d713290861f41cc105bb110,1277ac8d1cabc60a50337835aebf4e25,predicted,,,https://alphafold.ebi.ac.uk/files/AF-Q499E6-2-F1-model_v6.cif,https://alphafold.ebi.ac.uk/files/AF-Q499E6-2-F1-model_v6.pdb,https://alphafold.ebi.ac.uk/files/AF-Q499E6-2-F1-confidence_v6.json,https://alphafold.ebi.ac.uk/files/AF-Q499E6-2-F1-predicted_aligned_error_v6.json,held,ALPHAFOLD_ACCESSION_DIFFERS_FROM_CANONICAL,https://alphafold.ebi.ac.uk/api/prediction/Q499E6,0508d86a8339bd691e72d8145714e861f10d794eedc35b3b1dc1f997ac41e0c0,not_assessed,0.1.0
Q499E6,AlphaFold_DB,AF-Q499E6-3-F1,A,6,10090,1,92,not_assessed,5821b11892e5d559e75658dbfe0c5198c96e8ce3147a5958adb9106968ede6ac,c06b2bc7be1ddc9a98f6bb9a51e7a6c5,predicted,,,https://alphafold.ebi.ac.uk/files/AF-Q499E6-3-F1-model_v6.cif,https://alphafold.ebi.ac.uk/files/AF-Q499E6-3-F1-model_v6.pdb,https://alphafold.ebi.ac.uk/files/AF-Q499E6-3-F1-confidence_v6.json,https://alphafold.ebi.ac.uk/files/AF-Q499E6-3-F1-predicted_aligned_error_v6.json,held,ALPHAFOLD_ACCESSION_DIFFERS_FROM_CANONICAL,https://alphafold.ebi.ac.uk/api/prediction/Q499E6,0508d86a8339bd691e72d8145714e861f10d794eedc35b3b1dc1f997ac41e0c0,not_assessed,0.1.0
Q499E6,AlphaFold_DB,AF-Q499E6-F1,A,6,10090,1,217,exact_full,3399c74e5c52bfd2e212e22b313e47137ba6489a96325c9b46c823f84884337f,64f0bdd0cdfcde3df3750e261524a685,predicted,,,https://alphafold.ebi.ac.uk/files/AF-Q499E6-F1-model_v6.cif,https://alphafold.ebi.ac.uk/files/AF-Q499E6-F1-model_v6.pdb,https://alphafold.ebi.ac.uk/files/AF-Q499E6-F1-confidence_v6.json,https://alphafold.ebi.ac.uk/files/AF-Q499E6-F1-predicted_aligned_error_v6.json,candidate,EXACT_FULL_SEQUENCE_LOCAL_QUALITY_PENDING,https://alphafold.ebi.ac.uk/api/prediction/Q499E6,0508d86a8339bd691e72d8145714e861f10d794eedc35b3b1dc1f997ac41e0c0,not_assessed,0.1.0
Q4FZC9,AlphaFold_DB,AF-Q4FZC9-2-F1,A,6,10090,1,888,not_assessed,b7e12688706fac7186ec3e9243989eedb57e7188771edb03929f4d762d55e8ba,dc4be1c9dfc4489cd45a18d0831b7a6f,predicted,,,https://alphafold.ebi.ac.uk/files/AF-Q4FZC9-2-F1-model_v6.cif,https://alphafold.ebi.ac.uk/files/AF-Q4FZC9-2-F1-model_v6.pdb,https://alphafold.ebi.ac.uk/files/AF-Q4FZC9-2-F1-confidence_v6.json,https://alphafold.ebi.ac.uk/files/AF-Q4FZC9-2-F1-predicted_aligned_error_v6.json,held,ALPHAFOLD_ACCESSION_DIFFERS_FROM_CANONICAL,https://alphafold.ebi.ac.uk/api/prediction/Q4FZC9,b0069423913f6f1535d5d6a9ce8cd2b849ff430e8150c669e9bf9ab1e076ed06,not_assessed,0.1.0
Q4FZC9,AlphaFold_DB,AF-Q4FZC9-F1,A,6,10090,1,975,exact_full,52872abefe0791481ce87f4207a44039956abdc19ae955c3bf7580aff50c0463,170cca7d953b85924167b532e6a1341d,predicted,,,https://alphafold.ebi.ac.uk/files/AF-Q4FZC9-F1-model_v6.cif,https://alphafold.ebi.ac.uk/files/AF-Q4FZC9-F1-model_v6.pdb,https://alphafold.ebi.ac.uk/files/AF-Q4FZC9-F1-confidence_v6.json,https://alphafold.ebi.ac.uk/files/AF-Q4FZC9-F1-predicted_aligned_error_v6.json,candidate,EXACT_FULL_SEQUENCE_LOCAL_QUALITY_PENDING,https://alphafold.ebi.ac.uk/api/prediction/Q4FZC9,b0069423913f6f1535d5d6a9ce8cd2b849ff430e8150c669e9bf9ab1e076ed06,not_assessed,0.1.0
Q4G0K9,AlphaFold_DB,AF-Q4G0K9-F1,A,6,10090,1,87,exact_full,29d1f4de7357a187429821cb0541e5665c60a2b81caa815187ec9bf3c15a9513,10c7803415a5ebb7ecaff58eb1eacbbf,predicted,,,https://alphafold.ebi.ac.uk/files/AF-Q4G0K9-F1-model_v6.cif,https://alphafold.ebi.ac.uk/files/AF-Q4G0K9-F1-model_v6.pdb,https://alphafold.ebi.ac.uk/files/AF-Q4G0K9-F1-confidence_v6.json,https://alphafold.ebi.ac.uk/files/AF-Q4G0K9-F1-predicted_aligned_error_v6.json,candidate,EXACT_FULL_SEQUENCE_LOCAL_QUALITY_PENDING,https://alphafold.ebi.ac.uk/api/prediction/Q4G0K9,33b61912c001ae58615d26276544a8c7af051cf0326a33364f85c142c063d5ea,not_assessed,0.1.0
Q4JK59,AlphaFold_DB,AF-Q4JK59-2-F1,A,6,10090,1,612,not_assessed,77abb8847188318e99dd8882e53b84f49d08a2a0e19015acc80547612b938ba4,3f79d1774d15f72d25a1e799cfb22177,predicted,,,https://alphafold.ebi.ac.uk/files/AF-Q4JK59-2-F1-model_v6.cif,https://alphafold.ebi.ac.uk/files/AF-Q4JK59-2-F1-model_v6.pdb,https://alphafold.ebi.ac.uk/files/AF-Q4JK59-2-F1-confidence_v6.json,https://alphafold.ebi.ac.uk/files/AF-Q4JK59-2-F1-predicted_aligned_error_v6.json,held,ALPHAFOLD_ACCESSION_DIFFERS_FROM_CANONICAL,https://alphafold.ebi.ac.uk/api/prediction/Q4JK59,3a4adc32b292840ae460e949ba8fe3a3ecc98cf95f3cec63f75709ab1556d72f,not_assessed,0.1.0
Q4JK59,AlphaFold_DB,AF-Q4JK59-3-F1,A,6,10090,1,580,not_assessed,080a7feb85002ef86d376ed88f95667eff9bbb5d0ae94402e0357c2d3f352fef,ae07a5ffd60a53b6234d6948128aee14,predicted,,,https://alphafold.ebi.ac.uk/files/AF-Q4JK59-3-F1-model_v6.cif,https://alphafold.ebi.ac.uk/files/AF-Q4JK59-3-F1-model_v6.pdb,https://alphafold.ebi.ac.uk/files/AF-Q4JK59-3-F1-confidence_v6.json,https://alphafold.ebi.ac.uk/files/AF-Q4JK59-3-F1-predicted_aligned_error_v6.json,held,ALPHAFOLD_ACCESSION_DIFFERS_FROM_CANONICAL,https://alphafold.ebi.ac.uk/api/prediction/Q4JK59,3a4adc32b292840ae460e949ba8fe3a3ecc98cf95f3cec63f75709ab1556d72f,not_assessed,0.1.0
Q4JK59,AlphaFold_DB,AF-Q4JK59-F1,A,6,10090,1,1912,exact_full,8f28780a73ab3b8f1dfa4a9fd9496de74ec93678e595076e43aceb022da4564a,2e4638bbd0b04e8c06487c9c09557bab,predicted,,,https://alphafold.ebi.ac.uk/files/AF-Q4JK59-F1-model_v6.cif,https://alphafold.ebi.ac.uk/files/AF-Q4JK59-F1-model_v6.pdb,https://alphafold.ebi.ac.uk/files/AF-Q4JK59-F1-confidence_v6.json,https://alphafold.ebi.ac.uk/files/AF-Q4JK59-F1-predicted_aligned_error_v6.json,candidate,EXACT_FULL_SEQUENCE_LOCAL_QUALITY_PENDING,https://alphafold.ebi.ac.uk/api/prediction/Q4JK59,3a4adc32b292840ae460e949ba8fe3a3ecc98cf95f3cec63f75709ab1556d72f,not_assessed,0.1.0
Q4LDD4,AlphaFold_DB,AF-Q4LDD4-2-F1,A,6,10090,1,1441,not_assessed,3fc36d4c965f75aed4c4208006f5f3aa2ae6631bddd5fb2b6976d62577ad297c,0eb5651aff2388216bc25be58c085924,predicted,,,https://alphafold.ebi.ac.uk/files/AF-Q4LDD4-2-F1-model_v6.cif,https://alphafold.ebi.ac.uk/files/AF-Q4LDD4-2-F1-model_v6.pdb,https://alphafold.ebi.ac.uk/files/AF-Q4LDD4-2-F1-confidence_v6.json,https://alphafold.ebi.ac.uk/files/AF-Q4LDD4-2-F1-predicted_aligned_error_v6.json,held,ALPHAFOLD_ACCESSION_DIFFERS_FROM_CANONICAL,https://alphafold.ebi.ac.uk/api/prediction/Q4LDD4,86a3f1a7fad79e49202bc70c9997a8945f5ef37eba2be189da59d39c872916cd,not_assessed,0.1.0
Q4LDD4,AlphaFold_DB,AF-Q4LDD4-3-F1,A,6,10090,1,1193,not_assessed,3a046bca30329f5e1aeae29f5065571372f3a9da1408fafc8349c6a2f3ba9f27,4234da82fbefc356161bc2e3ecf670d6,predicted,,,https://alphafold.ebi.ac.uk/files/AF-Q4LDD4-3-F1-model_v6.cif,https://alphafold.ebi.ac.uk/files/AF-Q4LDD4-3-F1-model_v6.pdb,https://alphafold.ebi.ac.uk/files/AF-Q4LDD4-3-F1-confidence_v6.json,https://alphafold.ebi.ac.uk/files/AF-Q4LDD4-3-F1-predicted_aligned_error_v6.json,held,ALPHAFOLD_ACCESSION_DIFFERS_FROM_CANONICAL,https://alphafold.ebi.ac.uk/api/prediction/Q4LDD4,86a3f1a7fad79e49202bc70c9997a8945f5ef37eba2be189da59d39c872916cd,not_assessed,0.1.0
Q4LDD4,AlphaFold_DB,AF-Q4LDD4-F1,A,6,10090,1,1452,exact_full,1ea73f8154e4c1fcedbe734e87d85dc3f7b535f197901f5f416550cb2b4c6346,25d940cac6945319b17ae204a4f76e4c,predicted,,,https://alphafold.ebi.ac.uk/files/AF-Q4LDD4-F1-model_v6.cif,https://alphafold.ebi.ac.uk/files/AF-Q4LDD4-F1-model_v6.pdb,https://alphafold.ebi.ac.uk/files/AF-Q4LDD4-F1-confidence_v6.json,https://alphafold.ebi.ac.uk/files/AF-Q4LDD4-F1-predicted_aligned_error_v6.json,candidate,EXACT_FULL_SEQUENCE_LOCAL_QUALITY_PENDING,https://alphafold.ebi.ac.uk/api/prediction/Q4LDD4,86a3f1a7fad79e49202bc70c9997a8945f5ef37eba2be189da59d39c872916cd,not_assessed,0.1.0
Q4LDD4,PDBe_SIFTS,5xhz,C,,10090,80,90,not_assessed,,,X-ray diffraction,1.319,0.008,,,,,candidate,MOUSE_SIFTS_CANDIDATE_LOCAL_REVIEW_PENDING,https://www.ebi.ac.uk/pdbe/api/mappings/best_structures/Q4LDD4,14ce1ee71a8acd2a7b0f88265f446e5084e7dbc65de512495c88496f9eba873f,not_assessed,0.1.0
Q4LDD4,PDBe_SIFTS,5xhz,D,,10090,80,90,not_assessed,,,X-ray diffraction,1.319,0.008,,,,,candidate,MOUSE_SIFTS_CANDIDATE_LOCAL_REVIEW_PENDING,https://www.ebi.ac.uk/pdbe/api/mappings/best_structures/Q4LDD4,14ce1ee71a8acd2a7b0f88265f446e5084e7dbc65de512495c88496f9eba873f,not_assessed,0.1.0
Q4V9Z5,AlphaFold_DB,AF-Q4V9Z5-2-F1,A,6,10090,1,923,not_assessed,ae321613f87d6624b3ef8539de914204e4b1943063d3694d98ab56882a5551f8,37cfb0e97f083e293e024ce3518cf0bd,predicted,,,https://alphafold.ebi.ac.uk/files/AF-Q4V9Z5-2-F1-model_v6.cif,https://alphafold.ebi.ac.uk/files/AF-Q4V9Z5-2-F1-model_v6.pdb,https://alphafold.ebi.ac.uk/files/AF-Q4V9Z5-2-F1-confidence_v6.json,https://alphafold.ebi.ac.uk/files/AF-Q4V9Z5-2-F1-predicted_aligned_error_v6.json,held,ALPHAFOLD_ACCESSION_DIFFERS_FROM_CANONICAL,https://alphafold.ebi.ac.uk/api/prediction/Q4V9Z5,3135d8da47b7b4d92e68ecacfff87395adab794104506dfe81c436e14241856f,not_assessed,0.1.0
Q4V9Z5,AlphaFold_DB,AF-Q4V9Z5-3-F1,A,6,10090,1,863,not_assessed,374311eab3f70e7720210393fca3defcd9aba01f4e50130158754bfbd24af7df,2b5bcd35e4a2bf30aab2a615454ced3a,predicted,,,https://alphafold.ebi.ac.uk/files/AF-Q4V9Z5-3-F1-model_v6.cif,https://alphafold.ebi.ac.uk/files/AF-Q4V9Z5-3-F1-model_v6.pdb,https://alphafold.ebi.ac.uk/files/AF-Q4V9Z5-3-F1-confidence_v6.json,https://alphafold.ebi.ac.uk/files/AF-Q4V9Z5-3-F1-predicted_aligned_error_v6.json,held,ALPHAFOLD_ACCESSION_DIFFERS_FROM_CANONICAL,https://alphafold.ebi.ac.uk/api/prediction/Q4V9Z5,3135d8da47b7b4d92e68ecacfff87395adab794104506dfe81c436e14241856f,not_assessed,0.1.0
Q4V9Z5,AlphaFold_DB,AF-Q4V9Z5-F1,A,6,10090,1,910,exact_full,376530b356bbf7319003d0ce3682a0434cb2c338849544f1c18224b20c706013,5c4b3f6833462fd1c2009567ff297f32,predicted,,,https://alphafold.ebi.ac.uk/files/AF-Q4V9Z5-F1-model_v6.cif,https://alphafold.ebi.ac.uk/files/AF-Q4V9Z5-F1-model_v6.pdb,https://alphafold.ebi.ac.uk/files/AF-Q4V9Z5-F1-confidence_v6.json,https://alphafold.ebi.ac.uk/files/AF-Q4V9Z5-F1-predicted_aligned_error_v6.json,candidate,EXACT_FULL_SEQUENCE_LOCAL_QUALITY_PENDING,https://alphafold.ebi.ac.uk/api/prediction/Q4V9Z5,3135d8da47b7b4d92e68ecacfff87395adab794104506dfe81c436e14241856f,not_assessed,0.1.0
Q4VBE4,AlphaFold_DB,AF-Q4VBE4-2-F1,A,6,10090,1,1009,not_assessed,cea18763420936707aeab858dc8704c81faa0d606b7ad35568c9c329e9e3f3af,0e0bf1e258267daf694b20d6581caf18,predicted,,,https://alphafold.ebi.ac.uk/files/AF-Q4VBE4-2-F1-model_v6.cif,https://alphafold.ebi.ac.uk/files/AF-Q4VBE4-2-F1-model_v6.pdb,https://alphafold.ebi.ac.uk/files/AF-Q4VBE4-2-F1-confidence_v6.json,https://alphafold.ebi.ac.uk/files/AF-Q4VBE4-2-F1-predicted_aligned_error_v6.json,held,ALPHAFOLD_ACCESSION_DIFFERS_FROM_CANONICAL,https://alphafold.ebi.ac.uk/api/prediction/Q4VBE4,d4674f6b2502c17fec3174da86586c5545037e4ef3f30a44dfdb269214a2abaf,not_assessed,0.1.0
Q4VBE4,AlphaFold_DB,AF-Q4VBE4-F1,A,6,10090,1,1017,exact_full,c09bd4a216c0296ef981290eb43a4a80e09600b6dc9fd2227e38dd3bf3926e04,4a3199b1c8615e0faff95c95d45b7ea3,predicted,,,https://alphafold.ebi.ac.uk/files/AF-Q4VBE4-F1-model_v6.cif,https://alphafold.ebi.ac.uk/files/AF-Q4VBE4-F1-model_v6.pdb,https://alphafold.ebi.ac.uk/files/AF-Q4VBE4-F1-confidence_v6.json,https://alphafold.ebi.ac.uk/files/AF-Q4VBE4-F1-predicted_aligned_error_v6.json,candidate,EXACT_FULL_SEQUENCE_LOCAL_QUALITY_PENDING,https://alphafold.ebi.ac.uk/api/prediction/Q4VBE4,d4674f6b2502c17fec3174da86586c5545037e4ef3f30a44dfdb269214a2abaf,not_assessed,0.1.0
Q562E2,AlphaFold_DB,AF-Q562E2-2-F1,A,6,10090,1,950,not_assessed,bc32a72bd550a30f4940ba74e7dad7121ed4cd7b957d24bbc0f6032afd669cb7,77f20e1533f7d4231676de2b93781067,predicted,,,https://alphafold.ebi.ac.uk/files/AF-Q562E2-2-F1-model_v6.cif,https://alphafold.ebi.ac.uk/files/AF-Q562E2-2-F1-model_v6.pdb,https://alphafold.ebi.ac.uk/files/AF-Q562E2-2-F1-confidence_v6.json,https://alphafold.ebi.ac.uk/files/AF-Q562E2-2-F1-predicted_aligned_error_v6.json,held,ALPHAFOLD_ACCESSION_DIFFERS_FROM_CANONICAL,https://alphafold.ebi.ac.uk/api/prediction/Q562E2,299159b7297357017bef1ba5b7751b9dcae68c19d6fb03d91f9a62c24d297338,not_assessed,0.1.0
Q562E2,AlphaFold_DB,AF-Q562E2-F1,A,6,10090,1,927,exact_full,97b5a7c28234e45de97ba9c72e17cb2f269c78ff8cc8fe9bd3bf21a616a5a163,abbb0bf11ce5c7e3205745fae5bf5a8b,predicted,,,https://alphafold.ebi.ac.uk/files/AF-Q562E2-F1-model_v6.cif,https://alphafold.ebi.ac.uk/files/AF-Q562E2-F1-model_v6.pdb,https://alphafold.ebi.ac.uk/files/AF-Q562E2-F1-confidence_v6.json,https://alphafold.ebi.ac.uk/files/AF-Q562E2-F1-predicted_aligned_error_v6.json,candidate,EXACT_FULL_SEQUENCE_LOCAL_QUALITY_PENDING,https://alphafold.ebi.ac.uk/api/prediction/Q562E2,299159b7297357017bef1ba5b7751b9dcae68c19d6fb03d91f9a62c24d297338,not_assessed,0.1.0
Q571E4,AlphaFold_DB,AF-Q571E4-F1,A,6,10090,1,520,exact_full,2d4db88162788f3120db6fd4dfa6625dbf851ebcb594ac009d575886968222c2,e4ec485e32098c48fb139241a89017db,predicted,,,https://alphafold.ebi.ac.uk/files/AF-Q571E4-F1-model_v6.cif,https://alphafold.ebi.ac.uk/files/AF-Q571E4-F1-model_v6.pdb,https://alphafold.ebi.ac.uk/files/AF-Q571E4-F1-confidence_v6.json,https://alphafold.ebi.ac.uk/files/AF-Q571E4-F1-predicted_aligned_error_v6.json,candidate,EXACT_FULL_SEQUENCE_LOCAL_QUALITY_PENDING,https://alphafold.ebi.ac.uk/api/prediction/Q571E4,c598257edf3158aac9a2f2eb5a4fbfbbceeb95eb751adcd8102014928d56a45a,not_assessed,0.1.0
Q5BKP2,AlphaFold_DB,AF-Q5BKP2-F1,A,6,10090,1,858,exact_full,cb9fe53efa82d4033bd389bbdd18c137419f3218e727f714b6dfd103bb70451a,05ea06a59b5ba5bfd50e5eaee1609500,predicted,,,https://alphafold.ebi.ac.uk/files/AF-Q5BKP2-F1-model_v6.cif,https://alphafold.ebi.ac.uk/files/AF-Q5BKP2-F1-model_v6.pdb,https://alphafold.ebi.ac.uk/files/AF-Q5BKP2-F1-confidence_v6.json,https://alphafold.ebi.ac.uk/files/AF-Q5BKP2-F1-predicted_aligned_error_v6.json,candidate,EXACT_FULL_SEQUENCE_LOCAL_QUALITY_PENDING,https://alphafold.ebi.ac.uk/api/prediction/Q5BKP2,345d96db1e794fbd6fb7520e862bba36981d9d87d485a5a68f5d37a358d599a4,not_assessed,0.1.0
Q5DTX6,AlphaFold_DB,AF-Q5DTX6-F1,A,6,10090,1,1320,exact_full,2a5e04a7581c28244c65cb10e106037afb2e159946b43e2fea5fdc7e10d488a3,e8814b519205361b74cce11824c767d4,predicted,,,https://alphafold.ebi.ac.uk/files/AF-Q5DTX6-F1-model_v6.cif,https://alphafold.ebi.ac.uk/files/AF-Q5DTX6-F1-model_v6.pdb,https://alphafold.ebi.ac.uk/files/AF-Q5DTX6-F1-confidence_v6.json,https://alphafold.ebi.ac.uk/files/AF-Q5DTX6-F1-predicted_aligned_error_v6.json,candidate,EXACT_FULL_SEQUENCE_LOCAL_QUALITY_PENDING,https://alphafold.ebi.ac.uk/api/prediction/Q5DTX6,207243d584e7cc6ef0111a9d3b18a0216b45af311ced532418d6dbd7d674dbf1,not_assessed,0.1.0
Q5FW85,AlphaFold_DB,AF-Q5FW85-F1,A,6,10090,1,670,exact_full,a9f409224f351d8cc6f646ec5a77e3979008595bc242fd6454d9c7665322a2a8,0905d234b47c4ac0f3d85daa611366aa,predicted,,,https://alphafold.ebi.ac.uk/files/AF-Q5FW85-F1-model_v6.cif,https://alphafold.ebi.ac.uk/files/AF-Q5FW85-F1-model_v6.pdb,https://alphafold.ebi.ac.uk/files/AF-Q5FW85-F1-confidence_v6.json,https://alphafold.ebi.ac.uk/files/AF-Q5FW85-F1-predicted_aligned_error_v6.json,candidate,EXACT_FULL_SEQUENCE_LOCAL_QUALITY_PENDING,https://alphafold.ebi.ac.uk/api/prediction/Q5FW85,c7c6a2c194ad643d4fd92ee9d5f7e94dea757d83c280165ff7d3cd70d8efbd22,not_assessed,0.1.0
Q5SSZ5,AlphaFold_DB,AF-Q5SSZ5-2-F1,A,6,10090,1,550,not_assessed,f6846975d2c71c0c3c531ac23e8a9586a9b76d5b1223fd0a95ffcd75cff95a9f,64dbbcc2449aefc0e38aa3c50813c50e,predicted,,,https://alphafold.ebi.ac.uk/files/AF-Q5SSZ5-2-F1-model_v6.cif,https://alphafold.ebi.ac.uk/files/AF-Q5SSZ5-2-F1-model_v6.pdb,https://alphafold.ebi.ac.uk/files/AF-Q5SSZ5-2-F1-confidence_v6.json,https://alphafold.ebi.ac.uk/files/AF-Q5SSZ5-2-F1-predicted_aligned_error_v6.json,held,ALPHAFOLD_ACCESSION_DIFFERS_FROM_CANONICAL,https://alphafold.ebi.ac.uk/api/prediction/Q5SSZ5,cbfa678f558e807a1317c10f5a9cd3c8a7e8c66b1175a02f1aeed4d3073640a4,not_assessed,0.1.0
Q5SSZ5,AlphaFold_DB,AF-Q5SSZ5-F1,A,6,10090,1,1440,exact_full,ccbee360eee68af965cdf55970f86743a9dff71c8d18e2827f08683070edddf3,dddd1e8bec048978d4fe412821cd88cc,predicted,,,https://alphafold.ebi.ac.uk/files/AF-Q5SSZ5-F1-model_v6.cif,https://alphafold.ebi.ac.uk/files/AF-Q5SSZ5-F1-model_v6.pdb,https://alphafold.ebi.ac.uk/files/AF-Q5SSZ5-F1-confidence_v6.json,https://alphafold.ebi.ac.uk/files/AF-Q5SSZ5-F1-predicted_aligned_error_v6.json,candidate,EXACT_FULL_SEQUENCE_LOCAL_QUALITY_PENDING,https://alphafold.ebi.ac.uk/api/prediction/Q5SSZ5,cbfa678f558e807a1317c10f5a9cd3c8a7e8c66b1175a02f1aeed4d3073640a4,not_assessed,0.1.0
Q5SUC9,AlphaFold_DB,AF-Q5SUC9-F1,A,6,10090,1,284,exact_full,14ab5466447f8d7914bf0fd3e5795b3d4470d8c8e81c3df2ab700d2f12a82dff,04467dbbba07d3195310aa85ce865dc8,predicted,,,https://alphafold.ebi.ac.uk/files/AF-Q5SUC9-F1-model_v6.cif,https://alphafold.ebi.ac.uk/files/AF-Q5SUC9-F1-model_v6.pdb,https://alphafold.ebi.ac.uk/files/AF-Q5SUC9-F1-confidence_v6.json,https://alphafold.ebi.ac.uk/files/AF-Q5SUC9-F1-predicted_aligned_error_v6.json,candidate,EXACT_FULL_SEQUENCE_LOCAL_QUALITY_PENDING,https://alphafold.ebi.ac.uk/api/prediction/Q5SUC9,9af21b03430771487ab4c21f2b75e8b37865a2b47ec8b5451f6c7d34b1d0729a,not_assessed,0.1.0
Q5SUF2,AlphaFold_DB,AF-Q5SUF2-2-F1,A,6,10090,1,491,not_assessed,1414e893f365ce0a57ed3980cd0ce706cb4f4e33ac83784368cdd7bb71ba1463,b38fa72b8d26fa02da40c28b0766f91e,predicted,,,https://alphafold.ebi.ac.uk/files/AF-Q5SUF2-2-F1-model_v6.cif,https://alphafold.ebi.ac.uk/files/AF-Q5SUF2-2-F1-model_v6.pdb,https://alphafold.ebi.ac.uk/files/AF-Q5SUF2-2-F1-confidence_v6.json,https://alphafold.ebi.ac.uk/files/AF-Q5SUF2-2-F1-predicted_aligned_error_v6.json,held,ALPHAFOLD_ACCESSION_DIFFERS_FROM_CANONICAL,https://alphafold.ebi.ac.uk/api/prediction/Q5SUF2,fd9ee863090d7d685a7a9a31a84caf231bd6d0273535bce31b1d119e02dcb367,not_assessed,0.1.0
Q5SUF2,AlphaFold_DB,AF-Q5SUF2-3-F1,A,6,10090,1,477,not_assessed,a1056b94e5fd62506c6f859b163421aea455d660964ba2dcfc76cb300d363dc8,2eab7adcd3b21501001c769418a5dcb3,predicted,,,https://alphafold.ebi.ac.uk/files/AF-Q5SUF2-3-F1-model_v6.cif,https://alphafold.ebi.ac.uk/files/AF-Q5SUF2-3-F1-model_v6.pdb,https://alphafold.ebi.ac.uk/files/AF-Q5SUF2-3-F1-confidence_v6.json,https://alphafold.ebi.ac.uk/files/AF-Q5SUF2-3-F1-predicted_aligned_error_v6.json,held,ALPHAFOLD_ACCESSION_DIFFERS_FROM_CANONICAL,https://alphafold.ebi.ac.uk/api/prediction/Q5SUF2,fd9ee863090d7d685a7a9a31a84caf231bd6d0273535bce31b1d119e02dcb367,not_assessed,0.1.0
Q5SUF2,AlphaFold_DB,AF-Q5SUF2-F1,A,6,10090,1,432,exact_full,de0ac2d612eb3d6c7f10cb9e17b008e8422dd3674d332bb4ea5ac7bfde948086,cb738a0b0888afe0772466729605c275,predicted,,,https://alphafold.ebi.ac.uk/files/AF-Q5SUF2-F1-model_v6.cif,https://alphafold.ebi.ac.uk/files/AF-Q5SUF2-F1-model_v6.pdb,https://alphafold.ebi.ac.uk/files/AF-Q5SUF2-F1-confidence_v6.json,https://alphafold.ebi.ac.uk/files/AF-Q5SUF2-F1-predicted_aligned_error_v6.json,candidate,EXACT_FULL_SEQUENCE_LOCAL_QUALITY_PENDING,https://alphafold.ebi.ac.uk/api/prediction/Q5SUF2,fd9ee863090d7d685a7a9a31a84caf231bd6d0273535bce31b1d119e02dcb367,not_assessed,0.1.0
Q5SV41,AlphaFold_DB,AF-Q5SV41-F1,A,6,10090,1,214,exact_full,f628ee2d3e422041cc26faf000a58ee49159167949c39c53eb9abdd12d1ac59c,b6d92f1a36097000c6a87afc00f4b323,predicted,,,https://alphafold.ebi.ac.uk/files/AF-Q5SV41-F1-model_v6.cif,https://alphafold.ebi.ac.uk/files/AF-Q5SV41-F1-model_v6.pdb,https://alphafold.ebi.ac.uk/files/AF-Q5SV41-F1-confidence_v6.json,https://alphafold.ebi.ac.uk/files/AF-Q5SV41-F1-predicted_aligned_error_v6.json,candidate,EXACT_FULL_SEQUENCE_LOCAL_QUALITY_PENDING,https://alphafold.ebi.ac.uk/api/prediction/Q5SV41,6cf3d667992955f97e64e653146fe23cebbfe590cbdd8e26fd443bd8ac07944a,not_assessed,0.1.0
Q60765,AlphaFold_DB,AF-Q60765-F1,A,6,10090,1,181,exact_full,dfd03c537cc6af6cf1253c19e07b02b43bc3f1b6781dcf1cd00224a704afa648,8894ae16e8124cd4317ef5442759bf30,predicted,,,https://alphafold.ebi.ac.uk/files/AF-Q60765-F1-model_v6.cif,https://alphafold.ebi.ac.uk/files/AF-Q60765-F1-model_v6.pdb,https://alphafold.ebi.ac.uk/files/AF-Q60765-F1-confidence_v6.json,https://alphafold.ebi.ac.uk/files/AF-Q60765-F1-predicted_aligned_error_v6.json,candidate,EXACT_FULL_SEQUENCE_LOCAL_QUALITY_PENDING,https://alphafold.ebi.ac.uk/api/prediction/Q60765,7ff1441ec91b2a86308e521f9f70adfd7b26c7f94499a9bf5f8ed6c58e77fb60,not_assessed,0.1.0
Q60773,AlphaFold_DB,AF-Q60773-F1,A,6,10090,1,166,exact_full,58abb0ac04f2d8ad54dd7ce46c2d04e315b9ea7d7451267618c989e5c213bfae,87c0b291840cbf50bef5f411ca509471,predicted,,,https://alphafold.ebi.ac.uk/files/AF-Q60773-F1-model_v6.cif,https://alphafold.ebi.ac.uk/files/AF-Q60773-F1-model_v6.pdb,https://alphafold.ebi.ac.uk/files/AF-Q60773-F1-confidence_v6.json,https://alphafold.ebi.ac.uk/files/AF-Q60773-F1-predicted_aligned_error_v6.json,candidate,EXACT_FULL_SEQUENCE_LOCAL_QUALITY_PENDING,https://alphafold.ebi.ac.uk/api/prediction/Q60773,4d59b90185ccbff46bd26e9c58eb679636483f70f0a5f26ebfb51e524b16d9d1,not_assessed,0.1.0
Q60773,PDBe_SIFTS,1ap7,A,,10090,1,166,not_assessed,,,Solution NMR,,1.0,,,,,candidate,MOUSE_SIFTS_CANDIDATE_LOCAL_REVIEW_PENDING,https://www.ebi.ac.uk/pdbe/api/mappings/best_structures/Q60773,98522caab2fd07653d14eeedb735c30bb0dc3e49af2a537e8cd2d6f4728333a1,not_assessed,0.1.0
Q60773,PDBe_SIFTS,1blx,B,,10090,1,166,not_assessed,,,X-ray diffraction,1.9,1.0,,,,,candidate,MOUSE_SIFTS_CANDIDATE_LOCAL_REVIEW_PENDING,https://www.ebi.ac.uk/pdbe/api/mappings/best_structures/Q60773,98522caab2fd07653d14eeedb735c30bb0dc3e49af2a537e8cd2d6f4728333a1,not_assessed,0.1.0
Q60787,AlphaFold_DB,AF-Q60787-F1,A,6,10090,1,533,exact_full,a56b973d5aa050fff7e9efd9322bce2b5dad3b49835e0262f0cd197399caa256,acfc3d07d3c7469ae30a146869d737a3,predicted,,,https://alphafold.ebi.ac.uk/files/AF-Q60787-F1-model_v6.cif,https://alphafold.ebi.ac.uk/files/AF-Q60787-F1-model_v6.pdb,https://alphafold.ebi.ac.uk/files/AF-Q60787-F1-confidence_v6.json,https://alphafold.ebi.ac.uk/files/AF-Q60787-F1-predicted_aligned_error_v6.json,candidate,EXACT_FULL_SEQUENCE_LOCAL_QUALITY_PENDING,https://alphafold.ebi.ac.uk/api/prediction/Q60787,f0bef4dd334d50e2f37ea6cb754a2c60ae885de66bce7caf68456d58dfd9c5a8,not_assessed,0.1.0
Q60787,PDBe_SIFTS,1oeb,C,,10090,231,243,not_assessed,,,X-ray diffraction,1.76,0.024,,,,,candidate,MOUSE_SIFTS_CANDIDATE_LOCAL_REVIEW_PENDING,https://www.ebi.ac.uk/pdbe/api/mappings/best_structures/Q60787,3db9caeae2314da592185ebbe9dab4bd2307428b695fcd872dcdb9a627f03303,not_assessed,0.1.0
Q60787,PDBe_SIFTS,1oeb,D,,10090,231,243,not_assessed,,,X-ray diffraction,1.76,0.024,,,,,candidate,MOUSE_SIFTS_CANDIDATE_LOCAL_REVIEW_PENDING,https://www.ebi.ac.uk/pdbe/api/mappings/best_structures/Q60787,3db9caeae2314da592185ebbe9dab4bd2307428b695fcd872dcdb9a627f03303,not_assessed,0.1.0
Q60787,PDBe_SIFTS,2etz,B,,10090,143,148,not_assessed,,,Solution NMR,,0.011,,,,,candidate,MOUSE_SIFTS_CANDIDATE_LOCAL_REVIEW_PENDING,https://www.ebi.ac.uk/pdbe/api/mappings/best_structures/Q60787,3db9caeae2314da592185ebbe9dab4bd2307428b695fcd872dcdb9a627f03303,not_assessed,0.1.0
Q60787,PDBe_SIFTS,2eu0,B,,10090,143,148,not_assessed,,,Solution NMR,,0.011,,,,,candidate,MOUSE_SIFTS_CANDIDATE_LOCAL_REVIEW_PENDING,https://www.ebi.ac.uk/pdbe/api/mappings/best_structures/Q60787,3db9caeae2314da592185ebbe9dab4bd2307428b695fcd872dcdb9a627f03303,not_assessed,0.1.0
Q60803,AlphaFold_DB,AF-Q60803-F1,A,6,10090,1,567,exact_full,216d69600ca8ad98b92e39409ad5067db596b24ec2eed2f34484dc2d1a529f31,dec7b538e48e04f1675d67a15cf3cee6,predicted,,,https://alphafold.ebi.ac.uk/files/AF-Q60803-F1-model_v6.cif,https://alphafold.ebi.ac.uk/files/AF-Q60803-F1-model_v6.pdb,https://alphafold.ebi.ac.uk/files/AF-Q60803-F1-confidence_v6.json,https://alphafold.ebi.ac.uk/files/AF-Q60803-F1-predicted_aligned_error_v6.json,candidate,EXACT_FULL_SEQUENCE_LOCAL_QUALITY_PENDING,https://alphafold.ebi.ac.uk/api/prediction/Q60803,38ad3e3d99373922dac4cd2a7ee6906a3ce9c750f0675e0f31c032a59ddca8bf,not_assessed,0.1.0
Q60803,PDBe_SIFTS,4ghu,A,,10090,376,567,not_assessed,,,X-ray diffraction,2.199,0.339,,,,,candidate,MOUSE_SIFTS_CANDIDATE_LOCAL_REVIEW_PENDING,https://www.ebi.ac.uk/pdbe/api/mappings/best_structures/Q60803,696648d17f9c13c3b1e50a9903398bdf4eadf88b2b1ce49cad2de6bc874ab599,not_assessed,0.1.0
Q60805,AlphaFold_DB,AF-Q60805-F1,A,6,10090,1,994,exact_full,73562e3b769ab7247b43b3393812614f68016dc7cfa273963004b8b68626d030,3fa19e5dad4027b40539c72dc910edd5,predicted,,,https://alphafold.ebi.ac.uk/files/AF-Q60805-F1-model_v6.cif,https://alphafold.ebi.ac.uk/files/AF-Q60805-F1-model_v6.pdb,https://alphafold.ebi.ac.uk/files/AF-Q60805-F1-confidence_v6.json,https://alphafold.ebi.ac.uk/files/AF-Q60805-F1-predicted_aligned_error_v6.json,candidate,EXACT_FULL_SEQUENCE_LOCAL_QUALITY_PENDING,https://alphafold.ebi.ac.uk/api/prediction/Q60805,659f673244a61457bf0dcc26d71543e81c7414b957624573975dc4b4873e4ce0,not_assessed,0.1.0
Q60848,AlphaFold_DB,AF-Q60848-2-F1,A,6,10090,1,808,not_assessed,a2c548664e572fdeb6708a763302e66494ef2e22c9009d28a41152dff717b9bb,3e375f61e4c30a13e060e289fcea3f52,predicted,,,https://alphafold.ebi.ac.uk/files/AF-Q60848-2-F1-model_v6.cif,https://alphafold.ebi.ac.uk/files/AF-Q60848-2-F1-model_v6.pdb,https://alphafold.ebi.ac.uk/files/AF-Q60848-2-F1-confidence_v6.json,https://alphafold.ebi.ac.uk/files/AF-Q60848-2-F1-predicted_aligned_error_v6.json,held,ALPHAFOLD_ACCESSION_DIFFERS_FROM_CANONICAL,https://alphafold.ebi.ac.uk/api/prediction/Q60848,1ddf277c74a600d609ba6f6554f68411429d038190645079308e0ae9c77140b9,not_assessed,0.1.0
Q60848,AlphaFold_DB,AF-Q60848-F1,A,6,10090,1,821,exact_full,04df4cb983590724c5eac4991e7763a1438d1f2b2f3909c5983df7c8c65946ed,fe0872cff2c56a850482d2a5b8155351,predicted,,,https://alphafold.ebi.ac.uk/files/AF-Q60848-F1-model_v6.cif,https://alphafold.ebi.ac.uk/files/AF-Q60848-F1-model_v6.pdb,https://alphafold.ebi.ac.uk/files/AF-Q60848-F1-confidence_v6.json,https://alphafold.ebi.ac.uk/files/AF-Q60848-F1-predicted_aligned_error_v6.json,candidate,EXACT_FULL_SEQUENCE_LOCAL_QUALITY_PENDING,https://alphafold.ebi.ac.uk/api/prediction/Q60848,1ddf277c74a600d609ba6f6554f68411429d038190645079308e0ae9c77140b9,not_assessed,0.1.0
Q60857,AlphaFold_DB,AF-Q60857-F1,A,6,10090,1,630,exact_full,38cd9fe76804a7211aecc5267871121fc6e03e156e72d2dfa8dc2a5cf239365a,8a0e7a004ca2366c21846616776177c0,predicted,,,https://alphafold.ebi.ac.uk/files/AF-Q60857-F1-model_v6.cif,https://alphafold.ebi.ac.uk/files/AF-Q60857-F1-model_v6.pdb,https://alphafold.ebi.ac.uk/files/AF-Q60857-F1-confidence_v6.json,https://alphafold.ebi.ac.uk/files/AF-Q60857-F1-predicted_aligned_error_v6.json,candidate,EXACT_FULL_SEQUENCE_LOCAL_QUALITY_PENDING,https://alphafold.ebi.ac.uk/api/prediction/Q60857,65606148b9073e15e57002b8c6d0ca1c27b9794a9b1b8ce64fbdc6d58c0af660,not_assessed,0.1.0
Q61024,AlphaFold_DB,AF-0000000005931769,A,1,866789,1,561,not_assessed,5f62177460b6773b1c41ed6a6e8a0d3732d9ec72a1239174a8f9fe1fbb8cb4aa,5ea95b2a96bc77b204547a26b091ab83,predicted,,,https://alphafold.ebi.ac.uk/files/AF-0000000005931769-model_v1.cif,https://alphafold.ebi.ac.uk/files/AF-0000000005931769-model_v1.pdb,https://alphafold.ebi.ac.uk/files/AF-0000000005931769-confidence_v1.json,https://alphafold.ebi.ac.uk/files/AF-0000000005931769-predicted_aligned_error_v1.json,held,ALPHAFOLD_MOUSE_TAXONOMY_NOT_CONFIRMED,https://alphafold.ebi.ac.uk/api/prediction/Q61024,7818daca87cee0a0ef4f0d0e16aba907f4fdd1e2e28066f1bfca959371e23974,not_assessed,0.1.0
Q61024,AlphaFold_DB,AF-Q61024-F1,A,6,10090,1,561,exact_full,5f62177460b6773b1c41ed6a6e8a0d3732d9ec72a1239174a8f9fe1fbb8cb4aa,5ea95b2a96bc77b204547a26b091ab83,predicted,,,https://alphafold.ebi.ac.uk/files/AF-Q61024-F1-model_v6.cif,https://alphafold.ebi.ac.uk/files/AF-Q61024-F1-model_v6.pdb,https://alphafold.ebi.ac.uk/files/AF-Q61024-F1-confidence_v6.json,https://alphafold.ebi.ac.uk/files/AF-Q61024-F1-predicted_aligned_error_v6.json,candidate,EXACT_FULL_SEQUENCE_LOCAL_QUALITY_PENDING,https://alphafold.ebi.ac.uk/api/prediction/Q61024,7818daca87cee0a0ef4f0d0e16aba907f4fdd1e2e28066f1bfca959371e23974,not_assessed,0.1.0
Q61033,AlphaFold_DB,AF-Q61033-2-F1,A,6,10090,1,225,not_assessed,c35a41c90b97ae99e225cb07b2371bba0457aebe99ef9330f47849e46480f084,1a49ec4ab3f86bb0df2d76699d51e3af,predicted,,,https://alphafold.ebi.ac.uk/files/AF-Q61033-2-F1-model_v6.cif,https://alphafold.ebi.ac.uk/files/AF-Q61033-2-F1-model_v6.pdb,https://alphafold.ebi.ac.uk/files/AF-Q61033-2-F1-confidence_v6.json,https://alphafold.ebi.ac.uk/files/AF-Q61033-2-F1-predicted_aligned_error_v6.json,held,ALPHAFOLD_ACCESSION_DIFFERS_FROM_CANONICAL,https://alphafold.ebi.ac.uk/api/prediction/Q61033,12b7e4864c2332b15713800664349ea92a6d67a638cb7bd7d77ca95b49dcf6ce,not_assessed,0.1.0
Q61033,AlphaFold_DB,AF-Q61033-F1,A,6,10090,1,693,exact_full,904693f05db239f8cd0c133eaaa740fd12e319ce69b8186353f4bc9a5da8563f,1f98a294225e0adfc59131ee4d422b5b,predicted,,,https://alphafold.ebi.ac.uk/files/AF-Q61033-F1-model_v6.cif,https://alphafold.ebi.ac.uk/files/AF-Q61033-F1-model_v6.pdb,https://alphafold.ebi.ac.uk/files/AF-Q61033-F1-confidence_v6.json,https://alphafold.ebi.ac.uk/files/AF-Q61033-F1-predicted_aligned_error_v6.json,candidate,EXACT_FULL_SEQUENCE_LOCAL_QUALITY_PENDING,https://alphafold.ebi.ac.uk/api/prediction/Q61033,12b7e4864c2332b15713800664349ea92a6d67a638cb7bd7d77ca95b49dcf6ce,not_assessed,0.1.0
Q61033,PDBe_SIFTS,2v0x,A,,10090,459,693,not_assessed,,,X-ray diffraction,2.2,0.339,,,,,candidate,MOUSE_SIFTS_CANDIDATE_LOCAL_REVIEW_PENDING,https://www.ebi.ac.uk/pdbe/api/mappings/best_structures/Q61033,e7ee8694df4a22f073d15bac2879b1bd3b0affb7ad7d108ae888f4a37abbffea,not_assessed,0.1.0
Q61033,PDBe_SIFTS,2v0x,B,,10090,459,693,not_assessed,,,X-ray diffraction,2.2,0.339,,,,,candidate,MOUSE_SIFTS_CANDIDATE_LOCAL_REVIEW_PENDING,https://www.ebi.ac.uk/pdbe/api/mappings/best_structures/Q61033,e7ee8694df4a22f073d15bac2879b1bd3b0affb7ad7d108ae888f4a37abbffea,not_assessed,0.1.0
Q61093,AlphaFold_DB,AF-Q61093-F1,A,6,10090,1,570,exact_full,efc19b363f246f52cc2df5367a4ec1c4d73497f5a31e97dbd53b0631fabccf27,e2cd6c8609b7e4ac113778c012ea81af,predicted,,,https://alphafold.ebi.ac.uk/files/AF-Q61093-F1-model_v6.cif,https://alphafold.ebi.ac.uk/files/AF-Q61093-F1-model_v6.pdb,https://alphafold.ebi.ac.uk/files/AF-Q61093-F1-confidence_v6.json,https://alphafold.ebi.ac.uk/files/AF-Q61093-F1-predicted_aligned_error_v6.json,candidate,EXACT_FULL_SEQUENCE_LOCAL_QUALITY_PENDING,https://alphafold.ebi.ac.uk/api/prediction/Q61093,06bb4c981825763933a5274773f80cc071c808b449fb023c32758b6f0c7b356b,not_assessed,0.1.0
Q61147,AlphaFold_DB,AF-Q61147-F1,A,6,10090,1,1061,exact_full,ba490af403d6f29a3202ff5b9dee2ee84c1d8778ca12d7edfd77dad59712bb10,ae027daa05ebcba1595fcd69fc31a27f,predicted,,,https://alphafold.ebi.ac.uk/files/AF-Q61147-F1-model_v6.cif,https://alphafold.ebi.ac.uk/files/AF-Q61147-F1-model_v6.pdb,https://alphafold.ebi.ac.uk/files/AF-Q61147-F1-confidence_v6.json,https://alphafold.ebi.ac.uk/files/AF-Q61147-F1-predicted_aligned_error_v6.json,candidate,EXACT_FULL_SEQUENCE_LOCAL_QUALITY_PENDING,https://alphafold.ebi.ac.uk/api/prediction/Q61147,986d8397428a9479e76563e4106a8cd430e6914012848a981d336806d6d220e5,not_assessed,0.1.0
Q61207,AlphaFold_DB,AF-Q61207-F1,A,6,10090,1,557,exact_full,3cbf613222512dfcddc3bc01387fab8a24868c90ab7287efaec3d3b83dc100a1,96008cb871e4cf25e9bd128777a37063,predicted,,,https://alphafold.ebi.ac.uk/files/AF-Q61207-F1-model_v6.cif,https://alphafold.ebi.ac.uk/files/AF-Q61207-F1-model_v6.pdb,https://alphafold.ebi.ac.uk/files/AF-Q61207-F1-confidence_v6.json,https://alphafold.ebi.ac.uk/files/AF-Q61207-F1-predicted_aligned_error_v6.json,candidate,EXACT_FULL_SEQUENCE_LOCAL_QUALITY_PENDING,https://alphafold.ebi.ac.uk/api/prediction/Q61207,816b81a081478b4ab2124c1286eac78c2b08a0f24f15a47a097e40083675a06c,not_assessed,0.1.0
Q61207,PDBe_SIFTS,5nxb,C,,10090,59,143,not_assessed,,,X-ray diffraction,3.6,0.157,,,,,candidate,MOUSE_SIFTS_CANDIDATE_LOCAL_REVIEW_PENDING,https://www.ebi.ac.uk/pdbe/api/mappings/best_structures/Q61207,83e26118cf66dae020994940a7e36c6e6ac2f0e4a41e0e132a8a707dda521d2c,not_assessed,0.1.0
Q61207,PDBe_SIFTS,5nxb,D,,10090,59,143,not_assessed,,,X-ray diffraction,3.6,0.157,,,,,candidate,MOUSE_SIFTS_CANDIDATE_LOCAL_REVIEW_PENDING,https://www.ebi.ac.uk/pdbe/api/mappings/best_structures/Q61207,83e26118cf66dae020994940a7e36c6e6ac2f0e4a41e0e132a8a707dda521d2c,not_assessed,0.1.0
Q61207,PDBe_SIFTS,5u85,A,,10090,438,519,not_assessed,,,X-ray diffraction,1.65,0.152,,,,,candidate,MOUSE_SIFTS_CANDIDATE_LOCAL_REVIEW_PENDING,https://www.ebi.ac.uk/pdbe/api/mappings/best_structures/Q61207,83e26118cf66dae020994940a7e36c6e6ac2f0e4a41e0e132a8a707dda521d2c,not_assessed,0.1.0
Q61207,PDBe_SIFTS,5u85,B,,10090,438,519,not_assessed,,,X-ray diffraction,1.65,0.152,,,,,candidate,MOUSE_SIFTS_CANDIDATE_LOCAL_REVIEW_PENDING,https://www.ebi.ac.uk/pdbe/api/mappings/best_structures/Q61207,83e26118cf66dae020994940a7e36c6e6ac2f0e4a41e0e132a8a707dda521d2c,not_assessed,0.1.0
Q61207,PDBe_SIFTS,7p4t,A,,10090,60,142,not_assessed,,,X-ray diffraction,3.17,0.153,,,,,candidate,MOUSE_SIFTS_CANDIDATE_LOCAL_REVIEW_PENDING,https://www.ebi.ac.uk/pdbe/api/mappings/best_structures/Q61207,83e26118cf66dae020994940a7e36c6e6ac2f0e4a41e0e132a8a707dda521d2c,not_assessed,0.1.0
Q61207,PDBe_SIFTS,7p4t,B,,10090,60,142,not_assessed,,,X-ray diffraction,3.17,0.153,,,,,candidate,MOUSE_SIFTS_CANDIDATE_LOCAL_REVIEW_PENDING,https://www.ebi.ac.uk/pdbe/api/mappings/best_structures/Q61207,83e26118cf66dae020994940a7e36c6e6ac2f0e4a41e0e132a8a707dda521d2c,not_assessed,0.1.0
Q61207,PDBe_SIFTS,7p4t,C,,10090,60,142,not_assessed,,,X-ray diffraction,3.17,0.153,,,,,candidate,MOUSE_SIFTS_CANDIDATE_LOCAL_REVIEW_PENDING,https://www.ebi.ac.uk/pdbe/api/mappings/best_structures/Q61207,83e26118cf66dae020994940a7e36c6e6ac2f0e4a41e0e132a8a707dda521d2c,not_assessed,0.1.0
Q61207,PDBe_SIFTS,7p4t,D,,10090,60,142,not_assessed,,,X-ray diffraction,3.17,0.153,,,,,candidate,MOUSE_SIFTS_CANDIDATE_LOCAL_REVIEW_PENDING,https://www.ebi.ac.uk/pdbe/api/mappings/best_structures/Q61207,83e26118cf66dae020994940a7e36c6e6ac2f0e4a41e0e132a8a707dda521d2c,not_assessed,0.1.0
Q61234,AlphaFold_DB,AF-Q61234-F1,A,6,10090,1,503,exact_full,699fa4313bbae1726ed8f26a10b3bde202b4b8328b8c4c2ea4ca2badcf305501,f492876581d9af3385a6a8a8a7249d59,predicted,,,https://alphafold.ebi.ac.uk/files/AF-Q61234-F1-model_v6.cif,https://alphafold.ebi.ac.uk/files/AF-Q61234-F1-model_v6.pdb,https://alphafold.ebi.ac.uk/files/AF-Q61234-F1-confidence_v6.json,https://alphafold.ebi.ac.uk/files/AF-Q61234-F1-predicted_aligned_error_v6.json,candidate,EXACT_FULL_SEQUENCE_LOCAL_QUALITY_PENDING,https://alphafold.ebi.ac.uk/api/prediction/Q61234,fc0f544bf15ab2a7ef7792c52b9d32bcc0ff2f4aaef8cd44e55da4d3751fc8c5,not_assessed,0.1.0
Q61234,PDBe_SIFTS,1qav,A,,10090,75,164,not_assessed,,,X-ray diffraction,1.9,0.179,,,,,candidate,MOUSE_SIFTS_CANDIDATE_LOCAL_REVIEW_PENDING,https://www.ebi.ac.uk/pdbe/api/mappings/best_structures/Q61234,262cecb29ab5c1fb279c548052f4aae3f5806789438b7811c3ab9edebf3dbd69,not_assessed,0.1.0
Q61234,PDBe_SIFTS,1z86,A,,10090,79,165,not_assessed,,,Solution NMR,,0.173,,,,,candidate,MOUSE_SIFTS_CANDIDATE_LOCAL_REVIEW_PENDING,https://www.ebi.ac.uk/pdbe/api/mappings/best_structures/Q61234,262cecb29ab5c1fb279c548052f4aae3f5806789438b7811c3ab9edebf3dbd69,not_assessed,0.1.0
Q61234,PDBe_SIFTS,1z87,A,,10090,2,264,not_assessed,,,Solution NMR,,0.523,,,,,candidate,MOUSE_SIFTS_CANDIDATE_LOCAL_REVIEW_PENDING,https://www.ebi.ac.uk/pdbe/api/mappings/best_structures/Q61234,262cecb29ab5c1fb279c548052f4aae3f5806789438b7811c3ab9edebf3dbd69,not_assessed,0.1.0
Q61234,PDBe_SIFTS,2adz,A,,10090,2,264,not_assessed,,,Solution NMR,,0.354,,,,,candidate,MOUSE_SIFTS_CANDIDATE_LOCAL_REVIEW_PENDING,https://www.ebi.ac.uk/pdbe/api/mappings/best_structures/Q61234,262cecb29ab5c1fb279c548052f4aae3f5806789438b7811c3ab9edebf3dbd69,not_assessed,0.1.0
Q61234,PDBe_SIFTS,2pdz,A,,10090,79,164,not_assessed,,,Solution NMR,,0.171,,,,,candidate,MOUSE_SIFTS_CANDIDATE_LOCAL_REVIEW_PENDING,https://www.ebi.ac.uk/pdbe/api/mappings/best_structures/Q61234,262cecb29ab5c1fb279c548052f4aae3f5806789438b7811c3ab9edebf3dbd69,not_assessed,0.1.0
Q61234,PDBe_SIFTS,4hop,A,,10090,77,162,not_assessed,,,X-ray diffraction,2.29,0.171,,,,,candidate,MOUSE_SIFTS_CANDIDATE_LOCAL_REVIEW_PENDING,https://www.ebi.ac.uk/pdbe/api/mappings/best_structures/Q61234,262cecb29ab5c1fb279c548052f4aae3f5806789438b7811c3ab9edebf3dbd69,not_assessed,0.1.0
Q61234,PDBe_SIFTS,4hop,C,,10090,77,162,not_assessed,,,X-ray diffraction,2.29,0.171,,,,,candidate,MOUSE_SIFTS_CANDIDATE_LOCAL_REVIEW_PENDING,https://www.ebi.ac.uk/pdbe/api/mappings/best_structures/Q61234,262cecb29ab5c1fb279c548052f4aae3f5806789438b7811c3ab9edebf3dbd69,not_assessed,0.1.0
Q61234,PDBe_SIFTS,4hop,E,,10090,77,162,not_assessed,,,X-ray diffraction,2.29,0.171,,,,,candidate,MOUSE_SIFTS_CANDIDATE_LOCAL_REVIEW_PENDING,https://www.ebi.ac.uk/pdbe/api/mappings/best_structures/Q61234,262cecb29ab5c1fb279c548052f4aae3f5806789438b7811c3ab9edebf3dbd69,not_assessed,0.1.0
Q61292,AlphaFold_DB,AF-Q61292-F1,A,6,10090,1,1799,exact_full,e5ff48924354594cb2f9cc5e87e8556238ff64922ef47801d6454578a1ac5b76,2304261e64567dc0b54c6960435aed14,predicted,,,https://alphafold.ebi.ac.uk/files/AF-Q61292-F1-model_v6.cif,https://alphafold.ebi.ac.uk/files/AF-Q61292-F1-model_v6.pdb,https://alphafold.ebi.ac.uk/files/AF-Q61292-F1-confidence_v6.json,https://alphafold.ebi.ac.uk/files/AF-Q61292-F1-predicted_aligned_error_v6.json,candidate,EXACT_FULL_SEQUENCE_LOCAL_QUALITY_PENDING,https://alphafold.ebi.ac.uk/api/prediction/Q61292,a904887e16d8ecefea9f7388caf575b14309097e073251e3ec971c1f3ff478c8,not_assessed,0.1.0
Q61467,AlphaFold_DB,AF-Q61467-F1,A,6,10090,1,341,exact_full,c62dee712dfb0c6cb93e437db0babfc93dcb28ae77908536569f24f74f08990e,ea90d6fae9a53ee8b95a3c1415048de7,predicted,,,https://alphafold.ebi.ac.uk/files/AF-Q61467-F1-model_v6.cif,https://alphafold.ebi.ac.uk/files/AF-Q61467-F1-model_v6.pdb,https://alphafold.ebi.ac.uk/files/AF-Q61467-F1-confidence_v6.json,https://alphafold.ebi.ac.uk/files/AF-Q61467-F1-predicted_aligned_error_v6.json,candidate,EXACT_FULL_SEQUENCE_LOCAL_QUALITY_PENDING,https://alphafold.ebi.ac.uk/api/prediction/Q61467,91c8a26b35f4533501a3672f3a2cd560c5bf128e784a49c6b0c10c3ee4428079,not_assessed,0.1.0
Q61468,AlphaFold_DB,AF-Q61468-F1,A,6,10090,1,625,exact_full,0852d5b5b86ec9c6bc995884fca71afa0615dfc5ef950c6cd61642bee8fda30e,b151f1e9cb1f6d425de202671a8aa05e,predicted,,,https://alphafold.ebi.ac.uk/files/AF-Q61468-F1-model_v6.cif,https://alphafold.ebi.ac.uk/files/AF-Q61468-F1-model_v6.pdb,https://alphafold.ebi.ac.uk/files/AF-Q61468-F1-confidence_v6.json,https://alphafold.ebi.ac.uk/files/AF-Q61468-F1-predicted_aligned_error_v6.json,candidate,EXACT_FULL_SEQUENCE_LOCAL_QUALITY_PENDING,https://alphafold.ebi.ac.uk/api/prediction/Q61468,f1c00b072e903258b8d183d97c4b20842ac69fbce0870215197cf5deffa2f7fe,not_assessed,0.1.0
Q61477,AlphaFold_DB,AF-Q61477-F1,A,6,10090,1,178,exact_full,7e049558093e26240098b706fcd76409bef9500a2966707ab0c9df38f4ddbea1,7944acb2549aa64280ddca07c091fb10,predicted,,,https://alphafold.ebi.ac.uk/files/AF-Q61477-F1-model_v6.cif,https://alphafold.ebi.ac.uk/files/AF-Q61477-F1-model_v6.pdb,https://alphafold.ebi.ac.uk/files/AF-Q61477-F1-confidence_v6.json,https://alphafold.ebi.ac.uk/files/AF-Q61477-F1-predicted_aligned_error_v6.json,candidate,EXACT_FULL_SEQUENCE_LOCAL_QUALITY_PENDING,https://alphafold.ebi.ac.uk/api/prediction/Q61477,1406c2d2f12e19d6e5ad47a6bc9b4a597efb87573be2bd7adb87411c69fc43c8,not_assessed,0.1.0
Q61481,AlphaFold_DB,AF-Q61481-2-F1,A,6,10090,1,529,not_assessed,9cd3bdd47ef84619dff94d93758f4339b5eab9af617faa93b6c8fd3aa28b4346,accd17c487172dc4c2f4fd70cd1be1c8,predicted,,,https://alphafold.ebi.ac.uk/files/AF-Q61481-2-F1-model_v6.cif,https://alphafold.ebi.ac.uk/files/AF-Q61481-2-F1-model_v6.pdb,https://alphafold.ebi.ac.uk/files/AF-Q61481-2-F1-confidence_v6.json,https://alphafold.ebi.ac.uk/files/AF-Q61481-2-F1-predicted_aligned_error_v6.json,held,ALPHAFOLD_ACCESSION_DIFFERS_FROM_CANONICAL,https://alphafold.ebi.ac.uk/api/prediction/Q61481,d92344d6b4ed97498abe291f63142b4c3477b2f92d239fe51a7a30889f4cb52d,not_assessed,0.1.0
Q61481,AlphaFold_DB,AF-Q61481-5-F1,A,6,10090,1,456,not_assessed,f8ec5ccfe621ff1097126e6b8fe7874341e8eab4104cb35d9b7ae884ee023fdb,e4f258b729b5d1189f9615022676e9af,predicted,,,https://alphafold.ebi.ac.uk/files/AF-Q61481-5-F1-model_v6.cif,https://alphafold.ebi.ac.uk/files/AF-Q61481-5-F1-model_v6.pdb,https://alphafold.ebi.ac.uk/files/AF-Q61481-5-F1-confidence_v6.json,https://alphafold.ebi.ac.uk/files/AF-Q61481-5-F1-predicted_aligned_error_v6.json,held,ALPHAFOLD_ACCESSION_DIFFERS_FROM_CANONICAL,https://alphafold.ebi.ac.uk/api/prediction/Q61481,d92344d6b4ed97498abe291f63142b4c3477b2f92d239fe51a7a30889f4cb52d,not_assessed,0.1.0
Q61481,AlphaFold_DB,AF-Q61481-6-F1,A,6,10090,1,465,not_assessed,3d8eefca1ec4e2c204c10e7d1b538f3a5dd75b121e7784eb933f410640653bf8,c193e6264a7a60a3f76758670d822cbe,predicted,,,https://alphafold.ebi.ac.uk/files/AF-Q61481-6-F1-model_v6.cif,https://alphafold.ebi.ac.uk/files/AF-Q61481-6-F1-model_v6.pdb,https://alphafold.ebi.ac.uk/files/AF-Q61481-6-F1-confidence_v6.json,https://alphafold.ebi.ac.uk/files/AF-Q61481-6-F1-predicted_aligned_error_v6.json,held,ALPHAFOLD_ACCESSION_DIFFERS_FROM_CANONICAL,https://alphafold.ebi.ac.uk/api/prediction/Q61481,d92344d6b4ed97498abe291f63142b4c3477b2f92d239fe51a7a30889f4cb52d,not_assessed,0.1.0
Q61481,AlphaFold_DB,AF-Q61481-F1,A,6,10090,1,545,exact_full,6c8b02d708ee16b7a5ff7c15ca248fa83bdfbc603a750f2a5d53cb3fb02d4149,07641ebc8e381121101929fbe6803fff,predicted,,,https://alphafold.ebi.ac.uk/files/AF-Q61481-F1-model_v6.cif,https://alphafold.ebi.ac.uk/files/AF-Q61481-F1-model_v6.pdb,https://alphafold.ebi.ac.uk/files/AF-Q61481-F1-confidence_v6.json,https://alphafold.ebi.ac.uk/files/AF-Q61481-F1-predicted_aligned_error_v6.json,candidate,EXACT_FULL_SEQUENCE_LOCAL_QUALITY_PENDING,https://alphafold.ebi.ac.uk/api/prediction/Q61481,d92344d6b4ed97498abe291f63142b4c3477b2f92d239fe51a7a30889f4cb52d,not_assessed,0.1.0
Q61508,AlphaFold_DB,AF-Q61508-2-F1,A,6,10090,1,434,not_assessed,dee8a431e71ee9921eebe758f7549416642c1ed98e461bac7cd14fc1619cfc3e,04be1b72b2489524f74ca58382f99dec,predicted,,,https://alphafold.ebi.ac.uk/files/AF-Q61508-2-F1-model_v6.cif,https://alphafold.ebi.ac.uk/files/AF-Q61508-2-F1-model_v6.pdb,https://alphafold.ebi.ac.uk/files/AF-Q61508-2-F1-confidence_v6.json,https://alphafold.ebi.ac.uk/files/AF-Q61508-2-F1-predicted_aligned_error_v6.json,held,ALPHAFOLD_ACCESSION_DIFFERS_FROM_CANONICAL,https://alphafold.ebi.ac.uk/api/prediction/Q61508,04349723d90fc70678cd97ec3efb73328f523a625e2da7735b79af39d10b05d3,not_assessed,0.1.0
Q61508,AlphaFold_DB,AF-Q61508-F1,A,6,10090,1,559,exact_full,6cde406040f9d1256ac913124fcd743aeccc84685d5774f5d9dfdc5ba3033efe,6ef768290997774c8abb0ad79ac5e8de,predicted,,,https://alphafold.ebi.ac.uk/files/AF-Q61508-F1-model_v6.cif,https://alphafold.ebi.ac.uk/files/AF-Q61508-F1-model_v6.pdb,https://alphafold.ebi.ac.uk/files/AF-Q61508-F1-confidence_v6.json,https://alphafold.ebi.ac.uk/files/AF-Q61508-F1-predicted_aligned_error_v6.json,candidate,EXACT_FULL_SEQUENCE_LOCAL_QUALITY_PENDING,https://alphafold.ebi.ac.uk/api/prediction/Q61508,04349723d90fc70678cd97ec3efb73328f523a625e2da7735b79af39d10b05d3,not_assessed,0.1.0
Q61592,AlphaFold_DB,AF-Q61592-F1,A,6,10090,1,674,exact_full,b975088fd0d0a76e6d6d497708168b28ed82ae36f14da9b4867382897d24b544,b24459f863f5ccc2f7a56888bc063c9f,predicted,,,https://alphafold.ebi.ac.uk/files/AF-Q61592-F1-model_v6.cif,https://alphafold.ebi.ac.uk/files/AF-Q61592-F1-model_v6.pdb,https://alphafold.ebi.ac.uk/files/AF-Q61592-F1-confidence_v6.json,https://alphafold.ebi.ac.uk/files/AF-Q61592-F1-predicted_aligned_error_v6.json,candidate,EXACT_FULL_SEQUENCE_LOCAL_QUALITY_PENDING,https://alphafold.ebi.ac.uk/api/prediction/Q61592,0e6ae32dc3d336adfbd0ead5cdae4811dc33ef8c1687fad69aae345f551b11f8,not_assessed,0.1.0
Q61660,AlphaFold_DB,AF-Q61660-F1,A,6,10090,1,421,exact_full,e875a9d9dd4200d6ed3d8ecc90a1629747cdb267e28554daa8c45ff379b22a3b,8c00c6af918ff3a6881a82205e6ceaca,predicted,,,https://alphafold.ebi.ac.uk/files/AF-Q61660-F1-model_v6.cif,https://alphafold.ebi.ac.uk/files/AF-Q61660-F1-model_v6.pdb,https://alphafold.ebi.ac.uk/files/AF-Q61660-F1-confidence_v6.json,https://alphafold.ebi.ac.uk/files/AF-Q61660-F1-predicted_aligned_error_v6.json,candidate,EXACT_FULL_SEQUENCE_LOCAL_QUALITY_PENDING,https://alphafold.ebi.ac.uk/api/prediction/Q61660,38a0e1f0850445200855b7a12228fcfe400683332c3856150599a7f18321f1ef,not_assessed,0.1.0
Q61711,AlphaFold_DB,AF-Q61711-F1,A,6,10090,1,324,exact_full,56c674025572bdac9a6a572943315f90faf0784eb3d58846a5139f37c4c934bf,2bf3c226f55354508dc4197f1704a84e,predicted,,,https://alphafold.ebi.ac.uk/files/AF-Q61711-F1-model_v6.cif,https://alphafold.ebi.ac.uk/files/AF-Q61711-F1-model_v6.pdb,https://alphafold.ebi.ac.uk/files/AF-Q61711-F1-confidence_v6.json,https://alphafold.ebi.ac.uk/files/AF-Q61711-F1-predicted_aligned_error_v6.json,candidate,EXACT_FULL_SEQUENCE_LOCAL_QUALITY_PENDING,https://alphafold.ebi.ac.uk/api/prediction/Q61711,45ad5b09f0b22918099d2a31257b14410fb03f6874ffe91ea405b065d4738c37,not_assessed,0.1.0
Q61805,AlphaFold_DB,AF-Q61805-F1,A,6,10090,1,481,exact_full,9ada5671889e14517641996a1f05f72f1115294b0499ab86053b0518e934039d,e07841839ce1851c078d9dc2e7b5e390,predicted,,,https://alphafold.ebi.ac.uk/files/AF-Q61805-F1-model_v6.cif,https://alphafold.ebi.ac.uk/files/AF-Q61805-F1-model_v6.pdb,https://alphafold.ebi.ac.uk/files/AF-Q61805-F1-confidence_v6.json,https://alphafold.ebi.ac.uk/files/AF-Q61805-F1-predicted_aligned_error_v6.json,candidate,EXACT_FULL_SEQUENCE_LOCAL_QUALITY_PENDING,https://alphafold.ebi.ac.uk/api/prediction/Q61805,b7618a1766852450d0d24d6fdd20547db25c7e3cfe34749d6200257fc829127c,not_assessed,0.1.0
Q61805,PDBe_SIFTS,4m4d,A,,10090,25,481,not_assessed,,,X-ray diffraction,2.909,1.0,,,,,candidate,MOUSE_SIFTS_CANDIDATE_LOCAL_REVIEW_PENDING,https://www.ebi.ac.uk/pdbe/api/mappings/best_structures/Q61805,fe9ee20f02cc5db36e91657665ca28b29a401cae94d4566cbbeff6bfde467cd2,not_assessed,0.1.0
Q61805,PDBe_SIFTS,4m4d,B,,10090,25,481,not_assessed,,,X-ray diffraction,2.909,1.0,,,,,candidate,MOUSE_SIFTS_CANDIDATE_LOCAL_REVIEW_PENDING,https://www.ebi.ac.uk/pdbe/api/mappings/best_structures/Q61805,fe9ee20f02cc5db36e91657665ca28b29a401cae94d4566cbbeff6bfde467cd2,not_assessed,0.1.0
Q62000,AlphaFold_DB,AF-Q62000-F1,A,6,10090,1,298,exact_full,7307030a3782c6d7df821a9d4cf5dc17dc91d8d7bd41c9b5eb365dbe80b8ceb8,def1251025007153b36be8d314f22afe,predicted,,,https://alphafold.ebi.ac.uk/files/AF-Q62000-F1-model_v6.cif,https://alphafold.ebi.ac.uk/files/AF-Q62000-F1-model_v6.pdb,https://alphafold.ebi.ac.uk/files/AF-Q62000-F1-confidence_v6.json,https://alphafold.ebi.ac.uk/files/AF-Q62000-F1-predicted_aligned_error_v6.json,candidate,EXACT_FULL_SEQUENCE_LOCAL_QUALITY_PENDING,https://alphafold.ebi.ac.uk/api/prediction/Q62000,21f902d7d2ed2bae39e8c038cd605cd7e7b4bf9eedcf6507e9e66e5bc7198ea4,not_assessed,0.1.0
Q62273,AlphaFold_DB,AF-Q62273-F1,A,6,10090,1,739,exact_full,ca75a55ec6088809d6b646e12860d4180ea1852ba9e41a43c10d560803440550,83356e401c94b19b766a968841227c9f,predicted,,,https://alphafold.ebi.ac.uk/files/AF-Q62273-F1-model_v6.cif,https://alphafold.ebi.ac.uk/files/AF-Q62273-F1-model_v6.pdb,https://alphafold.ebi.ac.uk/files/AF-Q62273-F1-confidence_v6.json,https://alphafold.ebi.ac.uk/files/AF-Q62273-F1-predicted_aligned_error_v6.json,candidate,EXACT_FULL_SEQUENCE_LOCAL_QUALITY_PENDING,https://alphafold.ebi.ac.uk/api/prediction/Q62273,f827f6d9a6ee69e71732e3a1b5f414deca29ca01126189c0dc32a2668a286a5f,not_assessed,0.1.0
Q62312,AlphaFold_DB,AF-Q62312-1-F1,A,6,10090,1,592,not_assessed,4b7e4826fb7fb91dfe5775747003c3a0fed09fa710577b94f38c5b5508606df4,07492d3f5aadb9b9f5fd403accb170d6,predicted,,,https://alphafold.ebi.ac.uk/files/AF-Q62312-1-F1-model_v6.cif,https://alphafold.ebi.ac.uk/files/AF-Q62312-1-F1-model_v6.pdb,https://alphafold.ebi.ac.uk/files/AF-Q62312-1-F1-confidence_v6.json,https://alphafold.ebi.ac.uk/files/AF-Q62312-1-F1-predicted_aligned_error_v6.json,held,ALPHAFOLD_ACCESSION_DIFFERS_FROM_CANONICAL,https://alphafold.ebi.ac.uk/api/prediction/Q62312,c8c7093d53fa9f1c1d9a57615e19ad1d290db80cfcac3c4f7d88176d0e890636,not_assessed,0.1.0
Q62312,AlphaFold_DB,AF-Q62312-F1,A,6,10090,1,567,exact_full,db604e85b6459e11c8ab5edc85bd11824c10e66de9af8006f195caf63a88a0dd,46678ad063d1a074b40ad3375dab5e1a,predicted,,,https://alphafold.ebi.ac.uk/files/AF-Q62312-F1-model_v6.cif,https://alphafold.ebi.ac.uk/files/AF-Q62312-F1-model_v6.pdb,https://alphafold.ebi.ac.uk/files/AF-Q62312-F1-confidence_v6.json,https://alphafold.ebi.ac.uk/files/AF-Q62312-F1-predicted_aligned_error_v6.json,candidate,EXACT_FULL_SEQUENCE_LOCAL_QUALITY_PENDING,https://alphafold.ebi.ac.uk/api/prediction/Q62312,c8c7093d53fa9f1c1d9a57615e19ad1d290db80cfcac3c4f7d88176d0e890636,not_assessed,0.1.0
Q62312,PDBe_SIFTS,9yj4,B,,10090,46,150,not_assessed,,,X-ray diffraction,2.52,0.193,,,,,candidate,MOUSE_SIFTS_CANDIDATE_LOCAL_REVIEW_PENDING,https://www.ebi.ac.uk/pdbe/api/mappings/best_structures/Q62312,8023263b3e9785e976673454210f20b04fa49dcf6d09bcc0ce7c4f53794c7c7e,not_assessed,0.1.0
Q62312,PDBe_SIFTS,9yj4,D,,10090,46,150,not_assessed,,,X-ray diffraction,2.52,0.193,,,,,candidate,MOUSE_SIFTS_CANDIDATE_LOCAL_REVIEW_PENDING,https://www.ebi.ac.uk/pdbe/api/mappings/best_structures/Q62312,8023263b3e9785e976673454210f20b04fa49dcf6d09bcc0ce7c4f53794c7c7e,not_assessed,0.1.0
Q62351,AlphaFold_DB,AF-Q62351-F1,A,6,10090,1,763,exact_full,3063f08a25ad71591c688e911360a0021ae504d596bfaf829e5dd5081efeca38,7a62986235549835f13ba5f0ff037133,predicted,,,https://alphafold.ebi.ac.uk/files/AF-Q62351-F1-model_v6.cif,https://alphafold.ebi.ac.uk/files/AF-Q62351-F1-model_v6.pdb,https://alphafold.ebi.ac.uk/files/AF-Q62351-F1-confidence_v6.json,https://alphafold.ebi.ac.uk/files/AF-Q62351-F1-predicted_aligned_error_v6.json,candidate,EXACT_FULL_SEQUENCE_LOCAL_QUALITY_PENDING,https://alphafold.ebi.ac.uk/api/prediction/Q62351,30f9235a9e430af8030b93881d4405dcd47ed152adedefb6f1b7116e3daa7ecd,not_assessed,0.1.0
Q62392,AlphaFold_DB,AF-Q62392-F1,A,6,10090,1,405,exact_full,1ae59199c0c2639dbe59e9c22eec5914acbb136545487a6f80402fcc42e43916,bb83241ac29002ce7700c30503b61bfb,predicted,,,https://alphafold.ebi.ac.uk/files/AF-Q62392-F1-model_v6.cif,https://alphafold.ebi.ac.uk/files/AF-Q62392-F1-model_v6.pdb,https://alphafold.ebi.ac.uk/files/AF-Q62392-F1-confidence_v6.json,https://alphafold.ebi.ac.uk/files/AF-Q62392-F1-predicted_aligned_error_v6.json,candidate,EXACT_FULL_SEQUENCE_LOCAL_QUALITY_PENDING,https://alphafold.ebi.ac.uk/api/prediction/Q62392,fb45c71f5d5f92c4c616cc8c58cc2f8bbf73acb97b8dec94a346b6b331f5448a,not_assessed,0.1.0
Q62443,AlphaFold_DB,AF-Q62443-F1,A,6,10090,1,432,exact_full,fbdc317a0dfbfe1cc8ba8f46c52f28b4ed6aca5730ada9f8bf3d37d5fe89cd6e,dc97f61c2cb9fff4ec9ff029949f2fa3,predicted,,,https://alphafold.ebi.ac.uk/files/AF-Q62443-F1-model_v6.cif,https://alphafold.ebi.ac.uk/files/AF-Q62443-F1-model_v6.pdb,https://alphafold.ebi.ac.uk/files/AF-Q62443-F1-confidence_v6.json,https://alphafold.ebi.ac.uk/files/AF-Q62443-F1-predicted_aligned_error_v6.json,candidate,EXACT_FULL_SEQUENCE_LOCAL_QUALITY_PENDING,https://alphafold.ebi.ac.uk/api/prediction/Q62443,ed41d98f6489e31d48c7c381fb5477e2e4b6fd7c80d36764a15aa5e9a16edc04,not_assessed,0.1.0
Q63918,AlphaFold_DB,AF-Q63918-F1,A,6,10090,1,418,exact_full,3d7fd73a342191ad5670644b064175c812a698cf349fcfe743f1ec08e4562708,0b1150839e4ccc753607c924589647dd,predicted,,,https://alphafold.ebi.ac.uk/files/AF-Q63918-F1-model_v6.cif,https://alphafold.ebi.ac.uk/files/AF-Q63918-F1-model_v6.pdb,https://alphafold.ebi.ac.uk/files/AF-Q63918-F1-confidence_v6.json,https://alphafold.ebi.ac.uk/files/AF-Q63918-F1-predicted_aligned_error_v6.json,candidate,EXACT_FULL_SEQUENCE_LOCAL_QUALITY_PENDING,https://alphafold.ebi.ac.uk/api/prediction/Q63918,80908fb805efcc06ca95ada714841a289b008fe7d085e1ab10bd87d2d5523a5a,not_assessed,0.1.0
Q64281,AlphaFold_DB,AF-Q64281-2-F1,A,6,10090,1,296,not_assessed,ed4d2820a5d8824a0e009996518d672b251ed117c384837fd33d3904950403f3,d460648799019df0acaaf3447342b0fa,predicted,,,https://alphafold.ebi.ac.uk/files/AF-Q64281-2-F1-model_v6.cif,https://alphafold.ebi.ac.uk/files/AF-Q64281-2-F1-model_v6.pdb,https://alphafold.ebi.ac.uk/files/AF-Q64281-2-F1-confidence_v6.json,https://alphafold.ebi.ac.uk/files/AF-Q64281-2-F1-predicted_aligned_error_v6.json,held,ALPHAFOLD_ACCESSION_DIFFERS_FROM_CANONICAL,https://alphafold.ebi.ac.uk/api/prediction/Q64281,cf93b3ee3aa5dc7749754af3e6234e91f4134a2255cacad01bfd25484890b8c9,not_assessed,0.1.0
Q64281,AlphaFold_DB,AF-Q64281-F1,A,6,10090,1,335,exact_full,fb42b3291ee66515d884baf68c1f578fbb30ce39d64026e02fd3578774bcae8d,5e300b066d6e3920d06d5a68e6895166,predicted,,,https://alphafold.ebi.ac.uk/files/AF-Q64281-F1-model_v6.cif,https://alphafold.ebi.ac.uk/files/AF-Q64281-F1-model_v6.pdb,https://alphafold.ebi.ac.uk/files/AF-Q64281-F1-confidence_v6.json,https://alphafold.ebi.ac.uk/files/AF-Q64281-F1-predicted_aligned_error_v6.json,candidate,EXACT_FULL_SEQUENCE_LOCAL_QUALITY_PENDING,https://alphafold.ebi.ac.uk/api/prediction/Q64281,cf93b3ee3aa5dc7749754af3e6234e91f4134a2255cacad01bfd25484890b8c9,not_assessed,0.1.0
Q64378,AlphaFold_DB,AF-Q64378-F1,A,6,10090,1,456,exact_full,ed22e7ae549eb14cca6aa509e1d933d25d7a801532d9c2f9e2caaad0d36b4152,30adaeae22e09f1b798adbf778a5ac31,predicted,,,https://alphafold.ebi.ac.uk/files/AF-Q64378-F1-model_v6.cif,https://alphafold.ebi.ac.uk/files/AF-Q64378-F1-model_v6.pdb,https://alphafold.ebi.ac.uk/files/AF-Q64378-F1-confidence_v6.json,https://alphafold.ebi.ac.uk/files/AF-Q64378-F1-predicted_aligned_error_v6.json,candidate,EXACT_FULL_SEQUENCE_LOCAL_QUALITY_PENDING,https://alphafold.ebi.ac.uk/api/prediction/Q64378,d36036059aa77c609f4f759c650d2f3df4a623c9111d12630f235baa85c870de,not_assessed,0.1.0
Q64389,AlphaFold_DB,AF-0000000004750946,A,1,866789,1,74,not_assessed,3e1494390364097b28885e3a5d31b748e7765935653e61dfee9dbe10e25dedd5,d2b0c95c454e546eb180dad91abedadf,predicted,,,https://alphafold.ebi.ac.uk/files/AF-0000000004750946-model_v1.cif,https://alphafold.ebi.ac.uk/files/AF-0000000004750946-model_v1.pdb,https://alphafold.ebi.ac.uk/files/AF-0000000004750946-confidence_v1.json,https://alphafold.ebi.ac.uk/files/AF-0000000004750946-predicted_aligned_error_v1.json,held,ALPHAFOLD_MOUSE_TAXONOMY_NOT_CONFIRMED,https://alphafold.ebi.ac.uk/api/prediction/Q64389,85b4ba6c7dce64543a44f8c599a3da98800a47a8bd9d9d40ca9f05460b44db25,not_assessed,0.1.0
Q64389,AlphaFold_DB,AF-Q64389-F1,A,6,10090,1,74,exact_full,3e1494390364097b28885e3a5d31b748e7765935653e61dfee9dbe10e25dedd5,d2b0c95c454e546eb180dad91abedadf,predicted,,,https://alphafold.ebi.ac.uk/files/AF-Q64389-F1-model_v6.cif,https://alphafold.ebi.ac.uk/files/AF-Q64389-F1-model_v6.pdb,https://alphafold.ebi.ac.uk/files/AF-Q64389-F1-confidence_v6.json,https://alphafold.ebi.ac.uk/files/AF-Q64389-F1-predicted_aligned_error_v6.json,candidate,EXACT_FULL_SEQUENCE_LOCAL_QUALITY_PENDING,https://alphafold.ebi.ac.uk/api/prediction/Q64389,85b4ba6c7dce64543a44f8c599a3da98800a47a8bd9d9d40ca9f05460b44db25,not_assessed,0.1.0
Q64689,AlphaFold_DB,AF-Q64689-F1,A,6,10090,1,380,exact_full,a7a8ddb74db1eaf057c8e6a5d20926af69b6f5e204590161f5e6c398b8506077,dadb65850a8b9f9fa3b6faefea4a9a89,predicted,,,https://alphafold.ebi.ac.uk/files/AF-Q64689-F1-model_v6.cif,https://alphafold.ebi.ac.uk/files/AF-Q64689-F1-model_v6.pdb,https://alphafold.ebi.ac.uk/files/AF-Q64689-F1-confidence_v6.json,https://alphafold.ebi.ac.uk/files/AF-Q64689-F1-predicted_aligned_error_v6.json,candidate,EXACT_FULL_SEQUENCE_LOCAL_QUALITY_PENDING,https://alphafold.ebi.ac.uk/api/prediction/Q64689,131f7ac04d7f9dd19cf4c37fcab879e3e0fb3c35cbe7b1f94c7e150f1e3a0861,not_assessed,0.1.0
Q64700,AlphaFold_DB,AF-Q64700-F1,A,6,10090,1,1135,exact_full,523517558ebe476dd9eacf783b144aaf7d9a67df59d7ea9b27b8044f407b7572,388729caa2882605068c647bb7ee4c66,predicted,,,https://alphafold.ebi.ac.uk/files/AF-Q64700-F1-model_v6.cif,https://alphafold.ebi.ac.uk/files/AF-Q64700-F1-model_v6.pdb,https://alphafold.ebi.ac.uk/files/AF-Q64700-F1-confidence_v6.json,https://alphafold.ebi.ac.uk/files/AF-Q64700-F1-predicted_aligned_error_v6.json,candidate,EXACT_FULL_SEQUENCE_LOCAL_QUALITY_PENDING,https://alphafold.ebi.ac.uk/api/prediction/Q64700,b91a5a8414a9d5b2b3f01a2afed76a53fdf630cd8af73ba7c2c11f80b19983d6,not_assessed,0.1.0
Q64GA5,AlphaFold_DB,AF-Q64GA5-2-F1,A,6,10090,1,607,not_assessed,728f1d324f183fcecbf9d64cbfcb22b226cef5f758f4a941f4f25d6a202f9f79,b2c4095dab9512f53a88277bbcd184ef,predicted,,,https://alphafold.ebi.ac.uk/files/AF-Q64GA5-2-F1-model_v6.cif,https://alphafold.ebi.ac.uk/files/AF-Q64GA5-2-F1-model_v6.pdb,https://alphafold.ebi.ac.uk/files/AF-Q64GA5-2-F1-confidence_v6.json,https://alphafold.ebi.ac.uk/files/AF-Q64GA5-2-F1-predicted_aligned_error_v6.json,held,ALPHAFOLD_ACCESSION_DIFFERS_FROM_CANONICAL,https://alphafold.ebi.ac.uk/api/prediction/Q64GA5,34621f90fe3e7cf18b8c1e4b25e25efb564cbfdff4134c66708dced9343ba07d,not_assessed,0.1.0
Q64GA5,AlphaFold_DB,AF-Q64GA5-F1,A,6,10090,1,597,exact_full,125fef6a839b7a1222e3e141138376e0e70b155ba915d63ce360ad6ed5a4ebe5,c97a0517d11814d74a1cccc3fc643e95,predicted,,,https://alphafold.ebi.ac.uk/files/AF-Q64GA5-F1-model_v6.cif,https://alphafold.ebi.ac.uk/files/AF-Q64GA5-F1-model_v6.pdb,https://alphafold.ebi.ac.uk/files/AF-Q64GA5-F1-confidence_v6.json,https://alphafold.ebi.ac.uk/files/AF-Q64GA5-F1-predicted_aligned_error_v6.json,candidate,EXACT_FULL_SEQUENCE_LOCAL_QUALITY_PENDING,https://alphafold.ebi.ac.uk/api/prediction/Q64GA5,34621f90fe3e7cf18b8c1e4b25e25efb564cbfdff4134c66708dced9343ba07d,not_assessed,0.1.0
Q66JX5,AlphaFold_DB,AF-Q66JX5-2-F1,A,6,10090,1,379,not_assessed,4a30158a14fa437973e78d7447248af2b928427320bb0b452df78fc8cd445240,5da6d359706b15bcf3b63dd81a3a06a4,predicted,,,https://alphafold.ebi.ac.uk/files/AF-Q66JX5-2-F1-model_v6.cif,https://alphafold.ebi.ac.uk/files/AF-Q66JX5-2-F1-model_v6.pdb,https://alphafold.ebi.ac.uk/files/AF-Q66JX5-2-F1-confidence_v6.json,https://alphafold.ebi.ac.uk/files/AF-Q66JX5-2-F1-predicted_aligned_error_v6.json,held,ALPHAFOLD_ACCESSION_DIFFERS_FROM_CANONICAL,https://alphafold.ebi.ac.uk/api/prediction/Q66JX5,7a783ea4d8b091053191077d64a8c8304863e1e346a9123a52a892e7baed10db,not_assessed,0.1.0
Q66JX5,AlphaFold_DB,AF-Q66JX5-F1,A,6,10090,1,399,exact_full,341169e2020124675d8addb25e38d39a2651466de3dc963dddbd56a089d3e848,beda667692da6f1cc9c330e6c9ecbc5b,predicted,,,https://alphafold.ebi.ac.uk/files/AF-Q66JX5-F1-model_v6.cif,https://alphafold.ebi.ac.uk/files/AF-Q66JX5-F1-model_v6.pdb,https://alphafold.ebi.ac.uk/files/AF-Q66JX5-F1-confidence_v6.json,https://alphafold.ebi.ac.uk/files/AF-Q66JX5-F1-predicted_aligned_error_v6.json,candidate,EXACT_FULL_SEQUENCE_LOCAL_QUALITY_PENDING,https://alphafold.ebi.ac.uk/api/prediction/Q66JX5,7a783ea4d8b091053191077d64a8c8304863e1e346a9123a52a892e7baed10db,not_assessed,0.1.0
Q673U1,AlphaFold_DB,AF-Q673U1-2-F1,A,6,10090,1,176,not_assessed,e814da844e2cad9f9488276125daa4b7a21554f4d95f1b148b85999aa90050cb,88b7413ba93830a08f5ff4d952f92b3e,predicted,,,https://alphafold.ebi.ac.uk/files/AF-Q673U1-2-F1-model_v6.cif,https://alphafold.ebi.ac.uk/files/AF-Q673U1-2-F1-model_v6.pdb,https://alphafold.ebi.ac.uk/files/AF-Q673U1-2-F1-confidence_v6.json,https://alphafold.ebi.ac.uk/files/AF-Q673U1-2-F1-predicted_aligned_error_v6.json,held,ALPHAFOLD_ACCESSION_DIFFERS_FROM_CANONICAL,https://alphafold.ebi.ac.uk/api/prediction/Q673U1,4b48fc21de8f5d7ebaf2a318cb63c85f167898fc1aef7d7b3e9c0bfe1ce91b8e,not_assessed,0.1.0
Q673U1,AlphaFold_DB,AF-Q673U1-F1,A,6,10090,1,367,exact_full,9251030e9fd3428da4fb66c89261407a967f276e83553b5d19da996bfd024536,20862bf643c8a4037343326db8d49fdf,predicted,,,https://alphafold.ebi.ac.uk/files/AF-Q673U1-F1-model_v6.cif,https://alphafold.ebi.ac.uk/files/AF-Q673U1-F1-model_v6.pdb,https://alphafold.ebi.ac.uk/files/AF-Q673U1-F1-confidence_v6.json,https://alphafold.ebi.ac.uk/files/AF-Q673U1-F1-predicted_aligned_error_v6.json,candidate,EXACT_FULL_SEQUENCE_LOCAL_QUALITY_PENDING,https://alphafold.ebi.ac.uk/api/prediction/Q673U1,4b48fc21de8f5d7ebaf2a318cb63c85f167898fc1aef7d7b3e9c0bfe1ce91b8e,not_assessed,0.1.0
Q69ZK0,AlphaFold_DB,AF-Q69ZK0-2-F1,A,6,10090,1,462,not_assessed,7c1ad207ed646c427e8ed2f0b14ab6cdb6d93be66e47453a324f0f97625aaa13,10cfd0b3e3f29d158e2c4c086c8bb812,predicted,,,https://alphafold.ebi.ac.uk/files/AF-Q69ZK0-2-F1-model_v6.cif,https://alphafold.ebi.ac.uk/files/AF-Q69ZK0-2-F1-model_v6.pdb,https://alphafold.ebi.ac.uk/files/AF-Q69ZK0-2-F1-confidence_v6.json,https://alphafold.ebi.ac.uk/files/AF-Q69ZK0-2-F1-predicted_aligned_error_v6.json,held,ALPHAFOLD_ACCESSION_DIFFERS_FROM_CANONICAL,https://alphafold.ebi.ac.uk/api/prediction/Q69ZK0,23794ef3dc8cd4dc5c5dcbb0714195b5d6621929a332d5c1cda71437c43561a6,not_assessed,0.1.0
Q69ZK0,AlphaFold_DB,AF-Q69ZK0-F1,A,6,10090,1,1650,exact_full,de59c8a6df08b9476cb5dd19f2fff0e1239a4d670d221bdaf824361aa12385c4,20d675d8edd0ae0ad1d162fd8b51b636,predicted,,,https://alphafold.ebi.ac.uk/files/AF-Q69ZK0-F1-model_v6.cif,https://alphafold.ebi.ac.uk/files/AF-Q69ZK0-F1-model_v6.pdb,https://alphafold.ebi.ac.uk/files/AF-Q69ZK0-F1-confidence_v6.json,https://alphafold.ebi.ac.uk/files/AF-Q69ZK0-F1-predicted_aligned_error_v6.json,candidate,EXACT_FULL_SEQUENCE_LOCAL_QUALITY_PENDING,https://alphafold.ebi.ac.uk/api/prediction/Q69ZK0,23794ef3dc8cd4dc5c5dcbb0714195b5d6621929a332d5c1cda71437c43561a6,not_assessed,0.1.0
Q69ZK9,AlphaFold_DB,AF-Q69ZK9-F1,A,6,10090,1,836,exact_full,7d909bea85a6cae61df3b2d173518696fda0cea20ddbcc4944667fcf093f8f14,ecd966cfd3eaabea4250fb8d9f9891f2,predicted,,,https://alphafold.ebi.ac.uk/files/AF-Q69ZK9-F1-model_v6.cif,https://alphafold.ebi.ac.uk/files/AF-Q69ZK9-F1-model_v6.pdb,https://alphafold.ebi.ac.uk/files/AF-Q69ZK9-F1-confidence_v6.json,https://alphafold.ebi.ac.uk/files/AF-Q69ZK9-F1-predicted_aligned_error_v6.json,candidate,EXACT_FULL_SEQUENCE_LOCAL_QUALITY_PENDING,https://alphafold.ebi.ac.uk/api/prediction/Q69ZK9,59fd1de81db99995c09e4b6b917f401671965915fc7d9ecdfc24965df46b20c6,not_assessed,0.1.0
Q69ZK9,PDBe_SIFTS,3bl8,A,,10090,42,612,not_assessed,,,X-ray diffraction,3.3,0.695,,,,,candidate,MOUSE_SIFTS_CANDIDATE_LOCAL_REVIEW_PENDING,https://www.ebi.ac.uk/pdbe/api/mappings/best_structures/Q69ZK9,3c79b4e41aa990e342e8737466696fbd5c818b111296524a744c88a887d64787,not_assessed,0.1.0
Q69ZK9,PDBe_SIFTS,3bl8,B,,10090,42,612,not_assessed,,,X-ray diffraction,3.3,0.695,,,,,candidate,MOUSE_SIFTS_CANDIDATE_LOCAL_REVIEW_PENDING,https://www.ebi.ac.uk/pdbe/api/mappings/best_structures/Q69ZK9,3c79b4e41aa990e342e8737466696fbd5c818b111296524a744c88a887d64787,not_assessed,0.1.0
Q69ZK9,PDBe_SIFTS,3bl8,C,,10090,42,612,not_assessed,,,X-ray diffraction,3.3,0.695,,,,,candidate,MOUSE_SIFTS_CANDIDATE_LOCAL_REVIEW_PENDING,https://www.ebi.ac.uk/pdbe/api/mappings/best_structures/Q69ZK9,3c79b4e41aa990e342e8737466696fbd5c818b111296524a744c88a887d64787,not_assessed,0.1.0
Q69ZK9,PDBe_SIFTS,3bl8,D,,10090,42,612,not_assessed,,,X-ray diffraction,3.3,0.695,,,,,candidate,MOUSE_SIFTS_CANDIDATE_LOCAL_REVIEW_PENDING,https://www.ebi.ac.uk/pdbe/api/mappings/best_structures/Q69ZK9,3c79b4e41aa990e342e8737466696fbd5c818b111296524a744c88a887d64787,not_assessed,0.1.0
Q69ZK9,PDBe_SIFTS,8g7d,A,,10090,14,836,not_assessed,,,Electron Microscopy,3.28,0.979,,,,,candidate,MOUSE_SIFTS_CANDIDATE_LOCAL_REVIEW_PENDING,https://www.ebi.ac.uk/pdbe/api/mappings/best_structures/Q69ZK9,3c79b4e41aa990e342e8737466696fbd5c818b111296524a744c88a887d64787,not_assessed,0.1.0
Q69ZK9,PDBe_SIFTS,8g7d,B,,10090,14,836,not_assessed,,,Electron Microscopy,3.28,0.979,,,,,candidate,MOUSE_SIFTS_CANDIDATE_LOCAL_REVIEW_PENDING,https://www.ebi.ac.uk/pdbe/api/mappings/best_structures/Q69ZK9,3c79b4e41aa990e342e8737466696fbd5c818b111296524a744c88a887d64787,not_assessed,0.1.0
Q69ZK9,PDBe_SIFTS,8g7y,A,,10090,14,836,not_assessed,,,Electron Microscopy,3.92,0.979,,,,,candidate,MOUSE_SIFTS_CANDIDATE_LOCAL_REVIEW_PENDING,https://www.ebi.ac.uk/pdbe/api/mappings/best_structures/Q69ZK9,3c79b4e41aa990e342e8737466696fbd5c818b111296524a744c88a887d64787,not_assessed,0.1.0
Q69ZK9,PDBe_SIFTS,8g7y,B,,10090,14,836,not_assessed,,,Electron Microscopy,3.92,0.979,,,,,candidate,MOUSE_SIFTS_CANDIDATE_LOCAL_REVIEW_PENDING,https://www.ebi.ac.uk/pdbe/api/mappings/best_structures/Q69ZK9,3c79b4e41aa990e342e8737466696fbd5c818b111296524a744c88a887d64787,not_assessed,0.1.0
Q69ZK9,PDBe_SIFTS,8g7z,A,,10090,14,836,not_assessed,,,Electron Microscopy,3.22,0.979,,,,,candidate,MOUSE_SIFTS_CANDIDATE_LOCAL_REVIEW_PENDING,https://www.ebi.ac.uk/pdbe/api/mappings/best_structures/Q69ZK9,3c79b4e41aa990e342e8737466696fbd5c818b111296524a744c88a887d64787,not_assessed,0.1.0
Q69ZK9,PDBe_SIFTS,8g7z,B,,10090,14,836,not_assessed,,,Electron Microscopy,3.22,0.979,,,,,candidate,MOUSE_SIFTS_CANDIDATE_LOCAL_REVIEW_PENDING,https://www.ebi.ac.uk/pdbe/api/mappings/best_structures/Q69ZK9,3c79b4e41aa990e342e8737466696fbd5c818b111296524a744c88a887d64787,not_assessed,0.1.0
Q69ZK9,PDBe_SIFTS,8g80,A,,10090,14,836,not_assessed,,,Electron Microscopy,3.25,0.979,,,,,candidate,MOUSE_SIFTS_CANDIDATE_LOCAL_REVIEW_PENDING,https://www.ebi.ac.uk/pdbe/api/mappings/best_structures/Q69ZK9,3c79b4e41aa990e342e8737466696fbd5c818b111296524a744c88a887d64787,not_assessed,0.1.0
Q69ZK9,PDBe_SIFTS,8g80,B,,10090,14,836,not_assessed,,,Electron Microscopy,3.25,0.979,,,,,candidate,MOUSE_SIFTS_CANDIDATE_LOCAL_REVIEW_PENDING,https://www.ebi.ac.uk/pdbe/api/mappings/best_structures/Q69ZK9,3c79b4e41aa990e342e8737466696fbd5c818b111296524a744c88a887d64787,not_assessed,0.1.0
Q69ZK9,PDBe_SIFTS,8g81,A,,10090,14,836,not_assessed,,,Electron Microscopy,3.22,0.979,,,,,candidate,MOUSE_SIFTS_CANDIDATE_LOCAL_REVIEW_PENDING,https://www.ebi.ac.uk/pdbe/api/mappings/best_structures/Q69ZK9,3c79b4e41aa990e342e8737466696fbd5c818b111296524a744c88a887d64787,not_assessed,0.1.0
Q69ZK9,PDBe_SIFTS,8g81,B,,10090,14,836,not_assessed,,,Electron Microscopy,3.22,0.979,,,,,candidate,MOUSE_SIFTS_CANDIDATE_LOCAL_REVIEW_PENDING,https://www.ebi.ac.uk/pdbe/api/mappings/best_structures/Q69ZK9,3c79b4e41aa990e342e8737466696fbd5c818b111296524a744c88a887d64787,not_assessed,0.1.0
Q6DFW4,AlphaFold_DB,AF-Q6DFW4-F1,A,6,10090,1,536,exact_full,ce1a6ea3483dd0f4f92f5bcd5c324f14cfd2a5405da41883febe49beedf30551,adfdb5ef2027d79743a90655bd1e9b03,predicted,,,https://alphafold.ebi.ac.uk/files/AF-Q6DFW4-F1-model_v6.cif,https://alphafold.ebi.ac.uk/files/AF-Q6DFW4-F1-model_v6.pdb,https://alphafold.ebi.ac.uk/files/AF-Q6DFW4-F1-confidence_v6.json,https://alphafold.ebi.ac.uk/files/AF-Q6DFW4-F1-predicted_aligned_error_v6.json,candidate,EXACT_FULL_SEQUENCE_LOCAL_QUALITY_PENDING,https://alphafold.ebi.ac.uk/api/prediction/Q6DFW4,37311e0f3af53bdd41b280151c89c188ff658d31d5d3828e5a0988147ef75648,not_assessed,0.1.0
Q6DTY7,AlphaFold_DB,AF-Q6DTY7-2-F1,A,6,10090,1,251,not_assessed,e238e123ebd5c48af1a7942f0e311dbd3facf6edd5e12315ba32af52d579dd70,f9dcda08b378064520e22e18d43f4be9,predicted,,,https://alphafold.ebi.ac.uk/files/AF-Q6DTY7-2-F1-model_v6.cif,https://alphafold.ebi.ac.uk/files/AF-Q6DTY7-2-F1-model_v6.pdb,https://alphafold.ebi.ac.uk/files/AF-Q6DTY7-2-F1-confidence_v6.json,https://alphafold.ebi.ac.uk/files/AF-Q6DTY7-2-F1-predicted_aligned_error_v6.json,held,ALPHAFOLD_ACCESSION_DIFFERS_FROM_CANONICAL,https://alphafold.ebi.ac.uk/api/prediction/Q6DTY7,e219408976e4364e6003a815e104e8f406d260f7ab69338323b4b739d5456cbd,not_assessed,0.1.0
Q6DTY7,AlphaFold_DB,AF-Q6DTY7-3-F1,A,6,10090,1,413,not_assessed,e55cce65d17d017a02f04df43e5c79cc75945d3d64cf897493e529e4ee6ec96b,e212b6dee57a834ca55ef5ea448831f9,predicted,,,https://alphafold.ebi.ac.uk/files/AF-Q6DTY7-3-F1-model_v6.cif,https://alphafold.ebi.ac.uk/files/AF-Q6DTY7-3-F1-model_v6.pdb,https://alphafold.ebi.ac.uk/files/AF-Q6DTY7-3-F1-confidence_v6.json,https://alphafold.ebi.ac.uk/files/AF-Q6DTY7-3-F1-predicted_aligned_error_v6.json,held,ALPHAFOLD_ACCESSION_DIFFERS_FROM_CANONICAL,https://alphafold.ebi.ac.uk/api/prediction/Q6DTY7,e219408976e4364e6003a815e104e8f406d260f7ab69338323b4b739d5456cbd,not_assessed,0.1.0
Q6DTY7,AlphaFold_DB,AF-Q6DTY7-4-F1,A,6,10090,1,221,not_assessed,d54506fdbea345f3c77b772d4352d49e2274f60a0202ff80ff46e489e6b52a81,f51d43720951dd67df17b6e412504427,predicted,,,https://alphafold.ebi.ac.uk/files/AF-Q6DTY7-4-F1-model_v6.cif,https://alphafold.ebi.ac.uk/files/AF-Q6DTY7-4-F1-model_v6.pdb,https://alphafold.ebi.ac.uk/files/AF-Q6DTY7-4-F1-confidence_v6.json,https://alphafold.ebi.ac.uk/files/AF-Q6DTY7-4-F1-predicted_aligned_error_v6.json,held,ALPHAFOLD_ACCESSION_DIFFERS_FROM_CANONICAL,https://alphafold.ebi.ac.uk/api/prediction/Q6DTY7,e219408976e4364e6003a815e104e8f406d260f7ab69338323b4b739d5456cbd,not_assessed,0.1.0
Q6DTY7,AlphaFold_DB,AF-Q6DTY7-5-F1,A,6,10090,1,453,not_assessed,9f1142b8bafa4a8bef03259600d022d50287e2630b579fe3f85e19385d5a20d8,1958c4b4fb3420260e3e42c3f8551936,predicted,,,https://alphafold.ebi.ac.uk/files/AF-Q6DTY7-5-F1-model_v6.cif,https://alphafold.ebi.ac.uk/files/AF-Q6DTY7-5-F1-model_v6.pdb,https://alphafold.ebi.ac.uk/files/AF-Q6DTY7-5-F1-confidence_v6.json,https://alphafold.ebi.ac.uk/files/AF-Q6DTY7-5-F1-predicted_aligned_error_v6.json,held,ALPHAFOLD_ACCESSION_DIFFERS_FROM_CANONICAL,https://alphafold.ebi.ac.uk/api/prediction/Q6DTY7,e219408976e4364e6003a815e104e8f406d260f7ab69338323b4b739d5456cbd,not_assessed,0.1.0
Q6DTY7,AlphaFold_DB,AF-Q6DTY7-6-F1,A,6,10090,1,435,not_assessed,deb11ba577843b7934643e4364c298923323cf646678539793e43a4376d20d3d,790380f12c34d752447aa524f4cb5166,predicted,,,https://alphafold.ebi.ac.uk/files/AF-Q6DTY7-6-F1-model_v6.cif,https://alphafold.ebi.ac.uk/files/AF-Q6DTY7-6-F1-model_v6.pdb,https://alphafold.ebi.ac.uk/files/AF-Q6DTY7-6-F1-confidence_v6.json,https://alphafold.ebi.ac.uk/files/AF-Q6DTY7-6-F1-predicted_aligned_error_v6.json,held,ALPHAFOLD_ACCESSION_DIFFERS_FROM_CANONICAL,https://alphafold.ebi.ac.uk/api/prediction/Q6DTY7,e219408976e4364e6003a815e104e8f406d260f7ab69338323b4b739d5456cbd,not_assessed,0.1.0
Q6DTY7,AlphaFold_DB,AF-Q6DTY7-F1,A,6,10090,1,469,exact_full,a623ff4212e781902b856591666298cb87004d1ec042f3bbc8ddaa94ad8f82fa,8730e28bc5f45887182104a73a0fc7af,predicted,,,https://alphafold.ebi.ac.uk/files/AF-Q6DTY7-F1-model_v6.cif,https://alphafold.ebi.ac.uk/files/AF-Q6DTY7-F1-model_v6.pdb,https://alphafold.ebi.ac.uk/files/AF-Q6DTY7-F1-confidence_v6.json,https://alphafold.ebi.ac.uk/files/AF-Q6DTY7-F1-predicted_aligned_error_v6.json,candidate,EXACT_FULL_SEQUENCE_LOCAL_QUALITY_PENDING,https://alphafold.ebi.ac.uk/api/prediction/Q6DTY7,e219408976e4364e6003a815e104e8f406d260f7ab69338323b4b739d5456cbd,not_assessed,0.1.0
Q6NXJ0,AlphaFold_DB,AF-Q6NXJ0-F1,A,6,10090,1,1187,exact_full,0e812de76b2cb3373d3dbe461cb2bd38310859d1558add04a43a534865afd8bc,ac2be0368758df831d21e7b6d0287dce,predicted,,,https://alphafold.ebi.ac.uk/files/AF-Q6NXJ0-F1-model_v6.cif,https://alphafold.ebi.ac.uk/files/AF-Q6NXJ0-F1-model_v6.pdb,https://alphafold.ebi.ac.uk/files/AF-Q6NXJ0-F1-confidence_v6.json,https://alphafold.ebi.ac.uk/files/AF-Q6NXJ0-F1-predicted_aligned_error_v6.json,candidate,EXACT_FULL_SEQUENCE_LOCAL_QUALITY_PENDING,https://alphafold.ebi.ac.uk/api/prediction/Q6NXJ0,064979f065c4aa3ec1b70c57f3027fa5768cf10c3a29c1d3784c868ca201aff4,not_assessed,0.1.0
Q6NXK8,AlphaFold_DB,AF-Q6NXK8-2-F1,A,6,10090,1,559,not_assessed,944ba21967d5fefa70591a20d5d18846ae4b789715826370c1514811a130228e,2bb3659648346f05b369d0892c4262fa,predicted,,,https://alphafold.ebi.ac.uk/files/AF-Q6NXK8-2-F1-model_v6.cif,https://alphafold.ebi.ac.uk/files/AF-Q6NXK8-2-F1-model_v6.pdb,https://alphafold.ebi.ac.uk/files/AF-Q6NXK8-2-F1-confidence_v6.json,https://alphafold.ebi.ac.uk/files/AF-Q6NXK8-2-F1-predicted_aligned_error_v6.json,held,ALPHAFOLD_ACCESSION_DIFFERS_FROM_CANONICAL,https://alphafold.ebi.ac.uk/api/prediction/Q6NXK8,7f2f29a2cb7122d8c7b4e793c52e31fd34b12a42d803382bcc04d0b3bec7ef6e,not_assessed,0.1.0
Q6NXK8,AlphaFold_DB,AF-Q6NXK8-F1,A,6,10090,1,526,exact_full,1a307fe9aa7a46b68ce1738c5f41128d0025942191707ddb9af79ce808654c94,7ba0a2ada4bce7fa9cf2b1ad954b6690,predicted,,,https://alphafold.ebi.ac.uk/files/AF-Q6NXK8-F1-model_v6.cif,https://alphafold.ebi.ac.uk/files/AF-Q6NXK8-F1-model_v6.pdb,https://alphafold.ebi.ac.uk/files/AF-Q6NXK8-F1-confidence_v6.json,https://alphafold.ebi.ac.uk/files/AF-Q6NXK8-F1-predicted_aligned_error_v6.json,candidate,EXACT_FULL_SEQUENCE_LOCAL_QUALITY_PENDING,https://alphafold.ebi.ac.uk/api/prediction/Q6NXK8,7f2f29a2cb7122d8c7b4e793c52e31fd34b12a42d803382bcc04d0b3bec7ef6e,not_assessed,0.1.0
Q6NZK8,AlphaFold_DB,AF-Q6NZK8-2-F1,A,6,10090,1,672,not_assessed,e6d74bb5348940cd6a224243613e36339244eb4666504dda3d67fcfd77b4f7f8,0df4929a2d943b59c181ae3266710478,predicted,,,https://alphafold.ebi.ac.uk/files/AF-Q6NZK8-2-F1-model_v6.cif,https://alphafold.ebi.ac.uk/files/AF-Q6NZK8-2-F1-model_v6.pdb,https://alphafold.ebi.ac.uk/files/AF-Q6NZK8-2-F1-confidence_v6.json,https://alphafold.ebi.ac.uk/files/AF-Q6NZK8-2-F1-predicted_aligned_error_v6.json,held,ALPHAFOLD_ACCESSION_DIFFERS_FROM_CANONICAL,https://alphafold.ebi.ac.uk/api/prediction/Q6NZK8,61a9131c46542ac0d0619d2c39dccb687046be8ab75670b8f7606059adbb494e,not_assessed,0.1.0
Q6NZK8,AlphaFold_DB,AF-Q6NZK8-3-F1,A,6,10090,1,808,not_assessed,52326e997a4bc9e1b5d5db0e4409ab0790fe96112bed84e795e94d65f875bd68,fee8e2e936610d51e112c08c6455bd98,predicted,,,https://alphafold.ebi.ac.uk/files/AF-Q6NZK8-3-F1-model_v6.cif,https://alphafold.ebi.ac.uk/files/AF-Q6NZK8-3-F1-model_v6.pdb,https://alphafold.ebi.ac.uk/files/AF-Q6NZK8-3-F1-confidence_v6.json,https://alphafold.ebi.ac.uk/files/AF-Q6NZK8-3-F1-predicted_aligned_error_v6.json,held,ALPHAFOLD_ACCESSION_DIFFERS_FROM_CANONICAL,https://alphafold.ebi.ac.uk/api/prediction/Q6NZK8,61a9131c46542ac0d0619d2c39dccb687046be8ab75670b8f7606059adbb494e,not_assessed,0.1.0
Q6NZK8,AlphaFold_DB,AF-Q6NZK8-F1,A,6,10090,1,747,exact_full,a91cdbafb0b8fcc1acd262964b2aa8e80ce0ad30de1ddbbc549791cccc791c6f,eb2800a1c4cd82263eb0280dde9a190b,predicted,,,https://alphafold.ebi.ac.uk/files/AF-Q6NZK8-F1-model_v6.cif,https://alphafold.ebi.ac.uk/files/AF-Q6NZK8-F1-model_v6.pdb,https://alphafold.ebi.ac.uk/files/AF-Q6NZK8-F1-confidence_v6.json,https://alphafold.ebi.ac.uk/files/AF-Q6NZK8-F1-predicted_aligned_error_v6.json,candidate,EXACT_FULL_SEQUENCE_LOCAL_QUALITY_PENDING,https://alphafold.ebi.ac.uk/api/prediction/Q6NZK8,61a9131c46542ac0d0619d2c39dccb687046be8ab75670b8f7606059adbb494e,not_assessed,0.1.0
Q6NZQ6,AlphaFold_DB,AF-Q6NZQ6-2-F1,A,6,10090,1,168,not_assessed,ca22593d37aaa09f9d40f473baca6f9194f06e04eebcad37073e712ff45fc12d,57a50c1926143d4ed8e26d79cf6026bf,predicted,,,https://alphafold.ebi.ac.uk/files/AF-Q6NZQ6-2-F1-model_v6.cif,https://alphafold.ebi.ac.uk/files/AF-Q6NZQ6-2-F1-model_v6.pdb,https://alphafold.ebi.ac.uk/files/AF-Q6NZQ6-2-F1-confidence_v6.json,https://alphafold.ebi.ac.uk/files/AF-Q6NZQ6-2-F1-predicted_aligned_error_v6.json,held,ALPHAFOLD_ACCESSION_DIFFERS_FROM_CANONICAL,https://alphafold.ebi.ac.uk/api/prediction/Q6NZQ6,1124234cbb7d7569c272bedde15d49b6951310db0cd00223999e6732a19df37f,not_assessed,0.1.0
Q6NZQ6,AlphaFold_DB,AF-Q6NZQ6-3-F1,A,6,10090,1,117,not_assessed,20d62c4817e639ccd411b5733cc0867bec321f67c47259ddf4688dcea594a0e4,6c8a1da28296bd5f9d339a76cbc74d9c,predicted,,,https://alphafold.ebi.ac.uk/files/AF-Q6NZQ6-3-F1-model_v6.cif,https://alphafold.ebi.ac.uk/files/AF-Q6NZQ6-3-F1-model_v6.pdb,https://alphafold.ebi.ac.uk/files/AF-Q6NZQ6-3-F1-confidence_v6.json,https://alphafold.ebi.ac.uk/files/AF-Q6NZQ6-3-F1-predicted_aligned_error_v6.json,held,ALPHAFOLD_ACCESSION_DIFFERS_FROM_CANONICAL,https://alphafold.ebi.ac.uk/api/prediction/Q6NZQ6,1124234cbb7d7569c272bedde15d49b6951310db0cd00223999e6732a19df37f,not_assessed,0.1.0
Q6NZQ6,AlphaFold_DB,AF-Q6NZQ6-F1,A,6,10090,1,180,exact_full,cfa71b2510bc179c267c8bb431b9dfa5793b6aa524e278eadc06d78f4ca30d27,3006c2fda074ba085ec577b1e7c3defe,predicted,,,https://alphafold.ebi.ac.uk/files/AF-Q6NZQ6-F1-model_v6.cif,https://alphafold.ebi.ac.uk/files/AF-Q6NZQ6-F1-model_v6.pdb,https://alphafold.ebi.ac.uk/files/AF-Q6NZQ6-F1-confidence_v6.json,https://alphafold.ebi.ac.uk/files/AF-Q6NZQ6-F1-predicted_aligned_error_v6.json,candidate,EXACT_FULL_SEQUENCE_LOCAL_QUALITY_PENDING,https://alphafold.ebi.ac.uk/api/prediction/Q6NZQ6,1124234cbb7d7569c272bedde15d49b6951310db0cd00223999e6732a19df37f,not_assessed,0.1.0
Q6P1C6,AlphaFold_DB,AF-Q6P1C6-F1,A,6,10090,1,1117,exact_full,2a09fe9d14fd84cd54903127d35a9f0f9b3d0ee06f7da4c2f6148dd0f6efb711,1d1601de885956de1a21bb39311c3e77,predicted,,,https://alphafold.ebi.ac.uk/files/AF-Q6P1C6-F1-model_v6.cif,https://alphafold.ebi.ac.uk/files/AF-Q6P1C6-F1-model_v6.pdb,https://alphafold.ebi.ac.uk/files/AF-Q6P1C6-F1-confidence_v6.json,https://alphafold.ebi.ac.uk/files/AF-Q6P1C6-F1-predicted_aligned_error_v6.json,candidate,EXACT_FULL_SEQUENCE_LOCAL_QUALITY_PENDING,https://alphafold.ebi.ac.uk/api/prediction/Q6P1C6,e7928afdc7c09a7b585482c53de32063096e865faba019eeecb420c3ea5c9aa0,not_assessed,0.1.0
Q6P1C6,PDBe_SIFTS,3so5,A,,10090,490,600,not_assessed,,,X-ray diffraction,1.7,0.102,,,,,candidate,MOUSE_SIFTS_CANDIDATE_LOCAL_REVIEW_PENDING,https://www.ebi.ac.uk/pdbe/api/mappings/best_structures/Q6P1C6,b6da1e008d27c10a0918d0fe95530b33941c0f34645807fd22c4bf9e937a7a50,not_assessed,0.1.0
Q6P1C6,PDBe_SIFTS,3so5,B,,10090,490,600,not_assessed,,,X-ray diffraction,1.7,0.102,,,,,candidate,MOUSE_SIFTS_CANDIDATE_LOCAL_REVIEW_PENDING,https://www.ebi.ac.uk/pdbe/api/mappings/best_structures/Q6P1C6,b6da1e008d27c10a0918d0fe95530b33941c0f34645807fd22c4bf9e937a7a50,not_assessed,0.1.0
Q6P566,AlphaFold_DB,AF-Q6P566-F1,A,6,10090,1,282,exact_full,37085099cbeeb3846098507d8188221ca489acaba38590f6a026e4c174e2068d,9a9dc41b41073137026a3611bf898858,predicted,,,https://alphafold.ebi.ac.uk/files/AF-Q6P566-F1-model_v6.cif,https://alphafold.ebi.ac.uk/files/AF-Q6P566-F1-model_v6.pdb,https://alphafold.ebi.ac.uk/files/AF-Q6P566-F1-confidence_v6.json,https://alphafold.ebi.ac.uk/files/AF-Q6P566-F1-predicted_aligned_error_v6.json,candidate,EXACT_FULL_SEQUENCE_LOCAL_QUALITY_PENDING,https://alphafold.ebi.ac.uk/api/prediction/Q6P566,361683b2a8cbbbc7bcaa30a0a962c2fbdac6d26d0ceb92022f6217a3316ca930,not_assessed,0.1.0
Q6PAQ9,AlphaFold_DB,AF-Q6PAQ9-F1,A,6,10090,1,231,exact_full,21c21826c6860342699ee1e6c6b16400739936885c9740c07fa3ed1d63dce6be,42e6e6bf78c8e1bad7763df14e5e24f1,predicted,,,https://alphafold.ebi.ac.uk/files/AF-Q6PAQ9-F1-model_v6.cif,https://alphafold.ebi.ac.uk/files/AF-Q6PAQ9-F1-model_v6.pdb,https://alphafold.ebi.ac.uk/files/AF-Q6PAQ9-F1-confidence_v6.json,https://alphafold.ebi.ac.uk/files/AF-Q6PAQ9-F1-predicted_aligned_error_v6.json,candidate,EXACT_FULL_SEQUENCE_LOCAL_QUALITY_PENDING,https://alphafold.ebi.ac.uk/api/prediction/Q6PAQ9,229fc7d8077b85900d88e62513eb5a7df660a3e5ef68919d32fc083f04daec5d,not_assessed,0.1.0
Q6PCM1,AlphaFold_DB,AF-Q6PCM1-2-F1,A,6,10090,1,831,not_assessed,5d5ef48e0b6ec9a5f9448a0457af18c7f4678034f77018b6e58db144280e2b7d,65c45e0d7c1145753067cffecf1a46b1,predicted,,,https://alphafold.ebi.ac.uk/files/AF-Q6PCM1-2-F1-model_v6.cif,https://alphafold.ebi.ac.uk/files/AF-Q6PCM1-2-F1-model_v6.pdb,https://alphafold.ebi.ac.uk/files/AF-Q6PCM1-2-F1-confidence_v6.json,https://alphafold.ebi.ac.uk/files/AF-Q6PCM1-2-F1-predicted_aligned_error_v6.json,held,ALPHAFOLD_ACCESSION_DIFFERS_FROM_CANONICAL,https://alphafold.ebi.ac.uk/api/prediction/Q6PCM1,8c73f744c545a5954934b7b12ce02358aa18e959756861b18a11fa096231e3de,not_assessed,0.1.0
Q6PCM1,AlphaFold_DB,AF-Q6PCM1-F1,A,6,10090,1,1323,exact_full,eed304f653a1eaa60fa0bb9b34cdc7c6f7b23659d12994cbc1036cf9a4ce07ba,a5f10b624146b212d326f36d0f7cd0bf,predicted,,,https://alphafold.ebi.ac.uk/files/AF-Q6PCM1-F1-model_v6.cif,https://alphafold.ebi.ac.uk/files/AF-Q6PCM1-F1-model_v6.pdb,https://alphafold.ebi.ac.uk/files/AF-Q6PCM1-F1-confidence_v6.json,https://alphafold.ebi.ac.uk/files/AF-Q6PCM1-F1-predicted_aligned_error_v6.json,candidate,EXACT_FULL_SEQUENCE_LOCAL_QUALITY_PENDING,https://alphafold.ebi.ac.uk/api/prediction/Q6PCM1,8c73f744c545a5954934b7b12ce02358aa18e959756861b18a11fa096231e3de,not_assessed,0.1.0
Q6PD10,AlphaFold_DB,AF-Q6PD10-F1,A,6,10090,1,433,exact_full,af8b70c3ba0d9cca1dfc5e0771340b115fd48ed3e0966827d46ff32bcfd1de2d,7831e4182d0d7108a058aca87f2ba461,predicted,,,https://alphafold.ebi.ac.uk/files/AF-Q6PD10-F1-model_v6.cif,https://alphafold.ebi.ac.uk/files/AF-Q6PD10-F1-model_v6.pdb,https://alphafold.ebi.ac.uk/files/AF-Q6PD10-F1-confidence_v6.json,https://alphafold.ebi.ac.uk/files/AF-Q6PD10-F1-predicted_aligned_error_v6.json,candidate,EXACT_FULL_SEQUENCE_LOCAL_QUALITY_PENDING,https://alphafold.ebi.ac.uk/api/prediction/Q6PD10,1ef6b21b6ed67486cd437020cbd9d1d20eecfef5a0d71a47114ceae733e72f89,not_assessed,0.1.0
Q6PGB8,AlphaFold_DB,AF-Q6PGB8-2-F1,A,6,10090,1,1062,not_assessed,ed4d9944e105983343a304ce6591313246e3111ea0b79e1756bc3e3a624d0f03,e166c4ee6814668a8a49e0315276a3fc,predicted,,,https://alphafold.ebi.ac.uk/files/AF-Q6PGB8-2-F1-model_v6.cif,https://alphafold.ebi.ac.uk/files/AF-Q6PGB8-2-F1-model_v6.pdb,https://alphafold.ebi.ac.uk/files/AF-Q6PGB8-2-F1-confidence_v6.json,https://alphafold.ebi.ac.uk/files/AF-Q6PGB8-2-F1-predicted_aligned_error_v6.json,held,ALPHAFOLD_ACCESSION_DIFFERS_FROM_CANONICAL,https://alphafold.ebi.ac.uk/api/prediction/Q6PGB8,11fe657c8ee1e22f2fcfaac62ccd2771f63ff8286fe7b2899d84bad73bf762e8,not_assessed,0.1.0
Q6PGB8,AlphaFold_DB,AF-Q6PGB8-F1,A,6,10090,1,1046,exact_full,2efa34a4ad8840cb4b22d8968c8edce8777a19652391a8d5945c1fb11592eaac,3f34091cd8b208882bec01fee4c09967,predicted,,,https://alphafold.ebi.ac.uk/files/AF-Q6PGB8-F1-model_v6.cif,https://alphafold.ebi.ac.uk/files/AF-Q6PGB8-F1-model_v6.pdb,https://alphafold.ebi.ac.uk/files/AF-Q6PGB8-F1-confidence_v6.json,https://alphafold.ebi.ac.uk/files/AF-Q6PGB8-F1-predicted_aligned_error_v6.json,candidate,EXACT_FULL_SEQUENCE_LOCAL_QUALITY_PENDING,https://alphafold.ebi.ac.uk/api/prediction/Q6PGB8,11fe657c8ee1e22f2fcfaac62ccd2771f63ff8286fe7b2899d84bad73bf762e8,not_assessed,0.1.0
Q6PGK7,AlphaFold_DB,AF-Q6PGK7-2-F1,A,6,10090,1,164,not_assessed,03d52d2e1e0887a9815ca755059845522653bd9a0b8885ebcfae606827d4595d,bfc86920c1cf714342b54e82ff8b641d,predicted,,,https://alphafold.ebi.ac.uk/files/AF-Q6PGK7-2-F1-model_v6.cif,https://alphafold.ebi.ac.uk/files/AF-Q6PGK7-2-F1-model_v6.pdb,https://alphafold.ebi.ac.uk/files/AF-Q6PGK7-2-F1-confidence_v6.json,https://alphafold.ebi.ac.uk/files/AF-Q6PGK7-2-F1-predicted_aligned_error_v6.json,held,ALPHAFOLD_ACCESSION_DIFFERS_FROM_CANONICAL,https://alphafold.ebi.ac.uk/api/prediction/Q6PGK7,0c38098f93a24a73a52e78273de89951f3705e493f4eaaa5657766e8a74a0878,not_assessed,0.1.0
Q6PGK7,AlphaFold_DB,AF-Q6PGK7-F1,A,6,10090,1,356,exact_full,31294a99ef362c9fe6a2297540be0a495352625c00b9ca7091652a54d1b21be0,995cc06029fc55e474ed22b31b30eb2c,predicted,,,https://alphafold.ebi.ac.uk/files/AF-Q6PGK7-F1-model_v6.cif,https://alphafold.ebi.ac.uk/files/AF-Q6PGK7-F1-model_v6.pdb,https://alphafold.ebi.ac.uk/files/AF-Q6PGK7-F1-confidence_v6.json,https://alphafold.ebi.ac.uk/files/AF-Q6PGK7-F1-predicted_aligned_error_v6.json,candidate,EXACT_FULL_SEQUENCE_LOCAL_QUALITY_PENDING,https://alphafold.ebi.ac.uk/api/prediction/Q6PGK7,0c38098f93a24a73a52e78273de89951f3705e493f4eaaa5657766e8a74a0878,not_assessed,0.1.0
Q6QWF9,AlphaFold_DB,AF-Q6QWF9-F1,A,6,10090,1,78,exact_full,fe79154bd3914dd9cccafaff04b977a6d4c59a86675c239bb9a5c9e468ca3ac8,1fb7381128145b7f64a645cf64f137b5,predicted,,,https://alphafold.ebi.ac.uk/files/AF-Q6QWF9-F1-model_v6.cif,https://alphafold.ebi.ac.uk/files/AF-Q6QWF9-F1-model_v6.pdb,https://alphafold.ebi.ac.uk/files/AF-Q6QWF9-F1-confidence_v6.json,https://alphafold.ebi.ac.uk/files/AF-Q6QWF9-F1-predicted_aligned_error_v6.json,candidate,EXACT_FULL_SEQUENCE_LOCAL_QUALITY_PENDING,https://alphafold.ebi.ac.uk/api/prediction/Q6QWF9,a751d7e2521d240c6b5b7eaeffcb01a020733933e9528fe9f6da6c8c765440b6,not_assessed,0.1.0
Q6U7H8,AlphaFold_DB,AF-Q6U7H8-2-F1,A,6,10090,1,396,not_assessed,fa81d586c1f4a3580bc66bc08b7b04255cd418d0c2c6882baab2bc9382836e16,07b4e5d108ff8168d5870ec571a27e1d,predicted,,,https://alphafold.ebi.ac.uk/files/AF-Q6U7H8-2-F1-model_v6.cif,https://alphafold.ebi.ac.uk/files/AF-Q6U7H8-2-F1-model_v6.pdb,https://alphafold.ebi.ac.uk/files/AF-Q6U7H8-2-F1-confidence_v6.json,https://alphafold.ebi.ac.uk/files/AF-Q6U7H8-2-F1-predicted_aligned_error_v6.json,held,ALPHAFOLD_ACCESSION_DIFFERS_FROM_CANONICAL,https://alphafold.ebi.ac.uk/api/prediction/Q6U7H8,d21871d1f19ca617ecc4c04ce4113d1601d64aa7e4bdbb4f6b522b12055296c4,not_assessed,0.1.0
Q6U7H8,AlphaFold_DB,AF-Q6U7H8-3-F1,A,6,10090,1,366,not_assessed,10af25e4167cdaea88547ed72cc02e41c0a0f4c4099b12b75d554b2b34332a97,ce71042a4aa36f5698f801476f46e9af,predicted,,,https://alphafold.ebi.ac.uk/files/AF-Q6U7H8-3-F1-model_v6.cif,https://alphafold.ebi.ac.uk/files/AF-Q6U7H8-3-F1-model_v6.pdb,https://alphafold.ebi.ac.uk/files/AF-Q6U7H8-3-F1-confidence_v6.json,https://alphafold.ebi.ac.uk/files/AF-Q6U7H8-3-F1-predicted_aligned_error_v6.json,held,ALPHAFOLD_ACCESSION_DIFFERS_FROM_CANONICAL,https://alphafold.ebi.ac.uk/api/prediction/Q6U7H8,d21871d1f19ca617ecc4c04ce4113d1601d64aa7e4bdbb4f6b522b12055296c4,not_assessed,0.1.0
Q6U7H8,AlphaFold_DB,AF-Q6U7H8-4-F1,A,6,10090,1,216,not_assessed,2bb0d76652889579e76e921b2e4fb5767b1f04827dc138df6dc7d8e3a167a335,5aa56a01c102d3dababf3005361f72f2,predicted,,,https://alphafold.ebi.ac.uk/files/AF-Q6U7H8-4-F1-model_v6.cif,https://alphafold.ebi.ac.uk/files/AF-Q6U7H8-4-F1-model_v6.pdb,https://alphafold.ebi.ac.uk/files/AF-Q6U7H8-4-F1-confidence_v6.json,https://alphafold.ebi.ac.uk/files/AF-Q6U7H8-4-F1-predicted_aligned_error_v6.json,held,ALPHAFOLD_ACCESSION_DIFFERS_FROM_CANONICAL,https://alphafold.ebi.ac.uk/api/prediction/Q6U7H8,d21871d1f19ca617ecc4c04ce4113d1601d64aa7e4bdbb4f6b522b12055296c4,not_assessed,0.1.0
Q6U7H8,AlphaFold_DB,AF-Q6U7H8-F1,A,6,10090,1,395,exact_full,ee9d10ad874dbe6132d314e01c43e9d7bcab1b2aa3a64ed6369625ccf8cff7bf,4302ce54ed63257e722417acc32c8221,predicted,,,https://alphafold.ebi.ac.uk/files/AF-Q6U7H8-F1-model_v6.cif,https://alphafold.ebi.ac.uk/files/AF-Q6U7H8-F1-model_v6.pdb,https://alphafold.ebi.ac.uk/files/AF-Q6U7H8-F1-confidence_v6.json,https://alphafold.ebi.ac.uk/files/AF-Q6U7H8-F1-predicted_aligned_error_v6.json,candidate,EXACT_FULL_SEQUENCE_LOCAL_QUALITY_PENDING,https://alphafold.ebi.ac.uk/api/prediction/Q6U7H8,d21871d1f19ca617ecc4c04ce4113d1601d64aa7e4bdbb4f6b522b12055296c4,not_assessed,0.1.0
Q6ZQ73,AlphaFold_DB,AF-Q6ZQ73-F1,A,6,10090,1,1235,exact_full,85ee04d9df32ef7f9b88e023380650264e3fced1bb51397408321023460a19e5,b901809792a68a448ba5de3faa1e9c0c,predicted,,,https://alphafold.ebi.ac.uk/files/AF-Q6ZQ73-F1-model_v6.cif,https://alphafold.ebi.ac.uk/files/AF-Q6ZQ73-F1-model_v6.pdb,https://alphafold.ebi.ac.uk/files/AF-Q6ZQ73-F1-confidence_v6.json,https://alphafold.ebi.ac.uk/files/AF-Q6ZQ73-F1-predicted_aligned_error_v6.json,candidate,EXACT_FULL_SEQUENCE_LOCAL_QUALITY_PENDING,https://alphafold.ebi.ac.uk/api/prediction/Q6ZQ73,1c41d1c2cb2d98bb6dc839ca76bdf8d0987c8e3462b876fd288ab7991aecf44d,not_assessed,0.1.0
Q6ZWR4,AlphaFold_DB,AF-Q6ZWR4-2-F1,A,6,10090,1,446,not_assessed,4ff15bd0132d9d23ccc55db145d5518d5abf73b7aeaff8f16f781d23d7b6b4eb,24aff9cfc1db0b10bfabc0144427d5e6,predicted,,,https://alphafold.ebi.ac.uk/files/AF-Q6ZWR4-2-F1-model_v6.cif,https://alphafold.ebi.ac.uk/files/AF-Q6ZWR4-2-F1-model_v6.pdb,https://alphafold.ebi.ac.uk/files/AF-Q6ZWR4-2-F1-confidence_v6.json,https://alphafold.ebi.ac.uk/files/AF-Q6ZWR4-2-F1-predicted_aligned_error_v6.json,held,ALPHAFOLD_ACCESSION_DIFFERS_FROM_CANONICAL,https://alphafold.ebi.ac.uk/api/prediction/Q6ZWR4,edf982e1adf2a1b7700c8ce956069cc8116cc75477e4a6fe06b19f8ed24596dc,not_assessed,0.1.0
Q6ZWR4,AlphaFold_DB,AF-Q6ZWR4-3-F1,A,6,10090,1,425,not_assessed,27026bdaac47e838982bd2e9104a8be359c7df572b2751529bdc578edd5711d3,dd30787c363b19995cbb682d5dbcefc0,predicted,,,https://alphafold.ebi.ac.uk/files/AF-Q6ZWR4-3-F1-model_v6.cif,https://alphafold.ebi.ac.uk/files/AF-Q6ZWR4-3-F1-model_v6.pdb,https://alphafold.ebi.ac.uk/files/AF-Q6ZWR4-3-F1-confidence_v6.json,https://alphafold.ebi.ac.uk/files/AF-Q6ZWR4-3-F1-predicted_aligned_error_v6.json,held,ALPHAFOLD_ACCESSION_DIFFERS_FROM_CANONICAL,https://alphafold.ebi.ac.uk/api/prediction/Q6ZWR4,edf982e1adf2a1b7700c8ce956069cc8116cc75477e4a6fe06b19f8ed24596dc,not_assessed,0.1.0
Q6ZWR4,AlphaFold_DB,AF-Q6ZWR4-F1,A,6,10090,1,443,exact_full,f0b443363be6dd29f63fe9da3603b4265ba8639877fbedac12db6451c6624390,6060f0d4cccb4dc4e224ee28348af028,predicted,,,https://alphafold.ebi.ac.uk/files/AF-Q6ZWR4-F1-model_v6.cif,https://alphafold.ebi.ac.uk/files/AF-Q6ZWR4-F1-model_v6.pdb,https://alphafold.ebi.ac.uk/files/AF-Q6ZWR4-F1-confidence_v6.json,https://alphafold.ebi.ac.uk/files/AF-Q6ZWR4-F1-predicted_aligned_error_v6.json,candidate,EXACT_FULL_SEQUENCE_LOCAL_QUALITY_PENDING,https://alphafold.ebi.ac.uk/api/prediction/Q6ZWR4,edf982e1adf2a1b7700c8ce956069cc8116cc75477e4a6fe06b19f8ed24596dc,not_assessed,0.1.0
Q71KT5,AlphaFold_DB,AF-Q71KT5-F1,A,6,10090,1,418,exact_full,7121ce7d3674abf9726dad65c77cafb0d84dee78bc11168ad756da52367043a1,83b91ae5d809198a5593555b2c350d76,predicted,,,https://alphafold.ebi.ac.uk/files/AF-Q71KT5-F1-model_v6.cif,https://alphafold.ebi.ac.uk/files/AF-Q71KT5-F1-model_v6.pdb,https://alphafold.ebi.ac.uk/files/AF-Q71KT5-F1-confidence_v6.json,https://alphafold.ebi.ac.uk/files/AF-Q71KT5-F1-predicted_aligned_error_v6.json,candidate,EXACT_FULL_SEQUENCE_LOCAL_QUALITY_PENDING,https://alphafold.ebi.ac.uk/api/prediction/Q71KT5,6a9ca58f6e07a3062af06464f819d32d3835d3567fa7fe0469ef5edf7c149e8f,not_assessed,0.1.0
Q78TU8,AlphaFold_DB,AF-Q78TU8-F1,A,6,10090,1,144,exact_full,a362fe27482b9dee3afc35a20340bb425ef95a081819daea2163d226f1159ca4,663771a1f18f4d32437b5800e7cbb62e,predicted,,,https://alphafold.ebi.ac.uk/files/AF-Q78TU8-F1-model_v6.cif,https://alphafold.ebi.ac.uk/files/AF-Q78TU8-F1-model_v6.pdb,https://alphafold.ebi.ac.uk/files/AF-Q78TU8-F1-confidence_v6.json,https://alphafold.ebi.ac.uk/files/AF-Q78TU8-F1-predicted_aligned_error_v6.json,candidate,EXACT_FULL_SEQUENCE_LOCAL_QUALITY_PENDING,https://alphafold.ebi.ac.uk/api/prediction/Q78TU8,7b721abd8d4e0a0824d9aed7badf5ef8c43d22dfe1eedc60f2a9835583d35670,not_assessed,0.1.0
Q7M760,AlphaFold_DB,AF-Q7M760-F1,A,6,10090,1,708,exact_full,0cc5fcddf9786553a2d3fa06c6cfa95b1f004445e0cc327e8b4208262553ee30,c22db499aaede77c003a2fbb8bc34d3b,predicted,,,https://alphafold.ebi.ac.uk/files/AF-Q7M760-F1-model_v6.cif,https://alphafold.ebi.ac.uk/files/AF-Q7M760-F1-model_v6.pdb,https://alphafold.ebi.ac.uk/files/AF-Q7M760-F1-confidence_v6.json,https://alphafold.ebi.ac.uk/files/AF-Q7M760-F1-predicted_aligned_error_v6.json,candidate,EXACT_FULL_SEQUENCE_LOCAL_QUALITY_PENDING,https://alphafold.ebi.ac.uk/api/prediction/Q7M760,ba7f57d542693d4e08791280e5300c82574eebb22f7eef22baae15567ec5c36a,not_assessed,0.1.0
Q7TMJ8,AlphaFold_DB,AF-Q7TMJ8-2-F1,A,6,10090,1,213,not_assessed,53d9e5aae8c3bfc0073e5938cd71293ddd674f32eb8ea470b64b965fc89b0767,1dd55468dc3b52b9ca523341f278805b,predicted,,,https://alphafold.ebi.ac.uk/files/AF-Q7TMJ8-2-F1-model_v6.cif,https://alphafold.ebi.ac.uk/files/AF-Q7TMJ8-2-F1-model_v6.pdb,https://alphafold.ebi.ac.uk/files/AF-Q7TMJ8-2-F1-confidence_v6.json,https://alphafold.ebi.ac.uk/files/AF-Q7TMJ8-2-F1-predicted_aligned_error_v6.json,held,ALPHAFOLD_ACCESSION_DIFFERS_FROM_CANONICAL,https://alphafold.ebi.ac.uk/api/prediction/Q7TMJ8,aa4306b0357fafe0a2baf62dc0e29baf9e70bd52ec0b8f34a73d262ae9076704,not_assessed,0.1.0
Q7TMJ8,AlphaFold_DB,AF-Q7TMJ8-F1,A,6,10090,1,264,exact_full,694e79500670f781bd2f30d77e2f5ef9cd325a01064a16067f1a242e424cbea8,780c45fc49ce4edcf979a3933060bd6a,predicted,,,https://alphafold.ebi.ac.uk/files/AF-Q7TMJ8-F1-model_v6.cif,https://alphafold.ebi.ac.uk/files/AF-Q7TMJ8-F1-model_v6.pdb,https://alphafold.ebi.ac.uk/files/AF-Q7TMJ8-F1-confidence_v6.json,https://alphafold.ebi.ac.uk/files/AF-Q7TMJ8-F1-predicted_aligned_error_v6.json,candidate,EXACT_FULL_SEQUENCE_LOCAL_QUALITY_PENDING,https://alphafold.ebi.ac.uk/api/prediction/Q7TMJ8,aa4306b0357fafe0a2baf62dc0e29baf9e70bd52ec0b8f34a73d262ae9076704,not_assessed,0.1.0
Q7TML3,AlphaFold_DB,AF-Q7TML3-F1,A,6,10090,1,375,exact_full,61fd28a4d0d2556a4661e62fcf4ae3d089209faa6305ceaa9260bda6a908020b,5753a85653ab3c1adecfaa495bd3f46b,predicted,,,https://alphafold.ebi.ac.uk/files/AF-Q7TML3-F1-model_v6.cif,https://alphafold.ebi.ac.uk/files/AF-Q7TML3-F1-model_v6.pdb,https://alphafold.ebi.ac.uk/files/AF-Q7TML3-F1-confidence_v6.json,https://alphafold.ebi.ac.uk/files/AF-Q7TML3-F1-predicted_aligned_error_v6.json,candidate,EXACT_FULL_SEQUENCE_LOCAL_QUALITY_PENDING,https://alphafold.ebi.ac.uk/api/prediction/Q7TML3,e2924ae592cf2eb85d9089526473f93e2d2c997ac4d5a30f315664cd8eda6cae,not_assessed,0.1.0
Q7TMM9,AlphaFold_DB,AF-Q7TMM9-F1,A,6,10090,1,445,exact_full,a9cc43ae5c45fa7e05669de89b6a0fe59db4a1757f42d5dcd6756016ba973371,4e14c573038fc19e66f1af48f59843f0,predicted,,,https://alphafold.ebi.ac.uk/files/AF-Q7TMM9-F1-model_v6.cif,https://alphafold.ebi.ac.uk/files/AF-Q7TMM9-F1-model_v6.pdb,https://alphafold.ebi.ac.uk/files/AF-Q7TMM9-F1-confidence_v6.json,https://alphafold.ebi.ac.uk/files/AF-Q7TMM9-F1-predicted_aligned_error_v6.json,candidate,EXACT_FULL_SEQUENCE_LOCAL_QUALITY_PENDING,https://alphafold.ebi.ac.uk/api/prediction/Q7TMM9,b874168abeb9760ae9beaff5f77e2b0bd54723d2381be1b1235dbaeea6e44521,not_assessed,0.1.0
Q7TMM9,PDBe_SIFTS,24mc,W,,10090,1,445,not_assessed,,,Electron Microscopy,3.4,1.0,,,,,candidate,MOUSE_SIFTS_CANDIDATE_LOCAL_REVIEW_PENDING,https://www.ebi.ac.uk/pdbe/api/mappings/best_structures/Q7TMM9,d1ded94a8dbb3367b80b532590c70bbc4159b573e7c9e4d120c5e89089ed561b,not_assessed,0.1.0
Q7TMM9,PDBe_SIFTS,24mc,Z,,10090,1,445,not_assessed,,,Electron Microscopy,3.4,1.0,,,,,candidate,MOUSE_SIFTS_CANDIDATE_LOCAL_REVIEW_PENDING,https://www.ebi.ac.uk/pdbe/api/mappings/best_structures/Q7TMM9,d1ded94a8dbb3367b80b532590c70bbc4159b573e7c9e4d120c5e89089ed561b,not_assessed,0.1.0
Q7TMM9,PDBe_SIFTS,8ixa,J,,10090,1,445,not_assessed,,,Electron Microscopy,4.2,1.0,,,,,candidate,MOUSE_SIFTS_CANDIDATE_LOCAL_REVIEW_PENDING,https://www.ebi.ac.uk/pdbe/api/mappings/best_structures/Q7TMM9,d1ded94a8dbb3367b80b532590c70bbc4159b573e7c9e4d120c5e89089ed561b,not_assessed,0.1.0
Q7TMM9,PDBe_SIFTS,8ixa,K,,10090,1,445,not_assessed,,,Electron Microscopy,4.2,1.0,,,,,candidate,MOUSE_SIFTS_CANDIDATE_LOCAL_REVIEW_PENDING,https://www.ebi.ac.uk/pdbe/api/mappings/best_structures/Q7TMM9,d1ded94a8dbb3367b80b532590c70bbc4159b573e7c9e4d120c5e89089ed561b,not_assessed,0.1.0
Q7TMM9,PDBe_SIFTS,8ixa,L,,10090,1,445,not_assessed,,,Electron Microscopy,4.2,1.0,,,,,candidate,MOUSE_SIFTS_CANDIDATE_LOCAL_REVIEW_PENDING,https://www.ebi.ac.uk/pdbe/api/mappings/best_structures/Q7TMM9,d1ded94a8dbb3367b80b532590c70bbc4159b573e7c9e4d120c5e89089ed561b,not_assessed,0.1.0
Q7TMM9,PDBe_SIFTS,8ixa,M,,10090,1,445,not_assessed,,,Electron Microscopy,4.2,1.0,,,,,candidate,MOUSE_SIFTS_CANDIDATE_LOCAL_REVIEW_PENDING,https://www.ebi.ac.uk/pdbe/api/mappings/best_structures/Q7TMM9,d1ded94a8dbb3367b80b532590c70bbc4159b573e7c9e4d120c5e89089ed561b,not_assessed,0.1.0
Q7TMM9,PDBe_SIFTS,8ixa,N,,10090,1,445,not_assessed,,,Electron Microscopy,4.2,1.0,,,,,candidate,MOUSE_SIFTS_CANDIDATE_LOCAL_REVIEW_PENDING,https://www.ebi.ac.uk/pdbe/api/mappings/best_structures/Q7TMM9,d1ded94a8dbb3367b80b532590c70bbc4159b573e7c9e4d120c5e89089ed561b,not_assessed,0.1.0
Q7TMM9,PDBe_SIFTS,8ixa,O,,10090,1,445,not_assessed,,,Electron Microscopy,4.2,1.0,,,,,candidate,MOUSE_SIFTS_CANDIDATE_LOCAL_REVIEW_PENDING,https://www.ebi.ac.uk/pdbe/api/mappings/best_structures/Q7TMM9,d1ded94a8dbb3367b80b532590c70bbc4159b573e7c9e4d120c5e89089ed561b,not_assessed,0.1.0
Q7TMM9,PDBe_SIFTS,8ixa,P,,10090,1,445,not_assessed,,,Electron Microscopy,4.2,1.0,,,,,candidate,MOUSE_SIFTS_CANDIDATE_LOCAL_REVIEW_PENDING,https://www.ebi.ac.uk/pdbe/api/mappings/best_structures/Q7TMM9,d1ded94a8dbb3367b80b532590c70bbc4159b573e7c9e4d120c5e89089ed561b,not_assessed,0.1.0
Q7TMM9,PDBe_SIFTS,8ixa,Q,,10090,1,445,not_assessed,,,Electron Microscopy,4.2,1.0,,,,,candidate,MOUSE_SIFTS_CANDIDATE_LOCAL_REVIEW_PENDING,https://www.ebi.ac.uk/pdbe/api/mappings/best_structures/Q7TMM9,d1ded94a8dbb3367b80b532590c70bbc4159b573e7c9e4d120c5e89089ed561b,not_assessed,0.1.0
Q7TMM9,PDBe_SIFTS,8ixa,R,,10090,1,445,not_assessed,,,Electron Microscopy,4.2,1.0,,,,,candidate,MOUSE_SIFTS_CANDIDATE_LOCAL_REVIEW_PENDING,https://www.ebi.ac.uk/pdbe/api/mappings/best_structures/Q7TMM9,d1ded94a8dbb3367b80b532590c70bbc4159b573e7c9e4d120c5e89089ed561b,not_assessed,0.1.0
Q7TMM9,PDBe_SIFTS,8ixb,Q,,10090,1,445,not_assessed,,,Electron Microscopy,4.2,1.0,,,,,candidate,MOUSE_SIFTS_CANDIDATE_LOCAL_REVIEW_PENDING,https://www.ebi.ac.uk/pdbe/api/mappings/best_structures/Q7TMM9,d1ded94a8dbb3367b80b532590c70bbc4159b573e7c9e4d120c5e89089ed561b,not_assessed,0.1.0
Q7TMM9,PDBe_SIFTS,8ixb,U,,10090,1,445,not_assessed,,,Electron Microscopy,4.2,1.0,,,,,candidate,MOUSE_SIFTS_CANDIDATE_LOCAL_REVIEW_PENDING,https://www.ebi.ac.uk/pdbe/api/mappings/best_structures/Q7TMM9,d1ded94a8dbb3367b80b532590c70bbc4159b573e7c9e4d120c5e89089ed561b,not_assessed,0.1.0
Q7TMM9,PDBe_SIFTS,8ixb,V,,10090,1,445,not_assessed,,,Electron Microscopy,4.2,1.0,,,,,candidate,MOUSE_SIFTS_CANDIDATE_LOCAL_REVIEW_PENDING,https://www.ebi.ac.uk/pdbe/api/mappings/best_structures/Q7TMM9,d1ded94a8dbb3367b80b532590c70bbc4159b573e7c9e4d120c5e89089ed561b,not_assessed,0.1.0
Q7TMM9,PDBe_SIFTS,8ixb,W,,10090,1,445,not_assessed,,,Electron Microscopy,4.2,1.0,,,,,candidate,MOUSE_SIFTS_CANDIDATE_LOCAL_REVIEW_PENDING,https://www.ebi.ac.uk/pdbe/api/mappings/best_structures/Q7TMM9,d1ded94a8dbb3367b80b532590c70bbc4159b573e7c9e4d120c5e89089ed561b,not_assessed,0.1.0
Q7TMM9,PDBe_SIFTS,8ixd,J,,10090,1,445,not_assessed,,,Electron Microscopy,4.4,1.0,,,,,candidate,MOUSE_SIFTS_CANDIDATE_LOCAL_REVIEW_PENDING,https://www.ebi.ac.uk/pdbe/api/mappings/best_structures/Q7TMM9,d1ded94a8dbb3367b80b532590c70bbc4159b573e7c9e4d120c5e89089ed561b,not_assessed,0.1.0
Q7TMM9,PDBe_SIFTS,8ixd,K,,10090,1,445,not_assessed,,,Electron Microscopy,4.4,1.0,,,,,candidate,MOUSE_SIFTS_CANDIDATE_LOCAL_REVIEW_PENDING,https://www.ebi.ac.uk/pdbe/api/mappings/best_structures/Q7TMM9,d1ded94a8dbb3367b80b532590c70bbc4159b573e7c9e4d120c5e89089ed561b,not_assessed,0.1.0
Q7TMM9,PDBe_SIFTS,8ixd,L,,10090,1,445,not_assessed,,,Electron Microscopy,4.4,1.0,,,,,candidate,MOUSE_SIFTS_CANDIDATE_LOCAL_REVIEW_PENDING,https://www.ebi.ac.uk/pdbe/api/mappings/best_structures/Q7TMM9,d1ded94a8dbb3367b80b532590c70bbc4159b573e7c9e4d120c5e89089ed561b,not_assessed,0.1.0
Q7TMM9,PDBe_SIFTS,8ixd,M,,10090,1,445,not_assessed,,,Electron Microscopy,4.4,1.0,,,,,candidate,MOUSE_SIFTS_CANDIDATE_LOCAL_REVIEW_PENDING,https://www.ebi.ac.uk/pdbe/api/mappings/best_structures/Q7TMM9,d1ded94a8dbb3367b80b532590c70bbc4159b573e7c9e4d120c5e89089ed561b,not_assessed,0.1.0
Q7TMM9,PDBe_SIFTS,8ixd,N,,10090,1,445,not_assessed,,,Electron Microscopy,4.4,1.0,,,,,candidate,MOUSE_SIFTS_CANDIDATE_LOCAL_REVIEW_PENDING,https://www.ebi.ac.uk/pdbe/api/mappings/best_structures/Q7TMM9,d1ded94a8dbb3367b80b532590c70bbc4159b573e7c9e4d120c5e89089ed561b,not_assessed,0.1.0
Q7TMM9,PDBe_SIFTS,8ixd,O,,10090,1,445,not_assessed,,,Electron Microscopy,4.4,1.0,,,,,candidate,MOUSE_SIFTS_CANDIDATE_LOCAL_REVIEW_PENDING,https://www.ebi.ac.uk/pdbe/api/mappings/best_structures/Q7TMM9,d1ded94a8dbb3367b80b532590c70bbc4159b573e7c9e4d120c5e89089ed561b,not_assessed,0.1.0
Q7TMM9,PDBe_SIFTS,8ixd,P,,10090,1,445,not_assessed,,,Electron Microscopy,4.4,1.0,,,,,candidate,MOUSE_SIFTS_CANDIDATE_LOCAL_REVIEW_PENDING,https://www.ebi.ac.uk/pdbe/api/mappings/best_structures/Q7TMM9,d1ded94a8dbb3367b80b532590c70bbc4159b573e7c9e4d120c5e89089ed561b,not_assessed,0.1.0
Q7TMM9,PDBe_SIFTS,8ixd,Q,,10090,1,445,not_assessed,,,Electron Microscopy,4.4,1.0,,,,,candidate,MOUSE_SIFTS_CANDIDATE_LOCAL_REVIEW_PENDING,https://www.ebi.ac.uk/pdbe/api/mappings/best_structures/Q7TMM9,d1ded94a8dbb3367b80b532590c70bbc4159b573e7c9e4d120c5e89089ed561b,not_assessed,0.1.0
Q7TMM9,PDBe_SIFTS,8ixd,R,,10090,1,445,not_assessed,,,Electron Microscopy,4.4,1.0,,,,,candidate,MOUSE_SIFTS_CANDIDATE_LOCAL_REVIEW_PENDING,https://www.ebi.ac.uk/pdbe/api/mappings/best_structures/Q7TMM9,d1ded94a8dbb3367b80b532590c70bbc4159b573e7c9e4d120c5e89089ed561b,not_assessed,0.1.0
Q7TMM9,PDBe_SIFTS,8ixe,R,,10090,1,445,not_assessed,,,Electron Microscopy,4.4,1.0,,,,,candidate,MOUSE_SIFTS_CANDIDATE_LOCAL_REVIEW_PENDING,https://www.ebi.ac.uk/pdbe/api/mappings/best_structures/Q7TMM9,d1ded94a8dbb3367b80b532590c70bbc4159b573e7c9e4d120c5e89089ed561b,not_assessed,0.1.0
Q7TMM9,PDBe_SIFTS,8ixe,W,,10090,1,445,not_assessed,,,Electron Microscopy,4.4,1.0,,,,,candidate,MOUSE_SIFTS_CANDIDATE_LOCAL_REVIEW_PENDING,https://www.ebi.ac.uk/pdbe/api/mappings/best_structures/Q7TMM9,d1ded94a8dbb3367b80b532590c70bbc4159b573e7c9e4d120c5e89089ed561b,not_assessed,0.1.0
Q7TMM9,PDBe_SIFTS,8ixe,Z,,10090,1,445,not_assessed,,,Electron Microscopy,4.4,1.0,,,,,candidate,MOUSE_SIFTS_CANDIDATE_LOCAL_REVIEW_PENDING,https://www.ebi.ac.uk/pdbe/api/mappings/best_structures/Q7TMM9,d1ded94a8dbb3367b80b532590c70bbc4159b573e7c9e4d120c5e89089ed561b,not_assessed,0.1.0
Q7TMM9,PDBe_SIFTS,8ixe,a,,10090,1,445,not_assessed,,,Electron Microscopy,4.4,1.0,,,,,candidate,MOUSE_SIFTS_CANDIDATE_LOCAL_REVIEW_PENDING,https://www.ebi.ac.uk/pdbe/api/mappings/best_structures/Q7TMM9,d1ded94a8dbb3367b80b532590c70bbc4159b573e7c9e4d120c5e89089ed561b,not_assessed,0.1.0
Q7TMM9,PDBe_SIFTS,8ixf,J,,10090,1,445,not_assessed,,,Electron Microscopy,4.4,1.0,,,,,candidate,MOUSE_SIFTS_CANDIDATE_LOCAL_REVIEW_PENDING,https://www.ebi.ac.uk/pdbe/api/mappings/best_structures/Q7TMM9,d1ded94a8dbb3367b80b532590c70bbc4159b573e7c9e4d120c5e89089ed561b,not_assessed,0.1.0
Q7TMM9,PDBe_SIFTS,8ixf,K,,10090,1,445,not_assessed,,,Electron Microscopy,4.4,1.0,,,,,candidate,MOUSE_SIFTS_CANDIDATE_LOCAL_REVIEW_PENDING,https://www.ebi.ac.uk/pdbe/api/mappings/best_structures/Q7TMM9,d1ded94a8dbb3367b80b532590c70bbc4159b573e7c9e4d120c5e89089ed561b,not_assessed,0.1.0
Q7TMM9,PDBe_SIFTS,8ixf,L,,10090,1,445,not_assessed,,,Electron Microscopy,4.4,1.0,,,,,candidate,MOUSE_SIFTS_CANDIDATE_LOCAL_REVIEW_PENDING,https://www.ebi.ac.uk/pdbe/api/mappings/best_structures/Q7TMM9,d1ded94a8dbb3367b80b532590c70bbc4159b573e7c9e4d120c5e89089ed561b,not_assessed,0.1.0
Q7TMM9,PDBe_SIFTS,8ixf,M,,10090,1,445,not_assessed,,,Electron Microscopy,4.4,1.0,,,,,candidate,MOUSE_SIFTS_CANDIDATE_LOCAL_REVIEW_PENDING,https://www.ebi.ac.uk/pdbe/api/mappings/best_structures/Q7TMM9,d1ded94a8dbb3367b80b532590c70bbc4159b573e7c9e4d120c5e89089ed561b,not_assessed,0.1.0
Q7TMM9,PDBe_SIFTS,8ixf,N,,10090,1,445,not_assessed,,,Electron Microscopy,4.4,1.0,,,,,candidate,MOUSE_SIFTS_CANDIDATE_LOCAL_REVIEW_PENDING,https://www.ebi.ac.uk/pdbe/api/mappings/best_structures/Q7TMM9,d1ded94a8dbb3367b80b532590c70bbc4159b573e7c9e4d120c5e89089ed561b,not_assessed,0.1.0
Q7TMM9,PDBe_SIFTS,8ixf,O,,10090,1,445,not_assessed,,,Electron Microscopy,4.4,1.0,,,,,candidate,MOUSE_SIFTS_CANDIDATE_LOCAL_REVIEW_PENDING,https://www.ebi.ac.uk/pdbe/api/mappings/best_structures/Q7TMM9,d1ded94a8dbb3367b80b532590c70bbc4159b573e7c9e4d120c5e89089ed561b,not_assessed,0.1.0
Q7TMM9,PDBe_SIFTS,8ixf,P,,10090,1,445,not_assessed,,,Electron Microscopy,4.4,1.0,,,,,candidate,MOUSE_SIFTS_CANDIDATE_LOCAL_REVIEW_PENDING,https://www.ebi.ac.uk/pdbe/api/mappings/best_structures/Q7TMM9,d1ded94a8dbb3367b80b532590c70bbc4159b573e7c9e4d120c5e89089ed561b,not_assessed,0.1.0
Q7TMM9,PDBe_SIFTS,8ixf,Q,,10090,1,445,not_assessed,,,Electron Microscopy,4.4,1.0,,,,,candidate,MOUSE_SIFTS_CANDIDATE_LOCAL_REVIEW_PENDING,https://www.ebi.ac.uk/pdbe/api/mappings/best_structures/Q7TMM9,d1ded94a8dbb3367b80b532590c70bbc4159b573e7c9e4d120c5e89089ed561b,not_assessed,0.1.0
Q7TMM9,PDBe_SIFTS,8ixf,R,,10090,1,445,not_assessed,,,Electron Microscopy,4.4,1.0,,,,,candidate,MOUSE_SIFTS_CANDIDATE_LOCAL_REVIEW_PENDING,https://www.ebi.ac.uk/pdbe/api/mappings/best_structures/Q7TMM9,d1ded94a8dbb3367b80b532590c70bbc4159b573e7c9e4d120c5e89089ed561b,not_assessed,0.1.0
Q7TMM9,PDBe_SIFTS,8ixg,R,,10090,1,445,not_assessed,,,Electron Microscopy,4.4,1.0,,,,,candidate,MOUSE_SIFTS_CANDIDATE_LOCAL_REVIEW_PENDING,https://www.ebi.ac.uk/pdbe/api/mappings/best_structures/Q7TMM9,d1ded94a8dbb3367b80b532590c70bbc4159b573e7c9e4d120c5e89089ed561b,not_assessed,0.1.0
Q7TMM9,PDBe_SIFTS,8ixg,W,,10090,1,445,not_assessed,,,Electron Microscopy,4.4,1.0,,,,,candidate,MOUSE_SIFTS_CANDIDATE_LOCAL_REVIEW_PENDING,https://www.ebi.ac.uk/pdbe/api/mappings/best_structures/Q7TMM9,d1ded94a8dbb3367b80b532590c70bbc4159b573e7c9e4d120c5e89089ed561b,not_assessed,0.1.0
Q7TMM9,PDBe_SIFTS,8ixg,Z,,10090,1,445,not_assessed,,,Electron Microscopy,4.4,1.0,,,,,candidate,MOUSE_SIFTS_CANDIDATE_LOCAL_REVIEW_PENDING,https://www.ebi.ac.uk/pdbe/api/mappings/best_structures/Q7TMM9,d1ded94a8dbb3367b80b532590c70bbc4159b573e7c9e4d120c5e89089ed561b,not_assessed,0.1.0
Q7TMM9,PDBe_SIFTS,8ixg,a,,10090,1,445,not_assessed,,,Electron Microscopy,4.4,1.0,,,,,candidate,MOUSE_SIFTS_CANDIDATE_LOCAL_REVIEW_PENDING,https://www.ebi.ac.uk/pdbe/api/mappings/best_structures/Q7TMM9,d1ded94a8dbb3367b80b532590c70bbc4159b573e7c9e4d120c5e89089ed561b,not_assessed,0.1.0
Q7TMM9,PDBe_SIFTS,9w2m,L,,10090,1,445,not_assessed,,,Electron Microscopy,4.2,1.0,,,,,candidate,MOUSE_SIFTS_CANDIDATE_LOCAL_REVIEW_PENDING,https://www.ebi.ac.uk/pdbe/api/mappings/best_structures/Q7TMM9,d1ded94a8dbb3367b80b532590c70bbc4159b573e7c9e4d120c5e89089ed561b,not_assessed,0.1.0
Q7TMM9,PDBe_SIFTS,9w2m,l,,10090,1,445,not_assessed,,,Electron Microscopy,4.2,1.0,,,,,candidate,MOUSE_SIFTS_CANDIDATE_LOCAL_REVIEW_PENDING,https://www.ebi.ac.uk/pdbe/api/mappings/best_structures/Q7TMM9,d1ded94a8dbb3367b80b532590c70bbc4159b573e7c9e4d120c5e89089ed561b,not_assessed,0.1.0
Q7TNV1,AlphaFold_DB,AF-Q7TNV1-2-F1,A,6,10090,1,225,not_assessed,01da760b7ec36b9bde4c635959bc6b26e895eb1f78d8ea47bf9f6edabdc50fe7,9126d053da2cd6274489b679e1fd3d45,predicted,,,https://alphafold.ebi.ac.uk/files/AF-Q7TNV1-2-F1-model_v6.cif,https://alphafold.ebi.ac.uk/files/AF-Q7TNV1-2-F1-model_v6.pdb,https://alphafold.ebi.ac.uk/files/AF-Q7TNV1-2-F1-confidence_v6.json,https://alphafold.ebi.ac.uk/files/AF-Q7TNV1-2-F1-predicted_aligned_error_v6.json,held,ALPHAFOLD_ACCESSION_DIFFERS_FROM_CANONICAL,https://alphafold.ebi.ac.uk/api/prediction/Q7TNV1,0785dedef30b05c51376559c753f3208d638af1ad1534b39a5aec4531ddaa0ca,not_assessed,0.1.0
Q7TNV1,AlphaFold_DB,AF-Q7TNV1-3-F1,A,6,10090,1,275,not_assessed,a248a72b5737d11a429d8701198c362d4e7a4fa0e78a38451447c510766fb34d,fa0749aaaeabc85d8b6b3928764be284,predicted,,,https://alphafold.ebi.ac.uk/files/AF-Q7TNV1-3-F1-model_v6.cif,https://alphafold.ebi.ac.uk/files/AF-Q7TNV1-3-F1-model_v6.pdb,https://alphafold.ebi.ac.uk/files/AF-Q7TNV1-3-F1-confidence_v6.json,https://alphafold.ebi.ac.uk/files/AF-Q7TNV1-3-F1-predicted_aligned_error_v6.json,held,ALPHAFOLD_ACCESSION_DIFFERS_FROM_CANONICAL,https://alphafold.ebi.ac.uk/api/prediction/Q7TNV1,0785dedef30b05c51376559c753f3208d638af1ad1534b39a5aec4531ddaa0ca,not_assessed,0.1.0
Q7TNV1,AlphaFold_DB,AF-Q7TNV1-F1,A,6,10090,1,275,exact_full,70333d1421b49f3fbbb74ea3c7bb25824c2acf56f1ea1ecc843a9b2e60bbac59,3772e4e62c856805285a53cc555d5a03,predicted,,,https://alphafold.ebi.ac.uk/files/AF-Q7TNV1-F1-model_v6.cif,https://alphafold.ebi.ac.uk/files/AF-Q7TNV1-F1-model_v6.pdb,https://alphafold.ebi.ac.uk/files/AF-Q7TNV1-F1-confidence_v6.json,https://alphafold.ebi.ac.uk/files/AF-Q7TNV1-F1-predicted_aligned_error_v6.json,candidate,EXACT_FULL_SEQUENCE_LOCAL_QUALITY_PENDING,https://alphafold.ebi.ac.uk/api/prediction/Q7TNV1,0785dedef30b05c51376559c753f3208d638af1ad1534b39a5aec4531ddaa0ca,not_assessed,0.1.0
Q7TPM6,AlphaFold_DB,AF-Q7TPM6-2-F1,A,6,10090,1,479,not_assessed,ae960e875b91aa34bbdfe0aa515f6596c3a997243b4437f7eddc2eda54fa0769,9e479d8098aebad5502a6283cf3f602d,predicted,,,https://alphafold.ebi.ac.uk/files/AF-Q7TPM6-2-F1-model_v6.cif,https://alphafold.ebi.ac.uk/files/AF-Q7TPM6-2-F1-model_v6.pdb,https://alphafold.ebi.ac.uk/files/AF-Q7TPM6-2-F1-confidence_v6.json,https://alphafold.ebi.ac.uk/files/AF-Q7TPM6-2-F1-predicted_aligned_error_v6.json,held,ALPHAFOLD_ACCESSION_DIFFERS_FROM_CANONICAL,https://alphafold.ebi.ac.uk/api/prediction/Q7TPM6,c2d92bfb5e5512467bf83e15eab5d7001794941cae2e9cfeb0634af45e5ed718,not_assessed,0.1.0
Q7TPM6,AlphaFold_DB,AF-Q7TPM6-F1,A,6,10090,1,496,exact_full,38b36aeb94391567306e666a7530f770ff9528dd3ed57a06bac56d42e78d97f1,decfde703843834265fefba7ed967195,predicted,,,https://alphafold.ebi.ac.uk/files/AF-Q7TPM6-F1-model_v6.cif,https://alphafold.ebi.ac.uk/files/AF-Q7TPM6-F1-model_v6.pdb,https://alphafold.ebi.ac.uk/files/AF-Q7TPM6-F1-confidence_v6.json,https://alphafold.ebi.ac.uk/files/AF-Q7TPM6-F1-predicted_aligned_error_v6.json,candidate,EXACT_FULL_SEQUENCE_LOCAL_QUALITY_PENDING,https://alphafold.ebi.ac.uk/api/prediction/Q7TPM6,c2d92bfb5e5512467bf83e15eab5d7001794941cae2e9cfeb0634af45e5ed718,not_assessed,0.1.0
Q7TPQ9,AlphaFold_DB,AF-Q7TPQ9-F1,A,6,10090,1,414,exact_full,622d5589288796cfe08656ed3c9265a080470099f2be2869b92304eaba525c6a,741515db9bb53ea0450f66374fe83a6e,predicted,,,https://alphafold.ebi.ac.uk/files/AF-Q7TPQ9-F1-model_v6.cif,https://alphafold.ebi.ac.uk/files/AF-Q7TPQ9-F1-model_v6.pdb,https://alphafold.ebi.ac.uk/files/AF-Q7TPQ9-F1-confidence_v6.json,https://alphafold.ebi.ac.uk/files/AF-Q7TPQ9-F1-predicted_aligned_error_v6.json,candidate,EXACT_FULL_SEQUENCE_LOCAL_QUALITY_PENDING,https://alphafold.ebi.ac.uk/api/prediction/Q7TPQ9,9caafd744756a074b0b6b471e16899b3827b7dd8a35803b6f7308fe765d465dd,not_assessed,0.1.0
Q7TSJ2,AlphaFold_DB,AF-Q7TSJ2-2-F1,A,6,10090,1,568,not_assessed,c0eeba1f8596cc5752b5c474814b5932d256009dfee73a5c2e87aceefdb794ee,77b3e080a6dc76834ce4d317151a2b4c,predicted,,,https://alphafold.ebi.ac.uk/files/AF-Q7TSJ2-2-F1-model_v6.cif,https://alphafold.ebi.ac.uk/files/AF-Q7TSJ2-2-F1-model_v6.pdb,https://alphafold.ebi.ac.uk/files/AF-Q7TSJ2-2-F1-confidence_v6.json,https://alphafold.ebi.ac.uk/files/AF-Q7TSJ2-2-F1-predicted_aligned_error_v6.json,held,ALPHAFOLD_ACCESSION_DIFFERS_FROM_CANONICAL,https://alphafold.ebi.ac.uk/api/prediction/Q7TSJ2,5600707d4102b8aeb17a110381af213838a90d2673e7e835c96deb2a0e259543,not_assessed,0.1.0
Q7TSJ2,AlphaFold_DB,AF-Q7TSJ2-3-F1,A,6,10090,1,306,not_assessed,edd0f4c2db4fd96181aaee86af5fdccdfe2e5de30f1343fbb524b74c95826052,c59b7ece994afee41f0e848528496d26,predicted,,,https://alphafold.ebi.ac.uk/files/AF-Q7TSJ2-3-F1-model_v6.cif,https://alphafold.ebi.ac.uk/files/AF-Q7TSJ2-3-F1-model_v6.pdb,https://alphafold.ebi.ac.uk/files/AF-Q7TSJ2-3-F1-confidence_v6.json,https://alphafold.ebi.ac.uk/files/AF-Q7TSJ2-3-F1-predicted_aligned_error_v6.json,held,ALPHAFOLD_ACCESSION_DIFFERS_FROM_CANONICAL,https://alphafold.ebi.ac.uk/api/prediction/Q7TSJ2,5600707d4102b8aeb17a110381af213838a90d2673e7e835c96deb2a0e259543,not_assessed,0.1.0
Q7TSJ2,AlphaFold_DB,AF-Q7TSJ2-F1,A,6,10090,1,906,exact_full,7e80cc9dfea3a2f9a895f7f20565be940ba5092026547ed2e8fabe49f2f7ed90,c22c893ca6b9df00623515765d6d29f5,predicted,,,https://alphafold.ebi.ac.uk/files/AF-Q7TSJ2-F1-model_v6.cif,https://alphafold.ebi.ac.uk/files/AF-Q7TSJ2-F1-model_v6.pdb,https://alphafold.ebi.ac.uk/files/AF-Q7TSJ2-F1-confidence_v6.json,https://alphafold.ebi.ac.uk/files/AF-Q7TSJ2-F1-predicted_aligned_error_v6.json,candidate,EXACT_FULL_SEQUENCE_LOCAL_QUALITY_PENDING,https://alphafold.ebi.ac.uk/api/prediction/Q7TSJ2,5600707d4102b8aeb17a110381af213838a90d2673e7e835c96deb2a0e259543,not_assessed,0.1.0
Q7TSK2,AlphaFold_DB,AF-Q7TSK2-2-F1,A,6,10090,1,977,not_assessed,dcc358ae04c4abd1f39eaf0b8cfa2d69df5db63be25efff2a576c95d050800f6,38e0a09a2313f2d8ffd0d502d261f22c,predicted,,,https://alphafold.ebi.ac.uk/files/AF-Q7TSK2-2-F1-model_v6.cif,https://alphafold.ebi.ac.uk/files/AF-Q7TSK2-2-F1-model_v6.pdb,https://alphafold.ebi.ac.uk/files/AF-Q7TSK2-2-F1-confidence_v6.json,https://alphafold.ebi.ac.uk/files/AF-Q7TSK2-2-F1-predicted_aligned_error_v6.json,held,ALPHAFOLD_ACCESSION_DIFFERS_FROM_CANONICAL,https://alphafold.ebi.ac.uk/api/prediction/Q7TSK2,b3e462cd6d6eacad6f2a707a23db83be06d3bb1a9cbc0874762fbc11bb2161cc,not_assessed,0.1.0
Q7TSK2,AlphaFold_DB,AF-Q7TSK2-3-F1,A,6,10090,1,605,not_assessed,738d6cc653fb9aa82a0b5b8e726a69d424d40be104f6729f8e7e03fb60b6a7a5,6aae18beb32b9ab6e6cc45130bed9b7d,predicted,,,https://alphafold.ebi.ac.uk/files/AF-Q7TSK2-3-F1-model_v6.cif,https://alphafold.ebi.ac.uk/files/AF-Q7TSK2-3-F1-model_v6.pdb,https://alphafold.ebi.ac.uk/files/AF-Q7TSK2-3-F1-confidence_v6.json,https://alphafold.ebi.ac.uk/files/AF-Q7TSK2-3-F1-predicted_aligned_error_v6.json,held,ALPHAFOLD_ACCESSION_DIFFERS_FROM_CANONICAL,https://alphafold.ebi.ac.uk/api/prediction/Q7TSK2,b3e462cd6d6eacad6f2a707a23db83be06d3bb1a9cbc0874762fbc11bb2161cc,not_assessed,0.1.0
Q7TSK2,AlphaFold_DB,AF-Q7TSK2-F1,A,6,10090,1,991,exact_full,0853ecbef81d50725724151e85041ceaa6c2416be50bdf68ca5a0781adbb106d,722078a56473f794a30b0c8c093fb473,predicted,,,https://alphafold.ebi.ac.uk/files/AF-Q7TSK2-F1-model_v6.cif,https://alphafold.ebi.ac.uk/files/AF-Q7TSK2-F1-model_v6.pdb,https://alphafold.ebi.ac.uk/files/AF-Q7TSK2-F1-confidence_v6.json,https://alphafold.ebi.ac.uk/files/AF-Q7TSK2-F1-predicted_aligned_error_v6.json,candidate,EXACT_FULL_SEQUENCE_LOCAL_QUALITY_PENDING,https://alphafold.ebi.ac.uk/api/prediction/Q7TSK2,b3e462cd6d6eacad6f2a707a23db83be06d3bb1a9cbc0874762fbc11bb2161cc,not_assessed,0.1.0
Q7TSQ1,AlphaFold_DB,AF-Q7TSQ1-2-F1,A,6,10090,1,504,not_assessed,766b002cdd9cd7f19baf2cc84a864e3d0577b7a9bec880c7c14ea1072e51bf12,e4495a71c257cfa599a2f6e19e70a69e,predicted,,,https://alphafold.ebi.ac.uk/files/AF-Q7TSQ1-2-F1-model_v6.cif,https://alphafold.ebi.ac.uk/files/AF-Q7TSQ1-2-F1-model_v6.pdb,https://alphafold.ebi.ac.uk/files/AF-Q7TSQ1-2-F1-confidence_v6.json,https://alphafold.ebi.ac.uk/files/AF-Q7TSQ1-2-F1-predicted_aligned_error_v6.json,held,ALPHAFOLD_ACCESSION_DIFFERS_FROM_CANONICAL,https://alphafold.ebi.ac.uk/api/prediction/Q7TSQ1,cd57d8e7ded0f0dc8522e86aa212acee4fc5e843fb20f55d63162d42a4024bbc,not_assessed,0.1.0
Q7TSQ1,AlphaFold_DB,AF-Q7TSQ1-3-F1,A,6,10090,1,477,not_assessed,b5891cde498b6b73c98a164d6936a892da4f57029b7fe0fb2f28ec948acae8f2,83649d0374a1724a23267ea095190fae,predicted,,,https://alphafold.ebi.ac.uk/files/AF-Q7TSQ1-3-F1-model_v6.cif,https://alphafold.ebi.ac.uk/files/AF-Q7TSQ1-3-F1-model_v6.pdb,https://alphafold.ebi.ac.uk/files/AF-Q7TSQ1-3-F1-confidence_v6.json,https://alphafold.ebi.ac.uk/files/AF-Q7TSQ1-3-F1-predicted_aligned_error_v6.json,held,ALPHAFOLD_ACCESSION_DIFFERS_FROM_CANONICAL,https://alphafold.ebi.ac.uk/api/prediction/Q7TSQ1,cd57d8e7ded0f0dc8522e86aa212acee4fc5e843fb20f55d63162d42a4024bbc,not_assessed,0.1.0
Q7TSQ1,AlphaFold_DB,AF-Q7TSQ1-4-F1,A,6,10090,1,473,not_assessed,90c377e55c34ea464e784d281fb664a7f8ef69c4dc00953f3b4ef82dade23eec,d8e2cae6ae6586208fb537af9f7fc92b,predicted,,,https://alphafold.ebi.ac.uk/files/AF-Q7TSQ1-4-F1-model_v6.cif,https://alphafold.ebi.ac.uk/files/AF-Q7TSQ1-4-F1-model_v6.pdb,https://alphafold.ebi.ac.uk/files/AF-Q7TSQ1-4-F1-confidence_v6.json,https://alphafold.ebi.ac.uk/files/AF-Q7TSQ1-4-F1-predicted_aligned_error_v6.json,held,ALPHAFOLD_ACCESSION_DIFFERS_FROM_CANONICAL,https://alphafold.ebi.ac.uk/api/prediction/Q7TSQ1,cd57d8e7ded0f0dc8522e86aa212acee4fc5e843fb20f55d63162d42a4024bbc,not_assessed,0.1.0
Q7TSQ1,AlphaFold_DB,AF-Q7TSQ1-5-F1,A,6,10090,1,379,not_assessed,658840d5fdae52d5931668f2f44cb115b8864b39477b66fc6f9d68f9b8caed4d,e1b9487f91ee2cfd63fd7a0e4adbfa18,predicted,,,https://alphafold.ebi.ac.uk/files/AF-Q7TSQ1-5-F1-model_v6.cif,https://alphafold.ebi.ac.uk/files/AF-Q7TSQ1-5-F1-model_v6.pdb,https://alphafold.ebi.ac.uk/files/AF-Q7TSQ1-5-F1-confidence_v6.json,https://alphafold.ebi.ac.uk/files/AF-Q7TSQ1-5-F1-predicted_aligned_error_v6.json,held,ALPHAFOLD_ACCESSION_DIFFERS_FROM_CANONICAL,https://alphafold.ebi.ac.uk/api/prediction/Q7TSQ1,cd57d8e7ded0f0dc8522e86aa212acee4fc5e843fb20f55d63162d42a4024bbc,not_assessed,0.1.0
Q7TSQ1,AlphaFold_DB,AF-Q7TSQ1-F1,A,6,10090,1,534,exact_full,b833e39939e03c6436874ba2cada7879e56b9e6d1189bc9cb87722daca2c6e28,0ebe6de219d445d11d86e77565819122,predicted,,,https://alphafold.ebi.ac.uk/files/AF-Q7TSQ1-F1-model_v6.cif,https://alphafold.ebi.ac.uk/files/AF-Q7TSQ1-F1-model_v6.pdb,https://alphafold.ebi.ac.uk/files/AF-Q7TSQ1-F1-confidence_v6.json,https://alphafold.ebi.ac.uk/files/AF-Q7TSQ1-F1-predicted_aligned_error_v6.json,candidate,EXACT_FULL_SEQUENCE_LOCAL_QUALITY_PENDING,https://alphafold.ebi.ac.uk/api/prediction/Q7TSQ1,cd57d8e7ded0f0dc8522e86aa212acee4fc5e843fb20f55d63162d42a4024bbc,not_assessed,0.1.0
Q80TS8,AlphaFold_DB,AF-Q80TS8-2-F1,A,6,10090,1,979,not_assessed,690d4177e43e61ca25a7833a976fa6850efda5e8c96c63b1dd32d4fcfd426ed7,10f501cf734ba73e6d20c68e305376f9,predicted,,,https://alphafold.ebi.ac.uk/files/AF-Q80TS8-2-F1-model_v6.cif,https://alphafold.ebi.ac.uk/files/AF-Q80TS8-2-F1-model_v6.pdb,https://alphafold.ebi.ac.uk/files/AF-Q80TS8-2-F1-confidence_v6.json,https://alphafold.ebi.ac.uk/files/AF-Q80TS8-2-F1-predicted_aligned_error_v6.json,held,ALPHAFOLD_ACCESSION_DIFFERS_FROM_CANONICAL,https://alphafold.ebi.ac.uk/api/prediction/Q80TS8,a0d40eed164e0ff1e4526fc667ee1c60bb63831f769f48c87f88f2ea4c10dafc,not_assessed,0.1.0
Q80TS8,AlphaFold_DB,AF-Q80TS8-3-F1,A,6,10090,1,725,not_assessed,50e8a90919a0954e895befabdeb20077d60a3dd5b31b4e624a9e1daf69dc143b,b903c10364d0fc7ed6a3d1c93e4666ec,predicted,,,https://alphafold.ebi.ac.uk/files/AF-Q80TS8-3-F1-model_v6.cif,https://alphafold.ebi.ac.uk/files/AF-Q80TS8-3-F1-model_v6.pdb,https://alphafold.ebi.ac.uk/files/AF-Q80TS8-3-F1-confidence_v6.json,https://alphafold.ebi.ac.uk/files/AF-Q80TS8-3-F1-predicted_aligned_error_v6.json,held,ALPHAFOLD_ACCESSION_DIFFERS_FROM_CANONICAL,https://alphafold.ebi.ac.uk/api/prediction/Q80TS8,a0d40eed164e0ff1e4526fc667ee1c60bb63831f769f48c87f88f2ea4c10dafc,not_assessed,0.1.0
Q80TS8,AlphaFold_DB,AF-Q80TS8-F1,A,6,10090,1,1137,exact_full,67039df6e62dae661fb1f632598fb322803e0142ca890cc17ab29d58a8642b1a,2d5ac2746012c89b561026f6c0263976,predicted,,,https://alphafold.ebi.ac.uk/files/AF-Q80TS8-F1-model_v6.cif,https://alphafold.ebi.ac.uk/files/AF-Q80TS8-F1-model_v6.pdb,https://alphafold.ebi.ac.uk/files/AF-Q80TS8-F1-confidence_v6.json,https://alphafold.ebi.ac.uk/files/AF-Q80TS8-F1-predicted_aligned_error_v6.json,candidate,EXACT_FULL_SEQUENCE_LOCAL_QUALITY_PENDING,https://alphafold.ebi.ac.uk/api/prediction/Q80TS8,a0d40eed164e0ff1e4526fc667ee1c60bb63831f769f48c87f88f2ea4c10dafc,not_assessed,0.1.0
Q80UP8,AlphaFold_DB,AF-Q80UP8-F1,A,6,10090,1,656,exact_full,874ce3d7b2c93960cf3cb9d94adb89cb7344f7340ff694d0480eede759def4f6,8b3f53b04ab213488ac65d76ce2ee2dc,predicted,,,https://alphafold.ebi.ac.uk/files/AF-Q80UP8-F1-model_v6.cif,https://alphafold.ebi.ac.uk/files/AF-Q80UP8-F1-model_v6.pdb,https://alphafold.ebi.ac.uk/files/AF-Q80UP8-F1-confidence_v6.json,https://alphafold.ebi.ac.uk/files/AF-Q80UP8-F1-predicted_aligned_error_v6.json,candidate,EXACT_FULL_SEQUENCE_LOCAL_QUALITY_PENDING,https://alphafold.ebi.ac.uk/api/prediction/Q80UP8,228bcbf7d47ba5c4b73db2714673ba46fe475b53c367b5239547c295d7774e32,not_assessed,0.1.0
Q80WV3,AlphaFold_DB,AF-Q80WV3-F1,A,6,10090,1,530,exact_full,8f2087846fa3464ce4b9ed379c7e301493f1e19aaaeb64eaaaf5b4a6c7c26004,42ff605015478fe8fb6c26f690eb8a0b,predicted,,,https://alphafold.ebi.ac.uk/files/AF-Q80WV3-F1-model_v6.cif,https://alphafold.ebi.ac.uk/files/AF-Q80WV3-F1-model_v6.pdb,https://alphafold.ebi.ac.uk/files/AF-Q80WV3-F1-confidence_v6.json,https://alphafold.ebi.ac.uk/files/AF-Q80WV3-F1-predicted_aligned_error_v6.json,candidate,EXACT_FULL_SEQUENCE_LOCAL_QUALITY_PENDING,https://alphafold.ebi.ac.uk/api/prediction/Q80WV3,b6454b2b7891973958341b3b4b9b7ac83918f50d013e8c31fcd95ca5f795cf74,not_assessed,0.1.0
Q80X95,AlphaFold_DB,AF-Q80X95-F1,A,6,10090,1,313,exact_full,b54fa907abb3d37d8f16c468736e0014ba60545efb16ef2dcd95e547ece9bc0c,cece3b31364ef9031c719834b9083851,predicted,,,https://alphafold.ebi.ac.uk/files/AF-Q80X95-F1-model_v6.cif,https://alphafold.ebi.ac.uk/files/AF-Q80X95-F1-model_v6.pdb,https://alphafold.ebi.ac.uk/files/AF-Q80X95-F1-confidence_v6.json,https://alphafold.ebi.ac.uk/files/AF-Q80X95-F1-predicted_aligned_error_v6.json,candidate,EXACT_FULL_SEQUENCE_LOCAL_QUALITY_PENDING,https://alphafold.ebi.ac.uk/api/prediction/Q80X95,11d1393b2a9e7d066d451cc64a37d114b5e507c14bcc3005093c714541b11f72,not_assessed,0.1.0
Q80XM3,AlphaFold_DB,AF-Q80XM3-F1,A,6,10090,1,506,exact_full,1e9ad3eeeef11e74ff4fd0652dbe7ec9d58c20f9e6fbe1d79127edcd2f4254a1,8727c9844e4dc03d2029daba1dabfd6e,predicted,,,https://alphafold.ebi.ac.uk/files/AF-Q80XM3-F1-model_v6.cif,https://alphafold.ebi.ac.uk/files/AF-Q80XM3-F1-model_v6.pdb,https://alphafold.ebi.ac.uk/files/AF-Q80XM3-F1-confidence_v6.json,https://alphafold.ebi.ac.uk/files/AF-Q80XM3-F1-predicted_aligned_error_v6.json,candidate,EXACT_FULL_SEQUENCE_LOCAL_QUALITY_PENDING,https://alphafold.ebi.ac.uk/api/prediction/Q80XM3,0af860205c1254ac2c0e401eb7e8bcaf317a6b6e11142792787baba5d791a8b1,not_assessed,0.1.0
Q80XM9,AlphaFold_DB,AF-Q80XM9-2-F1,A,6,10090,1,253,not_assessed,c5e03dc5ef67ae4d5667d5068c33e9cc637263cd71179caaa0f06c7baa5583da,ff825d244d9d0c05a406e0f2db44da4f,predicted,,,https://alphafold.ebi.ac.uk/files/AF-Q80XM9-2-F1-model_v6.cif,https://alphafold.ebi.ac.uk/files/AF-Q80XM9-2-F1-model_v6.pdb,https://alphafold.ebi.ac.uk/files/AF-Q80XM9-2-F1-confidence_v6.json,https://alphafold.ebi.ac.uk/files/AF-Q80XM9-2-F1-predicted_aligned_error_v6.json,held,ALPHAFOLD_ACCESSION_DIFFERS_FROM_CANONICAL,https://alphafold.ebi.ac.uk/api/prediction/Q80XM9,2a459da7807237f48c626d026257eb1f8c3985a3170ecbf3d371c5b2ebc31001,not_assessed,0.1.0
Q80XM9,AlphaFold_DB,AF-Q80XM9-3-F1,A,6,10090,1,124,not_assessed,29eb9d4e16b4e52b7542762c37e1cf0a7875c40aeb7fcab422ee184e4281b764,24aa6072d2f52a62c5aa14ae978f0860,predicted,,,https://alphafold.ebi.ac.uk/files/AF-Q80XM9-3-F1-model_v6.cif,https://alphafold.ebi.ac.uk/files/AF-Q80XM9-3-F1-model_v6.pdb,https://alphafold.ebi.ac.uk/files/AF-Q80XM9-3-F1-confidence_v6.json,https://alphafold.ebi.ac.uk/files/AF-Q80XM9-3-F1-predicted_aligned_error_v6.json,held,ALPHAFOLD_ACCESSION_DIFFERS_FROM_CANONICAL,https://alphafold.ebi.ac.uk/api/prediction/Q80XM9,2a459da7807237f48c626d026257eb1f8c3985a3170ecbf3d371c5b2ebc31001,not_assessed,0.1.0
Q80XM9,AlphaFold_DB,AF-Q80XM9-4-F1,A,6,10090,1,134,not_assessed,172e1bf46279261ba8550f610dc12d3a60b6d526a901eaef0e63e1519e4ed316,bcef00b481168726b63a0d09a73a70c6,predicted,,,https://alphafold.ebi.ac.uk/files/AF-Q80XM9-4-F1-model_v6.cif,https://alphafold.ebi.ac.uk/files/AF-Q80XM9-4-F1-model_v6.pdb,https://alphafold.ebi.ac.uk/files/AF-Q80XM9-4-F1-confidence_v6.json,https://alphafold.ebi.ac.uk/files/AF-Q80XM9-4-F1-predicted_aligned_error_v6.json,held,ALPHAFOLD_ACCESSION_DIFFERS_FROM_CANONICAL,https://alphafold.ebi.ac.uk/api/prediction/Q80XM9,2a459da7807237f48c626d026257eb1f8c3985a3170ecbf3d371c5b2ebc31001,not_assessed,0.1.0
Q80XM9,AlphaFold_DB,AF-Q80XM9-F1,A,6,10090,1,271,exact_full,547fe83cbfebb6d7a206361653de307427372e7ca863aee3c6bd210591a603c3,9859e642d4eb49d83283e241325da801,predicted,,,https://alphafold.ebi.ac.uk/files/AF-Q80XM9-F1-model_v6.cif,https://alphafold.ebi.ac.uk/files/AF-Q80XM9-F1-model_v6.pdb,https://alphafold.ebi.ac.uk/files/AF-Q80XM9-F1-confidence_v6.json,https://alphafold.ebi.ac.uk/files/AF-Q80XM9-F1-predicted_aligned_error_v6.json,candidate,EXACT_FULL_SEQUENCE_LOCAL_QUALITY_PENDING,https://alphafold.ebi.ac.uk/api/prediction/Q80XM9,2a459da7807237f48c626d026257eb1f8c3985a3170ecbf3d371c5b2ebc31001,not_assessed,0.1.0
Q80ZM3,AlphaFold_DB,AF-Q80ZM3-F1,A,6,10090,1,255,exact_full,97dd1251280b5cf930866e11662fd1e638422a572a2ccecea365eeadfbe3b07a,3004588ea0aba3b2de73ac9f9dc0162e,predicted,,,https://alphafold.ebi.ac.uk/files/AF-Q80ZM3-F1-model_v6.cif,https://alphafold.ebi.ac.uk/files/AF-Q80ZM3-F1-model_v6.pdb,https://alphafold.ebi.ac.uk/files/AF-Q80ZM3-F1-confidence_v6.json,https://alphafold.ebi.ac.uk/files/AF-Q80ZM3-F1-predicted_aligned_error_v6.json,candidate,EXACT_FULL_SEQUENCE_LOCAL_QUALITY_PENDING,https://alphafold.ebi.ac.uk/api/prediction/Q80ZM3,3e774e0073325cc1201ee654ba45096026554563b6c6b31b8d8817e092cb8247,not_assessed,0.1.0
Q80ZN9,AlphaFold_DB,AF-Q80ZN9-F1,A,6,10090,1,88,exact_full,0e4acc55d7b6a944e2d6fd5825cdb10522f916d4adba8fac98ea420d12aa4421,59363e0bbfe98df94d06c3e8a84459a6,predicted,,,https://alphafold.ebi.ac.uk/files/AF-Q80ZN9-F1-model_v6.cif,https://alphafold.ebi.ac.uk/files/AF-Q80ZN9-F1-model_v6.pdb,https://alphafold.ebi.ac.uk/files/AF-Q80ZN9-F1-confidence_v6.json,https://alphafold.ebi.ac.uk/files/AF-Q80ZN9-F1-predicted_aligned_error_v6.json,candidate,EXACT_FULL_SEQUENCE_LOCAL_QUALITY_PENDING,https://alphafold.ebi.ac.uk/api/prediction/Q80ZN9,73fdf634c8803946bca9927e6ce9219d74aaa6b54628cc41b730bf44430d29e5,not_assessed,0.1.0
Q810P3,AlphaFold_DB,AF-Q810P3-F1,A,6,10090,1,211,exact_full,075f1792c9c7384290fe3ca1e98d7bb904335e7d549ec91f07af2e0fe0708f48,936e3f810576667e7f3a95153b8c6e38,predicted,,,https://alphafold.ebi.ac.uk/files/AF-Q810P3-F1-model_v6.cif,https://alphafold.ebi.ac.uk/files/AF-Q810P3-F1-model_v6.pdb,https://alphafold.ebi.ac.uk/files/AF-Q810P3-F1-confidence_v6.json,https://alphafold.ebi.ac.uk/files/AF-Q810P3-F1-predicted_aligned_error_v6.json,candidate,EXACT_FULL_SEQUENCE_LOCAL_QUALITY_PENDING,https://alphafold.ebi.ac.uk/api/prediction/Q810P3,4eea8201ef6ebab612afaf95f995afae4dff903b363a6b1c2287bb021d00d4e4,not_assessed,0.1.0
Q811W2,AlphaFold_DB,AF-Q811W2-F1,A,6,10090,1,512,exact_full,303d703f895e8f94c724fe17fb71984dce3a55c09f4209211bb1822962aa9d86,b31038144b4553a3016d431bcac945a9,predicted,,,https://alphafold.ebi.ac.uk/files/AF-Q811W2-F1-model_v6.cif,https://alphafold.ebi.ac.uk/files/AF-Q811W2-F1-model_v6.pdb,https://alphafold.ebi.ac.uk/files/AF-Q811W2-F1-confidence_v6.json,https://alphafold.ebi.ac.uk/files/AF-Q811W2-F1-predicted_aligned_error_v6.json,candidate,EXACT_FULL_SEQUENCE_LOCAL_QUALITY_PENDING,https://alphafold.ebi.ac.uk/api/prediction/Q811W2,635293e2701c4db235aea832665cbde2484e9acdaeda9647a61ffce81803fa93,not_assessed,0.1.0
Q8BFR5,AlphaFold_DB,AF-Q8BFR5-2-F1,A,6,10090,1,435,not_assessed,7410e13097a722feeab79dcbd5abba09f450e73cee8772655e5f9ac5e823c903,1a83b645b6a7a38917e48a4ccbfecf7d,predicted,,,https://alphafold.ebi.ac.uk/files/AF-Q8BFR5-2-F1-model_v6.cif,https://alphafold.ebi.ac.uk/files/AF-Q8BFR5-2-F1-model_v6.pdb,https://alphafold.ebi.ac.uk/files/AF-Q8BFR5-2-F1-confidence_v6.json,https://alphafold.ebi.ac.uk/files/AF-Q8BFR5-2-F1-predicted_aligned_error_v6.json,held,ALPHAFOLD_ACCESSION_DIFFERS_FROM_CANONICAL,https://alphafold.ebi.ac.uk/api/prediction/Q8BFR5,219ea7f481cf95e8ca9b7ad4cd8a01c75c5e14df48ad61e33521285436abf2f8,not_assessed,0.1.0
Q8BFR5,AlphaFold_DB,AF-Q8BFR5-F1,A,6,10090,1,452,exact_full,c8dc9d6f63bc8a4b5b89f6194a2cf4a0fa2417cdc40e17bca558c81807b88874,4c13c57a526d5af291623f407f952409,predicted,,,https://alphafold.ebi.ac.uk/files/AF-Q8BFR5-F1-model_v6.cif,https://alphafold.ebi.ac.uk/files/AF-Q8BFR5-F1-model_v6.pdb,https://alphafold.ebi.ac.uk/files/AF-Q8BFR5-F1-confidence_v6.json,https://alphafold.ebi.ac.uk/files/AF-Q8BFR5-F1-predicted_aligned_error_v6.json,candidate,EXACT_FULL_SEQUENCE_LOCAL_QUALITY_PENDING,https://alphafold.ebi.ac.uk/api/prediction/Q8BFR5,219ea7f481cf95e8ca9b7ad4cd8a01c75c5e14df48ad61e33521285436abf2f8,not_assessed,0.1.0
Q8BFY7,AlphaFold_DB,AF-Q8BFY7-2-F1,A,6,10090,1,229,not_assessed,d18e99762140c132fa39245d3e8483607701c5d42028cecbb5355fb93fd54fc9,a56d05a377498ce0f13d240fd93322fa,predicted,,,https://alphafold.ebi.ac.uk/files/AF-Q8BFY7-2-F1-model_v6.cif,https://alphafold.ebi.ac.uk/files/AF-Q8BFY7-2-F1-model_v6.pdb,https://alphafold.ebi.ac.uk/files/AF-Q8BFY7-2-F1-confidence_v6.json,https://alphafold.ebi.ac.uk/files/AF-Q8BFY7-2-F1-predicted_aligned_error_v6.json,held,ALPHAFOLD_ACCESSION_DIFFERS_FROM_CANONICAL,https://alphafold.ebi.ac.uk/api/prediction/Q8BFY7,ebba0d1b2ccab762c6d1589059100a3f5bde26d2979300cd206ca814d009bd34,not_assessed,0.1.0
Q8BFY7,AlphaFold_DB,AF-Q8BFY7-F1,A,6,10090,1,231,exact_full,9512de32bfb38e744f2d4321bf4eceb343e3f24272e9918c20baf7c39c3bf097,269e8cbdb8af98fd8fec6c698ecc6c86,predicted,,,https://alphafold.ebi.ac.uk/files/AF-Q8BFY7-F1-model_v6.cif,https://alphafold.ebi.ac.uk/files/AF-Q8BFY7-F1-model_v6.pdb,https://alphafold.ebi.ac.uk/files/AF-Q8BFY7-F1-confidence_v6.json,https://alphafold.ebi.ac.uk/files/AF-Q8BFY7-F1-predicted_aligned_error_v6.json,candidate,EXACT_FULL_SEQUENCE_LOCAL_QUALITY_PENDING,https://alphafold.ebi.ac.uk/api/prediction/Q8BFY7,ebba0d1b2ccab762c6d1589059100a3f5bde26d2979300cd206ca814d009bd34,not_assessed,0.1.0
Q8BG26,AlphaFold_DB,AF-Q8BG26-2-F1,A,6,10090,1,431,not_assessed,f4ebb5f0e4803d248ece192a4c80a86ba7c1f6f6050a9bf3da05c09a468c6feb,f284cc6aa0f23936a8349c11c65ac404,predicted,,,https://alphafold.ebi.ac.uk/files/AF-Q8BG26-2-F1-model_v6.cif,https://alphafold.ebi.ac.uk/files/AF-Q8BG26-2-F1-model_v6.pdb,https://alphafold.ebi.ac.uk/files/AF-Q8BG26-2-F1-confidence_v6.json,https://alphafold.ebi.ac.uk/files/AF-Q8BG26-2-F1-predicted_aligned_error_v6.json,held,ALPHAFOLD_ACCESSION_DIFFERS_FROM_CANONICAL,https://alphafold.ebi.ac.uk/api/prediction/Q8BG26,fc459cf946b06b1f0138407f0a39fdde4fe8b45de3a33d5e499eff6b4ace861f,not_assessed,0.1.0
Q8BG26,AlphaFold_DB,AF-Q8BG26-3-F1,A,6,10090,1,1030,not_assessed,10532cb6447d3b17148d8bec4d57d7cc58b6fbb038a8d97aee66126c7e74a3fa,aeb7bf1e8146a8d0db15a2b5f671f263,predicted,,,https://alphafold.ebi.ac.uk/files/AF-Q8BG26-3-F1-model_v6.cif,https://alphafold.ebi.ac.uk/files/AF-Q8BG26-3-F1-model_v6.pdb,https://alphafold.ebi.ac.uk/files/AF-Q8BG26-3-F1-confidence_v6.json,https://alphafold.ebi.ac.uk/files/AF-Q8BG26-3-F1-predicted_aligned_error_v6.json,held,ALPHAFOLD_ACCESSION_DIFFERS_FROM_CANONICAL,https://alphafold.ebi.ac.uk/api/prediction/Q8BG26,fc459cf946b06b1f0138407f0a39fdde4fe8b45de3a33d5e499eff6b4ace861f,not_assessed,0.1.0
Q8BG26,AlphaFold_DB,AF-Q8BG26-F1,A,6,10090,1,893,exact_full,ffe943df7864e76113f9c0de0eacc2a138ce8f60ea50a6869822ec8ed8e76bd2,85e8b3a134238d489873d1739c511727,predicted,,,https://alphafold.ebi.ac.uk/files/AF-Q8BG26-F1-model_v6.cif,https://alphafold.ebi.ac.uk/files/AF-Q8BG26-F1-model_v6.pdb,https://alphafold.ebi.ac.uk/files/AF-Q8BG26-F1-confidence_v6.json,https://alphafold.ebi.ac.uk/files/AF-Q8BG26-F1-predicted_aligned_error_v6.json,candidate,EXACT_FULL_SEQUENCE_LOCAL_QUALITY_PENDING,https://alphafold.ebi.ac.uk/api/prediction/Q8BG26,fc459cf946b06b1f0138407f0a39fdde4fe8b45de3a33d5e499eff6b4ace861f,not_assessed,0.1.0
Q8BG60,AlphaFold_DB,AF-0000000010887121,A,1,287,1,397,not_assessed,68d4f8d068dab39226bc52a633fa97ab4eb2d2300c9eda4574a3bacc0102739c,08fc28c336339944b5b0191ec39792fd,predicted,,,https://alphafold.ebi.ac.uk/files/AF-0000000010887121-model_v1.cif,https://alphafold.ebi.ac.uk/files/AF-0000000010887121-model_v1.pdb,https://alphafold.ebi.ac.uk/files/AF-0000000010887121-confidence_v1.json,https://alphafold.ebi.ac.uk/files/AF-0000000010887121-predicted_aligned_error_v1.json,held,ALPHAFOLD_MOUSE_TAXONOMY_NOT_CONFIRMED,https://alphafold.ebi.ac.uk/api/prediction/Q8BG60,d99ec8f6d73f9a11bee6680f26cd1522d17481adb5b454759b9d1d4f7cb7b2d5,not_assessed,0.1.0
Q8BG60,AlphaFold_DB,AF-Q8BG60-2-F1,A,6,10090,1,396,not_assessed,a402df34c11f9e012c8754fcead6fc57f9594d365b29477243a4048035150d76,559d8d6c682a417c4303403d9f3158b0,predicted,,,https://alphafold.ebi.ac.uk/files/AF-Q8BG60-2-F1-model_v6.cif,https://alphafold.ebi.ac.uk/files/AF-Q8BG60-2-F1-model_v6.pdb,https://alphafold.ebi.ac.uk/files/AF-Q8BG60-2-F1-confidence_v6.json,https://alphafold.ebi.ac.uk/files/AF-Q8BG60-2-F1-predicted_aligned_error_v6.json,held,ALPHAFOLD_ACCESSION_DIFFERS_FROM_CANONICAL,https://alphafold.ebi.ac.uk/api/prediction/Q8BG60,d99ec8f6d73f9a11bee6680f26cd1522d17481adb5b454759b9d1d4f7cb7b2d5,not_assessed,0.1.0
Q8BG60,AlphaFold_DB,AF-Q8BG60-F1,A,6,10090,1,397,exact_full,68d4f8d068dab39226bc52a633fa97ab4eb2d2300c9eda4574a3bacc0102739c,08fc28c336339944b5b0191ec39792fd,predicted,,,https://alphafold.ebi.ac.uk/files/AF-Q8BG60-F1-model_v6.cif,https://alphafold.ebi.ac.uk/files/AF-Q8BG60-F1-model_v6.pdb,https://alphafold.ebi.ac.uk/files/AF-Q8BG60-F1-confidence_v6.json,https://alphafold.ebi.ac.uk/files/AF-Q8BG60-F1-predicted_aligned_error_v6.json,candidate,EXACT_FULL_SEQUENCE_LOCAL_QUALITY_PENDING,https://alphafold.ebi.ac.uk/api/prediction/Q8BG60,d99ec8f6d73f9a11bee6680f26cd1522d17481adb5b454759b9d1d4f7cb7b2d5,not_assessed,0.1.0
Q8BGQ7,AlphaFold_DB,AF-Q8BGQ7-F1,A,6,10090,1,968,exact_full,2a6cfaa2dd3904c7e0aaad85d252f2f74680ce087f8ecba808b5c1e4d2a66a7b,021296a5f24b220fbb1a0e8cc5fe42c7,predicted,,,https://alphafold.ebi.ac.uk/files/AF-Q8BGQ7-F1-model_v6.cif,https://alphafold.ebi.ac.uk/files/AF-Q8BGQ7-F1-model_v6.pdb,https://alphafold.ebi.ac.uk/files/AF-Q8BGQ7-F1-confidence_v6.json,https://alphafold.ebi.ac.uk/files/AF-Q8BGQ7-F1-predicted_aligned_error_v6.json,candidate,EXACT_FULL_SEQUENCE_LOCAL_QUALITY_PENDING,https://alphafold.ebi.ac.uk/api/prediction/Q8BGQ7,4055503380422faa3c5ab3a43f9c5610da65b0c0a51323f797f563e01daeb123,not_assessed,0.1.0
Q8BGT8,AlphaFold_DB,AF-Q8BGT8-2-F1,A,6,10090,1,198,not_assessed,4869c1cbc02ed3e2076608cdf3aab3bf8c2b33f4ca6a408c19c99bd28aeb10fc,f7530189affdc8b8e83328bd729b207c,predicted,,,https://alphafold.ebi.ac.uk/files/AF-Q8BGT8-2-F1-model_v6.cif,https://alphafold.ebi.ac.uk/files/AF-Q8BGT8-2-F1-model_v6.pdb,https://alphafold.ebi.ac.uk/files/AF-Q8BGT8-2-F1-confidence_v6.json,https://alphafold.ebi.ac.uk/files/AF-Q8BGT8-2-F1-predicted_aligned_error_v6.json,held,ALPHAFOLD_ACCESSION_DIFFERS_FROM_CANONICAL,https://alphafold.ebi.ac.uk/api/prediction/Q8BGT8,1775a20e8cf8805863ba82171954f957edad205f5423706e696130b7bdbb8ded,not_assessed,0.1.0
Q8BGT8,AlphaFold_DB,AF-Q8BGT8-F1,A,6,10090,1,375,exact_full,8d93eb4d09a06299dd018aef1fd4f20b8cad17cfabd0dc8226019312fc59dd85,4d81136909ab2aa6c0ee419b6f8c58fa,predicted,,,https://alphafold.ebi.ac.uk/files/AF-Q8BGT8-F1-model_v6.cif,https://alphafold.ebi.ac.uk/files/AF-Q8BGT8-F1-model_v6.pdb,https://alphafold.ebi.ac.uk/files/AF-Q8BGT8-F1-confidence_v6.json,https://alphafold.ebi.ac.uk/files/AF-Q8BGT8-F1-predicted_aligned_error_v6.json,candidate,EXACT_FULL_SEQUENCE_LOCAL_QUALITY_PENDING,https://alphafold.ebi.ac.uk/api/prediction/Q8BGT8,1775a20e8cf8805863ba82171954f957edad205f5423706e696130b7bdbb8ded,not_assessed,0.1.0
Q8BH15,AlphaFold_DB,AF-Q8BH15-2-F1,A,6,10090,1,743,not_assessed,119d2463a81695f1933faa5228aa122284251f1c14c839b0395bbcafdd7975c1,b9ce0607635f8949a75756d9d1a4328c,predicted,,,https://alphafold.ebi.ac.uk/files/AF-Q8BH15-2-F1-model_v6.cif,https://alphafold.ebi.ac.uk/files/AF-Q8BH15-2-F1-model_v6.pdb,https://alphafold.ebi.ac.uk/files/AF-Q8BH15-2-F1-confidence_v6.json,https://alphafold.ebi.ac.uk/files/AF-Q8BH15-2-F1-predicted_aligned_error_v6.json,held,ALPHAFOLD_ACCESSION_DIFFERS_FROM_CANONICAL,https://alphafold.ebi.ac.uk/api/prediction/Q8BH15,100c3bc93ebcf03f40f166b675c8c8f1d8af3a90a1f2e5f9fc3c177ebbe80131,not_assessed,0.1.0
Q8BH15,AlphaFold_DB,AF-Q8BH15-3-F1,A,6,10090,1,614,not_assessed,e44ba587b9251f530e87cf3b5e0b9743db42c0673b68350b674516a02e755973,f81717e63541dd7f0fe6546cebbdda66,predicted,,,https://alphafold.ebi.ac.uk/files/AF-Q8BH15-3-F1-model_v6.cif,https://alphafold.ebi.ac.uk/files/AF-Q8BH15-3-F1-model_v6.pdb,https://alphafold.ebi.ac.uk/files/AF-Q8BH15-3-F1-confidence_v6.json,https://alphafold.ebi.ac.uk/files/AF-Q8BH15-3-F1-predicted_aligned_error_v6.json,held,ALPHAFOLD_ACCESSION_DIFFERS_FROM_CANONICAL,https://alphafold.ebi.ac.uk/api/prediction/Q8BH15,100c3bc93ebcf03f40f166b675c8c8f1d8af3a90a1f2e5f9fc3c177ebbe80131,not_assessed,0.1.0
Q8BH15,AlphaFold_DB,AF-Q8BH15-4-F1,A,6,10090,1,532,not_assessed,59dba1a5e3faa35193ff8fe1099bf3dfb84749b2f118b05d672cacf5bf3bff2d,382d20f50ccc54ec799e31f11adbbf0b,predicted,,,https://alphafold.ebi.ac.uk/files/AF-Q8BH15-4-F1-model_v6.cif,https://alphafold.ebi.ac.uk/files/AF-Q8BH15-4-F1-model_v6.pdb,https://alphafold.ebi.ac.uk/files/AF-Q8BH15-4-F1-confidence_v6.json,https://alphafold.ebi.ac.uk/files/AF-Q8BH15-4-F1-predicted_aligned_error_v6.json,held,ALPHAFOLD_ACCESSION_DIFFERS_FROM_CANONICAL,https://alphafold.ebi.ac.uk/api/prediction/Q8BH15,100c3bc93ebcf03f40f166b675c8c8f1d8af3a90a1f2e5f9fc3c177ebbe80131,not_assessed,0.1.0
Q8BH15,AlphaFold_DB,AF-Q8BH15-5-F1,A,6,10090,1,302,not_assessed,5709fe573cc33e79d9e1b2a0a77e49edaeebbedb91fd871c4519111cffbcdd5b,148cb537030af99b0429782903ebe7c7,predicted,,,https://alphafold.ebi.ac.uk/files/AF-Q8BH15-5-F1-model_v6.cif,https://alphafold.ebi.ac.uk/files/AF-Q8BH15-5-F1-model_v6.pdb,https://alphafold.ebi.ac.uk/files/AF-Q8BH15-5-F1-confidence_v6.json,https://alphafold.ebi.ac.uk/files/AF-Q8BH15-5-F1-predicted_aligned_error_v6.json,held,ALPHAFOLD_ACCESSION_DIFFERS_FROM_CANONICAL,https://alphafold.ebi.ac.uk/api/prediction/Q8BH15,100c3bc93ebcf03f40f166b675c8c8f1d8af3a90a1f2e5f9fc3c177ebbe80131,not_assessed,0.1.0
Q8BH15,AlphaFold_DB,AF-Q8BH15-6-F1,A,6,10090,1,100,not_assessed,cddb0359b5538365d6ac3f480996c21aff2d0a26ad900e57ef9da68aeb8622c4,7991eae50d3fcf22e6d429c375415fec,predicted,,,https://alphafold.ebi.ac.uk/files/AF-Q8BH15-6-F1-model_v6.cif,https://alphafold.ebi.ac.uk/files/AF-Q8BH15-6-F1-model_v6.pdb,https://alphafold.ebi.ac.uk/files/AF-Q8BH15-6-F1-confidence_v6.json,https://alphafold.ebi.ac.uk/files/AF-Q8BH15-6-F1-predicted_aligned_error_v6.json,held,ALPHAFOLD_ACCESSION_DIFFERS_FROM_CANONICAL,https://alphafold.ebi.ac.uk/api/prediction/Q8BH15,100c3bc93ebcf03f40f166b675c8c8f1d8af3a90a1f2e5f9fc3c177ebbe80131,not_assessed,0.1.0
Q8BH15,AlphaFold_DB,AF-Q8BH15-F1,A,6,10090,1,744,exact_full,028cdbe24aeb3a81ad9926aa0ea390b4d878c8bb2c24855b7873f61ed026d8f6,8d42db18be45d9daefd89fd6c48908e8,predicted,,,https://alphafold.ebi.ac.uk/files/AF-Q8BH15-F1-model_v6.cif,https://alphafold.ebi.ac.uk/files/AF-Q8BH15-F1-model_v6.pdb,https://alphafold.ebi.ac.uk/files/AF-Q8BH15-F1-confidence_v6.json,https://alphafold.ebi.ac.uk/files/AF-Q8BH15-F1-predicted_aligned_error_v6.json,candidate,EXACT_FULL_SEQUENCE_LOCAL_QUALITY_PENDING,https://alphafold.ebi.ac.uk/api/prediction/Q8BH15,100c3bc93ebcf03f40f166b675c8c8f1d8af3a90a1f2e5f9fc3c177ebbe80131,not_assessed,0.1.0
Q8BH61,AlphaFold_DB,AF-Q8BH61-F1,A,6,10090,1,732,exact_full,13aeb052425c3a1f83f07f15d0e81a1d2b5c08aeccb39be3257ce9da625536a2,109139d071807fbc04abb1edc5e70277,predicted,,,https://alphafold.ebi.ac.uk/files/AF-Q8BH61-F1-model_v6.cif,https://alphafold.ebi.ac.uk/files/AF-Q8BH61-F1-model_v6.pdb,https://alphafold.ebi.ac.uk/files/AF-Q8BH61-F1-confidence_v6.json,https://alphafold.ebi.ac.uk/files/AF-Q8BH61-F1-predicted_aligned_error_v6.json,candidate,EXACT_FULL_SEQUENCE_LOCAL_QUALITY_PENDING,https://alphafold.ebi.ac.uk/api/prediction/Q8BH61,a54bae6d31a1622e7073826ea86be8a3c03be52f8db3dfc89d40d9cddedba42b,not_assessed,0.1.0
Q8BHC0,AlphaFold_DB,AF-Q8BHC0-F1,A,6,10090,1,318,exact_full,9313ed6172570aa947c9a00a82856af049024132af0ed5aee1677868f99d1ba8,fb3887ded1c66e714e7dbe1cc91dbf4b,predicted,,,https://alphafold.ebi.ac.uk/files/AF-Q8BHC0-F1-model_v6.cif,https://alphafold.ebi.ac.uk/files/AF-Q8BHC0-F1-model_v6.pdb,https://alphafold.ebi.ac.uk/files/AF-Q8BHC0-F1-confidence_v6.json,https://alphafold.ebi.ac.uk/files/AF-Q8BHC0-F1-predicted_aligned_error_v6.json,candidate,EXACT_FULL_SEQUENCE_LOCAL_QUALITY_PENDING,https://alphafold.ebi.ac.uk/api/prediction/Q8BHC0,f2623b81924bd86df3eec34d8232ce39a433288aba28bb6f720f2fa0f251074e,not_assessed,0.1.0
Q8BHC0,PDBe_SIFTS,8orx,A,,10090,1,318,not_assessed,,,X-ray diffraction,1.54,1.0,,,,,candidate,MOUSE_SIFTS_CANDIDATE_LOCAL_REVIEW_PENDING,https://www.ebi.ac.uk/pdbe/api/mappings/best_structures/Q8BHC0,7d169c8611365f7e7b44e4a05aa03e5627383fbbc8f52306a88d702681c11a6a,not_assessed,0.1.0
Q8BHC0,PDBe_SIFTS,8ox3,A,,10090,1,318,not_assessed,,,X-ray diffraction,1.05,1.0,,,,,candidate,MOUSE_SIFTS_CANDIDATE_LOCAL_REVIEW_PENDING,https://www.ebi.ac.uk/pdbe/api/mappings/best_structures/Q8BHC0,7d169c8611365f7e7b44e4a05aa03e5627383fbbc8f52306a88d702681c11a6a,not_assessed,0.1.0
Q8BHI4,AlphaFold_DB,AF-Q8BHI4-F1,A,6,10090,1,607,exact_full,98edf62eb78b3355b4754ea7a62e21aff9772a20fff9f3c00dc6905c7e105170,99ce702348459f0cdfaaabdc1d02dbfb,predicted,,,https://alphafold.ebi.ac.uk/files/AF-Q8BHI4-F1-model_v6.cif,https://alphafold.ebi.ac.uk/files/AF-Q8BHI4-F1-model_v6.pdb,https://alphafold.ebi.ac.uk/files/AF-Q8BHI4-F1-confidence_v6.json,https://alphafold.ebi.ac.uk/files/AF-Q8BHI4-F1-predicted_aligned_error_v6.json,candidate,EXACT_FULL_SEQUENCE_LOCAL_QUALITY_PENDING,https://alphafold.ebi.ac.uk/api/prediction/Q8BHI4,ba018771bc766c499769a22eb3aa4082f7ed3b0a40034b588ca3333eb5537699,not_assessed,0.1.0
Q8BHK2,AlphaFold_DB,AF-Q8BHK2-F1,A,6,10090,1,215,exact_full,6b6461bb32d18a9d1da53b6fb5960f5dc06b8272dd2db9937408147f8fa142ab,88313effd82153f24de22535c9a44a53,predicted,,,https://alphafold.ebi.ac.uk/files/AF-Q8BHK2-F1-model_v6.cif,https://alphafold.ebi.ac.uk/files/AF-Q8BHK2-F1-model_v6.pdb,https://alphafold.ebi.ac.uk/files/AF-Q8BHK2-F1-confidence_v6.json,https://alphafold.ebi.ac.uk/files/AF-Q8BHK2-F1-predicted_aligned_error_v6.json,candidate,EXACT_FULL_SEQUENCE_LOCAL_QUALITY_PENDING,https://alphafold.ebi.ac.uk/api/prediction/Q8BHK2,43a3dcf8e9974c611de737d5f15d576e1c762588c71b264503d958601da74d9f,not_assessed,0.1.0
Q8BIP0,AlphaFold_DB,AF-Q8BIP0-F1,A,6,10090,1,653,exact_full,31f505acf26c3e525c722e3f576993b3f3ff657b24d08c526b91656d44519ba5,2f698abe4012ce44ea9cad6d16965140,predicted,,,https://alphafold.ebi.ac.uk/files/AF-Q8BIP0-F1-model_v6.cif,https://alphafold.ebi.ac.uk/files/AF-Q8BIP0-F1-model_v6.pdb,https://alphafold.ebi.ac.uk/files/AF-Q8BIP0-F1-confidence_v6.json,https://alphafold.ebi.ac.uk/files/AF-Q8BIP0-F1-predicted_aligned_error_v6.json,candidate,EXACT_FULL_SEQUENCE_LOCAL_QUALITY_PENDING,https://alphafold.ebi.ac.uk/api/prediction/Q8BIP0,b8323749d20b0a2e47b1bff4357fe223180b15867bd868eea4fcb0ac8b0f5b82,not_assessed,0.1.0
Q8BIZ0,AlphaFold_DB,AF-Q8BIZ0-F1,A,6,10090,1,952,exact_full,48691fbe5649048cbde5d1778f6eb42aa80f5f3f3e4b781422030bc2c0ca4987,1ff2104f9dd38129400760b6c05507b4,predicted,,,https://alphafold.ebi.ac.uk/files/AF-Q8BIZ0-F1-model_v6.cif,https://alphafold.ebi.ac.uk/files/AF-Q8BIZ0-F1-model_v6.pdb,https://alphafold.ebi.ac.uk/files/AF-Q8BIZ0-F1-confidence_v6.json,https://alphafold.ebi.ac.uk/files/AF-Q8BIZ0-F1-predicted_aligned_error_v6.json,candidate,EXACT_FULL_SEQUENCE_LOCAL_QUALITY_PENDING,https://alphafold.ebi.ac.uk/api/prediction/Q8BIZ0,c791a3a5f6a9ec362444c24d2a4859dc8b35d98ac8bb7413a2853078c3a54bf1,not_assessed,0.1.0
Q8BJ71,AlphaFold_DB,AF-Q8BJ71-2-F1,A,6,10090,1,696,not_assessed,fddada0502b4ff2c5b0e2cbd09e21f3311f2608bae02b21f1669444ddd7309e9,24d5c3caaff4e0cb194e6b4a356e33d8,predicted,,,https://alphafold.ebi.ac.uk/files/AF-Q8BJ71-2-F1-model_v6.cif,https://alphafold.ebi.ac.uk/files/AF-Q8BJ71-2-F1-model_v6.pdb,https://alphafold.ebi.ac.uk/files/AF-Q8BJ71-2-F1-confidence_v6.json,https://alphafold.ebi.ac.uk/files/AF-Q8BJ71-2-F1-predicted_aligned_error_v6.json,held,ALPHAFOLD_ACCESSION_DIFFERS_FROM_CANONICAL,https://alphafold.ebi.ac.uk/api/prediction/Q8BJ71,c1b6b75683ddabb56e45a9d5cfb42f9532e7226bded920af4cbccd7bb343f0fd,not_assessed,0.1.0
Q8BJ71,AlphaFold_DB,AF-Q8BJ71-F1,A,6,10090,1,819,exact_full,9eae6796fe1594ae2ceac4db9738a0e81b192920a020cc848c16e2e1bc131f9c,260987c3ed93daf0ea6fc26b87e6a68a,predicted,,,https://alphafold.ebi.ac.uk/files/AF-Q8BJ71-F1-model_v6.cif,https://alphafold.ebi.ac.uk/files/AF-Q8BJ71-F1-model_v6.pdb,https://alphafold.ebi.ac.uk/files/AF-Q8BJ71-F1-confidence_v6.json,https://alphafold.ebi.ac.uk/files/AF-Q8BJ71-F1-predicted_aligned_error_v6.json,candidate,EXACT_FULL_SEQUENCE_LOCAL_QUALITY_PENDING,https://alphafold.ebi.ac.uk/api/prediction/Q8BJ71,c1b6b75683ddabb56e45a9d5cfb42f9532e7226bded920af4cbccd7bb343f0fd,not_assessed,0.1.0
Q8BJK1,AlphaFold_DB,AF-Q8BJK1-F1,A,6,10090,1,289,exact_full,a31b722a4d5f865d59cde20523149326660942e31c23ab7fc5b02efb9a8b7550,6e6ee4a3b098249712bd94d3ee260cf1,predicted,,,https://alphafold.ebi.ac.uk/files/AF-Q8BJK1-F1-model_v6.cif,https://alphafold.ebi.ac.uk/files/AF-Q8BJK1-F1-model_v6.pdb,https://alphafold.ebi.ac.uk/files/AF-Q8BJK1-F1-confidence_v6.json,https://alphafold.ebi.ac.uk/files/AF-Q8BJK1-F1-predicted_aligned_error_v6.json,candidate,EXACT_FULL_SEQUENCE_LOCAL_QUALITY_PENDING,https://alphafold.ebi.ac.uk/api/prediction/Q8BJK1,e15e1aaef6568bed9c02c067bd1d5d5fdfeed09b57ad05e16e49a2bfb3e3f712,not_assessed,0.1.0
Q8BJK1,PDBe_SIFTS,8i79,A,,10090,1,289,not_assessed,,,Electron Microscopy,2.8,1.0,,,,,candidate,MOUSE_SIFTS_CANDIDATE_LOCAL_REVIEW_PENDING,https://www.ebi.ac.uk/pdbe/api/mappings/best_structures/Q8BJK1,9bede5f3a810338c0550ac89f972ebdd0a07df4e374d6b62c83ffc033febdb07,not_assessed,0.1.0
Q8BJK1,PDBe_SIFTS,8i79,D,,10090,1,289,not_assessed,,,Electron Microscopy,2.8,1.0,,,,,candidate,MOUSE_SIFTS_CANDIDATE_LOCAL_REVIEW_PENDING,https://www.ebi.ac.uk/pdbe/api/mappings/best_structures/Q8BJK1,9bede5f3a810338c0550ac89f972ebdd0a07df4e374d6b62c83ffc033febdb07,not_assessed,0.1.0
Q8BJK1,PDBe_SIFTS,8i79,F,,10090,1,289,not_assessed,,,Electron Microscopy,2.8,1.0,,,,,candidate,MOUSE_SIFTS_CANDIDATE_LOCAL_REVIEW_PENDING,https://www.ebi.ac.uk/pdbe/api/mappings/best_structures/Q8BJK1,9bede5f3a810338c0550ac89f972ebdd0a07df4e374d6b62c83ffc033febdb07,not_assessed,0.1.0
Q8BJK1,PDBe_SIFTS,8i79,G,,10090,1,289,not_assessed,,,Electron Microscopy,2.8,1.0,,,,,candidate,MOUSE_SIFTS_CANDIDATE_LOCAL_REVIEW_PENDING,https://www.ebi.ac.uk/pdbe/api/mappings/best_structures/Q8BJK1,9bede5f3a810338c0550ac89f972ebdd0a07df4e374d6b62c83ffc033febdb07,not_assessed,0.1.0
Q8BJK1,PDBe_SIFTS,8i79,I,,10090,1,289,not_assessed,,,Electron Microscopy,2.8,1.0,,,,,candidate,MOUSE_SIFTS_CANDIDATE_LOCAL_REVIEW_PENDING,https://www.ebi.ac.uk/pdbe/api/mappings/best_structures/Q8BJK1,9bede5f3a810338c0550ac89f972ebdd0a07df4e374d6b62c83ffc033febdb07,not_assessed,0.1.0
Q8BJS4,AlphaFold_DB,AF-Q8BJS4-2-F1,A,6,10090,1,729,not_assessed,0cfd12f37b77d9363901e9250e31020bbd218c72a1fb8f7704d02fb83d24f307,d6b1544a75dc5239144ff8dc35e6592a,predicted,,,https://alphafold.ebi.ac.uk/files/AF-Q8BJS4-2-F1-model_v6.cif,https://alphafold.ebi.ac.uk/files/AF-Q8BJS4-2-F1-model_v6.pdb,https://alphafold.ebi.ac.uk/files/AF-Q8BJS4-2-F1-confidence_v6.json,https://alphafold.ebi.ac.uk/files/AF-Q8BJS4-2-F1-predicted_aligned_error_v6.json,held,ALPHAFOLD_ACCESSION_DIFFERS_FROM_CANONICAL,https://alphafold.ebi.ac.uk/api/prediction/Q8BJS4,1bda8413957df2ba755e3bd04536e2a3075c7613b6296c0263365c261be156cb,not_assessed,0.1.0
Q8BJS4,AlphaFold_DB,AF-Q8BJS4-3-F1,A,6,10090,1,699,not_assessed,85d976f2c577a7ed9a074051ae7321d7d03143a3a571fdc1ab811167466a4cd9,2a876c8359272f0cc6fd08190e0a89a0,predicted,,,https://alphafold.ebi.ac.uk/files/AF-Q8BJS4-3-F1-model_v6.cif,https://alphafold.ebi.ac.uk/files/AF-Q8BJS4-3-F1-model_v6.pdb,https://alphafold.ebi.ac.uk/files/AF-Q8BJS4-3-F1-confidence_v6.json,https://alphafold.ebi.ac.uk/files/AF-Q8BJS4-3-F1-predicted_aligned_error_v6.json,held,ALPHAFOLD_ACCESSION_DIFFERS_FROM_CANONICAL,https://alphafold.ebi.ac.uk/api/prediction/Q8BJS4,1bda8413957df2ba755e3bd04536e2a3075c7613b6296c0263365c261be156cb,not_assessed,0.1.0
Q8BJS4,AlphaFold_DB,AF-Q8BJS4-F1,A,6,10090,1,731,exact_full,30edd354a1d6f201d527de4bf533f690a9c0ac1f03258e254ab4f1feb12550cd,46632f0b3408f51df1604b7d2ac77b47,predicted,,,https://alphafold.ebi.ac.uk/files/AF-Q8BJS4-F1-model_v6.cif,https://alphafold.ebi.ac.uk/files/AF-Q8BJS4-F1-model_v6.pdb,https://alphafold.ebi.ac.uk/files/AF-Q8BJS4-F1-confidence_v6.json,https://alphafold.ebi.ac.uk/files/AF-Q8BJS4-F1-predicted_aligned_error_v6.json,candidate,EXACT_FULL_SEQUENCE_LOCAL_QUALITY_PENDING,https://alphafold.ebi.ac.uk/api/prediction/Q8BJS4,1bda8413957df2ba755e3bd04536e2a3075c7613b6296c0263365c261be156cb,not_assessed,0.1.0
Q8BJS4,PDBe_SIFTS,5ed8,A,,10090,470,731,not_assessed,,,X-ray diffraction,2.5,0.358,,,,,candidate,MOUSE_SIFTS_CANDIDATE_LOCAL_REVIEW_PENDING,https://www.ebi.ac.uk/pdbe/api/mappings/best_structures/Q8BJS4,f61cc4443e409c07869f98308889323ef027388bb3de5d12d7479978950e27c3,not_assessed,0.1.0
Q8BJS4,PDBe_SIFTS,5ed9,A,,10090,410,481,not_assessed,,,X-ray diffraction,2.009,0.098,,,,,candidate,MOUSE_SIFTS_CANDIDATE_LOCAL_REVIEW_PENDING,https://www.ebi.ac.uk/pdbe/api/mappings/best_structures/Q8BJS4,f61cc4443e409c07869f98308889323ef027388bb3de5d12d7479978950e27c3,not_assessed,0.1.0
Q8BJS4,PDBe_SIFTS,5ed9,B,,10090,410,481,not_assessed,,,X-ray diffraction,2.009,0.098,,,,,candidate,MOUSE_SIFTS_CANDIDATE_LOCAL_REVIEW_PENDING,https://www.ebi.ac.uk/pdbe/api/mappings/best_structures/Q8BJS4,f61cc4443e409c07869f98308889323ef027388bb3de5d12d7479978950e27c3,not_assessed,0.1.0
Q8BJS4,PDBe_SIFTS,5ed9,C,,10090,410,481,not_assessed,,,X-ray diffraction,2.009,0.098,,,,,candidate,MOUSE_SIFTS_CANDIDATE_LOCAL_REVIEW_PENDING,https://www.ebi.ac.uk/pdbe/api/mappings/best_structures/Q8BJS4,f61cc4443e409c07869f98308889323ef027388bb3de5d12d7479978950e27c3,not_assessed,0.1.0
Q8BK06,AlphaFold_DB,AF-Q8BK06-2-F1,A,6,10090,1,436,not_assessed,439a06d57bdecc4bf477e00f6fee538270b002e9d38db7dce1c412bce5379025,edc8d85b4b01a7fc82dfbe8dfed81719,predicted,,,https://alphafold.ebi.ac.uk/files/AF-Q8BK06-2-F1-model_v6.cif,https://alphafold.ebi.ac.uk/files/AF-Q8BK06-2-F1-model_v6.pdb,https://alphafold.ebi.ac.uk/files/AF-Q8BK06-2-F1-confidence_v6.json,https://alphafold.ebi.ac.uk/files/AF-Q8BK06-2-F1-predicted_aligned_error_v6.json,held,ALPHAFOLD_ACCESSION_DIFFERS_FROM_CANONICAL,https://alphafold.ebi.ac.uk/api/prediction/Q8BK06,883ce62bb272c0c9bd55e5ad7eb351d91ecfcbc1131e3077a49f106db184dca3,not_assessed,0.1.0
Q8BK06,AlphaFold_DB,AF-Q8BK06-3-F1,A,6,10090,1,194,not_assessed,25e7c09efc5f6ea429b81f0e2acded0e986d711edd4915f50ac37bc156a6ffea,28d123040bbb4d7f6276f0a256f62af6,predicted,,,https://alphafold.ebi.ac.uk/files/AF-Q8BK06-3-F1-model_v6.cif,https://alphafold.ebi.ac.uk/files/AF-Q8BK06-3-F1-model_v6.pdb,https://alphafold.ebi.ac.uk/files/AF-Q8BK06-3-F1-confidence_v6.json,https://alphafold.ebi.ac.uk/files/AF-Q8BK06-3-F1-predicted_aligned_error_v6.json,held,ALPHAFOLD_ACCESSION_DIFFERS_FROM_CANONICAL,https://alphafold.ebi.ac.uk/api/prediction/Q8BK06,883ce62bb272c0c9bd55e5ad7eb351d91ecfcbc1131e3077a49f106db184dca3,not_assessed,0.1.0
Q8BK06,AlphaFold_DB,AF-Q8BK06-F1,A,6,10090,1,437,exact_full,f40c049de35d492774d5abbdc3b1d17717c24ebc773cbafb58c7068dff5636b0,7cc8394879d9c96ed444e2673a6a39ed,predicted,,,https://alphafold.ebi.ac.uk/files/AF-Q8BK06-F1-model_v6.cif,https://alphafold.ebi.ac.uk/files/AF-Q8BK06-F1-model_v6.pdb,https://alphafold.ebi.ac.uk/files/AF-Q8BK06-F1-confidence_v6.json,https://alphafold.ebi.ac.uk/files/AF-Q8BK06-F1-predicted_aligned_error_v6.json,candidate,EXACT_FULL_SEQUENCE_LOCAL_QUALITY_PENDING,https://alphafold.ebi.ac.uk/api/prediction/Q8BK06,883ce62bb272c0c9bd55e5ad7eb351d91ecfcbc1131e3077a49f106db184dca3,not_assessed,0.1.0
Q8BK48,AlphaFold_DB,AF-Q8BK48-F1,A,6,10090,1,559,exact_full,96f9ee58ab05db00193a5a131d7808707991106a2890cc39e57c0b045a04f97a,79f553e59047899982d0bc4b85f13a65,predicted,,,https://alphafold.ebi.ac.uk/files/AF-Q8BK48-F1-model_v6.cif,https://alphafold.ebi.ac.uk/files/AF-Q8BK48-F1-model_v6.pdb,https://alphafold.ebi.ac.uk/files/AF-Q8BK48-F1-confidence_v6.json,https://alphafold.ebi.ac.uk/files/AF-Q8BK48-F1-predicted_aligned_error_v6.json,candidate,EXACT_FULL_SEQUENCE_LOCAL_QUALITY_PENDING,https://alphafold.ebi.ac.uk/api/prediction/Q8BK48,754f8d13cf46402f1ef1aa3add31d651ba753494ee0dc39d3872fedb4c7691de,not_assessed,0.1.0
Q8BK64,AlphaFold_DB,AF-Q8BK64-F1,A,6,10090,1,338,exact_full,ddbab4affdd698b79dd36139366d57618b82de99efbdb59b4e9c8a54befe8fea,a28484e8cd4bd1731b872a1103676572,predicted,,,https://alphafold.ebi.ac.uk/files/AF-Q8BK64-F1-model_v6.cif,https://alphafold.ebi.ac.uk/files/AF-Q8BK64-F1-model_v6.pdb,https://alphafold.ebi.ac.uk/files/AF-Q8BK64-F1-confidence_v6.json,https://alphafold.ebi.ac.uk/files/AF-Q8BK64-F1-predicted_aligned_error_v6.json,candidate,EXACT_FULL_SEQUENCE_LOCAL_QUALITY_PENDING,https://alphafold.ebi.ac.uk/api/prediction/Q8BK64,fcdd976222db8009a12339e26caf8f53496b212e990c6dd9a563623c5b192ffb,not_assessed,0.1.0
Q8BKT6,AlphaFold_DB,AF-Q8BKT6-2-F1,A,6,10090,1,257,not_assessed,c6babfbb37f88696a5a1ebebcfa0c93491b64e82aef97838fd87509b35183e2e,8aaeb7bdd43d6f3a50280cf3482e27d3,predicted,,,https://alphafold.ebi.ac.uk/files/AF-Q8BKT6-2-F1-model_v6.cif,https://alphafold.ebi.ac.uk/files/AF-Q8BKT6-2-F1-model_v6.pdb,https://alphafold.ebi.ac.uk/files/AF-Q8BKT6-2-F1-confidence_v6.json,https://alphafold.ebi.ac.uk/files/AF-Q8BKT6-2-F1-predicted_aligned_error_v6.json,held,ALPHAFOLD_ACCESSION_DIFFERS_FROM_CANONICAL,https://alphafold.ebi.ac.uk/api/prediction/Q8BKT6,96af3622c8ab5c76165031acdca995c5e241b70eb19229207b1ae7b9d3ec4e92,not_assessed,0.1.0
Q8BKT6,AlphaFold_DB,AF-Q8BKT6-F1,A,6,10090,1,305,exact_full,b704dc47471387259ebc88e1743d04100e03a87cf2f0552a46fe19e24803b666,e63652b7c1bc24eaba1ea145e1e7f6e5,predicted,,,https://alphafold.ebi.ac.uk/files/AF-Q8BKT6-F1-model_v6.cif,https://alphafold.ebi.ac.uk/files/AF-Q8BKT6-F1-model_v6.pdb,https://alphafold.ebi.ac.uk/files/AF-Q8BKT6-F1-confidence_v6.json,https://alphafold.ebi.ac.uk/files/AF-Q8BKT6-F1-predicted_aligned_error_v6.json,candidate,EXACT_FULL_SEQUENCE_LOCAL_QUALITY_PENDING,https://alphafold.ebi.ac.uk/api/prediction/Q8BKT6,96af3622c8ab5c76165031acdca995c5e241b70eb19229207b1ae7b9d3ec4e92,not_assessed,0.1.0
Q8BKX1,AlphaFold_DB,AF-Q8BKX1-2-F1,A,6,10090,1,522,not_assessed,9f40bf276931fb01b43f437589d5c9b6fed99c06e33fbd002e35386ce6548b94,37a1c9a332a1a5ddbd2d67d03237e780,predicted,,,https://alphafold.ebi.ac.uk/files/AF-Q8BKX1-2-F1-model_v6.cif,https://alphafold.ebi.ac.uk/files/AF-Q8BKX1-2-F1-model_v6.pdb,https://alphafold.ebi.ac.uk/files/AF-Q8BKX1-2-F1-confidence_v6.json,https://alphafold.ebi.ac.uk/files/AF-Q8BKX1-2-F1-predicted_aligned_error_v6.json,held,ALPHAFOLD_ACCESSION_DIFFERS_FROM_CANONICAL,https://alphafold.ebi.ac.uk/api/prediction/Q8BKX1,7edc6ecd3f72a0e274cb29e4f200e9f61994c2c70487540cb3a290b40a601982,not_assessed,0.1.0
Q8BKX1,AlphaFold_DB,AF-Q8BKX1-3-F1,A,6,10090,1,513,not_assessed,0090708be739cc6c6228c0ea37893f45b05b116d71cfa5fec574c46d5856a300,a696bbe902319b1f6a64ec44c8187439,predicted,,,https://alphafold.ebi.ac.uk/files/AF-Q8BKX1-3-F1-model_v6.cif,https://alphafold.ebi.ac.uk/files/AF-Q8BKX1-3-F1-model_v6.pdb,https://alphafold.ebi.ac.uk/files/AF-Q8BKX1-3-F1-confidence_v6.json,https://alphafold.ebi.ac.uk/files/AF-Q8BKX1-3-F1-predicted_aligned_error_v6.json,held,ALPHAFOLD_ACCESSION_DIFFERS_FROM_CANONICAL,https://alphafold.ebi.ac.uk/api/prediction/Q8BKX1,7edc6ecd3f72a0e274cb29e4f200e9f61994c2c70487540cb3a290b40a601982,not_assessed,0.1.0
Q8BKX1,AlphaFold_DB,AF-Q8BKX1-4-F1,A,6,10090,1,482,not_assessed,9123cb8b9f5eaf4fe99027c372df8e4068e5caa1acb0430d2aab6e77a2513ed3,527d00b6401c577e05808c30367ece43,predicted,,,https://alphafold.ebi.ac.uk/files/AF-Q8BKX1-4-F1-model_v6.cif,https://alphafold.ebi.ac.uk/files/AF-Q8BKX1-4-F1-model_v6.pdb,https://alphafold.ebi.ac.uk/files/AF-Q8BKX1-4-F1-confidence_v6.json,https://alphafold.ebi.ac.uk/files/AF-Q8BKX1-4-F1-predicted_aligned_error_v6.json,held,ALPHAFOLD_ACCESSION_DIFFERS_FROM_CANONICAL,https://alphafold.ebi.ac.uk/api/prediction/Q8BKX1,7edc6ecd3f72a0e274cb29e4f200e9f61994c2c70487540cb3a290b40a601982,not_assessed,0.1.0
Q8BKX1,AlphaFold_DB,AF-Q8BKX1-F1,A,6,10090,1,535,exact_full,c11fe9b1429ba52935d86de619a8cc872ae18f4c1d6279b80622614989477a3c,2a4a59f5a1ab05074c673272033c53ce,predicted,,,https://alphafold.ebi.ac.uk/files/AF-Q8BKX1-F1-model_v6.cif,https://alphafold.ebi.ac.uk/files/AF-Q8BKX1-F1-model_v6.pdb,https://alphafold.ebi.ac.uk/files/AF-Q8BKX1-F1-confidence_v6.json,https://alphafold.ebi.ac.uk/files/AF-Q8BKX1-F1-predicted_aligned_error_v6.json,candidate,EXACT_FULL_SEQUENCE_LOCAL_QUALITY_PENDING,https://alphafold.ebi.ac.uk/api/prediction/Q8BKX1,7edc6ecd3f72a0e274cb29e4f200e9f61994c2c70487540cb3a290b40a601982,not_assessed,0.1.0
Q8BL06,AlphaFold_DB,AF-Q8BL06-2-F1,A,6,10090,1,333,not_assessed,685c1c119c4094479ea2d6e5caffabda49c25251f370bc7051a454dff75c7fb0,0d7aaf321a99c3be4791bb1d11a3b280,predicted,,,https://alphafold.ebi.ac.uk/files/AF-Q8BL06-2-F1-model_v6.cif,https://alphafold.ebi.ac.uk/files/AF-Q8BL06-2-F1-model_v6.pdb,https://alphafold.ebi.ac.uk/files/AF-Q8BL06-2-F1-confidence_v6.json,https://alphafold.ebi.ac.uk/files/AF-Q8BL06-2-F1-predicted_aligned_error_v6.json,held,ALPHAFOLD_ACCESSION_DIFFERS_FROM_CANONICAL,https://alphafold.ebi.ac.uk/api/prediction/Q8BL06,318dbb7daa6dfcf4306cf9eea3b63abb926e0fc0456a157f63f4b60c8c353d0b,not_assessed,0.1.0
Q8BL06,AlphaFold_DB,AF-Q8BL06-3-F1,A,6,10090,1,402,not_assessed,eeebdb2f3a8a7e751886844c9cdc9ebdba82fc6a29f10dfff2f2b5202cc4e24d,682489758d054b0d85ebe3ff9b98113b,predicted,,,https://alphafold.ebi.ac.uk/files/AF-Q8BL06-3-F1-model_v6.cif,https://alphafold.ebi.ac.uk/files/AF-Q8BL06-3-F1-model_v6.pdb,https://alphafold.ebi.ac.uk/files/AF-Q8BL06-3-F1-confidence_v6.json,https://alphafold.ebi.ac.uk/files/AF-Q8BL06-3-F1-predicted_aligned_error_v6.json,held,ALPHAFOLD_ACCESSION_DIFFERS_FROM_CANONICAL,https://alphafold.ebi.ac.uk/api/prediction/Q8BL06,318dbb7daa6dfcf4306cf9eea3b63abb926e0fc0456a157f63f4b60c8c353d0b,not_assessed,0.1.0
Q8BL06,AlphaFold_DB,AF-Q8BL06-F1,A,6,10090,1,1588,exact_full,fbeee91c75d41b6e6147e5e1c5f16b4500e05442e88409a4f387d17ddcf6aa55,d73f8e5b79f07b486bc42c0e1ef3e952,predicted,,,https://alphafold.ebi.ac.uk/files/AF-Q8BL06-F1-model_v6.cif,https://alphafold.ebi.ac.uk/files/AF-Q8BL06-F1-model_v6.pdb,https://alphafold.ebi.ac.uk/files/AF-Q8BL06-F1-confidence_v6.json,https://alphafold.ebi.ac.uk/files/AF-Q8BL06-F1-predicted_aligned_error_v6.json,candidate,EXACT_FULL_SEQUENCE_LOCAL_QUALITY_PENDING,https://alphafold.ebi.ac.uk/api/prediction/Q8BL06,318dbb7daa6dfcf4306cf9eea3b63abb926e0fc0456a157f63f4b60c8c353d0b,not_assessed,0.1.0
Q8BL48,AlphaFold_DB,AF-Q8BL48-2-F1,A,6,10090,1,797,not_assessed,95ceedde8bd80965d0e09ce13b05c685211868f6660abb37af4ce8fd42f930f2,2086f5dd50831fd3d47c46972c2e3e29,predicted,,,https://alphafold.ebi.ac.uk/files/AF-Q8BL48-2-F1-model_v6.cif,https://alphafold.ebi.ac.uk/files/AF-Q8BL48-2-F1-model_v6.pdb,https://alphafold.ebi.ac.uk/files/AF-Q8BL48-2-F1-confidence_v6.json,https://alphafold.ebi.ac.uk/files/AF-Q8BL48-2-F1-predicted_aligned_error_v6.json,held,ALPHAFOLD_ACCESSION_DIFFERS_FROM_CANONICAL,https://alphafold.ebi.ac.uk/api/prediction/Q8BL48,7da76197db830955904682db63596f5a918bb953f85a4773905748d33f852ecf,not_assessed,0.1.0
Q8BL48,AlphaFold_DB,AF-Q8BL48-F1,A,6,10090,1,810,exact_full,9fc8001718ca94c3fcb8ca8598dab04177b2ba5b0b34e176c798a9a53c77d26e,7e90280b3260427422f5eeed8765f482,predicted,,,https://alphafold.ebi.ac.uk/files/AF-Q8BL48-F1-model_v6.cif,https://alphafold.ebi.ac.uk/files/AF-Q8BL48-F1-model_v6.pdb,https://alphafold.ebi.ac.uk/files/AF-Q8BL48-F1-confidence_v6.json,https://alphafold.ebi.ac.uk/files/AF-Q8BL48-F1-predicted_aligned_error_v6.json,candidate,EXACT_FULL_SEQUENCE_LOCAL_QUALITY_PENDING,https://alphafold.ebi.ac.uk/api/prediction/Q8BL48,7da76197db830955904682db63596f5a918bb953f85a4773905748d33f852ecf,not_assessed,0.1.0
Q8BL48,PDBe_SIFTS,5elh,A,,10090,31,174,not_assessed,,,X-ray diffraction,1.8,0.178,,,,,candidate,MOUSE_SIFTS_CANDIDATE_LOCAL_REVIEW_PENDING,https://www.ebi.ac.uk/pdbe/api/mappings/best_structures/Q8BL48,441b352e878997fdf662ef344343d85eea05b94f499250af30ffce1d6e64b07a,not_assessed,0.1.0
Q8BL48,PDBe_SIFTS,5elh,B,,10090,31,174,not_assessed,,,X-ray diffraction,1.8,0.178,,,,,candidate,MOUSE_SIFTS_CANDIDATE_LOCAL_REVIEW_PENDING,https://www.ebi.ac.uk/pdbe/api/mappings/best_structures/Q8BL48,441b352e878997fdf662ef344343d85eea05b94f499250af30ffce1d6e64b07a,not_assessed,0.1.0
Q8BL48,PDBe_SIFTS,5elk,A,,10090,204,335,not_assessed,,,X-ray diffraction,2.3,0.163,,,,,candidate,MOUSE_SIFTS_CANDIDATE_LOCAL_REVIEW_PENDING,https://www.ebi.ac.uk/pdbe/api/mappings/best_structures/Q8BL48,441b352e878997fdf662ef344343d85eea05b94f499250af30ffce1d6e64b07a,not_assessed,0.1.0
Q8BLC3,AlphaFold_DB,AF-Q8BLC3-F1,A,6,10090,1,141,exact_full,8d4b6a5a5e3fef9f19919c663216b6266a30846a6d0e5c435816b670962bd25d,e7fb9fa802c39549c9d75dd6de1a4bac,predicted,,,https://alphafold.ebi.ac.uk/files/AF-Q8BLC3-F1-model_v6.cif,https://alphafold.ebi.ac.uk/files/AF-Q8BLC3-F1-model_v6.pdb,https://alphafold.ebi.ac.uk/files/AF-Q8BLC3-F1-confidence_v6.json,https://alphafold.ebi.ac.uk/files/AF-Q8BLC3-F1-predicted_aligned_error_v6.json,candidate,EXACT_FULL_SEQUENCE_LOCAL_QUALITY_PENDING,https://alphafold.ebi.ac.uk/api/prediction/Q8BLC3,0aed26d49acdc87b2408a207bb4113cd6ac77b894ae64669ac1eb3a2657bbe31,not_assessed,0.1.0
Q8BLF2,AlphaFold_DB,AF-Q8BLF2-2-F1,A,6,10090,1,585,not_assessed,cac0be97858b5a2065225fe463a51ac6d7b336db0643eaebbfb9048423f74745,68c40b7b0c089b7afecb78e29be22fc5,predicted,,,https://alphafold.ebi.ac.uk/files/AF-Q8BLF2-2-F1-model_v6.cif,https://alphafold.ebi.ac.uk/files/AF-Q8BLF2-2-F1-model_v6.pdb,https://alphafold.ebi.ac.uk/files/AF-Q8BLF2-2-F1-confidence_v6.json,https://alphafold.ebi.ac.uk/files/AF-Q8BLF2-2-F1-predicted_aligned_error_v6.json,held,ALPHAFOLD_ACCESSION_DIFFERS_FROM_CANONICAL,https://alphafold.ebi.ac.uk/api/prediction/Q8BLF2,db6ebc5a0e37dc83d07ae714509b6c06454b57cc987749e945bb6c3def0699bf,not_assessed,0.1.0
Q8BLF2,AlphaFold_DB,AF-Q8BLF2-4-F1,A,6,10090,1,353,not_assessed,5c8b3d8810792820a16446feb0cdec30d0e6d8e97fc4c5d83b1c76f3bb95e2d1,efe248bc4ac3ec133815c6052aeaea0a,predicted,,,https://alphafold.ebi.ac.uk/files/AF-Q8BLF2-4-F1-model_v6.cif,https://alphafold.ebi.ac.uk/files/AF-Q8BLF2-4-F1-model_v6.pdb,https://alphafold.ebi.ac.uk/files/AF-Q8BLF2-4-F1-confidence_v6.json,https://alphafold.ebi.ac.uk/files/AF-Q8BLF2-4-F1-predicted_aligned_error_v6.json,held,ALPHAFOLD_ACCESSION_DIFFERS_FROM_CANONICAL,https://alphafold.ebi.ac.uk/api/prediction/Q8BLF2,db6ebc5a0e37dc83d07ae714509b6c06454b57cc987749e945bb6c3def0699bf,not_assessed,0.1.0
Q8BLF2,AlphaFold_DB,AF-Q8BLF2-5-F1,A,6,10090,1,578,not_assessed,4151c9524afd1991cac4e998deb2336a74d83c589975419f8abb53e2d52915e7,4a84cb766292603890da75aa26c2410b,predicted,,,https://alphafold.ebi.ac.uk/files/AF-Q8BLF2-5-F1-model_v6.cif,https://alphafold.ebi.ac.uk/files/AF-Q8BLF2-5-F1-model_v6.pdb,https://alphafold.ebi.ac.uk/files/AF-Q8BLF2-5-F1-confidence_v6.json,https://alphafold.ebi.ac.uk/files/AF-Q8BLF2-5-F1-predicted_aligned_error_v6.json,held,ALPHAFOLD_ACCESSION_DIFFERS_FROM_CANONICAL,https://alphafold.ebi.ac.uk/api/prediction/Q8BLF2,db6ebc5a0e37dc83d07ae714509b6c06454b57cc987749e945bb6c3def0699bf,not_assessed,0.1.0
Q8BLF2,AlphaFold_DB,AF-Q8BLF2-6-F1,A,6,10090,1,457,not_assessed,db62babca0891eac29d1a65309a336be8bf2fc2c2282366681be4c8f4d779404,10d8db5ee2e7169214cce980db005b8b,predicted,,,https://alphafold.ebi.ac.uk/files/AF-Q8BLF2-6-F1-model_v6.cif,https://alphafold.ebi.ac.uk/files/AF-Q8BLF2-6-F1-model_v6.pdb,https://alphafold.ebi.ac.uk/files/AF-Q8BLF2-6-F1-confidence_v6.json,https://alphafold.ebi.ac.uk/files/AF-Q8BLF2-6-F1-predicted_aligned_error_v6.json,held,ALPHAFOLD_ACCESSION_DIFFERS_FROM_CANONICAL,https://alphafold.ebi.ac.uk/api/prediction/Q8BLF2,db6ebc5a0e37dc83d07ae714509b6c06454b57cc987749e945bb6c3def0699bf,not_assessed,0.1.0
Q8BLF2,AlphaFold_DB,AF-Q8BLF2-7-F1,A,6,10090,1,581,not_assessed,b4db0e22f8943bfd640b302fa3d2b977e721de649cc7349d29993db3a96c9b91,301453f30d437e30829aff9523ff20ec,predicted,,,https://alphafold.ebi.ac.uk/files/AF-Q8BLF2-7-F1-model_v6.cif,https://alphafold.ebi.ac.uk/files/AF-Q8BLF2-7-F1-model_v6.pdb,https://alphafold.ebi.ac.uk/files/AF-Q8BLF2-7-F1-confidence_v6.json,https://alphafold.ebi.ac.uk/files/AF-Q8BLF2-7-F1-predicted_aligned_error_v6.json,held,ALPHAFOLD_ACCESSION_DIFFERS_FROM_CANONICAL,https://alphafold.ebi.ac.uk/api/prediction/Q8BLF2,db6ebc5a0e37dc83d07ae714509b6c06454b57cc987749e945bb6c3def0699bf,not_assessed,0.1.0
Q8BLF2,AlphaFold_DB,AF-Q8BLF2-8-F1,A,6,10090,1,585,not_assessed,f7549413c6510dadfbcb9ccfb80073addbead00e74c5f389e653dde9c953453a,86aaea94f5b6b8c190e7086faec9f796,predicted,,,https://alphafold.ebi.ac.uk/files/AF-Q8BLF2-8-F1-model_v6.cif,https://alphafold.ebi.ac.uk/files/AF-Q8BLF2-8-F1-model_v6.pdb,https://alphafold.ebi.ac.uk/files/AF-Q8BLF2-8-F1-confidence_v6.json,https://alphafold.ebi.ac.uk/files/AF-Q8BLF2-8-F1-predicted_aligned_error_v6.json,held,ALPHAFOLD_ACCESSION_DIFFERS_FROM_CANONICAL,https://alphafold.ebi.ac.uk/api/prediction/Q8BLF2,db6ebc5a0e37dc83d07ae714509b6c06454b57cc987749e945bb6c3def0699bf,not_assessed,0.1.0
Q8BLF2,AlphaFold_DB,AF-Q8BLF2-F1,A,6,10090,1,595,exact_full,ec3aebbf30d6a62beed38a71710d8429916f00b668bcacaab397b1f0d3418812,8fa4af1b574c120640d06d830b532d5a,predicted,,,https://alphafold.ebi.ac.uk/files/AF-Q8BLF2-F1-model_v6.cif,https://alphafold.ebi.ac.uk/files/AF-Q8BLF2-F1-model_v6.pdb,https://alphafold.ebi.ac.uk/files/AF-Q8BLF2-F1-confidence_v6.json,https://alphafold.ebi.ac.uk/files/AF-Q8BLF2-F1-predicted_aligned_error_v6.json,candidate,EXACT_FULL_SEQUENCE_LOCAL_QUALITY_PENDING,https://alphafold.ebi.ac.uk/api/prediction/Q8BLF2,db6ebc5a0e37dc83d07ae714509b6c06454b57cc987749e945bb6c3def0699bf,not_assessed,0.1.0
Q8BM75,AlphaFold_DB,AF-Q8BM75-2-F1,A,6,10090,1,945,not_assessed,9cc607ae81fe0d39aa54c8942c4608e92bce2e50700ff90c872d6d8113615036,a825d242779347f71091f350c099c7d3,predicted,,,https://alphafold.ebi.ac.uk/files/AF-Q8BM75-2-F1-model_v6.cif,https://alphafold.ebi.ac.uk/files/AF-Q8BM75-2-F1-model_v6.pdb,https://alphafold.ebi.ac.uk/files/AF-Q8BM75-2-F1-confidence_v6.json,https://alphafold.ebi.ac.uk/files/AF-Q8BM75-2-F1-predicted_aligned_error_v6.json,held,ALPHAFOLD_ACCESSION_DIFFERS_FROM_CANONICAL,https://alphafold.ebi.ac.uk/api/prediction/Q8BM75,c84c79267ab666f687323cf76ec3e5b1ef18346f495eacdd368a7f650d4eba19,not_assessed,0.1.0
Q8BM75,AlphaFold_DB,AF-Q8BM75-3-F1,A,6,10090,1,276,not_assessed,15af3a7a9a0b61e77ae5a1483e29852deee9c2907c6aacf808d511f8137a1ffe,7297c0d1e9e49a81bb5645037feb7c87,predicted,,,https://alphafold.ebi.ac.uk/files/AF-Q8BM75-3-F1-model_v6.cif,https://alphafold.ebi.ac.uk/files/AF-Q8BM75-3-F1-model_v6.pdb,https://alphafold.ebi.ac.uk/files/AF-Q8BM75-3-F1-confidence_v6.json,https://alphafold.ebi.ac.uk/files/AF-Q8BM75-3-F1-predicted_aligned_error_v6.json,held,ALPHAFOLD_ACCESSION_DIFFERS_FROM_CANONICAL,https://alphafold.ebi.ac.uk/api/prediction/Q8BM75,c84c79267ab666f687323cf76ec3e5b1ef18346f495eacdd368a7f650d4eba19,not_assessed,0.1.0
Q8BM75,AlphaFold_DB,AF-Q8BM75-F1,A,6,10090,1,1188,exact_full,8b808fee9015087a028d5903b1262ae35183697720812fda43dc611a8941290c,f23ae7a9c68a1084b7667804d738ae4d,predicted,,,https://alphafold.ebi.ac.uk/files/AF-Q8BM75-F1-model_v6.cif,https://alphafold.ebi.ac.uk/files/AF-Q8BM75-F1-model_v6.pdb,https://alphafold.ebi.ac.uk/files/AF-Q8BM75-F1-confidence_v6.json,https://alphafold.ebi.ac.uk/files/AF-Q8BM75-F1-predicted_aligned_error_v6.json,candidate,EXACT_FULL_SEQUENCE_LOCAL_QUALITY_PENDING,https://alphafold.ebi.ac.uk/api/prediction/Q8BM75,c84c79267ab666f687323cf76ec3e5b1ef18346f495eacdd368a7f650d4eba19,not_assessed,0.1.0
Q8BMB3,AlphaFold_DB,AF-Q8BMB3-F1,A,6,10090,1,245,exact_full,c027181a3a26293bbdbcbd359e61308c5329dad7ae13e2ddbc30449b8f4989bc,ca2ee59ad9d357f843bf62a446df033e,predicted,,,https://alphafold.ebi.ac.uk/files/AF-Q8BMB3-F1-model_v6.cif,https://alphafold.ebi.ac.uk/files/AF-Q8BMB3-F1-model_v6.pdb,https://alphafold.ebi.ac.uk/files/AF-Q8BMB3-F1-confidence_v6.json,https://alphafold.ebi.ac.uk/files/AF-Q8BMB3-F1-predicted_aligned_error_v6.json,candidate,EXACT_FULL_SEQUENCE_LOCAL_QUALITY_PENDING,https://alphafold.ebi.ac.uk/api/prediction/Q8BMB3,60bc06db36830815e7f2ede9151e65b12f3ffff45934bdd9e14b44802bb1e491,not_assessed,0.1.0
Q8BQN5,AlphaFold_DB,AF-Q8BQN5-F1,A,6,10090,1,261,exact_full,8b438dc32271165438c19b561b6861f50fce1730d2a16992b82ac05b31893d45,fb73d956c6ad6d79891a66677ca09160,predicted,,,https://alphafold.ebi.ac.uk/files/AF-Q8BQN5-F1-model_v6.cif,https://alphafold.ebi.ac.uk/files/AF-Q8BQN5-F1-model_v6.pdb,https://alphafold.ebi.ac.uk/files/AF-Q8BQN5-F1-confidence_v6.json,https://alphafold.ebi.ac.uk/files/AF-Q8BQN5-F1-predicted_aligned_error_v6.json,candidate,EXACT_FULL_SEQUENCE_LOCAL_QUALITY_PENDING,https://alphafold.ebi.ac.uk/api/prediction/Q8BQN5,cc168fbb8c600d06c7fd038879249c2fa933c50b0ff9ba0482c523ca37bfeab0,not_assessed,0.1.0
Q8BRH3,AlphaFold_DB,AF-Q8BRH3-2-F1,A,6,10090,1,479,not_assessed,afcda0ef5ce6abbc7eee90c8a8b6eaf816b51a0b4f7a5337ec7a482f7fbefe1e,4cad6f4f01e93e0e40bde877fe2fb2f0,predicted,,,https://alphafold.ebi.ac.uk/files/AF-Q8BRH3-2-F1-model_v6.cif,https://alphafold.ebi.ac.uk/files/AF-Q8BRH3-2-F1-model_v6.pdb,https://alphafold.ebi.ac.uk/files/AF-Q8BRH3-2-F1-confidence_v6.json,https://alphafold.ebi.ac.uk/files/AF-Q8BRH3-2-F1-predicted_aligned_error_v6.json,held,ALPHAFOLD_ACCESSION_DIFFERS_FROM_CANONICAL,https://alphafold.ebi.ac.uk/api/prediction/Q8BRH3,669fb09caf32a5f28d20dfc25f7dcc1b19d8e8afe2ba65f80fc9a94996d1fc98,not_assessed,0.1.0
Q8BRH3,AlphaFold_DB,AF-Q8BRH3-F1,A,6,10090,1,494,exact_full,065200cfa6f3cd59defccb31776e7cf53858176d3ba8bde8ca15ff319a140a9a,8e70551ce389e30cd5319aa2a5202734,predicted,,,https://alphafold.ebi.ac.uk/files/AF-Q8BRH3-F1-model_v6.cif,https://alphafold.ebi.ac.uk/files/AF-Q8BRH3-F1-model_v6.pdb,https://alphafold.ebi.ac.uk/files/AF-Q8BRH3-F1-confidence_v6.json,https://alphafold.ebi.ac.uk/files/AF-Q8BRH3-F1-predicted_aligned_error_v6.json,candidate,EXACT_FULL_SEQUENCE_LOCAL_QUALITY_PENDING,https://alphafold.ebi.ac.uk/api/prediction/Q8BRH3,669fb09caf32a5f28d20dfc25f7dcc1b19d8e8afe2ba65f80fc9a94996d1fc98,not_assessed,0.1.0
Q8BS95,AlphaFold_DB,AF-Q8BS95-F1,A,6,10090,1,455,exact_full,a60cbd77dbf5c041c7ecdfa20d766d54ac498b2e38ba0b4415ab1f3062207865,941319ed7cf93e6c1db955d4b8428f8f,predicted,,,https://alphafold.ebi.ac.uk/files/AF-Q8BS95-F1-model_v6.cif,https://alphafold.ebi.ac.uk/files/AF-Q8BS95-F1-model_v6.pdb,https://alphafold.ebi.ac.uk/files/AF-Q8BS95-F1-confidence_v6.json,https://alphafold.ebi.ac.uk/files/AF-Q8BS95-F1-predicted_aligned_error_v6.json,candidate,EXACT_FULL_SEQUENCE_LOCAL_QUALITY_PENDING,https://alphafold.ebi.ac.uk/api/prediction/Q8BS95,cc191b56a6f908d22796d78d72bc511c9e0bb563ef05182e538d23b83c8ff7ef,not_assessed,0.1.0
Q8BSM7,AlphaFold_DB,AF-Q8BSM7-F1,A,6,10090,1,564,exact_full,cb7dd2983c9dc7cd1cf6cf3392ea13137b44c4ce10cdb29ced6efa09f1c87860,29758a71dd06bc2f10fae73ab22297e7,predicted,,,https://alphafold.ebi.ac.uk/files/AF-Q8BSM7-F1-model_v6.cif,https://alphafold.ebi.ac.uk/files/AF-Q8BSM7-F1-model_v6.pdb,https://alphafold.ebi.ac.uk/files/AF-Q8BSM7-F1-confidence_v6.json,https://alphafold.ebi.ac.uk/files/AF-Q8BSM7-F1-predicted_aligned_error_v6.json,candidate,EXACT_FULL_SEQUENCE_LOCAL_QUALITY_PENDING,https://alphafold.ebi.ac.uk/api/prediction/Q8BSM7,f81a8a8eeeaf384b807f66b12465828b623dd4bff5f3a7b50acf8999e2505e0f,not_assessed,0.1.0
Q8BT51,AlphaFold_DB,AF-Q8BT51-F1,A,6,10090,1,87,exact_full,6e31032f69213016ed80070e5555ed3c036f2d1ef01f282d6cb138e19de3ba95,dca2599d5250310183d17bd824534ea6,predicted,,,https://alphafold.ebi.ac.uk/files/AF-Q8BT51-F1-model_v6.cif,https://alphafold.ebi.ac.uk/files/AF-Q8BT51-F1-model_v6.pdb,https://alphafold.ebi.ac.uk/files/AF-Q8BT51-F1-confidence_v6.json,https://alphafold.ebi.ac.uk/files/AF-Q8BT51-F1-predicted_aligned_error_v6.json,candidate,EXACT_FULL_SEQUENCE_LOCAL_QUALITY_PENDING,https://alphafold.ebi.ac.uk/api/prediction/Q8BT51,262003809fabc7d6ac803df3ba9c02645ce119aa2ea065e5b28ba2a8fe9cf13e,not_assessed,0.1.0
Q8BTM8,AlphaFold_DB,AF-Q8BTM8-2-F1,A,6,10090,1,249,not_assessed,ef471e8dae61f950bd42393af11aac1c50bfa08735f863605323cae09f1d7b98,76e8523a1a29be2a8fcd4b9419a81789,predicted,,,https://alphafold.ebi.ac.uk/files/AF-Q8BTM8-2-F1-model_v6.cif,https://alphafold.ebi.ac.uk/files/AF-Q8BTM8-2-F1-model_v6.pdb,https://alphafold.ebi.ac.uk/files/AF-Q8BTM8-2-F1-confidence_v6.json,https://alphafold.ebi.ac.uk/files/AF-Q8BTM8-2-F1-predicted_aligned_error_v6.json,held,ALPHAFOLD_ACCESSION_DIFFERS_FROM_CANONICAL,https://alphafold.ebi.ac.uk/api/prediction/Q8BTM8,74a90f7b686022cb3931ec4e9606aa93c843e4141d2bc6c0097a4f1d52595355,not_assessed,0.1.0
Q8BTM8,AlphaFold_DB,AF-Q8BTM8-F1,A,6,10090,1,2647,exact_full,2a893a86937f79bb1232112e2301f3a703ae5e5308f3bf081747728b7f93266d,5767596a9a44fda7dc47c40e413f859a,predicted,,,https://alphafold.ebi.ac.uk/files/AF-Q8BTM8-F1-model_v6.cif,https://alphafold.ebi.ac.uk/files/AF-Q8BTM8-F1-model_v6.pdb,https://alphafold.ebi.ac.uk/files/AF-Q8BTM8-F1-confidence_v6.json,https://alphafold.ebi.ac.uk/files/AF-Q8BTM8-F1-predicted_aligned_error_v6.json,candidate,EXACT_FULL_SEQUENCE_LOCAL_QUALITY_PENDING,https://alphafold.ebi.ac.uk/api/prediction/Q8BTM8,74a90f7b686022cb3931ec4e9606aa93c843e4141d2bc6c0097a4f1d52595355,not_assessed,0.1.0
Q8BTZ7,AlphaFold_DB,AF-Q8BTZ7-F1,A,6,10090,1,360,exact_full,e4b3351b1ea0df8933d1d4a222b7f01dca407560e84904038801a9b8177858ec,13010b238fc327379f60d88b08230132,predicted,,,https://alphafold.ebi.ac.uk/files/AF-Q8BTZ7-F1-model_v6.cif,https://alphafold.ebi.ac.uk/files/AF-Q8BTZ7-F1-model_v6.pdb,https://alphafold.ebi.ac.uk/files/AF-Q8BTZ7-F1-confidence_v6.json,https://alphafold.ebi.ac.uk/files/AF-Q8BTZ7-F1-predicted_aligned_error_v6.json,candidate,EXACT_FULL_SEQUENCE_LOCAL_QUALITY_PENDING,https://alphafold.ebi.ac.uk/api/prediction/Q8BTZ7,1457f0d5f3fc493b8d7c2d9c7a240d35728fad04eff41c1819ac3640af830be6,not_assessed,0.1.0
Q8BU25,AlphaFold_DB,AF-Q8BU25-F1,A,6,10090,1,720,exact_full,475f91c04b3f549fa76c08700d2446dc19af12c3d78124633f68e418091ae445,322d731de599c79205ce61adf42b8cfc,predicted,,,https://alphafold.ebi.ac.uk/files/AF-Q8BU25-F1-model_v6.cif,https://alphafold.ebi.ac.uk/files/AF-Q8BU25-F1-model_v6.pdb,https://alphafold.ebi.ac.uk/files/AF-Q8BU25-F1-confidence_v6.json,https://alphafold.ebi.ac.uk/files/AF-Q8BU25-F1-predicted_aligned_error_v6.json,candidate,EXACT_FULL_SEQUENCE_LOCAL_QUALITY_PENDING,https://alphafold.ebi.ac.uk/api/prediction/Q8BU25,5a0efd5987f2c3570bd9d24a64b336c5ea0331de3c404d33df792813c49a4740,not_assessed,0.1.0
Q8BVZ5,AlphaFold_DB,AF-Q8BVZ5-F1,A,6,10090,1,266,exact_full,9557d2ecdbf2df7cf0059349a2e4e456718124ee3d058a5e26cb7dd877f63e75,58ff9c45df9ba2581d5240fc7aa01a30,predicted,,,https://alphafold.ebi.ac.uk/files/AF-Q8BVZ5-F1-model_v6.cif,https://alphafold.ebi.ac.uk/files/AF-Q8BVZ5-F1-model_v6.pdb,https://alphafold.ebi.ac.uk/files/AF-Q8BVZ5-F1-confidence_v6.json,https://alphafold.ebi.ac.uk/files/AF-Q8BVZ5-F1-predicted_aligned_error_v6.json,candidate,EXACT_FULL_SEQUENCE_LOCAL_QUALITY_PENDING,https://alphafold.ebi.ac.uk/api/prediction/Q8BVZ5,1d882d03811d59581dcd10b2e9147ff84e766c520e724fbe80536573c0fb265c,not_assessed,0.1.0
Q8BVZ5,PDBe_SIFTS,5vi4,A,,10090,109,266,not_assessed,,,X-ray diffraction,2.792,0.594,,,,,candidate,MOUSE_SIFTS_CANDIDATE_LOCAL_REVIEW_PENDING,https://www.ebi.ac.uk/pdbe/api/mappings/best_structures/Q8BVZ5,97a65416bfd481e68f5dd4a02a4a7f8960e2cfb7182822d2ed13a53ce08bedde,not_assessed,0.1.0
Q8BVZ5,PDBe_SIFTS,5vi4,D,,10090,109,266,not_assessed,,,X-ray diffraction,2.792,0.594,,,,,candidate,MOUSE_SIFTS_CANDIDATE_LOCAL_REVIEW_PENDING,https://www.ebi.ac.uk/pdbe/api/mappings/best_structures/Q8BVZ5,97a65416bfd481e68f5dd4a02a4a7f8960e2cfb7182822d2ed13a53ce08bedde,not_assessed,0.1.0
Q8BVZ5,PDBe_SIFTS,8q5r,A,,10090,109,266,not_assessed,,,X-ray diffraction,2.1,0.594,,,,,candidate,MOUSE_SIFTS_CANDIDATE_LOCAL_REVIEW_PENDING,https://www.ebi.ac.uk/pdbe/api/mappings/best_structures/Q8BVZ5,97a65416bfd481e68f5dd4a02a4a7f8960e2cfb7182822d2ed13a53ce08bedde,not_assessed,0.1.0
Q8BWG8,AlphaFold_DB,AF-Q8BWG8-2-F1,A,6,10090,1,410,not_assessed,1bd2309236107720892d342d1b84e69227e1ce35de5f1c554abf68a1de3a788d,c3bb490b78421a017cf88ab20c08d25b,predicted,,,https://alphafold.ebi.ac.uk/files/AF-Q8BWG8-2-F1-model_v6.cif,https://alphafold.ebi.ac.uk/files/AF-Q8BWG8-2-F1-model_v6.pdb,https://alphafold.ebi.ac.uk/files/AF-Q8BWG8-2-F1-confidence_v6.json,https://alphafold.ebi.ac.uk/files/AF-Q8BWG8-2-F1-predicted_aligned_error_v6.json,held,ALPHAFOLD_ACCESSION_DIFFERS_FROM_CANONICAL,https://alphafold.ebi.ac.uk/api/prediction/Q8BWG8,ba7ea3c77c55448596656a548aeff743ca336be4e98f8a1faeb5c9048e85aa29,not_assessed,0.1.0
Q8BWG8,AlphaFold_DB,AF-Q8BWG8-F1,A,6,10090,1,418,exact_full,ac445bd9ef9cbf1bf6e2bd645c0a2626c80f3d0b58c483a80d823feda51496c5,94d82c9bb51956a4aafa6ff4d41193c0,predicted,,,https://alphafold.ebi.ac.uk/files/AF-Q8BWG8-F1-model_v6.cif,https://alphafold.ebi.ac.uk/files/AF-Q8BWG8-F1-model_v6.pdb,https://alphafold.ebi.ac.uk/files/AF-Q8BWG8-F1-confidence_v6.json,https://alphafold.ebi.ac.uk/files/AF-Q8BWG8-F1-predicted_aligned_error_v6.json,candidate,EXACT_FULL_SEQUENCE_LOCAL_QUALITY_PENDING,https://alphafold.ebi.ac.uk/api/prediction/Q8BWG8,ba7ea3c77c55448596656a548aeff743ca336be4e98f8a1faeb5c9048e85aa29,not_assessed,0.1.0
Q8BWU8,AlphaFold_DB,AF-Q8BWU8-F1,A,6,10090,1,499,exact_full,c3a6cf65a2dae3bbe21e26b92de090d89714f8057ce1fd2de03c7cf10a4e3dce,1e28ca53202969168f2d15cd4d8ac87e,predicted,,,https://alphafold.ebi.ac.uk/files/AF-Q8BWU8-F1-model_v6.cif,https://alphafold.ebi.ac.uk/files/AF-Q8BWU8-F1-model_v6.pdb,https://alphafold.ebi.ac.uk/files/AF-Q8BWU8-F1-confidence_v6.json,https://alphafold.ebi.ac.uk/files/AF-Q8BWU8-F1-predicted_aligned_error_v6.json,candidate,EXACT_FULL_SEQUENCE_LOCAL_QUALITY_PENDING,https://alphafold.ebi.ac.uk/api/prediction/Q8BWU8,8ab28434e95fd8f03892badb37f23170cf9ecb7f9ee7123880420a1a227e8b1a,not_assessed,0.1.0
Q8BWY2,AlphaFold_DB,AF-Q8BWY2-F1,A,6,10090,1,269,exact_full,db1ce0a7391f8db204dc2959b14885127ebb30a0e6bb52e86df2edc9e60eefd3,65b000e4264cdb16550c8e3b69c3432a,predicted,,,https://alphafold.ebi.ac.uk/files/AF-Q8BWY2-F1-model_v6.cif,https://alphafold.ebi.ac.uk/files/AF-Q8BWY2-F1-model_v6.pdb,https://alphafold.ebi.ac.uk/files/AF-Q8BWY2-F1-confidence_v6.json,https://alphafold.ebi.ac.uk/files/AF-Q8BWY2-F1-predicted_aligned_error_v6.json,candidate,EXACT_FULL_SEQUENCE_LOCAL_QUALITY_PENDING,https://alphafold.ebi.ac.uk/api/prediction/Q8BWY2,be9d4956d159b2bdd6953480cc35a722b3cbba2900b7c124878000bdeaaba2ef,not_assessed,0.1.0
Q8BX05,AlphaFold_DB,AF-Q8BX05-2-F1,A,6,10090,1,516,not_assessed,9f31cce828ff3a348185f323ff16211221b6f833521df091f1d0b6d36bd43fd7,005400b92810274fd5c5f30386220055,predicted,,,https://alphafold.ebi.ac.uk/files/AF-Q8BX05-2-F1-model_v6.cif,https://alphafold.ebi.ac.uk/files/AF-Q8BX05-2-F1-model_v6.pdb,https://alphafold.ebi.ac.uk/files/AF-Q8BX05-2-F1-confidence_v6.json,https://alphafold.ebi.ac.uk/files/AF-Q8BX05-2-F1-predicted_aligned_error_v6.json,held,ALPHAFOLD_ACCESSION_DIFFERS_FROM_CANONICAL,https://alphafold.ebi.ac.uk/api/prediction/Q8BX05,1534a635c7093f1160900ca2cb53bfc5e5ccacc79696729b87e340a8da8b29a0,not_assessed,0.1.0
Q8BX05,AlphaFold_DB,AF-Q8BX05-3-F1,A,6,10090,1,426,not_assessed,de152c03e6c8b01c14ed0a253a1dd2f6243ec6e28df5af826ca027840ea86c22,4a288019ba26098d72f2a8745d24ecdf,predicted,,,https://alphafold.ebi.ac.uk/files/AF-Q8BX05-3-F1-model_v6.cif,https://alphafold.ebi.ac.uk/files/AF-Q8BX05-3-F1-model_v6.pdb,https://alphafold.ebi.ac.uk/files/AF-Q8BX05-3-F1-confidence_v6.json,https://alphafold.ebi.ac.uk/files/AF-Q8BX05-3-F1-predicted_aligned_error_v6.json,held,ALPHAFOLD_ACCESSION_DIFFERS_FROM_CANONICAL,https://alphafold.ebi.ac.uk/api/prediction/Q8BX05,1534a635c7093f1160900ca2cb53bfc5e5ccacc79696729b87e340a8da8b29a0,not_assessed,0.1.0
Q8BX05,AlphaFold_DB,AF-Q8BX05-F1,A,6,10090,1,534,exact_full,c7039bafb9ea807032804d31e34ddb9be8ff1efaaf3b93d9371efba9dfea2951,dd3be94a7798022ff2e48c934eb3efd8,predicted,,,https://alphafold.ebi.ac.uk/files/AF-Q8BX05-F1-model_v6.cif,https://alphafold.ebi.ac.uk/files/AF-Q8BX05-F1-model_v6.pdb,https://alphafold.ebi.ac.uk/files/AF-Q8BX05-F1-confidence_v6.json,https://alphafold.ebi.ac.uk/files/AF-Q8BX05-F1-predicted_aligned_error_v6.json,candidate,EXACT_FULL_SEQUENCE_LOCAL_QUALITY_PENDING,https://alphafold.ebi.ac.uk/api/prediction/Q8BX05,1534a635c7093f1160900ca2cb53bfc5e5ccacc79696729b87e340a8da8b29a0,not_assessed,0.1.0
Q8BX32,AlphaFold_DB,AF-Q8BX32-2-F1,A,6,10090,1,204,not_assessed,4a5fa8692c3156424f8a68944bb17b0ce62fd235bbd4b4834f44946d42632fe0,babf402646f30a9380c2caf6fbfb0a43,predicted,,,https://alphafold.ebi.ac.uk/files/AF-Q8BX32-2-F1-model_v6.cif,https://alphafold.ebi.ac.uk/files/AF-Q8BX32-2-F1-model_v6.pdb,https://alphafold.ebi.ac.uk/files/AF-Q8BX32-2-F1-confidence_v6.json,https://alphafold.ebi.ac.uk/files/AF-Q8BX32-2-F1-predicted_aligned_error_v6.json,held,ALPHAFOLD_ACCESSION_DIFFERS_FROM_CANONICAL,https://alphafold.ebi.ac.uk/api/prediction/Q8BX32,fbf6b6f90d68d8373178d974d4f1bfb0f0c8bc9ea120cf25af12f06b6a688128,not_assessed,0.1.0
Q8BX32,AlphaFold_DB,AF-Q8BX32-F1,A,6,10090,1,270,exact_full,db705f060a85a3b329e146396de629ddef780b5259223d2728968d7465a8c7f1,6a9c1347e754a2b05b106809d0792e29,predicted,,,https://alphafold.ebi.ac.uk/files/AF-Q8BX32-F1-model_v6.cif,https://alphafold.ebi.ac.uk/files/AF-Q8BX32-F1-model_v6.pdb,https://alphafold.ebi.ac.uk/files/AF-Q8BX32-F1-confidence_v6.json,https://alphafold.ebi.ac.uk/files/AF-Q8BX32-F1-predicted_aligned_error_v6.json,candidate,EXACT_FULL_SEQUENCE_LOCAL_QUALITY_PENDING,https://alphafold.ebi.ac.uk/api/prediction/Q8BX32,fbf6b6f90d68d8373178d974d4f1bfb0f0c8bc9ea120cf25af12f06b6a688128,not_assessed,0.1.0
Q8BX35,AlphaFold_DB,AF-Q8BX35-F1,A,6,10090,1,297,exact_full,14ac3eaf16412b30862a60724c3581eae64ccab344e41a36cd10da395e60f7b3,73866298b77aa38991d4ad429ba9a5a0,predicted,,,https://alphafold.ebi.ac.uk/files/AF-Q8BX35-F1-model_v6.cif,https://alphafold.ebi.ac.uk/files/AF-Q8BX35-F1-model_v6.pdb,https://alphafold.ebi.ac.uk/files/AF-Q8BX35-F1-confidence_v6.json,https://alphafold.ebi.ac.uk/files/AF-Q8BX35-F1-predicted_aligned_error_v6.json,candidate,EXACT_FULL_SEQUENCE_LOCAL_QUALITY_PENDING,https://alphafold.ebi.ac.uk/api/prediction/Q8BX35,097908639b0c39cd5432584b1c2ec45b1dfdb1a116917b65739aef2e00155ad9,not_assessed,0.1.0
Q8BYI9,AlphaFold_DB,AF-Q8BYI9-2-F1,A,6,10090,1,1268,not_assessed,76418ebab72a2201258c7c3405d7c664c8b699fb93bcdb8e16a70c584e0572cc,ac8ba7a8a9b2eb4f615f165a29dbd289,predicted,,,https://alphafold.ebi.ac.uk/files/AF-Q8BYI9-2-F1-model_v6.cif,https://alphafold.ebi.ac.uk/files/AF-Q8BYI9-2-F1-model_v6.pdb,https://alphafold.ebi.ac.uk/files/AF-Q8BYI9-2-F1-confidence_v6.json,https://alphafold.ebi.ac.uk/files/AF-Q8BYI9-2-F1-predicted_aligned_error_v6.json,held,ALPHAFOLD_ACCESSION_DIFFERS_FROM_CANONICAL,https://alphafold.ebi.ac.uk/api/prediction/Q8BYI9,13e30effe78aa69872d8ed69fe1b3b2439e69a63e5b80441a519b51ef6df3186,not_assessed,0.1.0
Q8BYI9,AlphaFold_DB,AF-Q8BYI9-F1,A,6,10090,1,1358,exact_full,58c42847d0de8a41cb75ce2e1927817806eb2ccbf99406c2c532b34570809b40,1cb7c8ff23834fab07b4162336627f21,predicted,,,https://alphafold.ebi.ac.uk/files/AF-Q8BYI9-F1-model_v6.cif,https://alphafold.ebi.ac.uk/files/AF-Q8BYI9-F1-model_v6.pdb,https://alphafold.ebi.ac.uk/files/AF-Q8BYI9-F1-confidence_v6.json,https://alphafold.ebi.ac.uk/files/AF-Q8BYI9-F1-predicted_aligned_error_v6.json,candidate,EXACT_FULL_SEQUENCE_LOCAL_QUALITY_PENDING,https://alphafold.ebi.ac.uk/api/prediction/Q8BYI9,13e30effe78aa69872d8ed69fe1b3b2439e69a63e5b80441a519b51ef6df3186,not_assessed,0.1.0
Q8BZJ7,AlphaFold_DB,AF-Q8BZJ7-2-F1,A,6,10090,1,220,not_assessed,d9a77c840a148bb180d08d4dfa3edc212ed57dffa341d165d485747091f5bdfc,649a0e34697a3981d5ddf016b4635982,predicted,,,https://alphafold.ebi.ac.uk/files/AF-Q8BZJ7-2-F1-model_v6.cif,https://alphafold.ebi.ac.uk/files/AF-Q8BZJ7-2-F1-model_v6.pdb,https://alphafold.ebi.ac.uk/files/AF-Q8BZJ7-2-F1-confidence_v6.json,https://alphafold.ebi.ac.uk/files/AF-Q8BZJ7-2-F1-predicted_aligned_error_v6.json,held,ALPHAFOLD_ACCESSION_DIFFERS_FROM_CANONICAL,https://alphafold.ebi.ac.uk/api/prediction/Q8BZJ7,2824ce03f97fafa4480f505e7060f8332712264a60f7ee5279937f7d34311b7b,not_assessed,0.1.0
Q8BZJ7,AlphaFold_DB,AF-Q8BZJ7-4-F1,A,6,10090,1,199,not_assessed,79498bbfdec580422bedb79bca746d60e5958b5157d610751f3e83a4d89efa6d,854820b9e6a22736598372e90e58fbb7,predicted,,,https://alphafold.ebi.ac.uk/files/AF-Q8BZJ7-4-F1-model_v6.cif,https://alphafold.ebi.ac.uk/files/AF-Q8BZJ7-4-F1-model_v6.pdb,https://alphafold.ebi.ac.uk/files/AF-Q8BZJ7-4-F1-confidence_v6.json,https://alphafold.ebi.ac.uk/files/AF-Q8BZJ7-4-F1-predicted_aligned_error_v6.json,held,ALPHAFOLD_ACCESSION_DIFFERS_FROM_CANONICAL,https://alphafold.ebi.ac.uk/api/prediction/Q8BZJ7,2824ce03f97fafa4480f505e7060f8332712264a60f7ee5279937f7d34311b7b,not_assessed,0.1.0
Q8BZJ7,AlphaFold_DB,AF-Q8BZJ7-F1,A,6,10090,1,259,exact_full,97f708d1ad28f30bfbcef7f13e9b7401dc302866993e8462d58fb890424325b5,4b12f1bd8ef067226fb51e4f0cd9b8b8,predicted,,,https://alphafold.ebi.ac.uk/files/AF-Q8BZJ7-F1-model_v6.cif,https://alphafold.ebi.ac.uk/files/AF-Q8BZJ7-F1-model_v6.pdb,https://alphafold.ebi.ac.uk/files/AF-Q8BZJ7-F1-confidence_v6.json,https://alphafold.ebi.ac.uk/files/AF-Q8BZJ7-F1-predicted_aligned_error_v6.json,candidate,EXACT_FULL_SEQUENCE_LOCAL_QUALITY_PENDING,https://alphafold.ebi.ac.uk/api/prediction/Q8BZJ7,2824ce03f97fafa4480f505e7060f8332712264a60f7ee5279937f7d34311b7b,not_assessed,0.1.0
Q8BZT7,AlphaFold_DB,AF-Q8BZT7-F1,A,6,10090,1,504,exact_full,dd937df8637ba0bd678e3268a50d56aa46d3c09c80eae913de2b5f8796e17ff3,9f5f3cc0504908a15eb7ffca6c54876f,predicted,,,https://alphafold.ebi.ac.uk/files/AF-Q8BZT7-F1-model_v6.cif,https://alphafold.ebi.ac.uk/files/AF-Q8BZT7-F1-model_v6.pdb,https://alphafold.ebi.ac.uk/files/AF-Q8BZT7-F1-confidence_v6.json,https://alphafold.ebi.ac.uk/files/AF-Q8BZT7-F1-predicted_aligned_error_v6.json,candidate,EXACT_FULL_SEQUENCE_LOCAL_QUALITY_PENDING,https://alphafold.ebi.ac.uk/api/prediction/Q8BZT7,584b0433706b932f3948d8f74c5de87fabc14f24e54108cfe377220c390316be,not_assessed,0.1.0
Q8C033,AlphaFold_DB,AF-Q8C033-2-F1,A,6,10090,1,1306,not_assessed,49a5c848cc86c66d66070ac8b17580564c7cfcb38f83c583cc84eca26446f3d1,93ce76eb95ad80219802101eede7aedb,predicted,,,https://alphafold.ebi.ac.uk/files/AF-Q8C033-2-F1-model_v6.cif,https://alphafold.ebi.ac.uk/files/AF-Q8C033-2-F1-model_v6.pdb,https://alphafold.ebi.ac.uk/files/AF-Q8C033-2-F1-confidence_v6.json,https://alphafold.ebi.ac.uk/files/AF-Q8C033-2-F1-predicted_aligned_error_v6.json,held,ALPHAFOLD_ACCESSION_DIFFERS_FROM_CANONICAL,https://alphafold.ebi.ac.uk/api/prediction/Q8C033,5b577ddac431279ff77c3a1fbfb5a4568c527ff9d3cc3616652b7072696973af,not_assessed,0.1.0
Q8C033,AlphaFold_DB,AF-Q8C033-F1,A,6,10090,1,1345,exact_full,6d01b5612d62128a20cae2338d012d839f02574ea80a446d65ef14d5530b78a3,6df964f71701a9f851eca0bc238de957,predicted,,,https://alphafold.ebi.ac.uk/files/AF-Q8C033-F1-model_v6.cif,https://alphafold.ebi.ac.uk/files/AF-Q8C033-F1-model_v6.pdb,https://alphafold.ebi.ac.uk/files/AF-Q8C033-F1-confidence_v6.json,https://alphafold.ebi.ac.uk/files/AF-Q8C033-F1-predicted_aligned_error_v6.json,candidate,EXACT_FULL_SEQUENCE_LOCAL_QUALITY_PENDING,https://alphafold.ebi.ac.uk/api/prediction/Q8C033,5b577ddac431279ff77c3a1fbfb5a4568c527ff9d3cc3616652b7072696973af,not_assessed,0.1.0
Q8C080,AlphaFold_DB,AF-Q8C080-F1,A,6,10090,1,344,exact_full,4e25f42e0f77f4a1c7c7e476af69031dbec037506fbc9172040af50b4a7015a7,beb22d70b350d4efdb82c54b8c729200,predicted,,,https://alphafold.ebi.ac.uk/files/AF-Q8C080-F1-model_v6.cif,https://alphafold.ebi.ac.uk/files/AF-Q8C080-F1-model_v6.pdb,https://alphafold.ebi.ac.uk/files/AF-Q8C080-F1-confidence_v6.json,https://alphafold.ebi.ac.uk/files/AF-Q8C080-F1-predicted_aligned_error_v6.json,candidate,EXACT_FULL_SEQUENCE_LOCAL_QUALITY_PENDING,https://alphafold.ebi.ac.uk/api/prediction/Q8C080,a067d2b450bb5cbdd27bc4fe603f5ae7b8c4f61f2a2eca7175c751084dc6bb0b,not_assessed,0.1.0
Q8C0Q2,AlphaFold_DB,AF-Q8C0Q2-F1,A,6,10090,1,951,exact_full,0fdae90695985a6e3455ac97408879ac68cec81311da102bd79473212b0bb2eb,857a2821a2ee67c062b0f1bebaab9046,predicted,,,https://alphafold.ebi.ac.uk/files/AF-Q8C0Q2-F1-model_v6.cif,https://alphafold.ebi.ac.uk/files/AF-Q8C0Q2-F1-model_v6.pdb,https://alphafold.ebi.ac.uk/files/AF-Q8C0Q2-F1-confidence_v6.json,https://alphafold.ebi.ac.uk/files/AF-Q8C0Q2-F1-predicted_aligned_error_v6.json,candidate,EXACT_FULL_SEQUENCE_LOCAL_QUALITY_PENDING,https://alphafold.ebi.ac.uk/api/prediction/Q8C0Q2,30efb287dbcc7a65c15f75925e57b3673687c38080d69f0ebc12982808138d4a,not_assessed,0.1.0
Q8C156,AlphaFold_DB,AF-Q8C156-F1,A,6,10090,1,731,exact_full,d1db929b3c02f564e9898b8f4237cca43adfb1be638598a5d95b999127c6090f,7003783ca363a92b7811c26c50e718c7,predicted,,,https://alphafold.ebi.ac.uk/files/AF-Q8C156-F1-model_v6.cif,https://alphafold.ebi.ac.uk/files/AF-Q8C156-F1-model_v6.pdb,https://alphafold.ebi.ac.uk/files/AF-Q8C156-F1-confidence_v6.json,https://alphafold.ebi.ac.uk/files/AF-Q8C156-F1-predicted_aligned_error_v6.json,candidate,EXACT_FULL_SEQUENCE_LOCAL_QUALITY_PENDING,https://alphafold.ebi.ac.uk/api/prediction/Q8C156,1b3332110948caca2c8d7b449e3ea505b898d148fe0c03f6d32314ea2d4fac7b,not_assessed,0.1.0
Q8C255,AlphaFold_DB,AF-Q8C255-2-F1,A,6,10090,1,578,not_assessed,92c4a6b3f7d49757e033d8d4d054e0e977207e4df3d1c98814515f0dfdaacd75,252d99cf6365c963b0cd2a93fe915be7,predicted,,,https://alphafold.ebi.ac.uk/files/AF-Q8C255-2-F1-model_v6.cif,https://alphafold.ebi.ac.uk/files/AF-Q8C255-2-F1-model_v6.pdb,https://alphafold.ebi.ac.uk/files/AF-Q8C255-2-F1-confidence_v6.json,https://alphafold.ebi.ac.uk/files/AF-Q8C255-2-F1-predicted_aligned_error_v6.json,held,ALPHAFOLD_ACCESSION_DIFFERS_FROM_CANONICAL,https://alphafold.ebi.ac.uk/api/prediction/Q8C255,acdbdabb9590a929352f393da83569d6f1b971326298593ae75e667d9845e4ca,not_assessed,0.1.0
Q8C255,AlphaFold_DB,AF-Q8C255-3-F1,A,6,10090,1,385,not_assessed,e618b2cee9db1fbc3e1a514c11bc29ff436a748e2614d5bba70446111dc8231c,770b08246ed5333eaefc962dafbf2790,predicted,,,https://alphafold.ebi.ac.uk/files/AF-Q8C255-3-F1-model_v6.cif,https://alphafold.ebi.ac.uk/files/AF-Q8C255-3-F1-model_v6.pdb,https://alphafold.ebi.ac.uk/files/AF-Q8C255-3-F1-confidence_v6.json,https://alphafold.ebi.ac.uk/files/AF-Q8C255-3-F1-predicted_aligned_error_v6.json,held,ALPHAFOLD_ACCESSION_DIFFERS_FROM_CANONICAL,https://alphafold.ebi.ac.uk/api/prediction/Q8C255,acdbdabb9590a929352f393da83569d6f1b971326298593ae75e667d9845e4ca,not_assessed,0.1.0
Q8C255,AlphaFold_DB,AF-Q8C255-F1,A,6,10090,1,478,exact_full,fc067a71b4c3ac4efad630e804e610ccd18d7a555aace9d2f7c6f8c583646a1e,bce40cfbb74389831664fda855cd9e00,predicted,,,https://alphafold.ebi.ac.uk/files/AF-Q8C255-F1-model_v6.cif,https://alphafold.ebi.ac.uk/files/AF-Q8C255-F1-model_v6.pdb,https://alphafold.ebi.ac.uk/files/AF-Q8C255-F1-confidence_v6.json,https://alphafold.ebi.ac.uk/files/AF-Q8C255-F1-predicted_aligned_error_v6.json,candidate,EXACT_FULL_SEQUENCE_LOCAL_QUALITY_PENDING,https://alphafold.ebi.ac.uk/api/prediction/Q8C255,acdbdabb9590a929352f393da83569d6f1b971326298593ae75e667d9845e4ca,not_assessed,0.1.0
Q8C267,AlphaFold_DB,AF-Q8C267-2-F1,A,6,10090,1,140,not_assessed,6eb30ae5273271c6ef503de091664ef7b61e64e61dd13b2c1d745a322ee85a17,4d98d5684eba858418208423fc8c4204,predicted,,,https://alphafold.ebi.ac.uk/files/AF-Q8C267-2-F1-model_v6.cif,https://alphafold.ebi.ac.uk/files/AF-Q8C267-2-F1-model_v6.pdb,https://alphafold.ebi.ac.uk/files/AF-Q8C267-2-F1-confidence_v6.json,https://alphafold.ebi.ac.uk/files/AF-Q8C267-2-F1-predicted_aligned_error_v6.json,held,ALPHAFOLD_ACCESSION_DIFFERS_FROM_CANONICAL,https://alphafold.ebi.ac.uk/api/prediction/Q8C267,888bc96df50adfe7ce1e223bc96004c1b426140f17ca0fc094be29e3e645fdec,not_assessed,0.1.0
Q8C267,AlphaFold_DB,AF-Q8C267-F1,A,6,10090,1,713,exact_full,dff1db11089634d5b9e7a32d693abb66ca7178ebf3a5d88464153c0ddcbe743c,b40f8fc4a833f2d74399efb5beca3687,predicted,,,https://alphafold.ebi.ac.uk/files/AF-Q8C267-F1-model_v6.cif,https://alphafold.ebi.ac.uk/files/AF-Q8C267-F1-model_v6.pdb,https://alphafold.ebi.ac.uk/files/AF-Q8C267-F1-confidence_v6.json,https://alphafold.ebi.ac.uk/files/AF-Q8C267-F1-predicted_aligned_error_v6.json,candidate,EXACT_FULL_SEQUENCE_LOCAL_QUALITY_PENDING,https://alphafold.ebi.ac.uk/api/prediction/Q8C267,888bc96df50adfe7ce1e223bc96004c1b426140f17ca0fc094be29e3e645fdec,not_assessed,0.1.0
Q8C351,AlphaFold_DB,AF-Q8C351-2-F1,A,6,10090,1,137,not_assessed,f330cb94eeba1f8634f6c8832174f70cfd4ad5bcf2341a382294529f6bb67502,dc5a71b23c3c5eaa17ff5b455ab71cb7,predicted,,,https://alphafold.ebi.ac.uk/files/AF-Q8C351-2-F1-model_v6.cif,https://alphafold.ebi.ac.uk/files/AF-Q8C351-2-F1-model_v6.pdb,https://alphafold.ebi.ac.uk/files/AF-Q8C351-2-F1-confidence_v6.json,https://alphafold.ebi.ac.uk/files/AF-Q8C351-2-F1-predicted_aligned_error_v6.json,held,ALPHAFOLD_ACCESSION_DIFFERS_FROM_CANONICAL,https://alphafold.ebi.ac.uk/api/prediction/Q8C351,f44332b37941df86011b418e1801938738c36ef5fb87c055da115f3ba63e6b33,not_assessed,0.1.0
Q8C351,AlphaFold_DB,AF-Q8C351-F1,A,6,10090,1,381,exact_full,0806d18be294579298c8c6bfdd74a3ac3085782e62a3059885f1df26b839d134,2b894740144db3034744bb668278c4d7,predicted,,,https://alphafold.ebi.ac.uk/files/AF-Q8C351-F1-model_v6.cif,https://alphafold.ebi.ac.uk/files/AF-Q8C351-F1-model_v6.pdb,https://alphafold.ebi.ac.uk/files/AF-Q8C351-F1-confidence_v6.json,https://alphafold.ebi.ac.uk/files/AF-Q8C351-F1-predicted_aligned_error_v6.json,candidate,EXACT_FULL_SEQUENCE_LOCAL_QUALITY_PENDING,https://alphafold.ebi.ac.uk/api/prediction/Q8C351,f44332b37941df86011b418e1801938738c36ef5fb87c055da115f3ba63e6b33,not_assessed,0.1.0
Q8C351,PDBe_SIFTS,2k00,B,,10090,367,381,not_assessed,,,Solution NMR,,0.042,,,,,candidate,MOUSE_SIFTS_CANDIDATE_LOCAL_REVIEW_PENDING,https://www.ebi.ac.uk/pdbe/api/mappings/best_structures/Q8C351,2450ca2fcbad6220da42e16356011a50cadbc592a65091c42ee3effe900a3f86,not_assessed,0.1.0
Q8C398,AlphaFold_DB,AF-Q8C398-F1,A,6,10090,1,503,exact_full,c11eb5d812fdf05c632906e2eec165e3935f080580ef71d9a8763888fd6cf3a8,299504849b79b33dbf77f44c6a9374b4,predicted,,,https://alphafold.ebi.ac.uk/files/AF-Q8C398-F1-model_v6.cif,https://alphafold.ebi.ac.uk/files/AF-Q8C398-F1-model_v6.pdb,https://alphafold.ebi.ac.uk/files/AF-Q8C398-F1-confidence_v6.json,https://alphafold.ebi.ac.uk/files/AF-Q8C398-F1-predicted_aligned_error_v6.json,candidate,EXACT_FULL_SEQUENCE_LOCAL_QUALITY_PENDING,https://alphafold.ebi.ac.uk/api/prediction/Q8C398,418f21dba8f704a1a58aef2cb83732cb4aef44eda5c87c3247ee7112d3967319,not_assessed,0.1.0
Q8C581,AlphaFold_DB,AF-Q8C581-F1,A,6,10090,1,172,exact_full,0df5bb7534bddf06d9888494415f70bc41160ed4c7b2ab6c94556f15bbe2f749,161e7ebe08d9dde815723425b8be9e59,predicted,,,https://alphafold.ebi.ac.uk/files/AF-Q8C581-F1-model_v6.cif,https://alphafold.ebi.ac.uk/files/AF-Q8C581-F1-model_v6.pdb,https://alphafold.ebi.ac.uk/files/AF-Q8C581-F1-confidence_v6.json,https://alphafold.ebi.ac.uk/files/AF-Q8C581-F1-predicted_aligned_error_v6.json,candidate,EXACT_FULL_SEQUENCE_LOCAL_QUALITY_PENDING,https://alphafold.ebi.ac.uk/api/prediction/Q8C581,9056997e8979ae67cb6b9c8aedfc8a0b116e3af6f55628391eadae3fdd5edf9c,not_assessed,0.1.0
Q8C5L6,AlphaFold_DB,AF-Q8C5L6-F1,A,6,10090,1,468,exact_full,947f987ad832cf3c2fc5df5b2aba3008afe7a4f876492c59cf7ce6cd6e7ec657,882df2bc51188d404bbbfd06a5507476,predicted,,,https://alphafold.ebi.ac.uk/files/AF-Q8C5L6-F1-model_v6.cif,https://alphafold.ebi.ac.uk/files/AF-Q8C5L6-F1-model_v6.pdb,https://alphafold.ebi.ac.uk/files/AF-Q8C5L6-F1-confidence_v6.json,https://alphafold.ebi.ac.uk/files/AF-Q8C5L6-F1-predicted_aligned_error_v6.json,candidate,EXACT_FULL_SEQUENCE_LOCAL_QUALITY_PENDING,https://alphafold.ebi.ac.uk/api/prediction/Q8C5L6,3edf8485f0aaa25554d0b985f00c5818c94630ebb2140646f37a66f90dce9b8a,not_assessed,0.1.0
Q8C6I2,AlphaFold_DB,AF-Q8C6I2-2-F1,A,6,10090,1,134,not_assessed,3fb6289b3c2b1911a2894e7c844d5559539cc52f4aa6b164f39bc12e1e7a9d5f,7aeef8095efccdbc2c74b97d32ea9ee4,predicted,,,https://alphafold.ebi.ac.uk/files/AF-Q8C6I2-2-F1-model_v6.cif,https://alphafold.ebi.ac.uk/files/AF-Q8C6I2-2-F1-model_v6.pdb,https://alphafold.ebi.ac.uk/files/AF-Q8C6I2-2-F1-confidence_v6.json,https://alphafold.ebi.ac.uk/files/AF-Q8C6I2-2-F1-predicted_aligned_error_v6.json,held,ALPHAFOLD_ACCESSION_DIFFERS_FROM_CANONICAL,https://alphafold.ebi.ac.uk/api/prediction/Q8C6I2,0d6c077951c6299fcad09ade7db16a7cb01ac1d9ae0cf55c7a56a5cdec8e8ee0,not_assessed,0.1.0
Q8C6I2,AlphaFold_DB,AF-Q8C6I2-3-F1,A,6,10090,1,70,not_assessed,643fb28762166e2511d56786adbd4588fa1418e4b81c9c81f6159e87a9776f5f,f25c6102eb406774a54b84f6a08b7b8c,predicted,,,https://alphafold.ebi.ac.uk/files/AF-Q8C6I2-3-F1-model_v6.cif,https://alphafold.ebi.ac.uk/files/AF-Q8C6I2-3-F1-model_v6.pdb,https://alphafold.ebi.ac.uk/files/AF-Q8C6I2-3-F1-confidence_v6.json,https://alphafold.ebi.ac.uk/files/AF-Q8C6I2-3-F1-predicted_aligned_error_v6.json,held,ALPHAFOLD_ACCESSION_DIFFERS_FROM_CANONICAL,https://alphafold.ebi.ac.uk/api/prediction/Q8C6I2,0d6c077951c6299fcad09ade7db16a7cb01ac1d9ae0cf55c7a56a5cdec8e8ee0,not_assessed,0.1.0
Q8C6I2,AlphaFold_DB,AF-Q8C6I2-F1,A,6,10090,1,164,exact_full,321333f0ce918569c4b50375db393c31e15bb38ff060f376623d2ef0fac66a78,ce0fabfb6076d1ae4d08198e60583174,predicted,,,https://alphafold.ebi.ac.uk/files/AF-Q8C6I2-F1-model_v6.cif,https://alphafold.ebi.ac.uk/files/AF-Q8C6I2-F1-model_v6.pdb,https://alphafold.ebi.ac.uk/files/AF-Q8C6I2-F1-confidence_v6.json,https://alphafold.ebi.ac.uk/files/AF-Q8C6I2-F1-predicted_aligned_error_v6.json,candidate,EXACT_FULL_SEQUENCE_LOCAL_QUALITY_PENDING,https://alphafold.ebi.ac.uk/api/prediction/Q8C6I2,0d6c077951c6299fcad09ade7db16a7cb01ac1d9ae0cf55c7a56a5cdec8e8ee0,not_assessed,0.1.0
Q8C8T7,AlphaFold_DB,AF-Q8C8T7-F1,A,6,10090,1,828,exact_full,f37ec1729e0f93a15224dd221c8a8d0d3a85eb9d5b3423abc2490d00b8d6e939,b72cec6ece1b23b244552ee540351413,predicted,,,https://alphafold.ebi.ac.uk/files/AF-Q8C8T7-F1-model_v6.cif,https://alphafold.ebi.ac.uk/files/AF-Q8C8T7-F1-model_v6.pdb,https://alphafold.ebi.ac.uk/files/AF-Q8C8T7-F1-confidence_v6.json,https://alphafold.ebi.ac.uk/files/AF-Q8C8T7-F1-predicted_aligned_error_v6.json,candidate,EXACT_FULL_SEQUENCE_LOCAL_QUALITY_PENDING,https://alphafold.ebi.ac.uk/api/prediction/Q8C8T7,6589830f7ee16b0a616cbe2f9b26d9c05ce3d9ffa85a52129fffc575a57e7321,not_assessed,0.1.0
Q8C9W3,AlphaFold_DB,AF-Q8C9W3-F1,A,6,10090,1,1213,exact_full,e0243aa184e798e76e91e0ad8c75e5eea351ef1039ae012c4d2256504368a091,38cfa26e916b90efd12bb0a35924f371,predicted,,,https://alphafold.ebi.ac.uk/files/AF-Q8C9W3-F1-model_v6.cif,https://alphafold.ebi.ac.uk/files/AF-Q8C9W3-F1-model_v6.pdb,https://alphafold.ebi.ac.uk/files/AF-Q8C9W3-F1-confidence_v6.json,https://alphafold.ebi.ac.uk/files/AF-Q8C9W3-F1-predicted_aligned_error_v6.json,candidate,EXACT_FULL_SEQUENCE_LOCAL_QUALITY_PENDING,https://alphafold.ebi.ac.uk/api/prediction/Q8C9W3,60882a5686b8efa93a789334a7a204833e1d38bd536d692c4b02b7847d3c5e52,not_assessed,0.1.0
Q8CA71,AlphaFold_DB,AF-Q8CA71-F1,A,6,10090,1,197,exact_full,fca29d66d228f4bf6ffc39d7bb86bea52ac283b4c94300e5b2d3e8738d96eccd,0e3b819c8ea0bccbdfa746922305e325,predicted,,,https://alphafold.ebi.ac.uk/files/AF-Q8CA71-F1-model_v6.cif,https://alphafold.ebi.ac.uk/files/AF-Q8CA71-F1-model_v6.pdb,https://alphafold.ebi.ac.uk/files/AF-Q8CA71-F1-confidence_v6.json,https://alphafold.ebi.ac.uk/files/AF-Q8CA71-F1-predicted_aligned_error_v6.json,candidate,EXACT_FULL_SEQUENCE_LOCAL_QUALITY_PENDING,https://alphafold.ebi.ac.uk/api/prediction/Q8CA71,3fa115e9b3366cf28f7a684ef7b6a703a3e6626d46548c2b1360afdc71858af2,not_assessed,0.1.0
Q8CAA5,AlphaFold_DB,AF-Q8CAA5-F1,A,6,10090,1,168,exact_full,c75a5a344721762f2dd134fe8c4d14e05c1c25442f6bc15fe3bb85d643c59430,4fe0602f1b1d461817a5d15fe5085bdb,predicted,,,https://alphafold.ebi.ac.uk/files/AF-Q8CAA5-F1-model_v6.cif,https://alphafold.ebi.ac.uk/files/AF-Q8CAA5-F1-model_v6.pdb,https://alphafold.ebi.ac.uk/files/AF-Q8CAA5-F1-confidence_v6.json,https://alphafold.ebi.ac.uk/files/AF-Q8CAA5-F1-predicted_aligned_error_v6.json,candidate,EXACT_FULL_SEQUENCE_LOCAL_QUALITY_PENDING,https://alphafold.ebi.ac.uk/api/prediction/Q8CAA5,39af774213197085a91aff57164db669b8ca42349115be3282f65ab89008eab0,not_assessed,0.1.0
Q8CAL5,AlphaFold_DB,AF-Q8CAL5-F1,A,6,10090,1,572,exact_full,c6875f364435c0b0618468603ea0987cad288b2475bd0b360451b93112d74a20,9c4e7241e3814afb5c7d83036b76b5f5,predicted,,,https://alphafold.ebi.ac.uk/files/AF-Q8CAL5-F1-model_v6.cif,https://alphafold.ebi.ac.uk/files/AF-Q8CAL5-F1-model_v6.pdb,https://alphafold.ebi.ac.uk/files/AF-Q8CAL5-F1-confidence_v6.json,https://alphafold.ebi.ac.uk/files/AF-Q8CAL5-F1-predicted_aligned_error_v6.json,candidate,EXACT_FULL_SEQUENCE_LOCAL_QUALITY_PENDING,https://alphafold.ebi.ac.uk/api/prediction/Q8CAL5,0dddca345ae210048d5e5b34f1553bd2647764695cc94fc1efd9254fd649f212,not_assessed,0.1.0
Q8CAM5,AlphaFold_DB,AF-Q8CAM5-F1,A,6,10090,1,267,exact_full,332b867e3c2bf2eadf5846620fbe6110351225fd43a81252e54ead10673a258a,185245bb26dc78b175d95db2eb216293,predicted,,,https://alphafold.ebi.ac.uk/files/AF-Q8CAM5-F1-model_v6.cif,https://alphafold.ebi.ac.uk/files/AF-Q8CAM5-F1-model_v6.pdb,https://alphafold.ebi.ac.uk/files/AF-Q8CAM5-F1-confidence_v6.json,https://alphafold.ebi.ac.uk/files/AF-Q8CAM5-F1-predicted_aligned_error_v6.json,candidate,EXACT_FULL_SEQUENCE_LOCAL_QUALITY_PENDING,https://alphafold.ebi.ac.uk/api/prediction/Q8CAM5,0e6a66f86b87a785a814846032022c226a81a4a20a26d1e45f849aca94e75091,not_assessed,0.1.0
Q8CAY6,AlphaFold_DB,AF-Q8CAY6-F1,A,6,10090,1,397,exact_full,61a6e6a619f4a0b981e9eb196877aa379bc33477176d1498a476c54049e33831,55dc858c962aa4d253bbd1203d15332f,predicted,,,https://alphafold.ebi.ac.uk/files/AF-Q8CAY6-F1-model_v6.cif,https://alphafold.ebi.ac.uk/files/AF-Q8CAY6-F1-model_v6.pdb,https://alphafold.ebi.ac.uk/files/AF-Q8CAY6-F1-confidence_v6.json,https://alphafold.ebi.ac.uk/files/AF-Q8CAY6-F1-predicted_aligned_error_v6.json,candidate,EXACT_FULL_SEQUENCE_LOCAL_QUALITY_PENDING,https://alphafold.ebi.ac.uk/api/prediction/Q8CAY6,cac900c9da7c80faee3b12892b9df29eef4f6537c3cb002ff723c454310d5af2,not_assessed,0.1.0
Q8CDJ8,AlphaFold_DB,AF-Q8CDJ8-F1,A,6,10090,1,730,exact_full,5b15b9c5410dfdd0f7eb555ca3d6f168d8fd0806917a1119831c4b3af7d7fce4,84d11c604355ec9e274fac2dd9568a58,predicted,,,https://alphafold.ebi.ac.uk/files/AF-Q8CDJ8-F1-model_v6.cif,https://alphafold.ebi.ac.uk/files/AF-Q8CDJ8-F1-model_v6.pdb,https://alphafold.ebi.ac.uk/files/AF-Q8CDJ8-F1-confidence_v6.json,https://alphafold.ebi.ac.uk/files/AF-Q8CDJ8-F1-predicted_aligned_error_v6.json,candidate,EXACT_FULL_SEQUENCE_LOCAL_QUALITY_PENDING,https://alphafold.ebi.ac.uk/api/prediction/Q8CDJ8,35a4039dde4f455e2317a5971ebb5d2bc862769b9b9bc130753e0ee3f25b1615,not_assessed,0.1.0
Q8CE50,AlphaFold_DB,AF-Q8CE50-F1,A,6,10090,1,437,exact_full,1081b368f66b20413b97f27ad6f1e2c8f39331b94b31ce9ac1982f2e8bf2457b,c2136f239bf1373845df0b880bfff91f,predicted,,,https://alphafold.ebi.ac.uk/files/AF-Q8CE50-F1-model_v6.cif,https://alphafold.ebi.ac.uk/files/AF-Q8CE50-F1-model_v6.pdb,https://alphafold.ebi.ac.uk/files/AF-Q8CE50-F1-confidence_v6.json,https://alphafold.ebi.ac.uk/files/AF-Q8CE50-F1-predicted_aligned_error_v6.json,candidate,EXACT_FULL_SEQUENCE_LOCAL_QUALITY_PENDING,https://alphafold.ebi.ac.uk/api/prediction/Q8CE50,67d204972ea1b6d42afc5f484dc34da0f50b8a6acffcd4af8e585c86083cc9b0,not_assessed,0.1.0
Q8CEE6,AlphaFold_DB,AF-Q8CEE6-F1,A,6,10090,1,1383,exact_full,a9b46fadfe15bb7f4d9c264878493e632aa85c3c4e2e2e4471609819c359f819,e5dde61acf748eb18f588a0e96da883c,predicted,,,https://alphafold.ebi.ac.uk/files/AF-Q8CEE6-F1-model_v6.cif,https://alphafold.ebi.ac.uk/files/AF-Q8CEE6-F1-model_v6.pdb,https://alphafold.ebi.ac.uk/files/AF-Q8CEE6-F1-confidence_v6.json,https://alphafold.ebi.ac.uk/files/AF-Q8CEE6-F1-predicted_aligned_error_v6.json,candidate,EXACT_FULL_SEQUENCE_LOCAL_QUALITY_PENDING,https://alphafold.ebi.ac.uk/api/prediction/Q8CEE6,79d91f213a0ba1657a73fda428e597d29bdb540924ec2de5584985a32f50799b,not_assessed,0.1.0
Q8CF60,AlphaFold_DB,AF-Q8CF60-F1,A,6,10090,1,680,exact_full,1297667761f3fe077588f5e5c9f1d53d861c0eaf358df864acafd53a9db575ff,192cac31a81e86d20551f8a781a5160e,predicted,,,https://alphafold.ebi.ac.uk/files/AF-Q8CF60-F1-model_v6.cif,https://alphafold.ebi.ac.uk/files/AF-Q8CF60-F1-model_v6.pdb,https://alphafold.ebi.ac.uk/files/AF-Q8CF60-F1-confidence_v6.json,https://alphafold.ebi.ac.uk/files/AF-Q8CF60-F1-predicted_aligned_error_v6.json,candidate,EXACT_FULL_SEQUENCE_LOCAL_QUALITY_PENDING,https://alphafold.ebi.ac.uk/api/prediction/Q8CF60,15c436d0f5eca2b72de29958383b09017c47f7e5d81dc3f5a4b6d0e715108f6a,not_assessed,0.1.0
Q8CF66,AlphaFold_DB,AF-Q8CF66-F1,A,6,10090,1,99,exact_full,aee71d99c2a9aa7dde589866dc362cb327e0f1338acddbdd67dd28a963d5098c,d6152a66275ce278cf7d8e00538be8cb,predicted,,,https://alphafold.ebi.ac.uk/files/AF-Q8CF66-F1-model_v6.cif,https://alphafold.ebi.ac.uk/files/AF-Q8CF66-F1-model_v6.pdb,https://alphafold.ebi.ac.uk/files/AF-Q8CF66-F1-confidence_v6.json,https://alphafold.ebi.ac.uk/files/AF-Q8CF66-F1-predicted_aligned_error_v6.json,candidate,EXACT_FULL_SEQUENCE_LOCAL_QUALITY_PENDING,https://alphafold.ebi.ac.uk/api/prediction/Q8CF66,aeb0d3cc97ee67dad27ba1df5be7e2e796387ffcdb85c764697c57178242af72,not_assessed,0.1.0
Q8CFD5,AlphaFold_DB,AF-Q8CFD5-F1,A,6,10090,1,397,exact_full,27ae025ec1c04fead94a2061eef463a5bee16ea418dfc99016308b760043e60d,86d5a970ccd84e8863ac2dcdd8fc1c6e,predicted,,,https://alphafold.ebi.ac.uk/files/AF-Q8CFD5-F1-model_v6.cif,https://alphafold.ebi.ac.uk/files/AF-Q8CFD5-F1-model_v6.pdb,https://alphafold.ebi.ac.uk/files/AF-Q8CFD5-F1-confidence_v6.json,https://alphafold.ebi.ac.uk/files/AF-Q8CFD5-F1-predicted_aligned_error_v6.json,candidate,EXACT_FULL_SEQUENCE_LOCAL_QUALITY_PENDING,https://alphafold.ebi.ac.uk/api/prediction/Q8CFD5,3a9b40836811eecde6c63607cd637c15edf4553351fad4c231c8fa794b3e9459,not_assessed,0.1.0
Q8CFG0,AlphaFold_DB,AF-Q8CFG0-F1,A,6,10090,1,875,exact_full,23dd0c49976957a85de515929f375266165242e5880ed520071c46246e7bba5e,7e79f213f022efa9398aaa7446d2ef56,predicted,,,https://alphafold.ebi.ac.uk/files/AF-Q8CFG0-F1-model_v6.cif,https://alphafold.ebi.ac.uk/files/AF-Q8CFG0-F1-model_v6.pdb,https://alphafold.ebi.ac.uk/files/AF-Q8CFG0-F1-confidence_v6.json,https://alphafold.ebi.ac.uk/files/AF-Q8CFG0-F1-predicted_aligned_error_v6.json,candidate,EXACT_FULL_SEQUENCE_LOCAL_QUALITY_PENDING,https://alphafold.ebi.ac.uk/api/prediction/Q8CFG0,faf852d8470094dcfb4430788d14ccb046a26d38d95177ae8f195a8f183b61ed,not_assessed,0.1.0
Q8CFV4,AlphaFold_DB,AF-Q8CFV4-F1,A,6,10090,1,142,exact_full,dd8b2ef48bd421e3a70d734d11da6a41085c8ea0818cf31de50fd3675178bd77,efa24f7f2953d95208fdc8ae77ff5064,predicted,,,https://alphafold.ebi.ac.uk/files/AF-Q8CFV4-F1-model_v6.cif,https://alphafold.ebi.ac.uk/files/AF-Q8CFV4-F1-model_v6.pdb,https://alphafold.ebi.ac.uk/files/AF-Q8CFV4-F1-confidence_v6.json,https://alphafold.ebi.ac.uk/files/AF-Q8CFV4-F1-predicted_aligned_error_v6.json,candidate,EXACT_FULL_SEQUENCE_LOCAL_QUALITY_PENDING,https://alphafold.ebi.ac.uk/api/prediction/Q8CFV4,4350d57a5885f3fa539aac96994978f297c77baf051226d7a7489f9c3b4ded2d,not_assessed,0.1.0
Q8CGB6,AlphaFold_DB,AF-Q8CGB6-2-F1,A,6,10090,1,1377,not_assessed,b54f1819d27ca3a0a5fb88e5630a1f716e46caa52a0a3d095292e5fb9c0af53e,f8535947f89af78088f2c3e7b63f0ac8,predicted,,,https://alphafold.ebi.ac.uk/files/AF-Q8CGB6-2-F1-model_v6.cif,https://alphafold.ebi.ac.uk/files/AF-Q8CGB6-2-F1-model_v6.pdb,https://alphafold.ebi.ac.uk/files/AF-Q8CGB6-2-F1-confidence_v6.json,https://alphafold.ebi.ac.uk/files/AF-Q8CGB6-2-F1-predicted_aligned_error_v6.json,held,ALPHAFOLD_ACCESSION_DIFFERS_FROM_CANONICAL,https://alphafold.ebi.ac.uk/api/prediction/Q8CGB6,f4bbdcf01e841b7374ae53be7fbde6d7a332be4cc1d0bd6e09435d213fafb76a,not_assessed,0.1.0
Q8CGB6,AlphaFold_DB,AF-Q8CGB6-3-F1,A,6,10090,1,1407,not_assessed,d39989100b2dcf7357a5747ca29a7c60d5160bbc5b343b11ce829949a4e555ee,335b39da0af9be28dcc68a97dcdbb013,predicted,,,https://alphafold.ebi.ac.uk/files/AF-Q8CGB6-3-F1-model_v6.cif,https://alphafold.ebi.ac.uk/files/AF-Q8CGB6-3-F1-model_v6.pdb,https://alphafold.ebi.ac.uk/files/AF-Q8CGB6-3-F1-confidence_v6.json,https://alphafold.ebi.ac.uk/files/AF-Q8CGB6-3-F1-predicted_aligned_error_v6.json,held,ALPHAFOLD_ACCESSION_DIFFERS_FROM_CANONICAL,https://alphafold.ebi.ac.uk/api/prediction/Q8CGB6,f4bbdcf01e841b7374ae53be7fbde6d7a332be4cc1d0bd6e09435d213fafb76a,not_assessed,0.1.0
Q8CGB6,AlphaFold_DB,AF-Q8CGB6-4-F1,A,6,10090,1,1400,not_assessed,dbc32a417ee5d9e055ed356c51a5ddd64c08cb668bccf042bfb2eb57db5b3d04,f9bf001d22d1936c553ffdae5133e1e8,predicted,,,https://alphafold.ebi.ac.uk/files/AF-Q8CGB6-4-F1-model_v6.cif,https://alphafold.ebi.ac.uk/files/AF-Q8CGB6-4-F1-model_v6.pdb,https://alphafold.ebi.ac.uk/files/AF-Q8CGB6-4-F1-confidence_v6.json,https://alphafold.ebi.ac.uk/files/AF-Q8CGB6-4-F1-predicted_aligned_error_v6.json,held,ALPHAFOLD_ACCESSION_DIFFERS_FROM_CANONICAL,https://alphafold.ebi.ac.uk/api/prediction/Q8CGB6,f4bbdcf01e841b7374ae53be7fbde6d7a332be4cc1d0bd6e09435d213fafb76a,not_assessed,0.1.0
Q8CGB6,AlphaFold_DB,AF-Q8CGB6-F1,A,6,10090,1,1400,exact_full,7c410aa84f450ad7e7d74513c43a220598df6a40ca15af7bf49f161e85c97544,75806cc357b03661e4c6c2dd2b37a133,predicted,,,https://alphafold.ebi.ac.uk/files/AF-Q8CGB6-F1-model_v6.cif,https://alphafold.ebi.ac.uk/files/AF-Q8CGB6-F1-model_v6.pdb,https://alphafold.ebi.ac.uk/files/AF-Q8CGB6-F1-confidence_v6.json,https://alphafold.ebi.ac.uk/files/AF-Q8CGB6-F1-predicted_aligned_error_v6.json,candidate,EXACT_FULL_SEQUENCE_LOCAL_QUALITY_PENDING,https://alphafold.ebi.ac.uk/api/prediction/Q8CGB6,f4bbdcf01e841b7374ae53be7fbde6d7a332be4cc1d0bd6e09435d213fafb76a,not_assessed,0.1.0
Q8CGE9,AlphaFold_DB,AF-Q8CGE9-F1,A,6,10090,1,1381,exact_full,4561d87f14be5ecdbde8bfdd1a812ac0b8611aa8c4924aba50dca03da4b0a4e8,270b15908c0f14f3200af4815fe12232,predicted,,,https://alphafold.ebi.ac.uk/files/AF-Q8CGE9-F1-model_v6.cif,https://alphafold.ebi.ac.uk/files/AF-Q8CGE9-F1-model_v6.pdb,https://alphafold.ebi.ac.uk/files/AF-Q8CGE9-F1-confidence_v6.json,https://alphafold.ebi.ac.uk/files/AF-Q8CGE9-F1-predicted_aligned_error_v6.json,candidate,EXACT_FULL_SEQUENCE_LOCAL_QUALITY_PENDING,https://alphafold.ebi.ac.uk/api/prediction/Q8CGE9,848f83c8c51aade42ba6ba554d4331cb562a27d31c306119f46e13d0957024f0,not_assessed,0.1.0
Q8CGF1,AlphaFold_DB,AF-Q8CGF1-2-F1,A,6,10090,1,609,not_assessed,a081468f0d25f797af2e3255f974cfd064e39d3f1d31595ab4311c1fdf3310d2,a2a1879a312fdd691cbe937ff5aa653f,predicted,,,https://alphafold.ebi.ac.uk/files/AF-Q8CGF1-2-F1-model_v6.cif,https://alphafold.ebi.ac.uk/files/AF-Q8CGF1-2-F1-model_v6.pdb,https://alphafold.ebi.ac.uk/files/AF-Q8CGF1-2-F1-confidence_v6.json,https://alphafold.ebi.ac.uk/files/AF-Q8CGF1-2-F1-predicted_aligned_error_v6.json,held,ALPHAFOLD_ACCESSION_DIFFERS_FROM_CANONICAL,https://alphafold.ebi.ac.uk/api/prediction/Q8CGF1,d8c06537d8bf619d179feeacc56de48e47c0cd44bee2a5bd1ca185f24c263c99,not_assessed,0.1.0
Q8CGF1,AlphaFold_DB,AF-Q8CGF1-F1,A,6,10090,1,1266,exact_full,ec471f977e283ba5ad6349b5d9028b1c10310877b129ac4b08b528e40c21689b,b00acb9ca6f1b974642fb755293fc8d1,predicted,,,https://alphafold.ebi.ac.uk/files/AF-Q8CGF1-F1-model_v6.cif,https://alphafold.ebi.ac.uk/files/AF-Q8CGF1-F1-model_v6.pdb,https://alphafold.ebi.ac.uk/files/AF-Q8CGF1-F1-confidence_v6.json,https://alphafold.ebi.ac.uk/files/AF-Q8CGF1-F1-predicted_aligned_error_v6.json,candidate,EXACT_FULL_SEQUENCE_LOCAL_QUALITY_PENDING,https://alphafold.ebi.ac.uk/api/prediction/Q8CGF1,d8c06537d8bf619d179feeacc56de48e47c0cd44bee2a5bd1ca185f24c263c99,not_assessed,0.1.0
Q8CI19,AlphaFold_DB,AF-Q8CI19-F1,A,6,10090,1,345,exact_full,d69e812833e1a499c70630ae67a7e37e0f45fe2db7d52f8873a78be7a1121c08,1a83fba8528adcb0481bd0929dbe4d4b,predicted,,,https://alphafold.ebi.ac.uk/files/AF-Q8CI19-F1-model_v6.cif,https://alphafold.ebi.ac.uk/files/AF-Q8CI19-F1-model_v6.pdb,https://alphafold.ebi.ac.uk/files/AF-Q8CI19-F1-confidence_v6.json,https://alphafold.ebi.ac.uk/files/AF-Q8CI19-F1-predicted_aligned_error_v6.json,candidate,EXACT_FULL_SEQUENCE_LOCAL_QUALITY_PENDING,https://alphafold.ebi.ac.uk/api/prediction/Q8CI19,db5af90bfc5ca3ef6cd69732ab412d4912f8f6544dde36d7306d7c9d5db8eeea,not_assessed,0.1.0
Q8CID3,AlphaFold_DB,AF-Q8CID3-F1,A,6,10090,1,541,exact_full,86453094b817cc004154521acd6f81d3d7a1c8ac70fdec963073536c858af566,771898e0ed7c49b87690e8bd330c3390,predicted,,,https://alphafold.ebi.ac.uk/files/AF-Q8CID3-F1-model_v6.cif,https://alphafold.ebi.ac.uk/files/AF-Q8CID3-F1-model_v6.pdb,https://alphafold.ebi.ac.uk/files/AF-Q8CID3-F1-confidence_v6.json,https://alphafold.ebi.ac.uk/files/AF-Q8CID3-F1-predicted_aligned_error_v6.json,candidate,EXACT_FULL_SEQUENCE_LOCAL_QUALITY_PENDING,https://alphafold.ebi.ac.uk/api/prediction/Q8CID3,6071ccba41cc4f8679093dc6dbcec471d72405de078df237d4dfa53e77fdf115,not_assessed,0.1.0
Q8K007,AlphaFold_DB,AF-Q8K007-F1,A,6,10090,1,870,exact_full,90ec03852fd8ceca0bb201f077803da9573e9c1d34211a3ea225a8cc9c0778eb,266ebff1dc393fa25f64dd6479f7af5c,predicted,,,https://alphafold.ebi.ac.uk/files/AF-Q8K007-F1-model_v6.cif,https://alphafold.ebi.ac.uk/files/AF-Q8K007-F1-model_v6.pdb,https://alphafold.ebi.ac.uk/files/AF-Q8K007-F1-confidence_v6.json,https://alphafold.ebi.ac.uk/files/AF-Q8K007-F1-predicted_aligned_error_v6.json,candidate,EXACT_FULL_SEQUENCE_LOCAL_QUALITY_PENDING,https://alphafold.ebi.ac.uk/api/prediction/Q8K007,be005510471698642b9e5b0ee6915075d23dc13c58946af8aaf6f0b06a3571a4,not_assessed,0.1.0
Q8K0C4,AlphaFold_DB,AF-Q8K0C4-F1,A,6,10090,1,503,exact_full,f9df85d777d182b010f49c828b2b71f07a9391228e3ee413d3cc7bccafa966bf,a2786115596a0583981e8ad06b119c70,predicted,,,https://alphafold.ebi.ac.uk/files/AF-Q8K0C4-F1-model_v6.cif,https://alphafold.ebi.ac.uk/files/AF-Q8K0C4-F1-model_v6.pdb,https://alphafold.ebi.ac.uk/files/AF-Q8K0C4-F1-confidence_v6.json,https://alphafold.ebi.ac.uk/files/AF-Q8K0C4-F1-predicted_aligned_error_v6.json,candidate,EXACT_FULL_SEQUENCE_LOCAL_QUALITY_PENDING,https://alphafold.ebi.ac.uk/api/prediction/Q8K0C4,05b5b06ee9c9c891b4c5484268976fcc4cca948014890a30e0ad60249382dcde,not_assessed,0.1.0
Q8K0E7,AlphaFold_DB,AF-Q8K0E7-F1,A,6,10090,1,450,exact_full,4028efc95fc4c9db98a57432bdad461da25596e2c6a46f6a4b2ed2f326c8cfae,4033136688c735f74794d58ecc33e517,predicted,,,https://alphafold.ebi.ac.uk/files/AF-Q8K0E7-F1-model_v6.cif,https://alphafold.ebi.ac.uk/files/AF-Q8K0E7-F1-model_v6.pdb,https://alphafold.ebi.ac.uk/files/AF-Q8K0E7-F1-confidence_v6.json,https://alphafold.ebi.ac.uk/files/AF-Q8K0E7-F1-predicted_aligned_error_v6.json,candidate,EXACT_FULL_SEQUENCE_LOCAL_QUALITY_PENDING,https://alphafold.ebi.ac.uk/api/prediction/Q8K0E7,9c4f52e49bb5a2e5b59b39894edeb182ec541cf2ec96b0518bdfc1b44fafa168,not_assessed,0.1.0
Q8K1A5,AlphaFold_DB,AF-Q8K1A5-2-F1,A,6,10090,1,224,not_assessed,5e6c6f7bf66c70f6e51a647753ddc2b6f09d8f40ec51a8742e4a66018d5a51ef,845fa7fa11543918f73eb01b41849aba,predicted,,,https://alphafold.ebi.ac.uk/files/AF-Q8K1A5-2-F1-model_v6.cif,https://alphafold.ebi.ac.uk/files/AF-Q8K1A5-2-F1-model_v6.pdb,https://alphafold.ebi.ac.uk/files/AF-Q8K1A5-2-F1-confidence_v6.json,https://alphafold.ebi.ac.uk/files/AF-Q8K1A5-2-F1-predicted_aligned_error_v6.json,held,ALPHAFOLD_ACCESSION_DIFFERS_FROM_CANONICAL,https://alphafold.ebi.ac.uk/api/prediction/Q8K1A5,8c2d09ca564c418cab2bccbc6a15ee292482ecd9edf6f9e1e072d0592040d760,not_assessed,0.1.0
Q8K1A5,AlphaFold_DB,AF-Q8K1A5-3-F1,A,6,10090,1,206,not_assessed,3b7fbe03461897173657861b879fa6600a6cb7b18bda30f931c412ce182eebb8,41b1c1f67f9d41d5a90ce60e915207da,predicted,,,https://alphafold.ebi.ac.uk/files/AF-Q8K1A5-3-F1-model_v6.cif,https://alphafold.ebi.ac.uk/files/AF-Q8K1A5-3-F1-model_v6.pdb,https://alphafold.ebi.ac.uk/files/AF-Q8K1A5-3-F1-confidence_v6.json,https://alphafold.ebi.ac.uk/files/AF-Q8K1A5-3-F1-predicted_aligned_error_v6.json,held,ALPHAFOLD_ACCESSION_DIFFERS_FROM_CANONICAL,https://alphafold.ebi.ac.uk/api/prediction/Q8K1A5,8c2d09ca564c418cab2bccbc6a15ee292482ecd9edf6f9e1e072d0592040d760,not_assessed,0.1.0
Q8K1A5,AlphaFold_DB,AF-Q8K1A5-F1,A,6,10090,1,291,exact_full,ab2cd4d2b20a9329218b5a3a4166cef21db948136abc221ba935604382f229d7,99eba2d1ea3ff380242113706794eb2c,predicted,,,https://alphafold.ebi.ac.uk/files/AF-Q8K1A5-F1-model_v6.cif,https://alphafold.ebi.ac.uk/files/AF-Q8K1A5-F1-model_v6.pdb,https://alphafold.ebi.ac.uk/files/AF-Q8K1A5-F1-confidence_v6.json,https://alphafold.ebi.ac.uk/files/AF-Q8K1A5-F1-predicted_aligned_error_v6.json,candidate,EXACT_FULL_SEQUENCE_LOCAL_QUALITY_PENDING,https://alphafold.ebi.ac.uk/api/prediction/Q8K1A5,8c2d09ca564c418cab2bccbc6a15ee292482ecd9edf6f9e1e072d0592040d760,not_assessed,0.1.0
Q8K1G2,AlphaFold_DB,AF-Q8K1G2-F1,A,6,10090,1,1220,exact_full,c57ba3ed6a1126698669583491a1a70d7060d2a2851988435164d613fea8095e,04a5d70a7389454d2027a648b5063bd5,predicted,,,https://alphafold.ebi.ac.uk/files/AF-Q8K1G2-F1-model_v6.cif,https://alphafold.ebi.ac.uk/files/AF-Q8K1G2-F1-model_v6.pdb,https://alphafold.ebi.ac.uk/files/AF-Q8K1G2-F1-confidence_v6.json,https://alphafold.ebi.ac.uk/files/AF-Q8K1G2-F1-predicted_aligned_error_v6.json,candidate,EXACT_FULL_SEQUENCE_LOCAL_QUALITY_PENDING,https://alphafold.ebi.ac.uk/api/prediction/Q8K1G2,10e85f781848d35c6dcd8cd1ae5e7c34bf9b1e430c39dd4f79db61df789cacce,not_assessed,0.1.0
Q8K1S6,AlphaFold_DB,AF-Q8K1S6-2-F1,A,6,10090,1,618,not_assessed,73bb2bf515d82a9ede632e6c5b0c19476e86e4008af632d03441ea7c3c899e29,84bcb9169c045d46ae4e87a4e7a30168,predicted,,,https://alphafold.ebi.ac.uk/files/AF-Q8K1S6-2-F1-model_v6.cif,https://alphafold.ebi.ac.uk/files/AF-Q8K1S6-2-F1-model_v6.pdb,https://alphafold.ebi.ac.uk/files/AF-Q8K1S6-2-F1-confidence_v6.json,https://alphafold.ebi.ac.uk/files/AF-Q8K1S6-2-F1-predicted_aligned_error_v6.json,held,ALPHAFOLD_ACCESSION_DIFFERS_FROM_CANONICAL,https://alphafold.ebi.ac.uk/api/prediction/Q8K1S6,0cf7b6f50dbd1a662722b7d4c46c677fec271fabbd472121d3111f707d1297fa,not_assessed,0.1.0
Q8K1S6,AlphaFold_DB,AF-Q8K1S6-F1,A,6,10090,1,718,exact_full,b02337b95b9fdc1d3540db5b4afbd13eaecd1f5d0b18ccb64aa98f23939b8d47,3c4266ecf29f33bef4b22c7be95b9811,predicted,,,https://alphafold.ebi.ac.uk/files/AF-Q8K1S6-F1-model_v6.cif,https://alphafold.ebi.ac.uk/files/AF-Q8K1S6-F1-model_v6.pdb,https://alphafold.ebi.ac.uk/files/AF-Q8K1S6-F1-confidence_v6.json,https://alphafold.ebi.ac.uk/files/AF-Q8K1S6-F1-predicted_aligned_error_v6.json,candidate,EXACT_FULL_SEQUENCE_LOCAL_QUALITY_PENDING,https://alphafold.ebi.ac.uk/api/prediction/Q8K1S6,0cf7b6f50dbd1a662722b7d4c46c677fec271fabbd472121d3111f707d1297fa,not_assessed,0.1.0
Q8K1X4,AlphaFold_DB,AF-Q8K1X4-F1,A,6,10090,1,1134,exact_full,40a2c02da7e1bd0edae0dab9143b02720f73cad1f46c9c5a4b6be2fc019d6cae,9d57e3d6a7c7ff0b27b638f07e65cc82,predicted,,,https://alphafold.ebi.ac.uk/files/AF-Q8K1X4-F1-model_v6.cif,https://alphafold.ebi.ac.uk/files/AF-Q8K1X4-F1-model_v6.pdb,https://alphafold.ebi.ac.uk/files/AF-Q8K1X4-F1-confidence_v6.json,https://alphafold.ebi.ac.uk/files/AF-Q8K1X4-F1-predicted_aligned_error_v6.json,candidate,EXACT_FULL_SEQUENCE_LOCAL_QUALITY_PENDING,https://alphafold.ebi.ac.uk/api/prediction/Q8K1X4,0d6bd98954b7f1a372de4c5d4edb9117336031e11baaa4bcd721d0babcab96a3,not_assessed,0.1.0
Q8K299,AlphaFold_DB,AF-Q8K299-2-F1,A,6,10090,1,387,not_assessed,fe9ec5d39c3d2efba4a99fa4c0b6da8d313d0e6c408a00b3f07d11d8825a7348,61520fa0a3840de6b2305ec4b4fa738f,predicted,,,https://alphafold.ebi.ac.uk/files/AF-Q8K299-2-F1-model_v6.cif,https://alphafold.ebi.ac.uk/files/AF-Q8K299-2-F1-model_v6.pdb,https://alphafold.ebi.ac.uk/files/AF-Q8K299-2-F1-confidence_v6.json,https://alphafold.ebi.ac.uk/files/AF-Q8K299-2-F1-predicted_aligned_error_v6.json,held,ALPHAFOLD_ACCESSION_DIFFERS_FROM_CANONICAL,https://alphafold.ebi.ac.uk/api/prediction/Q8K299,2a9427ba4fa15227083332ed406e63e1bc0f52b1d3c86c91974e258173835cb6,not_assessed,0.1.0
Q8K299,AlphaFold_DB,AF-Q8K299-3-F1,A,6,10090,1,280,not_assessed,a6a220cfebcce66db94d174894abcdf929b265544643fe17bfad989a25dd2775,3de1b2596efdd04348334c9605450976,predicted,,,https://alphafold.ebi.ac.uk/files/AF-Q8K299-3-F1-model_v6.cif,https://alphafold.ebi.ac.uk/files/AF-Q8K299-3-F1-model_v6.pdb,https://alphafold.ebi.ac.uk/files/AF-Q8K299-3-F1-confidence_v6.json,https://alphafold.ebi.ac.uk/files/AF-Q8K299-3-F1-predicted_aligned_error_v6.json,held,ALPHAFOLD_ACCESSION_DIFFERS_FROM_CANONICAL,https://alphafold.ebi.ac.uk/api/prediction/Q8K299,2a9427ba4fa15227083332ed406e63e1bc0f52b1d3c86c91974e258173835cb6,not_assessed,0.1.0
Q8K299,AlphaFold_DB,AF-Q8K299-F1,A,6,10090,1,491,exact_full,042dd96b14763cb03284436d948cdd5eea2ccf86ab14e25608acb405d4d59589,6b0570716e6d59ab5927df31d589bc59,predicted,,,https://alphafold.ebi.ac.uk/files/AF-Q8K299-F1-model_v6.cif,https://alphafold.ebi.ac.uk/files/AF-Q8K299-F1-model_v6.pdb,https://alphafold.ebi.ac.uk/files/AF-Q8K299-F1-confidence_v6.json,https://alphafold.ebi.ac.uk/files/AF-Q8K299-F1-predicted_aligned_error_v6.json,candidate,EXACT_FULL_SEQUENCE_LOCAL_QUALITY_PENDING,https://alphafold.ebi.ac.uk/api/prediction/Q8K299,2a9427ba4fa15227083332ed406e63e1bc0f52b1d3c86c91974e258173835cb6,not_assessed,0.1.0
Q8K299,PDBe_SIFTS,7bzz,A,,10090,384,489,not_assessed,,,X-ray diffraction,2.501,0.216,,,,,candidate,MOUSE_SIFTS_CANDIDATE_LOCAL_REVIEW_PENDING,https://www.ebi.ac.uk/pdbe/api/mappings/best_structures/Q8K299,5dbded7049191c5e8beccee6a97f11ded92880d59214d08c0e3d8ff6c0b10ac0,not_assessed,0.1.0
Q8K299,PDBe_SIFTS,7bzz,D,,10090,384,489,not_assessed,,,X-ray diffraction,2.501,0.216,,,,,candidate,MOUSE_SIFTS_CANDIDATE_LOCAL_REVIEW_PENDING,https://www.ebi.ac.uk/pdbe/api/mappings/best_structures/Q8K299,5dbded7049191c5e8beccee6a97f11ded92880d59214d08c0e3d8ff6c0b10ac0,not_assessed,0.1.0
Q8K2D3,AlphaFold_DB,AF-Q8K2D3-F1,A,6,10090,1,508,exact_full,3471ee63776eaec4342a418830b83d76a9faa6a1e5991518273e527956b2203c,87a0c94af60f7c6f2bcf55ca71a31fd2,predicted,,,https://alphafold.ebi.ac.uk/files/AF-Q8K2D3-F1-model_v6.cif,https://alphafold.ebi.ac.uk/files/AF-Q8K2D3-F1-model_v6.pdb,https://alphafold.ebi.ac.uk/files/AF-Q8K2D3-F1-confidence_v6.json,https://alphafold.ebi.ac.uk/files/AF-Q8K2D3-F1-predicted_aligned_error_v6.json,candidate,EXACT_FULL_SEQUENCE_LOCAL_QUALITY_PENDING,https://alphafold.ebi.ac.uk/api/prediction/Q8K2D3,8ce75553321c7a7e46301a13f925f02fbf207eb86e2cfda0e6af48ad9286543b,not_assessed,0.1.0
Q8K2I3,AlphaFold_DB,AF-Q8K2I3-F1,A,6,10090,1,535,exact_full,4be0734e50efe13de61648d2d2dc9f199fd54455a24d5b5c7d5c16fcf84be073,47a2561d0b428c0b1514062e6fa91466,predicted,,,https://alphafold.ebi.ac.uk/files/AF-Q8K2I3-F1-model_v6.cif,https://alphafold.ebi.ac.uk/files/AF-Q8K2I3-F1-model_v6.pdb,https://alphafold.ebi.ac.uk/files/AF-Q8K2I3-F1-confidence_v6.json,https://alphafold.ebi.ac.uk/files/AF-Q8K2I3-F1-predicted_aligned_error_v6.json,candidate,EXACT_FULL_SEQUENCE_LOCAL_QUALITY_PENDING,https://alphafold.ebi.ac.uk/api/prediction/Q8K2I3,7a537a182df987b1d7de656f64a57e70a9ad08f9086e3b234817a4fcd622f504,not_assessed,0.1.0
Q8K2K6,AlphaFold_DB,AF-Q8K2K6-1-F1,A,6,10090,1,559,not_assessed,c0a1049460f34211c339d4f02f578c7ed92a05b443feb18356c93963688b4e4e,7841f596d2b9d293e76ef75e217d3e69,predicted,,,https://alphafold.ebi.ac.uk/files/AF-Q8K2K6-1-F1-model_v6.cif,https://alphafold.ebi.ac.uk/files/AF-Q8K2K6-1-F1-model_v6.pdb,https://alphafold.ebi.ac.uk/files/AF-Q8K2K6-1-F1-confidence_v6.json,https://alphafold.ebi.ac.uk/files/AF-Q8K2K6-1-F1-predicted_aligned_error_v6.json,held,ALPHAFOLD_ACCESSION_DIFFERS_FROM_CANONICAL,https://alphafold.ebi.ac.uk/api/prediction/Q8K2K6,67bfea636df62dc1c3cda4337e19a130d8a727f0f01840e6481c97c434cb6751,not_assessed,0.1.0
Q8K2K6,AlphaFold_DB,AF-Q8K2K6-2-F1,A,6,10090,1,540,not_assessed,639e490af85f8c334b4469e7a36563dfaf57ea5883da7d7e90fb2f7f89bc5ea5,636d9974ae43e0f994fc66d63c690130,predicted,,,https://alphafold.ebi.ac.uk/files/AF-Q8K2K6-2-F1-model_v6.cif,https://alphafold.ebi.ac.uk/files/AF-Q8K2K6-2-F1-model_v6.pdb,https://alphafold.ebi.ac.uk/files/AF-Q8K2K6-2-F1-confidence_v6.json,https://alphafold.ebi.ac.uk/files/AF-Q8K2K6-2-F1-predicted_aligned_error_v6.json,held,ALPHAFOLD_ACCESSION_DIFFERS_FROM_CANONICAL,https://alphafold.ebi.ac.uk/api/prediction/Q8K2K6,67bfea636df62dc1c3cda4337e19a130d8a727f0f01840e6481c97c434cb6751,not_assessed,0.1.0
Q8K2K6,AlphaFold_DB,AF-Q8K2K6-3-F1,A,6,10090,1,530,not_assessed,705f335464fbfe3ad9cc6caa17fe50f9c545daa1b3500da5bf2c6e204e56951b,682db69b466530fe6b47d7382b2a7f3e,predicted,,,https://alphafold.ebi.ac.uk/files/AF-Q8K2K6-3-F1-model_v6.cif,https://alphafold.ebi.ac.uk/files/AF-Q8K2K6-3-F1-model_v6.pdb,https://alphafold.ebi.ac.uk/files/AF-Q8K2K6-3-F1-confidence_v6.json,https://alphafold.ebi.ac.uk/files/AF-Q8K2K6-3-F1-predicted_aligned_error_v6.json,held,ALPHAFOLD_ACCESSION_DIFFERS_FROM_CANONICAL,https://alphafold.ebi.ac.uk/api/prediction/Q8K2K6,67bfea636df62dc1c3cda4337e19a130d8a727f0f01840e6481c97c434cb6751,not_assessed,0.1.0
Q8K2K6,AlphaFold_DB,AF-Q8K2K6-F1,A,6,10090,1,561,exact_full,bbd5c813a0af589541a9595642ac9f959dacaac693cdc4846042d4f2984804bc,ad947693ef8d56d9e267ccd02f094dbd,predicted,,,https://alphafold.ebi.ac.uk/files/AF-Q8K2K6-F1-model_v6.cif,https://alphafold.ebi.ac.uk/files/AF-Q8K2K6-F1-model_v6.pdb,https://alphafold.ebi.ac.uk/files/AF-Q8K2K6-F1-confidence_v6.json,https://alphafold.ebi.ac.uk/files/AF-Q8K2K6-F1-predicted_aligned_error_v6.json,candidate,EXACT_FULL_SEQUENCE_LOCAL_QUALITY_PENDING,https://alphafold.ebi.ac.uk/api/prediction/Q8K2K6,67bfea636df62dc1c3cda4337e19a130d8a727f0f01840e6481c97c434cb6751,not_assessed,0.1.0
Q8K353,AlphaFold_DB,AF-Q8K353-F1,A,6,10090,1,104,exact_full,2adc7a4c5fc0f7a4877f71a6944c465ae899e73ca5e7acd725826e9dfb574110,aae07bcea1a38c372955fc87161f364a,predicted,,,https://alphafold.ebi.ac.uk/files/AF-Q8K353-F1-model_v6.cif,https://alphafold.ebi.ac.uk/files/AF-Q8K353-F1-model_v6.pdb,https://alphafold.ebi.ac.uk/files/AF-Q8K353-F1-confidence_v6.json,https://alphafold.ebi.ac.uk/files/AF-Q8K353-F1-predicted_aligned_error_v6.json,candidate,EXACT_FULL_SEQUENCE_LOCAL_QUALITY_PENDING,https://alphafold.ebi.ac.uk/api/prediction/Q8K353,505d77e53c4ae798e8425d39d3bfcdd152d52b19c2101a199411e8ed3319b70a,not_assessed,0.1.0
Q8K370,AlphaFold_DB,AF-Q8K370-F1,A,6,10090,1,1069,exact_full,9c19584467c412693585b08c67d225b5243d2df6a6408a1438a7b917bfc27d99,5f95179a27dce77b5d272f6f1cd025ac,predicted,,,https://alphafold.ebi.ac.uk/files/AF-Q8K370-F1-model_v6.cif,https://alphafold.ebi.ac.uk/files/AF-Q8K370-F1-model_v6.pdb,https://alphafold.ebi.ac.uk/files/AF-Q8K370-F1-confidence_v6.json,https://alphafold.ebi.ac.uk/files/AF-Q8K370-F1-predicted_aligned_error_v6.json,candidate,EXACT_FULL_SEQUENCE_LOCAL_QUALITY_PENDING,https://alphafold.ebi.ac.uk/api/prediction/Q8K370,b5efe29be623a52db1653108f0daa3990c27b0bc51661dad032ca692c7205da0,not_assessed,0.1.0
Q8K371,AlphaFold_DB,AF-Q8K371-F1,A,6,10090,1,772,exact_full,70eb330f732378a1b06879d3a4a1d0a4b257d4a6d4fd21b2cbc61977b22868f3,8c1ee596d7967c43fb45a1db1225da1a,predicted,,,https://alphafold.ebi.ac.uk/files/AF-Q8K371-F1-model_v6.cif,https://alphafold.ebi.ac.uk/files/AF-Q8K371-F1-model_v6.pdb,https://alphafold.ebi.ac.uk/files/AF-Q8K371-F1-confidence_v6.json,https://alphafold.ebi.ac.uk/files/AF-Q8K371-F1-predicted_aligned_error_v6.json,candidate,EXACT_FULL_SEQUENCE_LOCAL_QUALITY_PENDING,https://alphafold.ebi.ac.uk/api/prediction/Q8K371,6b93d0e864a54f6a3104b8b6629e2a79b4531ef92ecb7bd3351eb8d3b3f81fe5,not_assessed,0.1.0
Q8K3V7,AlphaFold_DB,AF-Q8K3V7-2-F1,A,6,10090,1,907,not_assessed,1d67f9007912e094b5be152ac12f3912c61189adde02b58ec07ccb7ceb2fa769,4378cf57a326249f004f2fe73a2f9f79,predicted,,,https://alphafold.ebi.ac.uk/files/AF-Q8K3V7-2-F1-model_v6.cif,https://alphafold.ebi.ac.uk/files/AF-Q8K3V7-2-F1-model_v6.pdb,https://alphafold.ebi.ac.uk/files/AF-Q8K3V7-2-F1-confidence_v6.json,https://alphafold.ebi.ac.uk/files/AF-Q8K3V7-2-F1-predicted_aligned_error_v6.json,held,ALPHAFOLD_ACCESSION_DIFFERS_FROM_CANONICAL,https://alphafold.ebi.ac.uk/api/prediction/Q8K3V7,b11a7a4e04d8c0d9eb1e8ed59f6114ce0b60b126110f6e7c9b8f56c1d4129240,not_assessed,0.1.0
Q8K3V7,AlphaFold_DB,AF-Q8K3V7-F1,A,6,10090,1,917,exact_full,645de62ab92079ba48aa006402641d4aaeb6621ba97117e5951963cf55dc4179,9c57067e7b2593fd1e74b03416daddfa,predicted,,,https://alphafold.ebi.ac.uk/files/AF-Q8K3V7-F1-model_v6.cif,https://alphafold.ebi.ac.uk/files/AF-Q8K3V7-F1-model_v6.pdb,https://alphafold.ebi.ac.uk/files/AF-Q8K3V7-F1-confidence_v6.json,https://alphafold.ebi.ac.uk/files/AF-Q8K3V7-F1-predicted_aligned_error_v6.json,candidate,EXACT_FULL_SEQUENCE_LOCAL_QUALITY_PENDING,https://alphafold.ebi.ac.uk/api/prediction/Q8K3V7,b11a7a4e04d8c0d9eb1e8ed59f6114ce0b60b126110f6e7c9b8f56c1d4129240,not_assessed,0.1.0
Q8K406,AlphaFold_DB,AF-Q8K406-F1,A,6,10090,1,548,exact_full,c06bc9e41d7698427d62fe7bb6386ac65c9c04ded241c9efcf946795f27b490d,fab691f469a7f77001e05957687a807f,predicted,,,https://alphafold.ebi.ac.uk/files/AF-Q8K406-F1-model_v6.cif,https://alphafold.ebi.ac.uk/files/AF-Q8K406-F1-model_v6.pdb,https://alphafold.ebi.ac.uk/files/AF-Q8K406-F1-confidence_v6.json,https://alphafold.ebi.ac.uk/files/AF-Q8K406-F1-predicted_aligned_error_v6.json,candidate,EXACT_FULL_SEQUENCE_LOCAL_QUALITY_PENDING,https://alphafold.ebi.ac.uk/api/prediction/Q8K406,8480d935951093608db700eb41e8ee16061703559e5e80fce5222b787dda2027,not_assessed,0.1.0
Q8K419,AlphaFold_DB,AF-Q8K419-F1,A,6,10090,1,326,exact_full,f60384402405802a49f0318d934efda43ab3bb45951112cbdee0f19da9da6312,2542f0e82fd019c253f91f59bec9f18a,predicted,,,https://alphafold.ebi.ac.uk/files/AF-Q8K419-F1-model_v6.cif,https://alphafold.ebi.ac.uk/files/AF-Q8K419-F1-model_v6.pdb,https://alphafold.ebi.ac.uk/files/AF-Q8K419-F1-confidence_v6.json,https://alphafold.ebi.ac.uk/files/AF-Q8K419-F1-predicted_aligned_error_v6.json,candidate,EXACT_FULL_SEQUENCE_LOCAL_QUALITY_PENDING,https://alphafold.ebi.ac.uk/api/prediction/Q8K419,a67db7ec0250746d9f99fe6758d978999a7b0fee4a45af566f052417a5acf104,not_assessed,0.1.0
Q8K419,PDBe_SIFTS,2dyc,A,,10090,9,159,not_assessed,,,X-ray diffraction,2.4,0.463,,,,,candidate,MOUSE_SIFTS_CANDIDATE_LOCAL_REVIEW_PENDING,https://www.ebi.ac.uk/pdbe/api/mappings/best_structures/Q8K419,9a56a148c210863e81f91a3834ab512a4c3a1102b5b9d3e9f389fc2b7c83dbb2,not_assessed,0.1.0
Q8K419,PDBe_SIFTS,3i8t,A,,10090,2,152,not_assessed,,,X-ray diffraction,2.1,0.463,,,,,candidate,MOUSE_SIFTS_CANDIDATE_LOCAL_REVIEW_PENDING,https://www.ebi.ac.uk/pdbe/api/mappings/best_structures/Q8K419,9a56a148c210863e81f91a3834ab512a4c3a1102b5b9d3e9f389fc2b7c83dbb2,not_assessed,0.1.0
Q8K482,AlphaFold_DB,AF-Q8K482-F1,A,6,10090,1,1074,exact_full,a6daa614332e3bbf1c700287610a8e0eb3d8be17477263553ed4ba68a35bfc1e,20dcb32ef79d3c6f19c6813c49d5299a,predicted,,,https://alphafold.ebi.ac.uk/files/AF-Q8K482-F1-model_v6.cif,https://alphafold.ebi.ac.uk/files/AF-Q8K482-F1-model_v6.pdb,https://alphafold.ebi.ac.uk/files/AF-Q8K482-F1-confidence_v6.json,https://alphafold.ebi.ac.uk/files/AF-Q8K482-F1-predicted_aligned_error_v6.json,candidate,EXACT_FULL_SEQUENCE_LOCAL_QUALITY_PENDING,https://alphafold.ebi.ac.uk/api/prediction/Q8K482,ff6c16f44a39ccbdd3d372c4934201d58adfc2021c061533916d048f1cc4d3ca,not_assessed,0.1.0
Q8K485,AlphaFold_DB,AF-Q8K485-F1,A,6,10090,1,232,exact_full,7a17a78f842b9fdccdbf0b35717db77998cf3f1ba9d600080de7bf39f0a18a1a,74d5108eb9e0152c50c590eae67a31ac,predicted,,,https://alphafold.ebi.ac.uk/files/AF-Q8K485-F1-model_v6.cif,https://alphafold.ebi.ac.uk/files/AF-Q8K485-F1-model_v6.pdb,https://alphafold.ebi.ac.uk/files/AF-Q8K485-F1-confidence_v6.json,https://alphafold.ebi.ac.uk/files/AF-Q8K485-F1-predicted_aligned_error_v6.json,candidate,EXACT_FULL_SEQUENCE_LOCAL_QUALITY_PENDING,https://alphafold.ebi.ac.uk/api/prediction/Q8K485,8bdcd42ec5c9fe49015ca794aded122aa427e3a24f401c5925dcf7c1bd1b7958,not_assessed,0.1.0
Q8K4G1,AlphaFold_DB,AF-Q8K4G1-2-F1,A,6,10090,1,1600,not_assessed,7198e3fe7165dce109cbaccd62d5f0a51f33353a13796af2add34e64f89ef20f,404ec9be5402d87543d037b117044e53,predicted,,,https://alphafold.ebi.ac.uk/files/AF-Q8K4G1-2-F1-model_v6.cif,https://alphafold.ebi.ac.uk/files/AF-Q8K4G1-2-F1-model_v6.pdb,https://alphafold.ebi.ac.uk/files/AF-Q8K4G1-2-F1-confidence_v6.json,https://alphafold.ebi.ac.uk/files/AF-Q8K4G1-2-F1-predicted_aligned_error_v6.json,held,ALPHAFOLD_ACCESSION_DIFFERS_FROM_CANONICAL,https://alphafold.ebi.ac.uk/api/prediction/Q8K4G1,c464d698115a99c732b2a9f0f7349e229831274aaaf6d769fe5a71c2f3d47628,not_assessed,0.1.0
Q8K4G1,AlphaFold_DB,AF-Q8K4G1-3-F1,A,6,10090,1,1666,not_assessed,1bd0e92e4989a433fb06127b23e633acae9854c5ba0f722369d9d1b3796fa524,73f7552e5af28278570ad00f52a61865,predicted,,,https://alphafold.ebi.ac.uk/files/AF-Q8K4G1-3-F1-model_v6.cif,https://alphafold.ebi.ac.uk/files/AF-Q8K4G1-3-F1-model_v6.pdb,https://alphafold.ebi.ac.uk/files/AF-Q8K4G1-3-F1-confidence_v6.json,https://alphafold.ebi.ac.uk/files/AF-Q8K4G1-3-F1-predicted_aligned_error_v6.json,held,ALPHAFOLD_ACCESSION_DIFFERS_FROM_CANONICAL,https://alphafold.ebi.ac.uk/api/prediction/Q8K4G1,c464d698115a99c732b2a9f0f7349e229831274aaaf6d769fe5a71c2f3d47628,not_assessed,0.1.0
Q8K4G1,AlphaFold_DB,AF-Q8K4G1-F1,A,6,10090,1,1666,exact_full,5afc210d6a4612529c7dcf8098ad27579fdda781220c01023daa44fce65cca33,3ff7212e63538d7f848a96677508e7da,predicted,,,https://alphafold.ebi.ac.uk/files/AF-Q8K4G1-F1-model_v6.cif,https://alphafold.ebi.ac.uk/files/AF-Q8K4G1-F1-model_v6.pdb,https://alphafold.ebi.ac.uk/files/AF-Q8K4G1-F1-confidence_v6.json,https://alphafold.ebi.ac.uk/files/AF-Q8K4G1-F1-predicted_aligned_error_v6.json,candidate,EXACT_FULL_SEQUENCE_LOCAL_QUALITY_PENDING,https://alphafold.ebi.ac.uk/api/prediction/Q8K4G1,c464d698115a99c732b2a9f0f7349e229831274aaaf6d769fe5a71c2f3d47628,not_assessed,0.1.0
Q8K4S1,AlphaFold_DB,AF-Q8K4S1-F1,A,6,10090,1,2282,exact_full,9ee0004886607ecec064f0a82fa42cd1d840007abd825e3990f08bcf555fa7ef,77ea96f8b115fbb6e348189b8874a11d,predicted,,,https://alphafold.ebi.ac.uk/files/AF-Q8K4S1-F1-model_v6.cif,https://alphafold.ebi.ac.uk/files/AF-Q8K4S1-F1-model_v6.pdb,https://alphafold.ebi.ac.uk/files/AF-Q8K4S1-F1-confidence_v6.json,https://alphafold.ebi.ac.uk/files/AF-Q8K4S1-F1-predicted_aligned_error_v6.json,candidate,EXACT_FULL_SEQUENCE_LOCAL_QUALITY_PENDING,https://alphafold.ebi.ac.uk/api/prediction/Q8K4S1,948ba0b5c34199803330a9b44122157f6b5ef6bb16da15e9444db5cf41043ad9,not_assessed,0.1.0
Q8R000,AlphaFold_DB,AF-Q8R000-F1,A,6,10090,1,340,exact_full,eb6e122e1eeef40e4ecf447d4de40932794a4230df3d99ab2ce0f3fe41f862f3,f0287592d4d51f1c978826ba3a93bf7e,predicted,,,https://alphafold.ebi.ac.uk/files/AF-Q8R000-F1-model_v6.cif,https://alphafold.ebi.ac.uk/files/AF-Q8R000-F1-model_v6.pdb,https://alphafold.ebi.ac.uk/files/AF-Q8R000-F1-confidence_v6.json,https://alphafold.ebi.ac.uk/files/AF-Q8R000-F1-predicted_aligned_error_v6.json,candidate,EXACT_FULL_SEQUENCE_LOCAL_QUALITY_PENDING,https://alphafold.ebi.ac.uk/api/prediction/Q8R000,9f0708dd7877448a75207aeca2884de300adf16bdc66196ccca0d1c270256040,not_assessed,0.1.0
Q8R007,AlphaFold_DB,AF-Q8R007-2-F1,A,6,10090,1,483,not_assessed,5acb0593fe145fb0d048b59901635475d34a4e052e70b2d511056abc154486e3,21fe035100f45d0793525c16c8f284c6,predicted,,,https://alphafold.ebi.ac.uk/files/AF-Q8R007-2-F1-model_v6.cif,https://alphafold.ebi.ac.uk/files/AF-Q8R007-2-F1-model_v6.pdb,https://alphafold.ebi.ac.uk/files/AF-Q8R007-2-F1-confidence_v6.json,https://alphafold.ebi.ac.uk/files/AF-Q8R007-2-F1-predicted_aligned_error_v6.json,held,ALPHAFOLD_ACCESSION_DIFFERS_FROM_CANONICAL,https://alphafold.ebi.ac.uk/api/prediction/Q8R007,b156fa5da8f0aeb8c229d833353b9f392464a15771fbf04eb71f67378c08a8f0,not_assessed,0.1.0
Q8R007,AlphaFold_DB,AF-Q8R007-F1,A,6,10090,1,508,exact_full,1236393dffa3d9276380fdbaeaeb2e13e24f206318b5e94df5ca43d28148eae8,1f93c8ae9f5ac4f9eeef289497a14115,predicted,,,https://alphafold.ebi.ac.uk/files/AF-Q8R007-F1-model_v6.cif,https://alphafold.ebi.ac.uk/files/AF-Q8R007-F1-model_v6.pdb,https://alphafold.ebi.ac.uk/files/AF-Q8R007-F1-confidence_v6.json,https://alphafold.ebi.ac.uk/files/AF-Q8R007-F1-predicted_aligned_error_v6.json,candidate,EXACT_FULL_SEQUENCE_LOCAL_QUALITY_PENDING,https://alphafold.ebi.ac.uk/api/prediction/Q8R007,b156fa5da8f0aeb8c229d833353b9f392464a15771fbf04eb71f67378c08a8f0,not_assessed,0.1.0
Q8R080,AlphaFold_DB,AF-Q8R080-F1,A,6,10090,1,741,exact_full,1064d1f6ffa97bf7f4b3ac87c36d357af4cd303c79fe04754f72a515fbac702b,25702d0d33cc6a498e01a34f920d0f5e,predicted,,,https://alphafold.ebi.ac.uk/files/AF-Q8R080-F1-model_v6.cif,https://alphafold.ebi.ac.uk/files/AF-Q8R080-F1-model_v6.pdb,https://alphafold.ebi.ac.uk/files/AF-Q8R080-F1-confidence_v6.json,https://alphafold.ebi.ac.uk/files/AF-Q8R080-F1-predicted_aligned_error_v6.json,candidate,EXACT_FULL_SEQUENCE_LOCAL_QUALITY_PENDING,https://alphafold.ebi.ac.uk/api/prediction/Q8R080,d26dd2c6816153a7ecf1dd5d8da683a3d091837f5d7720212b4b554c515c198e,not_assessed,0.1.0
Q8R0Z6,AlphaFold_DB,AF-Q8R0Z6-F1,A,6,10090,1,457,exact_full,5a27f95e4fbddecd6c8dc638b60edb00c3aeebf31d7fd19b520241d9bb7a7008,4f2322160b4ed994455e8462044171f0,predicted,,,https://alphafold.ebi.ac.uk/files/AF-Q8R0Z6-F1-model_v6.cif,https://alphafold.ebi.ac.uk/files/AF-Q8R0Z6-F1-model_v6.pdb,https://alphafold.ebi.ac.uk/files/AF-Q8R0Z6-F1-confidence_v6.json,https://alphafold.ebi.ac.uk/files/AF-Q8R0Z6-F1-predicted_aligned_error_v6.json,candidate,EXACT_FULL_SEQUENCE_LOCAL_QUALITY_PENDING,https://alphafold.ebi.ac.uk/api/prediction/Q8R0Z6,0632471766f39aa5be7560b58e878dbda46839f8631d3804c820060f6885f655,not_assessed,0.1.0
Q8R2G6,AlphaFold_DB,AF-Q8R2G6-F1,A,6,10090,1,949,exact_full,8e7d2d9c4a9d60363a4f065a563f50d8e64be08cd2bf1324e73315770e8c4a5b,f9115a2c89e7f132786703412afeb86f,predicted,,,https://alphafold.ebi.ac.uk/files/AF-Q8R2G6-F1-model_v6.cif,https://alphafold.ebi.ac.uk/files/AF-Q8R2G6-F1-model_v6.pdb,https://alphafold.ebi.ac.uk/files/AF-Q8R2G6-F1-confidence_v6.json,https://alphafold.ebi.ac.uk/files/AF-Q8R2G6-F1-predicted_aligned_error_v6.json,candidate,EXACT_FULL_SEQUENCE_LOCAL_QUALITY_PENDING,https://alphafold.ebi.ac.uk/api/prediction/Q8R2G6,fb3efe0c1061e792b0947a3db08b841b36d08bbc5215eeae6b79b6beab384e2d,not_assessed,0.1.0
Q8R2Y0,AlphaFold_DB,AF-Q8R2Y0-2-F1,A,6,10090,1,289,not_assessed,7ec00525824d320cee31efedba22ddc66d4d3be75957a5c1b74d43f85b63c4e1,acd26545185ff3d9233cff2a3eae7393,predicted,,,https://alphafold.ebi.ac.uk/files/AF-Q8R2Y0-2-F1-model_v6.cif,https://alphafold.ebi.ac.uk/files/AF-Q8R2Y0-2-F1-model_v6.pdb,https://alphafold.ebi.ac.uk/files/AF-Q8R2Y0-2-F1-confidence_v6.json,https://alphafold.ebi.ac.uk/files/AF-Q8R2Y0-2-F1-predicted_aligned_error_v6.json,held,ALPHAFOLD_ACCESSION_DIFFERS_FROM_CANONICAL,https://alphafold.ebi.ac.uk/api/prediction/Q8R2Y0,7ac04960eabcea937b0ffac39d4dd6ee47cf9eded513fcbe89b7366bfbeca2c9,not_assessed,0.1.0
Q8R2Y0,AlphaFold_DB,AF-Q8R2Y0-F1,A,6,10090,1,336,exact_full,691c343c59939e31cc035e06628c4260889e3099be91211634ca50b6b84d968f,2637572a5b2e42ff26b2b34d8d17e25e,predicted,,,https://alphafold.ebi.ac.uk/files/AF-Q8R2Y0-F1-model_v6.cif,https://alphafold.ebi.ac.uk/files/AF-Q8R2Y0-F1-model_v6.pdb,https://alphafold.ebi.ac.uk/files/AF-Q8R2Y0-F1-confidence_v6.json,https://alphafold.ebi.ac.uk/files/AF-Q8R2Y0-F1-predicted_aligned_error_v6.json,candidate,EXACT_FULL_SEQUENCE_LOCAL_QUALITY_PENDING,https://alphafold.ebi.ac.uk/api/prediction/Q8R2Y0,7ac04960eabcea937b0ffac39d4dd6ee47cf9eded513fcbe89b7366bfbeca2c9,not_assessed,0.1.0
Q8R3A2,AlphaFold_DB,AF-Q8R3A2-F1,A,6,10090,1,119,exact_full,92d6ae91b104c093d5de2b9ea7ed44c122259ac88e5500c35286d43c7d4a8b47,adaa9c58814c4040b98de3c664b6fdbb,predicted,,,https://alphafold.ebi.ac.uk/files/AF-Q8R3A2-F1-model_v6.cif,https://alphafold.ebi.ac.uk/files/AF-Q8R3A2-F1-model_v6.pdb,https://alphafold.ebi.ac.uk/files/AF-Q8R3A2-F1-confidence_v6.json,https://alphafold.ebi.ac.uk/files/AF-Q8R3A2-F1-predicted_aligned_error_v6.json,candidate,EXACT_FULL_SEQUENCE_LOCAL_QUALITY_PENDING,https://alphafold.ebi.ac.uk/api/prediction/Q8R3A2,28c5839a267afd335e942e98f1f7337ff4c84cbdcf7e804176002e06b2f37ceb,not_assessed,0.1.0
Q8R4U7,AlphaFold_DB,AF-Q8R4U7-F1,A,6,10090,1,1068,exact_full,774290f9aba59ec85789a09e9d5091f8d207b4073a6169a5363a6d30b7aa9557,7b81481428d702c3bac13a09ce9e8a6a,predicted,,,https://alphafold.ebi.ac.uk/files/AF-Q8R4U7-F1-model_v6.cif,https://alphafold.ebi.ac.uk/files/AF-Q8R4U7-F1-model_v6.pdb,https://alphafold.ebi.ac.uk/files/AF-Q8R4U7-F1-confidence_v6.json,https://alphafold.ebi.ac.uk/files/AF-Q8R4U7-F1-predicted_aligned_error_v6.json,candidate,EXACT_FULL_SEQUENCE_LOCAL_QUALITY_PENDING,https://alphafold.ebi.ac.uk/api/prediction/Q8R4U7,afa77edadee5bc3022584e5b93f31e0dd99aa517f5f15935e16f9d8e1c0cb8fe,not_assessed,0.1.0
Q8R4V5,AlphaFold_DB,AF-Q8R4V5-2-F1,A,6,10090,1,492,not_assessed,a44cd9005f63a2f2868aa1ecc9ffe165aca805b29c8a2149de1658a7ae956631,be7a4905eaf60e8f79c4d4b7cf52236f,predicted,,,https://alphafold.ebi.ac.uk/files/AF-Q8R4V5-2-F1-model_v6.cif,https://alphafold.ebi.ac.uk/files/AF-Q8R4V5-2-F1-model_v6.pdb,https://alphafold.ebi.ac.uk/files/AF-Q8R4V5-2-F1-confidence_v6.json,https://alphafold.ebi.ac.uk/files/AF-Q8R4V5-2-F1-predicted_aligned_error_v6.json,held,ALPHAFOLD_ACCESSION_DIFFERS_FROM_CANONICAL,https://alphafold.ebi.ac.uk/api/prediction/Q8R4V5,7f6f17aa6439ee6fd3f68d7073d37ff170bcfd92041a14d205d22244162dfd95,not_assessed,0.1.0
Q8R4V5,AlphaFold_DB,AF-Q8R4V5-F1,A,6,10090,1,546,exact_full,9a392ecf24eaf6e8909ce986328c8dc171a462c14a35f83198f871eba87beb87,7adfd9c1ad52402be9114d7a1e0dba9b,predicted,,,https://alphafold.ebi.ac.uk/files/AF-Q8R4V5-F1-model_v6.cif,https://alphafold.ebi.ac.uk/files/AF-Q8R4V5-F1-model_v6.pdb,https://alphafold.ebi.ac.uk/files/AF-Q8R4V5-F1-confidence_v6.json,https://alphafold.ebi.ac.uk/files/AF-Q8R4V5-F1-predicted_aligned_error_v6.json,candidate,EXACT_FULL_SEQUENCE_LOCAL_QUALITY_PENDING,https://alphafold.ebi.ac.uk/api/prediction/Q8R4V5,7f6f17aa6439ee6fd3f68d7073d37ff170bcfd92041a14d205d22244162dfd95,not_assessed,0.1.0
Q8R4W6,AlphaFold_DB,AF-Q8R4W6-F1,A,6,10090,1,414,exact_full,2eeb718227919acb02e1a40730f23478b1c2f75851cb76f97face101f477f0ff,775cb0b71ca904cda546d39629bc6bb9,predicted,,,https://alphafold.ebi.ac.uk/files/AF-Q8R4W6-F1-model_v6.cif,https://alphafold.ebi.ac.uk/files/AF-Q8R4W6-F1-model_v6.pdb,https://alphafold.ebi.ac.uk/files/AF-Q8R4W6-F1-confidence_v6.json,https://alphafold.ebi.ac.uk/files/AF-Q8R4W6-F1-predicted_aligned_error_v6.json,candidate,EXACT_FULL_SEQUENCE_LOCAL_QUALITY_PENDING,https://alphafold.ebi.ac.uk/api/prediction/Q8R4W6,7a41f56bda01049d1ba90a96e1b5cc0255ebea0cd9273e2847c82d3a3cd8680d,not_assessed,0.1.0
Q8R527,AlphaFold_DB,AF-Q8R527-F1,A,6,10090,1,205,exact_full,5ab810137ef6298102de931088b2b016a594c8c7da2cd1abf90c03e980cad30b,5e4b2222684033b5b61052a2c6f42ed1,predicted,,,https://alphafold.ebi.ac.uk/files/AF-Q8R527-F1-model_v6.cif,https://alphafold.ebi.ac.uk/files/AF-Q8R527-F1-model_v6.pdb,https://alphafold.ebi.ac.uk/files/AF-Q8R527-F1-confidence_v6.json,https://alphafold.ebi.ac.uk/files/AF-Q8R527-F1-predicted_aligned_error_v6.json,candidate,EXACT_FULL_SEQUENCE_LOCAL_QUALITY_PENDING,https://alphafold.ebi.ac.uk/api/prediction/Q8R527,7643624fedf68b092e9f791e90684b3b820da7021da2a3f39d40efdc07f0e8d4,not_assessed,0.1.0
Q8VBV4,AlphaFold_DB,AF-Q8VBV4-1-F1,A,6,10090,1,629,not_assessed,462c153db7242d9a1031bb0812c6164491a6667d5e3c96a3f3662ef264071a5a,d3470c74f2f34a88319cd88cd6107cdf,predicted,,,https://alphafold.ebi.ac.uk/files/AF-Q8VBV4-1-F1-model_v6.cif,https://alphafold.ebi.ac.uk/files/AF-Q8VBV4-1-F1-model_v6.pdb,https://alphafold.ebi.ac.uk/files/AF-Q8VBV4-1-F1-confidence_v6.json,https://alphafold.ebi.ac.uk/files/AF-Q8VBV4-1-F1-predicted_aligned_error_v6.json,held,ALPHAFOLD_ACCESSION_DIFFERS_FROM_CANONICAL,https://alphafold.ebi.ac.uk/api/prediction/Q8VBV4,493af6f8b4a317e59e581f077c03f0104e6fdde438d077850055ccbd72619b50,not_assessed,0.1.0
Q8VBV4,AlphaFold_DB,AF-Q8VBV4-F1,A,6,10090,1,710,exact_full,afd92152bea660544ec25a6e29f8c0c6ec7c69f10751c4031e1651bd952e6778,1ffa31c3c4884a18d3af41ed9a6b5d1b,predicted,,,https://alphafold.ebi.ac.uk/files/AF-Q8VBV4-F1-model_v6.cif,https://alphafold.ebi.ac.uk/files/AF-Q8VBV4-F1-model_v6.pdb,https://alphafold.ebi.ac.uk/files/AF-Q8VBV4-F1-confidence_v6.json,https://alphafold.ebi.ac.uk/files/AF-Q8VBV4-F1-predicted_aligned_error_v6.json,candidate,EXACT_FULL_SEQUENCE_LOCAL_QUALITY_PENDING,https://alphafold.ebi.ac.uk/api/prediction/Q8VBV4,493af6f8b4a317e59e581f077c03f0104e6fdde438d077850055ccbd72619b50,not_assessed,0.1.0
Q8VC26,AlphaFold_DB,AF-Q8VC26-2-F1,A,6,10090,1,188,not_assessed,1bcb26c718d6e7ea97f754961263810a8f77c265aa84e7c5642557832e343d59,5dcb0faa8083b2711c3d707e0b2b9176,predicted,,,https://alphafold.ebi.ac.uk/files/AF-Q8VC26-2-F1-model_v6.cif,https://alphafold.ebi.ac.uk/files/AF-Q8VC26-2-F1-model_v6.pdb,https://alphafold.ebi.ac.uk/files/AF-Q8VC26-2-F1-confidence_v6.json,https://alphafold.ebi.ac.uk/files/AF-Q8VC26-2-F1-predicted_aligned_error_v6.json,held,ALPHAFOLD_ACCESSION_DIFFERS_FROM_CANONICAL,https://alphafold.ebi.ac.uk/api/prediction/Q8VC26,ff040d83b88387d7854ea7ed6959329f36a7f36e12c97c4b31eeec21d868e644,not_assessed,0.1.0
Q8VC26,AlphaFold_DB,AF-Q8VC26-F1,A,6,10090,1,310,exact_full,1e45360753ad0a23ea0d1042c15f77989cf4f4dbd2ecd91ea056006afc691baf,4e79fe4d89c8b9895ff9747da0fb0b05,predicted,,,https://alphafold.ebi.ac.uk/files/AF-Q8VC26-F1-model_v6.cif,https://alphafold.ebi.ac.uk/files/AF-Q8VC26-F1-model_v6.pdb,https://alphafold.ebi.ac.uk/files/AF-Q8VC26-F1-confidence_v6.json,https://alphafold.ebi.ac.uk/files/AF-Q8VC26-F1-predicted_aligned_error_v6.json,candidate,EXACT_FULL_SEQUENCE_LOCAL_QUALITY_PENDING,https://alphafold.ebi.ac.uk/api/prediction/Q8VC26,ff040d83b88387d7854ea7ed6959329f36a7f36e12c97c4b31eeec21d868e644,not_assessed,0.1.0
Q8VCC1,AlphaFold_DB,AF-Q8VCC1-F1,A,6,10090,1,269,exact_full,d7bd7bf9dae694733b0f418d6b0172bcb2c80acbe95d98b1c7c88f20a3d1a148,01bb39ae7a98e279a3f9233bf7bb1493,predicted,,,https://alphafold.ebi.ac.uk/files/AF-Q8VCC1-F1-model_v6.cif,https://alphafold.ebi.ac.uk/files/AF-Q8VCC1-F1-model_v6.pdb,https://alphafold.ebi.ac.uk/files/AF-Q8VCC1-F1-confidence_v6.json,https://alphafold.ebi.ac.uk/files/AF-Q8VCC1-F1-predicted_aligned_error_v6.json,candidate,EXACT_FULL_SEQUENCE_LOCAL_QUALITY_PENDING,https://alphafold.ebi.ac.uk/api/prediction/Q8VCC1,30b45969f7c751bab120c92554feeb14661d931f1ff99b57647c78de18a58032,not_assessed,0.1.0
Q8VCC8,AlphaFold_DB,AF-Q8VCC8-2-F1,A,6,10090,1,926,not_assessed,a8f0daa982b4ae5d28ecd8be64748f0643d0e587558ede647d2cb0314e7c90f3,50b5e1a294b5627986fb4324f125dde0,predicted,,,https://alphafold.ebi.ac.uk/files/AF-Q8VCC8-2-F1-model_v6.cif,https://alphafold.ebi.ac.uk/files/AF-Q8VCC8-2-F1-model_v6.pdb,https://alphafold.ebi.ac.uk/files/AF-Q8VCC8-2-F1-confidence_v6.json,https://alphafold.ebi.ac.uk/files/AF-Q8VCC8-2-F1-predicted_aligned_error_v6.json,held,ALPHAFOLD_ACCESSION_DIFFERS_FROM_CANONICAL,https://alphafold.ebi.ac.uk/api/prediction/Q8VCC8,1ef682fce50d81b7a749dde48ffb3c4d09a382f47cb86cea03668d95a3032c60,not_assessed,0.1.0
Q8VCC8,AlphaFold_DB,AF-Q8VCC8-F1,A,6,10090,1,918,exact_full,f629d66fb4dac0c725dffc211b14f67a447c83db60f0500c2d579a97f127fb78,10b6eb8a2813fbe9cc1db9d8f85fcbde,predicted,,,https://alphafold.ebi.ac.uk/files/AF-Q8VCC8-F1-model_v6.cif,https://alphafold.ebi.ac.uk/files/AF-Q8VCC8-F1-model_v6.pdb,https://alphafold.ebi.ac.uk/files/AF-Q8VCC8-F1-confidence_v6.json,https://alphafold.ebi.ac.uk/files/AF-Q8VCC8-F1-predicted_aligned_error_v6.json,candidate,EXACT_FULL_SEQUENCE_LOCAL_QUALITY_PENDING,https://alphafold.ebi.ac.uk/api/prediction/Q8VCC8,1ef682fce50d81b7a749dde48ffb3c4d09a382f47cb86cea03668d95a3032c60,not_assessed,0.1.0
Q8VCI0,AlphaFold_DB,AF-Q8VCI0-F1,A,6,10090,1,550,mismatch,d60f455c2fd3c6ecd8af352e4c1eb68fb1b7efc229f1aa272c6480cb5ebc68a1,c4e1b670f13bdd38922aac6d9e38529b,predicted,,,https://alphafold.ebi.ac.uk/files/AF-Q8VCI0-F1-model_v6.cif,https://alphafold.ebi.ac.uk/files/AF-Q8VCI0-F1-model_v6.pdb,https://alphafold.ebi.ac.uk/files/AF-Q8VCI0-F1-confidence_v6.json,https://alphafold.ebi.ac.uk/files/AF-Q8VCI0-F1-predicted_aligned_error_v6.json,held,ALPHAFOLD_SEQUENCE_DIFFERS_FROM_FROZEN_CANONICAL,https://alphafold.ebi.ac.uk/api/prediction/Q8VCI0,4886d440f649168ee0436ecb9851c36bd7d1c480ac5c908cf9ec989124bb430f,not_assessed,0.1.0
Q8VCP9,AlphaFold_DB,AF-Q8VCP9-F1,A,6,10090,1,459,exact_full,aa4ed9b2df47d7d0715a28105fe10b6587e7a614325ef6103b586311ebe8f478,28581229abffdaf3144ca554eb45aaac,predicted,,,https://alphafold.ebi.ac.uk/files/AF-Q8VCP9-F1-model_v6.cif,https://alphafold.ebi.ac.uk/files/AF-Q8VCP9-F1-model_v6.pdb,https://alphafold.ebi.ac.uk/files/AF-Q8VCP9-F1-confidence_v6.json,https://alphafold.ebi.ac.uk/files/AF-Q8VCP9-F1-predicted_aligned_error_v6.json,candidate,EXACT_FULL_SEQUENCE_LOCAL_QUALITY_PENDING,https://alphafold.ebi.ac.uk/api/prediction/Q8VCP9,412047f6d0544f2dacadc90c940c8a7b58b1f87faf0df8927024d4f1bd9feb4c,not_assessed,0.1.0
Q8VCQ6,AlphaFold_DB,AF-Q8VCQ6-2-F1,A,6,10090,1,214,not_assessed,fa60decbb1d1b6b458074ad7a3f40d5481cc5119f8f4607f5bb4b9ed82264704,514418073bbc4233d812c53af26b2850,predicted,,,https://alphafold.ebi.ac.uk/files/AF-Q8VCQ6-2-F1-model_v6.cif,https://alphafold.ebi.ac.uk/files/AF-Q8VCQ6-2-F1-model_v6.pdb,https://alphafold.ebi.ac.uk/files/AF-Q8VCQ6-2-F1-confidence_v6.json,https://alphafold.ebi.ac.uk/files/AF-Q8VCQ6-2-F1-predicted_aligned_error_v6.json,held,ALPHAFOLD_ACCESSION_DIFFERS_FROM_CANONICAL,https://alphafold.ebi.ac.uk/api/prediction/Q8VCQ6,086921edc1d68995085dc1c8864f3d76eb7fcf25ba248cc3be0fb3f3c43e0d21,not_assessed,0.1.0
Q8VCQ6,AlphaFold_DB,AF-Q8VCQ6-3-F1,A,6,10090,1,217,not_assessed,979daf4352a4bffdca8cde982645c5c9594a60c4cbb4dcf3de2b689843bbfcca,0e2915f0ef1fb9dc4d78cf616209e8d8,predicted,,,https://alphafold.ebi.ac.uk/files/AF-Q8VCQ6-3-F1-model_v6.cif,https://alphafold.ebi.ac.uk/files/AF-Q8VCQ6-3-F1-model_v6.pdb,https://alphafold.ebi.ac.uk/files/AF-Q8VCQ6-3-F1-confidence_v6.json,https://alphafold.ebi.ac.uk/files/AF-Q8VCQ6-3-F1-predicted_aligned_error_v6.json,held,ALPHAFOLD_ACCESSION_DIFFERS_FROM_CANONICAL,https://alphafold.ebi.ac.uk/api/prediction/Q8VCQ6,086921edc1d68995085dc1c8864f3d76eb7fcf25ba248cc3be0fb3f3c43e0d21,not_assessed,0.1.0
Q8VCQ6,AlphaFold_DB,AF-Q8VCQ6-F1,A,6,10090,1,419,exact_full,b56b3eee7c8f595b9a8d3001b3fab5c3918bce2fe2734f9eccf30c7815a9464b,fe9efa46e6b73e24084c2331e99c1193,predicted,,,https://alphafold.ebi.ac.uk/files/AF-Q8VCQ6-F1-model_v6.cif,https://alphafold.ebi.ac.uk/files/AF-Q8VCQ6-F1-model_v6.pdb,https://alphafold.ebi.ac.uk/files/AF-Q8VCQ6-F1-confidence_v6.json,https://alphafold.ebi.ac.uk/files/AF-Q8VCQ6-F1-predicted_aligned_error_v6.json,candidate,EXACT_FULL_SEQUENCE_LOCAL_QUALITY_PENDING,https://alphafold.ebi.ac.uk/api/prediction/Q8VCQ6,086921edc1d68995085dc1c8864f3d76eb7fcf25ba248cc3be0fb3f3c43e0d21,not_assessed,0.1.0
Q8VCQ6,PDBe_SIFTS,2d8c,A,,10090,1,84,not_assessed,,,Solution NMR,,0.2,,,,,candidate,MOUSE_SIFTS_CANDIDATE_LOCAL_REVIEW_PENDING,https://www.ebi.ac.uk/pdbe/api/mappings/best_structures/Q8VCQ6,ed3cb237f8255fd035dd7996e515b2a952fa1d8d633322ded8b111212ea5e027,not_assessed,0.1.0
Q8VCT9,AlphaFold_DB,AF-Q8VCT9-F1,A,6,10090,1,570,exact_full,873187bd9b4032306d953ed95853306d15c178d36d79c3ca407f04d76b1614c0,970c6bb3dc83dd2db101a1bfa084a847,predicted,,,https://alphafold.ebi.ac.uk/files/AF-Q8VCT9-F1-model_v6.cif,https://alphafold.ebi.ac.uk/files/AF-Q8VCT9-F1-model_v6.pdb,https://alphafold.ebi.ac.uk/files/AF-Q8VCT9-F1-confidence_v6.json,https://alphafold.ebi.ac.uk/files/AF-Q8VCT9-F1-predicted_aligned_error_v6.json,candidate,EXACT_FULL_SEQUENCE_LOCAL_QUALITY_PENDING,https://alphafold.ebi.ac.uk/api/prediction/Q8VCT9,b0afcfb9cfc00905c8b47ffaef62a7a64bf08d35845f97db55b23151fcff4371,not_assessed,0.1.0
Q8VCZ6,AlphaFold_DB,AF-Q8VCZ6-F1,A,6,10090,1,750,exact_full,6317106aef36f9482fdda2fefbc5c3f1899e0062b5750b8abbe6336b1f6d32b2,02256c0506336fef586f64e0be0a556b,predicted,,,https://alphafold.ebi.ac.uk/files/AF-Q8VCZ6-F1-model_v6.cif,https://alphafold.ebi.ac.uk/files/AF-Q8VCZ6-F1-model_v6.pdb,https://alphafold.ebi.ac.uk/files/AF-Q8VCZ6-F1-confidence_v6.json,https://alphafold.ebi.ac.uk/files/AF-Q8VCZ6-F1-predicted_aligned_error_v6.json,candidate,EXACT_FULL_SEQUENCE_LOCAL_QUALITY_PENDING,https://alphafold.ebi.ac.uk/api/prediction/Q8VCZ6,ac73c290b0ff093fbd646c21e45f5bd4a3a0d5412d380ee43e0f731e2fbf5590,not_assessed,0.1.0
Q8VCZ6,PDBe_SIFTS,2yuo,A,,10090,483,547,not_assessed,,,Solution NMR,,0.087,,,,,candidate,MOUSE_SIFTS_CANDIDATE_LOCAL_REVIEW_PENDING,https://www.ebi.ac.uk/pdbe/api/mappings/best_structures/Q8VCZ6,96b7d722b6a817276e78bdd3efe5850003c99598c2b1713d9d12ea464ba70a16,not_assessed,0.1.0
Q8VD53,AlphaFold_DB,AF-Q8VD53-2-F1,A,6,10090,1,229,not_assessed,e79186aa563bbc2e27c04170f48bbb99391470342f44aa7e40605335a7580dd2,7d867107a96b4289f2584ac7b92061dd,predicted,,,https://alphafold.ebi.ac.uk/files/AF-Q8VD53-2-F1-model_v6.cif,https://alphafold.ebi.ac.uk/files/AF-Q8VD53-2-F1-model_v6.pdb,https://alphafold.ebi.ac.uk/files/AF-Q8VD53-2-F1-confidence_v6.json,https://alphafold.ebi.ac.uk/files/AF-Q8VD53-2-F1-predicted_aligned_error_v6.json,held,ALPHAFOLD_ACCESSION_DIFFERS_FROM_CANONICAL,https://alphafold.ebi.ac.uk/api/prediction/Q8VD53,8f5898cc05d2bd9c7b5e2d08759e7f1fe2a57101182e9df00b8ed55792f52da1,not_assessed,0.1.0
Q8VD53,AlphaFold_DB,AF-Q8VD53-F1,A,6,10090,1,275,exact_full,88ffb88a3eaa24e10cea4cef1b286ffc7f7814873b9aca7f473f5770b8b8e9bc,aabf41e6ce2f73d3a49754b9481313d3,predicted,,,https://alphafold.ebi.ac.uk/files/AF-Q8VD53-F1-model_v6.cif,https://alphafold.ebi.ac.uk/files/AF-Q8VD53-F1-model_v6.pdb,https://alphafold.ebi.ac.uk/files/AF-Q8VD53-F1-confidence_v6.json,https://alphafold.ebi.ac.uk/files/AF-Q8VD53-F1-predicted_aligned_error_v6.json,candidate,EXACT_FULL_SEQUENCE_LOCAL_QUALITY_PENDING,https://alphafold.ebi.ac.uk/api/prediction/Q8VD53,8f5898cc05d2bd9c7b5e2d08759e7f1fe2a57101182e9df00b8ed55792f52da1,not_assessed,0.1.0
Q8VDG5,AlphaFold_DB,AF-Q8VDG5-2-F1,A,6,10090,1,138,not_assessed,c806555127955db5675fa1f72a24fa20f53b23d7a354025c303aba0c3a4e5e34,e4666bcda7e9cae24d4185b259c629ca,predicted,,,https://alphafold.ebi.ac.uk/files/AF-Q8VDG5-2-F1-model_v6.cif,https://alphafold.ebi.ac.uk/files/AF-Q8VDG5-2-F1-model_v6.pdb,https://alphafold.ebi.ac.uk/files/AF-Q8VDG5-2-F1-confidence_v6.json,https://alphafold.ebi.ac.uk/files/AF-Q8VDG5-2-F1-predicted_aligned_error_v6.json,held,ALPHAFOLD_ACCESSION_DIFFERS_FROM_CANONICAL,https://alphafold.ebi.ac.uk/api/prediction/Q8VDG5,35f4766e2b1c507552c6298d039e3ea52d6a43ead4b81b12f7da990b7bca731d,not_assessed,0.1.0
Q8VDG5,AlphaFold_DB,AF-Q8VDG5-F1,A,6,10090,1,311,exact_full,175ede55e812c6fbe18ab3d615502f60ae848f8e3386957417ff820bb37a5892,0c4be24b83e070efc3bccfef0a71d077,predicted,,,https://alphafold.ebi.ac.uk/files/AF-Q8VDG5-F1-model_v6.cif,https://alphafold.ebi.ac.uk/files/AF-Q8VDG5-F1-model_v6.pdb,https://alphafold.ebi.ac.uk/files/AF-Q8VDG5-F1-confidence_v6.json,https://alphafold.ebi.ac.uk/files/AF-Q8VDG5-F1-predicted_aligned_error_v6.json,candidate,EXACT_FULL_SEQUENCE_LOCAL_QUALITY_PENDING,https://alphafold.ebi.ac.uk/api/prediction/Q8VDG5,35f4766e2b1c507552c6298d039e3ea52d6a43ead4b81b12f7da990b7bca731d,not_assessed,0.1.0
Q8VDP3,AlphaFold_DB,AF-Q8VDP3-2-F1,A,6,10090,1,975,not_assessed,6ec745adaaffc5adeb6f6ce503f30a89e728514a46f127baa07ecf7939fdebcb,56cfa124ab6b14dc30b06d8fb6ec803d,predicted,,,https://alphafold.ebi.ac.uk/files/AF-Q8VDP3-2-F1-model_v6.cif,https://alphafold.ebi.ac.uk/files/AF-Q8VDP3-2-F1-model_v6.pdb,https://alphafold.ebi.ac.uk/files/AF-Q8VDP3-2-F1-confidence_v6.json,https://alphafold.ebi.ac.uk/files/AF-Q8VDP3-2-F1-predicted_aligned_error_v6.json,held,ALPHAFOLD_ACCESSION_DIFFERS_FROM_CANONICAL,https://alphafold.ebi.ac.uk/api/prediction/Q8VDP3,90799ae2923c0344dbf2bde7b2a1c3685398f958224717bc660abdeb48ce1950,not_assessed,0.1.0
Q8VDP3,AlphaFold_DB,AF-Q8VDP3-3-F1,A,6,10090,1,1048,not_assessed,cb9ca22d2e3dddf98249475ebc1abff56d41851133832b72cf43af08623c64d4,6f365a9253691167e681771ca38a2d09,predicted,,,https://alphafold.ebi.ac.uk/files/AF-Q8VDP3-3-F1-model_v6.cif,https://alphafold.ebi.ac.uk/files/AF-Q8VDP3-3-F1-model_v6.pdb,https://alphafold.ebi.ac.uk/files/AF-Q8VDP3-3-F1-confidence_v6.json,https://alphafold.ebi.ac.uk/files/AF-Q8VDP3-3-F1-predicted_aligned_error_v6.json,held,ALPHAFOLD_ACCESSION_DIFFERS_FROM_CANONICAL,https://alphafold.ebi.ac.uk/api/prediction/Q8VDP3,90799ae2923c0344dbf2bde7b2a1c3685398f958224717bc660abdeb48ce1950,not_assessed,0.1.0
Q8VDP3,AlphaFold_DB,AF-Q8VDP3-F1,A,6,10090,1,1048,exact_full,357b8494620d4a34938779dff2464fe68c071e71b134ff14c8f40e312f0561e7,69f527d69940a7f0fb07de27d3487c7c,predicted,,,https://alphafold.ebi.ac.uk/files/AF-Q8VDP3-F1-model_v6.cif,https://alphafold.ebi.ac.uk/files/AF-Q8VDP3-F1-model_v6.pdb,https://alphafold.ebi.ac.uk/files/AF-Q8VDP3-F1-confidence_v6.json,https://alphafold.ebi.ac.uk/files/AF-Q8VDP3-F1-predicted_aligned_error_v6.json,candidate,EXACT_FULL_SEQUENCE_LOCAL_QUALITY_PENDING,https://alphafold.ebi.ac.uk/api/prediction/Q8VDP3,90799ae2923c0344dbf2bde7b2a1c3685398f958224717bc660abdeb48ce1950,not_assessed,0.1.0
Q8VDP3,PDBe_SIFTS,2bra,A,,10090,1,484,not_assessed,,,X-ray diffraction,2.0,0.462,,,,,candidate,MOUSE_SIFTS_CANDIDATE_LOCAL_REVIEW_PENDING,https://www.ebi.ac.uk/pdbe/api/mappings/best_structures/Q8VDP3,c9850bb6f48d3c2be6b049ed1d31e043f1e2f199e0691ce98157aa638d69fd89,not_assessed,0.1.0
Q8VDP3,PDBe_SIFTS,2bra,B,,10090,1,484,not_assessed,,,X-ray diffraction,2.0,0.462,,,,,candidate,MOUSE_SIFTS_CANDIDATE_LOCAL_REVIEW_PENDING,https://www.ebi.ac.uk/pdbe/api/mappings/best_structures/Q8VDP3,c9850bb6f48d3c2be6b049ed1d31e043f1e2f199e0691ce98157aa638d69fd89,not_assessed,0.1.0
Q8VDP3,PDBe_SIFTS,2bry,A,,10090,1,489,not_assessed,,,X-ray diffraction,1.45,0.467,,,,,candidate,MOUSE_SIFTS_CANDIDATE_LOCAL_REVIEW_PENDING,https://www.ebi.ac.uk/pdbe/api/mappings/best_structures/Q8VDP3,c9850bb6f48d3c2be6b049ed1d31e043f1e2f199e0691ce98157aa638d69fd89,not_assessed,0.1.0
Q8VDP3,PDBe_SIFTS,2bry,B,,10090,1,489,not_assessed,,,X-ray diffraction,1.45,0.467,,,,,candidate,MOUSE_SIFTS_CANDIDATE_LOCAL_REVIEW_PENDING,https://www.ebi.ac.uk/pdbe/api/mappings/best_structures/Q8VDP3,c9850bb6f48d3c2be6b049ed1d31e043f1e2f199e0691ce98157aa638d69fd89,not_assessed,0.1.0
Q8VDP3,PDBe_SIFTS,2c4c,A,,10090,1,489,not_assessed,,,X-ray diffraction,2.9,0.467,,,,,candidate,MOUSE_SIFTS_CANDIDATE_LOCAL_REVIEW_PENDING,https://www.ebi.ac.uk/pdbe/api/mappings/best_structures/Q8VDP3,c9850bb6f48d3c2be6b049ed1d31e043f1e2f199e0691ce98157aa638d69fd89,not_assessed,0.1.0
Q8VDP3,PDBe_SIFTS,2c4c,B,,10090,1,489,not_assessed,,,X-ray diffraction,2.9,0.467,,,,,candidate,MOUSE_SIFTS_CANDIDATE_LOCAL_REVIEW_PENDING,https://www.ebi.ac.uk/pdbe/api/mappings/best_structures/Q8VDP3,c9850bb6f48d3c2be6b049ed1d31e043f1e2f199e0691ce98157aa638d69fd89,not_assessed,0.1.0
Q8VDP3,PDBe_SIFTS,4txi,A,,10090,2,615,not_assessed,,,X-ray diffraction,2.309,0.586,,,,,candidate,MOUSE_SIFTS_CANDIDATE_LOCAL_REVIEW_PENDING,https://www.ebi.ac.uk/pdbe/api/mappings/best_structures/Q8VDP3,c9850bb6f48d3c2be6b049ed1d31e043f1e2f199e0691ce98157aa638d69fd89,not_assessed,0.1.0
Q8VDP3,PDBe_SIFTS,4txk,A,,10090,2,615,not_assessed,,,X-ray diffraction,2.878,0.586,,,,,candidate,MOUSE_SIFTS_CANDIDATE_LOCAL_REVIEW_PENDING,https://www.ebi.ac.uk/pdbe/api/mappings/best_structures/Q8VDP3,c9850bb6f48d3c2be6b049ed1d31e043f1e2f199e0691ce98157aa638d69fd89,not_assessed,0.1.0
Q8VDV0,AlphaFold_DB,AF-Q8VDV0-2-F1,A,6,10090,1,210,not_assessed,fb16678890508a7722eb9f37ffbf4a5f4c6bf59bd5defa504eac5b2a6fec43df,a4ca27f99492170494210963c5b9bd40,predicted,,,https://alphafold.ebi.ac.uk/files/AF-Q8VDV0-2-F1-model_v6.cif,https://alphafold.ebi.ac.uk/files/AF-Q8VDV0-2-F1-model_v6.pdb,https://alphafold.ebi.ac.uk/files/AF-Q8VDV0-2-F1-confidence_v6.json,https://alphafold.ebi.ac.uk/files/AF-Q8VDV0-2-F1-predicted_aligned_error_v6.json,held,ALPHAFOLD_ACCESSION_DIFFERS_FROM_CANONICAL,https://alphafold.ebi.ac.uk/api/prediction/Q8VDV0,03f3729993f3513b8bb0149914d653b09a55909da496b981c6f15dc4ce442717,not_assessed,0.1.0
Q8VDV0,AlphaFold_DB,AF-Q8VDV0-F1,A,6,10090,1,494,exact_full,771231089face5399a1b7372fa30508fff07cd902526c7a15da7fbbc154e4ef0,cf202242aefca0fc2319288c45659605,predicted,,,https://alphafold.ebi.ac.uk/files/AF-Q8VDV0-F1-model_v6.cif,https://alphafold.ebi.ac.uk/files/AF-Q8VDV0-F1-model_v6.pdb,https://alphafold.ebi.ac.uk/files/AF-Q8VDV0-F1-confidence_v6.json,https://alphafold.ebi.ac.uk/files/AF-Q8VDV0-F1-predicted_aligned_error_v6.json,candidate,EXACT_FULL_SEQUENCE_LOCAL_QUALITY_PENDING,https://alphafold.ebi.ac.uk/api/prediction/Q8VDV0,03f3729993f3513b8bb0149914d653b09a55909da496b981c6f15dc4ce442717,not_assessed,0.1.0
Q8VE92,AlphaFold_DB,AF-Q8VE92-F1,A,6,10090,1,357,exact_full,960be052d1eceac612fc07ab7ad7345aedd73bf883c64853e7906d300dede34e,ae986b6c694798de8c77e55279357468,predicted,,,https://alphafold.ebi.ac.uk/files/AF-Q8VE92-F1-model_v6.cif,https://alphafold.ebi.ac.uk/files/AF-Q8VE92-F1-model_v6.pdb,https://alphafold.ebi.ac.uk/files/AF-Q8VE92-F1-confidence_v6.json,https://alphafold.ebi.ac.uk/files/AF-Q8VE92-F1-predicted_aligned_error_v6.json,candidate,EXACT_FULL_SEQUENCE_LOCAL_QUALITY_PENDING,https://alphafold.ebi.ac.uk/api/prediction/Q8VE92,2264804360e615593c66d2eab050d5f25b23f255f6ce1f916119e2fbb8b49fda,not_assessed,0.1.0
Q8VHZ5,AlphaFold_DB,AF-Q8VHZ5-F1,A,6,10090,1,193,exact_full,74a4a11fa915f2208e83c16f8a6eb7c989123f8a6b2d6b75974de913160ba159,e49b099a7c13f4645abfad85e0bc172a,predicted,,,https://alphafold.ebi.ac.uk/files/AF-Q8VHZ5-F1-model_v6.cif,https://alphafold.ebi.ac.uk/files/AF-Q8VHZ5-F1-model_v6.pdb,https://alphafold.ebi.ac.uk/files/AF-Q8VHZ5-F1-confidence_v6.json,https://alphafold.ebi.ac.uk/files/AF-Q8VHZ5-F1-predicted_aligned_error_v6.json,candidate,EXACT_FULL_SEQUENCE_LOCAL_QUALITY_PENDING,https://alphafold.ebi.ac.uk/api/prediction/Q8VHZ5,8cb23aaf65efd44d87b27805bdd222024c4f38112bc9ef555b6691fa97e86bab,not_assessed,0.1.0
Q8VI64,AlphaFold_DB,AF-Q8VI64-F1,A,6,10090,1,283,exact_full,db5f71b54ac8d52c67966778a2207153ed6ff2b85029ff38f6b3b8ed85e62054,6be61b818da858cd7af1c3072bb1141e,predicted,,,https://alphafold.ebi.ac.uk/files/AF-Q8VI64-F1-model_v6.cif,https://alphafold.ebi.ac.uk/files/AF-Q8VI64-F1-model_v6.pdb,https://alphafold.ebi.ac.uk/files/AF-Q8VI64-F1-confidence_v6.json,https://alphafold.ebi.ac.uk/files/AF-Q8VI64-F1-predicted_aligned_error_v6.json,candidate,EXACT_FULL_SEQUENCE_LOCAL_QUALITY_PENDING,https://alphafold.ebi.ac.uk/api/prediction/Q8VI64,ba52dfc8e13b305f6da4ddd97b2b63510d67e80e7ffcd6b48080ea0e654e592f,not_assessed,0.1.0
Q8VIK5,AlphaFold_DB,AF-Q8VIK5-2-F1,A,6,10090,1,1004,not_assessed,ae586fe990d054f10790be20d6bb14acd7d23870487e25083283fc397847fe99,07433f4368d9f78e58c7a4f10f8d4287,predicted,,,https://alphafold.ebi.ac.uk/files/AF-Q8VIK5-2-F1-model_v6.cif,https://alphafold.ebi.ac.uk/files/AF-Q8VIK5-2-F1-model_v6.pdb,https://alphafold.ebi.ac.uk/files/AF-Q8VIK5-2-F1-confidence_v6.json,https://alphafold.ebi.ac.uk/files/AF-Q8VIK5-2-F1-predicted_aligned_error_v6.json,held,ALPHAFOLD_ACCESSION_DIFFERS_FROM_CANONICAL,https://alphafold.ebi.ac.uk/api/prediction/Q8VIK5,236743eae5f6167703351a8c0d0f057fe2fbccee788b85395c59dc557bafb414,not_assessed,0.1.0
Q8VIK5,AlphaFold_DB,AF-Q8VIK5-3-F1,A,6,10090,1,747,not_assessed,336100ce5215c5eccd8208410b898668b19849204c04cf38090d8f45ad11b2c0,af333dd670af75ef53a56099a436e0f6,predicted,,,https://alphafold.ebi.ac.uk/files/AF-Q8VIK5-3-F1-model_v6.cif,https://alphafold.ebi.ac.uk/files/AF-Q8VIK5-3-F1-model_v6.pdb,https://alphafold.ebi.ac.uk/files/AF-Q8VIK5-3-F1-confidence_v6.json,https://alphafold.ebi.ac.uk/files/AF-Q8VIK5-3-F1-predicted_aligned_error_v6.json,held,ALPHAFOLD_ACCESSION_DIFFERS_FROM_CANONICAL,https://alphafold.ebi.ac.uk/api/prediction/Q8VIK5,236743eae5f6167703351a8c0d0f057fe2fbccee788b85395c59dc557bafb414,not_assessed,0.1.0
Q8VIK5,AlphaFold_DB,AF-Q8VIK5-4-F1,A,6,10090,1,898,not_assessed,1cca706e45a00dbbd8b2bcbea106e739ec8e1a226c8eb3aa9d8888067dd2de39,a81fa52589314a0c0ea999d1bbb9f993,predicted,,,https://alphafold.ebi.ac.uk/files/AF-Q8VIK5-4-F1-model_v6.cif,https://alphafold.ebi.ac.uk/files/AF-Q8VIK5-4-F1-model_v6.pdb,https://alphafold.ebi.ac.uk/files/AF-Q8VIK5-4-F1-confidence_v6.json,https://alphafold.ebi.ac.uk/files/AF-Q8VIK5-4-F1-predicted_aligned_error_v6.json,held,ALPHAFOLD_ACCESSION_DIFFERS_FROM_CANONICAL,https://alphafold.ebi.ac.uk/api/prediction/Q8VIK5,236743eae5f6167703351a8c0d0f057fe2fbccee788b85395c59dc557bafb414,not_assessed,0.1.0
Q8VIK5,AlphaFold_DB,AF-Q8VIK5-F1,A,6,10090,1,1034,exact_full,7ed604ddc293f7f8712c3c6db8e045198bcf548123f48b73a743e1c5b11f1390,20695e67bf57954f5bd67f18d0a99552,predicted,,,https://alphafold.ebi.ac.uk/files/AF-Q8VIK5-F1-model_v6.cif,https://alphafold.ebi.ac.uk/files/AF-Q8VIK5-F1-model_v6.pdb,https://alphafold.ebi.ac.uk/files/AF-Q8VIK5-F1-confidence_v6.json,https://alphafold.ebi.ac.uk/files/AF-Q8VIK5-F1-predicted_aligned_error_v6.json,candidate,EXACT_FULL_SEQUENCE_LOCAL_QUALITY_PENDING,https://alphafold.ebi.ac.uk/api/prediction/Q8VIK5,236743eae5f6167703351a8c0d0f057fe2fbccee788b85395c59dc557bafb414,not_assessed,0.1.0
Q91VE2,AlphaFold_DB,AF-Q91VE2-F1,A,6,10090,1,455,exact_full,7c429ed0ff60ca60cebd3b421e008a2abb9889fa8f5e0df97daa184cf637b765,ff5bdb2bb11642534dc02d79ae5caf1e,predicted,,,https://alphafold.ebi.ac.uk/files/AF-Q91VE2-F1-model_v6.cif,https://alphafold.ebi.ac.uk/files/AF-Q91VE2-F1-model_v6.pdb,https://alphafold.ebi.ac.uk/files/AF-Q91VE2-F1-confidence_v6.json,https://alphafold.ebi.ac.uk/files/AF-Q91VE2-F1-predicted_aligned_error_v6.json,candidate,EXACT_FULL_SEQUENCE_LOCAL_QUALITY_PENDING,https://alphafold.ebi.ac.uk/api/prediction/Q91VE2,768ee58c7533c24e9cc1a6eea76163e71c9a9fa5eccaaa39db916dea76e61114,not_assessed,0.1.0
Q91VK1,AlphaFold_DB,AF-Q91VK1-F1,A,6,10090,1,419,exact_full,e4326a8f8340577b3fd8418a01ebdf75789d8fd14cd5ab964ed78d39ebe7ba40,2002201357679d5453dcae21f8c2c1f7,predicted,,,https://alphafold.ebi.ac.uk/files/AF-Q91VK1-F1-model_v6.cif,https://alphafold.ebi.ac.uk/files/AF-Q91VK1-F1-model_v6.pdb,https://alphafold.ebi.ac.uk/files/AF-Q91VK1-F1-confidence_v6.json,https://alphafold.ebi.ac.uk/files/AF-Q91VK1-F1-predicted_aligned_error_v6.json,candidate,EXACT_FULL_SEQUENCE_LOCAL_QUALITY_PENDING,https://alphafold.ebi.ac.uk/api/prediction/Q91VK1,c7d143a97893c7fa6004c08d75c2303df8bdfb25961908489deb2ce6117254a4,not_assessed,0.1.0
Q91VN1,AlphaFold_DB,AF-Q91VN1-F1,A,6,10090,1,368,exact_full,f0d94788be051ebc8e8c148490cd0500177b9a0f41b41bf5c16e8d2d69d50855,d21e008750d2d23ce2cd6a917492ace3,predicted,,,https://alphafold.ebi.ac.uk/files/AF-Q91VN1-F1-model_v6.cif,https://alphafold.ebi.ac.uk/files/AF-Q91VN1-F1-model_v6.pdb,https://alphafold.ebi.ac.uk/files/AF-Q91VN1-F1-confidence_v6.json,https://alphafold.ebi.ac.uk/files/AF-Q91VN1-F1-predicted_aligned_error_v6.json,candidate,EXACT_FULL_SEQUENCE_LOCAL_QUALITY_PENDING,https://alphafold.ebi.ac.uk/api/prediction/Q91VN1,4fd04e6af707b0703b6c50fe4f508d1340598c9fb6257c04a943e3f6831e278d,not_assessed,0.1.0
Q91VW3,AlphaFold_DB,AF-0000000008339647,A,1,1420587,1,93,not_assessed,462167c1f1a000ed29c6f22f281ca3f1fed803a65b17095d678047d5c29ea787,714f103b855dab5910807c7981af2744,predicted,,,https://alphafold.ebi.ac.uk/files/AF-0000000008339647-model_v1.cif,https://alphafold.ebi.ac.uk/files/AF-0000000008339647-model_v1.pdb,https://alphafold.ebi.ac.uk/files/AF-0000000008339647-confidence_v1.json,https://alphafold.ebi.ac.uk/files/AF-0000000008339647-predicted_aligned_error_v1.json,held,ALPHAFOLD_MOUSE_TAXONOMY_NOT_CONFIRMED,https://alphafold.ebi.ac.uk/api/prediction/Q91VW3,bf4699d905a3bd60d7c3c0a98269f055829c771f9a648099229e92cf9cae306a,not_assessed,0.1.0
Q91VW3,AlphaFold_DB,AF-Q91VW3-F1,A,6,10090,1,93,exact_full,462167c1f1a000ed29c6f22f281ca3f1fed803a65b17095d678047d5c29ea787,714f103b855dab5910807c7981af2744,predicted,,,https://alphafold.ebi.ac.uk/files/AF-Q91VW3-F1-model_v6.cif,https://alphafold.ebi.ac.uk/files/AF-Q91VW3-F1-model_v6.pdb,https://alphafold.ebi.ac.uk/files/AF-Q91VW3-F1-confidence_v6.json,https://alphafold.ebi.ac.uk/files/AF-Q91VW3-F1-predicted_aligned_error_v6.json,candidate,EXACT_FULL_SEQUENCE_LOCAL_QUALITY_PENDING,https://alphafold.ebi.ac.uk/api/prediction/Q91VW3,bf4699d905a3bd60d7c3c0a98269f055829c771f9a648099229e92cf9cae306a,not_assessed,0.1.0
Q91VW3,PDBe_SIFTS,1j0f,A,,10090,1,93,not_assessed,,,Solution NMR,,1.0,,,,,candidate,MOUSE_SIFTS_CANDIDATE_LOCAL_REVIEW_PENDING,https://www.ebi.ac.uk/pdbe/api/mappings/best_structures/Q91VW3,279acaa723c135e8887e29441e4f126373e189a0106cc0e4d8834bfc501fdbe2,not_assessed,0.1.0
Q91VW3,PDBe_SIFTS,1t1v,A,,10090,1,93,not_assessed,,,X-ray diffraction,1.6,1.0,,,,,candidate,MOUSE_SIFTS_CANDIDATE_LOCAL_REVIEW_PENDING,https://www.ebi.ac.uk/pdbe/api/mappings/best_structures/Q91VW3,279acaa723c135e8887e29441e4f126373e189a0106cc0e4d8834bfc501fdbe2,not_assessed,0.1.0
Q91VW3,PDBe_SIFTS,1t1v,B,,10090,1,93,not_assessed,,,X-ray diffraction,1.6,1.0,,,,,candidate,MOUSE_SIFTS_CANDIDATE_LOCAL_REVIEW_PENDING,https://www.ebi.ac.uk/pdbe/api/mappings/best_structures/Q91VW3,279acaa723c135e8887e29441e4f126373e189a0106cc0e4d8834bfc501fdbe2,not_assessed,0.1.0
Q91W29,AlphaFold_DB,AF-Q91W29-F1,A,6,10090,1,172,exact_full,b87e726f8e978e9a5107d5456fe5b8dcb08ea83871a378c83e2b293b7ac9ddfe,02613bd45d6b3d35e634aab27136d876,predicted,,,https://alphafold.ebi.ac.uk/files/AF-Q91W29-F1-model_v6.cif,https://alphafold.ebi.ac.uk/files/AF-Q91W29-F1-model_v6.pdb,https://alphafold.ebi.ac.uk/files/AF-Q91W29-F1-confidence_v6.json,https://alphafold.ebi.ac.uk/files/AF-Q91W29-F1-predicted_aligned_error_v6.json,candidate,EXACT_FULL_SEQUENCE_LOCAL_QUALITY_PENDING,https://alphafold.ebi.ac.uk/api/prediction/Q91W29,e8856fef18749d4f5d6097223ee5484578b023085ea71c79a4d30eb277af35c5,not_assessed,0.1.0
Q91W86,AlphaFold_DB,AF-Q91W86-F1,A,6,10090,1,941,exact_full,a3f675347e71c5aa586d46f26d985a8de79c0acabf5fdc051dd04f6aeae7b7a5,55becd71540a46b8092e7c6ced78f6e8,predicted,,,https://alphafold.ebi.ac.uk/files/AF-Q91W86-F1-model_v6.cif,https://alphafold.ebi.ac.uk/files/AF-Q91W86-F1-model_v6.pdb,https://alphafold.ebi.ac.uk/files/AF-Q91W86-F1-confidence_v6.json,https://alphafold.ebi.ac.uk/files/AF-Q91W86-F1-predicted_aligned_error_v6.json,candidate,EXACT_FULL_SEQUENCE_LOCAL_QUALITY_PENDING,https://alphafold.ebi.ac.uk/api/prediction/Q91W86,c85db41dd98581148d5a477b3d08510ea86477d43279a8d6d7ca095bac0446bb,not_assessed,0.1.0
Q91WE9,AlphaFold_DB,AF-Q91WE9-2-F1,A,6,10090,1,125,not_assessed,5cea5ce12452c8c7b7b6a6bd6769cf46a9bfe84fea0cf8de4b2ab1f9a5b5a26d,db830796b242296947835065ee3d583a,predicted,,,https://alphafold.ebi.ac.uk/files/AF-Q91WE9-2-F1-model_v6.cif,https://alphafold.ebi.ac.uk/files/AF-Q91WE9-2-F1-model_v6.pdb,https://alphafold.ebi.ac.uk/files/AF-Q91WE9-2-F1-confidence_v6.json,https://alphafold.ebi.ac.uk/files/AF-Q91WE9-2-F1-predicted_aligned_error_v6.json,held,ALPHAFOLD_ACCESSION_DIFFERS_FROM_CANONICAL,https://alphafold.ebi.ac.uk/api/prediction/Q91WE9,69cdc48f8f80173eed7c936005bcb9caafcf0edd9fc2d68a1391ef6e59e0444b,not_assessed,0.1.0
Q91WE9,AlphaFold_DB,AF-Q91WE9-F1,A,6,10090,1,132,exact_full,ba729b33654861c3e66705b5d98a9563be5c35045b214f9493567934522a474f,b7a79bc1d82080a47e12e15aa88eaddc,predicted,,,https://alphafold.ebi.ac.uk/files/AF-Q91WE9-F1-model_v6.cif,https://alphafold.ebi.ac.uk/files/AF-Q91WE9-F1-model_v6.pdb,https://alphafold.ebi.ac.uk/files/AF-Q91WE9-F1-confidence_v6.json,https://alphafold.ebi.ac.uk/files/AF-Q91WE9-F1-predicted_aligned_error_v6.json,candidate,EXACT_FULL_SEQUENCE_LOCAL_QUALITY_PENDING,https://alphafold.ebi.ac.uk/api/prediction/Q91WE9,69cdc48f8f80173eed7c936005bcb9caafcf0edd9fc2d68a1391ef6e59e0444b,not_assessed,0.1.0
Q91WK5,AlphaFold_DB,AF-Q91WK5-F1,A,6,10090,1,170,exact_full,8897d3d29979ebc087444a1c9187b984f3ecbdc877941537f1c3925872a7bfca,8636705e74d555de2e95026d27697cb6,predicted,,,https://alphafold.ebi.ac.uk/files/AF-Q91WK5-F1-model_v6.cif,https://alphafold.ebi.ac.uk/files/AF-Q91WK5-F1-model_v6.pdb,https://alphafold.ebi.ac.uk/files/AF-Q91WK5-F1-confidence_v6.json,https://alphafold.ebi.ac.uk/files/AF-Q91WK5-F1-predicted_aligned_error_v6.json,candidate,EXACT_FULL_SEQUENCE_LOCAL_QUALITY_PENDING,https://alphafold.ebi.ac.uk/api/prediction/Q91WK5,f05df0589a0b0c75a3de001daa2e7566085fffca1b52e748b13b627192c7a235,not_assessed,0.1.0
Q91WK5,PDBe_SIFTS,2edg,A,,10090,48,170,not_assessed,,,Solution NMR,,0.724,,,,,candidate,MOUSE_SIFTS_CANDIDATE_LOCAL_REVIEW_PENDING,https://www.ebi.ac.uk/pdbe/api/mappings/best_structures/Q91WK5,435405f5c41623a87754ad0a2975272fc559e350b4e70b5fc2295e0a21a6c726,not_assessed,0.1.0
Q91WT9,AlphaFold_DB,AF-Q91WT9-2-F1,A,6,10090,1,547,not_assessed,579eced2ecb8c9529bdb8fefc105801ef84b998ff19461d0cd541d7974b5e389,702897639efbdec4415d6599398e9966,predicted,,,https://alphafold.ebi.ac.uk/files/AF-Q91WT9-2-F1-model_v6.cif,https://alphafold.ebi.ac.uk/files/AF-Q91WT9-2-F1-model_v6.pdb,https://alphafold.ebi.ac.uk/files/AF-Q91WT9-2-F1-confidence_v6.json,https://alphafold.ebi.ac.uk/files/AF-Q91WT9-2-F1-predicted_aligned_error_v6.json,held,ALPHAFOLD_ACCESSION_DIFFERS_FROM_CANONICAL,https://alphafold.ebi.ac.uk/api/prediction/Q91WT9,926796aac821b191717c290949db09950b1557d727faf6616a80d86f5f04e11d,not_assessed,0.1.0
Q91WT9,AlphaFold_DB,AF-Q91WT9-F1,A,6,10090,1,561,exact_full,6100d52b602cd6927d6b93fa4cb75f55af4b1e6f596abbef73b42678789f641f,fc95af62047bad176623ec68021ab577,predicted,,,https://alphafold.ebi.ac.uk/files/AF-Q91WT9-F1-model_v6.cif,https://alphafold.ebi.ac.uk/files/AF-Q91WT9-F1-model_v6.pdb,https://alphafold.ebi.ac.uk/files/AF-Q91WT9-F1-confidence_v6.json,https://alphafold.ebi.ac.uk/files/AF-Q91WT9-F1-predicted_aligned_error_v6.json,candidate,EXACT_FULL_SEQUENCE_LOCAL_QUALITY_PENDING,https://alphafold.ebi.ac.uk/api/prediction/Q91WT9,926796aac821b191717c290949db09950b1557d727faf6616a80d86f5f04e11d,not_assessed,0.1.0
Q91X52,AlphaFold_DB,AF-Q91X52-F1,A,6,10090,1,244,exact_full,bb5cb2e7239ca3196028bb665fbb7778f218e36bad6288e6a05f78b3efce08e9,aca64b2ea0d54e8f5f6d0120c6f9b4bb,predicted,,,https://alphafold.ebi.ac.uk/files/AF-Q91X52-F1-model_v6.cif,https://alphafold.ebi.ac.uk/files/AF-Q91X52-F1-model_v6.pdb,https://alphafold.ebi.ac.uk/files/AF-Q91X52-F1-confidence_v6.json,https://alphafold.ebi.ac.uk/files/AF-Q91X52-F1-predicted_aligned_error_v6.json,candidate,EXACT_FULL_SEQUENCE_LOCAL_QUALITY_PENDING,https://alphafold.ebi.ac.uk/api/prediction/Q91X52,80d602c0a4b62d0fa0ed973de780d9be89a260101a4c4601c591507b924c59fe,not_assessed,0.1.0
Q91XD2,AlphaFold_DB,AF-Q91XD2-F1,A,6,10090,1,341,exact_full,29525fe8f1f1bccb79cea043585ae6b9da6e7f05f0abe527835eba9eadfd248a,740c2c1d0563dd2e81399486e4974c89,predicted,,,https://alphafold.ebi.ac.uk/files/AF-Q91XD2-F1-model_v6.cif,https://alphafold.ebi.ac.uk/files/AF-Q91XD2-F1-model_v6.pdb,https://alphafold.ebi.ac.uk/files/AF-Q91XD2-F1-confidence_v6.json,https://alphafold.ebi.ac.uk/files/AF-Q91XD2-F1-predicted_aligned_error_v6.json,candidate,EXACT_FULL_SEQUENCE_LOCAL_QUALITY_PENDING,https://alphafold.ebi.ac.uk/api/prediction/Q91XD2,2fbc11a04c0f5977a4de93b1196fff1b4a88ba8ea13febf8ca5bc1bda1f37894,not_assessed,0.1.0
Q91XE0,AlphaFold_DB,AF-Q91XE0-2-F1,A,6,10090,1,262,not_assessed,f47d81c5529e04fbafe5d0a109245b5b545d86d08c311749c895c64911030b4f,049026d6fc0c043ef596a57fef16626c,predicted,,,https://alphafold.ebi.ac.uk/files/AF-Q91XE0-2-F1-model_v6.cif,https://alphafold.ebi.ac.uk/files/AF-Q91XE0-2-F1-model_v6.pdb,https://alphafold.ebi.ac.uk/files/AF-Q91XE0-2-F1-confidence_v6.json,https://alphafold.ebi.ac.uk/files/AF-Q91XE0-2-F1-predicted_aligned_error_v6.json,held,ALPHAFOLD_ACCESSION_DIFFERS_FROM_CANONICAL,https://alphafold.ebi.ac.uk/api/prediction/Q91XE0,ce388d43f4ed1a2e4b4aef8417f02f134de42f243335863e5be7a0cda76e8947,not_assessed,0.1.0
Q91XE0,AlphaFold_DB,AF-Q91XE0-F1,A,6,10090,1,296,exact_full,a85108cf344ee9f809f72fbffec973e57893f09fb54a5e784047a9ee01624335,e38098fa3a10b87f237e310b117cd649,predicted,,,https://alphafold.ebi.ac.uk/files/AF-Q91XE0-F1-model_v6.cif,https://alphafold.ebi.ac.uk/files/AF-Q91XE0-F1-model_v6.pdb,https://alphafold.ebi.ac.uk/files/AF-Q91XE0-F1-confidence_v6.json,https://alphafold.ebi.ac.uk/files/AF-Q91XE0-F1-predicted_aligned_error_v6.json,candidate,EXACT_FULL_SEQUENCE_LOCAL_QUALITY_PENDING,https://alphafold.ebi.ac.uk/api/prediction/Q91XE0,ce388d43f4ed1a2e4b4aef8417f02f134de42f243335863e5be7a0cda76e8947,not_assessed,0.1.0
Q91XT6,AlphaFold_DB,AF-Q91XT6-F1,A,6,10090,1,489,exact_full,3fd6bbe75315b1f3cfc9e87bece1f4a5ff458bab8a38402f7f78eb986bb06246,5263715aa7fb22cd380ec9950a8f48f9,predicted,,,https://alphafold.ebi.ac.uk/files/AF-Q91XT6-F1-model_v6.cif,https://alphafold.ebi.ac.uk/files/AF-Q91XT6-F1-model_v6.pdb,https://alphafold.ebi.ac.uk/files/AF-Q91XT6-F1-confidence_v6.json,https://alphafold.ebi.ac.uk/files/AF-Q91XT6-F1-predicted_aligned_error_v6.json,candidate,EXACT_FULL_SEQUENCE_LOCAL_QUALITY_PENDING,https://alphafold.ebi.ac.uk/api/prediction/Q91XT6,99eeeaa7bb3ee68cdca8004c667dc07e3e573b4ea39c7ae36259c807a600ebe6,not_assessed,0.1.0
Q91Y86,AlphaFold_DB,AF-Q91Y86-F1,A,6,10090,1,384,exact_full,2341c03c231791d0c82c1449bf94b5daffa5370ca3891b969fe0550c080bb40e,b473ef9f9b749e771efd7bd706c568f9,predicted,,,https://alphafold.ebi.ac.uk/files/AF-Q91Y86-F1-model_v6.cif,https://alphafold.ebi.ac.uk/files/AF-Q91Y86-F1-model_v6.pdb,https://alphafold.ebi.ac.uk/files/AF-Q91Y86-F1-confidence_v6.json,https://alphafold.ebi.ac.uk/files/AF-Q91Y86-F1-predicted_aligned_error_v6.json,candidate,EXACT_FULL_SEQUENCE_LOCAL_QUALITY_PENDING,https://alphafold.ebi.ac.uk/api/prediction/Q91Y86,089de8022ef94a3ad24ab17901f3b4ecf1d7c7279cc63c6fb2cd3797debfdd72,not_assessed,0.1.0
Q91ZC0,AlphaFold_DB,AF-Q91ZC0-F1,A,6,10090,1,321,exact_full,db8b8c2ddde87958be6994a8b4d692d54a427ac08cf36eed2cf2115300bbf0da,9d4e56d7c932956553ae34e23be33414,predicted,,,https://alphafold.ebi.ac.uk/files/AF-Q91ZC0-F1-model_v6.cif,https://alphafold.ebi.ac.uk/files/AF-Q91ZC0-F1-model_v6.pdb,https://alphafold.ebi.ac.uk/files/AF-Q91ZC0-F1-confidence_v6.json,https://alphafold.ebi.ac.uk/files/AF-Q91ZC0-F1-predicted_aligned_error_v6.json,candidate,EXACT_FULL_SEQUENCE_LOCAL_QUALITY_PENDING,https://alphafold.ebi.ac.uk/api/prediction/Q91ZC0,110b5367d80149c047377e5b545648c561cd6c050e0ffb0240faad3ed6578464,not_assessed,0.1.0
Q91ZP9,AlphaFold_DB,AF-Q91ZP9-2-F1,A,6,10090,1,260,not_assessed,d1312778ab366e708d21e68cd6004be878511023bc3ad834a9beb9dbe4747e13,702de13385e9980d43a7c88c5ca0bd2a,predicted,,,https://alphafold.ebi.ac.uk/files/AF-Q91ZP9-2-F1-model_v6.cif,https://alphafold.ebi.ac.uk/files/AF-Q91ZP9-2-F1-model_v6.pdb,https://alphafold.ebi.ac.uk/files/AF-Q91ZP9-2-F1-confidence_v6.json,https://alphafold.ebi.ac.uk/files/AF-Q91ZP9-2-F1-predicted_aligned_error_v6.json,held,ALPHAFOLD_ACCESSION_DIFFERS_FROM_CANONICAL,https://alphafold.ebi.ac.uk/api/prediction/Q91ZP9,3838e6aaa1f12ba87df7514e811d620e33b55ebb91a4d6ca07b087172018d6ed,not_assessed,0.1.0
Q91ZP9,AlphaFold_DB,AF-Q91ZP9-F1,A,6,10090,1,389,exact_full,712b7f4d192db4af2ef55a61584a8609f573daacfee0a8a5c68f23cd7c8305c4,c689432c434f7e11798a235faee085a0,predicted,,,https://alphafold.ebi.ac.uk/files/AF-Q91ZP9-F1-model_v6.cif,https://alphafold.ebi.ac.uk/files/AF-Q91ZP9-F1-model_v6.pdb,https://alphafold.ebi.ac.uk/files/AF-Q91ZP9-F1-confidence_v6.json,https://alphafold.ebi.ac.uk/files/AF-Q91ZP9-F1-predicted_aligned_error_v6.json,candidate,EXACT_FULL_SEQUENCE_LOCAL_QUALITY_PENDING,https://alphafold.ebi.ac.uk/api/prediction/Q91ZP9,3838e6aaa1f12ba87df7514e811d620e33b55ebb91a4d6ca07b087172018d6ed,not_assessed,0.1.0
Q91ZV8,AlphaFold_DB,AF-Q91ZV8-F1,A,6,10090,1,1336,exact_full,57bf9edf737ce11d4df30d906eede566319dc1181ca6aa802f796f596cd37381,21af47a1cc4e104c42363695fc0007cc,predicted,,,https://alphafold.ebi.ac.uk/files/AF-Q91ZV8-F1-model_v6.cif,https://alphafold.ebi.ac.uk/files/AF-Q91ZV8-F1-model_v6.pdb,https://alphafold.ebi.ac.uk/files/AF-Q91ZV8-F1-confidence_v6.json,https://alphafold.ebi.ac.uk/files/AF-Q91ZV8-F1-predicted_aligned_error_v6.json,candidate,EXACT_FULL_SEQUENCE_LOCAL_QUALITY_PENDING,https://alphafold.ebi.ac.uk/api/prediction/Q91ZV8,e1a470d57d8b819aa51701032ffac1f6d08d3dab494fd19d4b83f7c2d500dfbd,not_assessed,0.1.0
Q91ZX1,AlphaFold_DB,AF-Q91ZX1-2-F1,A,6,10090,1,211,not_assessed,4453cec19069fd545dc8d05735b898af47269f15fa5ea2939f12597b2e40c57f,1a373497ef970811abd4efe50ea3231f,predicted,,,https://alphafold.ebi.ac.uk/files/AF-Q91ZX1-2-F1-model_v6.cif,https://alphafold.ebi.ac.uk/files/AF-Q91ZX1-2-F1-model_v6.pdb,https://alphafold.ebi.ac.uk/files/AF-Q91ZX1-2-F1-confidence_v6.json,https://alphafold.ebi.ac.uk/files/AF-Q91ZX1-2-F1-predicted_aligned_error_v6.json,held,ALPHAFOLD_ACCESSION_DIFFERS_FROM_CANONICAL,https://alphafold.ebi.ac.uk/api/prediction/Q91ZX1,8720d31052a678d0b1009c0c124e1d06592bd3df0d3befa4d5af693e79701543,not_assessed,0.1.0
Q91ZX1,AlphaFold_DB,AF-Q91ZX1-F1,A,6,10090,1,238,exact_full,9c8e95825f5bc5ba8527a4baa6b6ac406e702902b225a9619ea3e319d917d232,33d7cb9499f9407c08278d1f49e2b30c,predicted,,,https://alphafold.ebi.ac.uk/files/AF-Q91ZX1-F1-model_v6.cif,https://alphafold.ebi.ac.uk/files/AF-Q91ZX1-F1-model_v6.pdb,https://alphafold.ebi.ac.uk/files/AF-Q91ZX1-F1-confidence_v6.json,https://alphafold.ebi.ac.uk/files/AF-Q91ZX1-F1-predicted_aligned_error_v6.json,candidate,EXACT_FULL_SEQUENCE_LOCAL_QUALITY_PENDING,https://alphafold.ebi.ac.uk/api/prediction/Q91ZX1,8720d31052a678d0b1009c0c124e1d06592bd3df0d3befa4d5af693e79701543,not_assessed,0.1.0
Q920C1,AlphaFold_DB,AF-Q920C1-2-F1,A,6,10090,1,333,not_assessed,b600839b32f905f35a1c29dd10d486371ec79f561de155d87f4e8997eea7b63d,c669fc393a49e61f5a03b61e824d43f4,predicted,,,https://alphafold.ebi.ac.uk/files/AF-Q920C1-2-F1-model_v6.cif,https://alphafold.ebi.ac.uk/files/AF-Q920C1-2-F1-model_v6.pdb,https://alphafold.ebi.ac.uk/files/AF-Q920C1-2-F1-confidence_v6.json,https://alphafold.ebi.ac.uk/files/AF-Q920C1-2-F1-predicted_aligned_error_v6.json,held,ALPHAFOLD_ACCESSION_DIFFERS_FROM_CANONICAL,https://alphafold.ebi.ac.uk/api/prediction/Q920C1,b6165ec0172511b5a417d53adce6a918313ca344b5f9649e3ca2a2af4152446f,not_assessed,0.1.0
Q920C1,AlphaFold_DB,AF-Q920C1-F1,A,6,10090,1,447,exact_full,80d3dfffa181eddccb65a630126887b5a1480ba7708a5e401ea65a2065a6030f,d642b745a6152b7609a90c2efb572923,predicted,,,https://alphafold.ebi.ac.uk/files/AF-Q920C1-F1-model_v6.cif,https://alphafold.ebi.ac.uk/files/AF-Q920C1-F1-model_v6.pdb,https://alphafold.ebi.ac.uk/files/AF-Q920C1-F1-confidence_v6.json,https://alphafold.ebi.ac.uk/files/AF-Q920C1-F1-predicted_aligned_error_v6.json,candidate,EXACT_FULL_SEQUENCE_LOCAL_QUALITY_PENDING,https://alphafold.ebi.ac.uk/api/prediction/Q920C1,b6165ec0172511b5a417d53adce6a918313ca344b5f9649e3ca2a2af4152446f,not_assessed,0.1.0
Q920C4,AlphaFold_DB,AF-Q920C4-F1,A,6,10090,1,213,exact_full,518c7e51ed7660dc78fe4a920fc704dd74a2926b83282f468f9879199f85e061,870d2293a86716f1ff9199f0e7f6695f,predicted,,,https://alphafold.ebi.ac.uk/files/AF-Q920C4-F1-model_v6.cif,https://alphafold.ebi.ac.uk/files/AF-Q920C4-F1-model_v6.pdb,https://alphafold.ebi.ac.uk/files/AF-Q920C4-F1-confidence_v6.json,https://alphafold.ebi.ac.uk/files/AF-Q920C4-F1-predicted_aligned_error_v6.json,candidate,EXACT_FULL_SEQUENCE_LOCAL_QUALITY_PENDING,https://alphafold.ebi.ac.uk/api/prediction/Q920C4,c216be2d637cc1000509043cf4944dc75d205def8c892e3db0de07902f74a0d7,not_assessed,0.1.0
Q920E5,AlphaFold_DB,AF-Q920E5-F1,A,6,10090,1,353,exact_full,59e0a1886b60ad554b5fdb8c3de6e49549645339249df41d2f4c1fc86667a32b,7bfe8d04f35e88a0c5d120c59ef10488,predicted,,,https://alphafold.ebi.ac.uk/files/AF-Q920E5-F1-model_v6.cif,https://alphafold.ebi.ac.uk/files/AF-Q920E5-F1-model_v6.pdb,https://alphafold.ebi.ac.uk/files/AF-Q920E5-F1-confidence_v6.json,https://alphafold.ebi.ac.uk/files/AF-Q920E5-F1-predicted_aligned_error_v6.json,candidate,EXACT_FULL_SEQUENCE_LOCAL_QUALITY_PENDING,https://alphafold.ebi.ac.uk/api/prediction/Q920E5,b43d94b467179d273beedb055a8cdb7e647dbc776ae64662292ca34b3f56fff8,not_assessed,0.1.0
Q920L5,AlphaFold_DB,AF-Q920L5-F1,A,6,10090,1,267,exact_full,b88aa233d6a71042fa97cd439c5b9ca9f3f838f256cf9e7a69b9611bb237e7ad,383a0ceeb3bded372062be9580d78ce0,predicted,,,https://alphafold.ebi.ac.uk/files/AF-Q920L5-F1-model_v6.cif,https://alphafold.ebi.ac.uk/files/AF-Q920L5-F1-model_v6.pdb,https://alphafold.ebi.ac.uk/files/AF-Q920L5-F1-confidence_v6.json,https://alphafold.ebi.ac.uk/files/AF-Q920L5-F1-predicted_aligned_error_v6.json,candidate,EXACT_FULL_SEQUENCE_LOCAL_QUALITY_PENDING,https://alphafold.ebi.ac.uk/api/prediction/Q920L5,6042ffb7d2c6b4f597a85c7bf81bb3f0d696c835ee050af52f306185cdb28df3,not_assessed,0.1.0
Q923B1,AlphaFold_DB,AF-Q923B1-F1,A,6,10090,1,550,exact_full,27222ed86ade489a189dd816e9cdcb117d4cfa87fa8d95a56d6a383114042023,6ef82db1b3d08451e46a6de661237eeb,predicted,,,https://alphafold.ebi.ac.uk/files/AF-Q923B1-F1-model_v6.cif,https://alphafold.ebi.ac.uk/files/AF-Q923B1-F1-model_v6.pdb,https://alphafold.ebi.ac.uk/files/AF-Q923B1-F1-confidence_v6.json,https://alphafold.ebi.ac.uk/files/AF-Q923B1-F1-predicted_aligned_error_v6.json,candidate,EXACT_FULL_SEQUENCE_LOCAL_QUALITY_PENDING,https://alphafold.ebi.ac.uk/api/prediction/Q923B1,202550e37d035ec58d21779b828c58c2619ae26524526ad52ee9f0a547d26f44,not_assessed,0.1.0
Q923W9,AlphaFold_DB,AF-Q923W9-2-F1,A,6,10090,1,771,not_assessed,496a9e3da1f07ec2012c53bcbbdb4733bb8adf77ab530aea3758aeb1b5909e96,eb2f3c659bb0414f928de52437e00aed,predicted,,,https://alphafold.ebi.ac.uk/files/AF-Q923W9-2-F1-model_v6.cif,https://alphafold.ebi.ac.uk/files/AF-Q923W9-2-F1-model_v6.pdb,https://alphafold.ebi.ac.uk/files/AF-Q923W9-2-F1-confidence_v6.json,https://alphafold.ebi.ac.uk/files/AF-Q923W9-2-F1-predicted_aligned_error_v6.json,held,ALPHAFOLD_ACCESSION_DIFFERS_FROM_CANONICAL,https://alphafold.ebi.ac.uk/api/prediction/Q923W9,2c6e3816da33f16320de91967cd94d8ef6ffc2dc1c018eb36b246450f327a7a4,not_assessed,0.1.0
Q923W9,AlphaFold_DB,AF-Q923W9-F1,A,6,10090,1,797,exact_full,14bd989cfc31cc50ba5d2e0ce403acfd0b6279596335cee7f028c8ad6b384487,17117d447d081b80818ac0dd890e7ac6,predicted,,,https://alphafold.ebi.ac.uk/files/AF-Q923W9-F1-model_v6.cif,https://alphafold.ebi.ac.uk/files/AF-Q923W9-F1-model_v6.pdb,https://alphafold.ebi.ac.uk/files/AF-Q923W9-F1-confidence_v6.json,https://alphafold.ebi.ac.uk/files/AF-Q923W9-F1-predicted_aligned_error_v6.json,candidate,EXACT_FULL_SEQUENCE_LOCAL_QUALITY_PENDING,https://alphafold.ebi.ac.uk/api/prediction/Q923W9,2c6e3816da33f16320de91967cd94d8ef6ffc2dc1c018eb36b246450f327a7a4,not_assessed,0.1.0
Q923X1,AlphaFold_DB,AF-Q923X1-F1,A,6,10090,1,739,exact_full,94d31f683763fb3dd77535f3ec20e7683e1f9aaa1bd4992a973db66d3488c77b,f90f8f7316fdec7fda12b5fefecd163c,predicted,,,https://alphafold.ebi.ac.uk/files/AF-Q923X1-F1-model_v6.cif,https://alphafold.ebi.ac.uk/files/AF-Q923X1-F1-model_v6.pdb,https://alphafold.ebi.ac.uk/files/AF-Q923X1-F1-confidence_v6.json,https://alphafold.ebi.ac.uk/files/AF-Q923X1-F1-predicted_aligned_error_v6.json,candidate,EXACT_FULL_SEQUENCE_LOCAL_QUALITY_PENDING,https://alphafold.ebi.ac.uk/api/prediction/Q923X1,30b42925d9cf460602b487f2e0e92799871f00835d46e6a9a7b13ff5c2594d07,not_assessed,0.1.0
Q924X6,AlphaFold_DB,AF-Q924X6-2-F1,A,6,10090,1,870,not_assessed,21a45a7a14685d10a86a94e76a114b9a37f15ee521a49720a2849acfb8bf9c8a,92cd6151468f86096185f12d09d8bc26,predicted,,,https://alphafold.ebi.ac.uk/files/AF-Q924X6-2-F1-model_v6.cif,https://alphafold.ebi.ac.uk/files/AF-Q924X6-2-F1-model_v6.pdb,https://alphafold.ebi.ac.uk/files/AF-Q924X6-2-F1-confidence_v6.json,https://alphafold.ebi.ac.uk/files/AF-Q924X6-2-F1-predicted_aligned_error_v6.json,held,ALPHAFOLD_ACCESSION_DIFFERS_FROM_CANONICAL,https://alphafold.ebi.ac.uk/api/prediction/Q924X6,d90209ef2a36185b6eacd4a715b5e8f604180d724965dea71dbfa2df9c8547e9,not_assessed,0.1.0
Q924X6,AlphaFold_DB,AF-Q924X6-F1,A,6,10090,1,996,exact_full,3c6fa1917356c322c656503d7ef3394ee9d4b00e97dc1d5af920281c961ec2be,42046cf86bf162617a5e7432d01811ea,predicted,,,https://alphafold.ebi.ac.uk/files/AF-Q924X6-F1-model_v6.cif,https://alphafold.ebi.ac.uk/files/AF-Q924X6-F1-model_v6.pdb,https://alphafold.ebi.ac.uk/files/AF-Q924X6-F1-confidence_v6.json,https://alphafold.ebi.ac.uk/files/AF-Q924X6-F1-predicted_aligned_error_v6.json,candidate,EXACT_FULL_SEQUENCE_LOCAL_QUALITY_PENDING,https://alphafold.ebi.ac.uk/api/prediction/Q924X6,d90209ef2a36185b6eacd4a715b5e8f604180d724965dea71dbfa2df9c8547e9,not_assessed,0.1.0
Q925N0,AlphaFold_DB,AF-Q925N0-F1,A,6,10090,1,342,exact_full,4e2cb76c22db33a58129cabfc3a186eb6e1f1acb89d3abb187f5999f9a653f4c,0a421b4ec723f3afe8d9115c79c4a3b5,predicted,,,https://alphafold.ebi.ac.uk/files/AF-Q925N0-F1-model_v6.cif,https://alphafold.ebi.ac.uk/files/AF-Q925N0-F1-model_v6.pdb,https://alphafold.ebi.ac.uk/files/AF-Q925N0-F1-confidence_v6.json,https://alphafold.ebi.ac.uk/files/AF-Q925N0-F1-predicted_aligned_error_v6.json,candidate,EXACT_FULL_SEQUENCE_LOCAL_QUALITY_PENDING,https://alphafold.ebi.ac.uk/api/prediction/Q925N0,663f0a5116d4d6c43ee308e11fb20d3931a7b789f68042a67fae8570a23a8219,not_assessed,0.1.0
Q925N2,AlphaFold_DB,AF-Q925N2-F1,A,6,10090,1,322,exact_full,2e9786c5300eb1700b3e26927cab5a46d6db7d6f74c1b15aa95fa9e8ff1214af,32d819e3e7430ff15b3ae9354f6f861f,predicted,,,https://alphafold.ebi.ac.uk/files/AF-Q925N2-F1-model_v6.cif,https://alphafold.ebi.ac.uk/files/AF-Q925N2-F1-model_v6.pdb,https://alphafold.ebi.ac.uk/files/AF-Q925N2-F1-confidence_v6.json,https://alphafold.ebi.ac.uk/files/AF-Q925N2-F1-predicted_aligned_error_v6.json,candidate,EXACT_FULL_SEQUENCE_LOCAL_QUALITY_PENDING,https://alphafold.ebi.ac.uk/api/prediction/Q925N2,6a613a635249e667c7536765f31f63fa76957cfe7f5a67bdfb5989f1788cb6b2,not_assessed,0.1.0
Q93092,AlphaFold_DB,AF-Q93092-2-F1,A,6,10090,1,327,not_assessed,fc11ada8d4075cce09e3438fcae62236649b67d416e01d515d1de5a9ea8c10c6,56edd1351d2a9e636dbfbec92d99d861,predicted,,,https://alphafold.ebi.ac.uk/files/AF-Q93092-2-F1-model_v6.cif,https://alphafold.ebi.ac.uk/files/AF-Q93092-2-F1-model_v6.pdb,https://alphafold.ebi.ac.uk/files/AF-Q93092-2-F1-confidence_v6.json,https://alphafold.ebi.ac.uk/files/AF-Q93092-2-F1-predicted_aligned_error_v6.json,held,ALPHAFOLD_ACCESSION_DIFFERS_FROM_CANONICAL,https://alphafold.ebi.ac.uk/api/prediction/Q93092,958a53171fd6139c7c726f6c979844cf38f8611519e832dd2a3fc25d09dec573,not_assessed,0.1.0
Q93092,AlphaFold_DB,AF-Q93092-F1,A,6,10090,1,337,exact_full,4caa7b30cc29176cdfe476240ac356cbbe50b8c8b0727f3ba9337e2c5fdeac7c,49c1703edff1b4ddb4b772953bf8d65e,predicted,,,https://alphafold.ebi.ac.uk/files/AF-Q93092-F1-model_v6.cif,https://alphafold.ebi.ac.uk/files/AF-Q93092-F1-model_v6.pdb,https://alphafold.ebi.ac.uk/files/AF-Q93092-F1-confidence_v6.json,https://alphafold.ebi.ac.uk/files/AF-Q93092-F1-predicted_aligned_error_v6.json,candidate,EXACT_FULL_SEQUENCE_LOCAL_QUALITY_PENDING,https://alphafold.ebi.ac.uk/api/prediction/Q93092,958a53171fd6139c7c726f6c979844cf38f8611519e832dd2a3fc25d09dec573,not_assessed,0.1.0
Q93092,PDBe_SIFTS,2cwn,A,,10090,13,337,not_assessed,,,X-ray diffraction,2.1,0.964,,,,,candidate,MOUSE_SIFTS_CANDIDATE_LOCAL_REVIEW_PENDING,https://www.ebi.ac.uk/pdbe/api/mappings/best_structures/Q93092,18b5840c6bb0ebfaaff849de1e4d5c04fa101cfc3bccd8f6954e65b7f6b15a3c,not_assessed,0.1.0
Q93092,PDBe_SIFTS,2cwn,B,,10090,13,337,not_assessed,,,X-ray diffraction,2.1,0.964,,,,,candidate,MOUSE_SIFTS_CANDIDATE_LOCAL_REVIEW_PENDING,https://www.ebi.ac.uk/pdbe/api/mappings/best_structures/Q93092,18b5840c6bb0ebfaaff849de1e4d5c04fa101cfc3bccd8f6954e65b7f6b15a3c,not_assessed,0.1.0
Q93092,PDBe_SIFTS,2e1d,A,,10090,11,334,not_assessed,,,X-ray diffraction,2.0,0.961,,,,,candidate,MOUSE_SIFTS_CANDIDATE_LOCAL_REVIEW_PENDING,https://www.ebi.ac.uk/pdbe/api/mappings/best_structures/Q93092,18b5840c6bb0ebfaaff849de1e4d5c04fa101cfc3bccd8f6954e65b7f6b15a3c,not_assessed,0.1.0
Q93092,PDBe_SIFTS,2e1d,B,,10090,11,334,not_assessed,,,X-ray diffraction,2.0,0.961,,,,,candidate,MOUSE_SIFTS_CANDIDATE_LOCAL_REVIEW_PENDING,https://www.ebi.ac.uk/pdbe/api/mappings/best_structures/Q93092,18b5840c6bb0ebfaaff849de1e4d5c04fa101cfc3bccd8f6954e65b7f6b15a3c,not_assessed,0.1.0
Q99J79,AlphaFold_DB,AF-Q99J79-F1,A,6,10090,1,432,exact_full,8ca07440f770ed99f6fed949f6ec3901939d152585a25bc8438eed6062af2028,acd85fb71b819a91375c0dedd358a63b,predicted,,,https://alphafold.ebi.ac.uk/files/AF-Q99J79-F1-model_v6.cif,https://alphafold.ebi.ac.uk/files/AF-Q99J79-F1-model_v6.pdb,https://alphafold.ebi.ac.uk/files/AF-Q99J79-F1-confidence_v6.json,https://alphafold.ebi.ac.uk/files/AF-Q99J79-F1-predicted_aligned_error_v6.json,candidate,EXACT_FULL_SEQUENCE_LOCAL_QUALITY_PENDING,https://alphafold.ebi.ac.uk/api/prediction/Q99J79,be7f8a112ba19db11bdf0ee598a3df3d444f3ca7e297797d5b7fd5eed9f56a3b,not_assessed,0.1.0
Q99JF5,AlphaFold_DB,AF-Q99JF5-F1,A,6,10090,1,401,exact_full,3e6f35a022bf643d8ebf9e7875c46a1b22601f50ec1e65272cf7d42f10fbd2ae,bbd5b7f93753ea57b6f96ae94e17491e,predicted,,,https://alphafold.ebi.ac.uk/files/AF-Q99JF5-F1-model_v6.cif,https://alphafold.ebi.ac.uk/files/AF-Q99JF5-F1-model_v6.pdb,https://alphafold.ebi.ac.uk/files/AF-Q99JF5-F1-confidence_v6.json,https://alphafold.ebi.ac.uk/files/AF-Q99JF5-F1-predicted_aligned_error_v6.json,candidate,EXACT_FULL_SEQUENCE_LOCAL_QUALITY_PENDING,https://alphafold.ebi.ac.uk/api/prediction/Q99JF5,11787866d439adc063788645c723aff8a2ca9457eb52062d523fd82b3646a008,not_assessed,0.1.0
Q99JF5,PDBe_SIFTS,3f0n,A,,10090,6,401,not_assessed,,,X-ray diffraction,1.9,0.988,,,,,candidate,MOUSE_SIFTS_CANDIDATE_LOCAL_REVIEW_PENDING,https://www.ebi.ac.uk/pdbe/api/mappings/best_structures/Q99JF5,83f7d07663c39865cea09b28d9f1dfb0a6356ad9447ae72b8d5d19a2c721d629,not_assessed,0.1.0
Q99JF5,PDBe_SIFTS,3f0n,B,,10090,6,401,not_assessed,,,X-ray diffraction,1.9,0.988,,,,,candidate,MOUSE_SIFTS_CANDIDATE_LOCAL_REVIEW_PENDING,https://www.ebi.ac.uk/pdbe/api/mappings/best_structures/Q99JF5,83f7d07663c39865cea09b28d9f1dfb0a6356ad9447ae72b8d5d19a2c721d629,not_assessed,0.1.0
Q99LF1,AlphaFold_DB,AF-Q99LF1-F1,A,6,10090,1,191,exact_full,4a39ca9c4c3608408a7941ef9454822b5c16108691c996ba6d86396af8b9aace,534695dfd1dcf551cb446d10dadd366c,predicted,,,https://alphafold.ebi.ac.uk/files/AF-Q99LF1-F1-model_v6.cif,https://alphafold.ebi.ac.uk/files/AF-Q99LF1-F1-model_v6.pdb,https://alphafold.ebi.ac.uk/files/AF-Q99LF1-F1-confidence_v6.json,https://alphafold.ebi.ac.uk/files/AF-Q99LF1-F1-predicted_aligned_error_v6.json,candidate,EXACT_FULL_SEQUENCE_LOCAL_QUALITY_PENDING,https://alphafold.ebi.ac.uk/api/prediction/Q99LF1,e1cd254112c72efb1ea8afbb9d4d83225654261216c7a4d2c98368018a21317f,not_assessed,0.1.0
Q99MQ4,AlphaFold_DB,AF-Q99MQ4-F1,A,6,10090,1,373,exact_full,e76955ce2edd85bdc6bdfdf251ed6a9cc5ed143818f65f928c431f51108cbd1e,f1a24b264d95dfea8b44fc8fa4ce1dad,predicted,,,https://alphafold.ebi.ac.uk/files/AF-Q99MQ4-F1-model_v6.cif,https://alphafold.ebi.ac.uk/files/AF-Q99MQ4-F1-model_v6.pdb,https://alphafold.ebi.ac.uk/files/AF-Q99MQ4-F1-confidence_v6.json,https://alphafold.ebi.ac.uk/files/AF-Q99MQ4-F1-predicted_aligned_error_v6.json,candidate,EXACT_FULL_SEQUENCE_LOCAL_QUALITY_PENDING,https://alphafold.ebi.ac.uk/api/prediction/Q99MQ4,8fb3a2744165ef5f7ba751495c6418bd5b0cadef2a3fd5b233dec86dbfe0d929,not_assessed,0.1.0
Q99MR1,AlphaFold_DB,AF-Q99MR1-F1,A,6,10090,1,1044,exact_full,f451de3b99f1c110258423be8a0068718fc31735b5225150159d8bd18f60ff7f,1b27612358e78a86926ecc6026a5ece9,predicted,,,https://alphafold.ebi.ac.uk/files/AF-Q99MR1-F1-model_v6.cif,https://alphafold.ebi.ac.uk/files/AF-Q99MR1-F1-model_v6.pdb,https://alphafold.ebi.ac.uk/files/AF-Q99MR1-F1-confidence_v6.json,https://alphafold.ebi.ac.uk/files/AF-Q99MR1-F1-predicted_aligned_error_v6.json,candidate,EXACT_FULL_SEQUENCE_LOCAL_QUALITY_PENDING,https://alphafold.ebi.ac.uk/api/prediction/Q99MR1,d6e9ce4a35a7202301e4ecf741ba6f7ff6415ba1d3b558cac3f68a453dd95516,not_assessed,0.1.0
Q99N05,AlphaFold_DB,AF-Q99N05-F1,A,6,10090,1,225,exact_full,a3f15d681c9f04b3e9311d5779e41d7066dd17569a5b368a72776aeb7512f3e0,ef950801de604326c576431dc7c367da,predicted,,,https://alphafold.ebi.ac.uk/files/AF-Q99N05-F1-model_v6.cif,https://alphafold.ebi.ac.uk/files/AF-Q99N05-F1-model_v6.pdb,https://alphafold.ebi.ac.uk/files/AF-Q99N05-F1-confidence_v6.json,https://alphafold.ebi.ac.uk/files/AF-Q99N05-F1-predicted_aligned_error_v6.json,candidate,EXACT_FULL_SEQUENCE_LOCAL_QUALITY_PENDING,https://alphafold.ebi.ac.uk/api/prediction/Q99N05,82dad28ac8d586c15334d6d9d3d0abef7307b6c5f6f464ebc116e1e587122802,not_assessed,0.1.0
Q99N09,AlphaFold_DB,AF-Q99N09-F1,A,6,10090,1,244,exact_full,0219c0c72760c8b2c5c703cf496b92bdcf20f9722e7c459048fb37fe6fb1ccc9,a7237ccf833be8c5ba28f225dfaac5d1,predicted,,,https://alphafold.ebi.ac.uk/files/AF-Q99N09-F1-model_v6.cif,https://alphafold.ebi.ac.uk/files/AF-Q99N09-F1-model_v6.pdb,https://alphafold.ebi.ac.uk/files/AF-Q99N09-F1-confidence_v6.json,https://alphafold.ebi.ac.uk/files/AF-Q99N09-F1-predicted_aligned_error_v6.json,candidate,EXACT_FULL_SEQUENCE_LOCAL_QUALITY_PENDING,https://alphafold.ebi.ac.uk/api/prediction/Q99N09,afdda7ada44696fa1e7385276285c8079d1bf20a52b2ccfaf175aca207c952a5,not_assessed,0.1.0
Q99N48,AlphaFold_DB,AF-Q99N48-2-F1,A,6,10090,1,412,not_assessed,2629a76c4a154bbefe1db22637cec2eb7e15d4a8c83015f367d4fe9a2a1f2c8c,4179a3d0c09cbe729c04178502cd2b40,predicted,,,https://alphafold.ebi.ac.uk/files/AF-Q99N48-2-F1-model_v6.cif,https://alphafold.ebi.ac.uk/files/AF-Q99N48-2-F1-model_v6.pdb,https://alphafold.ebi.ac.uk/files/AF-Q99N48-2-F1-confidence_v6.json,https://alphafold.ebi.ac.uk/files/AF-Q99N48-2-F1-predicted_aligned_error_v6.json,held,ALPHAFOLD_ACCESSION_DIFFERS_FROM_CANONICAL,https://alphafold.ebi.ac.uk/api/prediction/Q99N48,e8a4d9fdf748cb276209598720e35706891044bf9f4d1c4c2e813cf44553596a,not_assessed,0.1.0
Q99N48,AlphaFold_DB,AF-Q99N48-3-F1,A,6,10090,1,393,not_assessed,1bd1476be38af9525d082272382f5f4b39acd8df2788afb16d743d5abca06f33,0c666479cf1a914e99ad7472aeaf3414,predicted,,,https://alphafold.ebi.ac.uk/files/AF-Q99N48-3-F1-model_v6.cif,https://alphafold.ebi.ac.uk/files/AF-Q99N48-3-F1-model_v6.pdb,https://alphafold.ebi.ac.uk/files/AF-Q99N48-3-F1-confidence_v6.json,https://alphafold.ebi.ac.uk/files/AF-Q99N48-3-F1-predicted_aligned_error_v6.json,held,ALPHAFOLD_ACCESSION_DIFFERS_FROM_CANONICAL,https://alphafold.ebi.ac.uk/api/prediction/Q99N48,e8a4d9fdf748cb276209598720e35706891044bf9f4d1c4c2e813cf44553596a,not_assessed,0.1.0
Q99N48,AlphaFold_DB,AF-Q99N48-4-F1,A,6,10090,1,311,not_assessed,82e13cc6f05dee1ae81597b7eb97ee7b23a4e5d1fb22f8bf50a64efda2fde7e0,f9bb6031b7762f34d6a49d28b67c686e,predicted,,,https://alphafold.ebi.ac.uk/files/AF-Q99N48-4-F1-model_v6.cif,https://alphafold.ebi.ac.uk/files/AF-Q99N48-4-F1-model_v6.pdb,https://alphafold.ebi.ac.uk/files/AF-Q99N48-4-F1-confidence_v6.json,https://alphafold.ebi.ac.uk/files/AF-Q99N48-4-F1-predicted_aligned_error_v6.json,held,ALPHAFOLD_ACCESSION_DIFFERS_FROM_CANONICAL,https://alphafold.ebi.ac.uk/api/prediction/Q99N48,e8a4d9fdf748cb276209598720e35706891044bf9f4d1c4c2e813cf44553596a,not_assessed,0.1.0
Q99N48,AlphaFold_DB,AF-Q99N48-5-F1,A,6,10090,1,114,not_assessed,6f72f5c9a19cabbd41cefd335821f54abca322b849e02a619bd3cdda7e921a45,823927b7d8e1904f311e2049e94de689,predicted,,,https://alphafold.ebi.ac.uk/files/AF-Q99N48-5-F1-model_v6.cif,https://alphafold.ebi.ac.uk/files/AF-Q99N48-5-F1-model_v6.pdb,https://alphafold.ebi.ac.uk/files/AF-Q99N48-5-F1-confidence_v6.json,https://alphafold.ebi.ac.uk/files/AF-Q99N48-5-F1-predicted_aligned_error_v6.json,held,ALPHAFOLD_ACCESSION_DIFFERS_FROM_CANONICAL,https://alphafold.ebi.ac.uk/api/prediction/Q99N48,e8a4d9fdf748cb276209598720e35706891044bf9f4d1c4c2e813cf44553596a,not_assessed,0.1.0
Q99N48,AlphaFold_DB,AF-Q99N48-F1,A,6,10090,1,607,exact_full,6a51538df22af6c0bc33af4ea2363c75e17eb282a46d2351de10f06f9550ced4,b23e8a502dc3cb7396822c6c6abe09d6,predicted,,,https://alphafold.ebi.ac.uk/files/AF-Q99N48-F1-model_v6.cif,https://alphafold.ebi.ac.uk/files/AF-Q99N48-F1-model_v6.pdb,https://alphafold.ebi.ac.uk/files/AF-Q99N48-F1-confidence_v6.json,https://alphafold.ebi.ac.uk/files/AF-Q99N48-F1-predicted_aligned_error_v6.json,candidate,EXACT_FULL_SEQUENCE_LOCAL_QUALITY_PENDING,https://alphafold.ebi.ac.uk/api/prediction/Q99N48,e8a4d9fdf748cb276209598720e35706891044bf9f4d1c4c2e813cf44553596a,not_assessed,0.1.0
Q99N90,AlphaFold_DB,AF-Q99N90-F1,A,6,10090,1,102,exact_full,0ac124c62186e942ef7f3582da2e33c4a6d28f59efc7ab923609ee5d7452235a,4453189303529e9aadc1a828173031da,predicted,,,https://alphafold.ebi.ac.uk/files/AF-Q99N90-F1-model_v6.cif,https://alphafold.ebi.ac.uk/files/AF-Q99N90-F1-model_v6.pdb,https://alphafold.ebi.ac.uk/files/AF-Q99N90-F1-confidence_v6.json,https://alphafold.ebi.ac.uk/files/AF-Q99N90-F1-predicted_aligned_error_v6.json,candidate,EXACT_FULL_SEQUENCE_LOCAL_QUALITY_PENDING,https://alphafold.ebi.ac.uk/api/prediction/Q99N90,8b9a7977693cefb576211988a52d178b15bb5bc6c2f60be122209ca19cb1d93d,not_assessed,0.1.0
Q99N90,PDBe_SIFTS,9e9c,4,,10090,1,101,not_assessed,,,Electron Microscopy,3.62,0.99,,,,,candidate,MOUSE_SIFTS_CANDIDATE_LOCAL_REVIEW_PENDING,https://www.ebi.ac.uk/pdbe/api/mappings/best_structures/Q99N90,87a5a08a39a2739d80daeca66401f698a7319d44f4aeab2aaa668a5574d9e949,not_assessed,0.1.0
Q99N90,PDBe_SIFTS,9hcf,4,,10090,1,101,not_assessed,,,Electron Microscopy,2.85,0.99,,,,,candidate,MOUSE_SIFTS_CANDIDATE_LOCAL_REVIEW_PENDING,https://www.ebi.ac.uk/pdbe/api/mappings/best_structures/Q99N90,87a5a08a39a2739d80daeca66401f698a7319d44f4aeab2aaa668a5574d9e949,not_assessed,0.1.0
Q99N90,PDBe_SIFTS,9hcg,4,,10090,65,101,not_assessed,,,Electron Microscopy,2.91,0.363,,,,,candidate,MOUSE_SIFTS_CANDIDATE_LOCAL_REVIEW_PENDING,https://www.ebi.ac.uk/pdbe/api/mappings/best_structures/Q99N90,87a5a08a39a2739d80daeca66401f698a7319d44f4aeab2aaa668a5574d9e949,not_assessed,0.1.0
Q99N90,PDBe_SIFTS,9hch,4,,10090,1,101,not_assessed,,,Electron Microscopy,2.85,0.99,,,,,candidate,MOUSE_SIFTS_CANDIDATE_LOCAL_REVIEW_PENDING,https://www.ebi.ac.uk/pdbe/api/mappings/best_structures/Q99N90,87a5a08a39a2739d80daeca66401f698a7319d44f4aeab2aaa668a5574d9e949,not_assessed,0.1.0
Q99N91,AlphaFold_DB,AF-Q99N91-F1,A,6,10090,1,92,exact_full,94bb5411a2468831c7e5a5ab9b07b0de93c9376fc3f3e26235776b6c03e3558b,4a7f4fb04eb9a0aee5ce1dc71ef63f72,predicted,,,https://alphafold.ebi.ac.uk/files/AF-Q99N91-F1-model_v6.cif,https://alphafold.ebi.ac.uk/files/AF-Q99N91-F1-model_v6.pdb,https://alphafold.ebi.ac.uk/files/AF-Q99N91-F1-confidence_v6.json,https://alphafold.ebi.ac.uk/files/AF-Q99N91-F1-predicted_aligned_error_v6.json,candidate,EXACT_FULL_SEQUENCE_LOCAL_QUALITY_PENDING,https://alphafold.ebi.ac.uk/api/prediction/Q99N91,0555628246f5c4571ca134e04118cc065c38045d1fe66390c3588b3e29edd067,not_assessed,0.1.0
Q99N91,PDBe_SIFTS,9e9c,2,,10090,1,92,not_assessed,,,Electron Microscopy,3.62,1.0,,,,,candidate,MOUSE_SIFTS_CANDIDATE_LOCAL_REVIEW_PENDING,https://www.ebi.ac.uk/pdbe/api/mappings/best_structures/Q99N91,fb48068d2ca610490b8e0aec2a793645fd7207d2f0d24b83b01e6c389921604a,not_assessed,0.1.0
Q99N91,PDBe_SIFTS,9hcf,2,,10090,1,92,not_assessed,,,Electron Microscopy,2.85,1.0,,,,,candidate,MOUSE_SIFTS_CANDIDATE_LOCAL_REVIEW_PENDING,https://www.ebi.ac.uk/pdbe/api/mappings/best_structures/Q99N91,fb48068d2ca610490b8e0aec2a793645fd7207d2f0d24b83b01e6c389921604a,not_assessed,0.1.0
Q99N91,PDBe_SIFTS,9hcg,2,,10090,47,92,not_assessed,,,Electron Microscopy,2.91,0.5,,,,,candidate,MOUSE_SIFTS_CANDIDATE_LOCAL_REVIEW_PENDING,https://www.ebi.ac.uk/pdbe/api/mappings/best_structures/Q99N91,fb48068d2ca610490b8e0aec2a793645fd7207d2f0d24b83b01e6c389921604a,not_assessed,0.1.0
Q99N91,PDBe_SIFTS,9hch,2,,10090,1,92,not_assessed,,,Electron Microscopy,2.85,1.0,,,,,candidate,MOUSE_SIFTS_CANDIDATE_LOCAL_REVIEW_PENDING,https://www.ebi.ac.uk/pdbe/api/mappings/best_structures/Q99N91,fb48068d2ca610490b8e0aec2a793645fd7207d2f0d24b83b01e6c389921604a,not_assessed,0.1.0
Q99P47,AlphaFold_DB,AF-Q99P47-F1,A,6,10090,1,1310,exact_full,6572d90957315f0f28bd8079f27a4fa46018df2f68e1ae23522262fc03d585ea,bd908fbeb2d793a491e95832e84c9a67,predicted,,,https://alphafold.ebi.ac.uk/files/AF-Q99P47-F1-model_v6.cif,https://alphafold.ebi.ac.uk/files/AF-Q99P47-F1-model_v6.pdb,https://alphafold.ebi.ac.uk/files/AF-Q99P47-F1-confidence_v6.json,https://alphafold.ebi.ac.uk/files/AF-Q99P47-F1-predicted_aligned_error_v6.json,candidate,EXACT_FULL_SEQUENCE_LOCAL_QUALITY_PENDING,https://alphafold.ebi.ac.uk/api/prediction/Q99P47,7fe25e8bfa3b2137b9e5847707af2270ade5cb429e6c10fde51a24ead196221e,not_assessed,0.1.0
Q99PI4,AlphaFold_DB,AF-Q99PI4-F1,A,6,10090,1,848,exact_full,fc6a160790aab035c5912c73b090a546efb9c4d9ea29a8aacbf49e2aa51fdd46,bbb60fc4e85efb8749ea56bcb2e1b076,predicted,,,https://alphafold.ebi.ac.uk/files/AF-Q99PI4-F1-model_v6.cif,https://alphafold.ebi.ac.uk/files/AF-Q99PI4-F1-model_v6.pdb,https://alphafold.ebi.ac.uk/files/AF-Q99PI4-F1-confidence_v6.json,https://alphafold.ebi.ac.uk/files/AF-Q99PI4-F1-predicted_aligned_error_v6.json,candidate,EXACT_FULL_SEQUENCE_LOCAL_QUALITY_PENDING,https://alphafold.ebi.ac.uk/api/prediction/Q99PI4,d4cef3fe211a3c30bf3fa1eef7c83c59a528d5fdeec25b1b41d24426153892f6,not_assessed,0.1.0
Q99PL8,AlphaFold_DB,AF-Q99PL8-F1,A,6,10090,1,488,exact_full,ac757db1811c04b4e6db256c83ba3a9008dc8d55a621fbb4b9bce116798c40b0,0cb89edef58d4acdd09754c86a69990e,predicted,,,https://alphafold.ebi.ac.uk/files/AF-Q99PL8-F1-model_v6.cif,https://alphafold.ebi.ac.uk/files/AF-Q99PL8-F1-model_v6.pdb,https://alphafold.ebi.ac.uk/files/AF-Q99PL8-F1-confidence_v6.json,https://alphafold.ebi.ac.uk/files/AF-Q99PL8-F1-predicted_aligned_error_v6.json,candidate,EXACT_FULL_SEQUENCE_LOCAL_QUALITY_PENDING,https://alphafold.ebi.ac.uk/api/prediction/Q99PL8,e7946902e41764f55d652a94ac2c6caec6061a21a10ad3804d08cc341b452ed4,not_assessed,0.1.0
Q99PU5,AlphaFold_DB,AF-Q99PU5-F1,A,6,10090,1,721,exact_full,fb89a255a3b73fba3be70f433b86af9329c8a9d23b99aeca16c00bfe0f3ee438,6dc768fffb6200cfecbe12ff444185f1,predicted,,,https://alphafold.ebi.ac.uk/files/AF-Q99PU5-F1-model_v6.cif,https://alphafold.ebi.ac.uk/files/AF-Q99PU5-F1-model_v6.pdb,https://alphafold.ebi.ac.uk/files/AF-Q99PU5-F1-confidence_v6.json,https://alphafold.ebi.ac.uk/files/AF-Q99PU5-F1-predicted_aligned_error_v6.json,candidate,EXACT_FULL_SEQUENCE_LOCAL_QUALITY_PENDING,https://alphafold.ebi.ac.uk/api/prediction/Q99PU5,8438f23042e64fcf20788a73630aec30bc5ffffe181347630f7ab4624d28750a,not_assessed,0.1.0
Q9CPU0,AlphaFold_DB,AF-Q9CPU0-F1,A,6,10090,1,184,exact_full,fffdbd9dd2d3455dd0fac03461b7472513125d4594700868568b048c6c77c45b,feb70490b0f446fe8e99577038ff0f01,predicted,,,https://alphafold.ebi.ac.uk/files/AF-Q9CPU0-F1-model_v6.cif,https://alphafold.ebi.ac.uk/files/AF-Q9CPU0-F1-model_v6.pdb,https://alphafold.ebi.ac.uk/files/AF-Q9CPU0-F1-confidence_v6.json,https://alphafold.ebi.ac.uk/files/AF-Q9CPU0-F1-predicted_aligned_error_v6.json,candidate,EXACT_FULL_SEQUENCE_LOCAL_QUALITY_PENDING,https://alphafold.ebi.ac.uk/api/prediction/Q9CPU0,4e29992ee1a1efcfb534505f38633f6c0b5ad63ea8655cee69fa22c1ac899a1e,not_assessed,0.1.0
Q9CPU0,PDBe_SIFTS,2za0,A,,10090,1,184,not_assessed,,,X-ray diffraction,1.7,1.0,,,,,candidate,MOUSE_SIFTS_CANDIDATE_LOCAL_REVIEW_PENDING,https://www.ebi.ac.uk/pdbe/api/mappings/best_structures/Q9CPU0,34662bd62778c291f66fe9d8ae120b6e1b38f2f48e5f186c4a0f10fd928973ca,not_assessed,0.1.0
Q9CPU0,PDBe_SIFTS,2za0,B,,10090,1,184,not_assessed,,,X-ray diffraction,1.7,1.0,,,,,candidate,MOUSE_SIFTS_CANDIDATE_LOCAL_REVIEW_PENDING,https://www.ebi.ac.uk/pdbe/api/mappings/best_structures/Q9CPU0,34662bd62778c291f66fe9d8ae120b6e1b38f2f48e5f186c4a0f10fd928973ca,not_assessed,0.1.0
Q9CPU0,PDBe_SIFTS,4kyh,A,,10090,1,184,not_assessed,,,X-ray diffraction,2.5,1.0,,,,,candidate,MOUSE_SIFTS_CANDIDATE_LOCAL_REVIEW_PENDING,https://www.ebi.ac.uk/pdbe/api/mappings/best_structures/Q9CPU0,34662bd62778c291f66fe9d8ae120b6e1b38f2f48e5f186c4a0f10fd928973ca,not_assessed,0.1.0
Q9CPU0,PDBe_SIFTS,4kyh,B,,10090,1,184,not_assessed,,,X-ray diffraction,2.5,1.0,,,,,candidate,MOUSE_SIFTS_CANDIDATE_LOCAL_REVIEW_PENDING,https://www.ebi.ac.uk/pdbe/api/mappings/best_structures/Q9CPU0,34662bd62778c291f66fe9d8ae120b6e1b38f2f48e5f186c4a0f10fd928973ca,not_assessed,0.1.0
Q9CPU0,PDBe_SIFTS,4kyk,A,,10090,1,184,not_assessed,,,X-ray diffraction,2.0,1.0,,,,,candidate,MOUSE_SIFTS_CANDIDATE_LOCAL_REVIEW_PENDING,https://www.ebi.ac.uk/pdbe/api/mappings/best_structures/Q9CPU0,34662bd62778c291f66fe9d8ae120b6e1b38f2f48e5f186c4a0f10fd928973ca,not_assessed,0.1.0
Q9CPU0,PDBe_SIFTS,4kyk,B,,10090,1,184,not_assessed,,,X-ray diffraction,2.0,1.0,,,,,candidate,MOUSE_SIFTS_CANDIDATE_LOCAL_REVIEW_PENDING,https://www.ebi.ac.uk/pdbe/api/mappings/best_structures/Q9CPU0,34662bd62778c291f66fe9d8ae120b6e1b38f2f48e5f186c4a0f10fd928973ca,not_assessed,0.1.0
Q9CPU0,PDBe_SIFTS,4opn,A,,10090,1,184,not_assessed,,,X-ray diffraction,2.1,1.0,,,,,candidate,MOUSE_SIFTS_CANDIDATE_LOCAL_REVIEW_PENDING,https://www.ebi.ac.uk/pdbe/api/mappings/best_structures/Q9CPU0,34662bd62778c291f66fe9d8ae120b6e1b38f2f48e5f186c4a0f10fd928973ca,not_assessed,0.1.0
Q9CPU0,PDBe_SIFTS,4opn,B,,10090,1,184,not_assessed,,,X-ray diffraction,2.1,1.0,,,,,candidate,MOUSE_SIFTS_CANDIDATE_LOCAL_REVIEW_PENDING,https://www.ebi.ac.uk/pdbe/api/mappings/best_structures/Q9CPU0,34662bd62778c291f66fe9d8ae120b6e1b38f2f48e5f186c4a0f10fd928973ca,not_assessed,0.1.0
Q9CPU0,PDBe_SIFTS,4pv5,A,,10090,2,184,not_assessed,,,X-ray diffraction,2.3,0.995,,,,,candidate,MOUSE_SIFTS_CANDIDATE_LOCAL_REVIEW_PENDING,https://www.ebi.ac.uk/pdbe/api/mappings/best_structures/Q9CPU0,34662bd62778c291f66fe9d8ae120b6e1b38f2f48e5f186c4a0f10fd928973ca,not_assessed,0.1.0
Q9CPU0,PDBe_SIFTS,4pv5,B,,10090,2,184,not_assessed,,,X-ray diffraction,2.3,0.995,,,,,candidate,MOUSE_SIFTS_CANDIDATE_LOCAL_REVIEW_PENDING,https://www.ebi.ac.uk/pdbe/api/mappings/best_structures/Q9CPU0,34662bd62778c291f66fe9d8ae120b6e1b38f2f48e5f186c4a0f10fd928973ca,not_assessed,0.1.0
Q9CPU0,PDBe_SIFTS,4x2a,A,,10090,1,184,not_assessed,,,X-ray diffraction,2.0,1.0,,,,,candidate,MOUSE_SIFTS_CANDIDATE_LOCAL_REVIEW_PENDING,https://www.ebi.ac.uk/pdbe/api/mappings/best_structures/Q9CPU0,34662bd62778c291f66fe9d8ae120b6e1b38f2f48e5f186c4a0f10fd928973ca,not_assessed,0.1.0
Q9CPU0,PDBe_SIFTS,4x2a,B,,10090,1,184,not_assessed,,,X-ray diffraction,2.0,1.0,,,,,candidate,MOUSE_SIFTS_CANDIDATE_LOCAL_REVIEW_PENDING,https://www.ebi.ac.uk/pdbe/api/mappings/best_structures/Q9CPU0,34662bd62778c291f66fe9d8ae120b6e1b38f2f48e5f186c4a0f10fd928973ca,not_assessed,0.1.0
Q9CPU0,PDBe_SIFTS,6l0u,A,,10090,6,184,not_assessed,,,X-ray diffraction,1.95,0.973,,,,,candidate,MOUSE_SIFTS_CANDIDATE_LOCAL_REVIEW_PENDING,https://www.ebi.ac.uk/pdbe/api/mappings/best_structures/Q9CPU0,34662bd62778c291f66fe9d8ae120b6e1b38f2f48e5f186c4a0f10fd928973ca,not_assessed,0.1.0
Q9CPU0,PDBe_SIFTS,6l0u,B,,10090,6,184,not_assessed,,,X-ray diffraction,1.95,0.973,,,,,candidate,MOUSE_SIFTS_CANDIDATE_LOCAL_REVIEW_PENDING,https://www.ebi.ac.uk/pdbe/api/mappings/best_structures/Q9CPU0,34662bd62778c291f66fe9d8ae120b6e1b38f2f48e5f186c4a0f10fd928973ca,not_assessed,0.1.0
Q9CPV9,AlphaFold_DB,AF-Q9CPV9-F1,A,6,10090,1,347,exact_full,e520c0a80e3e365368d8681de6e5626d764e23a429e26e1a92794dc13fd06f45,5b3fae565884a0e1ec5d379849c26737,predicted,,,https://alphafold.ebi.ac.uk/files/AF-Q9CPV9-F1-model_v6.cif,https://alphafold.ebi.ac.uk/files/AF-Q9CPV9-F1-model_v6.pdb,https://alphafold.ebi.ac.uk/files/AF-Q9CPV9-F1-confidence_v6.json,https://alphafold.ebi.ac.uk/files/AF-Q9CPV9-F1-predicted_aligned_error_v6.json,candidate,EXACT_FULL_SEQUENCE_LOCAL_QUALITY_PENDING,https://alphafold.ebi.ac.uk/api/prediction/Q9CPV9,86f3043c52c93dd69a36594946578791f377148368f01823b55cf4c14f86c060,not_assessed,0.1.0
Q9CQ00,AlphaFold_DB,AF-Q9CQ00-F1,A,6,10090,1,111,exact_full,4a972a1f88d2de0eddc25250ecfa8608d3d2f8a28abacc8a628298bc57820616,296c3e46dd6984aa3c53111ff2999d61,predicted,,,https://alphafold.ebi.ac.uk/files/AF-Q9CQ00-F1-model_v6.cif,https://alphafold.ebi.ac.uk/files/AF-Q9CQ00-F1-model_v6.pdb,https://alphafold.ebi.ac.uk/files/AF-Q9CQ00-F1-confidence_v6.json,https://alphafold.ebi.ac.uk/files/AF-Q9CQ00-F1-predicted_aligned_error_v6.json,candidate,EXACT_FULL_SEQUENCE_LOCAL_QUALITY_PENDING,https://alphafold.ebi.ac.uk/api/prediction/Q9CQ00,6eb769e3c582626dde6f0d7a7c847f9916544ae7f9f31da6ebb404ea7c1d2a2c,not_assessed,0.1.0
Q9CQ02,AlphaFold_DB,AF-Q9CQ02-F1,A,6,10090,1,199,exact_full,e627dd75692e873ab19bbad124917f17893d653a0a091afe2e755dabc1f88588,f4594d70d565e9a50d5b4153aeb5dc9a,predicted,,,https://alphafold.ebi.ac.uk/files/AF-Q9CQ02-F1-model_v6.cif,https://alphafold.ebi.ac.uk/files/AF-Q9CQ02-F1-model_v6.pdb,https://alphafold.ebi.ac.uk/files/AF-Q9CQ02-F1-confidence_v6.json,https://alphafold.ebi.ac.uk/files/AF-Q9CQ02-F1-predicted_aligned_error_v6.json,candidate,EXACT_FULL_SEQUENCE_LOCAL_QUALITY_PENDING,https://alphafold.ebi.ac.uk/api/prediction/Q9CQ02,bde887b43d745116075c4318a2da615f9dac65ecd6f49ba0f155f475ca48963a,not_assessed,0.1.0
Q9CQ19,AlphaFold_DB,AF-Q9CQ19-F1,A,6,10090,1,172,exact_full,74608f26568b1860f4b8cdc9227668f281618d89ec9b34ef90ffbcddc2814586,d11d5422f14eb46f33323e3f2633c3a8,predicted,,,https://alphafold.ebi.ac.uk/files/AF-Q9CQ19-F1-model_v6.cif,https://alphafold.ebi.ac.uk/files/AF-Q9CQ19-F1-model_v6.pdb,https://alphafold.ebi.ac.uk/files/AF-Q9CQ19-F1-confidence_v6.json,https://alphafold.ebi.ac.uk/files/AF-Q9CQ19-F1-predicted_aligned_error_v6.json,candidate,EXACT_FULL_SEQUENCE_LOCAL_QUALITY_PENDING,https://alphafold.ebi.ac.uk/api/prediction/Q9CQ19,b7a325f17a196e818dc12ce05f3c4c2b17b71fd193c382a5dafbb320871fb4e3,not_assessed,0.1.0
Q9CQ86,AlphaFold_DB,AF-Q9CQ86-F1,A,6,10090,1,115,exact_full,b95d88383675faf0ace6fdb965fc1f33e5fed8434f1d436d84dd1dae7530ecf6,ccb062c60c7420d45f5a52d47b5c1207,predicted,,,https://alphafold.ebi.ac.uk/files/AF-Q9CQ86-F1-model_v6.cif,https://alphafold.ebi.ac.uk/files/AF-Q9CQ86-F1-model_v6.pdb,https://alphafold.ebi.ac.uk/files/AF-Q9CQ86-F1-confidence_v6.json,https://alphafold.ebi.ac.uk/files/AF-Q9CQ86-F1-predicted_aligned_error_v6.json,candidate,EXACT_FULL_SEQUENCE_LOCAL_QUALITY_PENDING,https://alphafold.ebi.ac.uk/api/prediction/Q9CQ86,d189237c51cc3e2c2eb8e652a562adb090da2028baa092801530a7744ca7d69b,not_assessed,0.1.0
Q9CQG2,AlphaFold_DB,AF-Q9CQG2-2-F1,A,6,10090,1,523,not_assessed,976481df336dddde996f2b45b7fcce971a8ca3e5d99eee3562123e5a61256213,8d425f1faf11805fcbdd089f7b694072,predicted,,,https://alphafold.ebi.ac.uk/files/AF-Q9CQG2-2-F1-model_v6.cif,https://alphafold.ebi.ac.uk/files/AF-Q9CQG2-2-F1-model_v6.pdb,https://alphafold.ebi.ac.uk/files/AF-Q9CQG2-2-F1-confidence_v6.json,https://alphafold.ebi.ac.uk/files/AF-Q9CQG2-2-F1-predicted_aligned_error_v6.json,held,ALPHAFOLD_ACCESSION_DIFFERS_FROM_CANONICAL,https://alphafold.ebi.ac.uk/api/prediction/Q9CQG2,d72307cfab913c219f346d41aea3b5cb40b63a017882bbd7b3ac67d2e7d3a560,not_assessed,0.1.0
Q9CQG2,AlphaFold_DB,AF-Q9CQG2-F1,A,6,10090,1,553,exact_full,0aaf3748a5e67df0d8e3cc3dd47d56add70b10a5861d717018604a2db7008cf9,4309c6f94ce2ee8856232e8d01f2ea1f,predicted,,,https://alphafold.ebi.ac.uk/files/AF-Q9CQG2-F1-model_v6.cif,https://alphafold.ebi.ac.uk/files/AF-Q9CQG2-F1-model_v6.pdb,https://alphafold.ebi.ac.uk/files/AF-Q9CQG2-F1-confidence_v6.json,https://alphafold.ebi.ac.uk/files/AF-Q9CQG2-F1-predicted_aligned_error_v6.json,candidate,EXACT_FULL_SEQUENCE_LOCAL_QUALITY_PENDING,https://alphafold.ebi.ac.uk/api/prediction/Q9CQG2,d72307cfab913c219f346d41aea3b5cb40b63a017882bbd7b3ac67d2e7d3a560,not_assessed,0.1.0
Q9CQJ5,AlphaFold_DB,AF-Q9CQJ5-F1,A,6,10090,1,137,exact_full,783ebc74cc48677dbdedfaf90ee1d38a1cd505cb50baaa17712fb173c5099432,3dd13acb17eca4158bd7c5a3cfcd47e5,predicted,,,https://alphafold.ebi.ac.uk/files/AF-Q9CQJ5-F1-model_v6.cif,https://alphafold.ebi.ac.uk/files/AF-Q9CQJ5-F1-model_v6.pdb,https://alphafold.ebi.ac.uk/files/AF-Q9CQJ5-F1-confidence_v6.json,https://alphafold.ebi.ac.uk/files/AF-Q9CQJ5-F1-predicted_aligned_error_v6.json,candidate,EXACT_FULL_SEQUENCE_LOCAL_QUALITY_PENDING,https://alphafold.ebi.ac.uk/api/prediction/Q9CQJ5,e7b155e481580c2ddc3c3e7621a271082ea67f96b084d5d7e42eaf6bc5ca9da7,not_assessed,0.1.0
Q9CQM5,AlphaFold_DB,AF-Q9CQM5-F1,A,6,10090,1,123,exact_full,766e2ad01f880832ade666c48dbf68974bc34d5801bb6ccfca9a0d5f95c6a808,fa0e429cb7304f05f94f2d3702300410,predicted,,,https://alphafold.ebi.ac.uk/files/AF-Q9CQM5-F1-model_v6.cif,https://alphafold.ebi.ac.uk/files/AF-Q9CQM5-F1-model_v6.pdb,https://alphafold.ebi.ac.uk/files/AF-Q9CQM5-F1-confidence_v6.json,https://alphafold.ebi.ac.uk/files/AF-Q9CQM5-F1-predicted_aligned_error_v6.json,candidate,EXACT_FULL_SEQUENCE_LOCAL_QUALITY_PENDING,https://alphafold.ebi.ac.uk/api/prediction/Q9CQM5,ed34572596e7e5a43ffde3120f6e09b10ab42ab785ea0a7962dcddf36547e570,not_assessed,0.1.0
Q9CQM5,PDBe_SIFTS,1v9w,A,,10090,1,123,not_assessed,,,Solution NMR,,1.0,,,,,candidate,MOUSE_SIFTS_CANDIDATE_LOCAL_REVIEW_PENDING,https://www.ebi.ac.uk/pdbe/api/mappings/best_structures/Q9CQM5,7f18c821e8c9ffd836e15f02b224a7021d255fd1b1980480829bfc69b71cefe7,not_assessed,0.1.0
Q9CQP8,AlphaFold_DB,AF-Q9CQP8-F1,A,6,10090,1,194,exact_full,651c1d583c4cfdd4cb7eaf01c40abd07c328ac563d42ee7cf0ae94640d926007,8fd8243e88003d5d96a52db938b90227,predicted,,,https://alphafold.ebi.ac.uk/files/AF-Q9CQP8-F1-model_v6.cif,https://alphafold.ebi.ac.uk/files/AF-Q9CQP8-F1-model_v6.pdb,https://alphafold.ebi.ac.uk/files/AF-Q9CQP8-F1-confidence_v6.json,https://alphafold.ebi.ac.uk/files/AF-Q9CQP8-F1-predicted_aligned_error_v6.json,candidate,EXACT_FULL_SEQUENCE_LOCAL_QUALITY_PENDING,https://alphafold.ebi.ac.uk/api/prediction/Q9CQP8,6d887c37eff2a351003fc3dbc1342b59271fe316d1eb06f3e489a840a3e37e0d,not_assessed,0.1.0
Q9CQP8,PDBe_SIFTS,7eeb,K,,10090,1,194,not_assessed,,,Electron Microscopy,2.9,1.0,,,,,candidate,MOUSE_SIFTS_CANDIDATE_LOCAL_REVIEW_PENDING,https://www.ebi.ac.uk/pdbe/api/mappings/best_structures/Q9CQP8,9ac5f2f44627ea4b47e9cc389fb75e4b7a98bae3883457803acf422b78a30973,not_assessed,0.1.0
Q9CQP8,PDBe_SIFTS,9lwo,C,,10090,1,194,not_assessed,,,Electron Microscopy,4.77,1.0,,,,,candidate,MOUSE_SIFTS_CANDIDATE_LOCAL_REVIEW_PENDING,https://www.ebi.ac.uk/pdbe/api/mappings/best_structures/Q9CQP8,9ac5f2f44627ea4b47e9cc389fb75e4b7a98bae3883457803acf422b78a30973,not_assessed,0.1.0
Q9CQP8,PDBe_SIFTS,9ubw,K,,10090,38,186,not_assessed,,,Electron Microscopy,3.9,0.768,,,,,candidate,MOUSE_SIFTS_CANDIDATE_LOCAL_REVIEW_PENDING,https://www.ebi.ac.uk/pdbe/api/mappings/best_structures/Q9CQP8,9ac5f2f44627ea4b47e9cc389fb75e4b7a98bae3883457803acf422b78a30973,not_assessed,0.1.0
Q9CQP8,PDBe_SIFTS,9ubw,k,,10090,38,186,not_assessed,,,Electron Microscopy,3.9,0.768,,,,,candidate,MOUSE_SIFTS_CANDIDATE_LOCAL_REVIEW_PENDING,https://www.ebi.ac.uk/pdbe/api/mappings/best_structures/Q9CQP8,9ac5f2f44627ea4b47e9cc389fb75e4b7a98bae3883457803acf422b78a30973,not_assessed,0.1.0
Q9CQP8,PDBe_SIFTS,9ubx,K,,10090,38,186,not_assessed,,,Electron Microscopy,6.8,0.768,,,,,candidate,MOUSE_SIFTS_CANDIDATE_LOCAL_REVIEW_PENDING,https://www.ebi.ac.uk/pdbe/api/mappings/best_structures/Q9CQP8,9ac5f2f44627ea4b47e9cc389fb75e4b7a98bae3883457803acf422b78a30973,not_assessed,0.1.0
Q9CQP8,PDBe_SIFTS,9ubx,k,,10090,38,186,not_assessed,,,Electron Microscopy,6.8,0.768,,,,,candidate,MOUSE_SIFTS_CANDIDATE_LOCAL_REVIEW_PENDING,https://www.ebi.ac.uk/pdbe/api/mappings/best_structures/Q9CQP8,9ac5f2f44627ea4b47e9cc389fb75e4b7a98bae3883457803acf422b78a30973,not_assessed,0.1.0
Q9CQP8,PDBe_SIFTS,9ubx,x,,10090,38,186,not_assessed,,,Electron Microscopy,6.8,0.768,,,,,candidate,MOUSE_SIFTS_CANDIDATE_LOCAL_REVIEW_PENDING,https://www.ebi.ac.uk/pdbe/api/mappings/best_structures/Q9CQP8,9ac5f2f44627ea4b47e9cc389fb75e4b7a98bae3883457803acf422b78a30973,not_assessed,0.1.0
Q9CQS2,AlphaFold_DB,AF-Q9CQS2-F1,A,6,10090,1,64,exact_full,65b2a4c99abf8fdb8fe44cf6e020b2a6c22e9dbe83269bfa5ded33fa56d31d05,9bc913d3eab70c69cedbf7b46dcea674,predicted,,,https://alphafold.ebi.ac.uk/files/AF-Q9CQS2-F1-model_v6.cif,https://alphafold.ebi.ac.uk/files/AF-Q9CQS2-F1-model_v6.pdb,https://alphafold.ebi.ac.uk/files/AF-Q9CQS2-F1-confidence_v6.json,https://alphafold.ebi.ac.uk/files/AF-Q9CQS2-F1-predicted_aligned_error_v6.json,candidate,EXACT_FULL_SEQUENCE_LOCAL_QUALITY_PENDING,https://alphafold.ebi.ac.uk/api/prediction/Q9CQS2,6cb4e4458c55047d712557d3f5e1fe60e0135b01463b0638d958744922d93482,not_assessed,0.1.0
Q9CR10,AlphaFold_DB,AF-Q9CR10-F1,A,6,10090,1,201,exact_full,e1c516e09c492faaa6f0cb21812605690f726539c43727e4636ab433e7782eff,bd6305adc36b70f05bfa1dce9530cfc3,predicted,,,https://alphafold.ebi.ac.uk/files/AF-Q9CR10-F1-model_v6.cif,https://alphafold.ebi.ac.uk/files/AF-Q9CR10-F1-model_v6.pdb,https://alphafold.ebi.ac.uk/files/AF-Q9CR10-F1-confidence_v6.json,https://alphafold.ebi.ac.uk/files/AF-Q9CR10-F1-predicted_aligned_error_v6.json,candidate,EXACT_FULL_SEQUENCE_LOCAL_QUALITY_PENDING,https://alphafold.ebi.ac.uk/api/prediction/Q9CR10,af907e83603a72d75009240296e0281d5124f02739e0b58e61fd80d7b60186f1,not_assessed,0.1.0
Q9CR50,AlphaFold_DB,AF-Q9CR50-F1,A,6,10090,1,261,exact_full,702c9fb07fd459949e588d74edaf55b2a96458e66db2ee70e45750459f12655e,ed6ae1a4a6ecbec1c7d6f9406922be09,predicted,,,https://alphafold.ebi.ac.uk/files/AF-Q9CR50-F1-model_v6.cif,https://alphafold.ebi.ac.uk/files/AF-Q9CR50-F1-model_v6.pdb,https://alphafold.ebi.ac.uk/files/AF-Q9CR50-F1-confidence_v6.json,https://alphafold.ebi.ac.uk/files/AF-Q9CR50-F1-predicted_aligned_error_v6.json,candidate,EXACT_FULL_SEQUENCE_LOCAL_QUALITY_PENDING,https://alphafold.ebi.ac.uk/api/prediction/Q9CR50,ef02476798d1c52a0e18255b41bf214cf6a04b9e2f9a4da9a4b29117cce07c9a,not_assessed,0.1.0
Q9CR50,PDBe_SIFTS,2dkt,A,,10090,9,138,not_assessed,,,Solution NMR,,0.498,,,,,candidate,MOUSE_SIFTS_CANDIDATE_LOCAL_REVIEW_PENDING,https://www.ebi.ac.uk/pdbe/api/mappings/best_structures/Q9CR50,3fec5d20965b6195afc2b7564838c10b5860f9e1c6cb9436e47d3282947a048d,not_assessed,0.1.0
Q9CR50,PDBe_SIFTS,2ecm,A,,10090,145,186,not_assessed,,,Solution NMR,,0.161,,,,,candidate,MOUSE_SIFTS_CANDIDATE_LOCAL_REVIEW_PENDING,https://www.ebi.ac.uk/pdbe/api/mappings/best_structures/Q9CR50,3fec5d20965b6195afc2b7564838c10b5860f9e1c6cb9436e47d3282947a048d,not_assessed,0.1.0
Q9CR75,AlphaFold_DB,AF-Q9CR75-F1,A,6,10090,1,129,exact_full,ce5341e7cadf5f1362ba98af2f4e8e8b69365f2f6a12a8335231419121c83b30,11163cd8dee5cf5d3a6931856f57d594,predicted,,,https://alphafold.ebi.ac.uk/files/AF-Q9CR75-F1-model_v6.cif,https://alphafold.ebi.ac.uk/files/AF-Q9CR75-F1-model_v6.pdb,https://alphafold.ebi.ac.uk/files/AF-Q9CR75-F1-confidence_v6.json,https://alphafold.ebi.ac.uk/files/AF-Q9CR75-F1-predicted_aligned_error_v6.json,candidate,EXACT_FULL_SEQUENCE_LOCAL_QUALITY_PENDING,https://alphafold.ebi.ac.uk/api/prediction/Q9CR75,5a940d63773e42b6607fbb8ca66fd932a288c42b794873b93a76378184181008,not_assessed,0.1.0
Q9CR84,AlphaFold_DB,AF-0000000010026370,A,1,1313,1,136,not_assessed,547abe25de6e14226b9b5cd3a4b6cb5559f27f635c57c2984ce5a4ef887acee6,e7fe15404453d4957efcb1d5b8acba21,predicted,,,https://alphafold.ebi.ac.uk/files/AF-0000000010026370-model_v1.cif,https://alphafold.ebi.ac.uk/files/AF-0000000010026370-model_v1.pdb,https://alphafold.ebi.ac.uk/files/AF-0000000010026370-confidence_v1.json,https://alphafold.ebi.ac.uk/files/AF-0000000010026370-predicted_aligned_error_v1.json,held,ALPHAFOLD_MOUSE_TAXONOMY_NOT_CONFIRMED,https://alphafold.ebi.ac.uk/api/prediction/Q9CR84,43951599b929eb466fac6fef46c367e8cb635f2fba61105c1fe85e712ee8938a,not_assessed,0.1.0
Q9CR84,AlphaFold_DB,AF-Q9CR84-F1,A,6,10090,1,136,exact_full,547abe25de6e14226b9b5cd3a4b6cb5559f27f635c57c2984ce5a4ef887acee6,e7fe15404453d4957efcb1d5b8acba21,predicted,,,https://alphafold.ebi.ac.uk/files/AF-Q9CR84-F1-model_v6.cif,https://alphafold.ebi.ac.uk/files/AF-Q9CR84-F1-model_v6.pdb,https://alphafold.ebi.ac.uk/files/AF-Q9CR84-F1-confidence_v6.json,https://alphafold.ebi.ac.uk/files/AF-Q9CR84-F1-predicted_aligned_error_v6.json,candidate,EXACT_FULL_SEQUENCE_LOCAL_QUALITY_PENDING,https://alphafold.ebi.ac.uk/api/prediction/Q9CR84,43951599b929eb466fac6fef46c367e8cb635f2fba61105c1fe85e712ee8938a,not_assessed,0.1.0
Q9CR96,AlphaFold_DB,AF-Q9CR96-2-F1,A,6,10090,1,176,not_assessed,1105669348459bb0a7ef6f893f16529d116c9e9948c1ee4ee592fdbdd32eee3c,d9de91c62fceb3cf8e0df1729aaf8331,predicted,,,https://alphafold.ebi.ac.uk/files/AF-Q9CR96-2-F1-model_v6.cif,https://alphafold.ebi.ac.uk/files/AF-Q9CR96-2-F1-model_v6.pdb,https://alphafold.ebi.ac.uk/files/AF-Q9CR96-2-F1-confidence_v6.json,https://alphafold.ebi.ac.uk/files/AF-Q9CR96-2-F1-predicted_aligned_error_v6.json,held,ALPHAFOLD_ACCESSION_DIFFERS_FROM_CANONICAL,https://alphafold.ebi.ac.uk/api/prediction/Q9CR96,78bb19cbb43ad1fb3211f5a04dfabd6915c3d758af53f514ef3afb6403f53d01,not_assessed,0.1.0
Q9CR96,AlphaFold_DB,AF-Q9CR96-F1,A,6,10090,1,173,exact_full,5669b65500bbe09544672897e80f3fa8f93f5d7277854496cedd2c58b0768223,8c6aa3b339b277bda15e741a43d6598b,predicted,,,https://alphafold.ebi.ac.uk/files/AF-Q9CR96-F1-model_v6.cif,https://alphafold.ebi.ac.uk/files/AF-Q9CR96-F1-model_v6.pdb,https://alphafold.ebi.ac.uk/files/AF-Q9CR96-F1-confidence_v6.json,https://alphafold.ebi.ac.uk/files/AF-Q9CR96-F1-predicted_aligned_error_v6.json,candidate,EXACT_FULL_SEQUENCE_LOCAL_QUALITY_PENDING,https://alphafold.ebi.ac.uk/api/prediction/Q9CR96,78bb19cbb43ad1fb3211f5a04dfabd6915c3d758af53f514ef3afb6403f53d01,not_assessed,0.1.0
Q9CR98,AlphaFold_DB,AF-Q9CR98-F1,A,6,10090,1,138,exact_full,d0350a581a87e3b6db8c0d475e8a1548218e81a504ec36dfe9840a13b9423dc3,b126e974e55ce405cd3b3df7a70d5d07,predicted,,,https://alphafold.ebi.ac.uk/files/AF-Q9CR98-F1-model_v6.cif,https://alphafold.ebi.ac.uk/files/AF-Q9CR98-F1-model_v6.pdb,https://alphafold.ebi.ac.uk/files/AF-Q9CR98-F1-confidence_v6.json,https://alphafold.ebi.ac.uk/files/AF-Q9CR98-F1-predicted_aligned_error_v6.json,candidate,EXACT_FULL_SEQUENCE_LOCAL_QUALITY_PENDING,https://alphafold.ebi.ac.uk/api/prediction/Q9CR98,997e46a259b78769e5988d9ba0470ac5c30f4a5b9d4b60ade725b370e74c5705,not_assessed,0.1.0
Q9CRA4,AlphaFold_DB,AF-Q9CRA4-F1,A,6,10090,1,293,exact_full,1c577ecf497e20f15929471a1cc4e6485d3faa5e4690a2bd450c905b732058bb,4c2ca19b1d645427e81c4f01f68967ca,predicted,,,https://alphafold.ebi.ac.uk/files/AF-Q9CRA4-F1-model_v6.cif,https://alphafold.ebi.ac.uk/files/AF-Q9CRA4-F1-model_v6.pdb,https://alphafold.ebi.ac.uk/files/AF-Q9CRA4-F1-confidence_v6.json,https://alphafold.ebi.ac.uk/files/AF-Q9CRA4-F1-predicted_aligned_error_v6.json,candidate,EXACT_FULL_SEQUENCE_LOCAL_QUALITY_PENDING,https://alphafold.ebi.ac.uk/api/prediction/Q9CRA4,02956e5e866aaa134e15f188a65973cd15014c3e6f13cc9ea8d303d186c2bda4,not_assessed,0.1.0
Q9CW03,AlphaFold_DB,AF-Q9CW03-F1,A,6,10090,1,1217,exact_full,50dce83be1be7bac69971ab77f1a934026cccb5894cbbf613ec81728ddec8df5,ce2715c1e7bd330f42a52b3424931db2,predicted,,,https://alphafold.ebi.ac.uk/files/AF-Q9CW03-F1-model_v6.cif,https://alphafold.ebi.ac.uk/files/AF-Q9CW03-F1-model_v6.pdb,https://alphafold.ebi.ac.uk/files/AF-Q9CW03-F1-confidence_v6.json,https://alphafold.ebi.ac.uk/files/AF-Q9CW03-F1-predicted_aligned_error_v6.json,candidate,EXACT_FULL_SEQUENCE_LOCAL_QUALITY_PENDING,https://alphafold.ebi.ac.uk/api/prediction/Q9CW03,cb6a5bf3b97c4b0a44a96d1f19da8a58b5ab46cf7952e15524619c0bfa40777f,not_assessed,0.1.0
Q9CW03,PDBe_SIFTS,2wd5,B,,10090,484,696,not_assessed,,,X-ray diffraction,2.7,0.175,,,,,candidate,MOUSE_SIFTS_CANDIDATE_LOCAL_REVIEW_PENDING,https://www.ebi.ac.uk/pdbe/api/mappings/best_structures/Q9CW03,ce24b26289b56fc63025d757dc1dfa9796d33e52754446fc8395b36600b3d877,not_assessed,0.1.0
Q9CW03,PDBe_SIFTS,7dg5,B,,10090,484,696,not_assessed,,,X-ray diffraction,2.0,0.175,,,,,candidate,MOUSE_SIFTS_CANDIDATE_LOCAL_REVIEW_PENDING,https://www.ebi.ac.uk/pdbe/api/mappings/best_structures/Q9CW03,ce24b26289b56fc63025d757dc1dfa9796d33e52754446fc8395b36600b3d877,not_assessed,0.1.0
Q9CW03,PDBe_SIFTS,7dg5,D,,10090,484,696,not_assessed,,,X-ray diffraction,2.0,0.175,,,,,candidate,MOUSE_SIFTS_CANDIDATE_LOCAL_REVIEW_PENDING,https://www.ebi.ac.uk/pdbe/api/mappings/best_structures/Q9CW03,ce24b26289b56fc63025d757dc1dfa9796d33e52754446fc8395b36600b3d877,not_assessed,0.1.0
Q9CWF2,AlphaFold_DB,AF-Q9CWF2-F1,A,6,10090,1,445,exact_full,6a97754016e3223fbcf8c61440fd7f64dc527e7e78848d4ef09df9ceeecb3082,d16edd3db309e72990720766309891c3,predicted,,,https://alphafold.ebi.ac.uk/files/AF-Q9CWF2-F1-model_v6.cif,https://alphafold.ebi.ac.uk/files/AF-Q9CWF2-F1-model_v6.pdb,https://alphafold.ebi.ac.uk/files/AF-Q9CWF2-F1-confidence_v6.json,https://alphafold.ebi.ac.uk/files/AF-Q9CWF2-F1-predicted_aligned_error_v6.json,candidate,EXACT_FULL_SEQUENCE_LOCAL_QUALITY_PENDING,https://alphafold.ebi.ac.uk/api/prediction/Q9CWF2,abff975ccdc26f7d903ad6425432044ba1b0c97b144826c0af2a366b30af8f40,not_assessed,0.1.0
Q9CWF2,PDBe_SIFTS,9w2m,M,,10090,1,445,not_assessed,,,Electron Microscopy,4.2,1.0,,,,,candidate,MOUSE_SIFTS_CANDIDATE_LOCAL_REVIEW_PENDING,https://www.ebi.ac.uk/pdbe/api/mappings/best_structures/Q9CWF2,90ef509fb41146f03efe4c42bface351ceb63fb4214f6efce3e3b090d1fd0a41,not_assessed,0.1.0
Q9CWF2,PDBe_SIFTS,9w2m,m,,10090,1,445,not_assessed,,,Electron Microscopy,4.2,1.0,,,,,candidate,MOUSE_SIFTS_CANDIDATE_LOCAL_REVIEW_PENDING,https://www.ebi.ac.uk/pdbe/api/mappings/best_structures/Q9CWF2,90ef509fb41146f03efe4c42bface351ceb63fb4214f6efce3e3b090d1fd0a41,not_assessed,0.1.0
Q9CX84,AlphaFold_DB,AF-Q9CX84-F1,A,6,10090,1,216,exact_full,e4677b96358495654c160c0bc34e4782457d88c61f154240368137898749d045,832b3ff5680958a4575205aef29fd51f,predicted,,,https://alphafold.ebi.ac.uk/files/AF-Q9CX84-F1-model_v6.cif,https://alphafold.ebi.ac.uk/files/AF-Q9CX84-F1-model_v6.pdb,https://alphafold.ebi.ac.uk/files/AF-Q9CX84-F1-confidence_v6.json,https://alphafold.ebi.ac.uk/files/AF-Q9CX84-F1-predicted_aligned_error_v6.json,candidate,EXACT_FULL_SEQUENCE_LOCAL_QUALITY_PENDING,https://alphafold.ebi.ac.uk/api/prediction/Q9CX84,b42a0ea4594ad6e88382127bdf0d8576449f8fde461364b0fc235cfe759e730a,not_assessed,0.1.0
Q9CXC9,AlphaFold_DB,AF-Q9CXC9-F1,A,6,10090,1,510,exact_full,8c9572c9104eff15609336fea93faab7babe69160e57775e7c6b11bf0bb3eae2,5cd6703c91ca3e513e0e25d5a0be4cae,predicted,,,https://alphafold.ebi.ac.uk/files/AF-Q9CXC9-F1-model_v6.cif,https://alphafold.ebi.ac.uk/files/AF-Q9CXC9-F1-model_v6.pdb,https://alphafold.ebi.ac.uk/files/AF-Q9CXC9-F1-confidence_v6.json,https://alphafold.ebi.ac.uk/files/AF-Q9CXC9-F1-predicted_aligned_error_v6.json,candidate,EXACT_FULL_SEQUENCE_LOCAL_QUALITY_PENDING,https://alphafold.ebi.ac.uk/api/prediction/Q9CXC9,5ab11fd0c2e864bf29708333003fecf8350b49dd2521dc37ed352b0119eea788,not_assessed,0.1.0
Q9CY45,AlphaFold_DB,AF-Q9CY45-F1,A,6,10090,1,214,exact_full,458653150207e57edd71c8b29a877063f2aa46072482554aa967c978d06d469b,16eca73b20dcc6772c642860985f3e55,predicted,,,https://alphafold.ebi.ac.uk/files/AF-Q9CY45-F1-model_v6.cif,https://alphafold.ebi.ac.uk/files/AF-Q9CY45-F1-model_v6.pdb,https://alphafold.ebi.ac.uk/files/AF-Q9CY45-F1-confidence_v6.json,https://alphafold.ebi.ac.uk/files/AF-Q9CY45-F1-predicted_aligned_error_v6.json,candidate,EXACT_FULL_SEQUENCE_LOCAL_QUALITY_PENDING,https://alphafold.ebi.ac.uk/api/prediction/Q9CY45,92ffbc9e6cae4e16e1c6da06c3d256b1d6e28922e46d0c2c0b629d29f24f4c78,not_assessed,0.1.0
Q9CY64,AlphaFold_DB,AF-Q9CY64-F1,A,6,10090,1,295,exact_full,f5078b0d7844732485a4b8379e3e100d507a163c6141ced26cba13bed0c1e574,dec3189589360b4b81226d339dec155d,predicted,,,https://alphafold.ebi.ac.uk/files/AF-Q9CY64-F1-model_v6.cif,https://alphafold.ebi.ac.uk/files/AF-Q9CY64-F1-model_v6.pdb,https://alphafold.ebi.ac.uk/files/AF-Q9CY64-F1-confidence_v6.json,https://alphafold.ebi.ac.uk/files/AF-Q9CY64-F1-predicted_aligned_error_v6.json,candidate,EXACT_FULL_SEQUENCE_LOCAL_QUALITY_PENDING,https://alphafold.ebi.ac.uk/api/prediction/Q9CY64,35286968e79fca653c93e499015a570d284cfcc5130df160f504d71a45247b1c,not_assessed,0.1.0
Q9CYQ7,AlphaFold_DB,AF-Q9CYQ7-F1,A,6,10090,1,462,exact_full,6db36d24ac9fc881dbf4a3714a0c8401f80643c934ba226b619c00e13afaadcc,e1d1fa62793a89743cac2be20809fb3b,predicted,,,https://alphafold.ebi.ac.uk/files/AF-Q9CYQ7-F1-model_v6.cif,https://alphafold.ebi.ac.uk/files/AF-Q9CYQ7-F1-model_v6.pdb,https://alphafold.ebi.ac.uk/files/AF-Q9CYQ7-F1-confidence_v6.json,https://alphafold.ebi.ac.uk/files/AF-Q9CYQ7-F1-predicted_aligned_error_v6.json,candidate,EXACT_FULL_SEQUENCE_LOCAL_QUALITY_PENDING,https://alphafold.ebi.ac.uk/api/prediction/Q9CYQ7,810c31eb9d835d2f8bd5eeb8eecebd55076e3149caf40e6994e1d70a275ceeee,not_assessed,0.1.0
Q9CZH3,AlphaFold_DB,AF-Q9CZH3-F1,A,6,10090,1,122,exact_full,319410a9e1541d3cb41c1d86f927b93ff7a2f157728f49313be10832c3a27b80,beed5e36d95b03147a9cf4ea76215272,predicted,,,https://alphafold.ebi.ac.uk/files/AF-Q9CZH3-F1-model_v6.cif,https://alphafold.ebi.ac.uk/files/AF-Q9CZH3-F1-model_v6.pdb,https://alphafold.ebi.ac.uk/files/AF-Q9CZH3-F1-confidence_v6.json,https://alphafold.ebi.ac.uk/files/AF-Q9CZH3-F1-predicted_aligned_error_v6.json,candidate,EXACT_FULL_SEQUENCE_LOCAL_QUALITY_PENDING,https://alphafold.ebi.ac.uk/api/prediction/Q9CZH3,6528bd2e685a6cc58ce12b1f25cb8e0875414c9a6b5369b1949b7503eb598857,not_assessed,0.1.0
Q9CZI9,AlphaFold_DB,AF-Q9CZI9-2-F1,A,6,10090,1,298,not_assessed,b8a7fd1722848672037bdcb3a6a1a8d736ffff8a60bd0326835c5ef1281ec641,d008034248159cc21cb41b260247c358,predicted,,,https://alphafold.ebi.ac.uk/files/AF-Q9CZI9-2-F1-model_v6.cif,https://alphafold.ebi.ac.uk/files/AF-Q9CZI9-2-F1-model_v6.pdb,https://alphafold.ebi.ac.uk/files/AF-Q9CZI9-2-F1-confidence_v6.json,https://alphafold.ebi.ac.uk/files/AF-Q9CZI9-2-F1-predicted_aligned_error_v6.json,held,ALPHAFOLD_ACCESSION_DIFFERS_FROM_CANONICAL,https://alphafold.ebi.ac.uk/api/prediction/Q9CZI9,f0e973e79e1df33eb3ea833084c9d8f23493724e5b51d806c91f7372e3550288,not_assessed,0.1.0
Q9CZI9,AlphaFold_DB,AF-Q9CZI9-F1,A,6,10090,1,336,exact_full,7a5089ea2ed81f3b46d43c4695a806f6ad51d8efa169f885b0496ae7c54ec73d,a131416e4cafe44c96d7e83f34a98777,predicted,,,https://alphafold.ebi.ac.uk/files/AF-Q9CZI9-F1-model_v6.cif,https://alphafold.ebi.ac.uk/files/AF-Q9CZI9-F1-model_v6.pdb,https://alphafold.ebi.ac.uk/files/AF-Q9CZI9-F1-confidence_v6.json,https://alphafold.ebi.ac.uk/files/AF-Q9CZI9-F1-predicted_aligned_error_v6.json,candidate,EXACT_FULL_SEQUENCE_LOCAL_QUALITY_PENDING,https://alphafold.ebi.ac.uk/api/prediction/Q9CZI9,f0e973e79e1df33eb3ea833084c9d8f23493724e5b51d806c91f7372e3550288,not_assessed,0.1.0
Q9CZP5,AlphaFold_DB,AF-Q9CZP5-F1,A,6,10090,1,418,exact_full,5fc6c9e86c60192e8de70b67abfdcc6dbd0efcacbed741abb4a7bd1de41af247,e2b3d113949998524d2e8ed1ca614474,predicted,,,https://alphafold.ebi.ac.uk/files/AF-Q9CZP5-F1-model_v6.cif,https://alphafold.ebi.ac.uk/files/AF-Q9CZP5-F1-model_v6.pdb,https://alphafold.ebi.ac.uk/files/AF-Q9CZP5-F1-confidence_v6.json,https://alphafold.ebi.ac.uk/files/AF-Q9CZP5-F1-predicted_aligned_error_v6.json,candidate,EXACT_FULL_SEQUENCE_LOCAL_QUALITY_PENDING,https://alphafold.ebi.ac.uk/api/prediction/Q9CZP5,dd3e3fe7006cc0f41d02a5cd980602d964e194b7fb60a4fccb4e3267e890337c,not_assessed,0.1.0
Q9CZP5,PDBe_SIFTS,6u1y,A,,10090,151,418,not_assessed,,,X-ray diffraction,2.17,0.641,,,,,candidate,MOUSE_SIFTS_CANDIDATE_LOCAL_REVIEW_PENDING,https://www.ebi.ac.uk/pdbe/api/mappings/best_structures/Q9CZP5,06b417750c3751c99368daa495c122fd84a85e76730bdd27d08012904cbd6e83,not_assessed,0.1.0
Q9CZP5,PDBe_SIFTS,6u1y,B,,10090,151,418,not_assessed,,,X-ray diffraction,2.17,0.641,,,,,candidate,MOUSE_SIFTS_CANDIDATE_LOCAL_REVIEW_PENDING,https://www.ebi.ac.uk/pdbe/api/mappings/best_structures/Q9CZP5,06b417750c3751c99368daa495c122fd84a85e76730bdd27d08012904cbd6e83,not_assessed,0.1.0
Q9CZP5,PDBe_SIFTS,6u1y,C,,10090,151,418,not_assessed,,,X-ray diffraction,2.17,0.641,,,,,candidate,MOUSE_SIFTS_CANDIDATE_LOCAL_REVIEW_PENDING,https://www.ebi.ac.uk/pdbe/api/mappings/best_structures/Q9CZP5,06b417750c3751c99368daa495c122fd84a85e76730bdd27d08012904cbd6e83,not_assessed,0.1.0
Q9CZP5,PDBe_SIFTS,6u1y,D,,10090,151,418,not_assessed,,,X-ray diffraction,2.17,0.641,,,,,candidate,MOUSE_SIFTS_CANDIDATE_LOCAL_REVIEW_PENDING,https://www.ebi.ac.uk/pdbe/api/mappings/best_structures/Q9CZP5,06b417750c3751c99368daa495c122fd84a85e76730bdd27d08012904cbd6e83,not_assessed,0.1.0
Q9CZP5,PDBe_SIFTS,6u1y,E,,10090,151,418,not_assessed,,,X-ray diffraction,2.17,0.641,,,,,candidate,MOUSE_SIFTS_CANDIDATE_LOCAL_REVIEW_PENDING,https://www.ebi.ac.uk/pdbe/api/mappings/best_structures/Q9CZP5,06b417750c3751c99368daa495c122fd84a85e76730bdd27d08012904cbd6e83,not_assessed,0.1.0
Q9CZP5,PDBe_SIFTS,6u1y,F,,10090,151,418,not_assessed,,,X-ray diffraction,2.17,0.641,,,,,candidate,MOUSE_SIFTS_CANDIDATE_LOCAL_REVIEW_PENDING,https://www.ebi.ac.uk/pdbe/api/mappings/best_structures/Q9CZP5,06b417750c3751c99368daa495c122fd84a85e76730bdd27d08012904cbd6e83,not_assessed,0.1.0
Q9CZP5,PDBe_SIFTS,6u1y,G,,10090,151,418,not_assessed,,,X-ray diffraction,2.17,0.641,,,,,candidate,MOUSE_SIFTS_CANDIDATE_LOCAL_REVIEW_PENDING,https://www.ebi.ac.uk/pdbe/api/mappings/best_structures/Q9CZP5,06b417750c3751c99368daa495c122fd84a85e76730bdd27d08012904cbd6e83,not_assessed,0.1.0
Q9CZP5,PDBe_SIFTS,6uko,A,,10090,1,418,not_assessed,,,X-ray diffraction,4.4,1.0,,,,,candidate,MOUSE_SIFTS_CANDIDATE_LOCAL_REVIEW_PENDING,https://www.ebi.ac.uk/pdbe/api/mappings/best_structures/Q9CZP5,06b417750c3751c99368daa495c122fd84a85e76730bdd27d08012904cbd6e83,not_assessed,0.1.0
Q9CZP5,PDBe_SIFTS,6uko,B,,10090,1,418,not_assessed,,,X-ray diffraction,4.4,1.0,,,,,candidate,MOUSE_SIFTS_CANDIDATE_LOCAL_REVIEW_PENDING,https://www.ebi.ac.uk/pdbe/api/mappings/best_structures/Q9CZP5,06b417750c3751c99368daa495c122fd84a85e76730bdd27d08012904cbd6e83,not_assessed,0.1.0
Q9CZP5,PDBe_SIFTS,6uko,C,,10090,1,418,not_assessed,,,X-ray diffraction,4.4,1.0,,,,,candidate,MOUSE_SIFTS_CANDIDATE_LOCAL_REVIEW_PENDING,https://www.ebi.ac.uk/pdbe/api/mappings/best_structures/Q9CZP5,06b417750c3751c99368daa495c122fd84a85e76730bdd27d08012904cbd6e83,not_assessed,0.1.0
Q9CZP5,PDBe_SIFTS,6uko,D,,10090,1,418,not_assessed,,,X-ray diffraction,4.4,1.0,,,,,candidate,MOUSE_SIFTS_CANDIDATE_LOCAL_REVIEW_PENDING,https://www.ebi.ac.uk/pdbe/api/mappings/best_structures/Q9CZP5,06b417750c3751c99368daa495c122fd84a85e76730bdd27d08012904cbd6e83,not_assessed,0.1.0
Q9CZP5,PDBe_SIFTS,6uko,E,,10090,1,418,not_assessed,,,X-ray diffraction,4.4,1.0,,,,,candidate,MOUSE_SIFTS_CANDIDATE_LOCAL_REVIEW_PENDING,https://www.ebi.ac.uk/pdbe/api/mappings/best_structures/Q9CZP5,06b417750c3751c99368daa495c122fd84a85e76730bdd27d08012904cbd6e83,not_assessed,0.1.0
Q9CZP5,PDBe_SIFTS,6uko,F,,10090,1,418,not_assessed,,,X-ray diffraction,4.4,1.0,,,,,candidate,MOUSE_SIFTS_CANDIDATE_LOCAL_REVIEW_PENDING,https://www.ebi.ac.uk/pdbe/api/mappings/best_structures/Q9CZP5,06b417750c3751c99368daa495c122fd84a85e76730bdd27d08012904cbd6e83,not_assessed,0.1.0
Q9CZP5,PDBe_SIFTS,6uko,G,,10090,1,418,not_assessed,,,X-ray diffraction,4.4,1.0,,,,,candidate,MOUSE_SIFTS_CANDIDATE_LOCAL_REVIEW_PENDING,https://www.ebi.ac.uk/pdbe/api/mappings/best_structures/Q9CZP5,06b417750c3751c99368daa495c122fd84a85e76730bdd27d08012904cbd6e83,not_assessed,0.1.0
Q9CZP5,PDBe_SIFTS,6ukp,A,,10090,1,418,not_assessed,,,Electron Microscopy,3.81,1.0,,,,,candidate,MOUSE_SIFTS_CANDIDATE_LOCAL_REVIEW_PENDING,https://www.ebi.ac.uk/pdbe/api/mappings/best_structures/Q9CZP5,06b417750c3751c99368daa495c122fd84a85e76730bdd27d08012904cbd6e83,not_assessed,0.1.0
Q9CZP5,PDBe_SIFTS,6ukp,B,,10090,1,418,not_assessed,,,Electron Microscopy,3.81,1.0,,,,,candidate,MOUSE_SIFTS_CANDIDATE_LOCAL_REVIEW_PENDING,https://www.ebi.ac.uk/pdbe/api/mappings/best_structures/Q9CZP5,06b417750c3751c99368daa495c122fd84a85e76730bdd27d08012904cbd6e83,not_assessed,0.1.0
Q9CZP5,PDBe_SIFTS,6ukp,C,,10090,1,418,not_assessed,,,Electron Microscopy,3.81,1.0,,,,,candidate,MOUSE_SIFTS_CANDIDATE_LOCAL_REVIEW_PENDING,https://www.ebi.ac.uk/pdbe/api/mappings/best_structures/Q9CZP5,06b417750c3751c99368daa495c122fd84a85e76730bdd27d08012904cbd6e83,not_assessed,0.1.0
Q9CZP5,PDBe_SIFTS,6ukp,D,,10090,1,418,not_assessed,,,Electron Microscopy,3.81,1.0,,,,,candidate,MOUSE_SIFTS_CANDIDATE_LOCAL_REVIEW_PENDING,https://www.ebi.ac.uk/pdbe/api/mappings/best_structures/Q9CZP5,06b417750c3751c99368daa495c122fd84a85e76730bdd27d08012904cbd6e83,not_assessed,0.1.0
Q9CZP5,PDBe_SIFTS,6ukp,E,,10090,1,418,not_assessed,,,Electron Microscopy,3.81,1.0,,,,,candidate,MOUSE_SIFTS_CANDIDATE_LOCAL_REVIEW_PENDING,https://www.ebi.ac.uk/pdbe/api/mappings/best_structures/Q9CZP5,06b417750c3751c99368daa495c122fd84a85e76730bdd27d08012904cbd6e83,not_assessed,0.1.0
Q9CZP5,PDBe_SIFTS,6ukp,F,,10090,1,418,not_assessed,,,Electron Microscopy,3.81,1.0,,,,,candidate,MOUSE_SIFTS_CANDIDATE_LOCAL_REVIEW_PENDING,https://www.ebi.ac.uk/pdbe/api/mappings/best_structures/Q9CZP5,06b417750c3751c99368daa495c122fd84a85e76730bdd27d08012904cbd6e83,not_assessed,0.1.0
Q9CZP5,PDBe_SIFTS,6ukp,G,,10090,1,418,not_assessed,,,Electron Microscopy,3.81,1.0,,,,,candidate,MOUSE_SIFTS_CANDIDATE_LOCAL_REVIEW_PENDING,https://www.ebi.ac.uk/pdbe/api/mappings/best_structures/Q9CZP5,06b417750c3751c99368daa495c122fd84a85e76730bdd27d08012904cbd6e83,not_assessed,0.1.0
Q9CZP5,PDBe_SIFTS,6uks,A,,10090,1,418,not_assessed,,,Electron Microscopy,3.2,1.0,,,,,candidate,MOUSE_SIFTS_CANDIDATE_LOCAL_REVIEW_PENDING,https://www.ebi.ac.uk/pdbe/api/mappings/best_structures/Q9CZP5,06b417750c3751c99368daa495c122fd84a85e76730bdd27d08012904cbd6e83,not_assessed,0.1.0
Q9CZP5,PDBe_SIFTS,6uks,B,,10090,1,418,not_assessed,,,Electron Microscopy,3.2,1.0,,,,,candidate,MOUSE_SIFTS_CANDIDATE_LOCAL_REVIEW_PENDING,https://www.ebi.ac.uk/pdbe/api/mappings/best_structures/Q9CZP5,06b417750c3751c99368daa495c122fd84a85e76730bdd27d08012904cbd6e83,not_assessed,0.1.0
Q9CZP5,PDBe_SIFTS,6uks,C,,10090,1,418,not_assessed,,,Electron Microscopy,3.2,1.0,,,,,candidate,MOUSE_SIFTS_CANDIDATE_LOCAL_REVIEW_PENDING,https://www.ebi.ac.uk/pdbe/api/mappings/best_structures/Q9CZP5,06b417750c3751c99368daa495c122fd84a85e76730bdd27d08012904cbd6e83,not_assessed,0.1.0
Q9CZP5,PDBe_SIFTS,6uks,D,,10090,1,418,not_assessed,,,Electron Microscopy,3.2,1.0,,,,,candidate,MOUSE_SIFTS_CANDIDATE_LOCAL_REVIEW_PENDING,https://www.ebi.ac.uk/pdbe/api/mappings/best_structures/Q9CZP5,06b417750c3751c99368daa495c122fd84a85e76730bdd27d08012904cbd6e83,not_assessed,0.1.0
Q9CZP5,PDBe_SIFTS,6uks,E,,10090,1,418,not_assessed,,,Electron Microscopy,3.2,1.0,,,,,candidate,MOUSE_SIFTS_CANDIDATE_LOCAL_REVIEW_PENDING,https://www.ebi.ac.uk/pdbe/api/mappings/best_structures/Q9CZP5,06b417750c3751c99368daa495c122fd84a85e76730bdd27d08012904cbd6e83,not_assessed,0.1.0
Q9CZP5,PDBe_SIFTS,6uks,F,,10090,1,418,not_assessed,,,Electron Microscopy,3.2,1.0,,,,,candidate,MOUSE_SIFTS_CANDIDATE_LOCAL_REVIEW_PENDING,https://www.ebi.ac.uk/pdbe/api/mappings/best_structures/Q9CZP5,06b417750c3751c99368daa495c122fd84a85e76730bdd27d08012904cbd6e83,not_assessed,0.1.0
Q9CZP5,PDBe_SIFTS,6uks,G,,10090,1,418,not_assessed,,,Electron Microscopy,3.2,1.0,,,,,candidate,MOUSE_SIFTS_CANDIDATE_LOCAL_REVIEW_PENDING,https://www.ebi.ac.uk/pdbe/api/mappings/best_structures/Q9CZP5,06b417750c3751c99368daa495c122fd84a85e76730bdd27d08012904cbd6e83,not_assessed,0.1.0
Q9CZP5,PDBe_SIFTS,8t14,A,,10090,1,418,not_assessed,,,Electron Microscopy,3.18,1.0,,,,,candidate,MOUSE_SIFTS_CANDIDATE_LOCAL_REVIEW_PENDING,https://www.ebi.ac.uk/pdbe/api/mappings/best_structures/Q9CZP5,06b417750c3751c99368daa495c122fd84a85e76730bdd27d08012904cbd6e83,not_assessed,0.1.0
Q9CZP5,PDBe_SIFTS,8t14,B,,10090,1,418,not_assessed,,,Electron Microscopy,3.18,1.0,,,,,candidate,MOUSE_SIFTS_CANDIDATE_LOCAL_REVIEW_PENDING,https://www.ebi.ac.uk/pdbe/api/mappings/best_structures/Q9CZP5,06b417750c3751c99368daa495c122fd84a85e76730bdd27d08012904cbd6e83,not_assessed,0.1.0
Q9CZP5,PDBe_SIFTS,8t14,C,,10090,1,418,not_assessed,,,Electron Microscopy,3.18,1.0,,,,,candidate,MOUSE_SIFTS_CANDIDATE_LOCAL_REVIEW_PENDING,https://www.ebi.ac.uk/pdbe/api/mappings/best_structures/Q9CZP5,06b417750c3751c99368daa495c122fd84a85e76730bdd27d08012904cbd6e83,not_assessed,0.1.0
Q9CZP5,PDBe_SIFTS,8t14,D,,10090,1,418,not_assessed,,,Electron Microscopy,3.18,1.0,,,,,candidate,MOUSE_SIFTS_CANDIDATE_LOCAL_REVIEW_PENDING,https://www.ebi.ac.uk/pdbe/api/mappings/best_structures/Q9CZP5,06b417750c3751c99368daa495c122fd84a85e76730bdd27d08012904cbd6e83,not_assessed,0.1.0
Q9CZP5,PDBe_SIFTS,8t14,E,,10090,1,418,not_assessed,,,Electron Microscopy,3.18,1.0,,,,,candidate,MOUSE_SIFTS_CANDIDATE_LOCAL_REVIEW_PENDING,https://www.ebi.ac.uk/pdbe/api/mappings/best_structures/Q9CZP5,06b417750c3751c99368daa495c122fd84a85e76730bdd27d08012904cbd6e83,not_assessed,0.1.0
Q9CZP5,PDBe_SIFTS,8t14,F,,10090,1,418,not_assessed,,,Electron Microscopy,3.18,1.0,,,,,candidate,MOUSE_SIFTS_CANDIDATE_LOCAL_REVIEW_PENDING,https://www.ebi.ac.uk/pdbe/api/mappings/best_structures/Q9CZP5,06b417750c3751c99368daa495c122fd84a85e76730bdd27d08012904cbd6e83,not_assessed,0.1.0
Q9CZP5,PDBe_SIFTS,8t14,G,,10090,1,418,not_assessed,,,Electron Microscopy,3.18,1.0,,,,,candidate,MOUSE_SIFTS_CANDIDATE_LOCAL_REVIEW_PENDING,https://www.ebi.ac.uk/pdbe/api/mappings/best_structures/Q9CZP5,06b417750c3751c99368daa495c122fd84a85e76730bdd27d08012904cbd6e83,not_assessed,0.1.0
Q9CZP5,PDBe_SIFTS,8t5u,A,,10090,1,418,not_assessed,,,Electron Microscopy,3.13,1.0,,,,,candidate,MOUSE_SIFTS_CANDIDATE_LOCAL_REVIEW_PENDING,https://www.ebi.ac.uk/pdbe/api/mappings/best_structures/Q9CZP5,06b417750c3751c99368daa495c122fd84a85e76730bdd27d08012904cbd6e83,not_assessed,0.1.0
Q9CZP5,PDBe_SIFTS,8t5u,B,,10090,1,418,not_assessed,,,Electron Microscopy,3.13,1.0,,,,,candidate,MOUSE_SIFTS_CANDIDATE_LOCAL_REVIEW_PENDING,https://www.ebi.ac.uk/pdbe/api/mappings/best_structures/Q9CZP5,06b417750c3751c99368daa495c122fd84a85e76730bdd27d08012904cbd6e83,not_assessed,0.1.0
Q9CZP5,PDBe_SIFTS,8t5u,C,,10090,1,418,not_assessed,,,Electron Microscopy,3.13,1.0,,,,,candidate,MOUSE_SIFTS_CANDIDATE_LOCAL_REVIEW_PENDING,https://www.ebi.ac.uk/pdbe/api/mappings/best_structures/Q9CZP5,06b417750c3751c99368daa495c122fd84a85e76730bdd27d08012904cbd6e83,not_assessed,0.1.0
Q9CZP5,PDBe_SIFTS,8t5u,D,,10090,1,418,not_assessed,,,Electron Microscopy,3.13,1.0,,,,,candidate,MOUSE_SIFTS_CANDIDATE_LOCAL_REVIEW_PENDING,https://www.ebi.ac.uk/pdbe/api/mappings/best_structures/Q9CZP5,06b417750c3751c99368daa495c122fd84a85e76730bdd27d08012904cbd6e83,not_assessed,0.1.0
Q9CZP5,PDBe_SIFTS,8t5u,E,,10090,1,418,not_assessed,,,Electron Microscopy,3.13,1.0,,,,,candidate,MOUSE_SIFTS_CANDIDATE_LOCAL_REVIEW_PENDING,https://www.ebi.ac.uk/pdbe/api/mappings/best_structures/Q9CZP5,06b417750c3751c99368daa495c122fd84a85e76730bdd27d08012904cbd6e83,not_assessed,0.1.0
Q9CZP5,PDBe_SIFTS,8t5u,F,,10090,1,418,not_assessed,,,Electron Microscopy,3.13,1.0,,,,,candidate,MOUSE_SIFTS_CANDIDATE_LOCAL_REVIEW_PENDING,https://www.ebi.ac.uk/pdbe/api/mappings/best_structures/Q9CZP5,06b417750c3751c99368daa495c122fd84a85e76730bdd27d08012904cbd6e83,not_assessed,0.1.0
Q9CZP5,PDBe_SIFTS,8t5u,G,,10090,1,418,not_assessed,,,Electron Microscopy,3.13,1.0,,,,,candidate,MOUSE_SIFTS_CANDIDATE_LOCAL_REVIEW_PENDING,https://www.ebi.ac.uk/pdbe/api/mappings/best_structures/Q9CZP5,06b417750c3751c99368daa495c122fd84a85e76730bdd27d08012904cbd6e83,not_assessed,0.1.0
Q9CZP5,PDBe_SIFTS,8t7u,A,,10090,1,418,not_assessed,,,Electron Microscopy,3.74,1.0,,,,,candidate,MOUSE_SIFTS_CANDIDATE_LOCAL_REVIEW_PENDING,https://www.ebi.ac.uk/pdbe/api/mappings/best_structures/Q9CZP5,06b417750c3751c99368daa495c122fd84a85e76730bdd27d08012904cbd6e83,not_assessed,0.1.0
Q9CZP5,PDBe_SIFTS,8t7u,B,,10090,1,418,not_assessed,,,Electron Microscopy,3.74,1.0,,,,,candidate,MOUSE_SIFTS_CANDIDATE_LOCAL_REVIEW_PENDING,https://www.ebi.ac.uk/pdbe/api/mappings/best_structures/Q9CZP5,06b417750c3751c99368daa495c122fd84a85e76730bdd27d08012904cbd6e83,not_assessed,0.1.0
Q9CZP5,PDBe_SIFTS,8t7u,C,,10090,1,418,not_assessed,,,Electron Microscopy,3.74,1.0,,,,,candidate,MOUSE_SIFTS_CANDIDATE_LOCAL_REVIEW_PENDING,https://www.ebi.ac.uk/pdbe/api/mappings/best_structures/Q9CZP5,06b417750c3751c99368daa495c122fd84a85e76730bdd27d08012904cbd6e83,not_assessed,0.1.0
Q9CZP5,PDBe_SIFTS,8t7u,D,,10090,1,418,not_assessed,,,Electron Microscopy,3.74,1.0,,,,,candidate,MOUSE_SIFTS_CANDIDATE_LOCAL_REVIEW_PENDING,https://www.ebi.ac.uk/pdbe/api/mappings/best_structures/Q9CZP5,06b417750c3751c99368daa495c122fd84a85e76730bdd27d08012904cbd6e83,not_assessed,0.1.0
Q9CZP5,PDBe_SIFTS,8t7u,E,,10090,1,418,not_assessed,,,Electron Microscopy,3.74,1.0,,,,,candidate,MOUSE_SIFTS_CANDIDATE_LOCAL_REVIEW_PENDING,https://www.ebi.ac.uk/pdbe/api/mappings/best_structures/Q9CZP5,06b417750c3751c99368daa495c122fd84a85e76730bdd27d08012904cbd6e83,not_assessed,0.1.0
Q9CZP5,PDBe_SIFTS,8t7u,F,,10090,1,418,not_assessed,,,Electron Microscopy,3.74,1.0,,,,,candidate,MOUSE_SIFTS_CANDIDATE_LOCAL_REVIEW_PENDING,https://www.ebi.ac.uk/pdbe/api/mappings/best_structures/Q9CZP5,06b417750c3751c99368daa495c122fd84a85e76730bdd27d08012904cbd6e83,not_assessed,0.1.0
Q9CZP5,PDBe_SIFTS,8t7u,G,,10090,1,418,not_assessed,,,Electron Microscopy,3.74,1.0,,,,,candidate,MOUSE_SIFTS_CANDIDATE_LOCAL_REVIEW_PENDING,https://www.ebi.ac.uk/pdbe/api/mappings/best_structures/Q9CZP5,06b417750c3751c99368daa495c122fd84a85e76730bdd27d08012904cbd6e83,not_assessed,0.1.0
Q9CZP5,PDBe_SIFTS,8tby,A,,10090,1,418,not_assessed,,,Electron Microscopy,4.4,1.0,,,,,candidate,MOUSE_SIFTS_CANDIDATE_LOCAL_REVIEW_PENDING,https://www.ebi.ac.uk/pdbe/api/mappings/best_structures/Q9CZP5,06b417750c3751c99368daa495c122fd84a85e76730bdd27d08012904cbd6e83,not_assessed,0.1.0
Q9CZP5,PDBe_SIFTS,8tby,B,,10090,1,418,not_assessed,,,Electron Microscopy,4.4,1.0,,,,,candidate,MOUSE_SIFTS_CANDIDATE_LOCAL_REVIEW_PENDING,https://www.ebi.ac.uk/pdbe/api/mappings/best_structures/Q9CZP5,06b417750c3751c99368daa495c122fd84a85e76730bdd27d08012904cbd6e83,not_assessed,0.1.0
Q9CZP5,PDBe_SIFTS,8tby,C,,10090,1,418,not_assessed,,,Electron Microscopy,4.4,1.0,,,,,candidate,MOUSE_SIFTS_CANDIDATE_LOCAL_REVIEW_PENDING,https://www.ebi.ac.uk/pdbe/api/mappings/best_structures/Q9CZP5,06b417750c3751c99368daa495c122fd84a85e76730bdd27d08012904cbd6e83,not_assessed,0.1.0
Q9CZP5,PDBe_SIFTS,8tby,D,,10090,1,418,not_assessed,,,Electron Microscopy,4.4,1.0,,,,,candidate,MOUSE_SIFTS_CANDIDATE_LOCAL_REVIEW_PENDING,https://www.ebi.ac.uk/pdbe/api/mappings/best_structures/Q9CZP5,06b417750c3751c99368daa495c122fd84a85e76730bdd27d08012904cbd6e83,not_assessed,0.1.0
Q9CZP5,PDBe_SIFTS,8tby,E,,10090,1,418,not_assessed,,,Electron Microscopy,4.4,1.0,,,,,candidate,MOUSE_SIFTS_CANDIDATE_LOCAL_REVIEW_PENDING,https://www.ebi.ac.uk/pdbe/api/mappings/best_structures/Q9CZP5,06b417750c3751c99368daa495c122fd84a85e76730bdd27d08012904cbd6e83,not_assessed,0.1.0
Q9CZP5,PDBe_SIFTS,8tby,F,,10090,1,418,not_assessed,,,Electron Microscopy,4.4,1.0,,,,,candidate,MOUSE_SIFTS_CANDIDATE_LOCAL_REVIEW_PENDING,https://www.ebi.ac.uk/pdbe/api/mappings/best_structures/Q9CZP5,06b417750c3751c99368daa495c122fd84a85e76730bdd27d08012904cbd6e83,not_assessed,0.1.0
Q9CZP5,PDBe_SIFTS,8tby,G,,10090,1,418,not_assessed,,,Electron Microscopy,4.4,1.0,,,,,candidate,MOUSE_SIFTS_CANDIDATE_LOCAL_REVIEW_PENDING,https://www.ebi.ac.uk/pdbe/api/mappings/best_structures/Q9CZP5,06b417750c3751c99368daa495c122fd84a85e76730bdd27d08012904cbd6e83,not_assessed,0.1.0
Q9CZP5,PDBe_SIFTS,8ti0,A,,10090,1,418,not_assessed,,,Electron Microscopy,3.77,1.0,,,,,candidate,MOUSE_SIFTS_CANDIDATE_LOCAL_REVIEW_PENDING,https://www.ebi.ac.uk/pdbe/api/mappings/best_structures/Q9CZP5,06b417750c3751c99368daa495c122fd84a85e76730bdd27d08012904cbd6e83,not_assessed,0.1.0
Q9CZP5,PDBe_SIFTS,8ti0,B,,10090,1,418,not_assessed,,,Electron Microscopy,3.77,1.0,,,,,candidate,MOUSE_SIFTS_CANDIDATE_LOCAL_REVIEW_PENDING,https://www.ebi.ac.uk/pdbe/api/mappings/best_structures/Q9CZP5,06b417750c3751c99368daa495c122fd84a85e76730bdd27d08012904cbd6e83,not_assessed,0.1.0
Q9CZP5,PDBe_SIFTS,8ti0,C,,10090,1,418,not_assessed,,,Electron Microscopy,3.77,1.0,,,,,candidate,MOUSE_SIFTS_CANDIDATE_LOCAL_REVIEW_PENDING,https://www.ebi.ac.uk/pdbe/api/mappings/best_structures/Q9CZP5,06b417750c3751c99368daa495c122fd84a85e76730bdd27d08012904cbd6e83,not_assessed,0.1.0
Q9CZP5,PDBe_SIFTS,8ti0,D,,10090,1,418,not_assessed,,,Electron Microscopy,3.77,1.0,,,,,candidate,MOUSE_SIFTS_CANDIDATE_LOCAL_REVIEW_PENDING,https://www.ebi.ac.uk/pdbe/api/mappings/best_structures/Q9CZP5,06b417750c3751c99368daa495c122fd84a85e76730bdd27d08012904cbd6e83,not_assessed,0.1.0
Q9CZP5,PDBe_SIFTS,8ti0,E,,10090,1,418,not_assessed,,,Electron Microscopy,3.77,1.0,,,,,candidate,MOUSE_SIFTS_CANDIDATE_LOCAL_REVIEW_PENDING,https://www.ebi.ac.uk/pdbe/api/mappings/best_structures/Q9CZP5,06b417750c3751c99368daa495c122fd84a85e76730bdd27d08012904cbd6e83,not_assessed,0.1.0
Q9CZP5,PDBe_SIFTS,8ti0,F,,10090,1,418,not_assessed,,,Electron Microscopy,3.77,1.0,,,,,candidate,MOUSE_SIFTS_CANDIDATE_LOCAL_REVIEW_PENDING,https://www.ebi.ac.uk/pdbe/api/mappings/best_structures/Q9CZP5,06b417750c3751c99368daa495c122fd84a85e76730bdd27d08012904cbd6e83,not_assessed,0.1.0
Q9CZP5,PDBe_SIFTS,8ti0,G,,10090,1,418,not_assessed,,,Electron Microscopy,3.77,1.0,,,,,candidate,MOUSE_SIFTS_CANDIDATE_LOCAL_REVIEW_PENDING,https://www.ebi.ac.uk/pdbe/api/mappings/best_structures/Q9CZP5,06b417750c3751c99368daa495c122fd84a85e76730bdd27d08012904cbd6e83,not_assessed,0.1.0
Q9CZP5,PDBe_SIFTS,8tp1,A,,10090,1,418,not_assessed,,,Electron Microscopy,3.02,1.0,,,,,candidate,MOUSE_SIFTS_CANDIDATE_LOCAL_REVIEW_PENDING,https://www.ebi.ac.uk/pdbe/api/mappings/best_structures/Q9CZP5,06b417750c3751c99368daa495c122fd84a85e76730bdd27d08012904cbd6e83,not_assessed,0.1.0
Q9CZP5,PDBe_SIFTS,8tp1,B,,10090,1,418,not_assessed,,,Electron Microscopy,3.02,1.0,,,,,candidate,MOUSE_SIFTS_CANDIDATE_LOCAL_REVIEW_PENDING,https://www.ebi.ac.uk/pdbe/api/mappings/best_structures/Q9CZP5,06b417750c3751c99368daa495c122fd84a85e76730bdd27d08012904cbd6e83,not_assessed,0.1.0
Q9CZP5,PDBe_SIFTS,8tp1,C,,10090,1,418,not_assessed,,,Electron Microscopy,3.02,1.0,,,,,candidate,MOUSE_SIFTS_CANDIDATE_LOCAL_REVIEW_PENDING,https://www.ebi.ac.uk/pdbe/api/mappings/best_structures/Q9CZP5,06b417750c3751c99368daa495c122fd84a85e76730bdd27d08012904cbd6e83,not_assessed,0.1.0
Q9CZP5,PDBe_SIFTS,8tp1,D,,10090,1,418,not_assessed,,,Electron Microscopy,3.02,1.0,,,,,candidate,MOUSE_SIFTS_CANDIDATE_LOCAL_REVIEW_PENDING,https://www.ebi.ac.uk/pdbe/api/mappings/best_structures/Q9CZP5,06b417750c3751c99368daa495c122fd84a85e76730bdd27d08012904cbd6e83,not_assessed,0.1.0
Q9CZP5,PDBe_SIFTS,8tp1,E,,10090,1,418,not_assessed,,,Electron Microscopy,3.02,1.0,,,,,candidate,MOUSE_SIFTS_CANDIDATE_LOCAL_REVIEW_PENDING,https://www.ebi.ac.uk/pdbe/api/mappings/best_structures/Q9CZP5,06b417750c3751c99368daa495c122fd84a85e76730bdd27d08012904cbd6e83,not_assessed,0.1.0
Q9CZP5,PDBe_SIFTS,8tp1,F,,10090,1,418,not_assessed,,,Electron Microscopy,3.02,1.0,,,,,candidate,MOUSE_SIFTS_CANDIDATE_LOCAL_REVIEW_PENDING,https://www.ebi.ac.uk/pdbe/api/mappings/best_structures/Q9CZP5,06b417750c3751c99368daa495c122fd84a85e76730bdd27d08012904cbd6e83,not_assessed,0.1.0
Q9CZP5,PDBe_SIFTS,8tp1,G,,10090,1,418,not_assessed,,,Electron Microscopy,3.02,1.0,,,,,candidate,MOUSE_SIFTS_CANDIDATE_LOCAL_REVIEW_PENDING,https://www.ebi.ac.uk/pdbe/api/mappings/best_structures/Q9CZP5,06b417750c3751c99368daa495c122fd84a85e76730bdd27d08012904cbd6e83,not_assessed,0.1.0
Q9CZP5,PDBe_SIFTS,8tpl,A,,10090,1,418,not_assessed,,,Electron Microscopy,3.46,1.0,,,,,candidate,MOUSE_SIFTS_CANDIDATE_LOCAL_REVIEW_PENDING,https://www.ebi.ac.uk/pdbe/api/mappings/best_structures/Q9CZP5,06b417750c3751c99368daa495c122fd84a85e76730bdd27d08012904cbd6e83,not_assessed,0.1.0
Q9CZP5,PDBe_SIFTS,8tpl,B,,10090,1,418,not_assessed,,,Electron Microscopy,3.46,1.0,,,,,candidate,MOUSE_SIFTS_CANDIDATE_LOCAL_REVIEW_PENDING,https://www.ebi.ac.uk/pdbe/api/mappings/best_structures/Q9CZP5,06b417750c3751c99368daa495c122fd84a85e76730bdd27d08012904cbd6e83,not_assessed,0.1.0
Q9CZP5,PDBe_SIFTS,8tpl,C,,10090,1,418,not_assessed,,,Electron Microscopy,3.46,1.0,,,,,candidate,MOUSE_SIFTS_CANDIDATE_LOCAL_REVIEW_PENDING,https://www.ebi.ac.uk/pdbe/api/mappings/best_structures/Q9CZP5,06b417750c3751c99368daa495c122fd84a85e76730bdd27d08012904cbd6e83,not_assessed,0.1.0
Q9CZP5,PDBe_SIFTS,8tpl,D,,10090,1,418,not_assessed,,,Electron Microscopy,3.46,1.0,,,,,candidate,MOUSE_SIFTS_CANDIDATE_LOCAL_REVIEW_PENDING,https://www.ebi.ac.uk/pdbe/api/mappings/best_structures/Q9CZP5,06b417750c3751c99368daa495c122fd84a85e76730bdd27d08012904cbd6e83,not_assessed,0.1.0
Q9CZP5,PDBe_SIFTS,8tpl,E,,10090,1,418,not_assessed,,,Electron Microscopy,3.46,1.0,,,,,candidate,MOUSE_SIFTS_CANDIDATE_LOCAL_REVIEW_PENDING,https://www.ebi.ac.uk/pdbe/api/mappings/best_structures/Q9CZP5,06b417750c3751c99368daa495c122fd84a85e76730bdd27d08012904cbd6e83,not_assessed,0.1.0
Q9CZP5,PDBe_SIFTS,8tpl,F,,10090,1,418,not_assessed,,,Electron Microscopy,3.46,1.0,,,,,candidate,MOUSE_SIFTS_CANDIDATE_LOCAL_REVIEW_PENDING,https://www.ebi.ac.uk/pdbe/api/mappings/best_structures/Q9CZP5,06b417750c3751c99368daa495c122fd84a85e76730bdd27d08012904cbd6e83,not_assessed,0.1.0
Q9CZP5,PDBe_SIFTS,8tpl,G,,10090,1,418,not_assessed,,,Electron Microscopy,3.46,1.0,,,,,candidate,MOUSE_SIFTS_CANDIDATE_LOCAL_REVIEW_PENDING,https://www.ebi.ac.uk/pdbe/api/mappings/best_structures/Q9CZP5,06b417750c3751c99368daa495c122fd84a85e76730bdd27d08012904cbd6e83,not_assessed,0.1.0
Q9D0P7,AlphaFold_DB,AF-Q9D0P7-F1,A,6,10090,1,329,exact_full,900ad9f70d4f1b6b4e56a3942212f06b87fe9060021ec1e0b04e77e5025a7357,0bb108e289a90c1cd2f1ff1f93836f99,predicted,,,https://alphafold.ebi.ac.uk/files/AF-Q9D0P7-F1-model_v6.cif,https://alphafold.ebi.ac.uk/files/AF-Q9D0P7-F1-model_v6.pdb,https://alphafold.ebi.ac.uk/files/AF-Q9D0P7-F1-confidence_v6.json,https://alphafold.ebi.ac.uk/files/AF-Q9D0P7-F1-predicted_aligned_error_v6.json,candidate,EXACT_FULL_SEQUENCE_LOCAL_QUALITY_PENDING,https://alphafold.ebi.ac.uk/api/prediction/Q9D0P7,5b2b1aa6ae579648beecc048bab4c5e6802ad5c609c6f479b20495f256728cfe,not_assessed,0.1.0
Q9D0T7,AlphaFold_DB,AF-Q9D0T7-F1,A,6,10090,1,191,exact_full,76d6ee29887c9493c40eba720e0b9a1e6a65175d6bf17b1061b1abd39085df12,f50c3d56f75d1c1e792cac3462ec7869,predicted,,,https://alphafold.ebi.ac.uk/files/AF-Q9D0T7-F1-model_v6.cif,https://alphafold.ebi.ac.uk/files/AF-Q9D0T7-F1-model_v6.pdb,https://alphafold.ebi.ac.uk/files/AF-Q9D0T7-F1-confidence_v6.json,https://alphafold.ebi.ac.uk/files/AF-Q9D0T7-F1-predicted_aligned_error_v6.json,candidate,EXACT_FULL_SEQUENCE_LOCAL_QUALITY_PENDING,https://alphafold.ebi.ac.uk/api/prediction/Q9D0T7,60c0e4b3f7447223f63fe31eb18edfcfe979b2d39b31badf6c0cff6f74182bc8,not_assessed,0.1.0
Q9D154,AlphaFold_DB,AF-0000000010887173,A,1,287,1,379,not_assessed,35c612cfc08b65ee3002e4d66016886e3e8d634ef7b295ba2bb28f3846836b7b,a7b860cb65056ec157628e441754c872,predicted,,,https://alphafold.ebi.ac.uk/files/AF-0000000010887173-model_v1.cif,https://alphafold.ebi.ac.uk/files/AF-0000000010887173-model_v1.pdb,https://alphafold.ebi.ac.uk/files/AF-0000000010887173-confidence_v1.json,https://alphafold.ebi.ac.uk/files/AF-0000000010887173-predicted_aligned_error_v1.json,held,ALPHAFOLD_MOUSE_TAXONOMY_NOT_CONFIRMED,https://alphafold.ebi.ac.uk/api/prediction/Q9D154,9ec05066bd670508cfe6e1798e3964bced160e9a0fb29df8edddf6c76441c25e,not_assessed,0.1.0
Q9D154,AlphaFold_DB,AF-Q9D154-F1,A,6,10090,1,379,exact_full,35c612cfc08b65ee3002e4d66016886e3e8d634ef7b295ba2bb28f3846836b7b,a7b860cb65056ec157628e441754c872,predicted,,,https://alphafold.ebi.ac.uk/files/AF-Q9D154-F1-model_v6.cif,https://alphafold.ebi.ac.uk/files/AF-Q9D154-F1-model_v6.pdb,https://alphafold.ebi.ac.uk/files/AF-Q9D154-F1-confidence_v6.json,https://alphafold.ebi.ac.uk/files/AF-Q9D154-F1-predicted_aligned_error_v6.json,candidate,EXACT_FULL_SEQUENCE_LOCAL_QUALITY_PENDING,https://alphafold.ebi.ac.uk/api/prediction/Q9D154,9ec05066bd670508cfe6e1798e3964bced160e9a0fb29df8edddf6c76441c25e,not_assessed,0.1.0
Q9D164,AlphaFold_DB,AF-Q9D164-2-F1,A,6,10090,1,93,not_assessed,6da7f4fe0f210a2dce8a45079114c07280b7f038efee798cea6251d7a564b45b,ad1a8ef16f56b56fafe7493d65d78279,predicted,,,https://alphafold.ebi.ac.uk/files/AF-Q9D164-2-F1-model_v6.cif,https://alphafold.ebi.ac.uk/files/AF-Q9D164-2-F1-model_v6.pdb,https://alphafold.ebi.ac.uk/files/AF-Q9D164-2-F1-confidence_v6.json,https://alphafold.ebi.ac.uk/files/AF-Q9D164-2-F1-predicted_aligned_error_v6.json,held,ALPHAFOLD_ACCESSION_DIFFERS_FROM_CANONICAL,https://alphafold.ebi.ac.uk/api/prediction/Q9D164,3b85d22429541c35c8e40cf5927e0a947d93e4a27085aee49978c5171b2bca3c,not_assessed,0.1.0
Q9D164,AlphaFold_DB,AF-Q9D164-F1,A,6,10090,1,94,exact_full,6afed1ec417f76eb27725e1bf6d052c507f19c55b96500c7196a567ddde63d24,f4c0ac4ea2fdc8c607a8c16968913c08,predicted,,,https://alphafold.ebi.ac.uk/files/AF-Q9D164-F1-model_v6.cif,https://alphafold.ebi.ac.uk/files/AF-Q9D164-F1-model_v6.pdb,https://alphafold.ebi.ac.uk/files/AF-Q9D164-F1-confidence_v6.json,https://alphafold.ebi.ac.uk/files/AF-Q9D164-F1-predicted_aligned_error_v6.json,candidate,EXACT_FULL_SEQUENCE_LOCAL_QUALITY_PENDING,https://alphafold.ebi.ac.uk/api/prediction/Q9D164,3b85d22429541c35c8e40cf5927e0a947d93e4a27085aee49978c5171b2bca3c,not_assessed,0.1.0
Q9D1D1,AlphaFold_DB,AF-Q9D1D1-F1,A,6,10090,1,253,exact_full,4be883a241d199fa008dc435d42c2208d9ca5455bcb580177e05748b9ca71fa4,38812abf045a09d0c4f6158ff6c9b467,predicted,,,https://alphafold.ebi.ac.uk/files/AF-Q9D1D1-F1-model_v6.cif,https://alphafold.ebi.ac.uk/files/AF-Q9D1D1-F1-model_v6.pdb,https://alphafold.ebi.ac.uk/files/AF-Q9D1D1-F1-confidence_v6.json,https://alphafold.ebi.ac.uk/files/AF-Q9D1D1-F1-predicted_aligned_error_v6.json,candidate,EXACT_FULL_SEQUENCE_LOCAL_QUALITY_PENDING,https://alphafold.ebi.ac.uk/api/prediction/Q9D1D1,81d50818985a6824591a093bbc01efd4a921508852c0bf304cc7a80f13af1297,not_assessed,0.1.0
Q9D1G2,AlphaFold_DB,AF-Q9D1G2-2-F1,A,6,10090,1,171,not_assessed,9dc16b5b74a7d7cb8956ede51782803ca370e276e48f915a4ca83adf1716b11a,7671455e8037194767cb91b59353918e,predicted,,,https://alphafold.ebi.ac.uk/files/AF-Q9D1G2-2-F1-model_v6.cif,https://alphafold.ebi.ac.uk/files/AF-Q9D1G2-2-F1-model_v6.pdb,https://alphafold.ebi.ac.uk/files/AF-Q9D1G2-2-F1-confidence_v6.json,https://alphafold.ebi.ac.uk/files/AF-Q9D1G2-2-F1-predicted_aligned_error_v6.json,held,ALPHAFOLD_ACCESSION_DIFFERS_FROM_CANONICAL,https://alphafold.ebi.ac.uk/api/prediction/Q9D1G2,482a2c197aec3b8cc18c50cea8aa7586dc162776c637d74b7ec3ff0af589b516,not_assessed,0.1.0
Q9D1G2,AlphaFold_DB,AF-Q9D1G2-3-F1,A,6,10090,1,117,not_assessed,61972cd2ba04951a2a673eed62b022ef7054c4e9e78a51d0b9f5db31579de931,c99b94445013d7e69e388990565aa4b8,predicted,,,https://alphafold.ebi.ac.uk/files/AF-Q9D1G2-3-F1-model_v6.cif,https://alphafold.ebi.ac.uk/files/AF-Q9D1G2-3-F1-model_v6.pdb,https://alphafold.ebi.ac.uk/files/AF-Q9D1G2-3-F1-confidence_v6.json,https://alphafold.ebi.ac.uk/files/AF-Q9D1G2-3-F1-predicted_aligned_error_v6.json,held,ALPHAFOLD_ACCESSION_DIFFERS_FROM_CANONICAL,https://alphafold.ebi.ac.uk/api/prediction/Q9D1G2,482a2c197aec3b8cc18c50cea8aa7586dc162776c637d74b7ec3ff0af589b516,not_assessed,0.1.0
Q9D1G2,AlphaFold_DB,AF-Q9D1G2-F1,A,6,10090,1,192,exact_full,238f454d87e984f5348f58ee68100c4b485e5c26277a1ae270f2db5f910ee478,555bcf4d42007ea6db3b37c3389d5471,predicted,,,https://alphafold.ebi.ac.uk/files/AF-Q9D1G2-F1-model_v6.cif,https://alphafold.ebi.ac.uk/files/AF-Q9D1G2-F1-model_v6.pdb,https://alphafold.ebi.ac.uk/files/AF-Q9D1G2-F1-confidence_v6.json,https://alphafold.ebi.ac.uk/files/AF-Q9D1G2-F1-predicted_aligned_error_v6.json,candidate,EXACT_FULL_SEQUENCE_LOCAL_QUALITY_PENDING,https://alphafold.ebi.ac.uk/api/prediction/Q9D1G2,482a2c197aec3b8cc18c50cea8aa7586dc162776c637d74b7ec3ff0af589b516,not_assessed,0.1.0
Q9D236,AlphaFold_DB,AF-Q9D236-1-F1,A,6,10090,1,459,not_assessed,949e7ae77680c30c4f95c3c9158588570f901f8571d41a89accc0571b4e578e9,5db57da466e14dde723a78a5f773b975,predicted,,,https://alphafold.ebi.ac.uk/files/AF-Q9D236-1-F1-model_v6.cif,https://alphafold.ebi.ac.uk/files/AF-Q9D236-1-F1-model_v6.pdb,https://alphafold.ebi.ac.uk/files/AF-Q9D236-1-F1-confidence_v6.json,https://alphafold.ebi.ac.uk/files/AF-Q9D236-1-F1-predicted_aligned_error_v6.json,held,ALPHAFOLD_ACCESSION_DIFFERS_FROM_CANONICAL,https://alphafold.ebi.ac.uk/api/prediction/Q9D236,5f9463f5bf11f5adaed732478f1aa1bb5b4b32f28d15ef1b0492c2f09a0607c8,not_assessed,0.1.0
Q9D236,AlphaFold_DB,AF-Q9D236-4-F1,A,6,10090,1,363,not_assessed,9826338857290cc2dcd66e1563b022e2d8b691abf7ac4233df88b32b97ae4684,edef236be386f9ac2c60b53291d36bc5,predicted,,,https://alphafold.ebi.ac.uk/files/AF-Q9D236-4-F1-model_v6.cif,https://alphafold.ebi.ac.uk/files/AF-Q9D236-4-F1-model_v6.pdb,https://alphafold.ebi.ac.uk/files/AF-Q9D236-4-F1-confidence_v6.json,https://alphafold.ebi.ac.uk/files/AF-Q9D236-4-F1-predicted_aligned_error_v6.json,held,ALPHAFOLD_ACCESSION_DIFFERS_FROM_CANONICAL,https://alphafold.ebi.ac.uk/api/prediction/Q9D236,5f9463f5bf11f5adaed732478f1aa1bb5b4b32f28d15ef1b0492c2f09a0607c8,not_assessed,0.1.0
Q9D236,AlphaFold_DB,AF-Q9D236-F1,A,6,10090,1,459,exact_full,e9f0d8b1b34c196f629c56cb8bd7d9518387cdc64c553c7b5606996c02f49d94,8080745ee2ce230219471b27d7399fbd,predicted,,,https://alphafold.ebi.ac.uk/files/AF-Q9D236-F1-model_v6.cif,https://alphafold.ebi.ac.uk/files/AF-Q9D236-F1-model_v6.pdb,https://alphafold.ebi.ac.uk/files/AF-Q9D236-F1-confidence_v6.json,https://alphafold.ebi.ac.uk/files/AF-Q9D236-F1-predicted_aligned_error_v6.json,candidate,EXACT_FULL_SEQUENCE_LOCAL_QUALITY_PENDING,https://alphafold.ebi.ac.uk/api/prediction/Q9D236,5f9463f5bf11f5adaed732478f1aa1bb5b4b32f28d15ef1b0492c2f09a0607c8,not_assessed,0.1.0
Q9D2N8,AlphaFold_DB,AF-Q9D2N8-F1,A,6,10090,1,638,exact_full,d79ea53b9b16f7b18bd76207650dcf18942ff805f47d41cb9d387b90653b8782,ea8e2534da6eab7a0b2c412259347cfd,predicted,,,https://alphafold.ebi.ac.uk/files/AF-Q9D2N8-F1-model_v6.cif,https://alphafold.ebi.ac.uk/files/AF-Q9D2N8-F1-model_v6.pdb,https://alphafold.ebi.ac.uk/files/AF-Q9D2N8-F1-confidence_v6.json,https://alphafold.ebi.ac.uk/files/AF-Q9D2N8-F1-predicted_aligned_error_v6.json,candidate,EXACT_FULL_SEQUENCE_LOCAL_QUALITY_PENDING,https://alphafold.ebi.ac.uk/api/prediction/Q9D2N8,68e7839302f6f4e3bb0e9da88c9f684e0c877deee83078471e79b26c0ee3071d,not_assessed,0.1.0
Q9D300,AlphaFold_DB,AF-Q9D300-2-F1,A,6,10090,1,469,not_assessed,3b4a86f6be259b2c943e63ffae23ce9bbc901447284f53000e4036c634588265,f39f7e79b119447eaf70e4cbf39883bd,predicted,,,https://alphafold.ebi.ac.uk/files/AF-Q9D300-2-F1-model_v6.cif,https://alphafold.ebi.ac.uk/files/AF-Q9D300-2-F1-model_v6.pdb,https://alphafold.ebi.ac.uk/files/AF-Q9D300-2-F1-confidence_v6.json,https://alphafold.ebi.ac.uk/files/AF-Q9D300-2-F1-predicted_aligned_error_v6.json,held,ALPHAFOLD_ACCESSION_DIFFERS_FROM_CANONICAL,https://alphafold.ebi.ac.uk/api/prediction/Q9D300,a97d6444be139f206a62605a43edb8887313629c8fbf5aaa579de79a762ae1ea,not_assessed,0.1.0
Q9D300,AlphaFold_DB,AF-Q9D300-F1,A,6,10090,1,466,exact_full,1605b2e51b9da1642bfaa9016f378c6f52f180d23a6d600186f0c042633bfcad,302fcc4277cfea7db011f08e3d5658e8,predicted,,,https://alphafold.ebi.ac.uk/files/AF-Q9D300-F1-model_v6.cif,https://alphafold.ebi.ac.uk/files/AF-Q9D300-F1-model_v6.pdb,https://alphafold.ebi.ac.uk/files/AF-Q9D300-F1-confidence_v6.json,https://alphafold.ebi.ac.uk/files/AF-Q9D300-F1-predicted_aligned_error_v6.json,candidate,EXACT_FULL_SEQUENCE_LOCAL_QUALITY_PENDING,https://alphafold.ebi.ac.uk/api/prediction/Q9D300,a97d6444be139f206a62605a43edb8887313629c8fbf5aaa579de79a762ae1ea,not_assessed,0.1.0
Q9D3R9,AlphaFold_DB,AF-Q9D3R9-2-F1,A,6,10090,1,378,not_assessed,739285fe167407efb7e0f420a1902f063d1a0b329fbd117d4752d1b8c9b6f8c2,80d5d434d5fa30c4b25f8e70a5c2d5b8,predicted,,,https://alphafold.ebi.ac.uk/files/AF-Q9D3R9-2-F1-model_v6.cif,https://alphafold.ebi.ac.uk/files/AF-Q9D3R9-2-F1-model_v6.pdb,https://alphafold.ebi.ac.uk/files/AF-Q9D3R9-2-F1-confidence_v6.json,https://alphafold.ebi.ac.uk/files/AF-Q9D3R9-2-F1-predicted_aligned_error_v6.json,held,ALPHAFOLD_ACCESSION_DIFFERS_FROM_CANONICAL,https://alphafold.ebi.ac.uk/api/prediction/Q9D3R9,4c7a12851c1211dd5dae26584a9716379c544d4280f97fca86b15c813f160030,not_assessed,0.1.0
Q9D3R9,AlphaFold_DB,AF-Q9D3R9-F1,A,6,10090,1,471,exact_full,af383de4f6955776fce27de1c23d6b70cbd1a53860a4887a987681ce9267ab9d,b06a9d21eb9e2a2a9f1e1d0cb9c9d4e7,predicted,,,https://alphafold.ebi.ac.uk/files/AF-Q9D3R9-F1-model_v6.cif,https://alphafold.ebi.ac.uk/files/AF-Q9D3R9-F1-model_v6.pdb,https://alphafold.ebi.ac.uk/files/AF-Q9D3R9-F1-confidence_v6.json,https://alphafold.ebi.ac.uk/files/AF-Q9D3R9-F1-predicted_aligned_error_v6.json,candidate,EXACT_FULL_SEQUENCE_LOCAL_QUALITY_PENDING,https://alphafold.ebi.ac.uk/api/prediction/Q9D3R9,4c7a12851c1211dd5dae26584a9716379c544d4280f97fca86b15c813f160030,not_assessed,0.1.0
Q9D479,AlphaFold_DB,AF-Q9D479-F1,A,6,10090,1,717,exact_full,44627614a9c56d5c5c6d63737fbf55fc6b01a2a400a87e8804253c8604ec7173,4602965cf0740b8b21a9faf6840946b5,predicted,,,https://alphafold.ebi.ac.uk/files/AF-Q9D479-F1-model_v6.cif,https://alphafold.ebi.ac.uk/files/AF-Q9D479-F1-model_v6.pdb,https://alphafold.ebi.ac.uk/files/AF-Q9D479-F1-confidence_v6.json,https://alphafold.ebi.ac.uk/files/AF-Q9D479-F1-predicted_aligned_error_v6.json,candidate,EXACT_FULL_SEQUENCE_LOCAL_QUALITY_PENDING,https://alphafold.ebi.ac.uk/api/prediction/Q9D479,ec31651007efeddcdd6375f372e5105a8d4834a3fc13352df5e34f49e7da0365,not_assessed,0.1.0
Q9D5Z5,AlphaFold_DB,AF-Q9D5Z5-F1,A,6,10090,1,446,exact_full,409ee237577434d9d3e9fb79e05f66b2dcb5fe5e86cdf707851349879d88989d,f750261f23552db091bd0760fe7a7d0b,predicted,,,https://alphafold.ebi.ac.uk/files/AF-Q9D5Z5-F1-model_v6.cif,https://alphafold.ebi.ac.uk/files/AF-Q9D5Z5-F1-model_v6.pdb,https://alphafold.ebi.ac.uk/files/AF-Q9D5Z5-F1-confidence_v6.json,https://alphafold.ebi.ac.uk/files/AF-Q9D5Z5-F1-predicted_aligned_error_v6.json,candidate,EXACT_FULL_SEQUENCE_LOCAL_QUALITY_PENDING,https://alphafold.ebi.ac.uk/api/prediction/Q9D5Z5,9fcbfe73923508bcbcc6e5295da035ca098e433dd24823aa78fce09ce7df2e31,not_assessed,0.1.0
Q9D668,AlphaFold_DB,AF-Q9D668-F1,A,6,10090,1,407,exact_full,689174a1f77e28d233516527b0026b86c23a4c96d13919fc563cb6fa61d9fc08,141aa2e996a23fa75014f1a8a8346e14,predicted,,,https://alphafold.ebi.ac.uk/files/AF-Q9D668-F1-model_v6.cif,https://alphafold.ebi.ac.uk/files/AF-Q9D668-F1-model_v6.pdb,https://alphafold.ebi.ac.uk/files/AF-Q9D668-F1-confidence_v6.json,https://alphafold.ebi.ac.uk/files/AF-Q9D668-F1-predicted_aligned_error_v6.json,candidate,EXACT_FULL_SEQUENCE_LOCAL_QUALITY_PENDING,https://alphafold.ebi.ac.uk/api/prediction/Q9D668,4234c4946ff328a9bc69dcb118a3283db6299aa8235f14c8d448e58fb8ab3c0a,not_assessed,0.1.0
Q9D684,AlphaFold_DB,AF-Q9D684-2-F1,A,6,10090,1,850,not_assessed,5d1203655c758729b6b346ed6d17769959f1b347f2226dcbfa8d0bcc8b24b779,c145dc97f4b4d3266cc88af2f3cb254a,predicted,,,https://alphafold.ebi.ac.uk/files/AF-Q9D684-2-F1-model_v6.cif,https://alphafold.ebi.ac.uk/files/AF-Q9D684-2-F1-model_v6.pdb,https://alphafold.ebi.ac.uk/files/AF-Q9D684-2-F1-confidence_v6.json,https://alphafold.ebi.ac.uk/files/AF-Q9D684-2-F1-predicted_aligned_error_v6.json,held,ALPHAFOLD_ACCESSION_DIFFERS_FROM_CANONICAL,https://alphafold.ebi.ac.uk/api/prediction/Q9D684,7db2b195cbd489694a8bc3b7ba96d5b007e87ba4fa38eb296d1449c2b83358c3,not_assessed,0.1.0
Q9D684,AlphaFold_DB,AF-Q9D684-F1,A,6,10090,1,903,exact_full,e5d89874e3f7ee6bbefaa14df293bb013ef9c1ba24f3a223b79953023587eca7,8c587f2dcec48412334f48e547299778,predicted,,,https://alphafold.ebi.ac.uk/files/AF-Q9D684-F1-model_v6.cif,https://alphafold.ebi.ac.uk/files/AF-Q9D684-F1-model_v6.pdb,https://alphafold.ebi.ac.uk/files/AF-Q9D684-F1-confidence_v6.json,https://alphafold.ebi.ac.uk/files/AF-Q9D684-F1-predicted_aligned_error_v6.json,candidate,EXACT_FULL_SEQUENCE_LOCAL_QUALITY_PENDING,https://alphafold.ebi.ac.uk/api/prediction/Q9D684,7db2b195cbd489694a8bc3b7ba96d5b007e87ba4fa38eb296d1449c2b83358c3,not_assessed,0.1.0
Q9D6A1,AlphaFold_DB,AF-Q9D6A1-2-F1,A,6,10090,1,152,not_assessed,5bc511f94eced7a2cc262bcfa04582d513b7920c2b4164160952112c891e9cc3,d9759c7c90b33f1b5df4480dcaabe51f,predicted,,,https://alphafold.ebi.ac.uk/files/AF-Q9D6A1-2-F1-model_v6.cif,https://alphafold.ebi.ac.uk/files/AF-Q9D6A1-2-F1-model_v6.pdb,https://alphafold.ebi.ac.uk/files/AF-Q9D6A1-2-F1-confidence_v6.json,https://alphafold.ebi.ac.uk/files/AF-Q9D6A1-2-F1-predicted_aligned_error_v6.json,held,ALPHAFOLD_ACCESSION_DIFFERS_FROM_CANONICAL,https://alphafold.ebi.ac.uk/api/prediction/Q9D6A1,ac2e49fd4d6dd892420c0f181ade2ca4311e2d3315cc57f2af3b9964b2523ae4,not_assessed,0.1.0
Q9D6A1,AlphaFold_DB,AF-Q9D6A1-F1,A,6,10090,1,958,exact_full,38f4d5baa4e16613b57ed6889f5eed059047e2b6f5d3dd395a72c5310ef48c7d,71ba8a2e48a4c24fb690ffd99493434f,predicted,,,https://alphafold.ebi.ac.uk/files/AF-Q9D6A1-F1-model_v6.cif,https://alphafold.ebi.ac.uk/files/AF-Q9D6A1-F1-model_v6.pdb,https://alphafold.ebi.ac.uk/files/AF-Q9D6A1-F1-confidence_v6.json,https://alphafold.ebi.ac.uk/files/AF-Q9D6A1-F1-predicted_aligned_error_v6.json,candidate,EXACT_FULL_SEQUENCE_LOCAL_QUALITY_PENDING,https://alphafold.ebi.ac.uk/api/prediction/Q9D6A1,ac2e49fd4d6dd892420c0f181ade2ca4311e2d3315cc57f2af3b9964b2523ae4,not_assessed,0.1.0
Q9D6B9,AlphaFold_DB,AF-Q9D6B9-F1,A,6,10090,1,109,exact_full,d30afed7c359266e71c274b97ab5cf74cac6e25a62a789f9f57637cc2827e4b9,e376b15a3c4f07beef2d3463013dc528,predicted,,,https://alphafold.ebi.ac.uk/files/AF-Q9D6B9-F1-model_v6.cif,https://alphafold.ebi.ac.uk/files/AF-Q9D6B9-F1-model_v6.pdb,https://alphafold.ebi.ac.uk/files/AF-Q9D6B9-F1-confidence_v6.json,https://alphafold.ebi.ac.uk/files/AF-Q9D6B9-F1-predicted_aligned_error_v6.json,candidate,EXACT_FULL_SEQUENCE_LOCAL_QUALITY_PENDING,https://alphafold.ebi.ac.uk/api/prediction/Q9D6B9,9dbb142b7d2ad8b669029cfc9d43ebdfdf6e28b2c2d54332013dcbeb980e7e8a,not_assessed,0.1.0
Q9D6D8,AlphaFold_DB,AF-Q9D6D8-F1,A,6,10090,1,313,exact_full,4a42c411267226b5a86b2e9c10acf8d108c450ba053f65be1ecd06a66feb3669,688badd8c8e1ae136d4382505737ba85,predicted,,,https://alphafold.ebi.ac.uk/files/AF-Q9D6D8-F1-model_v6.cif,https://alphafold.ebi.ac.uk/files/AF-Q9D6D8-F1-model_v6.pdb,https://alphafold.ebi.ac.uk/files/AF-Q9D6D8-F1-confidence_v6.json,https://alphafold.ebi.ac.uk/files/AF-Q9D6D8-F1-predicted_aligned_error_v6.json,candidate,EXACT_FULL_SEQUENCE_LOCAL_QUALITY_PENDING,https://alphafold.ebi.ac.uk/api/prediction/Q9D6D8,5929eebdf1e29a20b761dabf1a0aa0954f492e344e709fcbafb328dbcc9231e0,not_assessed,0.1.0
Q9D6W7,AlphaFold_DB,AF-Q9D6W7-F1,A,6,10090,1,172,exact_full,a5054fa193bf52c59b822bf1c3069879d29db3347cc131583f153ced7dc64c35,f647b11150bdad4064eaf1129178cecd,predicted,,,https://alphafold.ebi.ac.uk/files/AF-Q9D6W7-F1-model_v6.cif,https://alphafold.ebi.ac.uk/files/AF-Q9D6W7-F1-model_v6.pdb,https://alphafold.ebi.ac.uk/files/AF-Q9D6W7-F1-confidence_v6.json,https://alphafold.ebi.ac.uk/files/AF-Q9D6W7-F1-predicted_aligned_error_v6.json,candidate,EXACT_FULL_SEQUENCE_LOCAL_QUALITY_PENDING,https://alphafold.ebi.ac.uk/api/prediction/Q9D6W7,034a499c3c345d744a639bb292dac558ed71ea28c14b25b16310a594353aff6a,not_assessed,0.1.0
Q9D6X5,AlphaFold_DB,AF-Q9D6X5-2-F1,A,6,10090,1,250,not_assessed,d3cd30d8cbf9dcf477f8cf10548387ba60f5609044894eb8febc65c9511922cb,6f032d9372c8ef63e69dc0003fd8a69d,predicted,,,https://alphafold.ebi.ac.uk/files/AF-Q9D6X5-2-F1-model_v6.cif,https://alphafold.ebi.ac.uk/files/AF-Q9D6X5-2-F1-model_v6.pdb,https://alphafold.ebi.ac.uk/files/AF-Q9D6X5-2-F1-confidence_v6.json,https://alphafold.ebi.ac.uk/files/AF-Q9D6X5-2-F1-predicted_aligned_error_v6.json,held,ALPHAFOLD_ACCESSION_DIFFERS_FROM_CANONICAL,https://alphafold.ebi.ac.uk/api/prediction/Q9D6X5,37a2f9176fc37678adda4fb9647ad33f2895f5b397d35180c192e9b5ce49e05b,not_assessed,0.1.0
Q9D6X5,AlphaFold_DB,AF-Q9D6X5-F1,A,6,10090,1,460,exact_full,802417114857be190810a5b8e74d558e7a2a555b7ccd64fb8746910bfb961e72,ce466fc76ba1f93f412906ad4065c7cc,predicted,,,https://alphafold.ebi.ac.uk/files/AF-Q9D6X5-F1-model_v6.cif,https://alphafold.ebi.ac.uk/files/AF-Q9D6X5-F1-model_v6.pdb,https://alphafold.ebi.ac.uk/files/AF-Q9D6X5-F1-confidence_v6.json,https://alphafold.ebi.ac.uk/files/AF-Q9D6X5-F1-predicted_aligned_error_v6.json,candidate,EXACT_FULL_SEQUENCE_LOCAL_QUALITY_PENDING,https://alphafold.ebi.ac.uk/api/prediction/Q9D6X5,37a2f9176fc37678adda4fb9647ad33f2895f5b397d35180c192e9b5ce49e05b,not_assessed,0.1.0
Q9D6X6,AlphaFold_DB,AF-Q9D6X6-F1,A,6,10090,1,382,exact_full,f0a3d69b8a0b8930583303f909195a9a403b33f8db29397aecd36b37be22efe6,393dae1084dc913f607f2d43bbf15b10,predicted,,,https://alphafold.ebi.ac.uk/files/AF-Q9D6X6-F1-model_v6.cif,https://alphafold.ebi.ac.uk/files/AF-Q9D6X6-F1-model_v6.pdb,https://alphafold.ebi.ac.uk/files/AF-Q9D6X6-F1-confidence_v6.json,https://alphafold.ebi.ac.uk/files/AF-Q9D6X6-F1-predicted_aligned_error_v6.json,candidate,EXACT_FULL_SEQUENCE_LOCAL_QUALITY_PENDING,https://alphafold.ebi.ac.uk/api/prediction/Q9D6X6,584d20358c12a9edc712acbbcc1be3c6ec9fcee6c54a17b83a98fbbdb90797f7,not_assessed,0.1.0
Q9D708,AlphaFold_DB,AF-Q9D708-F1,A,6,10090,1,124,exact_full,06a7cea76edab9d561a1388f71e45da2ebd458b710ccea726f22c0b1f1f7362d,6a4a7d6873c955e2c84290c28deafff7,predicted,,,https://alphafold.ebi.ac.uk/files/AF-Q9D708-F1-model_v6.cif,https://alphafold.ebi.ac.uk/files/AF-Q9D708-F1-model_v6.pdb,https://alphafold.ebi.ac.uk/files/AF-Q9D708-F1-confidence_v6.json,https://alphafold.ebi.ac.uk/files/AF-Q9D708-F1-predicted_aligned_error_v6.json,candidate,EXACT_FULL_SEQUENCE_LOCAL_QUALITY_PENDING,https://alphafold.ebi.ac.uk/api/prediction/Q9D708,8e695733f053f3e5144b2bda311ef1d81ffa64555bf56430e20459decda00f46,not_assessed,0.1.0
Q9D7C9,AlphaFold_DB,AF-Q9D7C9-F1,A,6,10090,1,195,exact_full,331556d27b59f3766c4da7e8caff6277be801c66752a6c232d876a4c993af9db,e41abc86e7a0512b0a62bf650efe1ae4,predicted,,,https://alphafold.ebi.ac.uk/files/AF-Q9D7C9-F1-model_v6.cif,https://alphafold.ebi.ac.uk/files/AF-Q9D7C9-F1-model_v6.pdb,https://alphafold.ebi.ac.uk/files/AF-Q9D7C9-F1-confidence_v6.json,https://alphafold.ebi.ac.uk/files/AF-Q9D7C9-F1-predicted_aligned_error_v6.json,candidate,EXACT_FULL_SEQUENCE_LOCAL_QUALITY_PENDING,https://alphafold.ebi.ac.uk/api/prediction/Q9D7C9,0ecf63e794e73751e78680248cc1091b75b59e6efb722a9d5276f0450867c934,not_assessed,0.1.0
Q9D7I5,AlphaFold_DB,AF-Q9D7I5-2-F1,A,6,10090,1,242,not_assessed,f2c381337fd8026479f0c414ced1f4a0dbb6926695f877b6ce85b8ab014181ee,40db1d321c6fd42d1acf400b135599d5,predicted,,,https://alphafold.ebi.ac.uk/files/AF-Q9D7I5-2-F1-model_v6.cif,https://alphafold.ebi.ac.uk/files/AF-Q9D7I5-2-F1-model_v6.pdb,https://alphafold.ebi.ac.uk/files/AF-Q9D7I5-2-F1-confidence_v6.json,https://alphafold.ebi.ac.uk/files/AF-Q9D7I5-2-F1-predicted_aligned_error_v6.json,held,ALPHAFOLD_ACCESSION_DIFFERS_FROM_CANONICAL,https://alphafold.ebi.ac.uk/api/prediction/Q9D7I5,3d41305fb2a39c8966f20beaf28919b221f4f94e6588a5d91b7b62482d57b182,not_assessed,0.1.0
Q9D7I5,AlphaFold_DB,AF-Q9D7I5-F1,A,6,10090,1,270,exact_full,fbf3669635d5e65ba1a6d2e3904de2bf37717d85d0fa1a6d8ecf322ca02eee32,266abb076b2a050d783bcff96f86dea6,predicted,,,https://alphafold.ebi.ac.uk/files/AF-Q9D7I5-F1-model_v6.cif,https://alphafold.ebi.ac.uk/files/AF-Q9D7I5-F1-model_v6.pdb,https://alphafold.ebi.ac.uk/files/AF-Q9D7I5-F1-confidence_v6.json,https://alphafold.ebi.ac.uk/files/AF-Q9D7I5-F1-predicted_aligned_error_v6.json,candidate,EXACT_FULL_SEQUENCE_LOCAL_QUALITY_PENDING,https://alphafold.ebi.ac.uk/api/prediction/Q9D7I5,3d41305fb2a39c8966f20beaf28919b221f4f94e6588a5d91b7b62482d57b182,not_assessed,0.1.0
Q9D7Q1,AlphaFold_DB,AF-Q9D7Q1-2-F1,A,6,10090,1,396,not_assessed,06aed5cc6e6ce48e75c812d93887b88ce6604839bffa2e6f64c4ae910afc585b,606f5ba2f1f8ad7fc41bf6f938c0e0ca,predicted,,,https://alphafold.ebi.ac.uk/files/AF-Q9D7Q1-2-F1-model_v6.cif,https://alphafold.ebi.ac.uk/files/AF-Q9D7Q1-2-F1-model_v6.pdb,https://alphafold.ebi.ac.uk/files/AF-Q9D7Q1-2-F1-confidence_v6.json,https://alphafold.ebi.ac.uk/files/AF-Q9D7Q1-2-F1-predicted_aligned_error_v6.json,held,ALPHAFOLD_ACCESSION_DIFFERS_FROM_CANONICAL,https://alphafold.ebi.ac.uk/api/prediction/Q9D7Q1,2c2a5ffaeb7f658f030b2ed0cbd6e791bd951e6556057ddf5660420903596103,not_assessed,0.1.0
Q9D7Q1,AlphaFold_DB,AF-Q9D7Q1-F1,A,6,10090,1,464,exact_full,01db63857bf1303d251478081515b664bbfeb022079c622a1767b166507f7417,7b244d02ea4dd655fae2c7dc4d79570f,predicted,,,https://alphafold.ebi.ac.uk/files/AF-Q9D7Q1-F1-model_v6.cif,https://alphafold.ebi.ac.uk/files/AF-Q9D7Q1-F1-model_v6.pdb,https://alphafold.ebi.ac.uk/files/AF-Q9D7Q1-F1-confidence_v6.json,https://alphafold.ebi.ac.uk/files/AF-Q9D7Q1-F1-predicted_aligned_error_v6.json,candidate,EXACT_FULL_SEQUENCE_LOCAL_QUALITY_PENDING,https://alphafold.ebi.ac.uk/api/prediction/Q9D7Q1,2c2a5ffaeb7f658f030b2ed0cbd6e791bd951e6556057ddf5660420903596103,not_assessed,0.1.0
Q9D7U6,AlphaFold_DB,AF-Q9D7U6-F1,A,6,10090,1,220,exact_full,4dde85f9eaac4caa73e357eecc1c07b82899dd420787dbe2a3bb2e723476edef,00660def381016eee3b1219212978b32,predicted,,,https://alphafold.ebi.ac.uk/files/AF-Q9D7U6-F1-model_v6.cif,https://alphafold.ebi.ac.uk/files/AF-Q9D7U6-F1-model_v6.pdb,https://alphafold.ebi.ac.uk/files/AF-Q9D7U6-F1-confidence_v6.json,https://alphafold.ebi.ac.uk/files/AF-Q9D7U6-F1-predicted_aligned_error_v6.json,candidate,EXACT_FULL_SEQUENCE_LOCAL_QUALITY_PENDING,https://alphafold.ebi.ac.uk/api/prediction/Q9D7U6,5d2605cf79a70994094bb02bfe38f4ef2ce528c32c954a5eda24bc83fee793d4,not_assessed,0.1.0
Q9D819,AlphaFold_DB,AF-Q9D819-F1,A,6,10090,1,289,exact_full,91516241b4d48ff6492fb67bda8039c32d9ecba06eca72b1325f191059eeed42,4a04e464abf11578d469ae9da1f4e71c,predicted,,,https://alphafold.ebi.ac.uk/files/AF-Q9D819-F1-model_v6.cif,https://alphafold.ebi.ac.uk/files/AF-Q9D819-F1-model_v6.pdb,https://alphafold.ebi.ac.uk/files/AF-Q9D819-F1-confidence_v6.json,https://alphafold.ebi.ac.uk/files/AF-Q9D819-F1-predicted_aligned_error_v6.json,candidate,EXACT_FULL_SEQUENCE_LOCAL_QUALITY_PENDING,https://alphafold.ebi.ac.uk/api/prediction/Q9D819,6b95812c1e4fbda3b3d2fb00f63b3d758da5679fb8cc8dd7d477be736794bb77,not_assessed,0.1.0
Q9D975,AlphaFold_DB,AF-Q9D975-F1,A,6,10090,1,136,exact_full,be26614bdda2862eff00f778ce8f5a8b718c191a93ee53a01c5ef91623c17e78,980a88d84e42fabbb0343830d712161a,predicted,,,https://alphafold.ebi.ac.uk/files/AF-Q9D975-F1-model_v6.cif,https://alphafold.ebi.ac.uk/files/AF-Q9D975-F1-model_v6.pdb,https://alphafold.ebi.ac.uk/files/AF-Q9D975-F1-confidence_v6.json,https://alphafold.ebi.ac.uk/files/AF-Q9D975-F1-predicted_aligned_error_v6.json,candidate,EXACT_FULL_SEQUENCE_LOCAL_QUALITY_PENDING,https://alphafold.ebi.ac.uk/api/prediction/Q9D975,480809ed7de5e78a044bd5b43370941a1d8d4301b63d3b55e2cedc923bdc2fd1,not_assessed,0.1.0
Q9DAU7,AlphaFold_DB,AF-Q9DAU7-F1,A,6,10090,1,174,exact_full,3156d7988b17a86bcd894163a95356c7dd982d1b140da077516afdf1e2ceb314,265a55a58c69f4422900d9901b0dfe9a,predicted,,,https://alphafold.ebi.ac.uk/files/AF-Q9DAU7-F1-model_v6.cif,https://alphafold.ebi.ac.uk/files/AF-Q9DAU7-F1-model_v6.pdb,https://alphafold.ebi.ac.uk/files/AF-Q9DAU7-F1-confidence_v6.json,https://alphafold.ebi.ac.uk/files/AF-Q9DAU7-F1-predicted_aligned_error_v6.json,candidate,EXACT_FULL_SEQUENCE_LOCAL_QUALITY_PENDING,https://alphafold.ebi.ac.uk/api/prediction/Q9DAU7,156f03b22df626e9f9075e648468cecb7a0fac68540fb0cf0392c88f85862bae,not_assessed,0.1.0
Q9DB28,AlphaFold_DB,AF-Q9DB28-F1,A,6,10090,1,169,exact_full,f7b5f8bbaf758e1df910f6356912cebac8673dffe6a7318389216555c4d0635c,67aee851f183e132338babf21724ca9f,predicted,,,https://alphafold.ebi.ac.uk/files/AF-Q9DB28-F1-model_v6.cif,https://alphafold.ebi.ac.uk/files/AF-Q9DB28-F1-model_v6.pdb,https://alphafold.ebi.ac.uk/files/AF-Q9DB28-F1-confidence_v6.json,https://alphafold.ebi.ac.uk/files/AF-Q9DB28-F1-predicted_aligned_error_v6.json,candidate,EXACT_FULL_SEQUENCE_LOCAL_QUALITY_PENDING,https://alphafold.ebi.ac.uk/api/prediction/Q9DB28,9188fc85c70658181427f9bbfc048dea4a50b32ecb42052f342852cacc5c5b68,not_assessed,0.1.0
Q9DB91,AlphaFold_DB,AF-Q9DB91-F1,A,6,10090,1,199,exact_full,a97e4d3243f58a1750bdc5e38cb684f73a308d7f1e36203ba4301917d337d8a0,bddb59f99b03abe1142e62f566ecb269,predicted,,,https://alphafold.ebi.ac.uk/files/AF-Q9DB91-F1-model_v6.cif,https://alphafold.ebi.ac.uk/files/AF-Q9DB91-F1-model_v6.pdb,https://alphafold.ebi.ac.uk/files/AF-Q9DB91-F1-confidence_v6.json,https://alphafold.ebi.ac.uk/files/AF-Q9DB91-F1-predicted_aligned_error_v6.json,candidate,EXACT_FULL_SEQUENCE_LOCAL_QUALITY_PENDING,https://alphafold.ebi.ac.uk/api/prediction/Q9DB91,35c3f26759a9613129ffa29d56e3e549d8e1defb6f2e7d4b88843a4e0132dd87,not_assessed,0.1.0
Q9DB91,PDBe_SIFTS,6w1s,X,,10090,52,185,not_assessed,,,Electron Microscopy,4.02,0.673,,,,,candidate,MOUSE_SIFTS_CANDIDATE_LOCAL_REVIEW_PENDING,https://www.ebi.ac.uk/pdbe/api/mappings/best_structures/Q9DB91,dad36fa5fdbfc08cbbda46932113db3c7167ccb9b78f17409ce9d16d15b3312f,not_assessed,0.1.0
Q9DB91,PDBe_SIFTS,8t1i,X,,10090,1,199,not_assessed,,,Electron Microscopy,4.68,1.0,,,,,candidate,MOUSE_SIFTS_CANDIDATE_LOCAL_REVIEW_PENDING,https://www.ebi.ac.uk/pdbe/api/mappings/best_structures/Q9DB91,dad36fa5fdbfc08cbbda46932113db3c7167ccb9b78f17409ce9d16d15b3312f,not_assessed,0.1.0
Q9DB91,PDBe_SIFTS,8t1l,X,,10090,1,199,not_assessed,,,Electron Microscopy,4.83,1.0,,,,,candidate,MOUSE_SIFTS_CANDIDATE_LOCAL_REVIEW_PENDING,https://www.ebi.ac.uk/pdbe/api/mappings/best_structures/Q9DB91,dad36fa5fdbfc08cbbda46932113db3c7167ccb9b78f17409ce9d16d15b3312f,not_assessed,0.1.0
Q9DBF1,AlphaFold_DB,AF-Q9DBF1-2-F1,A,6,10090,1,511,not_assessed,ab053a7d0e3c72a1892140bdcdc258de99829319e0f517c40749513e4d088fbd,27a4d5816abc5c937e4e982268b10472,predicted,,,https://alphafold.ebi.ac.uk/files/AF-Q9DBF1-2-F1-model_v6.cif,https://alphafold.ebi.ac.uk/files/AF-Q9DBF1-2-F1-model_v6.pdb,https://alphafold.ebi.ac.uk/files/AF-Q9DBF1-2-F1-confidence_v6.json,https://alphafold.ebi.ac.uk/files/AF-Q9DBF1-2-F1-predicted_aligned_error_v6.json,held,ALPHAFOLD_ACCESSION_DIFFERS_FROM_CANONICAL,https://alphafold.ebi.ac.uk/api/prediction/Q9DBF1,0fc0bcd79d49944a871bb99638b1ae583221b6971908c6fc8548ac6da64cb5c7,not_assessed,0.1.0
Q9DBF1,AlphaFold_DB,AF-Q9DBF1-F1,A,6,10090,1,539,exact_full,b5b171b1d70c2b825a88434faee68aa69ed386070fae8c8a9dd743b56459df16,a006d70d2442bcc9e063b1a437b26db8,predicted,,,https://alphafold.ebi.ac.uk/files/AF-Q9DBF1-F1-model_v6.cif,https://alphafold.ebi.ac.uk/files/AF-Q9DBF1-F1-model_v6.pdb,https://alphafold.ebi.ac.uk/files/AF-Q9DBF1-F1-confidence_v6.json,https://alphafold.ebi.ac.uk/files/AF-Q9DBF1-F1-predicted_aligned_error_v6.json,candidate,EXACT_FULL_SEQUENCE_LOCAL_QUALITY_PENDING,https://alphafold.ebi.ac.uk/api/prediction/Q9DBF1,0fc0bcd79d49944a871bb99638b1ae583221b6971908c6fc8548ac6da64cb5c7,not_assessed,0.1.0
Q9DBG1,AlphaFold_DB,AF-Q9DBG1-F1,A,6,10090,1,533,exact_full,598ca86f20c225ca5b1344ab785d25529323f7d68721a06c9b9b28cfa46ecf1c,db78d782a06a619936d5a20852e08400,predicted,,,https://alphafold.ebi.ac.uk/files/AF-Q9DBG1-F1-model_v6.cif,https://alphafold.ebi.ac.uk/files/AF-Q9DBG1-F1-model_v6.pdb,https://alphafold.ebi.ac.uk/files/AF-Q9DBG1-F1-confidence_v6.json,https://alphafold.ebi.ac.uk/files/AF-Q9DBG1-F1-predicted_aligned_error_v6.json,candidate,EXACT_FULL_SEQUENCE_LOCAL_QUALITY_PENDING,https://alphafold.ebi.ac.uk/api/prediction/Q9DBG1,de06d17973c7de554f0a802ee9690e1ddbb8dd9d17437ae1586b326a23a8e486,not_assessed,0.1.0
Q9DCC4,AlphaFold_DB,AF-Q9DCC4-F1,A,6,10090,1,274,exact_full,cfb4de8e0fce627e2daebab5dc38e9caf6f79b7c0e70825c1f7ab1416a9176b9,dfbce3a218123728bf6db879d8dab27b,predicted,,,https://alphafold.ebi.ac.uk/files/AF-Q9DCC4-F1-model_v6.cif,https://alphafold.ebi.ac.uk/files/AF-Q9DCC4-F1-model_v6.pdb,https://alphafold.ebi.ac.uk/files/AF-Q9DCC4-F1-confidence_v6.json,https://alphafold.ebi.ac.uk/files/AF-Q9DCC4-F1-predicted_aligned_error_v6.json,candidate,EXACT_FULL_SEQUENCE_LOCAL_QUALITY_PENDING,https://alphafold.ebi.ac.uk/api/prediction/Q9DCC4,fb4d246f9c9df8b2c2c168b4db355a3621f197847258f00b944bc29dd39c3836,not_assessed,0.1.0
Q9DCE5,AlphaFold_DB,AF-Q9DCE5-F1,A,6,10090,1,382,exact_full,29030182d6905f62fe514a1ef576cc8ed825b63655f4e4f8b7fe563ae0e93c75,61ac45beaf3f03d2bb59bf5aa25cb2a3,predicted,,,https://alphafold.ebi.ac.uk/files/AF-Q9DCE5-F1-model_v6.cif,https://alphafold.ebi.ac.uk/files/AF-Q9DCE5-F1-model_v6.pdb,https://alphafold.ebi.ac.uk/files/AF-Q9DCE5-F1-confidence_v6.json,https://alphafold.ebi.ac.uk/files/AF-Q9DCE5-F1-predicted_aligned_error_v6.json,candidate,EXACT_FULL_SEQUENCE_LOCAL_QUALITY_PENDING,https://alphafold.ebi.ac.uk/api/prediction/Q9DCE5,2e04d346c590827e11f5a0958ebb3c82dcdf9da68b6bd157934715aaf60210b7,not_assessed,0.1.0
Q9DCU2,AlphaFold_DB,AF-Q9DCU2-F1,A,6,10090,1,182,exact_full,c7ffb85e173959ab2b370689bddfeb8fb4d6ff3108978758d4fd7b5f6ca8fec9,ee3d81e9b3810e9c03e5c34878b5cc16,predicted,,,https://alphafold.ebi.ac.uk/files/AF-Q9DCU2-F1-model_v6.cif,https://alphafold.ebi.ac.uk/files/AF-Q9DCU2-F1-model_v6.pdb,https://alphafold.ebi.ac.uk/files/AF-Q9DCU2-F1-confidence_v6.json,https://alphafold.ebi.ac.uk/files/AF-Q9DCU2-F1-predicted_aligned_error_v6.json,candidate,EXACT_FULL_SEQUENCE_LOCAL_QUALITY_PENDING,https://alphafold.ebi.ac.uk/api/prediction/Q9DCU2,0f22a7e4145719d3bad3325a4e7c962420dd66941574e761523ce20e597842f0,not_assessed,0.1.0
Q9EP53,AlphaFold_DB,AF-Q9EP53-2-F1,A,6,10090,1,1160,not_assessed,b2d917744217711a56be0fb7ff89b1a7d9e4f58da767a3dc88df026f20e9350f,b2c75014b9c66a304f4bf72db26b81af,predicted,,,https://alphafold.ebi.ac.uk/files/AF-Q9EP53-2-F1-model_v6.cif,https://alphafold.ebi.ac.uk/files/AF-Q9EP53-2-F1-model_v6.pdb,https://alphafold.ebi.ac.uk/files/AF-Q9EP53-2-F1-confidence_v6.json,https://alphafold.ebi.ac.uk/files/AF-Q9EP53-2-F1-predicted_aligned_error_v6.json,held,ALPHAFOLD_ACCESSION_DIFFERS_FROM_CANONICAL,https://alphafold.ebi.ac.uk/api/prediction/Q9EP53,67396d6849e4efd73d12619897fc17e60233356c762d13c66f0894c7e2ab6161,not_assessed,0.1.0
Q9EP53,AlphaFold_DB,AF-Q9EP53-3-F1,A,6,10090,1,1155,not_assessed,107afd736fe7f7309673aeea0610a3baee8de4901fb081a0e0a7e0b847c3b6d5,295f059da016ecf5653ffcd31d858b9a,predicted,,,https://alphafold.ebi.ac.uk/files/AF-Q9EP53-3-F1-model_v6.cif,https://alphafold.ebi.ac.uk/files/AF-Q9EP53-3-F1-model_v6.pdb,https://alphafold.ebi.ac.uk/files/AF-Q9EP53-3-F1-confidence_v6.json,https://alphafold.ebi.ac.uk/files/AF-Q9EP53-3-F1-predicted_aligned_error_v6.json,held,ALPHAFOLD_ACCESSION_DIFFERS_FROM_CANONICAL,https://alphafold.ebi.ac.uk/api/prediction/Q9EP53,67396d6849e4efd73d12619897fc17e60233356c762d13c66f0894c7e2ab6161,not_assessed,0.1.0
Q9EP53,AlphaFold_DB,AF-Q9EP53-4-F1,A,6,10090,1,1148,not_assessed,f9807e5dfe95d29d01efce58ff6bbe90a69cd3fc544c266f2598ab126e6488ba,5ddbdfceadc3554ec18bfa6736cf8a4d,predicted,,,https://alphafold.ebi.ac.uk/files/AF-Q9EP53-4-F1-model_v6.cif,https://alphafold.ebi.ac.uk/files/AF-Q9EP53-4-F1-model_v6.pdb,https://alphafold.ebi.ac.uk/files/AF-Q9EP53-4-F1-confidence_v6.json,https://alphafold.ebi.ac.uk/files/AF-Q9EP53-4-F1-predicted_aligned_error_v6.json,held,ALPHAFOLD_ACCESSION_DIFFERS_FROM_CANONICAL,https://alphafold.ebi.ac.uk/api/prediction/Q9EP53,67396d6849e4efd73d12619897fc17e60233356c762d13c66f0894c7e2ab6161,not_assessed,0.1.0
Q9EP53,AlphaFold_DB,AF-Q9EP53-F1,A,6,10090,1,1161,exact_full,fd70d4efc6adf129394759c033120c6a94e27c769354027f3629315e6556c431,75173220a6a8465ea59501b22665a37e,predicted,,,https://alphafold.ebi.ac.uk/files/AF-Q9EP53-F1-model_v6.cif,https://alphafold.ebi.ac.uk/files/AF-Q9EP53-F1-model_v6.pdb,https://alphafold.ebi.ac.uk/files/AF-Q9EP53-F1-confidence_v6.json,https://alphafold.ebi.ac.uk/files/AF-Q9EP53-F1-predicted_aligned_error_v6.json,candidate,EXACT_FULL_SEQUENCE_LOCAL_QUALITY_PENDING,https://alphafold.ebi.ac.uk/api/prediction/Q9EP53,67396d6849e4efd73d12619897fc17e60233356c762d13c66f0894c7e2ab6161,not_assessed,0.1.0
Q9EP69,AlphaFold_DB,AF-Q9EP69-F1,A,6,10090,1,587,exact_full,2b9d2c640bed4dd77c866f61e3e133cec04e33421175f58f2df5f9b87513b71a,a4f83bb75656125500b765b50651d252,predicted,,,https://alphafold.ebi.ac.uk/files/AF-Q9EP69-F1-model_v6.cif,https://alphafold.ebi.ac.uk/files/AF-Q9EP69-F1-model_v6.pdb,https://alphafold.ebi.ac.uk/files/AF-Q9EP69-F1-confidence_v6.json,https://alphafold.ebi.ac.uk/files/AF-Q9EP69-F1-predicted_aligned_error_v6.json,candidate,EXACT_FULL_SEQUENCE_LOCAL_QUALITY_PENDING,https://alphafold.ebi.ac.uk/api/prediction/Q9EP69,cec5eed04a7cfd6a757da462642cf86e8e0ac3d5581dad89d26a7e8c6b15600c,not_assessed,0.1.0
Q9EP75,AlphaFold_DB,AF-Q9EP75-F1,A,6,10090,1,524,exact_full,4984d214a086a9bb71dcb1c969be08eb9657b7ad8f55ac724d95415faf356b56,52afb7ffbea24969fba1ae4292f30729,predicted,,,https://alphafold.ebi.ac.uk/files/AF-Q9EP75-F1-model_v6.cif,https://alphafold.ebi.ac.uk/files/AF-Q9EP75-F1-model_v6.pdb,https://alphafold.ebi.ac.uk/files/AF-Q9EP75-F1-confidence_v6.json,https://alphafold.ebi.ac.uk/files/AF-Q9EP75-F1-predicted_aligned_error_v6.json,candidate,EXACT_FULL_SEQUENCE_LOCAL_QUALITY_PENDING,https://alphafold.ebi.ac.uk/api/prediction/Q9EP75,3430c7ac122a934c9c32371d49acb034ad85c9fd56ef55b4430e1ddfa6dccdc8,not_assessed,0.1.0
Q9EPC5,AlphaFold_DB,AF-Q9EPC5-F1,A,6,10090,1,134,exact_full,036582767a5a6d401e5110a82f9f4d9a200fd4328ac5229ee14173ceab4073ea,37ddc7415c6cd551b91d30f414cdca33,predicted,,,https://alphafold.ebi.ac.uk/files/AF-Q9EPC5-F1-model_v6.cif,https://alphafold.ebi.ac.uk/files/AF-Q9EPC5-F1-model_v6.pdb,https://alphafold.ebi.ac.uk/files/AF-Q9EPC5-F1-confidence_v6.json,https://alphafold.ebi.ac.uk/files/AF-Q9EPC5-F1-predicted_aligned_error_v6.json,candidate,EXACT_FULL_SEQUENCE_LOCAL_QUALITY_PENDING,https://alphafold.ebi.ac.uk/api/prediction/Q9EPC5,584ef4b74fd53e75f9b01d7bfdf2a0d19444d877b31e579d565e961ad54caf08,not_assessed,0.1.0
Q9EPW2,AlphaFold_DB,AF-Q9EPW2-F1,A,6,10090,1,415,exact_full,b358667f37e9a92af0141349a860b6c814693d09106dd48fe5ff7edf3395e2c4,18fdf022059db7b0a46ad0a61ecf145e,predicted,,,https://alphafold.ebi.ac.uk/files/AF-Q9EPW2-F1-model_v6.cif,https://alphafold.ebi.ac.uk/files/AF-Q9EPW2-F1-model_v6.pdb,https://alphafold.ebi.ac.uk/files/AF-Q9EPW2-F1-confidence_v6.json,https://alphafold.ebi.ac.uk/files/AF-Q9EPW2-F1-predicted_aligned_error_v6.json,candidate,EXACT_FULL_SEQUENCE_LOCAL_QUALITY_PENDING,https://alphafold.ebi.ac.uk/api/prediction/Q9EPW2,49efd820196ae8f2aaba5b4740515d80f813187f81bdd7be632caa9197f8cd4b,not_assessed,0.1.0
Q9EPX5,AlphaFold_DB,AF-Q9EPX5-F1,A,6,10090,1,326,exact_full,d82dbc1acde99cd50c4cdf46a708e7b775c648da586b608b8a5efb5b98441f80,b2c54e984c7a2a21940fa0d4ccfc1bd3,predicted,,,https://alphafold.ebi.ac.uk/files/AF-Q9EPX5-F1-model_v6.cif,https://alphafold.ebi.ac.uk/files/AF-Q9EPX5-F1-model_v6.pdb,https://alphafold.ebi.ac.uk/files/AF-Q9EPX5-F1-confidence_v6.json,https://alphafold.ebi.ac.uk/files/AF-Q9EPX5-F1-predicted_aligned_error_v6.json,candidate,EXACT_FULL_SEQUENCE_LOCAL_QUALITY_PENDING,https://alphafold.ebi.ac.uk/api/prediction/Q9EPX5,5dab36ab874d69dd87080e67114f49639b9f586628ffde54a3d066f11b6d22bb,not_assessed,0.1.0
Q9EQ32,AlphaFold_DB,AF-Q9EQ32-2-F1,A,6,10090,1,632,not_assessed,96cf0d8aaa1010581331da657a04659a5e9f2d6db56e3734a0f4935e0fa11ec9,4e3430673047c789d9e3e67c88283000,predicted,,,https://alphafold.ebi.ac.uk/files/AF-Q9EQ32-2-F1-model_v6.cif,https://alphafold.ebi.ac.uk/files/AF-Q9EQ32-2-F1-model_v6.pdb,https://alphafold.ebi.ac.uk/files/AF-Q9EQ32-2-F1-confidence_v6.json,https://alphafold.ebi.ac.uk/files/AF-Q9EQ32-2-F1-predicted_aligned_error_v6.json,held,ALPHAFOLD_ACCESSION_DIFFERS_FROM_CANONICAL,https://alphafold.ebi.ac.uk/api/prediction/Q9EQ32,65ac73f5296ad09f8767e245431969b268abc308b49681916b7ee293f8d91c21,not_assessed,0.1.0
Q9EQ32,AlphaFold_DB,AF-Q9EQ32-3-F1,A,6,10090,1,517,not_assessed,4136bd4a6a2d02ba3f53ba15ad7a20d2307f9425697547ce9465df2c761eccae,d5980a186581cabc45819b5fc0a559a3,predicted,,,https://alphafold.ebi.ac.uk/files/AF-Q9EQ32-3-F1-model_v6.cif,https://alphafold.ebi.ac.uk/files/AF-Q9EQ32-3-F1-model_v6.pdb,https://alphafold.ebi.ac.uk/files/AF-Q9EQ32-3-F1-confidence_v6.json,https://alphafold.ebi.ac.uk/files/AF-Q9EQ32-3-F1-predicted_aligned_error_v6.json,held,ALPHAFOLD_ACCESSION_DIFFERS_FROM_CANONICAL,https://alphafold.ebi.ac.uk/api/prediction/Q9EQ32,65ac73f5296ad09f8767e245431969b268abc308b49681916b7ee293f8d91c21,not_assessed,0.1.0
Q9EQ32,AlphaFold_DB,AF-Q9EQ32-F1,A,6,10090,1,811,exact_full,f65b0b1926b80428fd7aaa9f920c51fc42542f04190b3b0d0e418067ace20319,b7694034174b3b66c9dabeb473df0505,predicted,,,https://alphafold.ebi.ac.uk/files/AF-Q9EQ32-F1-model_v6.cif,https://alphafold.ebi.ac.uk/files/AF-Q9EQ32-F1-model_v6.pdb,https://alphafold.ebi.ac.uk/files/AF-Q9EQ32-F1-confidence_v6.json,https://alphafold.ebi.ac.uk/files/AF-Q9EQ32-F1-predicted_aligned_error_v6.json,candidate,EXACT_FULL_SEQUENCE_LOCAL_QUALITY_PENDING,https://alphafold.ebi.ac.uk/api/prediction/Q9EQ32,65ac73f5296ad09f8767e245431969b268abc308b49681916b7ee293f8d91c21,not_assessed,0.1.0
Q9EQC7,AlphaFold_DB,AF-Q9EQC7-F1,A,6,10090,1,256,exact_full,148730fe22beae580d95d2e54e9e79616f24d9a2ab78c1508728a6bfaf57392c,a52edf22833a1b3685270c16303a44dd,predicted,,,https://alphafold.ebi.ac.uk/files/AF-Q9EQC7-F1-model_v6.cif,https://alphafold.ebi.ac.uk/files/AF-Q9EQC7-F1-model_v6.pdb,https://alphafold.ebi.ac.uk/files/AF-Q9EQC7-F1-confidence_v6.json,https://alphafold.ebi.ac.uk/files/AF-Q9EQC7-F1-predicted_aligned_error_v6.json,candidate,EXACT_FULL_SEQUENCE_LOCAL_QUALITY_PENDING,https://alphafold.ebi.ac.uk/api/prediction/Q9EQC7,967587202efa0ab3be5334a5de8edcb9a2ddc2b91f6a2a41619c34526426e2dd,not_assessed,0.1.0
Q9EQH4,AlphaFold_DB,AF-Q9EQH4-2-F1,A,6,10090,1,305,not_assessed,6355f208b503a51176724cc4886e623e768f2ee841d05d079e8fee5322f56880,7b43d38a932013a09c611c617e228648,predicted,,,https://alphafold.ebi.ac.uk/files/AF-Q9EQH4-2-F1-model_v6.cif,https://alphafold.ebi.ac.uk/files/AF-Q9EQH4-2-F1-model_v6.pdb,https://alphafold.ebi.ac.uk/files/AF-Q9EQH4-2-F1-confidence_v6.json,https://alphafold.ebi.ac.uk/files/AF-Q9EQH4-2-F1-predicted_aligned_error_v6.json,held,ALPHAFOLD_ACCESSION_DIFFERS_FROM_CANONICAL,https://alphafold.ebi.ac.uk/api/prediction/Q9EQH4,d0416a1a82a952e0cfc3186f37733ce831349f65a94fdaeea018bfb8092b823d,not_assessed,0.1.0
Q9EQH4,AlphaFold_DB,AF-Q9EQH4-3-F1,A,6,10090,1,265,not_assessed,14a439f3ce4b563b84ffc99e5ad55b49419c9d97edbe69c132ef6fff72665cc8,bd3ccc9018e1086ed2378093ceaa448c,predicted,,,https://alphafold.ebi.ac.uk/files/AF-Q9EQH4-3-F1-model_v6.cif,https://alphafold.ebi.ac.uk/files/AF-Q9EQH4-3-F1-model_v6.pdb,https://alphafold.ebi.ac.uk/files/AF-Q9EQH4-3-F1-confidence_v6.json,https://alphafold.ebi.ac.uk/files/AF-Q9EQH4-3-F1-predicted_aligned_error_v6.json,held,ALPHAFOLD_ACCESSION_DIFFERS_FROM_CANONICAL,https://alphafold.ebi.ac.uk/api/prediction/Q9EQH4,d0416a1a82a952e0cfc3186f37733ce831349f65a94fdaeea018bfb8092b823d,not_assessed,0.1.0
Q9EQH4,AlphaFold_DB,AF-Q9EQH4-4-F1,A,6,10090,1,322,not_assessed,3384667e7913849eca6ae0a7c79f0afeb67c2c7106e0d2d4e1e722d70f515d40,7d57e2230d737ab51b112d3a6d483639,predicted,,,https://alphafold.ebi.ac.uk/files/AF-Q9EQH4-4-F1-model_v6.cif,https://alphafold.ebi.ac.uk/files/AF-Q9EQH4-4-F1-model_v6.pdb,https://alphafold.ebi.ac.uk/files/AF-Q9EQH4-4-F1-confidence_v6.json,https://alphafold.ebi.ac.uk/files/AF-Q9EQH4-4-F1-predicted_aligned_error_v6.json,held,ALPHAFOLD_ACCESSION_DIFFERS_FROM_CANONICAL,https://alphafold.ebi.ac.uk/api/prediction/Q9EQH4,d0416a1a82a952e0cfc3186f37733ce831349f65a94fdaeea018bfb8092b823d,not_assessed,0.1.0
Q9EQH4,AlphaFold_DB,AF-Q9EQH4-5-F1,A,6,10090,1,221,not_assessed,9e91c0c1b24ac7f0f6b3b65be3cf346e88ea72f581f5afb59e2e1dfa3c905c7b,d1ae5a035b34fc447d0b208f3c450a05,predicted,,,https://alphafold.ebi.ac.uk/files/AF-Q9EQH4-5-F1-model_v6.cif,https://alphafold.ebi.ac.uk/files/AF-Q9EQH4-5-F1-model_v6.pdb,https://alphafold.ebi.ac.uk/files/AF-Q9EQH4-5-F1-confidence_v6.json,https://alphafold.ebi.ac.uk/files/AF-Q9EQH4-5-F1-predicted_aligned_error_v6.json,held,ALPHAFOLD_ACCESSION_DIFFERS_FROM_CANONICAL,https://alphafold.ebi.ac.uk/api/prediction/Q9EQH4,d0416a1a82a952e0cfc3186f37733ce831349f65a94fdaeea018bfb8092b823d,not_assessed,0.1.0
Q9EQH4,AlphaFold_DB,AF-Q9EQH4-F1,A,6,10090,1,308,exact_full,b4912292fb283f0046786e20c3e98ce583f9ce2f31429c57f83b04fe9a92495a,3e3e4309e46c2138d25420aef3aa8c27,predicted,,,https://alphafold.ebi.ac.uk/files/AF-Q9EQH4-F1-model_v6.cif,https://alphafold.ebi.ac.uk/files/AF-Q9EQH4-F1-model_v6.pdb,https://alphafold.ebi.ac.uk/files/AF-Q9EQH4-F1-confidence_v6.json,https://alphafold.ebi.ac.uk/files/AF-Q9EQH4-F1-predicted_aligned_error_v6.json,candidate,EXACT_FULL_SEQUENCE_LOCAL_QUALITY_PENDING,https://alphafold.ebi.ac.uk/api/prediction/Q9EQH4,d0416a1a82a952e0cfc3186f37733ce831349f65a94fdaeea018bfb8092b823d,not_assessed,0.1.0
Q9EQQ9,AlphaFold_DB,AF-Q9EQQ9-2-F1,A,6,10090,1,218,not_assessed,6f0a12b094fbed7e230c362a1a7e7403ca21e99e5640e959780ba592f277fbcb,d16739162c562ee66981db187fc2316d,predicted,,,https://alphafold.ebi.ac.uk/files/AF-Q9EQQ9-2-F1-model_v6.cif,https://alphafold.ebi.ac.uk/files/AF-Q9EQQ9-2-F1-model_v6.pdb,https://alphafold.ebi.ac.uk/files/AF-Q9EQQ9-2-F1-confidence_v6.json,https://alphafold.ebi.ac.uk/files/AF-Q9EQQ9-2-F1-predicted_aligned_error_v6.json,held,ALPHAFOLD_ACCESSION_DIFFERS_FROM_CANONICAL,https://alphafold.ebi.ac.uk/api/prediction/Q9EQQ9,4952b8d919f8c8550e4374f54d56df1b2467434e64b23d7c7dd10e8afed0ef9c,not_assessed,0.1.0
Q9EQQ9,AlphaFold_DB,AF-Q9EQQ9-3-F1,A,6,10090,1,954,not_assessed,e19f80b0a420e8c5a79581ccd80973c0e29bce39fb02bb329780fe348a3bfe9c,6cec0f5887d7981820aff7937a9a4251,predicted,,,https://alphafold.ebi.ac.uk/files/AF-Q9EQQ9-3-F1-model_v6.cif,https://alphafold.ebi.ac.uk/files/AF-Q9EQQ9-3-F1-model_v6.pdb,https://alphafold.ebi.ac.uk/files/AF-Q9EQQ9-3-F1-confidence_v6.json,https://alphafold.ebi.ac.uk/files/AF-Q9EQQ9-3-F1-predicted_aligned_error_v6.json,held,ALPHAFOLD_ACCESSION_DIFFERS_FROM_CANONICAL,https://alphafold.ebi.ac.uk/api/prediction/Q9EQQ9,4952b8d919f8c8550e4374f54d56df1b2467434e64b23d7c7dd10e8afed0ef9c,not_assessed,0.1.0
Q9EQQ9,AlphaFold_DB,AF-Q9EQQ9-F1,A,6,10090,1,916,exact_full,98d2f78a20f352b6ac447894276996b1b0eedd835f9a6dc6389c9b10368aa77a,bc3ee07acd53fbd62238fbe2516e73cc,predicted,,,https://alphafold.ebi.ac.uk/files/AF-Q9EQQ9-F1-model_v6.cif,https://alphafold.ebi.ac.uk/files/AF-Q9EQQ9-F1-model_v6.pdb,https://alphafold.ebi.ac.uk/files/AF-Q9EQQ9-F1-confidence_v6.json,https://alphafold.ebi.ac.uk/files/AF-Q9EQQ9-F1-predicted_aligned_error_v6.json,candidate,EXACT_FULL_SEQUENCE_LOCAL_QUALITY_PENDING,https://alphafold.ebi.ac.uk/api/prediction/Q9EQQ9,4952b8d919f8c8550e4374f54d56df1b2467434e64b23d7c7dd10e8afed0ef9c,not_assessed,0.1.0
Q9ER71,AlphaFold_DB,AF-Q9ER71-2-F1,A,6,10090,1,204,not_assessed,957318cc32f8718ddca5a72880c26a42e01fd246e3bccb955ce3cc1f3fcd619e,cf54fab88aa4cb51b6c1d676ad433512,predicted,,,https://alphafold.ebi.ac.uk/files/AF-Q9ER71-2-F1-model_v6.cif,https://alphafold.ebi.ac.uk/files/AF-Q9ER71-2-F1-model_v6.pdb,https://alphafold.ebi.ac.uk/files/AF-Q9ER71-2-F1-confidence_v6.json,https://alphafold.ebi.ac.uk/files/AF-Q9ER71-2-F1-predicted_aligned_error_v6.json,held,ALPHAFOLD_ACCESSION_DIFFERS_FROM_CANONICAL,https://alphafold.ebi.ac.uk/api/prediction/Q9ER71,8f1953f9c32aa9f8236715929f288c72aef653ccbd016a1c71e417215ea9d8a5,not_assessed,0.1.0
Q9ER71,AlphaFold_DB,AF-Q9ER71-F1,A,6,10090,1,214,exact_full,5ddd03434e598569c2eaf28aaf4e879c1c987addbb11cc3c9440c2784040462b,179c679f84bc447dd8a8b3994ecb2481,predicted,,,https://alphafold.ebi.ac.uk/files/AF-Q9ER71-F1-model_v6.cif,https://alphafold.ebi.ac.uk/files/AF-Q9ER71-F1-model_v6.pdb,https://alphafold.ebi.ac.uk/files/AF-Q9ER71-F1-confidence_v6.json,https://alphafold.ebi.ac.uk/files/AF-Q9ER71-F1-predicted_aligned_error_v6.json,candidate,EXACT_FULL_SEQUENCE_LOCAL_QUALITY_PENDING,https://alphafold.ebi.ac.uk/api/prediction/Q9ER71,8f1953f9c32aa9f8236715929f288c72aef653ccbd016a1c71e417215ea9d8a5,not_assessed,0.1.0
Q9ERV7,AlphaFold_DB,AF-Q9ERV7-F1,A,6,10090,1,915,exact_full,7094e0265585d989f059a6766a7fd5add2bd953e208cde99984f20ce664bbd92,ef7a989ac0ea92852a5f8faf42689e5e,predicted,,,https://alphafold.ebi.ac.uk/files/AF-Q9ERV7-F1-model_v6.cif,https://alphafold.ebi.ac.uk/files/AF-Q9ERV7-F1-model_v6.pdb,https://alphafold.ebi.ac.uk/files/AF-Q9ERV7-F1-confidence_v6.json,https://alphafold.ebi.ac.uk/files/AF-Q9ERV7-F1-predicted_aligned_error_v6.json,candidate,EXACT_FULL_SEQUENCE_LOCAL_QUALITY_PENDING,https://alphafold.ebi.ac.uk/api/prediction/Q9ERV7,1dc5d0a3156eede6b984dabf45a942e831a9bcd90ab8533abaee2977a58c7f2b,not_assessed,0.1.0
Q9ERY9,AlphaFold_DB,AF-Q9ERY9-F1,A,6,10090,1,140,exact_full,6c03d9b8a387a853a420e57836448a5086e8a53d6ee1a9e7482206672d1179bb,e97b596a95122b947bd0bee31525e8ae,predicted,,,https://alphafold.ebi.ac.uk/files/AF-Q9ERY9-F1-model_v6.cif,https://alphafold.ebi.ac.uk/files/AF-Q9ERY9-F1-model_v6.pdb,https://alphafold.ebi.ac.uk/files/AF-Q9ERY9-F1-confidence_v6.json,https://alphafold.ebi.ac.uk/files/AF-Q9ERY9-F1-predicted_aligned_error_v6.json,candidate,EXACT_FULL_SEQUENCE_LOCAL_QUALITY_PENDING,https://alphafold.ebi.ac.uk/api/prediction/Q9ERY9,3482c0687e574dde47f0165ded9c6404c8698931c709c6b798b9a061be736985,not_assessed,0.1.0
Q9ESC7,AlphaFold_DB,AF-Q9ESC7-F1,A,6,10090,1,118,exact_full,092412f4f29570bf76e816fe41032bada35b22201b118342ec9fe5c0b5f6314e,b7a0f6d28cbac09f134930b0b8b3db14,predicted,,,https://alphafold.ebi.ac.uk/files/AF-Q9ESC7-F1-model_v6.cif,https://alphafold.ebi.ac.uk/files/AF-Q9ESC7-F1-model_v6.pdb,https://alphafold.ebi.ac.uk/files/AF-Q9ESC7-F1-confidence_v6.json,https://alphafold.ebi.ac.uk/files/AF-Q9ESC7-F1-predicted_aligned_error_v6.json,candidate,EXACT_FULL_SEQUENCE_LOCAL_QUALITY_PENDING,https://alphafold.ebi.ac.uk/api/prediction/Q9ESC7,75e16a11827e6283093ef2662d27e64a86ff7cd835b6fb437e0c5c5f86458236,not_assessed,0.1.0
Q9ESH5,AlphaFold_DB,AF-Q9ESH5-F1,A,6,10090,1,211,exact_full,5fc2d43bb6dcdeb83f03fed382c453c9df4202d09b4ed521986e3339c3395562,666252c55f85d80ebe204db70504faab,predicted,,,https://alphafold.ebi.ac.uk/files/AF-Q9ESH5-F1-model_v6.cif,https://alphafold.ebi.ac.uk/files/AF-Q9ESH5-F1-model_v6.pdb,https://alphafold.ebi.ac.uk/files/AF-Q9ESH5-F1-confidence_v6.json,https://alphafold.ebi.ac.uk/files/AF-Q9ESH5-F1-predicted_aligned_error_v6.json,candidate,EXACT_FULL_SEQUENCE_LOCAL_QUALITY_PENDING,https://alphafold.ebi.ac.uk/api/prediction/Q9ESH5,6f85218c883cbf175f2356bdd2e293a6908ba3c6df84af79760f7ff30228418a,not_assessed,0.1.0
Q9ESL4,AlphaFold_DB,AF-Q9ESL4-2-F1,A,6,10090,1,454,not_assessed,d309524c6152a79f9e563d1983267d49618d6faaa6d1067e55e029602b951747,66dccbb44a963c4d5e42dfa8cd7b024b,predicted,,,https://alphafold.ebi.ac.uk/files/AF-Q9ESL4-2-F1-model_v6.cif,https://alphafold.ebi.ac.uk/files/AF-Q9ESL4-2-F1-model_v6.pdb,https://alphafold.ebi.ac.uk/files/AF-Q9ESL4-2-F1-confidence_v6.json,https://alphafold.ebi.ac.uk/files/AF-Q9ESL4-2-F1-predicted_aligned_error_v6.json,held,ALPHAFOLD_ACCESSION_DIFFERS_FROM_CANONICAL,https://alphafold.ebi.ac.uk/api/prediction/Q9ESL4,422eb7f8a4d9600e96a6fbf97431a7278eae101951da1590079a7268c63c7b73,not_assessed,0.1.0
Q9ESL4,AlphaFold_DB,AF-Q9ESL4-3-F1,A,6,10090,1,289,not_assessed,423bd0e62f4936a99d5e150cede97c97c1b434fcc2e075368c90e468be32ed9c,cea5bda47a6571cc71a40171823af31c,predicted,,,https://alphafold.ebi.ac.uk/files/AF-Q9ESL4-3-F1-model_v6.cif,https://alphafold.ebi.ac.uk/files/AF-Q9ESL4-3-F1-model_v6.pdb,https://alphafold.ebi.ac.uk/files/AF-Q9ESL4-3-F1-confidence_v6.json,https://alphafold.ebi.ac.uk/files/AF-Q9ESL4-3-F1-predicted_aligned_error_v6.json,held,ALPHAFOLD_ACCESSION_DIFFERS_FROM_CANONICAL,https://alphafold.ebi.ac.uk/api/prediction/Q9ESL4,422eb7f8a4d9600e96a6fbf97431a7278eae101951da1590079a7268c63c7b73,not_assessed,0.1.0
Q9ESL4,AlphaFold_DB,AF-Q9ESL4-F1,A,6,10090,1,802,exact_full,90536b9e8edde3b8cd76659ffd9c3636378e77ad55f789a46cf15ea07a17ddc4,dc2a6e1d3b75721472ad92aac9f69339,predicted,,,https://alphafold.ebi.ac.uk/files/AF-Q9ESL4-F1-model_v6.cif,https://alphafold.ebi.ac.uk/files/AF-Q9ESL4-F1-model_v6.pdb,https://alphafold.ebi.ac.uk/files/AF-Q9ESL4-F1-confidence_v6.json,https://alphafold.ebi.ac.uk/files/AF-Q9ESL4-F1-predicted_aligned_error_v6.json,candidate,EXACT_FULL_SEQUENCE_LOCAL_QUALITY_PENDING,https://alphafold.ebi.ac.uk/api/prediction/Q9ESL4,422eb7f8a4d9600e96a6fbf97431a7278eae101951da1590079a7268c63c7b73,not_assessed,0.1.0
Q9ET66,AlphaFold_DB,AF-Q9ET66-2-F1,A,6,10090,1,236,not_assessed,7c506d0bb14a7663928f753c66702280e05401c645445ac13499f08d21722658,703568925fe281c061e729ca2444f3fc,predicted,,,https://alphafold.ebi.ac.uk/files/AF-Q9ET66-2-F1-model_v6.cif,https://alphafold.ebi.ac.uk/files/AF-Q9ET66-2-F1-model_v6.pdb,https://alphafold.ebi.ac.uk/files/AF-Q9ET66-2-F1-confidence_v6.json,https://alphafold.ebi.ac.uk/files/AF-Q9ET66-2-F1-predicted_aligned_error_v6.json,held,ALPHAFOLD_ACCESSION_DIFFERS_FROM_CANONICAL,https://alphafold.ebi.ac.uk/api/prediction/Q9ET66,dc4f50532174f21a5f75d5e25d1a0521d8637302ebcfffa7d17bf618c2fd0065,not_assessed,0.1.0
Q9ET66,AlphaFold_DB,AF-Q9ET66-F1,A,6,10090,1,498,exact_full,5980ada954f79a89459246b1b4117b08ee8f808869079439900e1e0a6fa943a8,9d32b2c261c60f7e72042f24324c5e43,predicted,,,https://alphafold.ebi.ac.uk/files/AF-Q9ET66-F1-model_v6.cif,https://alphafold.ebi.ac.uk/files/AF-Q9ET66-F1-model_v6.pdb,https://alphafold.ebi.ac.uk/files/AF-Q9ET66-F1-confidence_v6.json,https://alphafold.ebi.ac.uk/files/AF-Q9ET66-F1-predicted_aligned_error_v6.json,candidate,EXACT_FULL_SEQUENCE_LOCAL_QUALITY_PENDING,https://alphafold.ebi.ac.uk/api/prediction/Q9ET66,dc4f50532174f21a5f75d5e25d1a0521d8637302ebcfffa7d17bf618c2fd0065,not_assessed,0.1.0
Q9JHB3,AlphaFold_DB,AF-Q9JHB3-F1,A,6,10090,1,224,exact_full,80f20f9c3bd105bebaa26376188f83291f19ff1f9b6bc9e9fc8a577e32beb259,a6aec141b32a36280b2c38874e92bced,predicted,,,https://alphafold.ebi.ac.uk/files/AF-Q9JHB3-F1-model_v6.cif,https://alphafold.ebi.ac.uk/files/AF-Q9JHB3-F1-model_v6.pdb,https://alphafold.ebi.ac.uk/files/AF-Q9JHB3-F1-confidence_v6.json,https://alphafold.ebi.ac.uk/files/AF-Q9JHB3-F1-predicted_aligned_error_v6.json,candidate,EXACT_FULL_SEQUENCE_LOCAL_QUALITY_PENDING,https://alphafold.ebi.ac.uk/api/prediction/Q9JHB3,2097eda4a2043f8b4765ab2c38c57d8a13155256d236c3cc009eb34b33415e9f,not_assessed,0.1.0
Q9JHB4,AlphaFold_DB,AF-Q9JHB4-2-F1,A,6,10090,1,366,not_assessed,ce46ce2676e4c74219ff2c43ad9d198da809ea1754a4e626105d31eea09851d1,40ee969520906a64cdab93109dc84256,predicted,,,https://alphafold.ebi.ac.uk/files/AF-Q9JHB4-2-F1-model_v6.cif,https://alphafold.ebi.ac.uk/files/AF-Q9JHB4-2-F1-model_v6.pdb,https://alphafold.ebi.ac.uk/files/AF-Q9JHB4-2-F1-confidence_v6.json,https://alphafold.ebi.ac.uk/files/AF-Q9JHB4-2-F1-predicted_aligned_error_v6.json,held,ALPHAFOLD_ACCESSION_DIFFERS_FROM_CANONICAL,https://alphafold.ebi.ac.uk/api/prediction/Q9JHB4,8406b34f2f5c60d768756b93c28e339f6d0695eece65c0d05f471d04c2d07e67,not_assessed,0.1.0
Q9JHB4,AlphaFold_DB,AF-Q9JHB4-F1,A,6,10090,1,367,exact_full,68dd927fda0c38b7fe9d16be2f586daef782602597bf9aac5f61b54733d359eb,18616844cf6b2b8d191c66293ccf0816,predicted,,,https://alphafold.ebi.ac.uk/files/AF-Q9JHB4-F1-model_v6.cif,https://alphafold.ebi.ac.uk/files/AF-Q9JHB4-F1-model_v6.pdb,https://alphafold.ebi.ac.uk/files/AF-Q9JHB4-F1-confidence_v6.json,https://alphafold.ebi.ac.uk/files/AF-Q9JHB4-F1-predicted_aligned_error_v6.json,candidate,EXACT_FULL_SEQUENCE_LOCAL_QUALITY_PENDING,https://alphafold.ebi.ac.uk/api/prediction/Q9JHB4,8406b34f2f5c60d768756b93c28e339f6d0695eece65c0d05f471d04c2d07e67,not_assessed,0.1.0
Q9JHF7,AlphaFold_DB,AF-Q9JHF7-F1,A,6,10090,1,199,exact_full,4c7842505102114876a9afb6ce9004bdccbd1daff40e4d10457012a6b2dbd2f8,86a87645fa9d560562f6d933aac99b80,predicted,,,https://alphafold.ebi.ac.uk/files/AF-Q9JHF7-F1-model_v6.cif,https://alphafold.ebi.ac.uk/files/AF-Q9JHF7-F1-model_v6.pdb,https://alphafold.ebi.ac.uk/files/AF-Q9JHF7-F1-confidence_v6.json,https://alphafold.ebi.ac.uk/files/AF-Q9JHF7-F1-predicted_aligned_error_v6.json,candidate,EXACT_FULL_SEQUENCE_LOCAL_QUALITY_PENDING,https://alphafold.ebi.ac.uk/api/prediction/Q9JHF7,d69e74a3cbb35f1463d09dc2602cc45c4bf03274a2d35dbfdebefaec30ae769d,not_assessed,0.1.0
Q9JHG6,AlphaFold_DB,AF-Q9JHG6-2-F1,A,6,10090,1,198,not_assessed,bf3cbce801020c8ccfc7591fe0563d680c45b48f3f00387e2b3da2f7e0635a68,76174e6e2b58c8785d316f835edbe381,predicted,,,https://alphafold.ebi.ac.uk/files/AF-Q9JHG6-2-F1-model_v6.cif,https://alphafold.ebi.ac.uk/files/AF-Q9JHG6-2-F1-model_v6.pdb,https://alphafold.ebi.ac.uk/files/AF-Q9JHG6-2-F1-confidence_v6.json,https://alphafold.ebi.ac.uk/files/AF-Q9JHG6-2-F1-predicted_aligned_error_v6.json,held,ALPHAFOLD_ACCESSION_DIFFERS_FROM_CANONICAL,https://alphafold.ebi.ac.uk/api/prediction/Q9JHG6,0a814c8b44eb993c15b2dcf5c42af804e0778dc8c571c88f2985857e68b4b2c1,not_assessed,0.1.0
Q9JHG6,AlphaFold_DB,AF-Q9JHG6-3-F1,A,6,10090,1,118,not_assessed,38310fb4f2b534751975cbbecc9ce9355e0e6ba76f92d61df16b328a77e05ec2,1ede0da98ba3c98d6984cb5f58c2487d,predicted,,,https://alphafold.ebi.ac.uk/files/AF-Q9JHG6-3-F1-model_v6.cif,https://alphafold.ebi.ac.uk/files/AF-Q9JHG6-3-F1-model_v6.pdb,https://alphafold.ebi.ac.uk/files/AF-Q9JHG6-3-F1-confidence_v6.json,https://alphafold.ebi.ac.uk/files/AF-Q9JHG6-3-F1-predicted_aligned_error_v6.json,held,ALPHAFOLD_ACCESSION_DIFFERS_FROM_CANONICAL,https://alphafold.ebi.ac.uk/api/prediction/Q9JHG6,0a814c8b44eb993c15b2dcf5c42af804e0778dc8c571c88f2985857e68b4b2c1,not_assessed,0.1.0
Q9JHG6,AlphaFold_DB,AF-Q9JHG6-4-F1,A,6,10090,1,198,not_assessed,ad5883e0fdebd82c5ff3bec10a64d4f10e378c80228d474a4f5806ac0fa8faf6,46830d813c079c7d124427cbacdfca86,predicted,,,https://alphafold.ebi.ac.uk/files/AF-Q9JHG6-4-F1-model_v6.cif,https://alphafold.ebi.ac.uk/files/AF-Q9JHG6-4-F1-model_v6.pdb,https://alphafold.ebi.ac.uk/files/AF-Q9JHG6-4-F1-confidence_v6.json,https://alphafold.ebi.ac.uk/files/AF-Q9JHG6-4-F1-predicted_aligned_error_v6.json,held,ALPHAFOLD_ACCESSION_DIFFERS_FROM_CANONICAL,https://alphafold.ebi.ac.uk/api/prediction/Q9JHG6,0a814c8b44eb993c15b2dcf5c42af804e0778dc8c571c88f2985857e68b4b2c1,not_assessed,0.1.0
Q9JHG6,AlphaFold_DB,AF-Q9JHG6-F1,A,6,10090,1,251,exact_full,b7ed71daa2da2706364b73e0a4636b25657bee7cae7a1bce31ccd5d54999e159,8f0f2004a6b3be5521b83b96d765ad20,predicted,,,https://alphafold.ebi.ac.uk/files/AF-Q9JHG6-F1-model_v6.cif,https://alphafold.ebi.ac.uk/files/AF-Q9JHG6-F1-model_v6.pdb,https://alphafold.ebi.ac.uk/files/AF-Q9JHG6-F1-confidence_v6.json,https://alphafold.ebi.ac.uk/files/AF-Q9JHG6-F1-predicted_aligned_error_v6.json,candidate,EXACT_FULL_SEQUENCE_LOCAL_QUALITY_PENDING,https://alphafold.ebi.ac.uk/api/prediction/Q9JHG6,0a814c8b44eb993c15b2dcf5c42af804e0778dc8c571c88f2985857e68b4b2c1,not_assessed,0.1.0
Q9JHG6,PDBe_SIFTS,1wey,A,,10090,67,156,not_assessed,,,Solution NMR,,0.359,,,,,candidate,MOUSE_SIFTS_CANDIDATE_LOCAL_REVIEW_PENDING,https://www.ebi.ac.uk/pdbe/api/mappings/best_structures/Q9JHG6,eb76cda44c7bc3515503f32fcb1398f4a5c301b50833e80211229a03d6da48f1,not_assessed,0.1.0
Q9JHI8,AlphaFold_DB,AF-Q9JHI8-2-F1,A,6,10090,1,164,not_assessed,78aee348b9dbe57bd697ec3fe0d3fafe13695ed8f26ea1c94a8ff089c4b4f1b9,cdfd7189c8e6117881939f47de71b9a2,predicted,,,https://alphafold.ebi.ac.uk/files/AF-Q9JHI8-2-F1-model_v6.cif,https://alphafold.ebi.ac.uk/files/AF-Q9JHI8-2-F1-model_v6.pdb,https://alphafold.ebi.ac.uk/files/AF-Q9JHI8-2-F1-confidence_v6.json,https://alphafold.ebi.ac.uk/files/AF-Q9JHI8-2-F1-predicted_aligned_error_v6.json,held,ALPHAFOLD_ACCESSION_DIFFERS_FROM_CANONICAL,https://alphafold.ebi.ac.uk/api/prediction/Q9JHI8,65f0303d3991a3458b39f22086e90ca04d00519601785945e909ad2ee538c530,not_assessed,0.1.0
Q9JHI8,AlphaFold_DB,AF-Q9JHI8-3-F1,A,6,10090,1,592,not_assessed,53535a6636e550d9f797269114ff446a44ea31379b049e9650318f47c20cb44b,21c5abf54c626c6d76444b4bfec9675d,predicted,,,https://alphafold.ebi.ac.uk/files/AF-Q9JHI8-3-F1-model_v6.cif,https://alphafold.ebi.ac.uk/files/AF-Q9JHI8-3-F1-model_v6.pdb,https://alphafold.ebi.ac.uk/files/AF-Q9JHI8-3-F1-confidence_v6.json,https://alphafold.ebi.ac.uk/files/AF-Q9JHI8-3-F1-predicted_aligned_error_v6.json,held,ALPHAFOLD_ACCESSION_DIFFERS_FROM_CANONICAL,https://alphafold.ebi.ac.uk/api/prediction/Q9JHI8,65f0303d3991a3458b39f22086e90ca04d00519601785945e909ad2ee538c530,not_assessed,0.1.0
Q9JHI8,AlphaFold_DB,AF-Q9JHI8-4-F1,A,6,10090,1,617,not_assessed,de77cd7f9970e6364fc5547be0dff09db1d44186bb535657cc26019378dc2d1e,9820673b707e621bdfda1f64ef879f57,predicted,,,https://alphafold.ebi.ac.uk/files/AF-Q9JHI8-4-F1-model_v6.cif,https://alphafold.ebi.ac.uk/files/AF-Q9JHI8-4-F1-model_v6.pdb,https://alphafold.ebi.ac.uk/files/AF-Q9JHI8-4-F1-confidence_v6.json,https://alphafold.ebi.ac.uk/files/AF-Q9JHI8-4-F1-predicted_aligned_error_v6.json,held,ALPHAFOLD_ACCESSION_DIFFERS_FROM_CANONICAL,https://alphafold.ebi.ac.uk/api/prediction/Q9JHI8,65f0303d3991a3458b39f22086e90ca04d00519601785945e909ad2ee538c530,not_assessed,0.1.0
Q9JHI8,AlphaFold_DB,AF-Q9JHI8-F1,A,6,10090,1,578,exact_full,60d858d8d424f9bcdfaf1aa7850b4fe075ca4d4a2eb231a865494cc0c1d551a6,9abbe798cfc29c70db2d372ab5039a3f,predicted,,,https://alphafold.ebi.ac.uk/files/AF-Q9JHI8-F1-model_v6.cif,https://alphafold.ebi.ac.uk/files/AF-Q9JHI8-F1-model_v6.pdb,https://alphafold.ebi.ac.uk/files/AF-Q9JHI8-F1-confidence_v6.json,https://alphafold.ebi.ac.uk/files/AF-Q9JHI8-F1-predicted_aligned_error_v6.json,candidate,EXACT_FULL_SEQUENCE_LOCAL_QUALITY_PENDING,https://alphafold.ebi.ac.uk/api/prediction/Q9JHI8,65f0303d3991a3458b39f22086e90ca04d00519601785945e909ad2ee538c530,not_assessed,0.1.0
Q9JI75,AlphaFold_DB,AF-Q9JI75-F1,A,6,10090,1,231,exact_full,3480830596f0a8bd264a26d17707bf2e8b554513d079a6f9e55a427569d0c645,f8d88f5953bd31484b07111b57ec6b04,predicted,,,https://alphafold.ebi.ac.uk/files/AF-Q9JI75-F1-model_v6.cif,https://alphafold.ebi.ac.uk/files/AF-Q9JI75-F1-model_v6.pdb,https://alphafold.ebi.ac.uk/files/AF-Q9JI75-F1-confidence_v6.json,https://alphafold.ebi.ac.uk/files/AF-Q9JI75-F1-predicted_aligned_error_v6.json,candidate,EXACT_FULL_SEQUENCE_LOCAL_QUALITY_PENDING,https://alphafold.ebi.ac.uk/api/prediction/Q9JI75,f6fc2d3b18d2ef05d6760247e88b24c51b7660029cdeb80d46938b63d7146964,not_assessed,0.1.0
Q9JIG8,AlphaFold_DB,AF-Q9JIG8-F1,A,6,10090,1,178,exact_full,60057c73d919786ffe5204c77c44fd1c83b508af660c9e4812a2984d4b2265a5,30887a8940c8d065c65fc65dea2975b5,predicted,,,https://alphafold.ebi.ac.uk/files/AF-Q9JIG8-F1-model_v6.cif,https://alphafold.ebi.ac.uk/files/AF-Q9JIG8-F1-model_v6.pdb,https://alphafold.ebi.ac.uk/files/AF-Q9JIG8-F1-confidence_v6.json,https://alphafold.ebi.ac.uk/files/AF-Q9JIG8-F1-predicted_aligned_error_v6.json,candidate,EXACT_FULL_SEQUENCE_LOCAL_QUALITY_PENDING,https://alphafold.ebi.ac.uk/api/prediction/Q9JIG8,439ff78f3adfbd6febc80c07402f8d784e41528ebf298bf06e42bf8e775ef594,not_assessed,0.1.0
Q9JIT0,AlphaFold_DB,AF-Q9JIT0-2-F1,A,6,10090,1,32,not_assessed,609a331b3396162e021f690f277d4976251037e2d768f867247c114cb34206b0,b2015255cf7bd85c93b5ec6bf7d2488d,predicted,,,https://alphafold.ebi.ac.uk/files/AF-Q9JIT0-2-F1-model_v6.cif,https://alphafold.ebi.ac.uk/files/AF-Q9JIT0-2-F1-model_v6.pdb,https://alphafold.ebi.ac.uk/files/AF-Q9JIT0-2-F1-confidence_v6.json,https://alphafold.ebi.ac.uk/files/AF-Q9JIT0-2-F1-predicted_aligned_error_v6.json,held,ALPHAFOLD_ACCESSION_DIFFERS_FROM_CANONICAL,https://alphafold.ebi.ac.uk/api/prediction/Q9JIT0,f1053d04c2c86d737f798c7a0819d87d712c8d486d9abf8cd630d201b36b5f46,not_assessed,0.1.0
Q9JIT0,AlphaFold_DB,AF-Q9JIT0-3-F1,A,6,10090,1,463,not_assessed,cbbc33e1592c68e0d061f906ae6676a88b6d51d07b5f840dccd3105addedb413,d30d685508a66fe51be0d3cd91ab3398,predicted,,,https://alphafold.ebi.ac.uk/files/AF-Q9JIT0-3-F1-model_v6.cif,https://alphafold.ebi.ac.uk/files/AF-Q9JIT0-3-F1-model_v6.pdb,https://alphafold.ebi.ac.uk/files/AF-Q9JIT0-3-F1-confidence_v6.json,https://alphafold.ebi.ac.uk/files/AF-Q9JIT0-3-F1-predicted_aligned_error_v6.json,held,ALPHAFOLD_ACCESSION_DIFFERS_FROM_CANONICAL,https://alphafold.ebi.ac.uk/api/prediction/Q9JIT0,f1053d04c2c86d737f798c7a0819d87d712c8d486d9abf8cd630d201b36b5f46,not_assessed,0.1.0
Q9JIT0,AlphaFold_DB,AF-Q9JIT0-F1,A,6,10090,1,490,exact_full,36d744f5ed389847d244eff5e59ad6d99d7941dd9d77ac909ddb97aca4d2abc5,7a7c9e7628db721132986ba516faf2a0,predicted,,,https://alphafold.ebi.ac.uk/files/AF-Q9JIT0-F1-model_v6.cif,https://alphafold.ebi.ac.uk/files/AF-Q9JIT0-F1-model_v6.pdb,https://alphafold.ebi.ac.uk/files/AF-Q9JIT0-F1-confidence_v6.json,https://alphafold.ebi.ac.uk/files/AF-Q9JIT0-F1-predicted_aligned_error_v6.json,candidate,EXACT_FULL_SEQUENCE_LOCAL_QUALITY_PENDING,https://alphafold.ebi.ac.uk/api/prediction/Q9JIT0,f1053d04c2c86d737f798c7a0819d87d712c8d486d9abf8cd630d201b36b5f46,not_assessed,0.1.0
Q9JIZ9,AlphaFold_DB,AF-Q9JIZ9-F1,A,6,10090,1,296,exact_full,43f00a4001720ee1b44e0627911791d99141d2024bb8b4143e0ddd127d6c31e7,16449be0105843b11457282cc13ae361,predicted,,,https://alphafold.ebi.ac.uk/files/AF-Q9JIZ9-F1-model_v6.cif,https://alphafold.ebi.ac.uk/files/AF-Q9JIZ9-F1-model_v6.pdb,https://alphafold.ebi.ac.uk/files/AF-Q9JIZ9-F1-confidence_v6.json,https://alphafold.ebi.ac.uk/files/AF-Q9JIZ9-F1-predicted_aligned_error_v6.json,candidate,EXACT_FULL_SEQUENCE_LOCAL_QUALITY_PENDING,https://alphafold.ebi.ac.uk/api/prediction/Q9JIZ9,a4ffe47be5b551e401d4fb392579b789b4cd50bd2d87b6c25b221f8b5da75b54,not_assessed,0.1.0
Q9JJ61,AlphaFold_DB,AF-Q9JJ61-F1,A,6,10090,1,558,exact_full,4ece0d12acaa16642dc02b079b25719df4eb815c709e4ea1555de739d5d8165c,486cbbc7de4d2d66d84ddaa61eafe570,predicted,,,https://alphafold.ebi.ac.uk/files/AF-Q9JJ61-F1-model_v6.cif,https://alphafold.ebi.ac.uk/files/AF-Q9JJ61-F1-model_v6.pdb,https://alphafold.ebi.ac.uk/files/AF-Q9JJ61-F1-confidence_v6.json,https://alphafold.ebi.ac.uk/files/AF-Q9JJ61-F1-predicted_aligned_error_v6.json,candidate,EXACT_FULL_SEQUENCE_LOCAL_QUALITY_PENDING,https://alphafold.ebi.ac.uk/api/prediction/Q9JJ61,98b23ec77f079c78cad9e3547d3e95e4dcb14600a47a507e2ebaab6a53b66ecc,not_assessed,0.1.0
Q9JJ66,AlphaFold_DB,AF-Q9JJ66-F1,A,6,10090,1,499,exact_full,e62f42bad22f36a34049a7fae6b47331a9b9ee00927f5e368668c2705aa7a6f9,f9eefc66832d075aeefc92f7ce37bc9a,predicted,,,https://alphafold.ebi.ac.uk/files/AF-Q9JJ66-F1-model_v6.cif,https://alphafold.ebi.ac.uk/files/AF-Q9JJ66-F1-model_v6.pdb,https://alphafold.ebi.ac.uk/files/AF-Q9JJ66-F1-confidence_v6.json,https://alphafold.ebi.ac.uk/files/AF-Q9JJ66-F1-predicted_aligned_error_v6.json,candidate,EXACT_FULL_SEQUENCE_LOCAL_QUALITY_PENDING,https://alphafold.ebi.ac.uk/api/prediction/Q9JJ66,10b64a6f492e2149d1a11425fa7290f38836173f0df655b033ab112fc1cdbe88,not_assessed,0.1.0
Q9JK53,AlphaFold_DB,AF-Q9JK53-F1,A,6,10090,1,378,exact_full,8d9e123d33fe7b7473081ff3870656d2c01408e6ccd792646f249cc0c68bc002,2da94c22bb7c7708d0b50cfd9f18d15d,predicted,,,https://alphafold.ebi.ac.uk/files/AF-Q9JK53-F1-model_v6.cif,https://alphafold.ebi.ac.uk/files/AF-Q9JK53-F1-model_v6.pdb,https://alphafold.ebi.ac.uk/files/AF-Q9JK53-F1-confidence_v6.json,https://alphafold.ebi.ac.uk/files/AF-Q9JK53-F1-predicted_aligned_error_v6.json,candidate,EXACT_FULL_SEQUENCE_LOCAL_QUALITY_PENDING,https://alphafold.ebi.ac.uk/api/prediction/Q9JK53,da6faf36dc770c00ebaa93f4fb0c7fbcbaebb2a9da4a37ba107dca7e15ccfc16,not_assessed,0.1.0
Q9JK95,AlphaFold_DB,AF-Q9JK95-F1,A,6,10090,1,193,exact_full,b2de04f0368ac63d0798f6bd836a204ef42af6038300537c5df3f10db6a8073b,1ba7494d4799f65b22cacfb750014e1f,predicted,,,https://alphafold.ebi.ac.uk/files/AF-Q9JK95-F1-model_v6.cif,https://alphafold.ebi.ac.uk/files/AF-Q9JK95-F1-model_v6.pdb,https://alphafold.ebi.ac.uk/files/AF-Q9JK95-F1-confidence_v6.json,https://alphafold.ebi.ac.uk/files/AF-Q9JK95-F1-predicted_aligned_error_v6.json,candidate,EXACT_FULL_SEQUENCE_LOCAL_QUALITY_PENDING,https://alphafold.ebi.ac.uk/api/prediction/Q9JK95,7457d5adff99bfbdbd25570fdd4df97419e270c69db82307790afd308822c52e,not_assessed,0.1.0
Q9JKB1,AlphaFold_DB,AF-Q9JKB1-F1,A,6,10090,1,230,exact_full,aa638b03cd0afb0819dd2ee19a8510da1371652ec0c9ddf645e3f9986286fb56,15c6cb2b22c6238ea73b6e7550b5d503,predicted,,,https://alphafold.ebi.ac.uk/files/AF-Q9JKB1-F1-model_v6.cif,https://alphafold.ebi.ac.uk/files/AF-Q9JKB1-F1-model_v6.pdb,https://alphafold.ebi.ac.uk/files/AF-Q9JKB1-F1-confidence_v6.json,https://alphafold.ebi.ac.uk/files/AF-Q9JKB1-F1-predicted_aligned_error_v6.json,candidate,EXACT_FULL_SEQUENCE_LOCAL_QUALITY_PENDING,https://alphafold.ebi.ac.uk/api/prediction/Q9JKB1,566461b4aa678ffa2e0ade610e55181c124d00d5b3267b97e6204bf62d6b6d56,not_assessed,0.1.0
Q9JKC6,AlphaFold_DB,AF-Q9JKC6-F1,A,6,10090,1,149,exact_full,89eed25def8002e76c8e6fa7556e6573a3fe281e48bf46b4eeab73c86f7641d4,5760f3bc1faa01bd126aa847fde594e4,predicted,,,https://alphafold.ebi.ac.uk/files/AF-Q9JKC6-F1-model_v6.cif,https://alphafold.ebi.ac.uk/files/AF-Q9JKC6-F1-model_v6.pdb,https://alphafold.ebi.ac.uk/files/AF-Q9JKC6-F1-confidence_v6.json,https://alphafold.ebi.ac.uk/files/AF-Q9JKC6-F1-predicted_aligned_error_v6.json,candidate,EXACT_FULL_SEQUENCE_LOCAL_QUALITY_PENDING,https://alphafold.ebi.ac.uk/api/prediction/Q9JKC6,83f489e58d33bbd94ed1d67f2e82a6a34b2f2866b25dbbaa8c600ee0fc426452,not_assessed,0.1.0
Q9JKF4,AlphaFold_DB,AF-Q9JKF4-2-F1,A,6,10090,1,175,not_assessed,731588a13ebf3961feddc625a4536b2e9716ac5697815a91491a29cc2c4a694d,f923fa11ce09abbe8ed5d1d0a50025fe,predicted,,,https://alphafold.ebi.ac.uk/files/AF-Q9JKF4-2-F1-model_v6.cif,https://alphafold.ebi.ac.uk/files/AF-Q9JKF4-2-F1-model_v6.pdb,https://alphafold.ebi.ac.uk/files/AF-Q9JKF4-2-F1-confidence_v6.json,https://alphafold.ebi.ac.uk/files/AF-Q9JKF4-2-F1-predicted_aligned_error_v6.json,held,ALPHAFOLD_ACCESSION_DIFFERS_FROM_CANONICAL,https://alphafold.ebi.ac.uk/api/prediction/Q9JKF4,97f139bf9133cc5d07cd1e1d1dc86f7fee705a4b8d22ba4251dc694a1651d3d5,not_assessed,0.1.0
Q9JKF4,AlphaFold_DB,AF-Q9JKF4-3-F1,A,6,10090,1,168,not_assessed,918539a014ad4a1d08d71dbf7207f41fd959a0e48c6cffa3a0aefa569a81760a,e3f1ae23683987305e7dff2c8beca20d,predicted,,,https://alphafold.ebi.ac.uk/files/AF-Q9JKF4-3-F1-model_v6.cif,https://alphafold.ebi.ac.uk/files/AF-Q9JKF4-3-F1-model_v6.pdb,https://alphafold.ebi.ac.uk/files/AF-Q9JKF4-3-F1-confidence_v6.json,https://alphafold.ebi.ac.uk/files/AF-Q9JKF4-3-F1-predicted_aligned_error_v6.json,held,ALPHAFOLD_ACCESSION_DIFFERS_FROM_CANONICAL,https://alphafold.ebi.ac.uk/api/prediction/Q9JKF4,97f139bf9133cc5d07cd1e1d1dc86f7fee705a4b8d22ba4251dc694a1651d3d5,not_assessed,0.1.0
Q9JKF4,AlphaFold_DB,AF-Q9JKF4-F1,A,6,10090,1,209,exact_full,ee16476bbad62ba8f57d8ec9ab9da41374fd6517511790855898fd27f1ed75f8,b94d2597ff6212323dcdff83fcd7400f,predicted,,,https://alphafold.ebi.ac.uk/files/AF-Q9JKF4-F1-model_v6.cif,https://alphafold.ebi.ac.uk/files/AF-Q9JKF4-F1-model_v6.pdb,https://alphafold.ebi.ac.uk/files/AF-Q9JKF4-F1-confidence_v6.json,https://alphafold.ebi.ac.uk/files/AF-Q9JKF4-F1-predicted_aligned_error_v6.json,candidate,EXACT_FULL_SEQUENCE_LOCAL_QUALITY_PENDING,https://alphafold.ebi.ac.uk/api/prediction/Q9JKF4,97f139bf9133cc5d07cd1e1d1dc86f7fee705a4b8d22ba4251dc694a1651d3d5,not_assessed,0.1.0
Q9JLC6,AlphaFold_DB,AF-Q9JLC6-2-F1,A,6,10090,1,285,not_assessed,6d9bea8e127b1602fea6df76a7b451cb6fccd3bacd18af66e7c4516be35e23fa,3b34526a6f90215c6e5fc04df39a8ff9,predicted,,,https://alphafold.ebi.ac.uk/files/AF-Q9JLC6-2-F1-model_v6.cif,https://alphafold.ebi.ac.uk/files/AF-Q9JLC6-2-F1-model_v6.pdb,https://alphafold.ebi.ac.uk/files/AF-Q9JLC6-2-F1-confidence_v6.json,https://alphafold.ebi.ac.uk/files/AF-Q9JLC6-2-F1-predicted_aligned_error_v6.json,held,ALPHAFOLD_ACCESSION_DIFFERS_FROM_CANONICAL,https://alphafold.ebi.ac.uk/api/prediction/Q9JLC6,efd4f4f4f55c604d4eecc8fa5257c285f3f94250af6e2af3deb6a2e5279572fb,not_assessed,0.1.0
Q9JLC6,AlphaFold_DB,AF-Q9JLC6-3-F1,A,6,10090,1,273,not_assessed,75beaa8f7dcaa5f71c0a36a63d4bab0e287b1d65646224fd0a83251c6d2463e9,2a485e606400cab98adc8390180e3af0,predicted,,,https://alphafold.ebi.ac.uk/files/AF-Q9JLC6-3-F1-model_v6.cif,https://alphafold.ebi.ac.uk/files/AF-Q9JLC6-3-F1-model_v6.pdb,https://alphafold.ebi.ac.uk/files/AF-Q9JLC6-3-F1-confidence_v6.json,https://alphafold.ebi.ac.uk/files/AF-Q9JLC6-3-F1-predicted_aligned_error_v6.json,held,ALPHAFOLD_ACCESSION_DIFFERS_FROM_CANONICAL,https://alphafold.ebi.ac.uk/api/prediction/Q9JLC6,efd4f4f4f55c604d4eecc8fa5257c285f3f94250af6e2af3deb6a2e5279572fb,not_assessed,0.1.0
Q9JLC6,AlphaFold_DB,AF-Q9JLC6-F1,A,6,10090,1,301,exact_full,92a2bbca89fe34e4b76020662cd2eea021252275cbcaf2f93bfe0026b3c403da,0d778f81c940b9897fc3d2a8ab6ece71,predicted,,,https://alphafold.ebi.ac.uk/files/AF-Q9JLC6-F1-model_v6.cif,https://alphafold.ebi.ac.uk/files/AF-Q9JLC6-F1-model_v6.pdb,https://alphafold.ebi.ac.uk/files/AF-Q9JLC6-F1-confidence_v6.json,https://alphafold.ebi.ac.uk/files/AF-Q9JLC6-F1-predicted_aligned_error_v6.json,candidate,EXACT_FULL_SEQUENCE_LOCAL_QUALITY_PENDING,https://alphafold.ebi.ac.uk/api/prediction/Q9JLC6,efd4f4f4f55c604d4eecc8fa5257c285f3f94250af6e2af3deb6a2e5279572fb,not_assessed,0.1.0
Q9JLL0,AlphaFold_DB,AF-Q9JLL0-F1,A,6,10090,1,1037,exact_full,a9f8694ada998734cd412a4cc28e9c9f178cfecc1865fe4b186250c5f857774e,98f370da5e39fa25dbb3dfccf21d11e4,predicted,,,https://alphafold.ebi.ac.uk/files/AF-Q9JLL0-F1-model_v6.cif,https://alphafold.ebi.ac.uk/files/AF-Q9JLL0-F1-model_v6.pdb,https://alphafold.ebi.ac.uk/files/AF-Q9JLL0-F1-confidence_v6.json,https://alphafold.ebi.ac.uk/files/AF-Q9JLL0-F1-predicted_aligned_error_v6.json,candidate,EXACT_FULL_SEQUENCE_LOCAL_QUALITY_PENDING,https://alphafold.ebi.ac.uk/api/prediction/Q9JLL0,77a5e861277c2e2d366dc4154e681deeb9e3d67b93d8e1bf13b0dc8033ce65f8,not_assessed,0.1.0
Q9JLM8,AlphaFold_DB,AF-Q9JLM8-2-F1,A,6,10090,1,363,not_assessed,a550c27a7d601ae6dc38ac1a69bf33b550514c743008426710876db632629ac1,77b1534d569c74fa01d01e53ecf6db8d,predicted,,,https://alphafold.ebi.ac.uk/files/AF-Q9JLM8-2-F1-model_v6.cif,https://alphafold.ebi.ac.uk/files/AF-Q9JLM8-2-F1-model_v6.pdb,https://alphafold.ebi.ac.uk/files/AF-Q9JLM8-2-F1-confidence_v6.json,https://alphafold.ebi.ac.uk/files/AF-Q9JLM8-2-F1-predicted_aligned_error_v6.json,held,ALPHAFOLD_ACCESSION_DIFFERS_FROM_CANONICAL,https://alphafold.ebi.ac.uk/api/prediction/Q9JLM8,d8e6b7123529985ca3c1b6c748b954a26e72a5efac8cdadba57d0ee7e1ee032e,not_assessed,0.1.0
Q9JLM8,AlphaFold_DB,AF-Q9JLM8-F1,A,6,10090,1,756,exact_full,7423c993e4cd9efa01b33903f4b3bd69f7681085f05369720233378aa5fc3964,2be86fa131a7dba3a2b883c93c880df5,predicted,,,https://alphafold.ebi.ac.uk/files/AF-Q9JLM8-F1-model_v6.cif,https://alphafold.ebi.ac.uk/files/AF-Q9JLM8-F1-model_v6.pdb,https://alphafold.ebi.ac.uk/files/AF-Q9JLM8-F1-confidence_v6.json,https://alphafold.ebi.ac.uk/files/AF-Q9JLM8-F1-predicted_aligned_error_v6.json,candidate,EXACT_FULL_SEQUENCE_LOCAL_QUALITY_PENDING,https://alphafold.ebi.ac.uk/api/prediction/Q9JLM8,d8e6b7123529985ca3c1b6c748b954a26e72a5efac8cdadba57d0ee7e1ee032e,not_assessed,0.1.0
Q9JLV1,AlphaFold_DB,AF-Q9JLV1-F1,A,6,10090,1,577,exact_full,84d9c6954d834fc6a46067395e72f07f92b8ab5efd7852e028d24eb7e125e0ea,e3efd403c3dda4d7c7ef98b23fb42730,predicted,,,https://alphafold.ebi.ac.uk/files/AF-Q9JLV1-F1-model_v6.cif,https://alphafold.ebi.ac.uk/files/AF-Q9JLV1-F1-model_v6.pdb,https://alphafold.ebi.ac.uk/files/AF-Q9JLV1-F1-confidence_v6.json,https://alphafold.ebi.ac.uk/files/AF-Q9JLV1-F1-predicted_aligned_error_v6.json,candidate,EXACT_FULL_SEQUENCE_LOCAL_QUALITY_PENDING,https://alphafold.ebi.ac.uk/api/prediction/Q9JLV1,951d43d58e5783b40a4d3d710501a65390c2a683562493a37718d4b8fcea2384,not_assessed,0.1.0
Q9JLV1,PDBe_SIFTS,1uk5,A,,10090,406,503,not_assessed,,,Solution NMR,,0.17,,,,,candidate,MOUSE_SIFTS_CANDIDATE_LOCAL_REVIEW_PENDING,https://www.ebi.ac.uk/pdbe/api/mappings/best_structures/Q9JLV1,2ae0ea192fb7a6a8c4aff167ebb56d7200d895db6d7785fe91f3af9653d58e9f,not_assessed,0.1.0
Q9JMG2,AlphaFold_DB,AF-Q9JMG2-F1,A,6,10090,1,316,exact_full,d5df53307e701e83d76620f91696d3220e6bfdf359668d5c5821721f77903dc7,6737e2e2dff39746d57fa90c7f5a5e7c,predicted,,,https://alphafold.ebi.ac.uk/files/AF-Q9JMG2-F1-model_v6.cif,https://alphafold.ebi.ac.uk/files/AF-Q9JMG2-F1-model_v6.pdb,https://alphafold.ebi.ac.uk/files/AF-Q9JMG2-F1-confidence_v6.json,https://alphafold.ebi.ac.uk/files/AF-Q9JMG2-F1-predicted_aligned_error_v6.json,candidate,EXACT_FULL_SEQUENCE_LOCAL_QUALITY_PENDING,https://alphafold.ebi.ac.uk/api/prediction/Q9JMG2,919091dbdbf9c7830ac5b98911d4ab62c749f4f130dfb031266e315bc7998622,not_assessed,0.1.0
Q9QUG2,AlphaFold_DB,AF-Q9QUG2-2-F1,A,6,10090,1,739,not_assessed,cdd84b76097cfb6da2f9d018ec7f595cc1cbadd440647c5162c8efdeb06046bb,6f7f3597d2fa7b9859dfc5c83dcc1f62,predicted,,,https://alphafold.ebi.ac.uk/files/AF-Q9QUG2-2-F1-model_v6.cif,https://alphafold.ebi.ac.uk/files/AF-Q9QUG2-2-F1-model_v6.pdb,https://alphafold.ebi.ac.uk/files/AF-Q9QUG2-2-F1-confidence_v6.json,https://alphafold.ebi.ac.uk/files/AF-Q9QUG2-2-F1-predicted_aligned_error_v6.json,held,ALPHAFOLD_ACCESSION_DIFFERS_FROM_CANONICAL,https://alphafold.ebi.ac.uk/api/prediction/Q9QUG2,c7572e46be5f3edc6e332b81455d95574dca2a3905773c9c16a178d631b437e7,not_assessed,0.1.0
Q9QUG2,AlphaFold_DB,AF-Q9QUG2-F1,A,6,10090,1,852,exact_full,cc60ccbe5bd1912928b36cbcff567f6a4dddced90d0c80ff9cd8ef29544f105e,35a61bbe76bb656e8ea9cf6ff189c516,predicted,,,https://alphafold.ebi.ac.uk/files/AF-Q9QUG2-F1-model_v6.cif,https://alphafold.ebi.ac.uk/files/AF-Q9QUG2-F1-model_v6.pdb,https://alphafold.ebi.ac.uk/files/AF-Q9QUG2-F1-confidence_v6.json,https://alphafold.ebi.ac.uk/files/AF-Q9QUG2-F1-predicted_aligned_error_v6.json,candidate,EXACT_FULL_SEQUENCE_LOCAL_QUALITY_PENDING,https://alphafold.ebi.ac.uk/api/prediction/Q9QUG2,c7572e46be5f3edc6e332b81455d95574dca2a3905773c9c16a178d631b437e7,not_assessed,0.1.0
Q9QUG2,PDBe_SIFTS,2lsj,B,,10090,560,582,not_assessed,,,Solution NMR,,0.027,,,,,candidate,MOUSE_SIFTS_CANDIDATE_LOCAL_REVIEW_PENDING,https://www.ebi.ac.uk/pdbe/api/mappings/best_structures/Q9QUG2,d8ae0c6a75c6d298aec007b0013fb64c49aba64093b33d5f26ae9af87d80e979,not_assessed,0.1.0
Q9QUG2,PDBe_SIFTS,4fjo,B,,10090,565,574,not_assessed,,,X-ray diffraction,2.718,0.012,,,,,candidate,MOUSE_SIFTS_CANDIDATE_LOCAL_REVIEW_PENDING,https://www.ebi.ac.uk/pdbe/api/mappings/best_structures/Q9QUG2,d8ae0c6a75c6d298aec007b0013fb64c49aba64093b33d5f26ae9af87d80e979,not_assessed,0.1.0
Q9QUG2,PDBe_SIFTS,6c59,A,,10090,564,577,not_assessed,,,X-ray diffraction,2.03,0.016,,,,,candidate,MOUSE_SIFTS_CANDIDATE_LOCAL_REVIEW_PENDING,https://www.ebi.ac.uk/pdbe/api/mappings/best_structures/Q9QUG2,d8ae0c6a75c6d298aec007b0013fb64c49aba64093b33d5f26ae9af87d80e979,not_assessed,0.1.0
Q9QUG2,PDBe_SIFTS,6c8c,A,,10090,564,577,not_assessed,,,X-ray diffraction,1.5,0.016,,,,,candidate,MOUSE_SIFTS_CANDIDATE_LOCAL_REVIEW_PENDING,https://www.ebi.ac.uk/pdbe/api/mappings/best_structures/Q9QUG2,d8ae0c6a75c6d298aec007b0013fb64c49aba64093b33d5f26ae9af87d80e979,not_assessed,0.1.0
Q9QUG2,PDBe_SIFTS,6c8c,B,,10090,564,577,not_assessed,,,X-ray diffraction,1.5,0.016,,,,,candidate,MOUSE_SIFTS_CANDIDATE_LOCAL_REVIEW_PENDING,https://www.ebi.ac.uk/pdbe/api/mappings/best_structures/Q9QUG2,d8ae0c6a75c6d298aec007b0013fb64c49aba64093b33d5f26ae9af87d80e979,not_assessed,0.1.0
Q9QUH0,AlphaFold_DB,AF-Q9QUH0-F1,A,6,10090,1,107,exact_full,0ea9e914e08d7364274d095435832a66a0e75c4e8c2bc9a474354059c5e7267a,b859d6c376ec083230f57a46dc86e7af,predicted,,,https://alphafold.ebi.ac.uk/files/AF-Q9QUH0-F1-model_v6.cif,https://alphafold.ebi.ac.uk/files/AF-Q9QUH0-F1-model_v6.pdb,https://alphafold.ebi.ac.uk/files/AF-Q9QUH0-F1-confidence_v6.json,https://alphafold.ebi.ac.uk/files/AF-Q9QUH0-F1-predicted_aligned_error_v6.json,candidate,EXACT_FULL_SEQUENCE_LOCAL_QUALITY_PENDING,https://alphafold.ebi.ac.uk/api/prediction/Q9QUH0,624f639dc482c28f9bc79508c825902b3d32e3e958019e160529072fa50009ec,not_assessed,0.1.0
Q9QUN3,AlphaFold_DB,AF-Q9QUN3-F1,A,6,10090,1,457,exact_full,031ca417fea4797cad76481845bc3481455b01685aa212415f7909d9f30327dc,39044ee63b8e4cc61a8082e9d1201ef3,predicted,,,https://alphafold.ebi.ac.uk/files/AF-Q9QUN3-F1-model_v6.cif,https://alphafold.ebi.ac.uk/files/AF-Q9QUN3-F1-model_v6.pdb,https://alphafold.ebi.ac.uk/files/AF-Q9QUN3-F1-confidence_v6.json,https://alphafold.ebi.ac.uk/files/AF-Q9QUN3-F1-predicted_aligned_error_v6.json,candidate,EXACT_FULL_SEQUENCE_LOCAL_QUALITY_PENDING,https://alphafold.ebi.ac.uk/api/prediction/Q9QUN3,1387141209176074fdc431f3bfca746e335e3fc17cd13b39c425d9368b0b0a24,not_assessed,0.1.0
Q9QUN3,PDBe_SIFTS,2eo6,A,,10090,330,457,not_assessed,,,Solution NMR,,0.28,,,,,candidate,MOUSE_SIFTS_CANDIDATE_LOCAL_REVIEW_PENDING,https://www.ebi.ac.uk/pdbe/api/mappings/best_structures/Q9QUN3,4b9fc379a696681ccaba90bc10f4a0d2e4e66111f5cea03bd3e26f87bd420a6e,not_assessed,0.1.0
Q9QXE4,AlphaFold_DB,AF-Q9QXE4-2-F1,A,6,10090,1,163,not_assessed,beba6db949abbbbb72b38483d824fc4741b7bb6b1bc598e7183eecaa80507561,1c5968307ca032f8f05acbe591571553,predicted,,,https://alphafold.ebi.ac.uk/files/AF-Q9QXE4-2-F1-model_v6.cif,https://alphafold.ebi.ac.uk/files/AF-Q9QXE4-2-F1-model_v6.pdb,https://alphafold.ebi.ac.uk/files/AF-Q9QXE4-2-F1-confidence_v6.json,https://alphafold.ebi.ac.uk/files/AF-Q9QXE4-2-F1-predicted_aligned_error_v6.json,held,ALPHAFOLD_ACCESSION_DIFFERS_FROM_CANONICAL,https://alphafold.ebi.ac.uk/api/prediction/Q9QXE4,909cfac22f2669a5b37a09390c5705f7a87016f01b08526cf607c3183a219fb1,not_assessed,0.1.0
Q9QXE4,AlphaFold_DB,AF-Q9QXE4-F1,A,6,10090,1,239,exact_full,5b74e330f3628c02d6fdd25117e4f48d6a15fc46a67a57a468ede6468d6c6db9,d8bee64b7024930ed0d8ac2274d613df,predicted,,,https://alphafold.ebi.ac.uk/files/AF-Q9QXE4-F1-model_v6.cif,https://alphafold.ebi.ac.uk/files/AF-Q9QXE4-F1-model_v6.pdb,https://alphafold.ebi.ac.uk/files/AF-Q9QXE4-F1-confidence_v6.json,https://alphafold.ebi.ac.uk/files/AF-Q9QXE4-F1-predicted_aligned_error_v6.json,candidate,EXACT_FULL_SEQUENCE_LOCAL_QUALITY_PENDING,https://alphafold.ebi.ac.uk/api/prediction/Q9QXE4,909cfac22f2669a5b37a09390c5705f7a87016f01b08526cf607c3183a219fb1,not_assessed,0.1.0
Q9QXY6,AlphaFold_DB,AF-Q9QXY6-F1,A,6,10090,1,535,exact_full,fdbfd71dfaa51b3dbc67c53a8d63ca5a0e3afc283b14b92b780bed4736a20713,cadb69b1818f431fb2fd1d55e8b84f88,predicted,,,https://alphafold.ebi.ac.uk/files/AF-Q9QXY6-F1-model_v6.cif,https://alphafold.ebi.ac.uk/files/AF-Q9QXY6-F1-model_v6.pdb,https://alphafold.ebi.ac.uk/files/AF-Q9QXY6-F1-confidence_v6.json,https://alphafold.ebi.ac.uk/files/AF-Q9QXY6-F1-predicted_aligned_error_v6.json,candidate,EXACT_FULL_SEQUENCE_LOCAL_QUALITY_PENDING,https://alphafold.ebi.ac.uk/api/prediction/Q9QXY6,c1919115d0e086baac3dc36bbb74b3916efa900006709ed4d23c1cc3b30a8bbe,not_assessed,0.1.0
Q9QYF1,AlphaFold_DB,AF-Q9QYF1-F1,A,6,10090,1,316,exact_full,9d06d80f86c6b455b506f9502d75abda364641a9fca34843132cc6795065ef6b,4b05a6c60f51788a995d5870627f432e,predicted,,,https://alphafold.ebi.ac.uk/files/AF-Q9QYF1-F1-model_v6.cif,https://alphafold.ebi.ac.uk/files/AF-Q9QYF1-F1-model_v6.pdb,https://alphafold.ebi.ac.uk/files/AF-Q9QYF1-F1-confidence_v6.json,https://alphafold.ebi.ac.uk/files/AF-Q9QYF1-F1-predicted_aligned_error_v6.json,candidate,EXACT_FULL_SEQUENCE_LOCAL_QUALITY_PENDING,https://alphafold.ebi.ac.uk/api/prediction/Q9QYF1,089acd86cce964f624e8074c1128d8a877576378d47c24612d455c86f0ed3c90,not_assessed,0.1.0
Q9QYH6,AlphaFold_DB,AF-0000000011341349,A,1,866789,1,775,not_assessed,769d182ffb8f80eeb3359920ce3e7c52cdbfce6721b7a8e062ee269041dcaf23,1e394f691d24f2664add097bd71069f2,predicted,,,https://alphafold.ebi.ac.uk/files/AF-0000000011341349-model_v1.cif,https://alphafold.ebi.ac.uk/files/AF-0000000011341349-model_v1.pdb,https://alphafold.ebi.ac.uk/files/AF-0000000011341349-confidence_v1.json,https://alphafold.ebi.ac.uk/files/AF-0000000011341349-predicted_aligned_error_v1.json,held,ALPHAFOLD_MOUSE_TAXONOMY_NOT_CONFIRMED,https://alphafold.ebi.ac.uk/api/prediction/Q9QYH6,3d62e338084148a98ce860c63512e45cbccb72540375c8f0504dd2c4a6960634,not_assessed,0.1.0
Q9QYH6,AlphaFold_DB,AF-Q9QYH6-F1,A,6,10090,1,775,exact_full,769d182ffb8f80eeb3359920ce3e7c52cdbfce6721b7a8e062ee269041dcaf23,1e394f691d24f2664add097bd71069f2,predicted,,,https://alphafold.ebi.ac.uk/files/AF-Q9QYH6-F1-model_v6.cif,https://alphafold.ebi.ac.uk/files/AF-Q9QYH6-F1-model_v6.pdb,https://alphafold.ebi.ac.uk/files/AF-Q9QYH6-F1-confidence_v6.json,https://alphafold.ebi.ac.uk/files/AF-Q9QYH6-F1-predicted_aligned_error_v6.json,candidate,EXACT_FULL_SEQUENCE_LOCAL_QUALITY_PENDING,https://alphafold.ebi.ac.uk/api/prediction/Q9QYH6,3d62e338084148a98ce860c63512e45cbccb72540375c8f0504dd2c4a6960634,not_assessed,0.1.0
Q9QZ09,AlphaFold_DB,AF-Q9QZ09-F1,A,6,10090,1,761,exact_full,fd792419f4f6983281a4acc443aafe409c151678d611fb725252fb209dd52e64,1eac6cb814e7ef4becf9a3c28d717806,predicted,,,https://alphafold.ebi.ac.uk/files/AF-Q9QZ09-F1-model_v6.cif,https://alphafold.ebi.ac.uk/files/AF-Q9QZ09-F1-model_v6.pdb,https://alphafold.ebi.ac.uk/files/AF-Q9QZ09-F1-confidence_v6.json,https://alphafold.ebi.ac.uk/files/AF-Q9QZ09-F1-predicted_aligned_error_v6.json,candidate,EXACT_FULL_SEQUENCE_LOCAL_QUALITY_PENDING,https://alphafold.ebi.ac.uk/api/prediction/Q9QZ09,a7ec21ecd8c78f71b60e004647c8451e3aa354903826bb9654cd60efa4075e58,not_assessed,0.1.0
Q9QZZ6,AlphaFold_DB,AF-Q9QZZ6-F1,A,6,10090,1,201,exact_full,5a697ce462b9fbf867198c9485f1af438b9892f072da7b5b04493bdf209aa418,69ca75d0137e8d55c8bf7a9c571ef247,predicted,,,https://alphafold.ebi.ac.uk/files/AF-Q9QZZ6-F1-model_v6.cif,https://alphafold.ebi.ac.uk/files/AF-Q9QZZ6-F1-model_v6.pdb,https://alphafold.ebi.ac.uk/files/AF-Q9QZZ6-F1-confidence_v6.json,https://alphafold.ebi.ac.uk/files/AF-Q9QZZ6-F1-predicted_aligned_error_v6.json,candidate,EXACT_FULL_SEQUENCE_LOCAL_QUALITY_PENDING,https://alphafold.ebi.ac.uk/api/prediction/Q9QZZ6,77ee18f56dcd217c7e5f08a31b3f5653f0b02f83d4e63da1d424bfeb718429e6,not_assessed,0.1.0
Q9R008,AlphaFold_DB,AF-Q9R008-F1,A,6,10090,1,395,exact_full,ab014f3c76fe216ec3324cff86e5c9e6595b7ec825192661a2d982b4e6d106d8,36c059d55ebd6dcecc4dbdd104bd23c5,predicted,,,https://alphafold.ebi.ac.uk/files/AF-Q9R008-F1-model_v6.cif,https://alphafold.ebi.ac.uk/files/AF-Q9R008-F1-model_v6.pdb,https://alphafold.ebi.ac.uk/files/AF-Q9R008-F1-confidence_v6.json,https://alphafold.ebi.ac.uk/files/AF-Q9R008-F1-predicted_aligned_error_v6.json,candidate,EXACT_FULL_SEQUENCE_LOCAL_QUALITY_PENDING,https://alphafold.ebi.ac.uk/api/prediction/Q9R008,f84ecbdc1c3f685ee099cb5d910ddfbd4049b6c72f023d0d949e1b0613a8a2ad,not_assessed,0.1.0
Q9R087,AlphaFold_DB,AF-Q9R087-F1,A,6,10090,1,555,exact_full,4803de21d700735edbac61bd4ef31e7a4552095ba23ed0df01440153ad83331a,2af624a10f698cd1e66014e5c0c63755,predicted,,,https://alphafold.ebi.ac.uk/files/AF-Q9R087-F1-model_v6.cif,https://alphafold.ebi.ac.uk/files/AF-Q9R087-F1-model_v6.pdb,https://alphafold.ebi.ac.uk/files/AF-Q9R087-F1-confidence_v6.json,https://alphafold.ebi.ac.uk/files/AF-Q9R087-F1-predicted_aligned_error_v6.json,candidate,EXACT_FULL_SEQUENCE_LOCAL_QUALITY_PENDING,https://alphafold.ebi.ac.uk/api/prediction/Q9R087,5f167e8a758b0284a5cf1799aeb61c1f91a51fab7efccc8a939d7cf7ac910413,not_assessed,0.1.0
Q9R0A1,AlphaFold_DB,AF-Q9R0A1-F1,A,6,10090,1,908,exact_full,0d427efeac9079f5aff749749c0b548bf0ae22f7befe8bde8c59bdda881e935a,2451492fd227595ffcf18a2f312d7cf5,predicted,,,https://alphafold.ebi.ac.uk/files/AF-Q9R0A1-F1-model_v6.cif,https://alphafold.ebi.ac.uk/files/AF-Q9R0A1-F1-model_v6.pdb,https://alphafold.ebi.ac.uk/files/AF-Q9R0A1-F1-confidence_v6.json,https://alphafold.ebi.ac.uk/files/AF-Q9R0A1-F1-predicted_aligned_error_v6.json,candidate,EXACT_FULL_SEQUENCE_LOCAL_QUALITY_PENDING,https://alphafold.ebi.ac.uk/api/prediction/Q9R0A1,3fb995baae684e6d51f3a687d3e551aa99744e40a15debd3fbef50bcb86fb7ed,not_assessed,0.1.0
Q9R1J0,AlphaFold_DB,AF-Q9R1J0-F1,A,6,10090,1,362,exact_full,1ac72fc852fd36e6ad5bbb70d6d75f98e6c4b549da94d994699921205474084e,017117ac8f66ca91b89c6a5ed0d6c6ce,predicted,,,https://alphafold.ebi.ac.uk/files/AF-Q9R1J0-F1-model_v6.cif,https://alphafold.ebi.ac.uk/files/AF-Q9R1J0-F1-model_v6.pdb,https://alphafold.ebi.ac.uk/files/AF-Q9R1J0-F1-confidence_v6.json,https://alphafold.ebi.ac.uk/files/AF-Q9R1J0-F1-predicted_aligned_error_v6.json,candidate,EXACT_FULL_SEQUENCE_LOCAL_QUALITY_PENDING,https://alphafold.ebi.ac.uk/api/prediction/Q9R1J0,eb198d53b6ab81d1b0bd02a78018c3d965b019020dcd710404bd184adb86543c,not_assessed,0.1.0
Q9R1Z8,AlphaFold_DB,AF-Q9R1Z8-F1,A,6,10090,1,733,exact_full,3e4faa1fe7b20ef845d33f2050ca1dbb1f50410e2b0769514565475ce0d0812d,6ae0993f061e88697b2308c068877039,predicted,,,https://alphafold.ebi.ac.uk/files/AF-Q9R1Z8-F1-model_v6.cif,https://alphafold.ebi.ac.uk/files/AF-Q9R1Z8-F1-model_v6.pdb,https://alphafold.ebi.ac.uk/files/AF-Q9R1Z8-F1-confidence_v6.json,https://alphafold.ebi.ac.uk/files/AF-Q9R1Z8-F1-predicted_aligned_error_v6.json,candidate,EXACT_FULL_SEQUENCE_LOCAL_QUALITY_PENDING,https://alphafold.ebi.ac.uk/api/prediction/Q9R1Z8,9619dd2170a74e14ad2a3bcab0142d49a2f950757459cccf363fa6c265f637be,not_assessed,0.1.0
Q9WTJ5,AlphaFold_DB,AF-Q9WTJ5-F1,A,6,10090,1,148,exact_full,e900d9ebf36e794598cb78194b36f6cdf49126f55f12ab907bdd1679dfe9c60a,1bd12e0b79a10740ba06836baecc9244,predicted,,,https://alphafold.ebi.ac.uk/files/AF-Q9WTJ5-F1-model_v6.cif,https://alphafold.ebi.ac.uk/files/AF-Q9WTJ5-F1-model_v6.pdb,https://alphafold.ebi.ac.uk/files/AF-Q9WTJ5-F1-confidence_v6.json,https://alphafold.ebi.ac.uk/files/AF-Q9WTJ5-F1-predicted_aligned_error_v6.json,candidate,EXACT_FULL_SEQUENCE_LOCAL_QUALITY_PENDING,https://alphafold.ebi.ac.uk/api/prediction/Q9WTJ5,a85fb241297b4f235ffe92706104efa930c2569749922e9ac22b70d51473a179,not_assessed,0.1.0
Q9WTP2,AlphaFold_DB,AF-Q9WTP2-F1,A,6,10090,1,300,exact_full,521b9f40dc7a449465452a4c3db527029145139c5ffbaf5eac377f540f6455e9,bba8aabba2840f62421185aebf97ec40,predicted,,,https://alphafold.ebi.ac.uk/files/AF-Q9WTP2-F1-model_v6.cif,https://alphafold.ebi.ac.uk/files/AF-Q9WTP2-F1-model_v6.pdb,https://alphafold.ebi.ac.uk/files/AF-Q9WTP2-F1-confidence_v6.json,https://alphafold.ebi.ac.uk/files/AF-Q9WTP2-F1-predicted_aligned_error_v6.json,candidate,EXACT_FULL_SEQUENCE_LOCAL_QUALITY_PENDING,https://alphafold.ebi.ac.uk/api/prediction/Q9WTP2,d970e7be2e206c1147e7736ca9b67275e762c0bfd56eb355627a700e230d04e4,not_assessed,0.1.0
Q9WTR1,AlphaFold_DB,AF-Q9WTR1-F1,A,6,10090,1,756,exact_full,e597c0c870b6ab0a0079bb77444706def046b4cf74afe03809dc45c1cf64c040,900fe08fdd8fc046bf4c35de7c6b4f40,predicted,,,https://alphafold.ebi.ac.uk/files/AF-Q9WTR1-F1-model_v6.cif,https://alphafold.ebi.ac.uk/files/AF-Q9WTR1-F1-model_v6.pdb,https://alphafold.ebi.ac.uk/files/AF-Q9WTR1-F1-confidence_v6.json,https://alphafold.ebi.ac.uk/files/AF-Q9WTR1-F1-predicted_aligned_error_v6.json,candidate,EXACT_FULL_SEQUENCE_LOCAL_QUALITY_PENDING,https://alphafold.ebi.ac.uk/api/prediction/Q9WTR1,98447adf663e2d919a375bf41ff44506197d4a60e8850faa55a1ffa4c0e38dee,not_assessed,0.1.0
Q9WTR1,PDBe_SIFTS,7xem,A,,10090,1,756,not_assessed,,,Electron Microscopy,3.17,1.0,,,,,candidate,MOUSE_SIFTS_CANDIDATE_LOCAL_REVIEW_PENDING,https://www.ebi.ac.uk/pdbe/api/mappings/best_structures/Q9WTR1,d29eedddd4aa52138bb228269884a50802fcbe3e4357644ef3df91b9a036c5bf,not_assessed,0.1.0
Q9WTR1,PDBe_SIFTS,7xem,B,,10090,1,756,not_assessed,,,Electron Microscopy,3.17,1.0,,,,,candidate,MOUSE_SIFTS_CANDIDATE_LOCAL_REVIEW_PENDING,https://www.ebi.ac.uk/pdbe/api/mappings/best_structures/Q9WTR1,d29eedddd4aa52138bb228269884a50802fcbe3e4357644ef3df91b9a036c5bf,not_assessed,0.1.0
Q9WTR1,PDBe_SIFTS,7xem,C,,10090,1,756,not_assessed,,,Electron Microscopy,3.17,1.0,,,,,candidate,MOUSE_SIFTS_CANDIDATE_LOCAL_REVIEW_PENDING,https://www.ebi.ac.uk/pdbe/api/mappings/best_structures/Q9WTR1,d29eedddd4aa52138bb228269884a50802fcbe3e4357644ef3df91b9a036c5bf,not_assessed,0.1.0
Q9WTR1,PDBe_SIFTS,7xem,D,,10090,1,756,not_assessed,,,Electron Microscopy,3.17,1.0,,,,,candidate,MOUSE_SIFTS_CANDIDATE_LOCAL_REVIEW_PENDING,https://www.ebi.ac.uk/pdbe/api/mappings/best_structures/Q9WTR1,d29eedddd4aa52138bb228269884a50802fcbe3e4357644ef3df91b9a036c5bf,not_assessed,0.1.0
Q9WTR1,PDBe_SIFTS,7xeo,A,,10090,1,756,not_assessed,,,Electron Microscopy,2.89,1.0,,,,,candidate,MOUSE_SIFTS_CANDIDATE_LOCAL_REVIEW_PENDING,https://www.ebi.ac.uk/pdbe/api/mappings/best_structures/Q9WTR1,d29eedddd4aa52138bb228269884a50802fcbe3e4357644ef3df91b9a036c5bf,not_assessed,0.1.0
Q9WTR1,PDBe_SIFTS,7xeo,B,,10090,1,756,not_assessed,,,Electron Microscopy,2.89,1.0,,,,,candidate,MOUSE_SIFTS_CANDIDATE_LOCAL_REVIEW_PENDING,https://www.ebi.ac.uk/pdbe/api/mappings/best_structures/Q9WTR1,d29eedddd4aa52138bb228269884a50802fcbe3e4357644ef3df91b9a036c5bf,not_assessed,0.1.0
Q9WTR1,PDBe_SIFTS,7xeo,C,,10090,1,756,not_assessed,,,Electron Microscopy,2.89,1.0,,,,,candidate,MOUSE_SIFTS_CANDIDATE_LOCAL_REVIEW_PENDING,https://www.ebi.ac.uk/pdbe/api/mappings/best_structures/Q9WTR1,d29eedddd4aa52138bb228269884a50802fcbe3e4357644ef3df91b9a036c5bf,not_assessed,0.1.0
Q9WTR1,PDBe_SIFTS,7xeo,D,,10090,1,756,not_assessed,,,Electron Microscopy,2.89,1.0,,,,,candidate,MOUSE_SIFTS_CANDIDATE_LOCAL_REVIEW_PENDING,https://www.ebi.ac.uk/pdbe/api/mappings/best_structures/Q9WTR1,d29eedddd4aa52138bb228269884a50802fcbe3e4357644ef3df91b9a036c5bf,not_assessed,0.1.0
Q9WTR1,PDBe_SIFTS,7xer,A,,10090,1,756,not_assessed,,,Electron Microscopy,2.47,1.0,,,,,candidate,MOUSE_SIFTS_CANDIDATE_LOCAL_REVIEW_PENDING,https://www.ebi.ac.uk/pdbe/api/mappings/best_structures/Q9WTR1,d29eedddd4aa52138bb228269884a50802fcbe3e4357644ef3df91b9a036c5bf,not_assessed,0.1.0
Q9WTR1,PDBe_SIFTS,7xer,B,,10090,1,756,not_assessed,,,Electron Microscopy,2.47,1.0,,,,,candidate,MOUSE_SIFTS_CANDIDATE_LOCAL_REVIEW_PENDING,https://www.ebi.ac.uk/pdbe/api/mappings/best_structures/Q9WTR1,d29eedddd4aa52138bb228269884a50802fcbe3e4357644ef3df91b9a036c5bf,not_assessed,0.1.0
Q9WTR1,PDBe_SIFTS,7xer,C,,10090,1,756,not_assessed,,,Electron Microscopy,2.47,1.0,,,,,candidate,MOUSE_SIFTS_CANDIDATE_LOCAL_REVIEW_PENDING,https://www.ebi.ac.uk/pdbe/api/mappings/best_structures/Q9WTR1,d29eedddd4aa52138bb228269884a50802fcbe3e4357644ef3df91b9a036c5bf,not_assessed,0.1.0
Q9WTR1,PDBe_SIFTS,7xer,D,,10090,1,756,not_assessed,,,Electron Microscopy,2.47,1.0,,,,,candidate,MOUSE_SIFTS_CANDIDATE_LOCAL_REVIEW_PENDING,https://www.ebi.ac.uk/pdbe/api/mappings/best_structures/Q9WTR1,d29eedddd4aa52138bb228269884a50802fcbe3e4357644ef3df91b9a036c5bf,not_assessed,0.1.0
Q9WTR1,PDBe_SIFTS,7xeu,A,,10090,1,756,not_assessed,,,Electron Microscopy,2.77,1.0,,,,,candidate,MOUSE_SIFTS_CANDIDATE_LOCAL_REVIEW_PENDING,https://www.ebi.ac.uk/pdbe/api/mappings/best_structures/Q9WTR1,d29eedddd4aa52138bb228269884a50802fcbe3e4357644ef3df91b9a036c5bf,not_assessed,0.1.0
Q9WTR1,PDBe_SIFTS,7xeu,B,,10090,1,756,not_assessed,,,Electron Microscopy,2.77,1.0,,,,,candidate,MOUSE_SIFTS_CANDIDATE_LOCAL_REVIEW_PENDING,https://www.ebi.ac.uk/pdbe/api/mappings/best_structures/Q9WTR1,d29eedddd4aa52138bb228269884a50802fcbe3e4357644ef3df91b9a036c5bf,not_assessed,0.1.0
Q9WTR1,PDBe_SIFTS,7xeu,C,,10090,1,756,not_assessed,,,Electron Microscopy,2.77,1.0,,,,,candidate,MOUSE_SIFTS_CANDIDATE_LOCAL_REVIEW_PENDING,https://www.ebi.ac.uk/pdbe/api/mappings/best_structures/Q9WTR1,d29eedddd4aa52138bb228269884a50802fcbe3e4357644ef3df91b9a036c5bf,not_assessed,0.1.0
Q9WTR1,PDBe_SIFTS,7xeu,D,,10090,1,756,not_assessed,,,Electron Microscopy,2.77,1.0,,,,,candidate,MOUSE_SIFTS_CANDIDATE_LOCAL_REVIEW_PENDING,https://www.ebi.ac.uk/pdbe/api/mappings/best_structures/Q9WTR1,d29eedddd4aa52138bb228269884a50802fcbe3e4357644ef3df91b9a036c5bf,not_assessed,0.1.0
Q9WTR1,PDBe_SIFTS,7xev,A,,10090,1,756,not_assessed,,,Electron Microscopy,3.27,1.0,,,,,candidate,MOUSE_SIFTS_CANDIDATE_LOCAL_REVIEW_PENDING,https://www.ebi.ac.uk/pdbe/api/mappings/best_structures/Q9WTR1,d29eedddd4aa52138bb228269884a50802fcbe3e4357644ef3df91b9a036c5bf,not_assessed,0.1.0
Q9WTR1,PDBe_SIFTS,7xev,B,,10090,1,756,not_assessed,,,Electron Microscopy,3.27,1.0,,,,,candidate,MOUSE_SIFTS_CANDIDATE_LOCAL_REVIEW_PENDING,https://www.ebi.ac.uk/pdbe/api/mappings/best_structures/Q9WTR1,d29eedddd4aa52138bb228269884a50802fcbe3e4357644ef3df91b9a036c5bf,not_assessed,0.1.0
Q9WTR1,PDBe_SIFTS,7xev,C,,10090,1,756,not_assessed,,,Electron Microscopy,3.27,1.0,,,,,candidate,MOUSE_SIFTS_CANDIDATE_LOCAL_REVIEW_PENDING,https://www.ebi.ac.uk/pdbe/api/mappings/best_structures/Q9WTR1,d29eedddd4aa52138bb228269884a50802fcbe3e4357644ef3df91b9a036c5bf,not_assessed,0.1.0
Q9WTR1,PDBe_SIFTS,7xev,D,,10090,1,756,not_assessed,,,Electron Microscopy,3.27,1.0,,,,,candidate,MOUSE_SIFTS_CANDIDATE_LOCAL_REVIEW_PENDING,https://www.ebi.ac.uk/pdbe/api/mappings/best_structures/Q9WTR1,d29eedddd4aa52138bb228269884a50802fcbe3e4357644ef3df91b9a036c5bf,not_assessed,0.1.0
Q9WTR1,PDBe_SIFTS,7xew,A,,10090,1,756,not_assessed,,,Electron Microscopy,2.59,1.0,,,,,candidate,MOUSE_SIFTS_CANDIDATE_LOCAL_REVIEW_PENDING,https://www.ebi.ac.uk/pdbe/api/mappings/best_structures/Q9WTR1,d29eedddd4aa52138bb228269884a50802fcbe3e4357644ef3df91b9a036c5bf,not_assessed,0.1.0
Q9WTR1,PDBe_SIFTS,7xew,B,,10090,1,756,not_assessed,,,Electron Microscopy,2.59,1.0,,,,,candidate,MOUSE_SIFTS_CANDIDATE_LOCAL_REVIEW_PENDING,https://www.ebi.ac.uk/pdbe/api/mappings/best_structures/Q9WTR1,d29eedddd4aa52138bb228269884a50802fcbe3e4357644ef3df91b9a036c5bf,not_assessed,0.1.0
Q9WTR1,PDBe_SIFTS,7xew,C,,10090,1,756,not_assessed,,,Electron Microscopy,2.59,1.0,,,,,candidate,MOUSE_SIFTS_CANDIDATE_LOCAL_REVIEW_PENDING,https://www.ebi.ac.uk/pdbe/api/mappings/best_structures/Q9WTR1,d29eedddd4aa52138bb228269884a50802fcbe3e4357644ef3df91b9a036c5bf,not_assessed,0.1.0
Q9WTR1,PDBe_SIFTS,7xew,D,,10090,1,756,not_assessed,,,Electron Microscopy,2.59,1.0,,,,,candidate,MOUSE_SIFTS_CANDIDATE_LOCAL_REVIEW_PENDING,https://www.ebi.ac.uk/pdbe/api/mappings/best_structures/Q9WTR1,d29eedddd4aa52138bb228269884a50802fcbe3e4357644ef3df91b9a036c5bf,not_assessed,0.1.0
Q9WTR1,PDBe_SIFTS,7yep,A,,10090,1,756,not_assessed,,,Electron Microscopy,2.83,1.0,,,,,candidate,MOUSE_SIFTS_CANDIDATE_LOCAL_REVIEW_PENDING,https://www.ebi.ac.uk/pdbe/api/mappings/best_structures/Q9WTR1,d29eedddd4aa52138bb228269884a50802fcbe3e4357644ef3df91b9a036c5bf,not_assessed,0.1.0
Q9WTR1,PDBe_SIFTS,7yep,B,,10090,1,756,not_assessed,,,Electron Microscopy,2.83,1.0,,,,,candidate,MOUSE_SIFTS_CANDIDATE_LOCAL_REVIEW_PENDING,https://www.ebi.ac.uk/pdbe/api/mappings/best_structures/Q9WTR1,d29eedddd4aa52138bb228269884a50802fcbe3e4357644ef3df91b9a036c5bf,not_assessed,0.1.0
Q9WTR1,PDBe_SIFTS,7yep,C,,10090,1,756,not_assessed,,,Electron Microscopy,2.83,1.0,,,,,candidate,MOUSE_SIFTS_CANDIDATE_LOCAL_REVIEW_PENDING,https://www.ebi.ac.uk/pdbe/api/mappings/best_structures/Q9WTR1,d29eedddd4aa52138bb228269884a50802fcbe3e4357644ef3df91b9a036c5bf,not_assessed,0.1.0
Q9WTR1,PDBe_SIFTS,7yep,D,,10090,1,756,not_assessed,,,Electron Microscopy,2.83,1.0,,,,,candidate,MOUSE_SIFTS_CANDIDATE_LOCAL_REVIEW_PENDING,https://www.ebi.ac.uk/pdbe/api/mappings/best_structures/Q9WTR1,d29eedddd4aa52138bb228269884a50802fcbe3e4357644ef3df91b9a036c5bf,not_assessed,0.1.0
Q9WU79,AlphaFold_DB,AF-Q9WU79-F1,A,6,10090,1,599,exact_full,39dc5ef84e3892dbb47351942a54df2d6903c275f9da005bb5368396dc1517da,bc8bb0a8101e54109ee709c07d44625b,predicted,,,https://alphafold.ebi.ac.uk/files/AF-Q9WU79-F1-model_v6.cif,https://alphafold.ebi.ac.uk/files/AF-Q9WU79-F1-model_v6.pdb,https://alphafold.ebi.ac.uk/files/AF-Q9WU79-F1-confidence_v6.json,https://alphafold.ebi.ac.uk/files/AF-Q9WU79-F1-predicted_aligned_error_v6.json,candidate,EXACT_FULL_SEQUENCE_LOCAL_QUALITY_PENDING,https://alphafold.ebi.ac.uk/api/prediction/Q9WU79,28009bee10df0d5f64293740e4321091a5465c63075089e98cd1fe327207b743,not_assessed,0.1.0
Q9WUP0,AlphaFold_DB,AF-Q9WUP0-F1,A,6,10090,1,189,exact_full,6cd58128694c065b32d829527f9ac1a1f0a46a44a92840fc43ed63faea62557e,1de0bf9b69a2677d14c73ffb5ad93861,predicted,,,https://alphafold.ebi.ac.uk/files/AF-Q9WUP0-F1-model_v6.cif,https://alphafold.ebi.ac.uk/files/AF-Q9WUP0-F1-model_v6.pdb,https://alphafold.ebi.ac.uk/files/AF-Q9WUP0-F1-confidence_v6.json,https://alphafold.ebi.ac.uk/files/AF-Q9WUP0-F1-predicted_aligned_error_v6.json,candidate,EXACT_FULL_SEQUENCE_LOCAL_QUALITY_PENDING,https://alphafold.ebi.ac.uk/api/prediction/Q9WUP0,8148e82d51bde4c1c17d664211dfa9d445188abc69770bcea8ae081e4aa3edfa,not_assessed,0.1.0
Q9WUR9,AlphaFold_DB,AF-Q9WUR9-F1,A,6,10090,1,223,exact_full,463672d5b68db81d5f9f9af54dbfb15140e1a242fc3d7e8a44103205bf3bea98,fdf626333be88cc87ae07632d93a5054,predicted,,,https://alphafold.ebi.ac.uk/files/AF-Q9WUR9-F1-model_v6.cif,https://alphafold.ebi.ac.uk/files/AF-Q9WUR9-F1-model_v6.pdb,https://alphafold.ebi.ac.uk/files/AF-Q9WUR9-F1-confidence_v6.json,https://alphafold.ebi.ac.uk/files/AF-Q9WUR9-F1-predicted_aligned_error_v6.json,candidate,EXACT_FULL_SEQUENCE_LOCAL_QUALITY_PENDING,https://alphafold.ebi.ac.uk/api/prediction/Q9WUR9,1948cd1167821aa7f93363848ec927472c57809aeb805aa964fa515b5cc2e806,not_assessed,0.1.0
Q9WUZ7,AlphaFold_DB,AF-Q9WUZ7-F1,A,6,10090,1,214,exact_full,7451b81874c5f4f6d33e981a424e018722f1857357f5b342a694d76bd34b4896,1a0b7d6a8bbd2c432f931ee92ffbff40,predicted,,,https://alphafold.ebi.ac.uk/files/AF-Q9WUZ7-F1-model_v6.cif,https://alphafold.ebi.ac.uk/files/AF-Q9WUZ7-F1-model_v6.pdb,https://alphafold.ebi.ac.uk/files/AF-Q9WUZ7-F1-confidence_v6.json,https://alphafold.ebi.ac.uk/files/AF-Q9WUZ7-F1-predicted_aligned_error_v6.json,candidate,EXACT_FULL_SEQUENCE_LOCAL_QUALITY_PENDING,https://alphafold.ebi.ac.uk/api/prediction/Q9WUZ7,3c9624e2e7b710d1bd59cf02d4843eb99a6fc90aba67e0c7c76e9036bb42a38e,not_assessed,0.1.0
Q9WUZ9,AlphaFold_DB,AF-Q9WUZ9-F1,A,6,10090,1,427,exact_full,89ba24515b8b9f2e827bdc0a65370a2d8721e1a5a2411fb11ec6b6cc057a173e,3101bbcdd5c1a7055e2f71559b10d963,predicted,,,https://alphafold.ebi.ac.uk/files/AF-Q9WUZ9-F1-model_v6.cif,https://alphafold.ebi.ac.uk/files/AF-Q9WUZ9-F1-model_v6.pdb,https://alphafold.ebi.ac.uk/files/AF-Q9WUZ9-F1-confidence_v6.json,https://alphafold.ebi.ac.uk/files/AF-Q9WUZ9-F1-predicted_aligned_error_v6.json,candidate,EXACT_FULL_SEQUENCE_LOCAL_QUALITY_PENDING,https://alphafold.ebi.ac.uk/api/prediction/Q9WUZ9,f5bffbae683e37d1341c96ea3aef56937607f7f9beec13a6575afb4b23f80347,not_assessed,0.1.0
Q9WV32,AlphaFold_DB,AF-0000000008781986,A,1,83332,1,372,not_assessed,69e27f526fe3f01a9dfdd6f4b79f300d8914b5af914bfb1d8407c814f07857d2,9cc3fa0721832d8661faaf71dc7fd59a,predicted,,,https://alphafold.ebi.ac.uk/files/AF-0000000008781986-model_v1.cif,https://alphafold.ebi.ac.uk/files/AF-0000000008781986-model_v1.pdb,https://alphafold.ebi.ac.uk/files/AF-0000000008781986-confidence_v1.json,https://alphafold.ebi.ac.uk/files/AF-0000000008781986-predicted_aligned_error_v1.json,held,ALPHAFOLD_MOUSE_TAXONOMY_NOT_CONFIRMED,https://alphafold.ebi.ac.uk/api/prediction/Q9WV32,0b44343034385a5ae90d4087f4a437c563665f4963aa2ca70f83ebfe56bef964,not_assessed,0.1.0
Q9WV32,AlphaFold_DB,AF-Q9WV32-F1,A,6,10090,1,372,exact_full,69e27f526fe3f01a9dfdd6f4b79f300d8914b5af914bfb1d8407c814f07857d2,9cc3fa0721832d8661faaf71dc7fd59a,predicted,,,https://alphafold.ebi.ac.uk/files/AF-Q9WV32-F1-model_v6.cif,https://alphafold.ebi.ac.uk/files/AF-Q9WV32-F1-model_v6.pdb,https://alphafold.ebi.ac.uk/files/AF-Q9WV32-F1-confidence_v6.json,https://alphafold.ebi.ac.uk/files/AF-Q9WV32-F1-predicted_aligned_error_v6.json,candidate,EXACT_FULL_SEQUENCE_LOCAL_QUALITY_PENDING,https://alphafold.ebi.ac.uk/api/prediction/Q9WV32,0b44343034385a5ae90d4087f4a437c563665f4963aa2ca70f83ebfe56bef964,not_assessed,0.1.0
Q9WV32,PDBe_SIFTS,7aqk,c,,10090,1,371,not_assessed,,,Electron Microscopy,9.0,0.997,,,,,candidate,MOUSE_SIFTS_CANDIDATE_LOCAL_REVIEW_PENDING,https://www.ebi.ac.uk/pdbe/api/mappings/best_structures/Q9WV32,a91a3775fac33c2d68d64f9e46271eaf6256711a6ef42098c9586cc6c71e2564,not_assessed,0.1.0
Q9WV66,AlphaFold_DB,AF-Q9WV66-F1,A,6,10090,1,693,exact_full,92837a20c9a1e1ad7c4ba52dcc1cdf2538bbe8adf02578df31736ce4d2f8c855,58df2469cc5427b152f953d1e5d168ca,predicted,,,https://alphafold.ebi.ac.uk/files/AF-Q9WV66-F1-model_v6.cif,https://alphafold.ebi.ac.uk/files/AF-Q9WV66-F1-model_v6.pdb,https://alphafold.ebi.ac.uk/files/AF-Q9WV66-F1-confidence_v6.json,https://alphafold.ebi.ac.uk/files/AF-Q9WV66-F1-predicted_aligned_error_v6.json,candidate,EXACT_FULL_SEQUENCE_LOCAL_QUALITY_PENDING,https://alphafold.ebi.ac.uk/api/prediction/Q9WV66,94d4edc4b3a4390c978ec18a5548f62d3d82db74c95e70a46a94affce14995e9,not_assessed,0.1.0
Q9WV71,AlphaFold_DB,AF-Q9WV71-F1,A,6,10090,1,426,exact_full,ab0f116fdcaa87a25cf4f47c0c07bc94f8a04441b31563d293c86b56141c9cda,e0c45ca558e84157aaf0c9351ff1aaa6,predicted,,,https://alphafold.ebi.ac.uk/files/AF-Q9WV71-F1-model_v6.cif,https://alphafold.ebi.ac.uk/files/AF-Q9WV71-F1-model_v6.pdb,https://alphafold.ebi.ac.uk/files/AF-Q9WV71-F1-confidence_v6.json,https://alphafold.ebi.ac.uk/files/AF-Q9WV71-F1-predicted_aligned_error_v6.json,candidate,EXACT_FULL_SEQUENCE_LOCAL_QUALITY_PENDING,https://alphafold.ebi.ac.uk/api/prediction/Q9WV71,47f6b2e13163fa9282b5fa8a775bfa43b8a5d5402ea765dc1f0406daf9eeb609,not_assessed,0.1.0
Q9WV95,AlphaFold_DB,AF-Q9WV95-F1,A,6,10090,1,125,exact_full,7309f8edff2f9a4ed35031f0d411d17fdf4b47249f0832a1161efa218d0e6601,ce92af3b25800fd46e4e7eaa3479f274,predicted,,,https://alphafold.ebi.ac.uk/files/AF-Q9WV95-F1-model_v6.cif,https://alphafold.ebi.ac.uk/files/AF-Q9WV95-F1-model_v6.pdb,https://alphafold.ebi.ac.uk/files/AF-Q9WV95-F1-confidence_v6.json,https://alphafold.ebi.ac.uk/files/AF-Q9WV95-F1-predicted_aligned_error_v6.json,candidate,EXACT_FULL_SEQUENCE_LOCAL_QUALITY_PENDING,https://alphafold.ebi.ac.uk/api/prediction/Q9WV95,037673953d3a1603bcf51079aa4bde8d874ebf64c0c36be49c6b2a64122b5fe2,not_assessed,0.1.0
Q9WVC5,AlphaFold_DB,AF-Q9WVC5-F1,A,6,10090,1,862,exact_full,b5c6f8693d9eaa9cdb5547208e395b2e8da92caf810d30d199dfa3c96403713e,32b20e1eca540116f35e15f8d4d688a7,predicted,,,https://alphafold.ebi.ac.uk/files/AF-Q9WVC5-F1-model_v6.cif,https://alphafold.ebi.ac.uk/files/AF-Q9WVC5-F1-model_v6.pdb,https://alphafold.ebi.ac.uk/files/AF-Q9WVC5-F1-confidence_v6.json,https://alphafold.ebi.ac.uk/files/AF-Q9WVC5-F1-predicted_aligned_error_v6.json,candidate,EXACT_FULL_SEQUENCE_LOCAL_QUALITY_PENDING,https://alphafold.ebi.ac.uk/api/prediction/Q9WVC5,01749c27879e8156bf6f4a1f69b5aa71c1d4044332e8ec76592ac23e5c3b04bc,not_assessed,0.1.0
Q9WVC6,AlphaFold_DB,AF-Q9WVC6-2-F1,A,6,10090,1,524,not_assessed,b542c030a592690f050074774957a9a47c0ba8074eeeebf663507a751d22ebd1,126675185b1e57f6a4dcc10ff462359b,predicted,,,https://alphafold.ebi.ac.uk/files/AF-Q9WVC6-2-F1-model_v6.cif,https://alphafold.ebi.ac.uk/files/AF-Q9WVC6-2-F1-model_v6.pdb,https://alphafold.ebi.ac.uk/files/AF-Q9WVC6-2-F1-confidence_v6.json,https://alphafold.ebi.ac.uk/files/AF-Q9WVC6-2-F1-predicted_aligned_error_v6.json,held,ALPHAFOLD_ACCESSION_DIFFERS_FROM_CANONICAL,https://alphafold.ebi.ac.uk/api/prediction/Q9WVC6,4ade174cba52cd5855e4b42b9f79c0fbd04e5877e32338612dd40f27da7afbe6,not_assessed,0.1.0
Q9WVC6,AlphaFold_DB,AF-Q9WVC6-3-F1,A,6,10090,1,445,not_assessed,44052ce943d589b510fa2d308735409f9facc41cfbb2c5abab9b0739ae17c8df,0a80d24d943822854ce4bca9d40198aa,predicted,,,https://alphafold.ebi.ac.uk/files/AF-Q9WVC6-3-F1-model_v6.cif,https://alphafold.ebi.ac.uk/files/AF-Q9WVC6-3-F1-model_v6.pdb,https://alphafold.ebi.ac.uk/files/AF-Q9WVC6-3-F1-confidence_v6.json,https://alphafold.ebi.ac.uk/files/AF-Q9WVC6-3-F1-predicted_aligned_error_v6.json,held,ALPHAFOLD_ACCESSION_DIFFERS_FROM_CANONICAL,https://alphafold.ebi.ac.uk/api/prediction/Q9WVC6,4ade174cba52cd5855e4b42b9f79c0fbd04e5877e32338612dd40f27da7afbe6,not_assessed,0.1.0
Q9WVC6,AlphaFold_DB,AF-Q9WVC6-F1,A,6,10090,1,431,exact_full,579241d4a26327de918286bdce08788f755367fd804c2972d90d1c2ff8b1c9da,3ddf9cd01b2c2644797afff29373cfe3,predicted,,,https://alphafold.ebi.ac.uk/files/AF-Q9WVC6-F1-model_v6.cif,https://alphafold.ebi.ac.uk/files/AF-Q9WVC6-F1-model_v6.pdb,https://alphafold.ebi.ac.uk/files/AF-Q9WVC6-F1-confidence_v6.json,https://alphafold.ebi.ac.uk/files/AF-Q9WVC6-F1-predicted_aligned_error_v6.json,candidate,EXACT_FULL_SEQUENCE_LOCAL_QUALITY_PENDING,https://alphafold.ebi.ac.uk/api/prediction/Q9WVC6,4ade174cba52cd5855e4b42b9f79c0fbd04e5877e32338612dd40f27da7afbe6,not_assessed,0.1.0
Q9WVF7,AlphaFold_DB,AF-Q9WVF7-F1,A,6,10090,1,2283,exact_full,0b580da3936ce06e79a8c9bd412e00c069b16542c886fff7fcf0b04e2915892b,c128fbf8ae3ed11a34d46b02f15e8839,predicted,,,https://alphafold.ebi.ac.uk/files/AF-Q9WVF7-F1-model_v6.cif,https://alphafold.ebi.ac.uk/files/AF-Q9WVF7-F1-model_v6.pdb,https://alphafold.ebi.ac.uk/files/AF-Q9WVF7-F1-confidence_v6.json,https://alphafold.ebi.ac.uk/files/AF-Q9WVF7-F1-predicted_aligned_error_v6.json,candidate,EXACT_FULL_SEQUENCE_LOCAL_QUALITY_PENDING,https://alphafold.ebi.ac.uk/api/prediction/Q9WVF7,05b0ae414e9896dd2c74dda0cda5a9453f2f83a95f566f0711b3e86853fd8b16,not_assessed,0.1.0
Q9WVG7,AlphaFold_DB,AF-Q9WVG7-F1,A,6,10090,1,266,exact_full,af2470171883ae3b2e05e235749b0961323d550df127ae0a0c42fb294a2289bb,974ef3e2d9053d7df6c0fc1c13f07d33,predicted,,,https://alphafold.ebi.ac.uk/files/AF-Q9WVG7-F1-model_v6.cif,https://alphafold.ebi.ac.uk/files/AF-Q9WVG7-F1-model_v6.pdb,https://alphafold.ebi.ac.uk/files/AF-Q9WVG7-F1-confidence_v6.json,https://alphafold.ebi.ac.uk/files/AF-Q9WVG7-F1-predicted_aligned_error_v6.json,candidate,EXACT_FULL_SEQUENCE_LOCAL_QUALITY_PENDING,https://alphafold.ebi.ac.uk/api/prediction/Q9WVG7,4d262f74d58e76a80713e69fb7a30e1b9ac957c0a072fea2d3813e4cb2d37f98,not_assessed,0.1.0
Q9WVL3,AlphaFold_DB,AF-Q9WVL3-2-F1,A,6,10090,1,1054,not_assessed,2ed157cb21fae8f408752e0a6cf48843ebaa19d4fce5241dcd48f5d1de5295af,59f9c98f723163b02560725653baa1d5,predicted,,,https://alphafold.ebi.ac.uk/files/AF-Q9WVL3-2-F1-model_v6.cif,https://alphafold.ebi.ac.uk/files/AF-Q9WVL3-2-F1-model_v6.pdb,https://alphafold.ebi.ac.uk/files/AF-Q9WVL3-2-F1-confidence_v6.json,https://alphafold.ebi.ac.uk/files/AF-Q9WVL3-2-F1-predicted_aligned_error_v6.json,held,ALPHAFOLD_ACCESSION_DIFFERS_FROM_CANONICAL,https://alphafold.ebi.ac.uk/api/prediction/Q9WVL3,5a2dc3d4d1012cce6e3c914e3f2c3ee4a67c55ba527d253ace8192491f3f37d2,not_assessed,0.1.0
Q9WVL3,AlphaFold_DB,AF-Q9WVL3-F1,A,6,10090,1,1083,exact_full,ef7cd8fae8a356c1f77fd5a57bb3d367890b64fae11e50bb4986f566a53c9d20,ef60b77659ac58e90260e6a9e5bbc811,predicted,,,https://alphafold.ebi.ac.uk/files/AF-Q9WVL3-F1-model_v6.cif,https://alphafold.ebi.ac.uk/files/AF-Q9WVL3-F1-model_v6.pdb,https://alphafold.ebi.ac.uk/files/AF-Q9WVL3-F1-confidence_v6.json,https://alphafold.ebi.ac.uk/files/AF-Q9WVL3-F1-predicted_aligned_error_v6.json,candidate,EXACT_FULL_SEQUENCE_LOCAL_QUALITY_PENDING,https://alphafold.ebi.ac.uk/api/prediction/Q9WVL3,5a2dc3d4d1012cce6e3c914e3f2c3ee4a67c55ba527d253ace8192491f3f37d2,not_assessed,0.1.0
Q9WVL3,PDBe_SIFTS,6ukn,A,,10090,1,1083,not_assessed,,,Electron Microscopy,3.65,1.0,,,,,candidate,MOUSE_SIFTS_CANDIDATE_LOCAL_REVIEW_PENDING,https://www.ebi.ac.uk/pdbe/api/mappings/best_structures/Q9WVL3,d7f92d4d28a5be2de27357a860b8b580250761f0f96b536e1cec0bc0dc2e293f,not_assessed,0.1.0
Q9Z0D9,AlphaFold_DB,AF-Q9Z0D9-F1,A,6,10090,1,354,exact_full,707a5c84447b28d407c5f827e46a68eef0bc86a1ba457920703a0f84d4177e4f,60a45c114795c172e983a13490863b87,predicted,,,https://alphafold.ebi.ac.uk/files/AF-Q9Z0D9-F1-model_v6.cif,https://alphafold.ebi.ac.uk/files/AF-Q9Z0D9-F1-model_v6.pdb,https://alphafold.ebi.ac.uk/files/AF-Q9Z0D9-F1-confidence_v6.json,https://alphafold.ebi.ac.uk/files/AF-Q9Z0D9-F1-predicted_aligned_error_v6.json,candidate,EXACT_FULL_SEQUENCE_LOCAL_QUALITY_PENDING,https://alphafold.ebi.ac.uk/api/prediction/Q9Z0D9,64486ff067cdf47a331d774d5d419c785a2efc85786a3e136d9a97e85638c831,not_assessed,0.1.0
Q9Z0H4,AlphaFold_DB,AF-Q9Z0H4-11-F1,A,6,10090,1,464,not_assessed,19ca4013d120908eb384c271f681be23c3a606454952fec1fe67b4d56f24f082,8c1643af5623c815ccf11178c704fae2,predicted,,,https://alphafold.ebi.ac.uk/files/AF-Q9Z0H4-11-F1-model_v6.cif,https://alphafold.ebi.ac.uk/files/AF-Q9Z0H4-11-F1-model_v6.pdb,https://alphafold.ebi.ac.uk/files/AF-Q9Z0H4-11-F1-confidence_v6.json,https://alphafold.ebi.ac.uk/files/AF-Q9Z0H4-11-F1-predicted_aligned_error_v6.json,held,ALPHAFOLD_ACCESSION_DIFFERS_FROM_CANONICAL,https://alphafold.ebi.ac.uk/api/prediction/Q9Z0H4,5d7ad1bdeaf780f96c37cc9a2daaa84acc2891b5ab2421bd1fdb0c61d8f57e5e,not_assessed,0.1.0
Q9Z0H4,AlphaFold_DB,AF-Q9Z0H4-2-F1,A,6,10090,1,520,not_assessed,0b9eb33ae949b03015697ffe8fc0e98f53972bceedff877cee542d8a4854ae19,44329778045425730b8d74a8a7a79559,predicted,,,https://alphafold.ebi.ac.uk/files/AF-Q9Z0H4-2-F1-model_v6.cif,https://alphafold.ebi.ac.uk/files/AF-Q9Z0H4-2-F1-model_v6.pdb,https://alphafold.ebi.ac.uk/files/AF-Q9Z0H4-2-F1-confidence_v6.json,https://alphafold.ebi.ac.uk/files/AF-Q9Z0H4-2-F1-predicted_aligned_error_v6.json,held,ALPHAFOLD_ACCESSION_DIFFERS_FROM_CANONICAL,https://alphafold.ebi.ac.uk/api/prediction/Q9Z0H4,5d7ad1bdeaf780f96c37cc9a2daaa84acc2891b5ab2421bd1fdb0c61d8f57e5e,not_assessed,0.1.0
Q9Z0H4,AlphaFold_DB,AF-Q9Z0H4-3-F1,A,6,10090,1,238,not_assessed,aa2c17991c2fd28a57c3b16ac5f196f148abcff8ab36e5bca07d87f1cf107fc6,cc13720f5c0862b10ebe3e0bea044365,predicted,,,https://alphafold.ebi.ac.uk/files/AF-Q9Z0H4-3-F1-model_v6.cif,https://alphafold.ebi.ac.uk/files/AF-Q9Z0H4-3-F1-model_v6.pdb,https://alphafold.ebi.ac.uk/files/AF-Q9Z0H4-3-F1-confidence_v6.json,https://alphafold.ebi.ac.uk/files/AF-Q9Z0H4-3-F1-predicted_aligned_error_v6.json,held,ALPHAFOLD_ACCESSION_DIFFERS_FROM_CANONICAL,https://alphafold.ebi.ac.uk/api/prediction/Q9Z0H4,5d7ad1bdeaf780f96c37cc9a2daaa84acc2891b5ab2421bd1fdb0c61d8f57e5e,not_assessed,0.1.0
Q9Z0H4,AlphaFold_DB,AF-Q9Z0H4-4-F1,A,6,10090,1,490,not_assessed,f581551baaa494e9b4cb14524c7fd4cf2d7963b279e6e3c4b172f82d89cb9d28,74b6b786712a2c4a54454fce3ab05b81,predicted,,,https://alphafold.ebi.ac.uk/files/AF-Q9Z0H4-4-F1-model_v6.cif,https://alphafold.ebi.ac.uk/files/AF-Q9Z0H4-4-F1-model_v6.pdb,https://alphafold.ebi.ac.uk/files/AF-Q9Z0H4-4-F1-confidence_v6.json,https://alphafold.ebi.ac.uk/files/AF-Q9Z0H4-4-F1-predicted_aligned_error_v6.json,held,ALPHAFOLD_ACCESSION_DIFFERS_FROM_CANONICAL,https://alphafold.ebi.ac.uk/api/prediction/Q9Z0H4,5d7ad1bdeaf780f96c37cc9a2daaa84acc2891b5ab2421bd1fdb0c61d8f57e5e,not_assessed,0.1.0
Q9Z0H4,AlphaFold_DB,AF-Q9Z0H4-5-F1,A,6,10090,1,488,not_assessed,f0fdaf34e3d600c00f891eb316ee5a2ebdc35ec6a46d7eb9bc635aae418cd1b7,4a8c29666fdc82f8f6174c6dcec677a7,predicted,,,https://alphafold.ebi.ac.uk/files/AF-Q9Z0H4-5-F1-model_v6.cif,https://alphafold.ebi.ac.uk/files/AF-Q9Z0H4-5-F1-model_v6.pdb,https://alphafold.ebi.ac.uk/files/AF-Q9Z0H4-5-F1-confidence_v6.json,https://alphafold.ebi.ac.uk/files/AF-Q9Z0H4-5-F1-predicted_aligned_error_v6.json,held,ALPHAFOLD_ACCESSION_DIFFERS_FROM_CANONICAL,https://alphafold.ebi.ac.uk/api/prediction/Q9Z0H4,5d7ad1bdeaf780f96c37cc9a2daaa84acc2891b5ab2421bd1fdb0c61d8f57e5e,not_assessed,0.1.0
Q9Z0H4,AlphaFold_DB,AF-Q9Z0H4-6-F1,A,6,10090,1,524,not_assessed,5e4d916dbcf40b28c2978a06d272eb12b79b9b5b37145804353e1c0d3c9dbd55,78962b66cddc093e5a0d714afae3b944,predicted,,,https://alphafold.ebi.ac.uk/files/AF-Q9Z0H4-6-F1-model_v6.cif,https://alphafold.ebi.ac.uk/files/AF-Q9Z0H4-6-F1-model_v6.pdb,https://alphafold.ebi.ac.uk/files/AF-Q9Z0H4-6-F1-confidence_v6.json,https://alphafold.ebi.ac.uk/files/AF-Q9Z0H4-6-F1-predicted_aligned_error_v6.json,held,ALPHAFOLD_ACCESSION_DIFFERS_FROM_CANONICAL,https://alphafold.ebi.ac.uk/api/prediction/Q9Z0H4,5d7ad1bdeaf780f96c37cc9a2daaa84acc2891b5ab2421bd1fdb0c61d8f57e5e,not_assessed,0.1.0
Q9Z0H4,AlphaFold_DB,AF-Q9Z0H4-7-F1,A,6,10090,1,484,not_assessed,02887d501c1ecc8d157c2c39608b871f1b60ead57893875c5902520ec91216d2,509af3d78bb563c72078cb9d9e8a387f,predicted,,,https://alphafold.ebi.ac.uk/files/AF-Q9Z0H4-7-F1-model_v6.cif,https://alphafold.ebi.ac.uk/files/AF-Q9Z0H4-7-F1-model_v6.pdb,https://alphafold.ebi.ac.uk/files/AF-Q9Z0H4-7-F1-confidence_v6.json,https://alphafold.ebi.ac.uk/files/AF-Q9Z0H4-7-F1-predicted_aligned_error_v6.json,held,ALPHAFOLD_ACCESSION_DIFFERS_FROM_CANONICAL,https://alphafold.ebi.ac.uk/api/prediction/Q9Z0H4,5d7ad1bdeaf780f96c37cc9a2daaa84acc2891b5ab2421bd1fdb0c61d8f57e5e,not_assessed,0.1.0
Q9Z0H4,AlphaFold_DB,AF-Q9Z0H4-8-F1,A,6,10090,1,512,not_assessed,0a2f9151c999d0e61cced467ac2657d0a6f3fddff8f83f2bc2fb565888dce970,f66fcebf5e2fac2a529a71169dcd5a52,predicted,,,https://alphafold.ebi.ac.uk/files/AF-Q9Z0H4-8-F1-model_v6.cif,https://alphafold.ebi.ac.uk/files/AF-Q9Z0H4-8-F1-model_v6.pdb,https://alphafold.ebi.ac.uk/files/AF-Q9Z0H4-8-F1-confidence_v6.json,https://alphafold.ebi.ac.uk/files/AF-Q9Z0H4-8-F1-predicted_aligned_error_v6.json,held,ALPHAFOLD_ACCESSION_DIFFERS_FROM_CANONICAL,https://alphafold.ebi.ac.uk/api/prediction/Q9Z0H4,5d7ad1bdeaf780f96c37cc9a2daaa84acc2891b5ab2421bd1fdb0c61d8f57e5e,not_assessed,0.1.0
Q9Z0H4,AlphaFold_DB,AF-Q9Z0H4-9-F1,A,6,10090,1,526,not_assessed,664d292965b43638e1bd4091a35a9845c78a2a7a73310f3d19690dde8773621a,83eea2a1ef265d56e2493aa82f94a73a,predicted,,,https://alphafold.ebi.ac.uk/files/AF-Q9Z0H4-9-F1-model_v6.cif,https://alphafold.ebi.ac.uk/files/AF-Q9Z0H4-9-F1-model_v6.pdb,https://alphafold.ebi.ac.uk/files/AF-Q9Z0H4-9-F1-confidence_v6.json,https://alphafold.ebi.ac.uk/files/AF-Q9Z0H4-9-F1-predicted_aligned_error_v6.json,held,ALPHAFOLD_ACCESSION_DIFFERS_FROM_CANONICAL,https://alphafold.ebi.ac.uk/api/prediction/Q9Z0H4,5d7ad1bdeaf780f96c37cc9a2daaa84acc2891b5ab2421bd1fdb0c61d8f57e5e,not_assessed,0.1.0
Q9Z0H4,AlphaFold_DB,AF-Q9Z0H4-F1,A,6,10090,1,508,exact_full,12b80d79aaa590ffa4a222cdb66a1139ddff44284fd89c64d2808b7287c766da,57a8e5c95c4530da516b151c9fb53083,predicted,,,https://alphafold.ebi.ac.uk/files/AF-Q9Z0H4-F1-model_v6.cif,https://alphafold.ebi.ac.uk/files/AF-Q9Z0H4-F1-model_v6.pdb,https://alphafold.ebi.ac.uk/files/AF-Q9Z0H4-F1-confidence_v6.json,https://alphafold.ebi.ac.uk/files/AF-Q9Z0H4-F1-predicted_aligned_error_v6.json,candidate,EXACT_FULL_SEQUENCE_LOCAL_QUALITY_PENDING,https://alphafold.ebi.ac.uk/api/prediction/Q9Z0H4,5d7ad1bdeaf780f96c37cc9a2daaa84acc2891b5ab2421bd1fdb0c61d8f57e5e,not_assessed,0.1.0
Q9Z0M5,AlphaFold_DB,AF-Q9Z0M5-F1,A,6,10090,1,397,exact_full,3cb25d9c5dd1891f829de0752f81bf9097599ad83fb5b8f43915d8326167d22a,9dca9a0f6e50502f440aac47e221d19a,predicted,,,https://alphafold.ebi.ac.uk/files/AF-Q9Z0M5-F1-model_v6.cif,https://alphafold.ebi.ac.uk/files/AF-Q9Z0M5-F1-model_v6.pdb,https://alphafold.ebi.ac.uk/files/AF-Q9Z0M5-F1-confidence_v6.json,https://alphafold.ebi.ac.uk/files/AF-Q9Z0M5-F1-predicted_aligned_error_v6.json,candidate,EXACT_FULL_SEQUENCE_LOCAL_QUALITY_PENDING,https://alphafold.ebi.ac.uk/api/prediction/Q9Z0M5,34d5d7bb1f2f3b56f08e398e888b266dc9942c00d4a4d49e548d297bc37ba9cf,not_assessed,0.1.0
Q9Z0U1,AlphaFold_DB,AF-Q9Z0U1-F1,A,6,10090,1,1167,exact_full,c0a9ff32dbc636fc33ed6603ce775c74dab17c4235b5c52ff822e890350fc089,87a7f5b9a61d42632c4d655d10dfeac6,predicted,,,https://alphafold.ebi.ac.uk/files/AF-Q9Z0U1-F1-model_v6.cif,https://alphafold.ebi.ac.uk/files/AF-Q9Z0U1-F1-model_v6.pdb,https://alphafold.ebi.ac.uk/files/AF-Q9Z0U1-F1-confidence_v6.json,https://alphafold.ebi.ac.uk/files/AF-Q9Z0U1-F1-predicted_aligned_error_v6.json,candidate,EXACT_FULL_SEQUENCE_LOCAL_QUALITY_PENDING,https://alphafold.ebi.ac.uk/api/prediction/Q9Z0U1,d3a94b630935f87ceca97ef75ce5afee1c2d3a625a9997c18c8feedc20f853cc,not_assessed,0.1.0
Q9Z0U1,PDBe_SIFTS,2csj,A,,10090,1,104,not_assessed,,,Solution NMR,,0.089,,,,,candidate,MOUSE_SIFTS_CANDIDATE_LOCAL_REVIEW_PENDING,https://www.ebi.ac.uk/pdbe/api/mappings/best_structures/Q9Z0U1,5c678bb50f287747183e856e79f9ff9a39885d601113b79ce77db8161b92fa91,not_assessed,0.1.0
Q9Z126,AlphaFold_DB,AF-Q9Z126-F1,A,6,10090,1,105,exact_full,2e5e570bf7c970a1a04cbe6e683828cd24ccbc21d28c16f0a428eed1f4a7b3c3,39449552c0be68b1df52382bd95c99e3,predicted,,,https://alphafold.ebi.ac.uk/files/AF-Q9Z126-F1-model_v6.cif,https://alphafold.ebi.ac.uk/files/AF-Q9Z126-F1-model_v6.pdb,https://alphafold.ebi.ac.uk/files/AF-Q9Z126-F1-confidence_v6.json,https://alphafold.ebi.ac.uk/files/AF-Q9Z126-F1-predicted_aligned_error_v6.json,candidate,EXACT_FULL_SEQUENCE_LOCAL_QUALITY_PENDING,https://alphafold.ebi.ac.uk/api/prediction/Q9Z126,09309a7ae4b9eed352e03ca371ff297863c3e48f26497efb164d2b1bfce0ef1f,not_assessed,0.1.0
Q9Z139,AlphaFold_DB,AF-Q9Z139-F1,A,6,10090,1,937,exact_full,a83594c05afb051791046b20a881d4f00566209b9b0fd77eb68d1810bf564885,33e95427dc7f3fa47d64fd9e5c9f52c3,predicted,,,https://alphafold.ebi.ac.uk/files/AF-Q9Z139-F1-model_v6.cif,https://alphafold.ebi.ac.uk/files/AF-Q9Z139-F1-model_v6.pdb,https://alphafold.ebi.ac.uk/files/AF-Q9Z139-F1-confidence_v6.json,https://alphafold.ebi.ac.uk/files/AF-Q9Z139-F1-predicted_aligned_error_v6.json,candidate,EXACT_FULL_SEQUENCE_LOCAL_QUALITY_PENDING,https://alphafold.ebi.ac.uk/api/prediction/Q9Z139,29940cc03ba1ef88d96fdd93ba902f77f050891785e4ada41e419508c5a16c89,not_assessed,0.1.0
Q9Z180,AlphaFold_DB,AF-Q9Z180-F1,A,6,10090,1,1582,exact_full,8dcf780e83a526bfd338b3e4c5bfccf11e1674d0ad0c4b1ffbd0168ab0a46180,3d2a3d00a4ef8fc39f96cf2cf3146f44,predicted,,,https://alphafold.ebi.ac.uk/files/AF-Q9Z180-F1-model_v6.cif,https://alphafold.ebi.ac.uk/files/AF-Q9Z180-F1-model_v6.pdb,https://alphafold.ebi.ac.uk/files/AF-Q9Z180-F1-confidence_v6.json,https://alphafold.ebi.ac.uk/files/AF-Q9Z180-F1-predicted_aligned_error_v6.json,candidate,EXACT_FULL_SEQUENCE_LOCAL_QUALITY_PENDING,https://alphafold.ebi.ac.uk/api/prediction/Q9Z180,1ba31977b1fe7419343771f5a0310c3a772a005a2bd3456a2bbdacd9a3bade9b,not_assessed,0.1.0
Q9Z1E4,AlphaFold_DB,AF-Q9Z1E4-F1,A,6,10090,1,738,exact_full,ce33f89c719a8db4c77c3b195099060b1a98167db8152460db58654ea7bb8048,d3ff109b3ff54b5f3599ca4582a97980,predicted,,,https://alphafold.ebi.ac.uk/files/AF-Q9Z1E4-F1-model_v6.cif,https://alphafold.ebi.ac.uk/files/AF-Q9Z1E4-F1-model_v6.pdb,https://alphafold.ebi.ac.uk/files/AF-Q9Z1E4-F1-confidence_v6.json,https://alphafold.ebi.ac.uk/files/AF-Q9Z1E4-F1-predicted_aligned_error_v6.json,candidate,EXACT_FULL_SEQUENCE_LOCAL_QUALITY_PENDING,https://alphafold.ebi.ac.uk/api/prediction/Q9Z1E4,da6d66006b7e48846001ab490da9b92ced064fff2bb5d9ccea2c4453a21f66e2,not_assessed,0.1.0
Q9Z1F6,AlphaFold_DB,AF-Q9Z1F6-F1,A,6,10090,1,334,exact_full,41cd0828148565e6e8f553b2b0a72041b3ba6b504cc8f0d9f78500d131c04c16,d85947ffdea3ec957b2ac2c177e2beac,predicted,,,https://alphafold.ebi.ac.uk/files/AF-Q9Z1F6-F1-model_v6.cif,https://alphafold.ebi.ac.uk/files/AF-Q9Z1F6-F1-model_v6.pdb,https://alphafold.ebi.ac.uk/files/AF-Q9Z1F6-F1-confidence_v6.json,https://alphafold.ebi.ac.uk/files/AF-Q9Z1F6-F1-predicted_aligned_error_v6.json,candidate,EXACT_FULL_SEQUENCE_LOCAL_QUALITY_PENDING,https://alphafold.ebi.ac.uk/api/prediction/Q9Z1F6,5704805d9f145b1c004b38ba42a0b0a3cc6c4c4f6a81050256b3c7da09de958f,not_assessed,0.1.0
Q9Z1P5,AlphaFold_DB,AF-Q9Z1P5-2-F1,A,6,10090,1,246,not_assessed,beef743170d95c8a779a3bce4ef3839d5bed47256e83c7c479a9a8ff33f4be89,a68a0a5796c62b94032c295f81386d91,predicted,,,https://alphafold.ebi.ac.uk/files/AF-Q9Z1P5-2-F1-model_v6.cif,https://alphafold.ebi.ac.uk/files/AF-Q9Z1P5-2-F1-model_v6.pdb,https://alphafold.ebi.ac.uk/files/AF-Q9Z1P5-2-F1-confidence_v6.json,https://alphafold.ebi.ac.uk/files/AF-Q9Z1P5-2-F1-predicted_aligned_error_v6.json,held,ALPHAFOLD_ACCESSION_DIFFERS_FROM_CANONICAL,https://alphafold.ebi.ac.uk/api/prediction/Q9Z1P5,3f62f3bf3d384a300ea98427d55b3a296c6adf7492fe40feab77eb1c584d8bc6,not_assessed,0.1.0
Q9Z1P5,AlphaFold_DB,AF-Q9Z1P5-F1,A,6,10090,1,260,exact_full,180f70e569265b30ee8c35f5ee36d78fe7ae7d440890fc6cc83b599a29234c0c,662a405488bd0436c3d378e02e7485ae,predicted,,,https://alphafold.ebi.ac.uk/files/AF-Q9Z1P5-F1-model_v6.cif,https://alphafold.ebi.ac.uk/files/AF-Q9Z1P5-F1-model_v6.pdb,https://alphafold.ebi.ac.uk/files/AF-Q9Z1P5-F1-confidence_v6.json,https://alphafold.ebi.ac.uk/files/AF-Q9Z1P5-F1-predicted_aligned_error_v6.json,candidate,EXACT_FULL_SEQUENCE_LOCAL_QUALITY_PENDING,https://alphafold.ebi.ac.uk/api/prediction/Q9Z1P5,3f62f3bf3d384a300ea98427d55b3a296c6adf7492fe40feab77eb1c584d8bc6,not_assessed,0.1.0
Q9Z1S0,AlphaFold_DB,AF-Q9Z1S0-F1,A,6,10090,1,1052,exact_full,7969507f147f38b9030ae670b56bfa552ea2ca3fd8bf166c75f37d378e9c3056,034bec3d1847d05367346d954620424f,predicted,,,https://alphafold.ebi.ac.uk/files/AF-Q9Z1S0-F1-model_v6.cif,https://alphafold.ebi.ac.uk/files/AF-Q9Z1S0-F1-model_v6.pdb,https://alphafold.ebi.ac.uk/files/AF-Q9Z1S0-F1-confidence_v6.json,https://alphafold.ebi.ac.uk/files/AF-Q9Z1S0-F1-predicted_aligned_error_v6.json,candidate,EXACT_FULL_SEQUENCE_LOCAL_QUALITY_PENDING,https://alphafold.ebi.ac.uk/api/prediction/Q9Z1S0,f03bcfc46be9b52a682e8b1fa22e00218e1ebf2f85b6bb985394fd901a5b73ee,not_assessed,0.1.0
Q9Z1T2,AlphaFold_DB,AF-Q9Z1T2-F1,A,6,10090,1,963,exact_full,f534184bd532192db8b239966f4624770ee0b39bbc394966154cfe4ef2b745aa,4227e3ac24014f4417dd34517b9324e7,predicted,,,https://alphafold.ebi.ac.uk/files/AF-Q9Z1T2-F1-model_v6.cif,https://alphafold.ebi.ac.uk/files/AF-Q9Z1T2-F1-model_v6.pdb,https://alphafold.ebi.ac.uk/files/AF-Q9Z1T2-F1-confidence_v6.json,https://alphafold.ebi.ac.uk/files/AF-Q9Z1T2-F1-predicted_aligned_error_v6.json,candidate,EXACT_FULL_SEQUENCE_LOCAL_QUALITY_PENDING,https://alphafold.ebi.ac.uk/api/prediction/Q9Z1T2,301e240ff58fd157f6c657d532b8961bba21d2089d2132499ae471d88014f617,not_assessed,0.1.0
Q9Z1W4,AlphaFold_DB,AF-Q9Z1W4-F1,A,6,10090,1,405,exact_full,203c99cc24c00e5a1951b7c490ee9e39ce7680ccd9d3dba191c6291804a0a3e5,a4a419a05465ac9effcc5d41ba3f390b,predicted,,,https://alphafold.ebi.ac.uk/files/AF-Q9Z1W4-F1-model_v6.cif,https://alphafold.ebi.ac.uk/files/AF-Q9Z1W4-F1-model_v6.pdb,https://alphafold.ebi.ac.uk/files/AF-Q9Z1W4-F1-confidence_v6.json,https://alphafold.ebi.ac.uk/files/AF-Q9Z1W4-F1-predicted_aligned_error_v6.json,candidate,EXACT_FULL_SEQUENCE_LOCAL_QUALITY_PENDING,https://alphafold.ebi.ac.uk/api/prediction/Q9Z1W4,a44c64c2428d138afafc6f5f2bb96e39dd61a043f9d372c3fa777d22a1693c23,not_assessed,0.1.0
Q9Z275,AlphaFold_DB,AF-Q9Z275-F1,A,6,10090,1,317,exact_full,4c0280d65413e7cb0844607e568478d214dcdfd327453b01d933a021477b8ad3,6f17fae42824a88d54134e9ed873c866,predicted,,,https://alphafold.ebi.ac.uk/files/AF-Q9Z275-F1-model_v6.cif,https://alphafold.ebi.ac.uk/files/AF-Q9Z275-F1-model_v6.pdb,https://alphafold.ebi.ac.uk/files/AF-Q9Z275-F1-confidence_v6.json,https://alphafold.ebi.ac.uk/files/AF-Q9Z275-F1-predicted_aligned_error_v6.json,candidate,EXACT_FULL_SEQUENCE_LOCAL_QUALITY_PENDING,https://alphafold.ebi.ac.uk/api/prediction/Q9Z275,1400ebf0296499f2865b01569f5a5ae963c9871b43e7eb6a14d7707ba8c2b053,not_assessed,0.1.0
Q9Z2A9,AlphaFold_DB,AF-Q9Z2A9-2-F1,A,6,10090,1,456,not_assessed,69833c2c7f708971eecf8ea1c713e2e5faa96e8f68c4a7706614c79849c51c37,09b4965d292115445026e3c6ff7e33aa,predicted,,,https://alphafold.ebi.ac.uk/files/AF-Q9Z2A9-2-F1-model_v6.cif,https://alphafold.ebi.ac.uk/files/AF-Q9Z2A9-2-F1-model_v6.pdb,https://alphafold.ebi.ac.uk/files/AF-Q9Z2A9-2-F1-confidence_v6.json,https://alphafold.ebi.ac.uk/files/AF-Q9Z2A9-2-F1-predicted_aligned_error_v6.json,held,ALPHAFOLD_ACCESSION_DIFFERS_FROM_CANONICAL,https://alphafold.ebi.ac.uk/api/prediction/Q9Z2A9,1b387fe34ee6f1757c3c8c6537a5700318ccc25dd875fd6dd8ad365744a1fc6f,not_assessed,0.1.0
Q9Z2A9,AlphaFold_DB,AF-Q9Z2A9-F1,A,6,10090,1,573,exact_full,def71954aea6e3d1ed1af59827fd0b0f314cf9b2aa915d98acca052cc099289b,403b64824a12e12b31958c93cbecefbf,predicted,,,https://alphafold.ebi.ac.uk/files/AF-Q9Z2A9-F1-model_v6.cif,https://alphafold.ebi.ac.uk/files/AF-Q9Z2A9-F1-model_v6.pdb,https://alphafold.ebi.ac.uk/files/AF-Q9Z2A9-F1-confidence_v6.json,https://alphafold.ebi.ac.uk/files/AF-Q9Z2A9-F1-predicted_aligned_error_v6.json,candidate,EXACT_FULL_SEQUENCE_LOCAL_QUALITY_PENDING,https://alphafold.ebi.ac.uk/api/prediction/Q9Z2A9,1b387fe34ee6f1757c3c8c6537a5700318ccc25dd875fd6dd8ad365744a1fc6f,not_assessed,0.1.0
Q9Z2F6,AlphaFold_DB,AF-Q9Z2F6-F1,A,6,10090,1,448,exact_full,b3e1884a4b732b5bbf2febf5aebf9090ee823f31374191cc4c5bd3ba34a7012c,b452c10cc4b808c2370aa0e96daffb4a,predicted,,,https://alphafold.ebi.ac.uk/files/AF-Q9Z2F6-F1-model_v6.cif,https://alphafold.ebi.ac.uk/files/AF-Q9Z2F6-F1-model_v6.pdb,https://alphafold.ebi.ac.uk/files/AF-Q9Z2F6-F1-confidence_v6.json,https://alphafold.ebi.ac.uk/files/AF-Q9Z2F6-F1-predicted_aligned_error_v6.json,candidate,EXACT_FULL_SEQUENCE_LOCAL_QUALITY_PENDING,https://alphafold.ebi.ac.uk/api/prediction/Q9Z2F6,a7c4124c309ade8bb365fb24c5ed537211f2d3a7a8e1a18a03b9e95e79e9c9bb,not_assessed,0.1.0
Q9Z2U1,AlphaFold_DB,AF-Q9Z2U1-F1,A,6,10090,1,241,exact_full,eb7ee6827d8cbf99beea37ed7f1c72ea84d307f3e331b29d74450846e9708f47,743d4b4e98deb34d65f2648e80325248,predicted,,,https://alphafold.ebi.ac.uk/files/AF-Q9Z2U1-F1-model_v6.cif,https://alphafold.ebi.ac.uk/files/AF-Q9Z2U1-F1-model_v6.pdb,https://alphafold.ebi.ac.uk/files/AF-Q9Z2U1-F1-confidence_v6.json,https://alphafold.ebi.ac.uk/files/AF-Q9Z2U1-F1-predicted_aligned_error_v6.json,candidate,EXACT_FULL_SEQUENCE_LOCAL_QUALITY_PENDING,https://alphafold.ebi.ac.uk/api/prediction/Q9Z2U1,20cb66a8fac0579c28c3bd910c99db3fb4a40f4335b3342d3e0b19e9d226f0ad,not_assessed,0.1.0
Q9Z2U1,PDBe_SIFTS,3unb,D,,10090,1,241,not_assessed,,,X-ray diffraction,2.9,1.0,,,,,candidate,MOUSE_SIFTS_CANDIDATE_LOCAL_REVIEW_PENDING,https://www.ebi.ac.uk/pdbe/api/mappings/best_structures/Q9Z2U1,3e2e5c35cee2303e9810217fef9288181d08f0176f9f7525707f6397b1edcc4e,not_assessed,0.1.0
Q9Z2U1,PDBe_SIFTS,3unb,R,,10090,1,241,not_assessed,,,X-ray diffraction,2.9,1.0,,,,,candidate,MOUSE_SIFTS_CANDIDATE_LOCAL_REVIEW_PENDING,https://www.ebi.ac.uk/pdbe/api/mappings/best_structures/Q9Z2U1,3e2e5c35cee2303e9810217fef9288181d08f0176f9f7525707f6397b1edcc4e,not_assessed,0.1.0
Q9Z2U1,PDBe_SIFTS,3unb,f,,10090,1,241,not_assessed,,,X-ray diffraction,2.9,1.0,,,,,candidate,MOUSE_SIFTS_CANDIDATE_LOCAL_REVIEW_PENDING,https://www.ebi.ac.uk/pdbe/api/mappings/best_structures/Q9Z2U1,3e2e5c35cee2303e9810217fef9288181d08f0176f9f7525707f6397b1edcc4e,not_assessed,0.1.0
Q9Z2U1,PDBe_SIFTS,3unb,t,,10090,1,241,not_assessed,,,X-ray diffraction,2.9,1.0,,,,,candidate,MOUSE_SIFTS_CANDIDATE_LOCAL_REVIEW_PENDING,https://www.ebi.ac.uk/pdbe/api/mappings/best_structures/Q9Z2U1,3e2e5c35cee2303e9810217fef9288181d08f0176f9f7525707f6397b1edcc4e,not_assessed,0.1.0
Q9Z2U1,PDBe_SIFTS,3une,D,,10090,1,241,not_assessed,,,X-ray diffraction,3.2,1.0,,,,,candidate,MOUSE_SIFTS_CANDIDATE_LOCAL_REVIEW_PENDING,https://www.ebi.ac.uk/pdbe/api/mappings/best_structures/Q9Z2U1,3e2e5c35cee2303e9810217fef9288181d08f0176f9f7525707f6397b1edcc4e,not_assessed,0.1.0
Q9Z2U1,PDBe_SIFTS,3une,R,,10090,1,241,not_assessed,,,X-ray diffraction,3.2,1.0,,,,,candidate,MOUSE_SIFTS_CANDIDATE_LOCAL_REVIEW_PENDING,https://www.ebi.ac.uk/pdbe/api/mappings/best_structures/Q9Z2U1,3e2e5c35cee2303e9810217fef9288181d08f0176f9f7525707f6397b1edcc4e,not_assessed,0.1.0
Q9Z2U1,PDBe_SIFTS,3une,f,,10090,1,241,not_assessed,,,X-ray diffraction,3.2,1.0,,,,,candidate,MOUSE_SIFTS_CANDIDATE_LOCAL_REVIEW_PENDING,https://www.ebi.ac.uk/pdbe/api/mappings/best_structures/Q9Z2U1,3e2e5c35cee2303e9810217fef9288181d08f0176f9f7525707f6397b1edcc4e,not_assessed,0.1.0
Q9Z2U1,PDBe_SIFTS,3une,t,,10090,1,241,not_assessed,,,X-ray diffraction,3.2,1.0,,,,,candidate,MOUSE_SIFTS_CANDIDATE_LOCAL_REVIEW_PENDING,https://www.ebi.ac.uk/pdbe/api/mappings/best_structures/Q9Z2U1,3e2e5c35cee2303e9810217fef9288181d08f0176f9f7525707f6397b1edcc4e,not_assessed,0.1.0
Q9Z2U1,PDBe_SIFTS,3unf,D,,10090,1,241,not_assessed,,,X-ray diffraction,2.9,1.0,,,,,candidate,MOUSE_SIFTS_CANDIDATE_LOCAL_REVIEW_PENDING,https://www.ebi.ac.uk/pdbe/api/mappings/best_structures/Q9Z2U1,3e2e5c35cee2303e9810217fef9288181d08f0176f9f7525707f6397b1edcc4e,not_assessed,0.1.0
Q9Z2U1,PDBe_SIFTS,3unf,R,,10090,1,241,not_assessed,,,X-ray diffraction,2.9,1.0,,,,,candidate,MOUSE_SIFTS_CANDIDATE_LOCAL_REVIEW_PENDING,https://www.ebi.ac.uk/pdbe/api/mappings/best_structures/Q9Z2U1,3e2e5c35cee2303e9810217fef9288181d08f0176f9f7525707f6397b1edcc4e,not_assessed,0.1.0
Q9Z2U1,PDBe_SIFTS,3unh,D,,10090,1,241,not_assessed,,,X-ray diffraction,3.2,1.0,,,,,candidate,MOUSE_SIFTS_CANDIDATE_LOCAL_REVIEW_PENDING,https://www.ebi.ac.uk/pdbe/api/mappings/best_structures/Q9Z2U1,3e2e5c35cee2303e9810217fef9288181d08f0176f9f7525707f6397b1edcc4e,not_assessed,0.1.0
Q9Z2U1,PDBe_SIFTS,3unh,R,,10090,1,241,not_assessed,,,X-ray diffraction,3.2,1.0,,,,,candidate,MOUSE_SIFTS_CANDIDATE_LOCAL_REVIEW_PENDING,https://www.ebi.ac.uk/pdbe/api/mappings/best_structures/Q9Z2U1,3e2e5c35cee2303e9810217fef9288181d08f0176f9f7525707f6397b1edcc4e,not_assessed,0.1.0
Q9Z2U1,PDBe_SIFTS,8ypk,H,,10090,1,241,not_assessed,,,Electron Microscopy,2.7,1.0,,,,,candidate,MOUSE_SIFTS_CANDIDATE_LOCAL_REVIEW_PENDING,https://www.ebi.ac.uk/pdbe/api/mappings/best_structures/Q9Z2U1,3e2e5c35cee2303e9810217fef9288181d08f0176f9f7525707f6397b1edcc4e,not_assessed,0.1.0
Q9Z2U1,PDBe_SIFTS,8ypk,M,,10090,1,241,not_assessed,,,Electron Microscopy,2.7,1.0,,,,,candidate,MOUSE_SIFTS_CANDIDATE_LOCAL_REVIEW_PENDING,https://www.ebi.ac.uk/pdbe/api/mappings/best_structures/Q9Z2U1,3e2e5c35cee2303e9810217fef9288181d08f0176f9f7525707f6397b1edcc4e,not_assessed,0.1.0
Q9Z2U1,PDBe_SIFTS,8yvp,H,,10090,1,241,not_assessed,,,Electron Microscopy,2.5,1.0,,,,,candidate,MOUSE_SIFTS_CANDIDATE_LOCAL_REVIEW_PENDING,https://www.ebi.ac.uk/pdbe/api/mappings/best_structures/Q9Z2U1,3e2e5c35cee2303e9810217fef9288181d08f0176f9f7525707f6397b1edcc4e,not_assessed,0.1.0
Q9Z2U1,PDBe_SIFTS,8yvp,M,,10090,1,241,not_assessed,,,Electron Microscopy,2.5,1.0,,,,,candidate,MOUSE_SIFTS_CANDIDATE_LOCAL_REVIEW_PENDING,https://www.ebi.ac.uk/pdbe/api/mappings/best_structures/Q9Z2U1,3e2e5c35cee2303e9810217fef9288181d08f0176f9f7525707f6397b1edcc4e,not_assessed,0.1.0
Q9Z2U2,AlphaFold_DB,AF-Q9Z2U2-2-F1,A,6,10090,1,2693,not_assessed,f2fa957e3ab329525aee90ed74547a80cdde43bfad6c589cd5071180bd3af3e5,bfb36ed832008ef3c3c9a9e23377ae89,predicted,,,https://alphafold.ebi.ac.uk/files/AF-Q9Z2U2-2-F1-model_v6.cif,https://alphafold.ebi.ac.uk/files/AF-Q9Z2U2-2-F1-model_v6.pdb,https://alphafold.ebi.ac.uk/files/AF-Q9Z2U2-2-F1-confidence_v6.json,https://alphafold.ebi.ac.uk/files/AF-Q9Z2U2-2-F1-predicted_aligned_error_v6.json,held,ALPHAFOLD_ACCESSION_DIFFERS_FROM_CANONICAL,https://alphafold.ebi.ac.uk/api/prediction/Q9Z2U2,296fb9ad862105a37b8c02767498c46bc3f70fe82bd1294301b065c3f4b333e6,not_assessed,0.1.0
Q9Z2U2,AlphaFold_DB,AF-Q9Z2U2-F1,A,6,10090,1,2698,exact_full,65c67d68bf2af367b8f51d9c0e81a985bfbee3dcd1e7df725b6d2601ee2aa72b,31be99645c8defe7ced220bdc9e2da36,predicted,,,https://alphafold.ebi.ac.uk/files/AF-Q9Z2U2-F1-model_v6.cif,https://alphafold.ebi.ac.uk/files/AF-Q9Z2U2-F1-model_v6.pdb,https://alphafold.ebi.ac.uk/files/AF-Q9Z2U2-F1-confidence_v6.json,https://alphafold.ebi.ac.uk/files/AF-Q9Z2U2-F1-predicted_aligned_error_v6.json,candidate,EXACT_FULL_SEQUENCE_LOCAL_QUALITY_PENDING,https://alphafold.ebi.ac.uk/api/prediction/Q9Z2U2,296fb9ad862105a37b8c02767498c46bc3f70fe82bd1294301b065c3f4b333e6,not_assessed,0.1.0
T1NXB5,AlphaFold_DB,AF-T1NXB5-F1,A,6,10090,1,319,exact_full,638f4138cbb109db339a2ccfe81195e9975244b2e09e9c9fdfc1ad6cb75cbfb8,29fb28eaeb407fcc9af0833b9f9b6497,predicted,,,https://alphafold.ebi.ac.uk/files/AF-T1NXB5-F1-model_v6.cif,https://alphafold.ebi.ac.uk/files/AF-T1NXB5-F1-model_v6.pdb,https://alphafold.ebi.ac.uk/files/AF-T1NXB5-F1-confidence_v6.json,https://alphafold.ebi.ac.uk/files/AF-T1NXB5-F1-predicted_aligned_error_v6.json,candidate,EXACT_FULL_SEQUENCE_LOCAL_QUALITY_PENDING,https://alphafold.ebi.ac.uk/api/prediction/T1NXB5,547239232734f072b313e63b8945f8042268b1aa70666abefdfb675efbf57158,not_assessed,0.1.0
