candidate_row,protein_accession,source,structure_id,chain_id,candidate_status,reason,file_ids,acquisition_action,structural_eligibility,protocol_version
1,A0A087WRH0,AlphaFold_DB,AF-A0A087WRH0-F1,A,candidate,EXACT_FULL_SEQUENCE_LOCAL_QUALITY_PENDING,90ef66827672a73a603201189de08da082b8c21bce02307300a4d4cee70f0aa6;4aa12d5fe86a169a506f77ee0b15386900b6688be8e05ceb6b4f9c8af574455e;a0bc0b9242da12cded0f1e1ab5fe416bbbe29036efa89ddf52b65a8515afac94,planned,not_assessed,0.1.0
2,A0A087WRT7,AlphaFold_DB,AF-A0A087WRT7-F1,A,candidate,EXACT_FULL_SEQUENCE_LOCAL_QUALITY_PENDING,86a68e048ff73f02bdceda68d9fe588abc393d67d2e5a08a3f20d3997afe9b18;bb231f19d780179ae9667637700d10e4b9d06906d6904d84728ae881c20cfe0a;380c078797399c2fb8fd84240a2d6b5412c5dfcf6ebe07a00361e27d93526bbc,planned,not_assessed,0.1.0
3,A0A0G2JDS2,AlphaFold_DB,AF-A0A0G2JDS2-F1,A,candidate,EXACT_FULL_SEQUENCE_LOCAL_QUALITY_PENDING,8a2d64e9ecdc0403375a2053e8e65122f120c3d2f142c99d79ed85485fcf517c;41e3dfc3051c1d467fffdedf02a69ce164be358462a213c3da172b464b46938a;b72592e73f24e148d2859c96dedcfd888a57e827d3d518d7b05ea217cda48f45,planned,not_assessed,0.1.0
4,A0A0R4J086,AlphaFold_DB,AF-A0A0R4J086-F1,A,candidate,EXACT_FULL_SEQUENCE_LOCAL_QUALITY_PENDING,3963bc730346e591ab3e07ec6ecc5f0635a2120343a68a7a1ec35d7d3f9ad151;341c943a827cad0183af6260e80ed1a95073b5853c088a910a3446d0f9ef52bf;2bb67f0ff61311ee2926d341f2306210d46d25cc9e50c39172ab1f03d1e0e337,planned,not_assessed,0.1.0
5,A0A0R4J0H9,AlphaFold_DB,AF-A0A0R4J0H9-F1,A,candidate,EXACT_FULL_SEQUENCE_LOCAL_QUALITY_PENDING,df1c7399d3d4835f5db2162f85704722b1c7afca245f9626f7194c278685b5fe;6c138b896b9539ec076da73e041f826a5f0390b1e0e3c05e358f4e403f487e3c;91af6b628654ce5a7714f0e85df2890b9613cc11f5d42aed40fc1b1d3d24ace5,planned,not_assessed,0.1.0
6,A0A0R4J0Y2,AlphaFold_DB,AF-A0A0R4J0Y2-F1,A,candidate,EXACT_FULL_SEQUENCE_LOCAL_QUALITY_PENDING,fd9c2be4dd857c01a7661357ce414af38edae5017a8bd93a10c7fcb792bc7b0e;fc1a3e77af260665f365ce4179473e1db10a85b55e7ea227ebfbf57bf0b5d291;15fea8f44f6dd2b30b5ca09db06c48a9e2cead33e63ffdaa34293475eaa30692,planned,not_assessed,0.1.0
7,A0A0R4J1Z0,AlphaFold_DB,AF-A0A0R4J1Z0-F1,A,candidate,EXACT_FULL_SEQUENCE_LOCAL_QUALITY_PENDING,4a55e440d4ca851f019f345b33b46a10b52047a709e772530658fb9a45d34bc4;101ab343047136255f06fb3c95fc62a6120b0c7934b4f5d66965e0c96ad0d1f1;380c66c963de2b55d4bc821d33657befd957634774d813fb2e46ce5a632209c4,planned,not_assessed,0.1.0
8,A0A140T8U8,AlphaFold_DB,AF-A0A140T8U8-F1,A,candidate,EXACT_FULL_SEQUENCE_LOCAL_QUALITY_PENDING,68e09726ffce8fdb6e2032ce7c09b660a951a2b7f04038e7e77aa13b2f2f65a2;692e6cdb07b453cedec709940006786b5124b76e72b2faf0961815a56f956c65;229f77a5fa890fe492fdbebeb70c4dae3f3a499802f9e865c614827d14342a56,planned,not_assessed,0.1.0
9,A0A1B0GQY9,AlphaFold_DB,AF-A0A1B0GQY9-F1,A,candidate,EXACT_FULL_SEQUENCE_LOCAL_QUALITY_PENDING,4ab9ec38bca826f0cd6af2c82d992bd24d09cfaa8741ca1e9f25319f7733a751;b2e489dd250aaee6e7c75622af384a5e34284126ef3387433bdaa7dcb99f1e4e;e838a96d5efad9bcadc9c0e2f38ae2cbdcedfef3e828afe12571ba388f060292,planned,not_assessed,0.1.0
10,A0A1B0GST9,AlphaFold_DB,AF-A0A1B0GST9-F1,A,candidate,EXACT_FULL_SEQUENCE_LOCAL_QUALITY_PENDING,7aea636614f0cc2e653cad2ccbabcae52132a64aeb48e6bd50d26ff879e821c7;185dc0b3fca94698d01b6971aefebd835e4b330a24e09fbf5cec2c5d510ff954;92bd8c134049ac3a205b65ff37e2c8cb265753d33fe2cbaac0864cc054fa460c,planned,not_assessed,0.1.0
11,A0A1B0GSZ0,AlphaFold_DB,AF-A0A1B0GSZ0-F1,A,candidate,EXACT_FULL_SEQUENCE_LOCAL_QUALITY_PENDING,9d5192cf53295e9981434212da2163de595f6cdfadecbfcaca78779a609d93f0;f6b1500882bc9ba1254d8e85a3b67dc4d67ad802841fe60525c59268a15ecd5c;8a66d5935a4c8c6a7f40972d4817b81ae4465e57699255225a232e2ece9049e0,planned,not_assessed,0.1.0
12,A0A1D5RLX6,AlphaFold_DB,AF-A0A1D5RLX6-F1,A,candidate,EXACT_FULL_SEQUENCE_LOCAL_QUALITY_PENDING,5bfc90d223a41018e4fb6610b14f32418562ff7afec087835b3d79e67b6a0bf5;62c056b555da62830b5509beb722f08a4da7a87db4a12c2703736e44a5afadfa;7bb7e79d764a864acf6ce4cc524c2be000fb42e0f65444fa422a73fcb440f9a2,planned,not_assessed,0.1.0
13,A0A1W2P7H6,AlphaFold_DB,AF-A0A1W2P7H6-F1,A,candidate,EXACT_FULL_SEQUENCE_LOCAL_QUALITY_PENDING,fe973aa47741fbb276d4a807bfac2673048d7f12f211f408506a005ac506399d;a208f0cd423d1b0711ac910b90ee090f80921afa036065d8e7c5681c45688f90;ff0cf565cef92f658d2cb63a447e681ca3c75474a049f9d089161e4323dc2616,planned,not_assessed,0.1.0
14,A2A6T1,AlphaFold_DB,AF-A2A6T1-F1,A,candidate,EXACT_FULL_SEQUENCE_LOCAL_QUALITY_PENDING,e21f285fa8419a515b22621ec353df71aaac3e35ba6e848f6877ee827b3df904;a9e37b35686e50afa8a0e80a70319f1386558f26e61bde19a1c5b2f15cfb4729;a6980c460b76e709b504f3b837fd1f6b745013e6da62fb5e4e9340114d824042,planned,not_assessed,0.1.0
15,A2A716,AlphaFold_DB,AF-A2A716-F1,A,candidate,EXACT_FULL_SEQUENCE_LOCAL_QUALITY_PENDING,906dd735c17e4a2aa57b60c43ed7797edbffe3bc2bc557654b7529ca994dbc35;ded295ae4f7148fcefe04fef4156801d5aae0f4d4bbd9eee6c924331b41a0e61;2e979c0242a238535fd883929a9f923f44c22fe6141796562494cf48d53a1d8e,planned,not_assessed,0.1.0
16,A2A7F4,AlphaFold_DB,AF-A2A7F4-F1,A,candidate,EXACT_FULL_SEQUENCE_LOCAL_QUALITY_PENDING,1cab0a969cd8729e5221ba9b2eb0d34fab7699c1fb5e0dd950465ca867873c7e;ccbabd22c8b0572c8490295e434f0a285efa8d5df76ec5993501ed683c87ddf9;95fad2636f501ad96816e2da9ee9c4bd811f0845ac79fdad17b2695800fc77f1,planned,not_assessed,0.1.0
17,A2A863,AlphaFold_DB,AF-A2A863-2-F1,A,held,ALPHAFOLD_ACCESSION_DIFFERS_FROM_CANONICAL,,metadata_held_or_excluded,not_assessed,0.1.0
18,A2A863,AlphaFold_DB,AF-A2A863-3-F1,A,held,ALPHAFOLD_ACCESSION_DIFFERS_FROM_CANONICAL,,metadata_held_or_excluded,not_assessed,0.1.0
19,A2A863,AlphaFold_DB,AF-A2A863-F1,A,candidate,EXACT_FULL_SEQUENCE_LOCAL_QUALITY_PENDING,0a86f6a5e1217d8ca5e1fe04366480fad0edb44e8a6b8faed1d4935bc7165eae;c96d35227621f38742633c1626136235212d4e6197aec634d1b4fd46b8a64bc6;e5505e7ebe8d9b8e4e888ee3611f163bdf38460a3cf96192fb47882821ac79fd,planned,not_assessed,0.1.0
20,A2AAY5,AlphaFold_DB,AF-A2AAY5-F1,A,candidate,EXACT_FULL_SEQUENCE_LOCAL_QUALITY_PENDING,ce897fd89080ae2b2036912799bd0ff1d54d720ff4855633ad24e491b5f4ba28;72c3265e2afc511d71392f7b54d5a7669edd8c5fc178923251588f9aa85cdb71;095b1e38fc79117ebc4cc9d34549c7be3e1997c4908b795c8e4ca44bbc0c9352,planned,not_assessed,0.1.0
21,A2AHD1,AlphaFold_DB,AF-A2AHD1-F1,A,candidate,EXACT_FULL_SEQUENCE_LOCAL_QUALITY_PENDING,8a8a60cea88184d35c18d4619f4ab8ebd709081a5f176f604cee15e7907f7dc6;4a950f361ff2608605f2d8ac910e746b7733d159f3b13f52e6868c4b5c38a460;eedfefcd3eec58f059e0d19c6b3141d1b200a4f3b6fd29d5b1cf66161d0c4b6e,planned,not_assessed,0.1.0
22,A2AIG8,AlphaFold_DB,AF-A2AIG8-2-F1,A,held,ALPHAFOLD_ACCESSION_DIFFERS_FROM_CANONICAL,,metadata_held_or_excluded,not_assessed,0.1.0
23,A2AIG8,AlphaFold_DB,AF-A2AIG8-F1,A,candidate,EXACT_FULL_SEQUENCE_LOCAL_QUALITY_PENDING,255a2e3d31b2ee37ec796eadc8f4711481a434ffd8ffb47abaca66e7e28f3127;e2629400025278f490f1fbae90d44562ceb9560dd16240331f69695954c7cd0f;606037720ab9e5b748ee6576c2c42cf8ffce087d05cc1b9e57df494e60ab5aab,planned,not_assessed,0.1.0
24,A2AJ88,AlphaFold_DB,AF-A2AJ88-2-F1,A,held,ALPHAFOLD_ACCESSION_DIFFERS_FROM_CANONICAL,,metadata_held_or_excluded,not_assessed,0.1.0
25,A2AJ88,AlphaFold_DB,AF-A2AJ88-3-F1,A,held,ALPHAFOLD_ACCESSION_DIFFERS_FROM_CANONICAL,,metadata_held_or_excluded,not_assessed,0.1.0
26,A2AJ88,AlphaFold_DB,AF-A2AJ88-F1,A,candidate,EXACT_FULL_SEQUENCE_LOCAL_QUALITY_PENDING,43c3c456f4212be01992f42259f95d3aada2872dd23ddd8401a5570077d4733d;81189c737fd5105d0b8f6f53013b996a9e623703109e6f9d52f4d6e4bc4237de;86def91af069caf1e510321f28d0b7ab5ab7a253267c54f3b55e0687e7b77297,planned,not_assessed,0.1.0
27,A2AJT4,AlphaFold_DB,AF-A2AJT4-F1,A,candidate,EXACT_FULL_SEQUENCE_LOCAL_QUALITY_PENDING,d930955cade56f4f962c3741ed17947fb4d743fcbbbebb41bbfaabf98ad0b2d7;7e58cc8a368974eee700a7fa5402848b1a34bd9e149effe75385bacee23a2335;e754a9a5bfec02fdb0fdad6db1c040bb99f9879b1468968b7ff7235e07b2f7d7,planned,not_assessed,0.1.0
28,A2AM80,AlphaFold_DB,AF-A2AM80-F1,A,candidate,EXACT_FULL_SEQUENCE_LOCAL_QUALITY_PENDING,3db01be1adce0511b0a653ec8fb93292fec16f0f6412a79584e7ee8dd0070dcc;2b377e44944f5c56b0150f003347fdcf9a031a53bbf21fd54d9d19f441c6f6db;51c028fb37505825a48e963d305e56392151b0e2ed1c99ecd9faa27db1f82a50,planned,not_assessed,0.1.0
29,A2AS55,AlphaFold_DB,AF-A2AS55-2-F1,A,held,ALPHAFOLD_ACCESSION_DIFFERS_FROM_CANONICAL,,metadata_held_or_excluded,not_assessed,0.1.0
30,A2AS55,AlphaFold_DB,AF-A2AS55-F1,A,candidate,EXACT_FULL_SEQUENCE_LOCAL_QUALITY_PENDING,2f87fe6ac569ccc4e3480de1f870869c48647a354010eec5e103111dcae77036;a26664a74f720f15ef7adf78ce2b779cf6dcd5b7cb71786d0b4ebd600f3cf0e9;ed145d89f76608b0c665aef971b6ffbca727255f9daf25922553b3b244c5da93,planned,not_assessed,0.1.0
31,A2AVA0,AlphaFold_DB,AF-A2AVA0-2-F1,A,held,ALPHAFOLD_ACCESSION_DIFFERS_FROM_CANONICAL,,metadata_held_or_excluded,not_assessed,0.1.0
32,A2AW67,AlphaFold_DB,AF-A2AW67-F1,A,candidate,EXACT_FULL_SEQUENCE_LOCAL_QUALITY_PENDING,60b6550169e294abe7dfaf026b343b84fed09b766c3660f5d3eaa90fd2e3cf9d;afe44d5f04a40d5e95d9207561e2a9638ab4c236a13d42050a182bd7c704219e;ea63e33d0d0f79c6ed9d813676703b3433886da68c1dc44101721cae60616881,planned,not_assessed,0.1.0
33,A2BDX4,AlphaFold_DB,AF-A2BDX4-F1,A,candidate,EXACT_FULL_SEQUENCE_LOCAL_QUALITY_PENDING,305d34b6f8ab9456d08b3b80bc63841fba832415f664705b488dbf01d39673b4;ea297e778ffc12e153fe954716a522b827550106ce699741d35d52359e35767b;820ec0a070d7f874d124699b0a0a398b0aed0ba9b22a460dd06566404beb78ef,planned,not_assessed,0.1.0
34,A2BI40,AlphaFold_DB,AF-A2BI40-F1,A,candidate,EXACT_FULL_SEQUENCE_LOCAL_QUALITY_PENDING,450394011420752e5a8ddf4f16dcc2741d18c179b9615f5998aab4b51f3baa8b;94111c6ce0d494085e6059a5c36eb2dc32df06fccf75740b0c623f247d84dbf5;a04ce3078f876434bf0a9e5abae419a36201a8e95a9c1531e49b32223889b7ec,planned,not_assessed,0.1.0
35,A2CI98,AlphaFold_DB,AF-A2CI98-F1,A,candidate,EXACT_FULL_SEQUENCE_LOCAL_QUALITY_PENDING,047967fbc91a2ae4f4bd96e4c88d786fb69ba07d756fccf948cccfcbd42c4a91;24eeef8f4d35e5e279b9a557b2197dbecb9bb6d2d2fac922b3eaf1dca8b2a6e6;ce3c7bf04898b26b07caf75164e4b6926c81e086896aef9443b4e2be5414c716,planned,not_assessed,0.1.0
36,A2RSY1,AlphaFold_DB,AF-A2RSY1-2-F1,A,held,ALPHAFOLD_ACCESSION_DIFFERS_FROM_CANONICAL,,metadata_held_or_excluded,not_assessed,0.1.0
37,A2RSY1,AlphaFold_DB,AF-A2RSY1-3-F1,A,held,ALPHAFOLD_ACCESSION_DIFFERS_FROM_CANONICAL,,metadata_held_or_excluded,not_assessed,0.1.0
38,A2RSY1,AlphaFold_DB,AF-A2RSY1-F1,A,candidate,EXACT_FULL_SEQUENCE_LOCAL_QUALITY_PENDING,c1564201368fa53d6242fd928e65af66365cbdd97782910ed841804bec7967c9;c85137753dd97603ec87cedecc4126e988e46b1ba3fee20ba7420a2658f6e4a7;357189b0abde5da604ab5cc9313a33644f359f15fd0744e1c3373ec091107c4d,planned,not_assessed,0.1.0
39,B1ARV3,AlphaFold_DB,AF-B1ARV3-F1,A,candidate,EXACT_FULL_SEQUENCE_LOCAL_QUALITY_PENDING,d6bb1dbe0716234b1c7b4dc3901cf9fb71afcc794194cf7ea27d0ca0b71ea06e;06f546a0b6d1bbb2612337efff55c8dd94a7b0e0002029a359e77da4cbff4215;568c8820fd02465c163593d136dc474b6229bf85c2bbb008587a20ac85929940,planned,not_assessed,0.1.0
40,B1AT66,AlphaFold_DB,AF-B1AT66-2-F1,A,held,ALPHAFOLD_ACCESSION_DIFFERS_FROM_CANONICAL,,metadata_held_or_excluded,not_assessed,0.1.0
41,B1AT66,AlphaFold_DB,AF-B1AT66-F1,A,candidate,EXACT_FULL_SEQUENCE_LOCAL_QUALITY_PENDING,86cd473f23dba2235ee5b5031b51bc6dda643db6021aaccb4671a9ae9b3f5c09;ec5fd99b9929895e5bc28333ce069ebe43477c807d162e94b044dffa28d013da;23327c28750bdcfe8a0a3fb94ea6416bb23533951f1d4915895ca556e70800af,planned,not_assessed,0.1.0
42,B1AUH1,AlphaFold_DB,AF-B1AUH1-2-F1,A,held,ALPHAFOLD_ACCESSION_DIFFERS_FROM_CANONICAL,,metadata_held_or_excluded,not_assessed,0.1.0
43,B1AUH1,AlphaFold_DB,AF-B1AUH1-F1,A,candidate,EXACT_FULL_SEQUENCE_LOCAL_QUALITY_PENDING,f5a81075d3c8c332be70934558dd2b49aed7f86d6ba1ea4828f5a61663910d06;30c4f74ae3e2e2bbab242540912efb012aac333fac8656a8aa48de991c2f348c;19baca23ed474e4b363fe2d66f178e57af86ce27ea335722e4229280fbe052d0,planned,not_assessed,0.1.0
44,B1AX39,AlphaFold_DB,AF-B1AX39-3-F1,A,held,ALPHAFOLD_ACCESSION_DIFFERS_FROM_CANONICAL,,metadata_held_or_excluded,not_assessed,0.1.0
45,B1AX39,AlphaFold_DB,AF-B1AX39-F1,A,candidate,EXACT_FULL_SEQUENCE_LOCAL_QUALITY_PENDING,8de25e464fc8bd733972d100b22a1dd583220d97c44e4599c9b1b2ae95b5587e;8421f942efd9801d4af5e9392deb169f725fb73cc9aa33cd977b1389f6c15b65;ba435aa89d893bee535cb8dd55d9754e5f36d5890c7da2d693f267a5169c2157,planned,not_assessed,0.1.0
46,B1AXH1,AlphaFold_DB,AF-B1AXH1-F1,A,candidate,EXACT_FULL_SEQUENCE_LOCAL_QUALITY_PENDING,489eb00f426c3281496e7ed3a9ecd1dc2c9f0e2c176b4820368393c1f788f05f;82689eb565e596e96f8851a422ccc35a4a2bf10f1f58a19b9e2118e283c09326;c848475fa6c4a5db41db32302e8856e0725b2f2fe58fd417e410f7cb7246069d,planned,not_assessed,0.1.0
47,B2RUR8,AlphaFold_DB,AF-B2RUR8-F1,A,candidate,EXACT_FULL_SEQUENCE_LOCAL_QUALITY_PENDING,4d6783a6aaed76fdfb534fcda7ec9fcb6d0344c93bf29ebef406f9c52ee1e724;8bfe5d837d6787384479dc12bb656dd1ea15c7876bb7a29dc449ef72291a2cf7;c28d17fb77afd4281939bd733488355e63db269656c1846e7cd63d954ba90d84,planned,not_assessed,0.1.0
48,D2J0Y4,AlphaFold_DB,AF-D2J0Y4-F1,A,candidate,EXACT_FULL_SEQUENCE_LOCAL_QUALITY_PENDING,810dc7307be206b83d19c900858326ea7147df9b712d818bae430be3b781e188;41e7ed39725ef38a85279f04f993b7061ba4eaa528722c3f3f3da63c0030fd4f;456afd6e4bac909fdac21f989d7c0f262d0658c048966b12bcc85af13cc1ecda,planned,not_assessed,0.1.0
49,D3YVV3,AlphaFold_DB,AF-D3YVV3-F1,A,candidate,EXACT_FULL_SEQUENCE_LOCAL_QUALITY_PENDING,0a35fab8c9de0276493ecdc3c030efa0cdad4f6eef9302692d9390d222181d59;1a2ac72e3b26dd709f6516154e4ca0401f6c9f2d6097460d90dd7b48ce39ba83;d88597814ab0893bd8bf047390bf8030c0e4a9d6776d913420464e25a5c8a2ed,planned,not_assessed,0.1.0
50,D3YWE6,AlphaFold_DB,AF-D3YWE6-F1,A,candidate,EXACT_FULL_SEQUENCE_LOCAL_QUALITY_PENDING,d523cf852c3383e76f644b80450d34531c6b6344ede636838c2941b99da25633;fd4b4973f80881a04757904c59eb09207daaafccd8a1f762c0c0980f54fdcc99;e3eda986806a202f9cb607eb11d4c64ee749790b228fadca8305544d0d6f7bfd,planned,not_assessed,0.1.0
51,D3YX43,AlphaFold_DB,AF-D3YX43-F1,A,candidate,EXACT_FULL_SEQUENCE_LOCAL_QUALITY_PENDING,9e930c63f47dbe4fa775beb138afef82c08b15716ced2e7d584b08d14f06392f;45fe4db7713c032e499ee566d7956129ea3cfd12066f49cb2a225d5cd1bd90dc;af7a440e0d68e75d9e660ed4f1e0c483883070d05cd8cbdef326063347f70bd0,planned,not_assessed,0.1.0
52,D3YZF7,AlphaFold_DB,AF-D3YZF7-F1,A,candidate,EXACT_FULL_SEQUENCE_LOCAL_QUALITY_PENDING,18e7e1bf45faf38c60bf62c022af050f28abd7915ce8b863457b12791bc21a24;a1890c3f9b9841ea59f261faa64eda84b083f19e14d48b111d48ec24814d0d5d;c244fa1e2c95e28bd56ed5f55baf284af00d2beef50b236ff3aa274f2dfdc67f,planned,not_assessed,0.1.0
53,D3Z5W0,AlphaFold_DB,AF-D3Z5W0-F1,A,candidate,EXACT_FULL_SEQUENCE_LOCAL_QUALITY_PENDING,541a614c836b1663668fb54ac06c5a44669796a8b6676a2d59e05ba79386587e;7b2d4e1e0aebdb4887851bf81cc965f691753fdb9de0302b84bb36e1c04e3f4a;492d059e3061237529d605e57832127ee2d2eaee5407f3e5ce344bc14ac49673,planned,not_assessed,0.1.0
54,D3Z7A9,AlphaFold_DB,AF-D3Z7A9-F1,A,candidate,EXACT_FULL_SEQUENCE_LOCAL_QUALITY_PENDING,414476f4913512dda13a2aec1b465834326fff159999411190e93abba3ea514d;bad834e6e497832664afbf84587fe7a51c7a4869766e99d088dc6ed21c0a6401;ab1f3c9a627a9594bc3df625d8e1db415cc827029b346c426ee78e6c24aa38a9,planned,not_assessed,0.1.0
55,E9PX79,AlphaFold_DB,AF-E9PX79-F1,A,candidate,EXACT_FULL_SEQUENCE_LOCAL_QUALITY_PENDING,c974cb4e63f503f4e55d4552b5da7fa747074c9820bbb652f955158a96d61151;8affd89a89891c0bef96bf75234b44d288be8c896bb341bd02f8172f7c2906c4;a25cee1d852a8f0a0228efa7f21a6f2a0cbf37427d874ca2a2d27bd11da39bc6,planned,not_assessed,0.1.0
56,E9Q079,AlphaFold_DB,AF-E9Q079-F1,A,candidate,EXACT_FULL_SEQUENCE_LOCAL_QUALITY_PENDING,2a80786c4845f9cad0820d67dc368317095efb590ff5849ceb7513206388a75a;b1bf9bb12879d67760ba43a5a986c8ec2b7743d3a1e8b760481323201b1e21ce;024db75ed1f5d561c3590ae733f230d189c1284fc3fcd0830729173bd6684eda,planned,not_assessed,0.1.0
57,E9Q1P8,AlphaFold_DB,AF-E9Q1P8-F1,A,candidate,EXACT_FULL_SEQUENCE_LOCAL_QUALITY_PENDING,a8658332d789c4f8ba127bc9f52c7475f8c46b46dac42811538ab6b8926bb262;52200cc892a96c98a92c029e5838005ca606906ecb8bc252c12c26e125b1bc96;5a569fed85cb124a10c5983924e98fc6a8e29cf860021d14200a1b4d02ea9bb1,planned,not_assessed,0.1.0
58,E9Q238,AlphaFold_DB,AF-E9Q238-F1,A,candidate,EXACT_FULL_SEQUENCE_LOCAL_QUALITY_PENDING,7d67161ecd9dd1a08823386ec3d91e732534179f9faf1272e34086e0e2a65b6d;488c97574ea4226597e47bcb58adc9d613f041256a1471c7a2190d56543dcf26;a8ca9d06f93983d67168d40c374d27309a1145f39301a7b11db56bfb08f639f5,planned,not_assessed,0.1.0
59,E9Q238,PDBe_SIFTS,5yay,A,candidate,MOUSE_SIFTS_CANDIDATE_LOCAL_REVIEW_PENDING,be63a8d12fd1b540eb43a185c836e5014ebb9e57bdb17eea59031fcebbc58cde,planned,not_assessed,0.1.0
60,E9Q238,PDBe_SIFTS,5yaz,A,candidate,MOUSE_SIFTS_CANDIDATE_LOCAL_REVIEW_PENDING,e8aa78be74f471b4226d64f285c62094d9e68e5ad27ab7d99575d6adf59bae90,planned,not_assessed,0.1.0
61,E9Q238,PDBe_SIFTS,7ddx,A,candidate,MOUSE_SIFTS_CANDIDATE_LOCAL_REVIEW_PENDING,9bae8d4285f6c39d3167e347d7f0496396780bd87bb548b50edda11d06f3ec27,planned,not_assessed,0.1.0
62,E9Q2T4,AlphaFold_DB,AF-E9Q2T4-F1,A,candidate,EXACT_FULL_SEQUENCE_LOCAL_QUALITY_PENDING,858a37d94bc35724d9c0681bbaf0831affd58ecb221ed2a719d3dab47eddfc93;f4db9bdbc563d4c8e77caee7a2852df21ce285f0358b5567d21cd11a16e7c4bc;59ad70ec8bd8e46af7aef8397893ab4cbf5cd3cc3c82711a6b70d426fde99b9c,planned,not_assessed,0.1.0
63,E9Q4M0,AlphaFold_DB,AF-E9Q4M0-F1,A,candidate,EXACT_FULL_SEQUENCE_LOCAL_QUALITY_PENDING,e4e2a5bcb3e1e102fe6f626100633cf2fbb0156fee70b11e1a5cba4056ef23f9;54029928a0b8889d3bf1dc06f6766c9668a5fe57c3a41660489b9a3faabd3eb7;f2ecddb499bf8e072365b98898a42c417754ce5d760e857e0ab78f2d9a12f987,planned,not_assessed,0.1.0
64,E9Q5N9,AlphaFold_DB,AF-E9Q5N9-F1,A,candidate,EXACT_FULL_SEQUENCE_LOCAL_QUALITY_PENDING,547845afa23a5f1ab2f6dabce49a4f487cef5520aa0a9741dcded7717f63b6eb;22edb87b366980b947e440791b899fcf8b4ef284abacf476660f41db5c2ff7d6;88d0185944e88e9b11f2b56a503da6a937e0077f8d6a6aba4c3f74ce28d1ba66,planned,not_assessed,0.1.0
65,E9Q8I7,AlphaFold_DB,AF-E9Q8I7-F1,A,candidate,EXACT_FULL_SEQUENCE_LOCAL_QUALITY_PENDING,2ebe533c62d315e51029d3d5ba157d3378754f79b00cc86eb56d7430e241fa8b;fc456b21a50d1147346084f94b85a5d11a4b4db069ce3e65cc19a537c6bedd57;0e0d2b336bf5161dda53759485a9be5d1aa1b8f30886ae0a9f7c123a0d64704a,planned,not_assessed,0.1.0
66,E9QNZ9,AlphaFold_DB,AF-E9QNZ9-F1,A,candidate,EXACT_FULL_SEQUENCE_LOCAL_QUALITY_PENDING,ea8480f30c4d4086868b099ebb98c1f6f520fcd7c7ed8f5960a9ea8b41fd2b02;67dfb6578b35d039230124eb967de630f5516fdbb8b5d75b08ecf699ff25b99c;4cab308e21f0ca7df77b8c2f8ad37c021096f8376a9722fcf4cc4afd53c427be,planned,not_assessed,0.1.0
67,F8VPX2,AlphaFold_DB,AF-F8VPX2-F1,A,candidate,EXACT_FULL_SEQUENCE_LOCAL_QUALITY_PENDING,18b0e0678cb7870bb3749cc9acb9fc87b37122ac36e1fca0e8febe7e1d5b23e7;c0647b9a0a554c7110f24ec0d970336301e8a3064b53aa2f206a4f5628abb6ca;12a01c3fffd1d2841078bb8321c1b9fea6609bcd0c38840567b8b1877610b31b,planned,not_assessed,0.1.0
68,G3X924,AlphaFold_DB,AF-G3X924-F1,A,candidate,EXACT_FULL_SEQUENCE_LOCAL_QUALITY_PENDING,e626d538c381907a712887c8818d25565e8681ada516e8b9703559e7fc40a0df;8a2396ec2f2b77d3f4acce10325b209fe0b8bf2c9e17f35dde00d0fb1b31ebb1;2d472d429c55768c463e6a8bf30743e1284a20b7878a75dd5c40133937f50480,planned,not_assessed,0.1.0
69,G3X9M9,AlphaFold_DB,AF-G3X9M9-F1,A,candidate,EXACT_FULL_SEQUENCE_LOCAL_QUALITY_PENDING,5edb04f445a10e7842dc724b79ba7ee13cb5fc804c1c5b448d450b77754cf7f4;18c5d386d640568e2d60af18aed7dedeeb08e513471062596d994ef00798f9b2;7177176cb21c340b9b8792b2ce64a8831b45c01f9393924e908d900634c3bfb5,planned,not_assessed,0.1.0
70,G3XA59,AlphaFold_DB,AF-G3XA59-F1,A,candidate,EXACT_FULL_SEQUENCE_LOCAL_QUALITY_PENDING,6240f3d21a0cd0fb274dd242bb6281d28e62f3828a825087c686c22805787a43;88488a4ff1d96b80c0906189bb45983e6dda6583e623977b4bfa7a328e6f6487;7ff429e7135f13215ef328b44da68ecefbdb8f2720158b64962ff1749cbf4452,planned,not_assessed,0.1.0
71,G3XA59,PDBe_SIFTS,8rex,E,candidate,MOUSE_SIFTS_CANDIDATE_LOCAL_REVIEW_PENDING,b67711f1738b54098e7d2a3d1a90605d8f5369bff738b0488a0a08d0bb243b11,planned,not_assessed,0.1.0
72,J3QNP2,AlphaFold_DB,AF-J3QNP2-F1,A,candidate,EXACT_FULL_SEQUENCE_LOCAL_QUALITY_PENDING,d4cb7babb073783ba73b5b9e3657471801c04a05f63a6d8933bf0bf5d45b43c7;ece253edfaf2b4b22ef37d9cddb2d7775508f293ff7a429c24b4919bd0d7181f;2f9f0a4a6f3726f113e8c7e8a3db523481107bcae110f7044c7f1968dc7c7ea9,planned,not_assessed,0.1.0
73,O08575,AlphaFold_DB,AF-O08575-2-F1,A,held,ALPHAFOLD_ACCESSION_DIFFERS_FROM_CANONICAL,,metadata_held_or_excluded,not_assessed,0.1.0
74,O08575,AlphaFold_DB,AF-O08575-F1,A,candidate,EXACT_FULL_SEQUENCE_LOCAL_QUALITY_PENDING,b1e170c977c70a098c87fa9e1695852071679599e9c619d2f6a9a3927cebecdf;440556b16fe56ed7c28ce4c000bf63c9dd268dcc07aeaa4da371e388259ceaa8;92dfc0e5b424e26214ea4fb7f153ed2f657125ee21f3a4ad3dd7bc59c65d89c3,planned,not_assessed,0.1.0
75,O08691,AlphaFold_DB,AF-O08691-F1,A,candidate,EXACT_FULL_SEQUENCE_LOCAL_QUALITY_PENDING,d3222e4464207948bc61fb6b5ebb2d29fd072aca44d76a9c3e39e6876e8ea999;537e9c6607fa0be04817b94f5232837e3f20c212dac52e6cef50094b67a54bb7;dda9c61317ae99a40c4c31c3e3f3ca4aca49f32d644d27c58de19c6bd846fada,planned,not_assessed,0.1.0
76,O08707,AlphaFold_DB,AF-O08707-F1,A,candidate,EXACT_FULL_SEQUENCE_LOCAL_QUALITY_PENDING,0f415aacef6b7267f365e080816ab096c681bc90a88e58fe79f300d94f96ec5a;09cde8d3f3caf96b21e7f01a1d74b2e096cb7f705537e89b3381fb6e4803fa8d;8ed8ba03bd88d940c6c5386387dedb68d3a158ec741c0914835c0facb0ef43fa,planned,not_assessed,0.1.0
77,O08746,AlphaFold_DB,AF-O08746-2-F1,A,held,ALPHAFOLD_ACCESSION_DIFFERS_FROM_CANONICAL,,metadata_held_or_excluded,not_assessed,0.1.0
78,O08746,AlphaFold_DB,AF-O08746-F1,A,candidate,EXACT_FULL_SEQUENCE_LOCAL_QUALITY_PENDING,19035727b936823e0945b4ad038a397446cb7639db6eb1df68e56a51b241f7ca;237acabfc28f9f87fea50b36e649fc93a37058fec9a289e94e75a471278d2357;68127b3123ec1110d3d1d27239b793a1f629be28ba72ad6a304499ca1ef11170,planned,not_assessed,0.1.0
79,O08969,AlphaFold_DB,AF-O08969-F1,A,candidate,EXACT_FULL_SEQUENCE_LOCAL_QUALITY_PENDING,42ca39efbc5d5af313e766640ec6bc9dba9c342ad2d96f8aed76f923aeabf1de;34fb16f9dd5afcb13a8f8878018d0b0824e3df24011a4c379690db14a0a7a8b7;23aabacd9dbf1cf9118d52e8092df132e8eb17f5588392bcdfd2e557a90aa698,planned,not_assessed,0.1.0
80,O09133,AlphaFold_DB,AF-O09133-F1,A,candidate,EXACT_FULL_SEQUENCE_LOCAL_QUALITY_PENDING,697ab9df858f66a8994c92f6f41a96b853290ec8b9e576756bdf92e2720cb30d;eed0002f905cfb86633d9b2e3306621a789d7216998757ef45282f58c12714f5;c9cea43b9fca9cdcf7357aa1d63c664e2b8b7fd561b048e3bb7ac6d636d865fa,planned,not_assessed,0.1.0
81,O09174,AlphaFold_DB,AF-O09174-F1,A,candidate,EXACT_FULL_SEQUENCE_LOCAL_QUALITY_PENDING,5f464d9dcc9023ca3539a0dbe259df5dc70eb9b39567921d30e446adbe642b74;593784606f55a85eee682e7136ce6baea78d118b4179f9c04d53c7bb7d7eb1f1;08f47a5c619570a86e6178c0b4636a5525fc2045d5be4919ecbaaab6c66c417c,planned,not_assessed,0.1.0
82,O35074,AlphaFold_DB,AF-O35074-F1,A,candidate,EXACT_FULL_SEQUENCE_LOCAL_QUALITY_PENDING,1a63bcd9d8508a6cde6853705b63d18295164a1dc0f27c953a5192ed5d8e8448;650da2353fbf651ce9ea7132783a47aad53271ac0636214ed05f835d911cde6d;9ec70c1dd98023db632d1576bc2cc8ae774e548e892a413a8e6ff9144de96d6b,planned,not_assessed,0.1.0
83,O35082,AlphaFold_DB,AF-O35082-2-F1,A,held,ALPHAFOLD_ACCESSION_DIFFERS_FROM_CANONICAL,,metadata_held_or_excluded,not_assessed,0.1.0
84,O35082,AlphaFold_DB,AF-O35082-F1,A,candidate,EXACT_FULL_SEQUENCE_LOCAL_QUALITY_PENDING,f1443fc3eabe17da57464a41d8786d7c8a3e46331ac416068ee8fb45ba7cbdfa;b7ece343618065e5550d7738b920022aa46f4940eaa75ae7013ed4602bf7dd87;4619185f0bc3004822caa980d6120971269df637334e6d367853fd1c3ac49985,planned,not_assessed,0.1.0
85,O35103,AlphaFold_DB,AF-O35103-F1,A,candidate,EXACT_FULL_SEQUENCE_LOCAL_QUALITY_PENDING,3d34ad14578294429ff5923b320ad3d45c99ddbfc72234d4ab6aa3a5d7f181b5;f8f724c8dcc56129bda435069665f1f1caf0985274fafa33ebb8292e9439b92c;f9ec9f2ca6c38ab5709dd194fe7f294668c46ad4782ca6adb76a0992edcdb62a,planned,not_assessed,0.1.0
86,O35177,AlphaFold_DB,AF-O35177-F1,A,candidate,EXACT_FULL_SEQUENCE_LOCAL_QUALITY_PENDING,e2c61e1df8e95ded6b80368aec492f9ab21d4644caff8ef4ea8fceb285a01ac5;1dde396f177001d0d6e2ff35897203b1d9f76faac6dd570957d6c66e2175e670;2988c3e05789a8beb75f6ff2712321e56541a1ed80fc8bac9e5fe01aadfdebc2,planned,not_assessed,0.1.0
87,O35182,AlphaFold_DB,AF-O35182-F1,A,candidate,EXACT_FULL_SEQUENCE_LOCAL_QUALITY_PENDING,9be34fbe577a7e57639ee6e0990280fbc628a1dc4046c9cc1065e5e0f2a76d3a;b4c86306f6dd3b356a91c35211bdf35f8dfbaa89cba15a3da8b6c13b71efb0d8;c36cc6af1507048adbb6a33617471d88b8c4f9c768ef8568fc240fff6f8ef5ff,planned,not_assessed,0.1.0
88,O35228,AlphaFold_DB,AF-O35228-F1,A,candidate,EXACT_FULL_SEQUENCE_LOCAL_QUALITY_PENDING,16b0f98153c930cc21b567aabecb8842bda811e97f92e0f950c19c4a455e4e83;ecd85ab822558260ea681d34d3d1ce8ee4ece36727498a377b3e626edcfcaa2f;0a04f5d317fda3ab25b77f74eb8bdabc690cea0ca10caaf67b7a4ece263cfe10,planned,not_assessed,0.1.0
89,O35228,PDBe_SIFTS,7z0l,B,candidate,MOUSE_SIFTS_CANDIDATE_LOCAL_REVIEW_PENDING,077ddd2138333e6075fa8214e5ef254a5e069138cbb44ff820ca4d4e3540e64a,planned,not_assessed,0.1.0
90,O35228,PDBe_SIFTS,7zg0,C,candidate,MOUSE_SIFTS_CANDIDATE_LOCAL_REVIEW_PENDING,6ae5a8acba3057a2af06bc9c3fb13bed69575bc4122f2238fec1a2c1b216d5a1,planned,not_assessed,0.1.0
91,O35228,PDBe_SIFTS,7zg0,D,candidate,MOUSE_SIFTS_CANDIDATE_LOCAL_REVIEW_PENDING,6ae5a8acba3057a2af06bc9c3fb13bed69575bc4122f2238fec1a2c1b216d5a1,planned,not_assessed,0.1.0
92,O35316,AlphaFold_DB,AF-O35316-F1,A,candidate,EXACT_FULL_SEQUENCE_LOCAL_QUALITY_PENDING,06391d524a6b58d019dc238d24d54fc75f4a738c80b2cdefa58ff61f912923cb;5f6b3be134f8d909a58bb810d87f540b910fca52d4dc91a001aa31d1a73a0243;05569333c6d28233b06a65692a0ad286d99124d4d597044211865a3f09430873,planned,not_assessed,0.1.0
93,O35316,PDBe_SIFTS,9kmi,A,candidate,MOUSE_SIFTS_CANDIDATE_LOCAL_REVIEW_PENDING,5d586185e2b7c18211d1850df230182955b8bbc45bd247f5dc5023313a4a97a4,planned,not_assessed,0.1.0
94,O35316,PDBe_SIFTS,9kyo,A,candidate,MOUSE_SIFTS_CANDIDATE_LOCAL_REVIEW_PENDING,742a819c01ff1d127aea7d55f275f630004aa45759a9a73a04640d6e75419d55,planned,not_assessed,0.1.0
95,O35425,AlphaFold_DB,AF-O35425-2-F1,A,held,ALPHAFOLD_ACCESSION_DIFFERS_FROM_CANONICAL,,metadata_held_or_excluded,not_assessed,0.1.0
96,O35425,AlphaFold_DB,AF-O35425-F1,A,candidate,EXACT_FULL_SEQUENCE_LOCAL_QUALITY_PENDING,ab07b5048a6128804181c03a2d43d4a0e192ea7ec051de3e97e1e03b0f76b9bb;aa902a4b583bcbea310e65e2c5f84ce03e625875cbbb07897e7c677c82f863e8;6d688d0ae996448d174b4956670e9cc70d122509da5a83e367a4fe4b7b39d945,planned,not_assessed,0.1.0
97,O35600,AlphaFold_DB,AF-O35600-F1,A,candidate,EXACT_FULL_SEQUENCE_LOCAL_QUALITY_PENDING,82bff3811679a20c42c9addb1af76da4baf224032eacc232b09b9c9ca78090d4;b67b0457e19253a8eafee09464b99c8e7b24e9cadf0fff2fca695c25ad7b4a83;4b55befe308e4d57a954e0823ebb22f48fd260cd4c62e26e0e6ce2dcd1b39070,planned,not_assessed,0.1.0
98,O35604,AlphaFold_DB,AF-O35604-F1,A,candidate,EXACT_FULL_SEQUENCE_LOCAL_QUALITY_PENDING,b354aff6f46e52d10fbcdebf5335673a0b1c70f94634c37bcf2079e28b36aed7;7a0b20c725d2c0ec3a9301702d9cb3e972e279970ae341aebfc698ccda195c53;51d3aaee3dd404d0efdc7e86450b7f6ad3d1811b6e72367b9cd088c65e35eca3,planned,not_assessed,0.1.0
99,O35608,AlphaFold_DB,AF-O35608-F1,A,candidate,EXACT_FULL_SEQUENCE_LOCAL_QUALITY_PENDING,0dc7dd1d18e82c0f766091f85edede9347b7e49c86924a3a344d7b6dfaa53c05;480fe548e05ee60703362e835df4de2a1fd9ac79a7f9ed4968091cd74af86450;4eca0ad11bcbf49c0e2cdc1ccf643f1ae5ffef01aa4ab57d66e2bd0be29dd514,planned,not_assessed,0.1.0
100,O35639,AlphaFold_DB,AF-O35639-F1,A,candidate,EXACT_FULL_SEQUENCE_LOCAL_QUALITY_PENDING,a7ddc8e6a7cc2a228b661e6ac454533e269960a17aaebe156c18c94cda6301e5;11822fc2468d73c2eb055ff56d0dd749cca2e8f406c3179c317300d1c73f080c;691b47cda57a9ab1c16d29f3d51c12d74f0ff6fa44ed8694dce1bbbe5e3848fd,planned,not_assessed,0.1.0
101,O35640,AlphaFold_DB,AF-O35640-F1,A,candidate,EXACT_FULL_SEQUENCE_LOCAL_QUALITY_PENDING,c5d598f8b680df9817c026808eb5f75e07d0788352690782565c6fb088453883;9de9b11794594bf5c22593741d96c744ae4aee16e25c60f667326739f2cd24d3;f60a9787246632ef94f4c06ef654fe914a4b515d5b6bc2266d5307b77b4269fa,planned,not_assessed,0.1.0
102,O35655,AlphaFold_DB,AF-O35655-F1,A,candidate,EXACT_FULL_SEQUENCE_LOCAL_QUALITY_PENDING,bb3f17a480ba9d47d2edcdbcdf2d624022b4992d87f6fda268e80c7e7d616e1f;c2e50f65cac4aab8ebda4e7bcb42fbdbe3c8ccdab458ce851703d9c5441c570b;ab469436abc220c6feb2eec7fe00f87b01e8e994ea5e29a6be572e9bdf6a09f3,planned,not_assessed,0.1.0
103,O35682,AlphaFold_DB,AF-O35682-F1,A,candidate,EXACT_FULL_SEQUENCE_LOCAL_QUALITY_PENDING,c7e6981b72d93fd22e9c0ad1aed9ddde1023aacce00cc94ede87b032c68e7196;566f268be10a5baf5bc0a66dc4bb2da0dfe6ab4880427586371c685051bc6443;f33a4c5273a1d2a34f2cf98f804ad902d240dfbbf5de4d84517a8a5b44f6739e,planned,not_assessed,0.1.0
104,O35709,AlphaFold_DB,AF-O35709-F1,A,candidate,EXACT_FULL_SEQUENCE_LOCAL_QUALITY_PENDING,e6a7e633f1a71bc2a4ece9502526d4c4d94d93ccef25439fc7789525f93c3573;44cf061e43a3a6f45e43c16f8e4397aa6f181b165ff49d100a6c8791303c0c41;80160c72bed3b2e42ed083e1e1710940359cde30c0b03a106e61bd660c300c9c,planned,not_assessed,0.1.0
105,O35969,AlphaFold_DB,AF-0000000007636823,A,held,ALPHAFOLD_MOUSE_TAXONOMY_NOT_CONFIRMED,,metadata_held_or_excluded,not_assessed,0.1.0
106,O35969,AlphaFold_DB,AF-O35969-2-F1,A,held,ALPHAFOLD_ACCESSION_DIFFERS_FROM_CANONICAL,,metadata_held_or_excluded,not_assessed,0.1.0
107,O35969,AlphaFold_DB,AF-O35969-F1,A,candidate,EXACT_FULL_SEQUENCE_LOCAL_QUALITY_PENDING,65edd1fb66d7d308fcd39cd9e08344554504c2596c488ddfa17daddf2fc6e0df;51a40a3615d3f894a19355055612e0de14673db63e8863f4c67352980d68b647;22c08a3c54a0200387fd0a492fb5bf8b74e0c8e3c4b522e8ef1efebffeb9df29,planned,not_assessed,0.1.0
108,O54786,AlphaFold_DB,AF-O54786-2-F1,A,held,ALPHAFOLD_ACCESSION_DIFFERS_FROM_CANONICAL,,metadata_held_or_excluded,not_assessed,0.1.0
109,O54786,AlphaFold_DB,AF-O54786-F1,A,candidate,EXACT_FULL_SEQUENCE_LOCAL_QUALITY_PENDING,b35c040e7fec7d7c43af4f81a8cfd6b214716c02ed618b93500a5abda2effc19;45d13183e77b552750f5933f935fbf00ed03e0cd2574d7d49d07b8df40bdd0ab;629f9673495b393da63833f92bffd2912b3dbe3d4545974d8a2c37838bf0e27a,planned,not_assessed,0.1.0
110,O54786,PDBe_SIFTS,1f2r,I,candidate,MOUSE_SIFTS_CANDIDATE_LOCAL_REVIEW_PENDING,bd6756dcb41c34a7aaf71ba3d7e5ad0c13345342b326eb2024b0049243d08d09,planned,not_assessed,0.1.0
111,O54824,AlphaFold_DB,AF-O54824-2-F1,A,held,ALPHAFOLD_ACCESSION_DIFFERS_FROM_CANONICAL,,metadata_held_or_excluded,not_assessed,0.1.0
112,O54824,AlphaFold_DB,AF-O54824-F1,A,candidate,EXACT_FULL_SEQUENCE_LOCAL_QUALITY_PENDING,0b3c9973b26010b279da9c5fb239a11ba751d943199621296e624b0aa6bd827a;0bb44649303f9e6f9c592c8edb555fb902b36bef42937037d824739186d4d517;172f21f3fd1210d952e9f6a8a03706e3917ccc07992ac36d2e70555445cb67e0,planned,not_assessed,0.1.0
113,O54890,AlphaFold_DB,AF-O54890-F1,A,candidate,EXACT_FULL_SEQUENCE_LOCAL_QUALITY_PENDING,15c40c92da141ad1ff1c04300d29401f1c2a28eda6c40c9e4366d5988ef6e0f5;0d150012c084d132f406e603cd00146c3e708c5fcbb84a7a3eeb95a479cc4cc7;17cdff7f065d449c42ff5911b6ea404fab910d841457ec49642a6e10f329db05,planned,not_assessed,0.1.0
114,O54890,PDBe_SIFTS,5xq1,A,candidate,MOUSE_SIFTS_CANDIDATE_LOCAL_REVIEW_PENDING,f783e4987c536364d984a39e643bf8bbf383dbca55bdc69ae2c9dd2cb38f7e35,planned,not_assessed,0.1.0
115,O54890,PDBe_SIFTS,5xq1,B,candidate,MOUSE_SIFTS_CANDIDATE_LOCAL_REVIEW_PENDING,f783e4987c536364d984a39e643bf8bbf383dbca55bdc69ae2c9dd2cb38f7e35,planned,not_assessed,0.1.0
116,O54890,PDBe_SIFTS,6vgu,A,candidate,MOUSE_SIFTS_CANDIDATE_LOCAL_REVIEW_PENDING,cb4827c1fc35ac32a64bf212fa3d34a2015c4007c2e4967115e041dbb7c6b610,planned,not_assessed,0.1.0
117,O54983,AlphaFold_DB,AF-O54983-F1,A,candidate,EXACT_FULL_SEQUENCE_LOCAL_QUALITY_PENDING,15f89ad1fd56a066b0557a289d6f89d1f6e0d24b2628d753363774ef95d38b64;f6c26a76d7db9436bdcdc74aaabc4a7380ac11154e47475d707925cdede22d59;911c57c81ab17a2e1cf35b1a3d807936059817a1c80f8eee22af604b95f9f94d,planned,not_assessed,0.1.0
118,O54983,PDBe_SIFTS,4bv8,A,candidate,MOUSE_SIFTS_CANDIDATE_LOCAL_REVIEW_PENDING,b2d2468f63667fe31fe05c421815e93c58b9e40d6467566c5476671711d5c2f6,planned,not_assessed,0.1.0
119,O54983,PDBe_SIFTS,4bv8,B,candidate,MOUSE_SIFTS_CANDIDATE_LOCAL_REVIEW_PENDING,b2d2468f63667fe31fe05c421815e93c58b9e40d6467566c5476671711d5c2f6,planned,not_assessed,0.1.0
120,O54983,PDBe_SIFTS,4bv9,A,candidate,MOUSE_SIFTS_CANDIDATE_LOCAL_REVIEW_PENDING,07b4e5c88a2d562aa80f750ae44e803cb79e4543d57a8d2766c133b09bc5f77b,planned,not_assessed,0.1.0
121,O54983,PDBe_SIFTS,4bv9,B,candidate,MOUSE_SIFTS_CANDIDATE_LOCAL_REVIEW_PENDING,07b4e5c88a2d562aa80f750ae44e803cb79e4543d57a8d2766c133b09bc5f77b,planned,not_assessed,0.1.0
122,O54983,PDBe_SIFTS,4bva,A,candidate,MOUSE_SIFTS_CANDIDATE_LOCAL_REVIEW_PENDING,9d0ccd4e872d4a8b9b4066afe33c1c2a816980ecc8cb9c996f737b2d2fd85378,planned,not_assessed,0.1.0
123,O54983,PDBe_SIFTS,4bva,B,candidate,MOUSE_SIFTS_CANDIDATE_LOCAL_REVIEW_PENDING,9d0ccd4e872d4a8b9b4066afe33c1c2a816980ecc8cb9c996f737b2d2fd85378,planned,not_assessed,0.1.0
124,O55137,AlphaFold_DB,AF-O55137-F1,A,candidate,EXACT_FULL_SEQUENCE_LOCAL_QUALITY_PENDING,18251c4de750040aac9dacf86bf1bec69819661c3409f6859e7590714551a343;dc0986be0c50b01a04560435a5d88ba8dbb0981b956be7e7676dd98616b3e200;6fe397f8626e78ca9035142f394845c86f7caab4aa283c9c9e01fa1418374d8f,planned,not_assessed,0.1.0
125,O55240,AlphaFold_DB,AF-O55240-F1,A,candidate,EXACT_FULL_SEQUENCE_LOCAL_QUALITY_PENDING,d27fded19cc72182d5eae9485dd9bc2366ae1e1c961786ac801b3d7c7116dda3;d0ac8e339b87a02f10f3728662421a212ef8847b7236b6bafbdf033126dfa2d4;1964488dfd405f8fef21005fe0dc53cacbcc86d2880b530d36b25d28369c3eb0,planned,not_assessed,0.1.0
126,O55242,AlphaFold_DB,AF-O55242-2-F1,A,held,ALPHAFOLD_ACCESSION_DIFFERS_FROM_CANONICAL,,metadata_held_or_excluded,not_assessed,0.1.0
127,O55242,AlphaFold_DB,AF-O55242-F1,A,candidate,EXACT_FULL_SEQUENCE_LOCAL_QUALITY_PENDING,0592881040dbd553393d6afae9d8623ac84cc9f9d9dfed8404d9e800acc9b219;7ede56c236823f50dc3b4bbad2ea33cf4535f099cd40bbb7bcd5e6ba51a58177;813eff5d529b953ff676e513b27671f434445ef506ed1fb6ac37a58a3397ed7e,planned,not_assessed,0.1.0
128,O70126,AlphaFold_DB,AF-O70126-F1,A,candidate,EXACT_FULL_SEQUENCE_LOCAL_QUALITY_PENDING,496e79ba656217ac1e16ebbcef167acad5bd66377f14c5900a7a116f6ee6bd91;26da65fe3fd5b8d5169a90dcf6b0bf3ed13c83a42939d5762768f0cd9d5efa91;ccaa53709e5bdf11749e1eab6a26023a7a9e4921b712052edb3472f123e93777,planned,not_assessed,0.1.0
129,O70299,AlphaFold_DB,AF-O70299-F1,A,candidate,EXACT_FULL_SEQUENCE_LOCAL_QUALITY_PENDING,7dbb50c90e892516223939c7813833ad749da625f8fc12349030e0cd32869327;b96ab117a883fce268e9509beae8cacc364ad4bd043fac2ec8a3c46f86a1f552;05a8ff3da1dea4a5ece7a257d38b05d25c6ee3d2ae7970788ceb4e157d986253,planned,not_assessed,0.1.0
130,O70370,AlphaFold_DB,AF-0000000010760958,A,held,ALPHAFOLD_MOUSE_TAXONOMY_NOT_CONFIRMED,,metadata_held_or_excluded,not_assessed,0.1.0
131,O70370,AlphaFold_DB,AF-O70370-F1,A,candidate,EXACT_FULL_SEQUENCE_LOCAL_QUALITY_PENDING,ffbfd6cf5aeb8a1b208b68843b224f772d9feb795cc8964b40e72dde12bc727f;16016d57c153794b243636916a15841ec3a99ae7ab6a28723a645ce21428361c;2d4e320b8fff40f1a566c153aff19616e3bf7aae22439ef6f9d336d9df5199d2,planned,not_assessed,0.1.0
132,O70370,PDBe_SIFTS,4bpv,A,candidate,MOUSE_SIFTS_CANDIDATE_LOCAL_REVIEW_PENDING,a83e5e83a15b1019e68b536e5998b89de7016a624f0e89bc6be47d0b6e993eda,planned,not_assessed,0.1.0
133,O70370,PDBe_SIFTS,4bpv,B,candidate,MOUSE_SIFTS_CANDIDATE_LOCAL_REVIEW_PENDING,a83e5e83a15b1019e68b536e5998b89de7016a624f0e89bc6be47d0b6e993eda,planned,not_assessed,0.1.0
134,O70370,PDBe_SIFTS,4bpv,C,candidate,MOUSE_SIFTS_CANDIDATE_LOCAL_REVIEW_PENDING,a83e5e83a15b1019e68b536e5998b89de7016a624f0e89bc6be47d0b6e993eda,planned,not_assessed,0.1.0
135,O70370,PDBe_SIFTS,4bpv,D,candidate,MOUSE_SIFTS_CANDIDATE_LOCAL_REVIEW_PENDING,a83e5e83a15b1019e68b536e5998b89de7016a624f0e89bc6be47d0b6e993eda,planned,not_assessed,0.1.0
136,O70370,PDBe_SIFTS,4bpv,E,candidate,MOUSE_SIFTS_CANDIDATE_LOCAL_REVIEW_PENDING,a83e5e83a15b1019e68b536e5998b89de7016a624f0e89bc6be47d0b6e993eda,planned,not_assessed,0.1.0
137,O70370,PDBe_SIFTS,4bpv,K,candidate,MOUSE_SIFTS_CANDIDATE_LOCAL_REVIEW_PENDING,a83e5e83a15b1019e68b536e5998b89de7016a624f0e89bc6be47d0b6e993eda,planned,not_assessed,0.1.0
138,O70370,PDBe_SIFTS,4bqv,A,candidate,MOUSE_SIFTS_CANDIDATE_LOCAL_REVIEW_PENDING,851cf77d77758a882538b2f8960757247dba652509eb4472c3e4a86070072769,planned,not_assessed,0.1.0
139,O70370,PDBe_SIFTS,4bqv,B,candidate,MOUSE_SIFTS_CANDIDATE_LOCAL_REVIEW_PENDING,851cf77d77758a882538b2f8960757247dba652509eb4472c3e4a86070072769,planned,not_assessed,0.1.0
140,O70370,PDBe_SIFTS,4bqv,C,candidate,MOUSE_SIFTS_CANDIDATE_LOCAL_REVIEW_PENDING,851cf77d77758a882538b2f8960757247dba652509eb4472c3e4a86070072769,planned,not_assessed,0.1.0
141,O70370,PDBe_SIFTS,4bqv,D,candidate,MOUSE_SIFTS_CANDIDATE_LOCAL_REVIEW_PENDING,851cf77d77758a882538b2f8960757247dba652509eb4472c3e4a86070072769,planned,not_assessed,0.1.0
142,O70370,PDBe_SIFTS,4bqv,E,candidate,MOUSE_SIFTS_CANDIDATE_LOCAL_REVIEW_PENDING,851cf77d77758a882538b2f8960757247dba652509eb4472c3e4a86070072769,planned,not_assessed,0.1.0
143,O70370,PDBe_SIFTS,4bqv,F,candidate,MOUSE_SIFTS_CANDIDATE_LOCAL_REVIEW_PENDING,851cf77d77758a882538b2f8960757247dba652509eb4472c3e4a86070072769,planned,not_assessed,0.1.0
144,O70370,PDBe_SIFTS,4bqv,G,candidate,MOUSE_SIFTS_CANDIDATE_LOCAL_REVIEW_PENDING,851cf77d77758a882538b2f8960757247dba652509eb4472c3e4a86070072769,planned,not_assessed,0.1.0
145,O70370,PDBe_SIFTS,4bqv,H,candidate,MOUSE_SIFTS_CANDIDATE_LOCAL_REVIEW_PENDING,851cf77d77758a882538b2f8960757247dba652509eb4472c3e4a86070072769,planned,not_assessed,0.1.0
146,O70370,PDBe_SIFTS,4bs5,A,candidate,MOUSE_SIFTS_CANDIDATE_LOCAL_REVIEW_PENDING,8958feca564cd48d0d7f60ae082e384185ecb4987fe60231b534f6fc61475b50,planned,not_assessed,0.1.0
147,O70370,PDBe_SIFTS,4bs6,A,candidate,MOUSE_SIFTS_CANDIDATE_LOCAL_REVIEW_PENDING,554f57bda1766abd11e6fad9e963039f9053f698aacebbb93b525ff60dfb55bc,planned,not_assessed,0.1.0
148,O70370,PDBe_SIFTS,4bs6,B,candidate,MOUSE_SIFTS_CANDIDATE_LOCAL_REVIEW_PENDING,554f57bda1766abd11e6fad9e963039f9053f698aacebbb93b525ff60dfb55bc,planned,not_assessed,0.1.0
149,O70370,PDBe_SIFTS,4bsq,A,candidate,MOUSE_SIFTS_CANDIDATE_LOCAL_REVIEW_PENDING,7b4b27a53414bb37c6de1f15f2363901eceefc18e40bdbbfb977461792bb460d,planned,not_assessed,0.1.0
150,O70370,PDBe_SIFTS,4mzo,A,candidate,MOUSE_SIFTS_CANDIDATE_LOCAL_REVIEW_PENDING,2ac47e0b0f4bf41b946cf0a446b5205e6db8489f78682ec5808f001ee3717a03,planned,not_assessed,0.1.0
151,O70370,PDBe_SIFTS,4mzo,B,candidate,MOUSE_SIFTS_CANDIDATE_LOCAL_REVIEW_PENDING,2ac47e0b0f4bf41b946cf0a446b5205e6db8489f78682ec5808f001ee3717a03,planned,not_assessed,0.1.0
152,O70370,PDBe_SIFTS,4mzo,C,candidate,MOUSE_SIFTS_CANDIDATE_LOCAL_REVIEW_PENDING,2ac47e0b0f4bf41b946cf0a446b5205e6db8489f78682ec5808f001ee3717a03,planned,not_assessed,0.1.0
153,O70370,PDBe_SIFTS,4mzo,D,candidate,MOUSE_SIFTS_CANDIDATE_LOCAL_REVIEW_PENDING,2ac47e0b0f4bf41b946cf0a446b5205e6db8489f78682ec5808f001ee3717a03,planned,not_assessed,0.1.0
154,O70370,PDBe_SIFTS,4mzo,E,candidate,MOUSE_SIFTS_CANDIDATE_LOCAL_REVIEW_PENDING,2ac47e0b0f4bf41b946cf0a446b5205e6db8489f78682ec5808f001ee3717a03,planned,not_assessed,0.1.0
155,O70370,PDBe_SIFTS,4mzo,F,candidate,MOUSE_SIFTS_CANDIDATE_LOCAL_REVIEW_PENDING,2ac47e0b0f4bf41b946cf0a446b5205e6db8489f78682ec5808f001ee3717a03,planned,not_assessed,0.1.0
156,O70370,PDBe_SIFTS,4mzo,G,candidate,MOUSE_SIFTS_CANDIDATE_LOCAL_REVIEW_PENDING,2ac47e0b0f4bf41b946cf0a446b5205e6db8489f78682ec5808f001ee3717a03,planned,not_assessed,0.1.0
157,O70370,PDBe_SIFTS,4mzo,H,candidate,MOUSE_SIFTS_CANDIDATE_LOCAL_REVIEW_PENDING,2ac47e0b0f4bf41b946cf0a446b5205e6db8489f78682ec5808f001ee3717a03,planned,not_assessed,0.1.0
158,O70370,PDBe_SIFTS,4mzs,A,candidate,MOUSE_SIFTS_CANDIDATE_LOCAL_REVIEW_PENDING,656a645bb62924a0b7dc2df85da8bd55ec7b43956a4741b99ae1f70e321a2805,planned,not_assessed,0.1.0
159,O70370,PDBe_SIFTS,4mzs,B,candidate,MOUSE_SIFTS_CANDIDATE_LOCAL_REVIEW_PENDING,656a645bb62924a0b7dc2df85da8bd55ec7b43956a4741b99ae1f70e321a2805,planned,not_assessed,0.1.0
160,O70422,AlphaFold_DB,AF-O70422-F1,A,candidate,EXACT_FULL_SEQUENCE_LOCAL_QUALITY_PENDING,7d4a95fc7cef8f6e116557ac086704694cc8f60f5defd287eaf7fb413a361cd8;cf04f91d237e1f3d50f23d5080af7bae0bdb91cd5a49a724075450eea820342b;2eeac3991ae66d865a25e29438de093e96ed354e778e6edaedb3c6d534fc8cee,planned,not_assessed,0.1.0
161,O70503,AlphaFold_DB,AF-O70503-2-F1,A,held,ALPHAFOLD_ACCESSION_DIFFERS_FROM_CANONICAL,,metadata_held_or_excluded,not_assessed,0.1.0
162,O70503,AlphaFold_DB,AF-O70503-F1,A,candidate,EXACT_FULL_SEQUENCE_LOCAL_QUALITY_PENDING,16b77c7e54a8eb56c48b330084e7ec8c177959ca634e2fd1c92b2b91d1f0a2ca;63199d2019491361e6df38e5961f067515d077d42646dbc494f93b717788db41;4699372df286d5b1e36670b787a927cd58aaeff276103b0fcd92b75bafde2506,planned,not_assessed,0.1.0
163,O70514,AlphaFold_DB,AF-O70514-F1,A,candidate,EXACT_FULL_SEQUENCE_LOCAL_QUALITY_PENDING,653d4cfcbc65bd5d691666831e982af87f9ff12f865ad7e40a40cf5ae621184d;126bb4ee5707c0ea50a1a997db8e3bb0c84b07d436d5b2a51ae0d0de8fdc5fd6;53ba3381c8f4bb6f3be1b93d86c29d803658466f9c643856da2e7833540a704d,planned,not_assessed,0.1.0
164,O70571,AlphaFold_DB,AF-O70571-F1,A,candidate,EXACT_FULL_SEQUENCE_LOCAL_QUALITY_PENDING,474f54e2c719073de49a67b8a2586a3eb33323ae14682e03ce9e0d51f97325da;730f57c23239c5ee15494c87c557078f55df6121eb05578a371c95bd809a052d;11aa800b9610747e30e2f9da3c93dc9cda09cc6e9011da4a9c47d9be20a4ffdb,planned,not_assessed,0.1.0
165,O88188,AlphaFold_DB,AF-O88188-F1,A,candidate,EXACT_FULL_SEQUENCE_LOCAL_QUALITY_PENDING,1b52f604da88a0cbce479619c28f918475ce32f713418cb91d921e45c08d1d56;ad6ff0464eb3320ade4432e96242434cdf04509a1ed5c6f093936b232ea4bc9d;be0f5d21ed5062912d20c3817670683dca8b37981b687d3f2c2012949173fe7b,planned,not_assessed,0.1.0
166,O88188,PDBe_SIFTS,3m7o,A,candidate,MOUSE_SIFTS_CANDIDATE_LOCAL_REVIEW_PENDING,63c229f3fa33d985ea113f2ca3d9859f9894d23ab90916c988d0e0ef1757f0c9,planned,not_assessed,0.1.0
167,O88188,PDBe_SIFTS,3m7o,B,candidate,MOUSE_SIFTS_CANDIDATE_LOCAL_REVIEW_PENDING,63c229f3fa33d985ea113f2ca3d9859f9894d23ab90916c988d0e0ef1757f0c9,planned,not_assessed,0.1.0
168,O88188,PDBe_SIFTS,3m7o,C,candidate,MOUSE_SIFTS_CANDIDATE_LOCAL_REVIEW_PENDING,63c229f3fa33d985ea113f2ca3d9859f9894d23ab90916c988d0e0ef1757f0c9,planned,not_assessed,0.1.0
169,O88188,PDBe_SIFTS,3m7o,D,candidate,MOUSE_SIFTS_CANDIDATE_LOCAL_REVIEW_PENDING,63c229f3fa33d985ea113f2ca3d9859f9894d23ab90916c988d0e0ef1757f0c9,planned,not_assessed,0.1.0
170,O88188,PDBe_SIFTS,3t6q,C,candidate,MOUSE_SIFTS_CANDIDATE_LOCAL_REVIEW_PENDING,7cc369d6541bdeb90ca97506edd377a85f756ec3522284a082e1af5f33e0e3d0,planned,not_assessed,0.1.0
171,O88188,PDBe_SIFTS,3t6q,D,candidate,MOUSE_SIFTS_CANDIDATE_LOCAL_REVIEW_PENDING,7cc369d6541bdeb90ca97506edd377a85f756ec3522284a082e1af5f33e0e3d0,planned,not_assessed,0.1.0
172,O88428,AlphaFold_DB,AF-O88428-F1,A,candidate,EXACT_FULL_SEQUENCE_LOCAL_QUALITY_PENDING,b3279964fa3f38532415e2c26b7f1530896f2160b59a3a96588545cfef5d8ebb;525987c6ca9fdac15d17bfb030a4f01a06b2cd11b90a5913e49040f09740ed97;dc04846e44a8142737bccd0cdc06a1ff29869b97574f399bf2c5c20fcac5b8ab,planned,not_assessed,0.1.0
173,O88492,AlphaFold_DB,AF-O88492-2-F1,A,held,ALPHAFOLD_ACCESSION_DIFFERS_FROM_CANONICAL,,metadata_held_or_excluded,not_assessed,0.1.0
174,O88492,AlphaFold_DB,AF-O88492-F1,A,candidate,EXACT_FULL_SEQUENCE_LOCAL_QUALITY_PENDING,ebd8ab34f087015ab5c3305f60a41c510c8a59ee89aab98b8f83cac175159607;9ce2b1cb61fc35c7895d046ae906681cc9f7aaf4aca1a4a9d26d883e0568d056;e18af277bbd10aace3205e7e5f4e572a8a0099738b07eb72c694c063679d8839,planned,not_assessed,0.1.0
175,O88507,AlphaFold_DB,AF-O88507-F1,A,candidate,EXACT_FULL_SEQUENCE_LOCAL_QUALITY_PENDING,d604e99faf3dc5b50b4677cb6a8e60632a44cf8a8118eceb1b7bd8218871d0cf;08b57eda183b5527028e7a3346241b81b99e1dbe1dd361a9984c9c9bbf46c1ee;0994ea3e2debb7f0290ba5d39bb2c5bebd76b0ec45817be74b9441a3d3406691,planned,not_assessed,0.1.0
176,O88551,AlphaFold_DB,AF-O88551-F1,A,candidate,EXACT_FULL_SEQUENCE_LOCAL_QUALITY_PENDING,0d8a3dcdaac0e64669053ee337d6e1e6e48f6d1c1c7b286f18e2a64ff411ccd9;1c6d44c499f46d1c04fec9fd56f8be0d4bae89512e9e554fe1f44e2ba1e0a16a;9151ffb3445bf0c30c3fa6793ef96c75f920957aaeff99f694cb176b86cacf87,planned,not_assessed,0.1.0
177,O88593,AlphaFold_DB,AF-O88593-F1,A,candidate,EXACT_FULL_SEQUENCE_LOCAL_QUALITY_PENDING,e9f8b31f4a062c67320bd68a3ef829944f78f4e8563fb97cdec440160107e1de;319e6c3fa8f19578605afd3ed0c02a10d6f2c93ac377f13cd9e57506ba7995f5;0c4d5768a9f58f9f06f494cacabe8712f45094c9403859a37b737f3f3800dea9,planned,not_assessed,0.1.0
178,O88736,AlphaFold_DB,AF-O88736-F1,A,candidate,EXACT_FULL_SEQUENCE_LOCAL_QUALITY_PENDING,525a4629e2cc1f0e39f7ddfef4cc71d9265b05446fb6ba4942163b6a9ca90646;e537ce437a3518a8de9d4db3078d6a6d3f4d4f9edaf21f5a449b70f91d5e86d8;396f20988351f82e9a485e783d446373249808d1b55fa40f7a4356e52939baf3,planned,not_assessed,0.1.0
179,O88745,AlphaFold_DB,AF-O88745-F1,A,candidate,EXACT_FULL_SEQUENCE_LOCAL_QUALITY_PENDING,55ae0c697c647f4e314b15f060abf5301a6cc6d62522247482f6b14f7d2ec8de;b8492d07a6375de8bfd6309e7efdbecdd16de8c5d3f530d93c3f98ec027ba56e;595bcb8e09125020e69ba7e31f9a6a9b00b32c8fc139767d63f69cdf794596a0,planned,not_assessed,0.1.0
180,O88822,AlphaFold_DB,AF-O88822-F1,A,candidate,EXACT_FULL_SEQUENCE_LOCAL_QUALITY_PENDING,3f279136dcef78eeed29d146d7771dc5329a46dad46dfd65169b537430c87197;fcf700e9dcaf78c13fbe99b1d19d89f5c0a73269f983f03ea68a2a5676ec8de9;988737fcbfd2a2db687ed1331196cab3298f0af79394ce5e8b10cad75b1715ae,planned,not_assessed,0.1.0
181,O88844,AlphaFold_DB,AF-O88844-F1,A,candidate,EXACT_FULL_SEQUENCE_LOCAL_QUALITY_PENDING,27532c8ff9cc07568bdb6ae3fe15b5207b69b865acbe2b934ff6cf885312cb91;0f51d2512e828a7506b56743a8b60e9adbaf1869672e0000b5389e088199989f;2d3d5453f99c724990b7b464a3b33a6439e277f4ffcb8ffba1b8e79fddbad7e0,planned,not_assessed,0.1.0
182,O88844,PDBe_SIFTS,5yzh,A,candidate,MOUSE_SIFTS_CANDIDATE_LOCAL_REVIEW_PENDING,ee32b14b01ed531a50e868ef040d408671d23cebff9fccfc3b1d8728ba62dbca,planned,not_assessed,0.1.0
183,O88844,PDBe_SIFTS,5yzh,B,candidate,MOUSE_SIFTS_CANDIDATE_LOCAL_REVIEW_PENDING,ee32b14b01ed531a50e868ef040d408671d23cebff9fccfc3b1d8728ba62dbca,planned,not_assessed,0.1.0
184,O88844,PDBe_SIFTS,5yzi,A,candidate,MOUSE_SIFTS_CANDIDATE_LOCAL_REVIEW_PENDING,4b00643eaaa5bbb3ded9fe51deca96ea52413f01f8d3fe441a8929b0c5e589ca,planned,not_assessed,0.1.0
185,O88844,PDBe_SIFTS,5yzi,B,candidate,MOUSE_SIFTS_CANDIDATE_LOCAL_REVIEW_PENDING,4b00643eaaa5bbb3ded9fe51deca96ea52413f01f8d3fe441a8929b0c5e589ca,planned,not_assessed,0.1.0
186,O88844,PDBe_SIFTS,8kib,A,candidate,MOUSE_SIFTS_CANDIDATE_LOCAL_REVIEW_PENDING,276834d81d9b5f3e14c13a7f8c7a61804e2f595a55cf643176c5d4f9874da876,planned,not_assessed,0.1.0
187,O88844,PDBe_SIFTS,8kib,B,candidate,MOUSE_SIFTS_CANDIDATE_LOCAL_REVIEW_PENDING,276834d81d9b5f3e14c13a7f8c7a61804e2f595a55cf643176c5d4f9874da876,planned,not_assessed,0.1.0
188,O88844,PDBe_SIFTS,8kib,C,candidate,MOUSE_SIFTS_CANDIDATE_LOCAL_REVIEW_PENDING,276834d81d9b5f3e14c13a7f8c7a61804e2f595a55cf643176c5d4f9874da876,planned,not_assessed,0.1.0
189,O88844,PDBe_SIFTS,8kib,D,candidate,MOUSE_SIFTS_CANDIDATE_LOCAL_REVIEW_PENDING,276834d81d9b5f3e14c13a7f8c7a61804e2f595a55cf643176c5d4f9874da876,planned,not_assessed,0.1.0
190,O88844,PDBe_SIFTS,8w49,A,candidate,MOUSE_SIFTS_CANDIDATE_LOCAL_REVIEW_PENDING,bada805f0420c4c44bc7effb6b5aaa315299b2ecbae23c3a38f0496510cd94db,planned,not_assessed,0.1.0
191,O88844,PDBe_SIFTS,8w49,B,candidate,MOUSE_SIFTS_CANDIDATE_LOCAL_REVIEW_PENDING,bada805f0420c4c44bc7effb6b5aaa315299b2ecbae23c3a38f0496510cd94db,planned,not_assessed,0.1.0
192,O88844,PDBe_SIFTS,8w49,C,candidate,MOUSE_SIFTS_CANDIDATE_LOCAL_REVIEW_PENDING,bada805f0420c4c44bc7effb6b5aaa315299b2ecbae23c3a38f0496510cd94db,planned,not_assessed,0.1.0
193,O88844,PDBe_SIFTS,8w49,D,candidate,MOUSE_SIFTS_CANDIDATE_LOCAL_REVIEW_PENDING,bada805f0420c4c44bc7effb6b5aaa315299b2ecbae23c3a38f0496510cd94db,planned,not_assessed,0.1.0
194,O89091,AlphaFold_DB,AF-O89091-F1,A,candidate,EXACT_FULL_SEQUENCE_LOCAL_QUALITY_PENDING,937494b872af49960489171b58cbbfa49c8bc5f7af8f2de48ec9ee402bfe29c8;4cf785d292c0e1f591fc4be93a0bae93d71fc5bf043263fa222b2948728838cc;a819628473dd440b4719d3ff7baf446b93541a6e206ae3b8424c81df79ce61c3,planned,not_assessed,0.1.0
195,P00329,AlphaFold_DB,AF-P00329-F1,A,candidate,EXACT_FULL_SEQUENCE_LOCAL_QUALITY_PENDING,8f57e516acbe0a9d3ea638438cf84620dfc34b58832232886866ea7a57050209;ff7bf974bdc9b0080e9d7f72c478b52290f714baa1d43b82f7124337d81ab5ae;4367ca27838f8395474f1601457d27e17d188531a164aa849c1fade5a38ed24a,planned,not_assessed,0.1.0
196,P00687,AlphaFold_DB,AF-P00687-F1,A,candidate,EXACT_FULL_SEQUENCE_LOCAL_QUALITY_PENDING,8a76a6e979415dfe9afd13c511ed3c7c8b4341511c044ca7efee094bd68ca4f5;f454ad78270f461b2a140bb9be1cf8c3e2562b0aebb1aca786e002e56c023a29;73e65ebeab7848d41225944acf614cde03da9f86eb609e1614c0c0482e79b672,planned,not_assessed,0.1.0
197,P01101,AlphaFold_DB,AF-0000000005750746,A,held,ALPHAFOLD_MOUSE_TAXONOMY_NOT_CONFIRMED,,metadata_held_or_excluded,not_assessed,0.1.0
198,P01101,AlphaFold_DB,AF-P01101-F1,A,candidate,EXACT_FULL_SEQUENCE_LOCAL_QUALITY_PENDING,d4be4c5943088a8bd89f417e17fcd0e54ed4c5c8f6558fbd1f12a8c69aab6d58;f19f1ce2ffb04c77cf760d3a9b0a6af5012b98885a9aafac0c4da613ddae2314;a1b09978fcc782a9f37e01189f3f1c3b947e26a3cdab168ccd01ca1b9dda4db6,planned,not_assessed,0.1.0
199,P01101,PDBe_SIFTS,2wt7,A,candidate,MOUSE_SIFTS_CANDIDATE_LOCAL_REVIEW_PENDING,6ced2091cbd201c5dc5ff6f7550a88ae60a53b3552c9666d3025585ac42a97d5,planned,not_assessed,0.1.0
200,P02798,AlphaFold_DB,AF-P02798-F1,A,candidate,EXACT_FULL_SEQUENCE_LOCAL_QUALITY_PENDING,5efaa40be7eeb7098587c62b7070243dcf2b53f60d24734400bb0434b8a076d6;475f143cf69ca0da886a74f73f5f120511bbefdcee55202e850d5816cb9795b2;e44f752d3bf76cf50420f16a386ed926b6216e815e7d3e89788f50523b389ab4,planned,not_assessed,0.1.0
201,P04441,AlphaFold_DB,AF-P04441-2-F1,A,held,ALPHAFOLD_ACCESSION_DIFFERS_FROM_CANONICAL,,metadata_held_or_excluded,not_assessed,0.1.0
202,P04441,AlphaFold_DB,AF-P04441-F1,A,candidate,EXACT_FULL_SEQUENCE_LOCAL_QUALITY_PENDING,a20f0490716d8dd36c0046095ddfc10ce90dda233c2ecae428e264dc3a62f8c6;48abf8ae141201263df31750bd294925c8722c5526f5caea2c614ec422bbe6f7;27fe3ab2e8a348741d3d4abd897f61f380ff88f16718bb0f438ae82f652d3a6e,planned,not_assessed,0.1.0
203,P05063,AlphaFold_DB,AF-0000000012546974,A,held,ALPHAFOLD_MOUSE_TAXONOMY_NOT_CONFIRMED,,metadata_held_or_excluded,not_assessed,0.1.0
204,P05063,AlphaFold_DB,AF-P05063-F1,A,candidate,EXACT_FULL_SEQUENCE_LOCAL_QUALITY_PENDING,e62bc7b4d3e771d294ffb5bbaff55357c79742cdb5025055f04b084d317773af;de939c1011efc828b62bc531b04b1d527a12d036d58a9937ca6a74d3f5e04c1b;0d0193743a7fea735c3781445215d6e9466bba5495caf3bbc26bd1fd95fbf464,planned,not_assessed,0.1.0
205,P05532,AlphaFold_DB,AF-P05532-2-F1,A,held,ALPHAFOLD_ACCESSION_DIFFERS_FROM_CANONICAL,,metadata_held_or_excluded,not_assessed,0.1.0
206,P05532,AlphaFold_DB,AF-P05532-3-F1,A,held,ALPHAFOLD_ACCESSION_DIFFERS_FROM_CANONICAL,,metadata_held_or_excluded,not_assessed,0.1.0
207,P05532,AlphaFold_DB,AF-P05532-F1,A,candidate,EXACT_FULL_SEQUENCE_LOCAL_QUALITY_PENDING,2a9b58613491acdf9b02adbb772da306d8bedba78cb83a8ef29db5d9e392b1a8;5d8d48b9cb0f58768e1fd00aa3658ace50b864caf00668691f07cd2ee2497b81;ac1dee10fe677ff93f18fb45fff5fa58cc581f459d00553e57cb88547af8b479,planned,not_assessed,0.1.0
208,P05532,PDBe_SIFTS,2o26,U,candidate,MOUSE_SIFTS_CANDIDATE_LOCAL_REVIEW_PENDING,d33b730eeb4e68f82f5d7cf80992b80b89708281fdaffc83dfc0e6332a7ea868,planned,not_assessed,0.1.0
209,P05532,PDBe_SIFTS,2o26,W,candidate,MOUSE_SIFTS_CANDIDATE_LOCAL_REVIEW_PENDING,d33b730eeb4e68f82f5d7cf80992b80b89708281fdaffc83dfc0e6332a7ea868,planned,not_assessed,0.1.0
210,P05532,PDBe_SIFTS,2o26,X,candidate,MOUSE_SIFTS_CANDIDATE_LOCAL_REVIEW_PENDING,d33b730eeb4e68f82f5d7cf80992b80b89708281fdaffc83dfc0e6332a7ea868,planned,not_assessed,0.1.0
211,P05532,PDBe_SIFTS,2o26,Y,candidate,MOUSE_SIFTS_CANDIDATE_LOCAL_REVIEW_PENDING,d33b730eeb4e68f82f5d7cf80992b80b89708281fdaffc83dfc0e6332a7ea868,planned,not_assessed,0.1.0
212,P06801,AlphaFold_DB,AF-P06801-F1,A,candidate,EXACT_FULL_SEQUENCE_LOCAL_QUALITY_PENDING,602af620515fa1708df46cf0a481a256baa3fe68c46a684d3095d67e41c2d5fb;3de18416701160b026245cc6b4327484903431fbf4065bfc41b87b738c3804e6;c45208cd3c0388a7613537aeebf1afddfeed52d8c2b7b17d71954c7c353f96c6,planned,not_assessed,0.1.0
213,P06909,AlphaFold_DB,AF-P06909-F1,A,candidate,EXACT_FULL_SEQUENCE_LOCAL_QUALITY_PENDING,0f3d7576f6de11faf8be10f845aea6cd22b72e2d3a943ae8e53dc3c4cc236cdf;6fe4b9e95a53e6fe9123a933bd7531af1fe8f851b95e95cb92c29f3733653232;fb5a3ace0962319d26523a28ce61304204050b0d4a8a8bb81ea781aa9c59cecc,planned,not_assessed,0.1.0
214,P06909,PDBe_SIFTS,2yby,A,candidate,MOUSE_SIFTS_CANDIDATE_LOCAL_REVIEW_PENDING,47f450af35dc38c8fd9dc7b1aa92f29279709396dcc72277242ce2b6df2ea3a6,planned,not_assessed,0.1.0
215,P07901,AlphaFold_DB,AF-P07901-F1,A,candidate,EXACT_FULL_SEQUENCE_LOCAL_QUALITY_PENDING,66fb4d1b410f2d24812e741a1b666c9c733c7b86fe18a857a0dbb3c3ead74e8e;ee07f314ae66220dccb0026de195ac2ff06da2888f0a9fdefcf5c7815fca9af8;297ba31a51b67d4d35eb7a77619c88ebb4b6b971fa890bed46ea5691d79bde70,planned,not_assessed,0.1.0
216,P07901,PDBe_SIFTS,5h22,A,candidate,MOUSE_SIFTS_CANDIDATE_LOCAL_REVIEW_PENDING,8f9b3c3b06e5e32a72ebc0796b99da9db2f5efdec084b2f5e1f305bafdee92e6,planned,not_assessed,0.1.0
217,P07901,PDBe_SIFTS,7d1v,A,candidate,MOUSE_SIFTS_CANDIDATE_LOCAL_REVIEW_PENDING,90585be1ab6a9ed6190830536694163a8f71746b385e3007dc7990ab35cd6cfd,planned,not_assessed,0.1.0
218,P07901,PDBe_SIFTS,7d22,A,candidate,MOUSE_SIFTS_CANDIDATE_LOCAL_REVIEW_PENDING,e240e982ba999d75323dd77bb8ec9ad35304af97ea8ec188a08257aca244c1ea,planned,not_assessed,0.1.0
219,P07901,PDBe_SIFTS,7d24,A,candidate,MOUSE_SIFTS_CANDIDATE_LOCAL_REVIEW_PENDING,c8e4664230b9180e88fc9e2c9e391f5982b072d13567d0f88017bb5337e3703e,planned,not_assessed,0.1.0
220,P07901,PDBe_SIFTS,7d25,A,candidate,MOUSE_SIFTS_CANDIDATE_LOCAL_REVIEW_PENDING,24d5aad681d54c072619237e43d1f90df6409179c2f1f570305858bbc61a1061,planned,not_assessed,0.1.0
221,P07901,PDBe_SIFTS,7d26,A,candidate,MOUSE_SIFTS_CANDIDATE_LOCAL_REVIEW_PENDING,41b7e1e89cbbb64cb5b4b1c0338ac6bfc400eb76b934021d4610b14f4706715e,planned,not_assessed,0.1.0
222,P08103,AlphaFold_DB,AF-P08103-2-F1,A,held,ALPHAFOLD_ACCESSION_DIFFERS_FROM_CANONICAL,,metadata_held_or_excluded,not_assessed,0.1.0
223,P08103,AlphaFold_DB,AF-P08103-F1,A,candidate,EXACT_FULL_SEQUENCE_LOCAL_QUALITY_PENDING,7d59fe4f52a03127de4d5ef2b350a4fa0c524cca3beb714e137c30d4ab9cfc63;3037951c6d9ad5fda625fd8d30f31947ed43a5d7f9aa7fbd0d9ecf5c1e14cf6f;a26075589b2619187fcc0a37ae18a2507ceff280f5ee87c8bd496e759ccb4593,planned,not_assessed,0.1.0
224,P08122,AlphaFold_DB,AF-P08122-F1,A,candidate,EXACT_FULL_SEQUENCE_LOCAL_QUALITY_PENDING,f785ce2d76216fc05a6b349ea231746d32f88a59428279ac06db0dcf748b36fd;cde1047d6635bc2ce3fd6876d4e0dc48a405f097a9817cacd87ef9a3fca29238;eb8304780eb5c9dbc1bb876e07adea7b869379f4f1f1af605da82b1832ea153d,planned,not_assessed,0.1.0
225,P08551,AlphaFold_DB,AF-P08551-F1,A,candidate,EXACT_FULL_SEQUENCE_LOCAL_QUALITY_PENDING,fa2de9bb16cf586056fd9fa38026091efc42fa787b469e4c8a843c5c698139d9;1eef72a4fd76ca5a89233c52b130d187e1e8d55ff222a68f075f203dd32e0031;9adbac1be253817e33e7e57bc8a12488070e54b5c164f1f77933bcf26acbeedf,planned,not_assessed,0.1.0
226,P09470,AlphaFold_DB,AF-P09470-2-F1,A,held,ALPHAFOLD_ACCESSION_DIFFERS_FROM_CANONICAL,,metadata_held_or_excluded,not_assessed,0.1.0
227,P09470,AlphaFold_DB,AF-P09470-F1,A,candidate,EXACT_FULL_SEQUENCE_LOCAL_QUALITY_PENDING,10e4d61b3aad0c74a4eb028579fda8bfd4cb47f97ba1df694f328e6104f51ea7;3602c17232d6afc3f3e8c52f9e122226f7b29144bd5d7a9151d8240bb37dfd36;dbca94142e123b04cc91a287bd0844218afb0a1e22e6d179ff6bb9092d989a84,planned,not_assessed,0.1.0
228,P0DP59,AlphaFold_DB,AF-P0DP59-F1,A,candidate,EXACT_FULL_SEQUENCE_LOCAL_QUALITY_PENDING,74824f770c8450dbd7b5d2e69b54d59bd4d1f9810a38408e0c5ac97d532d6bc4;91f8ff48b5956a5ef565f27cd102adb4f2b21d24731adf82161d52cafded3b2a;962fc74e558380be9ab2b6ff96ae0294b63408f7d0515cf2a0e6d783f66add2a,planned,not_assessed,0.1.0
229,P10148,AlphaFold_DB,AF-P10148-F1,A,candidate,EXACT_FULL_SEQUENCE_LOCAL_QUALITY_PENDING,7f91ef66279acd038882552e3097322cc5773536ee5445729ef1c88bfa4cb4fa;e49b8c3c6c4dfa6be58121f3e2eed8e26bc2d23cbb26dbca00507193458b94a9;01bdc4b5650625d60e15feb17728c06a3945c8856ddb1a218558a2f88d3f6003,planned,not_assessed,0.1.0
230,P10639,AlphaFold_DB,AF-P10639-F1,A,candidate,EXACT_FULL_SEQUENCE_LOCAL_QUALITY_PENDING,78a34dbe11f55f261be4fc7a2c7c157cf07dd9cea350a67349638a9de6f1f24a;d3d017465547ff18cf3b536bc4d0586da8edadade063054f489adfb98f15948b;6c0bd2b6e5cc4f256e15e19e8b7ee2809b3a30d77d247f46feda806435ceb5c5,planned,not_assessed,0.1.0
231,P10649,AlphaFold_DB,AF-0000000013465377,A,held,ALPHAFOLD_MOUSE_TAXONOMY_NOT_CONFIRMED,,metadata_held_or_excluded,not_assessed,0.1.0
232,P10649,AlphaFold_DB,AF-P10649-F1,A,candidate,EXACT_FULL_SEQUENCE_LOCAL_QUALITY_PENDING,5f1a1dcca56d79d9d82fb4ccc98dcb29c9b881d0ee9e75c140e7747aa0915456;45a4d69e3053a4a05a6de9a9c2954158dd3ca3c67abd2d72babc1ecdc98493e5;b0244fb9d67949c833eb8a7f4cfbe0a1976ce1249efdc3ef877fcacd70536be3,planned,not_assessed,0.1.0
233,P10761,AlphaFold_DB,AF-P10761-F1,A,candidate,EXACT_FULL_SEQUENCE_LOCAL_QUALITY_PENDING,78515d15b0e7b0c03085118ba874d2abc6aacbf1f94d930b59bc875262dc28f5;5e0848b6a92a7ba8b6c195ac4f1cd457390c2cca32b231f3efd6bfd50716d82a;87566edcb9a4d2427d84b8564073dc25f3661a892be362e84dffde604c0ea5ac,planned,not_assessed,0.1.0
234,P10761,PDBe_SIFTS,3d4c,A,candidate,MOUSE_SIFTS_CANDIDATE_LOCAL_REVIEW_PENDING,397860bb67742c74017cd21885c3c0397d6d005d78d6e5ed0edf4eb714ebf91b,planned,not_assessed,0.1.0
235,P10761,PDBe_SIFTS,3d4c,A,excluded,NON_MOUSE_PDB_CHAIN,,metadata_held_or_excluded,not_assessed,0.1.0
236,P10761,PDBe_SIFTS,3d4g,A,candidate,MOUSE_SIFTS_CANDIDATE_LOCAL_REVIEW_PENDING,66c8fd4b358c244bf43f5c4842170697e23cb18ba63e9f9829d40a0ee3c28a09,planned,not_assessed,0.1.0
237,P10761,PDBe_SIFTS,3d4g,A,excluded,NON_MOUSE_PDB_CHAIN,,metadata_held_or_excluded,not_assessed,0.1.0
238,P10761,PDBe_SIFTS,3d4g,B,candidate,MOUSE_SIFTS_CANDIDATE_LOCAL_REVIEW_PENDING,66c8fd4b358c244bf43f5c4842170697e23cb18ba63e9f9829d40a0ee3c28a09,planned,not_assessed,0.1.0
239,P10761,PDBe_SIFTS,3d4g,B,excluded,NON_MOUSE_PDB_CHAIN,,metadata_held_or_excluded,not_assessed,0.1.0
240,P10761,PDBe_SIFTS,3d4g,C,candidate,MOUSE_SIFTS_CANDIDATE_LOCAL_REVIEW_PENDING,66c8fd4b358c244bf43f5c4842170697e23cb18ba63e9f9829d40a0ee3c28a09,planned,not_assessed,0.1.0
241,P10761,PDBe_SIFTS,3d4g,C,excluded,NON_MOUSE_PDB_CHAIN,,metadata_held_or_excluded,not_assessed,0.1.0
242,P10761,PDBe_SIFTS,3d4g,D,candidate,MOUSE_SIFTS_CANDIDATE_LOCAL_REVIEW_PENDING,66c8fd4b358c244bf43f5c4842170697e23cb18ba63e9f9829d40a0ee3c28a09,planned,not_assessed,0.1.0
243,P10761,PDBe_SIFTS,3d4g,D,excluded,NON_MOUSE_PDB_CHAIN,,metadata_held_or_excluded,not_assessed,0.1.0
244,P10761,PDBe_SIFTS,3d4g,E,candidate,MOUSE_SIFTS_CANDIDATE_LOCAL_REVIEW_PENDING,66c8fd4b358c244bf43f5c4842170697e23cb18ba63e9f9829d40a0ee3c28a09,planned,not_assessed,0.1.0
245,P10761,PDBe_SIFTS,3d4g,E,excluded,NON_MOUSE_PDB_CHAIN,,metadata_held_or_excluded,not_assessed,0.1.0
246,P10761,PDBe_SIFTS,3d4g,F,candidate,MOUSE_SIFTS_CANDIDATE_LOCAL_REVIEW_PENDING,66c8fd4b358c244bf43f5c4842170697e23cb18ba63e9f9829d40a0ee3c28a09,planned,not_assessed,0.1.0
247,P10761,PDBe_SIFTS,3d4g,F,excluded,NON_MOUSE_PDB_CHAIN,,metadata_held_or_excluded,not_assessed,0.1.0
248,P10761,PDBe_SIFTS,3d4g,G,candidate,MOUSE_SIFTS_CANDIDATE_LOCAL_REVIEW_PENDING,66c8fd4b358c244bf43f5c4842170697e23cb18ba63e9f9829d40a0ee3c28a09,planned,not_assessed,0.1.0
249,P10761,PDBe_SIFTS,3d4g,G,excluded,NON_MOUSE_PDB_CHAIN,,metadata_held_or_excluded,not_assessed,0.1.0
250,P10761,PDBe_SIFTS,3d4g,H,candidate,MOUSE_SIFTS_CANDIDATE_LOCAL_REVIEW_PENDING,66c8fd4b358c244bf43f5c4842170697e23cb18ba63e9f9829d40a0ee3c28a09,planned,not_assessed,0.1.0
251,P10761,PDBe_SIFTS,3d4g,H,excluded,NON_MOUSE_PDB_CHAIN,,metadata_held_or_excluded,not_assessed,0.1.0
252,P10761,PDBe_SIFTS,3ef7,A,candidate,MOUSE_SIFTS_CANDIDATE_LOCAL_REVIEW_PENDING,a3f95f9b70c9cbb51917110f7a8c1719b358b8439301ac17a06e14cb516999f9,planned,not_assessed,0.1.0
253,P10761,PDBe_SIFTS,3ef7,A,excluded,NON_MOUSE_PDB_CHAIN,,metadata_held_or_excluded,not_assessed,0.1.0
254,P10761,PDBe_SIFTS,3ef7,B,candidate,MOUSE_SIFTS_CANDIDATE_LOCAL_REVIEW_PENDING,a3f95f9b70c9cbb51917110f7a8c1719b358b8439301ac17a06e14cb516999f9,planned,not_assessed,0.1.0
255,P10761,PDBe_SIFTS,3ef7,B,excluded,NON_MOUSE_PDB_CHAIN,,metadata_held_or_excluded,not_assessed,0.1.0
256,P10761,PDBe_SIFTS,5osq,A,candidate,MOUSE_SIFTS_CANDIDATE_LOCAL_REVIEW_PENDING,978b8f49fc7070418e19ca6281c001c606b85e1d435cb6d0522895f5be4e0cdc,planned,not_assessed,0.1.0
257,P10761,PDBe_SIFTS,5osq,A,excluded,NON_MOUSE_PDB_CHAIN,,metadata_held_or_excluded,not_assessed,0.1.0
258,P10761,PDBe_SIFTS,5osq,B,candidate,MOUSE_SIFTS_CANDIDATE_LOCAL_REVIEW_PENDING,978b8f49fc7070418e19ca6281c001c606b85e1d435cb6d0522895f5be4e0cdc,planned,not_assessed,0.1.0
259,P10761,PDBe_SIFTS,5osq,B,excluded,NON_MOUSE_PDB_CHAIN,,metadata_held_or_excluded,not_assessed,0.1.0
260,P11214,AlphaFold_DB,AF-P11214-F1,A,candidate,EXACT_FULL_SEQUENCE_LOCAL_QUALITY_PENDING,56e3cfe9bb73ee514e4c84bd9f30189511ec167d15b7dfb0e4cef223d3415b72;c639f67b20cd31952e7cc487c2573d6a9e4ecc18b57c5f11173d1e5b3fb48708;e1d2ae29bffe7193240a9f557faaa16c9361fda5a3d9946bac3117a8f1648bd7,planned,not_assessed,0.1.0
261,P11276,AlphaFold_DB,AF-P11276-F1,A,candidate,EXACT_FULL_SEQUENCE_LOCAL_QUALITY_PENDING,76a0e3c86b09611f13c65a46880d4775cce8f2cb51af969d58e3a34181ccfc95;8971098430ead39b6215cfd99bc05536b3f6733b76e96da34dd8903d2499148e;8e2c9998256dfe28d0477d485ce2ecf0611e383075f453488148802587dec8a9,planned,not_assessed,0.1.0
262,P11276,PDBe_SIFTS,1mfn,A,candidate,MOUSE_SIFTS_CANDIDATE_LOCAL_REVIEW_PENDING,e8f5f8c739c608a3a0121250ae125578aa9be78f65af4cdf14a0258590d9a9e2,planned,not_assessed,0.1.0
263,P11276,PDBe_SIFTS,2mfn,A,candidate,MOUSE_SIFTS_CANDIDATE_LOCAL_REVIEW_PENDING,f272e5c38c2b0e1e268fbd4a6ffeedc2476c0aa31de9953bab3972899a2199ac,planned,not_assessed,0.1.0
264,P11680,AlphaFold_DB,AF-P11680-F1,A,candidate,EXACT_FULL_SEQUENCE_LOCAL_QUALITY_PENDING,ec08e2a696d2397502232873dfc9897e604e938c83e90fa9649ffb3a799429f6;c41d1511ea9858c42d1f08fee9fe6b60c393e034442c43bbb34bd1145996b483;0821de2af1bf025333ffbb035c47056223b1674e317c29182a5ff0c768b40f15,planned,not_assessed,0.1.0
265,P11688,AlphaFold_DB,AF-P11688-F1,A,candidate,EXACT_FULL_SEQUENCE_LOCAL_QUALITY_PENDING,9c216640063a036aca752ce6d4aedd802d3304d2834f7ee6ad5b08242e01680c;5d782548c4c69fdd0190b3fa6d124d20afd059f89b55ea5f6b552cc4b0b90306;f096a4ec1a2fe367eb68e604665cb29685714eb25a902adcd157a3ccdfc1149e,planned,not_assessed,0.1.0
266,P12815,AlphaFold_DB,AF-P12815-2-F1,A,held,ALPHAFOLD_ACCESSION_DIFFERS_FROM_CANONICAL,,metadata_held_or_excluded,not_assessed,0.1.0
267,P12815,AlphaFold_DB,AF-P12815-F1,A,candidate,EXACT_FULL_SEQUENCE_LOCAL_QUALITY_PENDING,2f9a287d0a4e1c545ce0b35a076ef50c67edbe5033ed842a38710caec181c69b;53b57e484cc4557a63b640553b4dcff7abb3b3900648c0a725b88e43a60b0330;33818ea0a2b34964d43709a4d862decd8cf3919a487ebed681767714b2438e05,planned,not_assessed,0.1.0
268,P12815,PDBe_SIFTS,1hqv,A,candidate,MOUSE_SIFTS_CANDIDATE_LOCAL_REVIEW_PENDING,403f517db1ef1341c715aa3790e1928431608d37a4501ffab92ed1ff9483171f,planned,not_assessed,0.1.0
269,P12815,PDBe_SIFTS,5jjg,A,candidate,MOUSE_SIFTS_CANDIDATE_LOCAL_REVIEW_PENDING,33aed8bed72762258019a7d952147f759cdec91841cd47adc9d39ec6972b9e99,planned,not_assessed,0.1.0
270,P13020,AlphaFold_DB,AF-0000000005750740,A,held,ALPHAFOLD_MOUSE_TAXONOMY_NOT_CONFIRMED,,metadata_held_or_excluded,not_assessed,0.1.0
271,P13020,AlphaFold_DB,AF-P13020-2-F1,A,held,ALPHAFOLD_ACCESSION_DIFFERS_FROM_CANONICAL,,metadata_held_or_excluded,not_assessed,0.1.0
272,P13020,AlphaFold_DB,AF-P13020-F1,A,candidate,EXACT_FULL_SEQUENCE_LOCAL_QUALITY_PENDING,481dc586ab70967b6f86f585dbc59bb31bfdbf976281d175b9138a12c66ee627;80e381e171dcad4f708bdcbe625767c9a00d81ae32cd2badca0c2a4849618ed2;8bb053fe37fe5e2e3f01dfb85d2016b31937ed104338a7e1b8c6462ee4bb3300,planned,not_assessed,0.1.0
273,P13020,PDBe_SIFTS,1nph,A,candidate,MOUSE_SIFTS_CANDIDATE_LOCAL_REVIEW_PENDING,2b42df23c915d579a2d47e97e763101250c12a3295f23cc6e0ddb7d8a6189f3a,planned,not_assessed,0.1.0
274,P13020,PDBe_SIFTS,4cbu,G,candidate,MOUSE_SIFTS_CANDIDATE_LOCAL_REVIEW_PENDING,de1633fa915ace32b3572ff79c6dae7e0226fd6e6d6f8b6d73697f82f854ed94,planned,not_assessed,0.1.0
275,P13020,PDBe_SIFTS,4cbw,G,candidate,MOUSE_SIFTS_CANDIDATE_LOCAL_REVIEW_PENDING,0c73f934b451c44ee56f56ef80db0acc8eb692643e6bb162753afdfe54e15712,planned,not_assessed,0.1.0
276,P13020,PDBe_SIFTS,4cbx,G,candidate,MOUSE_SIFTS_CANDIDATE_LOCAL_REVIEW_PENDING,6e52b5420af9b97fceb89e6cb91b26588b1949bc6ffd4f607de873b8685e481d,planned,not_assessed,0.1.0
277,P13020,PDBe_SIFTS,5mvv,G,candidate,MOUSE_SIFTS_CANDIDATE_LOCAL_REVIEW_PENDING,c47ec7c6291862d295698e96d0a6bac806e9aa21b93965064b548bf1acd176e3,planned,not_assessed,0.1.0
278,P13020,PDBe_SIFTS,6i4d,G,candidate,MOUSE_SIFTS_CANDIDATE_LOCAL_REVIEW_PENDING,4b24ce4e3af3d99809bdc9a72a8e11c0153e7de759fc5b9eb92a5e669c62c949,planned,not_assessed,0.1.0
279,P13020,PDBe_SIFTS,6i4e,G,candidate,MOUSE_SIFTS_CANDIDATE_LOCAL_REVIEW_PENDING,45eda29f3063a139bb151b6be7e6b4132aca73aee5889c2b52aa73195ffabf55,planned,not_assessed,0.1.0
280,P13020,PDBe_SIFTS,6i4f,G,candidate,MOUSE_SIFTS_CANDIDATE_LOCAL_REVIEW_PENDING,bf455f4b000ccf3c9f0efc022f115b8b4c81315e978753ba50a6fbe014ce369c,planned,not_assessed,0.1.0
281,P13020,PDBe_SIFTS,6i4g,G,candidate,MOUSE_SIFTS_CANDIDATE_LOCAL_REVIEW_PENDING,beff6399bf25a91a17712db8c9886ca51a11dc8b9a3d0a6a4aba766e3904c896,planned,not_assessed,0.1.0
282,P13020,PDBe_SIFTS,6i4g,H,candidate,MOUSE_SIFTS_CANDIDATE_LOCAL_REVIEW_PENDING,beff6399bf25a91a17712db8c9886ca51a11dc8b9a3d0a6a4aba766e3904c896,planned,not_assessed,0.1.0
283,P13020,PDBe_SIFTS,6i4h,G,candidate,MOUSE_SIFTS_CANDIDATE_LOCAL_REVIEW_PENDING,c2d21c2d366731eb6b70bb4becad07a9638c659b4b3253a064b60d973d2350eb,planned,not_assessed,0.1.0
284,P13020,PDBe_SIFTS,6i4i,G,candidate,MOUSE_SIFTS_CANDIDATE_LOCAL_REVIEW_PENDING,2beb4295d583e37b7b2f112b9c8cc43d8f90e5ea544e543b64a06c685a81d625,planned,not_assessed,0.1.0
285,P13020,PDBe_SIFTS,6i4j,G,candidate,MOUSE_SIFTS_CANDIDATE_LOCAL_REVIEW_PENDING,a0c6a37981b21bb31cdae708c7c5cf9a80c7c2e8b5bc746c0af325148815a395,planned,not_assessed,0.1.0
286,P13020,PDBe_SIFTS,6i4k,G,candidate,MOUSE_SIFTS_CANDIDATE_LOCAL_REVIEW_PENDING,58bd268a40d37681cb51a48c68482ff67d54b8b81067b7103384439b4c15d646,planned,not_assessed,0.1.0
287,P13020,PDBe_SIFTS,6i4l,G,candidate,MOUSE_SIFTS_CANDIDATE_LOCAL_REVIEW_PENDING,94f92b40f8fa175dfdefed25d864c7dd534a5470b9f1e7b75b474c3e9ec6796b,planned,not_assessed,0.1.0
288,P13020,PDBe_SIFTS,6i4m,G,candidate,MOUSE_SIFTS_CANDIDATE_LOCAL_REVIEW_PENDING,47f3c144e116042c8ce63133d79ba541ab7bd18f2add939503777b8ca985b66c,planned,not_assessed,0.1.0
289,P13516,AlphaFold_DB,AF-P13516-F1,A,candidate,EXACT_FULL_SEQUENCE_LOCAL_QUALITY_PENDING,9d117775f71504896c1d1ac216e16e61afdc90b4937766bdf5efc6363cdddb92;b6271ca77f59044855cc5747aa97a24fbcd5a369e5cd779b2de3c4633fcf2046;78616a1ecf039c2655d57b3ea1bf1d375730ec80edda3e8b887164553639a202,planned,not_assessed,0.1.0
290,P13516,PDBe_SIFTS,4ymk,A,candidate,MOUSE_SIFTS_CANDIDATE_LOCAL_REVIEW_PENDING,278b545eff9d2673eff55d33194b1013523d5f7292a22d525249afb0f0f813b4,planned,not_assessed,0.1.0
291,P13516,PDBe_SIFTS,4ymk,D,candidate,MOUSE_SIFTS_CANDIDATE_LOCAL_REVIEW_PENDING,278b545eff9d2673eff55d33194b1013523d5f7292a22d525249afb0f0f813b4,planned,not_assessed,0.1.0
292,P13516,PDBe_SIFTS,6wf2,A,candidate,MOUSE_SIFTS_CANDIDATE_LOCAL_REVIEW_PENDING,64b703493d4b30dd5fef84d117373f02da0cd881d438b2b2e85187d73056095f,planned,not_assessed,0.1.0
293,P13516,PDBe_SIFTS,6wf2,B,candidate,MOUSE_SIFTS_CANDIDATE_LOCAL_REVIEW_PENDING,64b703493d4b30dd5fef84d117373f02da0cd881d438b2b2e85187d73056095f,planned,not_assessed,0.1.0
294,P14901,AlphaFold_DB,AF-P14901-F1,A,candidate,EXACT_FULL_SEQUENCE_LOCAL_QUALITY_PENDING,40c1662deab152848a4993646b3ffe36254cfcd7ef308ef0550572890bd60df2;436ebb6ec7ee2e7e9006e53c9dabbca25ff52d4b2428efa58caa996cf6e93558;13d7b5d84a025e51616ce61a889db6ae050f0a9040a5cc7f3dec8f3f5bf66e17,planned,not_assessed,0.1.0
295,P15105,AlphaFold_DB,AF-0000000001641583,A,held,ALPHAFOLD_MOUSE_TAXONOMY_NOT_CONFIRMED,,metadata_held_or_excluded,not_assessed,0.1.0
296,P15105,AlphaFold_DB,AF-P15105-F1,A,candidate,EXACT_FULL_SEQUENCE_LOCAL_QUALITY_PENDING,1c16f98700dd85f2619190faf8bb4b1602f8903d8cec0748d7097d6da130e2d9;4ef6fcb232abdc663c30af773737d8e874b41bc36d43017c960f80b583917af1;7b8b47bbe0a6b9768403ad4242c7d926e93d435ef7a1df98e0cedf703f3ada10,planned,not_assessed,0.1.0
297,P15530,AlphaFold_DB,AF-P15530-F1,A,candidate,EXACT_FULL_SEQUENCE_LOCAL_QUALITY_PENDING,83b285fcceffde3e0c06e7423c69f2cf08a866e27c797c8db1fe3556279ed35b;502185bc07e53e53870dfe5b3417841a184b34dc0f67ebe0f579976e251cd532;5165de3c997bdba8a30cec3706fea3ed358a840d7d74cafb26c2503eec06720c,planned,not_assessed,0.1.0
298,P15530,PDBe_SIFTS,3kho,A,candidate,MOUSE_SIFTS_CANDIDATE_LOCAL_REVIEW_PENDING,04a15e21edfa0b9d915db21a12ffd68e279c052f156a97fbb6a340ce0d42a880,planned,not_assessed,0.1.0
299,P15530,PDBe_SIFTS,3kho,B,candidate,MOUSE_SIFTS_CANDIDATE_LOCAL_REVIEW_PENDING,04a15e21edfa0b9d915db21a12ffd68e279c052f156a97fbb6a340ce0d42a880,planned,not_assessed,0.1.0
300,P15530,PDBe_SIFTS,3khq,A,candidate,MOUSE_SIFTS_CANDIDATE_LOCAL_REVIEW_PENDING,709d19806e0861cad13d82fc3028d995edc9203acd5b3c3ac9b11a5c491e510a,planned,not_assessed,0.1.0
301,P15530,PDBe_SIFTS,8e4c,D,candidate,MOUSE_SIFTS_CANDIDATE_LOCAL_REVIEW_PENDING,9c846d02994d3a91d39de06c7b15c2302955778b507085522a0d6954903d0f63,planned,not_assessed,0.1.0
302,P15530,PDBe_SIFTS,8ema,D,candidate,MOUSE_SIFTS_CANDIDATE_LOCAL_REVIEW_PENDING,6b323d4f2307e71292ffbb46aa67107f9b7c0f31c6f28d0d7a0a8166a1ea47c1,planned,not_assessed,0.1.0
303,P15532,AlphaFold_DB,AF-P15532-F1,A,candidate,EXACT_FULL_SEQUENCE_LOCAL_QUALITY_PENDING,b3f966807d613af13f5e144c0d71349c591e065d59c2ac107036a6c19bae79fc;3cf72f48338495bb0fb469c7253c754d2a0f4e5437fcf3535b67601650aac2a4;501b3a99025be4f5f86f5d68ac643d8ef11f3de8b0814f02f3240b100108e468,planned,not_assessed,0.1.0
304,P15532,PDBe_SIFTS,7zl8,A,candidate,MOUSE_SIFTS_CANDIDATE_LOCAL_REVIEW_PENDING,56dde8769b795b5ecd3013c79f014b21c0e9b6ceffa66d8c714eabddc71cd781,planned,not_assessed,0.1.0
305,P15532,PDBe_SIFTS,7zl8,B,candidate,MOUSE_SIFTS_CANDIDATE_LOCAL_REVIEW_PENDING,56dde8769b795b5ecd3013c79f014b21c0e9b6ceffa66d8c714eabddc71cd781,planned,not_assessed,0.1.0
306,P15532,PDBe_SIFTS,7zl8,C,candidate,MOUSE_SIFTS_CANDIDATE_LOCAL_REVIEW_PENDING,56dde8769b795b5ecd3013c79f014b21c0e9b6ceffa66d8c714eabddc71cd781,planned,not_assessed,0.1.0
307,P15532,PDBe_SIFTS,7zl8,D,candidate,MOUSE_SIFTS_CANDIDATE_LOCAL_REVIEW_PENDING,56dde8769b795b5ecd3013c79f014b21c0e9b6ceffa66d8c714eabddc71cd781,planned,not_assessed,0.1.0
308,P15532,PDBe_SIFTS,7zl8,E,candidate,MOUSE_SIFTS_CANDIDATE_LOCAL_REVIEW_PENDING,56dde8769b795b5ecd3013c79f014b21c0e9b6ceffa66d8c714eabddc71cd781,planned,not_assessed,0.1.0
309,P15532,PDBe_SIFTS,7zl8,F,candidate,MOUSE_SIFTS_CANDIDATE_LOCAL_REVIEW_PENDING,56dde8769b795b5ecd3013c79f014b21c0e9b6ceffa66d8c714eabddc71cd781,planned,not_assessed,0.1.0
310,P15532,PDBe_SIFTS,7zl8,G,candidate,MOUSE_SIFTS_CANDIDATE_LOCAL_REVIEW_PENDING,56dde8769b795b5ecd3013c79f014b21c0e9b6ceffa66d8c714eabddc71cd781,planned,not_assessed,0.1.0
311,P15532,PDBe_SIFTS,7zl8,H,candidate,MOUSE_SIFTS_CANDIDATE_LOCAL_REVIEW_PENDING,56dde8769b795b5ecd3013c79f014b21c0e9b6ceffa66d8c714eabddc71cd781,planned,not_assessed,0.1.0
312,P15532,PDBe_SIFTS,7zl8,I,candidate,MOUSE_SIFTS_CANDIDATE_LOCAL_REVIEW_PENDING,56dde8769b795b5ecd3013c79f014b21c0e9b6ceffa66d8c714eabddc71cd781,planned,not_assessed,0.1.0
313,P15532,PDBe_SIFTS,7zl8,J,candidate,MOUSE_SIFTS_CANDIDATE_LOCAL_REVIEW_PENDING,56dde8769b795b5ecd3013c79f014b21c0e9b6ceffa66d8c714eabddc71cd781,planned,not_assessed,0.1.0
314,P15532,PDBe_SIFTS,7zl8,K,candidate,MOUSE_SIFTS_CANDIDATE_LOCAL_REVIEW_PENDING,56dde8769b795b5ecd3013c79f014b21c0e9b6ceffa66d8c714eabddc71cd781,planned,not_assessed,0.1.0
315,P15532,PDBe_SIFTS,7zl8,L,candidate,MOUSE_SIFTS_CANDIDATE_LOCAL_REVIEW_PENDING,56dde8769b795b5ecd3013c79f014b21c0e9b6ceffa66d8c714eabddc71cd781,planned,not_assessed,0.1.0
316,P15532,PDBe_SIFTS,7zlw,A,candidate,MOUSE_SIFTS_CANDIDATE_LOCAL_REVIEW_PENDING,507c60168ed86bca353e4a0814d48ce1294a703a66013d63230365bcce860576,planned,not_assessed,0.1.0
317,P15532,PDBe_SIFTS,7zlw,B,candidate,MOUSE_SIFTS_CANDIDATE_LOCAL_REVIEW_PENDING,507c60168ed86bca353e4a0814d48ce1294a703a66013d63230365bcce860576,planned,not_assessed,0.1.0
318,P15532,PDBe_SIFTS,7zlw,C,candidate,MOUSE_SIFTS_CANDIDATE_LOCAL_REVIEW_PENDING,507c60168ed86bca353e4a0814d48ce1294a703a66013d63230365bcce860576,planned,not_assessed,0.1.0
319,P15532,PDBe_SIFTS,7zlw,D,candidate,MOUSE_SIFTS_CANDIDATE_LOCAL_REVIEW_PENDING,507c60168ed86bca353e4a0814d48ce1294a703a66013d63230365bcce860576,planned,not_assessed,0.1.0
320,P15532,PDBe_SIFTS,7zlw,E,candidate,MOUSE_SIFTS_CANDIDATE_LOCAL_REVIEW_PENDING,507c60168ed86bca353e4a0814d48ce1294a703a66013d63230365bcce860576,planned,not_assessed,0.1.0
321,P15532,PDBe_SIFTS,7zlw,F,candidate,MOUSE_SIFTS_CANDIDATE_LOCAL_REVIEW_PENDING,507c60168ed86bca353e4a0814d48ce1294a703a66013d63230365bcce860576,planned,not_assessed,0.1.0
322,P15532,PDBe_SIFTS,7ztk,A,candidate,MOUSE_SIFTS_CANDIDATE_LOCAL_REVIEW_PENDING,24d3e95b56b3f9f856a78ea7d4baf66cb902b9efe39f9a8774a4defc6fc53649,planned,not_assessed,0.1.0
323,P15532,PDBe_SIFTS,7ztk,B,candidate,MOUSE_SIFTS_CANDIDATE_LOCAL_REVIEW_PENDING,24d3e95b56b3f9f856a78ea7d4baf66cb902b9efe39f9a8774a4defc6fc53649,planned,not_assessed,0.1.0
324,P15532,PDBe_SIFTS,7ztk,C,candidate,MOUSE_SIFTS_CANDIDATE_LOCAL_REVIEW_PENDING,24d3e95b56b3f9f856a78ea7d4baf66cb902b9efe39f9a8774a4defc6fc53649,planned,not_assessed,0.1.0
325,P15532,PDBe_SIFTS,7ztk,D,candidate,MOUSE_SIFTS_CANDIDATE_LOCAL_REVIEW_PENDING,24d3e95b56b3f9f856a78ea7d4baf66cb902b9efe39f9a8774a4defc6fc53649,planned,not_assessed,0.1.0
326,P15532,PDBe_SIFTS,7ztk,E,candidate,MOUSE_SIFTS_CANDIDATE_LOCAL_REVIEW_PENDING,24d3e95b56b3f9f856a78ea7d4baf66cb902b9efe39f9a8774a4defc6fc53649,planned,not_assessed,0.1.0
327,P15532,PDBe_SIFTS,7ztk,F,candidate,MOUSE_SIFTS_CANDIDATE_LOCAL_REVIEW_PENDING,24d3e95b56b3f9f856a78ea7d4baf66cb902b9efe39f9a8774a4defc6fc53649,planned,not_assessed,0.1.0
328,P15535,AlphaFold_DB,AF-P15535-2-F1,A,held,ALPHAFOLD_ACCESSION_DIFFERS_FROM_CANONICAL,,metadata_held_or_excluded,not_assessed,0.1.0
329,P15535,AlphaFold_DB,AF-P15535-F1,A,candidate,EXACT_FULL_SEQUENCE_LOCAL_QUALITY_PENDING,a462ccbc27916338c417ac8cda4bbfc2833cc30919c7a83986662c733c0f7b70;c8c3d9bbe89e79ede9d87cbe7649e5c9226d3a5591ada7632c895462c411eb0b;39da89d21825e22df4f5350665040806897665578493775806bb53c8804dd8a5,planned,not_assessed,0.1.0
330,P16045,AlphaFold_DB,AF-P16045-F1,A,candidate,EXACT_FULL_SEQUENCE_LOCAL_QUALITY_PENDING,f6bf488008b79f02d51d44fcc8e99853f89eec508eab88877bffbffb109d490f;c07d1a563a31723737514b9008ea383358f80de3c50b1172ce259bb2b571b4ac;0c42cd4fd8c2fbb12e1cc02d2515dafe12c1f75773ca544ddfa0206fecc54077,planned,not_assessed,0.1.0
331,P16045,PDBe_SIFTS,4lbq,A,candidate,MOUSE_SIFTS_CANDIDATE_LOCAL_REVIEW_PENDING,08433b9a09c125ec177f499c9ffacda8a2a3e8566c96097a04eeb852acd0ee43,planned,not_assessed,0.1.0
332,P16045,PDBe_SIFTS,4lbq,B,candidate,MOUSE_SIFTS_CANDIDATE_LOCAL_REVIEW_PENDING,08433b9a09c125ec177f499c9ffacda8a2a3e8566c96097a04eeb852acd0ee43,planned,not_assessed,0.1.0
333,P16045,PDBe_SIFTS,4lbq,C,candidate,MOUSE_SIFTS_CANDIDATE_LOCAL_REVIEW_PENDING,08433b9a09c125ec177f499c9ffacda8a2a3e8566c96097a04eeb852acd0ee43,planned,not_assessed,0.1.0
334,P16045,PDBe_SIFTS,4lbq,D,candidate,MOUSE_SIFTS_CANDIDATE_LOCAL_REVIEW_PENDING,08433b9a09c125ec177f499c9ffacda8a2a3e8566c96097a04eeb852acd0ee43,planned,not_assessed,0.1.0
335,P16330,AlphaFold_DB,AF-P16330-2-F1,A,held,ALPHAFOLD_ACCESSION_DIFFERS_FROM_CANONICAL,,metadata_held_or_excluded,not_assessed,0.1.0
336,P16330,AlphaFold_DB,AF-P16330-F1,A,candidate,EXACT_FULL_SEQUENCE_LOCAL_QUALITY_PENDING,0ccc7d6a100bb2717ab9603016fb627c94e195b970cdb8187fb7a030aea1fa5a;e30df2e9eea454f0f6b61b35d64094ba88d256bb0d5d8c55f622e57ebb1b53ec;91eb8cf6b4958ba6209950faf8c5262a8dfed0c41dc13249b7f23af455354f15,planned,not_assessed,0.1.0
337,P16330,PDBe_SIFTS,2xmi,A,candidate,MOUSE_SIFTS_CANDIDATE_LOCAL_REVIEW_PENDING,8e0959b03a9f8e1b4c15414cad1fa95a07a172ae51da6917dfcc89a7a1b68aa3,planned,not_assessed,0.1.0
338,P16330,PDBe_SIFTS,2y1p,A,candidate,MOUSE_SIFTS_CANDIDATE_LOCAL_REVIEW_PENDING,788a0392b0f632413e39d25445b4d8a2eee5af4e0380ecafcc105965adae395e,planned,not_assessed,0.1.0
339,P16330,PDBe_SIFTS,2y3x,A,candidate,MOUSE_SIFTS_CANDIDATE_LOCAL_REVIEW_PENDING,1529f76670c1b8cba3a0f0973e14390b50c6bf0ca417c9649b58770c55455221,planned,not_assessed,0.1.0
340,P16330,PDBe_SIFTS,2y3x,B,candidate,MOUSE_SIFTS_CANDIDATE_LOCAL_REVIEW_PENDING,1529f76670c1b8cba3a0f0973e14390b50c6bf0ca417c9649b58770c55455221,planned,not_assessed,0.1.0
341,P16330,PDBe_SIFTS,2y3x,E,candidate,MOUSE_SIFTS_CANDIDATE_LOCAL_REVIEW_PENDING,1529f76670c1b8cba3a0f0973e14390b50c6bf0ca417c9649b58770c55455221,planned,not_assessed,0.1.0
342,P16330,PDBe_SIFTS,2ydb,A,candidate,MOUSE_SIFTS_CANDIDATE_LOCAL_REVIEW_PENDING,535f3304df2e1e78958360d877984fa2823bba92acd295162514cee9d29d04ae,planned,not_assessed,0.1.0
343,P16330,PDBe_SIFTS,2ydc,A,candidate,MOUSE_SIFTS_CANDIDATE_LOCAL_REVIEW_PENDING,40ec2bfb4d0657ff600871d7b24125b86ba24818af697bdfc53a0acb7bb9f521,planned,not_assessed,0.1.0
344,P16330,PDBe_SIFTS,2ydd,A,candidate,MOUSE_SIFTS_CANDIDATE_LOCAL_REVIEW_PENDING,7099a99667ebd0a76e28cc6aede3fcb2e5e840452413780896458ebe96cde009,planned,not_assessed,0.1.0
345,P16330,PDBe_SIFTS,2yoz,A,candidate,MOUSE_SIFTS_CANDIDATE_LOCAL_REVIEW_PENDING,c5f155323bef1afe4a51662ac26d3cae67c056809f80e4160e0aafffb16652ae,planned,not_assessed,0.1.0
346,P16330,PDBe_SIFTS,2yp0,A,candidate,MOUSE_SIFTS_CANDIDATE_LOCAL_REVIEW_PENDING,32c590e42b2847a0b713fa6e6690e60179699e24052cbca91cd4f0cab5082b48,planned,not_assessed,0.1.0
347,P16330,PDBe_SIFTS,2ypc,A,candidate,MOUSE_SIFTS_CANDIDATE_LOCAL_REVIEW_PENDING,85d7e57082e7f27a25ae98ca05ce0a5be38aa126c588d888eedb665c7b33328a,planned,not_assessed,0.1.0
348,P16330,PDBe_SIFTS,2ype,A,candidate,MOUSE_SIFTS_CANDIDATE_LOCAL_REVIEW_PENDING,b9053a8f04dcab83bbc34165d927cc5719257aeae51235d727a5a2c4c248b4b6,planned,not_assessed,0.1.0
349,P16330,PDBe_SIFTS,2yph,A,candidate,MOUSE_SIFTS_CANDIDATE_LOCAL_REVIEW_PENDING,f90d70edc0cfecbf84885f9b6dd4e802d3fdbdafebaf9669b1849f5d57a18c5f,planned,not_assessed,0.1.0
350,P16330,PDBe_SIFTS,2yq9,A,candidate,MOUSE_SIFTS_CANDIDATE_LOCAL_REVIEW_PENDING,3a82edbb1cebd7bc5d5c4594c5006d21e5d65e5820b7fb9e010c86a60d08b799,planned,not_assessed,0.1.0
351,P16330,PDBe_SIFTS,3zbr,A,candidate,MOUSE_SIFTS_CANDIDATE_LOCAL_REVIEW_PENDING,3cfa30e0fc32cf70f4fc7b61c74b0321f606c82f590a1d389abcdd93fa8aad2d,planned,not_assessed,0.1.0
352,P16330,PDBe_SIFTS,3zbr,B,candidate,MOUSE_SIFTS_CANDIDATE_LOCAL_REVIEW_PENDING,3cfa30e0fc32cf70f4fc7b61c74b0321f606c82f590a1d389abcdd93fa8aad2d,planned,not_assessed,0.1.0
353,P16330,PDBe_SIFTS,3zbs,A,candidate,MOUSE_SIFTS_CANDIDATE_LOCAL_REVIEW_PENDING,5ec505001a30af1a47d508fe717aec13d067da0e6fd7384477c4117217e7456c,planned,not_assessed,0.1.0
354,P16330,PDBe_SIFTS,3zbz,A,candidate,MOUSE_SIFTS_CANDIDATE_LOCAL_REVIEW_PENDING,2e03a55b4e985926a39000e109e332595c1ed45e301e7543875b9b1f208dd7f0,planned,not_assessed,0.1.0
355,P16330,PDBe_SIFTS,4wbi,A,candidate,MOUSE_SIFTS_CANDIDATE_LOCAL_REVIEW_PENDING,0510e441b3ea766f2e1f032d731e73b25f8d7dc5a2c0a11b73fbaf5417151106,planned,not_assessed,0.1.0
356,P16330,PDBe_SIFTS,4wbl,A,candidate,MOUSE_SIFTS_CANDIDATE_LOCAL_REVIEW_PENDING,94026102aa00fb76421a582eed7d6ec4ca32e658e87d40a66829f863382fae85,planned,not_assessed,0.1.0
357,P16330,PDBe_SIFTS,4wc9,A,candidate,MOUSE_SIFTS_CANDIDATE_LOCAL_REVIEW_PENDING,32b39364e23e5975d69c7a2fb9934a1b48a016dbb5ff60a6b90503f868edd6d7,planned,not_assessed,0.1.0
358,P16330,PDBe_SIFTS,4wca,A,candidate,MOUSE_SIFTS_CANDIDATE_LOCAL_REVIEW_PENDING,df37d5337f13d24739a9a41b5a77847e62f585513565cde22c27502975f6ccfd,planned,not_assessed,0.1.0
359,P16330,PDBe_SIFTS,4wcb,A,candidate,MOUSE_SIFTS_CANDIDATE_LOCAL_REVIEW_PENDING,d0a15f901740ce4271baae750180d0bbc08301265b32ec84bbfb8cda22b7bf79,planned,not_assessed,0.1.0
360,P16330,PDBe_SIFTS,4wcc,A,candidate,MOUSE_SIFTS_CANDIDATE_LOCAL_REVIEW_PENDING,2dd53138da8ff1505a0eedaa5b77f6b16ae6ce02092be08ceb4d0d04990b3ab3,planned,not_assessed,0.1.0
361,P16330,PDBe_SIFTS,4wda,A,candidate,MOUSE_SIFTS_CANDIDATE_LOCAL_REVIEW_PENDING,7c0c5444ec7af643c78b232eca16bc9436d3cae82904724afe32a7b231f41a12,planned,not_assessed,0.1.0
362,P16330,PDBe_SIFTS,4wdb,A,candidate,MOUSE_SIFTS_CANDIDATE_LOCAL_REVIEW_PENDING,f8374397e720d7d8541f1fa426de2a42a20f599b0a7a0e79436b176b59c9f400,planned,not_assessed,0.1.0
363,P16330,PDBe_SIFTS,4wdd,A,candidate,MOUSE_SIFTS_CANDIDATE_LOCAL_REVIEW_PENDING,c213cefbfb64d805c2f8422b0efb71e9b740d68f5b835b0daf66a913724f471c,planned,not_assessed,0.1.0
364,P16330,PDBe_SIFTS,4wde,A,candidate,MOUSE_SIFTS_CANDIDATE_LOCAL_REVIEW_PENDING,312facd9376d211aea362ee5a155188475e8151494942dfe690a08249ceb276f,planned,not_assessed,0.1.0
365,P16330,PDBe_SIFTS,4wde,B,candidate,MOUSE_SIFTS_CANDIDATE_LOCAL_REVIEW_PENDING,312facd9376d211aea362ee5a155188475e8151494942dfe690a08249ceb276f,planned,not_assessed,0.1.0
366,P16330,PDBe_SIFTS,4wdf,A,candidate,MOUSE_SIFTS_CANDIDATE_LOCAL_REVIEW_PENDING,323d9ddd656c6a46bb92585b3f0d49cbce061342f12635c930e62f553834c8c4,planned,not_assessed,0.1.0
367,P16330,PDBe_SIFTS,4wdg,A,candidate,MOUSE_SIFTS_CANDIDATE_LOCAL_REVIEW_PENDING,fb44c598351e6ed145aed1756cf548440680558f8db280395fd53ee3fb2830f2,planned,not_assessed,0.1.0
368,P16330,PDBe_SIFTS,4wdh,A,candidate,MOUSE_SIFTS_CANDIDATE_LOCAL_REVIEW_PENDING,d27f389357b9e7652e0892637691e570aa8f1186d2366cc34a048e821832f92d,planned,not_assessed,0.1.0
369,P16330,PDBe_SIFTS,4wex,A,candidate,MOUSE_SIFTS_CANDIDATE_LOCAL_REVIEW_PENDING,12bcf340aa3997ab13db1c50aae4b8fab7e14e1f81b3d3cd7ae41dfa495d92ae,planned,not_assessed,0.1.0
370,P16330,PDBe_SIFTS,4wfr,A,candidate,MOUSE_SIFTS_CANDIDATE_LOCAL_REVIEW_PENDING,cc5784e5e51790148d5e39623bd20016803ea126a6f2880b060cd35c5ea3a197,planned,not_assessed,0.1.0
371,P16330,PDBe_SIFTS,5ae0,A,candidate,MOUSE_SIFTS_CANDIDATE_LOCAL_REVIEW_PENDING,df8a4cc0cb4d448a4463dc0ade47578f4246ce1fcfd3ec5f9facdd54e2e3d101,planned,not_assessed,0.1.0
372,P16330,PDBe_SIFTS,7qzk,A,candidate,MOUSE_SIFTS_CANDIDATE_LOCAL_REVIEW_PENDING,e4d1bc42ba334e8c310ac136ce45915dba031f353fd7075106c9c7dfa675125a,planned,not_assessed,0.1.0
373,P16330,PDBe_SIFTS,7qzs,A,candidate,MOUSE_SIFTS_CANDIDATE_LOCAL_REVIEW_PENDING,a59c12b266f85e7efa3e0cc6adbd46287471c3976afc0022e792fe075219b217,planned,not_assessed,0.1.0
374,P16330,PDBe_SIFTS,9ert,A,candidate,MOUSE_SIFTS_CANDIDATE_LOCAL_REVIEW_PENDING,3f905c757a3ba13b17486571bc2b72326b281373409df04f21d1b16730caeb61,planned,not_assessed,0.1.0
375,P16330,PDBe_SIFTS,9eru,A,candidate,MOUSE_SIFTS_CANDIDATE_LOCAL_REVIEW_PENDING,9c0a345590c3dde145fe9b49404f9a0aacf86e7e37a48b8fe9284079ed07befe,planned,not_assessed,0.1.0
376,P16330,PDBe_SIFTS,9eru,B,candidate,MOUSE_SIFTS_CANDIDATE_LOCAL_REVIEW_PENDING,9c0a345590c3dde145fe9b49404f9a0aacf86e7e37a48b8fe9284079ed07befe,planned,not_assessed,0.1.0
377,P16330,PDBe_SIFTS,9eru,D,candidate,MOUSE_SIFTS_CANDIDATE_LOCAL_REVIEW_PENDING,9c0a345590c3dde145fe9b49404f9a0aacf86e7e37a48b8fe9284079ed07befe,planned,not_assessed,0.1.0
378,P16330,PDBe_SIFTS,9eru,F,candidate,MOUSE_SIFTS_CANDIDATE_LOCAL_REVIEW_PENDING,9c0a345590c3dde145fe9b49404f9a0aacf86e7e37a48b8fe9284079ed07befe,planned,not_assessed,0.1.0
379,P16330,PDBe_SIFTS,9erw,B,candidate,MOUSE_SIFTS_CANDIDATE_LOCAL_REVIEW_PENDING,fba56ba9a4d226d43775079292e6ddde18f0eb3f4d4d41e10358aad888b3eec0,planned,not_assessed,0.1.0
380,P16330,PDBe_SIFTS,9etj,A,candidate,MOUSE_SIFTS_CANDIDATE_LOCAL_REVIEW_PENDING,671a9ee9fcdfe497f856e8d8d322cc4a6821c11a0bc0946b8a699cd72802cec0,planned,not_assessed,0.1.0
381,P16330,PDBe_SIFTS,9etj,B,candidate,MOUSE_SIFTS_CANDIDATE_LOCAL_REVIEW_PENDING,671a9ee9fcdfe497f856e8d8d322cc4a6821c11a0bc0946b8a699cd72802cec0,planned,not_assessed,0.1.0
382,P16330,PDBe_SIFTS,9etj,E,candidate,MOUSE_SIFTS_CANDIDATE_LOCAL_REVIEW_PENDING,671a9ee9fcdfe497f856e8d8d322cc4a6821c11a0bc0946b8a699cd72802cec0,planned,not_assessed,0.1.0
383,P16330,PDBe_SIFTS,9etj,G,candidate,MOUSE_SIFTS_CANDIDATE_LOCAL_REVIEW_PENDING,671a9ee9fcdfe497f856e8d8d322cc4a6821c11a0bc0946b8a699cd72802cec0,planned,not_assessed,0.1.0
384,P16330,PDBe_SIFTS,9etl,A,candidate,MOUSE_SIFTS_CANDIDATE_LOCAL_REVIEW_PENDING,d4a7f798806e0331ece9ee64547f1da2c8dc44640c72d1138b8dd3e3cd9bc305,planned,not_assessed,0.1.0
385,P16330,PDBe_SIFTS,9etl,B,candidate,MOUSE_SIFTS_CANDIDATE_LOCAL_REVIEW_PENDING,d4a7f798806e0331ece9ee64547f1da2c8dc44640c72d1138b8dd3e3cd9bc305,planned,not_assessed,0.1.0
386,P16460,AlphaFold_DB,AF-P16460-F1,A,candidate,EXACT_FULL_SEQUENCE_LOCAL_QUALITY_PENDING,a73083f96c02ab5ec5d6c3338d695938ed787bcf929016c14d946fe3e13c65dd;eece0ae14a6e0ec183228e035600f56c1b10f6c2ac136e2a46c345fbed8413ec;60534ba1388dc3923d5b483e89487f9a82b48bc01652ec393c8ff5f233b5483a,planned,not_assessed,0.1.0
387,P17156,AlphaFold_DB,AF-P17156-F1,A,candidate,EXACT_FULL_SEQUENCE_LOCAL_QUALITY_PENDING,e970be0090d0438fcd37f15e2d572644cf75a21a61335af408914606531bc77c;2cb2eed64323909c7e1130a3d13954c3ad066c8d9e823dacb8706472b1904740;d834ff2c3f8075c930320620dd02a5093f86ef628f7215cf061ae9aecaca2d3f,planned,not_assessed,0.1.0
388,P17563,AlphaFold_DB,AF-P17563-F1,A,candidate,EXACT_FULL_SEQUENCE_LOCAL_QUALITY_PENDING,a374b07c5de37c05893bbe5d00625982307fcd7638136dece07449a10c80b72b;b09961caa00c86da4ef007d4e0cca9bb69a1ed0444dffd0204f37609e1bc7216;77d34519523cf24c801f7ae15143d2667247de55b4cd350bc1dee5e5031ec18b,planned,not_assessed,0.1.0
389,P18581,AlphaFold_DB,AF-P18581-2-F1,A,held,ALPHAFOLD_ACCESSION_DIFFERS_FROM_CANONICAL,,metadata_held_or_excluded,not_assessed,0.1.0
390,P18581,AlphaFold_DB,AF-P18581-F1,A,candidate,EXACT_FULL_SEQUENCE_LOCAL_QUALITY_PENDING,1546152116e3a3a27e286ed9ae4ff96866a1ac4d4712e62ac3e0d157728f52aa;ea01dc2148bdd3198d026b7a600305f44e4f87bef2d90b323686bffd738f31ff;3c5d36a015d6d47699ed0fa2fbe0f05cfefa05dd248b2358e377460851de4092,planned,not_assessed,0.1.0
391,P19246,AlphaFold_DB,AF-P19246-F1,A,candidate,EXACT_FULL_SEQUENCE_LOCAL_QUALITY_PENDING,f5e722ad4283ed1979e77da862fbe9b64eb87e6b47cb2ceb8dd34c6d6afcbc7c;24b909719ca9d0b0b24053d1e2257c7b5d857bda1388f7c7f50aedc52462c97e;b454f78b99af7478ed95046b3250e293b97147ec7389c075cfcf6836dc436559,planned,not_assessed,0.1.0
392,P19788,AlphaFold_DB,AF-P19788-F1,A,candidate,EXACT_FULL_SEQUENCE_LOCAL_QUALITY_PENDING,1eef7c760df699987b55e7ae19dbd56701470378aa4a0b8b18ca00d3b46e917a;dc849c19175eeacc3ca5685d33471561744d0b32a7ab5bcad1f5b21979d79564;436a99757a37a6247617adadd16983e6d8f6ddce92ff7dea9e277ece905a25c9,planned,not_assessed,0.1.0
393,P21237,AlphaFold_DB,AF-P21237-2-F1,A,held,ALPHAFOLD_ACCESSION_DIFFERS_FROM_CANONICAL,,metadata_held_or_excluded,not_assessed,0.1.0
394,P21237,AlphaFold_DB,AF-P21237-F1,A,candidate,EXACT_FULL_SEQUENCE_LOCAL_QUALITY_PENDING,f84e749bced44f6233ebfdfb580d21c8e9eaec64e698fb45fe2cba29a0d7d11f;f04d076951fc4065b92d0763c389e12e0e536fd66eb8a257acb89ed9a885b64c;4b1722fc4af852b262415d898fdf3a1b60ee88764b9ed6d25fafd4516852d0ea,planned,not_assessed,0.1.0
395,P21275,AlphaFold_DB,AF-P21275-F1,A,candidate,EXACT_FULL_SEQUENCE_LOCAL_QUALITY_PENDING,7eb97e2547f47e33b180e93aaec5866d32c2d1860972512938399b7ceb4ecbbe;c2165c1cc48c89587b7f155a46dc4032c13a522d14ca48c2128a3d5db48611f2;c3bf426df6c553fb198dc436743d4f701db2ebf7df2df1eff695f995e64014f5,planned,not_assessed,0.1.0
396,P21460,AlphaFold_DB,AF-P21460-F1,A,candidate,EXACT_FULL_SEQUENCE_LOCAL_QUALITY_PENDING,6be4d90620050b14c6fb1beb7334aae8712c42998205ec67aa028aa2a43eeed8;dca5b271b3efd4cd3c36569c479899aaee7c2425eefc9a20b367d18a7f6b8910;701ad76e35beb2f079c5266efeda39af4a4af688562fa8f579d163ce50b3f098,planned,not_assessed,0.1.0
397,P21460,PDBe_SIFTS,8v57,C,candidate,MOUSE_SIFTS_CANDIDATE_LOCAL_REVIEW_PENDING,61434f4d6fa218ab4a497bca2c2088cfb940ff7541e0c2360484a871ae88db75,planned,not_assessed,0.1.0
398,P21460,PDBe_SIFTS,8v57,D,candidate,MOUSE_SIFTS_CANDIDATE_LOCAL_REVIEW_PENDING,61434f4d6fa218ab4a497bca2c2088cfb940ff7541e0c2360484a871ae88db75,planned,not_assessed,0.1.0
399,P21855,AlphaFold_DB,AF-P21855-F1,A,candidate,EXACT_FULL_SEQUENCE_LOCAL_QUALITY_PENDING,b1fd019aa08c8e3d38174975ef74b63fb12f75a6e10a295759fe338f814b4af7;8551d5c0a60bcc17aed116d79f8ec1dbf5e0d1cf7067898022ce7e467c596474;cf2bbe8dabf4bb5970c7e9884a6d54eade84e3479f531e0282e916634025891b,planned,not_assessed,0.1.0
400,P21855,PDBe_SIFTS,5b1r,A,candidate,MOUSE_SIFTS_CANDIDATE_LOCAL_REVIEW_PENDING,20ba60a6e70366ce8757ed6880c46848f61bb8ea18e95770ae3d665ea32e7ca3,planned,not_assessed,0.1.0
401,P21956,AlphaFold_DB,AF-P21956-2-F1,A,held,ALPHAFOLD_ACCESSION_DIFFERS_FROM_CANONICAL,,metadata_held_or_excluded,not_assessed,0.1.0
402,P21956,AlphaFold_DB,AF-P21956-F1,A,candidate,EXACT_FULL_SEQUENCE_LOCAL_QUALITY_PENDING,db06389a198f506443f521d8d828c4a4455b2a5ff44616e85ff8760926d50245;9eba87ea96d3adf9b69ef8d5c66a52dd569794be40597e6765a90e425ebcd2f8;d5db680da59c6cd6ce1ec36979b42e117d579a876bc914aa6709376e9186493b,planned,not_assessed,0.1.0
403,P21956,PDBe_SIFTS,2l9l,A,candidate,MOUSE_SIFTS_CANDIDATE_LOCAL_REVIEW_PENDING,4ee3f68ebf00d8361157f4eaecccc021d36a1866fbb715690a7afafb4ecfcd92,planned,not_assessed,0.1.0
404,P21995,AlphaFold_DB,AF-P21995-F1,A,candidate,EXACT_FULL_SEQUENCE_LOCAL_QUALITY_PENDING,fa130b53dd3b9aedc059c2c9b52a1374a7fe6ddcbfcf4e05190816d303aa42bf;e923b69d9b21ac5e3698102349ff8df7d00b75f4c01df3e95e1da9203c2ae435;7c3e968da79a431eaaee356ae9dde75e0406d969bdd82d0dbf07625e678a779b,planned,not_assessed,0.1.0
405,P22272,AlphaFold_DB,AF-P22272-F1,A,candidate,EXACT_FULL_SEQUENCE_LOCAL_QUALITY_PENDING,01729856844aca688c209b8de7c8ae1cd950b5a1de2372330578c5c8bc1ad5ca;097f71c7bd05d37b6c92986c6f47cb165efcf777b7552688dc6d8edf2ea7332f;076f1757bdae7eb5f0292f5211d646a4ec7c7997303c84e9d00a46264c736b84,planned,not_assessed,0.1.0
406,P23440,AlphaFold_DB,AF-P23440-2-F1,A,held,ALPHAFOLD_ACCESSION_DIFFERS_FROM_CANONICAL,,metadata_held_or_excluded,not_assessed,0.1.0
407,P23440,AlphaFold_DB,AF-P23440-F1,A,candidate,EXACT_FULL_SEQUENCE_LOCAL_QUALITY_PENDING,b36b17ba1553e10b7a7ffe5262b2aecfb8821dccb7723aefeb571a7a5865d7e1;7d57fc6e06695935cb0415278167444d7eb29d5895d6d05ebe9fa592f37e51bd;4decadb6e7455465edf2345ba7136f2c7d5e7c11be83b9877dae2393f5bdcc9e,planned,not_assessed,0.1.0
408,P23611,AlphaFold_DB,AF-P23611-F1,A,candidate,EXACT_FULL_SEQUENCE_LOCAL_QUALITY_PENDING,1166eafedaef047b238db90d7d1b66f4e55efd8613327ce48e0d09900aad6c57;f862ba9c52da438fa974280ecd82b98f74df2f6075cdcc732fa40605611c6a90;c5a2c90b475e7750a49e751bfbd0648645e3e9e9122767bde5135d9d7ba2c9f3,planned,not_assessed,0.1.0
409,P24288,AlphaFold_DB,AF-P24288-F1,A,candidate,EXACT_FULL_SEQUENCE_LOCAL_QUALITY_PENDING,ef31d432482fc8c3a66608089b61f57bd19d53e0d835130b258011db9ce45755;5a7deda067d074320412361681edcc94547b640916eb43779e80c74d46418187;6841fcc356697ac91cab710eaaac4d508c94966aa07bce47deed3ccc3e2e1c7c,planned,not_assessed,0.1.0
410,P24549,AlphaFold_DB,AF-P24549-F1,A,candidate,EXACT_FULL_SEQUENCE_LOCAL_QUALITY_PENDING,cd33617c63e8c59c2656219b90f4a17d519d4cc8394daa01e76c35b7bcf9687c;dfecd6e9c22099f096cb8865ecdc9a6e182fb0aae7d557e352d7ce016e49fc99;942e1ec2cd3cf9e45e64c2d64415f616772370a96b95040b2fd01f6aeadc2276,planned,not_assessed,0.1.0
411,P24549,PDBe_SIFTS,7yob,A,candidate,MOUSE_SIFTS_CANDIDATE_LOCAL_REVIEW_PENDING,d69d6d40f99a6fd402d10f7f7edd3c2eef2e2166363f820519df4064766dc45c,planned,not_assessed,0.1.0
412,P24549,PDBe_SIFTS,7yob,B,candidate,MOUSE_SIFTS_CANDIDATE_LOCAL_REVIEW_PENDING,d69d6d40f99a6fd402d10f7f7edd3c2eef2e2166363f820519df4064766dc45c,planned,not_assessed,0.1.0
413,P24549,PDBe_SIFTS,7yob,C,candidate,MOUSE_SIFTS_CANDIDATE_LOCAL_REVIEW_PENDING,d69d6d40f99a6fd402d10f7f7edd3c2eef2e2166363f820519df4064766dc45c,planned,not_assessed,0.1.0
414,P24549,PDBe_SIFTS,7yob,D,candidate,MOUSE_SIFTS_CANDIDATE_LOCAL_REVIEW_PENDING,d69d6d40f99a6fd402d10f7f7edd3c2eef2e2166363f820519df4064766dc45c,planned,not_assessed,0.1.0
415,P24549,PDBe_SIFTS,7yob,E,candidate,MOUSE_SIFTS_CANDIDATE_LOCAL_REVIEW_PENDING,d69d6d40f99a6fd402d10f7f7edd3c2eef2e2166363f820519df4064766dc45c,planned,not_assessed,0.1.0
416,P24549,PDBe_SIFTS,7yob,F,candidate,MOUSE_SIFTS_CANDIDATE_LOCAL_REVIEW_PENDING,d69d6d40f99a6fd402d10f7f7edd3c2eef2e2166363f820519df4064766dc45c,planned,not_assessed,0.1.0
417,P24549,PDBe_SIFTS,7yob,G,candidate,MOUSE_SIFTS_CANDIDATE_LOCAL_REVIEW_PENDING,d69d6d40f99a6fd402d10f7f7edd3c2eef2e2166363f820519df4064766dc45c,planned,not_assessed,0.1.0
418,P24549,PDBe_SIFTS,7yob,H,candidate,MOUSE_SIFTS_CANDIDATE_LOCAL_REVIEW_PENDING,d69d6d40f99a6fd402d10f7f7edd3c2eef2e2166363f820519df4064766dc45c,planned,not_assessed,0.1.0
419,P24860,AlphaFold_DB,AF-P24860-F1,A,candidate,EXACT_FULL_SEQUENCE_LOCAL_QUALITY_PENDING,e574f3fb002bf6349b07d4028aee4da1c8c7e6a1945428cf69483677236a2850;200d099dd058ab5737af4d40261077b09c541c3815857f986f5f36fe8a6f22dc;b69f5d688d022eeb95f8deb06973534545d9a82ba02cb6d6745ca860981967b6,planned,not_assessed,0.1.0
420,P26049,AlphaFold_DB,AF-P26049-F1,A,candidate,EXACT_FULL_SEQUENCE_LOCAL_QUALITY_PENDING,49b990a522913497b34e49f6d1f74b422efa4255e99d49996ef5e379f9fd7d91;66517c779cb6ef9cb3297e7d4517ab7a86812db07202583491b157841f65cd6a;5ffd31c35f4f7db03037b1e2515cd410d462e8b6323c5507554e53df1beb91b8,planned,not_assessed,0.1.0
421,P26049,PDBe_SIFTS,8g4x,C,candidate,MOUSE_SIFTS_CANDIDATE_LOCAL_REVIEW_PENDING,c5c3dd8c8afd64e2649561f20ede0c17c565e08f1ffdb9490e5ee4059c116723,planned,not_assessed,0.1.0
422,P26049,PDBe_SIFTS,8g5f,A,candidate,MOUSE_SIFTS_CANDIDATE_LOCAL_REVIEW_PENDING,b3114ce1fd7c756201591aa614fceb28e9b185659ce9e4ebaf25243555707542,planned,not_assessed,0.1.0
423,P26049,PDBe_SIFTS,8g5g,C,candidate,MOUSE_SIFTS_CANDIDATE_LOCAL_REVIEW_PENDING,161555154c4802ac512b8cc55cf73b4fd72fe04a135df4865a70338b88b3604f,planned,not_assessed,0.1.0
424,P26049,PDBe_SIFTS,8g5h,A,candidate,MOUSE_SIFTS_CANDIDATE_LOCAL_REVIEW_PENDING,e0e11fa299c722d036de12d10ea32b5dfcafec063a56e3e9090e2986e01697f9,planned,not_assessed,0.1.0
425,P26450,AlphaFold_DB,AF-P26450-F1,A,candidate,EXACT_FULL_SEQUENCE_LOCAL_QUALITY_PENDING,c2b8ae40bb94e63c098bba64ca24ace6e591c423c5fd3123c2439f84cee97f05;047f926ff5daf1c384da09d4441706505ce0c0bc667358af8090c18338747307;35ce929497560df1af9ca7d700c52e6ba6d0808eba918a849fcba00b4ba5989c,planned,not_assessed,0.1.0
426,P26618,AlphaFold_DB,AF-P26618-2-F1,A,held,ALPHAFOLD_ACCESSION_DIFFERS_FROM_CANONICAL,,metadata_held_or_excluded,not_assessed,0.1.0
427,P26618,AlphaFold_DB,AF-P26618-F1,A,candidate,EXACT_FULL_SEQUENCE_LOCAL_QUALITY_PENDING,683175b577e7f147d46c51876cdddee9a011b732545edcbb49133285b48227f8;b1de3a317a2ed83d5e5fe84d9b7903313384f6a9beba1f669c29bd0672aec184;c5023eaad5402448791050b7f7508b1abb9338ebed05a36f72a02a93af845792,planned,not_assessed,0.1.0
428,P27671,AlphaFold_DB,AF-P27671-F1,A,candidate,EXACT_FULL_SEQUENCE_LOCAL_QUALITY_PENDING,69bddb42e68cebd3f083f235dc1ac280dc385f06637dd868412a98227023ec3a;4a717ea317753391389ae90a0f81cbc586d877de6f978a597d3747f3c9758f35;d89dde9104094dba416bc84fa8681bb52d69dd555b2aacee8c2f6ce491639bf3,planned,not_assessed,0.1.0
429,P27671,PDBe_SIFTS,2ije,S,candidate,MOUSE_SIFTS_CANDIDATE_LOCAL_REVIEW_PENDING,115537010ef7d419e960432fb713b92a0c0ab945db753eeec8fae3c35fcdf3c7,planned,not_assessed,0.1.0
430,P27784,AlphaFold_DB,AF-P27784-F1,A,candidate,EXACT_FULL_SEQUENCE_LOCAL_QUALITY_PENDING,b1446b19637c52809461825a9a8a1c80b944b0c114b584e759a7c25d017e733b;620285ba11c92168f19070293d45db170be34b5d3e0a1e32dc24c33d407ef697;c6d88a0c803b62d8a4d89b5cf8f1d4d9b35b53dda957ad00bc2310fe144b08da,planned,not_assessed,0.1.0
431,P28301,AlphaFold_DB,AF-P28301-F1,A,candidate,EXACT_FULL_SEQUENCE_LOCAL_QUALITY_PENDING,285064733ea087d61fbc16712f11f27b427f18c6d6bfb240572586ec797ae267;6b8bebb055ecff43583ece77f3a5dd2197ae9827ec3978073ab9a26136bc4817;6968a02845f4393a9ede27663c03dd6095bf0f4f400de59f6001124be3d42d2f,planned,not_assessed,0.1.0
432,P28652,AlphaFold_DB,AF-P28652-F1,A,candidate,EXACT_FULL_SEQUENCE_LOCAL_QUALITY_PENDING,77e7168b96c116293377485d220e975e42200fb0034f01aa1d6e8986f7cfb0c1;175b426d93054b4410a1006c6aa1b8b9662fbb33a11a24fc460312f61cc67ee7;444abd0bdc390ecf5c1f6fe07251422d77169a0fd7d21a7d800373eda5a6b229,planned,not_assessed,0.1.0
433,P28654,AlphaFold_DB,AF-P28654-F1,A,candidate,EXACT_FULL_SEQUENCE_LOCAL_QUALITY_PENDING,44a4e24eecd673d2656d4932e7a78a5a85639eaca4d88e2c7e2ad8cde13eeb74;6dec35e73ccf9d714bf03fe04bfaab921ed33001023fd6b27144ce66753b6243;799ed2bb73eb5534973a2365d126f1123e5d60434f901a05e26ba52a327b6834,planned,not_assessed,0.1.0
434,P28843,AlphaFold_DB,AF-P28843-F1,A,candidate,EXACT_FULL_SEQUENCE_LOCAL_QUALITY_PENDING,8460ae157a1dcc78c4973f43a98704885827057f056a4ad87eb98e7be07c323a;ca2be5482bc0ea8d4c089ebf201a98e5f5aeabd599d55b00ba052fb12b1639c2;1da65645cc4356ba4545abc6108234208b359d05c109f867d932c7f9a3c0d413,planned,not_assessed,0.1.0
435,P29268,AlphaFold_DB,AF-P29268-F1,A,candidate,EXACT_FULL_SEQUENCE_LOCAL_QUALITY_PENDING,127f2b091f99871c5371ab1a2b001c4d184ba73d309af70380dee21fa065526e;3dcedf967b8a9e8f38b1ddf698533d7e40280fac298a3b399d1f643287682ac9;33707dfba8c0be6ad8553d1262dcb835375d33b031634b2078b2d74cc23dd95f,planned,not_assessed,0.1.0
436,P29352,AlphaFold_DB,AF-P29352-F1,A,candidate,EXACT_FULL_SEQUENCE_LOCAL_QUALITY_PENDING,6fbf3efd31b9e9a86cab0caac53ba9e2e845724482d254dd21f98c41025d7c80;74d635bd0600b980a6e0d819c613fdf8220ac2852783d9002f3a922d3600b767;462aa86d33557d75ab8cef56ffeb74049a36697c07b5ef63df7e28364de3747b,planned,not_assessed,0.1.0
437,P29352,PDBe_SIFTS,1jeg,B,candidate,MOUSE_SIFTS_CANDIDATE_LOCAL_REVIEW_PENDING,daf7f20df15c4ab2929bd1e863c323f1494717f4cc04814d5b8aba2950f45f41,planned,not_assessed,0.1.0
438,P29452,AlphaFold_DB,AF-P29452-F1,A,candidate,EXACT_FULL_SEQUENCE_LOCAL_QUALITY_PENDING,15defaed8262c7d994bbaa088306e1906a2d0fcfee771de523c1368ccbeb2700;afd2f728564f21bcb55ba1993c60b7576223c1db4c5751a119908e14e13e8831;bf641fa4691ea5bcc6d252d2fcdc93312af7f37c611e2486d674474f602cc0bd,planned,not_assessed,0.1.0
439,P29754,AlphaFold_DB,AF-P29754-F1,A,candidate,EXACT_FULL_SEQUENCE_LOCAL_QUALITY_PENDING,eefb7b791f7617572a2cf227bb3c559e006fea8b1adb3be2d91a6cd5db2e5936;59552b8c8e859c1805e7211a652c6bbdb881e895b58700f1d089d0356b88242e;b46044c7dcc97064e8f21402b7d4f1eeff8307240db6a0c9f00e4bd8b036e9a1,planned,not_assessed,0.1.0
440,P30276,AlphaFold_DB,AF-P30276-F1,A,candidate,EXACT_FULL_SEQUENCE_LOCAL_QUALITY_PENDING,83f97ccd93e430b2236f99bf8b95d7fd216c16614275ca1df62e9bc588d7ad0b;3046265e913eedcfeb96be173b53f34a2c2c192cd85a942304d6c3793c2a1ab2;ffead4f709f2a0b5dbe6f8561b89f6173c34255531bd7a849389fe08216442db,planned,not_assessed,0.1.0
441,P30545,AlphaFold_DB,AF-P30545-F1,A,candidate,EXACT_FULL_SEQUENCE_LOCAL_QUALITY_PENDING,1339f3dc4f67faabfdec928c83b42373e4cae4eec5bc38822770218d847f584b;64a1a68f8d31f61e1ca73a5ee6739e32f2688b9a5c6f22e464bcfdb85ae4677d;a2a7d4a013f69a7a053b6ae65506c6cbb3bfc8acbb9f9776797279182b16032b,planned,not_assessed,0.1.0
442,P30658,AlphaFold_DB,AF-P30658-F1,A,candidate,EXACT_FULL_SEQUENCE_LOCAL_QUALITY_PENDING,e7b1ae21d38cde75d4ceda4d4cd7502f9b782b3fb5edd4277236f92b6cbc39ad;2a93a6c5756138bdcdd11fbc9d1e02c1762ffbfdf1a732ae567856527d24135a;1319ed7397bcf6bf9c169893ea481a2fc6f63aac41f43f98ba875224ec93bb08,planned,not_assessed,0.1.0
443,P30681,AlphaFold_DB,AF-P30681-F1,A,candidate,EXACT_FULL_SEQUENCE_LOCAL_QUALITY_PENDING,b727b47ed5c6899420ad0e37cb1a3e162e419d9d7f9ada3014b10d066ab5608e;3f2e9806550b1ee9aa06ceab994d069e1d9bb0314d855d9ef5a08ed122fa6224;cedebbfdbcf1971312e9832d9648d77a1b7adb37a64deb95d48bfda5441e198d,planned,not_assessed,0.1.0
444,P30731,AlphaFold_DB,AF-P30731-2-F1,A,held,ALPHAFOLD_ACCESSION_DIFFERS_FROM_CANONICAL,,metadata_held_or_excluded,not_assessed,0.1.0
445,P30731,AlphaFold_DB,AF-P30731-3-F1,A,held,ALPHAFOLD_ACCESSION_DIFFERS_FROM_CANONICAL,,metadata_held_or_excluded,not_assessed,0.1.0
446,P30731,AlphaFold_DB,AF-P30731-4-F1,A,held,ALPHAFOLD_ACCESSION_DIFFERS_FROM_CANONICAL,,metadata_held_or_excluded,not_assessed,0.1.0
447,P30731,AlphaFold_DB,AF-P30731-F1,A,candidate,EXACT_FULL_SEQUENCE_LOCAL_QUALITY_PENDING,1d34fdf8ea4d49b2ce04f2de4f09cd417d34fc0831dc7f5ccca2e910adf67921;8c449124cc203904139ca137b48b7090bb160b62917d55c89b81c7c3b729046c;3f7e6ea062c7c719338aa6dcffc0f901afc862584cc28f69ecc8e669b3249146,planned,not_assessed,0.1.0
448,P31310,AlphaFold_DB,AF-P31310-2-F1,A,held,ALPHAFOLD_ACCESSION_DIFFERS_FROM_CANONICAL,,metadata_held_or_excluded,not_assessed,0.1.0
449,P31310,AlphaFold_DB,AF-P31310-F1,A,candidate,EXACT_FULL_SEQUENCE_LOCAL_QUALITY_PENDING,be3de925095a5ec315de830747bb55b9ad80c1a06f721e16f85d1daad6b8558f;e3fb665475fe606326e356ca053b30ac34cb16004221151d377abe4b6bb7406b;9d5f3130f9ff760c572c815bec906c21ca59493cb3adbf284106a9c06e512f0b,planned,not_assessed,0.1.0
450,P31428,AlphaFold_DB,AF-P31428-F1,A,candidate,EXACT_FULL_SEQUENCE_LOCAL_QUALITY_PENDING,5b614d5de023229a4fcb2521f0000ee459574e9dcc89e9cc2146cfaf01fe404f;5131b6de184ece5cb828355cdbeb1b41be1aa85752a302150b92c2fec18e7ef5;875b686723dc511cf5da1b453f363ccc412d8a12705db01ccfbb8599fd0c6bd2,planned,not_assessed,0.1.0
451,P31648,AlphaFold_DB,AF-P31648-F1,A,candidate,EXACT_FULL_SEQUENCE_LOCAL_QUALITY_PENDING,c3a7b4b4619dc75869cb72ff4ff750cd256c619260cf4538075372192de9d4a3;62fdac00d385f345a4f553a1d181150e883a5a798b0f55a89e06f8312a4d1549;36820d1c22a8ceede500bab3509801d572939ee3ddeaac46b2b7ed323a32cd1f,planned,not_assessed,0.1.0
452,P31750,AlphaFold_DB,AF-P31750-F1,A,candidate,EXACT_FULL_SEQUENCE_LOCAL_QUALITY_PENDING,6075df5a5bd1c4917b7577a8b68c76e5fa14d9daa819a43f06e41e747ae7b73b;cb4310620f0a7c8a5461610d1052bdabc434d0cb31678c5427a8437249cc9646;7b09049e91d88ab6bcae118518cf02d4c286a22398ae7c5f8f066660a9c4ea26,planned,not_assessed,0.1.0
453,P35413,AlphaFold_DB,AF-P35413-F1,A,candidate,EXACT_FULL_SEQUENCE_LOCAL_QUALITY_PENDING,d61dcba4e99a035d9bd6afa629eb2499ea88d315e694058e09260b6f019be3c4;68a69a7bf9c0d4735a0d280f5d85d919e8bf98f481d90fb1ab2fdb20b3997639;0e6cf09007b68679ce3a6bd1f50f11d1308ad71aba2d5280924f58bfcee4d9f6,planned,not_assessed,0.1.0
454,P37804,AlphaFold_DB,AF-0000000012472050,A,held,ALPHAFOLD_MOUSE_TAXONOMY_NOT_CONFIRMED,,metadata_held_or_excluded,not_assessed,0.1.0
455,P37804,AlphaFold_DB,AF-P37804-F1,A,candidate,EXACT_FULL_SEQUENCE_LOCAL_QUALITY_PENDING,49b7340da9f955c9f91ae5577f97c4bae62c0df9252f1c526ae460cf246582f5;9426030709b29179062fa4d1c4655085f8cf7f5eb40c70005164570422e4462d;8457791609374c4be20280ce96d6eddb28cf173f2c6a8ee85099d30e9f46eedf,planned,not_assessed,0.1.0
456,P37804,PDBe_SIFTS,1ujo,A,candidate,MOUSE_SIFTS_CANDIDATE_LOCAL_REVIEW_PENDING,ac45483228cc49254a7797d70a687a340fb759572fd8afcea7f20f8109fe1553,planned,not_assessed,0.1.0
457,P38060,AlphaFold_DB,AF-P38060-F1,A,candidate,EXACT_FULL_SEQUENCE_LOCAL_QUALITY_PENDING,d85ba21f2e3860de56cf1f850dfbad4db99f34b4efbee8c299dcfe658e57e61f;47d61d77bda8ab583a1f2c40ab287c054ec4f68853ebc8aa115eb7beb2a8e0fc;c54b22b48e3121442d51ec27e2fd6cc69d2436ae469a14f866e96aeab675309a,planned,not_assessed,0.1.0
458,P38585,AlphaFold_DB,AF-P38585-F1,A,candidate,EXACT_FULL_SEQUENCE_LOCAL_QUALITY_PENDING,9827d64b6efcc3706948df3d4b9ea22af64bac27e16256005381159d29c1aaf2;753f5475f9938cbf6379648a58e8eb8f55ea0dad11ea2c9c9db09857db8455d1;c0cf3c5751a1de3fd0759f5270257df4a70baac1c9c1733bc8ad94b7c052098a,planned,not_assessed,0.1.0
459,P39689,AlphaFold_DB,AF-P39689-F1,A,candidate,EXACT_FULL_SEQUENCE_LOCAL_QUALITY_PENDING,35fddca6dc6047e22d2367e616acce498303a8fac5cf78bce33950bc881d5cd3;5242373bde7da6e2e601537c99b85af4587f8626cee56f0fd06edf9b41c43cd9;069528eb2f07c56145d4be0efc9bd2b634452abd184da1908713d214b8c9dbd4,planned,not_assessed,0.1.0
460,P40224,AlphaFold_DB,AF-P40224-1-F1,A,held,ALPHAFOLD_ACCESSION_DIFFERS_FROM_CANONICAL,,metadata_held_or_excluded,not_assessed,0.1.0
461,P40224,AlphaFold_DB,AF-P40224-F1,A,candidate,EXACT_FULL_SEQUENCE_LOCAL_QUALITY_PENDING,97c19952edf9fe56dce99bebaa80be3dbf8fbf6bcdfdfc6836ad9f2e980756bd;f9eb4d5b34b839328bf232445aa2f460959af2e537bace539ec45a9d343bde98;f64fba350038b3563dbbaf0f5517c0f5dc2db389f6e55c2ae09a4b1113096f4c,planned,not_assessed,0.1.0
462,P40749,AlphaFold_DB,AF-P40749-F1,A,candidate,EXACT_FULL_SEQUENCE_LOCAL_QUALITY_PENDING,92565f930b547267d6f580285559b12e26705b3d4edb329c3a3404d6a21a40d8;0e6cf0cf6927ea917130154af33e0934289eff03f5bd0149305d5e23ca8dd842;70c719ee74d09cf8000c63185feb30e3467d06c2be44b9a028f688b6cea486a3,planned,not_assessed,0.1.0
463,P40936,AlphaFold_DB,AF-P40936-F1,A,candidate,EXACT_FULL_SEQUENCE_LOCAL_QUALITY_PENDING,96cf9d69dc83b9bc4b4712e2658d2becc7d9d41b4d831f867fd0c16580c1dc62;aaa18861da4eb0da1bf1a6add811b47daef9a1f875583a58f58d24b9bdbce07d;3a6e8d66bd4a908e8515d034ce836054edf0ece100bda2d1f1cbb6818cfc8fc6,planned,not_assessed,0.1.0
464,P41588,AlphaFold_DB,AF-P41588-F1,A,candidate,EXACT_FULL_SEQUENCE_LOCAL_QUALITY_PENDING,4e7a6f3e6ec0c6fbe0a4d77cd2b89a16852fabcd46f0a0db994ad2c94f9e98a3;3db0a5960ae2367dace5930c45d4ec44933511b15346d55c983cd87f243a1bfb;f3a1927c0ac59a403c127b79eb9eed306b5eede0bfbde404255c4fb11c79d2eb,planned,not_assessed,0.1.0
465,P43252,AlphaFold_DB,AF-P43252-F1,A,candidate,EXACT_FULL_SEQUENCE_LOCAL_QUALITY_PENDING,01b08128962106fb636816178fff5c671586d8dfa9f0305b279c56ad1f6a7f62;13c52ae13e30a9560283427dd3aa9f7d75e875f5d48b4ddea00dbce37387c829;b89d5c735e5721619d39eec13124c9e53f035aa363a55e982f5531ff47f7d15e,planned,not_assessed,0.1.0
466,P43252,PDBe_SIFTS,4f8k,A,candidate,MOUSE_SIFTS_CANDIDATE_LOCAL_REVIEW_PENDING,2ea2a53b8d8756a220409180816076bd638b6a2762c1d4fe333a650f9ef70d51,planned,not_assessed,0.1.0
467,P43252,PDBe_SIFTS,4f8k,B,candidate,MOUSE_SIFTS_CANDIDATE_LOCAL_REVIEW_PENDING,2ea2a53b8d8756a220409180816076bd638b6a2762c1d4fe333a650f9ef70d51,planned,not_assessed,0.1.0
468,P43883,AlphaFold_DB,AF-0000000008948178,A,held,ALPHAFOLD_MOUSE_TAXONOMY_NOT_CONFIRMED,,metadata_held_or_excluded,not_assessed,0.1.0
469,P43883,AlphaFold_DB,AF-P43883-F1,A,candidate,EXACT_FULL_SEQUENCE_LOCAL_QUALITY_PENDING,a79fbd1ac13f4a8aa1123ea4c966e92c4e90513287750850508132bc8f75fd07;a0710e787999b7a865c842cc2ac76ed648aba2e2d1b4c76a7d6f465ccbc1e998;2a79e6d3277c8372f05055838946fefe8bb0d7f62eb64a1c2bb7307cb35a2a38,planned,not_assessed,0.1.0
470,P47242,AlphaFold_DB,AF-P47242-F1,A,candidate,EXACT_FULL_SEQUENCE_LOCAL_QUALITY_PENDING,1230277c73d730288e6253dd9c916e34ef2937e894dec475775b773d9481ff4c;d1809e828e55b173ea01c2cb61359fa3c6ed33931523c07894115970bca5f200;eb52d6110a512c9c1add6322f7b94cc3dd8643182ae98fd96193b9e981dce3e9,planned,not_assessed,0.1.0
471,P47801,AlphaFold_DB,AF-P47801-F1,A,candidate,EXACT_FULL_SEQUENCE_LOCAL_QUALITY_PENDING,a7dc6b62f200bbcb80a4d81f6f428b060ac908408cfb448f1c3bdeb1651d87c0;9b945c8458e65da35dbdea3fae5903c39cdd0a1baa167c85cb3cf2555d33fafd;17b89f12fa6a1a78f56198bdc09403fd17d5898133b4a22e18e506c2dd537c8b,planned,not_assessed,0.1.0
472,P47880,AlphaFold_DB,AF-0000000014020244,A,held,ALPHAFOLD_MOUSE_TAXONOMY_NOT_CONFIRMED,,metadata_held_or_excluded,not_assessed,0.1.0
473,P47880,AlphaFold_DB,AF-P47880-F1,A,candidate,EXACT_FULL_SEQUENCE_LOCAL_QUALITY_PENDING,27d16a7ee98d33d677af72dc528ef6b95d6b84cb5070124116470c5fb3e90f08;9b3b48c9a57f7fbbd7c0dd0ac4616d284e58e227ef59e48df90e67d3e7e382bb;e0054ad5b12c7a26189341afbbeb3e8957b9fd9676559140aafe29ebe39ded73,planned,not_assessed,0.1.0
474,P48168,AlphaFold_DB,AF-P48168-F1,A,candidate,EXACT_FULL_SEQUENCE_LOCAL_QUALITY_PENDING,815bd45db44cdc8cadea3112149efbae05bd08804fff7e4a7d4a2167646a5297;4f49217d60b5cc50f88356023276258083c02779f84d7f9f138f1ee3856765bc;3e25339e790e5fb13e210561ec8fab23b35c23bb0d9405181e57a1bfc73a2a4d,planned,not_assessed,0.1.0
475,P48193,AlphaFold_DB,AF-P48193-2-F1,A,held,ALPHAFOLD_ACCESSION_DIFFERS_FROM_CANONICAL,,metadata_held_or_excluded,not_assessed,0.1.0
476,P48193,AlphaFold_DB,AF-P48193-F1,A,candidate,EXACT_FULL_SEQUENCE_LOCAL_QUALITY_PENDING,489447650371edf9967235907e897455e4ea31b01ab6072834b04b1465f2b965;b449e1f939b861c8fba18e7920eaa32a0c532df92d373219168e72b72fd317a4;d947af76d2b8a217acc5a1e35cdd815fbeaacb7cba2445f715d971380c940a21,planned,not_assessed,0.1.0
477,P48302,AlphaFold_DB,AF-P48302-F1,A,candidate,EXACT_FULL_SEQUENCE_LOCAL_QUALITY_PENDING,54c13964c8e5b19ac520ca4307c99bea0bdd7cc6baa9f73a371c972c21e0122c;5d4132f0a6797de814cd83f51dfaa6f7debf54fed1d4a8595a9d5fd9ac5ce3e9;654a221e225835f0a0bb840be537330b16c16a1ab506e76642f80af500f31787,planned,not_assessed,0.1.0
478,P48316,AlphaFold_DB,AF-P48316-F1,A,candidate,EXACT_FULL_SEQUENCE_LOCAL_QUALITY_PENDING,3f4526adbc2e91e34644ccb95e7f1eb32fd4495921077e5574f75b3dca2d9820;6cb6e60ecef3d46aef2e5bb2df748246a5fc1914160afe070d15add6eb9e1d36;b47d671eb602b391a4ea487033c4b2b77f1eec19258200f365bd835bf60490bf,planned,not_assessed,0.1.0
479,P48744,AlphaFold_DB,AF-P48744-F1,A,candidate,EXACT_FULL_SEQUENCE_LOCAL_QUALITY_PENDING,1412c86c64faa82c7ea09bd585063a6807b12b6b0acdedfd88fc8c15ef97e307;ab54911fc1fb327a2dc64374a3c1257cb25309801f31e0310671105827a2e682;5dd5c1a1f2dabec77530317d1d057e4f9e327fd8158c0bd2381e5b7c0571ee8d,planned,not_assessed,0.1.0
480,P49710,AlphaFold_DB,AF-P49710-F1,A,candidate,EXACT_FULL_SEQUENCE_LOCAL_QUALITY_PENDING,a35afc70b811020b7e78d06cd3290a5d18d102ee9aa9bb51331a7db38839b53a;21ee7af32290d53bc69cc70d1064ad3fcd3e7beaedad1a92b90c6405e79e6eb7;f08cf650d912d102f7d7a5096c0451fb92b46dd7045af03fe95c43a44abdec0d,planned,not_assessed,0.1.0
481,P49817,AlphaFold_DB,AF-P49817-2-F1,A,held,ALPHAFOLD_ACCESSION_DIFFERS_FROM_CANONICAL,,metadata_held_or_excluded,not_assessed,0.1.0
482,P49817,AlphaFold_DB,AF-P49817-F1,A,candidate,EXACT_FULL_SEQUENCE_LOCAL_QUALITY_PENDING,e88a86986c4b892de1421e96118e0643b0c521369dbde401ea6796c2c57b7b18;d28ee587cf1944f4e35e29a131775dfcf3fcc99c342df5403b45ed1299de6d92;68367680704843dbfa3ffc8392f97c78312b29f77822967fabf8d8fedd01ffd3,planned,not_assessed,0.1.0
483,P49919,AlphaFold_DB,AF-P49919-2-F1,A,held,ALPHAFOLD_ACCESSION_DIFFERS_FROM_CANONICAL,,metadata_held_or_excluded,not_assessed,0.1.0
484,P49919,AlphaFold_DB,AF-P49919-F1,A,candidate,EXACT_FULL_SEQUENCE_LOCAL_QUALITY_PENDING,52e41fd7b718bda7c515f46f0ae1e433d918cc84168e85ec206abeb4378eef9f;1e9e78ec4c93266d8a30a99c571f7a0c1ed65ba458d3db1c42803c6e1f602b8a;cd24f9469ad1ea4ca9f27601e9dd953f7987b2848fa206e36b66335eda143e2b,planned,not_assessed,0.1.0
485,P50114,AlphaFold_DB,AF-P50114-F1,A,candidate,EXACT_FULL_SEQUENCE_LOCAL_QUALITY_PENDING,d158787d413bab833dd859b5143c0208e47e8f11a493edd97e31fa3ecc87208a;a00523dec9b96af9140492eccfd058853392ec4fd09bf2bb0e0fd86754aa9358;87446993c8ba982b83fbc074ed3efbaeefd27b7f43dcdbb6ad4364bf31d8d0c7,planned,not_assessed,0.1.0
486,P50540,AlphaFold_DB,AF-P50540-2-F1,A,held,ALPHAFOLD_ACCESSION_DIFFERS_FROM_CANONICAL,,metadata_held_or_excluded,not_assessed,0.1.0
487,P50540,AlphaFold_DB,AF-P50540-F1,A,candidate,EXACT_FULL_SEQUENCE_LOCAL_QUALITY_PENDING,c139b1154c9bd8d9e81fa2da7d4405b1c67c38333e5e4623988dae378383d90b;6e186433e149e37f2104e132c260c2e63ce247cc98d4f27301c252c22fe15fdc;0fbb1364900e82a909886817205b377d0050d42c8f2b886db83bcd930e3f9cbf,planned,not_assessed,0.1.0
488,P50544,AlphaFold_DB,AF-P50544-F1,A,candidate,EXACT_FULL_SEQUENCE_LOCAL_QUALITY_PENDING,008696074b2e28b76386c81ff774744e92b6178c5a0cfdf1c127c52cb4499e51;a28e06c26e2eeb7f2734b07cc377e528a14c1ed0ef40073b1ef0f7252af3bc75;e55a5aabba049fc2906c2f87f61abf799726d06572f6c1d76b432c6275cfb787,planned,not_assessed,0.1.0
489,P50544,PDBe_SIFTS,8ca1,A,candidate,MOUSE_SIFTS_CANDIDATE_LOCAL_REVIEW_PENDING,c8331bdce5b7ab1ee1bf59076fd86d6cb545fb348a4e639c3cd0a6a4af2e4af0,planned,not_assessed,0.1.0
490,P50544,PDBe_SIFTS,8ca1,B,candidate,MOUSE_SIFTS_CANDIDATE_LOCAL_REVIEW_PENDING,c8331bdce5b7ab1ee1bf59076fd86d6cb545fb348a4e639c3cd0a6a4af2e4af0,planned,not_assessed,0.1.0
491,P50571,AlphaFold_DB,AF-P50571-F1,A,candidate,EXACT_FULL_SEQUENCE_LOCAL_QUALITY_PENDING,b117e78eaf650dc05d27d40fa539761f90f14c397a4244b20a7521e99de4cbc6;e79b0e624e97860b2977a15f17e608e3c0ceb0c98e2b830a57607abf804f12ef;5ba853f8042a3c9ee9d04ddc2621a6c7b77610c6e03ea0eb9cfa6c05da553484,planned,not_assessed,0.1.0
492,P51163,AlphaFold_DB,AF-P51163-F1,A,candidate,EXACT_FULL_SEQUENCE_LOCAL_QUALITY_PENDING,ccaa3b1f31241316637c0b214084fc6c5f4c2aa4583f669ab1d61f0130bb89e9;83f7e10fe4ee14d7cab858cd41c72bc58ea238d1ddf6f82627ab4f221418b627;70e821b77be51f754324d3c077769bf664b0ce66443fa85e02f41bd17d5e4a04,planned,not_assessed,0.1.0
493,P51569,AlphaFold_DB,AF-P51569-F1,A,candidate,EXACT_FULL_SEQUENCE_LOCAL_QUALITY_PENDING,92aa57cc40ee653a64279c65261863e1a491e4bf3950999e6546a8c1ab8cd1da;d98a2428ab977cf3a91f226403bb132c99ad6d6b15133645cb17f096bc959833;3361e4a923b051d97c8ac024be358409a0a7633524e05079b39219696535a3f5,planned,not_assessed,0.1.0
494,P51642,AlphaFold_DB,AF-P51642-F1,A,candidate,EXACT_FULL_SEQUENCE_LOCAL_QUALITY_PENDING,138b4333787982bb387b34edfab3a4973fb89d3c9b168041e81d648ac69f0167;099733bdfd449bab547146d94ced8b9fe515040252b0b680b63ca2d7434ecb91;b43501a75a5f14effe2c9e9b905d2b3269762b3a791b1ca34beb6767a6eb046b,planned,not_assessed,0.1.0
495,P51670,AlphaFold_DB,AF-P51670-F1,A,candidate,EXACT_FULL_SEQUENCE_LOCAL_QUALITY_PENDING,bacfc9144866441db3ee49951e94c27de2997df836c5ca731b413c6ecb9499db;31cea0852368c7bb8dedd52f7fda3036611c20ee16e794090076ec17fa05cf1c;fc80bc94f5f9c9b7d008e447d6612c3484fa92d3ce7accc6080d693c1c0a597e,planned,not_assessed,0.1.0
496,P51860,AlphaFold_DB,AF-P51860-F1,A,candidate,EXACT_FULL_SEQUENCE_LOCAL_QUALITY_PENDING,c1bb2e7ae6289ea96af271bcca2b9c87d1ba407ae33996fbafe001976d96a614;445bbce630f393acb7f91edfdfe86d767a650f47095560d6b673a42f08575942;064e4fc41f6892512927480aba4f5f7f3b2e842808907b59a0f719c61added79,planned,not_assessed,0.1.0
497,P51880,AlphaFold_DB,AF-P51880-F1,A,candidate,EXACT_FULL_SEQUENCE_LOCAL_QUALITY_PENDING,c947b2243cf14da8b7f26d5705cd9bb9d850a00e88f26db190559199d595942b;6aa7145c12826508d7ca961597dcc2ce912516ddaec5d9daf8bffe2b54fe7363;aa7579ce49af3b92e094f30c87511cedb64bdbee8438edf54280b0c83736ec89,planned,not_assessed,0.1.0
498,P51910,AlphaFold_DB,AF-P51910-F1,A,candidate,EXACT_FULL_SEQUENCE_LOCAL_QUALITY_PENDING,7b6ee80bfa4346f5c7ddfc1f9c8e98e38fed362592b47afcc957b1d9092c7403;2e91790a0bb1b453e980a9b3cca8b36ba8e819df3da87d51e11d4a68ea06ed2d;95e03f51c67dde0e5aaea1ea14a9d8df73d1c3b5a6f469584d81a47b8b16c189,planned,not_assessed,0.1.0
499,P51945,AlphaFold_DB,AF-P51945-F1,A,candidate,EXACT_FULL_SEQUENCE_LOCAL_QUALITY_PENDING,d984836170e09f6417d5f3663ca852d8940591c1aef1c1391ce677d0a1e0f3c5;e8862aa04c10e922e9efc9fe5a8efd02a597986f89915199ba2845186f6bf874;6320cf49e9fffdada6de6b2aee6e70e467b727b2c25268b4b86ac17c79a4cf69,planned,not_assessed,0.1.0
500,P52019,AlphaFold_DB,AF-P52019-F1,A,candidate,EXACT_FULL_SEQUENCE_LOCAL_QUALITY_PENDING,9412a841aeaab73bc1d44f19d4d673fb52cfd17b68227e43ba3da51040e60d27;d0e31401341f088e1af6fb81c69fc7c09967b2275143276cd577148e74c928f5;3fc5607879c5e38c7527855ec5e96fcc54929fd7bbac699d2e07db396de4d839,planned,not_assessed,0.1.0
501,P52293,AlphaFold_DB,AF-P52293-F1,A,candidate,EXACT_FULL_SEQUENCE_LOCAL_QUALITY_PENDING,92bd3cb32e6649019f58c8312da58a11bde67c6e9cf66def3b1302f2a905badd;fec86faeb520f6d3f9c6b6c051a34f6c3bddc85d27937b81ed0a95961d0e7d43;2c191667be120b6f9786f45b578cc0e52286d73f8be12968f62b5cf55ea93a38,planned,not_assessed,0.1.0
502,P52293,PDBe_SIFTS,1ejl,I,candidate,MOUSE_SIFTS_CANDIDATE_LOCAL_REVIEW_PENDING,032ec17d7d76ef3b206bffd0fad7acd6c2ed1d7455940ce3b20c4e2944cd2a27,planned,not_assessed,0.1.0
503,P52293,PDBe_SIFTS,1ejy,I,candidate,MOUSE_SIFTS_CANDIDATE_LOCAL_REVIEW_PENDING,3c443f1ae084f126f4556b7c8633a753c7ae35ac585701a4f32f4ad965a3d4ab,planned,not_assessed,0.1.0
504,P52293,PDBe_SIFTS,1ial,A,candidate,MOUSE_SIFTS_CANDIDATE_LOCAL_REVIEW_PENDING,71c12be4cb0d2a6b78a6a1f2242811a390679084cc3ebaed0ac3df0b11feff70,planned,not_assessed,0.1.0
505,P52293,PDBe_SIFTS,1iq1,A,candidate,MOUSE_SIFTS_CANDIDATE_LOCAL_REVIEW_PENDING,f8df2139334f5c60be132696afd6a25bac6201b415ecd588b8a884a61d967502,planned,not_assessed,0.1.0
506,P52293,PDBe_SIFTS,1iq1,B,candidate,MOUSE_SIFTS_CANDIDATE_LOCAL_REVIEW_PENDING,f8df2139334f5c60be132696afd6a25bac6201b415ecd588b8a884a61d967502,planned,not_assessed,0.1.0
507,P52293,PDBe_SIFTS,1iq1,C,candidate,MOUSE_SIFTS_CANDIDATE_LOCAL_REVIEW_PENDING,f8df2139334f5c60be132696afd6a25bac6201b415ecd588b8a884a61d967502,planned,not_assessed,0.1.0
508,P52293,PDBe_SIFTS,1pjm,B,candidate,MOUSE_SIFTS_CANDIDATE_LOCAL_REVIEW_PENDING,f1f46e0c3b94158cc1a8f2ce8da63d8ed8c68038b517d8cbe8ce72608a984e46,planned,not_assessed,0.1.0
509,P52293,PDBe_SIFTS,1pjn,B,candidate,MOUSE_SIFTS_CANDIDATE_LOCAL_REVIEW_PENDING,c1a564aed2ae470a68fd8b37ea63a86653dec3f1d9cdec19e36f5794e5e16920,planned,not_assessed,0.1.0
510,P52293,PDBe_SIFTS,1q1s,C,candidate,MOUSE_SIFTS_CANDIDATE_LOCAL_REVIEW_PENDING,4e0a1218659bd418f13415add88735f5c954f1ffd3b7c9e29e8970897d2ea545,planned,not_assessed,0.1.0
511,P52293,PDBe_SIFTS,1q1t,C,candidate,MOUSE_SIFTS_CANDIDATE_LOCAL_REVIEW_PENDING,635b386ed429325275485264bc71122bdc84d9ddab0b28f3e489ca6f45989ea5,planned,not_assessed,0.1.0
512,P52293,PDBe_SIFTS,1y2a,C,candidate,MOUSE_SIFTS_CANDIDATE_LOCAL_REVIEW_PENDING,a2fff1f0f897affa9faa7e64fc4f8ee6ac97c3021bb5826a4798346ab362cfa0,planned,not_assessed,0.1.0
513,P52293,PDBe_SIFTS,23qh,E,candidate,MOUSE_SIFTS_CANDIDATE_LOCAL_REVIEW_PENDING,c5543182defc102774126857220488f34f7a3fd2effbe8b5b7a154e91818f548,planned,not_assessed,0.1.0
514,P52293,PDBe_SIFTS,2c1m,A,candidate,MOUSE_SIFTS_CANDIDATE_LOCAL_REVIEW_PENDING,6964843b8344c2abe7fdcb011e75a36ea85872f90c55adf487dfa98234e48543,planned,not_assessed,0.1.0
515,P52293,PDBe_SIFTS,2ynr,A,candidate,MOUSE_SIFTS_CANDIDATE_LOCAL_REVIEW_PENDING,49208f2fab46fbbd636289754f3ce2aa09fa9bae5c2631b14fd9511aadfb3d4c,planned,not_assessed,0.1.0
516,P52293,PDBe_SIFTS,3btr,C,candidate,MOUSE_SIFTS_CANDIDATE_LOCAL_REVIEW_PENDING,f3c8398d45d404e63d690509aa41da75e6823b6b885836a981140cf34d17d08d,planned,not_assessed,0.1.0
517,P52293,PDBe_SIFTS,3knd,A,candidate,MOUSE_SIFTS_CANDIDATE_LOCAL_REVIEW_PENDING,01592bb0f287d8371a0bd839b0646e712193e5ba7a7a193d877f67945dfb9a27,planned,not_assessed,0.1.0
518,P52293,PDBe_SIFTS,3l3q,A,candidate,MOUSE_SIFTS_CANDIDATE_LOCAL_REVIEW_PENDING,5d061a60ced6a087ff8451620eb4871422120627b82d929128de827694d92489,planned,not_assessed,0.1.0
519,P52293,PDBe_SIFTS,3oqs,A,candidate,MOUSE_SIFTS_CANDIDATE_LOCAL_REVIEW_PENDING,018b90cad02b38651426aec5bc6e6ce1938626d423dc4e16f530adb5c797500d,planned,not_assessed,0.1.0
520,P52293,PDBe_SIFTS,3q5u,A,candidate,MOUSE_SIFTS_CANDIDATE_LOCAL_REVIEW_PENDING,6089822b8f56c415822b0f821cee25340612451c85193e17ec90aa5d5c1e781c,planned,not_assessed,0.1.0
521,P52293,PDBe_SIFTS,3rz9,A,candidate,MOUSE_SIFTS_CANDIDATE_LOCAL_REVIEW_PENDING,80fb0c0eceff0fcd4c53f7cc2da21fa83e6b687edf5345b608aba7b74b8c4bff,planned,not_assessed,0.1.0
522,P52293,PDBe_SIFTS,3rzx,A,candidate,MOUSE_SIFTS_CANDIDATE_LOCAL_REVIEW_PENDING,68d0736bdeda8dade0122b30b2b06cc54ab6f3545899c6ed5c130fcdf200bcfe,planned,not_assessed,0.1.0
523,P52293,PDBe_SIFTS,3tpm,A,candidate,MOUSE_SIFTS_CANDIDATE_LOCAL_REVIEW_PENDING,b75e26e0ee42a7d754632fed793c8727cc2d1540960b0634898938333dd67ddb,planned,not_assessed,0.1.0
524,P52293,PDBe_SIFTS,3tpo,A,candidate,MOUSE_SIFTS_CANDIDATE_LOCAL_REVIEW_PENDING,99104007b78a940e0f8a0ec8b6323aa1dfb7130d2f9a0356583cf63f95508601,planned,not_assessed,0.1.0
525,P52293,PDBe_SIFTS,3ukw,B,candidate,MOUSE_SIFTS_CANDIDATE_LOCAL_REVIEW_PENDING,cc6074516ea0926cc5fd18ab22e12573e199571222aeefc9f13565ef37b977cb,planned,not_assessed,0.1.0
526,P52293,PDBe_SIFTS,3ukx,B,candidate,MOUSE_SIFTS_CANDIDATE_LOCAL_REVIEW_PENDING,9b33313466226fe7e40a069b849cc507889d3a542d4b14d940b3c8afd896155d,planned,not_assessed,0.1.0
527,P52293,PDBe_SIFTS,3uky,B,candidate,MOUSE_SIFTS_CANDIDATE_LOCAL_REVIEW_PENDING,946f2eadeb06bc6775359c9e9ee7573317b5ccb7417cd64076d950cfb1c9e20f,planned,not_assessed,0.1.0
528,P52293,PDBe_SIFTS,3ukz,B,candidate,MOUSE_SIFTS_CANDIDATE_LOCAL_REVIEW_PENDING,2dcf83bca76c2d2f28d47ea3994efe7e60e2af8714f225e0fc1cb7043ceee9ec,planned,not_assessed,0.1.0
529,P52293,PDBe_SIFTS,3ul0,B,candidate,MOUSE_SIFTS_CANDIDATE_LOCAL_REVIEW_PENDING,4ebfbdbadac562b2d18f01d35c099b089ced17763aef29b26b1026eab8bb8ab2,planned,not_assessed,0.1.0
530,P52293,PDBe_SIFTS,3ul1,B,candidate,MOUSE_SIFTS_CANDIDATE_LOCAL_REVIEW_PENDING,015f66c4e8688de3cf75000819b676a5726db8d25b7c8ffd64280c60a6dd7b9c,planned,not_assessed,0.1.0
531,P52293,PDBe_SIFTS,3uvu,A,candidate,MOUSE_SIFTS_CANDIDATE_LOCAL_REVIEW_PENDING,c0a7b631508a0ebce346dd89f1fa789a4f41e1a64f53a8e623aaf1502c5d5570,planned,not_assessed,0.1.0
532,P52293,PDBe_SIFTS,3ve6,A,candidate,MOUSE_SIFTS_CANDIDATE_LOCAL_REVIEW_PENDING,dc03c243c866544ef5d6137a920db5864642d77f951b0282ae2e91646a02abae,planned,not_assessed,0.1.0
533,P52293,PDBe_SIFTS,3zin,A,candidate,MOUSE_SIFTS_CANDIDATE_LOCAL_REVIEW_PENDING,c9af295654767614e57b95b55b002f23e42c78f3e2ca6473f99745f05d732be6,planned,not_assessed,0.1.0
534,P52293,PDBe_SIFTS,3zio,A,candidate,MOUSE_SIFTS_CANDIDATE_LOCAL_REVIEW_PENDING,cc1798f7aff691276f4fb2ad2e0d0abf7f09362b0887cfb37f272db7952808f7,planned,not_assessed,0.1.0
535,P52293,PDBe_SIFTS,3zip,A,candidate,MOUSE_SIFTS_CANDIDATE_LOCAL_REVIEW_PENDING,e72b871ac3452c54a5659e00d4ba19eb379fd07d09344c889f86ac9f40ae267d,planned,not_assessed,0.1.0
536,P52293,PDBe_SIFTS,3ziq,A,candidate,MOUSE_SIFTS_CANDIDATE_LOCAL_REVIEW_PENDING,2944606436ce073ff6b8b65aadf54723ff21847cff8ea09ec4c18cc04f3d43ff,planned,not_assessed,0.1.0
537,P52293,PDBe_SIFTS,3zir,A,candidate,MOUSE_SIFTS_CANDIDATE_LOCAL_REVIEW_PENDING,61b06965c8668532c09684fbecb9d05cb117006e84bac31f59bbab8116a22b51,planned,not_assessed,0.1.0
538,P52293,PDBe_SIFTS,4ba3,A,candidate,MOUSE_SIFTS_CANDIDATE_LOCAL_REVIEW_PENDING,c7f8e025c553408d328e10fcacadfb966118ac2c9ab7a794463d7ffc094bdeaa,planned,not_assessed,0.1.0
539,P52293,PDBe_SIFTS,4htv,A,candidate,MOUSE_SIFTS_CANDIDATE_LOCAL_REVIEW_PENDING,b6fc7bd753284b15e2147ce5355b537d9be0bd3eb3ae97ecfc7645273191d751,planned,not_assessed,0.1.0
540,P52293,PDBe_SIFTS,4mz5,E,candidate,MOUSE_SIFTS_CANDIDATE_LOCAL_REVIEW_PENDING,434ccce7e2a36fd84d2cf945d320fc9cb4f3e310042de2210c43ece261de566f,planned,not_assessed,0.1.0
541,P52293,PDBe_SIFTS,4mz6,E,candidate,MOUSE_SIFTS_CANDIDATE_LOCAL_REVIEW_PENDING,478bb652804b299f33a07b404622528df39675b12b99343814c5b143f5392fcc,planned,not_assessed,0.1.0
542,P52293,PDBe_SIFTS,4oih,A,candidate,MOUSE_SIFTS_CANDIDATE_LOCAL_REVIEW_PENDING,516c56d57f5cff89dab921b51f7919e13e76eb9d8fc5b29fa7b846c5f961df6e,planned,not_assessed,0.1.0
543,P52293,PDBe_SIFTS,4u54,A,candidate,MOUSE_SIFTS_CANDIDATE_LOCAL_REVIEW_PENDING,7a2483e87e73b2f4685acf08b4fbedc5b7c251e41e5e78d7ab191f1d8dbfa0dd,planned,not_assessed,0.1.0
544,P52293,PDBe_SIFTS,4u58,A,candidate,MOUSE_SIFTS_CANDIDATE_LOCAL_REVIEW_PENDING,ab9aa9c5dbe69a7c47114a82de227c77d6317648f9bee607fcad1f6c61ef55aa,planned,not_assessed,0.1.0
545,P52293,PDBe_SIFTS,4u5l,A,candidate,MOUSE_SIFTS_CANDIDATE_LOCAL_REVIEW_PENDING,d92cb53f8397bab00d4d6245308284cd1e785ec5ecf19acba31f60d7c884ea30,planned,not_assessed,0.1.0
546,P52293,PDBe_SIFTS,4u5n,A,candidate,MOUSE_SIFTS_CANDIDATE_LOCAL_REVIEW_PENDING,41eca9874848646b9472a32104ce91e2d3462c7454e151855d3271dc15c78dbc,planned,not_assessed,0.1.0
547,P52293,PDBe_SIFTS,4u5o,A,candidate,MOUSE_SIFTS_CANDIDATE_LOCAL_REVIEW_PENDING,bd827a3b076bd8bd2d49f3626cf8924ec29a8003241ec6c6ef3869d1f99fa75d,planned,not_assessed,0.1.0
548,P52293,PDBe_SIFTS,4u5s,A,candidate,MOUSE_SIFTS_CANDIDATE_LOCAL_REVIEW_PENDING,da150a43ef051288e29054d75b38340718f2ce3c8788cd1b9b41dce70f818875,planned,not_assessed,0.1.0
549,P52293,PDBe_SIFTS,4u5u,A,candidate,MOUSE_SIFTS_CANDIDATE_LOCAL_REVIEW_PENDING,bfac2d0880b8fc43d6ac0d9ae992988848077f46443d96971427b8e1eab2d172,planned,not_assessed,0.1.0
550,P52293,PDBe_SIFTS,4u5v,A,candidate,MOUSE_SIFTS_CANDIDATE_LOCAL_REVIEW_PENDING,12cd02dc6c65846e72d26ae872e30fb7dd46b075c80415e054f2792c0d0bfa65,planned,not_assessed,0.1.0
551,P52293,PDBe_SIFTS,4uaf,B,candidate,MOUSE_SIFTS_CANDIDATE_LOCAL_REVIEW_PENDING,c912b4eea13ea98d47d4eac022b1fea0e6685e518b922488312615d6325e1dab,planned,not_assessed,0.1.0
552,P52293,PDBe_SIFTS,4yi0,C,candidate,MOUSE_SIFTS_CANDIDATE_LOCAL_REVIEW_PENDING,b6389952a4aa2164b30ef8b9c2df1258b8e9782998c3d89d4dae9f5356b2b474,planned,not_assessed,0.1.0
553,P52293,PDBe_SIFTS,4zdu,A,candidate,MOUSE_SIFTS_CANDIDATE_LOCAL_REVIEW_PENDING,93238441caf2389fa8b909af24a2476d1bc9b85237ed22a96cab0c10062bf6bb,planned,not_assessed,0.1.0
554,P52293,PDBe_SIFTS,5b56,A,candidate,MOUSE_SIFTS_CANDIDATE_LOCAL_REVIEW_PENDING,f822287f8b4714abc606e3235264cdb06f682da8db329e70727d3cc0e5a5a484,planned,not_assessed,0.1.0
555,P52293,PDBe_SIFTS,5b56,B,candidate,MOUSE_SIFTS_CANDIDATE_LOCAL_REVIEW_PENDING,f822287f8b4714abc606e3235264cdb06f682da8db329e70727d3cc0e5a5a484,planned,not_assessed,0.1.0
556,P52293,PDBe_SIFTS,5ctt,A,candidate,MOUSE_SIFTS_CANDIDATE_LOCAL_REVIEW_PENDING,c28550620f1814c2b1326feb6e4bb769f62876cdf6ff2bd0b539b861068a7f0e,planned,not_assessed,0.1.0
557,P52293,PDBe_SIFTS,5d5k,C,candidate,MOUSE_SIFTS_CANDIDATE_LOCAL_REVIEW_PENDING,007e155a319b1c8d5dbefbd93e2b9c94193c6fbc7a965bf96378d3c29c980067,planned,not_assessed,0.1.0
558,P52293,PDBe_SIFTS,5e6q,B,candidate,MOUSE_SIFTS_CANDIDATE_LOCAL_REVIEW_PENDING,c3cebf0da108219f4ea264f24ea8cbf3472482a81277a64bd3733580f0d8db35,planned,not_assessed,0.1.0
559,P52293,PDBe_SIFTS,5ekf,A,candidate,MOUSE_SIFTS_CANDIDATE_LOCAL_REVIEW_PENDING,888f8be039d728a6058f86c5e4d1624cd7499938e26102b2fb8b63d9a1390f94,planned,not_assessed,0.1.0
560,P52293,PDBe_SIFTS,5ekg,A,candidate,MOUSE_SIFTS_CANDIDATE_LOCAL_REVIEW_PENDING,a65ff76644185df137d92d5c0fe279314efb844e6be2c11d7a3ed6bb9706df69,planned,not_assessed,0.1.0
561,P52293,PDBe_SIFTS,5fc8,E,candidate,MOUSE_SIFTS_CANDIDATE_LOCAL_REVIEW_PENDING,ed1c75121e049af6c230c5d34001b427d2746a0d474bc2f778d4ac2c8b0be774,planned,not_assessed,0.1.0
562,P52293,PDBe_SIFTS,5gxw,A,candidate,MOUSE_SIFTS_CANDIDATE_LOCAL_REVIEW_PENDING,cd1f730b7ec127936dc4e42c41deb77a4e4ceab73142c07e374cb06023ca85f2,planned,not_assessed,0.1.0
563,P52293,PDBe_SIFTS,5hhg,E,candidate,MOUSE_SIFTS_CANDIDATE_LOCAL_REVIEW_PENDING,26f6ec64da87b82916ff02d16fea37589e4b71304e9b285f0e736e94030fa0f0,planned,not_assessed,0.1.0
564,P52293,PDBe_SIFTS,5huw,C,candidate,MOUSE_SIFTS_CANDIDATE_LOCAL_REVIEW_PENDING,158f3de8620788d461e846b3c419993024b34e242856cea12925173da196d93c,planned,not_assessed,0.1.0
565,P52293,PDBe_SIFTS,5huy,C,candidate,MOUSE_SIFTS_CANDIDATE_LOCAL_REVIEW_PENDING,2a0de0f3703c2a83edabee37e8936fc1ee31343aa81e379832af02b68aadce9c,planned,not_assessed,0.1.0
566,P52293,PDBe_SIFTS,5k9s,A,candidate,MOUSE_SIFTS_CANDIDATE_LOCAL_REVIEW_PENDING,ccaa8a3e05330fba20de068fa2f0c4d85f80378b450cf08a26de3789beb6d826,planned,not_assessed,0.1.0
567,P52293,PDBe_SIFTS,5klr,B,candidate,MOUSE_SIFTS_CANDIDATE_LOCAL_REVIEW_PENDING,c2f14abf902d1ca10b506f05d56718d7a306ae20d042699afb4e227d54dd534e,planned,not_assessed,0.1.0
568,P52293,PDBe_SIFTS,5klt,B,candidate,MOUSE_SIFTS_CANDIDATE_LOCAL_REVIEW_PENDING,ec3aedbb7256ae455dab14fe2cc6291e698fa207f0803dc9a992f7191efb0150,planned,not_assessed,0.1.0
569,P52293,PDBe_SIFTS,5svz,A,candidate,MOUSE_SIFTS_CANDIDATE_LOCAL_REVIEW_PENDING,2e209d199cad0eb589599ea39f7ad9f40b01a7cb667883190db4a6b860b2df0e,planned,not_assessed,0.1.0
570,P52293,PDBe_SIFTS,5u5p,A,candidate,MOUSE_SIFTS_CANDIDATE_LOCAL_REVIEW_PENDING,d686d251f1cb2c8bfdf25308028781c3e276c6e0eea13fd33feb06558edf230a,planned,not_assessed,0.1.0
571,P52293,PDBe_SIFTS,5u5r,A,candidate,MOUSE_SIFTS_CANDIDATE_LOCAL_REVIEW_PENDING,45477f58c894e856b0813158a104b5a9d933871659126a7e284e8b6f2ac2c9a5,planned,not_assessed,0.1.0
572,P52293,PDBe_SIFTS,5umz,B,candidate,MOUSE_SIFTS_CANDIDATE_LOCAL_REVIEW_PENDING,8d734569c27291bbb14465849af8561ba770e577339cc2a230ffe7d774e773bc,planned,not_assessed,0.1.0
573,P52293,PDBe_SIFTS,5v5o,C,candidate,MOUSE_SIFTS_CANDIDATE_LOCAL_REVIEW_PENDING,a8532a8a13542c7b3695bda1da6601b3fb173ace5dec6b5d81ae4993f50afa00,planned,not_assessed,0.1.0
574,P52293,PDBe_SIFTS,5v5p,C,candidate,MOUSE_SIFTS_CANDIDATE_LOCAL_REVIEW_PENDING,178967711e70e70cd3073880df64ed94d122b943e2f447ce713f0a17509de548,planned,not_assessed,0.1.0
575,P52293,PDBe_SIFTS,5w41,A,candidate,MOUSE_SIFTS_CANDIDATE_LOCAL_REVIEW_PENDING,88f855dee9cbfdf005ab1742c05dd48b4f57944cef7f2b165164d591de398451,planned,not_assessed,0.1.0
576,P52293,PDBe_SIFTS,5w4e,B,candidate,MOUSE_SIFTS_CANDIDATE_LOCAL_REVIEW_PENDING,74c8020c098ae07febad661f2290bb3650233c308badfac39a583b25f223e1e1,planned,not_assessed,0.1.0
577,P52293,PDBe_SIFTS,5w4e,B,excluded,NON_MOUSE_PDB_CHAIN,,metadata_held_or_excluded,not_assessed,0.1.0
578,P52293,PDBe_SIFTS,5w4f,B,candidate,MOUSE_SIFTS_CANDIDATE_LOCAL_REVIEW_PENDING,4fc88a06e6ad0a205e0cad69384a1006e8b323d11cbf02d33d6293b6379f87c2,planned,not_assessed,0.1.0
579,P52293,PDBe_SIFTS,5w4g,B,candidate,MOUSE_SIFTS_CANDIDATE_LOCAL_REVIEW_PENDING,f7ee89f6bc4a4b228b755bea7fd1570532346d0a5e194e632992e71a27088f40,planned,not_assessed,0.1.0
580,P52293,PDBe_SIFTS,5wum,A,candidate,MOUSE_SIFTS_CANDIDATE_LOCAL_REVIEW_PENDING,f64fda742fd04aaf9bf46c667c9fcff9649a4199235c7ddc249a67f9fad649e7,planned,not_assessed,0.1.0
581,P52293,PDBe_SIFTS,5wun,A,candidate,MOUSE_SIFTS_CANDIDATE_LOCAL_REVIEW_PENDING,a01389f7fdd85880d7fa1fcf282d543573ca2245b29826a5c14d890714365d69,planned,not_assessed,0.1.0
582,P52293,PDBe_SIFTS,5x8n,A,candidate,MOUSE_SIFTS_CANDIDATE_LOCAL_REVIEW_PENDING,f0614575087ad4f150d4d66b4a1eb0bcc0bf158b6900832ad14c1fe5619f4f17,planned,not_assessed,0.1.0
583,P52293,PDBe_SIFTS,6bvt,E,candidate,MOUSE_SIFTS_CANDIDATE_LOCAL_REVIEW_PENDING,53b03a244b5675399a86b277c762af0201052be87e504e58fb2380cfbfb30fff,planned,not_assessed,0.1.0
584,P52293,PDBe_SIFTS,6bw0,E,candidate,MOUSE_SIFTS_CANDIDATE_LOCAL_REVIEW_PENDING,d9ecf40d98ed77f0fc890f8445a8b72dbd6dea0e8c8e4d0f953d8471afa9f1ef,planned,not_assessed,0.1.0
585,P52293,PDBe_SIFTS,6bw1,E,candidate,MOUSE_SIFTS_CANDIDATE_LOCAL_REVIEW_PENDING,d49f905c2c1ffdd0253b8c76f920846e4c3502ab567d29850d48da2224de1674,planned,not_assessed,0.1.0
586,P52293,PDBe_SIFTS,6d7m,B,candidate,MOUSE_SIFTS_CANDIDATE_LOCAL_REVIEW_PENDING,e87ee2618b08e8c9530db1b2f246979bf043b0457bd367f4e49c4feaf59cfe27,planned,not_assessed,0.1.0
587,P52293,PDBe_SIFTS,6d7n,B,candidate,MOUSE_SIFTS_CANDIDATE_LOCAL_REVIEW_PENDING,680d98a301fbf8dc0968f5a161ba40c6e9150f0c66cca903df43e1fb7c9593f1,planned,not_assessed,0.1.0
588,P52293,PDBe_SIFTS,6d7n,B,excluded,NON_MOUSE_PDB_CHAIN,,metadata_held_or_excluded,not_assessed,0.1.0
589,P52293,PDBe_SIFTS,6iu7,A,candidate,MOUSE_SIFTS_CANDIDATE_LOCAL_REVIEW_PENDING,67c4e36d7abddcbd3374d328920115a386ff6dcee89e93c5ce923e4a0f152a1a,planned,not_assessed,0.1.0
590,P52293,PDBe_SIFTS,6iua,A,candidate,MOUSE_SIFTS_CANDIDATE_LOCAL_REVIEW_PENDING,1b8a2fce851220da1c478fe65b217525e858ca598f57d88f602ad5b4e867914e,planned,not_assessed,0.1.0
591,P52293,PDBe_SIFTS,6iw8,C,candidate,MOUSE_SIFTS_CANDIDATE_LOCAL_REVIEW_PENDING,e106f18a45b1c61d64e67c4d6ead8bb3ab5f3f79e4be427bc4a8a82ea2d7b3ab,planned,not_assessed,0.1.0
592,P52293,PDBe_SIFTS,6iwa,C,candidate,MOUSE_SIFTS_CANDIDATE_LOCAL_REVIEW_PENDING,840ab541ed25504594fa46db1bab4cbd32098c1b0f2b5a20418601624f833550,planned,not_assessed,0.1.0
593,P52293,PDBe_SIFTS,6k06,C,candidate,MOUSE_SIFTS_CANDIDATE_LOCAL_REVIEW_PENDING,b6abaaa0b63302088b1ec3ac1e54c92043a9b421fc46f4a870e28e84acb8b4ac,planned,not_assessed,0.1.0
594,P52293,PDBe_SIFTS,6mjl,B,candidate,MOUSE_SIFTS_CANDIDATE_LOCAL_REVIEW_PENDING,44899f71c823540cdefe21eade26daa55be6d500f155f2d8e352dafc92c6ceee,planned,not_assessed,0.1.0
595,P52293,PDBe_SIFTS,6p6a,B,candidate,MOUSE_SIFTS_CANDIDATE_LOCAL_REVIEW_PENDING,f04a7b2b65f85d364405c4520ef19eeec7b9f37fc7a9d70ec26c723380eba500,planned,not_assessed,0.1.0
596,P52293,PDBe_SIFTS,6p6e,A,candidate,MOUSE_SIFTS_CANDIDATE_LOCAL_REVIEW_PENDING,fa7c13bc2053d91bcffe63dbc849158b6413a02d450ce6fb8d3c9ef1e19719b9,planned,not_assessed,0.1.0
597,P52293,PDBe_SIFTS,6wba,A,candidate,MOUSE_SIFTS_CANDIDATE_LOCAL_REVIEW_PENDING,00360aaada1c612f9941d6a1daf29affc9f94e556f3ffee0e665edce5e0a309d,planned,not_assessed,0.1.0
598,P52293,PDBe_SIFTS,6wbb,I,candidate,MOUSE_SIFTS_CANDIDATE_LOCAL_REVIEW_PENDING,518770ca5fd8871b728badbe7128cb925173c42d97800b86dfd92dca4795968b,planned,not_assessed,0.1.0
599,P52293,PDBe_SIFTS,6wbc,A,candidate,MOUSE_SIFTS_CANDIDATE_LOCAL_REVIEW_PENDING,1b82dc78f0a527f93fc8f5480ebbac4e25fee7f3f5ce6a09e396b98517074cd9,planned,not_assessed,0.1.0
600,P52293,PDBe_SIFTS,6wx7,A,candidate,MOUSE_SIFTS_CANDIDATE_LOCAL_REVIEW_PENDING,097808b50f32e7a841810a86a7d8921bcf8458a0169c8db3d6de318b65120f46,planned,not_assessed,0.1.0
601,P52293,PDBe_SIFTS,7jjm,B,candidate,MOUSE_SIFTS_CANDIDATE_LOCAL_REVIEW_PENDING,4b651b3112cc5b04613fdaccc960c03c5e50cda1781a53ec0d45b8d850236f71,planned,not_assessed,0.1.0
602,P52293,PDBe_SIFTS,7jk7,B,candidate,MOUSE_SIFTS_CANDIDATE_LOCAL_REVIEW_PENDING,671379bed7c798929c3d3a2a07bce339dc9a51b7b4c7fa96a0ae26123d3809af,planned,not_assessed,0.1.0
603,P52293,PDBe_SIFTS,7jvo,A,candidate,MOUSE_SIFTS_CANDIDATE_LOCAL_REVIEW_PENDING,7258102ab69a1f20f62d16eae0351cb659606149e7c75c13b8ae36e551089771,planned,not_assessed,0.1.0
604,P52293,PDBe_SIFTS,7l04,E,candidate,MOUSE_SIFTS_CANDIDATE_LOCAL_REVIEW_PENDING,7351932d9372e79b1a29a5758598b53786f36ca0af1147da4ca80215768c426f,planned,not_assessed,0.1.0
605,P52293,PDBe_SIFTS,7leq,E,candidate,MOUSE_SIFTS_CANDIDATE_LOCAL_REVIEW_PENDING,5918a2412d8f7df78dfb0140625fd258d906b0f924d4a24f1c44d4ca176a8566,planned,not_assessed,0.1.0
606,P52293,PDBe_SIFTS,7let,E,candidate,MOUSE_SIFTS_CANDIDATE_LOCAL_REVIEW_PENDING,363d5c940d3d2b1da9aca8f0653736807a04076df075e13ee98357dad7b96023,planned,not_assessed,0.1.0
607,P52293,PDBe_SIFTS,7leu,E,candidate,MOUSE_SIFTS_CANDIDATE_LOCAL_REVIEW_PENDING,3b632b4f96cc1cc1e177f25566f6b62fb546662e04648b116fb378b5332dc9bc,planned,not_assessed,0.1.0
608,P52293,PDBe_SIFTS,7m60,A,candidate,MOUSE_SIFTS_CANDIDATE_LOCAL_REVIEW_PENDING,74a84cd3bec31e6f6c78f34a48cc203a79f0517af355614936e77e8730cc0550,planned,not_assessed,0.1.0
609,P52293,PDBe_SIFTS,7rfx,A,candidate,MOUSE_SIFTS_CANDIDATE_LOCAL_REVIEW_PENDING,099b792b592f67975389eadc713f4d370e86b68fbd9ebbb3734b37729604b4b4,planned,not_assessed,0.1.0
610,P52293,PDBe_SIFTS,7rfz,A,candidate,MOUSE_SIFTS_CANDIDATE_LOCAL_REVIEW_PENDING,5d0cb06fbf0084951dac1f7e0d0926469207bfa1848687465a95e86eca509882,planned,not_assessed,0.1.0
611,P52293,PDBe_SIFTS,7rg0,A,candidate,MOUSE_SIFTS_CANDIDATE_LOCAL_REVIEW_PENDING,a572c18358a1d0be09669acfd726db9f9609c7ce6b33805fee5f4f644043fa10,planned,not_assessed,0.1.0
612,P52293,PDBe_SIFTS,7rg1,A,candidate,MOUSE_SIFTS_CANDIDATE_LOCAL_REVIEW_PENDING,e78029be6ec804cbf523db6c662283ee9c45a2e3f4634ad76cc417de6e5fea37,planned,not_assessed,0.1.0
613,P52293,PDBe_SIFTS,7rg2,A,candidate,MOUSE_SIFTS_CANDIDATE_LOCAL_REVIEW_PENDING,afafc7046af69e45c28c9a0efe27336121cd9a90dae740bbd4bf6769094d684a,planned,not_assessed,0.1.0
614,P52293,PDBe_SIFTS,7rg3,A,candidate,MOUSE_SIFTS_CANDIDATE_LOCAL_REVIEW_PENDING,e248a7dd9f3a40ab1fc7a7f670710d654ba184214005a63e46a93f49f9e3f690,planned,not_assessed,0.1.0
615,P52293,PDBe_SIFTS,7rg4,E,candidate,MOUSE_SIFTS_CANDIDATE_LOCAL_REVIEW_PENDING,c08caa92845f33666375a6e29a5bf3510fc3ced3d186cc72deb8e98a1f82360a,planned,not_assessed,0.1.0
616,P52293,PDBe_SIFTS,7rg6,A,candidate,MOUSE_SIFTS_CANDIDATE_LOCAL_REVIEW_PENDING,1cf09181bb32ae80e8c31716c7ab5496652e4bc1a3e845da8a42ec75f3d6d553,planned,not_assessed,0.1.0
617,P52293,PDBe_SIFTS,7tmx,I,candidate,MOUSE_SIFTS_CANDIDATE_LOCAL_REVIEW_PENDING,706cda6916ebbe77071072977b7404154b4eee7489b3e5d9bcab7c07888b370d,planned,not_assessed,0.1.0
618,P52293,PDBe_SIFTS,7tmy,I,candidate,MOUSE_SIFTS_CANDIDATE_LOCAL_REVIEW_PENDING,e0d879b83f1771e7367f0714fbbdf4d3c23ce12b65b2df0b8bb4f4bff10462ba,planned,not_assessed,0.1.0
619,P52293,PDBe_SIFTS,7umi,E,candidate,MOUSE_SIFTS_CANDIDATE_LOCAL_REVIEW_PENDING,145fc3d0233949947437c16ed032ae0f5f7ccec5a1fba0efd406264ebd60c312,planned,not_assessed,0.1.0
620,P52293,PDBe_SIFTS,8ech,E,candidate,MOUSE_SIFTS_CANDIDATE_LOCAL_REVIEW_PENDING,527c45c419f792f30e24b8ab5717a7cb7c38c7f323f3e592efb3f17fb3a04427,planned,not_assessed,0.1.0
621,P52293,PDBe_SIFTS,8f2q,A,candidate,MOUSE_SIFTS_CANDIDATE_LOCAL_REVIEW_PENDING,fa9c29af79b8ed868759db58cc1121a077432dec28da2f9874d3814211e0adb6,planned,not_assessed,0.1.0
622,P52293,PDBe_SIFTS,8fk3,A,candidate,MOUSE_SIFTS_CANDIDATE_LOCAL_REVIEW_PENDING,d1e1b6baac8c15f797a7111e460618a7959d1d1241356fc6452dd5f88de20ebe,planned,not_assessed,0.1.0
623,P52293,PDBe_SIFTS,8fua,A,candidate,MOUSE_SIFTS_CANDIDATE_LOCAL_REVIEW_PENDING,2fea42db4835062b348cd8299f6c2421e44f4bf0f01fcaa7d3cc52da0da6bdd8,planned,not_assessed,0.1.0
624,P52293,PDBe_SIFTS,8fuc,B,candidate,MOUSE_SIFTS_CANDIDATE_LOCAL_REVIEW_PENDING,1495889ac3d2f2427f4a1505612103053ee5c9758e35fcd553ecf351c174b4a8,planned,not_assessed,0.1.0
625,P52293,PDBe_SIFTS,8g8q,A,candidate,MOUSE_SIFTS_CANDIDATE_LOCAL_REVIEW_PENDING,f3b9925985b7e542b65332630c155a7be99133bc1d08c06d54037f30bc0fb340,planned,not_assessed,0.1.0
626,P52293,PDBe_SIFTS,8g8r,A,candidate,MOUSE_SIFTS_CANDIDATE_LOCAL_REVIEW_PENDING,05271ea6952288417436ac2e13b020418e3499750947a8d4bc4000c26de69f9f,planned,not_assessed,0.1.0
627,P52293,PDBe_SIFTS,8g8s,A,candidate,MOUSE_SIFTS_CANDIDATE_LOCAL_REVIEW_PENDING,ec1c958f7af748ca374fbd00228ec08ba0c590d51d75ffbdf052f09ea6afb9bc,planned,not_assessed,0.1.0
628,P52293,PDBe_SIFTS,8he0,A,candidate,MOUSE_SIFTS_CANDIDATE_LOCAL_REVIEW_PENDING,e8e7073ce8fa03a45779e66afc9f9d51f379bbea33087055fd7fb9da5e9a0c6c,planned,not_assessed,0.1.0
629,P52293,PDBe_SIFTS,8he3,A,candidate,MOUSE_SIFTS_CANDIDATE_LOCAL_REVIEW_PENDING,c48c13732d2887516907e8d8716d8c77d9470dedc9bfbc99625f7a10d3530f6d,planned,not_assessed,0.1.0
630,P52293,PDBe_SIFTS,8q8k,A,candidate,MOUSE_SIFTS_CANDIDATE_LOCAL_REVIEW_PENDING,c36b40582c00cf9befc3dd27b0bd9ffaafafe601557446974d343a94a94367e4,planned,not_assessed,0.1.0
631,P52293,PDBe_SIFTS,8q8k,B,candidate,MOUSE_SIFTS_CANDIDATE_LOCAL_REVIEW_PENDING,c36b40582c00cf9befc3dd27b0bd9ffaafafe601557446974d343a94a94367e4,planned,not_assessed,0.1.0
632,P52293,PDBe_SIFTS,8qxw,A,candidate,MOUSE_SIFTS_CANDIDATE_LOCAL_REVIEW_PENDING,5a69adc03c125ab1943577ab1985ccd7ec98084d47a6283b332c7b18ff6de59e,planned,not_assessed,0.1.0
633,P52293,PDBe_SIFTS,8qxx,A,candidate,MOUSE_SIFTS_CANDIDATE_LOCAL_REVIEW_PENDING,717df426fec25c0d03ba8c75c0715ec5fdfe5022eac5e670812d7457aa49ab48,planned,not_assessed,0.1.0
634,P52293,PDBe_SIFTS,8sg7,B,candidate,MOUSE_SIFTS_CANDIDATE_LOCAL_REVIEW_PENDING,a948f689383b250e0a8ee90941f0a792d4e083af9954ab1870e6ad55691f28cd,planned,not_assessed,0.1.0
635,P52293,PDBe_SIFTS,8sud,A,candidate,MOUSE_SIFTS_CANDIDATE_LOCAL_REVIEW_PENDING,c374615b7e868f4689a35c7ea1b8dc1cb4dfdb0a02bf006a833db3398737e327,planned,not_assessed,0.1.0
636,P52293,PDBe_SIFTS,8sv0,B,candidate,MOUSE_SIFTS_CANDIDATE_LOCAL_REVIEW_PENDING,ca761c10e9600b76461e3c268a1e0f04016ecf44e91175bcdf0345dfdf169659,planned,not_assessed,0.1.0
637,P52293,PDBe_SIFTS,8tuq,A,candidate,MOUSE_SIFTS_CANDIDATE_LOCAL_REVIEW_PENDING,8e888c107c9d1465cd0ad149e8dc6c140f6859c294a32a2f46cf7713db2e925a,planned,not_assessed,0.1.0
638,P52293,PDBe_SIFTS,8tur,A,candidate,MOUSE_SIFTS_CANDIDATE_LOCAL_REVIEW_PENDING,1696ef74b9fcb47ce46db195a00fdececccb4c695fe250ce70c8dc7a34dc977e,planned,not_assessed,0.1.0
639,P52293,PDBe_SIFTS,8tus,A,candidate,MOUSE_SIFTS_CANDIDATE_LOCAL_REVIEW_PENDING,24adb864f51e3a0e50fe281cca4d994a918dd7e97adf6f75e99e4d0d2af4449a,planned,not_assessed,0.1.0
640,P52293,PDBe_SIFTS,8tut,A,candidate,MOUSE_SIFTS_CANDIDATE_LOCAL_REVIEW_PENDING,6a722dd478a9ee74999bd8d4ee5de9b1c07c6bff0e27f105e3b4cbc3087b35b8,planned,not_assessed,0.1.0
641,P52293,PDBe_SIFTS,8tuu,A,candidate,MOUSE_SIFTS_CANDIDATE_LOCAL_REVIEW_PENDING,cb2dab15c4fbec223e75653e6089ac4d31bed20239bd9b3fdc0d813bf772fada,planned,not_assessed,0.1.0
642,P52293,PDBe_SIFTS,8tuv,A,candidate,MOUSE_SIFTS_CANDIDATE_LOCAL_REVIEW_PENDING,51f5a3642cedc7a1cb6ca895546b6560bd69dacbc52f0fe8248c15cd161d3c06,planned,not_assessed,0.1.0
643,P52293,PDBe_SIFTS,8u36,A,candidate,MOUSE_SIFTS_CANDIDATE_LOCAL_REVIEW_PENDING,cfec56557339287980e387430139b47d03c87a2992847f9356f5d6bc3b551e7c,planned,not_assessed,0.1.0
644,P52293,PDBe_SIFTS,8vpr,A,candidate,MOUSE_SIFTS_CANDIDATE_LOCAL_REVIEW_PENDING,545f95a5ee4f30a845a68759e62b769b41e786997a48a7a8745805df5e1c18a0,planned,not_assessed,0.1.0
645,P52293,PDBe_SIFTS,8vpu,A,candidate,MOUSE_SIFTS_CANDIDATE_LOCAL_REVIEW_PENDING,2a4d0bdd534cb3f4c4248c81e69c41f8073c24f479e2524a9ee359fdc3f81a37,planned,not_assessed,0.1.0
646,P52293,PDBe_SIFTS,9cft,A,candidate,MOUSE_SIFTS_CANDIDATE_LOCAL_REVIEW_PENDING,0e7447c16d7dcb227f3f78d426be3acc45b2395b695606183ab76884def541ed,planned,not_assessed,0.1.0
647,P52293,PDBe_SIFTS,9cl8,A,candidate,MOUSE_SIFTS_CANDIDATE_LOCAL_REVIEW_PENDING,756ffb40a9e7445a7c3804da61243eb708f1ae757c1e3770ee88edc9da4d8980,planned,not_assessed,0.1.0
648,P52293,PDBe_SIFTS,9cle,A,candidate,MOUSE_SIFTS_CANDIDATE_LOCAL_REVIEW_PENDING,677d4fdcc825e9a51baea73d5b176bef29b9c5a25a30ca22b84f68452906d341,planned,not_assessed,0.1.0
649,P52293,PDBe_SIFTS,9clf,A,candidate,MOUSE_SIFTS_CANDIDATE_LOCAL_REVIEW_PENDING,85843df4d098e435c9e118e73b0b2e002e66349f40c354cebf8cb6a411296987,planned,not_assessed,0.1.0
650,P52293,PDBe_SIFTS,9clg,A,candidate,MOUSE_SIFTS_CANDIDATE_LOCAL_REVIEW_PENDING,5fa60c6878ec398a6eab8448abbf5fe6be120a8fc96bc75ab149203673b93176,planned,not_assessed,0.1.0
651,P52293,PDBe_SIFTS,9mik,E,candidate,MOUSE_SIFTS_CANDIDATE_LOCAL_REVIEW_PENDING,5bfb3853aa5c36d8b78a3b0761c4045266fc93e8c6ccdd9afc75bf2148ea646f,planned,not_assessed,0.1.0
652,P52293,PDBe_SIFTS,9mka,E,candidate,MOUSE_SIFTS_CANDIDATE_LOCAL_REVIEW_PENDING,f6d3963b4fc865d5c58fe8fd8a04cbb74b0ce64aa0bba38debabb43bde2ee17b,planned,not_assessed,0.1.0
653,P52293,PDBe_SIFTS,9n54,E,candidate,MOUSE_SIFTS_CANDIDATE_LOCAL_REVIEW_PENDING,df7920035b389cfbb5e37c0a80d8f3ee7f80c083f958b4cc458c97a8e0aedb4a,planned,not_assessed,0.1.0
654,P52293,PDBe_SIFTS,9nib,A,candidate,MOUSE_SIFTS_CANDIDATE_LOCAL_REVIEW_PENDING,23baf999da3f6bb80914110582210cbdea869c42e35503301948b5da7e247c8e,planned,not_assessed,0.1.0
655,P52293,PDBe_SIFTS,9nz1,A,candidate,MOUSE_SIFTS_CANDIDATE_LOCAL_REVIEW_PENDING,c02e76db39afd5ac85df5ee582f29ffd56dd9f74331bdc9bd3e7c73d6a412562,planned,not_assessed,0.1.0
656,P52293,PDBe_SIFTS,9ovz,A,candidate,MOUSE_SIFTS_CANDIDATE_LOCAL_REVIEW_PENDING,0a860b2658a9ae89fb980c39707c72db2924ab5a87c0e761510c83ad89858a69,planned,not_assessed,0.1.0
657,P52293,PDBe_SIFTS,9pyr,E,candidate,MOUSE_SIFTS_CANDIDATE_LOCAL_REVIEW_PENDING,f0cbf28489bff3e3331c47e063e859f062ae011c594d8873e2c3d6a6eb3d8181,planned,not_assessed,0.1.0
658,P52293,PDBe_SIFTS,9y0r,A,candidate,MOUSE_SIFTS_CANDIDATE_LOCAL_REVIEW_PENDING,17768f74dc4aa70218d36b349a94dbb0f498f67d0d931283ad32a0926bc8ae4b,planned,not_assessed,0.1.0
659,P52293,PDBe_SIFTS,9y7k,A,candidate,MOUSE_SIFTS_CANDIDATE_LOCAL_REVIEW_PENDING,79a39e3f98bcbae094905fe83f1afe330896ecdb47e33575aec9bb03c531011d,planned,not_assessed,0.1.0
660,P52293,PDBe_SIFTS,9ytz,E,candidate,MOUSE_SIFTS_CANDIDATE_LOCAL_REVIEW_PENDING,89af4c949aa9c116043ed6b6ec01c117cb8a5933f486031d4719e3b8c134fe89,planned,not_assessed,0.1.0
661,P52293,PDBe_SIFTS,9yy4,A,candidate,MOUSE_SIFTS_CANDIDATE_LOCAL_REVIEW_PENDING,cc9c16b6ecc75c85f204f26a156897845c757f9cf2196d83cec3b1e1ca2443fe,planned,not_assessed,0.1.0
662,P52825,AlphaFold_DB,AF-P52825-F1,A,candidate,EXACT_FULL_SEQUENCE_LOCAL_QUALITY_PENDING,5e8c674d2396bb96c96831c0cd166bc5fca6af545541dcf1ccae7162e9e871db;1152d77804d60bdbe581763c4848a37ab06a7d0307f2301e24008138a26c4069;ff2bfef874c17289b73eeaa18d744593639d380a07b5d892fef25873862a7d4d,planned,not_assessed,0.1.0
663,P54130,AlphaFold_DB,AF-P54130-F1,A,candidate,EXACT_FULL_SEQUENCE_LOCAL_QUALITY_PENDING,0ff1814c6dc51f38f9940244d656145220309883a6dab73134e82f5420410265;23e148049dbcfe9fedc21096445561b55744ec28f4f780a7796f75046de80f56;3d9f105dc05d42dfb5acd01c31f54dfd5734417d5e068d6a8693473b824037f2,planned,not_assessed,0.1.0
664,P54320,AlphaFold_DB,AF-P54320-F1,A,candidate,EXACT_FULL_SEQUENCE_LOCAL_QUALITY_PENDING,d14ec381d035544d147b74ec9975be3f940460bbf8a75b7b73c699a841444d81;8355b7cf8f25a3fb14c7aec72dddd8c4a15f06c88e93b706baee6b0ccd841d1e;36a90d1ea6469da430e38e4b37605fe25ade374f797dd3e488b78738f77e6e41,planned,not_assessed,0.1.0
665,P54369,AlphaFold_DB,AF-P54369-F1,A,candidate,EXACT_FULL_SEQUENCE_LOCAL_QUALITY_PENDING,724ad4a23d6d73b4a8163f9218644c6cf6aaf91c20ffa57f4ed1186b3f825c1e;ab9a4aa9a9db6ab4779ee15ccea4b2e8c17ccb0fc2d118badcf79f841efe5f62;0b87f257c3d5c636e23f5bb07b87a18e4d635c04ec40f266d82ffe71c477fb4a,planned,not_assessed,0.1.0
666,P55271,AlphaFold_DB,AF-P55271-F1,A,candidate,EXACT_FULL_SEQUENCE_LOCAL_QUALITY_PENDING,d5aee29da9464eae294b2c14c921702c28ba7440a13cebed19551ab3084fcf7b;cd5e24d13be288097e52de023843e90dac2d7e3fdbdf3d31db63bf5f48b6bf72;97d12c9be33ae839e8ef0d506cf34b328cfddd13d99be691ce69b640baa5d2ab,planned,not_assessed,0.1.0
667,P55271,PDBe_SIFTS,1d9s,A,candidate,MOUSE_SIFTS_CANDIDATE_LOCAL_REVIEW_PENDING,9166294cabf3a306e407c55c18e64098f1a4c3d7d10a2b9dffba7f989dfacb1f,planned,not_assessed,0.1.0
668,P55284,AlphaFold_DB,AF-P55284-F1,A,candidate,EXACT_FULL_SEQUENCE_LOCAL_QUALITY_PENDING,06df7ce17167fc1c785a2f5c62d5bc52c5e96318a44a011f8efc8a87c9373138;4a21837f9260aba33d70de34f03713122093ea23d9c07ff887ebeca5d05301ab;1e3c77f31bbcf17619d7bfb150d32f5a36b83523db10629a4acd81cf54533bf3,planned,not_assessed,0.1.0
669,P55284,PDBe_SIFTS,2koh,B,candidate,MOUSE_SIFTS_CANDIDATE_LOCAL_REVIEW_PENDING,5265618a4b31e16cc9f43e6d9c17442a8e5c62f22f19eaa40003b74301746f48,planned,not_assessed,0.1.0
670,P56375,AlphaFold_DB,AF-P56375-F1,A,candidate,EXACT_FULL_SEQUENCE_LOCAL_QUALITY_PENDING,d482581507b79daaf3d7930c9fd4fe61fc21f678d577a8ff8b066c6967ab386b;e62930211b30c50c295d0a48bb9eefe64ae5d00284a078ae8f2d2112bb55e643;0cbfb5c29acee0c8c06b52fd0e9cd5a0eead84045aff13340584a86432f35392,planned,not_assessed,0.1.0
671,P56389,AlphaFold_DB,AF-P56389-F1,A,candidate,EXACT_FULL_SEQUENCE_LOCAL_QUALITY_PENDING,9143088707f41063582ee350dba8578d38e711645329b5dfd4e020acecf1a0a5;3c6c0032fd0c99fe31660c9888187fc273cdaba2e96a079d6d4adaa9400d6bc5;730cee32e268cffa7470c7916c0e4cda73445bb198af863927493eee51fd9a6b,planned,not_assessed,0.1.0
672,P56389,PDBe_SIFTS,1zab,A,candidate,MOUSE_SIFTS_CANDIDATE_LOCAL_REVIEW_PENDING,dddb6c58b253445c54e1ccdbf3b591d583aedc7ab7c56a8232d008c81ac2b6ed,planned,not_assessed,0.1.0
673,P56389,PDBe_SIFTS,1zab,B,candidate,MOUSE_SIFTS_CANDIDATE_LOCAL_REVIEW_PENDING,dddb6c58b253445c54e1ccdbf3b591d583aedc7ab7c56a8232d008c81ac2b6ed,planned,not_assessed,0.1.0
674,P56389,PDBe_SIFTS,1zab,C,candidate,MOUSE_SIFTS_CANDIDATE_LOCAL_REVIEW_PENDING,dddb6c58b253445c54e1ccdbf3b591d583aedc7ab7c56a8232d008c81ac2b6ed,planned,not_assessed,0.1.0
675,P56389,PDBe_SIFTS,1zab,D,candidate,MOUSE_SIFTS_CANDIDATE_LOCAL_REVIEW_PENDING,dddb6c58b253445c54e1ccdbf3b591d583aedc7ab7c56a8232d008c81ac2b6ed,planned,not_assessed,0.1.0
676,P56389,PDBe_SIFTS,2fr5,A,candidate,MOUSE_SIFTS_CANDIDATE_LOCAL_REVIEW_PENDING,ea3fb5e6f459f642d632d457c30d22e2e8ecf46bd9ddaac3195c7fea6e362954,planned,not_assessed,0.1.0
677,P56389,PDBe_SIFTS,2fr5,B,candidate,MOUSE_SIFTS_CANDIDATE_LOCAL_REVIEW_PENDING,ea3fb5e6f459f642d632d457c30d22e2e8ecf46bd9ddaac3195c7fea6e362954,planned,not_assessed,0.1.0
678,P56389,PDBe_SIFTS,2fr5,C,candidate,MOUSE_SIFTS_CANDIDATE_LOCAL_REVIEW_PENDING,ea3fb5e6f459f642d632d457c30d22e2e8ecf46bd9ddaac3195c7fea6e362954,planned,not_assessed,0.1.0
679,P56389,PDBe_SIFTS,2fr5,D,candidate,MOUSE_SIFTS_CANDIDATE_LOCAL_REVIEW_PENDING,ea3fb5e6f459f642d632d457c30d22e2e8ecf46bd9ddaac3195c7fea6e362954,planned,not_assessed,0.1.0
680,P56389,PDBe_SIFTS,2fr6,A,candidate,MOUSE_SIFTS_CANDIDATE_LOCAL_REVIEW_PENDING,e732ed03850437bef44c9fd525739d292a1e49b77dc9222f73a24a967173d075,planned,not_assessed,0.1.0
681,P56389,PDBe_SIFTS,2fr6,B,candidate,MOUSE_SIFTS_CANDIDATE_LOCAL_REVIEW_PENDING,e732ed03850437bef44c9fd525739d292a1e49b77dc9222f73a24a967173d075,planned,not_assessed,0.1.0
682,P56389,PDBe_SIFTS,2fr6,C,candidate,MOUSE_SIFTS_CANDIDATE_LOCAL_REVIEW_PENDING,e732ed03850437bef44c9fd525739d292a1e49b77dc9222f73a24a967173d075,planned,not_assessed,0.1.0
683,P56389,PDBe_SIFTS,2fr6,D,candidate,MOUSE_SIFTS_CANDIDATE_LOCAL_REVIEW_PENDING,e732ed03850437bef44c9fd525739d292a1e49b77dc9222f73a24a967173d075,planned,not_assessed,0.1.0
684,P56392,AlphaFold_DB,AF-P56392-F1,A,candidate,EXACT_FULL_SEQUENCE_LOCAL_QUALITY_PENDING,6e330aa9f49bede25bcee3ca1bec508482aac7594d9a442e0f71ee2eddca424e;159ef07d98a4025903a933c2fa9eace413b47c7e6f16a79a2dde191394392a90;604064dbc840e62f980d17707110a99c9b642719933c4e1a99b6a53946384f03,planned,not_assessed,0.1.0
685,P56476,AlphaFold_DB,AF-P56476-2-F1,A,held,ALPHAFOLD_ACCESSION_DIFFERS_FROM_CANONICAL,,metadata_held_or_excluded,not_assessed,0.1.0
686,P56476,AlphaFold_DB,AF-P56476-F1,A,candidate,EXACT_FULL_SEQUENCE_LOCAL_QUALITY_PENDING,a86f3a05c10d9f75b9a5bd291369b40de81f842f05f0f42f5942e79322a38362;0971b92dc642c696621ec3ddb19ea692c4bf273a721d891ba9bf1c56549bb400;56935536abf52a14d467a32e96d3b09f4facd2b5c9c93717b1050bbe7cc29be2,planned,not_assessed,0.1.0
687,P56481,AlphaFold_DB,AF-P56481-F1,A,candidate,EXACT_FULL_SEQUENCE_LOCAL_QUALITY_PENDING,2acc5dc8fd3bc6e7253f10b89887b00ca547adcade76e757dfb60d62fe768495;600733a88edfaab1508960cfd681e1b4e8993f5bde48be5dfe8023ef8a371dc5;f4d929fe09eb9a7c369866920c26c1ba83798c49757f86fca719cb666b9dbc0e,planned,not_assessed,0.1.0
688,P56485,AlphaFold_DB,AF-P56485-F1,A,candidate,EXACT_FULL_SEQUENCE_LOCAL_QUALITY_PENDING,aeb119496600f1aca90e04dd5ed02d21c9b67ec5a798132e622fe20b18cae98d;0586267a3a32986a171f6380660824463d66ea7226c784d0d9c450240681a08b;88a5aa656f3adb11acd4b9bdc2f1335c1e75506d19d82a1adbce27632a587885,planned,not_assessed,0.1.0
689,P57787,AlphaFold_DB,AF-P57787-F1,A,candidate,EXACT_FULL_SEQUENCE_LOCAL_QUALITY_PENDING,e0276af3dc71e7f7970896efc89f7a52c10e354211edca83ec029a0a6d594924;424939370d2a409871894604f8289c1555d83371e2ffae0d97ca64b12cb9d65b;45c202fbe25122a4b6ed2095a1b26734d400d1dd3c8b813cc37618da9592fbcb,planned,not_assessed,0.1.0
690,P58006,AlphaFold_DB,AF-P58006-F1,A,candidate,EXACT_FULL_SEQUENCE_LOCAL_QUALITY_PENDING,aa7a25f6a9c230baff5338ce33d7346659b26f930cad760c2985c244063e6439;d262fab0879afd4afd0e1ecf90ffb2b7f3dc6c73a86fa22b0f742c9b43ae5730;51623f324151984128ad44dc39d7a8f94a80c4efe8cabf0a2d95095365a463d3,planned,not_assessed,0.1.0
691,P58044,AlphaFold_DB,AF-0000000011341358,A,held,ALPHAFOLD_MOUSE_TAXONOMY_NOT_CONFIRMED,,metadata_held_or_excluded,not_assessed,0.1.0
692,P58044,AlphaFold_DB,AF-P58044-F1,A,candidate,EXACT_FULL_SEQUENCE_LOCAL_QUALITY_PENDING,1de23c5662ef46fae0cdd572b10f497ebd0039e968d0b9934c7508b063277b87;d0f50c0b157cdf7a378b055a7f2846fe13a9129b4a5148cf266ccb8a2e100894;85006fc65de5bc2d9be1bfacf9141812cc3993738f25ecf0d66af39b3839ddc7,planned,not_assessed,0.1.0
693,P58459,AlphaFold_DB,AF-P58459-2-F1,A,held,ALPHAFOLD_ACCESSION_DIFFERS_FROM_CANONICAL,,metadata_held_or_excluded,not_assessed,0.1.0
694,P58459,AlphaFold_DB,AF-P58459-3-F1,A,held,ALPHAFOLD_ACCESSION_DIFFERS_FROM_CANONICAL,,metadata_held_or_excluded,not_assessed,0.1.0
695,P58459,AlphaFold_DB,AF-P58459-F1,A,candidate,EXACT_FULL_SEQUENCE_LOCAL_QUALITY_PENDING,1e36f049508655127bc1a69c38587bb07ca8aacef88e3d434fd70e03cd1b411d;ad9436e45ea4b2babcb48e642ffea530566418884844683a8ec75b3516e2785f;1697e36bd0f948ae50a4a2d7868d6bac612a954b23498bf9b6f26d13edf7e1d7,planned,not_assessed,0.1.0
696,P58462,AlphaFold_DB,AF-P58462-2-F1,A,held,ALPHAFOLD_ACCESSION_DIFFERS_FROM_CANONICAL,,metadata_held_or_excluded,not_assessed,0.1.0
697,P58462,AlphaFold_DB,AF-P58462-3-F1,A,held,ALPHAFOLD_ACCESSION_DIFFERS_FROM_CANONICAL,,metadata_held_or_excluded,not_assessed,0.1.0
698,P58462,AlphaFold_DB,AF-P58462-4-F1,A,held,ALPHAFOLD_ACCESSION_DIFFERS_FROM_CANONICAL,,metadata_held_or_excluded,not_assessed,0.1.0
699,P58462,AlphaFold_DB,AF-P58462-5-F1,A,held,ALPHAFOLD_ACCESSION_DIFFERS_FROM_CANONICAL,,metadata_held_or_excluded,not_assessed,0.1.0
700,P58462,AlphaFold_DB,AF-P58462-F1,A,candidate,EXACT_FULL_SEQUENCE_LOCAL_QUALITY_PENDING,1a4ac328e57b00a5c275693e9ffabade0f2103ef304eec7e7a7a2bf2f68af4d3;1b2c1de238656484ff46f44f53d3d4d51040e8fcbfb458fed153324d2f09e2cc;d51c27b3d1dbdfdfe9fbcf493cc9985da6d9de347cf5563c411d0d63ffc92aaa,planned,not_assessed,0.1.0
701,P58686,AlphaFold_DB,AF-P58686-F1,A,candidate,EXACT_FULL_SEQUENCE_LOCAL_QUALITY_PENDING,320b60790f3f703bee332e86ebe497e5b86d11eb9b4e43ea3fccd116477627a8;045168f9c7eb9ef65b1240898543d76f84775f2caf8ddf5c8e8f1fb980ed07c9;d7b0f2e04616b580d04fe959866832a47ccb990e6959a1232000076c10058947,planned,not_assessed,0.1.0
702,P58742,AlphaFold_DB,AF-P58742-F1,A,candidate,EXACT_FULL_SEQUENCE_LOCAL_QUALITY_PENDING,3fd9da68c892bdf5e3301e9c27c77ec0d74355324157fd449fbcf426798d25f3;947e882968d11f8d27685ad7a841b1f289b455e80c62bd52a0102f350e448298;1277398ee19c760f1237fc9444bb4f0cae218dd82a25296426d985872bb80303,planned,not_assessed,0.1.0
703,P61014,AlphaFold_DB,AF-P61014-F1,A,candidate,EXACT_FULL_SEQUENCE_LOCAL_QUALITY_PENDING,69be3491ade551a4d73cb169a42917e1f37457a9df7307553fbeaf626638e360;5c459a1f1ddf386328dc9483af8dc56a139b627c3047b2c31627e0b8f9036de2;6ae245274c1b505c051d885516fa7f1a4f74341074cd758c180ef55b4cb1c902,planned,not_assessed,0.1.0
704,P61014,PDBe_SIFTS,3o7l,I,candidate,MOUSE_SIFTS_CANDIDATE_LOCAL_REVIEW_PENDING,f95091f5441def42385d614651d41499912c680d8f9b662ba9f23d73fd633c7f,planned,not_assessed,0.1.0
705,P61027,AlphaFold_DB,AF-P61027-F1,A,candidate,EXACT_FULL_SEQUENCE_LOCAL_QUALITY_PENDING,42729016ce071bbe676d7fbfd3e90f732309cbb5a95898c50a2724143a26f031;1a4c9cbc95e34143c058387cd80cd0aa8939e940467d9af3c91d6a0dff494a12;944387f57e8c99eaee73f82aade61def5213b09142a234cd63839ac27c428ec6,planned,not_assessed,0.1.0
706,P61079,AlphaFold_DB,AF-P61079-F1,A,candidate,EXACT_FULL_SEQUENCE_LOCAL_QUALITY_PENDING,7e88d7d02081fce58f59fc92443f6cfdeb9af50a3c8f5ee569bce18f50375851;d9b964fd716c91a40a92b7eb5bf965719434e0ce66d6c11b87de407147f1d8d3;eb1e314ef5fcff0c194282dac888e8600950f4c1c470409e21846fb464d9a1cd,planned,not_assessed,0.1.0
707,P61079,PDBe_SIFTS,12dl,CA,candidate,MOUSE_SIFTS_CANDIDATE_LOCAL_REVIEW_PENDING,6fe7ebd059283b2cbb247b5768504faa1d79996a6811cbf27d7c44f9d7198d0a,planned,not_assessed,0.1.0
708,P61079,PDBe_SIFTS,12dl,CB,candidate,MOUSE_SIFTS_CANDIDATE_LOCAL_REVIEW_PENDING,6fe7ebd059283b2cbb247b5768504faa1d79996a6811cbf27d7c44f9d7198d0a,planned,not_assessed,0.1.0
709,P61079,PDBe_SIFTS,24mc,a,candidate,MOUSE_SIFTS_CANDIDATE_LOCAL_REVIEW_PENDING,8d98d9b2e25986c6448bae7d16a8e538fa4141d32bb4dc9617f49a42360d6e37,planned,not_assessed,0.1.0
710,P61079,PDBe_SIFTS,24mc,c,candidate,MOUSE_SIFTS_CANDIDATE_LOCAL_REVIEW_PENDING,8d98d9b2e25986c6448bae7d16a8e538fa4141d32bb4dc9617f49a42360d6e37,planned,not_assessed,0.1.0
711,P61079,PDBe_SIFTS,9sfp,c,candidate,MOUSE_SIFTS_CANDIDATE_LOCAL_REVIEW_PENDING,f0a3a78c130752d6302ddca803cc88fb95659e263a04e8bfe7d1bae21d6a5a73,planned,not_assessed,0.1.0
712,P61079,PDBe_SIFTS,9t63,b,candidate,MOUSE_SIFTS_CANDIDATE_LOCAL_REVIEW_PENDING,e2f7b80f2cdb364124c04cd8699126a3b5aba5ca7a315895c28df25767335802,planned,not_assessed,0.1.0
713,P61079,PDBe_SIFTS,9t64,AI,candidate,MOUSE_SIFTS_CANDIDATE_LOCAL_REVIEW_PENDING,9c3ed55cdc41163a353e9387c6890bb85b7661dbade2942e78bb7449e8aabcf3,planned,not_assessed,0.1.0
714,P61079,PDBe_SIFTS,9t64,b,candidate,MOUSE_SIFTS_CANDIDATE_LOCAL_REVIEW_PENDING,9c3ed55cdc41163a353e9387c6890bb85b7661dbade2942e78bb7449e8aabcf3,planned,not_assessed,0.1.0
715,P61079,PDBe_SIFTS,9t64,p,candidate,MOUSE_SIFTS_CANDIDATE_LOCAL_REVIEW_PENDING,9c3ed55cdc41163a353e9387c6890bb85b7661dbade2942e78bb7449e8aabcf3,planned,not_assessed,0.1.0
716,P61079,PDBe_SIFTS,9t67,AI,candidate,MOUSE_SIFTS_CANDIDATE_LOCAL_REVIEW_PENDING,1eb99e08e057fff430ded142cbbe2052bf83598b038821004a29b1493b1e4204,planned,not_assessed,0.1.0
717,P61079,PDBe_SIFTS,9t67,b,candidate,MOUSE_SIFTS_CANDIDATE_LOCAL_REVIEW_PENDING,1eb99e08e057fff430ded142cbbe2052bf83598b038821004a29b1493b1e4204,planned,not_assessed,0.1.0
718,P61079,PDBe_SIFTS,9t67,p,candidate,MOUSE_SIFTS_CANDIDATE_LOCAL_REVIEW_PENDING,1eb99e08e057fff430ded142cbbe2052bf83598b038821004a29b1493b1e4204,planned,not_assessed,0.1.0
719,P61079,PDBe_SIFTS,9t68,AI,candidate,MOUSE_SIFTS_CANDIDATE_LOCAL_REVIEW_PENDING,784e05d2da4f3518d37925b4c09f6a50d487c3b2b833c0c654d528d54e3897c0,planned,not_assessed,0.1.0
720,P61079,PDBe_SIFTS,9t68,b,candidate,MOUSE_SIFTS_CANDIDATE_LOCAL_REVIEW_PENDING,784e05d2da4f3518d37925b4c09f6a50d487c3b2b833c0c654d528d54e3897c0,planned,not_assessed,0.1.0
721,P61079,PDBe_SIFTS,9t68,p,candidate,MOUSE_SIFTS_CANDIDATE_LOCAL_REVIEW_PENDING,784e05d2da4f3518d37925b4c09f6a50d487c3b2b833c0c654d528d54e3897c0,planned,not_assessed,0.1.0
722,P61079,PDBe_SIFTS,9w2m,O,candidate,MOUSE_SIFTS_CANDIDATE_LOCAL_REVIEW_PENDING,513bf717942ef33d188d54a9fde7cc06697ebeca7668df87dba403ec5ebb12a6,planned,not_assessed,0.1.0
723,P61079,PDBe_SIFTS,9w2m,o,candidate,MOUSE_SIFTS_CANDIDATE_LOCAL_REVIEW_PENDING,513bf717942ef33d188d54a9fde7cc06697ebeca7668df87dba403ec5ebb12a6,planned,not_assessed,0.1.0
724,P61079,PDBe_SIFTS,9xrl,AD,candidate,MOUSE_SIFTS_CANDIDATE_LOCAL_REVIEW_PENDING,976888a4d7af3b47e52fa937f5f0e5c484cfa40dde0f926ef38e29c0a6c59e44,planned,not_assessed,0.1.0
725,P61079,PDBe_SIFTS,9xrl,AM,candidate,MOUSE_SIFTS_CANDIDATE_LOCAL_REVIEW_PENDING,976888a4d7af3b47e52fa937f5f0e5c484cfa40dde0f926ef38e29c0a6c59e44,planned,not_assessed,0.1.0
726,P61079,PDBe_SIFTS,9xrl,AS,candidate,MOUSE_SIFTS_CANDIDATE_LOCAL_REVIEW_PENDING,976888a4d7af3b47e52fa937f5f0e5c484cfa40dde0f926ef38e29c0a6c59e44,planned,not_assessed,0.1.0
727,P61213,AlphaFold_DB,AF-P61213-F1,A,candidate,EXACT_FULL_SEQUENCE_LOCAL_QUALITY_PENDING,f66b7696ea60b24e97d17c1dad61ca289796c1533fa767983fb12f5cbc20c106;dc9fd1cbe7829407e06d6437c4fb24ffbef45e2fe962ec463160861f43f87b36;fd23a520f4e860e11fbf483ca36b43b7c4437aecd02347edcd2767f22eb20017,planned,not_assessed,0.1.0
728,P61216,AlphaFold_DB,AF-P61216-F1,A,candidate,EXACT_FULL_SEQUENCE_LOCAL_QUALITY_PENDING,504bfdc35ef0b942f909754c1ee5e83c70cd077dc11a85d4b9895d1180373ad4;809568dd2c460f77acc37b925ca930e743a6b0316ebb6256a9b2cf5d7b5945dc;ebf0405d78cae25f7e2b21924d4717a2d0684fed8edf71e32cb40ff73b859b3b,planned,not_assessed,0.1.0
729,P61971,AlphaFold_DB,AF-P61971-F1,A,candidate,EXACT_FULL_SEQUENCE_LOCAL_QUALITY_PENDING,f583647c0e83b4c259aea560415ccf101a5566f08985f9353ea71d4ffb5bab50;994f760dfab6ab72a05305b3959cd128a9a3a78d17c3af7de83ad7f46466d751;0410254f8c89b5be07ad18dd1becfac8f52ce81ba7014bf26c0f1618fb913c4d,planned,not_assessed,0.1.0
730,P62073,AlphaFold_DB,AF-P62073-F1,A,candidate,EXACT_FULL_SEQUENCE_LOCAL_QUALITY_PENDING,8a8005a1268c620648f84546936dba864db3f722bfacec18f45836f6c4b4638d;2a824ba0a60788f7014615710f07705c586c92dd894b73ca637c7c985e94f374;584ca4236f3885e19195cb26f0d46915b30344010f33732f8aca33ca7f341068,planned,not_assessed,0.1.0
731,P62080,AlphaFold_DB,AF-P62080-F1,A,candidate,EXACT_FULL_SEQUENCE_LOCAL_QUALITY_PENDING,88c765cf6a3d57fbe32db38fb132d885fdac6643dbe4551b3266601200989c81;5804f82fed5d5f2a74f9ae5ed8152ae4e7eb678b817577dec600a91e1adb8fb8;126e459ff56ab624464b701fe1000db3ab272a584afe4916979902748eb6834f,planned,not_assessed,0.1.0
732,P62334,AlphaFold_DB,AF-P62334-F1,A,candidate,EXACT_FULL_SEQUENCE_LOCAL_QUALITY_PENDING,d9866b1301a8edde17970c53bd9ff800cec82a9342d48a9ee1109c974445fe81;f24e8656dd4582d863b69e73e68c63d1378874255d7a473bf8f7713383ded132;025120da3c0f27edf79071351a641792cc141e47c9e27e25f29b16a3972978a7,planned,not_assessed,0.1.0
733,P62700,AlphaFold_DB,AF-P62700-F1,A,candidate,EXACT_FULL_SEQUENCE_LOCAL_QUALITY_PENDING,cb5620532b6cf76e7f63a8d01e6ad917e6200b5d44cd6ad8a84cadcefa23bff3;7e2c3b1925670af46af784223312b7715857a40093e6c54b59ba441db96ad433;29ba54f75cde554c12beb74bece35dd2ba621ad3fb25c2947df5ff9b007a5d16,planned,not_assessed,0.1.0
734,P62827,AlphaFold_DB,AF-P62827-F1,A,candidate,EXACT_FULL_SEQUENCE_LOCAL_QUALITY_PENDING,ff986b7fb7f497e85102ea1af9e6295e7552bddb2a743fc4f3a0c933e0771e79;9119defc1f95a7c22c3c77ff214a67f1bfae8b8b7e8824ea5919cf1ecc46c6d1;8ea588ed1151b7ea6ba37dc0745e6e01b781d5f929b909de111a8e90d433a16e,planned,not_assessed,0.1.0
735,P63037,AlphaFold_DB,AF-P63037-F1,A,candidate,EXACT_FULL_SEQUENCE_LOCAL_QUALITY_PENDING,025a9f0ea939b2a93c56f19f579e0e639b8475a32eabaf377e71e7a33074db0f;b10e52d5ff536e3bfff8504cad3a998fa073d883e6e929110ced16080eb014b7;bde96611eade3af8816db35d647a13d532c9f4fabba92c461ec359ea613ab795,planned,not_assessed,0.1.0
736,P63038,AlphaFold_DB,AF-P63038-2-F1,A,held,ALPHAFOLD_ACCESSION_DIFFERS_FROM_CANONICAL,,metadata_held_or_excluded,not_assessed,0.1.0
737,P63038,AlphaFold_DB,AF-P63038-F1,A,candidate,EXACT_FULL_SEQUENCE_LOCAL_QUALITY_PENDING,9d18692313f3b7d5841a2ed9c1f9e94bd9667031a7ecd0c8857623007465fcd2;7c9ade19cdc7da2b3794bb6943502a2e01878520282d2863e5b666a057df3c8a;6c2596e1fa14e6005c9bb198c46bc0e6c810a87f727c2e9b2e459b67d3a2395a,planned,not_assessed,0.1.0
738,P63078,AlphaFold_DB,AF-P63078-F1,A,candidate,EXACT_FULL_SEQUENCE_LOCAL_QUALITY_PENDING,3dda96bbe512f56f6c99636c5d55645828f5d287ec4aae67a50ff8c8e3628c00;9b0a9de363ea1ca60327ff8cffbf028ff7d940e3296fcb11aeab32f7c55f2c14;fa1346529e8d13a8600737583c0ad754abfb45affaa363b2d9fe25dcdec5032a,planned,not_assessed,0.1.0
739,P63087,AlphaFold_DB,AF-P63087-2-F1,A,held,ALPHAFOLD_ACCESSION_DIFFERS_FROM_CANONICAL,,metadata_held_or_excluded,not_assessed,0.1.0
740,P63087,AlphaFold_DB,AF-P63087-F1,A,candidate,EXACT_FULL_SEQUENCE_LOCAL_QUALITY_PENDING,f72dcf0920510d89ac1918bcffdbe49ff340a11be01fadb3b0ce284691b4c62b;a239cdea7c153982f27270e27f9a67b9b1c18f5242b5f6f03ecd9c3f5e1cdf69;28b8e3ad00c843ed106c9c7053bd8f6cbff684963dac109d122e0911be8f43c1,planned,not_assessed,0.1.0
741,P63087,PDBe_SIFTS,4v0u,D,candidate,MOUSE_SIFTS_CANDIDATE_LOCAL_REVIEW_PENDING,159ccd20c3367c68f021ff3dbcbbd09c2486885ea1249ebbbfb94e7dfce2f3d4,planned,not_assessed,0.1.0
742,P63087,PDBe_SIFTS,4v0u,F,candidate,MOUSE_SIFTS_CANDIDATE_LOCAL_REVIEW_PENDING,159ccd20c3367c68f021ff3dbcbbd09c2486885ea1249ebbbfb94e7dfce2f3d4,planned,not_assessed,0.1.0
743,P63087,PDBe_SIFTS,4v0u,H,candidate,MOUSE_SIFTS_CANDIDATE_LOCAL_REVIEW_PENDING,159ccd20c3367c68f021ff3dbcbbd09c2486885ea1249ebbbfb94e7dfce2f3d4,planned,not_assessed,0.1.0
744,P63087,PDBe_SIFTS,4v0u,J,candidate,MOUSE_SIFTS_CANDIDATE_LOCAL_REVIEW_PENDING,159ccd20c3367c68f021ff3dbcbbd09c2486885ea1249ebbbfb94e7dfce2f3d4,planned,not_assessed,0.1.0
745,P63087,PDBe_SIFTS,4v0u,N,candidate,MOUSE_SIFTS_CANDIDATE_LOCAL_REVIEW_PENDING,159ccd20c3367c68f021ff3dbcbbd09c2486885ea1249ebbbfb94e7dfce2f3d4,planned,not_assessed,0.1.0
746,P63087,PDBe_SIFTS,4v0v,A,candidate,MOUSE_SIFTS_CANDIDATE_LOCAL_REVIEW_PENDING,643a3d83b94cb34058b5088c32c69691941c8267f0be37fca9ab1e99defd343d,planned,not_assessed,0.1.0
747,P63087,PDBe_SIFTS,4v0v,C,candidate,MOUSE_SIFTS_CANDIDATE_LOCAL_REVIEW_PENDING,643a3d83b94cb34058b5088c32c69691941c8267f0be37fca9ab1e99defd343d,planned,not_assessed,0.1.0
748,P63087,PDBe_SIFTS,4v0w,A,candidate,MOUSE_SIFTS_CANDIDATE_LOCAL_REVIEW_PENDING,1c9da08743f67cffb07b9a4ebaa1506ecbd842de5fcd3caeba82dd59828c7833,planned,not_assessed,0.1.0
749,P63087,PDBe_SIFTS,4v0w,C,candidate,MOUSE_SIFTS_CANDIDATE_LOCAL_REVIEW_PENDING,1c9da08743f67cffb07b9a4ebaa1506ecbd842de5fcd3caeba82dd59828c7833,planned,not_assessed,0.1.0
750,P63087,PDBe_SIFTS,4v0x,A,candidate,MOUSE_SIFTS_CANDIDATE_LOCAL_REVIEW_PENDING,9ebfd71b2ae8b8f93fd7b413aad63c407120504e38970ce6112e8d09a436e050,planned,not_assessed,0.1.0
751,P63087,PDBe_SIFTS,9ijj,4a,candidate,MOUSE_SIFTS_CANDIDATE_LOCAL_REVIEW_PENDING,6d66db8ea11d5b13f1a60fd57561701018860b27f105ab5dd00cc2ceb78a8426,planned,not_assessed,0.1.0
752,P63168,AlphaFold_DB,AF-P63168-F1,A,candidate,EXACT_FULL_SEQUENCE_LOCAL_QUALITY_PENDING,beff0263dc98e7dc46715fd229227cc67d670db4388e4a90efebddbee7755305;a3f443608ec852c2528b62a2ab1d9f2042eb5833870184f93dbf522957bf86b5;b9e51cb8f6f532b75075a559e4ab2b1bd870159346216e0b9c1d0958859e8cea,planned,not_assessed,0.1.0
753,P63239,AlphaFold_DB,AF-P63239-F1,A,candidate,EXACT_FULL_SEQUENCE_LOCAL_QUALITY_PENDING,a8d28279e99e97368f27eb552fd049c588973e8007a98b22971df4d9e60ab85e;8129a385898ae25d143c56f91114bcaa83c2ad2750d33067af606243a9225ab4;ed2dc6cd7cc811918307175375000707ed2609a0f92f907af653606f8410168e,planned,not_assessed,0.1.0
754,P63239,PDBe_SIFTS,1kn6,A,candidate,MOUSE_SIFTS_CANDIDATE_LOCAL_REVIEW_PENDING,9933c610897a3c4217cb298787c685e4d23c4862135b6242c0f932cf055d8f0e,planned,not_assessed,0.1.0
755,P63239,PDBe_SIFTS,2kdt,A,candidate,MOUSE_SIFTS_CANDIDATE_LOCAL_REVIEW_PENDING,98b2a1c7f585d4ec27e83981243030612843dcd0c7cbef76cd3835fbfcb4366e,planned,not_assessed,0.1.0
756,P63239,PDBe_SIFTS,2ke3,A,candidate,MOUSE_SIFTS_CANDIDATE_LOCAL_REVIEW_PENDING,d8204fac6149b580e4a198dca9695833cbbf1d7de087518f9e7bf5fd208f08ab,planned,not_assessed,0.1.0
757,P63254,AlphaFold_DB,AF-P63254-F1,A,candidate,EXACT_FULL_SEQUENCE_LOCAL_QUALITY_PENDING,94fa1ec456c8f094e2c8e277f12b6c7550d22e4a33880fce997ec6f756b00a7f;879debf14f1f5dc96e8e4bc42dbd8185686db182e17448a5d801f873fcb0ead2;9d7d84ca729b206c52bd7a81dcc444cc85b23524162d7cfce6605999dc03ab26,planned,not_assessed,0.1.0
758,P63268,AlphaFold_DB,AF-P63268-F1,A,candidate,EXACT_FULL_SEQUENCE_LOCAL_QUALITY_PENDING,1c46e37a3fe86c6b82fec8e3bb0d9ec0b7ad94711e67842e1d7f8b7269f91bc5;131163043d66453f727eee83aea7959f80199bef3a752755ba6348963d1aa8c0;7ac4f68913985cc87ae45ba4fc13bd1580b9a56137ee227cc78b79b610faa414,planned,not_assessed,0.1.0
759,P68368,AlphaFold_DB,AF-P68368-F1,A,candidate,EXACT_FULL_SEQUENCE_LOCAL_QUALITY_PENDING,92749c9daf4925521c588e65f157f13e59cc98133f73cf4f4635b4f5c6fb31eb;ab8887fbd67f40d23fcf6bfb9155c5d36af91e6b35ee54f8565df3ef9b9ca829;61385c0ab634d80663f5b11e9357c23cfcf2c4702f6b62b69e6254f41b53b30f,planned,not_assessed,0.1.0
760,P68368,PDBe_SIFTS,8ixf,A,candidate,MOUSE_SIFTS_CANDIDATE_LOCAL_REVIEW_PENDING,c8266e7011f646dc6d728f58e1957eee7b01dc9736d0f7b65811cd4bf7414238,planned,not_assessed,0.1.0
761,P68368,PDBe_SIFTS,8ixf,B,candidate,MOUSE_SIFTS_CANDIDATE_LOCAL_REVIEW_PENDING,c8266e7011f646dc6d728f58e1957eee7b01dc9736d0f7b65811cd4bf7414238,planned,not_assessed,0.1.0
762,P68368,PDBe_SIFTS,8ixf,C,candidate,MOUSE_SIFTS_CANDIDATE_LOCAL_REVIEW_PENDING,c8266e7011f646dc6d728f58e1957eee7b01dc9736d0f7b65811cd4bf7414238,planned,not_assessed,0.1.0
763,P68368,PDBe_SIFTS,8ixf,D,candidate,MOUSE_SIFTS_CANDIDATE_LOCAL_REVIEW_PENDING,c8266e7011f646dc6d728f58e1957eee7b01dc9736d0f7b65811cd4bf7414238,planned,not_assessed,0.1.0
764,P68368,PDBe_SIFTS,8ixf,E,candidate,MOUSE_SIFTS_CANDIDATE_LOCAL_REVIEW_PENDING,c8266e7011f646dc6d728f58e1957eee7b01dc9736d0f7b65811cd4bf7414238,planned,not_assessed,0.1.0
765,P68368,PDBe_SIFTS,8ixf,F,candidate,MOUSE_SIFTS_CANDIDATE_LOCAL_REVIEW_PENDING,c8266e7011f646dc6d728f58e1957eee7b01dc9736d0f7b65811cd4bf7414238,planned,not_assessed,0.1.0
766,P68368,PDBe_SIFTS,8ixf,G,candidate,MOUSE_SIFTS_CANDIDATE_LOCAL_REVIEW_PENDING,c8266e7011f646dc6d728f58e1957eee7b01dc9736d0f7b65811cd4bf7414238,planned,not_assessed,0.1.0
767,P68368,PDBe_SIFTS,8ixf,H,candidate,MOUSE_SIFTS_CANDIDATE_LOCAL_REVIEW_PENDING,c8266e7011f646dc6d728f58e1957eee7b01dc9736d0f7b65811cd4bf7414238,planned,not_assessed,0.1.0
768,P68368,PDBe_SIFTS,8ixf,I,candidate,MOUSE_SIFTS_CANDIDATE_LOCAL_REVIEW_PENDING,c8266e7011f646dc6d728f58e1957eee7b01dc9736d0f7b65811cd4bf7414238,planned,not_assessed,0.1.0
769,P68368,PDBe_SIFTS,8ixg,B,candidate,MOUSE_SIFTS_CANDIDATE_LOCAL_REVIEW_PENDING,41fada26c3d23c1b658c4255447fa0f5fd2e3002e9ca20f5ff156d866fcf38d5,planned,not_assessed,0.1.0
770,P68368,PDBe_SIFTS,8ixg,H,candidate,MOUSE_SIFTS_CANDIDATE_LOCAL_REVIEW_PENDING,41fada26c3d23c1b658c4255447fa0f5fd2e3002e9ca20f5ff156d866fcf38d5,planned,not_assessed,0.1.0
771,P68368,PDBe_SIFTS,8ixg,J,candidate,MOUSE_SIFTS_CANDIDATE_LOCAL_REVIEW_PENDING,41fada26c3d23c1b658c4255447fa0f5fd2e3002e9ca20f5ff156d866fcf38d5,planned,not_assessed,0.1.0
772,P68368,PDBe_SIFTS,8ixg,K,candidate,MOUSE_SIFTS_CANDIDATE_LOCAL_REVIEW_PENDING,41fada26c3d23c1b658c4255447fa0f5fd2e3002e9ca20f5ff156d866fcf38d5,planned,not_assessed,0.1.0
773,P70120,AlphaFold_DB,AF-P70120-F1,A,candidate,EXACT_FULL_SEQUENCE_LOCAL_QUALITY_PENDING,251edddbe072b5a106c97991a5f527e5b6f6fef33fca4667785995b924131036;35da37941ed2d5f65f8054b7755f23ddfbe1921089d20ed5cde677e30fc19c05;438e3dd2619c82309f4efc5e12a236ab8841c2cb4eb639ab6f00188cb05c2e8f,planned,not_assessed,0.1.0
774,P70170,AlphaFold_DB,AF-P70170-2-F1,A,held,ALPHAFOLD_ACCESSION_DIFFERS_FROM_CANONICAL,,metadata_held_or_excluded,not_assessed,0.1.0
775,P70170,AlphaFold_DB,AF-P70170-3-F1,A,held,ALPHAFOLD_ACCESSION_DIFFERS_FROM_CANONICAL,,metadata_held_or_excluded,not_assessed,0.1.0
776,P70170,AlphaFold_DB,AF-P70170-F1,A,candidate,EXACT_FULL_SEQUENCE_LOCAL_QUALITY_PENDING,ce3cc26b3a915c8d2644148c1155886d231cf7d51f8fcbafd179ca045ab0e6f6;e1a9bb8e5ab8d9712aa967b939a44ec8ea230ba5983a170b3c98daa635f9b618;e83ca1610d0526fb594dd86e4a6913569c3962f5fc68add3be36a05cbd0bcf83,planned,not_assessed,0.1.0
777,P70210,AlphaFold_DB,AF-P70210-F1,A,candidate,EXACT_FULL_SEQUENCE_LOCAL_QUALITY_PENDING,0b20730251fea863629c92b42148ab4dca6712e727d00ca7694fe3227670d742;ecf038684f5833fb1e9180685a65ba785d731d7f20dd1dc48ac0abb43de4f23a;ee742e469b2f47c01ba421fb05f309381ace5b0b06db673025e6fe1e6d2d70f1,planned,not_assessed,0.1.0
778,P70245,AlphaFold_DB,AF-P70245-F1,A,candidate,EXACT_FULL_SEQUENCE_LOCAL_QUALITY_PENDING,4bcec3917b89d382ab159b67d663c35efd61bba367ebeb24e700f9c295d0f2b1;b8dd571a2f14e9acfb1413262a5f64501946fc0108a8027ee89cb0c6b606709c;6bb6c1c92f095a456b9dc0f9ef3e996220bf9359944cf2ee33706c5827ae3ac2,planned,not_assessed,0.1.0
779,P70378,AlphaFold_DB,AF-P70378-F1,A,candidate,EXACT_FULL_SEQUENCE_LOCAL_QUALITY_PENDING,b6864d1f56c6ec7827eb5e12decfcc3821a98d35b00421b1dad809796789fb40;cecbe6bd0c02e937b044d4a1c0993c4237b640fe5884666bb1d2a45306c21dd8;c00daf39b095d496a704cabc788dd77fb80ff9e0e2593f359fd7104c125a0e48,planned,not_assessed,0.1.0
780,P70423,AlphaFold_DB,AF-P70423-F1,A,candidate,EXACT_FULL_SEQUENCE_LOCAL_QUALITY_PENDING,c78c896c54f2fe993c78a00a150e37dc356319a3c0700045d7caeea005f8469b;26b0430ccae8555e1fb23f7cb3d16d2a7bdfe6777f9025aab4bf263a4a9a35a3;fa2c77c4ca79dad2be0d280dfa6bc8f797d398e66f1fc938e986d53405b64a87,planned,not_assessed,0.1.0
781,P84075,AlphaFold_DB,AF-P84075-F1,A,candidate,EXACT_FULL_SEQUENCE_LOCAL_QUALITY_PENDING,dd7c85c585bdac2d30c7bbe2afb1f19ac583b933ee90322b9f0bff155830a26a;4c84e0a7b583051182e5a2497653302c6a0844a9596e49757aee3a09c13f50c6;d9b1bc9d3f899c28952312cc53443c07f43d38638d98ed0037fabf810ff96b75,planned,not_assessed,0.1.0
782,P86046,AlphaFold_DB,AF-P86046-F1,A,candidate,EXACT_FULL_SEQUENCE_LOCAL_QUALITY_PENDING,88000f3e9ddc1b618bbbb3a442bf4b513018d79bfb87e783a56ebbb8caa6fe5e;35d0e4783852167418b14073beb55095c0e5b7b89d628256ad8c4b880a4f56b0;fb9383a5f264557ec23da2012d60c372aa521c53ca8b5b77fb8827767d2d7da9,planned,not_assessed,0.1.0
783,P97297,AlphaFold_DB,AF-P97297-F1,A,candidate,EXACT_FULL_SEQUENCE_LOCAL_QUALITY_PENDING,9deb031d86a84590a96ab5d6c4a7d9f6e63117f0f751fa37d2c9ae82deb625d1;7526a231b5443b35213d6480ffc2091ce006415977fbd537c23fe1c6768679c1;f69c18b02385ca511eda2d16bcefa8edbfaec8b0fae8216231300c9f603c3624,planned,not_assessed,0.1.0
784,P97315,AlphaFold_DB,AF-P97315-F1,A,candidate,EXACT_FULL_SEQUENCE_LOCAL_QUALITY_PENDING,d5c263e790157de2fc7a9517e817c362a71b56bf80897f2b19f4f867299792e5;401d8ad7a14332a1ebb4555ab9f12b3d0bc362052cb3fd91adfb62f28bc55fc2;ae76f0a50403aebb8cd0736a359c9e4d4ef40c05a9180d6fd558e5714f147212,planned,not_assessed,0.1.0
785,P97430,AlphaFold_DB,AF-P97430-F1,A,candidate,EXACT_FULL_SEQUENCE_LOCAL_QUALITY_PENDING,b2540ef7533d2be0296b3317c273046dbb12d1691028db783eb7004494287942;28abff1cc2c158d6d581e529f2edfcdd8f1f022b0dc967b00809e92d9151d2a5;346340a15e5afc4c61cf36b88dd0bbb4b840f79ad7bb2caa5c904158bc96e00d,planned,not_assessed,0.1.0
786,P97769,AlphaFold_DB,AF-P97769-F1,A,candidate,EXACT_FULL_SEQUENCE_LOCAL_QUALITY_PENDING,a78c2dd193f05a2116eaa062ce6f6a71ada8302668413a3f3a6e704e907a68da;bcd806bd5f14327fc67f453b3006867d18cb2e8b9d59dae8a0d1f1a920cccfc0;fac3c2bff679e976026bd6bab8c79428e7b4876e85a5751c569f511c2300be3d,planned,not_assessed,0.1.0
787,P97794,AlphaFold_DB,AF-P97794-F1,A,candidate,EXACT_FULL_SEQUENCE_LOCAL_QUALITY_PENDING,d69904ab090286db35c685e95a1e58bdefa1dba39f245546c5598947a3abe7d9;fbbd543b327133dd5cdf654389034984fc5ff81563b08944fbe01540edafa9e4;7749251fe32980b9f5e184d1a7163b460b9a7b34774c60c355f61fc024d77692,planned,not_assessed,0.1.0
788,P98083,AlphaFold_DB,AF-P98083-2-F1,A,held,ALPHAFOLD_ACCESSION_DIFFERS_FROM_CANONICAL,,metadata_held_or_excluded,not_assessed,0.1.0
789,P98083,AlphaFold_DB,AF-P98083-3-F1,A,held,ALPHAFOLD_ACCESSION_DIFFERS_FROM_CANONICAL,,metadata_held_or_excluded,not_assessed,0.1.0
790,P98083,AlphaFold_DB,AF-P98083-F1,A,candidate,EXACT_FULL_SEQUENCE_LOCAL_QUALITY_PENDING,7671de074cbd98723ba1ebe9d67f011ba8d35b1c07e36141fc82e913d13903b6;91d7a639578281462f6d02204a16b1f05a6505d5deae1bcd2edb55a501fd277a;e7389bfb89546aeae096462bf45cd0055a5378501b96d8e54e74758abb78ea5a,planned,not_assessed,0.1.0
791,Q00519,AlphaFold_DB,AF-Q00519-F1,A,candidate,EXACT_FULL_SEQUENCE_LOCAL_QUALITY_PENDING,6c671dedd9f73fa8adb4127ea547a47beb154815785678600a66e6f0230e609b;709fcd86bdb25b700654e93ae483bd924e99db3c7a77707a39efcd023d5f6f53;8badac48af55f5a431c60e57e7a7bfb6ee4e5e0816f8ca64b411a58dbcc72b49,planned,not_assessed,0.1.0
792,Q01320,AlphaFold_DB,AF-Q01320-F1,A,candidate,EXACT_FULL_SEQUENCE_LOCAL_QUALITY_PENDING,1426889e005ee712dc4275014047d9353bac4df733f6424bbdf34dd9d1cdbb41;3c9cc9640d3c85e31d01d6752cdcfab189ae11e40ad78a6070735aaa0dd071fe;5f505ac6555ca6349e6c35fcaa0d43b477fe6e7f1eb8075947af6e82089479ef,planned,not_assessed,0.1.0
793,Q01721,AlphaFold_DB,AF-Q01721-F1,A,candidate,EXACT_FULL_SEQUENCE_LOCAL_QUALITY_PENDING,1cbbcd984f55088f7050792b1da8e027ff33ebaea6f20f284b25c5dacbe39f1c;91b1f0279c4fe139413af3bc7ff473ad79e7d45aca728d51eed47c45c10a152d;fd741d7d67c6f80090611d2a15605516a45aa4db2422fe03f9baa6565196a42d,planned,not_assessed,0.1.0
794,Q02788,AlphaFold_DB,AF-Q02788-F1,A,candidate,EXACT_FULL_SEQUENCE_LOCAL_QUALITY_PENDING,ac8da829564f336d76c87d8f7bc8990866ec5678fba92caba624465191bc6407;e223499dae72714e80eb6690953bbad0fcd9f55053c60440c0695d75614456dc;08c6e77c0c68cd52082b6666a62242acd9479122a0a33328cebe8dfa5e37f91a,planned,not_assessed,0.1.0
795,Q03160,AlphaFold_DB,AF-Q03160-F1,A,candidate,EXACT_FULL_SEQUENCE_LOCAL_QUALITY_PENDING,6354406ab197c53a4fbdde692c82a7a14514280ff0a8c145ce46ddd3fb90079e;6e0c912e89bf2f531f30885aa60ebc909f79596dc6c4c51263233ad8e4b800fa;8890b57538ba47c8b0315f093b70480dbc700cded268ec3642046b440634bbf4,planned,not_assessed,0.1.0
796,Q03526,AlphaFold_DB,AF-Q03526-F1,A,candidate,EXACT_FULL_SEQUENCE_LOCAL_QUALITY_PENDING,8cb043105c4902843c1795039a6dd8327f45a52069b840cb7ab3ed6a58387de6;acdd47eb0d3d464498f1e893f79208a9a2427343dd946b74b8032dd0cb268989;3b820ab2fdea8fbf95db9706cad58876cc7bff4585e568cf2365f9a3fcf54cdb,planned,not_assessed,0.1.0
797,Q03526,PDBe_SIFTS,1awj,A,candidate,MOUSE_SIFTS_CANDIDATE_LOCAL_REVIEW_PENDING,73c29f8a2ee46669a8df0dcb30ae73fb59049b3882b1fec7a79b5f4313325409,planned,not_assessed,0.1.0
798,Q03526,PDBe_SIFTS,1lui,A,candidate,MOUSE_SIFTS_CANDIDATE_LOCAL_REVIEW_PENDING,ac31428264eea4e86ad7c6ec25994b2ab6b732f42ceeb82877ff1a5d4b0c04ac,planned,not_assessed,0.1.0
799,Q03526,PDBe_SIFTS,1luk,A,candidate,MOUSE_SIFTS_CANDIDATE_LOCAL_REVIEW_PENDING,3d4b6f91444998646e41a6bac5defc10faa344df3883e3ec0115bb62c50a3272,planned,not_assessed,0.1.0
800,Q03526,PDBe_SIFTS,1lum,A,candidate,MOUSE_SIFTS_CANDIDATE_LOCAL_REVIEW_PENDING,a3b96e3d952a9cc06f225603a60f4d0dfd95bc4cc6e40387b52f80a70904cda0,planned,not_assessed,0.1.0
801,Q03526,PDBe_SIFTS,1lun,A,candidate,MOUSE_SIFTS_CANDIDATE_LOCAL_REVIEW_PENDING,c4a7edd366bd0f0e1932ccf19fbe557f85a1ba0344a9901e5dcad68f65689242,planned,not_assessed,0.1.0
802,Q03526,PDBe_SIFTS,2etz,A,candidate,MOUSE_SIFTS_CANDIDATE_LOCAL_REVIEW_PENDING,29389f8fe6cc5a5a95f9c2c1e06177ba76cb0443de7d20a864d072b9cb7649d9,planned,not_assessed,0.1.0
803,Q03526,PDBe_SIFTS,2eu0,A,candidate,MOUSE_SIFTS_CANDIDATE_LOCAL_REVIEW_PENDING,721367feb6496287725e58199a4e0f4f2e87a0614de5cc4a7ad6b956e551abcd,planned,not_assessed,0.1.0
804,Q03526,PDBe_SIFTS,2k79,A,candidate,MOUSE_SIFTS_CANDIDATE_LOCAL_REVIEW_PENDING,97e29da7f73f85efe86f95923121036a85f6480f7f75f80562407812fe20e018,planned,not_assessed,0.1.0
805,Q03526,PDBe_SIFTS,2k79,B,candidate,MOUSE_SIFTS_CANDIDATE_LOCAL_REVIEW_PENDING,97e29da7f73f85efe86f95923121036a85f6480f7f75f80562407812fe20e018,planned,not_assessed,0.1.0
806,Q03526,PDBe_SIFTS,2k7a,A,candidate,MOUSE_SIFTS_CANDIDATE_LOCAL_REVIEW_PENDING,7f42df244aefa547a533549c0d8cefbb2bbbc03561abe2cfb9a41340b9e10da2,planned,not_assessed,0.1.0
807,Q03526,PDBe_SIFTS,2k7a,B,candidate,MOUSE_SIFTS_CANDIDATE_LOCAL_REVIEW_PENDING,7f42df244aefa547a533549c0d8cefbb2bbbc03561abe2cfb9a41340b9e10da2,planned,not_assessed,0.1.0
808,Q03526,PDBe_SIFTS,2rn8,A,candidate,MOUSE_SIFTS_CANDIDATE_LOCAL_REVIEW_PENDING,d0dc8099dcc8f1c2e489c18afae7d3161d4b3c726e9c214ee794f69517ec1dbc,planned,not_assessed,0.1.0
809,Q03526,PDBe_SIFTS,2rna,A,candidate,MOUSE_SIFTS_CANDIDATE_LOCAL_REVIEW_PENDING,ad68aa36839e9e3fcf24af4b9c7ca6f1fc09338ebe194a23686f63fcd3ea1256,planned,not_assessed,0.1.0
810,Q03526,PDBe_SIFTS,3s9k,A,candidate,MOUSE_SIFTS_CANDIDATE_LOCAL_REVIEW_PENDING,5a51f385d0512a532d939b255e5301fa13f1ef756d7b76c52a2df95828949e02,planned,not_assessed,0.1.0
811,Q03719,AlphaFold_DB,AF-Q03719-F1,A,candidate,EXACT_FULL_SEQUENCE_LOCAL_QUALITY_PENDING,e733d3e8e0db7ac8053ede152a8aa33c3f69e88ef528becb70c61692e27503aa;ebf0f675fd940f09cecf880d605e319b0e240726eb67befc47f003e514563c51;cf0ae93743497e525fb4947793b7e86f1c921ce655e4bc8e0ffb127c6b4046fd,planned,not_assessed,0.1.0
812,Q04857,AlphaFold_DB,AF-Q04857-F1,A,candidate,EXACT_FULL_SEQUENCE_LOCAL_QUALITY_PENDING,7a89bdc484a992856f5d6dd370c65cf65bb8d241e0e6c33205b10a1ffb10e2e0;27a20c8ee3652800fd3b370d0b32b7d0bea757b7030f709ee675d96836d82d1d;8621a81bff777e27800ab0061eb44626ef9258cb8b9de6a8d6bede5ab43a659d,planned,not_assessed,0.1.0
813,Q05685,AlphaFold_DB,AF-Q05685-F1,A,candidate,EXACT_FULL_SEQUENCE_LOCAL_QUALITY_PENDING,0f7050049fd641ee3366f8fa3ba112b6df18217cd2055f4299778f00e32a6d4d;47570873d77bfc22f4f8d53246a42e7cc65529e41817458f5baf60a30f944fec;86977064b3178460e29635b3d686a89e34945c87809608606bf653107dc5e7be,planned,not_assessed,0.1.0
814,Q05910,AlphaFold_DB,AF-Q05910-F1,A,candidate,EXACT_FULL_SEQUENCE_LOCAL_QUALITY_PENDING,9eccef0a510f17e5c407e328435d41c6f420f8e60eba417ec59bd3287d7a0dc9;e0125689a1a6acbf76fa924ab41d10fb61801db72dfff0344a8f97f90aae0058;cf2ef7687649ba8ab3d78e41b8f38d4da3a52ac07f3af1832f32da3718f67595,planned,not_assessed,0.1.0
815,Q05AA6,AlphaFold_DB,AF-Q05AA6-F1,A,candidate,EXACT_FULL_SEQUENCE_LOCAL_QUALITY_PENDING,17b4a66b8fdade94ea15524897754009fd25bd9d90be67b1b4f6b81ead1a563e;714a6b290ae65302b26d3a384e025671d9b91c258db5b4b049f4438a01be8530;d72b5173b884f1e1cb69f8e251e06e89402718ac49828add276dd8d30ac87c51,planned,not_assessed,0.1.0
816,Q07646,AlphaFold_DB,AF-Q07646-2-F1,A,held,ALPHAFOLD_ACCESSION_DIFFERS_FROM_CANONICAL,,metadata_held_or_excluded,not_assessed,0.1.0
817,Q07646,AlphaFold_DB,AF-Q07646-F1,A,candidate,EXACT_FULL_SEQUENCE_LOCAL_QUALITY_PENDING,610a3ee8c96275760713a156e00451a2932d2413e8a1fd0227e8dd71b375029b;9f125f1b0e57f36ea64b98e74ac33d752d92837f3da94f707c8926c2142d2aa9;f660b1bcfcd68e9204ecd56972a06344bbdcbf4cb8f7da36a8576c94a40e811c,planned,not_assessed,0.1.0
818,Q08091,AlphaFold_DB,AF-Q08091-2-F1,A,held,ALPHAFOLD_ACCESSION_DIFFERS_FROM_CANONICAL,,metadata_held_or_excluded,not_assessed,0.1.0
819,Q08091,AlphaFold_DB,AF-Q08091-F1,A,candidate,EXACT_FULL_SEQUENCE_LOCAL_QUALITY_PENDING,6ca760640ed3cf0f8235fbc14bdadf5ca178e4a6d2328f3b46323d35f8a83f74;d585ad377b8d2148ee6004b7d960eb05a5422a884449ecd8e1f1c9ff0475f8b9;fad35967818770fd48c1de287db97a84338acd3320c9df6ad4d4f93d7e031a13,planned,not_assessed,0.1.0
820,Q08481,AlphaFold_DB,AF-Q08481-2-F1,A,held,ALPHAFOLD_ACCESSION_DIFFERS_FROM_CANONICAL,,metadata_held_or_excluded,not_assessed,0.1.0
821,Q08481,AlphaFold_DB,AF-Q08481-3-F1,A,held,ALPHAFOLD_ACCESSION_DIFFERS_FROM_CANONICAL,,metadata_held_or_excluded,not_assessed,0.1.0
822,Q08481,AlphaFold_DB,AF-Q08481-4-F1,A,held,ALPHAFOLD_ACCESSION_DIFFERS_FROM_CANONICAL,,metadata_held_or_excluded,not_assessed,0.1.0
823,Q08481,AlphaFold_DB,AF-Q08481-F1,A,candidate,EXACT_FULL_SEQUENCE_LOCAL_QUALITY_PENDING,425c59ab7be5f673b14e3a3aba478a921e017b994418f4c232c5f41e6ac7c23b;aa12d820bc08b1bcbe35550ad3da986b5597261ebead6c2ea0338d5217b3753a;b8d69ec824abed251d05f69e624f79dfef89c5d0d2a09682c0f65714b5ee8d75,planned,not_assessed,0.1.0
824,Q0VAW7,AlphaFold_DB,AF-Q0VAW7-2-F1,A,held,ALPHAFOLD_ACCESSION_DIFFERS_FROM_CANONICAL,,metadata_held_or_excluded,not_assessed,0.1.0
825,Q0VAW7,AlphaFold_DB,AF-Q0VAW7-F1,A,candidate,EXACT_FULL_SEQUENCE_LOCAL_QUALITY_PENDING,e27fd055f48f1a797bbd1ab68dce4a464cf6e7e5599df993caedde3acdadbbe5;9d2abbf7346e648021b06ac42d02216337db905cafb412ad625c86bef095030b;e52be4039c79ae9123462c17c8bc278f13ca2a2151b3cbea51e96b54badc31a4,planned,not_assessed,0.1.0
826,Q0VBD0,AlphaFold_DB,AF-Q0VBD0-F1,A,candidate,EXACT_FULL_SEQUENCE_LOCAL_QUALITY_PENDING,5622c6bec268bc716914adf40fb6b2e2fb44a56d9c4cf22b902d22860edd7329;da65ab0254a1ac6deaf85f78f4c5aa20a0ca60c97e6464d2e2e3f9dc169af078;465f0c549203c945b8727555f12174894f16b87f1c3a9ece84b10f8ef5e84966,planned,not_assessed,0.1.0
827,Q0VBL6,AlphaFold_DB,AF-Q0VBL6-2-F1,A,held,ALPHAFOLD_ACCESSION_DIFFERS_FROM_CANONICAL,,metadata_held_or_excluded,not_assessed,0.1.0
828,Q0VBL6,AlphaFold_DB,AF-Q0VBL6-3-F1,A,held,ALPHAFOLD_ACCESSION_DIFFERS_FROM_CANONICAL,,metadata_held_or_excluded,not_assessed,0.1.0
829,Q0VBL6,AlphaFold_DB,AF-Q0VBL6-F1,A,candidate,EXACT_FULL_SEQUENCE_LOCAL_QUALITY_PENDING,8a8c0a0d3d47d82a58a83aed54a6e01d376c467388c24d947cd9c6a9d7d494a1;8e34dcf5334af472822d106b4e35e2b3003aeb1952bca1ea988d9bc6354b2404;ece22a1c1b948f15be5e530f1c05abcde7fd857400edf30c7cf2356a9c5e0055,planned,not_assessed,0.1.0
830,Q0VBL6,PDBe_SIFTS,7v7l,B,candidate,MOUSE_SIFTS_CANDIDATE_LOCAL_REVIEW_PENDING,ab9ef86f79f4c7fa43619d3fc111c04464ef539392aa07019bb0d2a82b5df0ab,planned,not_assessed,0.1.0
831,Q0VBL6,PDBe_SIFTS,7v7w,B,candidate,MOUSE_SIFTS_CANDIDATE_LOCAL_REVIEW_PENDING,0dea3d40da399bf6104672731d7913df9931f53d3f5d2c41a48695b16ea37b76,planned,not_assessed,0.1.0
832,Q0VG18,AlphaFold_DB,AF-Q0VG18-F1,A,candidate,EXACT_FULL_SEQUENCE_LOCAL_QUALITY_PENDING,2a75ff4c2d4072380eb175c27d1962f425074aa99a93e250236401cd6ba540ef;c31eefaea8e6ddce001a5ad2f7474b0d803ae327c43649a7f2ecdc770a4f3d9c;ca34df575d2bd67437f95a39f6b0ff5879ae585b78cbcfad5c8b35d5fb029257,planned,not_assessed,0.1.0
833,Q0VGT2,AlphaFold_DB,AF-Q0VGT2-F1,A,candidate,EXACT_FULL_SEQUENCE_LOCAL_QUALITY_PENDING,90074c25d4d75e3f2f911d3741a663b8dbdc07d90d3f50201aa5336d6d15ed39;930c8a66d5fe1f1e2795bfe9b6b0d92bc9c0b9d5885417973939262915b1dfe9;aad1e5495a4d6b9744d28936f8684d26e52fc94089b81a387681f648c424a6fb,planned,not_assessed,0.1.0
834,Q0VGT4,AlphaFold_DB,AF-Q0VGT4-2-F1,A,held,ALPHAFOLD_ACCESSION_DIFFERS_FROM_CANONICAL,,metadata_held_or_excluded,not_assessed,0.1.0
835,Q0VGT4,AlphaFold_DB,AF-Q0VGT4-F1,A,candidate,EXACT_FULL_SEQUENCE_LOCAL_QUALITY_PENDING,5187678d4760022d13bf4880edade2faea841e12eeebbb2d655b101f05ef51f7;2b335e0eb641c84e14a2ca391181177dc4c29d969613b7631542f632679de0b6;4bd4fc0388d2d253ab59476a7351181ae7d04b84762fa2266c77be97ba46cb22,planned,not_assessed,0.1.0
836,Q0VGU4,AlphaFold_DB,AF-Q0VGU4-F1,A,candidate,EXACT_FULL_SEQUENCE_LOCAL_QUALITY_PENDING,d231f1d35467678567580ec38a60acd6f7eb387e56163071576eb4f18c2a76b1;6f8db492cc9dd8631dfb5ae26c54bbc225f5ccf9e1b1eb7c73c150c2d840c8d8;aa5186854017da9b5b8c7688b0c4be0ef081ec77ed7f9bfcb4d274ea58ded7b6,planned,not_assessed,0.1.0
837,Q0VGU4,PDBe_SIFTS,9kv6,D,candidate,MOUSE_SIFTS_CANDIDATE_LOCAL_REVIEW_PENDING,134d9c57d825f7116db296ca9e2c2e6fd8fac7e1524ccef5f64ebde232229a1c,planned,not_assessed,0.1.0
838,Q14AT5,AlphaFold_DB,AF-Q14AT5-2-F1,A,held,ALPHAFOLD_ACCESSION_DIFFERS_FROM_CANONICAL,,metadata_held_or_excluded,not_assessed,0.1.0
839,Q14AT5,AlphaFold_DB,AF-Q14AT5-F1,A,candidate,EXACT_FULL_SEQUENCE_LOCAL_QUALITY_PENDING,ab08689b389e50bd091d580a9fd9bab93f850f050714ed0d3b2c654f6331a72e;a8e6c7c5e9d915fdd5d98e01b829abcfc867e94726503674b504859ec09a7e9c;5a622c743a3c81d78719ab99073bf65ff0e4dc2e73aa0d927cd269716b352737,planned,not_assessed,0.1.0
840,Q14C51,AlphaFold_DB,AF-Q14C51-F1,A,candidate,EXACT_FULL_SEQUENCE_LOCAL_QUALITY_PENDING,73d8d2f080eb60af34d1e79b7608399cbd47e6973e0799fe7dca015a31cf8b50;f09eb50a1e64d78a8478365d4ffff5bf685a603ef5c7a599fc9c37f2d9db1961;3df1b861ab709c057700dde83183c119c1d700e1c7b7eeedab39962423ff6c44,planned,not_assessed,0.1.0
841,Q14C51,PDBe_SIFTS,7pnt,4,candidate,MOUSE_SIFTS_CANDIDATE_LOCAL_REVIEW_PENDING,448cb09d84ea2418b16f17af9aa2e276198294a934ae0f1634038f4be72473c7,planned,not_assessed,0.1.0
842,Q14C51,PDBe_SIFTS,7pnu,4,candidate,MOUSE_SIFTS_CANDIDATE_LOCAL_REVIEW_PENDING,ff8bc0aee9e990306dd95e29a67c8703cdef6b59f53d6909ee757d1626c33476,planned,not_assessed,0.1.0
843,Q14C51,PDBe_SIFTS,7pnv,4,candidate,MOUSE_SIFTS_CANDIDATE_LOCAL_REVIEW_PENDING,b7bc0445ac15b5e014bbf85e8500cc1e0a3b8cc1cc4e7ee479baab1c01c9f97b,planned,not_assessed,0.1.0
844,Q14C51,PDBe_SIFTS,7pnw,4,candidate,MOUSE_SIFTS_CANDIDATE_LOCAL_REVIEW_PENDING,8b9290d5b7010111ffa8103047ab35cab5207c0e12a9ba70e12b3648c3062280,planned,not_assessed,0.1.0
845,Q14DH7,AlphaFold_DB,AF-Q14DH7-2-F1,A,held,ALPHAFOLD_ACCESSION_DIFFERS_FROM_CANONICAL,,metadata_held_or_excluded,not_assessed,0.1.0
846,Q14DH7,AlphaFold_DB,AF-Q14DH7-F1,A,candidate,EXACT_FULL_SEQUENCE_LOCAL_QUALITY_PENDING,93581c1966b83503e463026336381aba04ca2a109ec38e69a8bc25a07752923d;a10b3e4597a769bcbba4d994ff3707925840367eece882dd95f3d0ef59f559de;5aeeeb7a605d0ed8962a5d032c83d672dcc2cbe1a2b0bae9781cd965c18c0b07,planned,not_assessed,0.1.0
847,Q1JRP2,AlphaFold_DB,AF-Q1JRP2-F1,A,candidate,EXACT_FULL_SEQUENCE_LOCAL_QUALITY_PENDING,051aa3531795738967fb321df8f461f388bf6084e2ec67e4e87fa49ccf08c74c;771a6e9149c32cce8b92df18d189a0229af7ba8a0c7ed257ee781801afcb8083;d930d069f13fbf3589ae906fb57ed3be1613876660d7028e3027595024108c1c,planned,not_assessed,0.1.0
848,Q3MI99,AlphaFold_DB,AF-Q3MI99-F1,A,candidate,EXACT_FULL_SEQUENCE_LOCAL_QUALITY_PENDING,7308060023e4ae8e3fd5f105413eb16a6d4d209b512c4be1ada6d7a0ae5dad80;6853a0189c7d4a116705ecab74844ab332602220afedcee485b12217f1db68c2;d0d67ef073cf15e713102b55b400d44c3a2044d9df4bd0b7b73cc4fbe6fb900f,planned,not_assessed,0.1.0
849,Q3T9X0,AlphaFold_DB,AF-Q3T9X0-2-F1,A,held,ALPHAFOLD_ACCESSION_DIFFERS_FROM_CANONICAL,,metadata_held_or_excluded,not_assessed,0.1.0
850,Q3T9X0,AlphaFold_DB,AF-Q3T9X0-3-F1,A,held,ALPHAFOLD_ACCESSION_DIFFERS_FROM_CANONICAL,,metadata_held_or_excluded,not_assessed,0.1.0
851,Q3T9X0,AlphaFold_DB,AF-Q3T9X0-4-F1,A,held,ALPHAFOLD_ACCESSION_DIFFERS_FROM_CANONICAL,,metadata_held_or_excluded,not_assessed,0.1.0
852,Q3T9X0,AlphaFold_DB,AF-Q3T9X0-F1,A,candidate,EXACT_FULL_SEQUENCE_LOCAL_QUALITY_PENDING,188d20d952e4904fb512f5eb1d251ccbb236524591f72369c8bd54b125fd1b3a;9e9f4af398a01d93c9d38f54350ce76e944bf1d9ed4e2b4efbfcff44b8286641;205f7c1e172d35515a2dca256e7b8d31cbc881a43d90199b0e310d0e27d64aac,planned,not_assessed,0.1.0
853,Q3TB82,AlphaFold_DB,AF-Q3TB82-F1,A,candidate,EXACT_FULL_SEQUENCE_LOCAL_QUALITY_PENDING,b22e2bfd2e447d54215a17727b370fd1a4dbc81574a55c8c2e9c93b057933412;66f6ec9cb8d902c077fd245dcfdfce09292b4d4994ee52b718665bfe3f704cfc;3eae984c7e4ae31402cc65587e8d671324bad5da0e9f306dec9f2b18c7e65541,planned,not_assessed,0.1.0
854,Q3TBT3,AlphaFold_DB,AF-Q3TBT3-2-F1,A,held,ALPHAFOLD_ACCESSION_DIFFERS_FROM_CANONICAL,,metadata_held_or_excluded,not_assessed,0.1.0
855,Q3TBT3,AlphaFold_DB,AF-Q3TBT3-3-F1,A,held,ALPHAFOLD_ACCESSION_DIFFERS_FROM_CANONICAL,,metadata_held_or_excluded,not_assessed,0.1.0
856,Q3TBT3,AlphaFold_DB,AF-Q3TBT3-F1,A,candidate,EXACT_FULL_SEQUENCE_LOCAL_QUALITY_PENDING,3dc4991d0d47a8a0c0e9f9d8b820024582bed0e23275b44c1cd8d83bab067a4a;7e6176b58f3a01a610798da79181117850ee1c1d42eb8d0edcead24eee4879ee;19fc578c9d51df0625439b1393845f5114f9b62845581037dee0e6beacc0ec47,planned,not_assessed,0.1.0
857,Q3TBT3,PDBe_SIFTS,11gl,A,candidate,MOUSE_SIFTS_CANDIDATE_LOCAL_REVIEW_PENDING,654136cd28dc100107fa3a837bc5190cc2bfbf9c5e3f2dea74a8c3ecd9629893,planned,not_assessed,0.1.0
858,Q3TBT3,PDBe_SIFTS,11gl,B,candidate,MOUSE_SIFTS_CANDIDATE_LOCAL_REVIEW_PENDING,654136cd28dc100107fa3a837bc5190cc2bfbf9c5e3f2dea74a8c3ecd9629893,planned,not_assessed,0.1.0
859,Q3TBT3,PDBe_SIFTS,11gm,A,candidate,MOUSE_SIFTS_CANDIDATE_LOCAL_REVIEW_PENDING,dcbc99daf6430f58ca8a3afc9fa551ab2ffccba4e8073219e57266d2395d938b,planned,not_assessed,0.1.0
860,Q3TBT3,PDBe_SIFTS,11gm,B,candidate,MOUSE_SIFTS_CANDIDATE_LOCAL_REVIEW_PENDING,dcbc99daf6430f58ca8a3afc9fa551ab2ffccba4e8073219e57266d2395d938b,planned,not_assessed,0.1.0
861,Q3TBT3,PDBe_SIFTS,11gm,C,candidate,MOUSE_SIFTS_CANDIDATE_LOCAL_REVIEW_PENDING,dcbc99daf6430f58ca8a3afc9fa551ab2ffccba4e8073219e57266d2395d938b,planned,not_assessed,0.1.0
862,Q3TBT3,PDBe_SIFTS,11gm,D,candidate,MOUSE_SIFTS_CANDIDATE_LOCAL_REVIEW_PENDING,dcbc99daf6430f58ca8a3afc9fa551ab2ffccba4e8073219e57266d2395d938b,planned,not_assessed,0.1.0
863,Q3TBT3,PDBe_SIFTS,11gn,A,candidate,MOUSE_SIFTS_CANDIDATE_LOCAL_REVIEW_PENDING,6d9c8a9192d85225bb8afccf4d7773b232ce6fbb1103d4d9ee95eb0e4f44068f,planned,not_assessed,0.1.0
864,Q3TBT3,PDBe_SIFTS,11gn,B,candidate,MOUSE_SIFTS_CANDIDATE_LOCAL_REVIEW_PENDING,6d9c8a9192d85225bb8afccf4d7773b232ce6fbb1103d4d9ee95eb0e4f44068f,planned,not_assessed,0.1.0
865,Q3TBT3,PDBe_SIFTS,11gn,D,candidate,MOUSE_SIFTS_CANDIDATE_LOCAL_REVIEW_PENDING,6d9c8a9192d85225bb8afccf4d7773b232ce6fbb1103d4d9ee95eb0e4f44068f,planned,not_assessed,0.1.0
866,Q3TBT3,PDBe_SIFTS,11gn,E,candidate,MOUSE_SIFTS_CANDIDATE_LOCAL_REVIEW_PENDING,6d9c8a9192d85225bb8afccf4d7773b232ce6fbb1103d4d9ee95eb0e4f44068f,planned,not_assessed,0.1.0
867,Q3TBT3,PDBe_SIFTS,4jc5,A,candidate,MOUSE_SIFTS_CANDIDATE_LOCAL_REVIEW_PENDING,a5e13596fc5858dfa5cccf7d4a81f745398c6be51392346968cc8cb61c3111a6,planned,not_assessed,0.1.0
868,Q3TBT3,PDBe_SIFTS,4jc5,B,candidate,MOUSE_SIFTS_CANDIDATE_LOCAL_REVIEW_PENDING,a5e13596fc5858dfa5cccf7d4a81f745398c6be51392346968cc8cb61c3111a6,planned,not_assessed,0.1.0
869,Q3TBT3,PDBe_SIFTS,4kby,A,candidate,MOUSE_SIFTS_CANDIDATE_LOCAL_REVIEW_PENDING,6dd3f405685adc9034361e70deb0494ef7f883bd3f6eaef2d8680d5dc022b77e,planned,not_assessed,0.1.0
870,Q3TBT3,PDBe_SIFTS,4kby,B,candidate,MOUSE_SIFTS_CANDIDATE_LOCAL_REVIEW_PENDING,6dd3f405685adc9034361e70deb0494ef7f883bd3f6eaef2d8680d5dc022b77e,planned,not_assessed,0.1.0
871,Q3TBT3,PDBe_SIFTS,4kc0,A,candidate,MOUSE_SIFTS_CANDIDATE_LOCAL_REVIEW_PENDING,55802dc705c2b124309d44d3f3a4d18249981a8af6cda06cd4a39f1c99f49380,planned,not_assessed,0.1.0
872,Q3TBT3,PDBe_SIFTS,4kc0,B,candidate,MOUSE_SIFTS_CANDIDATE_LOCAL_REVIEW_PENDING,55802dc705c2b124309d44d3f3a4d18249981a8af6cda06cd4a39f1c99f49380,planned,not_assessed,0.1.0
873,Q3TBT3,PDBe_SIFTS,4loj,A,candidate,MOUSE_SIFTS_CANDIDATE_LOCAL_REVIEW_PENDING,661b81fdd3ff5190f6c620e30b99faaef7cdb7759d54007fd91979a8b52c01cc,planned,not_assessed,0.1.0
874,Q3TBT3,PDBe_SIFTS,4loj,B,candidate,MOUSE_SIFTS_CANDIDATE_LOCAL_REVIEW_PENDING,661b81fdd3ff5190f6c620e30b99faaef7cdb7759d54007fd91979a8b52c01cc,planned,not_assessed,0.1.0
875,Q3TBT3,PDBe_SIFTS,4lok,A,candidate,MOUSE_SIFTS_CANDIDATE_LOCAL_REVIEW_PENDING,baf7e8f1e5c2f52bc44a19724a0df3847dae74b20a8758fb11630f5926cb8fb3,planned,not_assessed,0.1.0
876,Q3TBT3,PDBe_SIFTS,4lok,B,candidate,MOUSE_SIFTS_CANDIDATE_LOCAL_REVIEW_PENDING,baf7e8f1e5c2f52bc44a19724a0df3847dae74b20a8758fb11630f5926cb8fb3,planned,not_assessed,0.1.0
877,Q3TBT3,PDBe_SIFTS,4lol,A,candidate,MOUSE_SIFTS_CANDIDATE_LOCAL_REVIEW_PENDING,3c936e8f35bf6502a60502176f2c12c55684f256985385ebce229c1649280b1d,planned,not_assessed,0.1.0
878,Q3TBT3,PDBe_SIFTS,4lol,B,candidate,MOUSE_SIFTS_CANDIDATE_LOCAL_REVIEW_PENDING,3c936e8f35bf6502a60502176f2c12c55684f256985385ebce229c1649280b1d,planned,not_assessed,0.1.0
879,Q3TBT3,PDBe_SIFTS,4yp1,A,candidate,MOUSE_SIFTS_CANDIDATE_LOCAL_REVIEW_PENDING,7e06e940113f74aa54df7b4c8caa6dce295b6bedf017ccd1bae1c551d1043750,planned,not_assessed,0.1.0
880,Q3TBT3,PDBe_SIFTS,4yp1,B,candidate,MOUSE_SIFTS_CANDIDATE_LOCAL_REVIEW_PENDING,7e06e940113f74aa54df7b4c8caa6dce295b6bedf017ccd1bae1c551d1043750,planned,not_assessed,0.1.0
881,Q3TBT3,PDBe_SIFTS,6xnn,A,candidate,MOUSE_SIFTS_CANDIDATE_LOCAL_REVIEW_PENDING,267e08b3c01f53fb5870580b321bb6f7b9d9d72258cfef86d300ad245e872bfe,planned,not_assessed,0.1.0
882,Q3TBT3,PDBe_SIFTS,6xnn,B,candidate,MOUSE_SIFTS_CANDIDATE_LOCAL_REVIEW_PENDING,267e08b3c01f53fb5870580b321bb6f7b9d9d72258cfef86d300ad245e872bfe,planned,not_assessed,0.1.0
883,Q3TBT3,PDBe_SIFTS,9ltf,A,candidate,MOUSE_SIFTS_CANDIDATE_LOCAL_REVIEW_PENDING,c35d20786bbd3ea2308035d3b4dbdbfca9f77b2a1e6a3d87b00ffcc76699041f,planned,not_assessed,0.1.0
884,Q3TCX3,AlphaFold_DB,AF-Q3TCX3-2-F1,A,held,ALPHAFOLD_ACCESSION_DIFFERS_FROM_CANONICAL,,metadata_held_or_excluded,not_assessed,0.1.0
885,Q3TCX3,AlphaFold_DB,AF-Q3TCX3-3-F1,A,held,ALPHAFOLD_ACCESSION_DIFFERS_FROM_CANONICAL,,metadata_held_or_excluded,not_assessed,0.1.0
886,Q3TCX3,AlphaFold_DB,AF-Q3TCX3-4-F1,A,held,ALPHAFOLD_ACCESSION_DIFFERS_FROM_CANONICAL,,metadata_held_or_excluded,not_assessed,0.1.0
887,Q3TCX3,AlphaFold_DB,AF-Q3TCX3-F1,A,candidate,EXACT_FULL_SEQUENCE_LOCAL_QUALITY_PENDING,302d82e394488dc22a42ff94bc2931dbfcdfd3cc523a7b88c0421edd9ea8bd99;eae6239d28a5f55f10b17e44e26442c3a21bcdc857c22dda69f84ba443ce62a7;2f269b386a4611f067b364681d2c153a1d81728c1c1ca3e8e21d70c50323b48e,planned,not_assessed,0.1.0
888,Q3TYX2,AlphaFold_DB,AF-Q3TYX2-F1,A,candidate,EXACT_FULL_SEQUENCE_LOCAL_QUALITY_PENDING,773834541f15307ca9e896c9a266085f17ea4c842d0a4e61303f9263946e3862;01f6b60c9dda5c55083f0be2e8129f2a1aa6b28bff687f27a1e7a959a0771979;3785c5306579a8f1d2cd5ddbec98a97eb3d7fcd8522519f3605ce4a77cdef41d,planned,not_assessed,0.1.0
889,Q3TZA2,AlphaFold_DB,AF-Q3TZA2-F1,A,candidate,EXACT_FULL_SEQUENCE_LOCAL_QUALITY_PENDING,eb2e2a26e2dfbdc075b3a3177b383ac4b00179d457bc5a54ea7d7c1558086799;87440b0171e55871457161ee86b09a50972742aacd9a085e16dca22e34101514;53ef0a170980a48d749b315e8c078dcc0e6746519bc2e8e66ff259fda98e7c12,planned,not_assessed,0.1.0
890,Q3U4H6,AlphaFold_DB,AF-Q3U4H6-2-F1,A,held,ALPHAFOLD_ACCESSION_DIFFERS_FROM_CANONICAL,,metadata_held_or_excluded,not_assessed,0.1.0
891,Q3U4H6,AlphaFold_DB,AF-Q3U4H6-F1,A,candidate,EXACT_FULL_SEQUENCE_LOCAL_QUALITY_PENDING,abb95d6414c85db7b9725916f4cca95c4a00d24f7089fadc26db9f2d656f900c;cd13029fc7843e2e7129eb49885b34b9aefb1044fd75d57c35d360a676d28bdb;a04e13475df792d349116f9bd654e91f8b80e2cf6252a6445e8acc3b5fb315b5,planned,not_assessed,0.1.0
892,Q3U5C8,AlphaFold_DB,AF-Q3U5C8-F1,A,candidate,EXACT_FULL_SEQUENCE_LOCAL_QUALITY_PENDING,21931fe822fbc1da99fc3fc7858061c762a4909b4e3441d204d2dccdd55b5e26;0e9e14953192a5e4d7ef692a4adb455e0056011c9f12cc8c7f7ee0539e691359;84285e18a29c886dc2d19e537091c958dd1ce5d974435be1835617d35437c4cb,planned,not_assessed,0.1.0
893,Q3U5C8,PDBe_SIFTS,7cso,A,candidate,MOUSE_SIFTS_CANDIDATE_LOCAL_REVIEW_PENDING,c1644ac6d8667eced033dd2cba7f915e74c75f09020da5f5d3a7bc7dcf225096,planned,not_assessed,0.1.0
894,Q3U5C8,PDBe_SIFTS,7cso,B,candidate,MOUSE_SIFTS_CANDIDATE_LOCAL_REVIEW_PENDING,c1644ac6d8667eced033dd2cba7f915e74c75f09020da5f5d3a7bc7dcf225096,planned,not_assessed,0.1.0
895,Q3U5C8,PDBe_SIFTS,7cso,C,candidate,MOUSE_SIFTS_CANDIDATE_LOCAL_REVIEW_PENDING,c1644ac6d8667eced033dd2cba7f915e74c75f09020da5f5d3a7bc7dcf225096,planned,not_assessed,0.1.0
896,Q3U5C8,PDBe_SIFTS,7cso,D,candidate,MOUSE_SIFTS_CANDIDATE_LOCAL_REVIEW_PENDING,c1644ac6d8667eced033dd2cba7f915e74c75f09020da5f5d3a7bc7dcf225096,planned,not_assessed,0.1.0
897,Q3U5C8,PDBe_SIFTS,7csp,A,candidate,MOUSE_SIFTS_CANDIDATE_LOCAL_REVIEW_PENDING,0d3a5db03e38937fd7b588cfc8a64ad15802128e4658c1a24d8393d7bc6f70d2,planned,not_assessed,0.1.0
898,Q3U5C8,PDBe_SIFTS,7csp,B,candidate,MOUSE_SIFTS_CANDIDATE_LOCAL_REVIEW_PENDING,0d3a5db03e38937fd7b588cfc8a64ad15802128e4658c1a24d8393d7bc6f70d2,planned,not_assessed,0.1.0
899,Q3U5C8,PDBe_SIFTS,7csr,A,candidate,MOUSE_SIFTS_CANDIDATE_LOCAL_REVIEW_PENDING,c220b503cf3b9d0867b5561ac1d78116a733f025d5418ae2becbabffc128dc25,planned,not_assessed,0.1.0
900,Q3U5C8,PDBe_SIFTS,7csr,B,candidate,MOUSE_SIFTS_CANDIDATE_LOCAL_REVIEW_PENDING,c220b503cf3b9d0867b5561ac1d78116a733f025d5418ae2becbabffc128dc25,planned,not_assessed,0.1.0
901,Q3U5C8,PDBe_SIFTS,7csr,C,candidate,MOUSE_SIFTS_CANDIDATE_LOCAL_REVIEW_PENDING,c220b503cf3b9d0867b5561ac1d78116a733f025d5418ae2becbabffc128dc25,planned,not_assessed,0.1.0
902,Q3U5C8,PDBe_SIFTS,7ykf,B,candidate,MOUSE_SIFTS_CANDIDATE_LOCAL_REVIEW_PENDING,6d6105428b7e32772c4db44d018e4073e53e74523284ef6446d1f8210c9b1bfa,planned,not_assessed,0.1.0
903,Q3U5C8,PDBe_SIFTS,7ykf,D,candidate,MOUSE_SIFTS_CANDIDATE_LOCAL_REVIEW_PENDING,6d6105428b7e32772c4db44d018e4073e53e74523284ef6446d1f8210c9b1bfa,planned,not_assessed,0.1.0
904,Q3UA16,AlphaFold_DB,AF-Q3UA16-2-F1,A,held,ALPHAFOLD_ACCESSION_DIFFERS_FROM_CANONICAL,,metadata_held_or_excluded,not_assessed,0.1.0
905,Q3UA16,AlphaFold_DB,AF-Q3UA16-3-F1,A,held,ALPHAFOLD_ACCESSION_DIFFERS_FROM_CANONICAL,,metadata_held_or_excluded,not_assessed,0.1.0
906,Q3UA16,AlphaFold_DB,AF-Q3UA16-F1,A,candidate,EXACT_FULL_SEQUENCE_LOCAL_QUALITY_PENDING,ac8449171e25f9d02cdfc1401050d3360273cefd7b39641b3de5b356900f3964;3e61928dd9078f7e687e965ad445894a8cfaca7967b6d2fd035ceb4322253456;7685ec2d16d19c69c4060f2269642092dba991286733e038c19fd19fd9d84c62,planned,not_assessed,0.1.0
907,Q3UCQ1,AlphaFold_DB,AF-Q3UCQ1-2-F1,A,held,ALPHAFOLD_ACCESSION_DIFFERS_FROM_CANONICAL,,metadata_held_or_excluded,not_assessed,0.1.0
908,Q3UCQ1,AlphaFold_DB,AF-Q3UCQ1-F1,A,candidate,EXACT_FULL_SEQUENCE_LOCAL_QUALITY_PENDING,53573451f6461c3eb27e374f7d07d21d02c43de49100ae75b070b2f15e94fc03;f7b7106076c9fe51e9afe684df7056acaf63e08eb12c23dd609f6ecbc9e795f8;71a07f38f03f005685070608805f5430187136166b1f2b36e743b41ef9af02e1,planned,not_assessed,0.1.0
909,Q3UDF0,AlphaFold_DB,AF-Q3UDF0-2-F1,A,held,ALPHAFOLD_ACCESSION_DIFFERS_FROM_CANONICAL,,metadata_held_or_excluded,not_assessed,0.1.0
910,Q3UDF0,AlphaFold_DB,AF-Q3UDF0-F1,A,candidate,EXACT_FULL_SEQUENCE_LOCAL_QUALITY_PENDING,d91a53f13020001b2ce1ac677454ef934d52e1d12a1bcf90f2c0fe02337467f0;42f88ca5506b7117a6435fb8f0554955d4b7798fe91ddab2ed911e1f6cd1eaa9;e301dcd654a3a0e746a00d3c0fc95c7042a727b658b655d25ccb7b0e38cb9ff5,planned,not_assessed,0.1.0
911,Q3UG20,AlphaFold_DB,AF-Q3UG20-2-F1,A,held,ALPHAFOLD_ACCESSION_DIFFERS_FROM_CANONICAL,,metadata_held_or_excluded,not_assessed,0.1.0
912,Q3UG20,AlphaFold_DB,AF-Q3UG20-F1,A,candidate,EXACT_FULL_SEQUENCE_LOCAL_QUALITY_PENDING,a2b3619719336b73ef05355c3170a04ff07c17c9ab0d62919b5dd5530346ffff;cca9e41012a16750ff2a405a12d910a5391b65f90f670eaf5ef9f8851b04e859;e10056935b15e3659fb791b624af9fdacf113fd41fa3d166555e69611b28a539,planned,not_assessed,0.1.0
913,Q3UH68,AlphaFold_DB,AF-Q3UH68-2-F1,A,held,ALPHAFOLD_ACCESSION_DIFFERS_FROM_CANONICAL,,metadata_held_or_excluded,not_assessed,0.1.0
914,Q3UH68,AlphaFold_DB,AF-Q3UH68-3-F1,A,held,ALPHAFOLD_ACCESSION_DIFFERS_FROM_CANONICAL,,metadata_held_or_excluded,not_assessed,0.1.0
915,Q3UH68,AlphaFold_DB,AF-Q3UH68-F1,A,candidate,EXACT_FULL_SEQUENCE_LOCAL_QUALITY_PENDING,bd509eb154b4c8a9ae488ed5eff15ae3f4a980aec322c768a3ac67160dccf537;d98c872e380319c3b927b552d2c26dc652d995e05d871d49703b0e4ea7570474;d09a7ed13f5b4a928dff8380c237f0e275142c20a076749c474b6c0838a150e2,planned,not_assessed,0.1.0
916,Q3UHG7,AlphaFold_DB,AF-Q3UHG7-2-F1,A,held,ALPHAFOLD_ACCESSION_DIFFERS_FROM_CANONICAL,,metadata_held_or_excluded,not_assessed,0.1.0
917,Q3UHG7,AlphaFold_DB,AF-Q3UHG7-F1,A,candidate,EXACT_FULL_SEQUENCE_LOCAL_QUALITY_PENDING,6f2ce3541aa99c3cb46553cb58a270bce4addbb6fb1d1b684b0ed5238f4f4789;b39255f21c5f56dce7bf884f243144e1b75ba01cabbcd056fe4cef29b2663f01;dee3eb899de76a43412c8e5c48c231d03a67c0decb9ff7f3313315a878a94761,planned,not_assessed,0.1.0
918,Q3UIJ9,AlphaFold_DB,AF-Q3UIJ9-F1,A,candidate,EXACT_FULL_SEQUENCE_LOCAL_QUALITY_PENDING,41277f3138ab99a61bc87b1d046bdd45e89d284a82f1ee98e2b48ab3bba6a918;f9d5dd183a1385e2ce1860f13c0ee0cee54cef2c9a257e0274daa94efd2766dc;9f289d2361b8da9fac94e0c70092b31a70bf06fd7556288b296ae198782de92e,planned,not_assessed,0.1.0
919,Q3UN90,AlphaFold_DB,AF-Q3UN90-F1,A,candidate,EXACT_FULL_SEQUENCE_LOCAL_QUALITY_PENDING,d4ea25004d9175f6ef048ba5b3d4b6e85a866d358b03be23dfef4eb887a90e58;efdef9718258a229ba0a8deda9a73b290937075d98312f444cdf746ba86b62b9;cf768b529931e790e02f1ddbf7f5964581a55c698008f9df0df522c33f02bc12,planned,not_assessed,0.1.0
920,Q3UQ44,AlphaFold_DB,AF-Q3UQ44-F1,A,candidate,EXACT_FULL_SEQUENCE_LOCAL_QUALITY_PENDING,717a57951a9c1c4c2419414a10e48df6690b4ecd59ea6421a9e273e85f5de83e;6fb2ae43ebfaa4e8446c3737a3bd84acb7b5d96b3f158924154de9efe1198623;fa4a81fc20af04d2e8ccbb5f8c52812639c096ce5cbf7c12cb109398780ed9e3,planned,not_assessed,0.1.0
921,Q3UR32,AlphaFold_DB,AF-Q3UR32-F1,A,candidate,EXACT_FULL_SEQUENCE_LOCAL_QUALITY_PENDING,9e48ed6a4744c3a7480f6840d4b67912ebff2419bff55d05d2b52f9705c1ed54;67879478341b804305555e71c9af3c47d21c4b451ae958efb0f9dbd61c9e3f67;d934184e795ae36c3c9e969fad957265c4bc2b487b67e88ab19f29694514d355,planned,not_assessed,0.1.0
922,Q3USL1,AlphaFold_DB,AF-Q3USL1-F1,A,candidate,EXACT_FULL_SEQUENCE_LOCAL_QUALITY_PENDING,7a09404a903e88de7e21cfb63cf0e6bac4840ba0e0138799128943645aeec7db;a0c5182c016139561e224c22729ba1a6f2981c4ec6fb400dc0af49c5943a4866;b42e5f974de0f3fe440de35548433667da90740c1d58d83315a16d8815b99c15,planned,not_assessed,0.1.0
923,Q3USW5,AlphaFold_DB,AF-Q3USW5-F1,A,candidate,EXACT_FULL_SEQUENCE_LOCAL_QUALITY_PENDING,1cede8ab4b79bf9ff2b466b822118f44875009cfa5a79b54bd54da2a00a7a142;6a481023ddcebfba39933fc29b5f17bca33de0da01d55fb1cff17abc845b08dd;4058663cd1c17876cc6a3249a10cbff6182bd77dc7f30e3a09a9f0588be73f1b,planned,not_assessed,0.1.0
924,Q3UTY6,AlphaFold_DB,AF-Q3UTY6-2-F1,A,held,ALPHAFOLD_ACCESSION_DIFFERS_FROM_CANONICAL,,metadata_held_or_excluded,not_assessed,0.1.0
925,Q3UTY6,AlphaFold_DB,AF-Q3UTY6-F1,A,candidate,EXACT_FULL_SEQUENCE_LOCAL_QUALITY_PENDING,e39b1c074522f82c50b97aa9371061885efd7249c9196be652b30c8fb6f3a8e7;bdf680f3908d7928643c658386249d72ee92650e26364a9fe15b2819cc6453c2;49f05b9ba86754c9b2e308e96da8851a5ffc79dc7fdd540122834eb24b993f80,planned,not_assessed,0.1.0
926,Q3UZ01,AlphaFold_DB,AF-Q3UZ01-2-F1,A,held,ALPHAFOLD_ACCESSION_DIFFERS_FROM_CANONICAL,,metadata_held_or_excluded,not_assessed,0.1.0
927,Q3UZ01,AlphaFold_DB,AF-Q3UZ01-F1,A,candidate,EXACT_FULL_SEQUENCE_LOCAL_QUALITY_PENDING,631adb1b61fc66aefb53bb3727cec810c095a3d5459dc6609ff59e4f222b3ea0;fff9114a8d6706ea1271e39b1aca9b393c1de4b3373eebb4bb7260865b6a3983;0ea096f8f2ead2f9ae33ed05a383cfd206951cd7432fd7ef79c2384c821e0ac1,planned,not_assessed,0.1.0
928,Q3V0G7,AlphaFold_DB,AF-Q3V0G7-2-F1,A,held,ALPHAFOLD_ACCESSION_DIFFERS_FROM_CANONICAL,,metadata_held_or_excluded,not_assessed,0.1.0
929,Q3V0G7,AlphaFold_DB,AF-Q3V0G7-F1,A,candidate,EXACT_FULL_SEQUENCE_LOCAL_QUALITY_PENDING,70bfa557217ad2c442641e8c35c844d828d0eb70527c9fc3177fd90f09bf918f;ff969082cf73677cebdcd105fca13380fef7b1ca53a07305be12b5d7b09916e0;d921ad9b3cfc52b46ee9fc6dec81467ab843f4725f0024c5a14331be12d056f3,planned,not_assessed,0.1.0
930,Q3V1H1,AlphaFold_DB,AF-Q3V1H1-F1,A,candidate,EXACT_FULL_SEQUENCE_LOCAL_QUALITY_PENDING,a3fc6e214229de28f16809dcef7c76c9385102b328b0843e498864c6d872c53d;2dbd9f77e93ab11ebcef85c937527895ef6998db071af03bda3fff79ee0a9cdf;ab0050bd7a665cf711d048c08e80c1c7876d7074ba3b5a0b363e248d4c876e6d,planned,not_assessed,0.1.0
931,Q3V3G7,AlphaFold_DB,AF-Q3V3G7-2-F1,A,held,ALPHAFOLD_ACCESSION_DIFFERS_FROM_CANONICAL,,metadata_held_or_excluded,not_assessed,0.1.0
932,Q3V3G7,AlphaFold_DB,AF-Q3V3G7-F1,A,candidate,EXACT_FULL_SEQUENCE_LOCAL_QUALITY_PENDING,dbfe544fabc985295fbbc11dd2614d91dc55371bac253ad95a9ca33e16a9885e;e59b888ac61d7415e4173b2200249ff4367bf8aefaeb35468778d9a0e0c4b13c;31548e33a005ab052f77696cefb54634ae65f2c605316b09b8377ffb3a605377,planned,not_assessed,0.1.0
933,Q499E6,AlphaFold_DB,AF-Q499E6-2-F1,A,held,ALPHAFOLD_ACCESSION_DIFFERS_FROM_CANONICAL,,metadata_held_or_excluded,not_assessed,0.1.0
934,Q499E6,AlphaFold_DB,AF-Q499E6-3-F1,A,held,ALPHAFOLD_ACCESSION_DIFFERS_FROM_CANONICAL,,metadata_held_or_excluded,not_assessed,0.1.0
935,Q499E6,AlphaFold_DB,AF-Q499E6-F1,A,candidate,EXACT_FULL_SEQUENCE_LOCAL_QUALITY_PENDING,3ea481bbc2a398723108a951e4952d66d2259726f1a61a4a7a4ec34c208751a7;7f3a0de9a09f0f19649031558204000955022a87e4c2489ef029d7f09ae97cd9;a3cf217108549dfbbbda9078c7e19d696cc7c5ff6ed45f66eb0b7fce463b926b,planned,not_assessed,0.1.0
936,Q4FZC9,AlphaFold_DB,AF-Q4FZC9-2-F1,A,held,ALPHAFOLD_ACCESSION_DIFFERS_FROM_CANONICAL,,metadata_held_or_excluded,not_assessed,0.1.0
937,Q4FZC9,AlphaFold_DB,AF-Q4FZC9-F1,A,candidate,EXACT_FULL_SEQUENCE_LOCAL_QUALITY_PENDING,ace4f9dfd2b52983798ed72e3b6fbff6443349b66be4a570af2a5445c381ebe5;a9da84ed102bb69074345ff01042922fbd939107fa5eda7d5ac26d2c680606bd;98a867fd69230e241b65696d7d2898e59d90cbe85befb922fa5f9e48639e8431,planned,not_assessed,0.1.0
938,Q4G0K9,AlphaFold_DB,AF-Q4G0K9-F1,A,candidate,EXACT_FULL_SEQUENCE_LOCAL_QUALITY_PENDING,787ec1c717681429e8f03734672e7c8657861e369a8eb7dacf6395c5aad2923c;07bbc0964c7c4a9ef2ab73076a00d3a7b51413c5aba1936d1b6f984bbf383da6;73456e68154cf5a4d9c1c35d4ea5e08113978c480e97313246a86cf19929ca75,planned,not_assessed,0.1.0
939,Q4JK59,AlphaFold_DB,AF-Q4JK59-2-F1,A,held,ALPHAFOLD_ACCESSION_DIFFERS_FROM_CANONICAL,,metadata_held_or_excluded,not_assessed,0.1.0
940,Q4JK59,AlphaFold_DB,AF-Q4JK59-3-F1,A,held,ALPHAFOLD_ACCESSION_DIFFERS_FROM_CANONICAL,,metadata_held_or_excluded,not_assessed,0.1.0
941,Q4JK59,AlphaFold_DB,AF-Q4JK59-F1,A,candidate,EXACT_FULL_SEQUENCE_LOCAL_QUALITY_PENDING,bbe8ece9a2d8ee6c914c274c70fb91a600de0d2f36f94e022bef89490f47dfe0;56a24543bd2bdc4010e71cd025d3cd9d2c2072f2eefe0a7a53cd7657f441e450;bc86afb350e555dc671b64ef65c9ad0bbf7e57ce505562caa133674b633bba13,planned,not_assessed,0.1.0
942,Q4LDD4,AlphaFold_DB,AF-Q4LDD4-2-F1,A,held,ALPHAFOLD_ACCESSION_DIFFERS_FROM_CANONICAL,,metadata_held_or_excluded,not_assessed,0.1.0
943,Q4LDD4,AlphaFold_DB,AF-Q4LDD4-3-F1,A,held,ALPHAFOLD_ACCESSION_DIFFERS_FROM_CANONICAL,,metadata_held_or_excluded,not_assessed,0.1.0
944,Q4LDD4,AlphaFold_DB,AF-Q4LDD4-F1,A,candidate,EXACT_FULL_SEQUENCE_LOCAL_QUALITY_PENDING,d5cfba19d79b2b67c02511b2263ad8b246e8885113d41d785377af6d204d8a16;6aeee5a8da7add7931032c5f30aa06573edf628cb128def9443ba22c3e03c598;48cfd6ee019f26be914a9342ef1a25315f7df623d62f280216b9a671f73583aa,planned,not_assessed,0.1.0
945,Q4LDD4,PDBe_SIFTS,5xhz,C,candidate,MOUSE_SIFTS_CANDIDATE_LOCAL_REVIEW_PENDING,f6f232e288ba05163a7dda46a528aad0b815bcc67affd178c1949f759146be2a,planned,not_assessed,0.1.0
946,Q4LDD4,PDBe_SIFTS,5xhz,D,candidate,MOUSE_SIFTS_CANDIDATE_LOCAL_REVIEW_PENDING,f6f232e288ba05163a7dda46a528aad0b815bcc67affd178c1949f759146be2a,planned,not_assessed,0.1.0
947,Q4V9Z5,AlphaFold_DB,AF-Q4V9Z5-2-F1,A,held,ALPHAFOLD_ACCESSION_DIFFERS_FROM_CANONICAL,,metadata_held_or_excluded,not_assessed,0.1.0
948,Q4V9Z5,AlphaFold_DB,AF-Q4V9Z5-3-F1,A,held,ALPHAFOLD_ACCESSION_DIFFERS_FROM_CANONICAL,,metadata_held_or_excluded,not_assessed,0.1.0
949,Q4V9Z5,AlphaFold_DB,AF-Q4V9Z5-F1,A,candidate,EXACT_FULL_SEQUENCE_LOCAL_QUALITY_PENDING,1bdcae1bac043fb66deab46fdadfedc9c427bbc63adb60956ca237124bf3482e;b9fa428c955420093c0c74d5d4b2e57170c8299826f3129f32c60f09bb7f6405;d4317b5ba13c4e5baab614952a5b3192ac16857d55c8120f40878d76c074ed58,planned,not_assessed,0.1.0
950,Q4VBE4,AlphaFold_DB,AF-Q4VBE4-2-F1,A,held,ALPHAFOLD_ACCESSION_DIFFERS_FROM_CANONICAL,,metadata_held_or_excluded,not_assessed,0.1.0
951,Q4VBE4,AlphaFold_DB,AF-Q4VBE4-F1,A,candidate,EXACT_FULL_SEQUENCE_LOCAL_QUALITY_PENDING,a03d944146b32f64757eb7626e9e0cdb55f7eb530b12abd8dc2e250c41eaa528;9e15be8d23d7e136c0a05d5a6e04ce8de816855b9b3a44a866c7b9da01bae359;afcaa53281dfa52b309fe29ebe00f60085d5936958918547da6022136c4a9e1b,planned,not_assessed,0.1.0
952,Q562E2,AlphaFold_DB,AF-Q562E2-2-F1,A,held,ALPHAFOLD_ACCESSION_DIFFERS_FROM_CANONICAL,,metadata_held_or_excluded,not_assessed,0.1.0
953,Q562E2,AlphaFold_DB,AF-Q562E2-F1,A,candidate,EXACT_FULL_SEQUENCE_LOCAL_QUALITY_PENDING,20adf187c09afcbbf7d9e230f812d511968bc47865a8b524eaa00e9e6823230d;be4951ae9fc11d25c4730466520180cadec5ac0ab679e052db3c7ad84499d956;ec1f8b87976807b40b54ddb556c869a5bb6a25bdae58b999372683ec5a3da247,planned,not_assessed,0.1.0
954,Q571E4,AlphaFold_DB,AF-Q571E4-F1,A,candidate,EXACT_FULL_SEQUENCE_LOCAL_QUALITY_PENDING,343dc9898b86a75e8523064b1dcdaf47fbdcfc841ab3a07a57c422e4012bda3f;79c34dd6890d340d5c432611ffc2e2352e202e21f7dae00058531bbf8c45c830;50b1ad49c41222bd02d6a295867fbdba89296bdf1e34093271ebd9e9617b0121,planned,not_assessed,0.1.0
955,Q5BKP2,AlphaFold_DB,AF-Q5BKP2-F1,A,candidate,EXACT_FULL_SEQUENCE_LOCAL_QUALITY_PENDING,d57be58358a4189b67c6baaf4ea247af48112ebe2a04526ab748def92ae18b83;f99bbfc6824159395c81993e6c24d72eb8642bdb9574dd3ba940b47a1fa6d407;9118e7073aad248703c0cdc39f443ab37d2dba7c951873a896b79b2d9a879a15,planned,not_assessed,0.1.0
956,Q5DTX6,AlphaFold_DB,AF-Q5DTX6-F1,A,candidate,EXACT_FULL_SEQUENCE_LOCAL_QUALITY_PENDING,dba25c9408d47d50547a3070ee240934c06643441d97a9b656050d487b428fe0;c0fff8e5b4d1b661f5df4217c6d11ec9fba91db123020b0409259c8133c879ff;2af01bdfc2a4692b04ce90ceffcf42c5770852849e3ce76d5ec9a41f3ddcd1c2,planned,not_assessed,0.1.0
957,Q5FW85,AlphaFold_DB,AF-Q5FW85-F1,A,candidate,EXACT_FULL_SEQUENCE_LOCAL_QUALITY_PENDING,2795ae0908db362049ed0147b1679947ea3942cc30838498fec56c9879818333;5b29bb8a3f8e6e3bfe762ea4ba70ae539f275b8b1686ffac9ad171b1beb1455b;08ee0704a141b6c520db487187b4401ce376cc972de12d182f731e5618bd2592,planned,not_assessed,0.1.0
958,Q5SSZ5,AlphaFold_DB,AF-Q5SSZ5-2-F1,A,held,ALPHAFOLD_ACCESSION_DIFFERS_FROM_CANONICAL,,metadata_held_or_excluded,not_assessed,0.1.0
959,Q5SSZ5,AlphaFold_DB,AF-Q5SSZ5-F1,A,candidate,EXACT_FULL_SEQUENCE_LOCAL_QUALITY_PENDING,8c5e5a78d9c5ec1713980ecca9562273c78d7f984c8b17f24bf10ab6475497ce;eb770f239dce948bdc7fd7f780346f4034e99a16be006b36ab7919c827d4e924;6128832b6cb94c0661880c5682a499bda42af39b492e471b2cc42cc6a3cf1fb7,planned,not_assessed,0.1.0
960,Q5SUC9,AlphaFold_DB,AF-Q5SUC9-F1,A,candidate,EXACT_FULL_SEQUENCE_LOCAL_QUALITY_PENDING,c549447ee9987182ecb06ab785eea1ac124f32e6ce6690fc9141e8b10033e619;9ba69b6321ef43f98d27077bdf0586cba2d3c967c37231cd7736e949d686c137;f16ef261e1bafe37b2726c69e203a8ab81aaa81f0fadbe514d995ad02a31ac2e,planned,not_assessed,0.1.0
961,Q5SUF2,AlphaFold_DB,AF-Q5SUF2-2-F1,A,held,ALPHAFOLD_ACCESSION_DIFFERS_FROM_CANONICAL,,metadata_held_or_excluded,not_assessed,0.1.0
962,Q5SUF2,AlphaFold_DB,AF-Q5SUF2-3-F1,A,held,ALPHAFOLD_ACCESSION_DIFFERS_FROM_CANONICAL,,metadata_held_or_excluded,not_assessed,0.1.0
963,Q5SUF2,AlphaFold_DB,AF-Q5SUF2-F1,A,candidate,EXACT_FULL_SEQUENCE_LOCAL_QUALITY_PENDING,fb61a8e1060b2c3ed0e51199da95ad4fe5a5d654193bf43c99bf1049864d48f8;6ed19d0ae7c9fe8a974594e4438cde1854d6f2bdd9f58ed012e88b146026b03d;a1f6b666eba04412a5703c931372151efbf2904bae303f6292e2606dad406d90,planned,not_assessed,0.1.0
964,Q5SV41,AlphaFold_DB,AF-Q5SV41-F1,A,candidate,EXACT_FULL_SEQUENCE_LOCAL_QUALITY_PENDING,ce647304a3ecff27bcd4598218ef1d80cd225049b4c62097793138b55a58f1a1;eb21e07eb1e8728df12f8cc5480513aca1d04400e011f9bb4bbe98ba9693cbe9;3b0d678c717d05b47ccfca3ff936d5938e878802bd2e7ab6c04364ce798acd9c,planned,not_assessed,0.1.0
965,Q60765,AlphaFold_DB,AF-Q60765-F1,A,candidate,EXACT_FULL_SEQUENCE_LOCAL_QUALITY_PENDING,7a3c6fead1d5e4309a1ece30d0231364ba65bfbb88ffeace774fabda803ea649;22a9f865739eb88e2a61b5ded6f8ed7b2b05ed7892225260eb11a8e09be1aa59;cbcc923110d1332b46790fc4e2c86e451b53762bb96f1b81d4c2bcafe7d7f8cc,planned,not_assessed,0.1.0
966,Q60773,AlphaFold_DB,AF-Q60773-F1,A,candidate,EXACT_FULL_SEQUENCE_LOCAL_QUALITY_PENDING,63d6f66d05f670efcf67e92399b837e553b122ba952aa3f4b84f0ede7427a8fb;596ea549475d327f5182ab8dbef717b0ed6253975c96783e3bce3048eb298042;15ef989ab31b8910e9cc2f9197f0451cd66eeec1687698ec7715e60ea37b96c9,planned,not_assessed,0.1.0
967,Q60773,PDBe_SIFTS,1ap7,A,candidate,MOUSE_SIFTS_CANDIDATE_LOCAL_REVIEW_PENDING,231a69350e2880627898d31c193047d22dd5742b1eb671c3c479e64a8962ced8,planned,not_assessed,0.1.0
968,Q60773,PDBe_SIFTS,1blx,B,candidate,MOUSE_SIFTS_CANDIDATE_LOCAL_REVIEW_PENDING,da48c6c4b786aad8ef015a83861b3c03964c1a30b135ecc32db85c757ef752aa,planned,not_assessed,0.1.0
969,Q60787,AlphaFold_DB,AF-Q60787-F1,A,candidate,EXACT_FULL_SEQUENCE_LOCAL_QUALITY_PENDING,323d9dc275560c2bd1e7522908b7ce7caec5eb558a75731356cf175b5bbda65c;3b03d247bf6cde5dfdd7644694e5f952c2a7a8e0d22c821e2aec95f1a8c41af2;bd4195bfcefd0e433a577f5fd64635561f728362fbe278d54820a60d66c6e7bc,planned,not_assessed,0.1.0
970,Q60787,PDBe_SIFTS,1oeb,C,candidate,MOUSE_SIFTS_CANDIDATE_LOCAL_REVIEW_PENDING,1c694f03393ef2a430fb2d256f82ee9f388ed85d6b230614558837ca95b2eba9,planned,not_assessed,0.1.0
971,Q60787,PDBe_SIFTS,1oeb,D,candidate,MOUSE_SIFTS_CANDIDATE_LOCAL_REVIEW_PENDING,1c694f03393ef2a430fb2d256f82ee9f388ed85d6b230614558837ca95b2eba9,planned,not_assessed,0.1.0
972,Q60787,PDBe_SIFTS,2etz,B,candidate,MOUSE_SIFTS_CANDIDATE_LOCAL_REVIEW_PENDING,29389f8fe6cc5a5a95f9c2c1e06177ba76cb0443de7d20a864d072b9cb7649d9,planned,not_assessed,0.1.0
973,Q60787,PDBe_SIFTS,2eu0,B,candidate,MOUSE_SIFTS_CANDIDATE_LOCAL_REVIEW_PENDING,721367feb6496287725e58199a4e0f4f2e87a0614de5cc4a7ad6b956e551abcd,planned,not_assessed,0.1.0
974,Q60803,AlphaFold_DB,AF-Q60803-F1,A,candidate,EXACT_FULL_SEQUENCE_LOCAL_QUALITY_PENDING,4f65ca8167feea8901cb19979be4ded0cd0f4979abfb2a5f2eaf6c505428825d;35c619b04b6e01fe91c25614538e41bcd0213580d954ce1b7d1b3de42bb84328;3e8a76e4f3fe3ce25343033121056b41f1b2d47991144459c52e2eb996a1d3dd,planned,not_assessed,0.1.0
975,Q60803,PDBe_SIFTS,4ghu,A,candidate,MOUSE_SIFTS_CANDIDATE_LOCAL_REVIEW_PENDING,87f8c5e02d7006982388c38783e0150516d59e85825df3088246c3859e995c4f,planned,not_assessed,0.1.0
976,Q60805,AlphaFold_DB,AF-Q60805-F1,A,candidate,EXACT_FULL_SEQUENCE_LOCAL_QUALITY_PENDING,b4d97042cfb31fbe7f8bb413c8cd0a53c1cbcdbcbf6786d3a5fa8cd34571b386;4a1634e0896ed54f1aea5080ca666b5fa9a5aa532a596bd1306f2d41c9897e4a;958768eaee5925581511d6bdc63c7dfff54e040b33514d9de055a19a45f2d12c,planned,not_assessed,0.1.0
977,Q60848,AlphaFold_DB,AF-Q60848-2-F1,A,held,ALPHAFOLD_ACCESSION_DIFFERS_FROM_CANONICAL,,metadata_held_or_excluded,not_assessed,0.1.0
978,Q60848,AlphaFold_DB,AF-Q60848-F1,A,candidate,EXACT_FULL_SEQUENCE_LOCAL_QUALITY_PENDING,f01b91a0135569be46779f11da06a964d4908abe91a822be61b215faf8b0ebf8;ffa4d5dfec777d26c6f8d795fb7dac5a438658ec8f947c09f1b794c553b67edd;7d742043293e1801b199779de778c486a158609fe5a094731ec74f40f62c5e07,planned,not_assessed,0.1.0
979,Q60857,AlphaFold_DB,AF-Q60857-F1,A,candidate,EXACT_FULL_SEQUENCE_LOCAL_QUALITY_PENDING,908fa2132c457126d35a011395473e1404206be627bc04240830382ae8b52f23;672336f00467ef6be135bcaf3786002e04f68dda3ef47681be5f1ff0f39f7ab8;189de449ec95e301535ba7861dc4c1be241a29ee94c8263fc492e9e413ca9a75,planned,not_assessed,0.1.0
980,Q61024,AlphaFold_DB,AF-0000000005931769,A,held,ALPHAFOLD_MOUSE_TAXONOMY_NOT_CONFIRMED,,metadata_held_or_excluded,not_assessed,0.1.0
981,Q61024,AlphaFold_DB,AF-Q61024-F1,A,candidate,EXACT_FULL_SEQUENCE_LOCAL_QUALITY_PENDING,9b57f54330d59ab14ae7ed00c94f392fe1ef467c5720c9a126807a79da90d79b;c6faa50eae09ff78a5b149d5d9bf3c35a4e3bbc3a5a439905781b5c69dd4e5ae;83d9d502b36cc7b766f67cd9efb154bdd58232b043fefa0c9d69acabe0cf25d5,planned,not_assessed,0.1.0
982,Q61033,AlphaFold_DB,AF-Q61033-2-F1,A,held,ALPHAFOLD_ACCESSION_DIFFERS_FROM_CANONICAL,,metadata_held_or_excluded,not_assessed,0.1.0
983,Q61033,AlphaFold_DB,AF-Q61033-F1,A,candidate,EXACT_FULL_SEQUENCE_LOCAL_QUALITY_PENDING,942f176e8804770a8c9a67bf81c7e67fc6d8d6ad3ad3edf8d06ccec7adafa7c3;bcdaa247d66363793e7a3a38b0d65ac2a9336282b6e2e91a04063a7cf7e16d37;cbc1026916a6cbf6b94d24759e8bdd25c56d52198d0d64f5e547df5235ec92b6,planned,not_assessed,0.1.0
984,Q61033,PDBe_SIFTS,2v0x,A,candidate,MOUSE_SIFTS_CANDIDATE_LOCAL_REVIEW_PENDING,3c7e8f2c6f2f7698eb2da8b7c4eb58c23ad688abaf3d25e4bd7861aabca58c90,planned,not_assessed,0.1.0
985,Q61033,PDBe_SIFTS,2v0x,B,candidate,MOUSE_SIFTS_CANDIDATE_LOCAL_REVIEW_PENDING,3c7e8f2c6f2f7698eb2da8b7c4eb58c23ad688abaf3d25e4bd7861aabca58c90,planned,not_assessed,0.1.0
986,Q61093,AlphaFold_DB,AF-Q61093-F1,A,candidate,EXACT_FULL_SEQUENCE_LOCAL_QUALITY_PENDING,9d2357d56e1fd7f0f9f138c468c69c5f606a2a5b4e0eb70990cf710619ff871b;b8a06996d49727f94b3c7075f8c9214a475855bc9a39d0fad76582ed4dd83135;d9229ce79eac43945abc2341074caae5cae071228dfa2b1ff898ec0be3bc1ba7,planned,not_assessed,0.1.0
987,Q61147,AlphaFold_DB,AF-Q61147-F1,A,candidate,EXACT_FULL_SEQUENCE_LOCAL_QUALITY_PENDING,15d0b6c7d84561985fdcb6bb01d3fbce6f2fbb675f1ad9d56c2bcd098a85561a;3a7cdb46a28d775484364b34770d9e6269dd276d901b19b254955b42005086d5;9844277bbbfd72c0c37c247ed45737f8c276c8de2390421eecfcd5985a988ae4,planned,not_assessed,0.1.0
988,Q61207,AlphaFold_DB,AF-Q61207-F1,A,candidate,EXACT_FULL_SEQUENCE_LOCAL_QUALITY_PENDING,66ee660a32fce426b7adefb110c2db1f95e8e11ebb8775e078d774fa7f124d01;a7f3613fd28426ab04d69d0412270d596b4f775ec18f679e639bb8be8a04a29f;e1aa48154529abad71eb55b240ffd33dea3775a24533ef3ddeda56889b23c453,planned,not_assessed,0.1.0
989,Q61207,PDBe_SIFTS,5nxb,C,candidate,MOUSE_SIFTS_CANDIDATE_LOCAL_REVIEW_PENDING,4b79b5c3232c3b2212fb861456a865bcae2d66e1648f0f99d03063a6517b44fd,planned,not_assessed,0.1.0
990,Q61207,PDBe_SIFTS,5nxb,D,candidate,MOUSE_SIFTS_CANDIDATE_LOCAL_REVIEW_PENDING,4b79b5c3232c3b2212fb861456a865bcae2d66e1648f0f99d03063a6517b44fd,planned,not_assessed,0.1.0
991,Q61207,PDBe_SIFTS,5u85,A,candidate,MOUSE_SIFTS_CANDIDATE_LOCAL_REVIEW_PENDING,c2bf0efc22ca03162b4358aeb225f25eea85cc3241cd8024ec78d9cb7b4945ac,planned,not_assessed,0.1.0
992,Q61207,PDBe_SIFTS,5u85,B,candidate,MOUSE_SIFTS_CANDIDATE_LOCAL_REVIEW_PENDING,c2bf0efc22ca03162b4358aeb225f25eea85cc3241cd8024ec78d9cb7b4945ac,planned,not_assessed,0.1.0
993,Q61207,PDBe_SIFTS,7p4t,A,candidate,MOUSE_SIFTS_CANDIDATE_LOCAL_REVIEW_PENDING,e87c447aa969ac1597dd30c487e3b7238e52cd45014346aaadf2963c2c85b616,planned,not_assessed,0.1.0
994,Q61207,PDBe_SIFTS,7p4t,B,candidate,MOUSE_SIFTS_CANDIDATE_LOCAL_REVIEW_PENDING,e87c447aa969ac1597dd30c487e3b7238e52cd45014346aaadf2963c2c85b616,planned,not_assessed,0.1.0
995,Q61207,PDBe_SIFTS,7p4t,C,candidate,MOUSE_SIFTS_CANDIDATE_LOCAL_REVIEW_PENDING,e87c447aa969ac1597dd30c487e3b7238e52cd45014346aaadf2963c2c85b616,planned,not_assessed,0.1.0
996,Q61207,PDBe_SIFTS,7p4t,D,candidate,MOUSE_SIFTS_CANDIDATE_LOCAL_REVIEW_PENDING,e87c447aa969ac1597dd30c487e3b7238e52cd45014346aaadf2963c2c85b616,planned,not_assessed,0.1.0
997,Q61234,AlphaFold_DB,AF-Q61234-F1,A,candidate,EXACT_FULL_SEQUENCE_LOCAL_QUALITY_PENDING,4bdf0184f957d1e4fc3b17a88c4109ba7a3311ada0a8c02522c3aa4e03a7aad7;531111a58ea56f0cd95f7d41c313a6dd4153886ed75b3d0115e8166c83dd5001;49abf8f2fde28ea7ede7a35c44875166bfe69bef1972847df18a5709e1ae8687,planned,not_assessed,0.1.0
998,Q61234,PDBe_SIFTS,1qav,A,candidate,MOUSE_SIFTS_CANDIDATE_LOCAL_REVIEW_PENDING,2327bb14016bffedb40a9b68886019ca8c353cc33f3d10e60e83e78f2ee2728f,planned,not_assessed,0.1.0
999,Q61234,PDBe_SIFTS,1z86,A,candidate,MOUSE_SIFTS_CANDIDATE_LOCAL_REVIEW_PENDING,7de216d3aa822a9a09dc06f43527d06cc89d29d0f7a177ce86b32b1b50874246,planned,not_assessed,0.1.0
1000,Q61234,PDBe_SIFTS,1z87,A,candidate,MOUSE_SIFTS_CANDIDATE_LOCAL_REVIEW_PENDING,fde22f8f88e7c0f046c9f0720a633507736045002bbdd23c3bc5ea77e8c37e8b,planned,not_assessed,0.1.0
1001,Q61234,PDBe_SIFTS,2adz,A,candidate,MOUSE_SIFTS_CANDIDATE_LOCAL_REVIEW_PENDING,ad726b4a1267dc02bfc581702f8b4a0df08be7f9418b096c8e8189c3329b35f1,planned,not_assessed,0.1.0
1002,Q61234,PDBe_SIFTS,2pdz,A,candidate,MOUSE_SIFTS_CANDIDATE_LOCAL_REVIEW_PENDING,82487f4cf950c61776675b4c21028a9ccaf670b2060a940fc9c0f8c14907e179,planned,not_assessed,0.1.0
1003,Q61234,PDBe_SIFTS,4hop,A,candidate,MOUSE_SIFTS_CANDIDATE_LOCAL_REVIEW_PENDING,bb3b810bc330d2f5b6997f4f7ed44d584583d15ed1d44935579d36afbef47f0d,planned,not_assessed,0.1.0
1004,Q61234,PDBe_SIFTS,4hop,C,candidate,MOUSE_SIFTS_CANDIDATE_LOCAL_REVIEW_PENDING,bb3b810bc330d2f5b6997f4f7ed44d584583d15ed1d44935579d36afbef47f0d,planned,not_assessed,0.1.0
1005,Q61234,PDBe_SIFTS,4hop,E,candidate,MOUSE_SIFTS_CANDIDATE_LOCAL_REVIEW_PENDING,bb3b810bc330d2f5b6997f4f7ed44d584583d15ed1d44935579d36afbef47f0d,planned,not_assessed,0.1.0
1006,Q61292,AlphaFold_DB,AF-Q61292-F1,A,candidate,EXACT_FULL_SEQUENCE_LOCAL_QUALITY_PENDING,46b253f8489ea631acc596dd5364a3ae14183303cebf77f8c86e8d4c30c35d1b;842a43beb8b2e592781140165998ca25e760047673c72e1c45d8fa481a501d0b;6e0bb432ea515afe090d3c2553eb20d555934cfc6e9691a79a9c6fbfde6e4d8d,planned,not_assessed,0.1.0
1007,Q61467,AlphaFold_DB,AF-Q61467-F1,A,candidate,EXACT_FULL_SEQUENCE_LOCAL_QUALITY_PENDING,79b63f98e0ffb78bbbfca7979c8869dc70a76fa1802fd0b2473e75bd7979f26f;2fa0e99a00b1b75ce61eab2f8804ccd8c3a74fa66280e9f81e1c7e6df7f945dd;3ff4a4922478e8d02d4ee0b673d087b4b32d00bb1cc05feb5677845b82e6d2df,planned,not_assessed,0.1.0
1008,Q61468,AlphaFold_DB,AF-Q61468-F1,A,candidate,EXACT_FULL_SEQUENCE_LOCAL_QUALITY_PENDING,91459f3e46f48d33c45256f3d450f4fb1a113f6b3c3351cd2ad4ae88ea891cbd;0b7f15c619c78087bb41837f9df74b35f42bcb13c9dcff654ce3c8fc8a49372e;87a1472e59d10c66172388d9fe7f3de01b8a3e49682e20470bcd05efbcbe3f8e,planned,not_assessed,0.1.0
1009,Q61477,AlphaFold_DB,AF-Q61477-F1,A,candidate,EXACT_FULL_SEQUENCE_LOCAL_QUALITY_PENDING,a723075554fe3c45b952b23d23e6f600a4045ec4caf22c2ed141f40d3c1fe995;7bccf89d356b7c942854635bf56146349c818fc891cd4c00d1e15812b9b2b85c;ce0960815ccc6fc446f8bc81371243a5c18cd62fe0bc2da368bc8708ab94cb14,planned,not_assessed,0.1.0
1010,Q61481,AlphaFold_DB,AF-Q61481-2-F1,A,held,ALPHAFOLD_ACCESSION_DIFFERS_FROM_CANONICAL,,metadata_held_or_excluded,not_assessed,0.1.0
1011,Q61481,AlphaFold_DB,AF-Q61481-5-F1,A,held,ALPHAFOLD_ACCESSION_DIFFERS_FROM_CANONICAL,,metadata_held_or_excluded,not_assessed,0.1.0
1012,Q61481,AlphaFold_DB,AF-Q61481-6-F1,A,held,ALPHAFOLD_ACCESSION_DIFFERS_FROM_CANONICAL,,metadata_held_or_excluded,not_assessed,0.1.0
1013,Q61481,AlphaFold_DB,AF-Q61481-F1,A,candidate,EXACT_FULL_SEQUENCE_LOCAL_QUALITY_PENDING,ec0769902dd883bf87525107f44bacee759888665587196601afaa9bc82c4990;2487020556dc51a4918754a2849c6612b731d6b43d20d199f8165bf7d5606cd6;c7919585461b96035cb1c687437c119bb80510349688c34d2b098654403ae588,planned,not_assessed,0.1.0
1014,Q61508,AlphaFold_DB,AF-Q61508-2-F1,A,held,ALPHAFOLD_ACCESSION_DIFFERS_FROM_CANONICAL,,metadata_held_or_excluded,not_assessed,0.1.0
1015,Q61508,AlphaFold_DB,AF-Q61508-F1,A,candidate,EXACT_FULL_SEQUENCE_LOCAL_QUALITY_PENDING,f92122c0dd7b65c46ffb47aa8adde1358635a6cd0c010ed972e4c45d4518e821;0df026ea4c6e4543849ad40f5fe33644d44c931a1153ca4de74551fa87b7026f;473f526ea364642f8e757504bc8dbb2413cfda71277a49bb93df21b97e37335b,planned,not_assessed,0.1.0
1016,Q61592,AlphaFold_DB,AF-Q61592-F1,A,candidate,EXACT_FULL_SEQUENCE_LOCAL_QUALITY_PENDING,167fc02ae0a8a575b91442d9adc74fa0dc864dc0cd88b05f4731fbb45913eb05;1bb590861b8e2c9e2129f91bea420270971a56c115c5eb612cd34a2b1ac26227;267333c4320425b274ffe404a4a64b477712adfb22cf49d2f7b6122a5ff220c3,planned,not_assessed,0.1.0
1017,Q61660,AlphaFold_DB,AF-Q61660-F1,A,candidate,EXACT_FULL_SEQUENCE_LOCAL_QUALITY_PENDING,8e528d5dba60781ee673b75e872d796ec49a2b0ba9acd250a5089d7d80e91c5f;f29a56924216ba46fb31cf4335e03bef17ef87aeeadc61cb7eec1513389f97c9;0c7573e468adf61ad88a24efb65c2ba20caa224fd7b24580f4f4c7444bdc7204,planned,not_assessed,0.1.0
1018,Q61711,AlphaFold_DB,AF-Q61711-F1,A,candidate,EXACT_FULL_SEQUENCE_LOCAL_QUALITY_PENDING,45712a9e366945971e7b3e02d539f514b6e2ab4a8d71e8b37c7e546d4e2f9703;52986326f26e6324ae4673b4d08245493c834bdf2c81ecd3db670a14e46d8dde;b5ba198da9e64a9621bae9da5bc982d556cf588357e460078c19d6765a2d65f8,planned,not_assessed,0.1.0
1019,Q61805,AlphaFold_DB,AF-Q61805-F1,A,candidate,EXACT_FULL_SEQUENCE_LOCAL_QUALITY_PENDING,d749d6a935a81271b51c147f093118c6850a82491d77c83f28d5f7a906347ca4;91987448e4f511aaaa7bd323c19dcb22d3d1d34d05ef148e810e14498109327b;95542bfd556d2b8467ac3e19ce3f5acd6590acd7567fa32cab650fbc45c8f839,planned,not_assessed,0.1.0
1020,Q61805,PDBe_SIFTS,4m4d,A,candidate,MOUSE_SIFTS_CANDIDATE_LOCAL_REVIEW_PENDING,a0a2acd1eb31cbd5f69044b130494bcc2bbc7b6c9e8138229375cb1f1dc29c59,planned,not_assessed,0.1.0
1021,Q61805,PDBe_SIFTS,4m4d,B,candidate,MOUSE_SIFTS_CANDIDATE_LOCAL_REVIEW_PENDING,a0a2acd1eb31cbd5f69044b130494bcc2bbc7b6c9e8138229375cb1f1dc29c59,planned,not_assessed,0.1.0
1022,Q62000,AlphaFold_DB,AF-Q62000-F1,A,candidate,EXACT_FULL_SEQUENCE_LOCAL_QUALITY_PENDING,b881456cc37a9c165ad9d0e92fc54409d0c5514d038ef17cc24a8687275e6b1a;2fb51d0ba3858f98921018055fd111ab78cf7ce99516c0cc541d3757ff54255c;a77d3bbc236d36aad0da45635e380ef53a079e0099c63c9ef3b9ef8563005917,planned,not_assessed,0.1.0
1023,Q62273,AlphaFold_DB,AF-Q62273-F1,A,candidate,EXACT_FULL_SEQUENCE_LOCAL_QUALITY_PENDING,72ce5ee2d0dd44647640232f47e14390fbc99a3cd37d25c709025357df65b82a;b2e5be39b3068a865be7ad7a2fa608bbbb25fe0c9e877919b05892d7bdf0d63a;fd5372f6751c19cbb9e6fd02f93ee55d77d1b3dfd5c249bb4ecdf1352700e77a,planned,not_assessed,0.1.0
1024,Q62312,AlphaFold_DB,AF-Q62312-1-F1,A,held,ALPHAFOLD_ACCESSION_DIFFERS_FROM_CANONICAL,,metadata_held_or_excluded,not_assessed,0.1.0
1025,Q62312,AlphaFold_DB,AF-Q62312-F1,A,candidate,EXACT_FULL_SEQUENCE_LOCAL_QUALITY_PENDING,413ffd7ed55e8f7144800c6f20acabddccd80f77f5439619f4603dc69dc2d568;235a3d64b46b554bf3b3b7648aafa6adb6bdaa11130717f2eedc301f8858e287;993c24e47ea1b62089a6cfd11b7ae2cf182c8fb019281ce5b43ddd6ea58180fc,planned,not_assessed,0.1.0
1026,Q62312,PDBe_SIFTS,9yj4,B,candidate,MOUSE_SIFTS_CANDIDATE_LOCAL_REVIEW_PENDING,d9dd33ffcab85a0ff0c1e55776b77a167668a0e351a7cea387c9c4a3ad7dfba9,planned,not_assessed,0.1.0
1027,Q62312,PDBe_SIFTS,9yj4,D,candidate,MOUSE_SIFTS_CANDIDATE_LOCAL_REVIEW_PENDING,d9dd33ffcab85a0ff0c1e55776b77a167668a0e351a7cea387c9c4a3ad7dfba9,planned,not_assessed,0.1.0
1028,Q62351,AlphaFold_DB,AF-Q62351-F1,A,candidate,EXACT_FULL_SEQUENCE_LOCAL_QUALITY_PENDING,b939f63bea9ff30eaa18595ef23d659a6ca2ad3a1dca56a3573be6f3981ee690;47f23f9f6fb31d028f797f63640c26f54d7a213d1eb5155633943f28a1d396c5;5d478713b97fdbd730cf75e15845fd9e68b1062aee9201ab8b5fc087d971801a,planned,not_assessed,0.1.0
1029,Q62392,AlphaFold_DB,AF-Q62392-F1,A,candidate,EXACT_FULL_SEQUENCE_LOCAL_QUALITY_PENDING,c703b66898568a81893fcb4c0779a6904b58cf656db7038904c2529937f092e6;ab57a28398cdc693d9c2d3ad50ec5805a3505c2f788cc2ff7837c03c60c6da63;98b1ec0fdfb9aadb7098d1f7016518b00572f189b24291835fe11e4c11f4a767,planned,not_assessed,0.1.0
1030,Q62443,AlphaFold_DB,AF-Q62443-F1,A,candidate,EXACT_FULL_SEQUENCE_LOCAL_QUALITY_PENDING,3f6f838c2a1f03a0aff438b83f737bf4e03b4b1db13a95dc154796a91d94b8d3;1a831a3415e4bf50cd430a79a4b405f1d0bdbaffb44f143aa2943abe191a85a0;8f9ca96515102a84849bdf4fe3039d7953c80809ef8589c649a05bee227053fc,planned,not_assessed,0.1.0
1031,Q63918,AlphaFold_DB,AF-Q63918-F1,A,candidate,EXACT_FULL_SEQUENCE_LOCAL_QUALITY_PENDING,1987d16a3704f58209df7884a8f9c1aa2ebfbdca07bdd55d41ce6cab8903a7a7;e9f2e52fd282d3ce182a53bae521b711e7e71865285529ec26c40b3780e91217;e5203c41384574ca3110014e5b1e58d30533e01cdc5fee4d22e98921802f0b2c,planned,not_assessed,0.1.0
1032,Q64281,AlphaFold_DB,AF-Q64281-2-F1,A,held,ALPHAFOLD_ACCESSION_DIFFERS_FROM_CANONICAL,,metadata_held_or_excluded,not_assessed,0.1.0
1033,Q64281,AlphaFold_DB,AF-Q64281-F1,A,candidate,EXACT_FULL_SEQUENCE_LOCAL_QUALITY_PENDING,9b5e9bee129d0692ea456e70219fd25b84214284b5cd7f8d0e063310992de3d7;ffbda0c0bd271cd0fc30c61ecb63f756f3c5b0ad6f25a3acf7337f7f3123d8d1;dab72550fafb999436d9bf7cd8e2a2070e973aad3126f4a95957b7a29a61bf24,planned,not_assessed,0.1.0
1034,Q64378,AlphaFold_DB,AF-Q64378-F1,A,candidate,EXACT_FULL_SEQUENCE_LOCAL_QUALITY_PENDING,cc5643cbb654be2ebdcd531b9281b1a8ed378448f5b6f67d9fb78f3e6b1dcc17;409eb6e9df272e31a237199f9f8c37715693e8584c04a391cc6366763d0df172;7d52a7bc51ae2723d15dbfd40e7ba62d39389e1892e52247a85bebd4e62e22da,planned,not_assessed,0.1.0
1035,Q64389,AlphaFold_DB,AF-0000000004750946,A,held,ALPHAFOLD_MOUSE_TAXONOMY_NOT_CONFIRMED,,metadata_held_or_excluded,not_assessed,0.1.0
1036,Q64389,AlphaFold_DB,AF-Q64389-F1,A,candidate,EXACT_FULL_SEQUENCE_LOCAL_QUALITY_PENDING,a5ac8b1cb884247b9f7fa72dce58abc4bd8434fd8ec80c4eef00653810b8e13c;ebfacabaf5c5288508bf3024c7fb15cee0ac05c1768d5a38f9a550d77276ee92;65385f88e037086a5f4dc9d66d25c8bff1ac5aeb37272fbd39d5ae830ae672c2,planned,not_assessed,0.1.0
1037,Q64689,AlphaFold_DB,AF-Q64689-F1,A,candidate,EXACT_FULL_SEQUENCE_LOCAL_QUALITY_PENDING,cf39f54307a9cc5bcd1576dc3105a922e2115a0730e7b08386f381e72ab3206e;49a6903587a715e9988262763e9dd000e67be5b0d9f8b002ab992038496db2e8;2ed12f58b080c6262ff823ec2bab45b234c585cb3df321a92955215950a262f4,planned,not_assessed,0.1.0
1038,Q64700,AlphaFold_DB,AF-Q64700-F1,A,candidate,EXACT_FULL_SEQUENCE_LOCAL_QUALITY_PENDING,06921c0d06aa64b67cf1bfc25dc8a064b88fcf1e34d6318c88565df4c239d355;06243b7051fc68a7e8c86e98625899fb81adabc1e2cc7b178ff4f1ed6f9b3235;489eb26e2b3341bcb28eb7eb492913e5e642795a12f8291f71b431159f97373b,planned,not_assessed,0.1.0
1039,Q64GA5,AlphaFold_DB,AF-Q64GA5-2-F1,A,held,ALPHAFOLD_ACCESSION_DIFFERS_FROM_CANONICAL,,metadata_held_or_excluded,not_assessed,0.1.0
1040,Q64GA5,AlphaFold_DB,AF-Q64GA5-F1,A,candidate,EXACT_FULL_SEQUENCE_LOCAL_QUALITY_PENDING,ed473b48e9939a0b23a927ef9b16fdb074e45008b8f0b7ad5a063c267795c095;468f9a6eedc2d6ce55788d82b1ee8bff8c15f32145cccadc6e701db135b35140;73dcfa9feab3fc79cfb0e9adeac585423cec35fdf0b2f584d69a65a76555c3ac,planned,not_assessed,0.1.0
1041,Q66JX5,AlphaFold_DB,AF-Q66JX5-2-F1,A,held,ALPHAFOLD_ACCESSION_DIFFERS_FROM_CANONICAL,,metadata_held_or_excluded,not_assessed,0.1.0
1042,Q66JX5,AlphaFold_DB,AF-Q66JX5-F1,A,candidate,EXACT_FULL_SEQUENCE_LOCAL_QUALITY_PENDING,b34a6f55f97fc67dc5c8bdd53aa13d0c3f1568cd39d71dfb902ad365ae850d59;296f41375ba0a852703387c3c3ad281e25dccff2a93dc58f92266709890c68a9;6a4d2630f8565a91d4d161a7df2f618c01d8171cc2fa229a1fa30e99455e1524,planned,not_assessed,0.1.0
1043,Q673U1,AlphaFold_DB,AF-Q673U1-2-F1,A,held,ALPHAFOLD_ACCESSION_DIFFERS_FROM_CANONICAL,,metadata_held_or_excluded,not_assessed,0.1.0
1044,Q673U1,AlphaFold_DB,AF-Q673U1-F1,A,candidate,EXACT_FULL_SEQUENCE_LOCAL_QUALITY_PENDING,564948f03c4f95447d3b423e343a97df4e6676351b1d49b291fbd74c755d420a;563170b57930d1f1f2066d141f2514c1dea93a5d0aa38de55073ab2a2980e969;a165d2b728d65a1ded3ec55164c270efc2a53229bbf43d8d101180ff76cb908a,planned,not_assessed,0.1.0
1045,Q69ZK0,AlphaFold_DB,AF-Q69ZK0-2-F1,A,held,ALPHAFOLD_ACCESSION_DIFFERS_FROM_CANONICAL,,metadata_held_or_excluded,not_assessed,0.1.0
1046,Q69ZK0,AlphaFold_DB,AF-Q69ZK0-F1,A,candidate,EXACT_FULL_SEQUENCE_LOCAL_QUALITY_PENDING,b46e6d9b1522038a1f8e831e25979b33255e6968b74ec49b0fbf3249e330713c;b828dc3b8daebb2d68c4791b2d749e9abcf702fd2e2a1eb5f8e10eee84020e79;d7a6a62c5c2eb367e36c88b68ac6c2d2c4d5fce7f924fce5bb8ca7beff69b739,planned,not_assessed,0.1.0
1047,Q69ZK9,AlphaFold_DB,AF-Q69ZK9-F1,A,candidate,EXACT_FULL_SEQUENCE_LOCAL_QUALITY_PENDING,999df7c8d27d96ef0bf30367d43801a6cdcc15cf1c0f151d044ef18d0d489953;44b96d13dda6ccf2434b790260113e468346f33d5b1ea5748aea05b242420506;2f030b070d5df6e24fb6b0a868e128d8d040f46779ed078ab2f8a3c73856df38,planned,not_assessed,0.1.0
1048,Q69ZK9,PDBe_SIFTS,3bl8,A,candidate,MOUSE_SIFTS_CANDIDATE_LOCAL_REVIEW_PENDING,d5b79bd7f315a8d4a52b64becd998416fd56d621f5dc8d799a6c152b1a8c8663,planned,not_assessed,0.1.0
1049,Q69ZK9,PDBe_SIFTS,3bl8,B,candidate,MOUSE_SIFTS_CANDIDATE_LOCAL_REVIEW_PENDING,d5b79bd7f315a8d4a52b64becd998416fd56d621f5dc8d799a6c152b1a8c8663,planned,not_assessed,0.1.0
1050,Q69ZK9,PDBe_SIFTS,3bl8,C,candidate,MOUSE_SIFTS_CANDIDATE_LOCAL_REVIEW_PENDING,d5b79bd7f315a8d4a52b64becd998416fd56d621f5dc8d799a6c152b1a8c8663,planned,not_assessed,0.1.0
1051,Q69ZK9,PDBe_SIFTS,3bl8,D,candidate,MOUSE_SIFTS_CANDIDATE_LOCAL_REVIEW_PENDING,d5b79bd7f315a8d4a52b64becd998416fd56d621f5dc8d799a6c152b1a8c8663,planned,not_assessed,0.1.0
1052,Q69ZK9,PDBe_SIFTS,8g7d,A,candidate,MOUSE_SIFTS_CANDIDATE_LOCAL_REVIEW_PENDING,c49d5e18220c9461f281463a4292ac1c6e3f55413ce8f7f44d29d1240dc5ccb4,planned,not_assessed,0.1.0
1053,Q69ZK9,PDBe_SIFTS,8g7d,B,candidate,MOUSE_SIFTS_CANDIDATE_LOCAL_REVIEW_PENDING,c49d5e18220c9461f281463a4292ac1c6e3f55413ce8f7f44d29d1240dc5ccb4,planned,not_assessed,0.1.0
1054,Q69ZK9,PDBe_SIFTS,8g7y,A,candidate,MOUSE_SIFTS_CANDIDATE_LOCAL_REVIEW_PENDING,fdef7e3045371aabd15dddaff59bc28d70afb284ee1ef0f9ae25a9aee2b358fd,planned,not_assessed,0.1.0
1055,Q69ZK9,PDBe_SIFTS,8g7y,B,candidate,MOUSE_SIFTS_CANDIDATE_LOCAL_REVIEW_PENDING,fdef7e3045371aabd15dddaff59bc28d70afb284ee1ef0f9ae25a9aee2b358fd,planned,not_assessed,0.1.0
1056,Q69ZK9,PDBe_SIFTS,8g7z,A,candidate,MOUSE_SIFTS_CANDIDATE_LOCAL_REVIEW_PENDING,2c9cccd8dfe43033cf09e51bfb436b60758077ec4e6044939de2875ac31238d1,planned,not_assessed,0.1.0
1057,Q69ZK9,PDBe_SIFTS,8g7z,B,candidate,MOUSE_SIFTS_CANDIDATE_LOCAL_REVIEW_PENDING,2c9cccd8dfe43033cf09e51bfb436b60758077ec4e6044939de2875ac31238d1,planned,not_assessed,0.1.0
1058,Q69ZK9,PDBe_SIFTS,8g80,A,candidate,MOUSE_SIFTS_CANDIDATE_LOCAL_REVIEW_PENDING,7e737481c7df43c95381b5771b5a1ff5a0c893a99ab185f3dfb6a4b432d3a6b7,planned,not_assessed,0.1.0
1059,Q69ZK9,PDBe_SIFTS,8g80,B,candidate,MOUSE_SIFTS_CANDIDATE_LOCAL_REVIEW_PENDING,7e737481c7df43c95381b5771b5a1ff5a0c893a99ab185f3dfb6a4b432d3a6b7,planned,not_assessed,0.1.0
1060,Q69ZK9,PDBe_SIFTS,8g81,A,candidate,MOUSE_SIFTS_CANDIDATE_LOCAL_REVIEW_PENDING,c94f3121be2fc52ef73bcc17d91c4793451cb0ebd4ae3d591e5eb04742d573f5,planned,not_assessed,0.1.0
1061,Q69ZK9,PDBe_SIFTS,8g81,B,candidate,MOUSE_SIFTS_CANDIDATE_LOCAL_REVIEW_PENDING,c94f3121be2fc52ef73bcc17d91c4793451cb0ebd4ae3d591e5eb04742d573f5,planned,not_assessed,0.1.0
1062,Q6DFW4,AlphaFold_DB,AF-Q6DFW4-F1,A,candidate,EXACT_FULL_SEQUENCE_LOCAL_QUALITY_PENDING,8c6d73c0f40a6b4bd48c41b9478742dbdb461d5a95c4910e07ea624897fda741;cd23af43c3251c209aa7f7af286befd83d8c11ce102b3ac97f6e019970952de8;1c6cdc92671e2ea315581d42c917cb36aa0c67f470e232f11fe5b827cfc216f7,planned,not_assessed,0.1.0
1063,Q6DTY7,AlphaFold_DB,AF-Q6DTY7-2-F1,A,held,ALPHAFOLD_ACCESSION_DIFFERS_FROM_CANONICAL,,metadata_held_or_excluded,not_assessed,0.1.0
1064,Q6DTY7,AlphaFold_DB,AF-Q6DTY7-3-F1,A,held,ALPHAFOLD_ACCESSION_DIFFERS_FROM_CANONICAL,,metadata_held_or_excluded,not_assessed,0.1.0
1065,Q6DTY7,AlphaFold_DB,AF-Q6DTY7-4-F1,A,held,ALPHAFOLD_ACCESSION_DIFFERS_FROM_CANONICAL,,metadata_held_or_excluded,not_assessed,0.1.0
1066,Q6DTY7,AlphaFold_DB,AF-Q6DTY7-5-F1,A,held,ALPHAFOLD_ACCESSION_DIFFERS_FROM_CANONICAL,,metadata_held_or_excluded,not_assessed,0.1.0
1067,Q6DTY7,AlphaFold_DB,AF-Q6DTY7-6-F1,A,held,ALPHAFOLD_ACCESSION_DIFFERS_FROM_CANONICAL,,metadata_held_or_excluded,not_assessed,0.1.0
1068,Q6DTY7,AlphaFold_DB,AF-Q6DTY7-F1,A,candidate,EXACT_FULL_SEQUENCE_LOCAL_QUALITY_PENDING,743833c1e837c72db6cdc9b036302ee3c23897dd38a0ca644030b9f0eb6819e9;d5de242191275d74b41e33a24e8fd2bdcf123c2ff04bfb1fdc89c2ff8853fdb0;698e275af457f93189c66bee8f448b8b73d61d07442c97aa1d4b123b7a2c7651,planned,not_assessed,0.1.0
1069,Q6NXJ0,AlphaFold_DB,AF-Q6NXJ0-F1,A,candidate,EXACT_FULL_SEQUENCE_LOCAL_QUALITY_PENDING,d8a0615b2fbfcb04c09f56cc41fd92de3efba717eb19c3fc3c5951fedb7fb16e;53c44a4cdaf15798e51ea196615238dec9191a65db18f789b089d7824a644fd7;ccab27ac5c0bc92e9e70a33a22788a6cb80dca06007a6a2534959090f2b7ae39,planned,not_assessed,0.1.0
1070,Q6NXK8,AlphaFold_DB,AF-Q6NXK8-2-F1,A,held,ALPHAFOLD_ACCESSION_DIFFERS_FROM_CANONICAL,,metadata_held_or_excluded,not_assessed,0.1.0
1071,Q6NXK8,AlphaFold_DB,AF-Q6NXK8-F1,A,candidate,EXACT_FULL_SEQUENCE_LOCAL_QUALITY_PENDING,c1d2763bd6cf11dbf6b295928c99fb94049b3200055e6ee69b87e5ad7008dfea;cf7e4d03609eab847887bfc2e71d1b820dd03ebca3eb5ba05b9a0eb8db8a10f5;77a8f1fac25042ff851df8138b7c0e4af2a72119befe96e05523ae2ab24eae67,planned,not_assessed,0.1.0
1072,Q6NZK8,AlphaFold_DB,AF-Q6NZK8-2-F1,A,held,ALPHAFOLD_ACCESSION_DIFFERS_FROM_CANONICAL,,metadata_held_or_excluded,not_assessed,0.1.0
1073,Q6NZK8,AlphaFold_DB,AF-Q6NZK8-3-F1,A,held,ALPHAFOLD_ACCESSION_DIFFERS_FROM_CANONICAL,,metadata_held_or_excluded,not_assessed,0.1.0
1074,Q6NZK8,AlphaFold_DB,AF-Q6NZK8-F1,A,candidate,EXACT_FULL_SEQUENCE_LOCAL_QUALITY_PENDING,89b71cb4696aac368af9fdef209e5f84c2bac975b5258d6b0b0e8c2fc1a2beb6;56460ff1c34c3e7599c266df198f7011c35a578f074020871e8ae7da16dc7407;d902ad84813328dcb8c6cf5903a04231562bb54afa54ce41e1ea72768df7e94b,planned,not_assessed,0.1.0
1075,Q6NZQ6,AlphaFold_DB,AF-Q6NZQ6-2-F1,A,held,ALPHAFOLD_ACCESSION_DIFFERS_FROM_CANONICAL,,metadata_held_or_excluded,not_assessed,0.1.0
1076,Q6NZQ6,AlphaFold_DB,AF-Q6NZQ6-3-F1,A,held,ALPHAFOLD_ACCESSION_DIFFERS_FROM_CANONICAL,,metadata_held_or_excluded,not_assessed,0.1.0
1077,Q6NZQ6,AlphaFold_DB,AF-Q6NZQ6-F1,A,candidate,EXACT_FULL_SEQUENCE_LOCAL_QUALITY_PENDING,d54f4adc6028e70d3215fb522ebb7ef899de8f4d84ab96fbe8d40d93ff6f75f4;4640629444eb77c8497719e0a113601b986e016422a884260747e1439d98afb0;95f9ecfb8ac36b094018d19b2d00e48ac60513d9755b2ff875471c3cfe226af3,planned,not_assessed,0.1.0
1078,Q6P1C6,AlphaFold_DB,AF-Q6P1C6-F1,A,candidate,EXACT_FULL_SEQUENCE_LOCAL_QUALITY_PENDING,228abd279f7fabd848449d81529d64f147f938534eeeec6d26a6930e07ac4171;f9933e99b0bb4b735f0f8f615b6bc77baadeec79b540e8a44360723823463a8e;bc372f82919d4c9c06535f0a6547e59ae29848f8e72eb92c07fc611bee08339b,planned,not_assessed,0.1.0
1079,Q6P1C6,PDBe_SIFTS,3so5,A,candidate,MOUSE_SIFTS_CANDIDATE_LOCAL_REVIEW_PENDING,4b0d7d58ea8fa6cf2b2601db693040321131d1135cd0b0c1ed766c7559434719,planned,not_assessed,0.1.0
1080,Q6P1C6,PDBe_SIFTS,3so5,B,candidate,MOUSE_SIFTS_CANDIDATE_LOCAL_REVIEW_PENDING,4b0d7d58ea8fa6cf2b2601db693040321131d1135cd0b0c1ed766c7559434719,planned,not_assessed,0.1.0
1081,Q6P566,AlphaFold_DB,AF-Q6P566-F1,A,candidate,EXACT_FULL_SEQUENCE_LOCAL_QUALITY_PENDING,6f712a377353d5031ae10107f3c5964b0ae2aae9795aafc5bace9823bd43e9b8;ad4fe2e26f8d1621c779440f6f550614f8f84d86c7592ed4be89c51fbc95ffb6;58791b3fa2cf4ba86788bd4ee2d88e1f8a309ea11fc1860f885af480822d3e50,planned,not_assessed,0.1.0
1082,Q6PAQ9,AlphaFold_DB,AF-Q6PAQ9-F1,A,candidate,EXACT_FULL_SEQUENCE_LOCAL_QUALITY_PENDING,b1aa83010bdcfe20bf90cffd92a316f191fea7df0dd3a77c476ae9f1e658c88a;9d4b6bbb4621e42cab8f2db7e88e71d2c25c8ab68115190af73e1986d9d86238;4fa5a12eb8ce74418598045917406a4e5b243de74204af7ab23bea1018244d8f,planned,not_assessed,0.1.0
1083,Q6PCM1,AlphaFold_DB,AF-Q6PCM1-2-F1,A,held,ALPHAFOLD_ACCESSION_DIFFERS_FROM_CANONICAL,,metadata_held_or_excluded,not_assessed,0.1.0
1084,Q6PCM1,AlphaFold_DB,AF-Q6PCM1-F1,A,candidate,EXACT_FULL_SEQUENCE_LOCAL_QUALITY_PENDING,7316728b85e9000223e4e833e6b62a899f3e8a761958ec95fe41fc308ebb772c;6958e3b3ce694d7dbd969cc95c0829f866310b203f49184159b8468fdc778ebd;ce9394ca3b980e2bebfb55ec377c3ed663209adbef4679fb710f148fb61ebe0b,planned,not_assessed,0.1.0
1085,Q6PD10,AlphaFold_DB,AF-Q6PD10-F1,A,candidate,EXACT_FULL_SEQUENCE_LOCAL_QUALITY_PENDING,de5ab57f399a15682b413cbc2a04d9035299cbf1d453bee16df468655051a59d;17ff5de705564186516db87022d757dadfc128801b27c7ed204608d77b1a4dbd;c96fcc4eb6d71f1377f90b733621508ca55a26d20e0573c876958df7739e2f02,planned,not_assessed,0.1.0
1086,Q6PGB8,AlphaFold_DB,AF-Q6PGB8-2-F1,A,held,ALPHAFOLD_ACCESSION_DIFFERS_FROM_CANONICAL,,metadata_held_or_excluded,not_assessed,0.1.0
1087,Q6PGB8,AlphaFold_DB,AF-Q6PGB8-F1,A,candidate,EXACT_FULL_SEQUENCE_LOCAL_QUALITY_PENDING,ff7077d743e41ce57af481a67df24655173920996b49a7171bb1328a04e6e355;a9a801e76e958d27314cbd0ac25cd47dbde3d441167d9f7c6c2187ede4895eb5;1fcf85c69fd4a8dba8e4be48e829af0c0b193f3121cc4742d852e0301cccadc4,planned,not_assessed,0.1.0
1088,Q6PGK7,AlphaFold_DB,AF-Q6PGK7-2-F1,A,held,ALPHAFOLD_ACCESSION_DIFFERS_FROM_CANONICAL,,metadata_held_or_excluded,not_assessed,0.1.0
1089,Q6PGK7,AlphaFold_DB,AF-Q6PGK7-F1,A,candidate,EXACT_FULL_SEQUENCE_LOCAL_QUALITY_PENDING,0cf7d5fd73bc0b1ecc603fa5434ef4a4d4a0637bc4c79278992d54f2adb3236c;282344fcf0bc3ad835dc7c0f895a2b7a717cfc40de8e2e377094060cb3fb0869;fd2cdf43cab009bd8b16866374aa5851462b1dc4c8352aaf27701461d437ce0f,planned,not_assessed,0.1.0
1090,Q6QWF9,AlphaFold_DB,AF-Q6QWF9-F1,A,candidate,EXACT_FULL_SEQUENCE_LOCAL_QUALITY_PENDING,d9694db434c2232d4fea194eb9ae231a086d533ce032cd0709811b816ad6b4a8;315da791edfe40bc23ebd77bcac3aefc9171ef9c330750393ff8a10fed8627ae;6390030d26f6d8203c762c8fe07b4eae32a943cc98e7a27ea02f2a3f57011927,planned,not_assessed,0.1.0
1091,Q6U7H8,AlphaFold_DB,AF-Q6U7H8-2-F1,A,held,ALPHAFOLD_ACCESSION_DIFFERS_FROM_CANONICAL,,metadata_held_or_excluded,not_assessed,0.1.0
1092,Q6U7H8,AlphaFold_DB,AF-Q6U7H8-3-F1,A,held,ALPHAFOLD_ACCESSION_DIFFERS_FROM_CANONICAL,,metadata_held_or_excluded,not_assessed,0.1.0
1093,Q6U7H8,AlphaFold_DB,AF-Q6U7H8-4-F1,A,held,ALPHAFOLD_ACCESSION_DIFFERS_FROM_CANONICAL,,metadata_held_or_excluded,not_assessed,0.1.0
1094,Q6U7H8,AlphaFold_DB,AF-Q6U7H8-F1,A,candidate,EXACT_FULL_SEQUENCE_LOCAL_QUALITY_PENDING,cbd2f84be1592f445bc25cf6ef811eb39048ee7623317c751ca1192691e9dfa3;7df24cf72ac6063309c05260a85e37feeeddc3ae0915120be63cec54a779a476;359bc9ecb5ae5e5769f2f58977e7736fff4976023093a45713da4a514d55c9f3,planned,not_assessed,0.1.0
1095,Q6ZQ73,AlphaFold_DB,AF-Q6ZQ73-F1,A,candidate,EXACT_FULL_SEQUENCE_LOCAL_QUALITY_PENDING,f08510dafd2eee9d95f291a15c38b13afc01e5440267335227141a2e9bbb997d;9d4126ab534b6a9b037beee00181995e1a31502fcf963083596e5b2fb067ddec;da03d491b3451078f08bccc9d861ac5e5bc06ff5338221408364fbb4de46f36e,planned,not_assessed,0.1.0
1096,Q6ZWR4,AlphaFold_DB,AF-Q6ZWR4-2-F1,A,held,ALPHAFOLD_ACCESSION_DIFFERS_FROM_CANONICAL,,metadata_held_or_excluded,not_assessed,0.1.0
1097,Q6ZWR4,AlphaFold_DB,AF-Q6ZWR4-3-F1,A,held,ALPHAFOLD_ACCESSION_DIFFERS_FROM_CANONICAL,,metadata_held_or_excluded,not_assessed,0.1.0
1098,Q6ZWR4,AlphaFold_DB,AF-Q6ZWR4-F1,A,candidate,EXACT_FULL_SEQUENCE_LOCAL_QUALITY_PENDING,4510a619c7f1e495bc0a469c913f1e71fff7c7dd3320cc35fa724ec284b2a866;ea25f121b85a616d952c822da16cb356a5f5a99e0adab165dde58aeb07624c06;fd27de6344cbbcb2e4d7d7a6f5091c9c307b0389606d24563a5f042ecb0a47c8,planned,not_assessed,0.1.0
1099,Q71KT5,AlphaFold_DB,AF-Q71KT5-F1,A,candidate,EXACT_FULL_SEQUENCE_LOCAL_QUALITY_PENDING,81412b743f54af91937985d4b17912041c3f18791ca5b32c4fa7f5acccbc516f;6dfcecf1350e3718ff5cd150ae1f95e90b3c89ee9eac0ea6f8f635137ec1770d;4b8925ae4953f246f1c54ff1c6dce230645e4c250e2f42338e2148c6516b442b,planned,not_assessed,0.1.0
1100,Q78TU8,AlphaFold_DB,AF-Q78TU8-F1,A,candidate,EXACT_FULL_SEQUENCE_LOCAL_QUALITY_PENDING,1803789b674759ebc236742be0d722f913fa9dcbb8be5c42f14881eccc5b7c6f;faabe1d02e88b0cb307fe6832e94147f654493fd093d77e1a3f4caf3cac27c47;9a41bf165976406b2fe0021d145ed7109dd843ec70c80f4a03fd08d57e01f95b,planned,not_assessed,0.1.0
1101,Q7M760,AlphaFold_DB,AF-Q7M760-F1,A,candidate,EXACT_FULL_SEQUENCE_LOCAL_QUALITY_PENDING,c0c15284c8581635522e77d044afe1ad571b143902062931c84c90e40cdb0649;4fa9acb70c3f334edad23d68d9312fb325ba76d3be2025f76969854f97e2aae5;bbe31222b53d7f9faff42f96a7db7d4b904ca027a45c2234426c65cfe0d67efb,planned,not_assessed,0.1.0
1102,Q7TMJ8,AlphaFold_DB,AF-Q7TMJ8-2-F1,A,held,ALPHAFOLD_ACCESSION_DIFFERS_FROM_CANONICAL,,metadata_held_or_excluded,not_assessed,0.1.0
1103,Q7TMJ8,AlphaFold_DB,AF-Q7TMJ8-F1,A,candidate,EXACT_FULL_SEQUENCE_LOCAL_QUALITY_PENDING,d48d20cd6baf257eaf405315e0fecc42afaef1ca1baa72a0b90bcc5ff37cbc1e;2c34ebd2cc0ca90e12b3bea16bf56add848d39cfd6b409c46419a4c3424900ea;aa29a672c3ccaa19a1f0c8197bee3ff6563cb7c10b84356a9ce21c3616ed017e,planned,not_assessed,0.1.0
1104,Q7TML3,AlphaFold_DB,AF-Q7TML3-F1,A,candidate,EXACT_FULL_SEQUENCE_LOCAL_QUALITY_PENDING,f5808d9d112f9fd4c9feccd46d6621ff060efdab3f686f53b48ce2b859b63edc;aa2fe21411204f8b2065968891690d523a354650ef46ae51feaba12b9530a91a;8e757ebfbe204c8619a48fbc68c292cb67d838ca96c602e1a81ce94f977273ab,planned,not_assessed,0.1.0
1105,Q7TMM9,AlphaFold_DB,AF-Q7TMM9-F1,A,candidate,EXACT_FULL_SEQUENCE_LOCAL_QUALITY_PENDING,b9f38244c6be940743f37f45d7fc21cc2caca6109d3911857e201709b43a9544;16f142921b389008888093d7d4e83dd38789eb27be0fd9d7b19332be8222c0e3;6844e2efac3a6546a3815a6834ebd97722c7fc8e6b54daa7804805f8c38f5f83,planned,not_assessed,0.1.0
1106,Q7TMM9,PDBe_SIFTS,24mc,W,candidate,MOUSE_SIFTS_CANDIDATE_LOCAL_REVIEW_PENDING,8d98d9b2e25986c6448bae7d16a8e538fa4141d32bb4dc9617f49a42360d6e37,planned,not_assessed,0.1.0
1107,Q7TMM9,PDBe_SIFTS,24mc,Z,candidate,MOUSE_SIFTS_CANDIDATE_LOCAL_REVIEW_PENDING,8d98d9b2e25986c6448bae7d16a8e538fa4141d32bb4dc9617f49a42360d6e37,planned,not_assessed,0.1.0
1108,Q7TMM9,PDBe_SIFTS,8ixa,J,candidate,MOUSE_SIFTS_CANDIDATE_LOCAL_REVIEW_PENDING,31060067defbf3cc9153e148b19dfe35b39aa2ba6d2aef067e0f83bf3fbbb242,planned,not_assessed,0.1.0
1109,Q7TMM9,PDBe_SIFTS,8ixa,K,candidate,MOUSE_SIFTS_CANDIDATE_LOCAL_REVIEW_PENDING,31060067defbf3cc9153e148b19dfe35b39aa2ba6d2aef067e0f83bf3fbbb242,planned,not_assessed,0.1.0
1110,Q7TMM9,PDBe_SIFTS,8ixa,L,candidate,MOUSE_SIFTS_CANDIDATE_LOCAL_REVIEW_PENDING,31060067defbf3cc9153e148b19dfe35b39aa2ba6d2aef067e0f83bf3fbbb242,planned,not_assessed,0.1.0
1111,Q7TMM9,PDBe_SIFTS,8ixa,M,candidate,MOUSE_SIFTS_CANDIDATE_LOCAL_REVIEW_PENDING,31060067defbf3cc9153e148b19dfe35b39aa2ba6d2aef067e0f83bf3fbbb242,planned,not_assessed,0.1.0
1112,Q7TMM9,PDBe_SIFTS,8ixa,N,candidate,MOUSE_SIFTS_CANDIDATE_LOCAL_REVIEW_PENDING,31060067defbf3cc9153e148b19dfe35b39aa2ba6d2aef067e0f83bf3fbbb242,planned,not_assessed,0.1.0
1113,Q7TMM9,PDBe_SIFTS,8ixa,O,candidate,MOUSE_SIFTS_CANDIDATE_LOCAL_REVIEW_PENDING,31060067defbf3cc9153e148b19dfe35b39aa2ba6d2aef067e0f83bf3fbbb242,planned,not_assessed,0.1.0
1114,Q7TMM9,PDBe_SIFTS,8ixa,P,candidate,MOUSE_SIFTS_CANDIDATE_LOCAL_REVIEW_PENDING,31060067defbf3cc9153e148b19dfe35b39aa2ba6d2aef067e0f83bf3fbbb242,planned,not_assessed,0.1.0
1115,Q7TMM9,PDBe_SIFTS,8ixa,Q,candidate,MOUSE_SIFTS_CANDIDATE_LOCAL_REVIEW_PENDING,31060067defbf3cc9153e148b19dfe35b39aa2ba6d2aef067e0f83bf3fbbb242,planned,not_assessed,0.1.0
1116,Q7TMM9,PDBe_SIFTS,8ixa,R,candidate,MOUSE_SIFTS_CANDIDATE_LOCAL_REVIEW_PENDING,31060067defbf3cc9153e148b19dfe35b39aa2ba6d2aef067e0f83bf3fbbb242,planned,not_assessed,0.1.0
1117,Q7TMM9,PDBe_SIFTS,8ixb,Q,candidate,MOUSE_SIFTS_CANDIDATE_LOCAL_REVIEW_PENDING,229f72b5bea67eefe1f08a1afe698e3351612eae041902d469a22aa487644ad7,planned,not_assessed,0.1.0
1118,Q7TMM9,PDBe_SIFTS,8ixb,U,candidate,MOUSE_SIFTS_CANDIDATE_LOCAL_REVIEW_PENDING,229f72b5bea67eefe1f08a1afe698e3351612eae041902d469a22aa487644ad7,planned,not_assessed,0.1.0
1119,Q7TMM9,PDBe_SIFTS,8ixb,V,candidate,MOUSE_SIFTS_CANDIDATE_LOCAL_REVIEW_PENDING,229f72b5bea67eefe1f08a1afe698e3351612eae041902d469a22aa487644ad7,planned,not_assessed,0.1.0
1120,Q7TMM9,PDBe_SIFTS,8ixb,W,candidate,MOUSE_SIFTS_CANDIDATE_LOCAL_REVIEW_PENDING,229f72b5bea67eefe1f08a1afe698e3351612eae041902d469a22aa487644ad7,planned,not_assessed,0.1.0
1121,Q7TMM9,PDBe_SIFTS,8ixd,J,candidate,MOUSE_SIFTS_CANDIDATE_LOCAL_REVIEW_PENDING,57803f11a92e2797e508a105d6fe8f15db550d1c057d8e1122493446065c1dbd,planned,not_assessed,0.1.0
1122,Q7TMM9,PDBe_SIFTS,8ixd,K,candidate,MOUSE_SIFTS_CANDIDATE_LOCAL_REVIEW_PENDING,57803f11a92e2797e508a105d6fe8f15db550d1c057d8e1122493446065c1dbd,planned,not_assessed,0.1.0
1123,Q7TMM9,PDBe_SIFTS,8ixd,L,candidate,MOUSE_SIFTS_CANDIDATE_LOCAL_REVIEW_PENDING,57803f11a92e2797e508a105d6fe8f15db550d1c057d8e1122493446065c1dbd,planned,not_assessed,0.1.0
1124,Q7TMM9,PDBe_SIFTS,8ixd,M,candidate,MOUSE_SIFTS_CANDIDATE_LOCAL_REVIEW_PENDING,57803f11a92e2797e508a105d6fe8f15db550d1c057d8e1122493446065c1dbd,planned,not_assessed,0.1.0
1125,Q7TMM9,PDBe_SIFTS,8ixd,N,candidate,MOUSE_SIFTS_CANDIDATE_LOCAL_REVIEW_PENDING,57803f11a92e2797e508a105d6fe8f15db550d1c057d8e1122493446065c1dbd,planned,not_assessed,0.1.0
1126,Q7TMM9,PDBe_SIFTS,8ixd,O,candidate,MOUSE_SIFTS_CANDIDATE_LOCAL_REVIEW_PENDING,57803f11a92e2797e508a105d6fe8f15db550d1c057d8e1122493446065c1dbd,planned,not_assessed,0.1.0
1127,Q7TMM9,PDBe_SIFTS,8ixd,P,candidate,MOUSE_SIFTS_CANDIDATE_LOCAL_REVIEW_PENDING,57803f11a92e2797e508a105d6fe8f15db550d1c057d8e1122493446065c1dbd,planned,not_assessed,0.1.0
1128,Q7TMM9,PDBe_SIFTS,8ixd,Q,candidate,MOUSE_SIFTS_CANDIDATE_LOCAL_REVIEW_PENDING,57803f11a92e2797e508a105d6fe8f15db550d1c057d8e1122493446065c1dbd,planned,not_assessed,0.1.0
1129,Q7TMM9,PDBe_SIFTS,8ixd,R,candidate,MOUSE_SIFTS_CANDIDATE_LOCAL_REVIEW_PENDING,57803f11a92e2797e508a105d6fe8f15db550d1c057d8e1122493446065c1dbd,planned,not_assessed,0.1.0
1130,Q7TMM9,PDBe_SIFTS,8ixe,R,candidate,MOUSE_SIFTS_CANDIDATE_LOCAL_REVIEW_PENDING,b6c51bcd9e81ab16bd83a2e1e1f41c52de73aa99b032aa8c7df8eecc1ecf2e74,planned,not_assessed,0.1.0
1131,Q7TMM9,PDBe_SIFTS,8ixe,W,candidate,MOUSE_SIFTS_CANDIDATE_LOCAL_REVIEW_PENDING,b6c51bcd9e81ab16bd83a2e1e1f41c52de73aa99b032aa8c7df8eecc1ecf2e74,planned,not_assessed,0.1.0
1132,Q7TMM9,PDBe_SIFTS,8ixe,Z,candidate,MOUSE_SIFTS_CANDIDATE_LOCAL_REVIEW_PENDING,b6c51bcd9e81ab16bd83a2e1e1f41c52de73aa99b032aa8c7df8eecc1ecf2e74,planned,not_assessed,0.1.0
1133,Q7TMM9,PDBe_SIFTS,8ixe,a,candidate,MOUSE_SIFTS_CANDIDATE_LOCAL_REVIEW_PENDING,b6c51bcd9e81ab16bd83a2e1e1f41c52de73aa99b032aa8c7df8eecc1ecf2e74,planned,not_assessed,0.1.0
1134,Q7TMM9,PDBe_SIFTS,8ixf,J,candidate,MOUSE_SIFTS_CANDIDATE_LOCAL_REVIEW_PENDING,c8266e7011f646dc6d728f58e1957eee7b01dc9736d0f7b65811cd4bf7414238,planned,not_assessed,0.1.0
1135,Q7TMM9,PDBe_SIFTS,8ixf,K,candidate,MOUSE_SIFTS_CANDIDATE_LOCAL_REVIEW_PENDING,c8266e7011f646dc6d728f58e1957eee7b01dc9736d0f7b65811cd4bf7414238,planned,not_assessed,0.1.0
1136,Q7TMM9,PDBe_SIFTS,8ixf,L,candidate,MOUSE_SIFTS_CANDIDATE_LOCAL_REVIEW_PENDING,c8266e7011f646dc6d728f58e1957eee7b01dc9736d0f7b65811cd4bf7414238,planned,not_assessed,0.1.0
1137,Q7TMM9,PDBe_SIFTS,8ixf,M,candidate,MOUSE_SIFTS_CANDIDATE_LOCAL_REVIEW_PENDING,c8266e7011f646dc6d728f58e1957eee7b01dc9736d0f7b65811cd4bf7414238,planned,not_assessed,0.1.0
1138,Q7TMM9,PDBe_SIFTS,8ixf,N,candidate,MOUSE_SIFTS_CANDIDATE_LOCAL_REVIEW_PENDING,c8266e7011f646dc6d728f58e1957eee7b01dc9736d0f7b65811cd4bf7414238,planned,not_assessed,0.1.0
1139,Q7TMM9,PDBe_SIFTS,8ixf,O,candidate,MOUSE_SIFTS_CANDIDATE_LOCAL_REVIEW_PENDING,c8266e7011f646dc6d728f58e1957eee7b01dc9736d0f7b65811cd4bf7414238,planned,not_assessed,0.1.0
1140,Q7TMM9,PDBe_SIFTS,8ixf,P,candidate,MOUSE_SIFTS_CANDIDATE_LOCAL_REVIEW_PENDING,c8266e7011f646dc6d728f58e1957eee7b01dc9736d0f7b65811cd4bf7414238,planned,not_assessed,0.1.0
1141,Q7TMM9,PDBe_SIFTS,8ixf,Q,candidate,MOUSE_SIFTS_CANDIDATE_LOCAL_REVIEW_PENDING,c8266e7011f646dc6d728f58e1957eee7b01dc9736d0f7b65811cd4bf7414238,planned,not_assessed,0.1.0
1142,Q7TMM9,PDBe_SIFTS,8ixf,R,candidate,MOUSE_SIFTS_CANDIDATE_LOCAL_REVIEW_PENDING,c8266e7011f646dc6d728f58e1957eee7b01dc9736d0f7b65811cd4bf7414238,planned,not_assessed,0.1.0
1143,Q7TMM9,PDBe_SIFTS,8ixg,R,candidate,MOUSE_SIFTS_CANDIDATE_LOCAL_REVIEW_PENDING,41fada26c3d23c1b658c4255447fa0f5fd2e3002e9ca20f5ff156d866fcf38d5,planned,not_assessed,0.1.0
1144,Q7TMM9,PDBe_SIFTS,8ixg,W,candidate,MOUSE_SIFTS_CANDIDATE_LOCAL_REVIEW_PENDING,41fada26c3d23c1b658c4255447fa0f5fd2e3002e9ca20f5ff156d866fcf38d5,planned,not_assessed,0.1.0
1145,Q7TMM9,PDBe_SIFTS,8ixg,Z,candidate,MOUSE_SIFTS_CANDIDATE_LOCAL_REVIEW_PENDING,41fada26c3d23c1b658c4255447fa0f5fd2e3002e9ca20f5ff156d866fcf38d5,planned,not_assessed,0.1.0
1146,Q7TMM9,PDBe_SIFTS,8ixg,a,candidate,MOUSE_SIFTS_CANDIDATE_LOCAL_REVIEW_PENDING,41fada26c3d23c1b658c4255447fa0f5fd2e3002e9ca20f5ff156d866fcf38d5,planned,not_assessed,0.1.0
1147,Q7TMM9,PDBe_SIFTS,9w2m,L,candidate,MOUSE_SIFTS_CANDIDATE_LOCAL_REVIEW_PENDING,513bf717942ef33d188d54a9fde7cc06697ebeca7668df87dba403ec5ebb12a6,planned,not_assessed,0.1.0
1148,Q7TMM9,PDBe_SIFTS,9w2m,l,candidate,MOUSE_SIFTS_CANDIDATE_LOCAL_REVIEW_PENDING,513bf717942ef33d188d54a9fde7cc06697ebeca7668df87dba403ec5ebb12a6,planned,not_assessed,0.1.0
1149,Q7TNV1,AlphaFold_DB,AF-Q7TNV1-2-F1,A,held,ALPHAFOLD_ACCESSION_DIFFERS_FROM_CANONICAL,,metadata_held_or_excluded,not_assessed,0.1.0
1150,Q7TNV1,AlphaFold_DB,AF-Q7TNV1-3-F1,A,held,ALPHAFOLD_ACCESSION_DIFFERS_FROM_CANONICAL,,metadata_held_or_excluded,not_assessed,0.1.0
1151,Q7TNV1,AlphaFold_DB,AF-Q7TNV1-F1,A,candidate,EXACT_FULL_SEQUENCE_LOCAL_QUALITY_PENDING,aa3be24e6adc16b5ab5848b27ee5819b06eedb2b12868f06127fb08c81a582e5;a25423ecabc9266cdd05c9a68286a557342e2c0b47a4ffe427d4a198a8341658;830989fa94d1c686500a031c3cf6611c9b932dce10c854f91de18f444c17202f,planned,not_assessed,0.1.0
1152,Q7TPM6,AlphaFold_DB,AF-Q7TPM6-2-F1,A,held,ALPHAFOLD_ACCESSION_DIFFERS_FROM_CANONICAL,,metadata_held_or_excluded,not_assessed,0.1.0
1153,Q7TPM6,AlphaFold_DB,AF-Q7TPM6-F1,A,candidate,EXACT_FULL_SEQUENCE_LOCAL_QUALITY_PENDING,be477a9ad190f4bd3030b9f58d8536928c5374d178dbc7ccca0b2b237519eb00;1868f590bf3f9fdc25c9784057f4353cf5eec80c11c9f3e87008c6d68931ca96;ed5551da6f4e90487e59b7c55d510c377c26b33aab2f3bfc4292ca130c216079,planned,not_assessed,0.1.0
1154,Q7TPQ9,AlphaFold_DB,AF-Q7TPQ9-F1,A,candidate,EXACT_FULL_SEQUENCE_LOCAL_QUALITY_PENDING,e505306c5c243b8e29b6e884a91d3fd41be5d7792e4296d35edc3808040b2e02;04ce9d7e76f5fe5336878eddaabe82f448686f4524b6ea3068c739b375ea3a04;9a253650e2df5abd835af78d1c3bb83238b7b8c5aad3e005304074b48eee7216,planned,not_assessed,0.1.0
1155,Q7TSJ2,AlphaFold_DB,AF-Q7TSJ2-2-F1,A,held,ALPHAFOLD_ACCESSION_DIFFERS_FROM_CANONICAL,,metadata_held_or_excluded,not_assessed,0.1.0
1156,Q7TSJ2,AlphaFold_DB,AF-Q7TSJ2-3-F1,A,held,ALPHAFOLD_ACCESSION_DIFFERS_FROM_CANONICAL,,metadata_held_or_excluded,not_assessed,0.1.0
1157,Q7TSJ2,AlphaFold_DB,AF-Q7TSJ2-F1,A,candidate,EXACT_FULL_SEQUENCE_LOCAL_QUALITY_PENDING,279d44d5238af46f2ae513bc4bbb42e75c0ce805854fa4ade6d132ecb822634b;93da698a1e0088c6d30c7aca79fd8c0421d2760aea526902ada364186de56032;f810305cc46d14a896b117741a7a0542b7f313322ae5f43c2dd79f51c20dfce3,planned,not_assessed,0.1.0
1158,Q7TSK2,AlphaFold_DB,AF-Q7TSK2-2-F1,A,held,ALPHAFOLD_ACCESSION_DIFFERS_FROM_CANONICAL,,metadata_held_or_excluded,not_assessed,0.1.0
1159,Q7TSK2,AlphaFold_DB,AF-Q7TSK2-3-F1,A,held,ALPHAFOLD_ACCESSION_DIFFERS_FROM_CANONICAL,,metadata_held_or_excluded,not_assessed,0.1.0
1160,Q7TSK2,AlphaFold_DB,AF-Q7TSK2-F1,A,candidate,EXACT_FULL_SEQUENCE_LOCAL_QUALITY_PENDING,65f4fbed805bb7bb26c4b55a20ecf3383dad0fabb3d6fe4eaa33e8ccd2e3a0c0;dd64865487815289296c780e13a6f5582a5d1d83af55a68d005191b074759475;1d54b820084cdcb0ab308aa75a7276b25b5b420dab322854a5f99556b0021b47,planned,not_assessed,0.1.0
1161,Q7TSQ1,AlphaFold_DB,AF-Q7TSQ1-2-F1,A,held,ALPHAFOLD_ACCESSION_DIFFERS_FROM_CANONICAL,,metadata_held_or_excluded,not_assessed,0.1.0
1162,Q7TSQ1,AlphaFold_DB,AF-Q7TSQ1-3-F1,A,held,ALPHAFOLD_ACCESSION_DIFFERS_FROM_CANONICAL,,metadata_held_or_excluded,not_assessed,0.1.0
1163,Q7TSQ1,AlphaFold_DB,AF-Q7TSQ1-4-F1,A,held,ALPHAFOLD_ACCESSION_DIFFERS_FROM_CANONICAL,,metadata_held_or_excluded,not_assessed,0.1.0
1164,Q7TSQ1,AlphaFold_DB,AF-Q7TSQ1-5-F1,A,held,ALPHAFOLD_ACCESSION_DIFFERS_FROM_CANONICAL,,metadata_held_or_excluded,not_assessed,0.1.0
1165,Q7TSQ1,AlphaFold_DB,AF-Q7TSQ1-F1,A,candidate,EXACT_FULL_SEQUENCE_LOCAL_QUALITY_PENDING,aa53f7ce78c47c811235e8501741ed848eb229c1dc08808e27febab101418660;3b52ac6f91c2bed3c2bbb2503bef7d59e6789df4b846e121f2d283ee3d7a1466;a8645ea08593b141e3aa09ab9cd7d4a1be911b490a36035d88de928dc30ee944,planned,not_assessed,0.1.0
1166,Q80TS8,AlphaFold_DB,AF-Q80TS8-2-F1,A,held,ALPHAFOLD_ACCESSION_DIFFERS_FROM_CANONICAL,,metadata_held_or_excluded,not_assessed,0.1.0
1167,Q80TS8,AlphaFold_DB,AF-Q80TS8-3-F1,A,held,ALPHAFOLD_ACCESSION_DIFFERS_FROM_CANONICAL,,metadata_held_or_excluded,not_assessed,0.1.0
1168,Q80TS8,AlphaFold_DB,AF-Q80TS8-F1,A,candidate,EXACT_FULL_SEQUENCE_LOCAL_QUALITY_PENDING,bab2ed8026da36f175c79188096be3ae3c711e4d19fb7e3c9a69f55b8230a21c;0e7c1429e0112414a4b1e2d9b93c18fd544d82c4288528632b96fb155c1992c6;8380a298891181da0668769949922a936f72c987fecf90f48d671607aeeb47b5,planned,not_assessed,0.1.0
1169,Q80UP8,AlphaFold_DB,AF-Q80UP8-F1,A,candidate,EXACT_FULL_SEQUENCE_LOCAL_QUALITY_PENDING,45262a7a78ada5f96ae17c8fae4b314e9a54eb8e18d1a1c49bcc835ff3f23088;d07aed157db57cb33f5f69def96df7c3e3ab9441dc735e8581e0d806ab23fc34;2d8caa2e14a5a265a691334fd1054dfe27144c3798dd9196cd22de940a970171,planned,not_assessed,0.1.0
1170,Q80WV3,AlphaFold_DB,AF-Q80WV3-F1,A,candidate,EXACT_FULL_SEQUENCE_LOCAL_QUALITY_PENDING,988495bc8eae224bd5997386070c1ccc3e5f9f4d4cc614864c235c8e0757c35b;8fe105a8939a6bd8ca16a7e97b71b9862306a4104f934a7f61caa784f992fa20;a8c44fe948aefa383899c70f26d8788615f449b5f59c1d9263e59d35dde22cda,planned,not_assessed,0.1.0
1171,Q80X95,AlphaFold_DB,AF-Q80X95-F1,A,candidate,EXACT_FULL_SEQUENCE_LOCAL_QUALITY_PENDING,075c3580e7f0513021cf9d8b8f3c62891565ef8730fd4212ef54a8f9796b48f3;e1afee17916d6cd0a792ac681a6b80cfe5c70da6514f0e82500f87279b71b6ca;e1d5e6a8c91cd4725a94ea4c704323c27055fcf27cbb1d2fdb65a096613af412,planned,not_assessed,0.1.0
1172,Q80XM3,AlphaFold_DB,AF-Q80XM3-F1,A,candidate,EXACT_FULL_SEQUENCE_LOCAL_QUALITY_PENDING,8b75d75f5c92caad525d355053635082a813e941dd5e9316d24d06fd6d563347;9abb6819f02ee45f4161627edc4c7e01c7f91e8c500d5eab352fcebe88ba8ba5;1c86e9dbcd53ec505dfe00df3cd9206f7085c0b1b0348e09ff739d47151e3f1a,planned,not_assessed,0.1.0
1173,Q80XM9,AlphaFold_DB,AF-Q80XM9-2-F1,A,held,ALPHAFOLD_ACCESSION_DIFFERS_FROM_CANONICAL,,metadata_held_or_excluded,not_assessed,0.1.0
1174,Q80XM9,AlphaFold_DB,AF-Q80XM9-3-F1,A,held,ALPHAFOLD_ACCESSION_DIFFERS_FROM_CANONICAL,,metadata_held_or_excluded,not_assessed,0.1.0
1175,Q80XM9,AlphaFold_DB,AF-Q80XM9-4-F1,A,held,ALPHAFOLD_ACCESSION_DIFFERS_FROM_CANONICAL,,metadata_held_or_excluded,not_assessed,0.1.0
1176,Q80XM9,AlphaFold_DB,AF-Q80XM9-F1,A,candidate,EXACT_FULL_SEQUENCE_LOCAL_QUALITY_PENDING,46fb0895f4c4f5c732a9a67bfa6463d6e971e1789ef28c94a0c27040aa73564e;d610e8801e20dd0fa9061bc73e91c795d00e58182fe3895ed3015272d18db85c;91b9c8742de40e8e41d8e120eee5c5917209cb5f66c13ccea98732f8910ec5fa,planned,not_assessed,0.1.0
1177,Q80ZM3,AlphaFold_DB,AF-Q80ZM3-F1,A,candidate,EXACT_FULL_SEQUENCE_LOCAL_QUALITY_PENDING,9faa50d56a0c8629ec4a0104aa99d05b3a1ce1a837dc868b0647e1e511f12082;53a6ddba9b6e48a8f37f7c8ec94e1f513d7b666ca94d5b413ad7ac9799a04bb9;5f16291643f81dc68c526faed211c98208dc2ea3e51696bb3058641fff375404,planned,not_assessed,0.1.0
1178,Q80ZN9,AlphaFold_DB,AF-Q80ZN9-F1,A,candidate,EXACT_FULL_SEQUENCE_LOCAL_QUALITY_PENDING,f83afc9e533149650336636c2a88baae51404787bac10557ff4e4c87e193ab38;02c09ad2276234fc584f8c71e153ddce646823e353d8354ad868e50bbaa96c5a;0b92d7aa8690bc4c6b4b864b251630b1ab1484f6415b5681202f718c4875dc5c,planned,not_assessed,0.1.0
1179,Q810P3,AlphaFold_DB,AF-Q810P3-F1,A,candidate,EXACT_FULL_SEQUENCE_LOCAL_QUALITY_PENDING,dedd9def8e8548e54e4fa8c2de8781cf4cbe90ed0b0a563d4bab7f63301ed352;b7072c7e4858399e726af0603902ec7cc1a4d96ff9cdd80d6a11aaafcdd642f3;6710ae0a3c04e5643234c73b81f270763f23db90898f04de1451ccde3257bc00,planned,not_assessed,0.1.0
1180,Q811W2,AlphaFold_DB,AF-Q811W2-F1,A,candidate,EXACT_FULL_SEQUENCE_LOCAL_QUALITY_PENDING,6d3f983ed43ee0b37c82189fa19847c164e2cfea73920fa6a3797ac9ff2effca;5c88249c08b0165e952aea1b85fbfb25d44e62de89585222c3ab73b1fe26d24e;94bc79b8026785f05b7f97ec6e1049089df3397d1cb1e59df360f4fc766ac891,planned,not_assessed,0.1.0
1181,Q8BFR5,AlphaFold_DB,AF-Q8BFR5-2-F1,A,held,ALPHAFOLD_ACCESSION_DIFFERS_FROM_CANONICAL,,metadata_held_or_excluded,not_assessed,0.1.0
1182,Q8BFR5,AlphaFold_DB,AF-Q8BFR5-F1,A,candidate,EXACT_FULL_SEQUENCE_LOCAL_QUALITY_PENDING,c8550d513dc1172a9eb8c9fb8d842852c585d34c59169c4aa658ed572dd9427a;656db1e485211235e0b71b9ad89f583056d7cdcfeb883eb0057ed6410fe88b4b;eb3852466eedcc80decdd6ca9ce0e39ac5052a09249772dd3ed8c3b6583f0e2c,planned,not_assessed,0.1.0
1183,Q8BFY7,AlphaFold_DB,AF-Q8BFY7-2-F1,A,held,ALPHAFOLD_ACCESSION_DIFFERS_FROM_CANONICAL,,metadata_held_or_excluded,not_assessed,0.1.0
1184,Q8BFY7,AlphaFold_DB,AF-Q8BFY7-F1,A,candidate,EXACT_FULL_SEQUENCE_LOCAL_QUALITY_PENDING,29d3b17f81eb50757de7802cd125881b5eae591cfdc937a52394638e5b0067a4;35d54e0142ea8f3e13119cc3be8b5277547a1727049d354878f5ba7e7ee480cf;f2b508486ec3289e66b6a8f8df6ae5ecb6dbbc84926cf36be9bcc786e2609196,planned,not_assessed,0.1.0
1185,Q8BG26,AlphaFold_DB,AF-Q8BG26-2-F1,A,held,ALPHAFOLD_ACCESSION_DIFFERS_FROM_CANONICAL,,metadata_held_or_excluded,not_assessed,0.1.0
1186,Q8BG26,AlphaFold_DB,AF-Q8BG26-3-F1,A,held,ALPHAFOLD_ACCESSION_DIFFERS_FROM_CANONICAL,,metadata_held_or_excluded,not_assessed,0.1.0
1187,Q8BG26,AlphaFold_DB,AF-Q8BG26-F1,A,candidate,EXACT_FULL_SEQUENCE_LOCAL_QUALITY_PENDING,a766b4ed7bfe16aee9af37a9c54593dde298bbf40ab9884dbd95dc67812a7c28;9c33ddbe45598f13a07239b5427ed35c000f0d452cebd18c6c45a6df768539b4;54c67a15c5d8c5cedcafd4f2be7482ede0f62f463630cdcf376c69fe77cc4fd6,planned,not_assessed,0.1.0
1188,Q8BG60,AlphaFold_DB,AF-0000000010887121,A,held,ALPHAFOLD_MOUSE_TAXONOMY_NOT_CONFIRMED,,metadata_held_or_excluded,not_assessed,0.1.0
1189,Q8BG60,AlphaFold_DB,AF-Q8BG60-2-F1,A,held,ALPHAFOLD_ACCESSION_DIFFERS_FROM_CANONICAL,,metadata_held_or_excluded,not_assessed,0.1.0
1190,Q8BG60,AlphaFold_DB,AF-Q8BG60-F1,A,candidate,EXACT_FULL_SEQUENCE_LOCAL_QUALITY_PENDING,f7067df49fa5b6e317d2cf8a300e22c282d4e9498c3188084e1549c4401570ee;67808bb3ec51fd5500b96f2db5b0753d8500d849bc176b43f5f7b8167472b663;b573cb2b29cd37db09ac6c32cce14be462933bf376aab3edf71dd5ffadb65dc5,planned,not_assessed,0.1.0
1191,Q8BGQ7,AlphaFold_DB,AF-Q8BGQ7-F1,A,candidate,EXACT_FULL_SEQUENCE_LOCAL_QUALITY_PENDING,93d7f4f8bebeb77615d2182d91e07e5f289f3def06ea851194d4948ebc211328;568ebe823d960ebda1dbb9e80d5a8cc09c08d674ac02af4803163e5158fc078f;10d926af78d9f72ec44d8b81ce14c3647947f78a85dca271b616a7e69dee4082,planned,not_assessed,0.1.0
1192,Q8BGT8,AlphaFold_DB,AF-Q8BGT8-2-F1,A,held,ALPHAFOLD_ACCESSION_DIFFERS_FROM_CANONICAL,,metadata_held_or_excluded,not_assessed,0.1.0
1193,Q8BGT8,AlphaFold_DB,AF-Q8BGT8-F1,A,candidate,EXACT_FULL_SEQUENCE_LOCAL_QUALITY_PENDING,7ccd064ef9e0e893ae28a6cf22a2fe2fead21a8179dc3688e7502f099a93397d;22e98afa64100098a75f4645481853d7d2338464b57b74b436aad166b1cac156;ed4a02f10b5e5c05ee54c8d7bacfdcff1c401dd0bffbf3f0d09611563983e517,planned,not_assessed,0.1.0
1194,Q8BH15,AlphaFold_DB,AF-Q8BH15-2-F1,A,held,ALPHAFOLD_ACCESSION_DIFFERS_FROM_CANONICAL,,metadata_held_or_excluded,not_assessed,0.1.0
1195,Q8BH15,AlphaFold_DB,AF-Q8BH15-3-F1,A,held,ALPHAFOLD_ACCESSION_DIFFERS_FROM_CANONICAL,,metadata_held_or_excluded,not_assessed,0.1.0
1196,Q8BH15,AlphaFold_DB,AF-Q8BH15-4-F1,A,held,ALPHAFOLD_ACCESSION_DIFFERS_FROM_CANONICAL,,metadata_held_or_excluded,not_assessed,0.1.0
1197,Q8BH15,AlphaFold_DB,AF-Q8BH15-5-F1,A,held,ALPHAFOLD_ACCESSION_DIFFERS_FROM_CANONICAL,,metadata_held_or_excluded,not_assessed,0.1.0
1198,Q8BH15,AlphaFold_DB,AF-Q8BH15-6-F1,A,held,ALPHAFOLD_ACCESSION_DIFFERS_FROM_CANONICAL,,metadata_held_or_excluded,not_assessed,0.1.0
1199,Q8BH15,AlphaFold_DB,AF-Q8BH15-F1,A,candidate,EXACT_FULL_SEQUENCE_LOCAL_QUALITY_PENDING,a95a766e122ad6373efcafd469d99e6f796ca4bd94f299301d4c10cabe80e114;0b2e616b3f62032fed89c90323ff1990c97fb3d8d3bf7ab7725d4d7ce40a6c0b;5b28d1832c5dfe23814d4a128366f47f902befb8b41a38e058cc8ced58b9d6cd,planned,not_assessed,0.1.0
1200,Q8BH61,AlphaFold_DB,AF-Q8BH61-F1,A,candidate,EXACT_FULL_SEQUENCE_LOCAL_QUALITY_PENDING,93d79cdf5af0d143061b13c0ee2506b0446455da910529ec1bb7b59cdeffdac3;0fb5d57cf393393e045d449ba15d715ed86d9b6e01a8ad111ce83887f38922df;567930547c3d916de1a419db15fbb5587a19e7d1d4235af3760050d0526a2f4d,planned,not_assessed,0.1.0
1201,Q8BHC0,AlphaFold_DB,AF-Q8BHC0-F1,A,candidate,EXACT_FULL_SEQUENCE_LOCAL_QUALITY_PENDING,56fa6bdfdb6c4acb454bbc8b8f980cb4621cb6d16b7ee7be67560671c7516818;9251cc5fb24d0cf38ef09c126c1cc89de1ce54637072177f0721a8012b2d1780;3db85c2fb3941d5e1fcd7a1b37b44e5395b925da1978299e3ceb3e42d7b38da5,planned,not_assessed,0.1.0
1202,Q8BHC0,PDBe_SIFTS,8orx,A,candidate,MOUSE_SIFTS_CANDIDATE_LOCAL_REVIEW_PENDING,89415f91e774f31a8b8434a3a1eea647a9a084985f562d4cc32b0de79f64a8f2,planned,not_assessed,0.1.0
1203,Q8BHC0,PDBe_SIFTS,8ox3,A,candidate,MOUSE_SIFTS_CANDIDATE_LOCAL_REVIEW_PENDING,cbe7dd5695b840c2dba3c78f55aa54e1916c02196fb6d921d1a5a36c84c5cb69,planned,not_assessed,0.1.0
1204,Q8BHI4,AlphaFold_DB,AF-Q8BHI4-F1,A,candidate,EXACT_FULL_SEQUENCE_LOCAL_QUALITY_PENDING,984a0bdff728d7b75ea537a2557fd983c20a7e77f5e53d0b3e7678ecc4de8ac0;4e97d78d24f824d9af74b49156251bdc518cc3c1c7289cbfce6b7a574eb14c28;aef31044fa2d0d0b8ce68c732e4a774f033a1348fef781ec3269994b0524b992,planned,not_assessed,0.1.0
1205,Q8BHK2,AlphaFold_DB,AF-Q8BHK2-F1,A,candidate,EXACT_FULL_SEQUENCE_LOCAL_QUALITY_PENDING,300972f52f4e8bd984771a2ed030a388640c81fcf6d892f07fe30fced41264a5;c0ac328142179fe88f1a2c84201f03574579b1c06e555f83e1045b2aa0a8560c;49ee394eee3c2712e8d5d19a4b18754e9aa23fecb157acccba0c0932f3c2a829,planned,not_assessed,0.1.0
1206,Q8BIP0,AlphaFold_DB,AF-Q8BIP0-F1,A,candidate,EXACT_FULL_SEQUENCE_LOCAL_QUALITY_PENDING,7d5283c4a29276f0a8e477b9047071d5a2b035ba8689a14f533c3331425227f3;78fcd000f7849fab13a362211adea1f6be7b84ed98ac81c475eb934d9067e92c;f1e4cbe44530bac40bebb1a1effa6ed213c3108556c4e944cc934409edab9158,planned,not_assessed,0.1.0
1207,Q8BIZ0,AlphaFold_DB,AF-Q8BIZ0-F1,A,candidate,EXACT_FULL_SEQUENCE_LOCAL_QUALITY_PENDING,1e828c16f11ff9d47147f8fca21d4d5c1be8c95936ec81f98e707531378ba814;bf4de3034cb8826ab721fb7f7e0e35d16250fc9e2d1f0df7897388f608f22b25;d4770153a664ecba600933f3eba7f5432c90a3527b67ad323c26c58c94470def,planned,not_assessed,0.1.0
1208,Q8BJ71,AlphaFold_DB,AF-Q8BJ71-2-F1,A,held,ALPHAFOLD_ACCESSION_DIFFERS_FROM_CANONICAL,,metadata_held_or_excluded,not_assessed,0.1.0
1209,Q8BJ71,AlphaFold_DB,AF-Q8BJ71-F1,A,candidate,EXACT_FULL_SEQUENCE_LOCAL_QUALITY_PENDING,6c518c7f86cb71e24289bac554a8a4432dd9e82e41b3d93558e2e9d063a4b87b;f283c2b5eab60e3b04d67f13260d240a6fe6d958082dbda6ed938455eeb94608;12db6cf9ee3cda476eb7b74aab2eec98c0f83d52a5c1ec655ec508d8f60b969c,planned,not_assessed,0.1.0
1210,Q8BJK1,AlphaFold_DB,AF-Q8BJK1-F1,A,candidate,EXACT_FULL_SEQUENCE_LOCAL_QUALITY_PENDING,76c563e4e06cacb36985e7ce9a3cb48d2f7540dfcc408e11639893e033cac5af;a94c98eff82b1398d676dd0298b82b2ed1dec5e98e728ffb28036224a4cbe84c;fdf927246f0181c3f55388794d78f1b6333763fb128e7b3421b0873a82205571,planned,not_assessed,0.1.0
1211,Q8BJK1,PDBe_SIFTS,8i79,A,candidate,MOUSE_SIFTS_CANDIDATE_LOCAL_REVIEW_PENDING,c9e2c4061e78e110ca2bc7bdc54a6716043ee386cbd9fb8441025b03cc52687d,planned,not_assessed,0.1.0
1212,Q8BJK1,PDBe_SIFTS,8i79,D,candidate,MOUSE_SIFTS_CANDIDATE_LOCAL_REVIEW_PENDING,c9e2c4061e78e110ca2bc7bdc54a6716043ee386cbd9fb8441025b03cc52687d,planned,not_assessed,0.1.0
1213,Q8BJK1,PDBe_SIFTS,8i79,F,candidate,MOUSE_SIFTS_CANDIDATE_LOCAL_REVIEW_PENDING,c9e2c4061e78e110ca2bc7bdc54a6716043ee386cbd9fb8441025b03cc52687d,planned,not_assessed,0.1.0
1214,Q8BJK1,PDBe_SIFTS,8i79,G,candidate,MOUSE_SIFTS_CANDIDATE_LOCAL_REVIEW_PENDING,c9e2c4061e78e110ca2bc7bdc54a6716043ee386cbd9fb8441025b03cc52687d,planned,not_assessed,0.1.0
1215,Q8BJK1,PDBe_SIFTS,8i79,I,candidate,MOUSE_SIFTS_CANDIDATE_LOCAL_REVIEW_PENDING,c9e2c4061e78e110ca2bc7bdc54a6716043ee386cbd9fb8441025b03cc52687d,planned,not_assessed,0.1.0
1216,Q8BJS4,AlphaFold_DB,AF-Q8BJS4-2-F1,A,held,ALPHAFOLD_ACCESSION_DIFFERS_FROM_CANONICAL,,metadata_held_or_excluded,not_assessed,0.1.0
1217,Q8BJS4,AlphaFold_DB,AF-Q8BJS4-3-F1,A,held,ALPHAFOLD_ACCESSION_DIFFERS_FROM_CANONICAL,,metadata_held_or_excluded,not_assessed,0.1.0
1218,Q8BJS4,AlphaFold_DB,AF-Q8BJS4-F1,A,candidate,EXACT_FULL_SEQUENCE_LOCAL_QUALITY_PENDING,5aafef037e5221291a899e98c4d3aded4d2a760a76e67317d088ce0b7ebe1af8;411cf901862bee8aaf2a88de9b1beed91124ed3dc73d5c9116b979876486c9f6;7a49b4153928db30a1ff2913cffd22fe3be56d9b282b449a517225fd7a1056fc,planned,not_assessed,0.1.0
1219,Q8BJS4,PDBe_SIFTS,5ed8,A,candidate,MOUSE_SIFTS_CANDIDATE_LOCAL_REVIEW_PENDING,003985f98d9a1275ce1462672565dabb72f44f225e62d0b6f2f33085ee1d0e58,planned,not_assessed,0.1.0
1220,Q8BJS4,PDBe_SIFTS,5ed9,A,candidate,MOUSE_SIFTS_CANDIDATE_LOCAL_REVIEW_PENDING,f41cc367855a381f595ad0bfdabd8fe3ec5e9f033efdbcb161663ca9753feedf,planned,not_assessed,0.1.0
1221,Q8BJS4,PDBe_SIFTS,5ed9,B,candidate,MOUSE_SIFTS_CANDIDATE_LOCAL_REVIEW_PENDING,f41cc367855a381f595ad0bfdabd8fe3ec5e9f033efdbcb161663ca9753feedf,planned,not_assessed,0.1.0
1222,Q8BJS4,PDBe_SIFTS,5ed9,C,candidate,MOUSE_SIFTS_CANDIDATE_LOCAL_REVIEW_PENDING,f41cc367855a381f595ad0bfdabd8fe3ec5e9f033efdbcb161663ca9753feedf,planned,not_assessed,0.1.0
1223,Q8BK06,AlphaFold_DB,AF-Q8BK06-2-F1,A,held,ALPHAFOLD_ACCESSION_DIFFERS_FROM_CANONICAL,,metadata_held_or_excluded,not_assessed,0.1.0
1224,Q8BK06,AlphaFold_DB,AF-Q8BK06-3-F1,A,held,ALPHAFOLD_ACCESSION_DIFFERS_FROM_CANONICAL,,metadata_held_or_excluded,not_assessed,0.1.0
1225,Q8BK06,AlphaFold_DB,AF-Q8BK06-F1,A,candidate,EXACT_FULL_SEQUENCE_LOCAL_QUALITY_PENDING,422dc1597c3ce70e5c1e493d72fead4f67bcdfc0f9dcffd1bd6dab563cec0d86;ef1a1eabfced052135b74a1099077401a5ce94e6b757b9f4c5027bf9b161bc1f;f6c5c798a55070cd7404532ece140d45fcd27541621e5c3bba04321c68bf2b96,planned,not_assessed,0.1.0
1226,Q8BK48,AlphaFold_DB,AF-Q8BK48-F1,A,candidate,EXACT_FULL_SEQUENCE_LOCAL_QUALITY_PENDING,24d4d298cc165102eff4ff722acc908e9e7c819060613792ddad5bf076c55592;92cdc3a5422fadbd0ad84e048e830f7db46138c001650482d97aba022e655920;a584221d186f5a80acd1783e970871f7fb5e4bb4917c766cf2c64e0ae8358dd1,planned,not_assessed,0.1.0
1227,Q8BK64,AlphaFold_DB,AF-Q8BK64-F1,A,candidate,EXACT_FULL_SEQUENCE_LOCAL_QUALITY_PENDING,3955a45886a474508f085202170b95d70c1822515d9df484640437e7aa12863b;7a0d64e491ba08860913e354bb4956548e03152dae0d9b96b5839f36cb9aae83;91631fc86b96aed8fb16058bceb6a7d691a013602eccf542d21bf05e9e53dd2b,planned,not_assessed,0.1.0
1228,Q8BKT6,AlphaFold_DB,AF-Q8BKT6-2-F1,A,held,ALPHAFOLD_ACCESSION_DIFFERS_FROM_CANONICAL,,metadata_held_or_excluded,not_assessed,0.1.0
1229,Q8BKT6,AlphaFold_DB,AF-Q8BKT6-F1,A,candidate,EXACT_FULL_SEQUENCE_LOCAL_QUALITY_PENDING,b4df3f5748cd7fd7a00fd607a2cc4fb30fd389cbdca352a8d15841369219ca7e;2e290ea6231ba45b7870282c17c04c9f68a3609144564e0093d5b6f76b4df8b5;3e54940c8c3b18a72bb5c26d329faae4a2f291eeb461bcb561c7ce49062f3dbd,planned,not_assessed,0.1.0
1230,Q8BKX1,AlphaFold_DB,AF-Q8BKX1-2-F1,A,held,ALPHAFOLD_ACCESSION_DIFFERS_FROM_CANONICAL,,metadata_held_or_excluded,not_assessed,0.1.0
1231,Q8BKX1,AlphaFold_DB,AF-Q8BKX1-3-F1,A,held,ALPHAFOLD_ACCESSION_DIFFERS_FROM_CANONICAL,,metadata_held_or_excluded,not_assessed,0.1.0
1232,Q8BKX1,AlphaFold_DB,AF-Q8BKX1-4-F1,A,held,ALPHAFOLD_ACCESSION_DIFFERS_FROM_CANONICAL,,metadata_held_or_excluded,not_assessed,0.1.0
1233,Q8BKX1,AlphaFold_DB,AF-Q8BKX1-F1,A,candidate,EXACT_FULL_SEQUENCE_LOCAL_QUALITY_PENDING,98366cdbd60840e684f17aef3207f1d6d623f64ca9735bdfa51960878069c376;1613b10b974212ebc8d6cd012f978c5cff2aa14318beffbea941ada2513b9caf;27e28e998c288c49f58a789c9cff841db05fb17ad98f0f94510cfa4abae429d9,planned,not_assessed,0.1.0
1234,Q8BL06,AlphaFold_DB,AF-Q8BL06-2-F1,A,held,ALPHAFOLD_ACCESSION_DIFFERS_FROM_CANONICAL,,metadata_held_or_excluded,not_assessed,0.1.0
1235,Q8BL06,AlphaFold_DB,AF-Q8BL06-3-F1,A,held,ALPHAFOLD_ACCESSION_DIFFERS_FROM_CANONICAL,,metadata_held_or_excluded,not_assessed,0.1.0
1236,Q8BL06,AlphaFold_DB,AF-Q8BL06-F1,A,candidate,EXACT_FULL_SEQUENCE_LOCAL_QUALITY_PENDING,aaac6eda0e665ddc8ec592e125c0bb4744ffbb5c85d68ecf531fbbb5c01b9389;1bb7eb352e85fe52d470b24d323657e4ad62fa08660b292c20dfa0a6bb1acfdd;a65099e41ce722ec45af7caabed3bda74da3693e6763444cc6c489fbcd432f61,planned,not_assessed,0.1.0
1237,Q8BL48,AlphaFold_DB,AF-Q8BL48-2-F1,A,held,ALPHAFOLD_ACCESSION_DIFFERS_FROM_CANONICAL,,metadata_held_or_excluded,not_assessed,0.1.0
1238,Q8BL48,AlphaFold_DB,AF-Q8BL48-F1,A,candidate,EXACT_FULL_SEQUENCE_LOCAL_QUALITY_PENDING,fd5aa8ce7f57cb2158b5286cf132f2054e8f161948184f62c7310fdcc4e988a2;58ddcd21ac32c15e29be9003d97b78bea7ba9f184b8d71e67773193771311fc3;aef82541538b9186f569337329741b5fba14f1f189d0f350a5ad4d2ce57b3e41,planned,not_assessed,0.1.0
1239,Q8BL48,PDBe_SIFTS,5elh,A,candidate,MOUSE_SIFTS_CANDIDATE_LOCAL_REVIEW_PENDING,972dec91834aaa6985617d96839ec79004ffc4ad45a6400df076a361bc709c92,planned,not_assessed,0.1.0
1240,Q8BL48,PDBe_SIFTS,5elh,B,candidate,MOUSE_SIFTS_CANDIDATE_LOCAL_REVIEW_PENDING,972dec91834aaa6985617d96839ec79004ffc4ad45a6400df076a361bc709c92,planned,not_assessed,0.1.0
1241,Q8BL48,PDBe_SIFTS,5elk,A,candidate,MOUSE_SIFTS_CANDIDATE_LOCAL_REVIEW_PENDING,8bded36d8bd8bf1633ba958275fb0fa8ff2c45125cda11d28d16cffbb73254ed,planned,not_assessed,0.1.0
1242,Q8BLC3,AlphaFold_DB,AF-Q8BLC3-F1,A,candidate,EXACT_FULL_SEQUENCE_LOCAL_QUALITY_PENDING,e7659777fe21d7065a21bcb8fdebe9ccc73a23374b1d0004d8000d4b3202707b;2f46e67cf5a58b748bb28b5a06d3e22c4560cc36807ac0e91822764f2e869322;bd6e15cd3351faed857d0e770761736c62e48c14b3f2d993b139ee9b65c4e6b4,planned,not_assessed,0.1.0
1243,Q8BLF2,AlphaFold_DB,AF-Q8BLF2-2-F1,A,held,ALPHAFOLD_ACCESSION_DIFFERS_FROM_CANONICAL,,metadata_held_or_excluded,not_assessed,0.1.0
1244,Q8BLF2,AlphaFold_DB,AF-Q8BLF2-4-F1,A,held,ALPHAFOLD_ACCESSION_DIFFERS_FROM_CANONICAL,,metadata_held_or_excluded,not_assessed,0.1.0
1245,Q8BLF2,AlphaFold_DB,AF-Q8BLF2-5-F1,A,held,ALPHAFOLD_ACCESSION_DIFFERS_FROM_CANONICAL,,metadata_held_or_excluded,not_assessed,0.1.0
1246,Q8BLF2,AlphaFold_DB,AF-Q8BLF2-6-F1,A,held,ALPHAFOLD_ACCESSION_DIFFERS_FROM_CANONICAL,,metadata_held_or_excluded,not_assessed,0.1.0
1247,Q8BLF2,AlphaFold_DB,AF-Q8BLF2-7-F1,A,held,ALPHAFOLD_ACCESSION_DIFFERS_FROM_CANONICAL,,metadata_held_or_excluded,not_assessed,0.1.0
1248,Q8BLF2,AlphaFold_DB,AF-Q8BLF2-8-F1,A,held,ALPHAFOLD_ACCESSION_DIFFERS_FROM_CANONICAL,,metadata_held_or_excluded,not_assessed,0.1.0
1249,Q8BLF2,AlphaFold_DB,AF-Q8BLF2-F1,A,candidate,EXACT_FULL_SEQUENCE_LOCAL_QUALITY_PENDING,e75ef0b51fd46934f469576318d574060475f8c6b442b41be4c4c6063a25579d;5b8c44ff33bd7ca03aef53fd13122150303739d511b03d2986837bf5c0de0b27;ffbd278a55e8119395d0db2752bdc2b2945ecb1f556d10de01af4c899225e126,planned,not_assessed,0.1.0
1250,Q8BM75,AlphaFold_DB,AF-Q8BM75-2-F1,A,held,ALPHAFOLD_ACCESSION_DIFFERS_FROM_CANONICAL,,metadata_held_or_excluded,not_assessed,0.1.0
1251,Q8BM75,AlphaFold_DB,AF-Q8BM75-3-F1,A,held,ALPHAFOLD_ACCESSION_DIFFERS_FROM_CANONICAL,,metadata_held_or_excluded,not_assessed,0.1.0
1252,Q8BM75,AlphaFold_DB,AF-Q8BM75-F1,A,candidate,EXACT_FULL_SEQUENCE_LOCAL_QUALITY_PENDING,e8b2f6170a7df0830d200c36f06b4e9a2f1c52842aac025100e0c6b4d43881a8;dd053022b059e7c9345ea6ae6fd6d0e7755c979c89d58ce6ca48ec13d3630b74;fd8a7df5c02e3a4af710f66def4d13a53340ae833c73e7dadfe1f5243ce425e4,planned,not_assessed,0.1.0
1253,Q8BMB3,AlphaFold_DB,AF-Q8BMB3-F1,A,candidate,EXACT_FULL_SEQUENCE_LOCAL_QUALITY_PENDING,4122a1671e8a31ab6b148a65b7fdab29488320a0f521df3e5d51202d7cc046e8;b797a057677cb612457c5bbb3a821f80c53ef09451afa3d5cf5504324a874b8c;fc1eeea8528bc8de85e6edd665cff67218a466ed9a3e600e704969614c9d8d46,planned,not_assessed,0.1.0
1254,Q8BQN5,AlphaFold_DB,AF-Q8BQN5-F1,A,candidate,EXACT_FULL_SEQUENCE_LOCAL_QUALITY_PENDING,02826e64861672fe7fb0872b62a7626833ebe3af7d0bb39172f6df6fabe32552;121240cf236b8a28ef3c1a8898736b2efe44d6174167337955129f7c2d2ac694;8876a00ad51a36e42aff70d239a0813dc8705791b299ffecdbc3b093c8f320cc,planned,not_assessed,0.1.0
1255,Q8BRH3,AlphaFold_DB,AF-Q8BRH3-2-F1,A,held,ALPHAFOLD_ACCESSION_DIFFERS_FROM_CANONICAL,,metadata_held_or_excluded,not_assessed,0.1.0
1256,Q8BRH3,AlphaFold_DB,AF-Q8BRH3-F1,A,candidate,EXACT_FULL_SEQUENCE_LOCAL_QUALITY_PENDING,46c4d6a3759f7abf7059ee1a40ea2d2806f2dd1931de0f2844c7eca4b27fd61f;9c8cc52bcbba18dddf4d269fcc68c36771c49d636ddaa0a4eea59f887672789e;215abc64123e9161a0ad26f64954de6e31739b576975928363375d55c3bb8864,planned,not_assessed,0.1.0
1257,Q8BS95,AlphaFold_DB,AF-Q8BS95-F1,A,candidate,EXACT_FULL_SEQUENCE_LOCAL_QUALITY_PENDING,68afe52e9e469eb8e22a324b2adcb06bc1fd1ff93115f1b96ed1486af87a93c2;a14dd0c123993a00a9e79ead2fdaf94c5358060853cdfb3103b75c07ceb4f089;5a243117fc631a695bd9be95ef278401b8e91ffb5a9864c9f52e457a9f0cebe0,planned,not_assessed,0.1.0
1258,Q8BSM7,AlphaFold_DB,AF-Q8BSM7-F1,A,candidate,EXACT_FULL_SEQUENCE_LOCAL_QUALITY_PENDING,1e0bb550a895787c74e92a86f8566afbb212790f16dddf426d9b55f08ec63254;22636a3c0fa480c9848349a8803ba2c25196c64c669c6644b6832eff85102c61;aee21a354baa19f620f6c30ef34e065ee72c6ecb0f3943d2b69c468a9a99f454,planned,not_assessed,0.1.0
1259,Q8BT51,AlphaFold_DB,AF-Q8BT51-F1,A,candidate,EXACT_FULL_SEQUENCE_LOCAL_QUALITY_PENDING,a91047196c735b66445a1397e24badbc13a793cc452c0d56adb4516f74e96b16;9695d846486840b30ab6a36f6e0a67d8dff6c9fc36e531661b8bbad05ab8a0d3;e14e6f2e6814a1b999989d605858a4dd516041c203c1693bec0f6b672cfa6197,planned,not_assessed,0.1.0
1260,Q8BTM8,AlphaFold_DB,AF-Q8BTM8-2-F1,A,held,ALPHAFOLD_ACCESSION_DIFFERS_FROM_CANONICAL,,metadata_held_or_excluded,not_assessed,0.1.0
1261,Q8BTM8,AlphaFold_DB,AF-Q8BTM8-F1,A,candidate,EXACT_FULL_SEQUENCE_LOCAL_QUALITY_PENDING,502307e533861cd56df041ff1dcabf50f76a6a5cac37a3fd50dccff386983f72;7233765e90f8a23a0612488a561e3114fdfd4b900fb043006f588b9ca884790d;3d7bad5f59a2734d099aadb93573abb7be8c1fc68ce696fffa6d05cfebcee35d,planned,not_assessed,0.1.0
1262,Q8BTZ7,AlphaFold_DB,AF-Q8BTZ7-F1,A,candidate,EXACT_FULL_SEQUENCE_LOCAL_QUALITY_PENDING,17cda1cfbb3a3808f50191ad1838957f2b38bb5e43b09f982669c662bc5547bf;403b67e74914dcc434ef4db99ad05875ebda64187d1545374cd71c0b3ff2ac8e;a56c196f2b5bbb7e9c949654aa9d51762e3f73ba92965fc3a7b2a7b0bf2f539d,planned,not_assessed,0.1.0
1263,Q8BU25,AlphaFold_DB,AF-Q8BU25-F1,A,candidate,EXACT_FULL_SEQUENCE_LOCAL_QUALITY_PENDING,c68f8d5989b075920f390ce5dfb0fdec9f2232e687cd865cdff1fde993f8dd7f;3dc66f99531082f1bc10705f78ce61fc995326207f3c3f67e3c2ee95455ba94a;8ad7f1e7fb0cb74cb7a6bed851ff83169f001c5f79d58f6f23dea29a8acd965f,planned,not_assessed,0.1.0
1264,Q8BVZ5,AlphaFold_DB,AF-Q8BVZ5-F1,A,candidate,EXACT_FULL_SEQUENCE_LOCAL_QUALITY_PENDING,76fe9afcc52c61c085796ea3f0b13f4b3c236eb363b9236ea22e1b0fdff35a74;22206e932915afaf1ef7ebd92c7f0da57c91f322ad1652ed99a9de6baff91dbd;6dfef45a6b5ade61753a8a82929d6c560b92f6ae14343b95dd5dc4ede7878999,planned,not_assessed,0.1.0
1265,Q8BVZ5,PDBe_SIFTS,5vi4,A,candidate,MOUSE_SIFTS_CANDIDATE_LOCAL_REVIEW_PENDING,73d30e59bf7343d6f7d98cad4cb9a109b27912fc8c3af87f068e006669674476,planned,not_assessed,0.1.0
1266,Q8BVZ5,PDBe_SIFTS,5vi4,D,candidate,MOUSE_SIFTS_CANDIDATE_LOCAL_REVIEW_PENDING,73d30e59bf7343d6f7d98cad4cb9a109b27912fc8c3af87f068e006669674476,planned,not_assessed,0.1.0
1267,Q8BVZ5,PDBe_SIFTS,8q5r,A,candidate,MOUSE_SIFTS_CANDIDATE_LOCAL_REVIEW_PENDING,85222400bd950f8dfb33afa84e9ffd789c91b09d9901039c8f9111ab1fa68f1e,planned,not_assessed,0.1.0
1268,Q8BWG8,AlphaFold_DB,AF-Q8BWG8-2-F1,A,held,ALPHAFOLD_ACCESSION_DIFFERS_FROM_CANONICAL,,metadata_held_or_excluded,not_assessed,0.1.0
1269,Q8BWG8,AlphaFold_DB,AF-Q8BWG8-F1,A,candidate,EXACT_FULL_SEQUENCE_LOCAL_QUALITY_PENDING,95e3f294939d4b98e318af8a73799e65e8a8cb5bd59d73031434b079c46417e5;dea985c5a5e7c4ac4a3750eb8223c8f5ce5d34dc8b819dfd8dd20c58c7de523b;17bc01abee8be7a9a27c6d0822370a2c3a50cce05e0993dc4997f26b7e4cc385,planned,not_assessed,0.1.0
1270,Q8BWU8,AlphaFold_DB,AF-Q8BWU8-F1,A,candidate,EXACT_FULL_SEQUENCE_LOCAL_QUALITY_PENDING,802db84d2d0ceae0fba36dbb5e2013998f3249e004321e87dfa81fe5b7b63481;ca9622a22d8f62c16acd01f740bc7b64973ad1572fac2fbda46e6345efe3fb8b;6a28f9483a6860dee7014faa5bb899222b0f903b0beed7dc21f72ee3047b06da,planned,not_assessed,0.1.0
1271,Q8BWY2,AlphaFold_DB,AF-Q8BWY2-F1,A,candidate,EXACT_FULL_SEQUENCE_LOCAL_QUALITY_PENDING,7e31ab1a9c7f873753d89662afee1cdf27b5648407b6a24e485b6ad5d54227f5;4014fd7955e3a70561451ca048a63e4279757694049d93ba6b46e6522f007179;dda708bc2e7b044ea8fd67f05acdc9d45f9c001a8dfb6035c8a066e4c558c941,planned,not_assessed,0.1.0
1272,Q8BX05,AlphaFold_DB,AF-Q8BX05-2-F1,A,held,ALPHAFOLD_ACCESSION_DIFFERS_FROM_CANONICAL,,metadata_held_or_excluded,not_assessed,0.1.0
1273,Q8BX05,AlphaFold_DB,AF-Q8BX05-3-F1,A,held,ALPHAFOLD_ACCESSION_DIFFERS_FROM_CANONICAL,,metadata_held_or_excluded,not_assessed,0.1.0
1274,Q8BX05,AlphaFold_DB,AF-Q8BX05-F1,A,candidate,EXACT_FULL_SEQUENCE_LOCAL_QUALITY_PENDING,2f7619c705201cadb3c040246d8a5ebf2cf3137e2101d79dda3df2b83bbdea92;562118e1b18676b8274a59c668eb8775d67dfc0119c76a200f05023ed11d14ee;feb455153314fd18c84171f53649ce4aff3a57941dcba59252c3745d74407ff1,planned,not_assessed,0.1.0
1275,Q8BX32,AlphaFold_DB,AF-Q8BX32-2-F1,A,held,ALPHAFOLD_ACCESSION_DIFFERS_FROM_CANONICAL,,metadata_held_or_excluded,not_assessed,0.1.0
1276,Q8BX32,AlphaFold_DB,AF-Q8BX32-F1,A,candidate,EXACT_FULL_SEQUENCE_LOCAL_QUALITY_PENDING,c3bde2a07b04cf351a33ce35d8632945ee52731000c2683cfc3036efa2a0494d;433777e78f9f34e0a4a345b8f31439e9df9b8413f164dc5fd0b855b8b3a902c4;453801aa8096888c4585c58778fc63697c5a9766857d6412d07dd5b03cc38fc6,planned,not_assessed,0.1.0
1277,Q8BX35,AlphaFold_DB,AF-Q8BX35-F1,A,candidate,EXACT_FULL_SEQUENCE_LOCAL_QUALITY_PENDING,45729f350a70b69c08092af8ca3202f9c4d7cc0fb584d09408cda9d25a5a97a8;52b54360572ef5c7bb4f8bedcbe59af76cad9f1843fb3a9c831fdefc93122bf9;59ed484cf2b04dd67bddb7c931fb5c61ae2777c59ae048f20e1ec62a5697df4d,planned,not_assessed,0.1.0
1278,Q8BYI9,AlphaFold_DB,AF-Q8BYI9-2-F1,A,held,ALPHAFOLD_ACCESSION_DIFFERS_FROM_CANONICAL,,metadata_held_or_excluded,not_assessed,0.1.0
1279,Q8BYI9,AlphaFold_DB,AF-Q8BYI9-F1,A,candidate,EXACT_FULL_SEQUENCE_LOCAL_QUALITY_PENDING,1f120c59ba76e400680468e8036e2631705e3d263f98c2cdbb6e799dca275ecf;79343ae5e3d6e1300a599cdf21658a1f5a3ad47152bf1fb37d622f2c419abb57;c058f71bfd1fd1d2798e45c8f75411b2a9af12f5fb27edc264ae97ce8df3fee5,planned,not_assessed,0.1.0
1280,Q8BZJ7,AlphaFold_DB,AF-Q8BZJ7-2-F1,A,held,ALPHAFOLD_ACCESSION_DIFFERS_FROM_CANONICAL,,metadata_held_or_excluded,not_assessed,0.1.0
1281,Q8BZJ7,AlphaFold_DB,AF-Q8BZJ7-4-F1,A,held,ALPHAFOLD_ACCESSION_DIFFERS_FROM_CANONICAL,,metadata_held_or_excluded,not_assessed,0.1.0
1282,Q8BZJ7,AlphaFold_DB,AF-Q8BZJ7-F1,A,candidate,EXACT_FULL_SEQUENCE_LOCAL_QUALITY_PENDING,d95f52550c93b689625773370cb67252d7be0fc014314c9be1fbb7fd996a16c0;e1993bea3a370b6bb7f7ace5367c6a8497a9324226a9de153395c33a905f0fa2;79e54a87eae2081a3757eaaf4e7cedb0763bad0334c95d08b660c262ce44c5bf,planned,not_assessed,0.1.0
1283,Q8BZT7,AlphaFold_DB,AF-Q8BZT7-F1,A,candidate,EXACT_FULL_SEQUENCE_LOCAL_QUALITY_PENDING,ee8c6bafe5e3a1018fcf6cbd68d29252eedd73d6015796bcce69d8c6a990946c;e30dd3360bb58602e33b461fc5377421c0e72e5c3939779116327ad4646acdd2;c6225cf7cca74df04550b6c9236149bda574902253dc8a381e293678f61732a4,planned,not_assessed,0.1.0
1284,Q8C033,AlphaFold_DB,AF-Q8C033-2-F1,A,held,ALPHAFOLD_ACCESSION_DIFFERS_FROM_CANONICAL,,metadata_held_or_excluded,not_assessed,0.1.0
1285,Q8C033,AlphaFold_DB,AF-Q8C033-F1,A,candidate,EXACT_FULL_SEQUENCE_LOCAL_QUALITY_PENDING,1412dcd93795873cafbdd1b843b7e534d33677f34f5076d2f9e7bf58ae956d48;5b40ae754e2d3c0df99d74d7a7158a415fa1a82fed2e4657976a856f6f9f8844;5a1a12615547fe6b5705ba6482e0c3ac95249cad7b56ef0b713602ce626b0f60,planned,not_assessed,0.1.0
1286,Q8C080,AlphaFold_DB,AF-Q8C080-F1,A,candidate,EXACT_FULL_SEQUENCE_LOCAL_QUALITY_PENDING,9540de6f16038d3032676272164c7ba62234bfa94e6004c7de5cab8d8f14470c;b639307871811419154f1377a7176bc2449a2e372e14849a44d4c66ed0bba146;e9b782a37f6f8dae8acfc78cc1df06256c14f1620bcfe117d442025762613532,planned,not_assessed,0.1.0
1287,Q8C0Q2,AlphaFold_DB,AF-Q8C0Q2-F1,A,candidate,EXACT_FULL_SEQUENCE_LOCAL_QUALITY_PENDING,9d9c134952cbc77c4b25ea5678caf6355cffd8f6b39bdf69dc125e35e6bddfcb;e50df15107565fd9c6d563dba5f277dd5fc584db74bda73459512c64d7e5ba9a;fa60744e14b2527aea74e4783b42382d8903aba2cdca9ea3719b33ba253ddb27,planned,not_assessed,0.1.0
1288,Q8C156,AlphaFold_DB,AF-Q8C156-F1,A,candidate,EXACT_FULL_SEQUENCE_LOCAL_QUALITY_PENDING,869e1f961482a5750a5fbfda2503a0c24fecd085b3c0147c609e873810e3e39d;9fb18fb7c7a874d6779e8bb6ad3e01c6b56d5fd1c273535e644d5723c2c21ed5;ebcd60b79399a0def055a80ad04ab4669a46cfd893742a431190a059ad1b8369,planned,not_assessed,0.1.0
1289,Q8C255,AlphaFold_DB,AF-Q8C255-2-F1,A,held,ALPHAFOLD_ACCESSION_DIFFERS_FROM_CANONICAL,,metadata_held_or_excluded,not_assessed,0.1.0
1290,Q8C255,AlphaFold_DB,AF-Q8C255-3-F1,A,held,ALPHAFOLD_ACCESSION_DIFFERS_FROM_CANONICAL,,metadata_held_or_excluded,not_assessed,0.1.0
1291,Q8C255,AlphaFold_DB,AF-Q8C255-F1,A,candidate,EXACT_FULL_SEQUENCE_LOCAL_QUALITY_PENDING,fce1437c1f3ea0781037fc8642b960a25123d6089e8040f7c72d87d93b61cf1c;bf36e3a5de46517599cd265e980955a8b599f787b7a5ea192eed93e225207f55;bf30f2b411f3d7a3943fb4617d55b1e877d2d38741cf34368917e746ca1c0bea,planned,not_assessed,0.1.0
1292,Q8C267,AlphaFold_DB,AF-Q8C267-2-F1,A,held,ALPHAFOLD_ACCESSION_DIFFERS_FROM_CANONICAL,,metadata_held_or_excluded,not_assessed,0.1.0
1293,Q8C267,AlphaFold_DB,AF-Q8C267-F1,A,candidate,EXACT_FULL_SEQUENCE_LOCAL_QUALITY_PENDING,b019fcae35d751872ad1ecd871c72c6da1fec6d495a97b1968331bbed00230c3;6bb9f29379ca65f1d2b73e706212d8e2150e45d63465888eb7c278e567612d8d;e901a01ee9bc7e5498b22ec819a103df8e1be1f53de4734225b9fb0ed6e9324c,planned,not_assessed,0.1.0
1294,Q8C351,AlphaFold_DB,AF-Q8C351-2-F1,A,held,ALPHAFOLD_ACCESSION_DIFFERS_FROM_CANONICAL,,metadata_held_or_excluded,not_assessed,0.1.0
1295,Q8C351,AlphaFold_DB,AF-Q8C351-F1,A,candidate,EXACT_FULL_SEQUENCE_LOCAL_QUALITY_PENDING,3844776f58194cc0b8af9964dc79ea1a747b2e17f0ee1ce58e63a690ef04c200;69156f165e31b9875c5580508b5f86f79d12859c9317169e889431c7b293090f;f2df8722c92e149e3fbafadf253710c0f34cb99e8a64ba00d55900fc26cceaf3,planned,not_assessed,0.1.0
1296,Q8C351,PDBe_SIFTS,2k00,B,candidate,MOUSE_SIFTS_CANDIDATE_LOCAL_REVIEW_PENDING,f2c92660a503346872a6f5b3b934a33575b8ecfd586384945bea91441059c8fe,planned,not_assessed,0.1.0
1297,Q8C398,AlphaFold_DB,AF-Q8C398-F1,A,candidate,EXACT_FULL_SEQUENCE_LOCAL_QUALITY_PENDING,f2ebe36e4d802d7f7b39560702630376a6c4055e8c796c2d7c4e252b200ea2d3;47c8a2aebb754d5a3dbfeb751b0941e1523d3ca0a9fb0a6452aac9b89ec521ac;7d8fca5585e094549fb485cad7afb956bd695cf3f539769fdb8115508da21519,planned,not_assessed,0.1.0
1298,Q8C581,AlphaFold_DB,AF-Q8C581-F1,A,candidate,EXACT_FULL_SEQUENCE_LOCAL_QUALITY_PENDING,3b5f520b9c400cb1f5cef93a4d38bc3442b3367006197dbc0e9575bb66bd47d9;deac265f0ae85ee4fb3140b5b1bcd9d52e78c8ebf40f66a22f817d3be067e37b;c622c08a79d91bcac40432cd7939599dbda4d9b872e37f69b7f42cdf27777b1b,planned,not_assessed,0.1.0
1299,Q8C5L6,AlphaFold_DB,AF-Q8C5L6-F1,A,candidate,EXACT_FULL_SEQUENCE_LOCAL_QUALITY_PENDING,cb013249154fdd1987944e41fd20dc3a5fe7069397b80fda30eed29d7c57d4b1;891982ec589d87549709ce7b7ef34119de392ef4f5c62988199154b79867dcbc;aeed19b4a9a64fe38c2a117159a2aa6e519dfd9a3392f06b5ece94aa841b64ed,planned,not_assessed,0.1.0
1300,Q8C6I2,AlphaFold_DB,AF-Q8C6I2-2-F1,A,held,ALPHAFOLD_ACCESSION_DIFFERS_FROM_CANONICAL,,metadata_held_or_excluded,not_assessed,0.1.0
1301,Q8C6I2,AlphaFold_DB,AF-Q8C6I2-3-F1,A,held,ALPHAFOLD_ACCESSION_DIFFERS_FROM_CANONICAL,,metadata_held_or_excluded,not_assessed,0.1.0
1302,Q8C6I2,AlphaFold_DB,AF-Q8C6I2-F1,A,candidate,EXACT_FULL_SEQUENCE_LOCAL_QUALITY_PENDING,3eb0dca16c60f6b29fc6776e6323a3c88d2d87296db2d8042d65c41e65a683af;5847b10555853df736657b110c9221d41aa924b5152e15509dc238026764b553;9ff2668a7bdce5beae77955b5c4980dcd2824d7ce96f535f9d83f58a777858af,planned,not_assessed,0.1.0
1303,Q8C8T7,AlphaFold_DB,AF-Q8C8T7-F1,A,candidate,EXACT_FULL_SEQUENCE_LOCAL_QUALITY_PENDING,7d89a6743e0d07d2405a0a555c445b6f73f6e216c11ac23bf7c5dd55dd631ddb;9e021c915f872519ba474545acf01909475796691117ac45dc62ccf294461e61;f4b58406fa033f854bd055d42f4cc7d5d73e127463ada10ae72a44c3d09d693b,planned,not_assessed,0.1.0
1304,Q8C9W3,AlphaFold_DB,AF-Q8C9W3-F1,A,candidate,EXACT_FULL_SEQUENCE_LOCAL_QUALITY_PENDING,c5e9e67e5a29b116ebf57b75f7b120c3bf068e05e53dfd44103a9dc5ab195c67;b31b3c3a8936e96831922da5378c53c900bb564b32f419eca5317ab78d78373c;608d1d8a9c9c7b164bbaae679542d7e0a03bc6c19ffa2c3ab38a32f66ac58f6b,planned,not_assessed,0.1.0
1305,Q8CA71,AlphaFold_DB,AF-Q8CA71-F1,A,candidate,EXACT_FULL_SEQUENCE_LOCAL_QUALITY_PENDING,f2f60e0ccad9eac913839e9e50f5c14dfcf1915769ab08bb1fd134487867da45;02360df0725c94c6c19be65c588be7635ea0972d5be8a3e1f99922affd3c9342;d9385389ee3784255a57acf5da349e1d82ef8a18630847047e5bd7ce8b6a3710,planned,not_assessed,0.1.0
1306,Q8CAA5,AlphaFold_DB,AF-Q8CAA5-F1,A,candidate,EXACT_FULL_SEQUENCE_LOCAL_QUALITY_PENDING,21ca1c069e88ef47dea8978e4fd8e5185f58b9fdf62374b3f680a0f448481d4e;55dfae23ab9cc16c1febb7b6b847e4f90101f5f240c1e49841a9ce8e5f8d460a;ee627b4ef5152cc14fede2ce399cdf293c90245250ad2db5ff4579ad13d27bbf,planned,not_assessed,0.1.0
1307,Q8CAL5,AlphaFold_DB,AF-Q8CAL5-F1,A,candidate,EXACT_FULL_SEQUENCE_LOCAL_QUALITY_PENDING,989159618f569550e7bebdf0f93786ec92b8b58b76633a99934a2e2f9a14a1a1;3229fff7fd36ebb21a47c45a981aba0e39e7867bcb8ab6f06b048144a1fd2328;4df6f3008e89dc73c3eaa74e6bec26ccf5dcf4a0551178968c5a2f79e4735df8,planned,not_assessed,0.1.0
1308,Q8CAM5,AlphaFold_DB,AF-Q8CAM5-F1,A,candidate,EXACT_FULL_SEQUENCE_LOCAL_QUALITY_PENDING,711d5ccb117a4cc3164a3b11d1db6f77dfb7d3b12c437631e77e889ed8b3a30e;17588449973778fc9cbd478ed4d348878f05792a6153e8b1aea87843b872afa9;4c2debc1d2448b5580a317519826b0f00077a9a80fffb14a981012ca4d3ded37,planned,not_assessed,0.1.0
1309,Q8CAY6,AlphaFold_DB,AF-Q8CAY6-F1,A,candidate,EXACT_FULL_SEQUENCE_LOCAL_QUALITY_PENDING,70a943394dc360967cca0bb86045656631116b5f663c77b24c38ff6474a4d898;766cf44f29cead192b95ff1f0b0318cbce78799d9526d382172171cae72e632b;50f70675115c24b441a2f485042e0125bcd5b139320523522ce47db51320003e,planned,not_assessed,0.1.0
1310,Q8CDJ8,AlphaFold_DB,AF-Q8CDJ8-F1,A,candidate,EXACT_FULL_SEQUENCE_LOCAL_QUALITY_PENDING,b93c9419b7678727edc638c887fddd24fe1dfbf13eef4f11425d2eb0015644f6;5ad860c4be7035648efb81f652015e45ad3c803fd5a2a72822463b79af9dcc00;2529dc4176b4655bcede17ad8df22cfc38b7d55dc4943b7f3336ce72b1ce153a,planned,not_assessed,0.1.0
1311,Q8CE50,AlphaFold_DB,AF-Q8CE50-F1,A,candidate,EXACT_FULL_SEQUENCE_LOCAL_QUALITY_PENDING,a36a4aa3d9ac3403379176e5d93dc144a0eff015c1f6f8f9287cfec1183686ef;45a6f92ddc30c59ebdb4dbe4030a437f104d508bb8372eee013413b2df4dc7de;50ed05fd6157ea44f9b18b0ec06af610dd4943ef9ac651d4acda284ccd77cb90,planned,not_assessed,0.1.0
1312,Q8CEE6,AlphaFold_DB,AF-Q8CEE6-F1,A,candidate,EXACT_FULL_SEQUENCE_LOCAL_QUALITY_PENDING,153b7c1691568ff069caf2b0c5a42466854b8c591c5bd97a8afe4b1c6531d751;79ee9a297046cffb08706a06d81e6a063e3d15ff98248e224d892b0302fba16a;f5973aa0cd6e51751ad67a7ce82842b5fefdaa395cb6105e4572be8fa8a85858,planned,not_assessed,0.1.0
1313,Q8CF60,AlphaFold_DB,AF-Q8CF60-F1,A,candidate,EXACT_FULL_SEQUENCE_LOCAL_QUALITY_PENDING,bb65c0d92aeb53a6ac874a5524d479b77975eba3abd396ea1c8a470fc610b161;592b20e18853748066f03bfcbefe2f4bb163dda3945f4b6e2e853c1a8e4b0137;180b5c738cef3f9a8df6e9856bec7323c94034bbbade468fbfbce627ad15e4f0,planned,not_assessed,0.1.0
1314,Q8CF66,AlphaFold_DB,AF-Q8CF66-F1,A,candidate,EXACT_FULL_SEQUENCE_LOCAL_QUALITY_PENDING,e0956ed77c4b9b1e7c2b495f75c6a65be604023daaeba4f88e4743ea88a1e243;5139828cb455d33fc0a686a4eea149a42e5f359d304f6e8fba341f6987930d15;e66ace69768f3fa94bcb73ebb45791d68ce41c8d524f97a70ae6eb3250fcca55,planned,not_assessed,0.1.0
1315,Q8CFD5,AlphaFold_DB,AF-Q8CFD5-F1,A,candidate,EXACT_FULL_SEQUENCE_LOCAL_QUALITY_PENDING,03458cb8954ca91f3836a12e804df27b7c7f41e54d124ef357abaaf64641e19b;620f452d9c72b09bb28c7eb6f55804a5c61a1499c03b6615029a181b53cee366;87828c4c2b647ba9fdde777794242d483f087c6b7537daad0287547a25ae5d81,planned,not_assessed,0.1.0
1316,Q8CFG0,AlphaFold_DB,AF-Q8CFG0-F1,A,candidate,EXACT_FULL_SEQUENCE_LOCAL_QUALITY_PENDING,9f76236d3c2679659792705495322b1363cd327f617b56c74e89b13a53bda5a7;160f23610764071d8eb1356d9ff29006c7332e2ec987f09de587b9edfbca2d26;e6d6ff3e983f95eedc49ba7852f4a59eecf67f3dba6f91475f9a9092defc04b9,planned,not_assessed,0.1.0
1317,Q8CFV4,AlphaFold_DB,AF-Q8CFV4-F1,A,candidate,EXACT_FULL_SEQUENCE_LOCAL_QUALITY_PENDING,d621f42dfe1d759ad213a87c2bd69beb8b72224f53773450a4883211c4c50ac6;cbb263bd6007e23d06c042f8bd1b2e312e4815747f90aca13bd9bc923d6e1333;bff4734e2fb590236754c6f6d455ba6e63a587b993f4c8c789aceb885b32ba36,planned,not_assessed,0.1.0
1318,Q8CGB6,AlphaFold_DB,AF-Q8CGB6-2-F1,A,held,ALPHAFOLD_ACCESSION_DIFFERS_FROM_CANONICAL,,metadata_held_or_excluded,not_assessed,0.1.0
1319,Q8CGB6,AlphaFold_DB,AF-Q8CGB6-3-F1,A,held,ALPHAFOLD_ACCESSION_DIFFERS_FROM_CANONICAL,,metadata_held_or_excluded,not_assessed,0.1.0
1320,Q8CGB6,AlphaFold_DB,AF-Q8CGB6-4-F1,A,held,ALPHAFOLD_ACCESSION_DIFFERS_FROM_CANONICAL,,metadata_held_or_excluded,not_assessed,0.1.0
1321,Q8CGB6,AlphaFold_DB,AF-Q8CGB6-F1,A,candidate,EXACT_FULL_SEQUENCE_LOCAL_QUALITY_PENDING,0208203a647cdef0605ef73b7a56d8e932fa51408631c7fc881f74b8a2ed9e6f;637159d4e93ace7f76e6579429a8e8bf3cc05952825de3b777235fbb82968e99;03a1aa55a30527b97748a9173a1486150e4394ef7fe597150c0003ae3946639b,planned,not_assessed,0.1.0
1322,Q8CGE9,AlphaFold_DB,AF-Q8CGE9-F1,A,candidate,EXACT_FULL_SEQUENCE_LOCAL_QUALITY_PENDING,7d2731969036dea5b6f4846adab7e6f196158b4a4af3a043525e33599acaed23;a2407191840c417e355711f881f2db0ebbf0002944b18d0c9d505712ac6c9c8c;40624855f6921a6bad9ac5801abfc0597ce1256286dff57f4270c996458294e2,planned,not_assessed,0.1.0
1323,Q8CGF1,AlphaFold_DB,AF-Q8CGF1-2-F1,A,held,ALPHAFOLD_ACCESSION_DIFFERS_FROM_CANONICAL,,metadata_held_or_excluded,not_assessed,0.1.0
1324,Q8CGF1,AlphaFold_DB,AF-Q8CGF1-F1,A,candidate,EXACT_FULL_SEQUENCE_LOCAL_QUALITY_PENDING,47230c6edb3432cafc50909348f391a19b8b29731004456b7282f9294df7ede3;193cb91f1915a69f5068770c4dee5340642f6761cf3e05d5e002442d3c84e6bd;59703b623856b190526462e8a6eeb8f281b7210877bc521e954606fe16183645,planned,not_assessed,0.1.0
1325,Q8CI19,AlphaFold_DB,AF-Q8CI19-F1,A,candidate,EXACT_FULL_SEQUENCE_LOCAL_QUALITY_PENDING,f599ab85a62bca48ff0dc2b5e66417972e26bfc6698263e54da76a69403d1d29;07b6118467b3e351be8e92e8e5bf2bb3a9bc1a3ac35dab2a323cfa240c95ebc4;3956685d4e7b37f80485bb1897a83d6b694eff7ccdcc7f09092a7153757cbfa9,planned,not_assessed,0.1.0
1326,Q8CID3,AlphaFold_DB,AF-Q8CID3-F1,A,candidate,EXACT_FULL_SEQUENCE_LOCAL_QUALITY_PENDING,bb5f524e8f0a744c2e021636be4f9c82170691088af6ea728b22f55dd294a558;5a96a2298093de8ebcfb84b87ab9e31cc6ba18f48c444433ff7c32c6956eb565;55f614fe1c3f23c9adec2041e183121f02dac69dfcd84e21d87f76ce142fc8b2,planned,not_assessed,0.1.0
1327,Q8K007,AlphaFold_DB,AF-Q8K007-F1,A,candidate,EXACT_FULL_SEQUENCE_LOCAL_QUALITY_PENDING,86b40ce0dde17cc83739be050e8a95282b5a54013bf0886b2224ef912f40692e;7304a191eac48a0c6da421637d1e107b311ce0ff14222be66eff6a9ff424b042;35d808d4b8793ce50f1482651034ce12266df9502a27235834419c6aa1fe9abd,planned,not_assessed,0.1.0
1328,Q8K0C4,AlphaFold_DB,AF-Q8K0C4-F1,A,candidate,EXACT_FULL_SEQUENCE_LOCAL_QUALITY_PENDING,3330cc4cf22f7994a08542183f231dfaaa8c13b991d411a3dc06e97f3f3e6b49;6ff3fdeb10733c981c2d9b202e6ee68de0c25dfa48f485a184303f8a332846d9;85a3af12898fb634fdde235474f550ab247c08ca4672ac790274e257b48aa33c,planned,not_assessed,0.1.0
1329,Q8K0E7,AlphaFold_DB,AF-Q8K0E7-F1,A,candidate,EXACT_FULL_SEQUENCE_LOCAL_QUALITY_PENDING,7033c3e1a6c8f72d37ae2e7dc1dd9691b3e812896cd03a2add81087faeda5651;7a6004f3f686315bb32081e0c8efcdc27fdec2d88df8bd60f963d031161f4fc6;d77b5fb244fffdf47a42c39648a911734913f2c2f06a8decbe7a22b805d4f714,planned,not_assessed,0.1.0
1330,Q8K1A5,AlphaFold_DB,AF-Q8K1A5-2-F1,A,held,ALPHAFOLD_ACCESSION_DIFFERS_FROM_CANONICAL,,metadata_held_or_excluded,not_assessed,0.1.0
1331,Q8K1A5,AlphaFold_DB,AF-Q8K1A5-3-F1,A,held,ALPHAFOLD_ACCESSION_DIFFERS_FROM_CANONICAL,,metadata_held_or_excluded,not_assessed,0.1.0
1332,Q8K1A5,AlphaFold_DB,AF-Q8K1A5-F1,A,candidate,EXACT_FULL_SEQUENCE_LOCAL_QUALITY_PENDING,2ba055f9264d4f023e16c3c123d2577259cf5b4bf11d69a2dc18c2290ff56c5d;6cf1a216d0622d3fad6de6c8e40875fce74d94b6de09b531699bcae7f3b7efd2;02c293783955afb6ba461b79793ec076401cc9377a0cd2bcb65f9d55c2e45160,planned,not_assessed,0.1.0
1333,Q8K1G2,AlphaFold_DB,AF-Q8K1G2-F1,A,candidate,EXACT_FULL_SEQUENCE_LOCAL_QUALITY_PENDING,181c0c89190a6df5af47bc560c9becf628a2cc2334ebb2b39a2c3cc505aa1eb7;fa8aac4794d1e667529c473fe94a2856692fa047745d9133c6e718c67f26751c;db906f684c5d0d3c2805a52c080ca2f6d08d63e98765bc48c2bb81d3d2884e9e,planned,not_assessed,0.1.0
1334,Q8K1S6,AlphaFold_DB,AF-Q8K1S6-2-F1,A,held,ALPHAFOLD_ACCESSION_DIFFERS_FROM_CANONICAL,,metadata_held_or_excluded,not_assessed,0.1.0
1335,Q8K1S6,AlphaFold_DB,AF-Q8K1S6-F1,A,candidate,EXACT_FULL_SEQUENCE_LOCAL_QUALITY_PENDING,3a6a419778ff57144d934697231fdabd81aa00b8bd9681341d91fdcb57c6bcb2;c07e59c432b33a4cebad3ceaadad8681688e6061e72904ea02d8d9daeac18632;036f79716fb878fdda45a89dca2e5a49af31ccf1c392b8464255a6b39e751077,planned,not_assessed,0.1.0
1336,Q8K1X4,AlphaFold_DB,AF-Q8K1X4-F1,A,candidate,EXACT_FULL_SEQUENCE_LOCAL_QUALITY_PENDING,b32f5c527e70fdeebf5cb900792a57bc3f3b39dc5930849958d073ac528a0da6;253d1eae083a2be8d3bf04e403ff9f38537447a699b7d907a9026c27662d981a;f2a970ddbea301b1d762fd5429f80aeeb74f28704ef24c8ed3fc0c9d505cf400,planned,not_assessed,0.1.0
1337,Q8K299,AlphaFold_DB,AF-Q8K299-2-F1,A,held,ALPHAFOLD_ACCESSION_DIFFERS_FROM_CANONICAL,,metadata_held_or_excluded,not_assessed,0.1.0
1338,Q8K299,AlphaFold_DB,AF-Q8K299-3-F1,A,held,ALPHAFOLD_ACCESSION_DIFFERS_FROM_CANONICAL,,metadata_held_or_excluded,not_assessed,0.1.0
1339,Q8K299,AlphaFold_DB,AF-Q8K299-F1,A,candidate,EXACT_FULL_SEQUENCE_LOCAL_QUALITY_PENDING,e5c46688002bc3e2018256dc0d2ed0f3365926dad48b4425998f4c6ae0dc5685;df25578edcabb7dd0b10379ba43a93efe0d45dcae1ba6954c2c47dadeaf49d7d;1b8f24f5a38d7e30c7b5d2ae563fda1fed10dfc3c20b789ff093a88c14af4230,planned,not_assessed,0.1.0
1340,Q8K299,PDBe_SIFTS,7bzz,A,candidate,MOUSE_SIFTS_CANDIDATE_LOCAL_REVIEW_PENDING,3e5d481147bd106a001725b6488abf57b999ac0c3d7fb030d039ca0babc29c9d,planned,not_assessed,0.1.0
1341,Q8K299,PDBe_SIFTS,7bzz,D,candidate,MOUSE_SIFTS_CANDIDATE_LOCAL_REVIEW_PENDING,3e5d481147bd106a001725b6488abf57b999ac0c3d7fb030d039ca0babc29c9d,planned,not_assessed,0.1.0
1342,Q8K2D3,AlphaFold_DB,AF-Q8K2D3-F1,A,candidate,EXACT_FULL_SEQUENCE_LOCAL_QUALITY_PENDING,ab15f6b3465e8c3cd24fc40167a2edcb708e4a6c50cfc7fcebf921ba65f55e79;fccccd02eadfee267ea63cac0d8e10e9d5f3621d0c31b55d16a471898832e5d5;5ade5772a764d552e17031d4f87298faa10897a010a300a084b72e121a569f6a,planned,not_assessed,0.1.0
1343,Q8K2I3,AlphaFold_DB,AF-Q8K2I3-F1,A,candidate,EXACT_FULL_SEQUENCE_LOCAL_QUALITY_PENDING,4e9efa368f3ec7d5bff50769c38195db78b87cb83386c6499a3d3dc60162bf9e;b19a5074d2e11337a348af1b8594096fc15582be247a0df4ddcf717ef04982b2;cedd113ed6f9c96eb2726524061c27329d3bb9be6adeb52c741a18ebb793dced,planned,not_assessed,0.1.0
1344,Q8K2K6,AlphaFold_DB,AF-Q8K2K6-1-F1,A,held,ALPHAFOLD_ACCESSION_DIFFERS_FROM_CANONICAL,,metadata_held_or_excluded,not_assessed,0.1.0
1345,Q8K2K6,AlphaFold_DB,AF-Q8K2K6-2-F1,A,held,ALPHAFOLD_ACCESSION_DIFFERS_FROM_CANONICAL,,metadata_held_or_excluded,not_assessed,0.1.0
1346,Q8K2K6,AlphaFold_DB,AF-Q8K2K6-3-F1,A,held,ALPHAFOLD_ACCESSION_DIFFERS_FROM_CANONICAL,,metadata_held_or_excluded,not_assessed,0.1.0
1347,Q8K2K6,AlphaFold_DB,AF-Q8K2K6-F1,A,candidate,EXACT_FULL_SEQUENCE_LOCAL_QUALITY_PENDING,4d28355f567981cc1a04e5871d61439c96675b9e9663e8f49ec23a44ff035f30;55db20c0ee20f05e5e9172e20fd30f51de0348074f7584c442c14d56b0664c79;736ff655ff87cb4da0ccfc0e21298dd35cb2cf9e04e2080c51bb1462c9bfb89d,planned,not_assessed,0.1.0
1348,Q8K353,AlphaFold_DB,AF-Q8K353-F1,A,candidate,EXACT_FULL_SEQUENCE_LOCAL_QUALITY_PENDING,4ad81c7fb0ec3315165af29eb5e7b3a3dc1f1e908ac7a5306fb30446d14dc0a9;4ab4fbcfd81132cb4ffb7f280cf22a2c6ef8164c9518dd58c5809c2de27412fe;3e0a4250a2cc0c8fb95be1e0389f4676c3d0bb97df138915827d7c842da0313d,planned,not_assessed,0.1.0
1349,Q8K370,AlphaFold_DB,AF-Q8K370-F1,A,candidate,EXACT_FULL_SEQUENCE_LOCAL_QUALITY_PENDING,caa0af28813a7a4344cd88eb9976061826613779ba9e8f805deb311efaf3b813;6c5beb0d7ff61b58dfa077108947b08eef3bffa90cfaad9c4ce04f56678fb091;25a5ae7ae4e10f756b53704b8632f6a5abbfcbad2591507e44fdb42d027b14ae,planned,not_assessed,0.1.0
1350,Q8K371,AlphaFold_DB,AF-Q8K371-F1,A,candidate,EXACT_FULL_SEQUENCE_LOCAL_QUALITY_PENDING,4ce3d429d33788e2db37a1216e8e81bfa93f67bd73c36a760c528eb27e6685f8;7f049812fd8a12602a2db657588964d51459a961cd0c0a8127aaaf75ad3bf40d;60bf6c92e9d969b3b5ee49aee5cb04f49239a435c197f313050aa8104f617a24,planned,not_assessed,0.1.0
1351,Q8K3V7,AlphaFold_DB,AF-Q8K3V7-2-F1,A,held,ALPHAFOLD_ACCESSION_DIFFERS_FROM_CANONICAL,,metadata_held_or_excluded,not_assessed,0.1.0
1352,Q8K3V7,AlphaFold_DB,AF-Q8K3V7-F1,A,candidate,EXACT_FULL_SEQUENCE_LOCAL_QUALITY_PENDING,577c8d0935d277f6537e17838d2d2ae971929610ee8b3225d56bd3540d453958;7ad7feb128c4bd9cdf82b06e0c161737af6d2bedfa9f6f054eeafd1c077fb501;f6fc28db66c6fc98cd1257d4aa2a92827775d756ad8f66f302901c285c06b29f,planned,not_assessed,0.1.0
1353,Q8K406,AlphaFold_DB,AF-Q8K406-F1,A,candidate,EXACT_FULL_SEQUENCE_LOCAL_QUALITY_PENDING,651af38df11e339744fe303a95d45f7330b718bfd76dbf96039a7efd1261d92d;2797f0604bf0769c34cc293068dca245d8d48de39c999ee15705798c30acf142;f1352889ad417293b04562c57c8b68166187b759ffac7ab32a054d0b45114700,planned,not_assessed,0.1.0
1354,Q8K419,AlphaFold_DB,AF-Q8K419-F1,A,candidate,EXACT_FULL_SEQUENCE_LOCAL_QUALITY_PENDING,40b285a25b0336aef6aedb819e829c33f489e5f3c2c485def8dbe30ef270dfae;b6abde93b47def785ac881b71aa7bcd0ac4cfd599b8e9f81c7f6e951d96aaccd;6e82b5f99b7435dc9584d19aa400fa101c139721d7db6075c4ba7c30c30a0db1,planned,not_assessed,0.1.0
1355,Q8K419,PDBe_SIFTS,2dyc,A,candidate,MOUSE_SIFTS_CANDIDATE_LOCAL_REVIEW_PENDING,33b8895f3a03e79b7dbbf515b87d24c600a1e354d6d0583b0ee627feffbf0625,planned,not_assessed,0.1.0
1356,Q8K419,PDBe_SIFTS,3i8t,A,candidate,MOUSE_SIFTS_CANDIDATE_LOCAL_REVIEW_PENDING,4f455890af77c40d778534125f313e79e0deaeaf50e02ebc9a7e0ef568045111,planned,not_assessed,0.1.0
1357,Q8K482,AlphaFold_DB,AF-Q8K482-F1,A,candidate,EXACT_FULL_SEQUENCE_LOCAL_QUALITY_PENDING,57e823a75e19f877240e0f1580e89892ae331217fc98bf70e063bbc65995cbd2;0a564820de0aa5600279a7d8bae3658612dfa5e83982a57e4bed917ee1edc5a7;2bb7c69cbc8fb6bf6538f360713c0e7be29f7160999e415225adbfa5d19dbe7c,planned,not_assessed,0.1.0
1358,Q8K485,AlphaFold_DB,AF-Q8K485-F1,A,candidate,EXACT_FULL_SEQUENCE_LOCAL_QUALITY_PENDING,ef5a243fe061690505e5bc71c370dab98d3e08dfef0e279d89ae6bfe9ce3eca6;72e7193da3493eefae92cbcbd03faea19c5f1820daac245f39b4e42ca36d29c4;18152951108b65957e97c100975436b4db11b0737ea662ae25da9e5c2b7e8ef9,planned,not_assessed,0.1.0
1359,Q8K4G1,AlphaFold_DB,AF-Q8K4G1-2-F1,A,held,ALPHAFOLD_ACCESSION_DIFFERS_FROM_CANONICAL,,metadata_held_or_excluded,not_assessed,0.1.0
1360,Q8K4G1,AlphaFold_DB,AF-Q8K4G1-3-F1,A,held,ALPHAFOLD_ACCESSION_DIFFERS_FROM_CANONICAL,,metadata_held_or_excluded,not_assessed,0.1.0
1361,Q8K4G1,AlphaFold_DB,AF-Q8K4G1-F1,A,candidate,EXACT_FULL_SEQUENCE_LOCAL_QUALITY_PENDING,9bdcb2ddfaca5645a7362c51b0424991e33a99ffa234a4ec85c462dd9ca1e1ea;c26637d25a65108b8ff448ecf6dfd95383e707f6a933c2f025d3af197af8b276;48d176a0f2a09dfe047a86a5b69537df1ba0952ad8821648cb0f12596e03523f,planned,not_assessed,0.1.0
1362,Q8K4S1,AlphaFold_DB,AF-Q8K4S1-F1,A,candidate,EXACT_FULL_SEQUENCE_LOCAL_QUALITY_PENDING,73e0621cace6ed2cd79be82b64c859d353f6aab4ea7894ef54d89e41bd638bc2;3a150ea2144a09f858c333485da46c1049ba8559bb00af3c7076d84818bc5fd9;f484783f3c5845faefdc3c33ab892cab1f57171fefd4de052be444ea84d4f59d,planned,not_assessed,0.1.0
1363,Q8R000,AlphaFold_DB,AF-Q8R000-F1,A,candidate,EXACT_FULL_SEQUENCE_LOCAL_QUALITY_PENDING,7d4021da2ae0a196f68d5b2773163695a674ddf872ae0ee0b01abbae43226a22;b9ad6919b15742b0c87b1d035b6a71fb84b6c5e80631b960a2920e3834d5295e;fe2b2b72490c53e5ed9cab3cfa4352dc897af01cc8549eed89cc8ee165e33b45,planned,not_assessed,0.1.0
1364,Q8R007,AlphaFold_DB,AF-Q8R007-2-F1,A,held,ALPHAFOLD_ACCESSION_DIFFERS_FROM_CANONICAL,,metadata_held_or_excluded,not_assessed,0.1.0
1365,Q8R007,AlphaFold_DB,AF-Q8R007-F1,A,candidate,EXACT_FULL_SEQUENCE_LOCAL_QUALITY_PENDING,8ef790f68ce8f521e1894d1f61ef8597feaaf45a9a9c7d1ed0a23eaedea49116;0ef69a1e34324798888929582a978419560ffabd6ca7d8a605e706b95b817de9;7c8a7e9e290ba9eb6eac4d9fc84a8a55949eca1d7742530ecc569bf097ab3c6b,planned,not_assessed,0.1.0
1366,Q8R080,AlphaFold_DB,AF-Q8R080-F1,A,candidate,EXACT_FULL_SEQUENCE_LOCAL_QUALITY_PENDING,c7072bd8e362d70e685a312448b99dd3fb2e98dec6a599bc8bab91a2fe504dc9;488cee2b20518a4718d2c9a10cb74c83025ffdee99d08304d77dee6b5a3c2112;3ca87a2ccd4bdd95c554e82a8a8549f869d99431cd89298112d328d2e872d195,planned,not_assessed,0.1.0
1367,Q8R0Z6,AlphaFold_DB,AF-Q8R0Z6-F1,A,candidate,EXACT_FULL_SEQUENCE_LOCAL_QUALITY_PENDING,f714e83a95179f89fb9eba48f2ebf4ecac2ca50190aff98b9e8b54e49ca4a49e;23920e6da4e6060aac329de39478e2ab5cfb46fc1eddb2830f7531af4997194f;6c4ff902f250ef72e778882637ced9d300fc6cb365a62b07df63dbf128b54c23,planned,not_assessed,0.1.0
1368,Q8R2G6,AlphaFold_DB,AF-Q8R2G6-F1,A,candidate,EXACT_FULL_SEQUENCE_LOCAL_QUALITY_PENDING,9982ad9a30f4c2d20b0e87062b99345c94f2de10671773eae57ab3f99ed1840e;5990871d2742e560565f13c618ae2969f1cd866970006585d783f1c990e30a2a;f659631786d3843c129c2372646db7caf8a20878d85fc3d0cdbba5bdf203a559,planned,not_assessed,0.1.0
1369,Q8R2Y0,AlphaFold_DB,AF-Q8R2Y0-2-F1,A,held,ALPHAFOLD_ACCESSION_DIFFERS_FROM_CANONICAL,,metadata_held_or_excluded,not_assessed,0.1.0
1370,Q8R2Y0,AlphaFold_DB,AF-Q8R2Y0-F1,A,candidate,EXACT_FULL_SEQUENCE_LOCAL_QUALITY_PENDING,d17541a1baeaa82d7fbb09d0b805b371c13ed0ab5f599f49dd24469caa709f6f;d8be18290cba6216d1b7fd0ea851eeaaeb6c7d1fd1ead3930057bf691875dc6f;75185a6ed1d8506b5b2e8e3effd4e932607f9bd27b0b66afb73ba0f222daf499,planned,not_assessed,0.1.0
1371,Q8R3A2,AlphaFold_DB,AF-Q8R3A2-F1,A,candidate,EXACT_FULL_SEQUENCE_LOCAL_QUALITY_PENDING,bcf91aef30ccf7e78e1142cd90733f77a1dd3226e7f17cc5e627bdc1c05fcbfa;d1b0ecf7674f9f06c4f647ba4640dc97e9222cade0e7336ff51313a31b006b3f;6b16da5bee5fe2df500050ae472e2cc0ef1a01a19537afd9e164f961232e8641,planned,not_assessed,0.1.0
1372,Q8R4U7,AlphaFold_DB,AF-Q8R4U7-F1,A,candidate,EXACT_FULL_SEQUENCE_LOCAL_QUALITY_PENDING,121c127e5e578f91ec08fa802ec2225d3f974cf64146c931dd08affcd9add3f9;96498d93128566454213d167906dda3d4a8a53d85e2bf9d77e9dca4356547d24;ef70babba32dc50e56be7077bedc16cfc4e264662c39da3536cb4e7b9d2865c2,planned,not_assessed,0.1.0
1373,Q8R4V5,AlphaFold_DB,AF-Q8R4V5-2-F1,A,held,ALPHAFOLD_ACCESSION_DIFFERS_FROM_CANONICAL,,metadata_held_or_excluded,not_assessed,0.1.0
1374,Q8R4V5,AlphaFold_DB,AF-Q8R4V5-F1,A,candidate,EXACT_FULL_SEQUENCE_LOCAL_QUALITY_PENDING,3ce7b8198cb8f7babd048f064dade1a7de1722e5104142419e920cd68e82b7c1;595a716877dee5d05a807959cb9301534659c8e697e0c7d3dbc414182837f0a4;0df5205eeff038cf6dd5361fe937949cf17ef2932dd2f866fb853f97681f3cb9,planned,not_assessed,0.1.0
1375,Q8R4W6,AlphaFold_DB,AF-Q8R4W6-F1,A,candidate,EXACT_FULL_SEQUENCE_LOCAL_QUALITY_PENDING,0b5f51f703642514cb93fbc2cf94d1bacae769cb0aeb3a9d17c24bace6d41c3e;95629641439f4f7c6a2c084464c0fb8cabc68a0ca6f1388ed9be66772702ed39;0be4143abab9d7545d78a9dba49c3cd602cdd6595428babc4a57de1a0ffe15b4,planned,not_assessed,0.1.0
1376,Q8R527,AlphaFold_DB,AF-Q8R527-F1,A,candidate,EXACT_FULL_SEQUENCE_LOCAL_QUALITY_PENDING,a40a132a3c3cf1104d9e49af1ba3c6e07634b2a997e98c89c2814a00998c4684;5adfa02ffd216adcf580ba6f89eec6e66754d0b9ef4e33692cedf79c1c600d7e;90311e8616f0b836a0c3889b44d164062e8afb558ba49258294e5db1fc130030,planned,not_assessed,0.1.0
1377,Q8VBV4,AlphaFold_DB,AF-Q8VBV4-1-F1,A,held,ALPHAFOLD_ACCESSION_DIFFERS_FROM_CANONICAL,,metadata_held_or_excluded,not_assessed,0.1.0
1378,Q8VBV4,AlphaFold_DB,AF-Q8VBV4-F1,A,candidate,EXACT_FULL_SEQUENCE_LOCAL_QUALITY_PENDING,603de2aa43a5821ac1deec9c67245920175661a5c3549a4911c66c2cded45409;3208a405f1dcfb370d2c5a16515d7a8e0b65704d38ea73acf8a2a82aa7349906;bb468c8d26ab6798ffa427119c18943fbf81be1973eeeabdcb4a0c6cae7c91a5,planned,not_assessed,0.1.0
1379,Q8VC26,AlphaFold_DB,AF-Q8VC26-2-F1,A,held,ALPHAFOLD_ACCESSION_DIFFERS_FROM_CANONICAL,,metadata_held_or_excluded,not_assessed,0.1.0
1380,Q8VC26,AlphaFold_DB,AF-Q8VC26-F1,A,candidate,EXACT_FULL_SEQUENCE_LOCAL_QUALITY_PENDING,70000bd9c0d2b536a9282cb3ae13dd465e9836c0ee7b77f4510b45abed0e89b0;469bff4da5b752ecf216220695cedfb8dde0a0181f39acb6fe2f506b8fe33f8d;fa10169c64e1455ea7f5bf3ee037b30520b35a3816a2ecf24598d914e369c4b4,planned,not_assessed,0.1.0
1381,Q8VCC1,AlphaFold_DB,AF-Q8VCC1-F1,A,candidate,EXACT_FULL_SEQUENCE_LOCAL_QUALITY_PENDING,8e1a6e1276797c98c99f000a2fc42b0ad2d591812a8d6567eab047e60ef1941b;9adfc4be1026dc6060f7fbf3468c50530f69d1668a961b1345fcfcaf3f34f38a;c24cf3159ca76c550d87801c1be04be3db8426c7d89b6ccd221394367ab6cf16,planned,not_assessed,0.1.0
1382,Q8VCC8,AlphaFold_DB,AF-Q8VCC8-2-F1,A,held,ALPHAFOLD_ACCESSION_DIFFERS_FROM_CANONICAL,,metadata_held_or_excluded,not_assessed,0.1.0
1383,Q8VCC8,AlphaFold_DB,AF-Q8VCC8-F1,A,candidate,EXACT_FULL_SEQUENCE_LOCAL_QUALITY_PENDING,97999421b7cbc02a01ef88e09638476247334894e1e7b36efb6d5b4c8b64115e;238859269c61c579799b03338b6ab2cfd432f295fdd25c5fcbebd1947e0aaf37;c0063107a9a45e7fac43ed7c312f8b13d1089ad6bf87b7c814b1089b193af332,planned,not_assessed,0.1.0
1384,Q8VCI0,AlphaFold_DB,AF-Q8VCI0-F1,A,held,ALPHAFOLD_SEQUENCE_DIFFERS_FROM_FROZEN_CANONICAL,,metadata_held_or_excluded,not_assessed,0.1.0
1385,Q8VCP9,AlphaFold_DB,AF-Q8VCP9-F1,A,candidate,EXACT_FULL_SEQUENCE_LOCAL_QUALITY_PENDING,b99fb886a8d6d3c6bd0f33a00312585beee50906ad663c1b616a3479123c809a;1563a0b3ddb45b2f67d777d88228ebcbfce2aa782c6f096a3b786fbd124ac23b;cdf2ba84c0a4e688846f3a00267c02280dcdc6e457fc9a98a6bc63b927be75c7,planned,not_assessed,0.1.0
1386,Q8VCQ6,AlphaFold_DB,AF-Q8VCQ6-2-F1,A,held,ALPHAFOLD_ACCESSION_DIFFERS_FROM_CANONICAL,,metadata_held_or_excluded,not_assessed,0.1.0
1387,Q8VCQ6,AlphaFold_DB,AF-Q8VCQ6-3-F1,A,held,ALPHAFOLD_ACCESSION_DIFFERS_FROM_CANONICAL,,metadata_held_or_excluded,not_assessed,0.1.0
1388,Q8VCQ6,AlphaFold_DB,AF-Q8VCQ6-F1,A,candidate,EXACT_FULL_SEQUENCE_LOCAL_QUALITY_PENDING,7a6b14d9a7817de418a0cdd06f3de35537f39bba4796fcc78c183b81a406cbcc;7fe4d0160a59180ed0a6ac5c317f63f1a3fc340b815f79be3e0cd97144061051;80d605835d2da5d48eabd639d0dbf8e217a66f5b36e9ea16d4ad04df091a3148,planned,not_assessed,0.1.0
1389,Q8VCQ6,PDBe_SIFTS,2d8c,A,candidate,MOUSE_SIFTS_CANDIDATE_LOCAL_REVIEW_PENDING,ba3c0c6e23bc8486b76a6c84e3cdc5a0b09c55fad10f9b81e7d09e22832c6e0a,planned,not_assessed,0.1.0
1390,Q8VCT9,AlphaFold_DB,AF-Q8VCT9-F1,A,candidate,EXACT_FULL_SEQUENCE_LOCAL_QUALITY_PENDING,023a2971b80bb6289327b2c6fbac61d7d1e4e02fb2a69a3afa14d0da28510b71;01877af69a7e814c84f3a93f07526cb11c83a6ee2258e2ac405e6bf6cb6f86d0;e2e0a8dc97548dce6da545f9b15029e61e6feff186222d717ff09f66b3507cb7,planned,not_assessed,0.1.0
1391,Q8VCZ6,AlphaFold_DB,AF-Q8VCZ6-F1,A,candidate,EXACT_FULL_SEQUENCE_LOCAL_QUALITY_PENDING,d22ea30b0c56f74113b194877cfa701405c81b29f5a4cea56f108fea7e26142e;3d16b248841018a1a2330b6a293ae8dcede6115837e1c0f579dbf3a41f55a8bd;56b1d52f2f3e55639c0f38f05990459da6bff40c94e9de5043670fd2cf041e46,planned,not_assessed,0.1.0
1392,Q8VCZ6,PDBe_SIFTS,2yuo,A,candidate,MOUSE_SIFTS_CANDIDATE_LOCAL_REVIEW_PENDING,bd42828ede62a925e61e9b8d91e4fb35db31efcdff17b40a4cef9f7371add743,planned,not_assessed,0.1.0
1393,Q8VD53,AlphaFold_DB,AF-Q8VD53-2-F1,A,held,ALPHAFOLD_ACCESSION_DIFFERS_FROM_CANONICAL,,metadata_held_or_excluded,not_assessed,0.1.0
1394,Q8VD53,AlphaFold_DB,AF-Q8VD53-F1,A,candidate,EXACT_FULL_SEQUENCE_LOCAL_QUALITY_PENDING,442b7dc907c8a8672c4af91ffa61098749743d29fd9fa218d72fedbbdee97a81;6f99b30410ea0bb51c68e105020a21c9357e324e7ce94108e37a18d1d8278d0c;a6649e72b4505217a5b53c2fbda46a434f94f2cc926164a9b981b515dbbc96f0,planned,not_assessed,0.1.0
1395,Q8VDG5,AlphaFold_DB,AF-Q8VDG5-2-F1,A,held,ALPHAFOLD_ACCESSION_DIFFERS_FROM_CANONICAL,,metadata_held_or_excluded,not_assessed,0.1.0
1396,Q8VDG5,AlphaFold_DB,AF-Q8VDG5-F1,A,candidate,EXACT_FULL_SEQUENCE_LOCAL_QUALITY_PENDING,2fb3152c1d24923b0983ba8b4093f71c663e859466e4e673f2846fda4e25f239;c4151527829c455008cea96d412851edbff60ccaa0b6a3b51449a537bbddd415;bbefb806afbebaf68bfbb936d45e0d96f6a3af89fe1ce7f1dedb5ed91f882ba3,planned,not_assessed,0.1.0
1397,Q8VDP3,AlphaFold_DB,AF-Q8VDP3-2-F1,A,held,ALPHAFOLD_ACCESSION_DIFFERS_FROM_CANONICAL,,metadata_held_or_excluded,not_assessed,0.1.0
1398,Q8VDP3,AlphaFold_DB,AF-Q8VDP3-3-F1,A,held,ALPHAFOLD_ACCESSION_DIFFERS_FROM_CANONICAL,,metadata_held_or_excluded,not_assessed,0.1.0
1399,Q8VDP3,AlphaFold_DB,AF-Q8VDP3-F1,A,candidate,EXACT_FULL_SEQUENCE_LOCAL_QUALITY_PENDING,edb99d6b02b52f96be7850e131a64bfa5a5ed24a3c831cd99397778b2b23fee5;33e8342a57f8e27a887058aa4ce37be8063ae375f1a62ce7588f53949176f6ca;79f07f071c4f027dbf7050cc8d157f5d518710bac0202a754faeced88ada7702,planned,not_assessed,0.1.0
1400,Q8VDP3,PDBe_SIFTS,2bra,A,candidate,MOUSE_SIFTS_CANDIDATE_LOCAL_REVIEW_PENDING,23b813b6551f4459bce3fe454befc0ccaf349aa7a895399049411175151a4601,planned,not_assessed,0.1.0
1401,Q8VDP3,PDBe_SIFTS,2bra,B,candidate,MOUSE_SIFTS_CANDIDATE_LOCAL_REVIEW_PENDING,23b813b6551f4459bce3fe454befc0ccaf349aa7a895399049411175151a4601,planned,not_assessed,0.1.0
1402,Q8VDP3,PDBe_SIFTS,2bry,A,candidate,MOUSE_SIFTS_CANDIDATE_LOCAL_REVIEW_PENDING,970c0b5da925d9786350c427e7364bb3295cb98b06d9b0a17e47ff3e5c7235e5,planned,not_assessed,0.1.0
1403,Q8VDP3,PDBe_SIFTS,2bry,B,candidate,MOUSE_SIFTS_CANDIDATE_LOCAL_REVIEW_PENDING,970c0b5da925d9786350c427e7364bb3295cb98b06d9b0a17e47ff3e5c7235e5,planned,not_assessed,0.1.0
1404,Q8VDP3,PDBe_SIFTS,2c4c,A,candidate,MOUSE_SIFTS_CANDIDATE_LOCAL_REVIEW_PENDING,7e0dff9f08a4f81ea0e980ecf981db47403bf1b0d86bb17c329a7b5b6c855227,planned,not_assessed,0.1.0
1405,Q8VDP3,PDBe_SIFTS,2c4c,B,candidate,MOUSE_SIFTS_CANDIDATE_LOCAL_REVIEW_PENDING,7e0dff9f08a4f81ea0e980ecf981db47403bf1b0d86bb17c329a7b5b6c855227,planned,not_assessed,0.1.0
1406,Q8VDP3,PDBe_SIFTS,4txi,A,candidate,MOUSE_SIFTS_CANDIDATE_LOCAL_REVIEW_PENDING,9e4f37d920b9c2b6a42ca4546563416e752e3a083dde60fbb01737b71d9f32c6,planned,not_assessed,0.1.0
1407,Q8VDP3,PDBe_SIFTS,4txk,A,candidate,MOUSE_SIFTS_CANDIDATE_LOCAL_REVIEW_PENDING,d66547d1d6f12cb8468b0f84ac864ede9415264c6961393670ebbc45567e92e8,planned,not_assessed,0.1.0
1408,Q8VDV0,AlphaFold_DB,AF-Q8VDV0-2-F1,A,held,ALPHAFOLD_ACCESSION_DIFFERS_FROM_CANONICAL,,metadata_held_or_excluded,not_assessed,0.1.0
1409,Q8VDV0,AlphaFold_DB,AF-Q8VDV0-F1,A,candidate,EXACT_FULL_SEQUENCE_LOCAL_QUALITY_PENDING,5593014981b3cee94e0f2391610738356c6aa1cc70d2c1f47599fb19fc78b201;57cbc2f3b452401b9202c76d5aca926cd8db145673af605b755ac19127d56c79;4871b30f9480bfb263409e077c58b39d17c74d5d74fb0989d990d39d28813802,planned,not_assessed,0.1.0
1410,Q8VE92,AlphaFold_DB,AF-Q8VE92-F1,A,candidate,EXACT_FULL_SEQUENCE_LOCAL_QUALITY_PENDING,c6357da3c73f81ad3c8b83e2f6a1e667b00c965df7298e8792612512ee5c745f;37b0684718b0d9290953fac823def5ca6f43fbad093fcc3b4b9daaec43e1e0bf;7c793c12ee867e7136af01c73218f13f2810c268bd012198f60f9f59dae76896,planned,not_assessed,0.1.0
1411,Q8VHZ5,AlphaFold_DB,AF-Q8VHZ5-F1,A,candidate,EXACT_FULL_SEQUENCE_LOCAL_QUALITY_PENDING,7250d6a0b4ded83a86b6f1722754d68c04917789b92b548774ef866e014ad7a0;4e0315ce95a2465ccf5639a5bbaf19a8d06d2bf1db9be1825e983cc8df08a135;758c6144668fee80f07a6024a1a4d78ead91a44a426fa902eb8365894006db3b,planned,not_assessed,0.1.0
1412,Q8VI64,AlphaFold_DB,AF-Q8VI64-F1,A,candidate,EXACT_FULL_SEQUENCE_LOCAL_QUALITY_PENDING,b1409d895d370bf6082f2ac8f79ad153ffbd196cf1240b0d021f1aeeb386e26f;3268ef6bc318f65a39702df277457720a4f1f5e3d6b4843e77f5cdc62246654d;e9301f5f38a6060668037dbf393681aea26932967def0d37fafd23d32c0a82de,planned,not_assessed,0.1.0
1413,Q8VIK5,AlphaFold_DB,AF-Q8VIK5-2-F1,A,held,ALPHAFOLD_ACCESSION_DIFFERS_FROM_CANONICAL,,metadata_held_or_excluded,not_assessed,0.1.0
1414,Q8VIK5,AlphaFold_DB,AF-Q8VIK5-3-F1,A,held,ALPHAFOLD_ACCESSION_DIFFERS_FROM_CANONICAL,,metadata_held_or_excluded,not_assessed,0.1.0
1415,Q8VIK5,AlphaFold_DB,AF-Q8VIK5-4-F1,A,held,ALPHAFOLD_ACCESSION_DIFFERS_FROM_CANONICAL,,metadata_held_or_excluded,not_assessed,0.1.0
1416,Q8VIK5,AlphaFold_DB,AF-Q8VIK5-F1,A,candidate,EXACT_FULL_SEQUENCE_LOCAL_QUALITY_PENDING,bf3c9d959ce0683729ad579e2f9850961dcefd94b38059a6700a672b2a64d2ee;a9bf1e412d8d1948812dfc33a5ca9e9fad0a6d343bfdafd33ec0a89d7919fc34;e576c18bf79987ff4f68dca269710064e1c47c258eaa1d86d8626a2ee233af15,planned,not_assessed,0.1.0
1417,Q91VE2,AlphaFold_DB,AF-Q91VE2-F1,A,candidate,EXACT_FULL_SEQUENCE_LOCAL_QUALITY_PENDING,93596c9698f8e909b0003b668e7a09d35811b5d77316f785739e30f309c34bc0;0c18bc9424ba286a72bec7e366a96b4ed57839117e35b3905af766fa1d5c34b0;f68a98ad83b10efd3495003c001350a5bd088e74520e80a575cd40d67ea47a49,planned,not_assessed,0.1.0
1418,Q91VK1,AlphaFold_DB,AF-Q91VK1-F1,A,candidate,EXACT_FULL_SEQUENCE_LOCAL_QUALITY_PENDING,fce361aa26d89d30ac409775dadedaa288770a3a63b7a786c26a51ec318fea6b;048d94c4aa08792b15d5fafef3b81f66ef7f6d6d9bcce4e67f46a8b427a5ae20;eb70607bf03f29f7e73b6b569854d0de92ddbb39b6526b7efa6591eaea70ba74,planned,not_assessed,0.1.0
1419,Q91VN1,AlphaFold_DB,AF-Q91VN1-F1,A,candidate,EXACT_FULL_SEQUENCE_LOCAL_QUALITY_PENDING,32f2fc035a80ecbc9557083cf7f8aa97453dc8ae482aa175fe776ed6dde1c3f2;4408e8edbd324ae616cb4b8a0ceb2d54ad24fb929b77c54926baacec0cf64718;fa364ff6ab7d3f557e60ce9d713bcfd52bbfc244d3d625b91aecc0d85d1ec6fb,planned,not_assessed,0.1.0
1420,Q91VW3,AlphaFold_DB,AF-0000000008339647,A,held,ALPHAFOLD_MOUSE_TAXONOMY_NOT_CONFIRMED,,metadata_held_or_excluded,not_assessed,0.1.0
1421,Q91VW3,AlphaFold_DB,AF-Q91VW3-F1,A,candidate,EXACT_FULL_SEQUENCE_LOCAL_QUALITY_PENDING,a8e798877537b0a71eb13a20b064a668b877610c261543f08b0ee205a3913e1a;40034cccb10965d3f8b9fee3bfb289d908b72c018c75f100d2047860944cb588;f61b7e5f1a821fedb2e465ab28d18e300d1e0cd7302f67c8dbf55e43efe6224c,planned,not_assessed,0.1.0
1422,Q91VW3,PDBe_SIFTS,1j0f,A,candidate,MOUSE_SIFTS_CANDIDATE_LOCAL_REVIEW_PENDING,f7a2ecdc4f63090c0f686390d97118a6867a827c10f8ae762fa684da61e88ac8,planned,not_assessed,0.1.0
1423,Q91VW3,PDBe_SIFTS,1t1v,A,candidate,MOUSE_SIFTS_CANDIDATE_LOCAL_REVIEW_PENDING,70da0fca17222bec30ad47a6a0c00607598bb787dcc8cb8b7c69454a2c859fe2,planned,not_assessed,0.1.0
1424,Q91VW3,PDBe_SIFTS,1t1v,B,candidate,MOUSE_SIFTS_CANDIDATE_LOCAL_REVIEW_PENDING,70da0fca17222bec30ad47a6a0c00607598bb787dcc8cb8b7c69454a2c859fe2,planned,not_assessed,0.1.0
1425,Q91W29,AlphaFold_DB,AF-Q91W29-F1,A,candidate,EXACT_FULL_SEQUENCE_LOCAL_QUALITY_PENDING,2ada92603a5cd55e809366faf74eb5d82f34ce45b0c86a164c96e797fbd2477c;ca6f287fdb88f349d4fc34fc44f3597fec125bc08c18e1bfd128e31172778b05;a7f1f3991dfcd1a578861ba20ee88d0726a7e7b9eb15f66d51c2fcbbc36f6354,planned,not_assessed,0.1.0
1426,Q91W86,AlphaFold_DB,AF-Q91W86-F1,A,candidate,EXACT_FULL_SEQUENCE_LOCAL_QUALITY_PENDING,6d298b285fb5d881b4cfecf02ddeeaea082826be91492c533dafc2ec7bf4dbb2;9f2a54413bbadc39475df9c66864594cfd938c056d59da3e6acd323d176606d6;0ed9ec848230618345576071fb02f4df386ee00a8fbe0b083611225167f6bcaa,planned,not_assessed,0.1.0
1427,Q91WE9,AlphaFold_DB,AF-Q91WE9-2-F1,A,held,ALPHAFOLD_ACCESSION_DIFFERS_FROM_CANONICAL,,metadata_held_or_excluded,not_assessed,0.1.0
1428,Q91WE9,AlphaFold_DB,AF-Q91WE9-F1,A,candidate,EXACT_FULL_SEQUENCE_LOCAL_QUALITY_PENDING,a337b84d154638edbfb7da9261fb52f33e403ac1b4eb1d6ffef7bd516a9fb7b5;286af92ee8a03f81af77f49e990646b1f0be08b88749e7595fec173b534083e7;b7736fd496db2ad885050d06a0d57932eaa3c37c7ca38d87bd05db7000a71c57,planned,not_assessed,0.1.0
1429,Q91WK5,AlphaFold_DB,AF-Q91WK5-F1,A,candidate,EXACT_FULL_SEQUENCE_LOCAL_QUALITY_PENDING,5ca5f94865db8c8a801b467bb95f70ba261cfff307744a27037fe9893f3ee239;153bcd71417282d14fb1b894a6fdf7c569e71f929351e50f6646e90d68541a88;9ef044ffa674ed917fd1debb3a137657b1e16e644db69c750f5a60e02368367a,planned,not_assessed,0.1.0
1430,Q91WK5,PDBe_SIFTS,2edg,A,candidate,MOUSE_SIFTS_CANDIDATE_LOCAL_REVIEW_PENDING,f885f86723f398d93574b5b0c53133279bcbe9767e79fd67b02eeecc87e59e7a,planned,not_assessed,0.1.0
1431,Q91WT9,AlphaFold_DB,AF-Q91WT9-2-F1,A,held,ALPHAFOLD_ACCESSION_DIFFERS_FROM_CANONICAL,,metadata_held_or_excluded,not_assessed,0.1.0
1432,Q91WT9,AlphaFold_DB,AF-Q91WT9-F1,A,candidate,EXACT_FULL_SEQUENCE_LOCAL_QUALITY_PENDING,bdb727b5dcc5803c9ba760f281dbb0202ca1f710a8c0df66aabb0182028cd6d5;272b07e79ad66f3a34df11dcc6dade454f235c1c099b91b6c3f288a9c33aa6bb;2666112d9e3b97a283b06fe028a4c1bf49ccd5bcca7a0bbc79452851a0c1f713,planned,not_assessed,0.1.0
1433,Q91X52,AlphaFold_DB,AF-Q91X52-F1,A,candidate,EXACT_FULL_SEQUENCE_LOCAL_QUALITY_PENDING,16de07cc2ad1d7c374ea80e423a438e0683a268c4fc077d540a68b8133fdb247;9f23bcdad8db550603953b2ec8130f9b2cffc515245db245030236a69b0888f3;a9216831d54fff597cbdaa999509810a005345d516dc955701177cda957b802d,planned,not_assessed,0.1.0
1434,Q91XD2,AlphaFold_DB,AF-Q91XD2-F1,A,candidate,EXACT_FULL_SEQUENCE_LOCAL_QUALITY_PENDING,e15b2619d0354d2481413e344454181287746192e61466cffda45c78dc87adee;d7f6d49de7459595c06b265dbc53ebd951168531fc1fd4f7e01b1cc72b8a0748;a568d5c12eae2582917030dc521e95d07dab8ec1acf3f39cc9e354c29a2e327c,planned,not_assessed,0.1.0
1435,Q91XE0,AlphaFold_DB,AF-Q91XE0-2-F1,A,held,ALPHAFOLD_ACCESSION_DIFFERS_FROM_CANONICAL,,metadata_held_or_excluded,not_assessed,0.1.0
1436,Q91XE0,AlphaFold_DB,AF-Q91XE0-F1,A,candidate,EXACT_FULL_SEQUENCE_LOCAL_QUALITY_PENDING,4f1a835e17ec666a0b3d317f83edc9d836718b3ba02dcb4e06aff344bb021b26;15c43f5754c37eeef2f7fc701835fa49cfee65e46e0045a5d2e010e87737555e;e0437c111855d4ab48ceab71abda1d2f447fc215a3bc5f85dc4f9ea097b3912a,planned,not_assessed,0.1.0
1437,Q91XT6,AlphaFold_DB,AF-Q91XT6-F1,A,candidate,EXACT_FULL_SEQUENCE_LOCAL_QUALITY_PENDING,12d18656329b314ce8d7d80b3cbc560e608b63af6e6ad76b36f0a3727a0e6402;6acc904fe166fea15e163b7fa9a772084aaa3b7322a47853a12099f8a9f22f1d;faa28129bbb48520d8c641dc03efe39e5e03f655643789b69845e27871749ee9,planned,not_assessed,0.1.0
1438,Q91Y86,AlphaFold_DB,AF-Q91Y86-F1,A,candidate,EXACT_FULL_SEQUENCE_LOCAL_QUALITY_PENDING,c62d681fbf8220eabeb4b2d1d1976133b018c1c05b03872b4c9fd36091f66be2;e8ac06da2f2160111dd2b3e1f3809ef19a18e51ecda801a4b7d4ec883b8eef31;681ff9ee94531157aa1a4ccb8616832b9a27505d49675dfb5f36c41df09316ba,planned,not_assessed,0.1.0
1439,Q91ZC0,AlphaFold_DB,AF-Q91ZC0-F1,A,candidate,EXACT_FULL_SEQUENCE_LOCAL_QUALITY_PENDING,d422d4bd86457409d15ab62b4b68faae6c7f5bb23349b6847cfc0de5b414671c;fe3cbd664dcf05c10c0e6079b86a84e918d132b940cdc47a61f7ea4c9813571c;f1bdf8352a4d3dcf1450f89855464e40bc9857068a4f45e6505d42aa7fcedb3a,planned,not_assessed,0.1.0
1440,Q91ZP9,AlphaFold_DB,AF-Q91ZP9-2-F1,A,held,ALPHAFOLD_ACCESSION_DIFFERS_FROM_CANONICAL,,metadata_held_or_excluded,not_assessed,0.1.0
1441,Q91ZP9,AlphaFold_DB,AF-Q91ZP9-F1,A,candidate,EXACT_FULL_SEQUENCE_LOCAL_QUALITY_PENDING,ac2cc51822c3fd9298ec243501496111616777a404c6f7de841a2dfb9f405bd5;07e494d9d3c13acc082531386d1926827517fadf7a01b95ab4481b88584b0f33;c0bd5aa5a40f5a429eae9ccf39f69730c564fc6ddd58e26b9d967713a2d1873f,planned,not_assessed,0.1.0
1442,Q91ZV8,AlphaFold_DB,AF-Q91ZV8-F1,A,candidate,EXACT_FULL_SEQUENCE_LOCAL_QUALITY_PENDING,4268306aba26f54be733306d34d35eff0862737deb6bba300cd61f00b384094d;cd775dd12e9730c081a9acdcdc6f43f19e7c9c8f1eee2b6aa30fe0dcab870778;1aa401741dd7305cb574d7f5159f7abbb08dd56d3c748afa0eccfb024f2cf159,planned,not_assessed,0.1.0
1443,Q91ZX1,AlphaFold_DB,AF-Q91ZX1-2-F1,A,held,ALPHAFOLD_ACCESSION_DIFFERS_FROM_CANONICAL,,metadata_held_or_excluded,not_assessed,0.1.0
1444,Q91ZX1,AlphaFold_DB,AF-Q91ZX1-F1,A,candidate,EXACT_FULL_SEQUENCE_LOCAL_QUALITY_PENDING,7151c8e5db6bca284371407c4f67d1cb1527842b898568f96fd4e997729c12b2;d56afc6337ed7775ee6fac1bc7881dc7d31e4079f3f3c97a04c87f7717b78845;1b208170798f303b6c975eb8d75ea605c419777e094c14b1b5ea7d849392110d,planned,not_assessed,0.1.0
1445,Q920C1,AlphaFold_DB,AF-Q920C1-2-F1,A,held,ALPHAFOLD_ACCESSION_DIFFERS_FROM_CANONICAL,,metadata_held_or_excluded,not_assessed,0.1.0
1446,Q920C1,AlphaFold_DB,AF-Q920C1-F1,A,candidate,EXACT_FULL_SEQUENCE_LOCAL_QUALITY_PENDING,f0e5088d3ece891429da0e4c5c74b8921212cb49f0ef659cb8fd177e253222f3;47c1535d2ee0fad861a62b55f4a2fe4b58ab5987ef9ad56a0fef9033910ddd1d;f91540f474d62c10ce7a96d5d2855fc9facd94c1982f5d3afb51cf7f154dd2a8,planned,not_assessed,0.1.0
1447,Q920C4,AlphaFold_DB,AF-Q920C4-F1,A,candidate,EXACT_FULL_SEQUENCE_LOCAL_QUALITY_PENDING,0a763593e9553afda32521ed6f33111b273f9bc7f6d5c158f89cd3d7ec01ab71;0fe8aa1d63301278197c7ee8e56d2dccc4ebe5045d364fd3c15ddbf716557f6d;57e27bb463d61f9238205b6142c428750a0a7e00c0677e3429121bf362d28129,planned,not_assessed,0.1.0
1448,Q920E5,AlphaFold_DB,AF-Q920E5-F1,A,candidate,EXACT_FULL_SEQUENCE_LOCAL_QUALITY_PENDING,63d899787490da72a712e15ab74ef54f72e5fa1914b3046a05e2dc7b18b9bca4;cfb898e19bf682bc3b88c1b5e22571a143bcb307b9b78f172ecd1d4d9216a54b;edb4662acecca6f53459a44eefc8beed98c1fdfcb9b89b14b18d913e6952783f,planned,not_assessed,0.1.0
1449,Q920L5,AlphaFold_DB,AF-Q920L5-F1,A,candidate,EXACT_FULL_SEQUENCE_LOCAL_QUALITY_PENDING,647cb7240d8c6e8d9379c56cf08c0aa109a23f67d7b67d564b970c32feba9c50;3efdf1c983e4d6b58e9b867568042038c382ca07d64b2850f8ac5c96dad91846;c68c74eb3681ea01f0c830fea4baee466d30e8fd305fa19b8e59b6090dd794c3,planned,not_assessed,0.1.0
1450,Q923B1,AlphaFold_DB,AF-Q923B1-F1,A,candidate,EXACT_FULL_SEQUENCE_LOCAL_QUALITY_PENDING,a4ac7ea12bde03e8e9743ea37f1147805d1d53c95ded938a9ca2e352a4ce5e8d;256bb0314419120d81204f2bc41fab19f8e310e427d73af4c8c3284dba6bf6a3;3cf23f5d982f41e7dab63b418e4fd26d3646e490d72ac7a81726dfcefed8ba13,planned,not_assessed,0.1.0
1451,Q923W9,AlphaFold_DB,AF-Q923W9-2-F1,A,held,ALPHAFOLD_ACCESSION_DIFFERS_FROM_CANONICAL,,metadata_held_or_excluded,not_assessed,0.1.0
1452,Q923W9,AlphaFold_DB,AF-Q923W9-F1,A,candidate,EXACT_FULL_SEQUENCE_LOCAL_QUALITY_PENDING,6d043005a8d4d41b543d38e1bf1142e43678109a4fc08ca467853540909dc1b5;6625f84594e20de82dca4a9aaf2f38aa762cf2e695a8e95a340faa08fc4faf53;7d4589316f27d16332390994b166f32eb9ec9dbf40433c05ba54c5990c2b9a9b,planned,not_assessed,0.1.0
1453,Q923X1,AlphaFold_DB,AF-Q923X1-F1,A,candidate,EXACT_FULL_SEQUENCE_LOCAL_QUALITY_PENDING,a418a901b75d419dc9b40670b93757675323d9ecd7c987e20aa1aa4d8fe2797b;39f3adcbfb09d07141b4bc1a09bcf0649140dcf37f27989878b3d6292e096344;862a97a1c11df16e82bc89cc51c558eda24d669ff6c5ed04b498c224e6fd92b0,planned,not_assessed,0.1.0
1454,Q924X6,AlphaFold_DB,AF-Q924X6-2-F1,A,held,ALPHAFOLD_ACCESSION_DIFFERS_FROM_CANONICAL,,metadata_held_or_excluded,not_assessed,0.1.0
1455,Q924X6,AlphaFold_DB,AF-Q924X6-F1,A,candidate,EXACT_FULL_SEQUENCE_LOCAL_QUALITY_PENDING,7ef08fccada615c4c2963c62d917f818c7012bbf04ad35520e435b21e0d4393a;f277f673cd16d0d21bdf0c04a4d465e67c322b666137ff21d6d6148983d4892d;79f643522b3f16b5e7b3fdaca04aa0d01494eb1faf0b90e6ad6a95f4efa74ff7,planned,not_assessed,0.1.0
1456,Q925N0,AlphaFold_DB,AF-Q925N0-F1,A,candidate,EXACT_FULL_SEQUENCE_LOCAL_QUALITY_PENDING,551a975bed115e03ef86051b53a96b81841f13c72fa39a79f4cad133adf0f570;cddf456671b1d3429615319ddbc5f39d85a8396beaba6169571626c7a75ad14e;36fe5a3106ec799735815666541390570c2fb2c9a02cf3a56078b32f8b0c855c,planned,not_assessed,0.1.0
1457,Q925N2,AlphaFold_DB,AF-Q925N2-F1,A,candidate,EXACT_FULL_SEQUENCE_LOCAL_QUALITY_PENDING,30b246a2c347a67102c3ff7dac9809146098dc897b2e5468093e32bac1e47723;02286a4eaf997cd8027edc776d59afdfbe027d99b89382ea7940270cf8f0a552;95a2977ee5c1329338d408585f0919a892af2e4585e9a1d9511b9d38d9f48915,planned,not_assessed,0.1.0
1458,Q93092,AlphaFold_DB,AF-Q93092-2-F1,A,held,ALPHAFOLD_ACCESSION_DIFFERS_FROM_CANONICAL,,metadata_held_or_excluded,not_assessed,0.1.0
1459,Q93092,AlphaFold_DB,AF-Q93092-F1,A,candidate,EXACT_FULL_SEQUENCE_LOCAL_QUALITY_PENDING,cf7cbcb41f87128f20a85a5dc0c424bfab1e6f64aa229437f9f9e729429cd07f;fd0f260e89a14a4344d5ef91268f3b62b7a371e0527c7110b88d2b828a282750;415d69ea267d0826ba48d40dc972589e5d1bf630b15aa9fa13a4d74f9712dc9b,planned,not_assessed,0.1.0
1460,Q93092,PDBe_SIFTS,2cwn,A,candidate,MOUSE_SIFTS_CANDIDATE_LOCAL_REVIEW_PENDING,9d939c5b7dd53c73e9d619c90e82789742b7ee1a463a824e393d4e858239f524,planned,not_assessed,0.1.0
1461,Q93092,PDBe_SIFTS,2cwn,B,candidate,MOUSE_SIFTS_CANDIDATE_LOCAL_REVIEW_PENDING,9d939c5b7dd53c73e9d619c90e82789742b7ee1a463a824e393d4e858239f524,planned,not_assessed,0.1.0
1462,Q93092,PDBe_SIFTS,2e1d,A,candidate,MOUSE_SIFTS_CANDIDATE_LOCAL_REVIEW_PENDING,8ea95b4e9211cc88349bb9423a8561eaef213c90eca64643bcef6d5396996a7a,planned,not_assessed,0.1.0
1463,Q93092,PDBe_SIFTS,2e1d,B,candidate,MOUSE_SIFTS_CANDIDATE_LOCAL_REVIEW_PENDING,8ea95b4e9211cc88349bb9423a8561eaef213c90eca64643bcef6d5396996a7a,planned,not_assessed,0.1.0
1464,Q99J79,AlphaFold_DB,AF-Q99J79-F1,A,candidate,EXACT_FULL_SEQUENCE_LOCAL_QUALITY_PENDING,198c90da376093fd9e951f7f21c15d563ae584a552c5ddd7b72beff7aac43507;68e0e308edbc7676eb201eb8f6bccfac3a9a09dbd91c63b68a787f7f22004246;ecfbc71c3a960e0931e520524a3f7c8619ad955da2059da4b4d3b3e426b03734,planned,not_assessed,0.1.0
1465,Q99JF5,AlphaFold_DB,AF-Q99JF5-F1,A,candidate,EXACT_FULL_SEQUENCE_LOCAL_QUALITY_PENDING,cd589c1b8ddb643ff593ac79d665ecb04fe785eff2a55accc639b2c317945306;610289188e0c0341c1fc49d6e21f365bf0f90c8d892ce46642a53e5abadc3bf0;5cef7e9783d5f97850fc3433855b052fce6f074948ecf4d1d6d09a6982810e05,planned,not_assessed,0.1.0
1466,Q99JF5,PDBe_SIFTS,3f0n,A,candidate,MOUSE_SIFTS_CANDIDATE_LOCAL_REVIEW_PENDING,fef38e7b8cb310fdf15127104e3687d74e752643514c4bc012b94e66ed726bf7,planned,not_assessed,0.1.0
1467,Q99JF5,PDBe_SIFTS,3f0n,B,candidate,MOUSE_SIFTS_CANDIDATE_LOCAL_REVIEW_PENDING,fef38e7b8cb310fdf15127104e3687d74e752643514c4bc012b94e66ed726bf7,planned,not_assessed,0.1.0
1468,Q99LF1,AlphaFold_DB,AF-Q99LF1-F1,A,candidate,EXACT_FULL_SEQUENCE_LOCAL_QUALITY_PENDING,27c8d745cbdaeb0ff8342eb9f4cc8f69278a92036e15d574114c881715b2f6db;d4928766fffeb621fabf9efa9f9e2ec35a6429b071314171e4ae77e621c389a2;331099fca9eeff633151400e6566a816f23f9052201982b5e2cf772f3d517f07,planned,not_assessed,0.1.0
1469,Q99MQ4,AlphaFold_DB,AF-Q99MQ4-F1,A,candidate,EXACT_FULL_SEQUENCE_LOCAL_QUALITY_PENDING,8681b47f51b5b38d3795fba21c346b341c331cf35cdd6b8614dd591358e2b2de;af86b1b63682f6ba7d98295d3cbb04507c84cb318a3d727057c4f75650dd6ddb;d017b3b7279addf9840c014fd5168274b49f5d556d6e6f1b867af07b5d3d22fd,planned,not_assessed,0.1.0
1470,Q99MR1,AlphaFold_DB,AF-Q99MR1-F1,A,candidate,EXACT_FULL_SEQUENCE_LOCAL_QUALITY_PENDING,8aacb61083b82d2b807ed82d654effa572d5f65f82e162036b8d1da79cb5c08e;049abfde5b7ed3c562a4217943cf1ef2fe3465ea46ab8745481b3cac9ff5b9ff;f5ad554365948ceeb77fd2f98810f0a6b66e95251febb64360393fd6681aa6e3,planned,not_assessed,0.1.0
1471,Q99N05,AlphaFold_DB,AF-Q99N05-F1,A,candidate,EXACT_FULL_SEQUENCE_LOCAL_QUALITY_PENDING,f34e3f1736f22c3be0410193ce884f514c679a579c48a923f640a661bdc95886;5e58d631da6d1acfdadef1266ae7927ab1fa360135522df3dfd6d04e4f9d18cb;fa89cc3b45f13f5d4a3ec21a48976007c932d01a08f525dc21c89d20aa98b2fe,planned,not_assessed,0.1.0
1472,Q99N09,AlphaFold_DB,AF-Q99N09-F1,A,candidate,EXACT_FULL_SEQUENCE_LOCAL_QUALITY_PENDING,6f04ea17bed8cf7ef18c385b1b6e90d2badebd036ec549004de7c93e6c808922;cb11085c0c2cb2173a446660f83ceead2baadd0a18e3695b383a5ef204a2105a;f4caa285919cf7ef661ba7f5ce99be3a0979275d4d846719fa4930960b7d9a7c,planned,not_assessed,0.1.0
1473,Q99N48,AlphaFold_DB,AF-Q99N48-2-F1,A,held,ALPHAFOLD_ACCESSION_DIFFERS_FROM_CANONICAL,,metadata_held_or_excluded,not_assessed,0.1.0
1474,Q99N48,AlphaFold_DB,AF-Q99N48-3-F1,A,held,ALPHAFOLD_ACCESSION_DIFFERS_FROM_CANONICAL,,metadata_held_or_excluded,not_assessed,0.1.0
1475,Q99N48,AlphaFold_DB,AF-Q99N48-4-F1,A,held,ALPHAFOLD_ACCESSION_DIFFERS_FROM_CANONICAL,,metadata_held_or_excluded,not_assessed,0.1.0
1476,Q99N48,AlphaFold_DB,AF-Q99N48-5-F1,A,held,ALPHAFOLD_ACCESSION_DIFFERS_FROM_CANONICAL,,metadata_held_or_excluded,not_assessed,0.1.0
1477,Q99N48,AlphaFold_DB,AF-Q99N48-F1,A,candidate,EXACT_FULL_SEQUENCE_LOCAL_QUALITY_PENDING,ae02444dda62d4a35b35a385d4c2e7e9507071e422181c5fae910f702d3e3dcb;089b36f12a8cd6e0002d6bb3c26c4f7e48d1f8d2b56acafcd68a4b13bc41ac8a;a56ce064c980eafb10b76c6aad314fe480bff4ff4b02ad26400564bf2746c944,planned,not_assessed,0.1.0
1478,Q99N90,AlphaFold_DB,AF-Q99N90-F1,A,candidate,EXACT_FULL_SEQUENCE_LOCAL_QUALITY_PENDING,357524058cb22fcc3c36f1f6e372a91e22d7073d88130cc8227bc7a1d9be265f;4083576a9bfec03e001038c678ab5f57640acc0ff9d1def4fe469bd91f402ec7;d3ab70d979fb778740a637bd90b174b7878786ba84654544483b5bb41ac649ac,planned,not_assessed,0.1.0
1479,Q99N90,PDBe_SIFTS,9e9c,4,candidate,MOUSE_SIFTS_CANDIDATE_LOCAL_REVIEW_PENDING,835174b73e545834e529d26e9b998d9e3ad91383224efed069e601d2b093e743,planned,not_assessed,0.1.0
1480,Q99N90,PDBe_SIFTS,9hcf,4,candidate,MOUSE_SIFTS_CANDIDATE_LOCAL_REVIEW_PENDING,82c48199fedb9b11f3f6243e3c42532edae75910256f554caeb5b7070365d5ce,planned,not_assessed,0.1.0
1481,Q99N90,PDBe_SIFTS,9hcg,4,candidate,MOUSE_SIFTS_CANDIDATE_LOCAL_REVIEW_PENDING,9977f04f348db2caa0d2680ebe3fdd2a052c692b9f28caf24706effc40861dcb,planned,not_assessed,0.1.0
1482,Q99N90,PDBe_SIFTS,9hch,4,candidate,MOUSE_SIFTS_CANDIDATE_LOCAL_REVIEW_PENDING,503b2025fee6692c75c94dfb8ebeb6024a338e7c34d13c10fba12bc8b9a6971a,planned,not_assessed,0.1.0
1483,Q99N91,AlphaFold_DB,AF-Q99N91-F1,A,candidate,EXACT_FULL_SEQUENCE_LOCAL_QUALITY_PENDING,7cc7d6044e1c250784dc18f9376abdcc52d89d7afd7160812676b933c9e3aef8;243cf1449f8023bdce6a4459e467133d86def0fef61489888e3a949b66623a83;feb46942fd489d18fbe9cee139f97fafc0383c63251afa83ece58f6a61fd9bc7,planned,not_assessed,0.1.0
1484,Q99N91,PDBe_SIFTS,9e9c,2,candidate,MOUSE_SIFTS_CANDIDATE_LOCAL_REVIEW_PENDING,835174b73e545834e529d26e9b998d9e3ad91383224efed069e601d2b093e743,planned,not_assessed,0.1.0
1485,Q99N91,PDBe_SIFTS,9hcf,2,candidate,MOUSE_SIFTS_CANDIDATE_LOCAL_REVIEW_PENDING,82c48199fedb9b11f3f6243e3c42532edae75910256f554caeb5b7070365d5ce,planned,not_assessed,0.1.0
1486,Q99N91,PDBe_SIFTS,9hcg,2,candidate,MOUSE_SIFTS_CANDIDATE_LOCAL_REVIEW_PENDING,9977f04f348db2caa0d2680ebe3fdd2a052c692b9f28caf24706effc40861dcb,planned,not_assessed,0.1.0
1487,Q99N91,PDBe_SIFTS,9hch,2,candidate,MOUSE_SIFTS_CANDIDATE_LOCAL_REVIEW_PENDING,503b2025fee6692c75c94dfb8ebeb6024a338e7c34d13c10fba12bc8b9a6971a,planned,not_assessed,0.1.0
1488,Q99P47,AlphaFold_DB,AF-Q99P47-F1,A,candidate,EXACT_FULL_SEQUENCE_LOCAL_QUALITY_PENDING,4a1c4dd011f281bcac4d46d666f672dae7a03d2c76e19d92ecc57031de9767f9;2f59e6492a68356ad45d5d718ec2640d39fb52b290d93b97ac63741834d74017;73e5c68d988088a6ee7285a213a2c07c1f1050907215015796d2170aeace0f2e,planned,not_assessed,0.1.0
1489,Q99PI4,AlphaFold_DB,AF-Q99PI4-F1,A,candidate,EXACT_FULL_SEQUENCE_LOCAL_QUALITY_PENDING,ac81ea3b676085339c2b11b94844156a5f0b24370bab9c9107b3f729fdfc979f;5a11482259664869edf8086ee4dd5f0d317d62ad5606289da6cc8404e06e71f9;1ce84e5a601e70e21ee6d87e89d82f5997f172932237d1dc37705f96bc8ab850,planned,not_assessed,0.1.0
1490,Q99PL8,AlphaFold_DB,AF-Q99PL8-F1,A,candidate,EXACT_FULL_SEQUENCE_LOCAL_QUALITY_PENDING,36891501e8838a248fd052c26be0407999494fd9458166bfa40fb26b0b6932d9;07aedeb20d8484f29859711a30571ab9679f7ad7fa5164e7331b9b0a3c416545;67feabedf9a71fcd08ee3f826cd703b4419a622778ed6b9956c33d51e6464d09,planned,not_assessed,0.1.0
1491,Q99PU5,AlphaFold_DB,AF-Q99PU5-F1,A,candidate,EXACT_FULL_SEQUENCE_LOCAL_QUALITY_PENDING,dc5621224267c3a36aa9c8867e1f8fd6e2e65ed381c2d7ee9a347f7a69ce194e;273e9b8028a4f2e85ca38117af9c03802dd07b36c2e1e4ad8bcb1223ecb80524;06ba55a4c83f2d5ddc0d075e5f226586a7b517bc1776fe544a5407bf7284e169,planned,not_assessed,0.1.0
1492,Q9CPU0,AlphaFold_DB,AF-Q9CPU0-F1,A,candidate,EXACT_FULL_SEQUENCE_LOCAL_QUALITY_PENDING,ad175249200543bafb1fa19295dbf88b37eec88252461e99105918e56d8eeb35;a940cd1acf08144d8a81a635b1f35be53160e7f7acae1c5eda4d1a1e03fc1334;c84605b0b550c8c37281ec76aa8de093302305d29f4d7faf6f059b4246704929,planned,not_assessed,0.1.0
1493,Q9CPU0,PDBe_SIFTS,2za0,A,candidate,MOUSE_SIFTS_CANDIDATE_LOCAL_REVIEW_PENDING,80c909cf13a7a7fa123c957a4d9268e0564858359c7f418f60bd86ea648b0bf1,planned,not_assessed,0.1.0
1494,Q9CPU0,PDBe_SIFTS,2za0,B,candidate,MOUSE_SIFTS_CANDIDATE_LOCAL_REVIEW_PENDING,80c909cf13a7a7fa123c957a4d9268e0564858359c7f418f60bd86ea648b0bf1,planned,not_assessed,0.1.0
1495,Q9CPU0,PDBe_SIFTS,4kyh,A,candidate,MOUSE_SIFTS_CANDIDATE_LOCAL_REVIEW_PENDING,7148f1f05b60597564148b61e5478bd99f88fb92e3031a0633b4aefd268241ae,planned,not_assessed,0.1.0
1496,Q9CPU0,PDBe_SIFTS,4kyh,B,candidate,MOUSE_SIFTS_CANDIDATE_LOCAL_REVIEW_PENDING,7148f1f05b60597564148b61e5478bd99f88fb92e3031a0633b4aefd268241ae,planned,not_assessed,0.1.0
1497,Q9CPU0,PDBe_SIFTS,4kyk,A,candidate,MOUSE_SIFTS_CANDIDATE_LOCAL_REVIEW_PENDING,99efa41032c1bc57555ee7be53212b1e11813504510c8527a98eda6c0a93050d,planned,not_assessed,0.1.0
1498,Q9CPU0,PDBe_SIFTS,4kyk,B,candidate,MOUSE_SIFTS_CANDIDATE_LOCAL_REVIEW_PENDING,99efa41032c1bc57555ee7be53212b1e11813504510c8527a98eda6c0a93050d,planned,not_assessed,0.1.0
1499,Q9CPU0,PDBe_SIFTS,4opn,A,candidate,MOUSE_SIFTS_CANDIDATE_LOCAL_REVIEW_PENDING,847ecc79f87817614dc1f7106887a3fd66816f337c38e8179716f255495fbf6d,planned,not_assessed,0.1.0
1500,Q9CPU0,PDBe_SIFTS,4opn,B,candidate,MOUSE_SIFTS_CANDIDATE_LOCAL_REVIEW_PENDING,847ecc79f87817614dc1f7106887a3fd66816f337c38e8179716f255495fbf6d,planned,not_assessed,0.1.0
1501,Q9CPU0,PDBe_SIFTS,4pv5,A,candidate,MOUSE_SIFTS_CANDIDATE_LOCAL_REVIEW_PENDING,eea28ca6fba3f07b42c1d656816bb601d513851c2db6ad1a8f66517a03618693,planned,not_assessed,0.1.0
1502,Q9CPU0,PDBe_SIFTS,4pv5,B,candidate,MOUSE_SIFTS_CANDIDATE_LOCAL_REVIEW_PENDING,eea28ca6fba3f07b42c1d656816bb601d513851c2db6ad1a8f66517a03618693,planned,not_assessed,0.1.0
1503,Q9CPU0,PDBe_SIFTS,4x2a,A,candidate,MOUSE_SIFTS_CANDIDATE_LOCAL_REVIEW_PENDING,9d9a5adcd754f66bfe91f85c57dcfa67c0e3144ed880f8291a5d0e8d23ad59ea,planned,not_assessed,0.1.0
1504,Q9CPU0,PDBe_SIFTS,4x2a,B,candidate,MOUSE_SIFTS_CANDIDATE_LOCAL_REVIEW_PENDING,9d9a5adcd754f66bfe91f85c57dcfa67c0e3144ed880f8291a5d0e8d23ad59ea,planned,not_assessed,0.1.0
1505,Q9CPU0,PDBe_SIFTS,6l0u,A,candidate,MOUSE_SIFTS_CANDIDATE_LOCAL_REVIEW_PENDING,5f8b5f04295039e7450201b74ec9cf28e12daa9be7a4abb7a586f281d40bfd5f,planned,not_assessed,0.1.0
1506,Q9CPU0,PDBe_SIFTS,6l0u,B,candidate,MOUSE_SIFTS_CANDIDATE_LOCAL_REVIEW_PENDING,5f8b5f04295039e7450201b74ec9cf28e12daa9be7a4abb7a586f281d40bfd5f,planned,not_assessed,0.1.0
1507,Q9CPV9,AlphaFold_DB,AF-Q9CPV9-F1,A,candidate,EXACT_FULL_SEQUENCE_LOCAL_QUALITY_PENDING,a9c4b8ce2e81def977b59f4375080e44d408c5bb5d32618b33973d30d6a597de;33602c08f62a58d66247db0e9765ae637873196b5c0df9d6ea9c119f630809b3;de27b8696781a0c472e1283eaaae88175c8df368caef951cc60e5f653fb67b5e,planned,not_assessed,0.1.0
1508,Q9CQ00,AlphaFold_DB,AF-Q9CQ00-F1,A,candidate,EXACT_FULL_SEQUENCE_LOCAL_QUALITY_PENDING,3fb304e18ade97edce168414b3c4a21a2753d35630af6af8601d2b3f116562fe;bdc62588765c0ef9d89f858b8a90eebf00bb25119740ecfc0110eda76ebc006b;fde45235563d181bd8f9a5ca620ce67ca5fd6e498dfa4eed9e20e89ff1c58bb1,planned,not_assessed,0.1.0
1509,Q9CQ02,AlphaFold_DB,AF-Q9CQ02-F1,A,candidate,EXACT_FULL_SEQUENCE_LOCAL_QUALITY_PENDING,aabbd77f6874f9a3f9182ee47a7c3e48d8da09428d1deb1fb7c60e5fe82e142f;56293d87a9c11ae66a0cb6caf96c38191791c3b376b022e62d684c700ad752d6;fb0efb24190cf0956689829a2b36078123a77f6d5853276ae944abd1bbfc9b13,planned,not_assessed,0.1.0
1510,Q9CQ19,AlphaFold_DB,AF-Q9CQ19-F1,A,candidate,EXACT_FULL_SEQUENCE_LOCAL_QUALITY_PENDING,a659aa714f05ceee5a3cc780b6aada40ca2f7521ba81ca2deace56772578ab86;9f4a3d1ade084cfe6bc0e88cb47b9cc678b4a97f97e2aabdc705698d63cafad2;800a6f40a5fe1efcf56337130370754051edd836a9188107ac5d61697dab931e,planned,not_assessed,0.1.0
1511,Q9CQ86,AlphaFold_DB,AF-Q9CQ86-F1,A,candidate,EXACT_FULL_SEQUENCE_LOCAL_QUALITY_PENDING,7a590287e3c53e183ae5680a1cd963854a254b87a9dbdee73a12462697b9093c;d380c70178d1afee123bd49fc5e15f07230e379c31e00959df645d8552f4c6c9;92ee3e4f3ccc80c71278d8b4ebb7f1b9fd453109d5bc7f547405059f8e913818,planned,not_assessed,0.1.0
1512,Q9CQG2,AlphaFold_DB,AF-Q9CQG2-2-F1,A,held,ALPHAFOLD_ACCESSION_DIFFERS_FROM_CANONICAL,,metadata_held_or_excluded,not_assessed,0.1.0
1513,Q9CQG2,AlphaFold_DB,AF-Q9CQG2-F1,A,candidate,EXACT_FULL_SEQUENCE_LOCAL_QUALITY_PENDING,e4943b22824c20f9ae949e030701303597e597a0a589976c6c8720fc006c3693;4022d53bdc8ac1251d6db02942efe5c703a3a0f010701f87c1af9786ce5f295e;48f25260a5cae1a892956d41988ffe5da498fae7b3ec898f16b67bf05a8894c8,planned,not_assessed,0.1.0
1514,Q9CQJ5,AlphaFold_DB,AF-Q9CQJ5-F1,A,candidate,EXACT_FULL_SEQUENCE_LOCAL_QUALITY_PENDING,5c499b671d693853f5635215ea03c682bf679d1a864a0e56aaa1ece04b91a2fc;ccef33a645126e3c8be324bd4267d8f29d9a147f4da2658aae9996185cfbd5c9;4aaee6c453986b9288067ea2963cc6d06c7edd12502bdef3007cdff9bb2acd0f,planned,not_assessed,0.1.0
1515,Q9CQM5,AlphaFold_DB,AF-Q9CQM5-F1,A,candidate,EXACT_FULL_SEQUENCE_LOCAL_QUALITY_PENDING,c63be352a7121043dad1b7db53302523ea58b6aaa56b0a00cc699d817b969d3c;cd95df76d1344f56ba490c4b013817580a31edfdd892cd86f1bc3478c04453c2;6771da1c072e2f4ee1dd63c0cc20faf0afa07dd63f13f7fe5d3a2a5fe92e3790,planned,not_assessed,0.1.0
1516,Q9CQM5,PDBe_SIFTS,1v9w,A,candidate,MOUSE_SIFTS_CANDIDATE_LOCAL_REVIEW_PENDING,fde60214845d3e676328c325055b846653ceafef61f5a4e6fd03d3d5194f753f,planned,not_assessed,0.1.0
1517,Q9CQP8,AlphaFold_DB,AF-Q9CQP8-F1,A,candidate,EXACT_FULL_SEQUENCE_LOCAL_QUALITY_PENDING,55a790a05dd685008d4ab0efeb7e82640dbdf1f51204542d0e0c5cae144c933e;228efe3e91061df73bfe6853930a0e99b62583fde6200f7694742c8bb2c8976f;0420b80ad6103e5d746dc0f654a71d2964291ae279249e2bb98423fc17a082c7,planned,not_assessed,0.1.0
1518,Q9CQP8,PDBe_SIFTS,7eeb,K,candidate,MOUSE_SIFTS_CANDIDATE_LOCAL_REVIEW_PENDING,ac86b992b45904b6c4df3def14e4ee0c1197e2ab03486c3cf0c4b9915630e202,planned,not_assessed,0.1.0
1519,Q9CQP8,PDBe_SIFTS,9lwo,C,candidate,MOUSE_SIFTS_CANDIDATE_LOCAL_REVIEW_PENDING,9711bf225be09ab3af272a7c0c79d787bf651631238a406f0e8c10625c5a7df3,planned,not_assessed,0.1.0
1520,Q9CQP8,PDBe_SIFTS,9ubw,K,candidate,MOUSE_SIFTS_CANDIDATE_LOCAL_REVIEW_PENDING,070c45eb8d6e394466067bc5a20c06a2deacbbbc69d864bbd4b7a85a43339682,planned,not_assessed,0.1.0
1521,Q9CQP8,PDBe_SIFTS,9ubw,k,candidate,MOUSE_SIFTS_CANDIDATE_LOCAL_REVIEW_PENDING,070c45eb8d6e394466067bc5a20c06a2deacbbbc69d864bbd4b7a85a43339682,planned,not_assessed,0.1.0
1522,Q9CQP8,PDBe_SIFTS,9ubx,K,candidate,MOUSE_SIFTS_CANDIDATE_LOCAL_REVIEW_PENDING,e91a330420432d7b049f760bb763c557c52256b6c44784374eb95cf8125b1264,planned,not_assessed,0.1.0
1523,Q9CQP8,PDBe_SIFTS,9ubx,k,candidate,MOUSE_SIFTS_CANDIDATE_LOCAL_REVIEW_PENDING,e91a330420432d7b049f760bb763c557c52256b6c44784374eb95cf8125b1264,planned,not_assessed,0.1.0
1524,Q9CQP8,PDBe_SIFTS,9ubx,x,candidate,MOUSE_SIFTS_CANDIDATE_LOCAL_REVIEW_PENDING,e91a330420432d7b049f760bb763c557c52256b6c44784374eb95cf8125b1264,planned,not_assessed,0.1.0
1525,Q9CQS2,AlphaFold_DB,AF-Q9CQS2-F1,A,candidate,EXACT_FULL_SEQUENCE_LOCAL_QUALITY_PENDING,6814e42832153e658bc3ec4960e4643b6054b1c37c29ce54dc47a69b28cf0cd9;05030eff8d8697e549a7fadcbc3ce967e30b372b5cffe445f5247cfa0b53a704;51f54e89cb5368ad948bde7120254687146627890b8f332d936a677f0d919ee3,planned,not_assessed,0.1.0
1526,Q9CR10,AlphaFold_DB,AF-Q9CR10-F1,A,candidate,EXACT_FULL_SEQUENCE_LOCAL_QUALITY_PENDING,1ab50f2e50706a1d619a045277c5662ed015aebdb7e40bc6fd0193a3e418cfb5;1e0899d6ac979c967fb9dad5e4c5bbea911ec8d2d479f35d888b4ddfa26d6814;34d2f91a9a7fac8aa27d2fdd26406f2f3458adb398ae28f4cef1602099c34591,planned,not_assessed,0.1.0
1527,Q9CR50,AlphaFold_DB,AF-Q9CR50-F1,A,candidate,EXACT_FULL_SEQUENCE_LOCAL_QUALITY_PENDING,e592fbdb4376806b6ac5afff5df9a5477ecad953fef2a084c6d1bed302fa90f5;3616310457ae956bafcb5e6eb43990da98a5ff9b05a1dee86d8529e0088c7aad;8976853e8f4f4bf382a77097326ff9ff09a1a2aa4de4f5340edc1c31df7bf9aa,planned,not_assessed,0.1.0
1528,Q9CR50,PDBe_SIFTS,2dkt,A,candidate,MOUSE_SIFTS_CANDIDATE_LOCAL_REVIEW_PENDING,df299e17890497d514f4b801478bf8b0fc97cb5c136c146af3e1bc078bbcfba7,planned,not_assessed,0.1.0
1529,Q9CR50,PDBe_SIFTS,2ecm,A,candidate,MOUSE_SIFTS_CANDIDATE_LOCAL_REVIEW_PENDING,a00103f70c8a4097b9fcf7d095b29ea1c0dd5c3262bb9497ab7148f9e9afee04,planned,not_assessed,0.1.0
1530,Q9CR75,AlphaFold_DB,AF-Q9CR75-F1,A,candidate,EXACT_FULL_SEQUENCE_LOCAL_QUALITY_PENDING,997f20f1d59a35ca9049a86d44dc71e9c6c2ab7eea7bc9b828de1f2a18cd9910;fcf4e76ac336df0a48c94139b85f37aeedf4d609d017758146c08076e61b38c7;4ac114cfd79a90b61e12ac8358a23a4b593d62faad74b554e8d7be5a16355d7d,planned,not_assessed,0.1.0
1531,Q9CR84,AlphaFold_DB,AF-0000000010026370,A,held,ALPHAFOLD_MOUSE_TAXONOMY_NOT_CONFIRMED,,metadata_held_or_excluded,not_assessed,0.1.0
1532,Q9CR84,AlphaFold_DB,AF-Q9CR84-F1,A,candidate,EXACT_FULL_SEQUENCE_LOCAL_QUALITY_PENDING,f9c363bc1416fae7623f180feb2f8227d56aad59dd9b3b927697c3198d495897;ba2206237caecb9ccbab3a94c1259e365942ccfcab8f35d715765361039873f2;329626760201d44463d34794b13ca57914fbea23c5c36ad8e539bcd981887c7e,planned,not_assessed,0.1.0
1533,Q9CR96,AlphaFold_DB,AF-Q9CR96-2-F1,A,held,ALPHAFOLD_ACCESSION_DIFFERS_FROM_CANONICAL,,metadata_held_or_excluded,not_assessed,0.1.0
1534,Q9CR96,AlphaFold_DB,AF-Q9CR96-F1,A,candidate,EXACT_FULL_SEQUENCE_LOCAL_QUALITY_PENDING,033aac5cbda2e9ca1f811726a218e3547210b6ef3869d3cab11b5cdb12e5f98e;fcd58b4840fee6201e1bbeecf25f1685bfd642891db66b3012109a1d08def08c;2c2d323da998f5df14c5d36483891b2a438c1cb235f1ec9009b1ab99580fcfa5,planned,not_assessed,0.1.0
1535,Q9CR98,AlphaFold_DB,AF-Q9CR98-F1,A,candidate,EXACT_FULL_SEQUENCE_LOCAL_QUALITY_PENDING,fa3be9794b709faaa6b1e4fdc6aa94c103e197ab13780b17c5a4c11a25dcb88e;5f6ec5a9d34ef32bcd2a4fca396e7b6a69740b677f71275a492617237fa1e77e;4ddd78ca6cca752258de20ec76ffd2e302ff4d225245efa1a5ed1bd1d0c55415,planned,not_assessed,0.1.0
1536,Q9CRA4,AlphaFold_DB,AF-Q9CRA4-F1,A,candidate,EXACT_FULL_SEQUENCE_LOCAL_QUALITY_PENDING,3a93fa5dccdcf146dad1f83c1f83d6ebf1eb178a5d65a803b9d4d85a6f8d5425;706b2d1256152738b8f90fb3956443cf4a16dd7825897b963c6daa6962875c5b;57bae14f20813eeda8def50a50e7bc400b46eebaeb41eadfd9d5338b97f6fd8d,planned,not_assessed,0.1.0
1537,Q9CW03,AlphaFold_DB,AF-Q9CW03-F1,A,candidate,EXACT_FULL_SEQUENCE_LOCAL_QUALITY_PENDING,649570aa5e01a63104654f5edac38a33cdd456a2380a8e9a10dd8da0d6303bf7;a444db08852946ce17eb3c96e831d589bf04f50ba7d113c2d8568da9c07cefc8;5ecb9e81111def545b176ff66acef70050bc869cf4cd92967ea9d020268db265,planned,not_assessed,0.1.0
1538,Q9CW03,PDBe_SIFTS,2wd5,B,candidate,MOUSE_SIFTS_CANDIDATE_LOCAL_REVIEW_PENDING,0dc2a118d632e041dbbff1bb0a442ada786085cd925b8134445a1ddea48db0e1,planned,not_assessed,0.1.0
1539,Q9CW03,PDBe_SIFTS,7dg5,B,candidate,MOUSE_SIFTS_CANDIDATE_LOCAL_REVIEW_PENDING,fd18d4d1e3467837ea2f47a28d133b45a26db82e5003401d045f1adc517899d9,planned,not_assessed,0.1.0
1540,Q9CW03,PDBe_SIFTS,7dg5,D,candidate,MOUSE_SIFTS_CANDIDATE_LOCAL_REVIEW_PENDING,fd18d4d1e3467837ea2f47a28d133b45a26db82e5003401d045f1adc517899d9,planned,not_assessed,0.1.0
1541,Q9CWF2,AlphaFold_DB,AF-Q9CWF2-F1,A,candidate,EXACT_FULL_SEQUENCE_LOCAL_QUALITY_PENDING,9aa13f19c7abac0173dff930c5adef816e95ee91ad6d4ea9ac5238100daea8d3;64f034e86c9ccf6c35e8ef0220cfdab04ca798dbf46b296d2e509c6fc4d716b7;de4e604affc0b47d52bc6f06ce9d622582feb733a79986c660bcdb4cafb4d21d,planned,not_assessed,0.1.0
1542,Q9CWF2,PDBe_SIFTS,9w2m,M,candidate,MOUSE_SIFTS_CANDIDATE_LOCAL_REVIEW_PENDING,513bf717942ef33d188d54a9fde7cc06697ebeca7668df87dba403ec5ebb12a6,planned,not_assessed,0.1.0
1543,Q9CWF2,PDBe_SIFTS,9w2m,m,candidate,MOUSE_SIFTS_CANDIDATE_LOCAL_REVIEW_PENDING,513bf717942ef33d188d54a9fde7cc06697ebeca7668df87dba403ec5ebb12a6,planned,not_assessed,0.1.0
1544,Q9CX84,AlphaFold_DB,AF-Q9CX84-F1,A,candidate,EXACT_FULL_SEQUENCE_LOCAL_QUALITY_PENDING,34c7cd607d07b5f99e3818f5e6fb4d2f13032203878084b9b49a1f52305b4144;244a1d1666e329dd9ea369c52699dc133c2eec319a7f2223a578a60312279f9e;6cbf3062e0ed63370937de4c091e564588cffb0d81f317bc5d0f7d46690880ed,planned,not_assessed,0.1.0
1545,Q9CXC9,AlphaFold_DB,AF-Q9CXC9-F1,A,candidate,EXACT_FULL_SEQUENCE_LOCAL_QUALITY_PENDING,712ff073f83f6a6f3d7f9c6e43f78fe39c535df54ef6c7be8373b2bab665814b;f99e7e22ce4835a09b38de4b54363886532400b5a0766b2a4371645a6a42ec9f;95374be47520339c1c0db2927e530c7e85631b739f5ab9298a1c80588398d5d2,planned,not_assessed,0.1.0
1546,Q9CY45,AlphaFold_DB,AF-Q9CY45-F1,A,candidate,EXACT_FULL_SEQUENCE_LOCAL_QUALITY_PENDING,5c4257fcee9b254d057c23cd792ec62d475621dd1de44f2339c6221306bbd496;d524f864d16e491ec2a2adce98d8162f355ad01a5ba4a78498880498daa336c9;4eae28b5330292e7524508672f3a3d5d33d246718662a30722f0c73ef8ad06f0,planned,not_assessed,0.1.0
1547,Q9CY64,AlphaFold_DB,AF-Q9CY64-F1,A,candidate,EXACT_FULL_SEQUENCE_LOCAL_QUALITY_PENDING,f84228fe90e8a0ef87be614cdd0bb303cc825beaf8e790058adb1fc3e74f12c9;6e1ca1a54515e57ae4438c5e2fc9b463f26a509ff6ae563bfe4b58291bd0fbd6;ccd6ea076e56c97a08ee95b3101fb753cdfe7542f0e19d582d136bab2f1504bc,planned,not_assessed,0.1.0
1548,Q9CYQ7,AlphaFold_DB,AF-Q9CYQ7-F1,A,candidate,EXACT_FULL_SEQUENCE_LOCAL_QUALITY_PENDING,f7b0d9f8dc1f05d51bd21cc7b1c4d0496ce325a9cc5b443073748ee4d2582230;1da512bf93865666e3e811f5db2a43c46cee8563fc288dcc8cec36b122a905f0;f107640ea3a1694cdaf6edf4f3030c57fe924520c64e06bf38c1e82a71f1ac32,planned,not_assessed,0.1.0
1549,Q9CZH3,AlphaFold_DB,AF-Q9CZH3-F1,A,candidate,EXACT_FULL_SEQUENCE_LOCAL_QUALITY_PENDING,e7ad7f3e68e7f28c6ee45424fff02e245003022c338202a23abd865a8c75da37;b2442fde87299342b92c8e8108f7e786b5e6bab8f9aaefa5a03f50732cc28c6a;b2c117ec9b612e24a88c19176aae9186a820e9b592f0b76ed1eab08cbe94dd68,planned,not_assessed,0.1.0
1550,Q9CZI9,AlphaFold_DB,AF-Q9CZI9-2-F1,A,held,ALPHAFOLD_ACCESSION_DIFFERS_FROM_CANONICAL,,metadata_held_or_excluded,not_assessed,0.1.0
1551,Q9CZI9,AlphaFold_DB,AF-Q9CZI9-F1,A,candidate,EXACT_FULL_SEQUENCE_LOCAL_QUALITY_PENDING,ecddfbf250eddb167cab6dbe9b4046ffb75abf5c41068a172b7f742b49c6d77e;a19d8b26e02b251059495764c74f3b6507d4cb6423d8940a7bdbb042731044e2;98269deacfacf7c9c849e3439cb4798cb2205650d660c40df8683c39e66de24a,planned,not_assessed,0.1.0
1552,Q9CZP5,AlphaFold_DB,AF-Q9CZP5-F1,A,candidate,EXACT_FULL_SEQUENCE_LOCAL_QUALITY_PENDING,404890326079aafe6ba99345b3dfddb8f2ab4d644dd4d0fda35830193966a87a;0296ef80ad1fa5c48e378a93a43be4a48b7a470a85a595c967fd7e7a2e8a77f4;9f0fb6e00b6c2a24c114725b26ac2026505c9cebcb03aa8bf0fe4220f712a4d0,planned,not_assessed,0.1.0
1553,Q9CZP5,PDBe_SIFTS,6u1y,A,candidate,MOUSE_SIFTS_CANDIDATE_LOCAL_REVIEW_PENDING,2d070e7cb744e195da2bbf0a35804107e8bcdc900b79454f63698800f60d2c6c,planned,not_assessed,0.1.0
1554,Q9CZP5,PDBe_SIFTS,6u1y,B,candidate,MOUSE_SIFTS_CANDIDATE_LOCAL_REVIEW_PENDING,2d070e7cb744e195da2bbf0a35804107e8bcdc900b79454f63698800f60d2c6c,planned,not_assessed,0.1.0
1555,Q9CZP5,PDBe_SIFTS,6u1y,C,candidate,MOUSE_SIFTS_CANDIDATE_LOCAL_REVIEW_PENDING,2d070e7cb744e195da2bbf0a35804107e8bcdc900b79454f63698800f60d2c6c,planned,not_assessed,0.1.0
1556,Q9CZP5,PDBe_SIFTS,6u1y,D,candidate,MOUSE_SIFTS_CANDIDATE_LOCAL_REVIEW_PENDING,2d070e7cb744e195da2bbf0a35804107e8bcdc900b79454f63698800f60d2c6c,planned,not_assessed,0.1.0
1557,Q9CZP5,PDBe_SIFTS,6u1y,E,candidate,MOUSE_SIFTS_CANDIDATE_LOCAL_REVIEW_PENDING,2d070e7cb744e195da2bbf0a35804107e8bcdc900b79454f63698800f60d2c6c,planned,not_assessed,0.1.0
1558,Q9CZP5,PDBe_SIFTS,6u1y,F,candidate,MOUSE_SIFTS_CANDIDATE_LOCAL_REVIEW_PENDING,2d070e7cb744e195da2bbf0a35804107e8bcdc900b79454f63698800f60d2c6c,planned,not_assessed,0.1.0
1559,Q9CZP5,PDBe_SIFTS,6u1y,G,candidate,MOUSE_SIFTS_CANDIDATE_LOCAL_REVIEW_PENDING,2d070e7cb744e195da2bbf0a35804107e8bcdc900b79454f63698800f60d2c6c,planned,not_assessed,0.1.0
1560,Q9CZP5,PDBe_SIFTS,6uko,A,candidate,MOUSE_SIFTS_CANDIDATE_LOCAL_REVIEW_PENDING,d0b20879961de6525f0410d2d7ed81cd6157b3624bb4264e9c25d1970cbd3ebe,planned,not_assessed,0.1.0
1561,Q9CZP5,PDBe_SIFTS,6uko,B,candidate,MOUSE_SIFTS_CANDIDATE_LOCAL_REVIEW_PENDING,d0b20879961de6525f0410d2d7ed81cd6157b3624bb4264e9c25d1970cbd3ebe,planned,not_assessed,0.1.0
1562,Q9CZP5,PDBe_SIFTS,6uko,C,candidate,MOUSE_SIFTS_CANDIDATE_LOCAL_REVIEW_PENDING,d0b20879961de6525f0410d2d7ed81cd6157b3624bb4264e9c25d1970cbd3ebe,planned,not_assessed,0.1.0
1563,Q9CZP5,PDBe_SIFTS,6uko,D,candidate,MOUSE_SIFTS_CANDIDATE_LOCAL_REVIEW_PENDING,d0b20879961de6525f0410d2d7ed81cd6157b3624bb4264e9c25d1970cbd3ebe,planned,not_assessed,0.1.0
1564,Q9CZP5,PDBe_SIFTS,6uko,E,candidate,MOUSE_SIFTS_CANDIDATE_LOCAL_REVIEW_PENDING,d0b20879961de6525f0410d2d7ed81cd6157b3624bb4264e9c25d1970cbd3ebe,planned,not_assessed,0.1.0
1565,Q9CZP5,PDBe_SIFTS,6uko,F,candidate,MOUSE_SIFTS_CANDIDATE_LOCAL_REVIEW_PENDING,d0b20879961de6525f0410d2d7ed81cd6157b3624bb4264e9c25d1970cbd3ebe,planned,not_assessed,0.1.0
1566,Q9CZP5,PDBe_SIFTS,6uko,G,candidate,MOUSE_SIFTS_CANDIDATE_LOCAL_REVIEW_PENDING,d0b20879961de6525f0410d2d7ed81cd6157b3624bb4264e9c25d1970cbd3ebe,planned,not_assessed,0.1.0
1567,Q9CZP5,PDBe_SIFTS,6ukp,A,candidate,MOUSE_SIFTS_CANDIDATE_LOCAL_REVIEW_PENDING,abae0ed6f92a8c730b80d950ca5c146ad6b8e5e83d9e8a76644c8f3fc0e7744b,planned,not_assessed,0.1.0
1568,Q9CZP5,PDBe_SIFTS,6ukp,B,candidate,MOUSE_SIFTS_CANDIDATE_LOCAL_REVIEW_PENDING,abae0ed6f92a8c730b80d950ca5c146ad6b8e5e83d9e8a76644c8f3fc0e7744b,planned,not_assessed,0.1.0
1569,Q9CZP5,PDBe_SIFTS,6ukp,C,candidate,MOUSE_SIFTS_CANDIDATE_LOCAL_REVIEW_PENDING,abae0ed6f92a8c730b80d950ca5c146ad6b8e5e83d9e8a76644c8f3fc0e7744b,planned,not_assessed,0.1.0
1570,Q9CZP5,PDBe_SIFTS,6ukp,D,candidate,MOUSE_SIFTS_CANDIDATE_LOCAL_REVIEW_PENDING,abae0ed6f92a8c730b80d950ca5c146ad6b8e5e83d9e8a76644c8f3fc0e7744b,planned,not_assessed,0.1.0
1571,Q9CZP5,PDBe_SIFTS,6ukp,E,candidate,MOUSE_SIFTS_CANDIDATE_LOCAL_REVIEW_PENDING,abae0ed6f92a8c730b80d950ca5c146ad6b8e5e83d9e8a76644c8f3fc0e7744b,planned,not_assessed,0.1.0
1572,Q9CZP5,PDBe_SIFTS,6ukp,F,candidate,MOUSE_SIFTS_CANDIDATE_LOCAL_REVIEW_PENDING,abae0ed6f92a8c730b80d950ca5c146ad6b8e5e83d9e8a76644c8f3fc0e7744b,planned,not_assessed,0.1.0
1573,Q9CZP5,PDBe_SIFTS,6ukp,G,candidate,MOUSE_SIFTS_CANDIDATE_LOCAL_REVIEW_PENDING,abae0ed6f92a8c730b80d950ca5c146ad6b8e5e83d9e8a76644c8f3fc0e7744b,planned,not_assessed,0.1.0
1574,Q9CZP5,PDBe_SIFTS,6uks,A,candidate,MOUSE_SIFTS_CANDIDATE_LOCAL_REVIEW_PENDING,060756c1ac65ccd33a4e1713638c91442521e353af579417b443129add49c1ae,planned,not_assessed,0.1.0
1575,Q9CZP5,PDBe_SIFTS,6uks,B,candidate,MOUSE_SIFTS_CANDIDATE_LOCAL_REVIEW_PENDING,060756c1ac65ccd33a4e1713638c91442521e353af579417b443129add49c1ae,planned,not_assessed,0.1.0
1576,Q9CZP5,PDBe_SIFTS,6uks,C,candidate,MOUSE_SIFTS_CANDIDATE_LOCAL_REVIEW_PENDING,060756c1ac65ccd33a4e1713638c91442521e353af579417b443129add49c1ae,planned,not_assessed,0.1.0
1577,Q9CZP5,PDBe_SIFTS,6uks,D,candidate,MOUSE_SIFTS_CANDIDATE_LOCAL_REVIEW_PENDING,060756c1ac65ccd33a4e1713638c91442521e353af579417b443129add49c1ae,planned,not_assessed,0.1.0
1578,Q9CZP5,PDBe_SIFTS,6uks,E,candidate,MOUSE_SIFTS_CANDIDATE_LOCAL_REVIEW_PENDING,060756c1ac65ccd33a4e1713638c91442521e353af579417b443129add49c1ae,planned,not_assessed,0.1.0
1579,Q9CZP5,PDBe_SIFTS,6uks,F,candidate,MOUSE_SIFTS_CANDIDATE_LOCAL_REVIEW_PENDING,060756c1ac65ccd33a4e1713638c91442521e353af579417b443129add49c1ae,planned,not_assessed,0.1.0
1580,Q9CZP5,PDBe_SIFTS,6uks,G,candidate,MOUSE_SIFTS_CANDIDATE_LOCAL_REVIEW_PENDING,060756c1ac65ccd33a4e1713638c91442521e353af579417b443129add49c1ae,planned,not_assessed,0.1.0
1581,Q9CZP5,PDBe_SIFTS,8t14,A,candidate,MOUSE_SIFTS_CANDIDATE_LOCAL_REVIEW_PENDING,3de5240bcf6e7398241d4224f84458dd74e2a896b412aa9000899b764f539adf,planned,not_assessed,0.1.0
1582,Q9CZP5,PDBe_SIFTS,8t14,B,candidate,MOUSE_SIFTS_CANDIDATE_LOCAL_REVIEW_PENDING,3de5240bcf6e7398241d4224f84458dd74e2a896b412aa9000899b764f539adf,planned,not_assessed,0.1.0
1583,Q9CZP5,PDBe_SIFTS,8t14,C,candidate,MOUSE_SIFTS_CANDIDATE_LOCAL_REVIEW_PENDING,3de5240bcf6e7398241d4224f84458dd74e2a896b412aa9000899b764f539adf,planned,not_assessed,0.1.0
1584,Q9CZP5,PDBe_SIFTS,8t14,D,candidate,MOUSE_SIFTS_CANDIDATE_LOCAL_REVIEW_PENDING,3de5240bcf6e7398241d4224f84458dd74e2a896b412aa9000899b764f539adf,planned,not_assessed,0.1.0
1585,Q9CZP5,PDBe_SIFTS,8t14,E,candidate,MOUSE_SIFTS_CANDIDATE_LOCAL_REVIEW_PENDING,3de5240bcf6e7398241d4224f84458dd74e2a896b412aa9000899b764f539adf,planned,not_assessed,0.1.0
1586,Q9CZP5,PDBe_SIFTS,8t14,F,candidate,MOUSE_SIFTS_CANDIDATE_LOCAL_REVIEW_PENDING,3de5240bcf6e7398241d4224f84458dd74e2a896b412aa9000899b764f539adf,planned,not_assessed,0.1.0
1587,Q9CZP5,PDBe_SIFTS,8t14,G,candidate,MOUSE_SIFTS_CANDIDATE_LOCAL_REVIEW_PENDING,3de5240bcf6e7398241d4224f84458dd74e2a896b412aa9000899b764f539adf,planned,not_assessed,0.1.0
1588,Q9CZP5,PDBe_SIFTS,8t5u,A,candidate,MOUSE_SIFTS_CANDIDATE_LOCAL_REVIEW_PENDING,fd849c4285891fcdd4e3173ccb6df6eb8d8d6604fc9aafeba681d68d7a28fcb9,planned,not_assessed,0.1.0
1589,Q9CZP5,PDBe_SIFTS,8t5u,B,candidate,MOUSE_SIFTS_CANDIDATE_LOCAL_REVIEW_PENDING,fd849c4285891fcdd4e3173ccb6df6eb8d8d6604fc9aafeba681d68d7a28fcb9,planned,not_assessed,0.1.0
1590,Q9CZP5,PDBe_SIFTS,8t5u,C,candidate,MOUSE_SIFTS_CANDIDATE_LOCAL_REVIEW_PENDING,fd849c4285891fcdd4e3173ccb6df6eb8d8d6604fc9aafeba681d68d7a28fcb9,planned,not_assessed,0.1.0
1591,Q9CZP5,PDBe_SIFTS,8t5u,D,candidate,MOUSE_SIFTS_CANDIDATE_LOCAL_REVIEW_PENDING,fd849c4285891fcdd4e3173ccb6df6eb8d8d6604fc9aafeba681d68d7a28fcb9,planned,not_assessed,0.1.0
1592,Q9CZP5,PDBe_SIFTS,8t5u,E,candidate,MOUSE_SIFTS_CANDIDATE_LOCAL_REVIEW_PENDING,fd849c4285891fcdd4e3173ccb6df6eb8d8d6604fc9aafeba681d68d7a28fcb9,planned,not_assessed,0.1.0
1593,Q9CZP5,PDBe_SIFTS,8t5u,F,candidate,MOUSE_SIFTS_CANDIDATE_LOCAL_REVIEW_PENDING,fd849c4285891fcdd4e3173ccb6df6eb8d8d6604fc9aafeba681d68d7a28fcb9,planned,not_assessed,0.1.0
1594,Q9CZP5,PDBe_SIFTS,8t5u,G,candidate,MOUSE_SIFTS_CANDIDATE_LOCAL_REVIEW_PENDING,fd849c4285891fcdd4e3173ccb6df6eb8d8d6604fc9aafeba681d68d7a28fcb9,planned,not_assessed,0.1.0
1595,Q9CZP5,PDBe_SIFTS,8t7u,A,candidate,MOUSE_SIFTS_CANDIDATE_LOCAL_REVIEW_PENDING,cfed3b88fad3bcc8a5b7f23796837ae33093d060f87711cd6d0060546c2eb51c,planned,not_assessed,0.1.0
1596,Q9CZP5,PDBe_SIFTS,8t7u,B,candidate,MOUSE_SIFTS_CANDIDATE_LOCAL_REVIEW_PENDING,cfed3b88fad3bcc8a5b7f23796837ae33093d060f87711cd6d0060546c2eb51c,planned,not_assessed,0.1.0
1597,Q9CZP5,PDBe_SIFTS,8t7u,C,candidate,MOUSE_SIFTS_CANDIDATE_LOCAL_REVIEW_PENDING,cfed3b88fad3bcc8a5b7f23796837ae33093d060f87711cd6d0060546c2eb51c,planned,not_assessed,0.1.0
1598,Q9CZP5,PDBe_SIFTS,8t7u,D,candidate,MOUSE_SIFTS_CANDIDATE_LOCAL_REVIEW_PENDING,cfed3b88fad3bcc8a5b7f23796837ae33093d060f87711cd6d0060546c2eb51c,planned,not_assessed,0.1.0
1599,Q9CZP5,PDBe_SIFTS,8t7u,E,candidate,MOUSE_SIFTS_CANDIDATE_LOCAL_REVIEW_PENDING,cfed3b88fad3bcc8a5b7f23796837ae33093d060f87711cd6d0060546c2eb51c,planned,not_assessed,0.1.0
1600,Q9CZP5,PDBe_SIFTS,8t7u,F,candidate,MOUSE_SIFTS_CANDIDATE_LOCAL_REVIEW_PENDING,cfed3b88fad3bcc8a5b7f23796837ae33093d060f87711cd6d0060546c2eb51c,planned,not_assessed,0.1.0
1601,Q9CZP5,PDBe_SIFTS,8t7u,G,candidate,MOUSE_SIFTS_CANDIDATE_LOCAL_REVIEW_PENDING,cfed3b88fad3bcc8a5b7f23796837ae33093d060f87711cd6d0060546c2eb51c,planned,not_assessed,0.1.0
1602,Q9CZP5,PDBe_SIFTS,8tby,A,candidate,MOUSE_SIFTS_CANDIDATE_LOCAL_REVIEW_PENDING,15ac1774b2e984e9690dc909baaacb3b8f0ee09c38c82abd1c474c0c8a3351c6,planned,not_assessed,0.1.0
1603,Q9CZP5,PDBe_SIFTS,8tby,B,candidate,MOUSE_SIFTS_CANDIDATE_LOCAL_REVIEW_PENDING,15ac1774b2e984e9690dc909baaacb3b8f0ee09c38c82abd1c474c0c8a3351c6,planned,not_assessed,0.1.0
1604,Q9CZP5,PDBe_SIFTS,8tby,C,candidate,MOUSE_SIFTS_CANDIDATE_LOCAL_REVIEW_PENDING,15ac1774b2e984e9690dc909baaacb3b8f0ee09c38c82abd1c474c0c8a3351c6,planned,not_assessed,0.1.0
1605,Q9CZP5,PDBe_SIFTS,8tby,D,candidate,MOUSE_SIFTS_CANDIDATE_LOCAL_REVIEW_PENDING,15ac1774b2e984e9690dc909baaacb3b8f0ee09c38c82abd1c474c0c8a3351c6,planned,not_assessed,0.1.0
1606,Q9CZP5,PDBe_SIFTS,8tby,E,candidate,MOUSE_SIFTS_CANDIDATE_LOCAL_REVIEW_PENDING,15ac1774b2e984e9690dc909baaacb3b8f0ee09c38c82abd1c474c0c8a3351c6,planned,not_assessed,0.1.0
1607,Q9CZP5,PDBe_SIFTS,8tby,F,candidate,MOUSE_SIFTS_CANDIDATE_LOCAL_REVIEW_PENDING,15ac1774b2e984e9690dc909baaacb3b8f0ee09c38c82abd1c474c0c8a3351c6,planned,not_assessed,0.1.0
1608,Q9CZP5,PDBe_SIFTS,8tby,G,candidate,MOUSE_SIFTS_CANDIDATE_LOCAL_REVIEW_PENDING,15ac1774b2e984e9690dc909baaacb3b8f0ee09c38c82abd1c474c0c8a3351c6,planned,not_assessed,0.1.0
1609,Q9CZP5,PDBe_SIFTS,8ti0,A,candidate,MOUSE_SIFTS_CANDIDATE_LOCAL_REVIEW_PENDING,cd2bb6c25c8a83dd379c7f21ce3e0e82edb1373196337a2f4ffe58936a93ccdd,planned,not_assessed,0.1.0
1610,Q9CZP5,PDBe_SIFTS,8ti0,B,candidate,MOUSE_SIFTS_CANDIDATE_LOCAL_REVIEW_PENDING,cd2bb6c25c8a83dd379c7f21ce3e0e82edb1373196337a2f4ffe58936a93ccdd,planned,not_assessed,0.1.0
1611,Q9CZP5,PDBe_SIFTS,8ti0,C,candidate,MOUSE_SIFTS_CANDIDATE_LOCAL_REVIEW_PENDING,cd2bb6c25c8a83dd379c7f21ce3e0e82edb1373196337a2f4ffe58936a93ccdd,planned,not_assessed,0.1.0
1612,Q9CZP5,PDBe_SIFTS,8ti0,D,candidate,MOUSE_SIFTS_CANDIDATE_LOCAL_REVIEW_PENDING,cd2bb6c25c8a83dd379c7f21ce3e0e82edb1373196337a2f4ffe58936a93ccdd,planned,not_assessed,0.1.0
1613,Q9CZP5,PDBe_SIFTS,8ti0,E,candidate,MOUSE_SIFTS_CANDIDATE_LOCAL_REVIEW_PENDING,cd2bb6c25c8a83dd379c7f21ce3e0e82edb1373196337a2f4ffe58936a93ccdd,planned,not_assessed,0.1.0
1614,Q9CZP5,PDBe_SIFTS,8ti0,F,candidate,MOUSE_SIFTS_CANDIDATE_LOCAL_REVIEW_PENDING,cd2bb6c25c8a83dd379c7f21ce3e0e82edb1373196337a2f4ffe58936a93ccdd,planned,not_assessed,0.1.0
1615,Q9CZP5,PDBe_SIFTS,8ti0,G,candidate,MOUSE_SIFTS_CANDIDATE_LOCAL_REVIEW_PENDING,cd2bb6c25c8a83dd379c7f21ce3e0e82edb1373196337a2f4ffe58936a93ccdd,planned,not_assessed,0.1.0
1616,Q9CZP5,PDBe_SIFTS,8tp1,A,candidate,MOUSE_SIFTS_CANDIDATE_LOCAL_REVIEW_PENDING,7e4dbf6ec095803064d6954fd346a131e4ae1b172b4d65cc0cb50e2790705a1a,planned,not_assessed,0.1.0
1617,Q9CZP5,PDBe_SIFTS,8tp1,B,candidate,MOUSE_SIFTS_CANDIDATE_LOCAL_REVIEW_PENDING,7e4dbf6ec095803064d6954fd346a131e4ae1b172b4d65cc0cb50e2790705a1a,planned,not_assessed,0.1.0
1618,Q9CZP5,PDBe_SIFTS,8tp1,C,candidate,MOUSE_SIFTS_CANDIDATE_LOCAL_REVIEW_PENDING,7e4dbf6ec095803064d6954fd346a131e4ae1b172b4d65cc0cb50e2790705a1a,planned,not_assessed,0.1.0
1619,Q9CZP5,PDBe_SIFTS,8tp1,D,candidate,MOUSE_SIFTS_CANDIDATE_LOCAL_REVIEW_PENDING,7e4dbf6ec095803064d6954fd346a131e4ae1b172b4d65cc0cb50e2790705a1a,planned,not_assessed,0.1.0
1620,Q9CZP5,PDBe_SIFTS,8tp1,E,candidate,MOUSE_SIFTS_CANDIDATE_LOCAL_REVIEW_PENDING,7e4dbf6ec095803064d6954fd346a131e4ae1b172b4d65cc0cb50e2790705a1a,planned,not_assessed,0.1.0
1621,Q9CZP5,PDBe_SIFTS,8tp1,F,candidate,MOUSE_SIFTS_CANDIDATE_LOCAL_REVIEW_PENDING,7e4dbf6ec095803064d6954fd346a131e4ae1b172b4d65cc0cb50e2790705a1a,planned,not_assessed,0.1.0
1622,Q9CZP5,PDBe_SIFTS,8tp1,G,candidate,MOUSE_SIFTS_CANDIDATE_LOCAL_REVIEW_PENDING,7e4dbf6ec095803064d6954fd346a131e4ae1b172b4d65cc0cb50e2790705a1a,planned,not_assessed,0.1.0
1623,Q9CZP5,PDBe_SIFTS,8tpl,A,candidate,MOUSE_SIFTS_CANDIDATE_LOCAL_REVIEW_PENDING,7b49e3f5ef638d22014e15110b9ef50dac5534d8dd17fbe7c60d095549e077a9,planned,not_assessed,0.1.0
1624,Q9CZP5,PDBe_SIFTS,8tpl,B,candidate,MOUSE_SIFTS_CANDIDATE_LOCAL_REVIEW_PENDING,7b49e3f5ef638d22014e15110b9ef50dac5534d8dd17fbe7c60d095549e077a9,planned,not_assessed,0.1.0
1625,Q9CZP5,PDBe_SIFTS,8tpl,C,candidate,MOUSE_SIFTS_CANDIDATE_LOCAL_REVIEW_PENDING,7b49e3f5ef638d22014e15110b9ef50dac5534d8dd17fbe7c60d095549e077a9,planned,not_assessed,0.1.0
1626,Q9CZP5,PDBe_SIFTS,8tpl,D,candidate,MOUSE_SIFTS_CANDIDATE_LOCAL_REVIEW_PENDING,7b49e3f5ef638d22014e15110b9ef50dac5534d8dd17fbe7c60d095549e077a9,planned,not_assessed,0.1.0
1627,Q9CZP5,PDBe_SIFTS,8tpl,E,candidate,MOUSE_SIFTS_CANDIDATE_LOCAL_REVIEW_PENDING,7b49e3f5ef638d22014e15110b9ef50dac5534d8dd17fbe7c60d095549e077a9,planned,not_assessed,0.1.0
1628,Q9CZP5,PDBe_SIFTS,8tpl,F,candidate,MOUSE_SIFTS_CANDIDATE_LOCAL_REVIEW_PENDING,7b49e3f5ef638d22014e15110b9ef50dac5534d8dd17fbe7c60d095549e077a9,planned,not_assessed,0.1.0
1629,Q9CZP5,PDBe_SIFTS,8tpl,G,candidate,MOUSE_SIFTS_CANDIDATE_LOCAL_REVIEW_PENDING,7b49e3f5ef638d22014e15110b9ef50dac5534d8dd17fbe7c60d095549e077a9,planned,not_assessed,0.1.0
1630,Q9D0P7,AlphaFold_DB,AF-Q9D0P7-F1,A,candidate,EXACT_FULL_SEQUENCE_LOCAL_QUALITY_PENDING,f243676bf816a9d8809955d34099f44f5ec414994f8f2d6ff7e5821b1e8495f7;de6ff0d50de45e36e08049d656519c9a7bb968bfa15b09c8d15b36e03595f9e1;9a970a918b2b4797be108ff975899fe27a3d365cbe81f5ad39a6d0c9c9db46b2,planned,not_assessed,0.1.0
1631,Q9D0T7,AlphaFold_DB,AF-Q9D0T7-F1,A,candidate,EXACT_FULL_SEQUENCE_LOCAL_QUALITY_PENDING,1215ca60db1e514fce6c537b327cb8abd667ae5cba6c095994dd33655495a6d6;0ff386b5aaa066a3013f46eca7ecef6d96fe9bdab177c73303ca5bee0a7c3d6e;0340f2266a913aff91d15f878856a7726e8ba5a4981d054968c145a838035185,planned,not_assessed,0.1.0
1632,Q9D154,AlphaFold_DB,AF-0000000010887173,A,held,ALPHAFOLD_MOUSE_TAXONOMY_NOT_CONFIRMED,,metadata_held_or_excluded,not_assessed,0.1.0
1633,Q9D154,AlphaFold_DB,AF-Q9D154-F1,A,candidate,EXACT_FULL_SEQUENCE_LOCAL_QUALITY_PENDING,ac9cd1855000feb3c8d8a933dfa20cb3a8550f83675d547d7c002c38258063be;28a575d5f728d733f41c8e0168b8f2cb4d5b03b55d477367a0bb8a988cc408d4;438ef38177340ab8667f0950172eaf0ac518b042ca1e877a5f7ee4dee2b428be,planned,not_assessed,0.1.0
1634,Q9D164,AlphaFold_DB,AF-Q9D164-2-F1,A,held,ALPHAFOLD_ACCESSION_DIFFERS_FROM_CANONICAL,,metadata_held_or_excluded,not_assessed,0.1.0
1635,Q9D164,AlphaFold_DB,AF-Q9D164-F1,A,candidate,EXACT_FULL_SEQUENCE_LOCAL_QUALITY_PENDING,8b83ef55b69e2cfd450f280080e95979e1a08b30c3f2daaecaef0641beb80b89;cfe2ff825f3753483fc57564bf1b777c0eb3be67d627be111f739be91ead663d;5d0fe3c38afc0bcafbde9d421f49da363838a12827f19a01e2d8ac214632a47a,planned,not_assessed,0.1.0
1636,Q9D1D1,AlphaFold_DB,AF-Q9D1D1-F1,A,candidate,EXACT_FULL_SEQUENCE_LOCAL_QUALITY_PENDING,e83d6490993d7263eac5e566102b936a8d5b507fec39747fe65116b60815b611;39cd392b8807ab7be7c846e6ae127ded6971d67b9cce7e84941cbe58e3b67b9f;e262b7f654187415257316abb497e3a8bf6684c9013b3b0e7b05a1990d0389e4,planned,not_assessed,0.1.0
1637,Q9D1G2,AlphaFold_DB,AF-Q9D1G2-2-F1,A,held,ALPHAFOLD_ACCESSION_DIFFERS_FROM_CANONICAL,,metadata_held_or_excluded,not_assessed,0.1.0
1638,Q9D1G2,AlphaFold_DB,AF-Q9D1G2-3-F1,A,held,ALPHAFOLD_ACCESSION_DIFFERS_FROM_CANONICAL,,metadata_held_or_excluded,not_assessed,0.1.0
1639,Q9D1G2,AlphaFold_DB,AF-Q9D1G2-F1,A,candidate,EXACT_FULL_SEQUENCE_LOCAL_QUALITY_PENDING,cfa220c1f6cde91c0079f9e875dfa0ca59749459f067fb9738eee78aba8094b4;eda233efa8c26386a42d2cd226649b0bd4339a134aff1a845dedc8a969288f9b;2852242e6de50380bcc69ba0f80a3f0123318a4a7b4c4ff062bc65eb2e8cbe82,planned,not_assessed,0.1.0
1640,Q9D236,AlphaFold_DB,AF-Q9D236-1-F1,A,held,ALPHAFOLD_ACCESSION_DIFFERS_FROM_CANONICAL,,metadata_held_or_excluded,not_assessed,0.1.0
1641,Q9D236,AlphaFold_DB,AF-Q9D236-4-F1,A,held,ALPHAFOLD_ACCESSION_DIFFERS_FROM_CANONICAL,,metadata_held_or_excluded,not_assessed,0.1.0
1642,Q9D236,AlphaFold_DB,AF-Q9D236-F1,A,candidate,EXACT_FULL_SEQUENCE_LOCAL_QUALITY_PENDING,7e1cf38a35a4427314415c476edf55bce3d82ad0f259bfd0ccfdef0552745283;b08b7f6e9de676b1ad5b13ec7b3a4ed2e996264c5b469ac3dc13e8ee408a3779;4256fb577100b8033d6b57561d14944b00dbd617707824e4200a3bb1896dff6c,planned,not_assessed,0.1.0
1643,Q9D2N8,AlphaFold_DB,AF-Q9D2N8-F1,A,candidate,EXACT_FULL_SEQUENCE_LOCAL_QUALITY_PENDING,04f376e7b748c2b431a40cd53c72cd961bbe8ebb21df2f0b4458ef6410381cf8;27230a6e84f220b87c4cd65a35383ec3b2158041ec5de10d8623f5d6dd895037;5e7d8c7f1e6289dc1ba4f9600051f8b83424cb3895053ac748c24849aaf44304,planned,not_assessed,0.1.0
1644,Q9D300,AlphaFold_DB,AF-Q9D300-2-F1,A,held,ALPHAFOLD_ACCESSION_DIFFERS_FROM_CANONICAL,,metadata_held_or_excluded,not_assessed,0.1.0
1645,Q9D300,AlphaFold_DB,AF-Q9D300-F1,A,candidate,EXACT_FULL_SEQUENCE_LOCAL_QUALITY_PENDING,df24e0001b7bc387c6f644d0c40655023da2d60a56d2bb59ad54d1c147101096;543cfcfacd47686bac2b37ebf6a5332cf7f3fe2a60376f7b4192f09030e11f23;abc2e21c9fd5948368e350160b0ca6eda85cc7d661d0dbf4ccd8761ce44d5dfe,planned,not_assessed,0.1.0
1646,Q9D3R9,AlphaFold_DB,AF-Q9D3R9-2-F1,A,held,ALPHAFOLD_ACCESSION_DIFFERS_FROM_CANONICAL,,metadata_held_or_excluded,not_assessed,0.1.0
1647,Q9D3R9,AlphaFold_DB,AF-Q9D3R9-F1,A,candidate,EXACT_FULL_SEQUENCE_LOCAL_QUALITY_PENDING,fc4dbf8a84ff7fd82291d335dba2634927328c6f07688261f208155e129e9a91;b0a6b19883eee863b5ea5898edb9ec1a0ad4a277f5b2664197736347bcbfa2b5;5d9089a39f5f059410556ecd623ba9da2e2be39ef9dda3c9b51782a1208fe506,planned,not_assessed,0.1.0
1648,Q9D479,AlphaFold_DB,AF-Q9D479-F1,A,candidate,EXACT_FULL_SEQUENCE_LOCAL_QUALITY_PENDING,6c3566d15945aaa58d52c1f6cf5599b333c836864e49d7973e18975d5b12cf5d;e4c477865e5fc97078f9326a2020645097df4ff0be2ecc65110e7c28b5f95574;d2d8cade7b8746c40539ef2d462b8a6ac9f259d17c2993e23e995a62f51a9ee9,planned,not_assessed,0.1.0
1649,Q9D5Z5,AlphaFold_DB,AF-Q9D5Z5-F1,A,candidate,EXACT_FULL_SEQUENCE_LOCAL_QUALITY_PENDING,1b98def65dfbd1b16446d67c2a6ed4a878c496b7b039e39cf3bdacda2843950a;1ecbd5f7c822a89df2808435c91c39159fd1166142dc00499e89587cabe81ff0;2584cf40c1114f76132ae9d2401697f90aa41cdb6f2ee2813f541a4475bddb7c,planned,not_assessed,0.1.0
1650,Q9D668,AlphaFold_DB,AF-Q9D668-F1,A,candidate,EXACT_FULL_SEQUENCE_LOCAL_QUALITY_PENDING,f92ccfb59c00ef10f4d9b803cecefd799cab8b689bedfe1c632b374346a29463;884f37cb6e8f695a2ab62da89c7f01f2644f94296d483c12f4fdf317030f092c;c7b4021db219434aacab92e8cf3efedad95dca5569557bd1000851d68bf22143,planned,not_assessed,0.1.0
1651,Q9D684,AlphaFold_DB,AF-Q9D684-2-F1,A,held,ALPHAFOLD_ACCESSION_DIFFERS_FROM_CANONICAL,,metadata_held_or_excluded,not_assessed,0.1.0
1652,Q9D684,AlphaFold_DB,AF-Q9D684-F1,A,candidate,EXACT_FULL_SEQUENCE_LOCAL_QUALITY_PENDING,50bcfce872aa9ebffeef629f2fe0aa13e34ac31e58f7fe5c5f8cb6a942fa9486;979cfc833c77e390541939fc67a538ef73ab2d9857a0f152227b3d2d1985fd68;035f3b373b6804fc7f360683f9372ed5b5e814ae701474f93b7496fc813fed07,planned,not_assessed,0.1.0
1653,Q9D6A1,AlphaFold_DB,AF-Q9D6A1-2-F1,A,held,ALPHAFOLD_ACCESSION_DIFFERS_FROM_CANONICAL,,metadata_held_or_excluded,not_assessed,0.1.0
1654,Q9D6A1,AlphaFold_DB,AF-Q9D6A1-F1,A,candidate,EXACT_FULL_SEQUENCE_LOCAL_QUALITY_PENDING,dcb9fdf237318c6df9f2df593f584228702f17c0184da54d356cb3fcb22f227b;f81ecc724e5c5e3ce090ec72c89b50a0ec11d313e4fd14c52c0ccaf32234bf28;e185f42bb250e1645e7240e2ea44ad8826ba328cf67d419d73a96c551bf9fc80,planned,not_assessed,0.1.0
1655,Q9D6B9,AlphaFold_DB,AF-Q9D6B9-F1,A,candidate,EXACT_FULL_SEQUENCE_LOCAL_QUALITY_PENDING,344800b8ddeb4da4283a8d575c2c733b9c25779728dca06f10e987e6f7e07c76;d5bc4e00807addf0b8c5ba38cebc86dddc6d2eabb08a269783cf672813d5fbad;1e9a313d7ca9878049881d62ef21bad448ed9c30f3620e95ac16f45dec5bbd5c,planned,not_assessed,0.1.0
1656,Q9D6D8,AlphaFold_DB,AF-Q9D6D8-F1,A,candidate,EXACT_FULL_SEQUENCE_LOCAL_QUALITY_PENDING,79a905a2e774dad3b592ce2694070c324fb569df83676f05582cffdc81c3f62e;b655676b3140d6de0e984a2c2c670567b0df897bf03e6780a9f6dcdf4ca92894;a8da2a129dae167cd969cdd6aabc02116411b370a1561c6244b020cce0f8309a,planned,not_assessed,0.1.0
1657,Q9D6W7,AlphaFold_DB,AF-Q9D6W7-F1,A,candidate,EXACT_FULL_SEQUENCE_LOCAL_QUALITY_PENDING,ead30d7a1c0f139e61bb5fb8478b721d073ea1700d7b342b837bf7693d7eda8c;0784dc9f2247aab09870ad5275703f49ab89b2c01df060b0eaba2b70defc092c;fc09318236b2779a10d2409b2161621af6ce649ea7fee71779df808eb9a1422b,planned,not_assessed,0.1.0
1658,Q9D6X5,AlphaFold_DB,AF-Q9D6X5-2-F1,A,held,ALPHAFOLD_ACCESSION_DIFFERS_FROM_CANONICAL,,metadata_held_or_excluded,not_assessed,0.1.0
1659,Q9D6X5,AlphaFold_DB,AF-Q9D6X5-F1,A,candidate,EXACT_FULL_SEQUENCE_LOCAL_QUALITY_PENDING,20c5dde30fcff7f6ec12b7233ba04635f79fe1eece339ec806b7b40d214c390e;c63d80edd259ed21d78d531974db0fa07e1fea30fd1994a98e2f808a9574a6fc;11dedc82802ebe11dbc10bfd13b0813e33ef0c9e99bc27566e81661296e2a98b,planned,not_assessed,0.1.0
1660,Q9D6X6,AlphaFold_DB,AF-Q9D6X6-F1,A,candidate,EXACT_FULL_SEQUENCE_LOCAL_QUALITY_PENDING,19d787d2462dcaeb0a4c9eb857dbaf2100b251416fd6d499c7333a6ea8319f6b;3d4e7f5234d8b2700ef2043be58c217c84dbbcfdad336302b173d9080fc9d2fe;3c170edf6ebb89105cea3168789f826ff7ff9a7d40dcc6dd1642bd64d7425495,planned,not_assessed,0.1.0
1661,Q9D708,AlphaFold_DB,AF-Q9D708-F1,A,candidate,EXACT_FULL_SEQUENCE_LOCAL_QUALITY_PENDING,5d7c23bb1224c14d178eaabbab470e83082f1b64eba43366fce965b80943ec4a;2506e9a6fff16893b040305787713cdfe7d50f852ffe8b1e4ea9c0daf95f9e41;828d4df144ffb3cfde4fd8ff44445df1711b682dfa7337ae556f94c5cf8e6ad2,planned,not_assessed,0.1.0
1662,Q9D7C9,AlphaFold_DB,AF-Q9D7C9-F1,A,candidate,EXACT_FULL_SEQUENCE_LOCAL_QUALITY_PENDING,6594d98cd1d8265a1d05207cc1f4a190707c08d27e61e563ebcff23de42d9867;c307b352a3ac76cbfc5a89b3ef2472a67062e326dc295ce03edc2f80bb81e3ee;ae6b8280738bde587343064ded13d8564588f722f8ab2dad75a1cecdcff8c164,planned,not_assessed,0.1.0
1663,Q9D7I5,AlphaFold_DB,AF-Q9D7I5-2-F1,A,held,ALPHAFOLD_ACCESSION_DIFFERS_FROM_CANONICAL,,metadata_held_or_excluded,not_assessed,0.1.0
1664,Q9D7I5,AlphaFold_DB,AF-Q9D7I5-F1,A,candidate,EXACT_FULL_SEQUENCE_LOCAL_QUALITY_PENDING,70729bfca0817bb9e9fd80323c1c710536444e0d8809ec3baced81a8ffd58a14;2f7afef2462d6f476f142ee1eb285a04a5ebc4fad92725c78632d09a656e4f82;4669575eeae1d834e36a240bf5987863847d08714c3386c653c53d146a569f02,planned,not_assessed,0.1.0
1665,Q9D7Q1,AlphaFold_DB,AF-Q9D7Q1-2-F1,A,held,ALPHAFOLD_ACCESSION_DIFFERS_FROM_CANONICAL,,metadata_held_or_excluded,not_assessed,0.1.0
1666,Q9D7Q1,AlphaFold_DB,AF-Q9D7Q1-F1,A,candidate,EXACT_FULL_SEQUENCE_LOCAL_QUALITY_PENDING,c753e002be927c6854209f24c105dbca99ef52a070a0a263e7bd324126a2b99b;ee0645ff810527fb21aeaaf5074c86f8cf6e33dca8b0c8218c61575c431926b1;9cd2d738df1082f3d06c13eab6d89e0c01aa6fe575a7a44b310e178ec257c7c2,planned,not_assessed,0.1.0
1667,Q9D7U6,AlphaFold_DB,AF-Q9D7U6-F1,A,candidate,EXACT_FULL_SEQUENCE_LOCAL_QUALITY_PENDING,a9df890c57379a8e1fe1e38842f14571be6373069a6aecba2c650db3f12b926a;05c2f5afa964f5f884d0c0bbaaf46bfde88482f1b0090c4d82e75e67efca1daf;7c080682c6cd857634d348baefc08b6492f37e4f578f6e4b573fe1ae2872e26d,planned,not_assessed,0.1.0
1668,Q9D819,AlphaFold_DB,AF-Q9D819-F1,A,candidate,EXACT_FULL_SEQUENCE_LOCAL_QUALITY_PENDING,be33e84ffadbe16fb8cf41a31fce1053834449e5e6da2d286d784493268a9b74;823f71fa1c1cbcb6cbefca5105eeac226d4cb0f529b35150ce02be5918e417cb;d2f205206f57b489b65a8dedd7a26a019740eef520338638f2b371b45a56c9a5,planned,not_assessed,0.1.0
1669,Q9D975,AlphaFold_DB,AF-Q9D975-F1,A,candidate,EXACT_FULL_SEQUENCE_LOCAL_QUALITY_PENDING,664cc503c34d61de548140cdcf714c23decd81966454a57cf7d5ef9ee9ed739d;ab41f7db6bb803869d37a38f581dde9feb8d84b34f21bf298fc0ed3cdf0de1ef;96e9795ac562fb9a3b213698548b6c662ee1ab03910972709719cdc13602ae13,planned,not_assessed,0.1.0
1670,Q9DAU7,AlphaFold_DB,AF-Q9DAU7-F1,A,candidate,EXACT_FULL_SEQUENCE_LOCAL_QUALITY_PENDING,43bd0bd337ae06fd23436892af9a709b03505feb6c37c650b84d0efb15411a6b;d38148948401dc8fde7b3ce9dab20c580fc03b62f998bebe9a4eb63b35dc1996;92cdfa04df8e56bd915c5fcc7beb1c56ffb570a08a04c3b1e0185818bf0a9fab,planned,not_assessed,0.1.0
1671,Q9DB28,AlphaFold_DB,AF-Q9DB28-F1,A,candidate,EXACT_FULL_SEQUENCE_LOCAL_QUALITY_PENDING,ccd8e1754acdfbf2c8cad138ad101c6232b81b64fa7b3ac0a17d44bfa4f8d3c4;d057829423e64bc4f3ee021528ecdaf2dfe2a56f3d705ad26fed536ae2b19d68;434a4173b2410231a26398baac1100935cfd2ab97967558d483895a2d614e84f,planned,not_assessed,0.1.0
1672,Q9DB91,AlphaFold_DB,AF-Q9DB91-F1,A,candidate,EXACT_FULL_SEQUENCE_LOCAL_QUALITY_PENDING,1c1a601369f806eedf550e14dc3c7c4f2790760198b4ccbb252382579af960c4;4b245b0c8a117047ecff4017ec44f705cbb4d9fbd8d0682145fbb22b8298c900;73f62e0951ecd3221ffc35f4cf2c43fd1512fb67e03afe79e0ff61e518813f54,planned,not_assessed,0.1.0
1673,Q9DB91,PDBe_SIFTS,6w1s,X,candidate,MOUSE_SIFTS_CANDIDATE_LOCAL_REVIEW_PENDING,cb2f3b1989172dde5c49845ff1165f39a53e316cd0050f2c6658711893cd4a7c,planned,not_assessed,0.1.0
1674,Q9DB91,PDBe_SIFTS,8t1i,X,candidate,MOUSE_SIFTS_CANDIDATE_LOCAL_REVIEW_PENDING,73f175528853c52b6504c6d9efa66752b2167d8e298f06e367f704ec92a91c9f,planned,not_assessed,0.1.0
1675,Q9DB91,PDBe_SIFTS,8t1l,X,candidate,MOUSE_SIFTS_CANDIDATE_LOCAL_REVIEW_PENDING,98c47b2cf40cff88ea2abbe888b35556e1a3878ffd96b378abd97fa0a877665c,planned,not_assessed,0.1.0
1676,Q9DBF1,AlphaFold_DB,AF-Q9DBF1-2-F1,A,held,ALPHAFOLD_ACCESSION_DIFFERS_FROM_CANONICAL,,metadata_held_or_excluded,not_assessed,0.1.0
1677,Q9DBF1,AlphaFold_DB,AF-Q9DBF1-F1,A,candidate,EXACT_FULL_SEQUENCE_LOCAL_QUALITY_PENDING,83d9c14caeb04c5acd21b6db195e26a819c3f41158ea2f640a9b017d9dd06ee7;a5556601af60096f9780d26c3bd5753c8ad65048b5c84805f871182b644aeccc;e8ee4764be9d9975d0d3e83a3b886c78d8e7648dea30231c3a85e834055dd6a7,planned,not_assessed,0.1.0
1678,Q9DBG1,AlphaFold_DB,AF-Q9DBG1-F1,A,candidate,EXACT_FULL_SEQUENCE_LOCAL_QUALITY_PENDING,9adcb8fb8c4b952b067ed81b62f07786ad83e009d9827cd76f645aacc1a1b971;664c7a47214f4b6f4d53fbc3aa59c3d6eb15966e8c43a4757de636d05614e5d7;1f056d22c033acc2f845e637143cdceb31df01ecf6244eace912a5d9d8701d29,planned,not_assessed,0.1.0
1679,Q9DCC4,AlphaFold_DB,AF-Q9DCC4-F1,A,candidate,EXACT_FULL_SEQUENCE_LOCAL_QUALITY_PENDING,d940297f8b2d725d326197a53aa026cab81e070c3a15b054d99bf0ec0083b327;9fb6f33d82eee6a053eda61cb11b85524098724854cadc493ceed0e390cb0df6;f8605e57cb7cf501b84b562673e12c62e69598511fdcc44a5edfbcdb6889c743,planned,not_assessed,0.1.0
1680,Q9DCE5,AlphaFold_DB,AF-Q9DCE5-F1,A,candidate,EXACT_FULL_SEQUENCE_LOCAL_QUALITY_PENDING,482db306df46a5cd1138317fd27850f585d219d13c690c9566697b868393ff77;60527fde7ebd723c8eb406c17b214491dddb5edaee56abdb3178e65b9b679952;74bd69d2f37c94871b11d7cb890274409a50c30ec498b030fb96f831a58d2514,planned,not_assessed,0.1.0
1681,Q9DCU2,AlphaFold_DB,AF-Q9DCU2-F1,A,candidate,EXACT_FULL_SEQUENCE_LOCAL_QUALITY_PENDING,dfeec95590604067c4812baba28d45352ad52ed0edbf7807bc5103a9421a0dc5;177aa5134ded0e5adc451f1227398e72e5408edc2ddcaa7ed3ccbbfb7a2cffb0;2dad79b798c4d8c728f2ed9194a9a167f64355812b213258767f44c83beb05e8,planned,not_assessed,0.1.0
1682,Q9EP53,AlphaFold_DB,AF-Q9EP53-2-F1,A,held,ALPHAFOLD_ACCESSION_DIFFERS_FROM_CANONICAL,,metadata_held_or_excluded,not_assessed,0.1.0
1683,Q9EP53,AlphaFold_DB,AF-Q9EP53-3-F1,A,held,ALPHAFOLD_ACCESSION_DIFFERS_FROM_CANONICAL,,metadata_held_or_excluded,not_assessed,0.1.0
1684,Q9EP53,AlphaFold_DB,AF-Q9EP53-4-F1,A,held,ALPHAFOLD_ACCESSION_DIFFERS_FROM_CANONICAL,,metadata_held_or_excluded,not_assessed,0.1.0
1685,Q9EP53,AlphaFold_DB,AF-Q9EP53-F1,A,candidate,EXACT_FULL_SEQUENCE_LOCAL_QUALITY_PENDING,5570026ba1fde4421479e0a708ae0b4bd9822fb1506e5230c75eb25da2fa77cc;4d2cc0ca8318232513631c42614ee4508948c741c33dbce84a7522029b579008;22f50c51428c0e2225cd01a6cb4b955ec25a4b6ef0d8e085a32ebbac3a92056d,planned,not_assessed,0.1.0
1686,Q9EP69,AlphaFold_DB,AF-Q9EP69-F1,A,candidate,EXACT_FULL_SEQUENCE_LOCAL_QUALITY_PENDING,2755c5ec682033d19b4d75de669b1e2f86440a66e7bb4e4a814de6a2efa5d7d4;4b5d43a3bfdb0f1bf622a3e561086a4a11cfc1e3d08087b172248d57c419f1f2;45a274ff7abbf59313b7c258afbc974a27a9b3477887f913a7587da5380e912b,planned,not_assessed,0.1.0
1687,Q9EP75,AlphaFold_DB,AF-Q9EP75-F1,A,candidate,EXACT_FULL_SEQUENCE_LOCAL_QUALITY_PENDING,5043e4577f244b6de460a558ecab575cd2903134ea47e1f6d9e13903b2a76dc6;588f14f6c80c0485cecaf1804d4017ecaca0030ab6cfb4c452de3e75321396d9;5aa441a093bd2c683880216caef690ed8af7cf8eb518f4e73607bdccc58a41fb,planned,not_assessed,0.1.0
1688,Q9EPC5,AlphaFold_DB,AF-Q9EPC5-F1,A,candidate,EXACT_FULL_SEQUENCE_LOCAL_QUALITY_PENDING,acf22d1293ec47827a44d203f870355877b7373f0463474e62824406cd3932f1;dafd6c645d7274296ce78ff09b9db826deca7113b3de1b26acfe2a830684e50f;dd8ef6e5863a61612f09d79e91c0ad087b4a5cd18ca6479c95ec6d85aa2cc7a9,planned,not_assessed,0.1.0
1689,Q9EPW2,AlphaFold_DB,AF-Q9EPW2-F1,A,candidate,EXACT_FULL_SEQUENCE_LOCAL_QUALITY_PENDING,2db0b6f3b4bcfc86df5d66505dd758ccc79710ad744c37212702a0f2e50766c1;cce2b499289ccbe21ff9f88fc113b10db9b61d613b8c293a0367fc2067df3c9b;d9a92fc4bac04c69ed06fa755ab2ad3a3db844f051399d8788be2f60bed4fc36,planned,not_assessed,0.1.0
1690,Q9EPX5,AlphaFold_DB,AF-Q9EPX5-F1,A,candidate,EXACT_FULL_SEQUENCE_LOCAL_QUALITY_PENDING,34dd0a1c37953b5f962d6b798329ca8e2abc2ff2863d0d05ee0fbba7543aca17;dcab16580b2f02a0038100d7d990474fae4e9007427950d912c1f7dad7b00915;158ae52614f5c4430ae7139ee77467aa5e4b057dc29f4182b5e8cae9ccbefe43,planned,not_assessed,0.1.0
1691,Q9EQ32,AlphaFold_DB,AF-Q9EQ32-2-F1,A,held,ALPHAFOLD_ACCESSION_DIFFERS_FROM_CANONICAL,,metadata_held_or_excluded,not_assessed,0.1.0
1692,Q9EQ32,AlphaFold_DB,AF-Q9EQ32-3-F1,A,held,ALPHAFOLD_ACCESSION_DIFFERS_FROM_CANONICAL,,metadata_held_or_excluded,not_assessed,0.1.0
1693,Q9EQ32,AlphaFold_DB,AF-Q9EQ32-F1,A,candidate,EXACT_FULL_SEQUENCE_LOCAL_QUALITY_PENDING,9c89bd0866e9d64f1b786563c9e3a57d1de5598f2bcbda9e3bab7dc1c6ebb1c6;44b0d8a5dfa11f953919b0f354e1ef5ff41e50660d5b6171ddeae87ffe215b3c;beba8d11e65555962fe9af425a7040cca9ee05d3480e90d5414f6fb0b2aacb1b,planned,not_assessed,0.1.0
1694,Q9EQC7,AlphaFold_DB,AF-Q9EQC7-F1,A,candidate,EXACT_FULL_SEQUENCE_LOCAL_QUALITY_PENDING,64aa8f29dab1b2af36ade164efd77a99e74ee8303361cc1dd0238070f2c14e3f;9ad7f87e7fd6b69dd3c184f68c5ab660e30db13f82cccdadccc8852bc5d56f69;80794c11b45834ae1a67183a40c14d74cb2eb8e341c046d2db42f84d8d45d428,planned,not_assessed,0.1.0
1695,Q9EQH4,AlphaFold_DB,AF-Q9EQH4-2-F1,A,held,ALPHAFOLD_ACCESSION_DIFFERS_FROM_CANONICAL,,metadata_held_or_excluded,not_assessed,0.1.0
1696,Q9EQH4,AlphaFold_DB,AF-Q9EQH4-3-F1,A,held,ALPHAFOLD_ACCESSION_DIFFERS_FROM_CANONICAL,,metadata_held_or_excluded,not_assessed,0.1.0
1697,Q9EQH4,AlphaFold_DB,AF-Q9EQH4-4-F1,A,held,ALPHAFOLD_ACCESSION_DIFFERS_FROM_CANONICAL,,metadata_held_or_excluded,not_assessed,0.1.0
1698,Q9EQH4,AlphaFold_DB,AF-Q9EQH4-5-F1,A,held,ALPHAFOLD_ACCESSION_DIFFERS_FROM_CANONICAL,,metadata_held_or_excluded,not_assessed,0.1.0
1699,Q9EQH4,AlphaFold_DB,AF-Q9EQH4-F1,A,candidate,EXACT_FULL_SEQUENCE_LOCAL_QUALITY_PENDING,56171b4eccace76d59e7b806ef3e85a4b3739171da2e10422fcc0a5b6be6a4d7;fc2a599a7c0c14a23d7909b86a51b3ade07693712e010867486cd7d0f443b652;ac3d5deed14c33fa3dcb9bd2053e95ed554f8dc47b52efd641b856344b7a2324,planned,not_assessed,0.1.0
1700,Q9EQQ9,AlphaFold_DB,AF-Q9EQQ9-2-F1,A,held,ALPHAFOLD_ACCESSION_DIFFERS_FROM_CANONICAL,,metadata_held_or_excluded,not_assessed,0.1.0
1701,Q9EQQ9,AlphaFold_DB,AF-Q9EQQ9-3-F1,A,held,ALPHAFOLD_ACCESSION_DIFFERS_FROM_CANONICAL,,metadata_held_or_excluded,not_assessed,0.1.0
1702,Q9EQQ9,AlphaFold_DB,AF-Q9EQQ9-F1,A,candidate,EXACT_FULL_SEQUENCE_LOCAL_QUALITY_PENDING,00ddea2d144690d6151630bc6cc4c56f3fa55486391c079d259dee98b00b9cd5;dc38c09298f29697a4e7f0f42cd0e7f886ea4460e8313dafc4c458632f93199f;89427488e81593a971b40ebb8c89a1f7c477abdd737917da9e3689497e6a1853,planned,not_assessed,0.1.0
1703,Q9ER71,AlphaFold_DB,AF-Q9ER71-2-F1,A,held,ALPHAFOLD_ACCESSION_DIFFERS_FROM_CANONICAL,,metadata_held_or_excluded,not_assessed,0.1.0
1704,Q9ER71,AlphaFold_DB,AF-Q9ER71-F1,A,candidate,EXACT_FULL_SEQUENCE_LOCAL_QUALITY_PENDING,1f3d75a9bf7c023e6f7ad3ae9c58acbbf848fee72de41e8362c6ace38e697129;19fb4dabbc243879b00993d30b6a6558584b03d2e7a39101c29e01c110759923;1cb0bcfb146af3bc69dc9a83f73a83ab2460bf2ec71760af281d4297c626ddcf,planned,not_assessed,0.1.0
1705,Q9ERV7,AlphaFold_DB,AF-Q9ERV7-F1,A,candidate,EXACT_FULL_SEQUENCE_LOCAL_QUALITY_PENDING,a1b3d00057f598ec95200905ad1d02378eaa856b8a5a3d7dbf30940951005d09;9a9fefc8505c21ded1c01ea26abd8aa349e5ac31b40c0082c55c5228dc631306;25926abe803f0576cb9cb603209f708af05dc8572a5416e8d499c5be68b3cec5,planned,not_assessed,0.1.0
1706,Q9ERY9,AlphaFold_DB,AF-Q9ERY9-F1,A,candidate,EXACT_FULL_SEQUENCE_LOCAL_QUALITY_PENDING,9959ffb0b938f22584f8bbe87ff468dca1d636ce934db2e9187d17a499847305;2c3e58b086d145af695c048c67c404dc76d1d0e436582c41d7aba36e6e5425de;3887e7398c23907daeae76f1a57ba1287b3a143086d021d89e77e4beb2dbff2d,planned,not_assessed,0.1.0
1707,Q9ESC7,AlphaFold_DB,AF-Q9ESC7-F1,A,candidate,EXACT_FULL_SEQUENCE_LOCAL_QUALITY_PENDING,439783ba3a6c1ca71eb2fce59839e6ce54bbe26ac0675373e9ef492af48428b6;42fccc9e9b3dfa28a583cba2b752c0691a8e8fbdfb1cbfff5d2cc44e20c4ce5b;da03d47aae763102c5feb865c318aae7daf1f04c53a76069b4f461f8361f0cd4,planned,not_assessed,0.1.0
1708,Q9ESH5,AlphaFold_DB,AF-Q9ESH5-F1,A,candidate,EXACT_FULL_SEQUENCE_LOCAL_QUALITY_PENDING,d9ffbfcddf9b04cba18670b3bd2d65072c8977a4b796a76b4a9715fd7bf18998;54620a8977d1a5d6886862d9ba0f455ce25c401db09c71ee16d172ce9c6d9497;562b35394d4499e23cc7f8bfa862d89da9170dc2b220ea78c5650acb76375349,planned,not_assessed,0.1.0
1709,Q9ESL4,AlphaFold_DB,AF-Q9ESL4-2-F1,A,held,ALPHAFOLD_ACCESSION_DIFFERS_FROM_CANONICAL,,metadata_held_or_excluded,not_assessed,0.1.0
1710,Q9ESL4,AlphaFold_DB,AF-Q9ESL4-3-F1,A,held,ALPHAFOLD_ACCESSION_DIFFERS_FROM_CANONICAL,,metadata_held_or_excluded,not_assessed,0.1.0
1711,Q9ESL4,AlphaFold_DB,AF-Q9ESL4-F1,A,candidate,EXACT_FULL_SEQUENCE_LOCAL_QUALITY_PENDING,b18704f6b325c3eaed33362541a93b8e6a9748b7fc90c137a54525b3a4977863;192201cced3c99f5b36d7a06cc76a432f5309ef1e81d172c233012cd969630f6;0f19fbf404ce352eb6254ce39534cc6435d294ad22ddccc864f8d4f4db81233c,planned,not_assessed,0.1.0
1712,Q9ET66,AlphaFold_DB,AF-Q9ET66-2-F1,A,held,ALPHAFOLD_ACCESSION_DIFFERS_FROM_CANONICAL,,metadata_held_or_excluded,not_assessed,0.1.0
1713,Q9ET66,AlphaFold_DB,AF-Q9ET66-F1,A,candidate,EXACT_FULL_SEQUENCE_LOCAL_QUALITY_PENDING,7798a96b9a992e1435bd4982855ca6a87b3195215810ade9c2c62e22b3722d3c;d809c99d6696bb70e2a2553e77e6f65347ba4ba01621dc8f4186078d395109da;dc06112f589da9370ad562ed57bda1a9fbc9be9f44b52dd84ad611658a8a4140,planned,not_assessed,0.1.0
1714,Q9JHB3,AlphaFold_DB,AF-Q9JHB3-F1,A,candidate,EXACT_FULL_SEQUENCE_LOCAL_QUALITY_PENDING,46fc4a278bd3281d117af8d0a0940daea3a098162d892e04b221d691036ef4de;a0995404c7ae5ac6ecb3b0dc6b946b199ac0247b65d4ec6ed6d9379754ed8030;acb58ef47fb8bd6a1fa34ccbeffdaddd6ef642ef245cc4a0e114711b0daa3df4,planned,not_assessed,0.1.0
1715,Q9JHB4,AlphaFold_DB,AF-Q9JHB4-2-F1,A,held,ALPHAFOLD_ACCESSION_DIFFERS_FROM_CANONICAL,,metadata_held_or_excluded,not_assessed,0.1.0
1716,Q9JHB4,AlphaFold_DB,AF-Q9JHB4-F1,A,candidate,EXACT_FULL_SEQUENCE_LOCAL_QUALITY_PENDING,3b89bd2a4e3958154440ab4a58b97b7cc5dcb11e173e07a87d57dc56eed1da88;59642c8c8779b926fac0f2f247143c0f6196486aa2ea1785487e1236ec35629c;1453df315aedcac672d2328cba03f00aef8b1b375d8a3ca9c3190a70cdc5ba9d,planned,not_assessed,0.1.0
1717,Q9JHF7,AlphaFold_DB,AF-Q9JHF7-F1,A,candidate,EXACT_FULL_SEQUENCE_LOCAL_QUALITY_PENDING,b652d2f9972c95dac6a2000b66fea2e657e60d52bac64df9d485b34970c171b4;c1a00be17d2b51826e0858b51118461c7f767e25d0879df3039dce970adda618;a93cf8bfa7ff384f822615377d067f9a8e027a5187d80498d33f18f69f5ab0cf,planned,not_assessed,0.1.0
1718,Q9JHG6,AlphaFold_DB,AF-Q9JHG6-2-F1,A,held,ALPHAFOLD_ACCESSION_DIFFERS_FROM_CANONICAL,,metadata_held_or_excluded,not_assessed,0.1.0
1719,Q9JHG6,AlphaFold_DB,AF-Q9JHG6-3-F1,A,held,ALPHAFOLD_ACCESSION_DIFFERS_FROM_CANONICAL,,metadata_held_or_excluded,not_assessed,0.1.0
1720,Q9JHG6,AlphaFold_DB,AF-Q9JHG6-4-F1,A,held,ALPHAFOLD_ACCESSION_DIFFERS_FROM_CANONICAL,,metadata_held_or_excluded,not_assessed,0.1.0
1721,Q9JHG6,AlphaFold_DB,AF-Q9JHG6-F1,A,candidate,EXACT_FULL_SEQUENCE_LOCAL_QUALITY_PENDING,6e2482021de2ecb834182937b8771640bd06594cadfdb3c1f3f8a0e85f2aa70a;e5c021ad27ba7081cf33155c6b56c23e2f474d3718e9fdf6a7285340aaef0e24;2a934a54f2cec569636cc8938dd4eb22e241573e796193aad772777946429ec1,planned,not_assessed,0.1.0
1722,Q9JHG6,PDBe_SIFTS,1wey,A,candidate,MOUSE_SIFTS_CANDIDATE_LOCAL_REVIEW_PENDING,92f3ed42d581a5cdbedc4fa34704ab606ab4e09f78123913845aa0738ccb136b,planned,not_assessed,0.1.0
1723,Q9JHI8,AlphaFold_DB,AF-Q9JHI8-2-F1,A,held,ALPHAFOLD_ACCESSION_DIFFERS_FROM_CANONICAL,,metadata_held_or_excluded,not_assessed,0.1.0
1724,Q9JHI8,AlphaFold_DB,AF-Q9JHI8-3-F1,A,held,ALPHAFOLD_ACCESSION_DIFFERS_FROM_CANONICAL,,metadata_held_or_excluded,not_assessed,0.1.0
1725,Q9JHI8,AlphaFold_DB,AF-Q9JHI8-4-F1,A,held,ALPHAFOLD_ACCESSION_DIFFERS_FROM_CANONICAL,,metadata_held_or_excluded,not_assessed,0.1.0
1726,Q9JHI8,AlphaFold_DB,AF-Q9JHI8-F1,A,candidate,EXACT_FULL_SEQUENCE_LOCAL_QUALITY_PENDING,04149b1ffeb809783549d953df9384705f3bc8726f2e32bd9a3059088c7edfa3;09b7a5d2fd38f2a2a390d1a019627acfd626db812688985e122e6f5c9f7a9a13;b9728b81199c3c48e8b97f9f4744c792e072c9355de8b4701cce780921d52533,planned,not_assessed,0.1.0
1727,Q9JI75,AlphaFold_DB,AF-Q9JI75-F1,A,candidate,EXACT_FULL_SEQUENCE_LOCAL_QUALITY_PENDING,cb12eeb1a747fadb3050ecf94d00cac5850770a41baafab5744ebbe2645f3227;17098119a94e7d1182cb68aa7978cf3bd33c13f1b062a942757159a45870a6d0;4cbd6d308aef6e5b12b32a17aa5850f63b2754d6be6383873cb469bd8c0d7027,planned,not_assessed,0.1.0
1728,Q9JIG8,AlphaFold_DB,AF-Q9JIG8-F1,A,candidate,EXACT_FULL_SEQUENCE_LOCAL_QUALITY_PENDING,1cc56323489b3739252f98fc4511bc48cf0bc74f62ac463e62f7c6fac28c3b35;5cd2e59af642eafbddeaa6f8c3b3d7d9d9748655619ae3ac695790c60d64c494;596a4362c890b3e6cf1abb45580af05bdf016b6c3a27f766ed80dee4262572c5,planned,not_assessed,0.1.0
1729,Q9JIT0,AlphaFold_DB,AF-Q9JIT0-2-F1,A,held,ALPHAFOLD_ACCESSION_DIFFERS_FROM_CANONICAL,,metadata_held_or_excluded,not_assessed,0.1.0
1730,Q9JIT0,AlphaFold_DB,AF-Q9JIT0-3-F1,A,held,ALPHAFOLD_ACCESSION_DIFFERS_FROM_CANONICAL,,metadata_held_or_excluded,not_assessed,0.1.0
1731,Q9JIT0,AlphaFold_DB,AF-Q9JIT0-F1,A,candidate,EXACT_FULL_SEQUENCE_LOCAL_QUALITY_PENDING,6bc5aabece04fd03b3124e703662e85f54df0c96bc147a43bc66faf03db83cce;2b42f8b25bb1bd4c910f4b9b5c6adc7200b2b69741b9e8ffb476e27fd003caf2;45b33d2083342619efd131ffbcd8c06b6f70b111db0363a656c282b8db45dbb1,planned,not_assessed,0.1.0
1732,Q9JIZ9,AlphaFold_DB,AF-Q9JIZ9-F1,A,candidate,EXACT_FULL_SEQUENCE_LOCAL_QUALITY_PENDING,949519cb9382c685e1e2fc980ef0347c0abbe7013b8b498cf857a190fbe59779;cdb043c8bd8a90f5a4e832dae74b12fd9a0ffda940a7195e6bb6ec236187c426;48637e03d7bc1d7364e9c8211f053452e49ff3c7fa6549881bb7ba1224a9ea79,planned,not_assessed,0.1.0
1733,Q9JJ61,AlphaFold_DB,AF-Q9JJ61-F1,A,candidate,EXACT_FULL_SEQUENCE_LOCAL_QUALITY_PENDING,a20da8232ce460b76d35a5b1b20d18fa0e0bf0826484023f5caa718954aa1c43;7724e0344e6706065c059955117cbb24fe524c65e62d591bdd64f02841e4850c;01da7f359e832f10ec5663e402d082e62bb7d4c8cefc133b5eabc914e6bbf860,planned,not_assessed,0.1.0
1734,Q9JJ66,AlphaFold_DB,AF-Q9JJ66-F1,A,candidate,EXACT_FULL_SEQUENCE_LOCAL_QUALITY_PENDING,edb24524f0d26fa451af25b4c718ade0f11486eb87c159106c38ae007460259b;243142bd5a8f27c4d822b3d4faa108f60d5af61de66db23cec35a79b7e167176;bd1f209cfbf1e4694973ad8e1fc8b06051fde2da0b8ef73cca0787f84bb069d3,planned,not_assessed,0.1.0
1735,Q9JK53,AlphaFold_DB,AF-Q9JK53-F1,A,candidate,EXACT_FULL_SEQUENCE_LOCAL_QUALITY_PENDING,43938e8d86c97f4ed074ac4939bfd26d3c888a9b81789b2ebe7b8b382098f3e6;1a8b0752f8bb5d4c21804b7ac0aed15e5a3a78b4d346067694076dba1b652bdc;f40ccb9f744fec3d57915ca75efc6cc5586277d80c81aa781f3a2274cb94f6bb,planned,not_assessed,0.1.0
1736,Q9JK95,AlphaFold_DB,AF-Q9JK95-F1,A,candidate,EXACT_FULL_SEQUENCE_LOCAL_QUALITY_PENDING,cd164bb605b61db385e86c3ab23cf6515c3d18d4eb1b2f8a6f037625bbe5b760;1aac10fe10914392b6ea7bd53c9f746e1a499202710a1cf193d5256c136d7b13;4f3a013b4dadbd77c4d27eaae4106417ff7fbe0bf767e73301fabb603bf9a083,planned,not_assessed,0.1.0
1737,Q9JKB1,AlphaFold_DB,AF-Q9JKB1-F1,A,candidate,EXACT_FULL_SEQUENCE_LOCAL_QUALITY_PENDING,7aeec3a43edffd245d7c74a88b5f48bebfe8bfb7c376868afd37cbf639c3f080;1d55c4d314c015699a6c0a3044a4c0af7c080574fd13cf2dc0eafb5276e5254f;2b81796084c1c08c442343bd3bcbd575344f51598f6be1dd5fa8800ed2ad8111,planned,not_assessed,0.1.0
1738,Q9JKC6,AlphaFold_DB,AF-Q9JKC6-F1,A,candidate,EXACT_FULL_SEQUENCE_LOCAL_QUALITY_PENDING,b0b9424bcb5433d8de13545a83017898fd8a929ce5d5aeeeb774f19bb08f3121;54cd313b2a15f29bcac45a3462e43d72d0f663118a8cc38af47190a07fa3adc5;f0e54c4853546e78a554ffd16dc5b5aa4fb8c49c1da0ecd7bf6ddd1d383fa56c,planned,not_assessed,0.1.0
1739,Q9JKF4,AlphaFold_DB,AF-Q9JKF4-2-F1,A,held,ALPHAFOLD_ACCESSION_DIFFERS_FROM_CANONICAL,,metadata_held_or_excluded,not_assessed,0.1.0
1740,Q9JKF4,AlphaFold_DB,AF-Q9JKF4-3-F1,A,held,ALPHAFOLD_ACCESSION_DIFFERS_FROM_CANONICAL,,metadata_held_or_excluded,not_assessed,0.1.0
1741,Q9JKF4,AlphaFold_DB,AF-Q9JKF4-F1,A,candidate,EXACT_FULL_SEQUENCE_LOCAL_QUALITY_PENDING,310d9c7fb86caee3b0caf9855ebe4c50a1f93edfab8617697030129386d14746;efb978a1e5e6b3e996e9feb0ced55b72a9251d9a5465f08f8e2233f3ecd51352;ff1ba54c021965cf3f3bbbbd3d08faa8050a841c3a4f467c8aa6f596a4d6785b,planned,not_assessed,0.1.0
1742,Q9JLC6,AlphaFold_DB,AF-Q9JLC6-2-F1,A,held,ALPHAFOLD_ACCESSION_DIFFERS_FROM_CANONICAL,,metadata_held_or_excluded,not_assessed,0.1.0
1743,Q9JLC6,AlphaFold_DB,AF-Q9JLC6-3-F1,A,held,ALPHAFOLD_ACCESSION_DIFFERS_FROM_CANONICAL,,metadata_held_or_excluded,not_assessed,0.1.0
1744,Q9JLC6,AlphaFold_DB,AF-Q9JLC6-F1,A,candidate,EXACT_FULL_SEQUENCE_LOCAL_QUALITY_PENDING,712fd08dd6362067161571ce02d7928599e57894848eda51911b38ea0b959489;f11b4f9a8d36bf63407ac83dcad6b96a536e032c48068dd2d3423faa684a58a7;363b4566fe6571706451d7dbf8c4b2d97bb5bd26d29240198c4570ef8be90629,planned,not_assessed,0.1.0
1745,Q9JLL0,AlphaFold_DB,AF-Q9JLL0-F1,A,candidate,EXACT_FULL_SEQUENCE_LOCAL_QUALITY_PENDING,4e07f55908a2c981b38680bd41b5206ae2ff3d67c4b3c142a014640813f6fcd0;ca670a4c003988bd48175065c4b86a7d154fb56b2df8b16928ae748605f6e029;2774f1e02afda6d3bab27033c9213227cacc4eb9952da09773a9d14c70cf03ee,planned,not_assessed,0.1.0
1746,Q9JLM8,AlphaFold_DB,AF-Q9JLM8-2-F1,A,held,ALPHAFOLD_ACCESSION_DIFFERS_FROM_CANONICAL,,metadata_held_or_excluded,not_assessed,0.1.0
1747,Q9JLM8,AlphaFold_DB,AF-Q9JLM8-F1,A,candidate,EXACT_FULL_SEQUENCE_LOCAL_QUALITY_PENDING,3eeae9a981d9818119ea42231d1c32918504f5abae92af0a04dc34b75cb80d02;670b57a91bb67c2b4a86f88ce5c565b112861fe52ce036a43e5cea638b622632;8ac9fd05e287948c4c1ebde07ca468b21b10b0d03b4ea8843ab91f63572c9693,planned,not_assessed,0.1.0
1748,Q9JLV1,AlphaFold_DB,AF-Q9JLV1-F1,A,candidate,EXACT_FULL_SEQUENCE_LOCAL_QUALITY_PENDING,12d21cc4162cf867fb4651cd9f7875e2eb0622adf0f81786b2e87ac38a782622;8326e763b5337aa309b679212cd0c9acf3c38cf2fc9dfe9b4a49ef905f8b864a;58f80a4d24414478b7ac51aa5a1ceaec4e27221f3d8a8b29df8ad995bc51c775,planned,not_assessed,0.1.0
1749,Q9JLV1,PDBe_SIFTS,1uk5,A,candidate,MOUSE_SIFTS_CANDIDATE_LOCAL_REVIEW_PENDING,8785cd12be1475601f51e384246134f8d4bee7d5e19b8aeac94785ce5effb7f3,planned,not_assessed,0.1.0
1750,Q9JMG2,AlphaFold_DB,AF-Q9JMG2-F1,A,candidate,EXACT_FULL_SEQUENCE_LOCAL_QUALITY_PENDING,b92156a9efcafe9a3f1e1e50336e890ac9e88ed3111fe706368e70b083a7d31c;a30c4ac19631274c5c0f632d4adcf180e81c32618b8a076ffac896f9b6a5b8b5;8e7a029fc4e6b13d5b9d3a2fdf1b3e58d3afac944407b534c42fc0664c929977,planned,not_assessed,0.1.0
1751,Q9QUG2,AlphaFold_DB,AF-Q9QUG2-2-F1,A,held,ALPHAFOLD_ACCESSION_DIFFERS_FROM_CANONICAL,,metadata_held_or_excluded,not_assessed,0.1.0
1752,Q9QUG2,AlphaFold_DB,AF-Q9QUG2-F1,A,candidate,EXACT_FULL_SEQUENCE_LOCAL_QUALITY_PENDING,f9b734329b0db2a1419e066a1359058f7042f4bea9cbdfd09d4ea621dbb6c100;2b5199162aec2a3f63fbb23dc09863678672a5bc715fd2e82fea31f5b235216f;07fb6858795d69ef4e704ffbd5f9b79d96f46054d4182e255ab8f41cf8edd456,planned,not_assessed,0.1.0
1753,Q9QUG2,PDBe_SIFTS,2lsj,B,candidate,MOUSE_SIFTS_CANDIDATE_LOCAL_REVIEW_PENDING,a05f7f7feaa9945b4c780239cbd52a42da28fcdf97478f34841c2e2f99fa39e3,planned,not_assessed,0.1.0
1754,Q9QUG2,PDBe_SIFTS,4fjo,B,candidate,MOUSE_SIFTS_CANDIDATE_LOCAL_REVIEW_PENDING,8d30951595f3d04b1d1c969e131aa270aa349596749ad4e8ad7174fe403d1a3f,planned,not_assessed,0.1.0
1755,Q9QUG2,PDBe_SIFTS,6c59,A,candidate,MOUSE_SIFTS_CANDIDATE_LOCAL_REVIEW_PENDING,159499ff1d756a0b8f3153c18bf8b379de892ac39c34790d870f7fb084af7294,planned,not_assessed,0.1.0
1756,Q9QUG2,PDBe_SIFTS,6c8c,A,candidate,MOUSE_SIFTS_CANDIDATE_LOCAL_REVIEW_PENDING,e253abfa9d5af877fe118df76fb145ba77b4275c5336a7932aa2e1e1e6c7c5b5,planned,not_assessed,0.1.0
1757,Q9QUG2,PDBe_SIFTS,6c8c,B,candidate,MOUSE_SIFTS_CANDIDATE_LOCAL_REVIEW_PENDING,e253abfa9d5af877fe118df76fb145ba77b4275c5336a7932aa2e1e1e6c7c5b5,planned,not_assessed,0.1.0
1758,Q9QUH0,AlphaFold_DB,AF-Q9QUH0-F1,A,candidate,EXACT_FULL_SEQUENCE_LOCAL_QUALITY_PENDING,e1a3fd870829b83b5be414955893ecbd4fe819f48c4b0aed595593001e959123;dec72b37ef6b6e321a6d44a41104956c8ac56fddbf832d402f930b6eba213fba;951793099145902505acf06f4f32764c335b852d7387642f14cbd9ff94978dea,planned,not_assessed,0.1.0
1759,Q9QUN3,AlphaFold_DB,AF-Q9QUN3-F1,A,candidate,EXACT_FULL_SEQUENCE_LOCAL_QUALITY_PENDING,bb38d7ef3387ee71ac36786fec926568906996be2c5ac761a31d2532cc20afdf;e952b2b285d661124d97ac41adb8f3695b504117fcb04e7dbcacf252e82c52e3;bdaa577b3dbab94a1f5a2cd5c4321253c850dc854d2daf5acca5c8d05117a588,planned,not_assessed,0.1.0
1760,Q9QUN3,PDBe_SIFTS,2eo6,A,candidate,MOUSE_SIFTS_CANDIDATE_LOCAL_REVIEW_PENDING,c0e94faf21973e71bb6596210e6adbc8218881011680beea4bfacc78e048de36,planned,not_assessed,0.1.0
1761,Q9QXE4,AlphaFold_DB,AF-Q9QXE4-2-F1,A,held,ALPHAFOLD_ACCESSION_DIFFERS_FROM_CANONICAL,,metadata_held_or_excluded,not_assessed,0.1.0
1762,Q9QXE4,AlphaFold_DB,AF-Q9QXE4-F1,A,candidate,EXACT_FULL_SEQUENCE_LOCAL_QUALITY_PENDING,b6784bfca5f92f9490defa87c222529487edc0eef4e4d4969a959e6d2625c52b;719b9c5aaf8a940e77826c13f64a2b042dd646b6f83fefe0fc0518bd3e646b23;0fefed7d546df079f8ac5359a86f796dae04ac7fe84abae8ac6c5135f512a6c1,planned,not_assessed,0.1.0
1763,Q9QXY6,AlphaFold_DB,AF-Q9QXY6-F1,A,candidate,EXACT_FULL_SEQUENCE_LOCAL_QUALITY_PENDING,0c9d35462d4fc289c396d27f0b6df84e102a4b9b17bebde68a8830547ab1097f;4dfc4b35e595803d537f6177f01330df323d76130469dc5461ece88abdd5638a;29e0dfd4c75fce73d70a772a339d53fa503cbfa4165759b6447cd6361e8dd475,planned,not_assessed,0.1.0
1764,Q9QYF1,AlphaFold_DB,AF-Q9QYF1-F1,A,candidate,EXACT_FULL_SEQUENCE_LOCAL_QUALITY_PENDING,f453deaa7e2064610aa3e712883475179eb37d48439995e0ae1c135fee0b589f;a7bae75720f927ce70b028aa016cc77f3682a81e031c0cec52a4c1907e36499e;37303e7a3afd31989def63d62c4e7042dcb85e48eeb5833da399f724253210bb,planned,not_assessed,0.1.0
1765,Q9QYH6,AlphaFold_DB,AF-0000000011341349,A,held,ALPHAFOLD_MOUSE_TAXONOMY_NOT_CONFIRMED,,metadata_held_or_excluded,not_assessed,0.1.0
1766,Q9QYH6,AlphaFold_DB,AF-Q9QYH6-F1,A,candidate,EXACT_FULL_SEQUENCE_LOCAL_QUALITY_PENDING,f8ad8f2770d6da2268b21383da73fafb4f3783005b4109b3c02001542288c84f;28639e58f626eb7de8db898bb2202afaf1be775720d04047625b8565b8057ded;652770f86d4e60e830da9de4580c0519d6241d75ae5f235295a290182dec2fb4,planned,not_assessed,0.1.0
1767,Q9QZ09,AlphaFold_DB,AF-Q9QZ09-F1,A,candidate,EXACT_FULL_SEQUENCE_LOCAL_QUALITY_PENDING,280118a3f99bbf81abb33b6d501be9b51e231d75bc58115c73c0bf6692c0b50d;241411124f955ed099fc44cadc9ded79bc454e35987d54a57430c177caea2a1e;c5a0b359ef37e7fd9009cec86193b986abbb115837419385e21e3d6717320e2d,planned,not_assessed,0.1.0
1768,Q9QZZ6,AlphaFold_DB,AF-Q9QZZ6-F1,A,candidate,EXACT_FULL_SEQUENCE_LOCAL_QUALITY_PENDING,7717e022cbdb624afb3a918168262a1294ea967987b4d2324335b9b68570e3e1;ff84e28bc0cb4d40b7f70c8b4704f2e866366407a4c635315b606be54fb5adb6;3e047b326d25700b3a487a4762f30b18af3175ec07f4ce9b714f767c0b372a8a,planned,not_assessed,0.1.0
1769,Q9R008,AlphaFold_DB,AF-Q9R008-F1,A,candidate,EXACT_FULL_SEQUENCE_LOCAL_QUALITY_PENDING,a29184cef60335fab76ef81073fbc101d88813aae2aac55b514ac63f933cda50;213d5c3ae3c80615335c3e2ad4c3305c86c68a236c1d6b0631671db3cfce1f66;eb07dfb22f5e4ae40f8cf951e4967b386336cfa9de39787b4e79630d793b1de2,planned,not_assessed,0.1.0
1770,Q9R087,AlphaFold_DB,AF-Q9R087-F1,A,candidate,EXACT_FULL_SEQUENCE_LOCAL_QUALITY_PENDING,87690d7e77eaa583a426cc8da34e38570b42cc4c926f79e65a371208dc80ea76;203bf82a7608dd17bc83108e8a22d68ca9dd83cde1bf1d9baf0a8e447a683eba;c3d9a0d2ae6605efca1c07457613f7bf9e79fadc70e669d0ab412647371fc6ad,planned,not_assessed,0.1.0
1771,Q9R0A1,AlphaFold_DB,AF-Q9R0A1-F1,A,candidate,EXACT_FULL_SEQUENCE_LOCAL_QUALITY_PENDING,847ff21656370c7dd91444708a5ba3f93621715256f7d2db2a35cdb4352fcad3;849cd33deba191f4c4001d57d1c0cee7dbf5cc887853f5ec0e400d9c4037e47f;f64932b7e7edaec014ab06c75f345be2008dae76fcf94c41a3229a5ffe5023fd,planned,not_assessed,0.1.0
1772,Q9R1J0,AlphaFold_DB,AF-Q9R1J0-F1,A,candidate,EXACT_FULL_SEQUENCE_LOCAL_QUALITY_PENDING,03d91b4191476ebf79761159d3d4886a83dad2d31401862f67a4bb8ab5262379;ea224b41374d1be810788392aeddeabaa866e46ddeef6b5b60f564ec4c6ae60a;c630f2366d09d202837ccaaddba589da4f4515dbd48e7fe1d4bac0969a36114e,planned,not_assessed,0.1.0
1773,Q9R1Z8,AlphaFold_DB,AF-Q9R1Z8-F1,A,candidate,EXACT_FULL_SEQUENCE_LOCAL_QUALITY_PENDING,cd34f13a885945a3dc4981e6ff858b59d6350cbfad4786d9a437b1dc5328247e;193fe21ddb13859123118d0cf564e1e00146f9fda41b1815a96c2aa9927bd654;0590f2e405def757cd9354211db4d4a6fc8c8a91c059d7b94bd818ac2dbfa2ec,planned,not_assessed,0.1.0
1774,Q9WTJ5,AlphaFold_DB,AF-Q9WTJ5-F1,A,candidate,EXACT_FULL_SEQUENCE_LOCAL_QUALITY_PENDING,80d41269600c6f818177f74713ed51461ab527bc28d5ea002fc24e35eb1f606f;03de40d6ad7c8ef7e49da877cebb3d3c26133b71640bc932b74bf0ea9ef9dbdd;d69f5c101d69419fe8fbaf96dd9ce367d55fd736e7226fea417ff00d6d0b7bce,planned,not_assessed,0.1.0
1775,Q9WTP2,AlphaFold_DB,AF-Q9WTP2-F1,A,candidate,EXACT_FULL_SEQUENCE_LOCAL_QUALITY_PENDING,d4eb788bd9d0b8f44859a760460e878025a0f331b419f54f89f79c33d919769f;82f6541832d7081df9f9088ffb9bd7774669482fb9c1c94edbaecfad180143ec;3dfbda3442148c78510dafc8444001c6e6205c4a0c931d8ff1e9839ed0f13722,planned,not_assessed,0.1.0
1776,Q9WTR1,AlphaFold_DB,AF-Q9WTR1-F1,A,candidate,EXACT_FULL_SEQUENCE_LOCAL_QUALITY_PENDING,3e403419be3db0c1203eb8f4f3dc7ca03dc44e85b43a532c6f79f6dfa28fde86;61d8570dcf9bed6d505aa00a978ff2abdcc89b51b916fe86c0445e9940600568;9e9a1f70ab1c939678208992cbb4c840ecc4d38be473197850e02df76701cb4f,planned,not_assessed,0.1.0
1777,Q9WTR1,PDBe_SIFTS,7xem,A,candidate,MOUSE_SIFTS_CANDIDATE_LOCAL_REVIEW_PENDING,bc9e329636aa8fdfe35f7077712863d2653ae3ec1648446aac5b2719d48d2cac,planned,not_assessed,0.1.0
1778,Q9WTR1,PDBe_SIFTS,7xem,B,candidate,MOUSE_SIFTS_CANDIDATE_LOCAL_REVIEW_PENDING,bc9e329636aa8fdfe35f7077712863d2653ae3ec1648446aac5b2719d48d2cac,planned,not_assessed,0.1.0
1779,Q9WTR1,PDBe_SIFTS,7xem,C,candidate,MOUSE_SIFTS_CANDIDATE_LOCAL_REVIEW_PENDING,bc9e329636aa8fdfe35f7077712863d2653ae3ec1648446aac5b2719d48d2cac,planned,not_assessed,0.1.0
1780,Q9WTR1,PDBe_SIFTS,7xem,D,candidate,MOUSE_SIFTS_CANDIDATE_LOCAL_REVIEW_PENDING,bc9e329636aa8fdfe35f7077712863d2653ae3ec1648446aac5b2719d48d2cac,planned,not_assessed,0.1.0
1781,Q9WTR1,PDBe_SIFTS,7xeo,A,candidate,MOUSE_SIFTS_CANDIDATE_LOCAL_REVIEW_PENDING,03844d03dd1646623e25df2e1f984fe9bcd4970252ba0fcb813996c8ca43b7e1,planned,not_assessed,0.1.0
1782,Q9WTR1,PDBe_SIFTS,7xeo,B,candidate,MOUSE_SIFTS_CANDIDATE_LOCAL_REVIEW_PENDING,03844d03dd1646623e25df2e1f984fe9bcd4970252ba0fcb813996c8ca43b7e1,planned,not_assessed,0.1.0
1783,Q9WTR1,PDBe_SIFTS,7xeo,C,candidate,MOUSE_SIFTS_CANDIDATE_LOCAL_REVIEW_PENDING,03844d03dd1646623e25df2e1f984fe9bcd4970252ba0fcb813996c8ca43b7e1,planned,not_assessed,0.1.0
1784,Q9WTR1,PDBe_SIFTS,7xeo,D,candidate,MOUSE_SIFTS_CANDIDATE_LOCAL_REVIEW_PENDING,03844d03dd1646623e25df2e1f984fe9bcd4970252ba0fcb813996c8ca43b7e1,planned,not_assessed,0.1.0
1785,Q9WTR1,PDBe_SIFTS,7xer,A,candidate,MOUSE_SIFTS_CANDIDATE_LOCAL_REVIEW_PENDING,8c20e1393984644be65a5ef32c58d437a674a310f5cf7e31f0698655de39fbd4,planned,not_assessed,0.1.0
1786,Q9WTR1,PDBe_SIFTS,7xer,B,candidate,MOUSE_SIFTS_CANDIDATE_LOCAL_REVIEW_PENDING,8c20e1393984644be65a5ef32c58d437a674a310f5cf7e31f0698655de39fbd4,planned,not_assessed,0.1.0
1787,Q9WTR1,PDBe_SIFTS,7xer,C,candidate,MOUSE_SIFTS_CANDIDATE_LOCAL_REVIEW_PENDING,8c20e1393984644be65a5ef32c58d437a674a310f5cf7e31f0698655de39fbd4,planned,not_assessed,0.1.0
1788,Q9WTR1,PDBe_SIFTS,7xer,D,candidate,MOUSE_SIFTS_CANDIDATE_LOCAL_REVIEW_PENDING,8c20e1393984644be65a5ef32c58d437a674a310f5cf7e31f0698655de39fbd4,planned,not_assessed,0.1.0
1789,Q9WTR1,PDBe_SIFTS,7xeu,A,candidate,MOUSE_SIFTS_CANDIDATE_LOCAL_REVIEW_PENDING,57214aaab87c93b3388f93a2f91983a99b94a80bda1221aee29381b66eb8a224,planned,not_assessed,0.1.0
1790,Q9WTR1,PDBe_SIFTS,7xeu,B,candidate,MOUSE_SIFTS_CANDIDATE_LOCAL_REVIEW_PENDING,57214aaab87c93b3388f93a2f91983a99b94a80bda1221aee29381b66eb8a224,planned,not_assessed,0.1.0
1791,Q9WTR1,PDBe_SIFTS,7xeu,C,candidate,MOUSE_SIFTS_CANDIDATE_LOCAL_REVIEW_PENDING,57214aaab87c93b3388f93a2f91983a99b94a80bda1221aee29381b66eb8a224,planned,not_assessed,0.1.0
1792,Q9WTR1,PDBe_SIFTS,7xeu,D,candidate,MOUSE_SIFTS_CANDIDATE_LOCAL_REVIEW_PENDING,57214aaab87c93b3388f93a2f91983a99b94a80bda1221aee29381b66eb8a224,planned,not_assessed,0.1.0
1793,Q9WTR1,PDBe_SIFTS,7xev,A,candidate,MOUSE_SIFTS_CANDIDATE_LOCAL_REVIEW_PENDING,2fe864ac586b2d8d13468bd0c383cd8100388180f6dad538136628c1eb87ced3,planned,not_assessed,0.1.0
1794,Q9WTR1,PDBe_SIFTS,7xev,B,candidate,MOUSE_SIFTS_CANDIDATE_LOCAL_REVIEW_PENDING,2fe864ac586b2d8d13468bd0c383cd8100388180f6dad538136628c1eb87ced3,planned,not_assessed,0.1.0
1795,Q9WTR1,PDBe_SIFTS,7xev,C,candidate,MOUSE_SIFTS_CANDIDATE_LOCAL_REVIEW_PENDING,2fe864ac586b2d8d13468bd0c383cd8100388180f6dad538136628c1eb87ced3,planned,not_assessed,0.1.0
1796,Q9WTR1,PDBe_SIFTS,7xev,D,candidate,MOUSE_SIFTS_CANDIDATE_LOCAL_REVIEW_PENDING,2fe864ac586b2d8d13468bd0c383cd8100388180f6dad538136628c1eb87ced3,planned,not_assessed,0.1.0
1797,Q9WTR1,PDBe_SIFTS,7xew,A,candidate,MOUSE_SIFTS_CANDIDATE_LOCAL_REVIEW_PENDING,c7d74b38e9ace986f3a0930693a2c16f571a055bb37de03bab330211755e210c,planned,not_assessed,0.1.0
1798,Q9WTR1,PDBe_SIFTS,7xew,B,candidate,MOUSE_SIFTS_CANDIDATE_LOCAL_REVIEW_PENDING,c7d74b38e9ace986f3a0930693a2c16f571a055bb37de03bab330211755e210c,planned,not_assessed,0.1.0
1799,Q9WTR1,PDBe_SIFTS,7xew,C,candidate,MOUSE_SIFTS_CANDIDATE_LOCAL_REVIEW_PENDING,c7d74b38e9ace986f3a0930693a2c16f571a055bb37de03bab330211755e210c,planned,not_assessed,0.1.0
1800,Q9WTR1,PDBe_SIFTS,7xew,D,candidate,MOUSE_SIFTS_CANDIDATE_LOCAL_REVIEW_PENDING,c7d74b38e9ace986f3a0930693a2c16f571a055bb37de03bab330211755e210c,planned,not_assessed,0.1.0
1801,Q9WTR1,PDBe_SIFTS,7yep,A,candidate,MOUSE_SIFTS_CANDIDATE_LOCAL_REVIEW_PENDING,ff57b99117a1c00b876c199def79f95c1b1aaac3dbccfcdee12fb2fd4ed2816d,planned,not_assessed,0.1.0
1802,Q9WTR1,PDBe_SIFTS,7yep,B,candidate,MOUSE_SIFTS_CANDIDATE_LOCAL_REVIEW_PENDING,ff57b99117a1c00b876c199def79f95c1b1aaac3dbccfcdee12fb2fd4ed2816d,planned,not_assessed,0.1.0
1803,Q9WTR1,PDBe_SIFTS,7yep,C,candidate,MOUSE_SIFTS_CANDIDATE_LOCAL_REVIEW_PENDING,ff57b99117a1c00b876c199def79f95c1b1aaac3dbccfcdee12fb2fd4ed2816d,planned,not_assessed,0.1.0
1804,Q9WTR1,PDBe_SIFTS,7yep,D,candidate,MOUSE_SIFTS_CANDIDATE_LOCAL_REVIEW_PENDING,ff57b99117a1c00b876c199def79f95c1b1aaac3dbccfcdee12fb2fd4ed2816d,planned,not_assessed,0.1.0
1805,Q9WU79,AlphaFold_DB,AF-Q9WU79-F1,A,candidate,EXACT_FULL_SEQUENCE_LOCAL_QUALITY_PENDING,aa7f8a0c8bce4b4067229397e6e64dafef55bfffae90ee459a7ab2f4b7d03be3;f9c498aab2ac13ed058b12a0a3196dfe3d552455d4a5aa1d1b976d12e9b2436c;dbd292f6b2e3665825264590ff124f680639131a9b2d0315e358bd3437940a9a,planned,not_assessed,0.1.0
1806,Q9WUP0,AlphaFold_DB,AF-Q9WUP0-F1,A,candidate,EXACT_FULL_SEQUENCE_LOCAL_QUALITY_PENDING,c1e77092eba1c41173bbcb4611a7cb29730d180307af4c1de393d550ec0adf7d;3932ef31c1b6b4fd0003c40f3877134bfcf4585489d8dbced32815288418024b;8fed8b715079cb07af944d8641ec29d4dc610fc23f4a4b419aa7b454b4dd4e35,planned,not_assessed,0.1.0
1807,Q9WUR9,AlphaFold_DB,AF-Q9WUR9-F1,A,candidate,EXACT_FULL_SEQUENCE_LOCAL_QUALITY_PENDING,0173e15e9f3726668031bbc71810a25d476adfd15d7d099b7d72becfbcd19ff9;0b095b73953dc06c0f0e374cde12b8ecd8bd8df73e96d95cac14959cd2a11572;d5d869f72c366d2ebd3bb87fd318062a9f2903360caa6ffe4fed4a506e5e9fc1,planned,not_assessed,0.1.0
1808,Q9WUZ7,AlphaFold_DB,AF-Q9WUZ7-F1,A,candidate,EXACT_FULL_SEQUENCE_LOCAL_QUALITY_PENDING,215eaf5b829bca8a8b559f980314d918c46f36aba90a7eae8acfc7c0a92bfe24;c4e8a00b316f9c85f8cef0a1f18d9991e5d0d5ed7b0e0edcc317db8480f64690;b16eea2efd9278dac08f54c1221b17ae6a8ed96c11ac021fc7104b3520d94811,planned,not_assessed,0.1.0
1809,Q9WUZ9,AlphaFold_DB,AF-Q9WUZ9-F1,A,candidate,EXACT_FULL_SEQUENCE_LOCAL_QUALITY_PENDING,85b007b574f32628e4c9680f6989a446e9e1e52c1d826bb793de2ae8b84cf379;3844fe1557fcb7b97375a2b832ad43fc3c34a34006da4930baf3a79a10822517;1bd9859f4870723f014be92c7d9797dbcf76b38197f3099ae8843ea4c394dd5b,planned,not_assessed,0.1.0
1810,Q9WV32,AlphaFold_DB,AF-0000000008781986,A,held,ALPHAFOLD_MOUSE_TAXONOMY_NOT_CONFIRMED,,metadata_held_or_excluded,not_assessed,0.1.0
1811,Q9WV32,AlphaFold_DB,AF-Q9WV32-F1,A,candidate,EXACT_FULL_SEQUENCE_LOCAL_QUALITY_PENDING,12de9769e7af7e599f90832e2da716e8c74c6f662ca80afaf5ed87fd91732466;ac93c391b0b1736d5a70703bf6f7e4695ef6919ef4c807bea60af380f37faff2;02a74a288e57126964112dd5205674070fdc3083d7ae41b5d48f40b21b0764fd,planned,not_assessed,0.1.0
1812,Q9WV32,PDBe_SIFTS,7aqk,c,candidate,MOUSE_SIFTS_CANDIDATE_LOCAL_REVIEW_PENDING,2d3b961398868a3e8400c0cd955c1e8578ae521f63a21c55b1619930fdc892ed,planned,not_assessed,0.1.0
1813,Q9WV66,AlphaFold_DB,AF-Q9WV66-F1,A,candidate,EXACT_FULL_SEQUENCE_LOCAL_QUALITY_PENDING,7de1b43e111a3600f86adf86b68110c43d9da71bf374d3fa6da3354cf3a9a93f;3e77d4c5e4097be92acceda3329f7518c7128ca760c3fce6558f19fdf1bcb520;ba1619c3af3b1702f9712b7ebd41071e1d68283fbf14ac5c7c4dac50e5001cde,planned,not_assessed,0.1.0
1814,Q9WV71,AlphaFold_DB,AF-Q9WV71-F1,A,candidate,EXACT_FULL_SEQUENCE_LOCAL_QUALITY_PENDING,0ae4a458ff7a549b5729a1c38b6273b1e803e41b99591d2d52613e94d55ea4f3;6f3c86560f2bc52c192195e4b27f4cd06d7e760f9858fe1ba9c2ac33a1a30a54;ccb39e7f698d618aab089466c32fceafccc5b558d656bc349ba3379eef128611,planned,not_assessed,0.1.0
1815,Q9WV95,AlphaFold_DB,AF-Q9WV95-F1,A,candidate,EXACT_FULL_SEQUENCE_LOCAL_QUALITY_PENDING,994764694932ffeb706bb420b9ba8c2e63a737a2709d17920dc094fe40d59128;9e032d105eff73a52686f643bf547c73631f214cc2b033b7aeadbf65eebaba3a;38e35d7baf8cf1db59fb10716561e376d3d3ba955c712f0f227e60fd766bbe92,planned,not_assessed,0.1.0
1816,Q9WVC5,AlphaFold_DB,AF-Q9WVC5-F1,A,candidate,EXACT_FULL_SEQUENCE_LOCAL_QUALITY_PENDING,6fdf29b7ca847e2589152f8fdf1a05689276ba6d8aa1a5f353f3854e37047a0d;ebe2adf6a1402d57e88adab24bfcd91cd721aeabbefb111d81cf3dc56e88a72c;fd2dbf1268dfcd3d55624ffb28d4ff6cb990ded325a34a5dd011b128e2952ce2,planned,not_assessed,0.1.0
1817,Q9WVC6,AlphaFold_DB,AF-Q9WVC6-2-F1,A,held,ALPHAFOLD_ACCESSION_DIFFERS_FROM_CANONICAL,,metadata_held_or_excluded,not_assessed,0.1.0
1818,Q9WVC6,AlphaFold_DB,AF-Q9WVC6-3-F1,A,held,ALPHAFOLD_ACCESSION_DIFFERS_FROM_CANONICAL,,metadata_held_or_excluded,not_assessed,0.1.0
1819,Q9WVC6,AlphaFold_DB,AF-Q9WVC6-F1,A,candidate,EXACT_FULL_SEQUENCE_LOCAL_QUALITY_PENDING,57bb9771cbfd73b747fd75e817fd5a6b9530a446b10a51f8f7561a4e4745c6bd;300496ff71d0345f9b991ff62561121e775147498de54076c745196c82e87293;2099efd0c67e90bababc0eb3123e86cd2ac981c0bfdcd022f623c743b0bce67f,planned,not_assessed,0.1.0
1820,Q9WVF7,AlphaFold_DB,AF-Q9WVF7-F1,A,candidate,EXACT_FULL_SEQUENCE_LOCAL_QUALITY_PENDING,d101909ead38ef25a017871ce69f5f10c9dfb623fab014b443214abc88cc6926;9473d72b7f22fa64d749f1a8e7351764d04b09f820ea1405cf08372d99212573;9f6b4e2df18d5ac9d171f9159668c7bd72257e07368fab6d787bcb114ead68da,planned,not_assessed,0.1.0
1821,Q9WVG7,AlphaFold_DB,AF-Q9WVG7-F1,A,candidate,EXACT_FULL_SEQUENCE_LOCAL_QUALITY_PENDING,521aabc9e4ef202edb1ac51aa2060c8a8daaf62ec1f4688619aaa37a884f3215;3b702559b18b31cabb09769d9bf80b28429c1dc4d25b601c9b5bbcc63cdebb7d;ed125cf76a5b1fe5730f9d24cd5ff7c7ffb9d4cc9ac9a1df3f8c26dd81189563,planned,not_assessed,0.1.0
1822,Q9WVL3,AlphaFold_DB,AF-Q9WVL3-2-F1,A,held,ALPHAFOLD_ACCESSION_DIFFERS_FROM_CANONICAL,,metadata_held_or_excluded,not_assessed,0.1.0
1823,Q9WVL3,AlphaFold_DB,AF-Q9WVL3-F1,A,candidate,EXACT_FULL_SEQUENCE_LOCAL_QUALITY_PENDING,9f7f31dde42ca062aeb548349369aa9e802dee6d3974abcc9681e84fe2326b6a;f4befb5710943b6825b81d4f04162292c674d4c4ee218e8a698b48859461a147;2818c17a3956450568aa1a92d84c7f23392e67e9f6f57bdec6c055f8b4b112d6,planned,not_assessed,0.1.0
1824,Q9WVL3,PDBe_SIFTS,6ukn,A,candidate,MOUSE_SIFTS_CANDIDATE_LOCAL_REVIEW_PENDING,a1ab0fe7dae22a353e7f904f911e65e91b8208cc28a8fcfa5d76b179d53d27d7,planned,not_assessed,0.1.0
1825,Q9Z0D9,AlphaFold_DB,AF-Q9Z0D9-F1,A,candidate,EXACT_FULL_SEQUENCE_LOCAL_QUALITY_PENDING,27b549b852a6bd22463f5985d8cd5258de581b2c563a3f64469d2da5eb9e1ebd;79268d168c4d4453cd098324b88e1e6cfc4378c70b1074c293bc527ea9bee3af;4827b869c476d5d345073a442da0425786e76eafa65ea62baa43cc42e7c06c16,planned,not_assessed,0.1.0
1826,Q9Z0H4,AlphaFold_DB,AF-Q9Z0H4-11-F1,A,held,ALPHAFOLD_ACCESSION_DIFFERS_FROM_CANONICAL,,metadata_held_or_excluded,not_assessed,0.1.0
1827,Q9Z0H4,AlphaFold_DB,AF-Q9Z0H4-2-F1,A,held,ALPHAFOLD_ACCESSION_DIFFERS_FROM_CANONICAL,,metadata_held_or_excluded,not_assessed,0.1.0
1828,Q9Z0H4,AlphaFold_DB,AF-Q9Z0H4-3-F1,A,held,ALPHAFOLD_ACCESSION_DIFFERS_FROM_CANONICAL,,metadata_held_or_excluded,not_assessed,0.1.0
1829,Q9Z0H4,AlphaFold_DB,AF-Q9Z0H4-4-F1,A,held,ALPHAFOLD_ACCESSION_DIFFERS_FROM_CANONICAL,,metadata_held_or_excluded,not_assessed,0.1.0
1830,Q9Z0H4,AlphaFold_DB,AF-Q9Z0H4-5-F1,A,held,ALPHAFOLD_ACCESSION_DIFFERS_FROM_CANONICAL,,metadata_held_or_excluded,not_assessed,0.1.0
1831,Q9Z0H4,AlphaFold_DB,AF-Q9Z0H4-6-F1,A,held,ALPHAFOLD_ACCESSION_DIFFERS_FROM_CANONICAL,,metadata_held_or_excluded,not_assessed,0.1.0
1832,Q9Z0H4,AlphaFold_DB,AF-Q9Z0H4-7-F1,A,held,ALPHAFOLD_ACCESSION_DIFFERS_FROM_CANONICAL,,metadata_held_or_excluded,not_assessed,0.1.0
1833,Q9Z0H4,AlphaFold_DB,AF-Q9Z0H4-8-F1,A,held,ALPHAFOLD_ACCESSION_DIFFERS_FROM_CANONICAL,,metadata_held_or_excluded,not_assessed,0.1.0
1834,Q9Z0H4,AlphaFold_DB,AF-Q9Z0H4-9-F1,A,held,ALPHAFOLD_ACCESSION_DIFFERS_FROM_CANONICAL,,metadata_held_or_excluded,not_assessed,0.1.0
1835,Q9Z0H4,AlphaFold_DB,AF-Q9Z0H4-F1,A,candidate,EXACT_FULL_SEQUENCE_LOCAL_QUALITY_PENDING,c212dd0dc448f7cd84410bdbe66899bd7708ab5fef147ee1dac11fefc51711ce;52486b764d56a09fee3ae030fb93e0a7c93091c874fe73a761768ca2b8e50da4;0007978eab33c402441531d7e288d1f9a085905bc2d52fedd603f3804e6e53c6,planned,not_assessed,0.1.0
1836,Q9Z0M5,AlphaFold_DB,AF-Q9Z0M5-F1,A,candidate,EXACT_FULL_SEQUENCE_LOCAL_QUALITY_PENDING,4be77367f7459c48bcc468a17de0861680e607ccb533eb9bca6f3ea1a615ee1a;bc8cdd23c45ea47e9fda190092b3df24eeb697e446b34e14d52ef111c9452411;a96a9d04ce3908120bc96ac2bcbbe1ee9c64e3ef81ca1f8de250c1cf4927a460,planned,not_assessed,0.1.0
1837,Q9Z0U1,AlphaFold_DB,AF-Q9Z0U1-F1,A,candidate,EXACT_FULL_SEQUENCE_LOCAL_QUALITY_PENDING,6fe2a526707493f7b4aaef9c74586a56eb075b670d42380f53169bb78747f913;638071f2e7cadf49cbbf950657f39a2ce530fb539f37524b3f02a322b8c3e4d5;42425cf8064a439057d813b19fb925342311159aed1a7b1039d734635bab3ccf,planned,not_assessed,0.1.0
1838,Q9Z0U1,PDBe_SIFTS,2csj,A,candidate,MOUSE_SIFTS_CANDIDATE_LOCAL_REVIEW_PENDING,89f83bcd066e51a71735a52570d824deaaa6cb052d84392619055b6f5b14351a,planned,not_assessed,0.1.0
1839,Q9Z126,AlphaFold_DB,AF-Q9Z126-F1,A,candidate,EXACT_FULL_SEQUENCE_LOCAL_QUALITY_PENDING,447d4b8461ea77c5db9cf50f6e98a2a4f7bf98b72784d90920af9dac12a62647;9f48448961dc73419dd931c41b7490b75f96ee3662f81ad11086c166f647c920;767453e67fbedbaf4b72c343563fe1baa1b431bfb0156211d74c759f16563f9c,planned,not_assessed,0.1.0
1840,Q9Z139,AlphaFold_DB,AF-Q9Z139-F1,A,candidate,EXACT_FULL_SEQUENCE_LOCAL_QUALITY_PENDING,c2dae1cd313a39c0b0fb71f6b75dd1c1c74aa57fc6c30343dca5767743bebaad;e54aed93f8f2a80beee0cbd4e371b3ac8bb4a82db1f2eaa459ad01efc3d6ed48;86086133401ca7b251e9288af4e8858fb4f46ad9d6007a633cba0665f8c282c9,planned,not_assessed,0.1.0
1841,Q9Z180,AlphaFold_DB,AF-Q9Z180-F1,A,candidate,EXACT_FULL_SEQUENCE_LOCAL_QUALITY_PENDING,5f79f70d4813250ab583fb81db882c1cc0b68748c388d16888e74945aaeff7ee;03debf5b472034c654732b870978de358607140136125bcd961578861669aad4;ec20e7a7b4d834f911ae07877a2cf44ed0baddf7be309eb8c1ce83986bd7f38e,planned,not_assessed,0.1.0
1842,Q9Z1E4,AlphaFold_DB,AF-Q9Z1E4-F1,A,candidate,EXACT_FULL_SEQUENCE_LOCAL_QUALITY_PENDING,1fdd6989d2ca864d4a1ffc608b28d23081967f57394a253d8c3a1e441018eba2;d0e5a94cd776e29b62ac1446374b8348f7d164f485df9119ce5ef317419fc206;40834080167818bea84952bd34cd35940a0a80a5454f64c5954c3165a7c58f7e,planned,not_assessed,0.1.0
1843,Q9Z1F6,AlphaFold_DB,AF-Q9Z1F6-F1,A,candidate,EXACT_FULL_SEQUENCE_LOCAL_QUALITY_PENDING,f7f04baa5393bd2610fcec4a6b861466520e1e30063faf7a65c8a85366c4faab;06bd66e0f999f957aebf8a81cc9d07a46c8ac82ad0f9c2f6a2e3f6cc11d838f7;d71bfd9bd508cf3aea768c96ff4259a62545c66a92964ede9a39f90189ee84a5,planned,not_assessed,0.1.0
1844,Q9Z1P5,AlphaFold_DB,AF-Q9Z1P5-2-F1,A,held,ALPHAFOLD_ACCESSION_DIFFERS_FROM_CANONICAL,,metadata_held_or_excluded,not_assessed,0.1.0
1845,Q9Z1P5,AlphaFold_DB,AF-Q9Z1P5-F1,A,candidate,EXACT_FULL_SEQUENCE_LOCAL_QUALITY_PENDING,ea83816214b6a82a877e0e0c88347d3f9e966fe004b70ea71166424f66ae6fcf;cfac578c36add0abf092591825ba28aef5635075b17c3b0d5d0ba247901f324c;4ea64531174b7a7def3ea8b6daee4eb430bcc220ef2ebaa332e805c20e7e91a2,planned,not_assessed,0.1.0
1846,Q9Z1S0,AlphaFold_DB,AF-Q9Z1S0-F1,A,candidate,EXACT_FULL_SEQUENCE_LOCAL_QUALITY_PENDING,4e8d035f320ebe5e9dba582b586df4167552e17667026a4b4209e8b1ab99814e;d60710e98d060e0b5b972a9b952941d031c826f26bcac935afa89744888abbab;6a6b89519c8577675ed6596b7bdcc86216147f73fe6f875260bd56fcfe66abad,planned,not_assessed,0.1.0
1847,Q9Z1T2,AlphaFold_DB,AF-Q9Z1T2-F1,A,candidate,EXACT_FULL_SEQUENCE_LOCAL_QUALITY_PENDING,c35a73eef16c13c9f113d06178ba56b0aa4b2a0dc9e447cb78e08198433d0ccd;8903f20f4143736747b770e46571c7b1c60ea01d7d99949b516322ca61b8f443;eb61119757687d2a7cee7c32db0491b7ca6345d249267bb0b88d7ae751f15d99,planned,not_assessed,0.1.0
1848,Q9Z1W4,AlphaFold_DB,AF-Q9Z1W4-F1,A,candidate,EXACT_FULL_SEQUENCE_LOCAL_QUALITY_PENDING,35ac53c465a959794c306b1b2719c7d668b5466fa1c8cdf698d2edf717b68501;d2e36d1fb7a6303250ff16fe7a0c4789717debba8a4aa62601c098535dabf42a;2e84a89d2a33d97cb00795a33aae5dd6ae4723586df57588c589adb0409b3d89,planned,not_assessed,0.1.0
1849,Q9Z275,AlphaFold_DB,AF-Q9Z275-F1,A,candidate,EXACT_FULL_SEQUENCE_LOCAL_QUALITY_PENDING,bd8679e1706832dd58cecd60b196fddb649272b629be2e4c4014d77b5c0de2b4;fbe5ff061e6e7465567697d63becf2a533f100a22d14a68f1ee549d77873d4e8;bf7bfc9cd8ed3dd8d668bfa2e6976466182f61c6717f2675391f6ce66623514d,planned,not_assessed,0.1.0
1850,Q9Z2A9,AlphaFold_DB,AF-Q9Z2A9-2-F1,A,held,ALPHAFOLD_ACCESSION_DIFFERS_FROM_CANONICAL,,metadata_held_or_excluded,not_assessed,0.1.0
1851,Q9Z2A9,AlphaFold_DB,AF-Q9Z2A9-F1,A,candidate,EXACT_FULL_SEQUENCE_LOCAL_QUALITY_PENDING,1ec1e05f3d09400e80cb3bc9217ed14134b8c3203a05fa638c659aed7d28c1cd;3fac40c3320f26392e69272bef78082578877de7fc08f231d97a8a5b02a511c6;d81b3061335fc30ac91390e7037924ff247122b7609ca9a6796a1b621524bde9,planned,not_assessed,0.1.0
1852,Q9Z2F6,AlphaFold_DB,AF-Q9Z2F6-F1,A,candidate,EXACT_FULL_SEQUENCE_LOCAL_QUALITY_PENDING,1408acc007f14f604b8aa5b2e56fbfbc014e88ae8ffc044afc93e9da80e16e6b;f96017f1141e3cb6d86a5f0f29cbdaa965803d56d958b08b52001398674f6c65;0d2f4e361a39bc05065bcbfdc25c5a02832a56512a83a83072686fc51e962499,planned,not_assessed,0.1.0
1853,Q9Z2U1,AlphaFold_DB,AF-Q9Z2U1-F1,A,candidate,EXACT_FULL_SEQUENCE_LOCAL_QUALITY_PENDING,64627913a593ccd60a50ae4cbeecfdd5b0c8016e5eb7723a237fec0bd62a4a34;391d8936c17b4f4967a5b039ec8a751a778c1f83bbfc6da42a1a2d8c4fbe0882;fb381c3414b0be2a0ac4b0306f17457d42d06800a8397500ff3979d5a2515e73,planned,not_assessed,0.1.0
1854,Q9Z2U1,PDBe_SIFTS,3unb,D,candidate,MOUSE_SIFTS_CANDIDATE_LOCAL_REVIEW_PENDING,8e8d47fa97f352fab9c1f016fb4ee9ae85ac7720b4fb323de1b74386ca812454,planned,not_assessed,0.1.0
1855,Q9Z2U1,PDBe_SIFTS,3unb,R,candidate,MOUSE_SIFTS_CANDIDATE_LOCAL_REVIEW_PENDING,8e8d47fa97f352fab9c1f016fb4ee9ae85ac7720b4fb323de1b74386ca812454,planned,not_assessed,0.1.0
1856,Q9Z2U1,PDBe_SIFTS,3unb,f,candidate,MOUSE_SIFTS_CANDIDATE_LOCAL_REVIEW_PENDING,8e8d47fa97f352fab9c1f016fb4ee9ae85ac7720b4fb323de1b74386ca812454,planned,not_assessed,0.1.0
1857,Q9Z2U1,PDBe_SIFTS,3unb,t,candidate,MOUSE_SIFTS_CANDIDATE_LOCAL_REVIEW_PENDING,8e8d47fa97f352fab9c1f016fb4ee9ae85ac7720b4fb323de1b74386ca812454,planned,not_assessed,0.1.0
1858,Q9Z2U1,PDBe_SIFTS,3une,D,candidate,MOUSE_SIFTS_CANDIDATE_LOCAL_REVIEW_PENDING,c557b8d40fcc2a3341caa723db01c799daf128dd885c3b4a8f3d06ea98daa2cd,planned,not_assessed,0.1.0
1859,Q9Z2U1,PDBe_SIFTS,3une,R,candidate,MOUSE_SIFTS_CANDIDATE_LOCAL_REVIEW_PENDING,c557b8d40fcc2a3341caa723db01c799daf128dd885c3b4a8f3d06ea98daa2cd,planned,not_assessed,0.1.0
1860,Q9Z2U1,PDBe_SIFTS,3une,f,candidate,MOUSE_SIFTS_CANDIDATE_LOCAL_REVIEW_PENDING,c557b8d40fcc2a3341caa723db01c799daf128dd885c3b4a8f3d06ea98daa2cd,planned,not_assessed,0.1.0
1861,Q9Z2U1,PDBe_SIFTS,3une,t,candidate,MOUSE_SIFTS_CANDIDATE_LOCAL_REVIEW_PENDING,c557b8d40fcc2a3341caa723db01c799daf128dd885c3b4a8f3d06ea98daa2cd,planned,not_assessed,0.1.0
1862,Q9Z2U1,PDBe_SIFTS,3unf,D,candidate,MOUSE_SIFTS_CANDIDATE_LOCAL_REVIEW_PENDING,eaa3bf79716e574bf6859ee09fd2fede0000aedf6174d52205dfd696ff5d3eaf,planned,not_assessed,0.1.0
1863,Q9Z2U1,PDBe_SIFTS,3unf,R,candidate,MOUSE_SIFTS_CANDIDATE_LOCAL_REVIEW_PENDING,eaa3bf79716e574bf6859ee09fd2fede0000aedf6174d52205dfd696ff5d3eaf,planned,not_assessed,0.1.0
1864,Q9Z2U1,PDBe_SIFTS,3unh,D,candidate,MOUSE_SIFTS_CANDIDATE_LOCAL_REVIEW_PENDING,51df0ffa062384bb7e6e8ee2b01fc1e75bc72ea24124aa238150bef8d00e7c1f,planned,not_assessed,0.1.0
1865,Q9Z2U1,PDBe_SIFTS,3unh,R,candidate,MOUSE_SIFTS_CANDIDATE_LOCAL_REVIEW_PENDING,51df0ffa062384bb7e6e8ee2b01fc1e75bc72ea24124aa238150bef8d00e7c1f,planned,not_assessed,0.1.0
1866,Q9Z2U1,PDBe_SIFTS,8ypk,H,candidate,MOUSE_SIFTS_CANDIDATE_LOCAL_REVIEW_PENDING,1987375797c993dc5b5810c2ac87c1c079e7280f4606ebd895ecd35d3ed8e488,planned,not_assessed,0.1.0
1867,Q9Z2U1,PDBe_SIFTS,8ypk,M,candidate,MOUSE_SIFTS_CANDIDATE_LOCAL_REVIEW_PENDING,1987375797c993dc5b5810c2ac87c1c079e7280f4606ebd895ecd35d3ed8e488,planned,not_assessed,0.1.0
1868,Q9Z2U1,PDBe_SIFTS,8yvp,H,candidate,MOUSE_SIFTS_CANDIDATE_LOCAL_REVIEW_PENDING,b93936039629ef4a8733ab4681f27881038670e3dd4b0572c9ded46c1afac83e,planned,not_assessed,0.1.0
1869,Q9Z2U1,PDBe_SIFTS,8yvp,M,candidate,MOUSE_SIFTS_CANDIDATE_LOCAL_REVIEW_PENDING,b93936039629ef4a8733ab4681f27881038670e3dd4b0572c9ded46c1afac83e,planned,not_assessed,0.1.0
1870,Q9Z2U2,AlphaFold_DB,AF-Q9Z2U2-2-F1,A,held,ALPHAFOLD_ACCESSION_DIFFERS_FROM_CANONICAL,,metadata_held_or_excluded,not_assessed,0.1.0
1871,Q9Z2U2,AlphaFold_DB,AF-Q9Z2U2-F1,A,candidate,EXACT_FULL_SEQUENCE_LOCAL_QUALITY_PENDING,fcc90c2a4c838272c226cc023d8d2911d05dc7b49352fe129252ec3ab919e0a6;e72b9114ffbce24bada9f9d518349fa43a4bcb1afa7b789639865b8dc59d1bbd;7cc2606c79276df9cbb78fd94c5af985001cd730ae091a67245ff9306d13c614,planned,not_assessed,0.1.0
1872,T1NXB5,AlphaFold_DB,AF-T1NXB5-F1,A,candidate,EXACT_FULL_SEQUENCE_LOCAL_QUALITY_PENDING,541f17a0987c3cbce1098df2d0f450f1a3b23444731c86af0c540c25f42c477d;3cd795366173a94f1a6eea160f0e0e1732616863fa2019ef21b3015bfe8dd5ce;5034740c7dba9b070448416582a4b2c23fefd14a300abfb53bb5b23726b8fbb2,planned,not_assessed,0.1.0
